INSERT INTO AREA (ID_Area, AreaName) VALUES (1, 'East Sherri');
INSERT INTO AREA (ID_Area, AreaName) VALUES (2, 'Jamesland');
INSERT INTO AREA (ID_Area, AreaName) VALUES (3, 'Lake Chloefurt');
INSERT INTO AREA (ID_Area, AreaName) VALUES (4, 'Shieldsburgh');
INSERT INTO AREA (ID_Area, AreaName) VALUES (5, 'Josephborough');
INSERT INTO DEPARTMENT (ID_Department, DepartmentName, Salary) VALUES (1, 'Management', 8000000);
INSERT INTO DEPARTMENT (ID_Department, DepartmentName, Salary) VALUES (2, 'Kitchen', 14500000);
INSERT INTO DEPARTMENT (ID_Department, DepartmentName, Salary) VALUES (3, 'Cleaning', 11000000);
INSERT INTO DEPARTMENT (ID_Department, DepartmentName, Salary) VALUES (4, 'Security', 18000000);
INSERT INTO DEPARTMENT (ID_Department, DepartmentName, Salary) VALUES (5, 'Reception', 10500000);
INSERT INTO DEPARTMENT (ID_Department, DepartmentName, Salary) VALUES (6, 'Accounting', 19500000);
INSERT INTO DEPARTMENT (ID_Department, DepartmentName, Salary) VALUES (7, 'Service', 13500000);
INSERT INTO EMPLOYEE (ID_Employee, EmployeeName, DoB, PhoneNumber, Gender, ID_Department) VALUES (1, 'Dustin Long', '1972-09-24', '6845417830', 'F', 1);
INSERT INTO EMPLOYEE (ID_Employee, EmployeeName, DoB, PhoneNumber, Gender, ID_Department) VALUES (2, 'Thomas Madden', '1986-07-22', '9435252697', 'M', 1);
INSERT INTO EMPLOYEE (ID_Employee, EmployeeName, DoB, PhoneNumber, Gender, ID_Department) VALUES (3, 'Jeffrey Becker', '1963-08-31', '3581885614', 'F', 1);
INSERT INTO EMPLOYEE (ID_Employee, EmployeeName, DoB, PhoneNumber, Gender, ID_Department) VALUES (4, 'Ashley Rose', '1974-03-29', '8547129966', 'F', 1);
INSERT INTO EMPLOYEE (ID_Employee, EmployeeName, DoB, PhoneNumber, Gender, ID_Department) VALUES (5, 'Dustin Simpson', '1983-11-03', '4165589354', 'F', 1);
INSERT INTO EMPLOYEE (ID_Employee, EmployeeName, DoB, PhoneNumber, Gender, ID_Department) VALUES (6, 'Deborah Jennings', '1978-02-25', '4472986056', 'M', 1);
INSERT INTO EMPLOYEE (ID_Employee, EmployeeName, DoB, PhoneNumber, Gender, ID_Department) VALUES (7, 'Dana Fox', '1974-11-14', '0741565699', 'M', 1);
INSERT INTO EMPLOYEE (ID_Employee, EmployeeName, DoB, PhoneNumber, Gender, ID_Department) VALUES (8, 'Peter Barnett', '1962-03-10', '3620284148', 'F', 1);
INSERT INTO EMPLOYEE (ID_Employee, EmployeeName, DoB, PhoneNumber, Gender, ID_Department) VALUES (9, 'Kristin Russell', '1961-08-01', '5751909571', 'M', 1);
INSERT INTO EMPLOYEE (ID_Employee, EmployeeName, DoB, PhoneNumber, Gender, ID_Department) VALUES (10, 'Victor Waller', '1965-05-08', '2559306479', 'M', 1);
INSERT INTO EMPLOYEE (ID_Employee, EmployeeName, DoB, PhoneNumber, Gender, ID_Department) VALUES (11, 'Steven Mendoza', '1979-09-16', '4905869538', 'M', 1);
INSERT INTO EMPLOYEE (ID_Employee, EmployeeName, DoB, PhoneNumber, Gender, ID_Department) VALUES (12, 'Karen Johnson', '1990-03-07', '3338318582', 'F', 1);
INSERT INTO EMPLOYEE (ID_Employee, EmployeeName, DoB, PhoneNumber, Gender, ID_Department) VALUES (13, 'Eric Bell', '1996-03-01', '7730727308', 'F', 1);
INSERT INTO EMPLOYEE (ID_Employee, EmployeeName, DoB, PhoneNumber, Gender, ID_Department) VALUES (14, 'Ashlee Thompson', '1982-04-07', '4386572378', 'F', 1);
INSERT INTO EMPLOYEE (ID_Employee, EmployeeName, DoB, PhoneNumber, Gender, ID_Department) VALUES (15, 'Lisa Carroll', '1984-05-07', '8317217389', 'F', 1);
INSERT INTO EMPLOYEE (ID_Employee, EmployeeName, DoB, PhoneNumber, Gender, ID_Department) VALUES (16, 'Tracey Patterson', '1962-10-07', '1662304102', 'M', 6);
INSERT INTO EMPLOYEE (ID_Employee, EmployeeName, DoB, PhoneNumber, Gender, ID_Department) VALUES (17, 'Annette Taylor', '1980-08-30', '2153672753', 'M', 4);
INSERT INTO EMPLOYEE (ID_Employee, EmployeeName, DoB, PhoneNumber, Gender, ID_Department) VALUES (18, 'Donald Peters', '1999-11-26', '2189614924', 'M', 3);
INSERT INTO EMPLOYEE (ID_Employee, EmployeeName, DoB, PhoneNumber, Gender, ID_Department) VALUES (19, 'James Hinton', '1962-11-10', '0704569561', 'F', 7);
INSERT INTO EMPLOYEE (ID_Employee, EmployeeName, DoB, PhoneNumber, Gender, ID_Department) VALUES (20, 'Joseph Bush', '1982-01-29', '4547135593', 'F', 4);
INSERT INTO EMPLOYEE (ID_Employee, EmployeeName, DoB, PhoneNumber, Gender, ID_Department) VALUES (21, 'Julian Diaz', '1996-10-28', '8602503822', 'F', 3);
INSERT INTO EMPLOYEE (ID_Employee, EmployeeName, DoB, PhoneNumber, Gender, ID_Department) VALUES (22, 'Dawn Butler', '1967-12-24', '8046602500', 'M', 4);
INSERT INTO EMPLOYEE (ID_Employee, EmployeeName, DoB, PhoneNumber, Gender, ID_Department) VALUES (23, 'Matthew Vega', '1988-10-05', '7341790410', 'F', 5);
INSERT INTO EMPLOYEE (ID_Employee, EmployeeName, DoB, PhoneNumber, Gender, ID_Department) VALUES (24, 'Matthew Solomon', '1989-07-31', '0063768794', 'F', 5);
INSERT INTO EMPLOYEE (ID_Employee, EmployeeName, DoB, PhoneNumber, Gender, ID_Department) VALUES (25, 'Patricia Velez', '1997-11-03', '4558980717', 'M', 6);
INSERT INTO EMPLOYEE (ID_Employee, EmployeeName, DoB, PhoneNumber, Gender, ID_Department) VALUES (26, 'Nicolas Davis', '2004-11-23', '9324370833', 'M', 7);
INSERT INTO EMPLOYEE (ID_Employee, EmployeeName, DoB, PhoneNumber, Gender, ID_Department) VALUES (27, 'Deborah Jones', '1988-11-02', '5707465651', 'F', 5);
INSERT INTO EMPLOYEE (ID_Employee, EmployeeName, DoB, PhoneNumber, Gender, ID_Department) VALUES (28, 'Scott Boyd', '1966-03-29', '9774033692', 'F', 4);
INSERT INTO EMPLOYEE (ID_Employee, EmployeeName, DoB, PhoneNumber, Gender, ID_Department) VALUES (29, 'Nathaniel Norris', '1986-05-18', '2970028716', 'F', 2);
INSERT INTO EMPLOYEE (ID_Employee, EmployeeName, DoB, PhoneNumber, Gender, ID_Department) VALUES (30, 'Paul Galvan', '1959-12-02', '0072838972', 'M', 5);
INSERT INTO EMPLOYEE (ID_Employee, EmployeeName, DoB, PhoneNumber, Gender, ID_Department) VALUES (31, 'Randall Roberson', '1989-11-12', '2453584592', 'M', 6);
INSERT INTO EMPLOYEE (ID_Employee, EmployeeName, DoB, PhoneNumber, Gender, ID_Department) VALUES (32, 'Christopher Martin', '1980-11-06', '2994523066', 'M', 6);
INSERT INTO EMPLOYEE (ID_Employee, EmployeeName, DoB, PhoneNumber, Gender, ID_Department) VALUES (33, 'Megan Nixon', '1984-11-28', '9007822840', 'M', 7);
INSERT INTO EMPLOYEE (ID_Employee, EmployeeName, DoB, PhoneNumber, Gender, ID_Department) VALUES (34, 'Robert Spencer', '1999-11-10', '6412243052', 'F', 7);
INSERT INTO EMPLOYEE (ID_Employee, EmployeeName, DoB, PhoneNumber, Gender, ID_Department) VALUES (35, 'Robert Ward', '1986-03-08', '9543048438', 'F', 4);
INSERT INTO EMPLOYEE (ID_Employee, EmployeeName, DoB, PhoneNumber, Gender, ID_Department) VALUES (36, 'James Anthony', '1970-05-27', '4144406452', 'M', 2);
INSERT INTO EMPLOYEE (ID_Employee, EmployeeName, DoB, PhoneNumber, Gender, ID_Department) VALUES (37, 'Monica Thompson', '1982-09-28', '7213727688', 'M', 5);
INSERT INTO EMPLOYEE (ID_Employee, EmployeeName, DoB, PhoneNumber, Gender, ID_Department) VALUES (38, 'Maria Miller', '1991-03-25', '4772374687', 'M', 4);
INSERT INTO EMPLOYEE (ID_Employee, EmployeeName, DoB, PhoneNumber, Gender, ID_Department) VALUES (39, 'Daniel Rodriguez', '1989-03-24', '4863740136', 'M', 4);
INSERT INTO EMPLOYEE (ID_Employee, EmployeeName, DoB, PhoneNumber, Gender, ID_Department) VALUES (40, 'David Walker', '1973-01-02', '2747783661', 'M', 4);
INSERT INTO EMPLOYEE (ID_Employee, EmployeeName, DoB, PhoneNumber, Gender, ID_Department) VALUES (41, 'Justin Williams', '1973-07-27', '9499380408', 'M', 5);
INSERT INTO EMPLOYEE (ID_Employee, EmployeeName, DoB, PhoneNumber, Gender, ID_Department) VALUES (42, 'Kristi Patton', '1979-06-23', '3111728425', 'M', 7);
INSERT INTO EMPLOYEE (ID_Employee, EmployeeName, DoB, PhoneNumber, Gender, ID_Department) VALUES (43, 'Connie Mcknight', '1984-04-22', '3385328274', 'F', 4);
INSERT INTO EMPLOYEE (ID_Employee, EmployeeName, DoB, PhoneNumber, Gender, ID_Department) VALUES (44, 'Jerry Taylor', '1969-10-31', '5787390738', 'M', 5);
INSERT INTO EMPLOYEE (ID_Employee, EmployeeName, DoB, PhoneNumber, Gender, ID_Department) VALUES (45, 'William Macias', '2005-01-10', '5170757462', 'F', 3);
INSERT INTO EMPLOYEE (ID_Employee, EmployeeName, DoB, PhoneNumber, Gender, ID_Department) VALUES (46, 'Kimberly Ball', '1974-06-20', '2627662723', 'M', 5);
INSERT INTO EMPLOYEE (ID_Employee, EmployeeName, DoB, PhoneNumber, Gender, ID_Department) VALUES (47, 'Marilyn Allen', '1970-05-16', '6768091748', 'M', 7);
INSERT INTO EMPLOYEE (ID_Employee, EmployeeName, DoB, PhoneNumber, Gender, ID_Department) VALUES (48, 'Tanya Gordon', '1970-08-09', '2551318647', 'M', 6);
INSERT INTO EMPLOYEE (ID_Employee, EmployeeName, DoB, PhoneNumber, Gender, ID_Department) VALUES (49, 'Tonya Wood DDS', '1997-01-15', '5832529308', 'F', 5);
INSERT INTO EMPLOYEE (ID_Employee, EmployeeName, DoB, PhoneNumber, Gender, ID_Department) VALUES (50, 'Mr. Michael Curtis', '1970-11-06', '1836363639', 'M', 6);
INSERT INTO EMPLOYEE (ID_Employee, EmployeeName, DoB, PhoneNumber, Gender, ID_Department) VALUES (51, 'Andrew Long', '2004-03-04', '1151802124', 'F', 2);
INSERT INTO EMPLOYEE (ID_Employee, EmployeeName, DoB, PhoneNumber, Gender, ID_Department) VALUES (52, 'Cassandra Jones', '1978-09-11', '5863999520', 'M', 3);
INSERT INTO EMPLOYEE (ID_Employee, EmployeeName, DoB, PhoneNumber, Gender, ID_Department) VALUES (53, 'Leslie Santiago', '2002-10-05', '1140954423', 'M', 5);
INSERT INTO EMPLOYEE (ID_Employee, EmployeeName, DoB, PhoneNumber, Gender, ID_Department) VALUES (54, 'Cassandra Sanders PhD', '1970-11-28', '6588208508', 'M', 2);
INSERT INTO EMPLOYEE (ID_Employee, EmployeeName, DoB, PhoneNumber, Gender, ID_Department) VALUES (55, 'Dr. Brittney Hunter', '2000-01-07', '3322579012', 'F', 4);
INSERT INTO EMPLOYEE (ID_Employee, EmployeeName, DoB, PhoneNumber, Gender, ID_Department) VALUES (56, 'Amanda Allen', '1963-01-10', '5158239174', 'F', 5);
INSERT INTO EMPLOYEE (ID_Employee, EmployeeName, DoB, PhoneNumber, Gender, ID_Department) VALUES (57, 'David Cook MD', '1961-01-16', '4694235399', 'F', 2);
INSERT INTO EMPLOYEE (ID_Employee, EmployeeName, DoB, PhoneNumber, Gender, ID_Department) VALUES (58, 'Theresa Frazier', '1993-06-30', '5420095591', 'M', 7);
INSERT INTO EMPLOYEE (ID_Employee, EmployeeName, DoB, PhoneNumber, Gender, ID_Department) VALUES (59, 'Jennifer Dominguez', '1998-05-11', '4887833939', 'M', 5);
INSERT INTO EMPLOYEE (ID_Employee, EmployeeName, DoB, PhoneNumber, Gender, ID_Department) VALUES (60, 'Richard Thompson', '1994-01-09', '2198167984', 'F', 7);
INSERT INTO EMPLOYEE (ID_Employee, EmployeeName, DoB, PhoneNumber, Gender, ID_Department) VALUES (61, 'Jacqueline Gibson', '1968-11-26', '7450003514', 'F', 6);
INSERT INTO EMPLOYEE (ID_Employee, EmployeeName, DoB, PhoneNumber, Gender, ID_Department) VALUES (62, 'Christian Nelson', '2003-11-19', '0127445259', 'F', 6);
INSERT INTO EMPLOYEE (ID_Employee, EmployeeName, DoB, PhoneNumber, Gender, ID_Department) VALUES (63, 'Natalie Wilson MD', '1974-12-08', '8711838399', 'F', 6);
INSERT INTO EMPLOYEE (ID_Employee, EmployeeName, DoB, PhoneNumber, Gender, ID_Department) VALUES (64, 'Ashley Giles', '1996-05-17', '6095768829', 'M', 3);
INSERT INTO EMPLOYEE (ID_Employee, EmployeeName, DoB, PhoneNumber, Gender, ID_Department) VALUES (65, 'Tammy Garcia', '2004-06-21', '8900744608', 'M', 4);
INSERT INTO EMPLOYEE (ID_Employee, EmployeeName, DoB, PhoneNumber, Gender, ID_Department) VALUES (66, 'Christina White', '2004-09-14', '5693048312', 'F', 3);
INSERT INTO EMPLOYEE (ID_Employee, EmployeeName, DoB, PhoneNumber, Gender, ID_Department) VALUES (67, 'Jennifer Harris', '1969-05-22', '6298980595', 'F', 3);
INSERT INTO EMPLOYEE (ID_Employee, EmployeeName, DoB, PhoneNumber, Gender, ID_Department) VALUES (68, 'Kathy Murillo', '1964-08-25', '1661045694', 'F', 5);
INSERT INTO EMPLOYEE (ID_Employee, EmployeeName, DoB, PhoneNumber, Gender, ID_Department) VALUES (69, 'Dr. Mikayla Roberts', '1967-06-09', '7022283760', 'M', 2);
INSERT INTO EMPLOYEE (ID_Employee, EmployeeName, DoB, PhoneNumber, Gender, ID_Department) VALUES (70, 'Leslie Gilbert', '1975-11-06', '7221143077', 'M', 5);
INSERT INTO EMPLOYEE (ID_Employee, EmployeeName, DoB, PhoneNumber, Gender, ID_Department) VALUES (71, 'Melissa Clark', '1993-01-01', '6395794067', 'M', 4);
INSERT INTO EMPLOYEE (ID_Employee, EmployeeName, DoB, PhoneNumber, Gender, ID_Department) VALUES (72, 'Diana Stevens', '1970-12-03', '2897641279', 'F', 3);
INSERT INTO EMPLOYEE (ID_Employee, EmployeeName, DoB, PhoneNumber, Gender, ID_Department) VALUES (73, 'Francisco Foster', '1972-12-18', '2882752039', 'M', 2);
INSERT INTO EMPLOYEE (ID_Employee, EmployeeName, DoB, PhoneNumber, Gender, ID_Department) VALUES (74, 'Amanda Lane', '1987-03-02', '7746208236', 'M', 4);
INSERT INTO EMPLOYEE (ID_Employee, EmployeeName, DoB, PhoneNumber, Gender, ID_Department) VALUES (75, 'Scott Bell', '1987-08-06', '0763542163', 'F', 5);
INSERT INTO EMPLOYEE (ID_Employee, EmployeeName, DoB, PhoneNumber, Gender, ID_Department) VALUES (76, 'Janice Fox', '1966-12-10', '2854266280', 'M', 3);
INSERT INTO EMPLOYEE (ID_Employee, EmployeeName, DoB, PhoneNumber, Gender, ID_Department) VALUES (77, 'Andrea Bell', '2006-03-13', '6257119784', 'M', 3);
INSERT INTO EMPLOYEE (ID_Employee, EmployeeName, DoB, PhoneNumber, Gender, ID_Department) VALUES (78, 'Jordan Thompson', '1994-07-04', '7253271242', 'M', 4);
INSERT INTO EMPLOYEE (ID_Employee, EmployeeName, DoB, PhoneNumber, Gender, ID_Department) VALUES (79, 'Patricia Hodge', '1967-11-15', '2309781346', 'F', 4);
INSERT INTO EMPLOYEE (ID_Employee, EmployeeName, DoB, PhoneNumber, Gender, ID_Department) VALUES (80, 'Jeffery Cardenas', '1978-04-30', '4889415207', 'F', 2);
INSERT INTO EMPLOYEE (ID_Employee, EmployeeName, DoB, PhoneNumber, Gender, ID_Department) VALUES (81, 'Angela Quinn', '1971-03-04', '3894454850', 'F', 2);
INSERT INTO EMPLOYEE (ID_Employee, EmployeeName, DoB, PhoneNumber, Gender, ID_Department) VALUES (82, 'George Figueroa', '1991-02-12', '1573257373', 'F', 4);
INSERT INTO EMPLOYEE (ID_Employee, EmployeeName, DoB, PhoneNumber, Gender, ID_Department) VALUES (83, 'Kristi Nguyen', '2004-07-18', '9448772747', 'F', 7);
INSERT INTO EMPLOYEE (ID_Employee, EmployeeName, DoB, PhoneNumber, Gender, ID_Department) VALUES (84, 'Laura Barrett', '2002-03-07', '7358114840', 'F', 5);
INSERT INTO EMPLOYEE (ID_Employee, EmployeeName, DoB, PhoneNumber, Gender, ID_Department) VALUES (85, 'Veronica Taylor', '1994-01-26', '7162042172', 'F', 7);
INSERT INTO EMPLOYEE (ID_Employee, EmployeeName, DoB, PhoneNumber, Gender, ID_Department) VALUES (86, 'Daniel Rogers', '1990-07-03', '8390348824', 'F', 7);
INSERT INTO EMPLOYEE (ID_Employee, EmployeeName, DoB, PhoneNumber, Gender, ID_Department) VALUES (87, 'Bradley Romero', '1999-06-11', '3251893105', 'F', 7);
INSERT INTO EMPLOYEE (ID_Employee, EmployeeName, DoB, PhoneNumber, Gender, ID_Department) VALUES (88, 'Catherine Taylor', '1975-03-18', '8153447240', 'M', 2);
INSERT INTO EMPLOYEE (ID_Employee, EmployeeName, DoB, PhoneNumber, Gender, ID_Department) VALUES (89, 'Casey Bailey', '1994-05-31', '4904700099', 'F', 6);
INSERT INTO EMPLOYEE (ID_Employee, EmployeeName, DoB, PhoneNumber, Gender, ID_Department) VALUES (90, 'Stephanie Miranda', '1983-12-26', '7008534263', 'M', 4);
INSERT INTO EMPLOYEE (ID_Employee, EmployeeName, DoB, PhoneNumber, Gender, ID_Department) VALUES (91, 'Karen Hayes', '1971-01-27', '1882055328', 'F', 3);
INSERT INTO EMPLOYEE (ID_Employee, EmployeeName, DoB, PhoneNumber, Gender, ID_Department) VALUES (92, 'David Sullivan', '1961-09-29', '2931498140', 'F', 4);
INSERT INTO EMPLOYEE (ID_Employee, EmployeeName, DoB, PhoneNumber, Gender, ID_Department) VALUES (93, 'William Sexton', '1993-09-14', '0545384915', 'F', 2);
INSERT INTO EMPLOYEE (ID_Employee, EmployeeName, DoB, PhoneNumber, Gender, ID_Department) VALUES (94, 'Alyssa Baker', '1981-11-25', '9467648854', 'F', 2);
INSERT INTO EMPLOYEE (ID_Employee, EmployeeName, DoB, PhoneNumber, Gender, ID_Department) VALUES (95, 'Yvonne Melton', '1963-11-26', '8682709213', 'M', 7);
INSERT INTO EMPLOYEE (ID_Employee, EmployeeName, DoB, PhoneNumber, Gender, ID_Department) VALUES (96, 'Kyle Duncan', '1988-10-26', '1781642582', 'F', 7);
INSERT INTO EMPLOYEE (ID_Employee, EmployeeName, DoB, PhoneNumber, Gender, ID_Department) VALUES (97, 'Alisha Fitzpatrick', '1994-11-30', '9251489865', 'M', 4);
INSERT INTO EMPLOYEE (ID_Employee, EmployeeName, DoB, PhoneNumber, Gender, ID_Department) VALUES (98, 'Gabrielle James', '2001-05-03', '8003365318', 'F', 6);
INSERT INTO EMPLOYEE (ID_Employee, EmployeeName, DoB, PhoneNumber, Gender, ID_Department) VALUES (99, 'Alexander Thompson', '1979-10-31', '5836234295', 'F', 4);
INSERT INTO EMPLOYEE (ID_Employee, EmployeeName, DoB, PhoneNumber, Gender, ID_Department) VALUES (100, 'Michael Williams', '1961-04-22', '2326771676', 'F', 6);
INSERT INTO EMPLOYEE (ID_Employee, EmployeeName, DoB, PhoneNumber, Gender, ID_Department) VALUES (101, 'Sarah Torres', '2003-03-14', '0999810650', 'M', 2);
INSERT INTO EMPLOYEE (ID_Employee, EmployeeName, DoB, PhoneNumber, Gender, ID_Department) VALUES (102, 'Derek Gonzales', '1970-08-25', '0951738452', 'F', 7);
INSERT INTO EMPLOYEE (ID_Employee, EmployeeName, DoB, PhoneNumber, Gender, ID_Department) VALUES (103, 'Thomas Campbell', '2001-09-27', '9397720795', 'F', 3);
INSERT INTO EMPLOYEE (ID_Employee, EmployeeName, DoB, PhoneNumber, Gender, ID_Department) VALUES (104, 'Abigail Ibarra', '1960-01-16', '5335800576', 'F', 4);
INSERT INTO EMPLOYEE (ID_Employee, EmployeeName, DoB, PhoneNumber, Gender, ID_Department) VALUES (105, 'Joshua Davis', '1994-02-23', '9044857121', 'F', 6);
INSERT INTO EMPLOYEE (ID_Employee, EmployeeName, DoB, PhoneNumber, Gender, ID_Department) VALUES (106, 'Christina Grant', '1988-10-04', '8819877368', 'M', 5);
INSERT INTO EMPLOYEE (ID_Employee, EmployeeName, DoB, PhoneNumber, Gender, ID_Department) VALUES (107, 'Laurie Jones', '1999-10-09', '3447264683', 'F', 6);
INSERT INTO EMPLOYEE (ID_Employee, EmployeeName, DoB, PhoneNumber, Gender, ID_Department) VALUES (108, 'Taylor Hobbs', '1973-10-01', '0700703795', 'M', 2);
INSERT INTO EMPLOYEE (ID_Employee, EmployeeName, DoB, PhoneNumber, Gender, ID_Department) VALUES (109, 'Tammie Cummings', '1964-04-07', '6552423788', 'M', 5);
INSERT INTO EMPLOYEE (ID_Employee, EmployeeName, DoB, PhoneNumber, Gender, ID_Department) VALUES (110, 'Erika Dominguez', '1990-01-05', '7226742580', 'M', 7);
INSERT INTO EMPLOYEE (ID_Employee, EmployeeName, DoB, PhoneNumber, Gender, ID_Department) VALUES (111, 'Katie Jones', '1984-04-26', '6692990985', 'M', 4);
INSERT INTO EMPLOYEE (ID_Employee, EmployeeName, DoB, PhoneNumber, Gender, ID_Department) VALUES (112, 'Carlos Simon', '1973-09-09', '6113467226', 'F', 7);
INSERT INTO EMPLOYEE (ID_Employee, EmployeeName, DoB, PhoneNumber, Gender, ID_Department) VALUES (113, 'Samantha Mcbride DDS', '1992-08-18', '9659113756', 'M', 3);
INSERT INTO EMPLOYEE (ID_Employee, EmployeeName, DoB, PhoneNumber, Gender, ID_Department) VALUES (114, 'Danielle Knight', '1988-11-23', '2013398453', 'M', 5);
INSERT INTO EMPLOYEE (ID_Employee, EmployeeName, DoB, PhoneNumber, Gender, ID_Department) VALUES (115, 'Erica Kim', '1967-05-06', '5468342698', 'M', 5);
INSERT INTO EMPLOYEE (ID_Employee, EmployeeName, DoB, PhoneNumber, Gender, ID_Department) VALUES (116, 'Erik Jimenez', '1966-05-29', '1456167859', 'F', 2);
INSERT INTO EMPLOYEE (ID_Employee, EmployeeName, DoB, PhoneNumber, Gender, ID_Department) VALUES (117, 'Janet Thomas', '1989-10-22', '5226392572', 'F', 4);
INSERT INTO EMPLOYEE (ID_Employee, EmployeeName, DoB, PhoneNumber, Gender, ID_Department) VALUES (118, 'James Durham', '1982-07-08', '3183501733', 'F', 2);
INSERT INTO EMPLOYEE (ID_Employee, EmployeeName, DoB, PhoneNumber, Gender, ID_Department) VALUES (119, 'Laura Miller', '1990-07-10', '2791320366', 'F', 5);
INSERT INTO EMPLOYEE (ID_Employee, EmployeeName, DoB, PhoneNumber, Gender, ID_Department) VALUES (120, 'Brian Yates', '1997-11-07', '9862003862', 'M', 4);
INSERT INTO EMPLOYEE (ID_Employee, EmployeeName, DoB, PhoneNumber, Gender, ID_Department) VALUES (121, 'Martha Carr', '1995-01-15', '8741082796', 'M', 5);
INSERT INTO EMPLOYEE (ID_Employee, EmployeeName, DoB, PhoneNumber, Gender, ID_Department) VALUES (122, 'Michael Howell', '1991-04-23', '9025759843', 'F', 4);
INSERT INTO EMPLOYEE (ID_Employee, EmployeeName, DoB, PhoneNumber, Gender, ID_Department) VALUES (123, 'Kim Miller', '1994-06-01', '2831248638', 'M', 7);
INSERT INTO EMPLOYEE (ID_Employee, EmployeeName, DoB, PhoneNumber, Gender, ID_Department) VALUES (124, 'Elaine Knox', '1971-09-26', '6719309288', 'M', 2);
INSERT INTO EMPLOYEE (ID_Employee, EmployeeName, DoB, PhoneNumber, Gender, ID_Department) VALUES (125, 'Douglas Sullivan', '1984-06-15', '1170450311', 'M', 4);
INSERT INTO EMPLOYEE (ID_Employee, EmployeeName, DoB, PhoneNumber, Gender, ID_Department) VALUES (126, 'Heather Dominguez', '1999-11-22', '2506813462', 'F', 4);
INSERT INTO EMPLOYEE (ID_Employee, EmployeeName, DoB, PhoneNumber, Gender, ID_Department) VALUES (127, 'Sarah Smith', '1992-05-14', '4233543842', 'M', 2);
INSERT INTO EMPLOYEE (ID_Employee, EmployeeName, DoB, PhoneNumber, Gender, ID_Department) VALUES (128, 'Edward Jackson', '1975-09-07', '5563111762', 'F', 4);
INSERT INTO EMPLOYEE (ID_Employee, EmployeeName, DoB, PhoneNumber, Gender, ID_Department) VALUES (129, 'Rachel Harris', '1998-08-05', '9674310029', 'M', 7);
INSERT INTO EMPLOYEE (ID_Employee, EmployeeName, DoB, PhoneNumber, Gender, ID_Department) VALUES (130, 'Patricia Hall', '1971-10-10', '7309404542', 'F', 4);
INSERT INTO EMPLOYEE (ID_Employee, EmployeeName, DoB, PhoneNumber, Gender, ID_Department) VALUES (131, 'Carol Lane', '1991-09-22', '9058228575', 'M', 3);
INSERT INTO EMPLOYEE (ID_Employee, EmployeeName, DoB, PhoneNumber, Gender, ID_Department) VALUES (132, 'Philip Curry', '1993-08-13', '0970916156', 'M', 5);
INSERT INTO EMPLOYEE (ID_Employee, EmployeeName, DoB, PhoneNumber, Gender, ID_Department) VALUES (133, 'Karen Bell', '2001-04-04', '7278448729', 'M', 4);
INSERT INTO EMPLOYEE (ID_Employee, EmployeeName, DoB, PhoneNumber, Gender, ID_Department) VALUES (134, 'Kevin Becker', '1978-10-12', '2485557522', 'F', 7);
INSERT INTO EMPLOYEE (ID_Employee, EmployeeName, DoB, PhoneNumber, Gender, ID_Department) VALUES (135, 'Shannon Rush', '1972-07-04', '6874569735', 'M', 7);
INSERT INTO EMPLOYEE (ID_Employee, EmployeeName, DoB, PhoneNumber, Gender, ID_Department) VALUES (136, 'Dylan Rice', '1991-05-05', '0045552531', 'M', 6);
INSERT INTO EMPLOYEE (ID_Employee, EmployeeName, DoB, PhoneNumber, Gender, ID_Department) VALUES (137, 'Lisa Garrett', '2002-08-26', '2038129623', 'M', 5);
INSERT INTO EMPLOYEE (ID_Employee, EmployeeName, DoB, PhoneNumber, Gender, ID_Department) VALUES (138, 'Amanda Patel', '1961-10-01', '8576260432', 'M', 4);
INSERT INTO EMPLOYEE (ID_Employee, EmployeeName, DoB, PhoneNumber, Gender, ID_Department) VALUES (139, 'Crystal Underwood', '1965-12-24', '2844290486', 'F', 4);
INSERT INTO EMPLOYEE (ID_Employee, EmployeeName, DoB, PhoneNumber, Gender, ID_Department) VALUES (140, 'Jeffrey Sullivan', '2002-08-16', '5597067362', 'M', 3);
INSERT INTO EMPLOYEE (ID_Employee, EmployeeName, DoB, PhoneNumber, Gender, ID_Department) VALUES (141, 'Joanne Cross', '1989-02-13', '4699472026', 'M', 5);
INSERT INTO EMPLOYEE (ID_Employee, EmployeeName, DoB, PhoneNumber, Gender, ID_Department) VALUES (142, 'Matthew Fields', '1991-08-05', '9500889604', 'F', 4);
INSERT INTO EMPLOYEE (ID_Employee, EmployeeName, DoB, PhoneNumber, Gender, ID_Department) VALUES (143, 'Natasha James', '1961-10-30', '6956999913', 'F', 6);
INSERT INTO EMPLOYEE (ID_Employee, EmployeeName, DoB, PhoneNumber, Gender, ID_Department) VALUES (144, 'Brandon Richardson', '1985-01-25', '1917065468', 'F', 6);
INSERT INTO EMPLOYEE (ID_Employee, EmployeeName, DoB, PhoneNumber, Gender, ID_Department) VALUES (145, 'Terry Ramos', '1977-03-20', '4618676795', 'M', 7);
INSERT INTO EMPLOYEE (ID_Employee, EmployeeName, DoB, PhoneNumber, Gender, ID_Department) VALUES (146, 'Samuel Hernandez', '1987-10-29', '2535819736', 'F', 5);
INSERT INTO EMPLOYEE (ID_Employee, EmployeeName, DoB, PhoneNumber, Gender, ID_Department) VALUES (147, 'George Luna', '1985-11-06', '7877972881', 'M', 7);
INSERT INTO EMPLOYEE (ID_Employee, EmployeeName, DoB, PhoneNumber, Gender, ID_Department) VALUES (148, 'Lawrence Miles', '1999-06-02', '4532100756', 'M', 7);
INSERT INTO EMPLOYEE (ID_Employee, EmployeeName, DoB, PhoneNumber, Gender, ID_Department) VALUES (149, 'Erin James', '1986-11-27', '0889713298', 'F', 2);
INSERT INTO EMPLOYEE (ID_Employee, EmployeeName, DoB, PhoneNumber, Gender, ID_Department) VALUES (150, 'Lindsey Carr', '2002-03-31', '9157449528', 'F', 4);
INSERT INTO EMPLOYEE (ID_Employee, EmployeeName, DoB, PhoneNumber, Gender, ID_Department) VALUES (151, 'Jeremy Henson', '1989-10-11', '9361764547', 'M', 6);
INSERT INTO EMPLOYEE (ID_Employee, EmployeeName, DoB, PhoneNumber, Gender, ID_Department) VALUES (152, 'Kristin Bruce', '1968-08-29', '8042330493', 'M', 6);
INSERT INTO EMPLOYEE (ID_Employee, EmployeeName, DoB, PhoneNumber, Gender, ID_Department) VALUES (153, 'Eric Roberts', '1989-12-27', '7044818719', 'F', 7);
INSERT INTO EMPLOYEE (ID_Employee, EmployeeName, DoB, PhoneNumber, Gender, ID_Department) VALUES (154, 'Phillip Cohen', '1969-07-03', '3434638136', 'M', 6);
INSERT INTO EMPLOYEE (ID_Employee, EmployeeName, DoB, PhoneNumber, Gender, ID_Department) VALUES (155, 'Corey Carrillo', '1989-03-15', '2884190885', 'M', 2);
INSERT INTO EMPLOYEE (ID_Employee, EmployeeName, DoB, PhoneNumber, Gender, ID_Department) VALUES (156, 'Kristine Martinez', '2003-08-01', '8036054292', 'M', 5);
INSERT INTO EMPLOYEE (ID_Employee, EmployeeName, DoB, PhoneNumber, Gender, ID_Department) VALUES (157, 'Carolyn Phillips', '1974-05-20', '2579817767', 'M', 4);
INSERT INTO EMPLOYEE (ID_Employee, EmployeeName, DoB, PhoneNumber, Gender, ID_Department) VALUES (158, 'Michelle Rice', '2006-05-12', '7704846814', 'F', 2);
INSERT INTO EMPLOYEE (ID_Employee, EmployeeName, DoB, PhoneNumber, Gender, ID_Department) VALUES (159, 'Julie Morales', '1981-08-02', '7507092025', 'F', 2);
INSERT INTO EMPLOYEE (ID_Employee, EmployeeName, DoB, PhoneNumber, Gender, ID_Department) VALUES (160, 'Jennifer Case MD', '1973-12-29', '6022964277', 'M', 7);
INSERT INTO EMPLOYEE (ID_Employee, EmployeeName, DoB, PhoneNumber, Gender, ID_Department) VALUES (161, 'Ryan Arnold', '2001-02-16', '7225620679', 'F', 7);
INSERT INTO EMPLOYEE (ID_Employee, EmployeeName, DoB, PhoneNumber, Gender, ID_Department) VALUES (162, 'Christopher Ball', '1996-12-29', '6762393342', 'F', 6);
INSERT INTO EMPLOYEE (ID_Employee, EmployeeName, DoB, PhoneNumber, Gender, ID_Department) VALUES (163, 'Kenneth Hall', '2003-03-28', '6542058344', 'M', 7);
INSERT INTO EMPLOYEE (ID_Employee, EmployeeName, DoB, PhoneNumber, Gender, ID_Department) VALUES (164, 'Jeffrey Martinez', '1993-12-08', '8198866898', 'M', 6);
INSERT INTO EMPLOYEE (ID_Employee, EmployeeName, DoB, PhoneNumber, Gender, ID_Department) VALUES (165, 'Victoria Stokes', '1975-01-28', '8558258105', 'M', 4);
INSERT INTO EMPLOYEE (ID_Employee, EmployeeName, DoB, PhoneNumber, Gender, ID_Department) VALUES (166, 'Danny Tate', '1975-04-16', '9787687969', 'M', 6);
INSERT INTO EMPLOYEE (ID_Employee, EmployeeName, DoB, PhoneNumber, Gender, ID_Department) VALUES (167, 'Jacob Wall', '1965-05-02', '5967467218', 'M', 2);
INSERT INTO EMPLOYEE (ID_Employee, EmployeeName, DoB, PhoneNumber, Gender, ID_Department) VALUES (168, 'Amy Miller', '1973-04-10', '3766017839', 'M', 7);
INSERT INTO EMPLOYEE (ID_Employee, EmployeeName, DoB, PhoneNumber, Gender, ID_Department) VALUES (169, 'Kathryn Adams', '1985-10-30', '2001527327', 'F', 2);
INSERT INTO EMPLOYEE (ID_Employee, EmployeeName, DoB, PhoneNumber, Gender, ID_Department) VALUES (170, 'David Horn', '2004-05-05', '2835453338', 'F', 7);
INSERT INTO EMPLOYEE (ID_Employee, EmployeeName, DoB, PhoneNumber, Gender, ID_Department) VALUES (171, 'Chelsea Anderson', '1960-07-29', '9058726678', 'M', 6);
INSERT INTO EMPLOYEE (ID_Employee, EmployeeName, DoB, PhoneNumber, Gender, ID_Department) VALUES (172, 'Ethan Horn', '1983-12-22', '7069143819', 'F', 2);
INSERT INTO EMPLOYEE (ID_Employee, EmployeeName, DoB, PhoneNumber, Gender, ID_Department) VALUES (173, 'Andrew Young', '1992-07-05', '6041970413', 'F', 7);
INSERT INTO EMPLOYEE (ID_Employee, EmployeeName, DoB, PhoneNumber, Gender, ID_Department) VALUES (174, 'Kimberly Cummings', '1965-08-09', '2737295622', 'M', 7);
INSERT INTO EMPLOYEE (ID_Employee, EmployeeName, DoB, PhoneNumber, Gender, ID_Department) VALUES (175, 'Luke Delgado', '1991-05-04', '7888991520', 'M', 5);
INSERT INTO EMPLOYEE (ID_Employee, EmployeeName, DoB, PhoneNumber, Gender, ID_Department) VALUES (176, 'Karen Miller', '1992-02-24', '7444971688', 'M', 5);
INSERT INTO EMPLOYEE (ID_Employee, EmployeeName, DoB, PhoneNumber, Gender, ID_Department) VALUES (177, 'Alisha Meyers MD', '1970-12-13', '1020057287', 'M', 4);
INSERT INTO EMPLOYEE (ID_Employee, EmployeeName, DoB, PhoneNumber, Gender, ID_Department) VALUES (178, 'Lisa Aguirre', '1976-09-17', '3227021697', 'M', 3);
INSERT INTO EMPLOYEE (ID_Employee, EmployeeName, DoB, PhoneNumber, Gender, ID_Department) VALUES (179, 'Tammie Hebert', '1999-08-11', '9449189572', 'M', 4);
INSERT INTO EMPLOYEE (ID_Employee, EmployeeName, DoB, PhoneNumber, Gender, ID_Department) VALUES (180, 'Tony Spence', '1968-08-07', '1842350273', 'M', 2);
INSERT INTO EMPLOYEE (ID_Employee, EmployeeName, DoB, PhoneNumber, Gender, ID_Department) VALUES (181, 'Sherry Mooney', '1975-02-15', '3567984303', 'F', 7);
INSERT INTO EMPLOYEE (ID_Employee, EmployeeName, DoB, PhoneNumber, Gender, ID_Department) VALUES (182, 'Helen Hughes', '1990-12-19', '3003557389', 'M', 5);
INSERT INTO EMPLOYEE (ID_Employee, EmployeeName, DoB, PhoneNumber, Gender, ID_Department) VALUES (183, 'Monica Mccoy', '1999-06-20', '6643519550', 'M', 7);
INSERT INTO EMPLOYEE (ID_Employee, EmployeeName, DoB, PhoneNumber, Gender, ID_Department) VALUES (184, 'James Warren', '2003-08-13', '9760076074', 'F', 5);
INSERT INTO EMPLOYEE (ID_Employee, EmployeeName, DoB, PhoneNumber, Gender, ID_Department) VALUES (185, 'Kenneth Webb', '1989-12-05', '1092928680', 'F', 2);
INSERT INTO EMPLOYEE (ID_Employee, EmployeeName, DoB, PhoneNumber, Gender, ID_Department) VALUES (186, 'Ronnie Greer II', '1988-07-30', '9446746201', 'F', 3);
INSERT INTO EMPLOYEE (ID_Employee, EmployeeName, DoB, PhoneNumber, Gender, ID_Department) VALUES (187, 'Nicole Walker', '1977-01-08', '9908915896', 'F', 7);
INSERT INTO EMPLOYEE (ID_Employee, EmployeeName, DoB, PhoneNumber, Gender, ID_Department) VALUES (188, 'Valerie Rose', '1991-06-29', '1265545938', 'M', 7);
INSERT INTO EMPLOYEE (ID_Employee, EmployeeName, DoB, PhoneNumber, Gender, ID_Department) VALUES (189, 'John Smith', '2003-07-25', '3445942011', 'M', 6);
INSERT INTO EMPLOYEE (ID_Employee, EmployeeName, DoB, PhoneNumber, Gender, ID_Department) VALUES (190, 'Scott Pierce', '1991-02-08', '2059955309', 'M', 4);
INSERT INTO EMPLOYEE (ID_Employee, EmployeeName, DoB, PhoneNumber, Gender, ID_Department) VALUES (191, 'Darrell Webster', '1964-02-13', '9042424915', 'F', 2);
INSERT INTO EMPLOYEE (ID_Employee, EmployeeName, DoB, PhoneNumber, Gender, ID_Department) VALUES (192, 'Jerome Horton', '1986-10-22', '6389805144', 'M', 7);
INSERT INTO EMPLOYEE (ID_Employee, EmployeeName, DoB, PhoneNumber, Gender, ID_Department) VALUES (193, 'Karen Hayes', '1965-02-05', '5662283963', 'F', 3);
INSERT INTO EMPLOYEE (ID_Employee, EmployeeName, DoB, PhoneNumber, Gender, ID_Department) VALUES (194, 'Nancy Decker', '1973-11-18', '8769498786', 'F', 5);
INSERT INTO EMPLOYEE (ID_Employee, EmployeeName, DoB, PhoneNumber, Gender, ID_Department) VALUES (195, 'Theresa Koch', '1988-10-15', '5979495372', 'F', 4);
INSERT INTO EMPLOYEE (ID_Employee, EmployeeName, DoB, PhoneNumber, Gender, ID_Department) VALUES (196, 'Ashley Steele', '1995-12-20', '1912047253', 'M', 7);
INSERT INTO EMPLOYEE (ID_Employee, EmployeeName, DoB, PhoneNumber, Gender, ID_Department) VALUES (197, 'Norma Mcgee', '1996-05-31', '6684861331', 'M', 4);
INSERT INTO EMPLOYEE (ID_Employee, EmployeeName, DoB, PhoneNumber, Gender, ID_Department) VALUES (198, 'Jessica Sanchez', '1968-04-10', '3517305967', 'F', 6);
INSERT INTO EMPLOYEE (ID_Employee, EmployeeName, DoB, PhoneNumber, Gender, ID_Department) VALUES (199, 'Kenneth King', '1980-01-25', '2399323542', 'F', 4);
INSERT INTO EMPLOYEE (ID_Employee, EmployeeName, DoB, PhoneNumber, Gender, ID_Department) VALUES (200, 'Teresa Knight', '1987-09-13', '7759981365', 'M', 5);
INSERT INTO EMPLOYEE (ID_Employee, EmployeeName, DoB, PhoneNumber, Gender, ID_Department) VALUES (201, 'Timothy Stephens', '1968-02-14', '1018396637', 'M', 6);
INSERT INTO EMPLOYEE (ID_Employee, EmployeeName, DoB, PhoneNumber, Gender, ID_Department) VALUES (202, 'Isaiah Walton', '1984-12-21', '6056332274', 'F', 2);
INSERT INTO EMPLOYEE (ID_Employee, EmployeeName, DoB, PhoneNumber, Gender, ID_Department) VALUES (203, 'Linda Davis', '1988-04-08', '4067347164', 'M', 4);
INSERT INTO EMPLOYEE (ID_Employee, EmployeeName, DoB, PhoneNumber, Gender, ID_Department) VALUES (204, 'Jack Hunt', '1972-08-04', '8928171573', 'F', 5);
INSERT INTO EMPLOYEE (ID_Employee, EmployeeName, DoB, PhoneNumber, Gender, ID_Department) VALUES (205, 'Tiffany Davidson', '2005-06-21', '5333752556', 'M', 2);
INSERT INTO EMPLOYEE (ID_Employee, EmployeeName, DoB, PhoneNumber, Gender, ID_Department) VALUES (206, 'Cynthia Schwartz', '1968-12-21', '8532791602', 'M', 7);
INSERT INTO EMPLOYEE (ID_Employee, EmployeeName, DoB, PhoneNumber, Gender, ID_Department) VALUES (207, 'Mr. Kenneth Butler DVM', '2003-02-25', '4509828144', 'M', 7);
INSERT INTO EMPLOYEE (ID_Employee, EmployeeName, DoB, PhoneNumber, Gender, ID_Department) VALUES (208, 'Brianna Benjamin', '1971-03-27', '8948795088', 'M', 3);
INSERT INTO EMPLOYEE (ID_Employee, EmployeeName, DoB, PhoneNumber, Gender, ID_Department) VALUES (209, 'Richard Goodman', '2003-11-01', '2129361159', 'F', 3);
INSERT INTO EMPLOYEE (ID_Employee, EmployeeName, DoB, PhoneNumber, Gender, ID_Department) VALUES (210, 'Abigail Carlson', '2000-10-12', '3606621065', 'F', 7);
INSERT INTO EMPLOYEE (ID_Employee, EmployeeName, DoB, PhoneNumber, Gender, ID_Department) VALUES (211, 'Carlos Russell', '2005-04-27', '2036324895', 'F', 3);
INSERT INTO EMPLOYEE (ID_Employee, EmployeeName, DoB, PhoneNumber, Gender, ID_Department) VALUES (212, 'Robin Moreno', '1996-06-19', '0990864228', 'M', 7);
INSERT INTO EMPLOYEE (ID_Employee, EmployeeName, DoB, PhoneNumber, Gender, ID_Department) VALUES (213, 'Catherine Khan', '1998-08-06', '1809306893', 'F', 3);
INSERT INTO EMPLOYEE (ID_Employee, EmployeeName, DoB, PhoneNumber, Gender, ID_Department) VALUES (214, 'Jacqueline Nelson', '1993-07-02', '7717196771', 'M', 4);
INSERT INTO EMPLOYEE (ID_Employee, EmployeeName, DoB, PhoneNumber, Gender, ID_Department) VALUES (215, 'Edwin Ellison', '1969-11-11', '5932536552', 'M', 6);
INSERT INTO EMPLOYEE (ID_Employee, EmployeeName, DoB, PhoneNumber, Gender, ID_Department) VALUES (216, 'Tracy Vargas', '2006-09-04', '3836259965', 'F', 3);
INSERT INTO EMPLOYEE (ID_Employee, EmployeeName, DoB, PhoneNumber, Gender, ID_Department) VALUES (217, 'Kristin Williams', '1983-03-20', '0018425774', 'M', 6);
INSERT INTO EMPLOYEE (ID_Employee, EmployeeName, DoB, PhoneNumber, Gender, ID_Department) VALUES (218, 'Martin Shaffer', '1985-07-19', '7570833240', 'F', 2);
INSERT INTO EMPLOYEE (ID_Employee, EmployeeName, DoB, PhoneNumber, Gender, ID_Department) VALUES (219, 'Mr. Dylan Cain MD', '1979-06-08', '1577599607', 'F', 3);
INSERT INTO EMPLOYEE (ID_Employee, EmployeeName, DoB, PhoneNumber, Gender, ID_Department) VALUES (220, 'Robin Chapman', '1965-11-12', '1656216798', 'F', 6);
INSERT INTO EMPLOYEE (ID_Employee, EmployeeName, DoB, PhoneNumber, Gender, ID_Department) VALUES (221, 'Dwayne Long', '1961-06-26', '9609117217', 'F', 2);
INSERT INTO EMPLOYEE (ID_Employee, EmployeeName, DoB, PhoneNumber, Gender, ID_Department) VALUES (222, 'Pamela Patterson', '1998-06-28', '9490243089', 'F', 2);
INSERT INTO EMPLOYEE (ID_Employee, EmployeeName, DoB, PhoneNumber, Gender, ID_Department) VALUES (223, 'Sue Gill', '1986-04-30', '2987821724', 'F', 4);
INSERT INTO EMPLOYEE (ID_Employee, EmployeeName, DoB, PhoneNumber, Gender, ID_Department) VALUES (224, 'Susan Lopez', '2001-09-21', '1326842114', 'M', 6);
INSERT INTO EMPLOYEE (ID_Employee, EmployeeName, DoB, PhoneNumber, Gender, ID_Department) VALUES (225, 'Jacob Berry', '1966-03-04', '5460696537', 'F', 4);
INSERT INTO EMPLOYEE_LEAVE_BALANCE (ID_Employee) VALUES (1);
INSERT INTO EMPLOYEE_LEAVE_BALANCE (ID_Employee) VALUES (2);
INSERT INTO EMPLOYEE_LEAVE_BALANCE (ID_Employee) VALUES (3);
INSERT INTO EMPLOYEE_LEAVE_BALANCE (ID_Employee) VALUES (4);
INSERT INTO EMPLOYEE_LEAVE_BALANCE (ID_Employee) VALUES (5);
INSERT INTO EMPLOYEE_LEAVE_BALANCE (ID_Employee) VALUES (6);
INSERT INTO EMPLOYEE_LEAVE_BALANCE (ID_Employee) VALUES (7);
INSERT INTO EMPLOYEE_LEAVE_BALANCE (ID_Employee) VALUES (8);
INSERT INTO EMPLOYEE_LEAVE_BALANCE (ID_Employee) VALUES (9);
INSERT INTO EMPLOYEE_LEAVE_BALANCE (ID_Employee) VALUES (10);
INSERT INTO EMPLOYEE_LEAVE_BALANCE (ID_Employee) VALUES (11);
INSERT INTO EMPLOYEE_LEAVE_BALANCE (ID_Employee) VALUES (12);
INSERT INTO EMPLOYEE_LEAVE_BALANCE (ID_Employee) VALUES (13);
INSERT INTO EMPLOYEE_LEAVE_BALANCE (ID_Employee) VALUES (14);
INSERT INTO EMPLOYEE_LEAVE_BALANCE (ID_Employee) VALUES (15);
INSERT INTO EMPLOYEE_LEAVE_BALANCE (ID_Employee) VALUES (16);
INSERT INTO EMPLOYEE_LEAVE_BALANCE (ID_Employee) VALUES (17);
INSERT INTO EMPLOYEE_LEAVE_BALANCE (ID_Employee) VALUES (18);
INSERT INTO EMPLOYEE_LEAVE_BALANCE (ID_Employee) VALUES (19);
INSERT INTO EMPLOYEE_LEAVE_BALANCE (ID_Employee) VALUES (20);
INSERT INTO EMPLOYEE_LEAVE_BALANCE (ID_Employee) VALUES (21);
INSERT INTO EMPLOYEE_LEAVE_BALANCE (ID_Employee) VALUES (22);
INSERT INTO EMPLOYEE_LEAVE_BALANCE (ID_Employee) VALUES (23);
INSERT INTO EMPLOYEE_LEAVE_BALANCE (ID_Employee) VALUES (24);
INSERT INTO EMPLOYEE_LEAVE_BALANCE (ID_Employee) VALUES (25);
INSERT INTO EMPLOYEE_LEAVE_BALANCE (ID_Employee) VALUES (26);
INSERT INTO EMPLOYEE_LEAVE_BALANCE (ID_Employee) VALUES (27);
INSERT INTO EMPLOYEE_LEAVE_BALANCE (ID_Employee) VALUES (28);
INSERT INTO EMPLOYEE_LEAVE_BALANCE (ID_Employee) VALUES (29);
INSERT INTO EMPLOYEE_LEAVE_BALANCE (ID_Employee) VALUES (30);
INSERT INTO EMPLOYEE_LEAVE_BALANCE (ID_Employee) VALUES (31);
INSERT INTO EMPLOYEE_LEAVE_BALANCE (ID_Employee) VALUES (32);
INSERT INTO EMPLOYEE_LEAVE_BALANCE (ID_Employee) VALUES (33);
INSERT INTO EMPLOYEE_LEAVE_BALANCE (ID_Employee) VALUES (34);
INSERT INTO EMPLOYEE_LEAVE_BALANCE (ID_Employee) VALUES (35);
INSERT INTO EMPLOYEE_LEAVE_BALANCE (ID_Employee) VALUES (36);
INSERT INTO EMPLOYEE_LEAVE_BALANCE (ID_Employee) VALUES (37);
INSERT INTO EMPLOYEE_LEAVE_BALANCE (ID_Employee) VALUES (38);
INSERT INTO EMPLOYEE_LEAVE_BALANCE (ID_Employee) VALUES (39);
INSERT INTO EMPLOYEE_LEAVE_BALANCE (ID_Employee) VALUES (40);
INSERT INTO EMPLOYEE_LEAVE_BALANCE (ID_Employee) VALUES (41);
INSERT INTO EMPLOYEE_LEAVE_BALANCE (ID_Employee) VALUES (42);
INSERT INTO EMPLOYEE_LEAVE_BALANCE (ID_Employee) VALUES (43);
INSERT INTO EMPLOYEE_LEAVE_BALANCE (ID_Employee) VALUES (44);
INSERT INTO EMPLOYEE_LEAVE_BALANCE (ID_Employee) VALUES (45);
INSERT INTO EMPLOYEE_LEAVE_BALANCE (ID_Employee) VALUES (46);
INSERT INTO EMPLOYEE_LEAVE_BALANCE (ID_Employee) VALUES (47);
INSERT INTO EMPLOYEE_LEAVE_BALANCE (ID_Employee) VALUES (48);
INSERT INTO EMPLOYEE_LEAVE_BALANCE (ID_Employee) VALUES (49);
INSERT INTO EMPLOYEE_LEAVE_BALANCE (ID_Employee) VALUES (50);
INSERT INTO EMPLOYEE_LEAVE_BALANCE (ID_Employee) VALUES (51);
INSERT INTO EMPLOYEE_LEAVE_BALANCE (ID_Employee) VALUES (52);
INSERT INTO EMPLOYEE_LEAVE_BALANCE (ID_Employee) VALUES (53);
INSERT INTO EMPLOYEE_LEAVE_BALANCE (ID_Employee) VALUES (54);
INSERT INTO EMPLOYEE_LEAVE_BALANCE (ID_Employee) VALUES (55);
INSERT INTO EMPLOYEE_LEAVE_BALANCE (ID_Employee) VALUES (56);
INSERT INTO EMPLOYEE_LEAVE_BALANCE (ID_Employee) VALUES (57);
INSERT INTO EMPLOYEE_LEAVE_BALANCE (ID_Employee) VALUES (58);
INSERT INTO EMPLOYEE_LEAVE_BALANCE (ID_Employee) VALUES (59);
INSERT INTO EMPLOYEE_LEAVE_BALANCE (ID_Employee) VALUES (60);
INSERT INTO EMPLOYEE_LEAVE_BALANCE (ID_Employee) VALUES (61);
INSERT INTO EMPLOYEE_LEAVE_BALANCE (ID_Employee) VALUES (62);
INSERT INTO EMPLOYEE_LEAVE_BALANCE (ID_Employee) VALUES (63);
INSERT INTO EMPLOYEE_LEAVE_BALANCE (ID_Employee) VALUES (64);
INSERT INTO EMPLOYEE_LEAVE_BALANCE (ID_Employee) VALUES (65);
INSERT INTO EMPLOYEE_LEAVE_BALANCE (ID_Employee) VALUES (66);
INSERT INTO EMPLOYEE_LEAVE_BALANCE (ID_Employee) VALUES (67);
INSERT INTO EMPLOYEE_LEAVE_BALANCE (ID_Employee) VALUES (68);
INSERT INTO EMPLOYEE_LEAVE_BALANCE (ID_Employee) VALUES (69);
INSERT INTO EMPLOYEE_LEAVE_BALANCE (ID_Employee) VALUES (70);
INSERT INTO EMPLOYEE_LEAVE_BALANCE (ID_Employee) VALUES (71);
INSERT INTO EMPLOYEE_LEAVE_BALANCE (ID_Employee) VALUES (72);
INSERT INTO EMPLOYEE_LEAVE_BALANCE (ID_Employee) VALUES (73);
INSERT INTO EMPLOYEE_LEAVE_BALANCE (ID_Employee) VALUES (74);
INSERT INTO EMPLOYEE_LEAVE_BALANCE (ID_Employee) VALUES (75);
INSERT INTO EMPLOYEE_LEAVE_BALANCE (ID_Employee) VALUES (76);
INSERT INTO EMPLOYEE_LEAVE_BALANCE (ID_Employee) VALUES (77);
INSERT INTO EMPLOYEE_LEAVE_BALANCE (ID_Employee) VALUES (78);
INSERT INTO EMPLOYEE_LEAVE_BALANCE (ID_Employee) VALUES (79);
INSERT INTO EMPLOYEE_LEAVE_BALANCE (ID_Employee) VALUES (80);
INSERT INTO EMPLOYEE_LEAVE_BALANCE (ID_Employee) VALUES (81);
INSERT INTO EMPLOYEE_LEAVE_BALANCE (ID_Employee) VALUES (82);
INSERT INTO EMPLOYEE_LEAVE_BALANCE (ID_Employee) VALUES (83);
INSERT INTO EMPLOYEE_LEAVE_BALANCE (ID_Employee) VALUES (84);
INSERT INTO EMPLOYEE_LEAVE_BALANCE (ID_Employee) VALUES (85);
INSERT INTO EMPLOYEE_LEAVE_BALANCE (ID_Employee) VALUES (86);
INSERT INTO EMPLOYEE_LEAVE_BALANCE (ID_Employee) VALUES (87);
INSERT INTO EMPLOYEE_LEAVE_BALANCE (ID_Employee) VALUES (88);
INSERT INTO EMPLOYEE_LEAVE_BALANCE (ID_Employee) VALUES (89);
INSERT INTO EMPLOYEE_LEAVE_BALANCE (ID_Employee) VALUES (90);
INSERT INTO EMPLOYEE_LEAVE_BALANCE (ID_Employee) VALUES (91);
INSERT INTO EMPLOYEE_LEAVE_BALANCE (ID_Employee) VALUES (92);
INSERT INTO EMPLOYEE_LEAVE_BALANCE (ID_Employee) VALUES (93);
INSERT INTO EMPLOYEE_LEAVE_BALANCE (ID_Employee) VALUES (94);
INSERT INTO EMPLOYEE_LEAVE_BALANCE (ID_Employee) VALUES (95);
INSERT INTO EMPLOYEE_LEAVE_BALANCE (ID_Employee) VALUES (96);
INSERT INTO EMPLOYEE_LEAVE_BALANCE (ID_Employee) VALUES (97);
INSERT INTO EMPLOYEE_LEAVE_BALANCE (ID_Employee) VALUES (98);
INSERT INTO EMPLOYEE_LEAVE_BALANCE (ID_Employee) VALUES (99);
INSERT INTO EMPLOYEE_LEAVE_BALANCE (ID_Employee) VALUES (100);
INSERT INTO EMPLOYEE_LEAVE_BALANCE (ID_Employee) VALUES (101);
INSERT INTO EMPLOYEE_LEAVE_BALANCE (ID_Employee) VALUES (102);
INSERT INTO EMPLOYEE_LEAVE_BALANCE (ID_Employee) VALUES (103);
INSERT INTO EMPLOYEE_LEAVE_BALANCE (ID_Employee) VALUES (104);
INSERT INTO EMPLOYEE_LEAVE_BALANCE (ID_Employee) VALUES (105);
INSERT INTO EMPLOYEE_LEAVE_BALANCE (ID_Employee) VALUES (106);
INSERT INTO EMPLOYEE_LEAVE_BALANCE (ID_Employee) VALUES (107);
INSERT INTO EMPLOYEE_LEAVE_BALANCE (ID_Employee) VALUES (108);
INSERT INTO EMPLOYEE_LEAVE_BALANCE (ID_Employee) VALUES (109);
INSERT INTO EMPLOYEE_LEAVE_BALANCE (ID_Employee) VALUES (110);
INSERT INTO EMPLOYEE_LEAVE_BALANCE (ID_Employee) VALUES (111);
INSERT INTO EMPLOYEE_LEAVE_BALANCE (ID_Employee) VALUES (112);
INSERT INTO EMPLOYEE_LEAVE_BALANCE (ID_Employee) VALUES (113);
INSERT INTO EMPLOYEE_LEAVE_BALANCE (ID_Employee) VALUES (114);
INSERT INTO EMPLOYEE_LEAVE_BALANCE (ID_Employee) VALUES (115);
INSERT INTO EMPLOYEE_LEAVE_BALANCE (ID_Employee) VALUES (116);
INSERT INTO EMPLOYEE_LEAVE_BALANCE (ID_Employee) VALUES (117);
INSERT INTO EMPLOYEE_LEAVE_BALANCE (ID_Employee) VALUES (118);
INSERT INTO EMPLOYEE_LEAVE_BALANCE (ID_Employee) VALUES (119);
INSERT INTO EMPLOYEE_LEAVE_BALANCE (ID_Employee) VALUES (120);
INSERT INTO EMPLOYEE_LEAVE_BALANCE (ID_Employee) VALUES (121);
INSERT INTO EMPLOYEE_LEAVE_BALANCE (ID_Employee) VALUES (122);
INSERT INTO EMPLOYEE_LEAVE_BALANCE (ID_Employee) VALUES (123);
INSERT INTO EMPLOYEE_LEAVE_BALANCE (ID_Employee) VALUES (124);
INSERT INTO EMPLOYEE_LEAVE_BALANCE (ID_Employee) VALUES (125);
INSERT INTO EMPLOYEE_LEAVE_BALANCE (ID_Employee) VALUES (126);
INSERT INTO EMPLOYEE_LEAVE_BALANCE (ID_Employee) VALUES (127);
INSERT INTO EMPLOYEE_LEAVE_BALANCE (ID_Employee) VALUES (128);
INSERT INTO EMPLOYEE_LEAVE_BALANCE (ID_Employee) VALUES (129);
INSERT INTO EMPLOYEE_LEAVE_BALANCE (ID_Employee) VALUES (130);
INSERT INTO EMPLOYEE_LEAVE_BALANCE (ID_Employee) VALUES (131);
INSERT INTO EMPLOYEE_LEAVE_BALANCE (ID_Employee) VALUES (132);
INSERT INTO EMPLOYEE_LEAVE_BALANCE (ID_Employee) VALUES (133);
INSERT INTO EMPLOYEE_LEAVE_BALANCE (ID_Employee) VALUES (134);
INSERT INTO EMPLOYEE_LEAVE_BALANCE (ID_Employee) VALUES (135);
INSERT INTO EMPLOYEE_LEAVE_BALANCE (ID_Employee) VALUES (136);
INSERT INTO EMPLOYEE_LEAVE_BALANCE (ID_Employee) VALUES (137);
INSERT INTO EMPLOYEE_LEAVE_BALANCE (ID_Employee) VALUES (138);
INSERT INTO EMPLOYEE_LEAVE_BALANCE (ID_Employee) VALUES (139);
INSERT INTO EMPLOYEE_LEAVE_BALANCE (ID_Employee) VALUES (140);
INSERT INTO EMPLOYEE_LEAVE_BALANCE (ID_Employee) VALUES (141);
INSERT INTO EMPLOYEE_LEAVE_BALANCE (ID_Employee) VALUES (142);
INSERT INTO EMPLOYEE_LEAVE_BALANCE (ID_Employee) VALUES (143);
INSERT INTO EMPLOYEE_LEAVE_BALANCE (ID_Employee) VALUES (144);
INSERT INTO EMPLOYEE_LEAVE_BALANCE (ID_Employee) VALUES (145);
INSERT INTO EMPLOYEE_LEAVE_BALANCE (ID_Employee) VALUES (146);
INSERT INTO EMPLOYEE_LEAVE_BALANCE (ID_Employee) VALUES (147);
INSERT INTO EMPLOYEE_LEAVE_BALANCE (ID_Employee) VALUES (148);
INSERT INTO EMPLOYEE_LEAVE_BALANCE (ID_Employee) VALUES (149);
INSERT INTO EMPLOYEE_LEAVE_BALANCE (ID_Employee) VALUES (150);
INSERT INTO EMPLOYEE_LEAVE_BALANCE (ID_Employee) VALUES (151);
INSERT INTO EMPLOYEE_LEAVE_BALANCE (ID_Employee) VALUES (152);
INSERT INTO EMPLOYEE_LEAVE_BALANCE (ID_Employee) VALUES (153);
INSERT INTO EMPLOYEE_LEAVE_BALANCE (ID_Employee) VALUES (154);
INSERT INTO EMPLOYEE_LEAVE_BALANCE (ID_Employee) VALUES (155);
INSERT INTO EMPLOYEE_LEAVE_BALANCE (ID_Employee) VALUES (156);
INSERT INTO EMPLOYEE_LEAVE_BALANCE (ID_Employee) VALUES (157);
INSERT INTO EMPLOYEE_LEAVE_BALANCE (ID_Employee) VALUES (158);
INSERT INTO EMPLOYEE_LEAVE_BALANCE (ID_Employee) VALUES (159);
INSERT INTO EMPLOYEE_LEAVE_BALANCE (ID_Employee) VALUES (160);
INSERT INTO EMPLOYEE_LEAVE_BALANCE (ID_Employee) VALUES (161);
INSERT INTO EMPLOYEE_LEAVE_BALANCE (ID_Employee) VALUES (162);
INSERT INTO EMPLOYEE_LEAVE_BALANCE (ID_Employee) VALUES (163);
INSERT INTO EMPLOYEE_LEAVE_BALANCE (ID_Employee) VALUES (164);
INSERT INTO EMPLOYEE_LEAVE_BALANCE (ID_Employee) VALUES (165);
INSERT INTO EMPLOYEE_LEAVE_BALANCE (ID_Employee) VALUES (166);
INSERT INTO EMPLOYEE_LEAVE_BALANCE (ID_Employee) VALUES (167);
INSERT INTO EMPLOYEE_LEAVE_BALANCE (ID_Employee) VALUES (168);
INSERT INTO EMPLOYEE_LEAVE_BALANCE (ID_Employee) VALUES (169);
INSERT INTO EMPLOYEE_LEAVE_BALANCE (ID_Employee) VALUES (170);
INSERT INTO EMPLOYEE_LEAVE_BALANCE (ID_Employee) VALUES (171);
INSERT INTO EMPLOYEE_LEAVE_BALANCE (ID_Employee) VALUES (172);
INSERT INTO EMPLOYEE_LEAVE_BALANCE (ID_Employee) VALUES (173);
INSERT INTO EMPLOYEE_LEAVE_BALANCE (ID_Employee) VALUES (174);
INSERT INTO EMPLOYEE_LEAVE_BALANCE (ID_Employee) VALUES (175);
INSERT INTO EMPLOYEE_LEAVE_BALANCE (ID_Employee) VALUES (176);
INSERT INTO EMPLOYEE_LEAVE_BALANCE (ID_Employee) VALUES (177);
INSERT INTO EMPLOYEE_LEAVE_BALANCE (ID_Employee) VALUES (178);
INSERT INTO EMPLOYEE_LEAVE_BALANCE (ID_Employee) VALUES (179);
INSERT INTO EMPLOYEE_LEAVE_BALANCE (ID_Employee) VALUES (180);
INSERT INTO EMPLOYEE_LEAVE_BALANCE (ID_Employee) VALUES (181);
INSERT INTO EMPLOYEE_LEAVE_BALANCE (ID_Employee) VALUES (182);
INSERT INTO EMPLOYEE_LEAVE_BALANCE (ID_Employee) VALUES (183);
INSERT INTO EMPLOYEE_LEAVE_BALANCE (ID_Employee) VALUES (184);
INSERT INTO EMPLOYEE_LEAVE_BALANCE (ID_Employee) VALUES (185);
INSERT INTO EMPLOYEE_LEAVE_BALANCE (ID_Employee) VALUES (186);
INSERT INTO EMPLOYEE_LEAVE_BALANCE (ID_Employee) VALUES (187);
INSERT INTO EMPLOYEE_LEAVE_BALANCE (ID_Employee) VALUES (188);
INSERT INTO EMPLOYEE_LEAVE_BALANCE (ID_Employee) VALUES (189);
INSERT INTO EMPLOYEE_LEAVE_BALANCE (ID_Employee) VALUES (190);
INSERT INTO EMPLOYEE_LEAVE_BALANCE (ID_Employee) VALUES (191);
INSERT INTO EMPLOYEE_LEAVE_BALANCE (ID_Employee) VALUES (192);
INSERT INTO EMPLOYEE_LEAVE_BALANCE (ID_Employee) VALUES (193);
INSERT INTO EMPLOYEE_LEAVE_BALANCE (ID_Employee) VALUES (194);
INSERT INTO EMPLOYEE_LEAVE_BALANCE (ID_Employee) VALUES (195);
INSERT INTO EMPLOYEE_LEAVE_BALANCE (ID_Employee) VALUES (196);
INSERT INTO EMPLOYEE_LEAVE_BALANCE (ID_Employee) VALUES (197);
INSERT INTO EMPLOYEE_LEAVE_BALANCE (ID_Employee) VALUES (198);
INSERT INTO EMPLOYEE_LEAVE_BALANCE (ID_Employee) VALUES (199);
INSERT INTO EMPLOYEE_LEAVE_BALANCE (ID_Employee) VALUES (200);
INSERT INTO EMPLOYEE_LEAVE_BALANCE (ID_Employee) VALUES (201);
INSERT INTO EMPLOYEE_LEAVE_BALANCE (ID_Employee) VALUES (202);
INSERT INTO EMPLOYEE_LEAVE_BALANCE (ID_Employee) VALUES (203);
INSERT INTO EMPLOYEE_LEAVE_BALANCE (ID_Employee) VALUES (204);
INSERT INTO EMPLOYEE_LEAVE_BALANCE (ID_Employee) VALUES (205);
INSERT INTO EMPLOYEE_LEAVE_BALANCE (ID_Employee) VALUES (206);
INSERT INTO EMPLOYEE_LEAVE_BALANCE (ID_Employee) VALUES (207);
INSERT INTO EMPLOYEE_LEAVE_BALANCE (ID_Employee) VALUES (208);
INSERT INTO EMPLOYEE_LEAVE_BALANCE (ID_Employee) VALUES (209);
INSERT INTO EMPLOYEE_LEAVE_BALANCE (ID_Employee) VALUES (210);
INSERT INTO EMPLOYEE_LEAVE_BALANCE (ID_Employee) VALUES (211);
INSERT INTO EMPLOYEE_LEAVE_BALANCE (ID_Employee) VALUES (212);
INSERT INTO EMPLOYEE_LEAVE_BALANCE (ID_Employee) VALUES (213);
INSERT INTO EMPLOYEE_LEAVE_BALANCE (ID_Employee) VALUES (214);
INSERT INTO EMPLOYEE_LEAVE_BALANCE (ID_Employee) VALUES (215);
INSERT INTO EMPLOYEE_LEAVE_BALANCE (ID_Employee) VALUES (216);
INSERT INTO EMPLOYEE_LEAVE_BALANCE (ID_Employee) VALUES (217);
INSERT INTO EMPLOYEE_LEAVE_BALANCE (ID_Employee) VALUES (218);
INSERT INTO EMPLOYEE_LEAVE_BALANCE (ID_Employee) VALUES (219);
INSERT INTO EMPLOYEE_LEAVE_BALANCE (ID_Employee) VALUES (220);
INSERT INTO EMPLOYEE_LEAVE_BALANCE (ID_Employee) VALUES (221);
INSERT INTO EMPLOYEE_LEAVE_BALANCE (ID_Employee) VALUES (222);
INSERT INTO EMPLOYEE_LEAVE_BALANCE (ID_Employee) VALUES (223);
INSERT INTO EMPLOYEE_LEAVE_BALANCE (ID_Employee) VALUES (224);
INSERT INTO EMPLOYEE_LEAVE_BALANCE (ID_Employee) VALUES (225);
INSERT INTO BRANCH (ID_Branch, BranchName, Address, PhoneNumber, OpeningHour, CloseHour, ID_Area, ID_Employee) VALUES (1, 'Risk Sushi Factory', '87521 Angela Park', '2082845985', '11:00:00', '20:00:00', 3, 11);
INSERT INTO BRANCH (ID_Branch, BranchName, Address, PhoneNumber, OpeningHour, CloseHour, ID_Area, ID_Employee) VALUES (2, 'Explain Sushi Bar', '662 Cruz Dam', '4427052057', '08:00:00', '21:00:00', 4, 10);
INSERT INTO BRANCH (ID_Branch, BranchName, Address, PhoneNumber, OpeningHour, CloseHour, ID_Area, ID_Employee) VALUES (3, 'Company Sushi World', '225 Nicholas Circles Suite 562', '6606234227', '06:00:00', '20:00:00', 4, 15);
INSERT INTO BRANCH (ID_Branch, BranchName, Address, PhoneNumber, OpeningHour, CloseHour, ID_Area, ID_Employee) VALUES (4, 'Night Sushi Bay', '5859 Ryan Ranch Suite 733', '4287067490', '07:00:00', '19:00:00', 3, 8);
INSERT INTO BRANCH (ID_Branch, BranchName, Address, PhoneNumber, OpeningHour, CloseHour, ID_Area, ID_Employee) VALUES (5, 'Various Sushi Island', '68197 John Crest Suite 455', '5521304261', '09:00:00', '23:00:00', 3, 6);
INSERT INTO BRANCH (ID_Branch, BranchName, Address, PhoneNumber, OpeningHour, CloseHour, ID_Area, ID_Employee) VALUES (6, 'Rule Sushi Garden', '9597 Perry Station Suite 981', '2689305952', '08:00:00', '21:00:00', 5, 5);
INSERT INTO BRANCH (ID_Branch, BranchName, Address, PhoneNumber, OpeningHour, CloseHour, ID_Area, ID_Employee) VALUES (7, 'Least Sushi Garden', '067 Michelle Rue Suite 236', '1717828368', '11:00:00', '20:00:00', 5, 7);
INSERT INTO BRANCH (ID_Branch, BranchName, Address, PhoneNumber, OpeningHour, CloseHour, ID_Area, ID_Employee) VALUES (8, 'Indeed Sushi Palace', '7790 Clark Stream Suite 691', '7064658082', '09:00:00', '19:00:00', 5, 14);
INSERT INTO BRANCH (ID_Branch, BranchName, Address, PhoneNumber, OpeningHour, CloseHour, ID_Area, ID_Employee) VALUES (9, 'Sing Sushi Corner', '26653 Mary Road', '0146289172', '12:00:00', '21:00:00', 1, 12);
INSERT INTO BRANCH (ID_Branch, BranchName, Address, PhoneNumber, OpeningHour, CloseHour, ID_Area, ID_Employee) VALUES (10, 'Pick Sushi Island', '471 Christina Stream', '4842257662', '06:00:00', '20:00:00', 4, 4);
INSERT INTO BRANCH (ID_Branch, BranchName, Address, PhoneNumber, OpeningHour, CloseHour, ID_Area, ID_Employee) VALUES (11, 'Clearly Sushi World', '5925 Shelly Rest', '8869389116', '11:00:00', '20:00:00', 5, 3);
INSERT INTO BRANCH (ID_Branch, BranchName, Address, PhoneNumber, OpeningHour, CloseHour, ID_Area, ID_Employee) VALUES (12, 'Month Sushi Garden', '0547 Andrea Turnpike Apt. 100', '7453713401', '09:00:00', '20:00:00', 4, 13);
INSERT INTO BRANCH (ID_Branch, BranchName, Address, PhoneNumber, OpeningHour, CloseHour, ID_Area, ID_Employee) VALUES (13, 'Agreement Sushi Island', '313 Reed Shore', '1007379124', '10:00:00', '18:00:00', 1, 9);
INSERT INTO BRANCH (ID_Branch, BranchName, Address, PhoneNumber, OpeningHour, CloseHour, ID_Area, ID_Employee) VALUES (14, 'Structure Sushi Bay', '2811 Martinez Fort Apt. 205', '5394906824', '07:00:00', '23:00:00', 1, 2);
INSERT INTO BRANCH (ID_Branch, BranchName, Address, PhoneNumber, OpeningHour, CloseHour, ID_Area, ID_Employee) VALUES (15, 'Since Sushi Bay', '437 Jackson Ranch', '0814625281', '06:00:00', '21:00:00', 1, 1);
INSERT INTO EMP_BRANCH_HISTORY (ID_Employee, ID_Branch, StartDate, EndDate) VALUES (139, 11, '2022-12-31', NULL);
INSERT INTO EMP_BRANCH_HISTORY (ID_Employee, ID_Branch, StartDate, EndDate) VALUES (185, 1, '2023-09-01', NULL);
INSERT INTO EMP_BRANCH_HISTORY (ID_Employee, ID_Branch, StartDate, EndDate) VALUES (11, 11, '2024-10-22', NULL);
INSERT INTO EMP_BRANCH_HISTORY (ID_Employee, ID_Branch, StartDate, EndDate) VALUES (225, 5, '2024-12-04', NULL);
INSERT INTO EMP_BRANCH_HISTORY (ID_Employee, ID_Branch, StartDate, EndDate) VALUES (210, 13, '2023-05-12', NULL);
INSERT INTO EMP_BRANCH_HISTORY (ID_Employee, ID_Branch, StartDate, EndDate) VALUES (157, 2, '2022-12-24', NULL);
INSERT INTO EMP_BRANCH_HISTORY (ID_Employee, ID_Branch, StartDate, EndDate) VALUES (189, 1, '2023-05-01', NULL);
INSERT INTO EMP_BRANCH_HISTORY (ID_Employee, ID_Branch, StartDate, EndDate) VALUES (129, 13, '2023-06-03', '2024-12-19');
INSERT INTO EMP_BRANCH_HISTORY (ID_Employee, ID_Branch, StartDate, EndDate) VALUES (119, 7, '2023-12-11', NULL);
INSERT INTO EMP_BRANCH_HISTORY (ID_Employee, ID_Branch, StartDate, EndDate) VALUES (71, 3, '2024-07-15', NULL);
INSERT INTO EMP_BRANCH_HISTORY (ID_Employee, ID_Branch, StartDate, EndDate) VALUES (27, 10, '2023-01-25', NULL);
INSERT INTO EMP_BRANCH_HISTORY (ID_Employee, ID_Branch, StartDate, EndDate) VALUES (27, 8, '2024-01-30', NULL);
INSERT INTO EMP_BRANCH_HISTORY (ID_Employee, ID_Branch, StartDate, EndDate) VALUES (73, 10, '2023-03-12', NULL);
INSERT INTO EMP_BRANCH_HISTORY (ID_Employee, ID_Branch, StartDate, EndDate) VALUES (63, 3, '2024-03-08', NULL);
INSERT INTO EMP_BRANCH_HISTORY (ID_Employee, ID_Branch, StartDate, EndDate) VALUES (140, 9, '2023-02-08', NULL);
INSERT INTO EMP_BRANCH_HISTORY (ID_Employee, ID_Branch, StartDate, EndDate) VALUES (187, 14, '2024-10-09', '2024-12-19');
INSERT INTO EMP_BRANCH_HISTORY (ID_Employee, ID_Branch, StartDate, EndDate) VALUES (200, 4, '2024-04-10', NULL);
INSERT INTO EMP_BRANCH_HISTORY (ID_Employee, ID_Branch, StartDate, EndDate) VALUES (159, 9, '2024-02-16', NULL);
INSERT INTO EMP_BRANCH_HISTORY (ID_Employee, ID_Branch, StartDate, EndDate) VALUES (57, 14, '2023-03-02', '2024-12-19');
INSERT INTO EMP_BRANCH_HISTORY (ID_Employee, ID_Branch, StartDate, EndDate) VALUES (103, 5, '2024-12-17', NULL);
INSERT INTO EMP_BRANCH_HISTORY (ID_Employee, ID_Branch, StartDate, EndDate) VALUES (116, 11, '2024-12-04', NULL);
INSERT INTO EMP_BRANCH_HISTORY (ID_Employee, ID_Branch, StartDate, EndDate) VALUES (10, 12, '2024-09-08', NULL);
INSERT INTO EMP_BRANCH_HISTORY (ID_Employee, ID_Branch, StartDate, EndDate) VALUES (149, 2, '2023-10-05', NULL);
INSERT INTO EMP_BRANCH_HISTORY (ID_Employee, ID_Branch, StartDate, EndDate) VALUES (111, 8, '2023-04-11', NULL);
INSERT INTO EMP_BRANCH_HISTORY (ID_Employee, ID_Branch, StartDate, EndDate) VALUES (98, 8, '2024-06-06', NULL);
INSERT INTO EMP_BRANCH_HISTORY (ID_Employee, ID_Branch, StartDate, EndDate) VALUES (32, 11, '2023-06-02', NULL);
INSERT INTO EMP_BRANCH_HISTORY (ID_Employee, ID_Branch, StartDate, EndDate) VALUES (199, 10, '2024-10-17', NULL);
INSERT INTO EMP_BRANCH_HISTORY (ID_Employee, ID_Branch, StartDate, EndDate) VALUES (170, 8, '2023-08-30', NULL);
INSERT INTO EMP_BRANCH_HISTORY (ID_Employee, ID_Branch, StartDate, EndDate) VALUES (185, 13, '2023-03-27', NULL);
INSERT INTO EMP_BRANCH_HISTORY (ID_Employee, ID_Branch, StartDate, EndDate) VALUES (5, 2, '2023-04-10', NULL);
INSERT INTO EMP_BRANCH_HISTORY (ID_Employee, ID_Branch, StartDate, EndDate) VALUES (10, 7, '2024-12-18', NULL);
INSERT INTO EMP_BRANCH_HISTORY (ID_Employee, ID_Branch, StartDate, EndDate) VALUES (147, 1, '2023-11-05', NULL);
INSERT INTO EMP_BRANCH_HISTORY (ID_Employee, ID_Branch, StartDate, EndDate) VALUES (207, 2, '2024-12-10', NULL);
INSERT INTO EMP_BRANCH_HISTORY (ID_Employee, ID_Branch, StartDate, EndDate) VALUES (109, 14, '2023-07-04', NULL);
INSERT INTO EMP_BRANCH_HISTORY (ID_Employee, ID_Branch, StartDate, EndDate) VALUES (204, 6, '2024-07-10', NULL);
INSERT INTO EMP_BRANCH_HISTORY (ID_Employee, ID_Branch, StartDate, EndDate) VALUES (44, 12, '2024-05-03', NULL);
INSERT INTO EMP_BRANCH_HISTORY (ID_Employee, ID_Branch, StartDate, EndDate) VALUES (47, 1, '2023-08-15', NULL);
INSERT INTO EMP_BRANCH_HISTORY (ID_Employee, ID_Branch, StartDate, EndDate) VALUES (118, 8, '2023-10-02', NULL);
INSERT INTO EMP_BRANCH_HISTORY (ID_Employee, ID_Branch, StartDate, EndDate) VALUES (140, 3, '2023-09-22', NULL);
INSERT INTO EMP_BRANCH_HISTORY (ID_Employee, ID_Branch, StartDate, EndDate) VALUES (174, 9, '2024-04-07', NULL);
INSERT INTO EMP_BRANCH_HISTORY (ID_Employee, ID_Branch, StartDate, EndDate) VALUES (87, 13, '2023-12-26', NULL);
INSERT INTO EMP_BRANCH_HISTORY (ID_Employee, ID_Branch, StartDate, EndDate) VALUES (124, 2, '2024-06-08', '2024-12-19');
INSERT INTO EMP_BRANCH_HISTORY (ID_Employee, ID_Branch, StartDate, EndDate) VALUES (127, 3, '2024-10-12', NULL);
INSERT INTO EMP_BRANCH_HISTORY (ID_Employee, ID_Branch, StartDate, EndDate) VALUES (27, 1, '2024-10-17', NULL);
INSERT INTO EMP_BRANCH_HISTORY (ID_Employee, ID_Branch, StartDate, EndDate) VALUES (173, 1, '2024-01-14', NULL);
INSERT INTO EMP_BRANCH_HISTORY (ID_Employee, ID_Branch, StartDate, EndDate) VALUES (105, 13, '2023-02-27', NULL);
INSERT INTO EMP_BRANCH_HISTORY (ID_Employee, ID_Branch, StartDate, EndDate) VALUES (114, 10, '2024-01-08', '2024-12-19');
INSERT INTO EMP_BRANCH_HISTORY (ID_Employee, ID_Branch, StartDate, EndDate) VALUES (23, 11, '2024-11-09', NULL);
INSERT INTO EMP_BRANCH_HISTORY (ID_Employee, ID_Branch, StartDate, EndDate) VALUES (110, 3, '2024-02-08', NULL);
INSERT INTO EMP_BRANCH_HISTORY (ID_Employee, ID_Branch, StartDate, EndDate) VALUES (43, 3, '2024-05-29', NULL);
INSERT INTO EMP_BRANCH_HISTORY (ID_Employee, ID_Branch, StartDate, EndDate) VALUES (63, 6, '2023-06-23', NULL);
INSERT INTO EMP_BRANCH_HISTORY (ID_Employee, ID_Branch, StartDate, EndDate) VALUES (150, 3, '2023-12-13', NULL);
INSERT INTO EMP_BRANCH_HISTORY (ID_Employee, ID_Branch, StartDate, EndDate) VALUES (146, 8, '2024-08-31', NULL);
INSERT INTO EMP_BRANCH_HISTORY (ID_Employee, ID_Branch, StartDate, EndDate) VALUES (107, 13, '2022-12-27', NULL);
INSERT INTO EMP_BRANCH_HISTORY (ID_Employee, ID_Branch, StartDate, EndDate) VALUES (79, 14, '2023-06-01', NULL);
INSERT INTO EMP_BRANCH_HISTORY (ID_Employee, ID_Branch, StartDate, EndDate) VALUES (6, 1, '2023-12-25', NULL);
INSERT INTO EMP_BRANCH_HISTORY (ID_Employee, ID_Branch, StartDate, EndDate) VALUES (29, 13, '2023-12-09', NULL);
INSERT INTO EMP_BRANCH_HISTORY (ID_Employee, ID_Branch, StartDate, EndDate) VALUES (143, 14, '2023-03-08', NULL);
INSERT INTO EMP_BRANCH_HISTORY (ID_Employee, ID_Branch, StartDate, EndDate) VALUES (82, 6, '2023-07-28', '2024-12-19');
INSERT INTO EMP_BRANCH_HISTORY (ID_Employee, ID_Branch, StartDate, EndDate) VALUES (135, 1, '2024-07-09', NULL);
INSERT INTO EMP_BRANCH_HISTORY (ID_Employee, ID_Branch, StartDate, EndDate) VALUES (11, 4, '2024-06-17', NULL);
INSERT INTO EMP_BRANCH_HISTORY (ID_Employee, ID_Branch, StartDate, EndDate) VALUES (57, 11, '2023-06-29', NULL);
INSERT INTO EMP_BRANCH_HISTORY (ID_Employee, ID_Branch, StartDate, EndDate) VALUES (13, 2, '2023-07-21', '2024-12-19');
INSERT INTO EMP_BRANCH_HISTORY (ID_Employee, ID_Branch, StartDate, EndDate) VALUES (133, 12, '2023-12-21', '2024-12-19');
INSERT INTO EMP_BRANCH_HISTORY (ID_Employee, ID_Branch, StartDate, EndDate) VALUES (41, 13, '2024-05-08', NULL);
INSERT INTO EMP_BRANCH_HISTORY (ID_Employee, ID_Branch, StartDate, EndDate) VALUES (43, 8, '2023-05-02', NULL);
INSERT INTO EMP_BRANCH_HISTORY (ID_Employee, ID_Branch, StartDate, EndDate) VALUES (90, 6, '2023-06-28', NULL);
INSERT INTO EMP_BRANCH_HISTORY (ID_Employee, ID_Branch, StartDate, EndDate) VALUES (214, 6, '2023-05-18', NULL);
INSERT INTO EMP_BRANCH_HISTORY (ID_Employee, ID_Branch, StartDate, EndDate) VALUES (2, 3, '2023-10-10', NULL);
INSERT INTO EMP_BRANCH_HISTORY (ID_Employee, ID_Branch, StartDate, EndDate) VALUES (129, 10, '2024-01-24', NULL);
INSERT INTO EMP_BRANCH_HISTORY (ID_Employee, ID_Branch, StartDate, EndDate) VALUES (130, 8, '2024-01-18', NULL);
INSERT INTO EMP_BRANCH_HISTORY (ID_Employee, ID_Branch, StartDate, EndDate) VALUES (116, 13, '2024-09-04', NULL);
INSERT INTO EMP_BRANCH_HISTORY (ID_Employee, ID_Branch, StartDate, EndDate) VALUES (49, 13, '2023-05-23', NULL);
INSERT INTO EMP_BRANCH_HISTORY (ID_Employee, ID_Branch, StartDate, EndDate) VALUES (28, 10, '2024-07-07', NULL);
INSERT INTO EMP_BRANCH_HISTORY (ID_Employee, ID_Branch, StartDate, EndDate) VALUES (12, 3, '2024-02-11', NULL);
INSERT INTO EMP_BRANCH_HISTORY (ID_Employee, ID_Branch, StartDate, EndDate) VALUES (200, 14, '2024-10-10', NULL);
INSERT INTO EMP_BRANCH_HISTORY (ID_Employee, ID_Branch, StartDate, EndDate) VALUES (61, 11, '2023-02-21', NULL);
INSERT INTO EMP_BRANCH_HISTORY (ID_Employee, ID_Branch, StartDate, EndDate) VALUES (171, 14, '2024-12-19', NULL);
INSERT INTO EMP_BRANCH_HISTORY (ID_Employee, ID_Branch, StartDate, EndDate) VALUES (67, 3, '2024-10-10', NULL);
INSERT INTO EMP_BRANCH_HISTORY (ID_Employee, ID_Branch, StartDate, EndDate) VALUES (70, 13, '2023-10-15', NULL);
INSERT INTO EMP_BRANCH_HISTORY (ID_Employee, ID_Branch, StartDate, EndDate) VALUES (46, 2, '2023-05-18', NULL);
INSERT INTO EMP_BRANCH_HISTORY (ID_Employee, ID_Branch, StartDate, EndDate) VALUES (96, 6, '2023-04-23', NULL);
INSERT INTO EMP_BRANCH_HISTORY (ID_Employee, ID_Branch, StartDate, EndDate) VALUES (120, 10, '2023-09-08', NULL);
INSERT INTO EMP_BRANCH_HISTORY (ID_Employee, ID_Branch, StartDate, EndDate) VALUES (83, 13, '2023-02-10', NULL);
INSERT INTO EMP_BRANCH_HISTORY (ID_Employee, ID_Branch, StartDate, EndDate) VALUES (41, 5, '2024-01-14', NULL);
INSERT INTO EMP_BRANCH_HISTORY (ID_Employee, ID_Branch, StartDate, EndDate) VALUES (97, 8, '2023-04-14', NULL);
INSERT INTO EMP_BRANCH_HISTORY (ID_Employee, ID_Branch, StartDate, EndDate) VALUES (81, 1, '2024-04-17', NULL);
INSERT INTO EMP_BRANCH_HISTORY (ID_Employee, ID_Branch, StartDate, EndDate) VALUES (154, 9, '2023-02-13', NULL);
INSERT INTO EMP_BRANCH_HISTORY (ID_Employee, ID_Branch, StartDate, EndDate) VALUES (113, 11, '2024-01-08', NULL);
INSERT INTO EMP_BRANCH_HISTORY (ID_Employee, ID_Branch, StartDate, EndDate) VALUES (114, 7, '2023-04-14', NULL);
INSERT INTO EMP_BRANCH_HISTORY (ID_Employee, ID_Branch, StartDate, EndDate) VALUES (116, 9, '2024-09-11', NULL);
INSERT INTO EMP_BRANCH_HISTORY (ID_Employee, ID_Branch, StartDate, EndDate) VALUES (84, 11, '2023-03-05', NULL);
INSERT INTO EMP_BRANCH_HISTORY (ID_Employee, ID_Branch, StartDate, EndDate) VALUES (175, 7, '2022-12-26', NULL);
INSERT INTO EMP_BRANCH_HISTORY (ID_Employee, ID_Branch, StartDate, EndDate) VALUES (176, 4, '2024-11-11', NULL);
INSERT INTO EMP_BRANCH_HISTORY (ID_Employee, ID_Branch, StartDate, EndDate) VALUES (184, 12, '2023-06-18', NULL);
INSERT INTO EMP_BRANCH_HISTORY (ID_Employee, ID_Branch, StartDate, EndDate) VALUES (49, 9, '2023-04-26', NULL);
INSERT INTO EMP_BRANCH_HISTORY (ID_Employee, ID_Branch, StartDate, EndDate) VALUES (16, 11, '2024-01-29', NULL);
INSERT INTO EMP_BRANCH_HISTORY (ID_Employee, ID_Branch, StartDate, EndDate) VALUES (225, 3, '2023-12-02', NULL);
INSERT INTO EMP_BRANCH_HISTORY (ID_Employee, ID_Branch, StartDate, EndDate) VALUES (73, 11, '2024-09-19', NULL);
INSERT INTO EMP_BRANCH_HISTORY (ID_Employee, ID_Branch, StartDate, EndDate) VALUES (105, 8, '2023-01-13', NULL);
INSERT INTO EMP_BRANCH_HISTORY (ID_Employee, ID_Branch, StartDate, EndDate) VALUES (162, 4, '2024-08-18', NULL);
INSERT INTO EMP_BRANCH_HISTORY (ID_Employee, ID_Branch, StartDate, EndDate) VALUES (37, 14, '2024-11-03', NULL);
INSERT INTO EMP_BRANCH_HISTORY (ID_Employee, ID_Branch, StartDate, EndDate) VALUES (34, 13, '2024-01-19', '2024-12-19');
INSERT INTO EMP_BRANCH_HISTORY (ID_Employee, ID_Branch, StartDate, EndDate) VALUES (56, 7, '2024-07-09', '2024-12-19');
INSERT INTO EMP_BRANCH_HISTORY (ID_Employee, ID_Branch, StartDate, EndDate) VALUES (138, 10, '2024-02-03', NULL);
INSERT INTO EMP_BRANCH_HISTORY (ID_Employee, ID_Branch, StartDate, EndDate) VALUES (95, 15, '2024-02-29', NULL);
INSERT INTO EMP_BRANCH_HISTORY (ID_Employee, ID_Branch, StartDate, EndDate) VALUES (82, 5, '2023-07-25', NULL);
INSERT INTO EMP_BRANCH_HISTORY (ID_Employee, ID_Branch, StartDate, EndDate) VALUES (87, 15, '2023-05-29', NULL);
INSERT INTO EMP_BRANCH_HISTORY (ID_Employee, ID_Branch, StartDate, EndDate) VALUES (208, 8, '2024-03-26', NULL);
INSERT INTO EMP_BRANCH_HISTORY (ID_Employee, ID_Branch, StartDate, EndDate) VALUES (19, 10, '2024-01-28', NULL);
INSERT INTO EMP_BRANCH_HISTORY (ID_Employee, ID_Branch, StartDate, EndDate) VALUES (27, 13, '2023-07-12', NULL);
INSERT INTO EMP_BRANCH_HISTORY (ID_Employee, ID_Branch, StartDate, EndDate) VALUES (134, 14, '2023-07-25', NULL);
INSERT INTO EMP_BRANCH_HISTORY (ID_Employee, ID_Branch, StartDate, EndDate) VALUES (71, 4, '2024-03-11', NULL);
INSERT INTO EMP_BRANCH_HISTORY (ID_Employee, ID_Branch, StartDate, EndDate) VALUES (121, 9, '2023-09-22', NULL);
INSERT INTO EMP_BRANCH_HISTORY (ID_Employee, ID_Branch, StartDate, EndDate) VALUES (144, 13, '2024-01-28', NULL);
INSERT INTO EMP_BRANCH_HISTORY (ID_Employee, ID_Branch, StartDate, EndDate) VALUES (145, 12, '2023-03-29', NULL);
INSERT INTO EMP_BRANCH_HISTORY (ID_Employee, ID_Branch, StartDate, EndDate) VALUES (60, 12, '2024-05-30', NULL);
INSERT INTO EMP_BRANCH_HISTORY (ID_Employee, ID_Branch, StartDate, EndDate) VALUES (203, 14, '2023-02-14', '2024-12-19');
INSERT INTO EMP_BRANCH_HISTORY (ID_Employee, ID_Branch, StartDate, EndDate) VALUES (43, 14, '2023-02-21', NULL);
INSERT INTO EMP_BRANCH_HISTORY (ID_Employee, ID_Branch, StartDate, EndDate) VALUES (133, 6, '2024-09-08', NULL);
INSERT INTO EMP_BRANCH_HISTORY (ID_Employee, ID_Branch, StartDate, EndDate) VALUES (43, 12, '2024-10-08', NULL);
INSERT INTO EMP_BRANCH_HISTORY (ID_Employee, ID_Branch, StartDate, EndDate) VALUES (27, 3, '2024-04-16', NULL);
INSERT INTO EMP_BRANCH_HISTORY (ID_Employee, ID_Branch, StartDate, EndDate) VALUES (7, 14, '2024-04-03', '2024-12-19');
INSERT INTO EMP_BRANCH_HISTORY (ID_Employee, ID_Branch, StartDate, EndDate) VALUES (77, 2, '2023-02-25', NULL);
INSERT INTO EMP_BRANCH_HISTORY (ID_Employee, ID_Branch, StartDate, EndDate) VALUES (3, 5, '2024-10-09', NULL);
INSERT INTO EMP_BRANCH_HISTORY (ID_Employee, ID_Branch, StartDate, EndDate) VALUES (105, 4, '2023-03-23', NULL);
INSERT INTO EMP_BRANCH_HISTORY (ID_Employee, ID_Branch, StartDate, EndDate) VALUES (220, 4, '2024-02-10', NULL);
INSERT INTO EMP_BRANCH_HISTORY (ID_Employee, ID_Branch, StartDate, EndDate) VALUES (198, 12, '2024-09-22', NULL);
INSERT INTO EMP_BRANCH_HISTORY (ID_Employee, ID_Branch, StartDate, EndDate) VALUES (49, 11, '2024-07-29', '2024-12-19');
INSERT INTO EMP_BRANCH_HISTORY (ID_Employee, ID_Branch, StartDate, EndDate) VALUES (187, 1, '2023-03-15', NULL);
INSERT INTO EMP_BRANCH_HISTORY (ID_Employee, ID_Branch, StartDate, EndDate) VALUES (77, 3, '2024-06-24', NULL);
INSERT INTO EMP_BRANCH_HISTORY (ID_Employee, ID_Branch, StartDate, EndDate) VALUES (187, 4, '2023-01-29', NULL);
INSERT INTO EMP_BRANCH_HISTORY (ID_Employee, ID_Branch, StartDate, EndDate) VALUES (13, 4, '2023-06-17', NULL);
INSERT INTO EMP_BRANCH_HISTORY (ID_Employee, ID_Branch, StartDate, EndDate) VALUES (182, 14, '2024-10-31', NULL);
INSERT INTO EMP_BRANCH_HISTORY (ID_Employee, ID_Branch, StartDate, EndDate) VALUES (34, 6, '2023-02-16', NULL);
INSERT INTO EMP_BRANCH_HISTORY (ID_Employee, ID_Branch, StartDate, EndDate) VALUES (143, 11, '2023-11-26', '2024-12-19');
INSERT INTO EMP_BRANCH_HISTORY (ID_Employee, ID_Branch, StartDate, EndDate) VALUES (96, 2, '2024-09-03', NULL);
INSERT INTO EMP_BRANCH_HISTORY (ID_Employee, ID_Branch, StartDate, EndDate) VALUES (26, 3, '2023-08-17', '2024-12-19');
INSERT INTO EMP_BRANCH_HISTORY (ID_Employee, ID_Branch, StartDate, EndDate) VALUES (186, 14, '2023-08-13', NULL);
INSERT INTO EMP_BRANCH_HISTORY (ID_Employee, ID_Branch, StartDate, EndDate) VALUES (192, 6, '2023-10-30', NULL);
INSERT INTO EMP_BRANCH_HISTORY (ID_Employee, ID_Branch, StartDate, EndDate) VALUES (165, 8, '2024-05-20', NULL);
INSERT INTO EMP_BRANCH_HISTORY (ID_Employee, ID_Branch, StartDate, EndDate) VALUES (222, 14, '2023-10-24', NULL);
INSERT INTO EMP_BRANCH_HISTORY (ID_Employee, ID_Branch, StartDate, EndDate) VALUES (112, 6, '2024-03-09', '2024-12-19');
INSERT INTO EMP_BRANCH_HISTORY (ID_Employee, ID_Branch, StartDate, EndDate) VALUES (162, 2, '2023-11-24', NULL);
INSERT INTO EMP_BRANCH_HISTORY (ID_Employee, ID_Branch, StartDate, EndDate) VALUES (119, 10, '2024-06-05', NULL);
INSERT INTO EMP_BRANCH_HISTORY (ID_Employee, ID_Branch, StartDate, EndDate) VALUES (166, 7, '2023-06-04', NULL);
INSERT INTO EMP_BRANCH_HISTORY (ID_Employee, ID_Branch, StartDate, EndDate) VALUES (164, 4, '2024-09-12', NULL);
INSERT INTO EMP_BRANCH_HISTORY (ID_Employee, ID_Branch, StartDate, EndDate) VALUES (30, 6, '2024-06-02', NULL);
INSERT INTO EMP_BRANCH_HISTORY (ID_Employee, ID_Branch, StartDate, EndDate) VALUES (130, 10, '2023-04-16', NULL);
INSERT INTO EMP_BRANCH_HISTORY (ID_Employee, ID_Branch, StartDate, EndDate) VALUES (146, 12, '2024-07-31', NULL);
INSERT INTO EMP_BRANCH_HISTORY (ID_Employee, ID_Branch, StartDate, EndDate) VALUES (175, 1, '2024-02-20', '2024-12-19');
INSERT INTO EMP_BRANCH_HISTORY (ID_Employee, ID_Branch, StartDate, EndDate) VALUES (21, 8, '2023-08-17', NULL);
INSERT INTO EMP_BRANCH_HISTORY (ID_Employee, ID_Branch, StartDate, EndDate) VALUES (212, 10, '2023-12-11', '2024-12-19');
INSERT INTO EMP_BRANCH_HISTORY (ID_Employee, ID_Branch, StartDate, EndDate) VALUES (131, 9, '2023-05-11', NULL);
INSERT INTO EMP_BRANCH_HISTORY (ID_Employee, ID_Branch, StartDate, EndDate) VALUES (147, 12, '2024-07-08', NULL);
INSERT INTO EMP_BRANCH_HISTORY (ID_Employee, ID_Branch, StartDate, EndDate) VALUES (149, 3, '2023-03-20', NULL);
INSERT INTO EMP_BRANCH_HISTORY (ID_Employee, ID_Branch, StartDate, EndDate) VALUES (102, 3, '2023-05-07', NULL);
INSERT INTO EMP_BRANCH_HISTORY (ID_Employee, ID_Branch, StartDate, EndDate) VALUES (138, 3, '2022-12-30', NULL);
INSERT INTO EMP_BRANCH_HISTORY (ID_Employee, ID_Branch, StartDate, EndDate) VALUES (104, 13, '2024-01-10', NULL);
INSERT INTO EMP_BRANCH_HISTORY (ID_Employee, ID_Branch, StartDate, EndDate) VALUES (49, 15, '2023-09-05', NULL);
INSERT INTO EMP_BRANCH_HISTORY (ID_Employee, ID_Branch, StartDate, EndDate) VALUES (197, 4, '2024-01-21', '2024-12-19');
INSERT INTO EMP_BRANCH_HISTORY (ID_Employee, ID_Branch, StartDate, EndDate) VALUES (215, 13, '2023-01-06', NULL);
INSERT INTO EMP_BRANCH_HISTORY (ID_Employee, ID_Branch, StartDate, EndDate) VALUES (124, 9, '2024-04-18', NULL);
INSERT INTO EMP_BRANCH_HISTORY (ID_Employee, ID_Branch, StartDate, EndDate) VALUES (210, 6, '2023-10-22', '2024-12-19');
INSERT INTO EMP_BRANCH_HISTORY (ID_Employee, ID_Branch, StartDate, EndDate) VALUES (49, 2, '2024-06-13', NULL);
INSERT INTO EMP_BRANCH_HISTORY (ID_Employee, ID_Branch, StartDate, EndDate) VALUES (48, 3, '2024-06-27', NULL);
INSERT INTO EMP_BRANCH_HISTORY (ID_Employee, ID_Branch, StartDate, EndDate) VALUES (128, 8, '2024-02-20', NULL);
INSERT INTO EMP_BRANCH_HISTORY (ID_Employee, ID_Branch, StartDate, EndDate) VALUES (124, 3, '2023-11-15', NULL);
INSERT INTO EMP_BRANCH_HISTORY (ID_Employee, ID_Branch, StartDate, EndDate) VALUES (170, 10, '2023-12-30', NULL);
INSERT INTO EMP_BRANCH_HISTORY (ID_Employee, ID_Branch, StartDate, EndDate) VALUES (152, 14, '2024-10-29', NULL);
INSERT INTO EMP_BRANCH_HISTORY (ID_Employee, ID_Branch, StartDate, EndDate) VALUES (126, 10, '2023-08-23', NULL);
INSERT INTO EMP_BRANCH_HISTORY (ID_Employee, ID_Branch, StartDate, EndDate) VALUES (3, 14, '2023-02-27', NULL);
INSERT INTO EMP_BRANCH_HISTORY (ID_Employee, ID_Branch, StartDate, EndDate) VALUES (37, 1, '2024-04-14', NULL);
INSERT INTO EMP_BRANCH_HISTORY (ID_Employee, ID_Branch, StartDate, EndDate) VALUES (159, 12, '2023-08-05', NULL);
INSERT INTO EMP_BRANCH_HISTORY (ID_Employee, ID_Branch, StartDate, EndDate) VALUES (135, 12, '2023-09-25', NULL);
INSERT INTO EMP_BRANCH_HISTORY (ID_Employee, ID_Branch, StartDate, EndDate) VALUES (76, 13, '2024-07-28', NULL);
INSERT INTO EMP_BRANCH_HISTORY (ID_Employee, ID_Branch, StartDate, EndDate) VALUES (31, 9, '2023-08-31', NULL);
INSERT INTO EMP_BRANCH_HISTORY (ID_Employee, ID_Branch, StartDate, EndDate) VALUES (76, 15, '2024-08-28', NULL);
INSERT INTO EMP_BRANCH_HISTORY (ID_Employee, ID_Branch, StartDate, EndDate) VALUES (40, 3, '2024-11-04', NULL);
INSERT INTO EMP_BRANCH_HISTORY (ID_Employee, ID_Branch, StartDate, EndDate) VALUES (59, 10, '2024-06-27', NULL);
INSERT INTO EMP_BRANCH_HISTORY (ID_Employee, ID_Branch, StartDate, EndDate) VALUES (53, 1, '2024-07-27', NULL);
INSERT INTO EMP_BRANCH_HISTORY (ID_Employee, ID_Branch, StartDate, EndDate) VALUES (28, 9, '2023-12-09', NULL);
INSERT INTO EMP_BRANCH_HISTORY (ID_Employee, ID_Branch, StartDate, EndDate) VALUES (198, 14, '2024-06-29', NULL);
INSERT INTO EMP_BRANCH_HISTORY (ID_Employee, ID_Branch, StartDate, EndDate) VALUES (98, 12, '2023-11-11', NULL);
INSERT INTO EMP_BRANCH_HISTORY (ID_Employee, ID_Branch, StartDate, EndDate) VALUES (203, 7, '2024-06-15', NULL);
INSERT INTO EMP_BRANCH_HISTORY (ID_Employee, ID_Branch, StartDate, EndDate) VALUES (95, 3, '2024-01-07', NULL);
INSERT INTO EMP_BRANCH_HISTORY (ID_Employee, ID_Branch, StartDate, EndDate) VALUES (215, 15, '2023-05-29', NULL);
INSERT INTO EMP_BRANCH_HISTORY (ID_Employee, ID_Branch, StartDate, EndDate) VALUES (174, 12, '2023-07-05', NULL);
INSERT INTO EMP_BRANCH_HISTORY (ID_Employee, ID_Branch, StartDate, EndDate) VALUES (182, 9, '2024-01-25', NULL);
INSERT INTO EMP_BRANCH_HISTORY (ID_Employee, ID_Branch, StartDate, EndDate) VALUES (202, 10, '2024-11-29', NULL);
INSERT INTO EMP_BRANCH_HISTORY (ID_Employee, ID_Branch, StartDate, EndDate) VALUES (170, 3, '2023-09-01', NULL);
INSERT INTO EMP_BRANCH_HISTORY (ID_Employee, ID_Branch, StartDate, EndDate) VALUES (5, 11, '2023-06-22', '2024-12-19');
INSERT INTO EMP_BRANCH_HISTORY (ID_Employee, ID_Branch, StartDate, EndDate) VALUES (225, 13, '2024-03-19', '2024-12-19');
INSERT INTO EMP_BRANCH_HISTORY (ID_Employee, ID_Branch, StartDate, EndDate) VALUES (194, 1, '2023-06-21', NULL);
INSERT INTO EMP_BRANCH_HISTORY (ID_Employee, ID_Branch, StartDate, EndDate) VALUES (172, 4, '2023-07-31', NULL);
INSERT INTO EMP_BRANCH_HISTORY (ID_Employee, ID_Branch, StartDate, EndDate) VALUES (163, 13, '2023-08-07', NULL);
INSERT INTO EMP_BRANCH_HISTORY (ID_Employee, ID_Branch, StartDate, EndDate) VALUES (78, 15, '2023-04-24', NULL);
INSERT INTO EMP_BRANCH_HISTORY (ID_Employee, ID_Branch, StartDate, EndDate) VALUES (219, 2, '2024-10-31', NULL);
INSERT INTO EMP_BRANCH_HISTORY (ID_Employee, ID_Branch, StartDate, EndDate) VALUES (36, 15, '2024-11-19', NULL);
INSERT INTO EMP_BRANCH_HISTORY (ID_Employee, ID_Branch, StartDate, EndDate) VALUES (9, 2, '2024-03-06', NULL);
INSERT INTO EMP_BRANCH_HISTORY (ID_Employee, ID_Branch, StartDate, EndDate) VALUES (38, 11, '2023-01-02', NULL);
INSERT INTO EMP_BRANCH_HISTORY (ID_Employee, ID_Branch, StartDate, EndDate) VALUES (74, 4, '2022-12-22', '2024-12-19');
INSERT INTO EMP_BRANCH_HISTORY (ID_Employee, ID_Branch, StartDate, EndDate) VALUES (131, 5, '2024-05-19', NULL);
INSERT INTO EMP_BRANCH_HISTORY (ID_Employee, ID_Branch, StartDate, EndDate) VALUES (66, 5, '2024-08-16', NULL);
INSERT INTO EMP_BRANCH_HISTORY (ID_Employee, ID_Branch, StartDate, EndDate) VALUES (35, 4, '2024-06-22', NULL);
INSERT INTO EMP_BRANCH_HISTORY (ID_Employee, ID_Branch, StartDate, EndDate) VALUES (93, 5, '2024-10-26', NULL);
INSERT INTO EMP_BRANCH_HISTORY (ID_Employee, ID_Branch, StartDate, EndDate) VALUES (225, 4, '2023-10-13', '2024-12-19');
INSERT INTO EMP_BRANCH_HISTORY (ID_Employee, ID_Branch, StartDate, EndDate) VALUES (116, 1, '2023-07-15', NULL);
INSERT INTO EMP_BRANCH_HISTORY (ID_Employee, ID_Branch, StartDate, EndDate) VALUES (204, 5, '2024-05-24', NULL);
INSERT INTO EMP_BRANCH_HISTORY (ID_Employee, ID_Branch, StartDate, EndDate) VALUES (177, 8, '2023-03-15', NULL);
INSERT INTO EMP_BRANCH_HISTORY (ID_Employee, ID_Branch, StartDate, EndDate) VALUES (89, 9, '2024-08-27', NULL);
INSERT INTO EMP_BRANCH_HISTORY (ID_Employee, ID_Branch, StartDate, EndDate) VALUES (33, 2, '2024-01-30', NULL);
INSERT INTO EMP_BRANCH_HISTORY (ID_Employee, ID_Branch, StartDate, EndDate) VALUES (48, 11, '2023-09-16', NULL);
INSERT INTO EMP_BRANCH_HISTORY (ID_Employee, ID_Branch, StartDate, EndDate) VALUES (183, 7, '2023-11-19', NULL);
INSERT INTO EMP_BRANCH_HISTORY (ID_Employee, ID_Branch, StartDate, EndDate) VALUES (57, 9, '2023-03-28', NULL);
INSERT INTO EMP_BRANCH_HISTORY (ID_Employee, ID_Branch, StartDate, EndDate) VALUES (43, 15, '2023-11-20', NULL);
INSERT INTO EMP_BRANCH_HISTORY (ID_Employee, ID_Branch, StartDate, EndDate) VALUES (45, 1, '2022-12-28', NULL);
INSERT INTO EMP_BRANCH_HISTORY (ID_Employee, ID_Branch, StartDate, EndDate) VALUES (194, 13, '2023-03-18', NULL);
INSERT INTO EMP_BRANCH_HISTORY (ID_Employee, ID_Branch, StartDate, EndDate) VALUES (151, 15, '2022-12-20', NULL);
INSERT INTO EMP_BRANCH_HISTORY (ID_Employee, ID_Branch, StartDate, EndDate) VALUES (191, 5, '2023-11-16', '2024-12-19');
INSERT INTO EMP_BRANCH_HISTORY (ID_Employee, ID_Branch, StartDate, EndDate) VALUES (111, 5, '2024-07-30', NULL);
INSERT INTO EMP_BRANCH_HISTORY (ID_Employee, ID_Branch, StartDate, EndDate) VALUES (123, 6, '2024-12-16', NULL);
INSERT INTO EMP_BRANCH_HISTORY (ID_Employee, ID_Branch, StartDate, EndDate) VALUES (211, 5, '2024-03-13', '2024-12-19');
INSERT INTO EMP_BRANCH_HISTORY (ID_Employee, ID_Branch, StartDate, EndDate) VALUES (72, 8, '2023-08-08', NULL);
INSERT INTO EMP_BRANCH_HISTORY (ID_Employee, ID_Branch, StartDate, EndDate) VALUES (196, 13, '2024-09-08', NULL);
INSERT INTO EMP_BRANCH_HISTORY (ID_Employee, ID_Branch, StartDate, EndDate) VALUES (114, 9, '2024-10-24', NULL);
INSERT INTO EMP_BRANCH_HISTORY (ID_Employee, ID_Branch, StartDate, EndDate) VALUES (198, 11, '2023-03-01', '2024-12-19');
INSERT INTO EMP_BRANCH_HISTORY (ID_Employee, ID_Branch, StartDate, EndDate) VALUES (123, 9, '2023-05-21', NULL);
INSERT INTO EMP_BRANCH_HISTORY (ID_Employee, ID_Branch, StartDate, EndDate) VALUES (224, 14, '2023-10-30', '2024-12-19');
INSERT INTO EMP_BRANCH_HISTORY (ID_Employee, ID_Branch, StartDate, EndDate) VALUES (71, 8, '2024-01-21', NULL);
INSERT INTO EMP_BRANCH_HISTORY (ID_Employee, ID_Branch, StartDate, EndDate) VALUES (13, 12, '2023-09-01', NULL);
INSERT INTO EMP_BRANCH_HISTORY (ID_Employee, ID_Branch, StartDate, EndDate) VALUES (166, 11, '2023-03-17', NULL);
INSERT INTO EMP_BRANCH_HISTORY (ID_Employee, ID_Branch, StartDate, EndDate) VALUES (107, 14, '2023-03-06', NULL);
INSERT INTO EMP_BRANCH_HISTORY (ID_Employee, ID_Branch, StartDate, EndDate) VALUES (216, 15, '2024-07-30', NULL);
INSERT INTO EMP_BRANCH_HISTORY (ID_Employee, ID_Branch, StartDate, EndDate) VALUES (55, 11, '2024-02-29', NULL);
INSERT INTO EMP_BRANCH_HISTORY (ID_Employee, ID_Branch, StartDate, EndDate) VALUES (192, 9, '2023-02-06', NULL);
INSERT INTO EMP_BRANCH_HISTORY (ID_Employee, ID_Branch, StartDate, EndDate) VALUES (9, 15, '2023-10-11', '2024-12-19');
INSERT INTO EMP_BRANCH_HISTORY (ID_Employee, ID_Branch, StartDate, EndDate) VALUES (22, 13, '2024-01-22', NULL);
INSERT INTO EMP_BRANCH_HISTORY (ID_Employee, ID_Branch, StartDate, EndDate) VALUES (197, 14, '2023-02-20', NULL);
INSERT INTO EMP_BRANCH_HISTORY (ID_Employee, ID_Branch, StartDate, EndDate) VALUES (78, 2, '2024-03-17', NULL);
INSERT INTO EMP_BRANCH_HISTORY (ID_Employee, ID_Branch, StartDate, EndDate) VALUES (166, 2, '2024-07-05', NULL);
INSERT INTO EMP_BRANCH_HISTORY (ID_Employee, ID_Branch, StartDate, EndDate) VALUES (118, 2, '2024-11-29', NULL);
INSERT INTO EMP_BRANCH_HISTORY (ID_Employee, ID_Branch, StartDate, EndDate) VALUES (46, 12, '2023-01-28', NULL);
INSERT INTO EMP_BRANCH_HISTORY (ID_Employee, ID_Branch, StartDate, EndDate) VALUES (188, 3, '2024-04-21', NULL);
INSERT INTO EMP_BRANCH_HISTORY (ID_Employee, ID_Branch, StartDate, EndDate) VALUES (219, 14, '2023-04-06', NULL);
INSERT INTO EMP_BRANCH_HISTORY (ID_Employee, ID_Branch, StartDate, EndDate) VALUES (145, 11, '2023-11-28', NULL);
INSERT INTO EMP_BRANCH_HISTORY (ID_Employee, ID_Branch, StartDate, EndDate) VALUES (196, 9, '2023-10-25', NULL);
INSERT INTO EMP_BRANCH_HISTORY (ID_Employee, ID_Branch, StartDate, EndDate) VALUES (115, 9, '2024-09-20', NULL);
INSERT INTO EMP_BRANCH_HISTORY (ID_Employee, ID_Branch, StartDate, EndDate) VALUES (46, 1, '2024-11-16', NULL);
INSERT INTO EMP_BRANCH_HISTORY (ID_Employee, ID_Branch, StartDate, EndDate) VALUES (116, 5, '2023-07-20', NULL);
INSERT INTO EMP_BRANCH_HISTORY (ID_Employee, ID_Branch, StartDate, EndDate) VALUES (33, 4, '2023-11-22', NULL);
INSERT INTO EMP_BRANCH_HISTORY (ID_Employee, ID_Branch, StartDate, EndDate) VALUES (80, 8, '2023-06-14', NULL);
INSERT INTO EMP_BRANCH_HISTORY (ID_Employee, ID_Branch, StartDate, EndDate) VALUES (218, 7, '2024-08-03', NULL);
INSERT INTO EMP_BRANCH_HISTORY (ID_Employee, ID_Branch, StartDate, EndDate) VALUES (4, 12, '2023-06-22', NULL);
INSERT INTO EMP_BRANCH_HISTORY (ID_Employee, ID_Branch, StartDate, EndDate) VALUES (119, 2, '2023-10-06', NULL);
INSERT INTO EMP_BRANCH_HISTORY (ID_Employee, ID_Branch, StartDate, EndDate) VALUES (138, 13, '2023-06-03', NULL);
INSERT INTO EMP_BRANCH_HISTORY (ID_Employee, ID_Branch, StartDate, EndDate) VALUES (151, 8, '2024-10-01', NULL);
INSERT INTO EMP_BRANCH_HISTORY (ID_Employee, ID_Branch, StartDate, EndDate) VALUES (96, 4, '2024-12-14', NULL);
INSERT INTO EMP_BRANCH_HISTORY (ID_Employee, ID_Branch, StartDate, EndDate) VALUES (190, 10, '2023-06-09', '2024-12-19');
INSERT INTO EMP_BRANCH_HISTORY (ID_Employee, ID_Branch, StartDate, EndDate) VALUES (147, 2, '2023-06-23', NULL);
INSERT INTO EMP_BRANCH_HISTORY (ID_Employee, ID_Branch, StartDate, EndDate) VALUES (142, 1, '2024-06-03', NULL);
INSERT INTO EMP_BRANCH_HISTORY (ID_Employee, ID_Branch, StartDate, EndDate) VALUES (154, 5, '2024-10-11', NULL);
INSERT INTO EMP_BRANCH_HISTORY (ID_Employee, ID_Branch, StartDate, EndDate) VALUES (78, 3, '2024-05-18', NULL);
INSERT INTO EMP_BRANCH_HISTORY (ID_Employee, ID_Branch, StartDate, EndDate) VALUES (10, 5, '2022-12-21', NULL);
INSERT INTO EMP_BRANCH_HISTORY (ID_Employee, ID_Branch, StartDate, EndDate) VALUES (18, 6, '2023-01-15', NULL);
INSERT INTO EMP_BRANCH_HISTORY (ID_Employee, ID_Branch, StartDate, EndDate) VALUES (151, 12, '2023-06-05', NULL);
INSERT INTO EMP_BRANCH_HISTORY (ID_Employee, ID_Branch, StartDate, EndDate) VALUES (42, 13, '2023-07-19', NULL);
INSERT INTO EMP_BRANCH_HISTORY (ID_Employee, ID_Branch, StartDate, EndDate) VALUES (96, 3, '2023-02-20', NULL);
INSERT INTO EMP_BRANCH_HISTORY (ID_Employee, ID_Branch, StartDate, EndDate) VALUES (161, 12, '2023-10-07', NULL);
INSERT INTO EMP_BRANCH_HISTORY (ID_Employee, ID_Branch, StartDate, EndDate) VALUES (76, 2, '2023-03-16', NULL);
INSERT INTO EMP_BRANCH_HISTORY (ID_Employee, ID_Branch, StartDate, EndDate) VALUES (206, 14, '2024-03-05', NULL);
INSERT INTO EMP_BRANCH_HISTORY (ID_Employee, ID_Branch, StartDate, EndDate) VALUES (211, 9, '2024-10-13', NULL);
INSERT INTO EMP_BRANCH_HISTORY (ID_Employee, ID_Branch, StartDate, EndDate) VALUES (75, 4, '2024-10-29', NULL);
INSERT INTO EMP_BRANCH_HISTORY (ID_Employee, ID_Branch, StartDate, EndDate) VALUES (66, 14, '2023-09-12', NULL);
INSERT INTO EMP_BRANCH_HISTORY (ID_Employee, ID_Branch, StartDate, EndDate) VALUES (155, 6, '2023-08-25', NULL);
INSERT INTO EMP_BRANCH_HISTORY (ID_Employee, ID_Branch, StartDate, EndDate) VALUES (152, 4, '2024-10-27', NULL);
INSERT INTO EMP_BRANCH_HISTORY (ID_Employee, ID_Branch, StartDate, EndDate) VALUES (177, 10, '2024-05-13', NULL);
INSERT INTO EMP_BRANCH_HISTORY (ID_Employee, ID_Branch, StartDate, EndDate) VALUES (94, 2, '2024-12-01', NULL);
INSERT INTO EMP_BRANCH_HISTORY (ID_Employee, ID_Branch, StartDate, EndDate) VALUES (129, 8, '2024-09-26', NULL);
INSERT INTO EMP_BRANCH_HISTORY (ID_Employee, ID_Branch, StartDate, EndDate) VALUES (131, 2, '2024-09-28', NULL);
INSERT INTO EMP_BRANCH_HISTORY (ID_Employee, ID_Branch, StartDate, EndDate) VALUES (186, 3, '2023-03-06', NULL);
INSERT INTO EMP_BRANCH_HISTORY (ID_Employee, ID_Branch, StartDate, EndDate) VALUES (126, 1, '2024-12-01', '2024-12-19');
INSERT INTO EMP_BRANCH_HISTORY (ID_Employee, ID_Branch, StartDate, EndDate) VALUES (92, 7, '2024-10-29', NULL);
INSERT INTO EMP_BRANCH_HISTORY (ID_Employee, ID_Branch, StartDate, EndDate) VALUES (223, 15, '2023-05-25', NULL);
INSERT INTO EMP_BRANCH_HISTORY (ID_Employee, ID_Branch, StartDate, EndDate) VALUES (51, 13, '2024-08-27', NULL);
INSERT INTO EMP_BRANCH_HISTORY (ID_Employee, ID_Branch, StartDate, EndDate) VALUES (222, 1, '2023-05-10', NULL);
INSERT INTO EMP_BRANCH_HISTORY (ID_Employee, ID_Branch, StartDate, EndDate) VALUES (19, 4, '2023-01-07', NULL);
INSERT INTO EMP_BRANCH_HISTORY (ID_Employee, ID_Branch, StartDate, EndDate) VALUES (135, 13, '2023-04-07', NULL);
INSERT INTO EMP_BRANCH_HISTORY (ID_Employee, ID_Branch, StartDate, EndDate) VALUES (168, 14, '2023-05-12', NULL);
INSERT INTO EMP_BRANCH_HISTORY (ID_Employee, ID_Branch, StartDate, EndDate) VALUES (62, 14, '2023-02-25', '2024-12-19');
INSERT INTO EMP_BRANCH_HISTORY (ID_Employee, ID_Branch, StartDate, EndDate) VALUES (93, 9, '2023-01-14', NULL);
INSERT INTO EMP_BRANCH_HISTORY (ID_Employee, ID_Branch, StartDate, EndDate) VALUES (55, 3, '2023-07-27', NULL);
INSERT INTO EMP_BRANCH_HISTORY (ID_Employee, ID_Branch, StartDate, EndDate) VALUES (59, 15, '2023-09-18', NULL);
INSERT INTO EMP_BRANCH_HISTORY (ID_Employee, ID_Branch, StartDate, EndDate) VALUES (202, 4, '2024-01-12', NULL);
INSERT INTO EMP_BRANCH_HISTORY (ID_Employee, ID_Branch, StartDate, EndDate) VALUES (99, 9, '2023-09-07', NULL);
INSERT INTO EMP_BRANCH_HISTORY (ID_Employee, ID_Branch, StartDate, EndDate) VALUES (210, 7, '2024-01-31', NULL);
INSERT INTO EMP_BRANCH_HISTORY (ID_Employee, ID_Branch, StartDate, EndDate) VALUES (3, 7, '2023-09-14', NULL);
INSERT INTO EMP_BRANCH_HISTORY (ID_Employee, ID_Branch, StartDate, EndDate) VALUES (133, 10, '2023-02-28', NULL);
INSERT INTO EMP_BRANCH_HISTORY (ID_Employee, ID_Branch, StartDate, EndDate) VALUES (32, 15, '2023-07-20', '2024-12-19');
INSERT INTO EMP_BRANCH_HISTORY (ID_Employee, ID_Branch, StartDate, EndDate) VALUES (156, 4, '2023-10-12', NULL);
INSERT INTO EMP_BRANCH_HISTORY (ID_Employee, ID_Branch, StartDate, EndDate) VALUES (164, 2, '2024-02-16', NULL);
INSERT INTO EMP_BRANCH_HISTORY (ID_Employee, ID_Branch, StartDate, EndDate) VALUES (179, 1, '2023-12-09', NULL);
INSERT INTO EMP_BRANCH_HISTORY (ID_Employee, ID_Branch, StartDate, EndDate) VALUES (176, 13, '2024-09-17', NULL);
INSERT INTO EMP_BRANCH_HISTORY (ID_Employee, ID_Branch, StartDate, EndDate) VALUES (113, 6, '2024-08-29', NULL);
INSERT INTO EMP_BRANCH_HISTORY (ID_Employee, ID_Branch, StartDate, EndDate) VALUES (204, 3, '2024-10-28', NULL);
INSERT INTO EMP_BRANCH_HISTORY (ID_Employee, ID_Branch, StartDate, EndDate) VALUES (200, 6, '2024-06-29', '2024-12-19');
INSERT INTO EMP_BRANCH_HISTORY (ID_Employee, ID_Branch, StartDate, EndDate) VALUES (190, 4, '2023-10-24', NULL);
INSERT INTO EMP_BRANCH_HISTORY (ID_Employee, ID_Branch, StartDate, EndDate) VALUES (157, 4, '2023-08-22', NULL);
INSERT INTO EMP_BRANCH_HISTORY (ID_Employee, ID_Branch, StartDate, EndDate) VALUES (192, 1, '2023-11-02', '2024-12-19');
INSERT INTO EMP_BRANCH_HISTORY (ID_Employee, ID_Branch, StartDate, EndDate) VALUES (220, 14, '2023-02-01', NULL);
INSERT INTO EMP_BRANCH_HISTORY (ID_Employee, ID_Branch, StartDate, EndDate) VALUES (219, 11, '2024-10-25', NULL);
INSERT INTO EMP_BRANCH_HISTORY (ID_Employee, ID_Branch, StartDate, EndDate) VALUES (43, 4, '2024-04-03', NULL);
INSERT INTO EMP_BRANCH_HISTORY (ID_Employee, ID_Branch, StartDate, EndDate) VALUES (205, 2, '2024-02-23', '2024-12-19');
INSERT INTO EMP_BRANCH_HISTORY (ID_Employee, ID_Branch, StartDate, EndDate) VALUES (64, 12, '2023-12-22', '2024-12-19');
INSERT INTO EMP_BRANCH_HISTORY (ID_Employee, ID_Branch, StartDate, EndDate) VALUES (134, 4, '2024-08-12', NULL);
INSERT INTO EMP_BRANCH_HISTORY (ID_Employee, ID_Branch, StartDate, EndDate) VALUES (222, 9, '2024-08-26', '2024-12-19');
INSERT INTO EMP_BRANCH_HISTORY (ID_Employee, ID_Branch, StartDate, EndDate) VALUES (34, 12, '2023-08-08', '2024-12-19');
INSERT INTO EMP_BRANCH_HISTORY (ID_Employee, ID_Branch, StartDate, EndDate) VALUES (103, 13, '2023-11-24', NULL);
INSERT INTO EMP_BRANCH_HISTORY (ID_Employee, ID_Branch, StartDate, EndDate) VALUES (7, 5, '2023-09-08', '2024-12-19');
INSERT INTO EMP_BRANCH_HISTORY (ID_Employee, ID_Branch, StartDate, EndDate) VALUES (99, 6, '2024-10-29', NULL);
INSERT INTO EMP_BRANCH_HISTORY (ID_Employee, ID_Branch, StartDate, EndDate) VALUES (153, 3, '2023-12-04', NULL);
INSERT INTO EMP_BRANCH_HISTORY (ID_Employee, ID_Branch, StartDate, EndDate) VALUES (74, 13, '2023-06-13', NULL);
INSERT INTO EMP_BRANCH_HISTORY (ID_Employee, ID_Branch, StartDate, EndDate) VALUES (122, 2, '2023-12-26', NULL);
INSERT INTO EMP_BRANCH_HISTORY (ID_Employee, ID_Branch, StartDate, EndDate) VALUES (220, 1, '2024-06-17', NULL);
INSERT INTO EMP_BRANCH_HISTORY (ID_Employee, ID_Branch, StartDate, EndDate) VALUES (51, 1, '2024-11-26', NULL);
INSERT INTO EMP_BRANCH_HISTORY (ID_Employee, ID_Branch, StartDate, EndDate) VALUES (21, 2, '2024-01-17', NULL);
INSERT INTO EMP_BRANCH_HISTORY (ID_Employee, ID_Branch, StartDate, EndDate) VALUES (167, 6, '2024-03-27', '2024-12-19');
INSERT INTO EMP_BRANCH_HISTORY (ID_Employee, ID_Branch, StartDate, EndDate) VALUES (92, 5, '2024-09-13', NULL);
INSERT INTO EMP_BRANCH_HISTORY (ID_Employee, ID_Branch, StartDate, EndDate) VALUES (91, 11, '2023-03-02', NULL);
INSERT INTO EMP_BRANCH_HISTORY (ID_Employee, ID_Branch, StartDate, EndDate) VALUES (135, 15, '2023-04-25', NULL);
INSERT INTO EMP_BRANCH_HISTORY (ID_Employee, ID_Branch, StartDate, EndDate) VALUES (5, 3, '2023-09-11', NULL);
INSERT INTO EMP_BRANCH_HISTORY (ID_Employee, ID_Branch, StartDate, EndDate) VALUES (2, 12, '2024-02-17', NULL);
INSERT INTO EMP_BRANCH_HISTORY (ID_Employee, ID_Branch, StartDate, EndDate) VALUES (174, 14, '2024-01-13', NULL);
INSERT INTO EMP_BRANCH_HISTORY (ID_Employee, ID_Branch, StartDate, EndDate) VALUES (15, 9, '2024-01-02', NULL);
INSERT INTO EMP_BRANCH_HISTORY (ID_Employee, ID_Branch, StartDate, EndDate) VALUES (47, 8, '2023-01-24', NULL);
INSERT INTO EMP_BRANCH_HISTORY (ID_Employee, ID_Branch, StartDate, EndDate) VALUES (173, 5, '2023-11-30', NULL);
INSERT INTO EMP_BRANCH_HISTORY (ID_Employee, ID_Branch, StartDate, EndDate) VALUES (207, 6, '2023-05-21', NULL);
INSERT INTO EMP_BRANCH_HISTORY (ID_Employee, ID_Branch, StartDate, EndDate) VALUES (103, 11, '2023-05-12', '2024-12-19');
INSERT INTO EMP_BRANCH_HISTORY (ID_Employee, ID_Branch, StartDate, EndDate) VALUES (1, 8, '2024-01-21', NULL);
INSERT INTO EMP_BRANCH_HISTORY (ID_Employee, ID_Branch, StartDate, EndDate) VALUES (127, 9, '2024-03-03', NULL);
INSERT INTO EMP_BRANCH_HISTORY (ID_Employee, ID_Branch, StartDate, EndDate) VALUES (19, 13, '2024-06-12', NULL);
INSERT INTO EMP_BRANCH_HISTORY (ID_Employee, ID_Branch, StartDate, EndDate) VALUES (112, 13, '2024-08-18', '2024-12-19');
INSERT INTO EMP_BRANCH_HISTORY (ID_Employee, ID_Branch, StartDate, EndDate) VALUES (72, 4, '2024-11-02', NULL);
INSERT INTO EMP_BRANCH_HISTORY (ID_Employee, ID_Branch, StartDate, EndDate) VALUES (74, 6, '2023-09-03', NULL);
INSERT INTO EMP_BRANCH_HISTORY (ID_Employee, ID_Branch, StartDate, EndDate) VALUES (82, 4, '2024-04-22', NULL);
INSERT INTO EMP_BRANCH_HISTORY (ID_Employee, ID_Branch, StartDate, EndDate) VALUES (216, 10, '2024-08-27', NULL);
INSERT INTO EMP_BRANCH_HISTORY (ID_Employee, ID_Branch, StartDate, EndDate) VALUES (175, 3, '2024-11-30', NULL);
INSERT INTO EMP_BRANCH_HISTORY (ID_Employee, ID_Branch, StartDate, EndDate) VALUES (177, 7, '2023-05-13', NULL);
INSERT INTO EMP_BRANCH_HISTORY (ID_Employee, ID_Branch, StartDate, EndDate) VALUES (84, 9, '2023-01-15', '2024-12-19');
INSERT INTO EMP_BRANCH_HISTORY (ID_Employee, ID_Branch, StartDate, EndDate) VALUES (39, 11, '2023-01-01', NULL);
INSERT INTO EMP_BRANCH_HISTORY (ID_Employee, ID_Branch, StartDate, EndDate) VALUES (184, 9, '2024-09-17', NULL);
INSERT INTO EMP_BRANCH_HISTORY (ID_Employee, ID_Branch, StartDate, EndDate) VALUES (104, 4, '2024-12-03', NULL);
INSERT INTO EMP_BRANCH_HISTORY (ID_Employee, ID_Branch, StartDate, EndDate) VALUES (97, 15, '2023-03-22', '2024-12-19');
INSERT INTO EMP_BRANCH_HISTORY (ID_Employee, ID_Branch, StartDate, EndDate) VALUES (70, 11, '2023-04-20', '2024-12-19');
INSERT INTO EMP_BRANCH_HISTORY (ID_Employee, ID_Branch, StartDate, EndDate) VALUES (5, 5, '2023-10-31', NULL);
INSERT INTO EMP_BRANCH_HISTORY (ID_Employee, ID_Branch, StartDate, EndDate) VALUES (149, 6, '2022-12-20', NULL);
INSERT INTO EMP_BRANCH_HISTORY (ID_Employee, ID_Branch, StartDate, EndDate) VALUES (179, 4, '2023-07-23', '2024-12-19');
INSERT INTO EMP_BRANCH_HISTORY (ID_Employee, ID_Branch, StartDate, EndDate) VALUES (163, 2, '2024-05-24', NULL);
INSERT INTO EMP_BRANCH_HISTORY (ID_Employee, ID_Branch, StartDate, EndDate) VALUES (220, 8, '2024-01-04', NULL);
INSERT INTO EMP_BRANCH_HISTORY (ID_Employee, ID_Branch, StartDate, EndDate) VALUES (155, 15, '2023-07-22', NULL);
INSERT INTO EMP_BRANCH_HISTORY (ID_Employee, ID_Branch, StartDate, EndDate) VALUES (62, 11, '2024-08-04', NULL);
INSERT INTO EMP_BRANCH_HISTORY (ID_Employee, ID_Branch, StartDate, EndDate) VALUES (179, 6, '2023-08-07', NULL);
INSERT INTO EMP_BRANCH_HISTORY (ID_Employee, ID_Branch, StartDate, EndDate) VALUES (34, 15, '2023-06-28', NULL);
INSERT INTO EMP_BRANCH_HISTORY (ID_Employee, ID_Branch, StartDate, EndDate) VALUES (143, 8, '2023-06-13', NULL);
INSERT INTO EMP_BRANCH_HISTORY (ID_Employee, ID_Branch, StartDate, EndDate) VALUES (167, 10, '2023-08-25', NULL);
INSERT INTO EMP_BRANCH_HISTORY (ID_Employee, ID_Branch, StartDate, EndDate) VALUES (141, 9, '2024-08-03', '2024-12-19');
INSERT INTO EMP_BRANCH_HISTORY (ID_Employee, ID_Branch, StartDate, EndDate) VALUES (217, 7, '2024-01-18', '2024-12-19');
INSERT INTO EMP_BRANCH_HISTORY (ID_Employee, ID_Branch, StartDate, EndDate) VALUES (156, 12, '2023-02-13', NULL);
INSERT INTO EMP_BRANCH_HISTORY (ID_Employee, ID_Branch, StartDate, EndDate) VALUES (221, 11, '2023-08-16', NULL);
INSERT INTO EMP_BRANCH_HISTORY (ID_Employee, ID_Branch, StartDate, EndDate) VALUES (198, 5, '2024-09-30', NULL);
INSERT INTO EMP_BRANCH_HISTORY (ID_Employee, ID_Branch, StartDate, EndDate) VALUES (65, 2, '2024-11-01', NULL);
INSERT INTO EMP_BRANCH_HISTORY (ID_Employee, ID_Branch, StartDate, EndDate) VALUES (51, 2, '2024-11-10', NULL);
INSERT INTO EMP_BRANCH_HISTORY (ID_Employee, ID_Branch, StartDate, EndDate) VALUES (184, 10, '2024-07-18', NULL);
INSERT INTO EMP_BRANCH_HISTORY (ID_Employee, ID_Branch, StartDate, EndDate) VALUES (129, 9, '2023-09-11', NULL);
INSERT INTO EMP_BRANCH_HISTORY (ID_Employee, ID_Branch, StartDate, EndDate) VALUES (128, 13, '2024-06-09', NULL);
INSERT INTO EMP_BRANCH_HISTORY (ID_Employee, ID_Branch, StartDate, EndDate) VALUES (90, 13, '2024-08-28', NULL);
INSERT INTO EMP_BRANCH_HISTORY (ID_Employee, ID_Branch, StartDate, EndDate) VALUES (42, 7, '2023-02-03', NULL);
INSERT INTO EMP_BRANCH_HISTORY (ID_Employee, ID_Branch, StartDate, EndDate) VALUES (6, 9, '2023-03-28', NULL);
INSERT INTO EMP_BRANCH_HISTORY (ID_Employee, ID_Branch, StartDate, EndDate) VALUES (69, 4, '2023-07-28', NULL);
INSERT INTO EMP_BRANCH_HISTORY (ID_Employee, ID_Branch, StartDate, EndDate) VALUES (105, 9, '2024-11-02', NULL);
INSERT INTO EMP_BRANCH_HISTORY (ID_Employee, ID_Branch, StartDate, EndDate) VALUES (156, 3, '2023-11-24', '2024-12-19');
INSERT INTO EMP_BRANCH_HISTORY (ID_Employee, ID_Branch, StartDate, EndDate) VALUES (25, 1, '2023-03-16', NULL);
INSERT INTO EMP_BRANCH_HISTORY (ID_Employee, ID_Branch, StartDate, EndDate) VALUES (89, 8, '2023-06-20', NULL);
INSERT INTO EMP_BRANCH_HISTORY (ID_Employee, ID_Branch, StartDate, EndDate) VALUES (104, 8, '2024-10-26', NULL);
INSERT INTO EMP_BRANCH_HISTORY (ID_Employee, ID_Branch, StartDate, EndDate) VALUES (89, 3, '2024-04-01', '2024-12-19');
INSERT INTO EMP_BRANCH_HISTORY (ID_Employee, ID_Branch, StartDate, EndDate) VALUES (204, 1, '2023-04-27', NULL);
INSERT INTO EMP_BRANCH_HISTORY (ID_Employee, ID_Branch, StartDate, EndDate) VALUES (2, 2, '2023-11-10', '2024-12-19');
INSERT INTO EMP_BRANCH_HISTORY (ID_Employee, ID_Branch, StartDate, EndDate) VALUES (31, 10, '2024-01-01', NULL);
INSERT INTO EMP_BRANCH_HISTORY (ID_Employee, ID_Branch, StartDate, EndDate) VALUES (166, 1, '2024-03-05', NULL);
INSERT INTO EMP_BRANCH_HISTORY (ID_Employee, ID_Branch, StartDate, EndDate) VALUES (209, 4, '2023-05-29', NULL);
INSERT INTO EMP_BRANCH_HISTORY (ID_Employee, ID_Branch, StartDate, EndDate) VALUES (197, 12, '2024-08-10', NULL);
INSERT INTO EMP_BRANCH_HISTORY (ID_Employee, ID_Branch, StartDate, EndDate) VALUES (35, 6, '2023-04-05', NULL);
INSERT INTO EMP_BRANCH_HISTORY (ID_Employee, ID_Branch, StartDate, EndDate) VALUES (27, 11, '2023-02-25', NULL);
INSERT INTO EMP_BRANCH_HISTORY (ID_Employee, ID_Branch, StartDate, EndDate) VALUES (169, 7, '2023-03-19', NULL);
INSERT INTO EMP_BRANCH_HISTORY (ID_Employee, ID_Branch, StartDate, EndDate) VALUES (28, 3, '2023-11-20', NULL);
INSERT INTO EMP_BRANCH_HISTORY (ID_Employee, ID_Branch, StartDate, EndDate) VALUES (193, 7, '2023-04-15', NULL);
INSERT INTO EMP_BRANCH_HISTORY (ID_Employee, ID_Branch, StartDate, EndDate) VALUES (167, 11, '2023-11-03', NULL);
INSERT INTO EMP_BRANCH_HISTORY (ID_Employee, ID_Branch, StartDate, EndDate) VALUES (134, 10, '2024-06-10', NULL);
INSERT INTO EMP_BRANCH_HISTORY (ID_Employee, ID_Branch, StartDate, EndDate) VALUES (224, 2, '2024-07-15', NULL);
INSERT INTO EMP_BRANCH_HISTORY (ID_Employee, ID_Branch, StartDate, EndDate) VALUES (219, 6, '2023-01-09', NULL);
INSERT INTO EMP_BRANCH_HISTORY (ID_Employee, ID_Branch, StartDate, EndDate) VALUES (169, 12, '2024-10-13', NULL);
INSERT INTO EMP_BRANCH_HISTORY (ID_Employee, ID_Branch, StartDate, EndDate) VALUES (7, 7, '2024-11-06', NULL);
INSERT INTO EMP_BRANCH_HISTORY (ID_Employee, ID_Branch, StartDate, EndDate) VALUES (111, 14, '2023-01-18', NULL);
INSERT INTO EMP_BRANCH_HISTORY (ID_Employee, ID_Branch, StartDate, EndDate) VALUES (161, 2, '2024-07-05', NULL);
INSERT INTO EMP_BRANCH_HISTORY (ID_Employee, ID_Branch, StartDate, EndDate) VALUES (157, 9, '2024-07-09', NULL);
INSERT INTO EMP_BRANCH_HISTORY (ID_Employee, ID_Branch, StartDate, EndDate) VALUES (85, 10, '2024-10-31', NULL);
INSERT INTO EMP_BRANCH_HISTORY (ID_Employee, ID_Branch, StartDate, EndDate) VALUES (85, 6, '2024-05-21', NULL);
INSERT INTO EMP_BRANCH_HISTORY (ID_Employee, ID_Branch, StartDate, EndDate) VALUES (201, 5, '2024-05-26', NULL);
INSERT INTO EMP_BRANCH_HISTORY (ID_Employee, ID_Branch, StartDate, EndDate) VALUES (30, 4, '2023-05-30', NULL);
INSERT INTO EMP_BRANCH_HISTORY (ID_Employee, ID_Branch, StartDate, EndDate) VALUES (181, 3, '2024-04-22', NULL);
INSERT INTO EMP_BRANCH_HISTORY (ID_Employee, ID_Branch, StartDate, EndDate) VALUES (218, 8, '2024-09-08', NULL);
INSERT INTO EMP_BRANCH_HISTORY (ID_Employee, ID_Branch, StartDate, EndDate) VALUES (110, 8, '2024-09-11', NULL);
INSERT INTO EMP_BRANCH_HISTORY (ID_Employee, ID_Branch, StartDate, EndDate) VALUES (55, 12, '2023-12-25', NULL);
INSERT INTO EMP_BRANCH_HISTORY (ID_Employee, ID_Branch, StartDate, EndDate) VALUES (178, 13, '2023-06-10', NULL);
INSERT INTO EMP_BRANCH_HISTORY (ID_Employee, ID_Branch, StartDate, EndDate) VALUES (90, 4, '2023-10-17', '2024-12-19');
INSERT INTO EMP_BRANCH_HISTORY (ID_Employee, ID_Branch, StartDate, EndDate) VALUES (172, 15, '2023-08-03', NULL);
INSERT INTO EMP_BRANCH_HISTORY (ID_Employee, ID_Branch, StartDate, EndDate) VALUES (112, 10, '2023-07-02', NULL);
INSERT INTO EMP_BRANCH_HISTORY (ID_Employee, ID_Branch, StartDate, EndDate) VALUES (167, 9, '2023-08-28', NULL);
INSERT INTO EMP_BRANCH_HISTORY (ID_Employee, ID_Branch, StartDate, EndDate) VALUES (207, 11, '2024-10-29', NULL);
INSERT INTO EMP_BRANCH_HISTORY (ID_Employee, ID_Branch, StartDate, EndDate) VALUES (144, 1, '2023-05-08', NULL);
INSERT INTO EMP_BRANCH_HISTORY (ID_Employee, ID_Branch, StartDate, EndDate) VALUES (41, 7, '2023-02-06', NULL);
INSERT INTO EMP_BRANCH_HISTORY (ID_Employee, ID_Branch, StartDate, EndDate) VALUES (94, 10, '2024-01-15', NULL);
INSERT INTO EMP_BRANCH_HISTORY (ID_Employee, ID_Branch, StartDate, EndDate) VALUES (205, 6, '2023-05-31', NULL);
INSERT INTO EMP_BRANCH_HISTORY (ID_Employee, ID_Branch, StartDate, EndDate) VALUES (196, 14, '2023-07-26', NULL);
INSERT INTO EMP_BRANCH_HISTORY (ID_Employee, ID_Branch, StartDate, EndDate) VALUES (108, 14, '2023-09-26', NULL);
INSERT INTO EMP_BRANCH_HISTORY (ID_Employee, ID_Branch, StartDate, EndDate) VALUES (36, 7, '2024-07-02', NULL);
INSERT INTO EMP_BRANCH_HISTORY (ID_Employee, ID_Branch, StartDate, EndDate) VALUES (95, 7, '2023-12-03', NULL);
INSERT INTO EMP_BRANCH_HISTORY (ID_Employee, ID_Branch, StartDate, EndDate) VALUES (85, 11, '2024-11-26', NULL);
INSERT INTO EMP_BRANCH_HISTORY (ID_Employee, ID_Branch, StartDate, EndDate) VALUES (203, 8, '2023-02-05', '2024-12-19');
INSERT INTO EMP_BRANCH_HISTORY (ID_Employee, ID_Branch, StartDate, EndDate) VALUES (156, 8, '2023-09-11', NULL);
INSERT INTO EMP_BRANCH_HISTORY (ID_Employee, ID_Branch, StartDate, EndDate) VALUES (119, 4, '2023-06-15', NULL);
INSERT INTO EMP_BRANCH_HISTORY (ID_Employee, ID_Branch, StartDate, EndDate) VALUES (154, 10, '2024-06-10', NULL);
INSERT INTO EMP_BRANCH_HISTORY (ID_Employee, ID_Branch, StartDate, EndDate) VALUES (78, 11, '2024-07-04', NULL);
INSERT INTO EMP_BRANCH_HISTORY (ID_Employee, ID_Branch, StartDate, EndDate) VALUES (2, 11, '2024-08-26', NULL);
INSERT INTO EMP_BRANCH_HISTORY (ID_Employee, ID_Branch, StartDate, EndDate) VALUES (14, 4, '2024-01-28', NULL);
INSERT INTO EMP_BRANCH_HISTORY (ID_Employee, ID_Branch, StartDate, EndDate) VALUES (130, 6, '2023-06-26', NULL);
INSERT INTO EMP_BRANCH_HISTORY (ID_Employee, ID_Branch, StartDate, EndDate) VALUES (153, 10, '2023-10-30', '2024-12-19');
INSERT INTO EMP_BRANCH_HISTORY (ID_Employee, ID_Branch, StartDate, EndDate) VALUES (56, 6, '2024-05-20', NULL);
INSERT INTO EMP_BRANCH_HISTORY (ID_Employee, ID_Branch, StartDate, EndDate) VALUES (37, 10, '2024-10-25', NULL);
INSERT INTO EMP_BRANCH_HISTORY (ID_Employee, ID_Branch, StartDate, EndDate) VALUES (21, 5, '2024-06-10', NULL);
INSERT INTO EMP_BRANCH_HISTORY (ID_Employee, ID_Branch, StartDate, EndDate) VALUES (74, 11, '2023-04-14', NULL);
INSERT INTO EMP_BRANCH_HISTORY (ID_Employee, ID_Branch, StartDate, EndDate) VALUES (213, 2, '2024-09-20', NULL);
INSERT INTO EMP_BRANCH_HISTORY (ID_Employee, ID_Branch, StartDate, EndDate) VALUES (37, 13, '2023-04-27', NULL);
INSERT INTO EMP_BRANCH_HISTORY (ID_Employee, ID_Branch, StartDate, EndDate) VALUES (13, 3, '2024-06-01', NULL);
INSERT INTO EMP_BRANCH_HISTORY (ID_Employee, ID_Branch, StartDate, EndDate) VALUES (100, 11, '2023-11-22', NULL);
INSERT INTO EMP_BRANCH_HISTORY (ID_Employee, ID_Branch, StartDate, EndDate) VALUES (147, 8, '2024-03-11', NULL);
INSERT INTO EMP_BRANCH_HISTORY (ID_Employee, ID_Branch, StartDate, EndDate) VALUES (115, 4, '2023-08-11', '2024-12-19');
INSERT INTO EMP_BRANCH_HISTORY (ID_Employee, ID_Branch, StartDate, EndDate) VALUES (162, 6, '2024-07-11', NULL);
INSERT INTO EMP_BRANCH_HISTORY (ID_Employee, ID_Branch, StartDate, EndDate) VALUES (46, 5, '2024-09-01', NULL);
INSERT INTO EMP_BRANCH_HISTORY (ID_Employee, ID_Branch, StartDate, EndDate) VALUES (7, 6, '2023-11-05', NULL);
INSERT INTO EMP_BRANCH_HISTORY (ID_Employee, ID_Branch, StartDate, EndDate) VALUES (98, 4, '2023-12-06', NULL);
INSERT INTO EMP_BRANCH_HISTORY (ID_Employee, ID_Branch, StartDate, EndDate) VALUES (15, 14, '2023-05-17', NULL);
INSERT INTO EMP_BRANCH_HISTORY (ID_Employee, ID_Branch, StartDate, EndDate) VALUES (100, 10, '2022-12-31', NULL);
INSERT INTO EMP_BRANCH_HISTORY (ID_Employee, ID_Branch, StartDate, EndDate) VALUES (168, 4, '2024-03-31', NULL);
INSERT INTO EMP_BRANCH_HISTORY (ID_Employee, ID_Branch, StartDate, EndDate) VALUES (170, 2, '2024-10-25', NULL);
INSERT INTO EMP_BRANCH_HISTORY (ID_Employee, ID_Branch, StartDate, EndDate) VALUES (21, 15, '2024-10-01', NULL);
INSERT INTO EMP_BRANCH_HISTORY (ID_Employee, ID_Branch, StartDate, EndDate) VALUES (218, 10, '2023-12-08', NULL);
INSERT INTO EMP_BRANCH_HISTORY (ID_Employee, ID_Branch, StartDate, EndDate) VALUES (75, 13, '2023-02-25', NULL);
INSERT INTO EMP_BRANCH_HISTORY (ID_Employee, ID_Branch, StartDate, EndDate) VALUES (139, 13, '2024-12-13', NULL);
INSERT INTO EMP_BRANCH_HISTORY (ID_Employee, ID_Branch, StartDate, EndDate) VALUES (20, 10, '2024-06-27', NULL);
INSERT INTO EMP_BRANCH_HISTORY (ID_Employee, ID_Branch, StartDate, EndDate) VALUES (180, 9, '2024-02-21', NULL);
INSERT INTO EMP_BRANCH_HISTORY (ID_Employee, ID_Branch, StartDate, EndDate) VALUES (85, 9, '2023-11-20', NULL);
INSERT INTO EMP_BRANCH_HISTORY (ID_Employee, ID_Branch, StartDate, EndDate) VALUES (89, 1, '2024-09-17', NULL);
INSERT INTO EMP_BRANCH_HISTORY (ID_Employee, ID_Branch, StartDate, EndDate) VALUES (202, 3, '2023-09-12', NULL);
INSERT INTO EMP_BRANCH_HISTORY (ID_Employee, ID_Branch, StartDate, EndDate) VALUES (15, 8, '2024-06-08', NULL);
INSERT INTO EMP_BRANCH_HISTORY (ID_Employee, ID_Branch, StartDate, EndDate) VALUES (201, 13, '2024-10-31', NULL);
INSERT INTO EMP_BRANCH_HISTORY (ID_Employee, ID_Branch, StartDate, EndDate) VALUES (153, 4, '2022-12-29', NULL);
INSERT INTO EMP_BRANCH_HISTORY (ID_Employee, ID_Branch, StartDate, EndDate) VALUES (111, 15, '2023-10-09', NULL);
INSERT INTO EMP_BRANCH_HISTORY (ID_Employee, ID_Branch, StartDate, EndDate) VALUES (42, 4, '2023-02-20', NULL);
INSERT INTO EMP_BRANCH_HISTORY (ID_Employee, ID_Branch, StartDate, EndDate) VALUES (209, 14, '2023-03-25', NULL);
INSERT INTO EMP_BRANCH_HISTORY (ID_Employee, ID_Branch, StartDate, EndDate) VALUES (136, 7, '2024-06-23', NULL);
INSERT INTO EMP_BRANCH_HISTORY (ID_Employee, ID_Branch, StartDate, EndDate) VALUES (219, 13, '2023-07-28', NULL);
INSERT INTO EMP_BRANCH_HISTORY (ID_Employee, ID_Branch, StartDate, EndDate) VALUES (152, 3, '2024-04-30', NULL);
INSERT INTO EMP_BRANCH_HISTORY (ID_Employee, ID_Branch, StartDate, EndDate) VALUES (96, 11, '2023-02-07', NULL);
INSERT INTO EMP_BRANCH_HISTORY (ID_Employee, ID_Branch, StartDate, EndDate) VALUES (2, 4, '2024-04-10', NULL);
INSERT INTO EMP_BRANCH_HISTORY (ID_Employee, ID_Branch, StartDate, EndDate) VALUES (134, 6, '2023-01-03', '2024-12-19');
INSERT INTO EMP_BRANCH_HISTORY (ID_Employee, ID_Branch, StartDate, EndDate) VALUES (139, 6, '2024-01-17', '2024-12-19');
INSERT INTO EMP_BRANCH_HISTORY (ID_Employee, ID_Branch, StartDate, EndDate) VALUES (41, 14, '2024-12-06', NULL);
INSERT INTO EMP_BRANCH_HISTORY (ID_Employee, ID_Branch, StartDate, EndDate) VALUES (38, 10, '2023-11-10', NULL);
INSERT INTO EMP_BRANCH_HISTORY (ID_Employee, ID_Branch, StartDate, EndDate) VALUES (205, 5, '2024-03-12', NULL);
INSERT INTO EMP_BRANCH_HISTORY (ID_Employee, ID_Branch, StartDate, EndDate) VALUES (123, 8, '2024-07-04', NULL);
INSERT INTO EMP_BRANCH_HISTORY (ID_Employee, ID_Branch, StartDate, EndDate) VALUES (62, 1, '2024-11-11', NULL);
INSERT INTO EMP_BRANCH_HISTORY (ID_Employee, ID_Branch, StartDate, EndDate) VALUES (211, 11, '2024-10-01', NULL);
INSERT INTO EMP_BRANCH_HISTORY (ID_Employee, ID_Branch, StartDate, EndDate) VALUES (45, 11, '2023-07-24', '2024-12-19');
INSERT INTO EMP_BRANCH_HISTORY (ID_Employee, ID_Branch, StartDate, EndDate) VALUES (24, 8, '2023-01-28', NULL);
INSERT INTO EMP_BRANCH_HISTORY (ID_Employee, ID_Branch, StartDate, EndDate) VALUES (195, 14, '2023-10-29', NULL);
INSERT INTO EMP_BRANCH_HISTORY (ID_Employee, ID_Branch, StartDate, EndDate) VALUES (217, 1, '2024-09-19', NULL);
INSERT INTO EMP_BRANCH_HISTORY (ID_Employee, ID_Branch, StartDate, EndDate) VALUES (126, 12, '2023-06-15', NULL);
INSERT INTO EMP_BRANCH_HISTORY (ID_Employee, ID_Branch, StartDate, EndDate) VALUES (44, 14, '2024-06-30', NULL);
INSERT INTO EMP_BRANCH_HISTORY (ID_Employee, ID_Branch, StartDate, EndDate) VALUES (95, 1, '2024-04-19', '2024-12-19');
INSERT INTO EMP_BRANCH_HISTORY (ID_Employee, ID_Branch, StartDate, EndDate) VALUES (86, 4, '2024-11-22', NULL);
INSERT INTO EMP_BRANCH_HISTORY (ID_Employee, ID_Branch, StartDate, EndDate) VALUES (200, 7, '2023-06-11', '2024-12-19');
INSERT INTO EMP_BRANCH_HISTORY (ID_Employee, ID_Branch, StartDate, EndDate) VALUES (97, 14, '2023-11-01', NULL);
INSERT INTO EMP_BRANCH_HISTORY (ID_Employee, ID_Branch, StartDate, EndDate) VALUES (55, 4, '2024-05-22', NULL);
INSERT INTO EMP_BRANCH_HISTORY (ID_Employee, ID_Branch, StartDate, EndDate) VALUES (157, 11, '2024-01-15', NULL);
INSERT INTO EMP_BRANCH_HISTORY (ID_Employee, ID_Branch, StartDate, EndDate) VALUES (185, 9, '2024-01-03', NULL);
INSERT INTO EMP_BRANCH_HISTORY (ID_Employee, ID_Branch, StartDate, EndDate) VALUES (187, 15, '2024-09-29', NULL);
INSERT INTO EMP_BRANCH_HISTORY (ID_Employee, ID_Branch, StartDate, EndDate) VALUES (202, 9, '2024-11-03', NULL);
INSERT INTO EMP_BRANCH_HISTORY (ID_Employee, ID_Branch, StartDate, EndDate) VALUES (198, 8, '2023-01-11', NULL);
INSERT INTO EMP_BRANCH_HISTORY (ID_Employee, ID_Branch, StartDate, EndDate) VALUES (26, 9, '2023-12-23', NULL);
INSERT INTO EMP_BRANCH_HISTORY (ID_Employee, ID_Branch, StartDate, EndDate) VALUES (221, 2, '2024-06-10', NULL);
INSERT INTO EMP_BRANCH_HISTORY (ID_Employee, ID_Branch, StartDate, EndDate) VALUES (74, 9, '2024-08-07', NULL);
INSERT INTO EMP_BRANCH_HISTORY (ID_Employee, ID_Branch, StartDate, EndDate) VALUES (188, 10, '2023-04-14', NULL);
INSERT INTO EMP_BRANCH_HISTORY (ID_Employee, ID_Branch, StartDate, EndDate) VALUES (13, 7, '2023-12-13', NULL);
INSERT INTO EMP_BRANCH_HISTORY (ID_Employee, ID_Branch, StartDate, EndDate) VALUES (107, 4, '2024-01-18', NULL);
INSERT INTO EMP_BRANCH_HISTORY (ID_Employee, ID_Branch, StartDate, EndDate) VALUES (154, 3, '2024-11-08', NULL);
INSERT INTO EMP_BRANCH_HISTORY (ID_Employee, ID_Branch, StartDate, EndDate) VALUES (146, 10, '2023-07-16', NULL);
INSERT INTO EMP_BRANCH_HISTORY (ID_Employee, ID_Branch, StartDate, EndDate) VALUES (168, 1, '2024-10-06', NULL);
INSERT INTO EMP_BRANCH_HISTORY (ID_Employee, ID_Branch, StartDate, EndDate) VALUES (31, 1, '2023-08-24', NULL);
INSERT INTO EMP_BRANCH_HISTORY (ID_Employee, ID_Branch, StartDate, EndDate) VALUES (5, 7, '2023-08-23', NULL);
INSERT INTO EMP_BRANCH_HISTORY (ID_Employee, ID_Branch, StartDate, EndDate) VALUES (153, 8, '2023-03-11', NULL);
INSERT INTO EMP_BRANCH_HISTORY (ID_Employee, ID_Branch, StartDate, EndDate) VALUES (26, 8, '2023-02-13', NULL);
INSERT INTO EMP_BRANCH_HISTORY (ID_Employee, ID_Branch, StartDate, EndDate) VALUES (159, 3, '2023-03-05', NULL);
INSERT INTO EMP_BRANCH_HISTORY (ID_Employee, ID_Branch, StartDate, EndDate) VALUES (155, 3, '2024-01-04', NULL);
INSERT INTO EMP_BRANCH_HISTORY (ID_Employee, ID_Branch, StartDate, EndDate) VALUES (173, 7, '2024-09-06', NULL);
INSERT INTO EMP_BRANCH_HISTORY (ID_Employee, ID_Branch, StartDate, EndDate) VALUES (13, 5, '2024-07-19', '2024-12-19');
INSERT INTO EMP_BRANCH_HISTORY (ID_Employee, ID_Branch, StartDate, EndDate) VALUES (178, 5, '2024-08-15', '2024-12-19');
INSERT INTO EMP_BRANCH_HISTORY (ID_Employee, ID_Branch, StartDate, EndDate) VALUES (29, 5, '2024-09-06', NULL);
INSERT INTO EMP_BRANCH_HISTORY (ID_Employee, ID_Branch, StartDate, EndDate) VALUES (158, 7, '2024-09-19', NULL);
INSERT INTO EMP_BRANCH_HISTORY (ID_Employee, ID_Branch, StartDate, EndDate) VALUES (189, 8, '2024-11-27', NULL);
INSERT INTO EMP_BRANCH_HISTORY (ID_Employee, ID_Branch, StartDate, EndDate) VALUES (20, 14, '2024-03-26', '2024-12-19');
INSERT INTO EMP_BRANCH_HISTORY (ID_Employee, ID_Branch, StartDate, EndDate) VALUES (59, 6, '2023-04-28', NULL);
INSERT INTO EMP_BRANCH_HISTORY (ID_Employee, ID_Branch, StartDate, EndDate) VALUES (158, 13, '2023-06-30', NULL);
INSERT INTO EMP_BRANCH_HISTORY (ID_Employee, ID_Branch, StartDate, EndDate) VALUES (211, 1, '2023-04-08', NULL);
INSERT INTO EMP_BRANCH_HISTORY (ID_Employee, ID_Branch, StartDate, EndDate) VALUES (24, 15, '2023-04-10', NULL);
INSERT INTO EMP_BRANCH_HISTORY (ID_Employee, ID_Branch, StartDate, EndDate) VALUES (140, 10, '2024-01-27', NULL);
INSERT INTO EMP_BRANCH_HISTORY (ID_Employee, ID_Branch, StartDate, EndDate) VALUES (73, 5, '2024-09-29', NULL);
INSERT INTO EMP_BRANCH_HISTORY (ID_Employee, ID_Branch, StartDate, EndDate) VALUES (9, 12, '2023-09-05', NULL);
INSERT INTO EMP_BRANCH_HISTORY (ID_Employee, ID_Branch, StartDate, EndDate) VALUES (165, 7, '2024-04-16', NULL);
INSERT INTO EMP_BRANCH_HISTORY (ID_Employee, ID_Branch, StartDate, EndDate) VALUES (182, 5, '2023-10-18', NULL);
INSERT INTO EMP_BRANCH_HISTORY (ID_Employee, ID_Branch, StartDate, EndDate) VALUES (77, 5, '2023-10-10', NULL);
INSERT INTO EMP_BRANCH_HISTORY (ID_Employee, ID_Branch, StartDate, EndDate) VALUES (148, 8, '2023-05-29', NULL);
INSERT INTO EMP_BRANCH_HISTORY (ID_Employee, ID_Branch, StartDate, EndDate) VALUES (162, 12, '2024-08-22', NULL);
INSERT INTO EMP_BRANCH_HISTORY (ID_Employee, ID_Branch, StartDate, EndDate) VALUES (32, 12, '2024-07-24', NULL);
INSERT INTO EMP_BRANCH_HISTORY (ID_Employee, ID_Branch, StartDate, EndDate) VALUES (138, 14, '2023-03-30', NULL);
INSERT INTO EMP_BRANCH_HISTORY (ID_Employee, ID_Branch, StartDate, EndDate) VALUES (36, 12, '2024-03-02', '2024-12-19');
INSERT INTO EMP_BRANCH_HISTORY (ID_Employee, ID_Branch, StartDate, EndDate) VALUES (45, 8, '2024-02-19', NULL);
INSERT INTO EMP_BRANCH_HISTORY (ID_Employee, ID_Branch, StartDate, EndDate) VALUES (43, 13, '2023-02-17', NULL);
INSERT INTO EMP_BRANCH_HISTORY (ID_Employee, ID_Branch, StartDate, EndDate) VALUES (222, 5, '2024-05-24', NULL);
INSERT INTO EMP_BRANCH_HISTORY (ID_Employee, ID_Branch, StartDate, EndDate) VALUES (164, 15, '2024-06-22', NULL);
INSERT INTO EMP_BRANCH_HISTORY (ID_Employee, ID_Branch, StartDate, EndDate) VALUES (176, 5, '2024-06-09', NULL);
INSERT INTO EMP_BRANCH_HISTORY (ID_Employee, ID_Branch, StartDate, EndDate) VALUES (221, 9, '2023-06-25', NULL);
INSERT INTO EMP_BRANCH_HISTORY (ID_Employee, ID_Branch, StartDate, EndDate) VALUES (137, 11, '2024-02-04', '2024-12-19');
INSERT INTO EMP_BRANCH_HISTORY (ID_Employee, ID_Branch, StartDate, EndDate) VALUES (122, 3, '2024-11-14', NULL);
INSERT INTO EMP_BRANCH_HISTORY (ID_Employee, ID_Branch, StartDate, EndDate) VALUES (113, 4, '2023-05-21', NULL);
INSERT INTO EMP_BRANCH_HISTORY (ID_Employee, ID_Branch, StartDate, EndDate) VALUES (210, 11, '2024-05-11', NULL);
INSERT INTO EMP_BRANCH_HISTORY (ID_Employee, ID_Branch, StartDate, EndDate) VALUES (12, 12, '2024-11-05', NULL);
INSERT INTO EMP_BRANCH_HISTORY (ID_Employee, ID_Branch, StartDate, EndDate) VALUES (165, 2, '2024-05-04', NULL);
INSERT INTO EMP_BRANCH_HISTORY (ID_Employee, ID_Branch, StartDate, EndDate) VALUES (72, 10, '2023-06-17', NULL);
INSERT INTO EMP_BRANCH_HISTORY (ID_Employee, ID_Branch, StartDate, EndDate) VALUES (122, 11, '2024-03-28', NULL);
INSERT INTO EMP_BRANCH_HISTORY (ID_Employee, ID_Branch, StartDate, EndDate) VALUES (83, 7, '2024-02-11', NULL);
INSERT INTO EMP_BRANCH_HISTORY (ID_Employee, ID_Branch, StartDate, EndDate) VALUES (193, 5, '2024-11-26', NULL);
INSERT INTO EMP_BRANCH_HISTORY (ID_Employee, ID_Branch, StartDate, EndDate) VALUES (161, 5, '2023-06-24', NULL);
INSERT INTO EMP_BRANCH_HISTORY (ID_Employee, ID_Branch, StartDate, EndDate) VALUES (7, 1, '2024-10-10', '2024-12-19');
INSERT INTO EMP_BRANCH_HISTORY (ID_Employee, ID_Branch, StartDate, EndDate) VALUES (7, 2, '2023-02-28', NULL);
INSERT INTO EMP_BRANCH_HISTORY (ID_Employee, ID_Branch, StartDate, EndDate) VALUES (110, 14, '2023-03-28', NULL);
INSERT INTO EMP_BRANCH_HISTORY (ID_Employee, ID_Branch, StartDate, EndDate) VALUES (53, 14, '2023-03-05', NULL);
INSERT INTO EMP_BRANCH_HISTORY (ID_Employee, ID_Branch, StartDate, EndDate) VALUES (106, 15, '2024-02-28', NULL);
INSERT INTO EMP_BRANCH_HISTORY (ID_Employee, ID_Branch, StartDate, EndDate) VALUES (212, 7, '2024-06-01', NULL);
INSERT INTO EMP_BRANCH_HISTORY (ID_Employee, ID_Branch, StartDate, EndDate) VALUES (118, 11, '2024-07-03', NULL);
INSERT INTO EMP_BRANCH_HISTORY (ID_Employee, ID_Branch, StartDate, EndDate) VALUES (170, 5, '2023-10-13', NULL);
INSERT INTO EMP_BRANCH_HISTORY (ID_Employee, ID_Branch, StartDate, EndDate) VALUES (206, 10, '2024-11-05', NULL);
INSERT INTO EMP_BRANCH_HISTORY (ID_Employee, ID_Branch, StartDate, EndDate) VALUES (156, 5, '2024-02-16', '2024-12-19');
INSERT INTO EMP_BRANCH_HISTORY (ID_Employee, ID_Branch, StartDate, EndDate) VALUES (120, 4, '2023-09-11', '2024-12-19');
INSERT INTO EMP_BRANCH_HISTORY (ID_Employee, ID_Branch, StartDate, EndDate) VALUES (76, 1, '2023-12-17', NULL);
INSERT INTO EMP_BRANCH_HISTORY (ID_Employee, ID_Branch, StartDate, EndDate) VALUES (40, 9, '2024-07-29', NULL);
INSERT INTO EMP_BRANCH_HISTORY (ID_Employee, ID_Branch, StartDate, EndDate) VALUES (1, 15, '2023-09-24', NULL);
INSERT INTO EMP_BRANCH_HISTORY (ID_Employee, ID_Branch, StartDate, EndDate) VALUES (212, 15, '2023-11-25', NULL);
INSERT INTO EMP_BRANCH_HISTORY (ID_Employee, ID_Branch, StartDate, EndDate) VALUES (194, 5, '2024-06-29', NULL);
INSERT INTO EMP_BRANCH_HISTORY (ID_Employee, ID_Branch, StartDate, EndDate) VALUES (23, 13, '2023-11-16', '2024-12-19');
INSERT INTO EMP_BRANCH_HISTORY (ID_Employee, ID_Branch, StartDate, EndDate) VALUES (141, 1, '2023-11-24', NULL);
INSERT INTO EMP_BRANCH_HISTORY (ID_Employee, ID_Branch, StartDate, EndDate) VALUES (215, 11, '2023-09-11', NULL);
INSERT INTO EMP_BRANCH_HISTORY (ID_Employee, ID_Branch, StartDate, EndDate) VALUES (144, 11, '2024-02-05', NULL);
INSERT INTO EMP_BRANCH_HISTORY (ID_Employee, ID_Branch, StartDate, EndDate) VALUES (184, 14, '2024-07-21', NULL);
INSERT INTO EMP_BRANCH_HISTORY (ID_Employee, ID_Branch, StartDate, EndDate) VALUES (50, 10, '2024-09-13', NULL);
INSERT INTO EMP_BRANCH_HISTORY (ID_Employee, ID_Branch, StartDate, EndDate) VALUES (186, 15, '2024-11-02', NULL);
INSERT INTO EMP_BRANCH_HISTORY (ID_Employee, ID_Branch, StartDate, EndDate) VALUES (137, 5, '2024-10-14', NULL);
INSERT INTO EMP_BRANCH_HISTORY (ID_Employee, ID_Branch, StartDate, EndDate) VALUES (35, 12, '2024-01-23', NULL);
INSERT INTO EMP_BRANCH_HISTORY (ID_Employee, ID_Branch, StartDate, EndDate) VALUES (124, 14, '2024-04-06', NULL);
INSERT INTO EMP_BRANCH_HISTORY (ID_Employee, ID_Branch, StartDate, EndDate) VALUES (191, 3, '2024-11-22', NULL);
INSERT INTO EMP_BRANCH_HISTORY (ID_Employee, ID_Branch, StartDate, EndDate) VALUES (127, 11, '2023-02-21', NULL);
INSERT INTO EMP_BRANCH_HISTORY (ID_Employee, ID_Branch, StartDate, EndDate) VALUES (206, 9, '2023-01-10', '2024-12-19');
INSERT INTO EMP_BRANCH_HISTORY (ID_Employee, ID_Branch, StartDate, EndDate) VALUES (6, 5, '2024-09-30', NULL);
INSERT INTO EMP_BRANCH_HISTORY (ID_Employee, ID_Branch, StartDate, EndDate) VALUES (87, 10, '2024-01-22', NULL);
INSERT INTO EMP_BRANCH_HISTORY (ID_Employee, ID_Branch, StartDate, EndDate) VALUES (4, 7, '2024-04-27', NULL);
INSERT INTO EMP_BRANCH_HISTORY (ID_Employee, ID_Branch, StartDate, EndDate) VALUES (109, 1, '2023-03-22', NULL);
INSERT INTO EMP_BRANCH_HISTORY (ID_Employee, ID_Branch, StartDate, EndDate) VALUES (72, 1, '2023-05-23', NULL);
INSERT INTO EMP_BRANCH_HISTORY (ID_Employee, ID_Branch, StartDate, EndDate) VALUES (122, 5, '2023-02-02', NULL);
INSERT INTO EMP_BRANCH_HISTORY (ID_Employee, ID_Branch, StartDate, EndDate) VALUES (62, 3, '2024-01-25', NULL);
INSERT INTO EMP_BRANCH_HISTORY (ID_Employee, ID_Branch, StartDate, EndDate) VALUES (38, 4, '2024-09-18', NULL);
INSERT INTO EMP_BRANCH_HISTORY (ID_Employee, ID_Branch, StartDate, EndDate) VALUES (149, 12, '2024-09-13', NULL);
INSERT INTO EMP_BRANCH_HISTORY (ID_Employee, ID_Branch, StartDate, EndDate) VALUES (101, 15, '2024-08-11', NULL);
INSERT INTO EMP_BRANCH_HISTORY (ID_Employee, ID_Branch, StartDate, EndDate) VALUES (180, 8, '2023-05-31', NULL);
INSERT INTO EMP_BRANCH_HISTORY (ID_Employee, ID_Branch, StartDate, EndDate) VALUES (80, 14, '2023-12-20', NULL);
INSERT INTO EMP_BRANCH_HISTORY (ID_Employee, ID_Branch, StartDate, EndDate) VALUES (14, 6, '2024-02-03', NULL);
INSERT INTO EMP_BRANCH_HISTORY (ID_Employee, ID_Branch, StartDate, EndDate) VALUES (218, 14, '2022-12-20', NULL);
INSERT INTO EMP_BRANCH_HISTORY (ID_Employee, ID_Branch, StartDate, EndDate) VALUES (100, 8, '2023-05-30', NULL);
INSERT INTO EMP_BRANCH_HISTORY (ID_Employee, ID_Branch, StartDate, EndDate) VALUES (11, 5, '2024-06-04', NULL);
INSERT INTO EMP_BRANCH_HISTORY (ID_Employee, ID_Branch, StartDate, EndDate) VALUES (54, 1, '2023-08-27', '2024-12-19');
INSERT INTO EMP_BRANCH_HISTORY (ID_Employee, ID_Branch, StartDate, EndDate) VALUES (105, 11, '2023-10-22', NULL);
INSERT INTO EMP_BRANCH_HISTORY (ID_Employee, ID_Branch, StartDate, EndDate) VALUES (212, 8, '2023-10-01', NULL);
INSERT INTO EMP_BRANCH_HISTORY (ID_Employee, ID_Branch, StartDate, EndDate) VALUES (147, 13, '2024-11-10', NULL);
INSERT INTO EMP_BRANCH_HISTORY (ID_Employee, ID_Branch, StartDate, EndDate) VALUES (169, 1, '2024-03-26', NULL);
INSERT INTO EMP_BRANCH_HISTORY (ID_Employee, ID_Branch, StartDate, EndDate) VALUES (9, 8, '2024-06-30', NULL);
INSERT INTO EMP_BRANCH_HISTORY (ID_Employee, ID_Branch, StartDate, EndDate) VALUES (128, 7, '2024-01-12', NULL);
INSERT INTO EMP_BRANCH_HISTORY (ID_Employee, ID_Branch, StartDate, EndDate) VALUES (117, 14, '2023-09-30', NULL);
INSERT INTO EMP_BRANCH_HISTORY (ID_Employee, ID_Branch, StartDate, EndDate) VALUES (188, 8, '2023-06-11', NULL);
INSERT INTO EMP_BRANCH_HISTORY (ID_Employee, ID_Branch, StartDate, EndDate) VALUES (55, 13, '2023-06-18', NULL);
INSERT INTO EMP_BRANCH_HISTORY (ID_Employee, ID_Branch, StartDate, EndDate) VALUES (117, 12, '2024-09-22', '2024-12-19');
INSERT INTO EMP_BRANCH_HISTORY (ID_Employee, ID_Branch, StartDate, EndDate) VALUES (125, 1, '2024-01-21', NULL);
INSERT INTO EMP_BRANCH_HISTORY (ID_Employee, ID_Branch, StartDate, EndDate) VALUES (101, 6, '2024-11-11', NULL);
INSERT INTO EMP_BRANCH_HISTORY (ID_Employee, ID_Branch, StartDate, EndDate) VALUES (15, 11, '2024-12-03', NULL);
INSERT INTO EMP_BRANCH_HISTORY (ID_Employee, ID_Branch, StartDate, EndDate) VALUES (91, 12, '2023-02-13', NULL);
INSERT INTO EMP_BRANCH_HISTORY (ID_Employee, ID_Branch, StartDate, EndDate) VALUES (14, 11, '2023-09-19', NULL);
INSERT INTO EMP_BRANCH_HISTORY (ID_Employee, ID_Branch, StartDate, EndDate) VALUES (180, 5, '2024-05-19', NULL);
INSERT INTO EMP_BRANCH_HISTORY (ID_Employee, ID_Branch, StartDate, EndDate) VALUES (116, 7, '2023-03-16', NULL);
INSERT INTO EMP_BRANCH_HISTORY (ID_Employee, ID_Branch, StartDate, EndDate) VALUES (192, 15, '2024-06-04', NULL);
INSERT INTO EMP_BRANCH_HISTORY (ID_Employee, ID_Branch, StartDate, EndDate) VALUES (83, 8, '2023-03-03', NULL);
INSERT INTO EMP_BRANCH_HISTORY (ID_Employee, ID_Branch, StartDate, EndDate) VALUES (11, 13, '2024-01-09', NULL);
INSERT INTO EMP_BRANCH_HISTORY (ID_Employee, ID_Branch, StartDate, EndDate) VALUES (53, 13, '2023-10-01', NULL);
INSERT INTO EMP_BRANCH_HISTORY (ID_Employee, ID_Branch, StartDate, EndDate) VALUES (73, 13, '2023-07-11', NULL);
INSERT INTO EMP_BRANCH_HISTORY (ID_Employee, ID_Branch, StartDate, EndDate) VALUES (91, 9, '2023-04-25', NULL);
INSERT INTO EMP_BRANCH_HISTORY (ID_Employee, ID_Branch, StartDate, EndDate) VALUES (194, 4, '2024-01-01', NULL);
INSERT INTO EMP_BRANCH_HISTORY (ID_Employee, ID_Branch, StartDate, EndDate) VALUES (181, 9, '2024-06-23', NULL);
INSERT INTO EMP_BRANCH_HISTORY (ID_Employee, ID_Branch, StartDate, EndDate) VALUES (210, 1, '2023-12-24', NULL);
INSERT INTO EMP_BRANCH_HISTORY (ID_Employee, ID_Branch, StartDate, EndDate) VALUES (78, 10, '2023-09-10', NULL);
INSERT INTO EMP_BRANCH_HISTORY (ID_Employee, ID_Branch, StartDate, EndDate) VALUES (219, 5, '2024-01-17', NULL);
INSERT INTO EMP_BRANCH_HISTORY (ID_Employee, ID_Branch, StartDate, EndDate) VALUES (41, 11, '2023-12-19', NULL);
INSERT INTO EMP_BRANCH_HISTORY (ID_Employee, ID_Branch, StartDate, EndDate) VALUES (189, 3, '2024-01-19', '2024-12-19');
INSERT INTO EMP_BRANCH_HISTORY (ID_Employee, ID_Branch, StartDate, EndDate) VALUES (26, 5, '2024-05-07', NULL);
INSERT INTO EMP_BRANCH_HISTORY (ID_Employee, ID_Branch, StartDate, EndDate) VALUES (15, 4, '2023-10-08', '2024-12-19');
INSERT INTO EMP_BRANCH_HISTORY (ID_Employee, ID_Branch, StartDate, EndDate) VALUES (161, 6, '2023-09-14', NULL);
INSERT INTO EMP_BRANCH_HISTORY (ID_Employee, ID_Branch, StartDate, EndDate) VALUES (181, 10, '2024-06-06', '2024-12-19');
INSERT INTO EMP_BRANCH_HISTORY (ID_Employee, ID_Branch, StartDate, EndDate) VALUES (41, 10, '2024-09-04', NULL);
INSERT INTO EMP_BRANCH_HISTORY (ID_Employee, ID_Branch, StartDate, EndDate) VALUES (147, 3, '2024-06-14', NULL);
INSERT INTO EMP_BRANCH_HISTORY (ID_Employee, ID_Branch, StartDate, EndDate) VALUES (108, 4, '2024-04-21', NULL);
INSERT INTO EMP_BRANCH_HISTORY (ID_Employee, ID_Branch, StartDate, EndDate) VALUES (150, 11, '2023-03-09', NULL);
INSERT INTO EMP_BRANCH_HISTORY (ID_Employee, ID_Branch, StartDate, EndDate) VALUES (34, 14, '2024-09-18', NULL);
INSERT INTO EMP_BRANCH_HISTORY (ID_Employee, ID_Branch, StartDate, EndDate) VALUES (111, 12, '2023-03-11', NULL);
INSERT INTO EMP_BRANCH_HISTORY (ID_Employee, ID_Branch, StartDate, EndDate) VALUES (18, 13, '2024-11-03', NULL);
INSERT INTO EMP_BRANCH_HISTORY (ID_Employee, ID_Branch, StartDate, EndDate) VALUES (220, 3, '2024-11-18', NULL);
INSERT INTO EMP_BRANCH_HISTORY (ID_Employee, ID_Branch, StartDate, EndDate) VALUES (178, 10, '2023-02-07', NULL);
INSERT INTO EMP_BRANCH_HISTORY (ID_Employee, ID_Branch, StartDate, EndDate) VALUES (48, 1, '2024-02-25', '2024-12-19');
INSERT INTO EMP_BRANCH_HISTORY (ID_Employee, ID_Branch, StartDate, EndDate) VALUES (211, 4, '2023-12-19', NULL);
INSERT INTO EMP_BRANCH_HISTORY (ID_Employee, ID_Branch, StartDate, EndDate) VALUES (61, 2, '2023-11-01', NULL);
INSERT INTO EMP_BRANCH_HISTORY (ID_Employee, ID_Branch, StartDate, EndDate) VALUES (88, 14, '2024-08-05', NULL);
INSERT INTO EMP_BRANCH_HISTORY (ID_Employee, ID_Branch, StartDate, EndDate) VALUES (125, 15, '2023-10-11', NULL);
INSERT INTO EMP_BRANCH_HISTORY (ID_Employee, ID_Branch, StartDate, EndDate) VALUES (80, 11, '2023-04-09', NULL);
INSERT INTO EMP_BRANCH_HISTORY (ID_Employee, ID_Branch, StartDate, EndDate) VALUES (87, 2, '2023-01-16', NULL);
INSERT INTO EMP_BRANCH_HISTORY (ID_Employee, ID_Branch, StartDate, EndDate) VALUES (214, 13, '2023-09-20', NULL);
INSERT INTO EMP_BRANCH_HISTORY (ID_Employee, ID_Branch, StartDate, EndDate) VALUES (111, 13, '2024-10-04', '2024-12-19');
INSERT INTO EMP_BRANCH_HISTORY (ID_Employee, ID_Branch, StartDate, EndDate) VALUES (7, 10, '2023-05-29', NULL);
INSERT INTO EMP_BRANCH_HISTORY (ID_Employee, ID_Branch, StartDate, EndDate) VALUES (113, 1, '2023-09-09', NULL);
INSERT INTO EMP_BRANCH_HISTORY (ID_Employee, ID_Branch, StartDate, EndDate) VALUES (8, 15, '2024-01-10', NULL);
INSERT INTO EMP_BRANCH_HISTORY (ID_Employee, ID_Branch, StartDate, EndDate) VALUES (66, 2, '2024-09-16', NULL);
INSERT INTO EMP_BRANCH_HISTORY (ID_Employee, ID_Branch, StartDate, EndDate) VALUES (182, 2, '2023-06-23', NULL);
INSERT INTO EMP_BRANCH_HISTORY (ID_Employee, ID_Branch, StartDate, EndDate) VALUES (18, 7, '2023-01-30', NULL);
INSERT INTO EMP_BRANCH_HISTORY (ID_Employee, ID_Branch, StartDate, EndDate) VALUES (23, 4, '2023-06-16', NULL);
INSERT INTO EMP_BRANCH_HISTORY (ID_Employee, ID_Branch, StartDate, EndDate) VALUES (58, 8, '2023-06-27', NULL);
INSERT INTO EMP_BRANCH_HISTORY (ID_Employee, ID_Branch, StartDate, EndDate) VALUES (79, 6, '2023-10-24', NULL);
INSERT INTO EMP_BRANCH_HISTORY (ID_Employee, ID_Branch, StartDate, EndDate) VALUES (154, 8, '2024-10-16', NULL);
INSERT INTO EMP_BRANCH_HISTORY (ID_Employee, ID_Branch, StartDate, EndDate) VALUES (29, 2, '2024-11-10', NULL);
INSERT INTO EMP_BRANCH_HISTORY (ID_Employee, ID_Branch, StartDate, EndDate) VALUES (127, 14, '2023-05-29', NULL);
INSERT INTO EMP_BRANCH_HISTORY (ID_Employee, ID_Branch, StartDate, EndDate) VALUES (144, 14, '2023-05-03', NULL);
INSERT INTO EMP_BRANCH_HISTORY (ID_Employee, ID_Branch, StartDate, EndDate) VALUES (114, 2, '2023-12-06', NULL);
INSERT INTO EMP_BRANCH_HISTORY (ID_Employee, ID_Branch, StartDate, EndDate) VALUES (56, 3, '2023-05-01', NULL);
INSERT INTO EMP_BRANCH_HISTORY (ID_Employee, ID_Branch, StartDate, EndDate) VALUES (47, 3, '2024-01-22', NULL);
INSERT INTO EMP_BRANCH_HISTORY (ID_Employee, ID_Branch, StartDate, EndDate) VALUES (69, 7, '2023-09-26', NULL);
INSERT INTO EMP_BRANCH_HISTORY (ID_Employee, ID_Branch, StartDate, EndDate) VALUES (94, 15, '2023-06-08', NULL);
INSERT INTO EMP_BRANCH_HISTORY (ID_Employee, ID_Branch, StartDate, EndDate) VALUES (144, 9, '2023-08-05', NULL);
INSERT INTO EMP_BRANCH_HISTORY (ID_Employee, ID_Branch, StartDate, EndDate) VALUES (58, 3, '2023-12-23', '2024-12-19');
INSERT INTO EMP_BRANCH_HISTORY (ID_Employee, ID_Branch, StartDate, EndDate) VALUES (135, 11, '2024-01-21', NULL);
INSERT INTO EMP_BRANCH_HISTORY (ID_Employee, ID_Branch, StartDate, EndDate) VALUES (82, 12, '2023-06-17', NULL);
INSERT INTO EMP_BRANCH_HISTORY (ID_Employee, ID_Branch, StartDate, EndDate) VALUES (182, 7, '2024-11-20', NULL);
INSERT INTO EMP_BRANCH_HISTORY (ID_Employee, ID_Branch, StartDate, EndDate) VALUES (122, 9, '2024-12-14', NULL);
INSERT INTO EMP_BRANCH_HISTORY (ID_Employee, ID_Branch, StartDate, EndDate) VALUES (214, 11, '2023-10-07', NULL);
INSERT INTO EMP_BRANCH_HISTORY (ID_Employee, ID_Branch, StartDate, EndDate) VALUES (206, 5, '2024-11-10', NULL);
INSERT INTO EMP_BRANCH_HISTORY (ID_Employee, ID_Branch, StartDate, EndDate) VALUES (81, 15, '2024-10-21', NULL);
INSERT INTO EMP_BRANCH_HISTORY (ID_Employee, ID_Branch, StartDate, EndDate) VALUES (219, 8, '2023-08-23', NULL);
INSERT INTO EMP_BRANCH_HISTORY (ID_Employee, ID_Branch, StartDate, EndDate) VALUES (127, 12, '2024-05-19', NULL);
INSERT INTO EMP_BRANCH_HISTORY (ID_Employee, ID_Branch, StartDate, EndDate) VALUES (110, 13, '2023-03-07', NULL);
INSERT INTO EMP_BRANCH_HISTORY (ID_Employee, ID_Branch, StartDate, EndDate) VALUES (43, 2, '2024-06-08', NULL);
INSERT INTO EMP_BRANCH_HISTORY (ID_Employee, ID_Branch, StartDate, EndDate) VALUES (22, 9, '2023-10-21', NULL);
INSERT INTO EMP_BRANCH_HISTORY (ID_Employee, ID_Branch, StartDate, EndDate) VALUES (39, 7, '2023-07-20', NULL);
INSERT INTO EMP_BRANCH_HISTORY (ID_Employee, ID_Branch, StartDate, EndDate) VALUES (101, 11, '2023-07-08', NULL);
INSERT INTO EMP_BRANCH_HISTORY (ID_Employee, ID_Branch, StartDate, EndDate) VALUES (193, 11, '2024-07-09', NULL);
INSERT INTO EMP_BRANCH_HISTORY (ID_Employee, ID_Branch, StartDate, EndDate) VALUES (46, 10, '2024-08-26', NULL);
INSERT INTO EMP_BRANCH_HISTORY (ID_Employee, ID_Branch, StartDate, EndDate) VALUES (127, 6, '2023-04-04', NULL);
INSERT INTO EMP_BRANCH_HISTORY (ID_Employee, ID_Branch, StartDate, EndDate) VALUES (3, 12, '2024-11-13', NULL);
INSERT INTO EMP_BRANCH_HISTORY (ID_Employee, ID_Branch, StartDate, EndDate) VALUES (75, 14, '2024-02-05', NULL);
INSERT INTO EMP_BRANCH_HISTORY (ID_Employee, ID_Branch, StartDate, EndDate) VALUES (204, 9, '2024-10-20', NULL);
INSERT INTO EMP_BRANCH_HISTORY (ID_Employee, ID_Branch, StartDate, EndDate) VALUES (93, 11, '2023-06-20', NULL);
INSERT INTO EMP_BRANCH_HISTORY (ID_Employee, ID_Branch, StartDate, EndDate) VALUES (46, 4, '2024-09-03', '2024-12-19');
INSERT INTO EMP_BRANCH_HISTORY (ID_Employee, ID_Branch, StartDate, EndDate) VALUES (129, 12, '2024-08-11', NULL);
INSERT INTO EMP_BRANCH_HISTORY (ID_Employee, ID_Branch, StartDate, EndDate) VALUES (104, 14, '2023-11-15', NULL);
INSERT INTO EMP_BRANCH_HISTORY (ID_Employee, ID_Branch, StartDate, EndDate) VALUES (103, 3, '2024-11-25', NULL);
INSERT INTO EMP_BRANCH_HISTORY (ID_Employee, ID_Branch, StartDate, EndDate) VALUES (185, 15, '2024-09-07', NULL);
INSERT INTO EMP_BRANCH_HISTORY (ID_Employee, ID_Branch, StartDate, EndDate) VALUES (168, 11, '2023-02-08', NULL);
INSERT INTO EMP_BRANCH_HISTORY (ID_Employee, ID_Branch, StartDate, EndDate) VALUES (61, 3, '2023-07-13', NULL);
INSERT INTO EMP_BRANCH_HISTORY (ID_Employee, ID_Branch, StartDate, EndDate) VALUES (136, 10, '2023-08-16', NULL);
INSERT INTO EMP_BRANCH_HISTORY (ID_Employee, ID_Branch, StartDate, EndDate) VALUES (60, 7, '2023-05-29', NULL);
INSERT INTO EMP_BRANCH_HISTORY (ID_Employee, ID_Branch, StartDate, EndDate) VALUES (89, 6, '2024-04-25', '2024-12-19');
INSERT INTO EMP_BRANCH_HISTORY (ID_Employee, ID_Branch, StartDate, EndDate) VALUES (108, 10, '2024-06-10', NULL);
INSERT INTO EMP_BRANCH_HISTORY (ID_Employee, ID_Branch, StartDate, EndDate) VALUES (9, 7, '2024-10-06', NULL);
INSERT INTO EMP_BRANCH_HISTORY (ID_Employee, ID_Branch, StartDate, EndDate) VALUES (90, 3, '2024-04-04', NULL);
INSERT INTO EMP_BRANCH_HISTORY (ID_Employee, ID_Branch, StartDate, EndDate) VALUES (44, 10, '2023-05-22', NULL);
INSERT INTO EMP_BRANCH_HISTORY (ID_Employee, ID_Branch, StartDate, EndDate) VALUES (220, 7, '2024-10-28', '2024-12-19');
INSERT INTO EMP_BRANCH_HISTORY (ID_Employee, ID_Branch, StartDate, EndDate) VALUES (51, 3, '2023-01-17', NULL);
INSERT INTO EMP_BRANCH_HISTORY (ID_Employee, ID_Branch, StartDate, EndDate) VALUES (156, 7, '2023-01-01', NULL);
INSERT INTO EMP_BRANCH_HISTORY (ID_Employee, ID_Branch, StartDate, EndDate) VALUES (168, 12, '2023-05-06', NULL);
INSERT INTO EMP_BRANCH_HISTORY (ID_Employee, ID_Branch, StartDate, EndDate) VALUES (154, 7, '2024-05-30', NULL);
INSERT INTO EMP_BRANCH_HISTORY (ID_Employee, ID_Branch, StartDate, EndDate) VALUES (40, 10, '2024-04-13', NULL);
INSERT INTO EMP_BRANCH_HISTORY (ID_Employee, ID_Branch, StartDate, EndDate) VALUES (153, 9, '2023-06-13', NULL);
INSERT INTO EMP_BRANCH_HISTORY (ID_Employee, ID_Branch, StartDate, EndDate) VALUES (192, 3, '2023-01-07', NULL);
INSERT INTO EMP_BRANCH_HISTORY (ID_Employee, ID_Branch, StartDate, EndDate) VALUES (77, 1, '2023-04-02', NULL);
INSERT INTO EMP_BRANCH_HISTORY (ID_Employee, ID_Branch, StartDate, EndDate) VALUES (75, 15, '2024-10-30', NULL);
INSERT INTO EMP_BRANCH_HISTORY (ID_Employee, ID_Branch, StartDate, EndDate) VALUES (43, 11, '2023-10-09', NULL);
INSERT INTO EMP_BRANCH_HISTORY (ID_Employee, ID_Branch, StartDate, EndDate) VALUES (184, 13, '2024-07-07', NULL);
INSERT INTO EMP_BRANCH_HISTORY (ID_Employee, ID_Branch, StartDate, EndDate) VALUES (79, 1, '2023-01-02', NULL);
INSERT INTO EMP_BRANCH_HISTORY (ID_Employee, ID_Branch, StartDate, EndDate) VALUES (88, 10, '2024-09-18', NULL);
INSERT INTO EMP_BRANCH_HISTORY (ID_Employee, ID_Branch, StartDate, EndDate) VALUES (210, 15, '2024-07-31', NULL);
INSERT INTO EMP_BRANCH_HISTORY (ID_Employee, ID_Branch, StartDate, EndDate) VALUES (188, 4, '2023-08-18', NULL);
INSERT INTO EMP_BRANCH_HISTORY (ID_Employee, ID_Branch, StartDate, EndDate) VALUES (199, 1, '2023-10-12', NULL);
INSERT INTO EMP_BRANCH_HISTORY (ID_Employee, ID_Branch, StartDate, EndDate) VALUES (216, 9, '2024-02-23', NULL);
INSERT INTO EMP_BRANCH_HISTORY (ID_Employee, ID_Branch, StartDate, EndDate) VALUES (185, 5, '2023-01-16', '2024-12-19');
INSERT INTO EMP_BRANCH_HISTORY (ID_Employee, ID_Branch, StartDate, EndDate) VALUES (86, 2, '2024-08-24', '2024-12-19');
INSERT INTO EMP_BRANCH_HISTORY (ID_Employee, ID_Branch, StartDate, EndDate) VALUES (156, 2, '2022-12-24', NULL);
INSERT INTO EMP_BRANCH_HISTORY (ID_Employee, ID_Branch, StartDate, EndDate) VALUES (83, 3, '2023-11-22', NULL);
INSERT INTO EMP_BRANCH_HISTORY (ID_Employee, ID_Branch, StartDate, EndDate) VALUES (193, 1, '2023-05-17', NULL);
INSERT INTO EMP_BRANCH_HISTORY (ID_Employee, ID_Branch, StartDate, EndDate) VALUES (27, 12, '2022-12-26', NULL);
INSERT INTO EMP_BRANCH_HISTORY (ID_Employee, ID_Branch, StartDate, EndDate) VALUES (79, 10, '2023-10-08', NULL);
INSERT INTO EMP_BRANCH_HISTORY (ID_Employee, ID_Branch, StartDate, EndDate) VALUES (122, 12, '2023-11-15', NULL);
INSERT INTO EMP_BRANCH_HISTORY (ID_Employee, ID_Branch, StartDate, EndDate) VALUES (44, 9, '2022-12-24', NULL);
INSERT INTO EMP_BRANCH_HISTORY (ID_Employee, ID_Branch, StartDate, EndDate) VALUES (64, 3, '2023-05-05', NULL);
INSERT INTO EMP_BRANCH_HISTORY (ID_Employee, ID_Branch, StartDate, EndDate) VALUES (66, 1, '2023-01-08', NULL);
INSERT INTO EMP_BRANCH_HISTORY (ID_Employee, ID_Branch, StartDate, EndDate) VALUES (136, 12, '2024-08-31', NULL);
INSERT INTO EMP_BRANCH_HISTORY (ID_Employee, ID_Branch, StartDate, EndDate) VALUES (133, 7, '2024-11-27', NULL);
INSERT INTO EMP_BRANCH_HISTORY (ID_Employee, ID_Branch, StartDate, EndDate) VALUES (176, 11, '2023-08-06', '2024-12-19');
INSERT INTO EMP_BRANCH_HISTORY (ID_Employee, ID_Branch, StartDate, EndDate) VALUES (105, 14, '2023-03-18', '2024-12-19');
INSERT INTO EMP_BRANCH_HISTORY (ID_Employee, ID_Branch, StartDate, EndDate) VALUES (196, 5, '2023-03-28', NULL);
INSERT INTO EMP_BRANCH_HISTORY (ID_Employee, ID_Branch, StartDate, EndDate) VALUES (180, 1, '2023-02-13', '2024-12-19');
INSERT INTO EMP_BRANCH_HISTORY (ID_Employee, ID_Branch, StartDate, EndDate) VALUES (50, 9, '2024-04-15', NULL);
INSERT INTO EMP_BRANCH_HISTORY (ID_Employee, ID_Branch, StartDate, EndDate) VALUES (128, 10, '2024-02-15', NULL);
INSERT INTO EMP_BRANCH_HISTORY (ID_Employee, ID_Branch, StartDate, EndDate) VALUES (186, 4, '2023-12-23', '2024-12-19');
INSERT INTO EMP_BRANCH_HISTORY (ID_Employee, ID_Branch, StartDate, EndDate) VALUES (124, 15, '2023-01-01', '2024-12-19');
INSERT INTO EMP_BRANCH_HISTORY (ID_Employee, ID_Branch, StartDate, EndDate) VALUES (224, 3, '2023-05-11', NULL);
INSERT INTO EMP_BRANCH_HISTORY (ID_Employee, ID_Branch, StartDate, EndDate) VALUES (153, 12, '2024-03-03', NULL);
INSERT INTO EMP_BRANCH_HISTORY (ID_Employee, ID_Branch, StartDate, EndDate) VALUES (34, 5, '2024-01-13', '2024-12-19');
INSERT INTO EMP_BRANCH_HISTORY (ID_Employee, ID_Branch, StartDate, EndDate) VALUES (214, 14, '2023-06-06', '2024-12-19');
INSERT INTO EMP_BRANCH_HISTORY (ID_Employee, ID_Branch, StartDate, EndDate) VALUES (33, 15, '2023-12-17', NULL);
INSERT INTO EMP_BRANCH_HISTORY (ID_Employee, ID_Branch, StartDate, EndDate) VALUES (77, 8, '2023-02-24', NULL);
INSERT INTO EMP_BRANCH_HISTORY (ID_Employee, ID_Branch, StartDate, EndDate) VALUES (202, 12, '2023-09-13', '2024-12-19');
INSERT INTO EMP_BRANCH_HISTORY (ID_Employee, ID_Branch, StartDate, EndDate) VALUES (31, 15, '2024-06-08', NULL);
INSERT INTO EMP_BRANCH_HISTORY (ID_Employee, ID_Branch, StartDate, EndDate) VALUES (27, 15, '2024-11-01', NULL);
INSERT INTO EMP_BRANCH_HISTORY (ID_Employee, ID_Branch, StartDate, EndDate) VALUES (89, 11, '2024-06-08', NULL);
INSERT INTO EMP_BRANCH_HISTORY (ID_Employee, ID_Branch, StartDate, EndDate) VALUES (214, 9, '2023-02-22', NULL);
INSERT INTO EMP_BRANCH_HISTORY (ID_Employee, ID_Branch, StartDate, EndDate) VALUES (66, 11, '2024-03-13', NULL);
INSERT INTO EMP_BRANCH_HISTORY (ID_Employee, ID_Branch, StartDate, EndDate) VALUES (193, 4, '2024-04-30', NULL);
INSERT INTO EMP_BRANCH_HISTORY (ID_Employee, ID_Branch, StartDate, EndDate) VALUES (52, 13, '2024-05-21', NULL);
INSERT INTO EMP_BRANCH_HISTORY (ID_Employee, ID_Branch, StartDate, EndDate) VALUES (216, 3, '2024-05-04', NULL);
INSERT INTO EMP_BRANCH_HISTORY (ID_Employee, ID_Branch, StartDate, EndDate) VALUES (51, 11, '2023-11-15', NULL);
INSERT INTO EMP_BRANCH_HISTORY (ID_Employee, ID_Branch, StartDate, EndDate) VALUES (16, 13, '2023-11-05', NULL);
INSERT INTO EMP_BRANCH_HISTORY (ID_Employee, ID_Branch, StartDate, EndDate) VALUES (3, 10, '2024-02-20', NULL);
INSERT INTO EMP_BRANCH_HISTORY (ID_Employee, ID_Branch, StartDate, EndDate) VALUES (138, 2, '2023-06-06', NULL);
INSERT INTO EMP_BRANCH_HISTORY (ID_Employee, ID_Branch, StartDate, EndDate) VALUES (152, 15, '2023-07-01', '2024-12-19');
INSERT INTO EMP_BRANCH_HISTORY (ID_Employee, ID_Branch, StartDate, EndDate) VALUES (170, 4, '2024-03-25', NULL);
INSERT INTO EMP_BRANCH_HISTORY (ID_Employee, ID_Branch, StartDate, EndDate) VALUES (28, 6, '2024-03-20', NULL);
INSERT INTO EMP_BRANCH_HISTORY (ID_Employee, ID_Branch, StartDate, EndDate) VALUES (220, 12, '2024-03-07', NULL);
INSERT INTO EMP_BRANCH_HISTORY (ID_Employee, ID_Branch, StartDate, EndDate) VALUES (150, 14, '2024-08-24', NULL);
INSERT INTO EMP_BRANCH_HISTORY (ID_Employee, ID_Branch, StartDate, EndDate) VALUES (78, 4, '2023-04-15', NULL);
INSERT INTO EMP_BRANCH_HISTORY (ID_Employee, ID_Branch, StartDate, EndDate) VALUES (19, 5, '2023-02-27', '2024-12-19');
INSERT INTO EMP_BRANCH_HISTORY (ID_Employee, ID_Branch, StartDate, EndDate) VALUES (210, 5, '2023-12-11', '2024-12-19');
INSERT INTO EMP_BRANCH_HISTORY (ID_Employee, ID_Branch, StartDate, EndDate) VALUES (66, 15, '2023-08-29', NULL);
INSERT INTO EMP_BRANCH_HISTORY (ID_Employee, ID_Branch, StartDate, EndDate) VALUES (63, 10, '2023-08-16', NULL);
INSERT INTO EMP_BRANCH_HISTORY (ID_Employee, ID_Branch, StartDate, EndDate) VALUES (123, 4, '2024-10-08', NULL);
INSERT INTO EMP_BRANCH_HISTORY (ID_Employee, ID_Branch, StartDate, EndDate) VALUES (106, 5, '2023-09-06', NULL);
INSERT INTO EMP_BRANCH_HISTORY (ID_Employee, ID_Branch, StartDate, EndDate) VALUES (152, 9, '2023-01-11', NULL);
INSERT INTO EMP_BRANCH_HISTORY (ID_Employee, ID_Branch, StartDate, EndDate) VALUES (74, 14, '2023-07-09', NULL);
INSERT INTO EMP_BRANCH_HISTORY (ID_Employee, ID_Branch, StartDate, EndDate) VALUES (212, 1, '2023-07-14', NULL);
INSERT INTO EMP_BRANCH_HISTORY (ID_Employee, ID_Branch, StartDate, EndDate) VALUES (191, 7, '2023-11-03', NULL);
INSERT INTO EMP_BRANCH_HISTORY (ID_Employee, ID_Branch, StartDate, EndDate) VALUES (36, 11, '2023-11-29', NULL);
INSERT INTO EMP_BRANCH_HISTORY (ID_Employee, ID_Branch, StartDate, EndDate) VALUES (178, 14, '2024-03-23', NULL);
INSERT INTO EMP_BRANCH_HISTORY (ID_Employee, ID_Branch, StartDate, EndDate) VALUES (80, 10, '2024-11-16', NULL);
INSERT INTO EMP_BRANCH_HISTORY (ID_Employee, ID_Branch, StartDate, EndDate) VALUES (11, 1, '2024-02-12', NULL);
INSERT INTO EMP_BRANCH_HISTORY (ID_Employee, ID_Branch, StartDate, EndDate) VALUES (177, 15, '2023-03-22', NULL);
INSERT INTO EMP_BRANCH_HISTORY (ID_Employee, ID_Branch, StartDate, EndDate) VALUES (74, 7, '2024-02-20', NULL);
INSERT INTO EMP_BRANCH_HISTORY (ID_Employee, ID_Branch, StartDate, EndDate) VALUES (124, 7, '2024-10-27', NULL);
INSERT INTO EMP_BRANCH_HISTORY (ID_Employee, ID_Branch, StartDate, EndDate) VALUES (65, 14, '2023-02-04', NULL);
INSERT INTO EMP_BRANCH_HISTORY (ID_Employee, ID_Branch, StartDate, EndDate) VALUES (213, 11, '2024-05-10', NULL);
INSERT INTO EMP_BRANCH_HISTORY (ID_Employee, ID_Branch, StartDate, EndDate) VALUES (63, 8, '2023-06-11', NULL);
INSERT INTO EMP_BRANCH_HISTORY (ID_Employee, ID_Branch, StartDate, EndDate) VALUES (150, 10, '2023-03-17', NULL);
INSERT INTO EMP_BRANCH_HISTORY (ID_Employee, ID_Branch, StartDate, EndDate) VALUES (221, 13, '2023-02-27', NULL);
INSERT INTO EMP_BRANCH_HISTORY (ID_Employee, ID_Branch, StartDate, EndDate) VALUES (190, 13, '2023-07-12', '2024-12-19');
INSERT INTO EMP_BRANCH_HISTORY (ID_Employee, ID_Branch, StartDate, EndDate) VALUES (91, 2, '2024-07-07', NULL);
INSERT INTO EMP_BRANCH_HISTORY (ID_Employee, ID_Branch, StartDate, EndDate) VALUES (103, 4, '2024-05-22', NULL);
INSERT INTO EMP_BRANCH_HISTORY (ID_Employee, ID_Branch, StartDate, EndDate) VALUES (214, 1, '2023-10-21', NULL);
INSERT INTO EMP_BRANCH_HISTORY (ID_Employee, ID_Branch, StartDate, EndDate) VALUES (138, 1, '2024-09-05', NULL);
INSERT INTO EMP_BRANCH_HISTORY (ID_Employee, ID_Branch, StartDate, EndDate) VALUES (222, 3, '2023-08-29', NULL);
INSERT INTO EMP_BRANCH_HISTORY (ID_Employee, ID_Branch, StartDate, EndDate) VALUES (146, 11, '2024-03-16', NULL);
INSERT INTO EMP_BRANCH_HISTORY (ID_Employee, ID_Branch, StartDate, EndDate) VALUES (44, 11, '2023-01-14', NULL);
INSERT INTO EMP_BRANCH_HISTORY (ID_Employee, ID_Branch, StartDate, EndDate) VALUES (204, 7, '2023-12-12', '2024-12-19');
INSERT INTO EMP_BRANCH_HISTORY (ID_Employee, ID_Branch, StartDate, EndDate) VALUES (182, 11, '2024-09-10', NULL);
INSERT INTO EMP_BRANCH_HISTORY (ID_Employee, ID_Branch, StartDate, EndDate) VALUES (101, 12, '2023-07-03', NULL);
INSERT INTO EMP_BRANCH_HISTORY (ID_Employee, ID_Branch, StartDate, EndDate) VALUES (64, 8, '2024-03-29', NULL);
INSERT INTO EMP_BRANCH_HISTORY (ID_Employee, ID_Branch, StartDate, EndDate) VALUES (107, 1, '2023-09-13', NULL);
INSERT INTO EMP_BRANCH_HISTORY (ID_Employee, ID_Branch, StartDate, EndDate) VALUES (93, 4, '2023-04-29', NULL);
INSERT INTO EMP_BRANCH_HISTORY (ID_Employee, ID_Branch, StartDate, EndDate) VALUES (177, 11, '2023-03-15', NULL);
INSERT INTO EMP_BRANCH_HISTORY (ID_Employee, ID_Branch, StartDate, EndDate) VALUES (97, 11, '2024-07-02', NULL);
INSERT INTO EMP_BRANCH_HISTORY (ID_Employee, ID_Branch, StartDate, EndDate) VALUES (4, 1, '2024-11-24', NULL);
INSERT INTO EMP_BRANCH_HISTORY (ID_Employee, ID_Branch, StartDate, EndDate) VALUES (28, 1, '2022-12-22', NULL);
INSERT INTO EMP_BRANCH_HISTORY (ID_Employee, ID_Branch, StartDate, EndDate) VALUES (54, 14, '2024-07-14', NULL);
INSERT INTO EMP_BRANCH_HISTORY (ID_Employee, ID_Branch, StartDate, EndDate) VALUES (15, 15, '2024-06-10', NULL);
INSERT INTO EMP_BRANCH_HISTORY (ID_Employee, ID_Branch, StartDate, EndDate) VALUES (198, 7, '2023-01-02', NULL);
INSERT INTO EMP_BRANCH_HISTORY (ID_Employee, ID_Branch, StartDate, EndDate) VALUES (23, 2, '2023-02-14', NULL);
INSERT INTO EMP_BRANCH_HISTORY (ID_Employee, ID_Branch, StartDate, EndDate) VALUES (177, 3, '2024-11-18', NULL);
INSERT INTO EMP_BRANCH_HISTORY (ID_Employee, ID_Branch, StartDate, EndDate) VALUES (169, 13, '2023-08-24', NULL);
INSERT INTO EMP_BRANCH_HISTORY (ID_Employee, ID_Branch, StartDate, EndDate) VALUES (110, 4, '2023-06-11', NULL);
INSERT INTO EMP_BRANCH_HISTORY (ID_Employee, ID_Branch, StartDate, EndDate) VALUES (33, 6, '2023-05-31', NULL);
INSERT INTO EMP_BRANCH_HISTORY (ID_Employee, ID_Branch, StartDate, EndDate) VALUES (57, 8, '2023-08-29', '2024-12-19');
INSERT INTO EMP_BRANCH_HISTORY (ID_Employee, ID_Branch, StartDate, EndDate) VALUES (193, 10, '2024-10-11', NULL);
INSERT INTO EMP_BRANCH_HISTORY (ID_Employee, ID_Branch, StartDate, EndDate) VALUES (191, 13, '2023-09-15', NULL);
INSERT INTO EMP_BRANCH_HISTORY (ID_Employee, ID_Branch, StartDate, EndDate) VALUES (34, 7, '2024-11-15', NULL);
INSERT INTO EMP_BRANCH_HISTORY (ID_Employee, ID_Branch, StartDate, EndDate) VALUES (140, 8, '2023-03-10', NULL);
INSERT INTO EMP_BRANCH_HISTORY (ID_Employee, ID_Branch, StartDate, EndDate) VALUES (50, 14, '2024-11-16', NULL);
INSERT INTO EMP_BRANCH_HISTORY (ID_Employee, ID_Branch, StartDate, EndDate) VALUES (130, 12, '2023-10-26', NULL);
INSERT INTO EMP_BRANCH_HISTORY (ID_Employee, ID_Branch, StartDate, EndDate) VALUES (144, 5, '2023-12-04', NULL);
INSERT INTO EMP_BRANCH_HISTORY (ID_Employee, ID_Branch, StartDate, EndDate) VALUES (164, 6, '2023-04-24', NULL);
INSERT INTO EMP_BRANCH_HISTORY (ID_Employee, ID_Branch, StartDate, EndDate) VALUES (156, 13, '2023-02-19', '2024-12-19');
INSERT INTO EMP_BRANCH_HISTORY (ID_Employee, ID_Branch, StartDate, EndDate) VALUES (51, 5, '2024-07-26', NULL);
INSERT INTO EMP_BRANCH_HISTORY (ID_Employee, ID_Branch, StartDate, EndDate) VALUES (66, 9, '2023-10-19', NULL);
INSERT INTO EMP_BRANCH_HISTORY (ID_Employee, ID_Branch, StartDate, EndDate) VALUES (131, 13, '2023-08-05', NULL);
INSERT INTO EMP_BRANCH_HISTORY (ID_Employee, ID_Branch, StartDate, EndDate) VALUES (170, 6, '2024-11-22', NULL);
INSERT INTO EMP_BRANCH_HISTORY (ID_Employee, ID_Branch, StartDate, EndDate) VALUES (134, 9, '2023-01-29', NULL);
INSERT INTO EMP_BRANCH_HISTORY (ID_Employee, ID_Branch, StartDate, EndDate) VALUES (192, 5, '2023-10-09', NULL);
INSERT INTO EMP_BRANCH_HISTORY (ID_Employee, ID_Branch, StartDate, EndDate) VALUES (17, 11, '2024-05-08', NULL);
INSERT INTO EMP_BRANCH_HISTORY (ID_Employee, ID_Branch, StartDate, EndDate) VALUES (68, 1, '2023-12-17', NULL);
INSERT INTO EMP_BRANCH_HISTORY (ID_Employee, ID_Branch, StartDate, EndDate) VALUES (84, 5, '2023-06-29', NULL);
INSERT INTO EMP_BRANCH_HISTORY (ID_Employee, ID_Branch, StartDate, EndDate) VALUES (191, 4, '2024-05-14', '2024-12-19');
INSERT INTO EMP_BRANCH_HISTORY (ID_Employee, ID_Branch, StartDate, EndDate) VALUES (218, 3, '2024-09-24', NULL);
INSERT INTO EMP_BRANCH_HISTORY (ID_Employee, ID_Branch, StartDate, EndDate) VALUES (137, 15, '2024-01-04', NULL);
INSERT INTO EMP_BRANCH_HISTORY (ID_Employee, ID_Branch, StartDate, EndDate) VALUES (21, 9, '2024-07-20', NULL);
INSERT INTO EMP_BRANCH_HISTORY (ID_Employee, ID_Branch, StartDate, EndDate) VALUES (74, 1, '2023-01-21', NULL);
INSERT INTO EMP_BRANCH_HISTORY (ID_Employee, ID_Branch, StartDate, EndDate) VALUES (115, 14, '2023-02-09', NULL);
INSERT INTO EMP_BRANCH_HISTORY (ID_Employee, ID_Branch, StartDate, EndDate) VALUES (161, 7, '2023-06-01', '2024-12-19');
INSERT INTO EMP_BRANCH_HISTORY (ID_Employee, ID_Branch, StartDate, EndDate) VALUES (39, 2, '2024-06-12', NULL);
INSERT INTO EMP_BRANCH_HISTORY (ID_Employee, ID_Branch, StartDate, EndDate) VALUES (187, 5, '2023-07-24', NULL);
INSERT INTO EMP_BRANCH_HISTORY (ID_Employee, ID_Branch, StartDate, EndDate) VALUES (174, 4, '2024-07-16', NULL);
INSERT INTO EMP_BRANCH_HISTORY (ID_Employee, ID_Branch, StartDate, EndDate) VALUES (74, 8, '2023-03-21', NULL);
INSERT INTO EMP_BRANCH_HISTORY (ID_Employee, ID_Branch, StartDate, EndDate) VALUES (203, 4, '2024-08-29', NULL);
INSERT INTO EMP_BRANCH_HISTORY (ID_Employee, ID_Branch, StartDate, EndDate) VALUES (21, 1, '2024-01-07', NULL);
INSERT INTO EMP_BRANCH_HISTORY (ID_Employee, ID_Branch, StartDate, EndDate) VALUES (56, 1, '2024-01-12', NULL);
INSERT INTO EMP_BRANCH_HISTORY (ID_Employee, ID_Branch, StartDate, EndDate) VALUES (4, 8, '2024-03-12', NULL);
INSERT INTO EMP_BRANCH_HISTORY (ID_Employee, ID_Branch, StartDate, EndDate) VALUES (205, 13, '2024-06-18', NULL);
INSERT INTO EMP_BRANCH_HISTORY (ID_Employee, ID_Branch, StartDate, EndDate) VALUES (20, 4, '2022-12-30', NULL);
INSERT INTO EMP_BRANCH_HISTORY (ID_Employee, ID_Branch, StartDate, EndDate) VALUES (154, 6, '2024-11-04', NULL);
INSERT INTO EMP_BRANCH_HISTORY (ID_Employee, ID_Branch, StartDate, EndDate) VALUES (48, 6, '2023-01-13', NULL);
INSERT INTO EMP_BRANCH_HISTORY (ID_Employee, ID_Branch, StartDate, EndDate) VALUES (106, 4, '2024-11-22', NULL);
INSERT INTO EMP_BRANCH_HISTORY (ID_Employee, ID_Branch, StartDate, EndDate) VALUES (22, 5, '2024-08-03', NULL);
INSERT INTO EMP_BRANCH_HISTORY (ID_Employee, ID_Branch, StartDate, EndDate) VALUES (37, 4, '2023-04-14', NULL);
INSERT INTO EMP_BRANCH_HISTORY (ID_Employee, ID_Branch, StartDate, EndDate) VALUES (87, 4, '2023-08-18', NULL);
INSERT INTO EMP_BRANCH_HISTORY (ID_Employee, ID_Branch, StartDate, EndDate) VALUES (82, 13, '2024-01-24', NULL);
INSERT INTO EMP_BRANCH_HISTORY (ID_Employee, ID_Branch, StartDate, EndDate) VALUES (166, 6, '2024-05-08', NULL);
INSERT INTO EMP_BRANCH_HISTORY (ID_Employee, ID_Branch, StartDate, EndDate) VALUES (12, 9, '2024-08-29', NULL);
INSERT INTO EMP_BRANCH_HISTORY (ID_Employee, ID_Branch, StartDate, EndDate) VALUES (218, 1, '2024-05-16', NULL);
INSERT INTO EMP_BRANCH_HISTORY (ID_Employee, ID_Branch, StartDate, EndDate) VALUES (219, 10, '2023-09-04', NULL);
INSERT INTO EMP_BRANCH_HISTORY (ID_Employee, ID_Branch, StartDate, EndDate) VALUES (187, 10, '2023-03-06', NULL);
INSERT INTO EMP_BRANCH_HISTORY (ID_Employee, ID_Branch, StartDate, EndDate) VALUES (67, 4, '2023-01-13', NULL);
INSERT INTO EMP_BRANCH_HISTORY (ID_Employee, ID_Branch, StartDate, EndDate) VALUES (9, 11, '2023-02-24', NULL);
INSERT INTO EMP_BRANCH_HISTORY (ID_Employee, ID_Branch, StartDate, EndDate) VALUES (184, 11, '2023-12-26', '2024-12-19');
INSERT INTO EMP_BRANCH_HISTORY (ID_Employee, ID_Branch, StartDate, EndDate) VALUES (131, 1, '2023-09-17', NULL);
INSERT INTO EMP_BRANCH_HISTORY (ID_Employee, ID_Branch, StartDate, EndDate) VALUES (51, 10, '2024-04-22', NULL);
INSERT INTO EMP_BRANCH_HISTORY (ID_Employee, ID_Branch, StartDate, EndDate) VALUES (111, 4, '2024-11-15', NULL);
INSERT INTO EMP_BRANCH_HISTORY (ID_Employee, ID_Branch, StartDate, EndDate) VALUES (222, 10, '2024-02-10', NULL);
INSERT INTO EMP_BRANCH_HISTORY (ID_Employee, ID_Branch, StartDate, EndDate) VALUES (109, 4, '2023-01-29', NULL);
INSERT INTO EMP_BRANCH_HISTORY (ID_Employee, ID_Branch, StartDate, EndDate) VALUES (12, 13, '2024-07-23', NULL);
INSERT INTO EMP_BRANCH_HISTORY (ID_Employee, ID_Branch, StartDate, EndDate) VALUES (98, 11, '2024-05-07', NULL);
INSERT INTO EMP_BRANCH_HISTORY (ID_Employee, ID_Branch, StartDate, EndDate) VALUES (46, 14, '2023-05-08', NULL);
INSERT INTO EMP_BRANCH_HISTORY (ID_Employee, ID_Branch, StartDate, EndDate) VALUES (70, 14, '2023-09-29', NULL);
INSERT INTO EMP_BRANCH_HISTORY (ID_Employee, ID_Branch, StartDate, EndDate) VALUES (70, 9, '2023-08-19', NULL);
INSERT INTO EMP_BRANCH_HISTORY (ID_Employee, ID_Branch, StartDate, EndDate) VALUES (56, 8, '2023-11-23', NULL);
INSERT INTO EMP_BRANCH_HISTORY (ID_Employee, ID_Branch, StartDate, EndDate) VALUES (52, 8, '2024-06-15', NULL);
INSERT INTO EMP_BRANCH_HISTORY (ID_Employee, ID_Branch, StartDate, EndDate) VALUES (50, 3, '2024-05-04', '2024-12-19');
INSERT INTO EMP_BRANCH_HISTORY (ID_Employee, ID_Branch, StartDate, EndDate) VALUES (14, 9, '2024-03-06', NULL);
INSERT INTO EMP_BRANCH_HISTORY (ID_Employee, ID_Branch, StartDate, EndDate) VALUES (139, 10, '2024-09-27', NULL);
INSERT INTO EMP_BRANCH_HISTORY (ID_Employee, ID_Branch, StartDate, EndDate) VALUES (52, 14, '2024-02-26', NULL);
INSERT INTO EMP_BRANCH_HISTORY (ID_Employee, ID_Branch, StartDate, EndDate) VALUES (77, 6, '2024-10-13', NULL);
INSERT INTO EMP_BRANCH_HISTORY (ID_Employee, ID_Branch, StartDate, EndDate) VALUES (215, 12, '2024-08-10', NULL);
INSERT INTO EMP_BRANCH_HISTORY (ID_Employee, ID_Branch, StartDate, EndDate) VALUES (160, 4, '2023-07-26', NULL);
INSERT INTO EMP_BRANCH_HISTORY (ID_Employee, ID_Branch, StartDate, EndDate) VALUES (25, 5, '2024-12-03', NULL);
INSERT INTO EMP_BRANCH_HISTORY (ID_Employee, ID_Branch, StartDate, EndDate) VALUES (4, 10, '2023-11-08', NULL);
INSERT INTO EMP_BRANCH_HISTORY (ID_Employee, ID_Branch, StartDate, EndDate) VALUES (118, 13, '2024-02-08', NULL);
INSERT INTO EMP_BRANCH_HISTORY (ID_Employee, ID_Branch, StartDate, EndDate) VALUES (12, 6, '2024-11-05', NULL);
INSERT INTO EMP_BRANCH_HISTORY (ID_Employee, ID_Branch, StartDate, EndDate) VALUES (172, 13, '2023-04-23', NULL);
INSERT INTO EMP_BRANCH_HISTORY (ID_Employee, ID_Branch, StartDate, EndDate) VALUES (217, 11, '2024-03-07', NULL);
INSERT INTO EMP_BRANCH_HISTORY (ID_Employee, ID_Branch, StartDate, EndDate) VALUES (125, 4, '2024-10-13', NULL);
INSERT INTO EMP_BRANCH_HISTORY (ID_Employee, ID_Branch, StartDate, EndDate) VALUES (200, 12, '2024-12-04', NULL);
INSERT INTO EMP_BRANCH_HISTORY (ID_Employee, ID_Branch, StartDate, EndDate) VALUES (137, 12, '2023-04-30', NULL);
INSERT INTO EMP_BRANCH_HISTORY (ID_Employee, ID_Branch, StartDate, EndDate) VALUES (115, 15, '2024-01-01', NULL);
INSERT INTO EMP_BRANCH_HISTORY (ID_Employee, ID_Branch, StartDate, EndDate) VALUES (16, 12, '2024-11-18', NULL);
INSERT INTO EMP_BRANCH_HISTORY (ID_Employee, ID_Branch, StartDate, EndDate) VALUES (171, 11, '2024-02-01', NULL);
INSERT INTO EMP_BRANCH_HISTORY (ID_Employee, ID_Branch, StartDate, EndDate) VALUES (59, 9, '2023-04-05', NULL);
INSERT INTO EMP_BRANCH_HISTORY (ID_Employee, ID_Branch, StartDate, EndDate) VALUES (207, 4, '2022-12-22', NULL);
INSERT INTO EMP_BRANCH_HISTORY (ID_Employee, ID_Branch, StartDate, EndDate) VALUES (184, 2, '2024-02-29', NULL);
INSERT INTO EMP_BRANCH_HISTORY (ID_Employee, ID_Branch, StartDate, EndDate) VALUES (100, 5, '2024-09-15', NULL);
INSERT INTO EMP_BRANCH_HISTORY (ID_Employee, ID_Branch, StartDate, EndDate) VALUES (180, 11, '2023-07-24', NULL);
INSERT INTO EMP_BRANCH_HISTORY (ID_Employee, ID_Branch, StartDate, EndDate) VALUES (221, 1, '2024-02-22', NULL);
INSERT INTO EMP_BRANCH_HISTORY (ID_Employee, ID_Branch, StartDate, EndDate) VALUES (117, 7, '2024-07-03', NULL);
INSERT INTO EMP_BRANCH_HISTORY (ID_Employee, ID_Branch, StartDate, EndDate) VALUES (177, 6, '2024-08-27', NULL);
INSERT INTO EMP_BRANCH_HISTORY (ID_Employee, ID_Branch, StartDate, EndDate) VALUES (131, 7, '2023-12-09', NULL);
INSERT INTO EMP_BRANCH_HISTORY (ID_Employee, ID_Branch, StartDate, EndDate) VALUES (76, 12, '2024-10-24', NULL);
INSERT INTO EMP_BRANCH_HISTORY (ID_Employee, ID_Branch, StartDate, EndDate) VALUES (138, 5, '2023-12-08', NULL);
INSERT INTO EMP_BRANCH_HISTORY (ID_Employee, ID_Branch, StartDate, EndDate) VALUES (106, 9, '2024-11-22', NULL);
INSERT INTO EMP_BRANCH_HISTORY (ID_Employee, ID_Branch, StartDate, EndDate) VALUES (121, 12, '2023-01-06', NULL);
INSERT INTO EMP_BRANCH_HISTORY (ID_Employee, ID_Branch, StartDate, EndDate) VALUES (224, 6, '2023-02-27', NULL);
INSERT INTO EMP_BRANCH_HISTORY (ID_Employee, ID_Branch, StartDate, EndDate) VALUES (58, 10, '2023-05-21', NULL);
INSERT INTO EMP_BRANCH_HISTORY (ID_Employee, ID_Branch, StartDate, EndDate) VALUES (95, 14, '2024-06-23', NULL);
INSERT INTO EMP_BRANCH_HISTORY (ID_Employee, ID_Branch, StartDate, EndDate) VALUES (88, 12, '2024-04-27', NULL);
INSERT INTO EMP_BRANCH_HISTORY (ID_Employee, ID_Branch, StartDate, EndDate) VALUES (2, 1, '2023-02-21', NULL);
INSERT INTO EMP_BRANCH_HISTORY (ID_Employee, ID_Branch, StartDate, EndDate) VALUES (89, 14, '2024-02-05', NULL);
INSERT INTO EMP_BRANCH_HISTORY (ID_Employee, ID_Branch, StartDate, EndDate) VALUES (33, 5, '2024-08-14', NULL);
INSERT INTO EMP_BRANCH_HISTORY (ID_Employee, ID_Branch, StartDate, EndDate) VALUES (159, 15, '2024-02-27', NULL);
INSERT INTO EMP_BRANCH_HISTORY (ID_Employee, ID_Branch, StartDate, EndDate) VALUES (87, 5, '2023-03-31', NULL);
INSERT INTO EMP_BRANCH_HISTORY (ID_Employee, ID_Branch, StartDate, EndDate) VALUES (214, 3, '2023-07-27', '2024-12-19');
INSERT INTO EMP_BRANCH_HISTORY (ID_Employee, ID_Branch, StartDate, EndDate) VALUES (181, 1, '2023-01-29', NULL);
INSERT INTO EMP_BRANCH_HISTORY (ID_Employee, ID_Branch, StartDate, EndDate) VALUES (49, 10, '2024-05-03', NULL);
INSERT INTO EMP_BRANCH_HISTORY (ID_Employee, ID_Branch, StartDate, EndDate) VALUES (8, 4, '2023-05-21', NULL);
INSERT INTO EMP_BRANCH_HISTORY (ID_Employee, ID_Branch, StartDate, EndDate) VALUES (201, 15, '2023-06-25', NULL);
INSERT INTO EMP_BRANCH_HISTORY (ID_Employee, ID_Branch, StartDate, EndDate) VALUES (184, 5, '2024-10-17', NULL);
INSERT INTO EMP_BRANCH_HISTORY (ID_Employee, ID_Branch, StartDate, EndDate) VALUES (31, 12, '2024-08-02', NULL);
INSERT INTO EMP_BRANCH_HISTORY (ID_Employee, ID_Branch, StartDate, EndDate) VALUES (208, 14, '2024-04-04', NULL);
INSERT INTO EMP_BRANCH_HISTORY (ID_Employee, ID_Branch, StartDate, EndDate) VALUES (20, 11, '2024-08-23', NULL);
INSERT INTO EMP_BRANCH_HISTORY (ID_Employee, ID_Branch, StartDate, EndDate) VALUES (76, 4, '2024-04-05', NULL);
INSERT INTO EMP_BRANCH_HISTORY (ID_Employee, ID_Branch, StartDate, EndDate) VALUES (210, 2, '2023-03-03', NULL);
INSERT INTO EMP_BRANCH_HISTORY (ID_Employee, ID_Branch, StartDate, EndDate) VALUES (114, 14, '2023-07-02', NULL);
INSERT INTO EMP_BRANCH_HISTORY (ID_Employee, ID_Branch, StartDate, EndDate) VALUES (50, 15, '2024-04-24', NULL);
INSERT INTO EMP_BRANCH_HISTORY (ID_Employee, ID_Branch, StartDate, EndDate) VALUES (85, 1, '2023-09-02', '2024-12-19');
INSERT INTO EMP_BRANCH_HISTORY (ID_Employee, ID_Branch, StartDate, EndDate) VALUES (48, 8, '2023-02-21', NULL);
INSERT INTO EMP_BRANCH_HISTORY (ID_Employee, ID_Branch, StartDate, EndDate) VALUES (54, 13, '2024-03-14', NULL);
INSERT INTO EMP_BRANCH_HISTORY (ID_Employee, ID_Branch, StartDate, EndDate) VALUES (187, 8, '2023-12-11', NULL);
INSERT INTO EMP_BRANCH_HISTORY (ID_Employee, ID_Branch, StartDate, EndDate) VALUES (141, 7, '2023-11-13', NULL);
INSERT INTO EMP_BRANCH_HISTORY (ID_Employee, ID_Branch, StartDate, EndDate) VALUES (204, 11, '2024-03-25', NULL);
INSERT INTO EMP_BRANCH_HISTORY (ID_Employee, ID_Branch, StartDate, EndDate) VALUES (141, 2, '2024-07-26', NULL);
INSERT INTO EMP_BRANCH_HISTORY (ID_Employee, ID_Branch, StartDate, EndDate) VALUES (24, 10, '2024-12-14', NULL);
INSERT INTO EMP_BRANCH_HISTORY (ID_Employee, ID_Branch, StartDate, EndDate) VALUES (166, 4, '2024-03-23', NULL);
INSERT INTO EMP_BRANCH_HISTORY (ID_Employee, ID_Branch, StartDate, EndDate) VALUES (71, 12, '2024-03-06', NULL);
INSERT INTO EMP_BRANCH_HISTORY (ID_Employee, ID_Branch, StartDate, EndDate) VALUES (22, 12, '2023-03-17', NULL);
INSERT INTO EMP_BRANCH_HISTORY (ID_Employee, ID_Branch, StartDate, EndDate) VALUES (143, 3, '2024-03-13', NULL);
INSERT INTO EMP_BRANCH_HISTORY (ID_Employee, ID_Branch, StartDate, EndDate) VALUES (27, 5, '2023-04-14', '2024-12-19');
INSERT INTO EMP_BRANCH_HISTORY (ID_Employee, ID_Branch, StartDate, EndDate) VALUES (223, 10, '2024-11-01', NULL);
INSERT INTO EMP_BRANCH_HISTORY (ID_Employee, ID_Branch, StartDate, EndDate) VALUES (105, 2, '2023-06-08', NULL);
INSERT INTO EMP_BRANCH_HISTORY (ID_Employee, ID_Branch, StartDate, EndDate) VALUES (90, 9, '2024-07-02', NULL);
INSERT INTO EMP_BRANCH_HISTORY (ID_Employee, ID_Branch, StartDate, EndDate) VALUES (121, 13, '2024-01-31', NULL);
INSERT INTO EMP_BRANCH_HISTORY (ID_Employee, ID_Branch, StartDate, EndDate) VALUES (30, 3, '2024-02-24', NULL);
INSERT INTO EMP_BRANCH_HISTORY (ID_Employee, ID_Branch, StartDate, EndDate) VALUES (181, 6, '2024-08-26', NULL);
INSERT INTO EMP_BRANCH_HISTORY (ID_Employee, ID_Branch, StartDate, EndDate) VALUES (25, 3, '2023-12-31', NULL);
INSERT INTO EMP_BRANCH_HISTORY (ID_Employee, ID_Branch, StartDate, EndDate) VALUES (131, 6, '2024-04-22', NULL);
INSERT INTO EMP_BRANCH_HISTORY (ID_Employee, ID_Branch, StartDate, EndDate) VALUES (31, 13, '2023-08-13', NULL);
INSERT INTO EMP_BRANCH_HISTORY (ID_Employee, ID_Branch, StartDate, EndDate) VALUES (95, 6, '2023-09-14', NULL);
INSERT INTO EMP_BRANCH_HISTORY (ID_Employee, ID_Branch, StartDate, EndDate) VALUES (174, 2, '2023-07-11', '2024-12-19');
INSERT INTO EMP_BRANCH_HISTORY (ID_Employee, ID_Branch, StartDate, EndDate) VALUES (194, 11, '2023-08-23', NULL);
INSERT INTO EMP_BRANCH_HISTORY (ID_Employee, ID_Branch, StartDate, EndDate) VALUES (107, 6, '2023-12-06', NULL);
INSERT INTO EMP_BRANCH_HISTORY (ID_Employee, ID_Branch, StartDate, EndDate) VALUES (139, 5, '2024-01-17', NULL);
INSERT INTO EMP_BRANCH_HISTORY (ID_Employee, ID_Branch, StartDate, EndDate) VALUES (124, 11, '2023-10-01', NULL);
INSERT INTO EMP_BRANCH_HISTORY (ID_Employee, ID_Branch, StartDate, EndDate) VALUES (207, 1, '2023-06-14', NULL);
INSERT INTO EMP_BRANCH_HISTORY (ID_Employee, ID_Branch, StartDate, EndDate) VALUES (73, 4, '2023-04-05', NULL);
INSERT INTO EMP_BRANCH_HISTORY (ID_Employee, ID_Branch, StartDate, EndDate) VALUES (88, 6, '2023-12-27', NULL);
INSERT INTO EMP_BRANCH_HISTORY (ID_Employee, ID_Branch, StartDate, EndDate) VALUES (80, 2, '2024-06-02', NULL);
INSERT INTO EMP_BRANCH_HISTORY (ID_Employee, ID_Branch, StartDate, EndDate) VALUES (99, 7, '2024-04-08', NULL);
INSERT INTO EMP_BRANCH_HISTORY (ID_Employee, ID_Branch, StartDate, EndDate) VALUES (101, 13, '2024-07-21', NULL);
INSERT INTO EMP_BRANCH_HISTORY (ID_Employee, ID_Branch, StartDate, EndDate) VALUES (146, 9, '2024-11-05', NULL);
INSERT INTO EMP_BRANCH_HISTORY (ID_Employee, ID_Branch, StartDate, EndDate) VALUES (164, 1, '2023-01-12', NULL);
INSERT INTO EMP_BRANCH_HISTORY (ID_Employee, ID_Branch, StartDate, EndDate) VALUES (71, 9, '2024-04-26', NULL);
INSERT INTO EMP_BRANCH_HISTORY (ID_Employee, ID_Branch, StartDate, EndDate) VALUES (112, 11, '2024-03-05', NULL);
INSERT INTO EMP_BRANCH_HISTORY (ID_Employee, ID_Branch, StartDate, EndDate) VALUES (171, 8, '2024-01-15', '2024-12-19');
INSERT INTO EMP_BRANCH_HISTORY (ID_Employee, ID_Branch, StartDate, EndDate) VALUES (77, 13, '2023-02-14', NULL);
INSERT INTO EMP_BRANCH_HISTORY (ID_Employee, ID_Branch, StartDate, EndDate) VALUES (79, 3, '2024-07-04', NULL);
INSERT INTO EMP_BRANCH_HISTORY (ID_Employee, ID_Branch, StartDate, EndDate) VALUES (168, 7, '2023-10-26', NULL);
INSERT INTO EMP_BRANCH_HISTORY (ID_Employee, ID_Branch, StartDate, EndDate) VALUES (122, 13, '2023-10-25', NULL);
INSERT INTO EMP_BRANCH_HISTORY (ID_Employee, ID_Branch, StartDate, EndDate) VALUES (186, 9, '2023-12-06', NULL);
INSERT INTO EMP_BRANCH_HISTORY (ID_Employee, ID_Branch, StartDate, EndDate) VALUES (180, 14, '2024-04-30', NULL);
INSERT INTO EMP_BRANCH_HISTORY (ID_Employee, ID_Branch, StartDate, EndDate) VALUES (19, 11, '2024-05-03', NULL);
INSERT INTO EMP_BRANCH_HISTORY (ID_Employee, ID_Branch, StartDate, EndDate) VALUES (46, 13, '2023-07-02', NULL);
INSERT INTO EMP_BRANCH_HISTORY (ID_Employee, ID_Branch, StartDate, EndDate) VALUES (177, 1, '2024-07-28', '2024-12-19');
INSERT INTO EMP_BRANCH_HISTORY (ID_Employee, ID_Branch, StartDate, EndDate) VALUES (153, 11, '2024-07-23', NULL);
INSERT INTO EMP_BRANCH_HISTORY (ID_Employee, ID_Branch, StartDate, EndDate) VALUES (155, 4, '2024-08-15', NULL);
INSERT INTO EMP_BRANCH_HISTORY (ID_Employee, ID_Branch, StartDate, EndDate) VALUES (124, 4, '2023-03-11', NULL);
INSERT INTO EMP_BRANCH_HISTORY (ID_Employee, ID_Branch, StartDate, EndDate) VALUES (8, 10, '2024-01-18', NULL);
INSERT INTO EMP_BRANCH_HISTORY (ID_Employee, ID_Branch, StartDate, EndDate) VALUES (97, 5, '2023-05-04', NULL);
INSERT INTO EMP_BRANCH_HISTORY (ID_Employee, ID_Branch, StartDate, EndDate) VALUES (4, 9, '2024-10-05', NULL);
INSERT INTO EMP_BRANCH_HISTORY (ID_Employee, ID_Branch, StartDate, EndDate) VALUES (159, 14, '2023-09-17', NULL);
INSERT INTO EMP_BRANCH_HISTORY (ID_Employee, ID_Branch, StartDate, EndDate) VALUES (95, 4, '2023-02-22', NULL);
INSERT INTO EMP_BRANCH_HISTORY (ID_Employee, ID_Branch, StartDate, EndDate) VALUES (117, 9, '2024-05-20', NULL);
INSERT INTO EMP_BRANCH_HISTORY (ID_Employee, ID_Branch, StartDate, EndDate) VALUES (5, 15, '2024-02-03', '2024-12-19');
INSERT INTO EMP_BRANCH_HISTORY (ID_Employee, ID_Branch, StartDate, EndDate) VALUES (147, 5, '2024-11-12', NULL);
INSERT INTO EMP_BRANCH_HISTORY (ID_Employee, ID_Branch, StartDate, EndDate) VALUES (77, 10, '2023-08-09', NULL);
INSERT INTO EMP_BRANCH_HISTORY (ID_Employee, ID_Branch, StartDate, EndDate) VALUES (117, 5, '2023-03-22', NULL);
INSERT INTO EMP_BRANCH_HISTORY (ID_Employee, ID_Branch, StartDate, EndDate) VALUES (187, 12, '2024-04-22', NULL);
INSERT INTO EMP_BRANCH_HISTORY (ID_Employee, ID_Branch, StartDate, EndDate) VALUES (147, 11, '2024-02-03', NULL);
INSERT INTO EMP_BRANCH_HISTORY (ID_Employee, ID_Branch, StartDate, EndDate) VALUES (128, 5, '2023-04-29', NULL);
INSERT INTO EMP_BRANCH_HISTORY (ID_Employee, ID_Branch, StartDate, EndDate) VALUES (52, 2, '2023-10-07', NULL);
INSERT INTO PARKING (ID_Parking, Address, OpeningHour, CloseHour, ParkingType, ID_Branch) VALUES (1, '204 Olson Spring Apt. 100', '06:00:00', '22:00:00', 0, 8);
INSERT INTO PARKING (ID_Parking, Address, OpeningHour, CloseHour, ParkingType, ID_Branch) VALUES (2, '208 Carlson Loaf Suite 681', '07:00:00', '19:00:00', 1, 3);
INSERT INTO PARKING (ID_Parking, Address, OpeningHour, CloseHour, ParkingType, ID_Branch) VALUES (3, '1932 Stewart Divide', '07:00:00', '20:00:00', 1, 9);
INSERT INTO PARKING (ID_Parking, Address, OpeningHour, CloseHour, ParkingType, ID_Branch) VALUES (4, '1745 Baker Neck Apt. 474', '09:00:00', '22:00:00', 0, 13);
INSERT INTO PARKING (ID_Parking, Address, OpeningHour, CloseHour, ParkingType, ID_Branch) VALUES (5, '1030 Sherman Path Suite 600', '12:00:00', '19:00:00', 0, 6);
INSERT INTO PARKING (ID_Parking, Address, OpeningHour, CloseHour, ParkingType, ID_Branch) VALUES (6, '898 Martin Burgs Suite 911', '09:00:00', '23:00:00', 0, 2);
INSERT INTO PARKING (ID_Parking, Address, OpeningHour, CloseHour, ParkingType, ID_Branch) VALUES (7, '88293 Hopkins Gardens', '06:00:00', '22:00:00', 1, 3);
INSERT INTO PARKING (ID_Parking, Address, OpeningHour, CloseHour, ParkingType, ID_Branch) VALUES (8, '72420 Fowler Crest Apt. 677', '09:00:00', '20:00:00', 1, 7);
INSERT INTO PARKING (ID_Parking, Address, OpeningHour, CloseHour, ParkingType, ID_Branch) VALUES (9, '252 Heather Landing Suite 518', '08:00:00', '23:00:00', 0, 2);
INSERT INTO PARKING (ID_Parking, Address, OpeningHour, CloseHour, ParkingType, ID_Branch) VALUES (10, '53545 Rachel Garden', '09:00:00', '20:00:00', 0, 2);
INSERT INTO PARKING (ID_Parking, Address, OpeningHour, CloseHour, ParkingType, ID_Branch) VALUES (11, '4694 Victoria Forest Suite 732', '10:00:00', '23:00:00', 1, 4);
INSERT INTO PARKING (ID_Parking, Address, OpeningHour, CloseHour, ParkingType, ID_Branch) VALUES (12, '45185 Miller Viaduct', '10:00:00', '22:00:00', 0, 5);
INSERT INTO PARKING (ID_Parking, Address, OpeningHour, CloseHour, ParkingType, ID_Branch) VALUES (13, '3713 Shannon Club Suite 434', '12:00:00', '23:00:00', 0, 12);
INSERT INTO PARKING (ID_Parking, Address, OpeningHour, CloseHour, ParkingType, ID_Branch) VALUES (14, '30233 Kathryn Island', '08:00:00', '18:00:00', 0, 7);
INSERT INTO PARKING (ID_Parking, Address, OpeningHour, CloseHour, ParkingType, ID_Branch) VALUES (15, '891 Roberts Ville', '11:00:00', '20:00:00', 1, 3);
INSERT INTO FOOD_TYPE (ID_Type, TypeName) VALUES (1, 'Rolls');
INSERT INTO FOOD_TYPE (ID_Type, TypeName) VALUES (2, 'Sashimi');
INSERT INTO FOOD_TYPE (ID_Type, TypeName) VALUES (3, 'Nigiri');
INSERT INTO FOOD_TYPE (ID_Type, TypeName) VALUES (4, 'Hand Rolls');
INSERT INTO FOOD_TYPE (ID_Type, TypeName) VALUES (5, 'Bento');
INSERT INTO FOOD_TYPE (ID_Type, TypeName) VALUES (6, 'Appetizers');
INSERT INTO FOOD_TYPE (ID_Type, TypeName) VALUES (7, 'Desserts');
INSERT INTO FOOD_TYPE (ID_Type, TypeName) VALUES (8, 'Beverages');
INSERT INTO FOOD_TYPE (ID_Type, TypeName) VALUES (9, 'Ramen');
INSERT INTO FOOD_TYPE (ID_Type, TypeName) VALUES (10, 'Donburi');
INSERT INTO FOOD_ITEM (ID_Food, FoodName, Price, isAreaRestricted, DeliverySafe, ID_Type) VALUES (1, 'California Roll', 921000, 0, 1, 1);
INSERT INTO FOOD_ITEM (ID_Food, FoodName, Price, isAreaRestricted, DeliverySafe, ID_Type) VALUES (2, 'Spicy Tuna Roll', 964000, 0, 1, 1);
INSERT INTO FOOD_ITEM (ID_Food, FoodName, Price, isAreaRestricted, DeliverySafe, ID_Type) VALUES (3, 'Dragon Roll', 337000, 1, 1, 1);
INSERT INTO FOOD_ITEM (ID_Food, FoodName, Price, isAreaRestricted, DeliverySafe, ID_Type) VALUES (4, 'Rainbow Roll', 561000, 0, 1, 1);
INSERT INTO FOOD_ITEM (ID_Food, FoodName, Price, isAreaRestricted, DeliverySafe, ID_Type) VALUES (5, 'Philadelphia Roll', 540000, 0, 1, 1);
INSERT INTO FOOD_ITEM (ID_Food, FoodName, Price, isAreaRestricted, DeliverySafe, ID_Type) VALUES (6, 'Tempura Roll', 673000, 1, 1, 1);
INSERT INTO FOOD_ITEM (ID_Food, FoodName, Price, isAreaRestricted, DeliverySafe, ID_Type) VALUES (7, 'Vegetarian Roll', 84000, 1, 0, 1);
INSERT INTO FOOD_ITEM (ID_Food, FoodName, Price, isAreaRestricted, DeliverySafe, ID_Type) VALUES (8, 'Salmon Sashimi', 283000, 0, 0, 2);
INSERT INTO FOOD_ITEM (ID_Food, FoodName, Price, isAreaRestricted, DeliverySafe, ID_Type) VALUES (9, 'Tuna Sashimi', 648000, 0, 1, 2);
INSERT INTO FOOD_ITEM (ID_Food, FoodName, Price, isAreaRestricted, DeliverySafe, ID_Type) VALUES (10, 'Yellowtail Sashimi', 413000, 0, 1, 2);
INSERT INTO FOOD_ITEM (ID_Food, FoodName, Price, isAreaRestricted, DeliverySafe, ID_Type) VALUES (11, 'Octopus Sashimi', 749000, 0, 0, 2);
INSERT INTO FOOD_ITEM (ID_Food, FoodName, Price, isAreaRestricted, DeliverySafe, ID_Type) VALUES (12, 'Snapper Sashimi', 199000, 1, 1, 2);
INSERT INTO FOOD_ITEM (ID_Food, FoodName, Price, isAreaRestricted, DeliverySafe, ID_Type) VALUES (13, 'Mackerel Sashimi', 651000, 1, 1, 2);
INSERT INTO FOOD_ITEM (ID_Food, FoodName, Price, isAreaRestricted, DeliverySafe, ID_Type) VALUES (14, 'Salmon Nigiri', 287000, 0, 1, 3);
INSERT INTO FOOD_ITEM (ID_Food, FoodName, Price, isAreaRestricted, DeliverySafe, ID_Type) VALUES (15, 'Tuna Nigiri', 105000, 1, 1, 3);
INSERT INTO FOOD_ITEM (ID_Food, FoodName, Price, isAreaRestricted, DeliverySafe, ID_Type) VALUES (16, 'Eel Nigiri', 684000, 0, 1, 3);
INSERT INTO FOOD_ITEM (ID_Food, FoodName, Price, isAreaRestricted, DeliverySafe, ID_Type) VALUES (17, 'Shrimp Nigiri', 93000, 0, 1, 3);
INSERT INTO FOOD_ITEM (ID_Food, FoodName, Price, isAreaRestricted, DeliverySafe, ID_Type) VALUES (18, 'Egg Nigiri', 733000, 1, 1, 3);
INSERT INTO FOOD_ITEM (ID_Food, FoodName, Price, isAreaRestricted, DeliverySafe, ID_Type) VALUES (19, 'Crab Nigiri', 278000, 0, 0, 3);
INSERT INTO FOOD_ITEM (ID_Food, FoodName, Price, isAreaRestricted, DeliverySafe, ID_Type) VALUES (20, 'Spicy Tuna Hand Roll', 457000, 0, 0, 4);
INSERT INTO FOOD_ITEM (ID_Food, FoodName, Price, isAreaRestricted, DeliverySafe, ID_Type) VALUES (21, 'California Hand Roll', 579000, 0, 1, 4);
INSERT INTO FOOD_ITEM (ID_Food, FoodName, Price, isAreaRestricted, DeliverySafe, ID_Type) VALUES (22, 'Salmon Avocado Hand Roll', 456000, 0, 1, 4);
INSERT INTO FOOD_ITEM (ID_Food, FoodName, Price, isAreaRestricted, DeliverySafe, ID_Type) VALUES (23, 'Vegetable Hand Roll', 414000, 0, 1, 4);
INSERT INTO FOOD_ITEM (ID_Food, FoodName, Price, isAreaRestricted, DeliverySafe, ID_Type) VALUES (24, 'Shrimp Tempura Hand Roll', 274000, 1, 1, 4);
INSERT INTO FOOD_ITEM (ID_Food, FoodName, Price, isAreaRestricted, DeliverySafe, ID_Type) VALUES (25, 'Chicken Teriyaki Bento', 453000, 0, 0, 5);
INSERT INTO FOOD_ITEM (ID_Food, FoodName, Price, isAreaRestricted, DeliverySafe, ID_Type) VALUES (26, 'Salmon Teriyaki Bento', 431000, 1, 1, 5);
INSERT INTO FOOD_ITEM (ID_Food, FoodName, Price, isAreaRestricted, DeliverySafe, ID_Type) VALUES (27, 'Beef Bulgogi Bento', 535000, 0, 1, 5);
INSERT INTO FOOD_ITEM (ID_Food, FoodName, Price, isAreaRestricted, DeliverySafe, ID_Type) VALUES (28, 'Vegetarian Bento', 756000, 0, 1, 5);
INSERT INTO FOOD_ITEM (ID_Food, FoodName, Price, isAreaRestricted, DeliverySafe, ID_Type) VALUES (29, 'Edamame', 451000, 0, 1, 6);
INSERT INTO FOOD_ITEM (ID_Food, FoodName, Price, isAreaRestricted, DeliverySafe, ID_Type) VALUES (30, 'Gyoza', 930000, 0, 1, 6);
INSERT INTO FOOD_ITEM (ID_Food, FoodName, Price, isAreaRestricted, DeliverySafe, ID_Type) VALUES (31, 'Seaweed Salad', 315000, 0, 0, 6);
INSERT INTO FOOD_ITEM (ID_Food, FoodName, Price, isAreaRestricted, DeliverySafe, ID_Type) VALUES (32, 'Takoyaki', 902000, 0, 1, 6);
INSERT INTO FOOD_ITEM (ID_Food, FoodName, Price, isAreaRestricted, DeliverySafe, ID_Type) VALUES (33, 'Agedashi Tofu', 279000, 0, 1, 6);
INSERT INTO FOOD_ITEM (ID_Food, FoodName, Price, isAreaRestricted, DeliverySafe, ID_Type) VALUES (34, 'Miso Soup', 564000, 0, 1, 6);
INSERT INTO FOOD_ITEM (ID_Food, FoodName, Price, isAreaRestricted, DeliverySafe, ID_Type) VALUES (35, 'Spring Rolls', 696000, 0, 1, 6);
INSERT INTO FOOD_ITEM (ID_Food, FoodName, Price, isAreaRestricted, DeliverySafe, ID_Type) VALUES (36, 'Mochi Ice Cream', 743000, 0, 1, 7);
INSERT INTO FOOD_ITEM (ID_Food, FoodName, Price, isAreaRestricted, DeliverySafe, ID_Type) VALUES (37, 'Green Tea Cheesecake', 728000, 1, 1, 7);
INSERT INTO FOOD_ITEM (ID_Food, FoodName, Price, isAreaRestricted, DeliverySafe, ID_Type) VALUES (38, 'Dorayaki', 407000, 1, 1, 7);
INSERT INTO FOOD_ITEM (ID_Food, FoodName, Price, isAreaRestricted, DeliverySafe, ID_Type) VALUES (39, 'Matcha Panna Cotta', 223000, 0, 1, 7);
INSERT INTO FOOD_ITEM (ID_Food, FoodName, Price, isAreaRestricted, DeliverySafe, ID_Type) VALUES (40, 'Sesame Balls', 278000, 1, 1, 7);
INSERT INTO FOOD_ITEM (ID_Food, FoodName, Price, isAreaRestricted, DeliverySafe, ID_Type) VALUES (41, 'Green Tea', 484000, 0, 1, 8);
INSERT INTO FOOD_ITEM (ID_Food, FoodName, Price, isAreaRestricted, DeliverySafe, ID_Type) VALUES (42, 'Sake', 778000, 0, 0, 8);
INSERT INTO FOOD_ITEM (ID_Food, FoodName, Price, isAreaRestricted, DeliverySafe, ID_Type) VALUES (43, 'Plum Wine', 145000, 0, 1, 8);
INSERT INTO FOOD_ITEM (ID_Food, FoodName, Price, isAreaRestricted, DeliverySafe, ID_Type) VALUES (44, 'Ramune Soda', 919000, 0, 1, 8);
INSERT INTO FOOD_ITEM (ID_Food, FoodName, Price, isAreaRestricted, DeliverySafe, ID_Type) VALUES (45, 'Matcha Latte', 611000, 0, 1, 8);
INSERT INTO FOOD_ITEM (ID_Food, FoodName, Price, isAreaRestricted, DeliverySafe, ID_Type) VALUES (46, 'Iced Oolong Tea', 827000, 1, 1, 8);
INSERT INTO FOOD_ITEM (ID_Food, FoodName, Price, isAreaRestricted, DeliverySafe, ID_Type) VALUES (47, 'Shoyu Ramen', 849000, 0, 1, 9);
INSERT INTO FOOD_ITEM (ID_Food, FoodName, Price, isAreaRestricted, DeliverySafe, ID_Type) VALUES (48, 'Miso Ramen', 80000, 0, 1, 9);
INSERT INTO FOOD_ITEM (ID_Food, FoodName, Price, isAreaRestricted, DeliverySafe, ID_Type) VALUES (49, 'Tonkotsu Ramen', 983000, 0, 1, 9);
INSERT INTO FOOD_ITEM (ID_Food, FoodName, Price, isAreaRestricted, DeliverySafe, ID_Type) VALUES (50, 'Spicy Chicken Ramen', 168000, 0, 0, 9);
INSERT INTO FOOD_ITEM (ID_Food, FoodName, Price, isAreaRestricted, DeliverySafe, ID_Type) VALUES (51, 'Vegetable Ramen', 301000, 0, 0, 9);
INSERT INTO FOOD_ITEM (ID_Food, FoodName, Price, isAreaRestricted, DeliverySafe, ID_Type) VALUES (52, 'Seafood Ramen', 925000, 0, 1, 9);
INSERT INTO FOOD_ITEM (ID_Food, FoodName, Price, isAreaRestricted, DeliverySafe, ID_Type) VALUES (53, 'Gyudon (Beef Bowl)', 963000, 0, 1, 10);
INSERT INTO FOOD_ITEM (ID_Food, FoodName, Price, isAreaRestricted, DeliverySafe, ID_Type) VALUES (54, 'Katsudon (Pork Cutlet Bowl)', 650000, 0, 0, 10);
INSERT INTO FOOD_ITEM (ID_Food, FoodName, Price, isAreaRestricted, DeliverySafe, ID_Type) VALUES (55, 'Oyakodon (Chicken and Egg Bowl)', 759000, 0, 1, 10);
INSERT INTO FOOD_ITEM (ID_Food, FoodName, Price, isAreaRestricted, DeliverySafe, ID_Type) VALUES (56, 'Unadon (Eel Bowl)', 755000, 0, 1, 10);
INSERT INTO FOOD_ITEM (ID_Food, FoodName, Price, isAreaRestricted, DeliverySafe, ID_Type) VALUES (57, 'Tekka Don (Tuna Bowl)', 909000, 1, 1, 10);
INSERT INTO FOOD_ITEM (ID_Food, FoodName, Price, isAreaRestricted, DeliverySafe, ID_Type) VALUES (58, 'Chirashi Don (Scattered Sushi Bowl)', 575000, 1, 1, 10);
INSERT INTO AREA_SPECIFIC_FOOD (ID_Area, ID_Food) VALUES (2, 46);
INSERT INTO AREA_SPECIFIC_FOOD (ID_Area, ID_Food) VALUES (5, 3);
INSERT INTO AREA_SPECIFIC_FOOD (ID_Area, ID_Food) VALUES (2, 37);
INSERT INTO AREA_SPECIFIC_FOOD (ID_Area, ID_Food) VALUES (1, 26);
INSERT INTO AREA_SPECIFIC_FOOD (ID_Area, ID_Food) VALUES (5, 46);
INSERT INTO AREA_SPECIFIC_FOOD (ID_Area, ID_Food) VALUES (1, 24);
INSERT INTO AREA_SPECIFIC_FOOD (ID_Area, ID_Food) VALUES (4, 58);
INSERT INTO AREA_SPECIFIC_FOOD (ID_Area, ID_Food) VALUES (4, 46);
INSERT INTO AREA_SPECIFIC_FOOD (ID_Area, ID_Food) VALUES (5, 57);
INSERT INTO AREA_SPECIFIC_FOOD (ID_Area, ID_Food) VALUES (3, 6);
INSERT INTO AREA_SPECIFIC_FOOD (ID_Area, ID_Food) VALUES (1, 12);
INSERT INTO AREA_SPECIFIC_FOOD (ID_Area, ID_Food) VALUES (5, 37);
INSERT INTO AREA_SPECIFIC_FOOD (ID_Area, ID_Food) VALUES (5, 7);
INSERT INTO AREA_SPECIFIC_FOOD (ID_Area, ID_Food) VALUES (4, 3);
INSERT INTO AREA_SPECIFIC_FOOD (ID_Area, ID_Food) VALUES (4, 38);
INSERT INTO AREA_SPECIFIC_FOOD (ID_Area, ID_Food) VALUES (2, 3);
INSERT INTO AREA_SPECIFIC_FOOD (ID_Area, ID_Food) VALUES (5, 38);
INSERT INTO AREA_SPECIFIC_FOOD (ID_Area, ID_Food) VALUES (3, 46);
INSERT INTO AREA_SPECIFIC_FOOD (ID_Area, ID_Food) VALUES (4, 40);
INSERT INTO AREA_SPECIFIC_FOOD (ID_Area, ID_Food) VALUES (4, 6);
INSERT INTO AREA_SPECIFIC_FOOD (ID_Area, ID_Food) VALUES (1, 3);
INSERT INTO AREA_SPECIFIC_FOOD (ID_Area, ID_Food) VALUES (3, 38);
INSERT INTO AREA_SPECIFIC_FOOD (ID_Area, ID_Food) VALUES (2, 58);
INSERT INTO AREA_SPECIFIC_FOOD (ID_Area, ID_Food) VALUES (1, 7);
INSERT INTO AREA_SPECIFIC_FOOD (ID_Area, ID_Food) VALUES (2, 40);
INSERT INTO AREA_SPECIFIC_FOOD (ID_Area, ID_Food) VALUES (2, 12);
INSERT INTO AREA_SPECIFIC_FOOD (ID_Area, ID_Food) VALUES (4, 24);
INSERT INTO AREA_SPECIFIC_FOOD (ID_Area, ID_Food) VALUES (3, 57);
INSERT INTO AREA_SPECIFIC_FOOD (ID_Area, ID_Food) VALUES (4, 37);
INSERT INTO AREA_SPECIFIC_FOOD (ID_Area, ID_Food) VALUES (2, 26);
INSERT INTO AREA_SPECIFIC_FOOD (ID_Area, ID_Food) VALUES (4, 13);
INSERT INTO AREA_SPECIFIC_FOOD (ID_Area, ID_Food) VALUES (4, 57);
INSERT INTO AREA_SPECIFIC_FOOD (ID_Area, ID_Food) VALUES (3, 24);
INSERT INTO AREA_SPECIFIC_FOOD (ID_Area, ID_Food) VALUES (1, 6);
INSERT INTO AREA_SPECIFIC_FOOD (ID_Area, ID_Food) VALUES (1, 13);
INSERT INTO AREA_SPECIFIC_FOOD (ID_Area, ID_Food) VALUES (1, 57);
INSERT INTO AREA_SPECIFIC_FOOD (ID_Area, ID_Food) VALUES (5, 6);
INSERT INTO AREA_SPECIFIC_FOOD (ID_Area, ID_Food) VALUES (2, 18);
INSERT INTO AREA_SPECIFIC_FOOD (ID_Area, ID_Food) VALUES (5, 58);
INSERT INTO AREA_SPECIFIC_FOOD (ID_Area, ID_Food) VALUES (2, 57);
INSERT INTO AREA_SPECIFIC_FOOD (ID_Area, ID_Food) VALUES (5, 15);
INSERT INTO BRANCH_FOOD (ID_BranchFood, Available, ID_Branch, ID_Food) VALUES (1, 1, 1, 2);
INSERT INTO BRANCH_FOOD (ID_BranchFood, Available, ID_Branch, ID_Food) VALUES (2, 1, 6, 56);
INSERT INTO BRANCH_FOOD (ID_BranchFood, Available, ID_Branch, ID_Food) VALUES (3, 0, 5, 1);
INSERT INTO BRANCH_FOOD (ID_BranchFood, Available, ID_Branch, ID_Food) VALUES (4, 0, 5, 50);
INSERT INTO BRANCH_FOOD (ID_BranchFood, Available, ID_Branch, ID_Food) VALUES (5, 1, 1, 5);
INSERT INTO BRANCH_FOOD (ID_BranchFood, Available, ID_Branch, ID_Food) VALUES (6, 1, 3, 19);
INSERT INTO BRANCH_FOOD (ID_BranchFood, Available, ID_Branch, ID_Food) VALUES (7, 1, 14, 19);
INSERT INTO BRANCH_FOOD (ID_BranchFood, Available, ID_Branch, ID_Food) VALUES (8, 1, 8, 20);
INSERT INTO BRANCH_FOOD (ID_BranchFood, Available, ID_Branch, ID_Food) VALUES (9, 0, 13, 25);
INSERT INTO BRANCH_FOOD (ID_BranchFood, Available, ID_Branch, ID_Food) VALUES (10, 1, 10, 53);
INSERT INTO BRANCH_FOOD (ID_BranchFood, Available, ID_Branch, ID_Food) VALUES (11, 1, 6, 54);
INSERT INTO BRANCH_FOOD (ID_BranchFood, Available, ID_Branch, ID_Food) VALUES (12, 1, 6, 46);
INSERT INTO BRANCH_FOOD (ID_BranchFood, Available, ID_Branch, ID_Food) VALUES (13, 1, 15, 10);
INSERT INTO BRANCH_FOOD (ID_BranchFood, Available, ID_Branch, ID_Food) VALUES (14, 1, 14, 10);
INSERT INTO BRANCH_FOOD (ID_BranchFood, Available, ID_Branch, ID_Food) VALUES (15, 1, 4, 35);
INSERT INTO BRANCH_FOOD (ID_BranchFood, Available, ID_Branch, ID_Food) VALUES (16, 0, 13, 19);
INSERT INTO BRANCH_FOOD (ID_BranchFood, Available, ID_Branch, ID_Food) VALUES (17, 0, 9, 29);
INSERT INTO BRANCH_FOOD (ID_BranchFood, Available, ID_Branch, ID_Food) VALUES (18, 1, 10, 28);
INSERT INTO BRANCH_FOOD (ID_BranchFood, Available, ID_Branch, ID_Food) VALUES (19, 0, 8, 50);
INSERT INTO BRANCH_FOOD (ID_BranchFood, Available, ID_Branch, ID_Food) VALUES (20, 1, 3, 42);
INSERT INTO BRANCH_FOOD (ID_BranchFood, Available, ID_Branch, ID_Food) VALUES (21, 1, 4, 16);
INSERT INTO BRANCH_FOOD (ID_BranchFood, Available, ID_Branch, ID_Food) VALUES (22, 0, 12, 49);
INSERT INTO BRANCH_FOOD (ID_BranchFood, Available, ID_Branch, ID_Food) VALUES (23, 1, 13, 22);
INSERT INTO BRANCH_FOOD (ID_BranchFood, Available, ID_Branch, ID_Food) VALUES (24, 1, 8, 22);
INSERT INTO BRANCH_FOOD (ID_BranchFood, Available, ID_Branch, ID_Food) VALUES (25, 1, 12, 33);
INSERT INTO BRANCH_FOOD (ID_BranchFood, Available, ID_Branch, ID_Food) VALUES (26, 1, 11, 15);
INSERT INTO BRANCH_FOOD (ID_BranchFood, Available, ID_Branch, ID_Food) VALUES (27, 0, 7, 2);
INSERT INTO BRANCH_FOOD (ID_BranchFood, Available, ID_Branch, ID_Food) VALUES (28, 1, 5, 57);
INSERT INTO BRANCH_FOOD (ID_BranchFood, Available, ID_Branch, ID_Food) VALUES (29, 1, 1, 10);
INSERT INTO BRANCH_FOOD (ID_BranchFood, Available, ID_Branch, ID_Food) VALUES (30, 0, 11, 49);
INSERT INTO BRANCH_FOOD (ID_BranchFood, Available, ID_Branch, ID_Food) VALUES (31, 1, 13, 11);
INSERT INTO BRANCH_FOOD (ID_BranchFood, Available, ID_Branch, ID_Food) VALUES (32, 1, 1, 38);
INSERT INTO BRANCH_FOOD (ID_BranchFood, Available, ID_Branch, ID_Food) VALUES (33, 1, 1, 25);
INSERT INTO BRANCH_FOOD (ID_BranchFood, Available, ID_Branch, ID_Food) VALUES (34, 1, 12, 39);
INSERT INTO BRANCH_FOOD (ID_BranchFood, Available, ID_Branch, ID_Food) VALUES (35, 1, 3, 1);
INSERT INTO BRANCH_FOOD (ID_BranchFood, Available, ID_Branch, ID_Food) VALUES (36, 1, 10, 42);
INSERT INTO BRANCH_FOOD (ID_BranchFood, Available, ID_Branch, ID_Food) VALUES (37, 1, 11, 2);
INSERT INTO BRANCH_FOOD (ID_BranchFood, Available, ID_Branch, ID_Food) VALUES (38, 1, 7, 15);
INSERT INTO BRANCH_FOOD (ID_BranchFood, Available, ID_Branch, ID_Food) VALUES (39, 0, 1, 17);
INSERT INTO BRANCH_FOOD (ID_BranchFood, Available, ID_Branch, ID_Food) VALUES (40, 1, 15, 44);
INSERT INTO BRANCH_FOOD (ID_BranchFood, Available, ID_Branch, ID_Food) VALUES (41, 0, 2, 20);
INSERT INTO BRANCH_FOOD (ID_BranchFood, Available, ID_Branch, ID_Food) VALUES (42, 1, 9, 44);
INSERT INTO BRANCH_FOOD (ID_BranchFood, Available, ID_Branch, ID_Food) VALUES (43, 1, 13, 27);
INSERT INTO BRANCH_FOOD (ID_BranchFood, Available, ID_Branch, ID_Food) VALUES (44, 1, 12, 14);
INSERT INTO BRANCH_FOOD (ID_BranchFood, Available, ID_Branch, ID_Food) VALUES (45, 1, 6, 6);
INSERT INTO BRANCH_FOOD (ID_BranchFood, Available, ID_Branch, ID_Food) VALUES (46, 0, 13, 21);
INSERT INTO BRANCH_FOOD (ID_BranchFood, Available, ID_Branch, ID_Food) VALUES (47, 0, 1, 21);
INSERT INTO BRANCH_FOOD (ID_BranchFood, Available, ID_Branch, ID_Food) VALUES (48, 1, 13, 48);
INSERT INTO BRANCH_FOOD (ID_BranchFood, Available, ID_Branch, ID_Food) VALUES (49, 1, 4, 56);
INSERT INTO BRANCH_FOOD (ID_BranchFood, Available, ID_Branch, ID_Food) VALUES (50, 0, 7, 25);
INSERT INTO BRANCH_FOOD (ID_BranchFood, Available, ID_Branch, ID_Food) VALUES (51, 1, 15, 11);
INSERT INTO BRANCH_FOOD (ID_BranchFood, Available, ID_Branch, ID_Food) VALUES (52, 0, 12, 29);
INSERT INTO BRANCH_FOOD (ID_BranchFood, Available, ID_Branch, ID_Food) VALUES (53, 1, 5, 5);
INSERT INTO BRANCH_FOOD (ID_BranchFood, Available, ID_Branch, ID_Food) VALUES (54, 1, 12, 20);
INSERT INTO BRANCH_FOOD (ID_BranchFood, Available, ID_Branch, ID_Food) VALUES (55, 1, 12, 41);
INSERT INTO BRANCH_FOOD (ID_BranchFood, Available, ID_Branch, ID_Food) VALUES (56, 1, 11, 9);
INSERT INTO BRANCH_FOOD (ID_BranchFood, Available, ID_Branch, ID_Food) VALUES (57, 1, 14, 2);
INSERT INTO BRANCH_FOOD (ID_BranchFood, Available, ID_Branch, ID_Food) VALUES (58, 1, 13, 29);
INSERT INTO BRANCH_FOOD (ID_BranchFood, Available, ID_Branch, ID_Food) VALUES (59, 1, 6, 21);
INSERT INTO BRANCH_FOOD (ID_BranchFood, Available, ID_Branch, ID_Food) VALUES (60, 1, 5, 38);
INSERT INTO BRANCH_FOOD (ID_BranchFood, Available, ID_Branch, ID_Food) VALUES (61, 1, 3, 54);
INSERT INTO BRANCH_FOOD (ID_BranchFood, Available, ID_Branch, ID_Food) VALUES (62, 1, 6, 51);
INSERT INTO BRANCH_FOOD (ID_BranchFood, Available, ID_Branch, ID_Food) VALUES (63, 1, 14, 45);
INSERT INTO BRANCH_FOOD (ID_BranchFood, Available, ID_Branch, ID_Food) VALUES (64, 1, 2, 32);
INSERT INTO BRANCH_FOOD (ID_BranchFood, Available, ID_Branch, ID_Food) VALUES (65, 1, 14, 31);
INSERT INTO BRANCH_FOOD (ID_BranchFood, Available, ID_Branch, ID_Food) VALUES (66, 0, 2, 55);
INSERT INTO BRANCH_FOOD (ID_BranchFood, Available, ID_Branch, ID_Food) VALUES (67, 1, 11, 17);
INSERT INTO BRANCH_FOOD (ID_BranchFood, Available, ID_Branch, ID_Food) VALUES (68, 1, 13, 56);
INSERT INTO BRANCH_FOOD (ID_BranchFood, Available, ID_Branch, ID_Food) VALUES (69, 1, 12, 19);
INSERT INTO BRANCH_FOOD (ID_BranchFood, Available, ID_Branch, ID_Food) VALUES (70, 1, 9, 52);
INSERT INTO BRANCH_FOOD (ID_BranchFood, Available, ID_Branch, ID_Food) VALUES (71, 0, 8, 16);
INSERT INTO BRANCH_FOOD (ID_BranchFood, Available, ID_Branch, ID_Food) VALUES (72, 1, 13, 30);
INSERT INTO BRANCH_FOOD (ID_BranchFood, Available, ID_Branch, ID_Food) VALUES (73, 1, 7, 20);
INSERT INTO BRANCH_FOOD (ID_BranchFood, Available, ID_Branch, ID_Food) VALUES (74, 1, 2, 51);
INSERT INTO BRANCH_FOOD (ID_BranchFood, Available, ID_Branch, ID_Food) VALUES (75, 0, 6, 23);
INSERT INTO BRANCH_FOOD (ID_BranchFood, Available, ID_Branch, ID_Food) VALUES (76, 1, 3, 6);
INSERT INTO BRANCH_FOOD (ID_BranchFood, Available, ID_Branch, ID_Food) VALUES (77, 1, 1, 16);
INSERT INTO BRANCH_FOOD (ID_BranchFood, Available, ID_Branch, ID_Food) VALUES (78, 1, 11, 11);
INSERT INTO BRANCH_FOOD (ID_BranchFood, Available, ID_Branch, ID_Food) VALUES (79, 1, 8, 39);
INSERT INTO BRANCH_FOOD (ID_BranchFood, Available, ID_Branch, ID_Food) VALUES (80, 0, 2, 3);
INSERT INTO BRANCH_FOOD (ID_BranchFood, Available, ID_Branch, ID_Food) VALUES (81, 1, 13, 33);
INSERT INTO BRANCH_FOOD (ID_BranchFood, Available, ID_Branch, ID_Food) VALUES (82, 1, 6, 35);
INSERT INTO BRANCH_FOOD (ID_BranchFood, Available, ID_Branch, ID_Food) VALUES (83, 1, 8, 44);
INSERT INTO BRANCH_FOOD (ID_BranchFood, Available, ID_Branch, ID_Food) VALUES (84, 1, 11, 56);
INSERT INTO BRANCH_FOOD (ID_BranchFood, Available, ID_Branch, ID_Food) VALUES (85, 1, 3, 32);
INSERT INTO BRANCH_FOOD (ID_BranchFood, Available, ID_Branch, ID_Food) VALUES (86, 1, 2, 54);
INSERT INTO BRANCH_FOOD (ID_BranchFood, Available, ID_Branch, ID_Food) VALUES (87, 0, 13, 36);
INSERT INTO BRANCH_FOOD (ID_BranchFood, Available, ID_Branch, ID_Food) VALUES (88, 1, 4, 31);
INSERT INTO BRANCH_FOOD (ID_BranchFood, Available, ID_Branch, ID_Food) VALUES (89, 1, 9, 30);
INSERT INTO BRANCH_FOOD (ID_BranchFood, Available, ID_Branch, ID_Food) VALUES (90, 1, 2, 41);
INSERT INTO BRANCH_FOOD (ID_BranchFood, Available, ID_Branch, ID_Food) VALUES (91, 1, 7, 21);
INSERT INTO BRANCH_FOOD (ID_BranchFood, Available, ID_Branch, ID_Food) VALUES (92, 1, 3, 53);
INSERT INTO BRANCH_FOOD (ID_BranchFood, Available, ID_Branch, ID_Food) VALUES (93, 1, 7, 8);
INSERT INTO BRANCH_FOOD (ID_BranchFood, Available, ID_Branch, ID_Food) VALUES (94, 1, 5, 30);
INSERT INTO BRANCH_FOOD (ID_BranchFood, Available, ID_Branch, ID_Food) VALUES (95, 0, 14, 21);
INSERT INTO BRANCH_FOOD (ID_BranchFood, Available, ID_Branch, ID_Food) VALUES (96, 1, 14, 27);
INSERT INTO BRANCH_FOOD (ID_BranchFood, Available, ID_Branch, ID_Food) VALUES (97, 0, 7, 42);
INSERT INTO BRANCH_FOOD (ID_BranchFood, Available, ID_Branch, ID_Food) VALUES (98, 1, 10, 44);
INSERT INTO BRANCH_FOOD (ID_BranchFood, Available, ID_Branch, ID_Food) VALUES (99, 1, 10, 49);
INSERT INTO BRANCH_FOOD (ID_BranchFood, Available, ID_Branch, ID_Food) VALUES (100, 1, 8, 2);
INSERT INTO BRANCH_FOOD (ID_BranchFood, Available, ID_Branch, ID_Food) VALUES (101, 1, 11, 19);
INSERT INTO BRANCH_FOOD (ID_BranchFood, Available, ID_Branch, ID_Food) VALUES (102, 1, 15, 8);
INSERT INTO BRANCH_FOOD (ID_BranchFood, Available, ID_Branch, ID_Food) VALUES (103, 1, 9, 31);
INSERT INTO BRANCH_FOOD (ID_BranchFood, Available, ID_Branch, ID_Food) VALUES (104, 1, 14, 39);
INSERT INTO BRANCH_FOOD (ID_BranchFood, Available, ID_Branch, ID_Food) VALUES (105, 1, 15, 5);
INSERT INTO BRANCH_FOOD (ID_BranchFood, Available, ID_Branch, ID_Food) VALUES (106, 0, 8, 9);
INSERT INTO BRANCH_FOOD (ID_BranchFood, Available, ID_Branch, ID_Food) VALUES (107, 1, 15, 17);
INSERT INTO BRANCH_FOOD (ID_BranchFood, Available, ID_Branch, ID_Food) VALUES (108, 0, 12, 23);
INSERT INTO BRANCH_FOOD (ID_BranchFood, Available, ID_Branch, ID_Food) VALUES (109, 1, 8, 19);
INSERT INTO BRANCH_FOOD (ID_BranchFood, Available, ID_Branch, ID_Food) VALUES (110, 1, 9, 4);
INSERT INTO BRANCH_FOOD (ID_BranchFood, Available, ID_Branch, ID_Food) VALUES (111, 1, 11, 31);
INSERT INTO BRANCH_FOOD (ID_BranchFood, Available, ID_Branch, ID_Food) VALUES (112, 1, 5, 35);
INSERT INTO BRANCH_FOOD (ID_BranchFood, Available, ID_Branch, ID_Food) VALUES (113, 1, 3, 48);
INSERT INTO BRANCH_FOOD (ID_BranchFood, Available, ID_Branch, ID_Food) VALUES (114, 1, 4, 30);
INSERT INTO BRANCH_FOOD (ID_BranchFood, Available, ID_Branch, ID_Food) VALUES (115, 1, 3, 27);
INSERT INTO BRANCH_FOOD (ID_BranchFood, Available, ID_Branch, ID_Food) VALUES (116, 0, 14, 51);
INSERT INTO BRANCH_FOOD (ID_BranchFood, Available, ID_Branch, ID_Food) VALUES (117, 1, 13, 1);
INSERT INTO BRANCH_FOOD (ID_BranchFood, Available, ID_Branch, ID_Food) VALUES (118, 1, 14, 24);
INSERT INTO BRANCH_FOOD (ID_BranchFood, Available, ID_Branch, ID_Food) VALUES (119, 1, 13, 17);
INSERT INTO BRANCH_FOOD (ID_BranchFood, Available, ID_Branch, ID_Food) VALUES (120, 0, 8, 32);
INSERT INTO BRANCH_FOOD (ID_BranchFood, Available, ID_Branch, ID_Food) VALUES (121, 0, 4, 57);
INSERT INTO BRANCH_FOOD (ID_BranchFood, Available, ID_Branch, ID_Food) VALUES (122, 1, 11, 35);
INSERT INTO BRANCH_FOOD (ID_BranchFood, Available, ID_Branch, ID_Food) VALUES (123, 1, 13, 10);
INSERT INTO BRANCH_FOOD (ID_BranchFood, Available, ID_Branch, ID_Food) VALUES (124, 1, 14, 48);
INSERT INTO BRANCH_FOOD (ID_BranchFood, Available, ID_Branch, ID_Food) VALUES (125, 1, 9, 35);
INSERT INTO BRANCH_FOOD (ID_BranchFood, Available, ID_Branch, ID_Food) VALUES (126, 1, 6, 19);
INSERT INTO BRANCH_FOOD (ID_BranchFood, Available, ID_Branch, ID_Food) VALUES (127, 1, 15, 57);
INSERT INTO BRANCH_FOOD (ID_BranchFood, Available, ID_Branch, ID_Food) VALUES (128, 1, 15, 16);
INSERT INTO BRANCH_FOOD (ID_BranchFood, Available, ID_Branch, ID_Food) VALUES (129, 1, 7, 47);
INSERT INTO BRANCH_FOOD (ID_BranchFood, Available, ID_Branch, ID_Food) VALUES (130, 1, 6, 2);
INSERT INTO BRANCH_FOOD (ID_BranchFood, Available, ID_Branch, ID_Food) VALUES (131, 1, 15, 45);
INSERT INTO BRANCH_FOOD (ID_BranchFood, Available, ID_Branch, ID_Food) VALUES (132, 1, 9, 2);
INSERT INTO BRANCH_FOOD (ID_BranchFood, Available, ID_Branch, ID_Food) VALUES (133, 1, 10, 52);
INSERT INTO BRANCH_FOOD (ID_BranchFood, Available, ID_Branch, ID_Food) VALUES (134, 1, 3, 30);
INSERT INTO BRANCH_FOOD (ID_BranchFood, Available, ID_Branch, ID_Food) VALUES (135, 0, 2, 43);
INSERT INTO BRANCH_FOOD (ID_BranchFood, Available, ID_Branch, ID_Food) VALUES (136, 1, 7, 52);
INSERT INTO BRANCH_FOOD (ID_BranchFood, Available, ID_Branch, ID_Food) VALUES (137, 1, 9, 21);
INSERT INTO BRANCH_FOOD (ID_BranchFood, Available, ID_Branch, ID_Food) VALUES (138, 1, 3, 23);
INSERT INTO BRANCH_FOOD (ID_BranchFood, Available, ID_Branch, ID_Food) VALUES (139, 0, 10, 5);
INSERT INTO BRANCH_FOOD (ID_BranchFood, Available, ID_Branch, ID_Food) VALUES (140, 0, 10, 37);
INSERT INTO BRANCH_FOOD (ID_BranchFood, Available, ID_Branch, ID_Food) VALUES (141, 0, 5, 19);
INSERT INTO BRANCH_FOOD (ID_BranchFood, Available, ID_Branch, ID_Food) VALUES (142, 1, 10, 38);
INSERT INTO BRANCH_FOOD (ID_BranchFood, Available, ID_Branch, ID_Food) VALUES (143, 0, 4, 41);
INSERT INTO BRANCH_FOOD (ID_BranchFood, Available, ID_Branch, ID_Food) VALUES (144, 1, 7, 50);
INSERT INTO BRANCH_FOOD (ID_BranchFood, Available, ID_Branch, ID_Food) VALUES (145, 0, 1, 33);
INSERT INTO BRANCH_FOOD (ID_BranchFood, Available, ID_Branch, ID_Food) VALUES (146, 1, 12, 40);
INSERT INTO BRANCH_FOOD (ID_BranchFood, Available, ID_Branch, ID_Food) VALUES (147, 1, 7, 27);
INSERT INTO BRANCH_FOOD (ID_BranchFood, Available, ID_Branch, ID_Food) VALUES (148, 1, 5, 32);
INSERT INTO BRANCH_FOOD (ID_BranchFood, Available, ID_Branch, ID_Food) VALUES (149, 0, 3, 43);
INSERT INTO BRANCH_FOOD (ID_BranchFood, Available, ID_Branch, ID_Food) VALUES (150, 1, 11, 33);
INSERT INTO BRANCH_FOOD (ID_BranchFood, Available, ID_Branch, ID_Food) VALUES (151, 1, 6, 28);
INSERT INTO BRANCH_FOOD (ID_BranchFood, Available, ID_Branch, ID_Food) VALUES (152, 1, 4, 46);
INSERT INTO BRANCH_FOOD (ID_BranchFood, Available, ID_Branch, ID_Food) VALUES (153, 1, 5, 21);
INSERT INTO BRANCH_FOOD (ID_BranchFood, Available, ID_Branch, ID_Food) VALUES (154, 1, 12, 52);
INSERT INTO BRANCH_FOOD (ID_BranchFood, Available, ID_Branch, ID_Food) VALUES (155, 1, 6, 33);
INSERT INTO BRANCH_FOOD (ID_BranchFood, Available, ID_Branch, ID_Food) VALUES (156, 1, 2, 16);
INSERT INTO BRANCH_FOOD (ID_BranchFood, Available, ID_Branch, ID_Food) VALUES (157, 0, 5, 10);
INSERT INTO BRANCH_FOOD (ID_BranchFood, Available, ID_Branch, ID_Food) VALUES (158, 1, 14, 57);
INSERT INTO BRANCH_FOOD (ID_BranchFood, Available, ID_Branch, ID_Food) VALUES (159, 1, 7, 11);
INSERT INTO BRANCH_FOOD (ID_BranchFood, Available, ID_Branch, ID_Food) VALUES (160, 1, 14, 16);
INSERT INTO BRANCH_FOOD (ID_BranchFood, Available, ID_Branch, ID_Food) VALUES (161, 1, 13, 3);
INSERT INTO BRANCH_FOOD (ID_BranchFood, Available, ID_Branch, ID_Food) VALUES (162, 1, 12, 21);
INSERT INTO BRANCH_FOOD (ID_BranchFood, Available, ID_Branch, ID_Food) VALUES (163, 1, 3, 52);
INSERT INTO BRANCH_FOOD (ID_BranchFood, Available, ID_Branch, ID_Food) VALUES (164, 1, 9, 49);
INSERT INTO BRANCH_FOOD (ID_BranchFood, Available, ID_Branch, ID_Food) VALUES (165, 1, 5, 47);
INSERT INTO BRANCH_FOOD (ID_BranchFood, Available, ID_Branch, ID_Food) VALUES (166, 1, 9, 19);
INSERT INTO BRANCH_FOOD (ID_BranchFood, Available, ID_Branch, ID_Food) VALUES (167, 0, 10, 30);
INSERT INTO BRANCH_FOOD (ID_BranchFood, Available, ID_Branch, ID_Food) VALUES (168, 1, 8, 21);
INSERT INTO BRANCH_FOOD (ID_BranchFood, Available, ID_Branch, ID_Food) VALUES (169, 0, 11, 41);
INSERT INTO BRANCH_FOOD (ID_BranchFood, Available, ID_Branch, ID_Food) VALUES (170, 1, 7, 37);
INSERT INTO BRANCH_FOOD (ID_BranchFood, Available, ID_Branch, ID_Food) VALUES (171, 1, 2, 29);
INSERT INTO BRANCH_FOOD (ID_BranchFood, Available, ID_Branch, ID_Food) VALUES (172, 0, 7, 1);
INSERT INTO BRANCH_FOOD (ID_BranchFood, Available, ID_Branch, ID_Food) VALUES (173, 1, 8, 47);
INSERT INTO BRANCH_FOOD (ID_BranchFood, Available, ID_Branch, ID_Food) VALUES (174, 1, 1, 8);
INSERT INTO BRANCH_FOOD (ID_BranchFood, Available, ID_Branch, ID_Food) VALUES (175, 1, 8, 8);
INSERT INTO BRANCH_FOOD (ID_BranchFood, Available, ID_Branch, ID_Food) VALUES (176, 1, 7, 48);
INSERT INTO BRANCH_FOOD (ID_BranchFood, Available, ID_Branch, ID_Food) VALUES (177, 1, 11, 21);
INSERT INTO BRANCH_FOOD (ID_BranchFood, Available, ID_Branch, ID_Food) VALUES (178, 1, 5, 6);
INSERT INTO BRANCH_FOOD (ID_BranchFood, Available, ID_Branch, ID_Food) VALUES (179, 1, 8, 42);
INSERT INTO BRANCH_FOOD (ID_BranchFood, Available, ID_Branch, ID_Food) VALUES (180, 1, 14, 47);
INSERT INTO BRANCH_FOOD (ID_BranchFood, Available, ID_Branch, ID_Food) VALUES (181, 1, 5, 45);
INSERT INTO BRANCH_FOOD (ID_BranchFood, Available, ID_Branch, ID_Food) VALUES (182, 1, 3, 41);
INSERT INTO BRANCH_FOOD (ID_BranchFood, Available, ID_Branch, ID_Food) VALUES (183, 1, 6, 3);
INSERT INTO BRANCH_FOOD (ID_BranchFood, Available, ID_Branch, ID_Food) VALUES (184, 1, 6, 30);
INSERT INTO BRANCH_FOOD (ID_BranchFood, Available, ID_Branch, ID_Food) VALUES (185, 1, 7, 30);
INSERT INTO BRANCH_FOOD (ID_BranchFood, Available, ID_Branch, ID_Food) VALUES (186, 0, 7, 58);
INSERT INTO BRANCH_FOOD (ID_BranchFood, Available, ID_Branch, ID_Food) VALUES (187, 1, 5, 29);
INSERT INTO BRANCH_FOOD (ID_BranchFood, Available, ID_Branch, ID_Food) VALUES (188, 1, 8, 11);
INSERT INTO BRANCH_FOOD (ID_BranchFood, Available, ID_Branch, ID_Food) VALUES (189, 1, 9, 33);
INSERT INTO BRANCH_FOOD (ID_BranchFood, Available, ID_Branch, ID_Food) VALUES (190, 1, 3, 49);
INSERT INTO BRANCH_FOOD (ID_BranchFood, Available, ID_Branch, ID_Food) VALUES (191, 1, 11, 50);
INSERT INTO BRANCH_FOOD (ID_BranchFood, Available, ID_Branch, ID_Food) VALUES (192, 1, 1, 52);
INSERT INTO BRANCH_FOOD (ID_BranchFood, Available, ID_Branch, ID_Food) VALUES (193, 0, 12, 56);
INSERT INTO BRANCH_FOOD (ID_BranchFood, Available, ID_Branch, ID_Food) VALUES (194, 1, 14, 55);
INSERT INTO BRANCH_FOOD (ID_BranchFood, Available, ID_Branch, ID_Food) VALUES (195, 1, 1, 48);
INSERT INTO BRANCH_FOOD (ID_BranchFood, Available, ID_Branch, ID_Food) VALUES (196, 1, 6, 52);
INSERT INTO BRANCH_FOOD (ID_BranchFood, Available, ID_Branch, ID_Food) VALUES (197, 1, 15, 27);
INSERT INTO BRANCH_FOOD (ID_BranchFood, Available, ID_Branch, ID_Food) VALUES (198, 1, 3, 40);
INSERT INTO BRANCH_FOOD (ID_BranchFood, Available, ID_Branch, ID_Food) VALUES (199, 1, 3, 36);
INSERT INTO BRANCH_FOOD (ID_BranchFood, Available, ID_Branch, ID_Food) VALUES (200, 1, 12, 32);
INSERT INTO BRANCH_FOOD (ID_BranchFood, Available, ID_Branch, ID_Food) VALUES (201, 1, 11, 37);
INSERT INTO BRANCH_FOOD (ID_BranchFood, Available, ID_Branch, ID_Food) VALUES (202, 1, 5, 36);
INSERT INTO BRANCH_FOOD (ID_BranchFood, Available, ID_Branch, ID_Food) VALUES (203, 0, 14, 56);
INSERT INTO BRANCH_FOOD (ID_BranchFood, Available, ID_Branch, ID_Food) VALUES (204, 1, 11, 29);
INSERT INTO BRANCH_FOOD (ID_BranchFood, Available, ID_Branch, ID_Food) VALUES (205, 0, 3, 20);
INSERT INTO BRANCH_FOOD (ID_BranchFood, Available, ID_Branch, ID_Food) VALUES (206, 1, 7, 49);
INSERT INTO BRANCH_FOOD (ID_BranchFood, Available, ID_Branch, ID_Food) VALUES (207, 1, 9, 32);
INSERT INTO BRANCH_FOOD (ID_BranchFood, Available, ID_Branch, ID_Food) VALUES (208, 1, 14, 20);
INSERT INTO BRANCH_FOOD (ID_BranchFood, Available, ID_Branch, ID_Food) VALUES (209, 1, 12, 46);
INSERT INTO BRANCH_FOOD (ID_BranchFood, Available, ID_Branch, ID_Food) VALUES (210, 1, 12, 5);
INSERT INTO BRANCH_FOOD (ID_BranchFood, Available, ID_Branch, ID_Food) VALUES (211, 1, 1, 46);
INSERT INTO BRANCH_FOOD (ID_BranchFood, Available, ID_Branch, ID_Food) VALUES (212, 1, 9, 9);
INSERT INTO BRANCH_FOOD (ID_BranchFood, Available, ID_Branch, ID_Food) VALUES (213, 1, 1, 47);
INSERT INTO BRANCH_FOOD (ID_BranchFood, Available, ID_Branch, ID_Food) VALUES (214, 1, 6, 1);
INSERT INTO BRANCH_FOOD (ID_BranchFood, Available, ID_Branch, ID_Food) VALUES (215, 1, 2, 24);
INSERT INTO BRANCH_FOOD (ID_BranchFood, Available, ID_Branch, ID_Food) VALUES (216, 0, 13, 54);
INSERT INTO BRANCH_FOOD (ID_BranchFood, Available, ID_Branch, ID_Food) VALUES (217, 1, 2, 35);
INSERT INTO BRANCH_FOOD (ID_BranchFood, Available, ID_Branch, ID_Food) VALUES (218, 1, 13, 14);
INSERT INTO BRANCH_FOOD (ID_BranchFood, Available, ID_Branch, ID_Food) VALUES (219, 1, 13, 13);
INSERT INTO BRANCH_FOOD (ID_BranchFood, Available, ID_Branch, ID_Food) VALUES (220, 1, 1, 14);
INSERT INTO BRANCH_FOOD (ID_BranchFood, Available, ID_Branch, ID_Food) VALUES (221, 0, 6, 48);
INSERT INTO BRANCH_FOOD (ID_BranchFood, Available, ID_Branch, ID_Food) VALUES (222, 1, 2, 21);
INSERT INTO BRANCH_FOOD (ID_BranchFood, Available, ID_Branch, ID_Food) VALUES (223, 1, 3, 10);
INSERT INTO BRANCH_FOOD (ID_BranchFood, Available, ID_Branch, ID_Food) VALUES (224, 1, 3, 4);
INSERT INTO BRANCH_FOOD (ID_BranchFood, Available, ID_Branch, ID_Food) VALUES (225, 1, 11, 36);
INSERT INTO BRANCH_FOOD (ID_BranchFood, Available, ID_Branch, ID_Food) VALUES (226, 0, 12, 28);
INSERT INTO BRANCH_FOOD (ID_BranchFood, Available, ID_Branch, ID_Food) VALUES (227, 0, 8, 6);
INSERT INTO BRANCH_FOOD (ID_BranchFood, Available, ID_Branch, ID_Food) VALUES (228, 1, 1, 19);
INSERT INTO BRANCH_FOOD (ID_BranchFood, Available, ID_Branch, ID_Food) VALUES (229, 1, 8, 34);
INSERT INTO BRANCH_FOOD (ID_BranchFood, Available, ID_Branch, ID_Food) VALUES (230, 1, 2, 56);
INSERT INTO BRANCH_FOOD (ID_BranchFood, Available, ID_Branch, ID_Food) VALUES (231, 1, 10, 57);
INSERT INTO BRANCH_FOOD (ID_BranchFood, Available, ID_Branch, ID_Food) VALUES (232, 1, 4, 32);
INSERT INTO BRANCH_FOOD (ID_BranchFood, Available, ID_Branch, ID_Food) VALUES (233, 1, 1, 43);
INSERT INTO BRANCH_FOOD (ID_BranchFood, Available, ID_Branch, ID_Food) VALUES (234, 1, 12, 53);
INSERT INTO BRANCH_FOOD (ID_BranchFood, Available, ID_Branch, ID_Food) VALUES (235, 1, 6, 41);
INSERT INTO BRANCH_FOOD (ID_BranchFood, Available, ID_Branch, ID_Food) VALUES (236, 1, 12, 51);
INSERT INTO BRANCH_FOOD (ID_BranchFood, Available, ID_Branch, ID_Food) VALUES (237, 1, 10, 20);
INSERT INTO BRANCH_FOOD (ID_BranchFood, Available, ID_Branch, ID_Food) VALUES (238, 1, 12, 54);
INSERT INTO BRANCH_FOOD (ID_BranchFood, Available, ID_Branch, ID_Food) VALUES (239, 1, 2, 47);
INSERT INTO BRANCH_FOOD (ID_BranchFood, Available, ID_Branch, ID_Food) VALUES (240, 1, 9, 11);
INSERT INTO BRANCH_FOOD (ID_BranchFood, Available, ID_Branch, ID_Food) VALUES (241, 1, 2, 13);
INSERT INTO BRANCH_FOOD (ID_BranchFood, Available, ID_Branch, ID_Food) VALUES (242, 1, 2, 4);
INSERT INTO BRANCH_FOOD (ID_BranchFood, Available, ID_Branch, ID_Food) VALUES (243, 1, 4, 51);
INSERT INTO BRANCH_FOOD (ID_BranchFood, Available, ID_Branch, ID_Food) VALUES (244, 1, 15, 29);
INSERT INTO BRANCH_FOOD (ID_BranchFood, Available, ID_Branch, ID_Food) VALUES (245, 1, 1, 24);
INSERT INTO BRANCH_FOOD (ID_BranchFood, Available, ID_Branch, ID_Food) VALUES (246, 1, 8, 58);
INSERT INTO BRANCH_FOOD (ID_BranchFood, Available, ID_Branch, ID_Food) VALUES (247, 0, 9, 8);
INSERT INTO BRANCH_FOOD (ID_BranchFood, Available, ID_Branch, ID_Food) VALUES (248, 0, 6, 39);
INSERT INTO BRANCH_FOOD (ID_BranchFood, Available, ID_Branch, ID_Food) VALUES (249, 1, 1, 22);
INSERT INTO BRANCH_FOOD (ID_BranchFood, Available, ID_Branch, ID_Food) VALUES (250, 0, 9, 26);
INSERT INTO BRANCH_FOOD (ID_BranchFood, Available, ID_Branch, ID_Food) VALUES (251, 1, 6, 10);
INSERT INTO BRANCH_FOOD (ID_BranchFood, Available, ID_Branch, ID_Food) VALUES (252, 0, 13, 2);
INSERT INTO BRANCH_FOOD (ID_BranchFood, Available, ID_Branch, ID_Food) VALUES (253, 1, 6, 42);
INSERT INTO BRANCH_FOOD (ID_BranchFood, Available, ID_Branch, ID_Food) VALUES (254, 0, 1, 53);
INSERT INTO BRANCH_FOOD (ID_BranchFood, Available, ID_Branch, ID_Food) VALUES (255, 1, 13, 57);
INSERT INTO BRANCH_FOOD (ID_BranchFood, Available, ID_Branch, ID_Food) VALUES (256, 1, 14, 13);
INSERT INTO BRANCH_FOOD (ID_BranchFood, Available, ID_Branch, ID_Food) VALUES (257, 1, 3, 44);
INSERT INTO BRANCH_FOOD (ID_BranchFood, Available, ID_Branch, ID_Food) VALUES (258, 1, 5, 31);
INSERT INTO BRANCH_FOOD (ID_BranchFood, Available, ID_Branch, ID_Food) VALUES (259, 1, 15, 23);
INSERT INTO BRANCH_FOOD (ID_BranchFood, Available, ID_Branch, ID_Food) VALUES (260, 1, 8, 15);
INSERT INTO BRANCH_FOOD (ID_BranchFood, Available, ID_Branch, ID_Food) VALUES (261, 0, 5, 8);
INSERT INTO BRANCH_FOOD (ID_BranchFood, Available, ID_Branch, ID_Food) VALUES (262, 1, 9, 12);
INSERT INTO BRANCH_FOOD (ID_BranchFood, Available, ID_Branch, ID_Food) VALUES (263, 1, 5, 48);
INSERT INTO BRANCH_FOOD (ID_BranchFood, Available, ID_Branch, ID_Food) VALUES (264, 1, 11, 52);
INSERT INTO BRANCH_FOOD (ID_BranchFood, Available, ID_Branch, ID_Food) VALUES (265, 1, 4, 48);
INSERT INTO BRANCH_FOOD (ID_BranchFood, Available, ID_Branch, ID_Food) VALUES (266, 1, 5, 27);
INSERT INTO BRANCH_FOOD (ID_BranchFood, Available, ID_Branch, ID_Food) VALUES (267, 1, 11, 20);
INSERT INTO BRANCH_FOOD (ID_BranchFood, Available, ID_Branch, ID_Food) VALUES (268, 1, 8, 4);
INSERT INTO BRANCH_FOOD (ID_BranchFood, Available, ID_Branch, ID_Food) VALUES (269, 0, 1, 27);
INSERT INTO BRANCH_FOOD (ID_BranchFood, Available, ID_Branch, ID_Food) VALUES (270, 1, 15, 34);
INSERT INTO BRANCH_FOOD (ID_BranchFood, Available, ID_Branch, ID_Food) VALUES (271, 1, 10, 27);
INSERT INTO BRANCH_FOOD (ID_BranchFood, Available, ID_Branch, ID_Food) VALUES (272, 1, 7, 38);
INSERT INTO BRANCH_FOOD (ID_BranchFood, Available, ID_Branch, ID_Food) VALUES (273, 1, 10, 19);
INSERT INTO BRANCH_FOOD (ID_BranchFood, Available, ID_Branch, ID_Food) VALUES (274, 1, 2, 36);
INSERT INTO BRANCH_FOOD (ID_BranchFood, Available, ID_Branch, ID_Food) VALUES (275, 0, 13, 20);
INSERT INTO BRANCH_FOOD (ID_BranchFood, Available, ID_Branch, ID_Food) VALUES (276, 1, 4, 28);
INSERT INTO BRANCH_FOOD (ID_BranchFood, Available, ID_Branch, ID_Food) VALUES (277, 1, 5, 33);
INSERT INTO BRANCH_FOOD (ID_BranchFood, Available, ID_Branch, ID_Food) VALUES (278, 0, 14, 54);
INSERT INTO BRANCH_FOOD (ID_BranchFood, Available, ID_Branch, ID_Food) VALUES (279, 0, 4, 34);
INSERT INTO BRANCH_FOOD (ID_BranchFood, Available, ID_Branch, ID_Food) VALUES (280, 1, 2, 27);
INSERT INTO BRANCH_FOOD (ID_BranchFood, Available, ID_Branch, ID_Food) VALUES (281, 1, 7, 22);
INSERT INTO BRANCH_FOOD (ID_BranchFood, Available, ID_Branch, ID_Food) VALUES (282, 1, 14, 50);
INSERT INTO BRANCH_FOOD (ID_BranchFood, Available, ID_Branch, ID_Food) VALUES (283, 1, 10, 17);
INSERT INTO BRANCH_FOOD (ID_BranchFood, Available, ID_Branch, ID_Food) VALUES (284, 1, 1, 34);
INSERT INTO BRANCH_FOOD (ID_BranchFood, Available, ID_Branch, ID_Food) VALUES (285, 0, 4, 44);
INSERT INTO BRANCH_FOOD (ID_BranchFood, Available, ID_Branch, ID_Food) VALUES (286, 1, 9, 17);
INSERT INTO BRANCH_FOOD (ID_BranchFood, Available, ID_Branch, ID_Food) VALUES (287, 1, 4, 27);
INSERT INTO BRANCH_FOOD (ID_BranchFood, Available, ID_Branch, ID_Food) VALUES (288, 1, 14, 14);
INSERT INTO BRANCH_FOOD (ID_BranchFood, Available, ID_Branch, ID_Food) VALUES (289, 1, 2, 40);
INSERT INTO BRANCH_FOOD (ID_BranchFood, Available, ID_Branch, ID_Food) VALUES (290, 0, 9, 47);
INSERT INTO BRANCH_FOOD (ID_BranchFood, Available, ID_Branch, ID_Food) VALUES (291, 1, 14, 17);
INSERT INTO BRANCH_FOOD (ID_BranchFood, Available, ID_Branch, ID_Food) VALUES (292, 1, 1, 50);
INSERT INTO BRANCH_FOOD (ID_BranchFood, Available, ID_Branch, ID_Food) VALUES (293, 1, 9, 6);
INSERT INTO BRANCH_FOOD (ID_BranchFood, Available, ID_Branch, ID_Food) VALUES (294, 1, 1, 11);
INSERT INTO BRANCH_FOOD (ID_BranchFood, Available, ID_Branch, ID_Food) VALUES (295, 1, 2, 58);
INSERT INTO BRANCH_FOOD (ID_BranchFood, Available, ID_Branch, ID_Food) VALUES (296, 1, 5, 51);
INSERT INTO BRANCH_FOOD (ID_BranchFood, Available, ID_Branch, ID_Food) VALUES (297, 1, 10, 40);
INSERT INTO BRANCH_FOOD (ID_BranchFood, Available, ID_Branch, ID_Food) VALUES (298, 1, 9, 1);
INSERT INTO BRANCH_FOOD (ID_BranchFood, Available, ID_Branch, ID_Food) VALUES (299, 1, 15, 2);
INSERT INTO BRANCH_FOOD (ID_BranchFood, Available, ID_Branch, ID_Food) VALUES (300, 1, 11, 4);
INSERT INTO BRANCH_FOOD (ID_BranchFood, Available, ID_Branch, ID_Food) VALUES (301, 1, 5, 56);
INSERT INTO BRANCH_FOOD (ID_BranchFood, Available, ID_Branch, ID_Food) VALUES (302, 1, 8, 14);
INSERT INTO BRANCH_FOOD (ID_BranchFood, Available, ID_Branch, ID_Food) VALUES (303, 1, 8, 56);
INSERT INTO BRANCH_FOOD (ID_BranchFood, Available, ID_Branch, ID_Food) VALUES (304, 1, 10, 33);
INSERT INTO BRANCH_FOOD (ID_BranchFood, Available, ID_Branch, ID_Food) VALUES (305, 1, 2, 11);
INSERT INTO BRANCH_FOOD (ID_BranchFood, Available, ID_Branch, ID_Food) VALUES (306, 1, 10, 58);
INSERT INTO BRANCH_FOOD (ID_BranchFood, Available, ID_Branch, ID_Food) VALUES (307, 1, 15, 35);
INSERT INTO BRANCH_FOOD (ID_BranchFood, Available, ID_Branch, ID_Food) VALUES (308, 1, 7, 6);
INSERT INTO BRANCH_FOOD (ID_BranchFood, Available, ID_Branch, ID_Food) VALUES (309, 1, 5, 41);
INSERT INTO BRANCH_FOOD (ID_BranchFood, Available, ID_Branch, ID_Food) VALUES (310, 1, 1, 20);
INSERT INTO BRANCH_FOOD (ID_BranchFood, Available, ID_Branch, ID_Food) VALUES (311, 0, 11, 53);
INSERT INTO BRANCH_FOOD (ID_BranchFood, Available, ID_Branch, ID_Food) VALUES (312, 1, 4, 24);
INSERT INTO BRANCH_FOOD (ID_BranchFood, Available, ID_Branch, ID_Food) VALUES (313, 1, 15, 25);
INSERT INTO BRANCH_FOOD (ID_BranchFood, Available, ID_Branch, ID_Food) VALUES (314, 1, 7, 41);
INSERT INTO BRANCH_FOOD (ID_BranchFood, Available, ID_Branch, ID_Food) VALUES (315, 1, 12, 37);
INSERT INTO BRANCH_FOOD (ID_BranchFood, Available, ID_Branch, ID_Food) VALUES (316, 0, 1, 41);
INSERT INTO BRANCH_FOOD (ID_BranchFood, Available, ID_Branch, ID_Food) VALUES (317, 1, 10, 10);
INSERT INTO BRANCH_FOOD (ID_BranchFood, Available, ID_Branch, ID_Food) VALUES (318, 1, 2, 2);
INSERT INTO BRANCH_FOOD (ID_BranchFood, Available, ID_Branch, ID_Food) VALUES (319, 1, 4, 11);
INSERT INTO BRANCH_FOOD (ID_BranchFood, Available, ID_Branch, ID_Food) VALUES (320, 1, 6, 50);
INSERT INTO BRANCH_FOOD (ID_BranchFood, Available, ID_Branch, ID_Food) VALUES (321, 1, 15, 6);
INSERT INTO BRANCH_FOOD (ID_BranchFood, Available, ID_Branch, ID_Food) VALUES (322, 1, 15, 41);
INSERT INTO BRANCH_FOOD (ID_BranchFood, Available, ID_Branch, ID_Food) VALUES (323, 1, 13, 26);
INSERT INTO BRANCH_FOOD (ID_BranchFood, Available, ID_Branch, ID_Food) VALUES (324, 1, 8, 36);
INSERT INTO BRANCH_FOOD (ID_BranchFood, Available, ID_Branch, ID_Food) VALUES (325, 1, 2, 49);
INSERT INTO BRANCH_FOOD (ID_BranchFood, Available, ID_Branch, ID_Food) VALUES (326, 1, 1, 31);
INSERT INTO BRANCH_FOOD (ID_BranchFood, Available, ID_Branch, ID_Food) VALUES (327, 1, 1, 35);
INSERT INTO BRANCH_FOOD (ID_BranchFood, Available, ID_Branch, ID_Food) VALUES (328, 1, 12, 11);
INSERT INTO BRANCH_FOOD (ID_BranchFood, Available, ID_Branch, ID_Food) VALUES (329, 0, 11, 44);
INSERT INTO BRANCH_FOOD (ID_BranchFood, Available, ID_Branch, ID_Food) VALUES (330, 1, 10, 31);
INSERT INTO BRANCH_FOOD (ID_BranchFood, Available, ID_Branch, ID_Food) VALUES (331, 1, 9, 28);
INSERT INTO BRANCH_FOOD (ID_BranchFood, Available, ID_Branch, ID_Food) VALUES (332, 1, 1, 45);
INSERT INTO BRANCH_FOOD (ID_BranchFood, Available, ID_Branch, ID_Food) VALUES (333, 0, 10, 25);
INSERT INTO BRANCH_FOOD (ID_BranchFood, Available, ID_Branch, ID_Food) VALUES (334, 1, 14, 49);
INSERT INTO BRANCH_FOOD (ID_BranchFood, Available, ID_Branch, ID_Food) VALUES (335, 1, 8, 35);
INSERT INTO BRANCH_FOOD (ID_BranchFood, Available, ID_Branch, ID_Food) VALUES (336, 1, 11, 42);
INSERT INTO BRANCH_FOOD (ID_BranchFood, Available, ID_Branch, ID_Food) VALUES (337, 1, 13, 7);
INSERT INTO BRANCH_FOOD (ID_BranchFood, Available, ID_Branch, ID_Food) VALUES (338, 1, 2, 42);
INSERT INTO BRANCH_FOOD (ID_BranchFood, Available, ID_Branch, ID_Food) VALUES (339, 1, 11, 27);
INSERT INTO BRANCH_FOOD (ID_BranchFood, Available, ID_Branch, ID_Food) VALUES (340, 1, 3, 38);
INSERT INTO BRANCH_FOOD (ID_BranchFood, Available, ID_Branch, ID_Food) VALUES (341, 1, 13, 39);
INSERT INTO BRANCH_FOOD (ID_BranchFood, Available, ID_Branch, ID_Food) VALUES (342, 1, 2, 28);
INSERT INTO BRANCH_FOOD (ID_BranchFood, Available, ID_Branch, ID_Food) VALUES (343, 1, 14, 53);
INSERT INTO BRANCH_FOOD (ID_BranchFood, Available, ID_Branch, ID_Food) VALUES (344, 0, 7, 32);
INSERT INTO BRANCH_FOOD (ID_BranchFood, Available, ID_Branch, ID_Food) VALUES (345, 1, 8, 31);
INSERT INTO BRANCH_FOOD (ID_BranchFood, Available, ID_Branch, ID_Food) VALUES (346, 1, 10, 43);
INSERT INTO BRANCH_FOOD (ID_BranchFood, Available, ID_Branch, ID_Food) VALUES (347, 1, 6, 43);
INSERT INTO BRANCH_FOOD (ID_BranchFood, Available, ID_Branch, ID_Food) VALUES (348, 1, 6, 53);
INSERT INTO BRANCH_FOOD (ID_BranchFood, Available, ID_Branch, ID_Food) VALUES (349, 0, 14, 22);
INSERT INTO BRANCH_FOOD (ID_BranchFood, Available, ID_Branch, ID_Food) VALUES (350, 1, 6, 9);
INSERT INTO BRANCH_FOOD (ID_BranchFood, Available, ID_Branch, ID_Food) VALUES (351, 0, 5, 11);
INSERT INTO BRANCH_FOOD (ID_BranchFood, Available, ID_Branch, ID_Food) VALUES (352, 0, 2, 1);
INSERT INTO BRANCH_FOOD (ID_BranchFood, Available, ID_Branch, ID_Food) VALUES (353, 1, 6, 57);
INSERT INTO BRANCH_FOOD (ID_BranchFood, Available, ID_Branch, ID_Food) VALUES (354, 1, 14, 35);
INSERT INTO BRANCH_FOOD (ID_BranchFood, Available, ID_Branch, ID_Food) VALUES (355, 1, 10, 56);
INSERT INTO BRANCH_FOOD (ID_BranchFood, Available, ID_Branch, ID_Food) VALUES (356, 1, 6, 29);
INSERT INTO BRANCH_FOOD (ID_BranchFood, Available, ID_Branch, ID_Food) VALUES (357, 1, 1, 57);
INSERT INTO BRANCH_FOOD (ID_BranchFood, Available, ID_Branch, ID_Food) VALUES (358, 1, 8, 30);
INSERT INTO BRANCH_FOOD (ID_BranchFood, Available, ID_Branch, ID_Food) VALUES (359, 1, 12, 42);
INSERT INTO BRANCH_FOOD (ID_BranchFood, Available, ID_Branch, ID_Food) VALUES (360, 1, 6, 55);
INSERT INTO BRANCH_FOOD (ID_BranchFood, Available, ID_Branch, ID_Food) VALUES (361, 1, 13, 35);
INSERT INTO BRANCH_FOOD (ID_BranchFood, Available, ID_Branch, ID_Food) VALUES (362, 0, 3, 11);
INSERT INTO BRANCH_FOOD (ID_BranchFood, Available, ID_Branch, ID_Food) VALUES (363, 0, 8, 29);
INSERT INTO BRANCH_FOOD (ID_BranchFood, Available, ID_Branch, ID_Food) VALUES (364, 1, 1, 30);
INSERT INTO BRANCH_FOOD (ID_BranchFood, Available, ID_Branch, ID_Food) VALUES (365, 1, 2, 17);
INSERT INTO BRANCH_FOOD (ID_BranchFood, Available, ID_Branch, ID_Food) VALUES (366, 1, 11, 6);
INSERT INTO BRANCH_FOOD (ID_BranchFood, Available, ID_Branch, ID_Food) VALUES (367, 0, 4, 50);
INSERT INTO BRANCH_FOOD (ID_BranchFood, Available, ID_Branch, ID_Food) VALUES (368, 1, 13, 5);
INSERT INTO BRANCH_FOOD (ID_BranchFood, Available, ID_Branch, ID_Food) VALUES (369, 1, 15, 47);
INSERT INTO BRANCH_FOOD (ID_BranchFood, Available, ID_Branch, ID_Food) VALUES (370, 1, 4, 25);
INSERT INTO BRANCH_FOOD (ID_BranchFood, Available, ID_Branch, ID_Food) VALUES (371, 1, 13, 9);
INSERT INTO BRANCH_FOOD (ID_BranchFood, Available, ID_Branch, ID_Food) VALUES (372, 1, 13, 8);
INSERT INTO BRANCH_FOOD (ID_BranchFood, Available, ID_Branch, ID_Food) VALUES (373, 1, 4, 39);
INSERT INTO BRANCH_FOOD (ID_BranchFood, Available, ID_Branch, ID_Food) VALUES (374, 1, 2, 19);
INSERT INTO BRANCH_FOOD (ID_BranchFood, Available, ID_Branch, ID_Food) VALUES (375, 1, 2, 45);
INSERT INTO BRANCH_FOOD (ID_BranchFood, Available, ID_Branch, ID_Food) VALUES (376, 1, 5, 2);
INSERT INTO BRANCH_FOOD (ID_BranchFood, Available, ID_Branch, ID_Food) VALUES (377, 1, 9, 53);
INSERT INTO BRANCH_FOOD (ID_BranchFood, Available, ID_Branch, ID_Food) VALUES (378, 1, 5, 43);
INSERT INTO BRANCH_FOOD (ID_BranchFood, Available, ID_Branch, ID_Food) VALUES (379, 1, 4, 20);
INSERT INTO BRANCH_FOOD (ID_BranchFood, Available, ID_Branch, ID_Food) VALUES (380, 0, 15, 21);
INSERT INTO BRANCH_FOOD (ID_BranchFood, Available, ID_Branch, ID_Food) VALUES (381, 0, 5, 14);
INSERT INTO BRANCH_FOOD (ID_BranchFood, Available, ID_Branch, ID_Food) VALUES (382, 1, 8, 25);
INSERT INTO BRANCH_FOOD (ID_BranchFood, Available, ID_Branch, ID_Food) VALUES (383, 1, 14, 25);
INSERT INTO BRANCH_FOOD (ID_BranchFood, Available, ID_Branch, ID_Food) VALUES (384, 1, 9, 20);
INSERT INTO BRANCH_FOOD (ID_BranchFood, Available, ID_Branch, ID_Food) VALUES (385, 1, 8, 54);
INSERT INTO BRANCH_FOOD (ID_BranchFood, Available, ID_Branch, ID_Food) VALUES (386, 1, 6, 7);
INSERT INTO BRANCH_FOOD (ID_BranchFood, Available, ID_Branch, ID_Food) VALUES (387, 0, 6, 15);
INSERT INTO BRANCH_FOOD (ID_BranchFood, Available, ID_Branch, ID_Food) VALUES (388, 0, 15, 4);
INSERT INTO BRANCH_FOOD (ID_BranchFood, Available, ID_Branch, ID_Food) VALUES (389, 1, 14, 26);
INSERT INTO BRANCH_FOOD (ID_BranchFood, Available, ID_Branch, ID_Food) VALUES (390, 1, 6, 32);
INSERT INTO BRANCH_FOOD (ID_BranchFood, Available, ID_Branch, ID_Food) VALUES (391, 1, 12, 16);
INSERT INTO BRANCH_FOOD (ID_BranchFood, Available, ID_Branch, ID_Food) VALUES (392, 0, 9, 45);
INSERT INTO BRANCH_FOOD (ID_BranchFood, Available, ID_Branch, ID_Food) VALUES (393, 1, 13, 28);
INSERT INTO BRANCH_FOOD (ID_BranchFood, Available, ID_Branch, ID_Food) VALUES (394, 1, 10, 2);
INSERT INTO BRANCH_FOOD (ID_BranchFood, Available, ID_Branch, ID_Food) VALUES (395, 1, 15, 20);
INSERT INTO BRANCH_FOOD (ID_BranchFood, Available, ID_Branch, ID_Food) VALUES (396, 0, 4, 22);
INSERT INTO BRANCH_FOOD (ID_BranchFood, Available, ID_Branch, ID_Food) VALUES (397, 1, 7, 19);
INSERT INTO BRANCH_FOOD (ID_BranchFood, Available, ID_Branch, ID_Food) VALUES (398, 1, 4, 2);
INSERT INTO BRANCH_FOOD (ID_BranchFood, Available, ID_Branch, ID_Food) VALUES (399, 1, 15, 32);
INSERT INTO BRANCH_FOOD (ID_BranchFood, Available, ID_Branch, ID_Food) VALUES (400, 1, 10, 34);
INSERT INTO BRANCH_FOOD (ID_BranchFood, Available, ID_Branch, ID_Food) VALUES (401, 0, 3, 57);
INSERT INTO BRANCH_FOOD (ID_BranchFood, Available, ID_Branch, ID_Food) VALUES (402, 1, 8, 3);
INSERT INTO BRANCH_FOOD (ID_BranchFood, Available, ID_Branch, ID_Food) VALUES (403, 0, 15, 53);
INSERT INTO BRANCH_FOOD (ID_BranchFood, Available, ID_Branch, ID_Food) VALUES (404, 0, 7, 34);
INSERT INTO BRANCH_FOOD (ID_BranchFood, Available, ID_Branch, ID_Food) VALUES (405, 1, 14, 30);
INSERT INTO BRANCH_FOOD (ID_BranchFood, Available, ID_Branch, ID_Food) VALUES (406, 1, 15, 50);
INSERT INTO BRANCH_FOOD (ID_BranchFood, Available, ID_Branch, ID_Food) VALUES (407, 1, 13, 34);
INSERT INTO BRANCH_FOOD (ID_BranchFood, Available, ID_Branch, ID_Food) VALUES (408, 1, 8, 48);
INSERT INTO BRANCH_FOOD (ID_BranchFood, Available, ID_Branch, ID_Food) VALUES (409, 0, 2, 10);
INSERT INTO BRANCH_FOOD (ID_BranchFood, Available, ID_Branch, ID_Food) VALUES (410, 0, 12, 48);
INSERT INTO BRANCH_FOOD (ID_BranchFood, Available, ID_Branch, ID_Food) VALUES (411, 1, 8, 1);
INSERT INTO BRANCH_FOOD (ID_BranchFood, Available, ID_Branch, ID_Food) VALUES (412, 1, 10, 9);
INSERT INTO BRANCH_FOOD (ID_BranchFood, Available, ID_Branch, ID_Food) VALUES (413, 1, 11, 34);
INSERT INTO BRANCH_FOOD (ID_BranchFood, Available, ID_Branch, ID_Food) VALUES (414, 1, 11, 48);
INSERT INTO BRANCH_FOOD (ID_BranchFood, Available, ID_Branch, ID_Food) VALUES (415, 1, 3, 24);
INSERT INTO BRANCH_FOOD (ID_BranchFood, Available, ID_Branch, ID_Food) VALUES (416, 1, 1, 29);
INSERT INTO BRANCH_FOOD (ID_BranchFood, Available, ID_Branch, ID_Food) VALUES (417, 1, 12, 8);
INSERT INTO BRANCH_FOOD (ID_BranchFood, Available, ID_Branch, ID_Food) VALUES (418, 0, 3, 45);
INSERT INTO BRANCH_FOOD (ID_BranchFood, Available, ID_Branch, ID_Food) VALUES (419, 1, 6, 17);
INSERT INTO BRANCH_FOOD (ID_BranchFood, Available, ID_Branch, ID_Food) VALUES (420, 1, 1, 9);
INSERT INTO BRANCH_FOOD (ID_BranchFood, Available, ID_Branch, ID_Food) VALUES (421, 1, 2, 14);
INSERT INTO BRANCH_FOOD (ID_BranchFood, Available, ID_Branch, ID_Food) VALUES (422, 0, 10, 14);
INSERT INTO BRANCH_FOOD (ID_BranchFood, Available, ID_Branch, ID_Food) VALUES (423, 1, 13, 16);
INSERT INTO BRANCH_FOOD (ID_BranchFood, Available, ID_Branch, ID_Food) VALUES (424, 1, 7, 54);
INSERT INTO BRANCH_FOOD (ID_BranchFood, Available, ID_Branch, ID_Food) VALUES (425, 1, 2, 53);
INSERT INTO BRANCH_FOOD (ID_BranchFood, Available, ID_Branch, ID_Food) VALUES (426, 1, 3, 3);
INSERT INTO BRANCH_FOOD (ID_BranchFood, Available, ID_Branch, ID_Food) VALUES (427, 1, 11, 55);
INSERT INTO BRANCH_FOOD (ID_BranchFood, Available, ID_Branch, ID_Food) VALUES (428, 1, 12, 43);
INSERT INTO BRANCH_FOOD (ID_BranchFood, Available, ID_Branch, ID_Food) VALUES (429, 1, 5, 34);
INSERT INTO BRANCH_FOOD (ID_BranchFood, Available, ID_Branch, ID_Food) VALUES (430, 1, 4, 21);
INSERT INTO BRANCH_FOOD (ID_BranchFood, Available, ID_Branch, ID_Food) VALUES (431, 0, 11, 1);
INSERT INTO BRANCH_FOOD (ID_BranchFood, Available, ID_Branch, ID_Food) VALUES (432, 1, 12, 55);
INSERT INTO BRANCH_FOOD (ID_BranchFood, Available, ID_Branch, ID_Food) VALUES (433, 1, 15, 13);
INSERT INTO BRANCH_FOOD (ID_BranchFood, Available, ID_Branch, ID_Food) VALUES (434, 1, 3, 34);
INSERT INTO BRANCH_FOOD (ID_BranchFood, Available, ID_Branch, ID_Food) VALUES (435, 1, 7, 53);
INSERT INTO BRANCH_FOOD (ID_BranchFood, Available, ID_Branch, ID_Food) VALUES (436, 0, 5, 44);
INSERT INTO BRANCH_FOOD (ID_BranchFood, Available, ID_Branch, ID_Food) VALUES (437, 1, 8, 53);
INSERT INTO BRANCH_FOOD (ID_BranchFood, Available, ID_Branch, ID_Food) VALUES (438, 1, 13, 44);
INSERT INTO BRANCH_FOOD (ID_BranchFood, Available, ID_Branch, ID_Food) VALUES (439, 1, 12, 35);
INSERT INTO BRANCH_FOOD (ID_BranchFood, Available, ID_Branch, ID_Food) VALUES (440, 1, 7, 56);
INSERT INTO BRANCH_FOOD (ID_BranchFood, Available, ID_Branch, ID_Food) VALUES (441, 1, 11, 39);
INSERT INTO BRANCH_FOOD (ID_BranchFood, Available, ID_Branch, ID_Food) VALUES (442, 0, 10, 11);
INSERT INTO BRANCH_FOOD (ID_BranchFood, Available, ID_Branch, ID_Food) VALUES (443, 1, 15, 3);
INSERT INTO BRANCH_FOOD (ID_BranchFood, Available, ID_Branch, ID_Food) VALUES (444, 1, 10, 35);
INSERT INTO BRANCH_FOOD (ID_BranchFood, Available, ID_Branch, ID_Food) VALUES (445, 1, 8, 55);
INSERT INTO BRANCH_FOOD (ID_BranchFood, Available, ID_Branch, ID_Food) VALUES (446, 1, 12, 22);
INSERT INTO BRANCH_FOOD (ID_BranchFood, Available, ID_Branch, ID_Food) VALUES (447, 1, 15, 51);
INSERT INTO BRANCH_FOOD (ID_BranchFood, Available, ID_Branch, ID_Food) VALUES (448, 0, 12, 58);
INSERT INTO BRANCH_FOOD (ID_BranchFood, Available, ID_Branch, ID_Food) VALUES (449, 1, 4, 5);
INSERT INTO BRANCH_FOOD (ID_BranchFood, Available, ID_Branch, ID_Food) VALUES (450, 1, 7, 14);
INSERT INTO BRANCH_FOOD (ID_BranchFood, Available, ID_Branch, ID_Food) VALUES (451, 1, 5, 46);
INSERT INTO BRANCH_FOOD (ID_BranchFood, Available, ID_Branch, ID_Food) VALUES (452, 1, 3, 21);
INSERT INTO BRANCH_FOOD (ID_BranchFood, Available, ID_Branch, ID_Food) VALUES (453, 1, 14, 11);
INSERT INTO BRANCH_FOOD (ID_BranchFood, Available, ID_Branch, ID_Food) VALUES (454, 0, 13, 53);
INSERT INTO BRANCH_FOOD (ID_BranchFood, Available, ID_Branch, ID_Food) VALUES (455, 1, 15, 24);
INSERT INTO BRANCH_FOOD (ID_BranchFood, Available, ID_Branch, ID_Food) VALUES (456, 0, 12, 17);
INSERT INTO BRANCH_FOOD (ID_BranchFood, Available, ID_Branch, ID_Food) VALUES (457, 1, 13, 4);
INSERT INTO BRANCH_FOOD (ID_BranchFood, Available, ID_Branch, ID_Food) VALUES (458, 1, 15, 48);
INSERT INTO BRANCH_FOOD (ID_BranchFood, Available, ID_Branch, ID_Food) VALUES (459, 1, 4, 29);
INSERT INTO BRANCH_FOOD (ID_BranchFood, Available, ID_Branch, ID_Food) VALUES (460, 1, 9, 22);
INSERT INTO BRANCH_FOOD (ID_BranchFood, Available, ID_Branch, ID_Food) VALUES (461, 1, 2, 22);
INSERT INTO BRANCH_FOOD (ID_BranchFood, Available, ID_Branch, ID_Food) VALUES (462, 1, 8, 17);
INSERT INTO BRANCH_FOOD (ID_BranchFood, Available, ID_Branch, ID_Food) VALUES (463, 1, 2, 23);
INSERT INTO BRANCH_FOOD (ID_BranchFood, Available, ID_Branch, ID_Food) VALUES (464, 1, 3, 25);
INSERT INTO BRANCH_FOOD (ID_BranchFood, Available, ID_Branch, ID_Food) VALUES (465, 1, 14, 43);
INSERT INTO BRANCH_FOOD (ID_BranchFood, Available, ID_Branch, ID_Food) VALUES (466, 1, 9, 41);
INSERT INTO BRANCH_FOOD (ID_BranchFood, Available, ID_Branch, ID_Food) VALUES (467, 1, 10, 36);
INSERT INTO BRANCH_FOOD (ID_BranchFood, Available, ID_Branch, ID_Food) VALUES (468, 1, 14, 3);
INSERT INTO BRANCH_FOOD (ID_BranchFood, Available, ID_Branch, ID_Food) VALUES (469, 0, 10, 4);
INSERT INTO BRANCH_FOOD (ID_BranchFood, Available, ID_Branch, ID_Food) VALUES (470, 1, 6, 49);
INSERT INTO BRANCH_FOOD (ID_BranchFood, Available, ID_Branch, ID_Food) VALUES (471, 1, 9, 13);
INSERT INTO BRANCH_FOOD (ID_BranchFood, Available, ID_Branch, ID_Food) VALUES (472, 1, 4, 14);
INSERT INTO BRANCH_FOOD (ID_BranchFood, Available, ID_Branch, ID_Food) VALUES (473, 1, 12, 36);
INSERT INTO BRANCH_FOOD (ID_BranchFood, Available, ID_Branch, ID_Food) VALUES (474, 1, 12, 2);
INSERT INTO BRANCH_FOOD (ID_BranchFood, Available, ID_Branch, ID_Food) VALUES (475, 1, 15, 33);
INSERT INTO BRANCH_FOOD (ID_BranchFood, Available, ID_Branch, ID_Food) VALUES (476, 1, 10, 13);
INSERT INTO BRANCH_FOOD (ID_BranchFood, Available, ID_Branch, ID_Food) VALUES (477, 0, 1, 36);
INSERT INTO BRANCH_FOOD (ID_BranchFood, Available, ID_Branch, ID_Food) VALUES (478, 1, 9, 3);
INSERT INTO BRANCH_FOOD (ID_BranchFood, Available, ID_Branch, ID_Food) VALUES (479, 1, 3, 33);
INSERT INTO BRANCH_FOOD (ID_BranchFood, Available, ID_Branch, ID_Food) VALUES (480, 1, 11, 7);
INSERT INTO BRANCH_FOOD (ID_BranchFood, Available, ID_Branch, ID_Food) VALUES (481, 1, 2, 52);
INSERT INTO BRANCH_FOOD (ID_BranchFood, Available, ID_Branch, ID_Food) VALUES (482, 1, 15, 39);
INSERT INTO BRANCH_FOOD (ID_BranchFood, Available, ID_Branch, ID_Food) VALUES (483, 1, 4, 42);
INSERT INTO BRANCH_FOOD (ID_BranchFood, Available, ID_Branch, ID_Food) VALUES (484, 1, 13, 42);
INSERT INTO BRANCH_FOOD (ID_BranchFood, Available, ID_Branch, ID_Food) VALUES (485, 0, 7, 17);
INSERT INTO BRANCH_FOOD (ID_BranchFood, Available, ID_Branch, ID_Food) VALUES (486, 1, 11, 38);
INSERT INTO BRANCH_FOOD (ID_BranchFood, Available, ID_Branch, ID_Food) VALUES (487, 1, 11, 54);
INSERT INTO BRANCH_FOOD (ID_BranchFood, Available, ID_Branch, ID_Food) VALUES (488, 1, 15, 22);
INSERT INTO BRANCH_FOOD (ID_BranchFood, Available, ID_Branch, ID_Food) VALUES (489, 1, 6, 34);
INSERT INTO BRANCH_FOOD (ID_BranchFood, Available, ID_Branch, ID_Food) VALUES (490, 0, 9, 25);
INSERT INTO BRANCH_FOOD (ID_BranchFood, Available, ID_Branch, ID_Food) VALUES (491, 1, 4, 23);
INSERT INTO BRANCH_FOOD (ID_BranchFood, Available, ID_Branch, ID_Food) VALUES (492, 1, 10, 16);
INSERT INTO BRANCH_FOOD (ID_BranchFood, Available, ID_Branch, ID_Food) VALUES (493, 1, 7, 3);
INSERT INTO BRANCH_FOOD (ID_BranchFood, Available, ID_Branch, ID_Food) VALUES (494, 1, 5, 25);
INSERT INTO BRANCH_FOOD (ID_BranchFood, Available, ID_Branch, ID_Food) VALUES (495, 0, 3, 29);
INSERT INTO BRANCH_FOOD (ID_BranchFood, Available, ID_Branch, ID_Food) VALUES (496, 1, 11, 25);
INSERT INTO BRANCH_FOOD (ID_BranchFood, Available, ID_Branch, ID_Food) VALUES (497, 1, 11, 45);
INSERT INTO BRANCH_FOOD (ID_BranchFood, Available, ID_Branch, ID_Food) VALUES (498, 1, 9, 27);
INSERT INTO BRANCH_FOOD (ID_BranchFood, Available, ID_Branch, ID_Food) VALUES (499, 1, 12, 45);
INSERT INTO BRANCH_FOOD (ID_BranchFood, Available, ID_Branch, ID_Food) VALUES (500, 1, 4, 36);
INSERT INTO BRANCH_FOOD (ID_BranchFood, Available, ID_Branch, ID_Food) VALUES (501, 1, 5, 39);
INSERT INTO BRANCH_FOOD (ID_BranchFood, Available, ID_Branch, ID_Food) VALUES (502, 1, 11, 16);
INSERT INTO BRANCH_FOOD (ID_BranchFood, Available, ID_Branch, ID_Food) VALUES (503, 1, 9, 36);
INSERT INTO BRANCH_FOOD (ID_BranchFood, Available, ID_Branch, ID_Food) VALUES (504, 1, 13, 45);
INSERT INTO BRANCH_FOOD (ID_BranchFood, Available, ID_Branch, ID_Food) VALUES (505, 1, 9, 16);
INSERT INTO BRANCH_FOOD (ID_BranchFood, Available, ID_Branch, ID_Food) VALUES (506, 1, 8, 33);
INSERT INTO BRANCH_FOOD (ID_BranchFood, Available, ID_Branch, ID_Food) VALUES (507, 1, 6, 4);
INSERT INTO BRANCH_FOOD (ID_BranchFood, Available, ID_Branch, ID_Food) VALUES (508, 1, 9, 48);
INSERT INTO BRANCH_FOOD (ID_BranchFood, Available, ID_Branch, ID_Food) VALUES (509, 1, 15, 49);
INSERT INTO BRANCH_FOOD (ID_BranchFood, Available, ID_Branch, ID_Food) VALUES (510, 1, 9, 55);
INSERT INTO BRANCH_FOOD (ID_BranchFood, Available, ID_Branch, ID_Food) VALUES (511, 1, 2, 37);
INSERT INTO BRANCH_FOOD (ID_BranchFood, Available, ID_Branch, ID_Food) VALUES (512, 1, 2, 39);
INSERT INTO BRANCH_FOOD (ID_BranchFood, Available, ID_Branch, ID_Food) VALUES (513, 1, 5, 24);
INSERT INTO BRANCH_FOOD (ID_BranchFood, Available, ID_Branch, ID_Food) VALUES (514, 1, 13, 32);
INSERT INTO BRANCH_FOOD (ID_BranchFood, Available, ID_Branch, ID_Food) VALUES (515, 1, 7, 7);
INSERT INTO BRANCH_FOOD (ID_BranchFood, Available, ID_Branch, ID_Food) VALUES (516, 1, 14, 4);
INSERT INTO BRANCH_FOOD (ID_BranchFood, Available, ID_Branch, ID_Food) VALUES (517, 1, 12, 30);
INSERT INTO BRANCH_FOOD (ID_BranchFood, Available, ID_Branch, ID_Food) VALUES (518, 0, 1, 4);
INSERT INTO BRANCH_FOOD (ID_BranchFood, Available, ID_Branch, ID_Food) VALUES (519, 1, 12, 10);
INSERT INTO BRANCH_FOOD (ID_BranchFood, Available, ID_Branch, ID_Food) VALUES (520, 1, 8, 38);
INSERT INTO BRANCH_FOOD (ID_BranchFood, Available, ID_Branch, ID_Food) VALUES (521, 1, 14, 28);
INSERT INTO BRANCH_FOOD (ID_BranchFood, Available, ID_Branch, ID_Food) VALUES (522, 1, 9, 34);
INSERT INTO BRANCH_FOOD (ID_BranchFood, Available, ID_Branch, ID_Food) VALUES (523, 1, 9, 50);
INSERT INTO BRANCH_FOOD (ID_BranchFood, Available, ID_Branch, ID_Food) VALUES (524, 1, 12, 4);
INSERT INTO BRANCH_FOOD (ID_BranchFood, Available, ID_Branch, ID_Food) VALUES (525, 0, 14, 33);
INSERT INTO BRANCH_FOOD (ID_BranchFood, Available, ID_Branch, ID_Food) VALUES (526, 0, 8, 23);
INSERT INTO BRANCH_FOOD (ID_BranchFood, Available, ID_Branch, ID_Food) VALUES (527, 1, 3, 14);
INSERT INTO BRANCH_FOOD (ID_BranchFood, Available, ID_Branch, ID_Food) VALUES (528, 1, 12, 9);
INSERT INTO BRANCH_FOOD (ID_BranchFood, Available, ID_Branch, ID_Food) VALUES (529, 1, 12, 1);
INSERT INTO BRANCH_FOOD (ID_BranchFood, Available, ID_Branch, ID_Food) VALUES (530, 0, 3, 46);
INSERT INTO BRANCH_FOOD (ID_BranchFood, Available, ID_Branch, ID_Food) VALUES (531, 1, 15, 12);
INSERT INTO BRANCH_FOOD (ID_BranchFood, Available, ID_Branch, ID_Food) VALUES (532, 1, 6, 44);
INSERT INTO BRANCH_FOOD (ID_BranchFood, Available, ID_Branch, ID_Food) VALUES (533, 0, 5, 28);
INSERT INTO BRANCH_FOOD (ID_BranchFood, Available, ID_Branch, ID_Food) VALUES (534, 1, 10, 41);
INSERT INTO BRANCH_FOOD (ID_BranchFood, Available, ID_Branch, ID_Food) VALUES (535, 0, 7, 16);
INSERT INTO BRANCH_FOOD (ID_BranchFood, Available, ID_Branch, ID_Food) VALUES (536, 1, 10, 48);
INSERT INTO BRANCH_FOOD (ID_BranchFood, Available, ID_Branch, ID_Food) VALUES (537, 1, 6, 20);
INSERT INTO BRANCH_FOOD (ID_BranchFood, Available, ID_Branch, ID_Food) VALUES (538, 1, 3, 51);
INSERT INTO BRANCH_FOOD (ID_BranchFood, Available, ID_Branch, ID_Food) VALUES (539, 1, 14, 9);
INSERT INTO BRANCH_FOOD (ID_BranchFood, Available, ID_Branch, ID_Food) VALUES (540, 1, 6, 27);
INSERT INTO BRANCH_FOOD (ID_BranchFood, Available, ID_Branch, ID_Food) VALUES (541, 1, 3, 8);
INSERT INTO BRANCH_FOOD (ID_BranchFood, Available, ID_Branch, ID_Food) VALUES (542, 1, 3, 13);
INSERT INTO BRANCH_FOOD (ID_BranchFood, Available, ID_Branch, ID_Food) VALUES (543, 1, 9, 54);
INSERT INTO BRANCH_FOOD (ID_BranchFood, Available, ID_Branch, ID_Food) VALUES (544, 1, 13, 12);
INSERT INTO BRANCH_FOOD (ID_BranchFood, Available, ID_Branch, ID_Food) VALUES (545, 0, 4, 4);
INSERT INTO BRANCH_FOOD (ID_BranchFood, Available, ID_Branch, ID_Food) VALUES (546, 1, 7, 51);
INSERT INTO BRANCH_FOOD (ID_BranchFood, Available, ID_Branch, ID_Food) VALUES (547, 1, 6, 31);
INSERT INTO BRANCH_FOOD (ID_BranchFood, Available, ID_Branch, ID_Food) VALUES (548, 0, 11, 10);
INSERT INTO BRANCH_FOOD (ID_BranchFood, Available, ID_Branch, ID_Food) VALUES (549, 1, 1, 32);
INSERT INTO BRANCH_FOOD (ID_BranchFood, Available, ID_Branch, ID_Food) VALUES (550, 1, 13, 6);
INSERT INTO BRANCH_FOOD (ID_BranchFood, Available, ID_Branch, ID_Food) VALUES (551, 1, 7, 31);
INSERT INTO BRANCH_FOOD (ID_BranchFood, Available, ID_Branch, ID_Food) VALUES (552, 1, 4, 53);
INSERT INTO BRANCH_FOOD (ID_BranchFood, Available, ID_Branch, ID_Food) VALUES (553, 1, 7, 45);
INSERT INTO BRANCH_FOOD (ID_BranchFood, Available, ID_Branch, ID_Food) VALUES (554, 1, 4, 6);
INSERT INTO BRANCH_FOOD (ID_BranchFood, Available, ID_Branch, ID_Food) VALUES (555, 1, 5, 22);
INSERT INTO BRANCH_FOOD (ID_BranchFood, Available, ID_Branch, ID_Food) VALUES (556, 1, 15, 9);
INSERT INTO BRANCH_FOOD (ID_BranchFood, Available, ID_Branch, ID_Food) VALUES (557, 0, 10, 29);
INSERT INTO BRANCH_FOOD (ID_BranchFood, Available, ID_Branch, ID_Food) VALUES (558, 0, 2, 33);
INSERT INTO BRANCH_FOOD (ID_BranchFood, Available, ID_Branch, ID_Food) VALUES (559, 1, 12, 3);
INSERT INTO BRANCH_FOOD (ID_BranchFood, Available, ID_Branch, ID_Food) VALUES (560, 1, 4, 49);
INSERT INTO BRANCH_FOOD (ID_BranchFood, Available, ID_Branch, ID_Food) VALUES (561, 1, 3, 22);
INSERT INTO BRANCH_FOOD (ID_BranchFood, Available, ID_Branch, ID_Food) VALUES (562, 1, 13, 43);
INSERT INTO BRANCH_FOOD (ID_BranchFood, Available, ID_Branch, ID_Food) VALUES (563, 1, 10, 8);
INSERT INTO BRANCH_FOOD (ID_BranchFood, Available, ID_Branch, ID_Food) VALUES (564, 1, 2, 48);
INSERT INTO BRANCH_FOOD (ID_BranchFood, Available, ID_Branch, ID_Food) VALUES (565, 1, 10, 47);
INSERT INTO BRANCH_FOOD (ID_BranchFood, Available, ID_Branch, ID_Food) VALUES (566, 1, 2, 46);
INSERT INTO BRANCH_FOOD (ID_BranchFood, Available, ID_Branch, ID_Food) VALUES (567, 1, 14, 41);
INSERT INTO BRANCH_FOOD (ID_BranchFood, Available, ID_Branch, ID_Food) VALUES (568, 1, 4, 54);
INSERT INTO BRANCH_FOOD (ID_BranchFood, Available, ID_Branch, ID_Food) VALUES (569, 1, 3, 50);
INSERT INTO BRANCH_FOOD (ID_BranchFood, Available, ID_Branch, ID_Food) VALUES (570, 0, 8, 43);
INSERT INTO BRANCH_FOOD (ID_BranchFood, Available, ID_Branch, ID_Food) VALUES (571, 1, 14, 52);
INSERT INTO BRANCH_FOOD (ID_BranchFood, Available, ID_Branch, ID_Food) VALUES (572, 1, 13, 51);
INSERT INTO BRANCH_FOOD (ID_BranchFood, Available, ID_Branch, ID_Food) VALUES (573, 1, 12, 50);
INSERT INTO BRANCH_FOOD (ID_BranchFood, Available, ID_Branch, ID_Food) VALUES (574, 1, 11, 43);
INSERT INTO BRANCH_FOOD (ID_BranchFood, Available, ID_Branch, ID_Food) VALUES (575, 1, 7, 4);
INSERT INTO BRANCH_FOOD (ID_BranchFood, Available, ID_Branch, ID_Food) VALUES (576, 1, 9, 5);
INSERT INTO BRANCH_FOOD (ID_BranchFood, Available, ID_Branch, ID_Food) VALUES (577, 1, 3, 9);
INSERT INTO BRANCH_FOOD (ID_BranchFood, Available, ID_Branch, ID_Food) VALUES (578, 1, 14, 32);
INSERT INTO BRANCH_FOOD (ID_BranchFood, Available, ID_Branch, ID_Food) VALUES (579, 1, 10, 3);
INSERT INTO BRANCH_FOOD (ID_BranchFood, Available, ID_Branch, ID_Food) VALUES (580, 1, 6, 22);
INSERT INTO BRANCH_FOOD (ID_BranchFood, Available, ID_Branch, ID_Food) VALUES (581, 0, 15, 31);
INSERT INTO BRANCH_FOOD (ID_BranchFood, Available, ID_Branch, ID_Food) VALUES (582, 1, 11, 57);
INSERT INTO BRANCH_FOOD (ID_BranchFood, Available, ID_Branch, ID_Food) VALUES (583, 1, 7, 36);
INSERT INTO BRANCH_FOOD (ID_BranchFood, Available, ID_Branch, ID_Food) VALUES (584, 1, 14, 29);
INSERT INTO BRANCH_FOOD (ID_BranchFood, Available, ID_Branch, ID_Food) VALUES (585, 0, 1, 6);
INSERT INTO BRANCH_FOOD (ID_BranchFood, Available, ID_Branch, ID_Food) VALUES (586, 1, 11, 5);
INSERT INTO BRANCH_FOOD (ID_BranchFood, Available, ID_Branch, ID_Food) VALUES (587, 1, 2, 57);
INSERT INTO BRANCH_FOOD (ID_BranchFood, Available, ID_Branch, ID_Food) VALUES (588, 1, 9, 23);
INSERT INTO BRANCH_FOOD (ID_BranchFood, Available, ID_Branch, ID_Food) VALUES (589, 1, 2, 30);
INSERT INTO BRANCH_FOOD (ID_BranchFood, Available, ID_Branch, ID_Food) VALUES (590, 1, 6, 58);
INSERT INTO BRANCH_FOOD (ID_BranchFood, Available, ID_Branch, ID_Food) VALUES (591, 1, 2, 6);
INSERT INTO BRANCH_FOOD (ID_BranchFood, Available, ID_Branch, ID_Food) VALUES (592, 1, 15, 7);
INSERT INTO BRANCH_FOOD (ID_BranchFood, Available, ID_Branch, ID_Food) VALUES (593, 1, 5, 16);
INSERT INTO BRANCH_FOOD (ID_BranchFood, Available, ID_Branch, ID_Food) VALUES (594, 0, 12, 24);
INSERT INTO BRANCH_FOOD (ID_BranchFood, Available, ID_Branch, ID_Food) VALUES (595, 1, 4, 52);
INSERT INTO BRANCH_FOOD (ID_BranchFood, Available, ID_Branch, ID_Food) VALUES (596, 1, 14, 12);
INSERT INTO BRANCH_FOOD (ID_BranchFood, Available, ID_Branch, ID_Food) VALUES (597, 1, 7, 35);
INSERT INTO BRANCH_FOOD (ID_BranchFood, Available, ID_Branch, ID_Food) VALUES (598, 1, 14, 1);
INSERT INTO BRANCH_FOOD (ID_BranchFood, Available, ID_Branch, ID_Food) VALUES (599, 0, 4, 45);
INSERT INTO BRANCH_FOOD (ID_BranchFood, Available, ID_Branch, ID_Food) VALUES (600, 1, 11, 23);
INSERT INTO [TABLE] (ID_Table, NumberOfSeats, StatusTable, ID_Branch) VALUES (1, 8, 1, 1);
INSERT INTO [TABLE] (ID_Table, NumberOfSeats, StatusTable, ID_Branch) VALUES (2, 6, 1, 1);
INSERT INTO [TABLE] (ID_Table, NumberOfSeats, StatusTable, ID_Branch) VALUES (3, 8, 0, 1);
INSERT INTO [TABLE] (ID_Table, NumberOfSeats, StatusTable, ID_Branch) VALUES (4, 2, 0, 1);
INSERT INTO [TABLE] (ID_Table, NumberOfSeats, StatusTable, ID_Branch) VALUES (5, 4, 1, 1);
INSERT INTO [TABLE] (ID_Table, NumberOfSeats, StatusTable, ID_Branch) VALUES (6, 8, 0, 1);
INSERT INTO [TABLE] (ID_Table, NumberOfSeats, StatusTable, ID_Branch) VALUES (7, 8, 1, 1);
INSERT INTO [TABLE] (ID_Table, NumberOfSeats, StatusTable, ID_Branch) VALUES (8, 6, 1, 1);
INSERT INTO [TABLE] (ID_Table, NumberOfSeats, StatusTable, ID_Branch) VALUES (9, 6, 1, 1);
INSERT INTO [TABLE] (ID_Table, NumberOfSeats, StatusTable, ID_Branch) VALUES (10, 6, 1, 1);
INSERT INTO [TABLE] (ID_Table, NumberOfSeats, StatusTable, ID_Branch) VALUES (11, 2, 0, 1);
INSERT INTO [TABLE] (ID_Table, NumberOfSeats, StatusTable, ID_Branch) VALUES (12, 4, 1, 1);
INSERT INTO [TABLE] (ID_Table, NumberOfSeats, StatusTable, ID_Branch) VALUES (13, 2, 0, 1);
INSERT INTO [TABLE] (ID_Table, NumberOfSeats, StatusTable, ID_Branch) VALUES (14, 4, 1, 1);
INSERT INTO [TABLE] (ID_Table, NumberOfSeats, StatusTable, ID_Branch) VALUES (15, 8, 0, 1);
INSERT INTO [TABLE] (ID_Table, NumberOfSeats, StatusTable, ID_Branch) VALUES (16, 4, 0, 1);
INSERT INTO [TABLE] (ID_Table, NumberOfSeats, StatusTable, ID_Branch) VALUES (17, 8, 0, 1);
INSERT INTO [TABLE] (ID_Table, NumberOfSeats, StatusTable, ID_Branch) VALUES (18, 8, 1, 1);
INSERT INTO [TABLE] (ID_Table, NumberOfSeats, StatusTable, ID_Branch) VALUES (19, 6, 1, 1);
INSERT INTO [TABLE] (ID_Table, NumberOfSeats, StatusTable, ID_Branch) VALUES (20, 4, 0, 1);
INSERT INTO [TABLE] (ID_Table, NumberOfSeats, StatusTable, ID_Branch) VALUES (21, 2, 1, 1);
INSERT INTO [TABLE] (ID_Table, NumberOfSeats, StatusTable, ID_Branch) VALUES (22, 2, 0, 1);
INSERT INTO [TABLE] (ID_Table, NumberOfSeats, StatusTable, ID_Branch) VALUES (23, 8, 0, 2);
INSERT INTO [TABLE] (ID_Table, NumberOfSeats, StatusTable, ID_Branch) VALUES (24, 6, 1, 2);
INSERT INTO [TABLE] (ID_Table, NumberOfSeats, StatusTable, ID_Branch) VALUES (25, 2, 0, 2);
INSERT INTO [TABLE] (ID_Table, NumberOfSeats, StatusTable, ID_Branch) VALUES (26, 4, 1, 2);
INSERT INTO [TABLE] (ID_Table, NumberOfSeats, StatusTable, ID_Branch) VALUES (27, 6, 1, 2);
INSERT INTO [TABLE] (ID_Table, NumberOfSeats, StatusTable, ID_Branch) VALUES (28, 6, 0, 2);
INSERT INTO [TABLE] (ID_Table, NumberOfSeats, StatusTable, ID_Branch) VALUES (29, 6, 0, 2);
INSERT INTO [TABLE] (ID_Table, NumberOfSeats, StatusTable, ID_Branch) VALUES (30, 4, 1, 2);
INSERT INTO [TABLE] (ID_Table, NumberOfSeats, StatusTable, ID_Branch) VALUES (31, 8, 1, 2);
INSERT INTO [TABLE] (ID_Table, NumberOfSeats, StatusTable, ID_Branch) VALUES (32, 4, 1, 2);
INSERT INTO [TABLE] (ID_Table, NumberOfSeats, StatusTable, ID_Branch) VALUES (33, 6, 1, 2);
INSERT INTO [TABLE] (ID_Table, NumberOfSeats, StatusTable, ID_Branch) VALUES (34, 6, 1, 2);
INSERT INTO [TABLE] (ID_Table, NumberOfSeats, StatusTable, ID_Branch) VALUES (35, 8, 0, 2);
INSERT INTO [TABLE] (ID_Table, NumberOfSeats, StatusTable, ID_Branch) VALUES (36, 2, 0, 2);
INSERT INTO [TABLE] (ID_Table, NumberOfSeats, StatusTable, ID_Branch) VALUES (37, 4, 0, 2);
INSERT INTO [TABLE] (ID_Table, NumberOfSeats, StatusTable, ID_Branch) VALUES (38, 8, 1, 2);
INSERT INTO [TABLE] (ID_Table, NumberOfSeats, StatusTable, ID_Branch) VALUES (39, 8, 0, 2);
INSERT INTO [TABLE] (ID_Table, NumberOfSeats, StatusTable, ID_Branch) VALUES (40, 8, 1, 2);
INSERT INTO [TABLE] (ID_Table, NumberOfSeats, StatusTable, ID_Branch) VALUES (41, 8, 1, 2);
INSERT INTO [TABLE] (ID_Table, NumberOfSeats, StatusTable, ID_Branch) VALUES (42, 4, 0, 2);
INSERT INTO [TABLE] (ID_Table, NumberOfSeats, StatusTable, ID_Branch) VALUES (43, 8, 1, 2);
INSERT INTO [TABLE] (ID_Table, NumberOfSeats, StatusTable, ID_Branch) VALUES (44, 2, 1, 2);
INSERT INTO [TABLE] (ID_Table, NumberOfSeats, StatusTable, ID_Branch) VALUES (45, 4, 1, 2);
INSERT INTO [TABLE] (ID_Table, NumberOfSeats, StatusTable, ID_Branch) VALUES (46, 4, 0, 2);
INSERT INTO [TABLE] (ID_Table, NumberOfSeats, StatusTable, ID_Branch) VALUES (47, 6, 0, 2);
INSERT INTO [TABLE] (ID_Table, NumberOfSeats, StatusTable, ID_Branch) VALUES (48, 4, 1, 2);
INSERT INTO [TABLE] (ID_Table, NumberOfSeats, StatusTable, ID_Branch) VALUES (49, 8, 0, 2);
INSERT INTO [TABLE] (ID_Table, NumberOfSeats, StatusTable, ID_Branch) VALUES (50, 2, 0, 2);
INSERT INTO [TABLE] (ID_Table, NumberOfSeats, StatusTable, ID_Branch) VALUES (51, 6, 1, 2);
INSERT INTO [TABLE] (ID_Table, NumberOfSeats, StatusTable, ID_Branch) VALUES (52, 8, 0, 3);
INSERT INTO [TABLE] (ID_Table, NumberOfSeats, StatusTable, ID_Branch) VALUES (53, 4, 1, 3);
INSERT INTO [TABLE] (ID_Table, NumberOfSeats, StatusTable, ID_Branch) VALUES (54, 8, 1, 3);
INSERT INTO [TABLE] (ID_Table, NumberOfSeats, StatusTable, ID_Branch) VALUES (55, 2, 1, 3);
INSERT INTO [TABLE] (ID_Table, NumberOfSeats, StatusTable, ID_Branch) VALUES (56, 6, 0, 3);
INSERT INTO [TABLE] (ID_Table, NumberOfSeats, StatusTable, ID_Branch) VALUES (57, 4, 0, 3);
INSERT INTO [TABLE] (ID_Table, NumberOfSeats, StatusTable, ID_Branch) VALUES (58, 8, 0, 3);
INSERT INTO [TABLE] (ID_Table, NumberOfSeats, StatusTable, ID_Branch) VALUES (59, 2, 1, 3);
INSERT INTO [TABLE] (ID_Table, NumberOfSeats, StatusTable, ID_Branch) VALUES (60, 4, 1, 3);
INSERT INTO [TABLE] (ID_Table, NumberOfSeats, StatusTable, ID_Branch) VALUES (61, 8, 0, 3);
INSERT INTO [TABLE] (ID_Table, NumberOfSeats, StatusTable, ID_Branch) VALUES (62, 4, 0, 3);
INSERT INTO [TABLE] (ID_Table, NumberOfSeats, StatusTable, ID_Branch) VALUES (63, 8, 1, 3);
INSERT INTO [TABLE] (ID_Table, NumberOfSeats, StatusTable, ID_Branch) VALUES (64, 6, 0, 3);
INSERT INTO [TABLE] (ID_Table, NumberOfSeats, StatusTable, ID_Branch) VALUES (65, 6, 0, 3);
INSERT INTO [TABLE] (ID_Table, NumberOfSeats, StatusTable, ID_Branch) VALUES (66, 8, 1, 3);
INSERT INTO [TABLE] (ID_Table, NumberOfSeats, StatusTable, ID_Branch) VALUES (67, 8, 0, 3);
INSERT INTO [TABLE] (ID_Table, NumberOfSeats, StatusTable, ID_Branch) VALUES (68, 6, 1, 3);
INSERT INTO [TABLE] (ID_Table, NumberOfSeats, StatusTable, ID_Branch) VALUES (69, 4, 0, 3);
INSERT INTO [TABLE] (ID_Table, NumberOfSeats, StatusTable, ID_Branch) VALUES (70, 2, 1, 3);
INSERT INTO [TABLE] (ID_Table, NumberOfSeats, StatusTable, ID_Branch) VALUES (71, 6, 1, 3);
INSERT INTO [TABLE] (ID_Table, NumberOfSeats, StatusTable, ID_Branch) VALUES (72, 6, 0, 3);
INSERT INTO [TABLE] (ID_Table, NumberOfSeats, StatusTable, ID_Branch) VALUES (73, 8, 1, 3);
INSERT INTO [TABLE] (ID_Table, NumberOfSeats, StatusTable, ID_Branch) VALUES (74, 6, 0, 3);
INSERT INTO [TABLE] (ID_Table, NumberOfSeats, StatusTable, ID_Branch) VALUES (75, 2, 1, 3);
INSERT INTO [TABLE] (ID_Table, NumberOfSeats, StatusTable, ID_Branch) VALUES (76, 4, 1, 3);
INSERT INTO [TABLE] (ID_Table, NumberOfSeats, StatusTable, ID_Branch) VALUES (77, 8, 1, 3);
INSERT INTO [TABLE] (ID_Table, NumberOfSeats, StatusTable, ID_Branch) VALUES (78, 6, 0, 3);
INSERT INTO [TABLE] (ID_Table, NumberOfSeats, StatusTable, ID_Branch) VALUES (79, 4, 1, 3);
INSERT INTO [TABLE] (ID_Table, NumberOfSeats, StatusTable, ID_Branch) VALUES (80, 8, 0, 4);
INSERT INTO [TABLE] (ID_Table, NumberOfSeats, StatusTable, ID_Branch) VALUES (81, 8, 0, 4);
INSERT INTO [TABLE] (ID_Table, NumberOfSeats, StatusTable, ID_Branch) VALUES (82, 4, 0, 4);
INSERT INTO [TABLE] (ID_Table, NumberOfSeats, StatusTable, ID_Branch) VALUES (83, 6, 1, 4);
INSERT INTO [TABLE] (ID_Table, NumberOfSeats, StatusTable, ID_Branch) VALUES (84, 6, 0, 4);
INSERT INTO [TABLE] (ID_Table, NumberOfSeats, StatusTable, ID_Branch) VALUES (85, 2, 0, 4);
INSERT INTO [TABLE] (ID_Table, NumberOfSeats, StatusTable, ID_Branch) VALUES (86, 8, 0, 4);
INSERT INTO [TABLE] (ID_Table, NumberOfSeats, StatusTable, ID_Branch) VALUES (87, 6, 1, 4);
INSERT INTO [TABLE] (ID_Table, NumberOfSeats, StatusTable, ID_Branch) VALUES (88, 8, 1, 4);
INSERT INTO [TABLE] (ID_Table, NumberOfSeats, StatusTable, ID_Branch) VALUES (89, 8, 1, 4);
INSERT INTO [TABLE] (ID_Table, NumberOfSeats, StatusTable, ID_Branch) VALUES (90, 6, 0, 4);
INSERT INTO [TABLE] (ID_Table, NumberOfSeats, StatusTable, ID_Branch) VALUES (91, 2, 0, 4);
INSERT INTO [TABLE] (ID_Table, NumberOfSeats, StatusTable, ID_Branch) VALUES (92, 4, 1, 4);
INSERT INTO [TABLE] (ID_Table, NumberOfSeats, StatusTable, ID_Branch) VALUES (93, 6, 0, 4);
INSERT INTO [TABLE] (ID_Table, NumberOfSeats, StatusTable, ID_Branch) VALUES (94, 6, 0, 4);
INSERT INTO [TABLE] (ID_Table, NumberOfSeats, StatusTable, ID_Branch) VALUES (95, 8, 0, 4);
INSERT INTO [TABLE] (ID_Table, NumberOfSeats, StatusTable, ID_Branch) VALUES (96, 2, 1, 4);
INSERT INTO [TABLE] (ID_Table, NumberOfSeats, StatusTable, ID_Branch) VALUES (97, 6, 0, 4);
INSERT INTO [TABLE] (ID_Table, NumberOfSeats, StatusTable, ID_Branch) VALUES (98, 4, 0, 4);
INSERT INTO [TABLE] (ID_Table, NumberOfSeats, StatusTable, ID_Branch) VALUES (99, 6, 1, 4);
INSERT INTO [TABLE] (ID_Table, NumberOfSeats, StatusTable, ID_Branch) VALUES (100, 4, 1, 4);
INSERT INTO [TABLE] (ID_Table, NumberOfSeats, StatusTable, ID_Branch) VALUES (101, 8, 0, 4);
INSERT INTO [TABLE] (ID_Table, NumberOfSeats, StatusTable, ID_Branch) VALUES (102, 8, 1, 4);
INSERT INTO [TABLE] (ID_Table, NumberOfSeats, StatusTable, ID_Branch) VALUES (103, 6, 0, 4);
INSERT INTO [TABLE] (ID_Table, NumberOfSeats, StatusTable, ID_Branch) VALUES (104, 2, 0, 4);
INSERT INTO [TABLE] (ID_Table, NumberOfSeats, StatusTable, ID_Branch) VALUES (105, 8, 0, 4);
INSERT INTO [TABLE] (ID_Table, NumberOfSeats, StatusTable, ID_Branch) VALUES (106, 4, 1, 4);
INSERT INTO [TABLE] (ID_Table, NumberOfSeats, StatusTable, ID_Branch) VALUES (107, 6, 1, 4);
INSERT INTO [TABLE] (ID_Table, NumberOfSeats, StatusTable, ID_Branch) VALUES (108, 6, 0, 5);
INSERT INTO [TABLE] (ID_Table, NumberOfSeats, StatusTable, ID_Branch) VALUES (109, 2, 0, 5);
INSERT INTO [TABLE] (ID_Table, NumberOfSeats, StatusTable, ID_Branch) VALUES (110, 2, 0, 5);
INSERT INTO [TABLE] (ID_Table, NumberOfSeats, StatusTable, ID_Branch) VALUES (111, 2, 0, 5);
INSERT INTO [TABLE] (ID_Table, NumberOfSeats, StatusTable, ID_Branch) VALUES (112, 8, 0, 5);
INSERT INTO [TABLE] (ID_Table, NumberOfSeats, StatusTable, ID_Branch) VALUES (113, 8, 1, 5);
INSERT INTO [TABLE] (ID_Table, NumberOfSeats, StatusTable, ID_Branch) VALUES (114, 4, 1, 5);
INSERT INTO [TABLE] (ID_Table, NumberOfSeats, StatusTable, ID_Branch) VALUES (115, 2, 1, 5);
INSERT INTO [TABLE] (ID_Table, NumberOfSeats, StatusTable, ID_Branch) VALUES (116, 4, 0, 5);
INSERT INTO [TABLE] (ID_Table, NumberOfSeats, StatusTable, ID_Branch) VALUES (117, 6, 1, 5);
INSERT INTO [TABLE] (ID_Table, NumberOfSeats, StatusTable, ID_Branch) VALUES (118, 4, 1, 5);
INSERT INTO [TABLE] (ID_Table, NumberOfSeats, StatusTable, ID_Branch) VALUES (119, 4, 0, 5);
INSERT INTO [TABLE] (ID_Table, NumberOfSeats, StatusTable, ID_Branch) VALUES (120, 4, 0, 5);
INSERT INTO [TABLE] (ID_Table, NumberOfSeats, StatusTable, ID_Branch) VALUES (121, 6, 1, 5);
INSERT INTO [TABLE] (ID_Table, NumberOfSeats, StatusTable, ID_Branch) VALUES (122, 6, 0, 5);
INSERT INTO [TABLE] (ID_Table, NumberOfSeats, StatusTable, ID_Branch) VALUES (123, 6, 1, 5);
INSERT INTO [TABLE] (ID_Table, NumberOfSeats, StatusTable, ID_Branch) VALUES (124, 4, 1, 5);
INSERT INTO [TABLE] (ID_Table, NumberOfSeats, StatusTable, ID_Branch) VALUES (125, 8, 1, 5);
INSERT INTO [TABLE] (ID_Table, NumberOfSeats, StatusTable, ID_Branch) VALUES (126, 2, 1, 5);
INSERT INTO [TABLE] (ID_Table, NumberOfSeats, StatusTable, ID_Branch) VALUES (127, 2, 1, 5);
INSERT INTO [TABLE] (ID_Table, NumberOfSeats, StatusTable, ID_Branch) VALUES (128, 6, 1, 5);
INSERT INTO [TABLE] (ID_Table, NumberOfSeats, StatusTable, ID_Branch) VALUES (129, 2, 1, 5);
INSERT INTO [TABLE] (ID_Table, NumberOfSeats, StatusTable, ID_Branch) VALUES (130, 8, 1, 5);
INSERT INTO [TABLE] (ID_Table, NumberOfSeats, StatusTable, ID_Branch) VALUES (131, 4, 1, 5);
INSERT INTO [TABLE] (ID_Table, NumberOfSeats, StatusTable, ID_Branch) VALUES (132, 6, 1, 5);
INSERT INTO [TABLE] (ID_Table, NumberOfSeats, StatusTable, ID_Branch) VALUES (133, 4, 1, 5);
INSERT INTO [TABLE] (ID_Table, NumberOfSeats, StatusTable, ID_Branch) VALUES (134, 4, 1, 6);
INSERT INTO [TABLE] (ID_Table, NumberOfSeats, StatusTable, ID_Branch) VALUES (135, 4, 0, 6);
INSERT INTO [TABLE] (ID_Table, NumberOfSeats, StatusTable, ID_Branch) VALUES (136, 4, 0, 6);
INSERT INTO [TABLE] (ID_Table, NumberOfSeats, StatusTable, ID_Branch) VALUES (137, 8, 1, 6);
INSERT INTO [TABLE] (ID_Table, NumberOfSeats, StatusTable, ID_Branch) VALUES (138, 2, 0, 6);
INSERT INTO [TABLE] (ID_Table, NumberOfSeats, StatusTable, ID_Branch) VALUES (139, 2, 1, 6);
INSERT INTO [TABLE] (ID_Table, NumberOfSeats, StatusTable, ID_Branch) VALUES (140, 4, 1, 6);
INSERT INTO [TABLE] (ID_Table, NumberOfSeats, StatusTable, ID_Branch) VALUES (141, 2, 1, 6);
INSERT INTO [TABLE] (ID_Table, NumberOfSeats, StatusTable, ID_Branch) VALUES (142, 4, 1, 6);
INSERT INTO [TABLE] (ID_Table, NumberOfSeats, StatusTable, ID_Branch) VALUES (143, 8, 0, 6);
INSERT INTO [TABLE] (ID_Table, NumberOfSeats, StatusTable, ID_Branch) VALUES (144, 8, 1, 6);
INSERT INTO [TABLE] (ID_Table, NumberOfSeats, StatusTable, ID_Branch) VALUES (145, 4, 1, 6);
INSERT INTO [TABLE] (ID_Table, NumberOfSeats, StatusTable, ID_Branch) VALUES (146, 4, 0, 6);
INSERT INTO [TABLE] (ID_Table, NumberOfSeats, StatusTable, ID_Branch) VALUES (147, 6, 1, 6);
INSERT INTO [TABLE] (ID_Table, NumberOfSeats, StatusTable, ID_Branch) VALUES (148, 8, 0, 6);
INSERT INTO [TABLE] (ID_Table, NumberOfSeats, StatusTable, ID_Branch) VALUES (149, 4, 1, 6);
INSERT INTO [TABLE] (ID_Table, NumberOfSeats, StatusTable, ID_Branch) VALUES (150, 6, 1, 6);
INSERT INTO [TABLE] (ID_Table, NumberOfSeats, StatusTable, ID_Branch) VALUES (151, 8, 0, 6);
INSERT INTO [TABLE] (ID_Table, NumberOfSeats, StatusTable, ID_Branch) VALUES (152, 4, 0, 6);
INSERT INTO [TABLE] (ID_Table, NumberOfSeats, StatusTable, ID_Branch) VALUES (153, 8, 0, 6);
INSERT INTO [TABLE] (ID_Table, NumberOfSeats, StatusTable, ID_Branch) VALUES (154, 8, 0, 6);
INSERT INTO [TABLE] (ID_Table, NumberOfSeats, StatusTable, ID_Branch) VALUES (155, 6, 1, 6);
INSERT INTO [TABLE] (ID_Table, NumberOfSeats, StatusTable, ID_Branch) VALUES (156, 8, 1, 6);
INSERT INTO [TABLE] (ID_Table, NumberOfSeats, StatusTable, ID_Branch) VALUES (157, 8, 1, 6);
INSERT INTO [TABLE] (ID_Table, NumberOfSeats, StatusTable, ID_Branch) VALUES (158, 8, 1, 6);
INSERT INTO [TABLE] (ID_Table, NumberOfSeats, StatusTable, ID_Branch) VALUES (159, 8, 1, 6);
INSERT INTO [TABLE] (ID_Table, NumberOfSeats, StatusTable, ID_Branch) VALUES (160, 6, 1, 7);
INSERT INTO [TABLE] (ID_Table, NumberOfSeats, StatusTable, ID_Branch) VALUES (161, 4, 0, 7);
INSERT INTO [TABLE] (ID_Table, NumberOfSeats, StatusTable, ID_Branch) VALUES (162, 4, 0, 7);
INSERT INTO [TABLE] (ID_Table, NumberOfSeats, StatusTable, ID_Branch) VALUES (163, 6, 0, 7);
INSERT INTO [TABLE] (ID_Table, NumberOfSeats, StatusTable, ID_Branch) VALUES (164, 4, 0, 7);
INSERT INTO [TABLE] (ID_Table, NumberOfSeats, StatusTable, ID_Branch) VALUES (165, 4, 0, 7);
INSERT INTO [TABLE] (ID_Table, NumberOfSeats, StatusTable, ID_Branch) VALUES (166, 4, 0, 7);
INSERT INTO [TABLE] (ID_Table, NumberOfSeats, StatusTable, ID_Branch) VALUES (167, 6, 1, 7);
INSERT INTO [TABLE] (ID_Table, NumberOfSeats, StatusTable, ID_Branch) VALUES (168, 6, 1, 7);
INSERT INTO [TABLE] (ID_Table, NumberOfSeats, StatusTable, ID_Branch) VALUES (169, 8, 0, 7);
INSERT INTO [TABLE] (ID_Table, NumberOfSeats, StatusTable, ID_Branch) VALUES (170, 2, 1, 7);
INSERT INTO [TABLE] (ID_Table, NumberOfSeats, StatusTable, ID_Branch) VALUES (171, 2, 1, 7);
INSERT INTO [TABLE] (ID_Table, NumberOfSeats, StatusTable, ID_Branch) VALUES (172, 2, 0, 7);
INSERT INTO [TABLE] (ID_Table, NumberOfSeats, StatusTable, ID_Branch) VALUES (173, 2, 1, 7);
INSERT INTO [TABLE] (ID_Table, NumberOfSeats, StatusTable, ID_Branch) VALUES (174, 2, 1, 7);
INSERT INTO [TABLE] (ID_Table, NumberOfSeats, StatusTable, ID_Branch) VALUES (175, 8, 1, 7);
INSERT INTO [TABLE] (ID_Table, NumberOfSeats, StatusTable, ID_Branch) VALUES (176, 8, 0, 7);
INSERT INTO [TABLE] (ID_Table, NumberOfSeats, StatusTable, ID_Branch) VALUES (177, 2, 1, 7);
INSERT INTO [TABLE] (ID_Table, NumberOfSeats, StatusTable, ID_Branch) VALUES (178, 6, 1, 7);
INSERT INTO [TABLE] (ID_Table, NumberOfSeats, StatusTable, ID_Branch) VALUES (179, 6, 1, 7);
INSERT INTO [TABLE] (ID_Table, NumberOfSeats, StatusTable, ID_Branch) VALUES (180, 8, 1, 8);
INSERT INTO [TABLE] (ID_Table, NumberOfSeats, StatusTable, ID_Branch) VALUES (181, 6, 1, 8);
INSERT INTO [TABLE] (ID_Table, NumberOfSeats, StatusTable, ID_Branch) VALUES (182, 6, 1, 8);
INSERT INTO [TABLE] (ID_Table, NumberOfSeats, StatusTable, ID_Branch) VALUES (183, 8, 0, 8);
INSERT INTO [TABLE] (ID_Table, NumberOfSeats, StatusTable, ID_Branch) VALUES (184, 6, 0, 8);
INSERT INTO [TABLE] (ID_Table, NumberOfSeats, StatusTable, ID_Branch) VALUES (185, 8, 1, 8);
INSERT INTO [TABLE] (ID_Table, NumberOfSeats, StatusTable, ID_Branch) VALUES (186, 4, 0, 8);
INSERT INTO [TABLE] (ID_Table, NumberOfSeats, StatusTable, ID_Branch) VALUES (187, 6, 0, 8);
INSERT INTO [TABLE] (ID_Table, NumberOfSeats, StatusTable, ID_Branch) VALUES (188, 8, 0, 8);
INSERT INTO [TABLE] (ID_Table, NumberOfSeats, StatusTable, ID_Branch) VALUES (189, 4, 1, 8);
INSERT INTO [TABLE] (ID_Table, NumberOfSeats, StatusTable, ID_Branch) VALUES (190, 8, 0, 8);
INSERT INTO [TABLE] (ID_Table, NumberOfSeats, StatusTable, ID_Branch) VALUES (191, 2, 0, 8);
INSERT INTO [TABLE] (ID_Table, NumberOfSeats, StatusTable, ID_Branch) VALUES (192, 8, 0, 8);
INSERT INTO [TABLE] (ID_Table, NumberOfSeats, StatusTable, ID_Branch) VALUES (193, 6, 0, 8);
INSERT INTO [TABLE] (ID_Table, NumberOfSeats, StatusTable, ID_Branch) VALUES (194, 4, 1, 8);
INSERT INTO [TABLE] (ID_Table, NumberOfSeats, StatusTable, ID_Branch) VALUES (195, 4, 1, 8);
INSERT INTO [TABLE] (ID_Table, NumberOfSeats, StatusTable, ID_Branch) VALUES (196, 8, 0, 8);
INSERT INTO [TABLE] (ID_Table, NumberOfSeats, StatusTable, ID_Branch) VALUES (197, 6, 0, 8);
INSERT INTO [TABLE] (ID_Table, NumberOfSeats, StatusTable, ID_Branch) VALUES (198, 8, 0, 8);
INSERT INTO [TABLE] (ID_Table, NumberOfSeats, StatusTable, ID_Branch) VALUES (199, 8, 0, 8);
INSERT INTO [TABLE] (ID_Table, NumberOfSeats, StatusTable, ID_Branch) VALUES (200, 8, 1, 8);
INSERT INTO [TABLE] (ID_Table, NumberOfSeats, StatusTable, ID_Branch) VALUES (201, 6, 0, 8);
INSERT INTO [TABLE] (ID_Table, NumberOfSeats, StatusTable, ID_Branch) VALUES (202, 4, 0, 8);
INSERT INTO [TABLE] (ID_Table, NumberOfSeats, StatusTable, ID_Branch) VALUES (203, 6, 0, 8);
INSERT INTO [TABLE] (ID_Table, NumberOfSeats, StatusTable, ID_Branch) VALUES (204, 4, 1, 8);
INSERT INTO [TABLE] (ID_Table, NumberOfSeats, StatusTable, ID_Branch) VALUES (205, 2, 1, 8);
INSERT INTO [TABLE] (ID_Table, NumberOfSeats, StatusTable, ID_Branch) VALUES (206, 2, 0, 8);
INSERT INTO [TABLE] (ID_Table, NumberOfSeats, StatusTable, ID_Branch) VALUES (207, 4, 1, 9);
INSERT INTO [TABLE] (ID_Table, NumberOfSeats, StatusTable, ID_Branch) VALUES (208, 4, 1, 9);
INSERT INTO [TABLE] (ID_Table, NumberOfSeats, StatusTable, ID_Branch) VALUES (209, 6, 1, 9);
INSERT INTO [TABLE] (ID_Table, NumberOfSeats, StatusTable, ID_Branch) VALUES (210, 2, 0, 9);
INSERT INTO [TABLE] (ID_Table, NumberOfSeats, StatusTable, ID_Branch) VALUES (211, 8, 0, 9);
INSERT INTO [TABLE] (ID_Table, NumberOfSeats, StatusTable, ID_Branch) VALUES (212, 4, 1, 9);
INSERT INTO [TABLE] (ID_Table, NumberOfSeats, StatusTable, ID_Branch) VALUES (213, 6, 1, 9);
INSERT INTO [TABLE] (ID_Table, NumberOfSeats, StatusTable, ID_Branch) VALUES (214, 4, 1, 9);
INSERT INTO [TABLE] (ID_Table, NumberOfSeats, StatusTable, ID_Branch) VALUES (215, 6, 0, 9);
INSERT INTO [TABLE] (ID_Table, NumberOfSeats, StatusTable, ID_Branch) VALUES (216, 8, 1, 9);
INSERT INTO [TABLE] (ID_Table, NumberOfSeats, StatusTable, ID_Branch) VALUES (217, 8, 0, 9);
INSERT INTO [TABLE] (ID_Table, NumberOfSeats, StatusTable, ID_Branch) VALUES (218, 4, 0, 9);
INSERT INTO [TABLE] (ID_Table, NumberOfSeats, StatusTable, ID_Branch) VALUES (219, 4, 1, 9);
INSERT INTO [TABLE] (ID_Table, NumberOfSeats, StatusTable, ID_Branch) VALUES (220, 8, 1, 9);
INSERT INTO [TABLE] (ID_Table, NumberOfSeats, StatusTable, ID_Branch) VALUES (221, 4, 0, 9);
INSERT INTO [TABLE] (ID_Table, NumberOfSeats, StatusTable, ID_Branch) VALUES (222, 2, 0, 9);
INSERT INTO [TABLE] (ID_Table, NumberOfSeats, StatusTable, ID_Branch) VALUES (223, 4, 0, 9);
INSERT INTO [TABLE] (ID_Table, NumberOfSeats, StatusTable, ID_Branch) VALUES (224, 4, 0, 9);
INSERT INTO [TABLE] (ID_Table, NumberOfSeats, StatusTable, ID_Branch) VALUES (225, 8, 1, 9);
INSERT INTO [TABLE] (ID_Table, NumberOfSeats, StatusTable, ID_Branch) VALUES (226, 8, 0, 9);
INSERT INTO [TABLE] (ID_Table, NumberOfSeats, StatusTable, ID_Branch) VALUES (227, 4, 1, 9);
INSERT INTO [TABLE] (ID_Table, NumberOfSeats, StatusTable, ID_Branch) VALUES (228, 6, 1, 9);
INSERT INTO [TABLE] (ID_Table, NumberOfSeats, StatusTable, ID_Branch) VALUES (229, 4, 1, 9);
INSERT INTO [TABLE] (ID_Table, NumberOfSeats, StatusTable, ID_Branch) VALUES (230, 4, 0, 10);
INSERT INTO [TABLE] (ID_Table, NumberOfSeats, StatusTable, ID_Branch) VALUES (231, 4, 0, 10);
INSERT INTO [TABLE] (ID_Table, NumberOfSeats, StatusTable, ID_Branch) VALUES (232, 2, 1, 10);
INSERT INTO [TABLE] (ID_Table, NumberOfSeats, StatusTable, ID_Branch) VALUES (233, 2, 0, 10);
INSERT INTO [TABLE] (ID_Table, NumberOfSeats, StatusTable, ID_Branch) VALUES (234, 8, 1, 10);
INSERT INTO [TABLE] (ID_Table, NumberOfSeats, StatusTable, ID_Branch) VALUES (235, 2, 1, 10);
INSERT INTO [TABLE] (ID_Table, NumberOfSeats, StatusTable, ID_Branch) VALUES (236, 4, 0, 10);
INSERT INTO [TABLE] (ID_Table, NumberOfSeats, StatusTable, ID_Branch) VALUES (237, 8, 0, 10);
INSERT INTO [TABLE] (ID_Table, NumberOfSeats, StatusTable, ID_Branch) VALUES (238, 2, 0, 10);
INSERT INTO [TABLE] (ID_Table, NumberOfSeats, StatusTable, ID_Branch) VALUES (239, 4, 0, 10);
INSERT INTO [TABLE] (ID_Table, NumberOfSeats, StatusTable, ID_Branch) VALUES (240, 8, 0, 10);
INSERT INTO [TABLE] (ID_Table, NumberOfSeats, StatusTable, ID_Branch) VALUES (241, 2, 0, 10);
INSERT INTO [TABLE] (ID_Table, NumberOfSeats, StatusTable, ID_Branch) VALUES (242, 4, 0, 10);
INSERT INTO [TABLE] (ID_Table, NumberOfSeats, StatusTable, ID_Branch) VALUES (243, 6, 0, 10);
INSERT INTO [TABLE] (ID_Table, NumberOfSeats, StatusTable, ID_Branch) VALUES (244, 6, 0, 10);
INSERT INTO [TABLE] (ID_Table, NumberOfSeats, StatusTable, ID_Branch) VALUES (245, 4, 1, 10);
INSERT INTO [TABLE] (ID_Table, NumberOfSeats, StatusTable, ID_Branch) VALUES (246, 6, 0, 10);
INSERT INTO [TABLE] (ID_Table, NumberOfSeats, StatusTable, ID_Branch) VALUES (247, 8, 0, 10);
INSERT INTO [TABLE] (ID_Table, NumberOfSeats, StatusTable, ID_Branch) VALUES (248, 2, 1, 10);
INSERT INTO [TABLE] (ID_Table, NumberOfSeats, StatusTable, ID_Branch) VALUES (249, 6, 1, 10);
INSERT INTO [TABLE] (ID_Table, NumberOfSeats, StatusTable, ID_Branch) VALUES (250, 2, 0, 10);
INSERT INTO [TABLE] (ID_Table, NumberOfSeats, StatusTable, ID_Branch) VALUES (251, 2, 0, 10);
INSERT INTO [TABLE] (ID_Table, NumberOfSeats, StatusTable, ID_Branch) VALUES (252, 8, 0, 10);
INSERT INTO [TABLE] (ID_Table, NumberOfSeats, StatusTable, ID_Branch) VALUES (253, 6, 1, 10);
INSERT INTO [TABLE] (ID_Table, NumberOfSeats, StatusTable, ID_Branch) VALUES (254, 2, 1, 10);
INSERT INTO [TABLE] (ID_Table, NumberOfSeats, StatusTable, ID_Branch) VALUES (255, 6, 0, 10);
INSERT INTO [TABLE] (ID_Table, NumberOfSeats, StatusTable, ID_Branch) VALUES (256, 6, 0, 10);
INSERT INTO [TABLE] (ID_Table, NumberOfSeats, StatusTable, ID_Branch) VALUES (257, 4, 0, 11);
INSERT INTO [TABLE] (ID_Table, NumberOfSeats, StatusTable, ID_Branch) VALUES (258, 2, 1, 11);
INSERT INTO [TABLE] (ID_Table, NumberOfSeats, StatusTable, ID_Branch) VALUES (259, 4, 0, 11);
INSERT INTO [TABLE] (ID_Table, NumberOfSeats, StatusTable, ID_Branch) VALUES (260, 2, 1, 11);
INSERT INTO [TABLE] (ID_Table, NumberOfSeats, StatusTable, ID_Branch) VALUES (261, 4, 1, 11);
INSERT INTO [TABLE] (ID_Table, NumberOfSeats, StatusTable, ID_Branch) VALUES (262, 8, 0, 11);
INSERT INTO [TABLE] (ID_Table, NumberOfSeats, StatusTable, ID_Branch) VALUES (263, 4, 1, 11);
INSERT INTO [TABLE] (ID_Table, NumberOfSeats, StatusTable, ID_Branch) VALUES (264, 2, 1, 11);
INSERT INTO [TABLE] (ID_Table, NumberOfSeats, StatusTable, ID_Branch) VALUES (265, 4, 1, 11);
INSERT INTO [TABLE] (ID_Table, NumberOfSeats, StatusTable, ID_Branch) VALUES (266, 4, 0, 11);
INSERT INTO [TABLE] (ID_Table, NumberOfSeats, StatusTable, ID_Branch) VALUES (267, 8, 1, 11);
INSERT INTO [TABLE] (ID_Table, NumberOfSeats, StatusTable, ID_Branch) VALUES (268, 4, 1, 11);
INSERT INTO [TABLE] (ID_Table, NumberOfSeats, StatusTable, ID_Branch) VALUES (269, 4, 0, 11);
INSERT INTO [TABLE] (ID_Table, NumberOfSeats, StatusTable, ID_Branch) VALUES (270, 6, 1, 11);
INSERT INTO [TABLE] (ID_Table, NumberOfSeats, StatusTable, ID_Branch) VALUES (271, 8, 1, 11);
INSERT INTO [TABLE] (ID_Table, NumberOfSeats, StatusTable, ID_Branch) VALUES (272, 4, 0, 11);
INSERT INTO [TABLE] (ID_Table, NumberOfSeats, StatusTable, ID_Branch) VALUES (273, 6, 0, 11);
INSERT INTO [TABLE] (ID_Table, NumberOfSeats, StatusTable, ID_Branch) VALUES (274, 4, 0, 11);
INSERT INTO [TABLE] (ID_Table, NumberOfSeats, StatusTable, ID_Branch) VALUES (275, 2, 0, 11);
INSERT INTO [TABLE] (ID_Table, NumberOfSeats, StatusTable, ID_Branch) VALUES (276, 4, 1, 11);
INSERT INTO [TABLE] (ID_Table, NumberOfSeats, StatusTable, ID_Branch) VALUES (277, 4, 1, 11);
INSERT INTO [TABLE] (ID_Table, NumberOfSeats, StatusTable, ID_Branch) VALUES (278, 2, 1, 11);
INSERT INTO [TABLE] (ID_Table, NumberOfSeats, StatusTable, ID_Branch) VALUES (279, 4, 0, 11);
INSERT INTO [TABLE] (ID_Table, NumberOfSeats, StatusTable, ID_Branch) VALUES (280, 6, 1, 11);
INSERT INTO [TABLE] (ID_Table, NumberOfSeats, StatusTable, ID_Branch) VALUES (281, 6, 0, 11);
INSERT INTO [TABLE] (ID_Table, NumberOfSeats, StatusTable, ID_Branch) VALUES (282, 6, 0, 11);
INSERT INTO [TABLE] (ID_Table, NumberOfSeats, StatusTable, ID_Branch) VALUES (283, 8, 0, 12);
INSERT INTO [TABLE] (ID_Table, NumberOfSeats, StatusTable, ID_Branch) VALUES (284, 8, 1, 12);
INSERT INTO [TABLE] (ID_Table, NumberOfSeats, StatusTable, ID_Branch) VALUES (285, 2, 0, 12);
INSERT INTO [TABLE] (ID_Table, NumberOfSeats, StatusTable, ID_Branch) VALUES (286, 2, 1, 12);
INSERT INTO [TABLE] (ID_Table, NumberOfSeats, StatusTable, ID_Branch) VALUES (287, 2, 1, 12);
INSERT INTO [TABLE] (ID_Table, NumberOfSeats, StatusTable, ID_Branch) VALUES (288, 4, 1, 12);
INSERT INTO [TABLE] (ID_Table, NumberOfSeats, StatusTable, ID_Branch) VALUES (289, 2, 0, 12);
INSERT INTO [TABLE] (ID_Table, NumberOfSeats, StatusTable, ID_Branch) VALUES (290, 6, 1, 12);
INSERT INTO [TABLE] (ID_Table, NumberOfSeats, StatusTable, ID_Branch) VALUES (291, 8, 0, 12);
INSERT INTO [TABLE] (ID_Table, NumberOfSeats, StatusTable, ID_Branch) VALUES (292, 8, 0, 12);
INSERT INTO [TABLE] (ID_Table, NumberOfSeats, StatusTable, ID_Branch) VALUES (293, 8, 1, 12);
INSERT INTO [TABLE] (ID_Table, NumberOfSeats, StatusTable, ID_Branch) VALUES (294, 6, 1, 12);
INSERT INTO [TABLE] (ID_Table, NumberOfSeats, StatusTable, ID_Branch) VALUES (295, 2, 0, 12);
INSERT INTO [TABLE] (ID_Table, NumberOfSeats, StatusTable, ID_Branch) VALUES (296, 8, 1, 12);
INSERT INTO [TABLE] (ID_Table, NumberOfSeats, StatusTable, ID_Branch) VALUES (297, 8, 0, 12);
INSERT INTO [TABLE] (ID_Table, NumberOfSeats, StatusTable, ID_Branch) VALUES (298, 6, 1, 12);
INSERT INTO [TABLE] (ID_Table, NumberOfSeats, StatusTable, ID_Branch) VALUES (299, 8, 1, 12);
INSERT INTO [TABLE] (ID_Table, NumberOfSeats, StatusTable, ID_Branch) VALUES (300, 6, 1, 12);
INSERT INTO [TABLE] (ID_Table, NumberOfSeats, StatusTable, ID_Branch) VALUES (301, 6, 0, 12);
INSERT INTO [TABLE] (ID_Table, NumberOfSeats, StatusTable, ID_Branch) VALUES (302, 6, 0, 12);
INSERT INTO [TABLE] (ID_Table, NumberOfSeats, StatusTable, ID_Branch) VALUES (303, 8, 0, 12);
INSERT INTO [TABLE] (ID_Table, NumberOfSeats, StatusTable, ID_Branch) VALUES (304, 4, 0, 12);
INSERT INTO [TABLE] (ID_Table, NumberOfSeats, StatusTable, ID_Branch) VALUES (305, 6, 1, 12);
INSERT INTO [TABLE] (ID_Table, NumberOfSeats, StatusTable, ID_Branch) VALUES (306, 6, 0, 12);
INSERT INTO [TABLE] (ID_Table, NumberOfSeats, StatusTable, ID_Branch) VALUES (307, 4, 1, 12);
INSERT INTO [TABLE] (ID_Table, NumberOfSeats, StatusTable, ID_Branch) VALUES (308, 2, 1, 12);
INSERT INTO [TABLE] (ID_Table, NumberOfSeats, StatusTable, ID_Branch) VALUES (309, 6, 0, 12);
INSERT INTO [TABLE] (ID_Table, NumberOfSeats, StatusTable, ID_Branch) VALUES (310, 4, 1, 12);
INSERT INTO [TABLE] (ID_Table, NumberOfSeats, StatusTable, ID_Branch) VALUES (311, 8, 0, 13);
INSERT INTO [TABLE] (ID_Table, NumberOfSeats, StatusTable, ID_Branch) VALUES (312, 6, 0, 13);
INSERT INTO [TABLE] (ID_Table, NumberOfSeats, StatusTable, ID_Branch) VALUES (313, 2, 1, 13);
INSERT INTO [TABLE] (ID_Table, NumberOfSeats, StatusTable, ID_Branch) VALUES (314, 8, 1, 13);
INSERT INTO [TABLE] (ID_Table, NumberOfSeats, StatusTable, ID_Branch) VALUES (315, 6, 0, 13);
INSERT INTO [TABLE] (ID_Table, NumberOfSeats, StatusTable, ID_Branch) VALUES (316, 6, 1, 13);
INSERT INTO [TABLE] (ID_Table, NumberOfSeats, StatusTable, ID_Branch) VALUES (317, 4, 1, 13);
INSERT INTO [TABLE] (ID_Table, NumberOfSeats, StatusTable, ID_Branch) VALUES (318, 4, 1, 13);
INSERT INTO [TABLE] (ID_Table, NumberOfSeats, StatusTable, ID_Branch) VALUES (319, 2, 0, 13);
INSERT INTO [TABLE] (ID_Table, NumberOfSeats, StatusTable, ID_Branch) VALUES (320, 4, 1, 13);
INSERT INTO [TABLE] (ID_Table, NumberOfSeats, StatusTable, ID_Branch) VALUES (321, 4, 0, 13);
INSERT INTO [TABLE] (ID_Table, NumberOfSeats, StatusTable, ID_Branch) VALUES (322, 4, 0, 13);
INSERT INTO [TABLE] (ID_Table, NumberOfSeats, StatusTable, ID_Branch) VALUES (323, 6, 1, 13);
INSERT INTO [TABLE] (ID_Table, NumberOfSeats, StatusTable, ID_Branch) VALUES (324, 2, 0, 13);
INSERT INTO [TABLE] (ID_Table, NumberOfSeats, StatusTable, ID_Branch) VALUES (325, 6, 1, 13);
INSERT INTO [TABLE] (ID_Table, NumberOfSeats, StatusTable, ID_Branch) VALUES (326, 2, 0, 13);
INSERT INTO [TABLE] (ID_Table, NumberOfSeats, StatusTable, ID_Branch) VALUES (327, 6, 0, 13);
INSERT INTO [TABLE] (ID_Table, NumberOfSeats, StatusTable, ID_Branch) VALUES (328, 8, 0, 13);
INSERT INTO [TABLE] (ID_Table, NumberOfSeats, StatusTable, ID_Branch) VALUES (329, 2, 1, 13);
INSERT INTO [TABLE] (ID_Table, NumberOfSeats, StatusTable, ID_Branch) VALUES (330, 8, 0, 13);
INSERT INTO [TABLE] (ID_Table, NumberOfSeats, StatusTable, ID_Branch) VALUES (331, 4, 1, 13);
INSERT INTO [TABLE] (ID_Table, NumberOfSeats, StatusTable, ID_Branch) VALUES (332, 6, 1, 13);
INSERT INTO [TABLE] (ID_Table, NumberOfSeats, StatusTable, ID_Branch) VALUES (333, 4, 1, 13);
INSERT INTO [TABLE] (ID_Table, NumberOfSeats, StatusTable, ID_Branch) VALUES (334, 4, 0, 13);
INSERT INTO [TABLE] (ID_Table, NumberOfSeats, StatusTable, ID_Branch) VALUES (335, 6, 0, 13);
INSERT INTO [TABLE] (ID_Table, NumberOfSeats, StatusTable, ID_Branch) VALUES (336, 6, 0, 14);
INSERT INTO [TABLE] (ID_Table, NumberOfSeats, StatusTable, ID_Branch) VALUES (337, 4, 0, 14);
INSERT INTO [TABLE] (ID_Table, NumberOfSeats, StatusTable, ID_Branch) VALUES (338, 6, 0, 14);
INSERT INTO [TABLE] (ID_Table, NumberOfSeats, StatusTable, ID_Branch) VALUES (339, 4, 1, 14);
INSERT INTO [TABLE] (ID_Table, NumberOfSeats, StatusTable, ID_Branch) VALUES (340, 4, 0, 14);
INSERT INTO [TABLE] (ID_Table, NumberOfSeats, StatusTable, ID_Branch) VALUES (341, 2, 1, 14);
INSERT INTO [TABLE] (ID_Table, NumberOfSeats, StatusTable, ID_Branch) VALUES (342, 6, 0, 14);
INSERT INTO [TABLE] (ID_Table, NumberOfSeats, StatusTable, ID_Branch) VALUES (343, 6, 1, 14);
INSERT INTO [TABLE] (ID_Table, NumberOfSeats, StatusTable, ID_Branch) VALUES (344, 6, 0, 14);
INSERT INTO [TABLE] (ID_Table, NumberOfSeats, StatusTable, ID_Branch) VALUES (345, 6, 0, 14);
INSERT INTO [TABLE] (ID_Table, NumberOfSeats, StatusTable, ID_Branch) VALUES (346, 8, 1, 14);
INSERT INTO [TABLE] (ID_Table, NumberOfSeats, StatusTable, ID_Branch) VALUES (347, 2, 0, 14);
INSERT INTO [TABLE] (ID_Table, NumberOfSeats, StatusTable, ID_Branch) VALUES (348, 2, 0, 14);
INSERT INTO [TABLE] (ID_Table, NumberOfSeats, StatusTable, ID_Branch) VALUES (349, 4, 1, 14);
INSERT INTO [TABLE] (ID_Table, NumberOfSeats, StatusTable, ID_Branch) VALUES (350, 8, 0, 14);
INSERT INTO [TABLE] (ID_Table, NumberOfSeats, StatusTable, ID_Branch) VALUES (351, 4, 1, 14);
INSERT INTO [TABLE] (ID_Table, NumberOfSeats, StatusTable, ID_Branch) VALUES (352, 2, 0, 14);
INSERT INTO [TABLE] (ID_Table, NumberOfSeats, StatusTable, ID_Branch) VALUES (353, 8, 1, 14);
INSERT INTO [TABLE] (ID_Table, NumberOfSeats, StatusTable, ID_Branch) VALUES (354, 4, 1, 14);
INSERT INTO [TABLE] (ID_Table, NumberOfSeats, StatusTable, ID_Branch) VALUES (355, 2, 0, 14);
INSERT INTO [TABLE] (ID_Table, NumberOfSeats, StatusTable, ID_Branch) VALUES (356, 8, 1, 14);
INSERT INTO [TABLE] (ID_Table, NumberOfSeats, StatusTable, ID_Branch) VALUES (357, 2, 0, 14);
INSERT INTO [TABLE] (ID_Table, NumberOfSeats, StatusTable, ID_Branch) VALUES (358, 4, 1, 15);
INSERT INTO [TABLE] (ID_Table, NumberOfSeats, StatusTable, ID_Branch) VALUES (359, 2, 0, 15);
INSERT INTO [TABLE] (ID_Table, NumberOfSeats, StatusTable, ID_Branch) VALUES (360, 2, 1, 15);
INSERT INTO [TABLE] (ID_Table, NumberOfSeats, StatusTable, ID_Branch) VALUES (361, 6, 1, 15);
INSERT INTO [TABLE] (ID_Table, NumberOfSeats, StatusTable, ID_Branch) VALUES (362, 4, 0, 15);
INSERT INTO [TABLE] (ID_Table, NumberOfSeats, StatusTable, ID_Branch) VALUES (363, 8, 0, 15);
INSERT INTO [TABLE] (ID_Table, NumberOfSeats, StatusTable, ID_Branch) VALUES (364, 6, 1, 15);
INSERT INTO [TABLE] (ID_Table, NumberOfSeats, StatusTable, ID_Branch) VALUES (365, 2, 1, 15);
INSERT INTO [TABLE] (ID_Table, NumberOfSeats, StatusTable, ID_Branch) VALUES (366, 8, 1, 15);
INSERT INTO [TABLE] (ID_Table, NumberOfSeats, StatusTable, ID_Branch) VALUES (367, 4, 1, 15);
INSERT INTO [TABLE] (ID_Table, NumberOfSeats, StatusTable, ID_Branch) VALUES (368, 6, 0, 15);
INSERT INTO [TABLE] (ID_Table, NumberOfSeats, StatusTable, ID_Branch) VALUES (369, 2, 0, 15);
INSERT INTO [TABLE] (ID_Table, NumberOfSeats, StatusTable, ID_Branch) VALUES (370, 4, 1, 15);
INSERT INTO [TABLE] (ID_Table, NumberOfSeats, StatusTable, ID_Branch) VALUES (371, 2, 1, 15);
INSERT INTO [TABLE] (ID_Table, NumberOfSeats, StatusTable, ID_Branch) VALUES (372, 8, 1, 15);
INSERT INTO [TABLE] (ID_Table, NumberOfSeats, StatusTable, ID_Branch) VALUES (373, 2, 1, 15);
INSERT INTO [TABLE] (ID_Table, NumberOfSeats, StatusTable, ID_Branch) VALUES (374, 6, 1, 15);
INSERT INTO [TABLE] (ID_Table, NumberOfSeats, StatusTable, ID_Branch) VALUES (375, 8, 0, 15);
INSERT INTO [TABLE] (ID_Table, NumberOfSeats, StatusTable, ID_Branch) VALUES (376, 2, 0, 15);
INSERT INTO [TABLE] (ID_Table, NumberOfSeats, StatusTable, ID_Branch) VALUES (377, 2, 0, 15);
INSERT INTO [TABLE] (ID_Table, NumberOfSeats, StatusTable, ID_Branch) VALUES (378, 4, 1, 15);
INSERT INTO [TABLE] (ID_Table, NumberOfSeats, StatusTable, ID_Branch) VALUES (379, 4, 0, 15);
INSERT INTO [TABLE] (ID_Table, NumberOfSeats, StatusTable, ID_Branch) VALUES (380, 8, 0, 15);
INSERT INTO [TABLE] (ID_Table, NumberOfSeats, StatusTable, ID_Branch) VALUES (381, 6, 1, 15);
INSERT INTO [TABLE] (ID_Table, NumberOfSeats, StatusTable, ID_Branch) VALUES (382, 2, 0, 15);
INSERT INTO [TABLE] (ID_Table, NumberOfSeats, StatusTable, ID_Branch) VALUES (383, 2, 1, 15);
INSERT INTO [TABLE] (ID_Table, NumberOfSeats, StatusTable, ID_Branch) VALUES (384, 8, 0, 15);
INSERT INTO [TABLE] (ID_Table, NumberOfSeats, StatusTable, ID_Branch) VALUES (385, 8, 1, 15);
INSERT INTO MEM_LEVEL (ID_Level, LevelName, DiscountPercentages) VALUES (1, 'Bronze', 13);
INSERT INTO MEM_LEVEL (ID_Level, LevelName, DiscountPercentages) VALUES (2, 'Silver', 11);
INSERT INTO MEM_LEVEL (ID_Level, LevelName, DiscountPercentages) VALUES (3, 'Gold', 15);
INSERT INTO MEMBERSHIP (ID_Card, [Status], DateCreated, Point, ID_Level) VALUES (1, 1, '2024-10-09', 0, 1);
INSERT INTO MEMBERSHIP (ID_Card, [Status], DateCreated, Point, ID_Level) VALUES (2, 1, '2024-08-14', 0, 1);
INSERT INTO MEMBERSHIP (ID_Card, [Status], DateCreated, Point, ID_Level) VALUES (3, 1, '2024-07-30', 0, 1);
INSERT INTO MEMBERSHIP (ID_Card, [Status], DateCreated, Point, ID_Level) VALUES (4, 1, '2024-09-01', 0, 1);
INSERT INTO MEMBERSHIP (ID_Card, [Status], DateCreated, Point, ID_Level) VALUES (5, 1, '2024-03-31', 0, 1);
INSERT INTO MEMBERSHIP (ID_Card, [Status], DateCreated, Point, ID_Level) VALUES (6, 1, '2024-06-18', 0, 1);
INSERT INTO MEMBERSHIP (ID_Card, [Status], DateCreated, Point, ID_Level) VALUES (7, 1, '2024-03-05', 0, 1);
INSERT INTO MEMBERSHIP (ID_Card, [Status], DateCreated, Point, ID_Level) VALUES (8, 1, '2024-05-18', 0, 1);
INSERT INTO MEMBERSHIP (ID_Card, [Status], DateCreated, Point, ID_Level) VALUES (9, 1, '2024-02-24', 0, 1);
INSERT INTO MEMBERSHIP (ID_Card, [Status], DateCreated, Point, ID_Level) VALUES (10, 1, '2024-07-25', 0, 1);
INSERT INTO MEMBERSHIP (ID_Card, [Status], DateCreated, Point, ID_Level) VALUES (11, 1, '2024-02-27', 0, 1);
INSERT INTO MEMBERSHIP (ID_Card, [Status], DateCreated, Point, ID_Level) VALUES (12, 1, '2024-05-07', 0, 1);
INSERT INTO MEMBERSHIP (ID_Card, [Status], DateCreated, Point, ID_Level) VALUES (13, 1, '2024-09-04', 0, 1);
INSERT INTO MEMBERSHIP (ID_Card, [Status], DateCreated, Point, ID_Level) VALUES (14, 1, '2024-10-04', 0, 1);
INSERT INTO MEMBERSHIP (ID_Card, [Status], DateCreated, Point, ID_Level) VALUES (15, 1, '2024-01-23', 0, 1);
INSERT INTO MEMBERSHIP (ID_Card, [Status], DateCreated, Point, ID_Level) VALUES (16, 1, '2024-04-22', 0, 1);
INSERT INTO MEMBERSHIP (ID_Card, [Status], DateCreated, Point, ID_Level) VALUES (17, 1, '2024-03-29', 0, 1);
INSERT INTO MEMBERSHIP (ID_Card, [Status], DateCreated, Point, ID_Level) VALUES (18, 1, '2024-04-22', 0, 1);
INSERT INTO MEMBERSHIP (ID_Card, [Status], DateCreated, Point, ID_Level) VALUES (19, 1, '2024-09-03', 0, 1);
INSERT INTO MEMBERSHIP (ID_Card, [Status], DateCreated, Point, ID_Level) VALUES (20, 1, '2024-11-06', 0, 1);
INSERT INTO MEMBERSHIP (ID_Card, [Status], DateCreated, Point, ID_Level) VALUES (21, 1, '2024-04-20', 0, 1);
INSERT INTO MEMBERSHIP (ID_Card, [Status], DateCreated, Point, ID_Level) VALUES (22, 1, '2024-10-28', 0, 1);
INSERT INTO MEMBERSHIP (ID_Card, [Status], DateCreated, Point, ID_Level) VALUES (23, 1, '2024-08-01', 0, 1);
INSERT INTO MEMBERSHIP (ID_Card, [Status], DateCreated, Point, ID_Level) VALUES (24, 1, '2024-03-14', 0, 1);
INSERT INTO MEMBERSHIP (ID_Card, [Status], DateCreated, Point, ID_Level) VALUES (25, 1, '2024-05-18', 0, 1);
INSERT INTO MEMBERSHIP (ID_Card, [Status], DateCreated, Point, ID_Level) VALUES (26, 1, '2024-12-15', 0, 1);
INSERT INTO MEMBERSHIP (ID_Card, [Status], DateCreated, Point, ID_Level) VALUES (27, 1, '2024-01-19', 0, 1);
INSERT INTO MEMBERSHIP (ID_Card, [Status], DateCreated, Point, ID_Level) VALUES (28, 1, '2024-08-03', 0, 1);
INSERT INTO MEMBERSHIP (ID_Card, [Status], DateCreated, Point, ID_Level) VALUES (29, 1, '2024-10-12', 0, 1);
INSERT INTO MEMBERSHIP (ID_Card, [Status], DateCreated, Point, ID_Level) VALUES (30, 1, '2024-08-24', 0, 1);
INSERT INTO MEMBERSHIP (ID_Card, [Status], DateCreated, Point, ID_Level) VALUES (31, 1, '2024-10-19', 0, 1);
INSERT INTO MEMBERSHIP (ID_Card, [Status], DateCreated, Point, ID_Level) VALUES (32, 1, '2024-03-01', 0, 1);
INSERT INTO MEMBERSHIP (ID_Card, [Status], DateCreated, Point, ID_Level) VALUES (33, 1, '2024-05-06', 0, 1);
INSERT INTO MEMBERSHIP (ID_Card, [Status], DateCreated, Point, ID_Level) VALUES (34, 1, '2024-04-06', 0, 1);
INSERT INTO MEMBERSHIP (ID_Card, [Status], DateCreated, Point, ID_Level) VALUES (35, 1, '2024-01-03', 0, 1);
INSERT INTO MEMBERSHIP (ID_Card, [Status], DateCreated, Point, ID_Level) VALUES (36, 1, '2024-11-02', 0, 1);
INSERT INTO MEMBERSHIP (ID_Card, [Status], DateCreated, Point, ID_Level) VALUES (37, 1, '2024-04-30', 0, 1);
INSERT INTO MEMBERSHIP (ID_Card, [Status], DateCreated, Point, ID_Level) VALUES (38, 1, '2024-11-28', 0, 1);
INSERT INTO MEMBERSHIP (ID_Card, [Status], DateCreated, Point, ID_Level) VALUES (39, 1, '2024-01-03', 0, 1);
INSERT INTO MEMBERSHIP (ID_Card, [Status], DateCreated, Point, ID_Level) VALUES (40, 1, '2024-05-19', 0, 1);
INSERT INTO MEMBERSHIP (ID_Card, [Status], DateCreated, Point, ID_Level) VALUES (41, 1, '2024-06-03', 0, 1);
INSERT INTO MEMBERSHIP (ID_Card, [Status], DateCreated, Point, ID_Level) VALUES (42, 1, '2024-02-11', 0, 1);
INSERT INTO MEMBERSHIP (ID_Card, [Status], DateCreated, Point, ID_Level) VALUES (43, 1, '2024-01-22', 0, 1);
INSERT INTO MEMBERSHIP (ID_Card, [Status], DateCreated, Point, ID_Level) VALUES (44, 1, '2024-02-08', 0, 1);
INSERT INTO MEMBERSHIP (ID_Card, [Status], DateCreated, Point, ID_Level) VALUES (45, 1, '2024-10-07', 0, 1);
INSERT INTO MEMBERSHIP (ID_Card, [Status], DateCreated, Point, ID_Level) VALUES (46, 1, '2024-12-18', 0, 1);
INSERT INTO MEMBERSHIP (ID_Card, [Status], DateCreated, Point, ID_Level) VALUES (47, 1, '2024-10-18', 0, 1);
INSERT INTO MEMBERSHIP (ID_Card, [Status], DateCreated, Point, ID_Level) VALUES (48, 1, '2024-03-03', 0, 1);
INSERT INTO MEMBERSHIP (ID_Card, [Status], DateCreated, Point, ID_Level) VALUES (49, 1, '2024-11-25', 0, 1);
INSERT INTO MEMBERSHIP (ID_Card, [Status], DateCreated, Point, ID_Level) VALUES (50, 1, '2024-11-01', 0, 1);
INSERT INTO MEMBERSHIP (ID_Card, [Status], DateCreated, Point, ID_Level) VALUES (51, 1, '2024-12-16', 0, 1);
INSERT INTO MEMBERSHIP (ID_Card, [Status], DateCreated, Point, ID_Level) VALUES (52, 1, '2024-04-06', 0, 1);
INSERT INTO MEMBERSHIP (ID_Card, [Status], DateCreated, Point, ID_Level) VALUES (53, 1, '2024-09-22', 0, 1);
INSERT INTO MEMBERSHIP (ID_Card, [Status], DateCreated, Point, ID_Level) VALUES (54, 1, '2024-06-27', 0, 1);
INSERT INTO MEMBERSHIP (ID_Card, [Status], DateCreated, Point, ID_Level) VALUES (55, 1, '2024-05-18', 0, 1);
INSERT INTO MEMBERSHIP (ID_Card, [Status], DateCreated, Point, ID_Level) VALUES (56, 1, '2024-03-02', 0, 1);
INSERT INTO MEMBERSHIP (ID_Card, [Status], DateCreated, Point, ID_Level) VALUES (57, 1, '2024-08-07', 0, 1);
INSERT INTO MEMBERSHIP (ID_Card, [Status], DateCreated, Point, ID_Level) VALUES (58, 1, '2024-06-17', 0, 1);
INSERT INTO MEMBERSHIP (ID_Card, [Status], DateCreated, Point, ID_Level) VALUES (59, 1, '2024-04-05', 0, 1);
INSERT INTO MEMBERSHIP (ID_Card, [Status], DateCreated, Point, ID_Level) VALUES (60, 1, '2024-07-05', 0, 1);
INSERT INTO MEMBERSHIP (ID_Card, [Status], DateCreated, Point, ID_Level) VALUES (61, 1, '2024-11-29', 0, 1);
INSERT INTO MEMBERSHIP (ID_Card, [Status], DateCreated, Point, ID_Level) VALUES (62, 1, '2024-11-23', 0, 1);
INSERT INTO MEMBERSHIP (ID_Card, [Status], DateCreated, Point, ID_Level) VALUES (63, 1, '2024-03-28', 0, 1);
INSERT INTO MEMBERSHIP (ID_Card, [Status], DateCreated, Point, ID_Level) VALUES (64, 1, '2024-09-16', 0, 1);
INSERT INTO MEMBERSHIP (ID_Card, [Status], DateCreated, Point, ID_Level) VALUES (65, 1, '2024-03-16', 0, 1);
INSERT INTO MEMBERSHIP (ID_Card, [Status], DateCreated, Point, ID_Level) VALUES (66, 1, '2024-09-29', 0, 1);
INSERT INTO MEMBERSHIP (ID_Card, [Status], DateCreated, Point, ID_Level) VALUES (67, 1, '2024-01-24', 0, 1);
INSERT INTO MEMBERSHIP (ID_Card, [Status], DateCreated, Point, ID_Level) VALUES (68, 1, '2024-10-21', 0, 1);
INSERT INTO MEMBERSHIP (ID_Card, [Status], DateCreated, Point, ID_Level) VALUES (69, 1, '2024-06-09', 0, 1);
INSERT INTO MEMBERSHIP (ID_Card, [Status], DateCreated, Point, ID_Level) VALUES (70, 1, '2024-01-05', 0, 1);
INSERT INTO MEMBERSHIP (ID_Card, [Status], DateCreated, Point, ID_Level) VALUES (71, 1, '2024-05-02', 0, 1);
INSERT INTO MEMBERSHIP (ID_Card, [Status], DateCreated, Point, ID_Level) VALUES (72, 1, '2024-09-11', 0, 1);
INSERT INTO MEMBERSHIP (ID_Card, [Status], DateCreated, Point, ID_Level) VALUES (73, 1, '2024-11-18', 0, 1);
INSERT INTO MEMBERSHIP (ID_Card, [Status], DateCreated, Point, ID_Level) VALUES (74, 1, '2024-08-08', 0, 1);
INSERT INTO MEMBERSHIP (ID_Card, [Status], DateCreated, Point, ID_Level) VALUES (75, 1, '2024-11-07', 0, 1);
INSERT INTO MEMBERSHIP (ID_Card, [Status], DateCreated, Point, ID_Level) VALUES (76, 1, '2024-02-28', 0, 1);
INSERT INTO MEMBERSHIP (ID_Card, [Status], DateCreated, Point, ID_Level) VALUES (77, 1, '2024-09-19', 0, 1);
INSERT INTO MEMBERSHIP (ID_Card, [Status], DateCreated, Point, ID_Level) VALUES (78, 1, '2024-08-21', 0, 1);
INSERT INTO MEMBERSHIP (ID_Card, [Status], DateCreated, Point, ID_Level) VALUES (79, 1, '2024-11-11', 0, 1);
INSERT INTO MEMBERSHIP (ID_Card, [Status], DateCreated, Point, ID_Level) VALUES (80, 1, '2024-04-03', 0, 1);
INSERT INTO MEMBERSHIP (ID_Card, [Status], DateCreated, Point, ID_Level) VALUES (81, 1, '2024-08-25', 0, 1);
INSERT INTO MEMBERSHIP (ID_Card, [Status], DateCreated, Point, ID_Level) VALUES (82, 1, '2024-01-02', 0, 1);
INSERT INTO MEMBERSHIP (ID_Card, [Status], DateCreated, Point, ID_Level) VALUES (83, 1, '2024-12-06', 0, 1);
INSERT INTO MEMBERSHIP (ID_Card, [Status], DateCreated, Point, ID_Level) VALUES (84, 1, '2024-03-30', 0, 1);
INSERT INTO MEMBERSHIP (ID_Card, [Status], DateCreated, Point, ID_Level) VALUES (85, 1, '2024-11-20', 0, 1);
INSERT INTO MEMBERSHIP (ID_Card, [Status], DateCreated, Point, ID_Level) VALUES (86, 1, '2024-10-25', 0, 1);
INSERT INTO MEMBERSHIP (ID_Card, [Status], DateCreated, Point, ID_Level) VALUES (87, 1, '2024-08-25', 0, 1);
INSERT INTO MEMBERSHIP (ID_Card, [Status], DateCreated, Point, ID_Level) VALUES (88, 1, '2024-11-03', 0, 1);
INSERT INTO MEMBERSHIP (ID_Card, [Status], DateCreated, Point, ID_Level) VALUES (89, 1, '2024-08-15', 0, 1);
INSERT INTO MEMBERSHIP (ID_Card, [Status], DateCreated, Point, ID_Level) VALUES (90, 1, '2024-11-01', 0, 1);
INSERT INTO MEMBERSHIP (ID_Card, [Status], DateCreated, Point, ID_Level) VALUES (91, 1, '2024-01-04', 0, 1);
INSERT INTO MEMBERSHIP (ID_Card, [Status], DateCreated, Point, ID_Level) VALUES (92, 1, '2024-06-08', 0, 1);
INSERT INTO MEMBERSHIP (ID_Card, [Status], DateCreated, Point, ID_Level) VALUES (93, 1, '2024-06-17', 0, 1);
INSERT INTO MEMBERSHIP (ID_Card, [Status], DateCreated, Point, ID_Level) VALUES (94, 1, '2024-09-20', 0, 1);
INSERT INTO MEMBERSHIP (ID_Card, [Status], DateCreated, Point, ID_Level) VALUES (95, 1, '2024-09-13', 0, 1);
INSERT INTO MEMBERSHIP (ID_Card, [Status], DateCreated, Point, ID_Level) VALUES (96, 1, '2024-07-19', 0, 1);
INSERT INTO MEMBERSHIP (ID_Card, [Status], DateCreated, Point, ID_Level) VALUES (97, 1, '2024-04-19', 0, 1);
INSERT INTO MEMBERSHIP (ID_Card, [Status], DateCreated, Point, ID_Level) VALUES (98, 1, '2024-11-17', 0, 1);
INSERT INTO MEMBERSHIP (ID_Card, [Status], DateCreated, Point, ID_Level) VALUES (99, 1, '2024-09-04', 0, 1);
INSERT INTO MEMBERSHIP (ID_Card, [Status], DateCreated, Point, ID_Level) VALUES (100, 1, '2024-02-06', 0, 1);
INSERT INTO MEMBERSHIP (ID_Card, [Status], DateCreated, Point, ID_Level) VALUES (101, 1, '2024-01-22', 0, 1);
INSERT INTO MEMBERSHIP (ID_Card, [Status], DateCreated, Point, ID_Level) VALUES (102, 1, '2024-07-10', 0, 1);
INSERT INTO MEMBERSHIP (ID_Card, [Status], DateCreated, Point, ID_Level) VALUES (103, 1, '2024-06-12', 0, 1);
INSERT INTO MEMBERSHIP (ID_Card, [Status], DateCreated, Point, ID_Level) VALUES (104, 1, '2024-05-27', 0, 1);
INSERT INTO MEMBERSHIP (ID_Card, [Status], DateCreated, Point, ID_Level) VALUES (105, 1, '2024-02-22', 0, 1);
INSERT INTO MEMBERSHIP (ID_Card, [Status], DateCreated, Point, ID_Level) VALUES (106, 1, '2024-10-15', 0, 1);
INSERT INTO MEMBERSHIP (ID_Card, [Status], DateCreated, Point, ID_Level) VALUES (107, 1, '2024-06-05', 0, 1);
INSERT INTO MEMBERSHIP (ID_Card, [Status], DateCreated, Point, ID_Level) VALUES (108, 1, '2024-01-03', 0, 1);
INSERT INTO MEMBERSHIP (ID_Card, [Status], DateCreated, Point, ID_Level) VALUES (109, 1, '2024-08-31', 0, 1);
INSERT INTO MEMBERSHIP (ID_Card, [Status], DateCreated, Point, ID_Level) VALUES (110, 1, '2024-04-08', 0, 1);
INSERT INTO MEMBERSHIP (ID_Card, [Status], DateCreated, Point, ID_Level) VALUES (111, 1, '2024-05-26', 0, 1);
INSERT INTO MEMBERSHIP (ID_Card, [Status], DateCreated, Point, ID_Level) VALUES (112, 1, '2024-09-26', 0, 1);
INSERT INTO MEMBERSHIP (ID_Card, [Status], DateCreated, Point, ID_Level) VALUES (113, 1, '2024-05-02', 0, 1);
INSERT INTO MEMBERSHIP (ID_Card, [Status], DateCreated, Point, ID_Level) VALUES (114, 1, '2024-03-16', 0, 1);
INSERT INTO MEMBERSHIP (ID_Card, [Status], DateCreated, Point, ID_Level) VALUES (115, 1, '2024-04-20', 0, 1);
INSERT INTO MEMBERSHIP (ID_Card, [Status], DateCreated, Point, ID_Level) VALUES (116, 1, '2024-10-06', 0, 1);
INSERT INTO MEMBERSHIP (ID_Card, [Status], DateCreated, Point, ID_Level) VALUES (117, 1, '2024-01-26', 0, 1);
INSERT INTO MEMBERSHIP (ID_Card, [Status], DateCreated, Point, ID_Level) VALUES (118, 1, '2024-11-18', 0, 1);
INSERT INTO MEMBERSHIP (ID_Card, [Status], DateCreated, Point, ID_Level) VALUES (119, 1, '2024-03-26', 0, 1);
INSERT INTO MEMBERSHIP (ID_Card, [Status], DateCreated, Point, ID_Level) VALUES (120, 1, '2024-08-23', 0, 1);
INSERT INTO MEMBERSHIP (ID_Card, [Status], DateCreated, Point, ID_Level) VALUES (121, 1, '2024-02-16', 0, 1);
INSERT INTO MEMBERSHIP (ID_Card, [Status], DateCreated, Point, ID_Level) VALUES (122, 1, '2024-04-16', 0, 1);
INSERT INTO MEMBERSHIP (ID_Card, [Status], DateCreated, Point, ID_Level) VALUES (123, 1, '2024-11-21', 0, 1);
INSERT INTO MEMBERSHIP (ID_Card, [Status], DateCreated, Point, ID_Level) VALUES (124, 1, '2024-11-06', 0, 1);
INSERT INTO MEMBERSHIP (ID_Card, [Status], DateCreated, Point, ID_Level) VALUES (125, 1, '2024-04-13', 0, 1);
INSERT INTO MEMBERSHIP (ID_Card, [Status], DateCreated, Point, ID_Level) VALUES (126, 1, '2024-04-08', 0, 1);
INSERT INTO MEMBERSHIP (ID_Card, [Status], DateCreated, Point, ID_Level) VALUES (127, 1, '2024-04-22', 0, 1);
INSERT INTO MEMBERSHIP (ID_Card, [Status], DateCreated, Point, ID_Level) VALUES (128, 1, '2024-02-08', 0, 1);
INSERT INTO MEMBERSHIP (ID_Card, [Status], DateCreated, Point, ID_Level) VALUES (129, 1, '2024-09-22', 0, 1);
INSERT INTO MEMBERSHIP (ID_Card, [Status], DateCreated, Point, ID_Level) VALUES (130, 1, '2024-04-24', 0, 1);
INSERT INTO MEMBERSHIP (ID_Card, [Status], DateCreated, Point, ID_Level) VALUES (131, 1, '2024-01-06', 0, 1);
INSERT INTO MEMBERSHIP (ID_Card, [Status], DateCreated, Point, ID_Level) VALUES (132, 1, '2024-02-21', 0, 1);
INSERT INTO MEMBERSHIP (ID_Card, [Status], DateCreated, Point, ID_Level) VALUES (133, 1, '2024-10-02', 0, 1);
INSERT INTO MEMBERSHIP (ID_Card, [Status], DateCreated, Point, ID_Level) VALUES (134, 1, '2024-06-08', 0, 1);
INSERT INTO MEMBERSHIP (ID_Card, [Status], DateCreated, Point, ID_Level) VALUES (135, 1, '2024-10-02', 0, 1);
INSERT INTO MEMBERSHIP (ID_Card, [Status], DateCreated, Point, ID_Level) VALUES (136, 1, '2024-01-03', 0, 1);
INSERT INTO MEMBERSHIP (ID_Card, [Status], DateCreated, Point, ID_Level) VALUES (137, 1, '2024-01-10', 0, 1);
INSERT INTO MEMBERSHIP (ID_Card, [Status], DateCreated, Point, ID_Level) VALUES (138, 1, '2024-08-05', 0, 1);
INSERT INTO MEMBERSHIP (ID_Card, [Status], DateCreated, Point, ID_Level) VALUES (139, 1, '2024-05-15', 0, 1);
INSERT INTO MEMBERSHIP (ID_Card, [Status], DateCreated, Point, ID_Level) VALUES (140, 1, '2024-07-22', 0, 1);
INSERT INTO MEMBERSHIP (ID_Card, [Status], DateCreated, Point, ID_Level) VALUES (141, 1, '2024-03-15', 0, 1);
INSERT INTO MEMBERSHIP (ID_Card, [Status], DateCreated, Point, ID_Level) VALUES (142, 1, '2024-02-13', 0, 1);
INSERT INTO MEMBERSHIP (ID_Card, [Status], DateCreated, Point, ID_Level) VALUES (143, 1, '2024-06-25', 0, 1);
INSERT INTO MEMBERSHIP (ID_Card, [Status], DateCreated, Point, ID_Level) VALUES (144, 1, '2024-05-13', 0, 1);
INSERT INTO MEMBERSHIP (ID_Card, [Status], DateCreated, Point, ID_Level) VALUES (145, 1, '2024-07-29', 0, 1);
INSERT INTO MEMBERSHIP (ID_Card, [Status], DateCreated, Point, ID_Level) VALUES (146, 1, '2024-07-20', 0, 1);
INSERT INTO MEMBERSHIP (ID_Card, [Status], DateCreated, Point, ID_Level) VALUES (147, 1, '2024-03-31', 0, 1);
INSERT INTO MEMBERSHIP (ID_Card, [Status], DateCreated, Point, ID_Level) VALUES (148, 1, '2024-05-21', 0, 1);
INSERT INTO MEMBERSHIP (ID_Card, [Status], DateCreated, Point, ID_Level) VALUES (149, 1, '2024-11-24', 0, 1);
INSERT INTO MEMBERSHIP (ID_Card, [Status], DateCreated, Point, ID_Level) VALUES (150, 1, '2024-04-14', 0, 1);
INSERT INTO MEMBERSHIP (ID_Card, [Status], DateCreated, Point, ID_Level) VALUES (151, 1, '2024-12-08', 0, 1);
INSERT INTO MEMBERSHIP (ID_Card, [Status], DateCreated, Point, ID_Level) VALUES (152, 1, '2024-05-30', 0, 1);
INSERT INTO MEMBERSHIP (ID_Card, [Status], DateCreated, Point, ID_Level) VALUES (153, 1, '2024-07-08', 0, 1);
INSERT INTO MEMBERSHIP (ID_Card, [Status], DateCreated, Point, ID_Level) VALUES (154, 1, '2024-12-14', 0, 1);
INSERT INTO MEMBERSHIP (ID_Card, [Status], DateCreated, Point, ID_Level) VALUES (155, 1, '2024-10-12', 0, 1);
INSERT INTO MEMBERSHIP (ID_Card, [Status], DateCreated, Point, ID_Level) VALUES (156, 1, '2024-09-18', 0, 1);
INSERT INTO MEMBERSHIP (ID_Card, [Status], DateCreated, Point, ID_Level) VALUES (157, 1, '2024-11-25', 0, 1);
INSERT INTO MEMBERSHIP (ID_Card, [Status], DateCreated, Point, ID_Level) VALUES (158, 1, '2024-07-02', 0, 1);
INSERT INTO MEMBERSHIP (ID_Card, [Status], DateCreated, Point, ID_Level) VALUES (159, 1, '2024-12-18', 0, 1);
INSERT INTO MEMBERSHIP (ID_Card, [Status], DateCreated, Point, ID_Level) VALUES (160, 1, '2024-03-05', 0, 1);
INSERT INTO MEMBERSHIP (ID_Card, [Status], DateCreated, Point, ID_Level) VALUES (161, 1, '2024-07-30', 0, 1);
INSERT INTO MEMBERSHIP (ID_Card, [Status], DateCreated, Point, ID_Level) VALUES (162, 1, '2024-08-07', 0, 1);
INSERT INTO MEMBERSHIP (ID_Card, [Status], DateCreated, Point, ID_Level) VALUES (163, 1, '2024-02-04', 0, 1);
INSERT INTO MEMBERSHIP (ID_Card, [Status], DateCreated, Point, ID_Level) VALUES (164, 1, '2024-04-13', 0, 1);
INSERT INTO MEMBERSHIP (ID_Card, [Status], DateCreated, Point, ID_Level) VALUES (165, 1, '2024-08-06', 0, 1);
INSERT INTO MEMBERSHIP (ID_Card, [Status], DateCreated, Point, ID_Level) VALUES (166, 1, '2024-03-04', 0, 1);
INSERT INTO MEMBERSHIP (ID_Card, [Status], DateCreated, Point, ID_Level) VALUES (167, 1, '2024-02-23', 0, 1);
INSERT INTO MEMBERSHIP (ID_Card, [Status], DateCreated, Point, ID_Level) VALUES (168, 1, '2024-02-12', 0, 1);
INSERT INTO MEMBERSHIP (ID_Card, [Status], DateCreated, Point, ID_Level) VALUES (169, 1, '2024-10-20', 0, 1);
INSERT INTO MEMBERSHIP (ID_Card, [Status], DateCreated, Point, ID_Level) VALUES (170, 1, '2024-09-20', 0, 1);
INSERT INTO MEMBERSHIP (ID_Card, [Status], DateCreated, Point, ID_Level) VALUES (171, 1, '2024-05-16', 0, 1);
INSERT INTO MEMBERSHIP (ID_Card, [Status], DateCreated, Point, ID_Level) VALUES (172, 1, '2024-05-19', 0, 1);
INSERT INTO MEMBERSHIP (ID_Card, [Status], DateCreated, Point, ID_Level) VALUES (173, 1, '2024-11-25', 0, 1);
INSERT INTO MEMBERSHIP (ID_Card, [Status], DateCreated, Point, ID_Level) VALUES (174, 1, '2024-10-03', 0, 1);
INSERT INTO MEMBERSHIP (ID_Card, [Status], DateCreated, Point, ID_Level) VALUES (175, 1, '2024-01-11', 0, 1);
INSERT INTO MEMBERSHIP (ID_Card, [Status], DateCreated, Point, ID_Level) VALUES (176, 1, '2024-05-14', 0, 1);
INSERT INTO MEMBERSHIP (ID_Card, [Status], DateCreated, Point, ID_Level) VALUES (177, 1, '2024-06-05', 0, 1);
INSERT INTO MEMBERSHIP (ID_Card, [Status], DateCreated, Point, ID_Level) VALUES (178, 1, '2024-11-22', 0, 1);
INSERT INTO MEMBERSHIP (ID_Card, [Status], DateCreated, Point, ID_Level) VALUES (179, 1, '2024-12-09', 0, 1);
INSERT INTO MEMBERSHIP (ID_Card, [Status], DateCreated, Point, ID_Level) VALUES (180, 1, '2024-09-20', 0, 1);
INSERT INTO MEMBERSHIP (ID_Card, [Status], DateCreated, Point, ID_Level) VALUES (181, 1, '2024-06-26', 0, 1);
INSERT INTO MEMBERSHIP (ID_Card, [Status], DateCreated, Point, ID_Level) VALUES (182, 1, '2024-06-30', 0, 1);
INSERT INTO MEMBERSHIP (ID_Card, [Status], DateCreated, Point, ID_Level) VALUES (183, 1, '2024-02-01', 0, 1);
INSERT INTO MEMBERSHIP (ID_Card, [Status], DateCreated, Point, ID_Level) VALUES (184, 1, '2024-12-06', 0, 1);
INSERT INTO MEMBERSHIP (ID_Card, [Status], DateCreated, Point, ID_Level) VALUES (185, 1, '2024-07-18', 0, 1);
INSERT INTO MEMBERSHIP (ID_Card, [Status], DateCreated, Point, ID_Level) VALUES (186, 1, '2024-09-07', 0, 1);
INSERT INTO MEMBERSHIP (ID_Card, [Status], DateCreated, Point, ID_Level) VALUES (187, 1, '2024-04-03', 0, 1);
INSERT INTO MEMBERSHIP (ID_Card, [Status], DateCreated, Point, ID_Level) VALUES (188, 1, '2024-02-08', 0, 1);
INSERT INTO MEMBERSHIP (ID_Card, [Status], DateCreated, Point, ID_Level) VALUES (189, 1, '2024-10-24', 0, 1);
INSERT INTO MEMBERSHIP (ID_Card, [Status], DateCreated, Point, ID_Level) VALUES (190, 1, '2024-02-09', 0, 1);
INSERT INTO MEMBERSHIP (ID_Card, [Status], DateCreated, Point, ID_Level) VALUES (191, 1, '2024-01-10', 0, 1);
INSERT INTO MEMBERSHIP (ID_Card, [Status], DateCreated, Point, ID_Level) VALUES (192, 1, '2024-11-12', 0, 1);
INSERT INTO MEMBERSHIP (ID_Card, [Status], DateCreated, Point, ID_Level) VALUES (193, 1, '2024-11-11', 0, 1);
INSERT INTO MEMBERSHIP (ID_Card, [Status], DateCreated, Point, ID_Level) VALUES (194, 1, '2024-06-10', 0, 1);
INSERT INTO MEMBERSHIP (ID_Card, [Status], DateCreated, Point, ID_Level) VALUES (195, 1, '2024-04-30', 0, 1);
INSERT INTO MEMBERSHIP (ID_Card, [Status], DateCreated, Point, ID_Level) VALUES (196, 1, '2024-05-05', 0, 1);
INSERT INTO MEMBERSHIP (ID_Card, [Status], DateCreated, Point, ID_Level) VALUES (197, 1, '2024-07-30', 0, 1);
INSERT INTO MEMBERSHIP (ID_Card, [Status], DateCreated, Point, ID_Level) VALUES (198, 1, '2024-06-26', 0, 1);
INSERT INTO MEMBERSHIP (ID_Card, [Status], DateCreated, Point, ID_Level) VALUES (199, 1, '2024-11-24', 0, 1);
INSERT INTO MEMBERSHIP (ID_Card, [Status], DateCreated, Point, ID_Level) VALUES (200, 1, '2024-08-19', 0, 1);
INSERT INTO MEMBERSHIP (ID_Card, [Status], DateCreated, Point, ID_Level) VALUES (201, 1, '2024-06-27', 0, 1);
INSERT INTO MEMBERSHIP (ID_Card, [Status], DateCreated, Point, ID_Level) VALUES (202, 1, '2024-03-31', 0, 1);
INSERT INTO MEMBERSHIP (ID_Card, [Status], DateCreated, Point, ID_Level) VALUES (203, 1, '2024-04-20', 0, 1);
INSERT INTO MEMBERSHIP (ID_Card, [Status], DateCreated, Point, ID_Level) VALUES (204, 1, '2024-10-22', 0, 1);
INSERT INTO MEMBERSHIP (ID_Card, [Status], DateCreated, Point, ID_Level) VALUES (205, 1, '2024-03-20', 0, 1);
INSERT INTO MEMBERSHIP (ID_Card, [Status], DateCreated, Point, ID_Level) VALUES (206, 1, '2024-03-27', 0, 1);
INSERT INTO MEMBERSHIP (ID_Card, [Status], DateCreated, Point, ID_Level) VALUES (207, 1, '2024-05-10', 0, 1);
INSERT INTO MEMBERSHIP (ID_Card, [Status], DateCreated, Point, ID_Level) VALUES (208, 1, '2024-06-27', 0, 1);
INSERT INTO MEMBERSHIP (ID_Card, [Status], DateCreated, Point, ID_Level) VALUES (209, 1, '2024-05-20', 0, 1);
INSERT INTO MEMBERSHIP (ID_Card, [Status], DateCreated, Point, ID_Level) VALUES (210, 1, '2024-05-10', 0, 1);
INSERT INTO MEMBERSHIP (ID_Card, [Status], DateCreated, Point, ID_Level) VALUES (211, 1, '2024-12-17', 0, 1);
INSERT INTO MEMBERSHIP (ID_Card, [Status], DateCreated, Point, ID_Level) VALUES (212, 1, '2024-05-18', 0, 1);
INSERT INTO MEMBERSHIP (ID_Card, [Status], DateCreated, Point, ID_Level) VALUES (213, 1, '2024-06-13', 0, 1);
INSERT INTO MEMBERSHIP (ID_Card, [Status], DateCreated, Point, ID_Level) VALUES (214, 1, '2024-04-26', 0, 1);
INSERT INTO MEMBERSHIP (ID_Card, [Status], DateCreated, Point, ID_Level) VALUES (215, 1, '2024-09-19', 0, 1);
INSERT INTO MEMBERSHIP (ID_Card, [Status], DateCreated, Point, ID_Level) VALUES (216, 1, '2024-10-13', 0, 1);
INSERT INTO MEMBERSHIP (ID_Card, [Status], DateCreated, Point, ID_Level) VALUES (217, 1, '2024-05-05', 0, 1);
INSERT INTO MEMBERSHIP (ID_Card, [Status], DateCreated, Point, ID_Level) VALUES (218, 1, '2024-06-24', 0, 1);
INSERT INTO MEMBERSHIP (ID_Card, [Status], DateCreated, Point, ID_Level) VALUES (219, 1, '2024-01-16', 0, 1);
INSERT INTO MEMBERSHIP (ID_Card, [Status], DateCreated, Point, ID_Level) VALUES (220, 1, '2024-06-08', 0, 1);
INSERT INTO MEMBERSHIP (ID_Card, [Status], DateCreated, Point, ID_Level) VALUES (221, 1, '2024-03-18', 0, 1);
INSERT INTO MEMBERSHIP (ID_Card, [Status], DateCreated, Point, ID_Level) VALUES (222, 1, '2024-04-15', 0, 1);
INSERT INTO MEMBERSHIP (ID_Card, [Status], DateCreated, Point, ID_Level) VALUES (223, 1, '2024-08-09', 0, 1);
INSERT INTO MEMBERSHIP (ID_Card, [Status], DateCreated, Point, ID_Level) VALUES (224, 1, '2024-04-20', 0, 1);
INSERT INTO MEMBERSHIP (ID_Card, [Status], DateCreated, Point, ID_Level) VALUES (225, 1, '2024-01-08', 0, 1);
INSERT INTO MEMBERSHIP (ID_Card, [Status], DateCreated, Point, ID_Level) VALUES (226, 1, '2024-02-03', 0, 1);
INSERT INTO MEMBERSHIP (ID_Card, [Status], DateCreated, Point, ID_Level) VALUES (227, 1, '2024-05-10', 0, 1);
INSERT INTO MEMBERSHIP (ID_Card, [Status], DateCreated, Point, ID_Level) VALUES (228, 1, '2024-09-28', 0, 1);
INSERT INTO MEMBERSHIP (ID_Card, [Status], DateCreated, Point, ID_Level) VALUES (229, 1, '2024-09-21', 0, 1);
INSERT INTO MEMBERSHIP (ID_Card, [Status], DateCreated, Point, ID_Level) VALUES (230, 1, '2024-03-27', 0, 1);
INSERT INTO MEMBERSHIP (ID_Card, [Status], DateCreated, Point, ID_Level) VALUES (231, 1, '2024-12-15', 0, 1);
INSERT INTO MEMBERSHIP (ID_Card, [Status], DateCreated, Point, ID_Level) VALUES (232, 1, '2024-02-17', 0, 1);
INSERT INTO MEMBERSHIP (ID_Card, [Status], DateCreated, Point, ID_Level) VALUES (233, 1, '2024-09-15', 0, 1);
INSERT INTO MEMBERSHIP (ID_Card, [Status], DateCreated, Point, ID_Level) VALUES (234, 1, '2024-07-24', 0, 1);
INSERT INTO MEMBERSHIP (ID_Card, [Status], DateCreated, Point, ID_Level) VALUES (235, 1, '2024-05-20', 0, 1);
INSERT INTO MEMBERSHIP (ID_Card, [Status], DateCreated, Point, ID_Level) VALUES (236, 1, '2024-02-10', 0, 1);
INSERT INTO MEMBERSHIP (ID_Card, [Status], DateCreated, Point, ID_Level) VALUES (237, 1, '2024-07-17', 0, 1);
INSERT INTO MEMBERSHIP (ID_Card, [Status], DateCreated, Point, ID_Level) VALUES (238, 1, '2024-06-27', 0, 1);
INSERT INTO MEMBERSHIP (ID_Card, [Status], DateCreated, Point, ID_Level) VALUES (239, 1, '2024-09-23', 0, 1);
INSERT INTO MEMBERSHIP (ID_Card, [Status], DateCreated, Point, ID_Level) VALUES (240, 1, '2024-07-11', 0, 1);
INSERT INTO MEMBERSHIP (ID_Card, [Status], DateCreated, Point, ID_Level) VALUES (241, 1, '2024-08-06', 0, 1);
INSERT INTO MEMBERSHIP (ID_Card, [Status], DateCreated, Point, ID_Level) VALUES (242, 1, '2024-01-09', 0, 1);
INSERT INTO MEMBERSHIP (ID_Card, [Status], DateCreated, Point, ID_Level) VALUES (243, 1, '2024-08-22', 0, 1);
INSERT INTO MEMBERSHIP (ID_Card, [Status], DateCreated, Point, ID_Level) VALUES (244, 1, '2024-08-22', 0, 1);
INSERT INTO MEMBERSHIP (ID_Card, [Status], DateCreated, Point, ID_Level) VALUES (245, 1, '2024-06-01', 0, 1);
INSERT INTO MEMBERSHIP (ID_Card, [Status], DateCreated, Point, ID_Level) VALUES (246, 1, '2024-08-14', 0, 1);
INSERT INTO MEMBERSHIP (ID_Card, [Status], DateCreated, Point, ID_Level) VALUES (247, 1, '2024-09-04', 0, 1);
INSERT INTO MEMBERSHIP (ID_Card, [Status], DateCreated, Point, ID_Level) VALUES (248, 1, '2024-08-01', 0, 1);
INSERT INTO MEMBERSHIP (ID_Card, [Status], DateCreated, Point, ID_Level) VALUES (249, 1, '2024-12-15', 0, 1);
INSERT INTO MEMBERSHIP (ID_Card, [Status], DateCreated, Point, ID_Level) VALUES (250, 1, '2024-10-20', 0, 1);
INSERT INTO CUSTOMER (ID_Customer, CustomerName, PhoneNumber, Email, Gender, SSID, ID_Card) VALUES (1, 'Crystal Gonzales', '6423374087', 'jacksonvincent@example.org', 'M', '6844805467', 1);
INSERT INTO CUSTOMER (ID_Customer, CustomerName, PhoneNumber, Email, Gender, SSID, ID_Card) VALUES (2, 'Jonathan Hart', '7818259966', 'brandon90@example.org', 'F', '0130193581', 2);
INSERT INTO CUSTOMER (ID_Customer, CustomerName, PhoneNumber, Email, Gender, SSID, ID_Card) VALUES (3, 'Kimberly Mcdaniel', '8560673120', 'steven01@example.com', 'M', '0605762178', 3);
INSERT INTO CUSTOMER (ID_Customer, CustomerName, PhoneNumber, Email, Gender, SSID, ID_Card) VALUES (4, 'Mrs. Brianna Sanders', '2439703367', 'brenda78@example.com', 'F', '6075129735', 4);
INSERT INTO CUSTOMER (ID_Customer, CustomerName, PhoneNumber, Email, Gender, SSID, ID_Card) VALUES (5, 'Kayla Mccall', '5423201351', 'jamiepeters@example.org', 'M', '8392396810', 5);
INSERT INTO CUSTOMER (ID_Customer, CustomerName, PhoneNumber, Email, Gender, SSID, ID_Card) VALUES (6, 'Robert Melton', '7290318933', 'jessicaclark@example.com', 'M', '2779566918', 6);
INSERT INTO CUSTOMER (ID_Customer, CustomerName, PhoneNumber, Email, Gender, SSID, ID_Card) VALUES (7, 'Jacqueline Martinez', '9464849039', 'tyler39@example.net', 'F', '1629025649', 7);
INSERT INTO CUSTOMER (ID_Customer, CustomerName, PhoneNumber, Email, Gender, SSID, ID_Card) VALUES (8, 'Richard Hunter', '8991506654', 'villegasjohn@example.org', 'M', '3667467736', 8);
INSERT INTO CUSTOMER (ID_Customer, CustomerName, PhoneNumber, Email, Gender, SSID, ID_Card) VALUES (9, 'Robert Rangel', '3319988893', 'phernandez@example.org', 'F', '9456356487', 9);
INSERT INTO CUSTOMER (ID_Customer, CustomerName, PhoneNumber, Email, Gender, SSID, ID_Card) VALUES (10, 'Amy Barnes', '4202094756', 'brandy30@example.org', 'M', '8403144954', 10);
INSERT INTO CUSTOMER (ID_Customer, CustomerName, PhoneNumber, Email, Gender, SSID, ID_Card) VALUES (11, 'Katie Deleon', '9375022549', 'lisafernandez@example.org', 'F', '6713911744', 11);
INSERT INTO CUSTOMER (ID_Customer, CustomerName, PhoneNumber, Email, Gender, SSID, ID_Card) VALUES (12, 'Kristen Massey', '5466252427', 'david81@example.net', 'F', '4503978887', 12);
INSERT INTO CUSTOMER (ID_Customer, CustomerName, PhoneNumber, Email, Gender, SSID, ID_Card) VALUES (13, 'Richard Lynch', '0281198809', 'andersonrachel@example.com', 'F', '8142168246', 13);
INSERT INTO CUSTOMER (ID_Customer, CustomerName, PhoneNumber, Email, Gender, SSID, ID_Card) VALUES (14, 'Amy Shepard', '3583412502', 'chase00@example.org', 'M', '3213379953', 14);
INSERT INTO CUSTOMER (ID_Customer, CustomerName, PhoneNumber, Email, Gender, SSID, ID_Card) VALUES (15, 'Cynthia Perez', '0325783363', 'josephknapp@example.org', 'F', '0890019134', 15);
INSERT INTO CUSTOMER (ID_Customer, CustomerName, PhoneNumber, Email, Gender, SSID, ID_Card) VALUES (16, 'Deborah Day', '1815752137', 'roberto01@example.net', 'M', '6281132679', 16);
INSERT INTO CUSTOMER (ID_Customer, CustomerName, PhoneNumber, Email, Gender, SSID, ID_Card) VALUES (17, 'John Ray', '7186528811', 'christopher53@example.net', 'M', '3093565045', 17);
INSERT INTO CUSTOMER (ID_Customer, CustomerName, PhoneNumber, Email, Gender, SSID, ID_Card) VALUES (18, 'Jennifer Harrison', '5196125281', 'annettejordan@example.org', 'M', '6898161279', 18);
INSERT INTO CUSTOMER (ID_Customer, CustomerName, PhoneNumber, Email, Gender, SSID, ID_Card) VALUES (19, 'Mark Acevedo', '0175190648', 'michelewalsh@example.net', 'M', '5463824042', 19);
INSERT INTO CUSTOMER (ID_Customer, CustomerName, PhoneNumber, Email, Gender, SSID, ID_Card) VALUES (20, 'Amber Phillips', '5377590486', 'lawrence64@example.org', 'F', '3581914987', 20);
INSERT INTO CUSTOMER (ID_Customer, CustomerName, PhoneNumber, Email, Gender, SSID, ID_Card) VALUES (21, 'Reginald Hayes', '3590059328', 'ireynolds@example.net', 'F', '2168585545', 21);
INSERT INTO CUSTOMER (ID_Customer, CustomerName, PhoneNumber, Email, Gender, SSID, ID_Card) VALUES (22, 'Ricardo Garcia', '2587412907', 'jenkinssally@example.com', 'M', '1164120271', 22);
INSERT INTO CUSTOMER (ID_Customer, CustomerName, PhoneNumber, Email, Gender, SSID, ID_Card) VALUES (23, 'Whitney Turner', '5075176933', 'bfranklin@example.net', 'F', '4220258780', 23);
INSERT INTO CUSTOMER (ID_Customer, CustomerName, PhoneNumber, Email, Gender, SSID, ID_Card) VALUES (24, 'Teresa Vazquez', '5473952795', 'bhawkins@example.net', 'M', '9546246596', 24);
INSERT INTO CUSTOMER (ID_Customer, CustomerName, PhoneNumber, Email, Gender, SSID, ID_Card) VALUES (25, 'Jessica Bowen', '9684824989', 'jonesdonald@example.net', 'M', '0814515877', 25);
INSERT INTO CUSTOMER (ID_Customer, CustomerName, PhoneNumber, Email, Gender, SSID, ID_Card) VALUES (26, 'Howard Gomez', '2848936403', 'davidchandler@example.net', 'M', '5096183849', 26);
INSERT INTO CUSTOMER (ID_Customer, CustomerName, PhoneNumber, Email, Gender, SSID, ID_Card) VALUES (27, 'Pamela Walker', '4236946485', 'lestervicki@example.net', 'F', '4795162347', 27);
INSERT INTO CUSTOMER (ID_Customer, CustomerName, PhoneNumber, Email, Gender, SSID, ID_Card) VALUES (28, 'Lisa Miller', '0088746069', 'erica58@example.org', 'F', '2897237139', 28);
INSERT INTO CUSTOMER (ID_Customer, CustomerName, PhoneNumber, Email, Gender, SSID, ID_Card) VALUES (29, 'Susan Smith', '7464119516', 'tracyvillanueva@example.org', 'M', '6107764355', 29);
INSERT INTO CUSTOMER (ID_Customer, CustomerName, PhoneNumber, Email, Gender, SSID, ID_Card) VALUES (30, 'Stephanie Graham', '0397340351', 'howard94@example.net', 'M', '0487066807', 30);
INSERT INTO CUSTOMER (ID_Customer, CustomerName, PhoneNumber, Email, Gender, SSID, ID_Card) VALUES (31, 'Justin Sandoval', '4654817767', 'yperez@example.net', 'F', '1983376717', 31);
INSERT INTO CUSTOMER (ID_Customer, CustomerName, PhoneNumber, Email, Gender, SSID, ID_Card) VALUES (32, 'Lauren Mason', '9178980949', 'jessica11@example.org', 'M', '7134312657', 32);
INSERT INTO CUSTOMER (ID_Customer, CustomerName, PhoneNumber, Email, Gender, SSID, ID_Card) VALUES (33, 'Deborah Boyle', '6779650515', 'dgibbs@example.org', 'M', '0105603517', 33);
INSERT INTO CUSTOMER (ID_Customer, CustomerName, PhoneNumber, Email, Gender, SSID, ID_Card) VALUES (34, 'Sabrina Kennedy', '6979507051', 'johnsonrussell@example.net', 'M', '5827806394', 34);
INSERT INTO CUSTOMER (ID_Customer, CustomerName, PhoneNumber, Email, Gender, SSID, ID_Card) VALUES (35, 'Tiffany Holden', '8166616421', 'howardandrea@example.net', 'M', '0433572656', 35);
INSERT INTO CUSTOMER (ID_Customer, CustomerName, PhoneNumber, Email, Gender, SSID, ID_Card) VALUES (36, 'Kara Morgan', '3122178349', 'zcarter@example.net', 'M', '1722758943', 36);
INSERT INTO CUSTOMER (ID_Customer, CustomerName, PhoneNumber, Email, Gender, SSID, ID_Card) VALUES (37, 'Kathleen Schultz', '0158664903', 'william33@example.com', 'M', '3167449405', 37);
INSERT INTO CUSTOMER (ID_Customer, CustomerName, PhoneNumber, Email, Gender, SSID, ID_Card) VALUES (38, 'David Walker', '8060414258', 'john61@example.com', 'F', '3024924290', 38);
INSERT INTO CUSTOMER (ID_Customer, CustomerName, PhoneNumber, Email, Gender, SSID, ID_Card) VALUES (39, 'Kimberly Lee', '1478232834', 'padillamichelle@example.org', 'M', '4155825866', 39);
INSERT INTO CUSTOMER (ID_Customer, CustomerName, PhoneNumber, Email, Gender, SSID, ID_Card) VALUES (40, 'Angela Long', '8339344735', 'amurphy@example.org', 'M', '8779939587', 40);
INSERT INTO CUSTOMER (ID_Customer, CustomerName, PhoneNumber, Email, Gender, SSID, ID_Card) VALUES (41, 'Chris Powell', '5248161172', 'cookchristopher@example.net', 'F', '3704646679', 41);
INSERT INTO CUSTOMER (ID_Customer, CustomerName, PhoneNumber, Email, Gender, SSID, ID_Card) VALUES (42, 'Lee Good', '8276974438', 'hjones@example.com', 'M', '7780925013', 42);
INSERT INTO CUSTOMER (ID_Customer, CustomerName, PhoneNumber, Email, Gender, SSID, ID_Card) VALUES (43, 'Jillian King', '0216631904', 'samantha09@example.com', 'F', '2322802778', 43);
INSERT INTO CUSTOMER (ID_Customer, CustomerName, PhoneNumber, Email, Gender, SSID, ID_Card) VALUES (44, 'John Hernandez', '3407699145', 'zkhan@example.org', 'M', '1596919832', 44);
INSERT INTO CUSTOMER (ID_Customer, CustomerName, PhoneNumber, Email, Gender, SSID, ID_Card) VALUES (45, 'Kenneth Wu MD', '8515472188', 'kathryn53@example.net', 'M', '3926088687', 45);
INSERT INTO CUSTOMER (ID_Customer, CustomerName, PhoneNumber, Email, Gender, SSID, ID_Card) VALUES (46, 'Christopher Price', '7932915858', 'ucardenas@example.net', 'F', '7904514395', 46);
INSERT INTO CUSTOMER (ID_Customer, CustomerName, PhoneNumber, Email, Gender, SSID, ID_Card) VALUES (47, 'Jesse Payne', '7138598024', 'nhobbs@example.org', 'M', '2163965669', 47);
INSERT INTO CUSTOMER (ID_Customer, CustomerName, PhoneNumber, Email, Gender, SSID, ID_Card) VALUES (48, 'Jonathan Garcia', '0304128025', 'hartmichael@example.com', 'F', '8682709677', 48);
INSERT INTO CUSTOMER (ID_Customer, CustomerName, PhoneNumber, Email, Gender, SSID, ID_Card) VALUES (49, 'Sarah Frank', '8908196199', 'yrobertson@example.com', 'F', '6296040505', 49);
INSERT INTO CUSTOMER (ID_Customer, CustomerName, PhoneNumber, Email, Gender, SSID, ID_Card) VALUES (50, 'Kenneth Walker', '5462095558', 'bradley17@example.org', 'M', '8931880253', 50);
INSERT INTO CUSTOMER (ID_Customer, CustomerName, PhoneNumber, Email, Gender, SSID, ID_Card) VALUES (51, 'Ashley Price', '8260011533', 'elainehughes@example.com', 'M', '8369999040', 51);
INSERT INTO CUSTOMER (ID_Customer, CustomerName, PhoneNumber, Email, Gender, SSID, ID_Card) VALUES (52, 'Richard Marsh', '8920045138', 'cunninghamkaren@example.net', 'F', '7425049149', 52);
INSERT INTO CUSTOMER (ID_Customer, CustomerName, PhoneNumber, Email, Gender, SSID, ID_Card) VALUES (53, 'Michelle Chavez', '5563764280', 'ygill@example.net', 'F', '2331205512', 53);
INSERT INTO CUSTOMER (ID_Customer, CustomerName, PhoneNumber, Email, Gender, SSID, ID_Card) VALUES (54, 'Steven Cherry', '4308027170', 'stephenboyd@example.net', 'F', '9432704769', 54);
INSERT INTO CUSTOMER (ID_Customer, CustomerName, PhoneNumber, Email, Gender, SSID, ID_Card) VALUES (55, 'Heather Castillo', '2677497087', 'lisa60@example.net', 'M', '0783203313', 55);
INSERT INTO CUSTOMER (ID_Customer, CustomerName, PhoneNumber, Email, Gender, SSID, ID_Card) VALUES (56, 'Colin Herrera Jr.', '6839242778', 'turnerfrank@example.com', 'F', '0419618364', 56);
INSERT INTO CUSTOMER (ID_Customer, CustomerName, PhoneNumber, Email, Gender, SSID, ID_Card) VALUES (57, 'Elizabeth Choi', '3848016487', 'derekanderson@example.org', 'F', '1761512946', 57);
INSERT INTO CUSTOMER (ID_Customer, CustomerName, PhoneNumber, Email, Gender, SSID, ID_Card) VALUES (58, 'Joseph Crosby', '2542681485', 'stephanie53@example.org', 'M', '7068692292', 58);
INSERT INTO CUSTOMER (ID_Customer, CustomerName, PhoneNumber, Email, Gender, SSID, ID_Card) VALUES (59, 'Miranda Murphy', '0286040684', 'randy69@example.com', 'F', '9816706214', 59);
INSERT INTO CUSTOMER (ID_Customer, CustomerName, PhoneNumber, Email, Gender, SSID, ID_Card) VALUES (60, 'Cheyenne Tran', '5699871437', 'tylersalinas@example.net', 'F', '6625614479', 60);
INSERT INTO CUSTOMER (ID_Customer, CustomerName, PhoneNumber, Email, Gender, SSID, ID_Card) VALUES (61, 'Suzanne Cain', '5334921732', 'amiller@example.com', 'M', '3528117676', 61);
INSERT INTO CUSTOMER (ID_Customer, CustomerName, PhoneNumber, Email, Gender, SSID, ID_Card) VALUES (62, 'Bradley Beck', '2985315145', 'xcohen@example.net', 'M', '2903921456', 62);
INSERT INTO CUSTOMER (ID_Customer, CustomerName, PhoneNumber, Email, Gender, SSID, ID_Card) VALUES (63, 'Alex Lewis', '3082303148', 'stacey25@example.net', 'F', '0233007883', 63);
INSERT INTO CUSTOMER (ID_Customer, CustomerName, PhoneNumber, Email, Gender, SSID, ID_Card) VALUES (64, 'Jonathan Woods', '8686160816', 'kimberlyhall@example.net', 'M', '7445337963', 64);
INSERT INTO CUSTOMER (ID_Customer, CustomerName, PhoneNumber, Email, Gender, SSID, ID_Card) VALUES (65, 'Gary Taylor', '9416118826', 'fosterjonathan@example.org', 'M', '1695897130', 65);
INSERT INTO CUSTOMER (ID_Customer, CustomerName, PhoneNumber, Email, Gender, SSID, ID_Card) VALUES (66, 'Mary Lopez', '5545706547', 'starkkyle@example.net', 'M', '8745111968', 66);
INSERT INTO CUSTOMER (ID_Customer, CustomerName, PhoneNumber, Email, Gender, SSID, ID_Card) VALUES (67, 'Brian Kerr', '3030454070', 'deannalee@example.com', 'F', '0699203671', 67);
INSERT INTO CUSTOMER (ID_Customer, CustomerName, PhoneNumber, Email, Gender, SSID, ID_Card) VALUES (68, 'Linda Wright', '7075613807', 'lsmith@example.net', 'M', '2762987001', 68);
INSERT INTO CUSTOMER (ID_Customer, CustomerName, PhoneNumber, Email, Gender, SSID, ID_Card) VALUES (69, 'Charles King', '4759334915', 'rcameron@example.net', 'F', '6868895746', 69);
INSERT INTO CUSTOMER (ID_Customer, CustomerName, PhoneNumber, Email, Gender, SSID, ID_Card) VALUES (70, 'Michelle Scott', '6793515398', 'ltodd@example.com', 'F', '7563499675', 70);
INSERT INTO CUSTOMER (ID_Customer, CustomerName, PhoneNumber, Email, Gender, SSID, ID_Card) VALUES (71, 'Loretta Potter', '1696070372', 'hancockscott@example.org', 'F', '2186447084', 71);
INSERT INTO CUSTOMER (ID_Customer, CustomerName, PhoneNumber, Email, Gender, SSID, ID_Card) VALUES (72, 'Anthony Moreno', '0136241346', 'lvasquez@example.org', 'F', '6352385956', 72);
INSERT INTO CUSTOMER (ID_Customer, CustomerName, PhoneNumber, Email, Gender, SSID, ID_Card) VALUES (73, 'Jason Vargas', '6572287391', 'mortonjohn@example.com', 'F', '0463397705', 73);
INSERT INTO CUSTOMER (ID_Customer, CustomerName, PhoneNumber, Email, Gender, SSID, ID_Card) VALUES (74, 'Victoria Mendez', '8759827742', 'megan02@example.org', 'M', '6333416371', 74);
INSERT INTO CUSTOMER (ID_Customer, CustomerName, PhoneNumber, Email, Gender, SSID, ID_Card) VALUES (75, 'Bradley Shaw', '1281497182', 'joel94@example.org', 'F', '2070994532', 75);
INSERT INTO CUSTOMER (ID_Customer, CustomerName, PhoneNumber, Email, Gender, SSID, ID_Card) VALUES (76, 'Daniel Pineda', '4232803754', 'randycannon@example.org', 'M', '7549094422', 76);
INSERT INTO CUSTOMER (ID_Customer, CustomerName, PhoneNumber, Email, Gender, SSID, ID_Card) VALUES (77, 'Felicia Reyes', '7799594407', 'wwhite@example.org', 'F', '0438610811', 77);
INSERT INTO CUSTOMER (ID_Customer, CustomerName, PhoneNumber, Email, Gender, SSID, ID_Card) VALUES (78, 'Mr. George Hall', '6474724148', 'teresafields@example.net', 'M', '8234057878', 78);
INSERT INTO CUSTOMER (ID_Customer, CustomerName, PhoneNumber, Email, Gender, SSID, ID_Card) VALUES (79, 'Teresa Lambert', '7783117330', 'nicholascampbell@example.org', 'M', '3831992074', 79);
INSERT INTO CUSTOMER (ID_Customer, CustomerName, PhoneNumber, Email, Gender, SSID, ID_Card) VALUES (80, 'Michael Miller', '7282932410', 'cmills@example.net', 'F', '5398866611', 80);
INSERT INTO CUSTOMER (ID_Customer, CustomerName, PhoneNumber, Email, Gender, SSID, ID_Card) VALUES (81, 'Patricia Ballard', '3691690157', 'scottlamb@example.org', 'F', '7334008178', 81);
INSERT INTO CUSTOMER (ID_Customer, CustomerName, PhoneNumber, Email, Gender, SSID, ID_Card) VALUES (82, 'Sara Doyle', '0891963725', 'zberry@example.org', 'F', '8084078331', 82);
INSERT INTO CUSTOMER (ID_Customer, CustomerName, PhoneNumber, Email, Gender, SSID, ID_Card) VALUES (83, 'Ann Moore', '0093752655', 'jessebenson@example.com', 'M', '5832819153', 83);
INSERT INTO CUSTOMER (ID_Customer, CustomerName, PhoneNumber, Email, Gender, SSID, ID_Card) VALUES (84, 'Dr. Lisa Webb', '1995190438', 'james62@example.org', 'F', '7356833380', 84);
INSERT INTO CUSTOMER (ID_Customer, CustomerName, PhoneNumber, Email, Gender, SSID, ID_Card) VALUES (85, 'Christina Cooper', '6969063468', 'jeffrey77@example.com', 'F', '7968663058', 85);
INSERT INTO CUSTOMER (ID_Customer, CustomerName, PhoneNumber, Email, Gender, SSID, ID_Card) VALUES (86, 'Daniel Bradley', '5164433437', 'martincourtney@example.net', 'M', '5005850767', 86);
INSERT INTO CUSTOMER (ID_Customer, CustomerName, PhoneNumber, Email, Gender, SSID, ID_Card) VALUES (87, 'Sarah Gibbs', '8334465441', 'nathanperkins@example.net', 'F', '6141742147', 87);
INSERT INTO CUSTOMER (ID_Customer, CustomerName, PhoneNumber, Email, Gender, SSID, ID_Card) VALUES (88, 'Erin Jefferson', '0767897985', 'nielsencarlos@example.net', 'F', '6856208658', 88);
INSERT INTO CUSTOMER (ID_Customer, CustomerName, PhoneNumber, Email, Gender, SSID, ID_Card) VALUES (89, 'Charles Dougherty', '7239761815', 'dakotagolden@example.org', 'M', '2625546298', 89);
INSERT INTO CUSTOMER (ID_Customer, CustomerName, PhoneNumber, Email, Gender, SSID, ID_Card) VALUES (90, 'Phillip Myers', '4637049560', 'arichardson@example.net', 'F', '6985935030', 90);
INSERT INTO CUSTOMER (ID_Customer, CustomerName, PhoneNumber, Email, Gender, SSID, ID_Card) VALUES (91, 'Darin Kent', '5458796794', 'edward05@example.com', 'F', '5760875379', 91);
INSERT INTO CUSTOMER (ID_Customer, CustomerName, PhoneNumber, Email, Gender, SSID, ID_Card) VALUES (92, 'Erica Shepard', '9086283200', 'rachelmichael@example.net', 'M', '4696324850', 92);
INSERT INTO CUSTOMER (ID_Customer, CustomerName, PhoneNumber, Email, Gender, SSID, ID_Card) VALUES (93, 'Gregory Taylor', '3664186571', 'mendozaangela@example.org', 'M', '2187918985', 93);
INSERT INTO CUSTOMER (ID_Customer, CustomerName, PhoneNumber, Email, Gender, SSID, ID_Card) VALUES (94, 'James Farmer', '4609644756', 'catherinemahoney@example.com', 'M', '6721541263', 94);
INSERT INTO CUSTOMER (ID_Customer, CustomerName, PhoneNumber, Email, Gender, SSID, ID_Card) VALUES (95, 'Cassandra Wilson', '2823931691', 'kaylacopeland@example.org', 'F', '0422898314', 95);
INSERT INTO CUSTOMER (ID_Customer, CustomerName, PhoneNumber, Email, Gender, SSID, ID_Card) VALUES (96, 'Cynthia Morris', '3916491560', 'davidmoore@example.org', 'M', '9059166458', 96);
INSERT INTO CUSTOMER (ID_Customer, CustomerName, PhoneNumber, Email, Gender, SSID, ID_Card) VALUES (97, 'Chad Reid', '9130575401', 'whiterussell@example.org', 'F', '2118019151', 97);
INSERT INTO CUSTOMER (ID_Customer, CustomerName, PhoneNumber, Email, Gender, SSID, ID_Card) VALUES (98, 'Barbara Braun', '0769023973', 'oscarperkins@example.org', 'M', '1684770350', 98);
INSERT INTO CUSTOMER (ID_Customer, CustomerName, PhoneNumber, Email, Gender, SSID, ID_Card) VALUES (99, 'Joseph Rogers', '8546203385', 'curtisjennifer@example.org', 'M', '4880875178', 99);
INSERT INTO CUSTOMER (ID_Customer, CustomerName, PhoneNumber, Email, Gender, SSID, ID_Card) VALUES (100, 'Sandy Hill', '4382903643', 'davidbailey@example.com', 'F', '0111607103', 100);
INSERT INTO CUSTOMER (ID_Customer, CustomerName, PhoneNumber, Email, Gender, SSID, ID_Card) VALUES (101, 'Julie Walker', '3769615047', 'cheryl10@example.com', 'F', '7067218989', 101);
INSERT INTO CUSTOMER (ID_Customer, CustomerName, PhoneNumber, Email, Gender, SSID, ID_Card) VALUES (102, 'Terri Williams', '6625439516', 'zclark@example.org', 'F', '9906375781', 102);
INSERT INTO CUSTOMER (ID_Customer, CustomerName, PhoneNumber, Email, Gender, SSID, ID_Card) VALUES (103, 'Paul Lowe', '1780415104', 'pschneider@example.com', 'F', '6161836195', 103);
INSERT INTO CUSTOMER (ID_Customer, CustomerName, PhoneNumber, Email, Gender, SSID, ID_Card) VALUES (104, 'Donald Jacobs', '2824970909', 'melissaclark@example.com', 'F', '8648710160', 104);
INSERT INTO CUSTOMER (ID_Customer, CustomerName, PhoneNumber, Email, Gender, SSID, ID_Card) VALUES (105, 'Michael Webster', '5550814276', 'hickmanamy@example.com', 'F', '5403546086', 105);
INSERT INTO CUSTOMER (ID_Customer, CustomerName, PhoneNumber, Email, Gender, SSID, ID_Card) VALUES (106, 'Susan Rodgers', '8894812515', 'matthewyoung@example.org', 'M', '3150268498', 106);
INSERT INTO CUSTOMER (ID_Customer, CustomerName, PhoneNumber, Email, Gender, SSID, ID_Card) VALUES (107, 'Julie White', '7071889993', 'gfrost@example.com', 'M', '2864265361', 107);
INSERT INTO CUSTOMER (ID_Customer, CustomerName, PhoneNumber, Email, Gender, SSID, ID_Card) VALUES (108, 'Beth Patterson', '4832637383', 'lisa44@example.org', 'F', '8021666744', 108);
INSERT INTO CUSTOMER (ID_Customer, CustomerName, PhoneNumber, Email, Gender, SSID, ID_Card) VALUES (109, 'Heather Combs', '3253019222', 'broach@example.org', 'M', '3118011042', 109);
INSERT INTO CUSTOMER (ID_Customer, CustomerName, PhoneNumber, Email, Gender, SSID, ID_Card) VALUES (110, 'Pamela Cobb', '5564420185', 'iclements@example.com', 'F', '5988749823', 110);
INSERT INTO CUSTOMER (ID_Customer, CustomerName, PhoneNumber, Email, Gender, SSID, ID_Card) VALUES (111, 'Caroline Phillips', '1226871966', 'mramsey@example.org', 'F', '8303860254', 111);
INSERT INTO CUSTOMER (ID_Customer, CustomerName, PhoneNumber, Email, Gender, SSID, ID_Card) VALUES (112, 'Dr. James Johnson', '5268501906', 'moniquenelson@example.com', 'M', '1135864341', 112);
INSERT INTO CUSTOMER (ID_Customer, CustomerName, PhoneNumber, Email, Gender, SSID, ID_Card) VALUES (113, 'Marcus Morris', '3140533503', 'kellyguerrero@example.com', 'F', '4152014874', 113);
INSERT INTO CUSTOMER (ID_Customer, CustomerName, PhoneNumber, Email, Gender, SSID, ID_Card) VALUES (114, 'Daniel Bates', '1127820446', 'ericksonjames@example.net', 'F', '6048901886', 114);
INSERT INTO CUSTOMER (ID_Customer, CustomerName, PhoneNumber, Email, Gender, SSID, ID_Card) VALUES (115, 'Michelle Perez', '9490987214', 'jeremiah60@example.com', 'F', '8686145110', 115);
INSERT INTO CUSTOMER (ID_Customer, CustomerName, PhoneNumber, Email, Gender, SSID, ID_Card) VALUES (116, 'Adrian Roy Jr.', '2608996587', 'quinnjoy@example.com', 'F', '5062033146', 116);
INSERT INTO CUSTOMER (ID_Customer, CustomerName, PhoneNumber, Email, Gender, SSID, ID_Card) VALUES (117, 'John Cruz', '6377431771', 'qwilson@example.org', 'F', '7669513014', 117);
INSERT INTO CUSTOMER (ID_Customer, CustomerName, PhoneNumber, Email, Gender, SSID, ID_Card) VALUES (118, 'Lawrence Sherman', '9244446955', 'shannon45@example.org', 'M', '6351263589', 118);
INSERT INTO CUSTOMER (ID_Customer, CustomerName, PhoneNumber, Email, Gender, SSID, ID_Card) VALUES (119, 'Madison Jones', '8054142071', 'michelle90@example.org', 'M', '3701845310', 119);
INSERT INTO CUSTOMER (ID_Customer, CustomerName, PhoneNumber, Email, Gender, SSID, ID_Card) VALUES (120, 'Brendan Frost', '5183405964', 'christina46@example.org', 'M', '0125696032', 120);
INSERT INTO CUSTOMER (ID_Customer, CustomerName, PhoneNumber, Email, Gender, SSID, ID_Card) VALUES (121, 'Alexandria Hernandez', '9619207395', 'mgonzalez@example.org', 'F', '1194102318', 121);
INSERT INTO CUSTOMER (ID_Customer, CustomerName, PhoneNumber, Email, Gender, SSID, ID_Card) VALUES (122, 'Isaac Dixon', '0438668462', 'eric60@example.org', 'M', '3867998244', 122);
INSERT INTO CUSTOMER (ID_Customer, CustomerName, PhoneNumber, Email, Gender, SSID, ID_Card) VALUES (123, 'Paul Petty', '4044826418', 'lcunningham@example.net', 'M', '0338079067', 123);
INSERT INTO CUSTOMER (ID_Customer, CustomerName, PhoneNumber, Email, Gender, SSID, ID_Card) VALUES (124, 'Seth Merritt', '2355116495', 'ilopez@example.net', 'M', '7164115241', 124);
INSERT INTO CUSTOMER (ID_Customer, CustomerName, PhoneNumber, Email, Gender, SSID, ID_Card) VALUES (125, 'Fred Cruz', '9834837229', 'schwartzdaniel@example.net', 'M', '5225129905', 125);
INSERT INTO CUSTOMER (ID_Customer, CustomerName, PhoneNumber, Email, Gender, SSID, ID_Card) VALUES (126, 'Jennifer Flowers', '7090128031', 'emilysmith@example.net', 'M', '3558296027', 126);
INSERT INTO CUSTOMER (ID_Customer, CustomerName, PhoneNumber, Email, Gender, SSID, ID_Card) VALUES (127, 'Kirsten Perez', '1800401551', 'jon11@example.org', 'M', '1944036920', 127);
INSERT INTO CUSTOMER (ID_Customer, CustomerName, PhoneNumber, Email, Gender, SSID, ID_Card) VALUES (128, 'Christine Robinson', '9244813332', 'anthony57@example.org', 'F', '6950754716', 128);
INSERT INTO CUSTOMER (ID_Customer, CustomerName, PhoneNumber, Email, Gender, SSID, ID_Card) VALUES (129, 'Jessica Carr', '9887457872', 'ryantanya@example.com', 'M', '1762021432', 129);
INSERT INTO CUSTOMER (ID_Customer, CustomerName, PhoneNumber, Email, Gender, SSID, ID_Card) VALUES (130, 'Mark Sanders', '7028297942', 'patrick67@example.com', 'M', '8400645967', 130);
INSERT INTO CUSTOMER (ID_Customer, CustomerName, PhoneNumber, Email, Gender, SSID, ID_Card) VALUES (131, 'Todd Patrick', '6516722987', 'lindsay86@example.org', 'F', '2150033756', 131);
INSERT INTO CUSTOMER (ID_Customer, CustomerName, PhoneNumber, Email, Gender, SSID, ID_Card) VALUES (132, 'Teresa Wu', '7203097891', 'patrick93@example.net', 'M', '8879415015', 132);
INSERT INTO CUSTOMER (ID_Customer, CustomerName, PhoneNumber, Email, Gender, SSID, ID_Card) VALUES (133, 'Thomas Liu', '7275678275', 'jaime14@example.net', 'F', '9224827071', 133);
INSERT INTO CUSTOMER (ID_Customer, CustomerName, PhoneNumber, Email, Gender, SSID, ID_Card) VALUES (134, 'Carl Smith', '6223466514', 'ylamb@example.com', 'F', '6326334142', 134);
INSERT INTO CUSTOMER (ID_Customer, CustomerName, PhoneNumber, Email, Gender, SSID, ID_Card) VALUES (135, 'Audrey Kim', '1916056586', 'garciarandall@example.com', 'F', '4448816219', 135);
INSERT INTO CUSTOMER (ID_Customer, CustomerName, PhoneNumber, Email, Gender, SSID, ID_Card) VALUES (136, 'John Phelps', '4026326858', 'reedkelly@example.com', 'F', '0624338902', 136);
INSERT INTO CUSTOMER (ID_Customer, CustomerName, PhoneNumber, Email, Gender, SSID, ID_Card) VALUES (137, 'Michelle Fletcher', '8020941015', 'martha26@example.org', 'M', '2298332708', 137);
INSERT INTO CUSTOMER (ID_Customer, CustomerName, PhoneNumber, Email, Gender, SSID, ID_Card) VALUES (138, 'Lisa Jimenez', '1159441891', 'lboyer@example.net', 'M', '2236282268', 138);
INSERT INTO CUSTOMER (ID_Customer, CustomerName, PhoneNumber, Email, Gender, SSID, ID_Card) VALUES (139, 'Rebecca Vasquez', '0923997539', 'john78@example.net', 'F', '3491354452', 139);
INSERT INTO CUSTOMER (ID_Customer, CustomerName, PhoneNumber, Email, Gender, SSID, ID_Card) VALUES (140, 'Olivia Greene', '8782324600', 'alexander22@example.org', 'F', '0620271429', 140);
INSERT INTO CUSTOMER (ID_Customer, CustomerName, PhoneNumber, Email, Gender, SSID, ID_Card) VALUES (141, 'Peter Bridges', '2733037944', 'patrick33@example.net', 'F', '0514712917', 141);
INSERT INTO CUSTOMER (ID_Customer, CustomerName, PhoneNumber, Email, Gender, SSID, ID_Card) VALUES (142, 'Cynthia Brooks', '9201779260', 'solisamber@example.net', 'M', '5624354235', 142);
INSERT INTO CUSTOMER (ID_Customer, CustomerName, PhoneNumber, Email, Gender, SSID, ID_Card) VALUES (143, 'Kevin Figueroa', '0980268514', 'james61@example.com', 'M', '3398450364', 143);
INSERT INTO CUSTOMER (ID_Customer, CustomerName, PhoneNumber, Email, Gender, SSID, ID_Card) VALUES (144, 'Caitlyn Henry', '3027152164', 'ayalataylor@example.com', 'F', '3587730375', 144);
INSERT INTO CUSTOMER (ID_Customer, CustomerName, PhoneNumber, Email, Gender, SSID, ID_Card) VALUES (145, 'Wanda Nelson', '6356118600', 'qturner@example.com', 'M', '4637702287', 145);
INSERT INTO CUSTOMER (ID_Customer, CustomerName, PhoneNumber, Email, Gender, SSID, ID_Card) VALUES (146, 'Jennifer Fisher', '4566034807', 'ashley98@example.org', 'M', '1017453096', 146);
INSERT INTO CUSTOMER (ID_Customer, CustomerName, PhoneNumber, Email, Gender, SSID, ID_Card) VALUES (147, 'Elaine Berry', '4134125890', 'edavis@example.net', 'M', '4558930474', 147);
INSERT INTO CUSTOMER (ID_Customer, CustomerName, PhoneNumber, Email, Gender, SSID, ID_Card) VALUES (148, 'Krystal Lowery', '5422953618', 'fischerchase@example.com', 'F', '5814525089', 148);
INSERT INTO CUSTOMER (ID_Customer, CustomerName, PhoneNumber, Email, Gender, SSID, ID_Card) VALUES (149, 'Daniel Bell', '3489008567', 'megan44@example.com', 'M', '6836925587', 149);
INSERT INTO CUSTOMER (ID_Customer, CustomerName, PhoneNumber, Email, Gender, SSID, ID_Card) VALUES (150, 'Randall Lawson', '8229128698', 'dmitchell@example.com', 'M', '5639022167', 150);
INSERT INTO CUSTOMER (ID_Customer, CustomerName, PhoneNumber, Email, Gender, SSID, ID_Card) VALUES (151, 'Jennifer Bush MD', '0291173665', 'markmartin@example.org', 'M', '1373559834', 151);
INSERT INTO CUSTOMER (ID_Customer, CustomerName, PhoneNumber, Email, Gender, SSID, ID_Card) VALUES (152, 'Mariah Guerrero', '0398262415', 'uwhite@example.org', 'F', '1223078932', 152);
INSERT INTO CUSTOMER (ID_Customer, CustomerName, PhoneNumber, Email, Gender, SSID, ID_Card) VALUES (153, 'Patricia Ellis', '6888749180', 'jillingram@example.net', 'F', '9334242227', 153);
INSERT INTO CUSTOMER (ID_Customer, CustomerName, PhoneNumber, Email, Gender, SSID, ID_Card) VALUES (154, 'Robert Adams', '0288015226', 'imoyer@example.org', 'M', '1036419455', 154);
INSERT INTO CUSTOMER (ID_Customer, CustomerName, PhoneNumber, Email, Gender, SSID, ID_Card) VALUES (155, 'Vincent Vargas', '2338971357', 'gpeterson@example.com', 'M', '6515668939', 155);
INSERT INTO CUSTOMER (ID_Customer, CustomerName, PhoneNumber, Email, Gender, SSID, ID_Card) VALUES (156, 'Michael Dunlap', '9454560757', 'adurham@example.net', 'M', '0567808773', 156);
INSERT INTO CUSTOMER (ID_Customer, CustomerName, PhoneNumber, Email, Gender, SSID, ID_Card) VALUES (157, 'Charles Bradshaw', '5578784897', 'mary11@example.org', 'F', '1306331529', 157);
INSERT INTO CUSTOMER (ID_Customer, CustomerName, PhoneNumber, Email, Gender, SSID, ID_Card) VALUES (158, 'Stacy Gray', '4693575966', 'christopher17@example.com', 'M', '6571662534', 158);
INSERT INTO CUSTOMER (ID_Customer, CustomerName, PhoneNumber, Email, Gender, SSID, ID_Card) VALUES (159, 'Thomas Krueger', '1347266045', 'knightjason@example.org', 'F', '6370902004', 159);
INSERT INTO CUSTOMER (ID_Customer, CustomerName, PhoneNumber, Email, Gender, SSID, ID_Card) VALUES (160, 'Cody Roth', '0426452476', 'martinezjulia@example.org', 'M', '0342601565', 160);
INSERT INTO CUSTOMER (ID_Customer, CustomerName, PhoneNumber, Email, Gender, SSID, ID_Card) VALUES (161, 'Heather Harper', '5144626978', 'richardscasey@example.org', 'F', '2011083965', 161);
INSERT INTO CUSTOMER (ID_Customer, CustomerName, PhoneNumber, Email, Gender, SSID, ID_Card) VALUES (162, 'Gregory Rodriguez', '6298185999', 'amyallen@example.org', 'F', '8318893099', 162);
INSERT INTO CUSTOMER (ID_Customer, CustomerName, PhoneNumber, Email, Gender, SSID, ID_Card) VALUES (163, 'Charles Mitchell', '3234124222', 'wagnerkatelyn@example.net', 'F', '8993716675', 163);
INSERT INTO CUSTOMER (ID_Customer, CustomerName, PhoneNumber, Email, Gender, SSID, ID_Card) VALUES (164, 'Jennifer Schroeder', '0252002465', 'michael24@example.com', 'M', '3198723285', 164);
INSERT INTO CUSTOMER (ID_Customer, CustomerName, PhoneNumber, Email, Gender, SSID, ID_Card) VALUES (165, 'Nicole Robinson', '5023233512', 'harringtonpaul@example.org', 'M', '6617883362', 165);
INSERT INTO CUSTOMER (ID_Customer, CustomerName, PhoneNumber, Email, Gender, SSID, ID_Card) VALUES (166, 'Peter Cox', '9043489049', 'lisa27@example.org', 'M', '2747773670', 166);
INSERT INTO CUSTOMER (ID_Customer, CustomerName, PhoneNumber, Email, Gender, SSID, ID_Card) VALUES (167, 'Joyce Johnson', '2001235708', 'hectorjones@example.net', 'M', '3067229269', 167);
INSERT INTO CUSTOMER (ID_Customer, CustomerName, PhoneNumber, Email, Gender, SSID, ID_Card) VALUES (168, 'Stephanie Summers', '6674220621', 'awalker@example.org', 'M', '6196670511', 168);
INSERT INTO CUSTOMER (ID_Customer, CustomerName, PhoneNumber, Email, Gender, SSID, ID_Card) VALUES (169, 'Maria Keller', '6543153977', 'sarahhoffman@example.com', 'M', '6378205401', 169);
INSERT INTO CUSTOMER (ID_Customer, CustomerName, PhoneNumber, Email, Gender, SSID, ID_Card) VALUES (170, 'Ashley Hughes', '7111971424', 'andrea93@example.org', 'F', '6005626002', 170);
INSERT INTO CUSTOMER (ID_Customer, CustomerName, PhoneNumber, Email, Gender, SSID, ID_Card) VALUES (171, 'Jared Ellis', '8684056048', 'felicia10@example.org', 'M', '1669211662', 171);
INSERT INTO CUSTOMER (ID_Customer, CustomerName, PhoneNumber, Email, Gender, SSID, ID_Card) VALUES (172, 'Wendy Jones', '1989676174', 'ugarcia@example.org', 'M', '2697637103', 172);
INSERT INTO CUSTOMER (ID_Customer, CustomerName, PhoneNumber, Email, Gender, SSID, ID_Card) VALUES (173, 'Emily Smith', '2449649535', 'tyler38@example.net', 'F', '4845553546', 173);
INSERT INTO CUSTOMER (ID_Customer, CustomerName, PhoneNumber, Email, Gender, SSID, ID_Card) VALUES (174, 'Jessica Tran', '2860242181', 'emily22@example.com', 'M', '4081381446', 174);
INSERT INTO CUSTOMER (ID_Customer, CustomerName, PhoneNumber, Email, Gender, SSID, ID_Card) VALUES (175, 'Toni Smith', '2248685756', 'brad65@example.com', 'F', '8179838531', 175);
INSERT INTO CUSTOMER (ID_Customer, CustomerName, PhoneNumber, Email, Gender, SSID, ID_Card) VALUES (176, 'Shannon Richardson', '8018758232', 'shawn82@example.org', 'M', '1311302791', 176);
INSERT INTO CUSTOMER (ID_Customer, CustomerName, PhoneNumber, Email, Gender, SSID, ID_Card) VALUES (177, 'Jessica Lewis', '2346621726', 'lisa88@example.net', 'M', '9002005209', 177);
INSERT INTO CUSTOMER (ID_Customer, CustomerName, PhoneNumber, Email, Gender, SSID, ID_Card) VALUES (178, 'Robert Rodriguez', '7817614317', 'brownjulia@example.net', 'F', '3764129481', 178);
INSERT INTO CUSTOMER (ID_Customer, CustomerName, PhoneNumber, Email, Gender, SSID, ID_Card) VALUES (179, 'Melissa Schmidt', '1758460171', 'christinabutler@example.net', 'M', '9165284641', 179);
INSERT INTO CUSTOMER (ID_Customer, CustomerName, PhoneNumber, Email, Gender, SSID, ID_Card) VALUES (180, 'Adam Carter', '0231813999', 'flowersdanielle@example.com', 'F', '5109251722', 180);
INSERT INTO CUSTOMER (ID_Customer, CustomerName, PhoneNumber, Email, Gender, SSID, ID_Card) VALUES (181, 'Robert Proctor', '7697497638', 'emilybrown@example.net', 'M', '1535353096', 181);
INSERT INTO CUSTOMER (ID_Customer, CustomerName, PhoneNumber, Email, Gender, SSID, ID_Card) VALUES (182, 'James Martinez', '7403031595', 'webstermatthew@example.com', 'M', '4576416340', 182);
INSERT INTO CUSTOMER (ID_Customer, CustomerName, PhoneNumber, Email, Gender, SSID, ID_Card) VALUES (183, 'Lisa Jones', '4226751045', 'melissamitchell@example.com', 'F', '6821190535', 183);
INSERT INTO CUSTOMER (ID_Customer, CustomerName, PhoneNumber, Email, Gender, SSID, ID_Card) VALUES (184, 'Shari Allen', '5855681912', 'amaxwell@example.com', 'F', '5471971335', 184);
INSERT INTO CUSTOMER (ID_Customer, CustomerName, PhoneNumber, Email, Gender, SSID, ID_Card) VALUES (185, 'Jason Scott', '0739292241', 'muellersarah@example.net', 'F', '4007618586', 185);
INSERT INTO CUSTOMER (ID_Customer, CustomerName, PhoneNumber, Email, Gender, SSID, ID_Card) VALUES (186, 'Donald Sullivan', '3786421874', 'wgriffin@example.net', 'F', '1416037718', 186);
INSERT INTO CUSTOMER (ID_Customer, CustomerName, PhoneNumber, Email, Gender, SSID, ID_Card) VALUES (187, 'Heather Jordan', '3866101272', 'mcummings@example.com', 'M', '2441808208', 187);
INSERT INTO CUSTOMER (ID_Customer, CustomerName, PhoneNumber, Email, Gender, SSID, ID_Card) VALUES (188, 'Kim Drake', '3898793774', 'jbooker@example.com', 'F', '9238993728', 188);
INSERT INTO CUSTOMER (ID_Customer, CustomerName, PhoneNumber, Email, Gender, SSID, ID_Card) VALUES (189, 'Christy Jordan', '9707828349', 'wallsryan@example.com', 'M', '1276023623', 189);
INSERT INTO CUSTOMER (ID_Customer, CustomerName, PhoneNumber, Email, Gender, SSID, ID_Card) VALUES (190, 'Carla Allen', '4469355617', 'gjohnson@example.org', 'M', '8331060797', 190);
INSERT INTO CUSTOMER (ID_Customer, CustomerName, PhoneNumber, Email, Gender, SSID, ID_Card) VALUES (191, 'Kristopher Gonzalez', '4603205208', 'jacquelinemccoy@example.org', 'M', '5257073411', 191);
INSERT INTO CUSTOMER (ID_Customer, CustomerName, PhoneNumber, Email, Gender, SSID, ID_Card) VALUES (192, 'Richard Lyons', '6424119722', 'melissaenglish@example.com', 'F', '6173852373', 192);
INSERT INTO CUSTOMER (ID_Customer, CustomerName, PhoneNumber, Email, Gender, SSID, ID_Card) VALUES (193, 'Lindsey Nelson', '6571256196', 'kevinyoung@example.net', 'F', '7031534072', 193);
INSERT INTO CUSTOMER (ID_Customer, CustomerName, PhoneNumber, Email, Gender, SSID, ID_Card) VALUES (194, 'Stephen Howe', '8013973796', 'johnvalencia@example.org', 'M', '0919735486', 194);
INSERT INTO CUSTOMER (ID_Customer, CustomerName, PhoneNumber, Email, Gender, SSID, ID_Card) VALUES (195, 'Jeffrey Weaver', '8774795149', 'mossalexander@example.com', 'M', '0862744718', 195);
INSERT INTO CUSTOMER (ID_Customer, CustomerName, PhoneNumber, Email, Gender, SSID, ID_Card) VALUES (196, 'Stacey Kline', '1032640807', 'kmatthews@example.net', 'F', '0421215166', 196);
INSERT INTO CUSTOMER (ID_Customer, CustomerName, PhoneNumber, Email, Gender, SSID, ID_Card) VALUES (197, 'George Jackson', '6452423925', 'sean38@example.net', 'M', '3278084792', 197);
INSERT INTO CUSTOMER (ID_Customer, CustomerName, PhoneNumber, Email, Gender, SSID, ID_Card) VALUES (198, 'Juan Fuentes', '5624072398', 'kim27@example.com', 'M', '1988169366', 198);
INSERT INTO CUSTOMER (ID_Customer, CustomerName, PhoneNumber, Email, Gender, SSID, ID_Card) VALUES (199, 'Julie Benton', '2173947451', 'rodgersandrew@example.net', 'F', '3808921805', 199);
INSERT INTO CUSTOMER (ID_Customer, CustomerName, PhoneNumber, Email, Gender, SSID, ID_Card) VALUES (200, 'Brandon Chavez', '0950232949', 'campbellgregory@example.com', 'F', '8221634267', 200);
INSERT INTO CUSTOMER (ID_Customer, CustomerName, PhoneNumber, Email, Gender, SSID, ID_Card) VALUES (201, 'Wendy Davis', '9000357152', 'harveyjulia@example.com', 'M', '9124486982', 201);
INSERT INTO CUSTOMER (ID_Customer, CustomerName, PhoneNumber, Email, Gender, SSID, ID_Card) VALUES (202, 'Catherine Hart', '2043555709', 'zrivera@example.org', 'M', '2436831556', 202);
INSERT INTO CUSTOMER (ID_Customer, CustomerName, PhoneNumber, Email, Gender, SSID, ID_Card) VALUES (203, 'Michele Landry', '9522187214', 'eric29@example.org', 'F', '5676232212', 203);
INSERT INTO CUSTOMER (ID_Customer, CustomerName, PhoneNumber, Email, Gender, SSID, ID_Card) VALUES (204, 'Mr. Dean Salinas PhD', '8415719258', 'michelle77@example.org', 'M', '0561315901', 204);
INSERT INTO CUSTOMER (ID_Customer, CustomerName, PhoneNumber, Email, Gender, SSID, ID_Card) VALUES (205, 'James Green', '0643735290', 'margaretmatthews@example.net', 'F', '8606791456', 205);
INSERT INTO CUSTOMER (ID_Customer, CustomerName, PhoneNumber, Email, Gender, SSID, ID_Card) VALUES (206, 'David Reyes', '0845596500', 'zflores@example.com', 'M', '4662249995', 206);
INSERT INTO CUSTOMER (ID_Customer, CustomerName, PhoneNumber, Email, Gender, SSID, ID_Card) VALUES (207, 'Paula Suarez', '1440014204', 'edward08@example.org', 'F', '7263765458', 207);
INSERT INTO CUSTOMER (ID_Customer, CustomerName, PhoneNumber, Email, Gender, SSID, ID_Card) VALUES (208, 'Zachary Wilson', '8453359492', 'wilsoncindy@example.net', 'F', '4305843102', 208);
INSERT INTO CUSTOMER (ID_Customer, CustomerName, PhoneNumber, Email, Gender, SSID, ID_Card) VALUES (209, 'Kendra Strong', '4712363186', 'wwilson@example.org', 'F', '5810511820', 209);
INSERT INTO CUSTOMER (ID_Customer, CustomerName, PhoneNumber, Email, Gender, SSID, ID_Card) VALUES (210, 'David Boyd', '5858556080', 'jamiemccoy@example.com', 'F', '2079904104', 210);
INSERT INTO CUSTOMER (ID_Customer, CustomerName, PhoneNumber, Email, Gender, SSID, ID_Card) VALUES (211, 'Dr. Nicholas Hawkins', '1891573809', 'suttondenise@example.net', 'M', '8292125668', 211);
INSERT INTO CUSTOMER (ID_Customer, CustomerName, PhoneNumber, Email, Gender, SSID, ID_Card) VALUES (212, 'Gregory Levine', '1488503114', 'brendapatel@example.net', 'M', '6802108200', 212);
INSERT INTO CUSTOMER (ID_Customer, CustomerName, PhoneNumber, Email, Gender, SSID, ID_Card) VALUES (213, 'Heather Petersen', '2338412654', 'alexanderschwartz@example.com', 'M', '1386053377', 213);
INSERT INTO CUSTOMER (ID_Customer, CustomerName, PhoneNumber, Email, Gender, SSID, ID_Card) VALUES (214, 'Renee Wright', '3168013104', 'breed@example.com', 'F', '5968650565', 214);
INSERT INTO CUSTOMER (ID_Customer, CustomerName, PhoneNumber, Email, Gender, SSID, ID_Card) VALUES (215, 'Carolyn Smith', '6048126459', 'katie11@example.org', 'M', '0396069894', 215);
INSERT INTO CUSTOMER (ID_Customer, CustomerName, PhoneNumber, Email, Gender, SSID, ID_Card) VALUES (216, 'Joyce Bernard', '3014561521', 'sonyayoung@example.org', 'M', '2292435504', 216);
INSERT INTO CUSTOMER (ID_Customer, CustomerName, PhoneNumber, Email, Gender, SSID, ID_Card) VALUES (217, 'Christopher West', '8824741646', 'whitakermegan@example.org', 'F', '2265537693', 217);
INSERT INTO CUSTOMER (ID_Customer, CustomerName, PhoneNumber, Email, Gender, SSID, ID_Card) VALUES (218, 'Bryan Li', '4708284345', 'coffeymelinda@example.net', 'F', '0995754634', 218);
INSERT INTO CUSTOMER (ID_Customer, CustomerName, PhoneNumber, Email, Gender, SSID, ID_Card) VALUES (219, 'William Armstrong', '7873391890', 'michellecook@example.org', 'F', '7742424895', 219);
INSERT INTO CUSTOMER (ID_Customer, CustomerName, PhoneNumber, Email, Gender, SSID, ID_Card) VALUES (220, 'Anthony Chen', '5276260507', 'lwilkins@example.net', 'M', '4640936524', 220);
INSERT INTO CUSTOMER (ID_Customer, CustomerName, PhoneNumber, Email, Gender, SSID, ID_Card) VALUES (221, 'Lori Barnes', '1738011879', 'lgentry@example.com', 'F', '6931379336', 221);
INSERT INTO CUSTOMER (ID_Customer, CustomerName, PhoneNumber, Email, Gender, SSID, ID_Card) VALUES (222, 'Brittany Jackson', '8742987177', 'rodriguezdavid@example.org', 'F', '2676516254', 222);
INSERT INTO CUSTOMER (ID_Customer, CustomerName, PhoneNumber, Email, Gender, SSID, ID_Card) VALUES (223, 'John Wallace IV', '9401751450', 'spencerhernandez@example.net', 'M', '7129327917', 223);
INSERT INTO CUSTOMER (ID_Customer, CustomerName, PhoneNumber, Email, Gender, SSID, ID_Card) VALUES (224, 'John White', '9136381337', 'kristyswanson@example.org', 'M', '9189707958', 224);
INSERT INTO CUSTOMER (ID_Customer, CustomerName, PhoneNumber, Email, Gender, SSID, ID_Card) VALUES (225, 'Amy Franklin', '3253928116', 'alisha37@example.org', 'F', '1630566607', 225);
INSERT INTO CUSTOMER (ID_Customer, CustomerName, PhoneNumber, Email, Gender, SSID, ID_Card) VALUES (226, 'Clifford Williams', '1969008714', 'mray@example.net', 'F', '9266796606', 226);
INSERT INTO CUSTOMER (ID_Customer, CustomerName, PhoneNumber, Email, Gender, SSID, ID_Card) VALUES (227, 'Robert Jones', '2132125782', 'sparksderrick@example.org', 'F', '1250799531', 227);
INSERT INTO CUSTOMER (ID_Customer, CustomerName, PhoneNumber, Email, Gender, SSID, ID_Card) VALUES (228, 'Madison Blake', '9608060085', 'melendezangela@example.org', 'F', '4825926836', 228);
INSERT INTO CUSTOMER (ID_Customer, CustomerName, PhoneNumber, Email, Gender, SSID, ID_Card) VALUES (229, 'Scott Jacobs', '8410463730', 'ehawkins@example.org', 'F', '9181625560', 229);
INSERT INTO CUSTOMER (ID_Customer, CustomerName, PhoneNumber, Email, Gender, SSID, ID_Card) VALUES (230, 'Jonathan Lopez', '1385013365', 'nwarner@example.com', 'F', '5242637354', 230);
INSERT INTO CUSTOMER (ID_Customer, CustomerName, PhoneNumber, Email, Gender, SSID, ID_Card) VALUES (231, 'Anthony Daniels', '2439594395', 'brittanysimpson@example.net', 'F', '9713933235', 231);
INSERT INTO CUSTOMER (ID_Customer, CustomerName, PhoneNumber, Email, Gender, SSID, ID_Card) VALUES (232, 'Tabitha Vargas', '3048827460', 'luis19@example.org', 'F', '7869661632', 232);
INSERT INTO CUSTOMER (ID_Customer, CustomerName, PhoneNumber, Email, Gender, SSID, ID_Card) VALUES (233, 'Stephanie Mcclure', '8782126482', 'norriselizabeth@example.com', 'M', '1280289202', 233);
INSERT INTO CUSTOMER (ID_Customer, CustomerName, PhoneNumber, Email, Gender, SSID, ID_Card) VALUES (234, 'Katelyn Jackson', '6357282562', 'handerson@example.org', 'F', '3186268635', 234);
INSERT INTO CUSTOMER (ID_Customer, CustomerName, PhoneNumber, Email, Gender, SSID, ID_Card) VALUES (235, 'Pamela Kelley', '6581185974', 'ianhunt@example.org', 'M', '4593729787', 235);
INSERT INTO CUSTOMER (ID_Customer, CustomerName, PhoneNumber, Email, Gender, SSID, ID_Card) VALUES (236, 'Benjamin Ramirez', '6311211636', 'olsensteve@example.com', 'F', '6241682105', 236);
INSERT INTO CUSTOMER (ID_Customer, CustomerName, PhoneNumber, Email, Gender, SSID, ID_Card) VALUES (237, 'Karen Griffin', '0200658024', 'jruiz@example.net', 'F', '4075906069', 237);
INSERT INTO CUSTOMER (ID_Customer, CustomerName, PhoneNumber, Email, Gender, SSID, ID_Card) VALUES (238, 'Ronald Robinson', '0304173568', 'morrownathaniel@example.net', 'F', '9740049433', 238);
INSERT INTO CUSTOMER (ID_Customer, CustomerName, PhoneNumber, Email, Gender, SSID, ID_Card) VALUES (239, 'Theresa Guzman', '4568553761', 'okrause@example.com', 'M', '2212146818', 239);
INSERT INTO CUSTOMER (ID_Customer, CustomerName, PhoneNumber, Email, Gender, SSID, ID_Card) VALUES (240, 'Danielle Miller', '2879844443', 'johnsonnancy@example.org', 'F', '3604861727', 240);
INSERT INTO CUSTOMER (ID_Customer, CustomerName, PhoneNumber, Email, Gender, SSID, ID_Card) VALUES (241, 'Kaitlyn Gallagher', '7701550239', 'jennifer16@example.com', 'M', '7447758441', 241);
INSERT INTO CUSTOMER (ID_Customer, CustomerName, PhoneNumber, Email, Gender, SSID, ID_Card) VALUES (242, 'Thomas Francis', '0430490296', 'rwilliams@example.net', 'F', '4515579943', 242);
INSERT INTO CUSTOMER (ID_Customer, CustomerName, PhoneNumber, Email, Gender, SSID, ID_Card) VALUES (243, 'David Garcia', '7497841025', 'collierpatrick@example.org', 'M', '8044347047', 243);
INSERT INTO CUSTOMER (ID_Customer, CustomerName, PhoneNumber, Email, Gender, SSID, ID_Card) VALUES (244, 'Jerry Ramos', '5497875294', 'rmcintyre@example.net', 'M', '5074508502', 244);
INSERT INTO CUSTOMER (ID_Customer, CustomerName, PhoneNumber, Email, Gender, SSID, ID_Card) VALUES (245, 'Mikayla Carter', '1871968665', 'nathancampbell@example.com', 'M', '6165071476', 245);
INSERT INTO CUSTOMER (ID_Customer, CustomerName, PhoneNumber, Email, Gender, SSID, ID_Card) VALUES (246, 'Isabella Ramirez', '7594047573', 'hopkinspatrick@example.org', 'M', '0975904502', 246);
INSERT INTO CUSTOMER (ID_Customer, CustomerName, PhoneNumber, Email, Gender, SSID, ID_Card) VALUES (247, 'Daniel Sanchez', '2766465713', 'ulane@example.net', 'M', '8787049563', 247);
INSERT INTO CUSTOMER (ID_Customer, CustomerName, PhoneNumber, Email, Gender, SSID, ID_Card) VALUES (248, 'Jennifer Werner', '0767027703', 'mbanks@example.org', 'F', '3328657904', 248);
INSERT INTO CUSTOMER (ID_Customer, CustomerName, PhoneNumber, Email, Gender, SSID, ID_Card) VALUES (249, 'Steven Preston', '5465835453', 'longbrooke@example.org', 'F', '5139354136', 249);
INSERT INTO CUSTOMER (ID_Customer, CustomerName, PhoneNumber, Email, Gender, SSID, ID_Card) VALUES (250, 'Maureen Nelson', '8360463740', 'lisa66@example.net', 'M', '7844886252', 250);
INSERT INTO REVIEW (ID_Review, ServiceScore, FoodScore, BranchScore, PriceScore, Comment) VALUES (1, 2, 4, 5, 3, 'Majority dinner note shoulder good hospital scientist.');
INSERT INTO REVIEW (ID_Review, ServiceScore, FoodScore, BranchScore, PriceScore, Comment) VALUES (2, 5, 1, 2, 5, 'Mean rather good purpose teach.');
INSERT INTO REVIEW (ID_Review, ServiceScore, FoodScore, BranchScore, PriceScore, Comment) VALUES (3, 1, 1, 3, 3, 'Open build hear.');
INSERT INTO REVIEW (ID_Review, ServiceScore, FoodScore, BranchScore, PriceScore, Comment) VALUES (4, 5, 3, 2, 4, 'Music relate military economy central almost detail.');
INSERT INTO REVIEW (ID_Review, ServiceScore, FoodScore, BranchScore, PriceScore, Comment) VALUES (5, 1, 4, 3, 1, 'Build those after trouble skill economy body.');
INSERT INTO REVIEW (ID_Review, ServiceScore, FoodScore, BranchScore, PriceScore, Comment) VALUES (6, 3, 4, 4, 3, 'Boy officer minute away.');
INSERT INTO REVIEW (ID_Review, ServiceScore, FoodScore, BranchScore, PriceScore, Comment) VALUES (7, 2, 5, 1, 1, 'Size art production outside.');
INSERT INTO REVIEW (ID_Review, ServiceScore, FoodScore, BranchScore, PriceScore, Comment) VALUES (8, 2, 5, 3, 4, 'Respond ground role east.');
INSERT INTO REVIEW (ID_Review, ServiceScore, FoodScore, BranchScore, PriceScore, Comment) VALUES (9, 1, 5, 3, 5, 'Mean reflect process glass ask.');
INSERT INTO REVIEW (ID_Review, ServiceScore, FoodScore, BranchScore, PriceScore, Comment) VALUES (10, 4, 1, 5, 5, 'Production stop PM feel standard individual per.');
INSERT INTO REVIEW (ID_Review, ServiceScore, FoodScore, BranchScore, PriceScore, Comment) VALUES (11, 4, 3, 2, 4, 'While coach firm school by inside hope.');
INSERT INTO REVIEW (ID_Review, ServiceScore, FoodScore, BranchScore, PriceScore, Comment) VALUES (12, 5, 2, 3, 4, 'Drive population with fund.');
INSERT INTO REVIEW (ID_Review, ServiceScore, FoodScore, BranchScore, PriceScore, Comment) VALUES (13, 1, 1, 5, 4, 'See investment business among.');
INSERT INTO REVIEW (ID_Review, ServiceScore, FoodScore, BranchScore, PriceScore, Comment) VALUES (14, 4, 2, 4, 1, 'Themselves good contain best law perform organization.');
INSERT INTO REVIEW (ID_Review, ServiceScore, FoodScore, BranchScore, PriceScore, Comment) VALUES (15, 3, 2, 3, 1, 'Step establish experience society check.');
INSERT INTO REVIEW (ID_Review, ServiceScore, FoodScore, BranchScore, PriceScore, Comment) VALUES (16, 2, 1, 4, 1, 'Wear continue easy area several above fire.');
INSERT INTO REVIEW (ID_Review, ServiceScore, FoodScore, BranchScore, PriceScore, Comment) VALUES (17, 3, 2, 3, 2, 'At certain future.');
INSERT INTO REVIEW (ID_Review, ServiceScore, FoodScore, BranchScore, PriceScore, Comment) VALUES (18, 2, 4, 4, 2, 'Operation above receive.');
INSERT INTO REVIEW (ID_Review, ServiceScore, FoodScore, BranchScore, PriceScore, Comment) VALUES (19, 1, 2, 4, 2, 'Citizen loss tax environment third send.');
INSERT INTO REVIEW (ID_Review, ServiceScore, FoodScore, BranchScore, PriceScore, Comment) VALUES (20, 2, 5, 3, 5, 'Member seem serve artist become defense.');
INSERT INTO REVIEW (ID_Review, ServiceScore, FoodScore, BranchScore, PriceScore, Comment) VALUES (21, 5, 2, 4, 4, 'Break feeling better keep different share.');
INSERT INTO REVIEW (ID_Review, ServiceScore, FoodScore, BranchScore, PriceScore, Comment) VALUES (22, 4, 1, 2, 2, 'Hair leader girl suggest country.');
INSERT INTO REVIEW (ID_Review, ServiceScore, FoodScore, BranchScore, PriceScore, Comment) VALUES (23, 2, 5, 4, 5, 'Arrive affect five long enough theory vote.');
INSERT INTO REVIEW (ID_Review, ServiceScore, FoodScore, BranchScore, PriceScore, Comment) VALUES (24, 2, 1, 5, 3, 'Whether sign student theory two need.');
INSERT INTO REVIEW (ID_Review, ServiceScore, FoodScore, BranchScore, PriceScore, Comment) VALUES (25, 2, 1, 1, 2, 'Compare six federal according instead newspaper.');
INSERT INTO REVIEW (ID_Review, ServiceScore, FoodScore, BranchScore, PriceScore, Comment) VALUES (26, 1, 3, 5, 5, 'Important light doctor new grow again pick wife.');
INSERT INTO REVIEW (ID_Review, ServiceScore, FoodScore, BranchScore, PriceScore, Comment) VALUES (27, 2, 3, 1, 5, 'Product audience agent parent himself.');
INSERT INTO REVIEW (ID_Review, ServiceScore, FoodScore, BranchScore, PriceScore, Comment) VALUES (28, 1, 2, 4, 1, 'Dog race identify help herself.');
INSERT INTO REVIEW (ID_Review, ServiceScore, FoodScore, BranchScore, PriceScore, Comment) VALUES (29, 5, 4, 4, 3, 'Eight concern head most.');
INSERT INTO REVIEW (ID_Review, ServiceScore, FoodScore, BranchScore, PriceScore, Comment) VALUES (30, 3, 4, 4, 3, 'Above action tree unit.');
INSERT INTO REVIEW (ID_Review, ServiceScore, FoodScore, BranchScore, PriceScore, Comment) VALUES (31, 5, 4, 3, 4, 'Factor event sell maintain nearly serve.');
INSERT INTO REVIEW (ID_Review, ServiceScore, FoodScore, BranchScore, PriceScore, Comment) VALUES (32, 1, 4, 3, 2, 'Data bill ever cell behind less.');
INSERT INTO REVIEW (ID_Review, ServiceScore, FoodScore, BranchScore, PriceScore, Comment) VALUES (33, 2, 1, 2, 3, 'Improve town move model strategy seven night box.');
INSERT INTO REVIEW (ID_Review, ServiceScore, FoodScore, BranchScore, PriceScore, Comment) VALUES (34, 5, 1, 5, 5, 'Pm build laugh dog loss word.');
INSERT INTO REVIEW (ID_Review, ServiceScore, FoodScore, BranchScore, PriceScore, Comment) VALUES (35, 4, 4, 2, 1, 'So want his without democratic official rich trial.');
INSERT INTO REVIEW (ID_Review, ServiceScore, FoodScore, BranchScore, PriceScore, Comment) VALUES (36, 3, 5, 3, 3, 'Eight change think small level between entire.');
INSERT INTO REVIEW (ID_Review, ServiceScore, FoodScore, BranchScore, PriceScore, Comment) VALUES (37, 5, 4, 2, 5, 'Since save summer wall hold world.');
INSERT INTO REVIEW (ID_Review, ServiceScore, FoodScore, BranchScore, PriceScore, Comment) VALUES (38, 2, 3, 4, 4, 'Participant expect direction family enjoy.');
INSERT INTO REVIEW (ID_Review, ServiceScore, FoodScore, BranchScore, PriceScore, Comment) VALUES (39, 2, 2, 5, 4, 'Understand around town music off.');
INSERT INTO REVIEW (ID_Review, ServiceScore, FoodScore, BranchScore, PriceScore, Comment) VALUES (40, 5, 4, 1, 1, 'Environmental two huge newspaper college.');
INSERT INTO REVIEW (ID_Review, ServiceScore, FoodScore, BranchScore, PriceScore, Comment) VALUES (41, 4, 1, 5, 2, 'Tv environment test respond onto student area score.');
INSERT INTO REVIEW (ID_Review, ServiceScore, FoodScore, BranchScore, PriceScore, Comment) VALUES (42, 3, 2, 4, 1, 'Prevent film speak term.');
INSERT INTO REVIEW (ID_Review, ServiceScore, FoodScore, BranchScore, PriceScore, Comment) VALUES (43, 4, 2, 2, 4, 'Myself quickly body worry.');
INSERT INTO REVIEW (ID_Review, ServiceScore, FoodScore, BranchScore, PriceScore, Comment) VALUES (44, 3, 3, 5, 2, 'Throughout few determine increase beat summer.');
INSERT INTO REVIEW (ID_Review, ServiceScore, FoodScore, BranchScore, PriceScore, Comment) VALUES (45, 4, 3, 2, 5, 'Conference item skill involve own article economy person.');
INSERT INTO [ORDER] (ID_Order, ID_Table, OrderDate, TotalPrice, ActualPrice, ID_Customer, ID_Review, ID_Employee, ID_Branch) VALUES (1, 55, '2024-07-12', 0, 0, 7, 1, 127, 3);
INSERT INTO [ORDER] (ID_Order, ID_Table, OrderDate, TotalPrice, ActualPrice, ID_Customer, ID_Review, ID_Employee, ID_Branch) VALUES (2, 72, '2023-07-05', 0, 0, 33, 2, 55, 3);
INSERT INTO [ORDER] (ID_Order, ID_Table, OrderDate, TotalPrice, ActualPrice, ID_Customer, ID_Review, ID_Employee, ID_Branch) VALUES (3, 82, '2024-06-26', 0, 0, 21, 3, 14, 4);
INSERT INTO [ORDER] (ID_Order, ID_Table, OrderDate, TotalPrice, ActualPrice, ID_Customer, ID_Review, ID_Employee, ID_Branch) VALUES (4, 220, '2024-06-11', 0, 0, 14, 4, 121, 9);
INSERT INTO [ORDER] (ID_Order, ID_Table, OrderDate, TotalPrice, ActualPrice, ID_Customer, ID_Review, ID_Employee, ID_Branch) VALUES (5, 260, '2024-07-25', 0, 0, 37, 5, 89, 11);
INSERT INTO [ORDER] (ID_Order, ID_Table, OrderDate, TotalPrice, ActualPrice, ID_Customer, ID_Review, ID_Employee, ID_Branch) VALUES (6, 236, '2024-01-14', 0, 0, 17, 6, 133, 10);
INSERT INTO [ORDER] (ID_Order, ID_Table, OrderDate, TotalPrice, ActualPrice, ID_Customer, ID_Review, ID_Employee, ID_Branch) VALUES (7, 52, '2024-02-08', 0, 0, 14, 7, 153, 3);
INSERT INTO [ORDER] (ID_Order, ID_Table, OrderDate, TotalPrice, ActualPrice, ID_Customer, ID_Review, ID_Employee, ID_Branch) VALUES (8, 216, '2024-11-01', 0, 0, 18, 8, 146, 9);
INSERT INTO [ORDER] (ID_Order, ID_Table, OrderDate, TotalPrice, ActualPrice, ID_Customer, ID_Review, ID_Employee, ID_Branch) VALUES (9, 336, '2024-04-20', 0, 0, 17, 9, 171, 14);
INSERT INTO [ORDER] (ID_Order, ID_Table, OrderDate, TotalPrice, ActualPrice, ID_Customer, ID_Review, ID_Employee, ID_Branch) VALUES (10, 99, '2024-02-08', 0, 0, 13, 10, 191, 4);
INSERT INTO [ORDER] (ID_Order, ID_Table, OrderDate, TotalPrice, ActualPrice, ID_Customer, ID_Review, ID_Employee, ID_Branch) VALUES (11, 16, '2023-11-02', 0, 0, 7, 11, 68, 1);
INSERT INTO [ORDER] (ID_Order, ID_Table, OrderDate, TotalPrice, ActualPrice, ID_Customer, ID_Review, ID_Employee, ID_Branch) VALUES (12, 100, '2023-06-07', 0, 0, 20, 12, 69, 4);
INSERT INTO [ORDER] (ID_Order, ID_Table, OrderDate, TotalPrice, ActualPrice, ID_Customer, ID_Review, ID_Employee, ID_Branch) VALUES (13, 283, '2023-02-06', 0, 0, 22, 13, 200, 12);
INSERT INTO [ORDER] (ID_Order, ID_Table, OrderDate, TotalPrice, ActualPrice, ID_Customer, ID_Review, ID_Employee, ID_Branch) VALUES (14, 295, '2023-01-09', 0, 0, 2, 14, 184, 12);
INSERT INTO [ORDER] (ID_Order, ID_Table, OrderDate, TotalPrice, ActualPrice, ID_Customer, ID_Review, ID_Employee, ID_Branch) VALUES (15, 125, '2024-07-17', 0, 0, 42, 15, 82, 5);
INSERT INTO [ORDER] (ID_Order, ID_Table, OrderDate, TotalPrice, ActualPrice, ID_Customer, ID_Review, ID_Employee, ID_Branch) VALUES (16, 111, '2023-12-14', 0, 0, 8, 16, 225, 5);
INSERT INTO [ORDER] (ID_Order, ID_Table, OrderDate, TotalPrice, ActualPrice, ID_Customer, ID_Review, ID_Employee, ID_Branch) VALUES (17, 272, '2024-02-15', 0, 0, 27, 17, 98, 11);
INSERT INTO [ORDER] (ID_Order, ID_Table, OrderDate, TotalPrice, ActualPrice, ID_Customer, ID_Review, ID_Employee, ID_Branch) VALUES (18, 287, '2024-11-22', 0, 0, 40, 18, 161, 12);
INSERT INTO [ORDER] (ID_Order, ID_Table, OrderDate, TotalPrice, ActualPrice, ID_Customer, ID_Review, ID_Employee, ID_Branch) VALUES (19, 212, '2024-09-05', 0, 0, 14, 19, 174, 9);
INSERT INTO [ORDER] (ID_Order, ID_Table, OrderDate, TotalPrice, ActualPrice, ID_Customer, ID_Review, ID_Employee, ID_Branch) VALUES (20, 147, '2024-08-08', 0, 0, 27, 20, 219, 6);
INSERT INTO [ORDER] (ID_Order, ID_Table, OrderDate, TotalPrice, ActualPrice, ID_Customer, ID_Review, ID_Employee, ID_Branch) VALUES (21, 69, '2024-09-08', 0, 0, 22, 21, 154, 3);
INSERT INTO [ORDER] (ID_Order, ID_Table, OrderDate, TotalPrice, ActualPrice, ID_Customer, ID_Review, ID_Employee, ID_Branch) VALUES (22, 132, '2023-08-15', 0, 0, 16, 22, 84, 5);
INSERT INTO [ORDER] (ID_Order, ID_Table, OrderDate, TotalPrice, ActualPrice, ID_Customer, ID_Review, ID_Employee, ID_Branch) VALUES (23, 56, '2024-12-08', 0, 0, 36, 23, 175, 3);
INSERT INTO [ORDER] (ID_Order, ID_Table, OrderDate, TotalPrice, ActualPrice, ID_Customer, ID_Review, ID_Employee, ID_Branch) VALUES (24, 38, '2024-07-19', 0, 0, 42, 24, 77, 2);
INSERT INTO [ORDER] (ID_Order, ID_Table, OrderDate, TotalPrice, ActualPrice, ID_Customer, ID_Review, ID_Employee, ID_Branch) VALUES (25, 222, '2023-03-17', 0, 0, 10, 25, 114, 9);
INSERT INTO [ORDER] (ID_Order, ID_Table, OrderDate, TotalPrice, ActualPrice, ID_Customer, ID_Review, ID_Employee, ID_Branch) VALUES (26, 34, '2023-01-05', 0, 0, 9, 26, 86, 2);
INSERT INTO [ORDER] (ID_Order, ID_Table, OrderDate, TotalPrice, ActualPrice, ID_Customer, ID_Review, ID_Employee, ID_Branch) VALUES (27, 336, '2024-08-25', 0, 0, 19, 27, 54, 14);
INSERT INTO [ORDER] (ID_Order, ID_Table, OrderDate, TotalPrice, ActualPrice, ID_Customer, ID_Review, ID_Employee, ID_Branch) VALUES (28, 72, '2023-08-05', 0, 0, 16, 28, 156, 3);
INSERT INTO [ORDER] (ID_Order, ID_Table, OrderDate, TotalPrice, ActualPrice, ID_Customer, ID_Review, ID_Employee, ID_Branch) VALUES (29, 230, '2024-12-06', 0, 0, 36, 29, 38, 10);
INSERT INTO [ORDER] (ID_Order, ID_Table, OrderDate, TotalPrice, ActualPrice, ID_Customer, ID_Review, ID_Employee, ID_Branch) VALUES (30, 249, '2024-04-08', 0, 0, 26, 30, 7, 10);
INSERT INTO [ORDER] (ID_Order, ID_Table, OrderDate, TotalPrice, ActualPrice, ID_Customer, ID_Review, ID_Employee, ID_Branch) VALUES (31, 117, '2024-12-06', 0, 0, 6, 31, 206, 5);
INSERT INTO [ORDER] (ID_Order, ID_Table, OrderDate, TotalPrice, ActualPrice, ID_Customer, ID_Review, ID_Employee, ID_Branch) VALUES (32, 58, '2023-02-12', 0, 0, 4, 32, 56, 3);
INSERT INTO [ORDER] (ID_Order, ID_Table, OrderDate, TotalPrice, ActualPrice, ID_Customer, ID_Review, ID_Employee, ID_Branch) VALUES (33, 45, '2024-09-16', 0, 0, 8, 33, 39, 2);
INSERT INTO [ORDER] (ID_Order, ID_Table, OrderDate, TotalPrice, ActualPrice, ID_Customer, ID_Review, ID_Employee, ID_Branch) VALUES (34, 385, '2023-10-04', 0, 0, 42, 34, 201, 15);
INSERT INTO [ORDER] (ID_Order, ID_Table, OrderDate, TotalPrice, ActualPrice, ID_Customer, ID_Review, ID_Employee, ID_Branch) VALUES (35, 310, '2024-05-27', 0, 0, 22, 35, 122, 12);
INSERT INTO [ORDER] (ID_Order, ID_Table, OrderDate, TotalPrice, ActualPrice, ID_Customer, ID_Review, ID_Employee, ID_Branch) VALUES (36, NULL, '2024-07-02', 0, 0, 46, 36, 75, 14);
INSERT INTO [ORDER] (ID_Order, ID_Table, OrderDate, TotalPrice, ActualPrice, ID_Customer, ID_Review, ID_Employee, ID_Branch) VALUES (37, NULL, '2023-03-05', 0, 0, 19, 37, 42, 7);
INSERT INTO [ORDER] (ID_Order, ID_Table, OrderDate, TotalPrice, ActualPrice, ID_Customer, ID_Review, ID_Employee, ID_Branch) VALUES (38, NULL, '2024-06-29', 0, 0, 38, 38, 220, 8);
INSERT INTO [ORDER] (ID_Order, ID_Table, OrderDate, TotalPrice, ActualPrice, ID_Customer, ID_Review, ID_Employee, ID_Branch) VALUES (39, NULL, '2023-04-05', 0, 0, 12, 39, 198, 7);
INSERT INTO [ORDER] (ID_Order, ID_Table, OrderDate, TotalPrice, ActualPrice, ID_Customer, ID_Review, ID_Employee, ID_Branch) VALUES (40, NULL, '2023-05-12', 0, 0, 37, 40, 39, 11);
INSERT INTO [ORDER] (ID_Order, ID_Table, OrderDate, TotalPrice, ActualPrice, ID_Customer, ID_Review, ID_Employee, ID_Branch) VALUES (41, NULL, '2023-03-18', 0, 0, 45, 41, 170, 2);
INSERT INTO [ORDER] (ID_Order, ID_Table, OrderDate, TotalPrice, ActualPrice, ID_Customer, ID_Review, ID_Employee, ID_Branch) VALUES (42, NULL, '2024-06-19', 0, 0, 36, 42, 149, 2);
INSERT INTO [ORDER] (ID_Order, ID_Table, OrderDate, TotalPrice, ActualPrice, ID_Customer, ID_Review, ID_Employee, ID_Branch) VALUES (43, NULL, '2024-12-13', 0, 0, 35, 43, 164, 2);
INSERT INTO [ORDER] (ID_Order, ID_Table, OrderDate, TotalPrice, ActualPrice, ID_Customer, ID_Review, ID_Employee, ID_Branch) VALUES (44, NULL, '2024-08-17', 0, 0, 2, 44, 214, 6);
INSERT INTO [ORDER] (ID_Order, ID_Table, OrderDate, TotalPrice, ActualPrice, ID_Customer, ID_Review, ID_Employee, ID_Branch) VALUES (45, NULL, '2024-11-21', 0, 0, 22, 45, 22, 13);
EXEC dbo.INSERT_ORDER_FOOD 340, 1, 3;
EXEC dbo.INSERT_ORDER_FOOD 138, 1, 2;
EXEC dbo.INSERT_ORDER_FOOD 426, 1, 3;
EXEC dbo.INSERT_ORDER_FOOD 257, 1, 3;
EXEC dbo.INSERT_ORDER_FOOD 205, 1, 4;
EXEC dbo.INSERT_ORDER_FOOD 35, 1, 2;
EXEC dbo.INSERT_ORDER_FOOD 224, 1, 4;
EXEC dbo.INSERT_ORDER_FOOD 113, 1, 5;
EXEC dbo.INSERT_ORDER_FOOD 198, 1, 5;
EXEC dbo.INSERT_ORDER_FOOD 542, 1, 1;
EXEC dbo.INSERT_ORDER_FOOD 163, 2, 3;
EXEC dbo.INSERT_ORDER_FOOD 149, 2, 3;
EXEC dbo.INSERT_ORDER_FOOD 49, 3, 1;
EXEC dbo.INSERT_ORDER_FOOD 367, 3, 5;
EXEC dbo.INSERT_ORDER_FOOD 552, 3, 5;
EXEC dbo.INSERT_ORDER_FOOD 599, 3, 2;
EXEC dbo.INSERT_ORDER_FOOD 430, 3, 5;
EXEC dbo.INSERT_ORDER_FOOD 449, 3, 2;
EXEC dbo.INSERT_ORDER_FOOD 15, 3, 3;
EXEC dbo.INSERT_ORDER_FOOD 392, 4, 2;
EXEC dbo.INSERT_ORDER_FOOD 264, 5, 2;
EXEC dbo.INSERT_ORDER_FOOD 427, 5, 5;
EXEC dbo.INSERT_ORDER_FOOD 99, 6, 3;
EXEC dbo.INSERT_ORDER_FOOD 400, 6, 3;
EXEC dbo.INSERT_ORDER_FOOD 98, 6, 1;
EXEC dbo.INSERT_ORDER_FOOD 317, 6, 5;
EXEC dbo.INSERT_ORDER_FOOD 557, 6, 1;
EXEC dbo.INSERT_ORDER_FOOD 412, 6, 4;
EXEC dbo.INSERT_ORDER_FOOD 297, 6, 3;
EXEC dbo.INSERT_ORDER_FOOD 422, 6, 1;
EXEC dbo.INSERT_ORDER_FOOD 434, 7, 2;
EXEC dbo.INSERT_ORDER_FOOD 418, 7, 1;
EXEC dbo.INSERT_ORDER_FOOD 576, 8, 3;
EXEC dbo.INSERT_ORDER_FOOD 543, 8, 1;
EXEC dbo.INSERT_ORDER_FOOD 203, 9, 2;
EXEC dbo.INSERT_ORDER_FOOD 571, 9, 4;
EXEC dbo.INSERT_ORDER_FOOD 57, 9, 5;
EXEC dbo.INSERT_ORDER_FOOD 256, 9, 3;
EXEC dbo.INSERT_ORDER_FOOD 7, 9, 1;
EXEC dbo.INSERT_ORDER_FOOD 208, 9, 4;
EXEC dbo.INSERT_ORDER_FOOD 118, 9, 2;
EXEC dbo.INSERT_ORDER_FOOD 491, 10, 5;
EXEC dbo.INSERT_ORDER_FOOD 287, 10, 3;
EXEC dbo.INSERT_ORDER_FOOD 483, 10, 3;
EXEC dbo.INSERT_ORDER_FOOD 327, 11, 5;
EXEC dbo.INSERT_ORDER_FOOD 294, 11, 2;
EXEC dbo.INSERT_ORDER_FOOD 254, 11, 2;
EXEC dbo.INSERT_ORDER_FOOD 47, 11, 4;
EXEC dbo.INSERT_ORDER_FOOD 233, 11, 4;
EXEC dbo.INSERT_ORDER_FOOD 77, 11, 2;
EXEC dbo.INSERT_ORDER_FOOD 192, 11, 2;
EXEC dbo.INSERT_ORDER_FOOD 284, 11, 3;
EXEC dbo.INSERT_ORDER_FOOD 114, 12, 2;
EXEC dbo.INSERT_ORDER_FOOD 285, 12, 5;
EXEC dbo.INSERT_ORDER_FOOD 595, 12, 4;
EXEC dbo.INSERT_ORDER_FOOD 472, 12, 3;
EXEC dbo.INSERT_ORDER_FOOD 560, 12, 5;
EXEC dbo.INSERT_ORDER_FOOD 121, 12, 2;
EXEC dbo.INSERT_ORDER_FOOD 545, 12, 2;
EXEC dbo.INSERT_ORDER_FOOD 396, 12, 3;
EXEC dbo.INSERT_ORDER_FOOD 373, 12, 5;
EXEC dbo.INSERT_ORDER_FOOD 276, 12, 5;
EXEC dbo.INSERT_ORDER_FOOD 573, 13, 4;
EXEC dbo.INSERT_ORDER_FOOD 234, 13, 4;
EXEC dbo.INSERT_ORDER_FOOD 55, 13, 3;
EXEC dbo.INSERT_ORDER_FOOD 52, 13, 4;
EXEC dbo.INSERT_ORDER_FOOD 315, 13, 4;
EXEC dbo.INSERT_ORDER_FOOD 391, 13, 2;
EXEC dbo.INSERT_ORDER_FOOD 108, 14, 2;
EXEC dbo.INSERT_ORDER_FOOD 236, 14, 1;
EXEC dbo.INSERT_ORDER_FOOD 238, 14, 5;
EXEC dbo.INSERT_ORDER_FOOD 559, 14, 4;
EXEC dbo.INSERT_ORDER_FOOD 456, 14, 4;
EXEC dbo.INSERT_ORDER_FOOD 451, 15, 2;
EXEC dbo.INSERT_ORDER_FOOD 309, 15, 1;
EXEC dbo.INSERT_ORDER_FOOD 60, 15, 5;
EXEC dbo.INSERT_ORDER_FOOD 436, 15, 3;
EXEC dbo.INSERT_ORDER_FOOD 429, 16, 3;
EXEC dbo.INSERT_ORDER_FOOD 141, 16, 3;
EXEC dbo.INSERT_ORDER_FOOD 258, 16, 1;
EXEC dbo.INSERT_ORDER_FOOD 555, 16, 5;
EXEC dbo.INSERT_ORDER_FOOD 53, 16, 1;
EXEC dbo.INSERT_ORDER_FOOD 148, 16, 1;
EXEC dbo.INSERT_ORDER_FOOD 3, 16, 5;
EXEC dbo.INSERT_ORDER_FOOD 94, 16, 4;
EXEC dbo.INSERT_ORDER_FOOD 381, 16, 5;
EXEC dbo.INSERT_ORDER_FOOD 37, 17, 5;
EXEC dbo.INSERT_ORDER_FOOD 111, 17, 3;
EXEC dbo.INSERT_ORDER_FOOD 487, 17, 3;
EXEC dbo.INSERT_ORDER_FOOD 204, 17, 1;
EXEC dbo.INSERT_ORDER_FOOD 431, 17, 3;
EXEC dbo.INSERT_ORDER_FOOD 78, 17, 1;
EXEC dbo.INSERT_ORDER_FOOD 30, 17, 4;
EXEC dbo.INSERT_ORDER_FOOD 56, 17, 1;
EXEC dbo.INSERT_ORDER_FOOD 600, 17, 4;
EXEC dbo.INSERT_ORDER_FOOD 267, 17, 4;
EXEC dbo.INSERT_ORDER_FOOD 428, 18, 2;
EXEC dbo.INSERT_ORDER_FOOD 146, 18, 5;
EXEC dbo.INSERT_ORDER_FOOD 473, 18, 1;
EXEC dbo.INSERT_ORDER_FOOD 529, 18, 1;
EXEC dbo.INSERT_ORDER_FOOD 446, 18, 2;
EXEC dbo.INSERT_ORDER_FOOD 498, 19, 4;
EXEC dbo.INSERT_ORDER_FOOD 510, 19, 5;
EXEC dbo.INSERT_ORDER_FOOD 240, 19, 4;
EXEC dbo.INSERT_ORDER_FOOD 212, 19, 3;
EXEC dbo.INSERT_ORDER_FOOD 250, 19, 2;
EXEC dbo.INSERT_ORDER_FOOD 490, 19, 4;
EXEC dbo.INSERT_ORDER_FOOD 262, 19, 1;
EXEC dbo.INSERT_ORDER_FOOD 286, 19, 4;
EXEC dbo.INSERT_ORDER_FOOD 298, 19, 3;
EXEC dbo.INSERT_ORDER_FOOD 290, 19, 3;
EXEC dbo.INSERT_ORDER_FOOD 12, 20, 1;
EXEC dbo.INSERT_ORDER_FOOD 507, 20, 1;
EXEC dbo.INSERT_ORDER_FOOD 470, 20, 5;
EXEC dbo.INSERT_ORDER_FOOD 221, 20, 1;
EXEC dbo.INSERT_ORDER_FOOD 532, 20, 5;
EXEC dbo.INSERT_ORDER_FOOD 347, 20, 5;
EXEC dbo.INSERT_ORDER_FOOD 415, 21, 5;
EXEC dbo.INSERT_ORDER_FOOD 92, 21, 3;
EXEC dbo.INSERT_ORDER_FOOD 223, 21, 2;
EXEC dbo.INSERT_ORDER_FOOD 182, 21, 4;
EXEC dbo.INSERT_ORDER_FOOD 20, 21, 2;
EXEC dbo.INSERT_ORDER_FOOD 513, 22, 1;
EXEC dbo.INSERT_ORDER_FOOD 376, 22, 5;
EXEC dbo.INSERT_ORDER_FOOD 261, 22, 1;
EXEC dbo.INSERT_ORDER_FOOD 266, 22, 4;
EXEC dbo.INSERT_ORDER_FOOD 4, 22, 1;
EXEC dbo.INSERT_ORDER_FOOD 112, 22, 5;
EXEC dbo.INSERT_ORDER_FOOD 153, 22, 5;
EXEC dbo.INSERT_ORDER_FOOD 362, 23, 5;
EXEC dbo.INSERT_ORDER_FOOD 421, 24, 4;
EXEC dbo.INSERT_ORDER_FOOD 242, 24, 2;
EXEC dbo.INSERT_ORDER_FOOD 325, 24, 2;
EXEC dbo.INSERT_ORDER_FOOD 365, 24, 4;
EXEC dbo.INSERT_ORDER_FOOD 274, 24, 4;
EXEC dbo.INSERT_ORDER_FOOD 74, 24, 3;
EXEC dbo.INSERT_ORDER_FOOD 566, 24, 1;
EXEC dbo.INSERT_ORDER_FOOD 587, 24, 4;
EXEC dbo.INSERT_ORDER_FOOD 89, 25, 4;
EXEC dbo.INSERT_ORDER_FOOD 42, 25, 4;
EXEC dbo.INSERT_ORDER_FOOD 137, 25, 3;
EXEC dbo.INSERT_ORDER_FOOD 384, 25, 3;
EXEC dbo.INSERT_ORDER_FOOD 189, 25, 2;
EXEC dbo.INSERT_ORDER_FOOD 377, 25, 3;
EXEC dbo.INSERT_ORDER_FOOD 503, 25, 4;
EXEC dbo.INSERT_ORDER_FOOD 207, 25, 3;
EXEC dbo.INSERT_ORDER_FOOD 17, 25, 3;
EXEC dbo.INSERT_ORDER_FOOD 466, 25, 1;
EXEC dbo.INSERT_ORDER_FOOD 239, 26, 5;
EXEC dbo.INSERT_ORDER_FOOD 512, 26, 3;
EXEC dbo.INSERT_ORDER_FOOD 64, 26, 2;
EXEC dbo.INSERT_ORDER_FOOD 135, 26, 5;
EXEC dbo.INSERT_ORDER_FOOD 468, 27, 3;
EXEC dbo.INSERT_ORDER_FOOD 14, 27, 2;
EXEC dbo.INSERT_ORDER_FOOD 596, 27, 3;
EXEC dbo.INSERT_ORDER_FOOD 65, 27, 1;
EXEC dbo.INSERT_ORDER_FOOD 567, 27, 1;
EXEC dbo.INSERT_ORDER_FOOD 465, 27, 3;
EXEC dbo.INSERT_ORDER_FOOD 158, 27, 2;
EXEC dbo.INSERT_ORDER_FOOD 160, 27, 3;
EXEC dbo.INSERT_ORDER_FOOD 61, 28, 1;
EXEC dbo.INSERT_ORDER_FOOD 530, 28, 4;
EXEC dbo.INSERT_ORDER_FOOD 464, 28, 5;
EXEC dbo.INSERT_ORDER_FOOD 569, 28, 5;
EXEC dbo.INSERT_ORDER_FOOD 577, 28, 5;
EXEC dbo.INSERT_ORDER_FOOD 190, 28, 1;
EXEC dbo.INSERT_ORDER_FOOD 6, 28, 2;
EXEC dbo.INSERT_ORDER_FOOD 85, 28, 5;
EXEC dbo.INSERT_ORDER_FOOD 495, 28, 5;
EXEC dbo.INSERT_ORDER_FOOD 476, 29, 4;
EXEC dbo.INSERT_ORDER_FOOD 18, 29, 3;
EXEC dbo.INSERT_ORDER_FOOD 563, 30, 4;
EXEC dbo.INSERT_ORDER_FOOD 330, 30, 1;
EXEC dbo.INSERT_ORDER_FOOD 283, 30, 4;
EXEC dbo.INSERT_ORDER_FOOD 467, 30, 1;
EXEC dbo.INSERT_ORDER_FOOD 444, 30, 5;
EXEC dbo.INSERT_ORDER_FOOD 133, 30, 5;
EXEC dbo.INSERT_ORDER_FOOD 351, 31, 5;
EXEC dbo.INSERT_ORDER_FOOD 494, 31, 2;
EXEC dbo.INSERT_ORDER_FOOD 501, 31, 2;
EXEC dbo.INSERT_ORDER_FOOD 277, 31, 5;
EXEC dbo.INSERT_ORDER_FOOD 533, 31, 1;
EXEC dbo.INSERT_ORDER_FOOD 187, 31, 1;
EXEC dbo.INSERT_ORDER_FOOD 593, 31, 5;
EXEC dbo.INSERT_ORDER_FOOD 296, 31, 1;
EXEC dbo.INSERT_ORDER_FOOD 401, 32, 5;
EXEC dbo.INSERT_ORDER_FOOD 115, 32, 2;
EXEC dbo.INSERT_ORDER_FOOD 541, 32, 3;
EXEC dbo.INSERT_ORDER_FOOD 452, 32, 2;
EXEC dbo.INSERT_ORDER_FOOD 66, 33, 4;
EXEC dbo.INSERT_ORDER_FOOD 589, 33, 2;
EXEC dbo.INSERT_ORDER_FOOD 280, 33, 3;
EXEC dbo.INSERT_ORDER_FOOD 409, 33, 5;
EXEC dbo.INSERT_ORDER_FOOD 591, 33, 2;
EXEC dbo.INSERT_ORDER_FOOD 156, 33, 3;
EXEC dbo.INSERT_ORDER_FOOD 395, 34, 2;
EXEC dbo.INSERT_ORDER_FOOD 458, 34, 4;
EXEC dbo.INSERT_ORDER_FOOD 403, 34, 4;
EXEC dbo.INSERT_ORDER_FOOD 475, 34, 3;
EXEC dbo.INSERT_ORDER_FOOD 321, 34, 2;
EXEC dbo.INSERT_ORDER_FOOD 102, 34, 4;
EXEC dbo.INSERT_ORDER_FOOD 299, 34, 1;
EXEC dbo.INSERT_ORDER_FOOD 448, 35, 1;
EXEC dbo.INSERT_ORDER_FOOD 517, 35, 4;
EXEC dbo.INSERT_ORDER_FOOD 22, 35, 5;
EXEC dbo.INSERT_ORDER_FOOD 154, 35, 3;
EXEC dbo.INSERT_ORDER_FOOD 432, 35, 1;
EXEC dbo.INSERT_ORDER_FOOD 584, 36, 3;
EXEC dbo.INSERT_ORDER_FOOD 383, 36, 2;
EXEC dbo.INSERT_ORDER_FOOD 405, 36, 1;
EXEC dbo.INSERT_ORDER_FOOD 288, 36, 3;
EXEC dbo.INSERT_ORDER_FOOD 539, 36, 5;
EXEC dbo.INSERT_ORDER_FOOD 583, 37, 2;
EXEC dbo.INSERT_ORDER_FOOD 159, 37, 3;
EXEC dbo.INSERT_ORDER_FOOD 38, 37, 4;
EXEC dbo.INSERT_ORDER_FOOD 308, 37, 4;
EXEC dbo.INSERT_ORDER_FOOD 485, 37, 2;
EXEC dbo.INSERT_ORDER_FOOD 173, 38, 3;
EXEC dbo.INSERT_ORDER_FOOD 268, 38, 3;
EXEC dbo.INSERT_ORDER_FOOD 83, 38, 1;
EXEC dbo.INSERT_ORDER_FOOD 106, 38, 1;
EXEC dbo.INSERT_ORDER_FOOD 382, 38, 4;
EXEC dbo.INSERT_ORDER_FOOD 185, 39, 4;
EXEC dbo.INSERT_ORDER_FOOD 206, 39, 1;
EXEC dbo.INSERT_ORDER_FOOD 553, 39, 3;
EXEC dbo.INSERT_ORDER_FOOD 586, 40, 2;
EXEC dbo.INSERT_ORDER_FOOD 366, 40, 5;
EXEC dbo.INSERT_ORDER_FOOD 336, 40, 4;
EXEC dbo.INSERT_ORDER_FOOD 171, 41, 1;
EXEC dbo.INSERT_ORDER_FOOD 511, 41, 2;
EXEC dbo.INSERT_ORDER_FOOD 425, 41, 5;
EXEC dbo.INSERT_ORDER_FOOD 375, 41, 4;
EXEC dbo.INSERT_ORDER_FOOD 374, 41, 1;
EXEC dbo.INSERT_ORDER_FOOD 558, 42, 2;
EXEC dbo.INSERT_ORDER_FOOD 86, 42, 5;
EXEC dbo.INSERT_ORDER_FOOD 461, 42, 1;
EXEC dbo.INSERT_ORDER_FOOD 305, 42, 4;
EXEC dbo.INSERT_ORDER_FOOD 463, 43, 2;
EXEC dbo.INSERT_ORDER_FOOD 318, 43, 4;
EXEC dbo.INSERT_ORDER_FOOD 338, 43, 4;
EXEC dbo.INSERT_ORDER_FOOD 564, 43, 2;
EXEC dbo.INSERT_ORDER_FOOD 289, 43, 4;
EXEC dbo.INSERT_ORDER_FOOD 295, 43, 1;
EXEC dbo.INSERT_ORDER_FOOD 241, 43, 4;
EXEC dbo.INSERT_ORDER_FOOD 481, 43, 5;
EXEC dbo.INSERT_ORDER_FOOD 215, 43, 2;
EXEC dbo.INSERT_ORDER_FOOD 11, 44, 5;
EXEC dbo.INSERT_ORDER_FOOD 390, 44, 3;
EXEC dbo.INSERT_ORDER_FOOD 348, 44, 2;
EXEC dbo.INSERT_ORDER_FOOD 419, 44, 1;
EXEC dbo.INSERT_ORDER_FOOD 82, 44, 5;
EXEC dbo.INSERT_ORDER_FOOD 184, 44, 1;
EXEC dbo.INSERT_ORDER_FOOD 547, 44, 4;
EXEC dbo.INSERT_ORDER_FOOD 219, 45, 5;
EXEC dbo.INSERT_ORDER_FOOD 372, 45, 1;
EXEC dbo.INSERT_ORDER_FOOD 119, 45, 3;
EXEC dbo.INSERT_ORDER_FOOD 514, 45, 4;
EXEC dbo.INSERT_ORDER_FOOD 216, 45, 3;
EXEC dbo.INSERT_ORDER_FOOD 31, 45, 5;
EXEC dbo.INSERT_ORDER_FOOD 361, 45, 2;
EXEC dbo.INSERT_ORDER_FOOD 504, 45, 5;
EXEC dbo.INSERT_ORDER_FOOD 117, 45, 4;
EXEC dbo.INSERT_ORDER_FOOD 252, 45, 1;
INSERT INTO ONLINE_ORDER (ID_Online, TimeOrder) VALUES (36, '22:07:39');
INSERT INTO ONLINE_ORDER (ID_Online, TimeOrder) VALUES (37, '03:36:58');
INSERT INTO ONLINE_ORDER (ID_Online, TimeOrder) VALUES (38, '12:00:43');
INSERT INTO ONLINE_ORDER (ID_Online, TimeOrder) VALUES (39, '10:49:49');
INSERT INTO ONLINE_ORDER (ID_Online, TimeOrder) VALUES (40, '10:01:59');
INSERT INTO ONLINE_ORDER (ID_Online, TimeOrder) VALUES (41, '07:30:59');
INSERT INTO ONLINE_ORDER (ID_Online, TimeOrder) VALUES (42, '05:11:55');
INSERT INTO ONLINE_ORDER (ID_Online, TimeOrder) VALUES (43, '17:40:13');
INSERT INTO ONLINE_ORDER (ID_Online, TimeOrder) VALUES (44, '23:33:56');
INSERT INTO ONLINE_ORDER (ID_Online, TimeOrder) VALUES (45, '22:12:57');
INSERT INTO RESERVATION_ORDER (ID_Reservation, ID_Table, ArrivalTime, NumberOfPeople, Notes) VALUES (1, 55, '08:19:18', 3, NULL);
INSERT INTO RESERVATION_ORDER (ID_Reservation, ID_Table, ArrivalTime, NumberOfPeople, Notes) VALUES (2, 72, '12:40:52', 3, NULL);
INSERT INTO RESERVATION_ORDER (ID_Reservation, ID_Table, ArrivalTime, NumberOfPeople, Notes) VALUES (3, 82, '12:44:22', 5, NULL);
INSERT INTO RESERVATION_ORDER (ID_Reservation, ID_Table, ArrivalTime, NumberOfPeople, Notes) VALUES (4, 220, '05:36:34', 3, NULL);
INSERT INTO RESERVATION_ORDER (ID_Reservation, ID_Table, ArrivalTime, NumberOfPeople, Notes) VALUES (5, 260, '07:43:09', 3, NULL);
INSERT INTO RESERVATION_ORDER (ID_Reservation, ID_Table, ArrivalTime, NumberOfPeople, Notes) VALUES (6, 236, '15:40:31', 5, NULL);
INSERT INTO RESERVATION_ORDER (ID_Reservation, ID_Table, ArrivalTime, NumberOfPeople, Notes) VALUES (7, 52, '10:13:25', 5, NULL);
INSERT INTO RESERVATION_ORDER (ID_Reservation, ID_Table, ArrivalTime, NumberOfPeople, Notes) VALUES (8, 216, '11:56:24', 1, NULL);
INSERT INTO RESERVATION_ORDER (ID_Reservation, ID_Table, ArrivalTime, NumberOfPeople, Notes) VALUES (9, 336, '04:48:21', 3, NULL);
INSERT INTO RESERVATION_ORDER (ID_Reservation, ID_Table, ArrivalTime, NumberOfPeople, Notes) VALUES (10, 99, '23:33:25', 3, NULL);
INSERT INTO RESERVATION_ORDER (ID_Reservation, ID_Table, ArrivalTime, NumberOfPeople, Notes) VALUES (11, 16, '17:26:12', 6, NULL);
INSERT INTO RESERVATION_ORDER (ID_Reservation, ID_Table, ArrivalTime, NumberOfPeople, Notes) VALUES (12, 100, '18:18:33', 8, NULL);
INSERT INTO RESERVATION_ORDER (ID_Reservation, ID_Table, ArrivalTime, NumberOfPeople, Notes) VALUES (13, 283, '04:45:58', 8, NULL);
INSERT INTO RESERVATION_ORDER (ID_Reservation, ID_Table, ArrivalTime, NumberOfPeople, Notes) VALUES (14, 295, '22:24:45', 6, NULL);
INSERT INTO RESERVATION_ORDER (ID_Reservation, ID_Table, ArrivalTime, NumberOfPeople, Notes) VALUES (15, 125, '01:59:27', 2, NULL);
INSERT INTO RESERVATION_ORDER (ID_Reservation, ID_Table, ArrivalTime, NumberOfPeople, Notes) VALUES (16, 111, '07:00:57', 5, NULL);
INSERT INTO RESERVATION_ORDER (ID_Reservation, ID_Table, ArrivalTime, NumberOfPeople, Notes) VALUES (17, 272, '09:05:32', 7, NULL);
