INSERT INTO AREA (ID_Area, AreaName) VALUES (1, 'East Aaronchester');
INSERT INTO AREA (ID_Area, AreaName) VALUES (2, 'Luisside');
INSERT INTO AREA (ID_Area, AreaName) VALUES (3, 'Zavalaberg');
INSERT INTO AREA (ID_Area, AreaName) VALUES (4, 'East Sarahland');
INSERT INTO AREA (ID_Area, AreaName) VALUES (5, 'Horneland');
INSERT INTO DEPARTMENT (ID_Department, DepartmentName, Salary) VALUES (1, 'Management', 16000000);
INSERT INTO DEPARTMENT (ID_Department, DepartmentName, Salary) VALUES (2, 'Kitchen', 19500000);
INSERT INTO DEPARTMENT (ID_Department, DepartmentName, Salary) VALUES (3, 'Cleaning', 10500000);
INSERT INTO DEPARTMENT (ID_Department, DepartmentName, Salary) VALUES (4, 'Security', 19000000);
INSERT INTO DEPARTMENT (ID_Department, DepartmentName, Salary) VALUES (5, 'Reception', 11000000);
INSERT INTO DEPARTMENT (ID_Department, DepartmentName, Salary) VALUES (6, 'Accounting', 14500000);
INSERT INTO DEPARTMENT (ID_Department, DepartmentName, Salary) VALUES (7, 'Service', 16000000);
INSERT INTO EMPLOYEE (ID_Employee, EmployeeName, DoB, PhoneNumber, Gender, ID_Department) VALUES (1, 'John Rose II', '1973-03-02', '8109822839', 'M', 1);
INSERT INTO EMPLOYEE (ID_Employee, EmployeeName, DoB, PhoneNumber, Gender, ID_Department) VALUES (2, 'Karen Levy', '1962-03-26', '8688091386', 'F', 1);
INSERT INTO EMPLOYEE (ID_Employee, EmployeeName, DoB, PhoneNumber, Gender, ID_Department) VALUES (3, 'Sandra Mata', '2002-12-19', '9057667663', 'F', 1);
INSERT INTO EMPLOYEE (ID_Employee, EmployeeName, DoB, PhoneNumber, Gender, ID_Department) VALUES (4, 'Dorothy Coleman', '1968-10-20', '6619077659', 'M', 1);
INSERT INTO EMPLOYEE (ID_Employee, EmployeeName, DoB, PhoneNumber, Gender, ID_Department) VALUES (5, 'David Blanchard', '1985-05-25', '4944556982', 'F', 1);
INSERT INTO EMPLOYEE (ID_Employee, EmployeeName, DoB, PhoneNumber, Gender, ID_Department) VALUES (6, 'Bethany Bradley', '1961-09-12', '6053883245', 'F', 1);
INSERT INTO EMPLOYEE (ID_Employee, EmployeeName, DoB, PhoneNumber, Gender, ID_Department) VALUES (7, 'Peter Ellis', '1966-03-06', '2793449590', 'F', 1);
INSERT INTO EMPLOYEE (ID_Employee, EmployeeName, DoB, PhoneNumber, Gender, ID_Department) VALUES (8, 'Ruth Ramirez', '1964-01-17', '7594200484', 'F', 1);
INSERT INTO EMPLOYEE (ID_Employee, EmployeeName, DoB, PhoneNumber, Gender, ID_Department) VALUES (9, 'Jasmin Aguilar', '1967-03-19', '1175961323', 'F', 1);
INSERT INTO EMPLOYEE (ID_Employee, EmployeeName, DoB, PhoneNumber, Gender, ID_Department) VALUES (10, 'Kelly Lawrence', '2004-05-29', '4970120586', 'F', 1);
INSERT INTO EMPLOYEE (ID_Employee, EmployeeName, DoB, PhoneNumber, Gender, ID_Department) VALUES (11, 'Carol Soto', '1985-02-02', '7859254759', 'F', 1);
INSERT INTO EMPLOYEE (ID_Employee, EmployeeName, DoB, PhoneNumber, Gender, ID_Department) VALUES (12, 'Matthew Jones', '1991-09-26', '4278803260', 'M', 1);
INSERT INTO EMPLOYEE (ID_Employee, EmployeeName, DoB, PhoneNumber, Gender, ID_Department) VALUES (13, 'Christian Reynolds', '1972-08-17', '5935756843', 'F', 1);
INSERT INTO EMPLOYEE (ID_Employee, EmployeeName, DoB, PhoneNumber, Gender, ID_Department) VALUES (14, 'Tristan Ortega', '2005-01-22', '0936807197', 'M', 1);
INSERT INTO EMPLOYEE (ID_Employee, EmployeeName, DoB, PhoneNumber, Gender, ID_Department) VALUES (15, 'Emily Singh', '2003-06-22', '3841170394', 'M', 1);
INSERT INTO EMPLOYEE (ID_Employee, EmployeeName, DoB, PhoneNumber, Gender, ID_Department) VALUES (16, 'Mark Rogers', '2003-03-26', '7009402371', 'F', 4);
INSERT INTO EMPLOYEE (ID_Employee, EmployeeName, DoB, PhoneNumber, Gender, ID_Department) VALUES (17, 'Nicholas Wright', '2001-09-23', '2614028405', 'F', 2);
INSERT INTO EMPLOYEE (ID_Employee, EmployeeName, DoB, PhoneNumber, Gender, ID_Department) VALUES (18, 'Megan Brown', '1968-11-11', '8847325403', 'F', 7);
INSERT INTO EMPLOYEE (ID_Employee, EmployeeName, DoB, PhoneNumber, Gender, ID_Department) VALUES (19, 'James Schwartz', '2006-11-20', '9630425560', 'F', 5);
INSERT INTO EMPLOYEE (ID_Employee, EmployeeName, DoB, PhoneNumber, Gender, ID_Department) VALUES (20, 'Amy Ferguson', '1986-07-23', '5397162228', 'M', 4);
INSERT INTO EMPLOYEE (ID_Employee, EmployeeName, DoB, PhoneNumber, Gender, ID_Department) VALUES (21, 'Sonya Rodriguez', '1995-07-29', '8287453633', 'F', 2);
INSERT INTO EMPLOYEE (ID_Employee, EmployeeName, DoB, PhoneNumber, Gender, ID_Department) VALUES (22, 'Kenneth Johnson', '1982-08-29', '2920464893', 'F', 5);
INSERT INTO EMPLOYEE (ID_Employee, EmployeeName, DoB, PhoneNumber, Gender, ID_Department) VALUES (23, 'Hunter Robinson', '2005-03-13', '5235598808', 'F', 6);
INSERT INTO EMPLOYEE (ID_Employee, EmployeeName, DoB, PhoneNumber, Gender, ID_Department) VALUES (24, 'Joshua Gates', '1966-01-09', '9219677556', 'M', 2);
INSERT INTO EMPLOYEE (ID_Employee, EmployeeName, DoB, PhoneNumber, Gender, ID_Department) VALUES (25, 'Curtis Mcfarland', '2004-11-19', '0826499652', 'F', 6);
INSERT INTO EMPLOYEE (ID_Employee, EmployeeName, DoB, PhoneNumber, Gender, ID_Department) VALUES (26, 'Ricky West', '1983-02-15', '3810016385', 'F', 3);
INSERT INTO EMPLOYEE (ID_Employee, EmployeeName, DoB, PhoneNumber, Gender, ID_Department) VALUES (27, 'Mark Preston', '1960-12-03', '7608005420', 'F', 3);
INSERT INTO EMPLOYEE (ID_Employee, EmployeeName, DoB, PhoneNumber, Gender, ID_Department) VALUES (28, 'Sarah Hernandez', '2001-05-17', '4982933500', 'F', 5);
INSERT INTO EMPLOYEE (ID_Employee, EmployeeName, DoB, PhoneNumber, Gender, ID_Department) VALUES (29, 'Jack Nelson', '1965-05-06', '7367746252', 'F', 4);
INSERT INTO EMPLOYEE (ID_Employee, EmployeeName, DoB, PhoneNumber, Gender, ID_Department) VALUES (30, 'Michael Gonzalez', '1975-06-15', '3806398931', 'F', 3);
INSERT INTO EMPLOYEE (ID_Employee, EmployeeName, DoB, PhoneNumber, Gender, ID_Department) VALUES (31, 'Miranda Combs', '1959-11-11', '4113712455', 'F', 3);
INSERT INTO EMPLOYEE (ID_Employee, EmployeeName, DoB, PhoneNumber, Gender, ID_Department) VALUES (32, 'Wyatt Hamilton', '1996-04-20', '1303024993', 'F', 7);
INSERT INTO EMPLOYEE (ID_Employee, EmployeeName, DoB, PhoneNumber, Gender, ID_Department) VALUES (33, 'Heather Lewis', '1968-04-21', '0003895242', 'F', 4);
INSERT INTO EMPLOYEE (ID_Employee, EmployeeName, DoB, PhoneNumber, Gender, ID_Department) VALUES (34, 'Rachel Lopez', '1961-06-05', '2950069529', 'F', 5);
INSERT INTO EMPLOYEE (ID_Employee, EmployeeName, DoB, PhoneNumber, Gender, ID_Department) VALUES (35, 'Julie Salas', '1968-03-13', '5314417216', 'M', 2);
INSERT INTO EMPLOYEE (ID_Employee, EmployeeName, DoB, PhoneNumber, Gender, ID_Department) VALUES (36, 'Fred Cruz', '1966-08-07', '7247430848', 'M', 3);
INSERT INTO EMPLOYEE (ID_Employee, EmployeeName, DoB, PhoneNumber, Gender, ID_Department) VALUES (37, 'Danielle Taylor', '1998-04-27', '1935919968', 'F', 5);
INSERT INTO EMPLOYEE (ID_Employee, EmployeeName, DoB, PhoneNumber, Gender, ID_Department) VALUES (38, 'Adriana Hodges', '1991-04-27', '2215230400', 'M', 6);
INSERT INTO EMPLOYEE (ID_Employee, EmployeeName, DoB, PhoneNumber, Gender, ID_Department) VALUES (39, 'Allison Franco', '1978-01-26', '1302994350', 'M', 5);
INSERT INTO EMPLOYEE (ID_Employee, EmployeeName, DoB, PhoneNumber, Gender, ID_Department) VALUES (40, 'Edwin Mills', '1959-04-03', '6105141748', 'F', 7);
INSERT INTO EMPLOYEE (ID_Employee, EmployeeName, DoB, PhoneNumber, Gender, ID_Department) VALUES (41, 'Jacob Robinson', '1974-04-28', '6636217794', 'M', 7);
INSERT INTO EMPLOYEE (ID_Employee, EmployeeName, DoB, PhoneNumber, Gender, ID_Department) VALUES (42, 'Matthew Ellison', '1970-05-03', '0358701052', 'M', 6);
INSERT INTO EMPLOYEE (ID_Employee, EmployeeName, DoB, PhoneNumber, Gender, ID_Department) VALUES (43, 'Phillip Young', '1997-08-24', '8238201465', 'M', 4);
INSERT INTO EMPLOYEE (ID_Employee, EmployeeName, DoB, PhoneNumber, Gender, ID_Department) VALUES (44, 'Paige Gonzales', '1968-02-08', '3105380391', 'M', 4);
INSERT INTO EMPLOYEE (ID_Employee, EmployeeName, DoB, PhoneNumber, Gender, ID_Department) VALUES (45, 'Kenneth Carter', '1985-04-03', '2349890087', 'M', 6);
INSERT INTO EMPLOYEE (ID_Employee, EmployeeName, DoB, PhoneNumber, Gender, ID_Department) VALUES (46, 'Julie Bernard', '1977-06-13', '3492329701', 'F', 6);
INSERT INTO EMPLOYEE (ID_Employee, EmployeeName, DoB, PhoneNumber, Gender, ID_Department) VALUES (47, 'Joel Morgan', '2004-12-27', '1807780937', 'M', 7);
INSERT INTO EMPLOYEE (ID_Employee, EmployeeName, DoB, PhoneNumber, Gender, ID_Department) VALUES (48, 'Gary Wilcox', '1960-03-24', '8791461730', 'F', 4);
INSERT INTO EMPLOYEE (ID_Employee, EmployeeName, DoB, PhoneNumber, Gender, ID_Department) VALUES (49, 'Bobby Moore', '2006-05-22', '9568220826', 'F', 5);
INSERT INTO EMPLOYEE (ID_Employee, EmployeeName, DoB, PhoneNumber, Gender, ID_Department) VALUES (50, 'Andrew Cooper', '1974-11-08', '5430901677', 'M', 7);
INSERT INTO EMPLOYEE (ID_Employee, EmployeeName, DoB, PhoneNumber, Gender, ID_Department) VALUES (51, 'Shannon Richard', '1987-11-11', '3622938810', 'F', 3);
INSERT INTO EMPLOYEE (ID_Employee, EmployeeName, DoB, PhoneNumber, Gender, ID_Department) VALUES (52, 'Chase Malone', '1975-07-11', '9444167000', 'F', 6);
INSERT INTO EMPLOYEE (ID_Employee, EmployeeName, DoB, PhoneNumber, Gender, ID_Department) VALUES (53, 'Matthew Zavala', '1993-06-30', '6848755207', 'M', 7);
INSERT INTO EMPLOYEE (ID_Employee, EmployeeName, DoB, PhoneNumber, Gender, ID_Department) VALUES (54, 'Pam Schultz', '1987-12-02', '0432520461', 'F', 3);
INSERT INTO EMPLOYEE (ID_Employee, EmployeeName, DoB, PhoneNumber, Gender, ID_Department) VALUES (55, 'Lori Maddox', '1998-10-15', '4485503999', 'M', 5);
INSERT INTO EMPLOYEE (ID_Employee, EmployeeName, DoB, PhoneNumber, Gender, ID_Department) VALUES (56, 'Jill Hartman', '1997-02-26', '1521713022', 'F', 3);
INSERT INTO EMPLOYEE (ID_Employee, EmployeeName, DoB, PhoneNumber, Gender, ID_Department) VALUES (57, 'Joseph Walters', '1977-07-16', '6545002440', 'M', 6);
INSERT INTO EMPLOYEE (ID_Employee, EmployeeName, DoB, PhoneNumber, Gender, ID_Department) VALUES (58, 'John Good', '1993-09-15', '0834637022', 'M', 4);
INSERT INTO EMPLOYEE (ID_Employee, EmployeeName, DoB, PhoneNumber, Gender, ID_Department) VALUES (59, 'Elizabeth Gonzalez', '1996-10-29', '4161046288', 'M', 7);
INSERT INTO EMPLOYEE (ID_Employee, EmployeeName, DoB, PhoneNumber, Gender, ID_Department) VALUES (60, 'Brittany Warren', '2002-06-22', '1248846181', 'M', 5);
INSERT INTO EMPLOYEE (ID_Employee, EmployeeName, DoB, PhoneNumber, Gender, ID_Department) VALUES (61, 'William Johnson', '1974-05-14', '0296470410', 'F', 4);
INSERT INTO EMPLOYEE (ID_Employee, EmployeeName, DoB, PhoneNumber, Gender, ID_Department) VALUES (62, 'Bianca Lane', '1981-05-31', '5343131103', 'M', 2);
INSERT INTO EMPLOYEE (ID_Employee, EmployeeName, DoB, PhoneNumber, Gender, ID_Department) VALUES (63, 'Mark Sanchez', '2000-01-23', '9503310677', 'M', 6);
INSERT INTO EMPLOYEE (ID_Employee, EmployeeName, DoB, PhoneNumber, Gender, ID_Department) VALUES (64, 'John Franklin PhD', '1978-01-08', '8973716696', 'M', 4);
INSERT INTO EMPLOYEE (ID_Employee, EmployeeName, DoB, PhoneNumber, Gender, ID_Department) VALUES (65, 'Laura Black', '1986-03-03', '8270742232', 'M', 7);
INSERT INTO EMPLOYEE (ID_Employee, EmployeeName, DoB, PhoneNumber, Gender, ID_Department) VALUES (66, 'Deborah Young', '1966-03-26', '9749183183', 'F', 5);
INSERT INTO EMPLOYEE (ID_Employee, EmployeeName, DoB, PhoneNumber, Gender, ID_Department) VALUES (67, 'Sean Bryant', '1978-10-26', '6311197402', 'F', 6);
INSERT INTO EMPLOYEE (ID_Employee, EmployeeName, DoB, PhoneNumber, Gender, ID_Department) VALUES (68, 'James Rios', '2004-01-17', '8097197502', 'F', 4);
INSERT INTO EMPLOYEE (ID_Employee, EmployeeName, DoB, PhoneNumber, Gender, ID_Department) VALUES (69, 'Christopher Smith', '1995-06-01', '9347806915', 'F', 6);
INSERT INTO EMPLOYEE (ID_Employee, EmployeeName, DoB, PhoneNumber, Gender, ID_Department) VALUES (70, 'Jane Salazar', '1992-05-07', '2085762239', 'F', 2);
INSERT INTO EMPLOYEE (ID_Employee, EmployeeName, DoB, PhoneNumber, Gender, ID_Department) VALUES (71, 'Juan Blackwell', '1987-07-22', '9002390506', 'M', 3);
INSERT INTO EMPLOYEE (ID_Employee, EmployeeName, DoB, PhoneNumber, Gender, ID_Department) VALUES (72, 'Stephanie Mendoza', '1973-06-26', '2825943878', 'M', 4);
INSERT INTO EMPLOYEE (ID_Employee, EmployeeName, DoB, PhoneNumber, Gender, ID_Department) VALUES (73, 'Melissa Day', '1959-08-18', '7083718734', 'M', 6);
INSERT INTO EMPLOYEE (ID_Employee, EmployeeName, DoB, PhoneNumber, Gender, ID_Department) VALUES (74, 'Maria Rogers', '1976-06-13', '2248659496', 'M', 4);
INSERT INTO EMPLOYEE (ID_Employee, EmployeeName, DoB, PhoneNumber, Gender, ID_Department) VALUES (75, 'Matthew Jones', '1974-09-02', '9280436270', 'F', 4);
INSERT INTO EMPLOYEE (ID_Employee, EmployeeName, DoB, PhoneNumber, Gender, ID_Department) VALUES (76, 'Anthony Lopez', '1995-03-08', '0771281042', 'F', 4);
INSERT INTO EMPLOYEE (ID_Employee, EmployeeName, DoB, PhoneNumber, Gender, ID_Department) VALUES (77, 'Melissa Elliott', '1968-09-01', '9079199296', 'F', 3);
INSERT INTO EMPLOYEE (ID_Employee, EmployeeName, DoB, PhoneNumber, Gender, ID_Department) VALUES (78, 'Jonathan Morgan', '1996-10-20', '5993304471', 'M', 3);
INSERT INTO EMPLOYEE (ID_Employee, EmployeeName, DoB, PhoneNumber, Gender, ID_Department) VALUES (79, 'Benjamin Decker', '2001-03-07', '3932513231', 'M', 6);
INSERT INTO EMPLOYEE (ID_Employee, EmployeeName, DoB, PhoneNumber, Gender, ID_Department) VALUES (80, 'Allison Wheeler', '1969-09-16', '1256299441', 'M', 2);
INSERT INTO EMPLOYEE (ID_Employee, EmployeeName, DoB, PhoneNumber, Gender, ID_Department) VALUES (81, 'Sarah Knapp', '1998-10-16', '4436340299', 'F', 5);
INSERT INTO EMPLOYEE (ID_Employee, EmployeeName, DoB, PhoneNumber, Gender, ID_Department) VALUES (82, 'Heather Carr', '1993-01-07', '1324794676', 'F', 3);
INSERT INTO EMPLOYEE (ID_Employee, EmployeeName, DoB, PhoneNumber, Gender, ID_Department) VALUES (83, 'Mr. Christopher Oliver', '1982-12-09', '5828129380', 'M', 7);
INSERT INTO EMPLOYEE (ID_Employee, EmployeeName, DoB, PhoneNumber, Gender, ID_Department) VALUES (84, 'Stephanie Sampson', '1981-09-14', '6511116746', 'F', 6);
INSERT INTO EMPLOYEE (ID_Employee, EmployeeName, DoB, PhoneNumber, Gender, ID_Department) VALUES (85, 'Joseph Dunn', '2003-09-02', '4575206563', 'F', 5);
INSERT INTO EMPLOYEE (ID_Employee, EmployeeName, DoB, PhoneNumber, Gender, ID_Department) VALUES (86, 'Thomas Jennings', '1986-05-30', '8614975029', 'M', 6);
INSERT INTO EMPLOYEE (ID_Employee, EmployeeName, DoB, PhoneNumber, Gender, ID_Department) VALUES (87, 'Robert Allen', '1968-09-02', '6544742198', 'F', 4);
INSERT INTO EMPLOYEE (ID_Employee, EmployeeName, DoB, PhoneNumber, Gender, ID_Department) VALUES (88, 'Adriana Hood', '1997-06-03', '3236034653', 'M', 6);
INSERT INTO EMPLOYEE (ID_Employee, EmployeeName, DoB, PhoneNumber, Gender, ID_Department) VALUES (89, 'Carla Scott', '1968-12-16', '5105214996', 'F', 6);
INSERT INTO EMPLOYEE (ID_Employee, EmployeeName, DoB, PhoneNumber, Gender, ID_Department) VALUES (90, 'Kevin Gilbert', '1996-12-19', '3660192607', 'F', 3);
INSERT INTO EMPLOYEE (ID_Employee, EmployeeName, DoB, PhoneNumber, Gender, ID_Department) VALUES (91, 'Daniel Bowers', '1968-10-25', '5120325444', 'F', 6);
INSERT INTO EMPLOYEE (ID_Employee, EmployeeName, DoB, PhoneNumber, Gender, ID_Department) VALUES (92, 'Anthony Shannon', '1968-08-21', '6201516132', 'F', 6);
INSERT INTO EMPLOYEE (ID_Employee, EmployeeName, DoB, PhoneNumber, Gender, ID_Department) VALUES (93, 'Raymond Allen', '2004-08-05', '4595240296', 'F', 3);
INSERT INTO EMPLOYEE (ID_Employee, EmployeeName, DoB, PhoneNumber, Gender, ID_Department) VALUES (94, 'Frank Ford', '1999-05-29', '7691291523', 'M', 4);
INSERT INTO EMPLOYEE (ID_Employee, EmployeeName, DoB, PhoneNumber, Gender, ID_Department) VALUES (95, 'Connor Flores', '1960-10-24', '8923466385', 'F', 3);
INSERT INTO EMPLOYEE (ID_Employee, EmployeeName, DoB, PhoneNumber, Gender, ID_Department) VALUES (96, 'Karen Welch', '1999-11-16', '4747017706', 'M', 2);
INSERT INTO EMPLOYEE (ID_Employee, EmployeeName, DoB, PhoneNumber, Gender, ID_Department) VALUES (97, 'Daniel Schwartz', '1983-05-03', '3874952461', 'M', 4);
INSERT INTO EMPLOYEE (ID_Employee, EmployeeName, DoB, PhoneNumber, Gender, ID_Department) VALUES (98, 'Lauren Preston', '1969-04-22', '3393203875', 'M', 4);
INSERT INTO EMPLOYEE (ID_Employee, EmployeeName, DoB, PhoneNumber, Gender, ID_Department) VALUES (99, 'Thomas Medina', '1981-05-04', '4548101347', 'F', 4);
INSERT INTO EMPLOYEE (ID_Employee, EmployeeName, DoB, PhoneNumber, Gender, ID_Department) VALUES (100, 'Christian Parks DDS', '1962-09-09', '6807288828', 'M', 2);
INSERT INTO EMPLOYEE (ID_Employee, EmployeeName, DoB, PhoneNumber, Gender, ID_Department) VALUES (101, 'Brandon Adams', '1976-11-17', '7631561018', 'F', 2);
INSERT INTO EMPLOYEE (ID_Employee, EmployeeName, DoB, PhoneNumber, Gender, ID_Department) VALUES (102, 'Megan Montes', '1995-05-11', '7658109222', 'F', 3);
INSERT INTO EMPLOYEE (ID_Employee, EmployeeName, DoB, PhoneNumber, Gender, ID_Department) VALUES (103, 'Abigail Wood', '1977-06-22', '0804759514', 'F', 3);
INSERT INTO EMPLOYEE (ID_Employee, EmployeeName, DoB, PhoneNumber, Gender, ID_Department) VALUES (104, 'Alex Walker', '2003-10-01', '3723541534', 'F', 2);
INSERT INTO EMPLOYEE (ID_Employee, EmployeeName, DoB, PhoneNumber, Gender, ID_Department) VALUES (105, 'Mr. Fred Davis', '2006-08-12', '5449665323', 'M', 5);
INSERT INTO EMPLOYEE (ID_Employee, EmployeeName, DoB, PhoneNumber, Gender, ID_Department) VALUES (106, 'Jonathan Vargas', '1982-10-15', '1623485033', 'F', 5);
INSERT INTO EMPLOYEE (ID_Employee, EmployeeName, DoB, PhoneNumber, Gender, ID_Department) VALUES (107, 'Bobby Fisher', '2006-11-03', '9387564723', 'F', 2);
INSERT INTO EMPLOYEE (ID_Employee, EmployeeName, DoB, PhoneNumber, Gender, ID_Department) VALUES (108, 'Michelle Mclean', '1992-05-25', '7721432578', 'F', 3);
INSERT INTO EMPLOYEE (ID_Employee, EmployeeName, DoB, PhoneNumber, Gender, ID_Department) VALUES (109, 'Kristen David', '1960-08-30', '9003721194', 'F', 6);
INSERT INTO EMPLOYEE (ID_Employee, EmployeeName, DoB, PhoneNumber, Gender, ID_Department) VALUES (110, 'Christopher Kaiser', '1976-12-25', '4272585535', 'F', 4);
INSERT INTO EMPLOYEE (ID_Employee, EmployeeName, DoB, PhoneNumber, Gender, ID_Department) VALUES (111, 'Angel Gordon', '2000-09-16', '0804231278', 'M', 6);
INSERT INTO EMPLOYEE (ID_Employee, EmployeeName, DoB, PhoneNumber, Gender, ID_Department) VALUES (112, 'Crystal Thomas', '1997-09-30', '1301826065', 'F', 4);
INSERT INTO EMPLOYEE (ID_Employee, EmployeeName, DoB, PhoneNumber, Gender, ID_Department) VALUES (113, 'Cassidy Smith', '1993-11-26', '6511096537', 'F', 2);
INSERT INTO EMPLOYEE (ID_Employee, EmployeeName, DoB, PhoneNumber, Gender, ID_Department) VALUES (114, 'Casey Pierce', '1982-01-02', '2129728326', 'F', 5);
INSERT INTO EMPLOYEE (ID_Employee, EmployeeName, DoB, PhoneNumber, Gender, ID_Department) VALUES (115, 'Megan Mcguire', '2002-06-01', '4512087334', 'M', 6);
INSERT INTO EMPLOYEE (ID_Employee, EmployeeName, DoB, PhoneNumber, Gender, ID_Department) VALUES (116, 'Kristen Anderson', '1974-05-04', '3898126348', 'F', 7);
INSERT INTO EMPLOYEE (ID_Employee, EmployeeName, DoB, PhoneNumber, Gender, ID_Department) VALUES (117, 'Matthew Jordan', '1973-07-30', '6451542776', 'F', 5);
INSERT INTO EMPLOYEE (ID_Employee, EmployeeName, DoB, PhoneNumber, Gender, ID_Department) VALUES (118, 'Janet Gomez', '1974-01-12', '1623090281', 'F', 7);
INSERT INTO EMPLOYEE (ID_Employee, EmployeeName, DoB, PhoneNumber, Gender, ID_Department) VALUES (119, 'Hannah Lucas MD', '1965-12-01', '6918097770', 'M', 5);
INSERT INTO EMPLOYEE (ID_Employee, EmployeeName, DoB, PhoneNumber, Gender, ID_Department) VALUES (120, 'Terry Murray', '1979-04-07', '3569427252', 'F', 6);
INSERT INTO EMPLOYEE (ID_Employee, EmployeeName, DoB, PhoneNumber, Gender, ID_Department) VALUES (121, 'Larry Marsh', '1987-06-19', '7690313926', 'M', 7);
INSERT INTO EMPLOYEE (ID_Employee, EmployeeName, DoB, PhoneNumber, Gender, ID_Department) VALUES (122, 'Jonathan Sanchez', '1966-04-13', '5193917022', 'F', 5);
INSERT INTO EMPLOYEE (ID_Employee, EmployeeName, DoB, PhoneNumber, Gender, ID_Department) VALUES (123, 'Anne Harrison', '1970-06-29', '4118408053', 'M', 3);
INSERT INTO EMPLOYEE (ID_Employee, EmployeeName, DoB, PhoneNumber, Gender, ID_Department) VALUES (124, 'Michael Boyer', '1994-03-21', '1977601018', 'M', 4);
INSERT INTO EMPLOYEE (ID_Employee, EmployeeName, DoB, PhoneNumber, Gender, ID_Department) VALUES (125, 'Robin Chapman', '1967-09-25', '7878784164', 'F', 6);
INSERT INTO EMPLOYEE (ID_Employee, EmployeeName, DoB, PhoneNumber, Gender, ID_Department) VALUES (126, 'Roy Torres', '2000-03-03', '8837531535', 'M', 2);
INSERT INTO EMPLOYEE (ID_Employee, EmployeeName, DoB, PhoneNumber, Gender, ID_Department) VALUES (127, 'David Duncan', '1963-07-09', '2528026579', 'M', 2);
INSERT INTO EMPLOYEE (ID_Employee, EmployeeName, DoB, PhoneNumber, Gender, ID_Department) VALUES (128, 'Roy Morales', '1975-08-02', '2005333878', 'F', 4);
INSERT INTO EMPLOYEE (ID_Employee, EmployeeName, DoB, PhoneNumber, Gender, ID_Department) VALUES (129, 'Michael Sharp', '1969-01-04', '7742138593', 'M', 2);
INSERT INTO EMPLOYEE (ID_Employee, EmployeeName, DoB, PhoneNumber, Gender, ID_Department) VALUES (130, 'Ashley Lee', '1992-08-03', '6316413847', 'F', 5);
INSERT INTO EMPLOYEE (ID_Employee, EmployeeName, DoB, PhoneNumber, Gender, ID_Department) VALUES (131, 'Kristine Adams', '1996-11-22', '4237409203', 'M', 7);
INSERT INTO EMPLOYEE (ID_Employee, EmployeeName, DoB, PhoneNumber, Gender, ID_Department) VALUES (132, 'Anita Lynch', '2005-07-03', '6886648369', 'F', 5);
INSERT INTO EMPLOYEE (ID_Employee, EmployeeName, DoB, PhoneNumber, Gender, ID_Department) VALUES (133, 'Eric Bond', '1967-05-07', '0146063547', 'M', 4);
INSERT INTO EMPLOYEE (ID_Employee, EmployeeName, DoB, PhoneNumber, Gender, ID_Department) VALUES (134, 'George Adkins', '2004-05-08', '4212068054', 'F', 5);
INSERT INTO EMPLOYEE (ID_Employee, EmployeeName, DoB, PhoneNumber, Gender, ID_Department) VALUES (135, 'Jacqueline Tran', '1977-06-20', '0114835648', 'M', 6);
INSERT INTO EMPLOYEE (ID_Employee, EmployeeName, DoB, PhoneNumber, Gender, ID_Department) VALUES (136, 'Jeffrey Austin', '1962-12-02', '0703786009', 'F', 3);
INSERT INTO EMPLOYEE (ID_Employee, EmployeeName, DoB, PhoneNumber, Gender, ID_Department) VALUES (137, 'Jeffrey Holmes', '1989-07-31', '6622925416', 'F', 2);
INSERT INTO EMPLOYEE (ID_Employee, EmployeeName, DoB, PhoneNumber, Gender, ID_Department) VALUES (138, 'David Monroe', '1990-10-09', '5560972406', 'M', 6);
INSERT INTO EMPLOYEE (ID_Employee, EmployeeName, DoB, PhoneNumber, Gender, ID_Department) VALUES (139, 'Bonnie Yates', '1964-09-14', '8192934845', 'F', 4);
INSERT INTO EMPLOYEE (ID_Employee, EmployeeName, DoB, PhoneNumber, Gender, ID_Department) VALUES (140, 'Dalton Rodgers', '2000-09-03', '0395829547', 'M', 7);
INSERT INTO EMPLOYEE (ID_Employee, EmployeeName, DoB, PhoneNumber, Gender, ID_Department) VALUES (141, 'Robert Garner', '1980-05-26', '6243519621', 'F', 7);
INSERT INTO EMPLOYEE (ID_Employee, EmployeeName, DoB, PhoneNumber, Gender, ID_Department) VALUES (142, 'Eric Williams', '2005-12-18', '7143464687', 'M', 2);
INSERT INTO EMPLOYEE (ID_Employee, EmployeeName, DoB, PhoneNumber, Gender, ID_Department) VALUES (143, 'Amanda Ward', '1966-03-31', '7812366529', 'F', 6);
INSERT INTO EMPLOYEE (ID_Employee, EmployeeName, DoB, PhoneNumber, Gender, ID_Department) VALUES (144, 'Clinton Lowe', '2001-06-20', '9320224488', 'M', 4);
INSERT INTO EMPLOYEE (ID_Employee, EmployeeName, DoB, PhoneNumber, Gender, ID_Department) VALUES (145, 'Victoria Larsen', '1964-09-05', '5676613480', 'F', 4);
INSERT INTO EMPLOYEE (ID_Employee, EmployeeName, DoB, PhoneNumber, Gender, ID_Department) VALUES (146, 'Kathy Wilson', '2004-02-04', '4774221040', 'F', 6);
INSERT INTO EMPLOYEE (ID_Employee, EmployeeName, DoB, PhoneNumber, Gender, ID_Department) VALUES (147, 'Douglas Coleman', '1965-08-09', '1227868780', 'F', 4);
INSERT INTO EMPLOYEE (ID_Employee, EmployeeName, DoB, PhoneNumber, Gender, ID_Department) VALUES (148, 'Dean Rogers', '1979-05-22', '5593422398', 'F', 2);
INSERT INTO EMPLOYEE (ID_Employee, EmployeeName, DoB, PhoneNumber, Gender, ID_Department) VALUES (149, 'David Wagner', '1959-12-12', '6810954252', 'M', 7);
INSERT INTO EMPLOYEE (ID_Employee, EmployeeName, DoB, PhoneNumber, Gender, ID_Department) VALUES (150, 'Stanley Bishop DDS', '1991-04-03', '9645327839', 'M', 4);
INSERT INTO EMPLOYEE (ID_Employee, EmployeeName, DoB, PhoneNumber, Gender, ID_Department) VALUES (151, 'Terri Perry', '2002-07-13', '0338397210', 'M', 4);
INSERT INTO EMPLOYEE (ID_Employee, EmployeeName, DoB, PhoneNumber, Gender, ID_Department) VALUES (152, 'Andrea Scott', '1988-01-12', '1684995305', 'F', 2);
INSERT INTO EMPLOYEE (ID_Employee, EmployeeName, DoB, PhoneNumber, Gender, ID_Department) VALUES (153, 'Jessica Owens', '1978-11-26', '3105830042', 'F', 3);
INSERT INTO EMPLOYEE (ID_Employee, EmployeeName, DoB, PhoneNumber, Gender, ID_Department) VALUES (154, 'Daniel Smith', '1963-11-02', '7178075084', 'M', 3);
INSERT INTO EMPLOYEE (ID_Employee, EmployeeName, DoB, PhoneNumber, Gender, ID_Department) VALUES (155, 'Lindsey Smith', '1998-02-24', '0779632098', 'M', 3);
INSERT INTO EMPLOYEE (ID_Employee, EmployeeName, DoB, PhoneNumber, Gender, ID_Department) VALUES (156, 'Kelly Alvarez', '1960-11-24', '4033414669', 'M', 4);
INSERT INTO EMPLOYEE (ID_Employee, EmployeeName, DoB, PhoneNumber, Gender, ID_Department) VALUES (157, 'Scott Carroll', '1960-09-08', '6546287922', 'M', 6);
INSERT INTO EMPLOYEE (ID_Employee, EmployeeName, DoB, PhoneNumber, Gender, ID_Department) VALUES (158, 'Amanda Johnson', '1980-04-22', '1599458986', 'F', 6);
INSERT INTO EMPLOYEE (ID_Employee, EmployeeName, DoB, PhoneNumber, Gender, ID_Department) VALUES (159, 'Brandon Campos', '1965-11-20', '0688191865', 'F', 3);
INSERT INTO EMPLOYEE (ID_Employee, EmployeeName, DoB, PhoneNumber, Gender, ID_Department) VALUES (160, 'Joshua Moore', '1986-08-01', '3451556357', 'F', 4);
INSERT INTO EMPLOYEE (ID_Employee, EmployeeName, DoB, PhoneNumber, Gender, ID_Department) VALUES (161, 'Jeffrey Davis', '1963-05-18', '6460024750', 'F', 4);
INSERT INTO EMPLOYEE (ID_Employee, EmployeeName, DoB, PhoneNumber, Gender, ID_Department) VALUES (162, 'Kathryn Chan', '1975-11-19', '0675198831', 'M', 7);
INSERT INTO EMPLOYEE (ID_Employee, EmployeeName, DoB, PhoneNumber, Gender, ID_Department) VALUES (163, 'Melvin Martinez', '2002-04-04', '4181107646', 'M', 2);
INSERT INTO EMPLOYEE (ID_Employee, EmployeeName, DoB, PhoneNumber, Gender, ID_Department) VALUES (164, 'Paul Hancock', '1964-01-18', '0852838755', 'M', 4);
INSERT INTO EMPLOYEE (ID_Employee, EmployeeName, DoB, PhoneNumber, Gender, ID_Department) VALUES (165, 'Daniel Mullins', '1961-12-18', '5058179594', 'F', 3);
INSERT INTO EMPLOYEE (ID_Employee, EmployeeName, DoB, PhoneNumber, Gender, ID_Department) VALUES (166, 'Maria Norman', '1972-05-26', '6478108268', 'M', 2);
INSERT INTO EMPLOYEE (ID_Employee, EmployeeName, DoB, PhoneNumber, Gender, ID_Department) VALUES (167, 'Paula Ramsey', '1968-10-19', '4143752911', 'F', 7);
INSERT INTO EMPLOYEE (ID_Employee, EmployeeName, DoB, PhoneNumber, Gender, ID_Department) VALUES (168, 'John Hawkins', '1994-01-02', '8991368394', 'M', 3);
INSERT INTO EMPLOYEE (ID_Employee, EmployeeName, DoB, PhoneNumber, Gender, ID_Department) VALUES (169, 'David Rogers', '1998-11-09', '4094400914', 'M', 5);
INSERT INTO EMPLOYEE (ID_Employee, EmployeeName, DoB, PhoneNumber, Gender, ID_Department) VALUES (170, 'Michael Holmes', '2000-05-05', '8234631412', 'M', 6);
INSERT INTO EMPLOYEE (ID_Employee, EmployeeName, DoB, PhoneNumber, Gender, ID_Department) VALUES (171, 'Lauren Joseph', '1988-01-23', '2100149633', 'M', 6);
INSERT INTO EMPLOYEE (ID_Employee, EmployeeName, DoB, PhoneNumber, Gender, ID_Department) VALUES (172, 'Elizabeth Smith', '2006-01-14', '3578362342', 'F', 6);
INSERT INTO EMPLOYEE (ID_Employee, EmployeeName, DoB, PhoneNumber, Gender, ID_Department) VALUES (173, 'Ann Warner', '1980-09-21', '3131738235', 'M', 6);
INSERT INTO EMPLOYEE (ID_Employee, EmployeeName, DoB, PhoneNumber, Gender, ID_Department) VALUES (174, 'Tiffany Davis', '1973-04-26', '9419472381', 'M', 6);
INSERT INTO EMPLOYEE (ID_Employee, EmployeeName, DoB, PhoneNumber, Gender, ID_Department) VALUES (175, 'David Marshall', '1966-09-05', '4850465616', 'M', 4);
INSERT INTO EMPLOYEE (ID_Employee, EmployeeName, DoB, PhoneNumber, Gender, ID_Department) VALUES (176, 'Ashley Perez', '1964-09-02', '6279449840', 'M', 6);
INSERT INTO EMPLOYEE (ID_Employee, EmployeeName, DoB, PhoneNumber, Gender, ID_Department) VALUES (177, 'Willie Holmes', '1994-11-10', '3724902553', 'M', 2);
INSERT INTO EMPLOYEE (ID_Employee, EmployeeName, DoB, PhoneNumber, Gender, ID_Department) VALUES (178, 'Joseph Becker', '2000-08-02', '3660395837', 'M', 7);
INSERT INTO EMPLOYEE (ID_Employee, EmployeeName, DoB, PhoneNumber, Gender, ID_Department) VALUES (179, 'Megan Vargas', '1984-07-23', '3091561951', 'M', 6);
INSERT INTO EMPLOYEE (ID_Employee, EmployeeName, DoB, PhoneNumber, Gender, ID_Department) VALUES (180, 'Patricia Ali', '1980-10-11', '6951507352', 'F', 4);
INSERT INTO EMPLOYEE (ID_Employee, EmployeeName, DoB, PhoneNumber, Gender, ID_Department) VALUES (181, 'Theresa Martin', '1966-03-08', '5273715994', 'F', 2);
INSERT INTO EMPLOYEE (ID_Employee, EmployeeName, DoB, PhoneNumber, Gender, ID_Department) VALUES (182, 'Katie Scott', '1967-10-26', '9115460165', 'F', 6);
INSERT INTO EMPLOYEE (ID_Employee, EmployeeName, DoB, PhoneNumber, Gender, ID_Department) VALUES (183, 'Rodney Alvarado', '1989-05-30', '2993487303', 'M', 5);
INSERT INTO EMPLOYEE (ID_Employee, EmployeeName, DoB, PhoneNumber, Gender, ID_Department) VALUES (184, 'Steven Mills Jr.', '2002-06-19', '4363147203', 'F', 3);
INSERT INTO EMPLOYEE (ID_Employee, EmployeeName, DoB, PhoneNumber, Gender, ID_Department) VALUES (185, 'Larry Allen', '1975-07-09', '1059814977', 'M', 2);
INSERT INTO EMPLOYEE (ID_Employee, EmployeeName, DoB, PhoneNumber, Gender, ID_Department) VALUES (186, 'Jacqueline Roberts', '1973-04-23', '6877332056', 'F', 2);
INSERT INTO EMPLOYEE (ID_Employee, EmployeeName, DoB, PhoneNumber, Gender, ID_Department) VALUES (187, 'Heather Kim', '1970-09-29', '4620701400', 'F', 4);
INSERT INTO EMPLOYEE (ID_Employee, EmployeeName, DoB, PhoneNumber, Gender, ID_Department) VALUES (188, 'Troy Benson', '1998-05-18', '4772821266', 'M', 2);
INSERT INTO EMPLOYEE (ID_Employee, EmployeeName, DoB, PhoneNumber, Gender, ID_Department) VALUES (189, 'Lori Robinson', '1987-07-04', '6263702958', 'M', 7);
INSERT INTO EMPLOYEE (ID_Employee, EmployeeName, DoB, PhoneNumber, Gender, ID_Department) VALUES (190, 'David Perez', '1979-02-26', '3709831242', 'M', 7);
INSERT INTO EMPLOYEE (ID_Employee, EmployeeName, DoB, PhoneNumber, Gender, ID_Department) VALUES (191, 'Rebecca Hubbard', '2003-01-02', '7593088244', 'M', 4);
INSERT INTO EMPLOYEE (ID_Employee, EmployeeName, DoB, PhoneNumber, Gender, ID_Department) VALUES (192, 'Craig Gomez', '1996-03-10', '0990675130', 'M', 7);
INSERT INTO EMPLOYEE (ID_Employee, EmployeeName, DoB, PhoneNumber, Gender, ID_Department) VALUES (193, 'Richard Hudson', '1963-04-14', '8906039294', 'F', 4);
INSERT INTO EMPLOYEE (ID_Employee, EmployeeName, DoB, PhoneNumber, Gender, ID_Department) VALUES (194, 'Michael Miller', '2002-10-16', '5035497381', 'F', 6);
INSERT INTO EMPLOYEE (ID_Employee, EmployeeName, DoB, PhoneNumber, Gender, ID_Department) VALUES (195, 'Sarah Lyons', '1985-05-08', '0651020583', 'M', 7);
INSERT INTO EMPLOYEE (ID_Employee, EmployeeName, DoB, PhoneNumber, Gender, ID_Department) VALUES (196, 'Anthony Thomas', '1973-06-16', '5274548760', 'F', 6);
INSERT INTO EMPLOYEE (ID_Employee, EmployeeName, DoB, PhoneNumber, Gender, ID_Department) VALUES (197, 'Edward Bradley', '2006-03-22', '9538879934', 'M', 7);
INSERT INTO EMPLOYEE (ID_Employee, EmployeeName, DoB, PhoneNumber, Gender, ID_Department) VALUES (198, 'Paige Cardenas', '1987-12-17', '3675936138', 'M', 3);
INSERT INTO EMPLOYEE (ID_Employee, EmployeeName, DoB, PhoneNumber, Gender, ID_Department) VALUES (199, 'Samantha Coleman', '1976-10-01', '1516310030', 'F', 6);
INSERT INTO EMPLOYEE (ID_Employee, EmployeeName, DoB, PhoneNumber, Gender, ID_Department) VALUES (200, 'Cindy Collins', '1998-12-17', '4247123132', 'F', 3);
INSERT INTO EMPLOYEE (ID_Employee, EmployeeName, DoB, PhoneNumber, Gender, ID_Department) VALUES (201, 'Mary Meadows', '2004-07-14', '9335062968', 'F', 4);
INSERT INTO EMPLOYEE (ID_Employee, EmployeeName, DoB, PhoneNumber, Gender, ID_Department) VALUES (202, 'Molly Fitzgerald', '1971-01-05', '2846367614', 'F', 7);
INSERT INTO EMPLOYEE (ID_Employee, EmployeeName, DoB, PhoneNumber, Gender, ID_Department) VALUES (203, 'Benjamin Morris', '1999-11-13', '1286641377', 'M', 5);
INSERT INTO EMPLOYEE (ID_Employee, EmployeeName, DoB, PhoneNumber, Gender, ID_Department) VALUES (204, 'Ashley Juarez', '1963-02-14', '7119997845', 'F', 5);
INSERT INTO EMPLOYEE (ID_Employee, EmployeeName, DoB, PhoneNumber, Gender, ID_Department) VALUES (205, 'Christopher Sexton', '1975-10-13', '5491306812', 'F', 4);
INSERT INTO EMPLOYEE (ID_Employee, EmployeeName, DoB, PhoneNumber, Gender, ID_Department) VALUES (206, 'Carl Mcdonald', '1996-04-04', '5526874709', 'F', 5);
INSERT INTO EMPLOYEE (ID_Employee, EmployeeName, DoB, PhoneNumber, Gender, ID_Department) VALUES (207, 'Charles Lowe', '2005-07-29', '8227841470', 'M', 2);
INSERT INTO EMPLOYEE (ID_Employee, EmployeeName, DoB, PhoneNumber, Gender, ID_Department) VALUES (208, 'Melissa Robinson', '1996-05-03', '2937980354', 'F', 4);
INSERT INTO EMPLOYEE (ID_Employee, EmployeeName, DoB, PhoneNumber, Gender, ID_Department) VALUES (209, 'Albert Turner', '1980-01-03', '3166763646', 'F', 4);
INSERT INTO EMPLOYEE (ID_Employee, EmployeeName, DoB, PhoneNumber, Gender, ID_Department) VALUES (210, 'Becky Griffith', '1987-04-28', '3677562914', 'M', 6);
INSERT INTO EMPLOYEE (ID_Employee, EmployeeName, DoB, PhoneNumber, Gender, ID_Department) VALUES (211, 'Eugene Walsh', '1976-05-04', '9797689841', 'F', 5);
INSERT INTO EMPLOYEE (ID_Employee, EmployeeName, DoB, PhoneNumber, Gender, ID_Department) VALUES (212, 'Tracy Moreno', '2005-11-17', '8795831891', 'M', 5);
INSERT INTO EMPLOYEE (ID_Employee, EmployeeName, DoB, PhoneNumber, Gender, ID_Department) VALUES (213, 'Joseph Tucker', '2000-04-22', '9833105572', 'F', 7);
INSERT INTO EMPLOYEE (ID_Employee, EmployeeName, DoB, PhoneNumber, Gender, ID_Department) VALUES (214, 'Jason Vega', '1981-01-10', '9961445659', 'F', 7);
INSERT INTO EMPLOYEE (ID_Employee, EmployeeName, DoB, PhoneNumber, Gender, ID_Department) VALUES (215, 'Anna Herrera', '1964-07-13', '3259451354', 'M', 5);
INSERT INTO EMPLOYEE (ID_Employee, EmployeeName, DoB, PhoneNumber, Gender, ID_Department) VALUES (216, 'Julie Johnston', '1979-09-22', '2672407299', 'M', 4);
INSERT INTO EMPLOYEE (ID_Employee, EmployeeName, DoB, PhoneNumber, Gender, ID_Department) VALUES (217, 'Nicole Bell', '1976-11-18', '3230184955', 'M', 3);
INSERT INTO EMPLOYEE (ID_Employee, EmployeeName, DoB, PhoneNumber, Gender, ID_Department) VALUES (218, 'Michelle Medina', '1967-07-26', '2472192886', 'M', 6);
INSERT INTO EMPLOYEE (ID_Employee, EmployeeName, DoB, PhoneNumber, Gender, ID_Department) VALUES (219, 'Lee Sims', '1986-11-29', '6134851964', 'F', 7);
INSERT INTO EMPLOYEE (ID_Employee, EmployeeName, DoB, PhoneNumber, Gender, ID_Department) VALUES (220, 'John Knight', '1963-03-10', '4775778238', 'M', 6);
INSERT INTO EMPLOYEE (ID_Employee, EmployeeName, DoB, PhoneNumber, Gender, ID_Department) VALUES (221, 'Carlos Bryant', '2000-01-09', '3762577401', 'F', 2);
INSERT INTO EMPLOYEE (ID_Employee, EmployeeName, DoB, PhoneNumber, Gender, ID_Department) VALUES (222, 'Karen Simmons', '1993-04-17', '1393235575', 'F', 2);
INSERT INTO EMPLOYEE (ID_Employee, EmployeeName, DoB, PhoneNumber, Gender, ID_Department) VALUES (223, 'Kyle Massey', '1991-06-05', '9078296662', 'M', 6);
INSERT INTO EMPLOYEE (ID_Employee, EmployeeName, DoB, PhoneNumber, Gender, ID_Department) VALUES (224, 'Don Phillips', '1960-07-08', '6805651735', 'M', 6);
INSERT INTO EMPLOYEE (ID_Employee, EmployeeName, DoB, PhoneNumber, Gender, ID_Department) VALUES (225, 'Alfred Greer', '1980-08-05', '6365179794', 'M', 7);
INSERT INTO EMPLOYEE_LEAVE_BALANCE (ID_Employee) VALUES (1);
INSERT INTO EMPLOYEE_LEAVE_BALANCE (ID_Employee) VALUES (2);
INSERT INTO EMPLOYEE_LEAVE_BALANCE (ID_Employee) VALUES (3);
INSERT INTO EMPLOYEE_LEAVE_BALANCE (ID_Employee) VALUES (4);
INSERT INTO EMPLOYEE_LEAVE_BALANCE (ID_Employee) VALUES (5);
INSERT INTO EMPLOYEE_LEAVE_BALANCE (ID_Employee) VALUES (6);
INSERT INTO EMPLOYEE_LEAVE_BALANCE (ID_Employee) VALUES (7);
INSERT INTO EMPLOYEE_LEAVE_BALANCE (ID_Employee) VALUES (8);
INSERT INTO EMPLOYEE_LEAVE_BALANCE (ID_Employee) VALUES (9);
INSERT INTO EMPLOYEE_LEAVE_BALANCE (ID_Employee) VALUES (10);
INSERT INTO EMPLOYEE_LEAVE_BALANCE (ID_Employee) VALUES (11);
INSERT INTO EMPLOYEE_LEAVE_BALANCE (ID_Employee) VALUES (12);
INSERT INTO EMPLOYEE_LEAVE_BALANCE (ID_Employee) VALUES (13);
INSERT INTO EMPLOYEE_LEAVE_BALANCE (ID_Employee) VALUES (14);
INSERT INTO EMPLOYEE_LEAVE_BALANCE (ID_Employee) VALUES (15);
INSERT INTO EMPLOYEE_LEAVE_BALANCE (ID_Employee) VALUES (16);
INSERT INTO EMPLOYEE_LEAVE_BALANCE (ID_Employee) VALUES (17);
INSERT INTO EMPLOYEE_LEAVE_BALANCE (ID_Employee) VALUES (18);
INSERT INTO EMPLOYEE_LEAVE_BALANCE (ID_Employee) VALUES (19);
INSERT INTO EMPLOYEE_LEAVE_BALANCE (ID_Employee) VALUES (20);
INSERT INTO EMPLOYEE_LEAVE_BALANCE (ID_Employee) VALUES (21);
INSERT INTO EMPLOYEE_LEAVE_BALANCE (ID_Employee) VALUES (22);
INSERT INTO EMPLOYEE_LEAVE_BALANCE (ID_Employee) VALUES (23);
INSERT INTO EMPLOYEE_LEAVE_BALANCE (ID_Employee) VALUES (24);
INSERT INTO EMPLOYEE_LEAVE_BALANCE (ID_Employee) VALUES (25);
INSERT INTO EMPLOYEE_LEAVE_BALANCE (ID_Employee) VALUES (26);
INSERT INTO EMPLOYEE_LEAVE_BALANCE (ID_Employee) VALUES (27);
INSERT INTO EMPLOYEE_LEAVE_BALANCE (ID_Employee) VALUES (28);
INSERT INTO EMPLOYEE_LEAVE_BALANCE (ID_Employee) VALUES (29);
INSERT INTO EMPLOYEE_LEAVE_BALANCE (ID_Employee) VALUES (30);
INSERT INTO EMPLOYEE_LEAVE_BALANCE (ID_Employee) VALUES (31);
INSERT INTO EMPLOYEE_LEAVE_BALANCE (ID_Employee) VALUES (32);
INSERT INTO EMPLOYEE_LEAVE_BALANCE (ID_Employee) VALUES (33);
INSERT INTO EMPLOYEE_LEAVE_BALANCE (ID_Employee) VALUES (34);
INSERT INTO EMPLOYEE_LEAVE_BALANCE (ID_Employee) VALUES (35);
INSERT INTO EMPLOYEE_LEAVE_BALANCE (ID_Employee) VALUES (36);
INSERT INTO EMPLOYEE_LEAVE_BALANCE (ID_Employee) VALUES (37);
INSERT INTO EMPLOYEE_LEAVE_BALANCE (ID_Employee) VALUES (38);
INSERT INTO EMPLOYEE_LEAVE_BALANCE (ID_Employee) VALUES (39);
INSERT INTO EMPLOYEE_LEAVE_BALANCE (ID_Employee) VALUES (40);
INSERT INTO EMPLOYEE_LEAVE_BALANCE (ID_Employee) VALUES (41);
INSERT INTO EMPLOYEE_LEAVE_BALANCE (ID_Employee) VALUES (42);
INSERT INTO EMPLOYEE_LEAVE_BALANCE (ID_Employee) VALUES (43);
INSERT INTO EMPLOYEE_LEAVE_BALANCE (ID_Employee) VALUES (44);
INSERT INTO EMPLOYEE_LEAVE_BALANCE (ID_Employee) VALUES (45);
INSERT INTO EMPLOYEE_LEAVE_BALANCE (ID_Employee) VALUES (46);
INSERT INTO EMPLOYEE_LEAVE_BALANCE (ID_Employee) VALUES (47);
INSERT INTO EMPLOYEE_LEAVE_BALANCE (ID_Employee) VALUES (48);
INSERT INTO EMPLOYEE_LEAVE_BALANCE (ID_Employee) VALUES (49);
INSERT INTO EMPLOYEE_LEAVE_BALANCE (ID_Employee) VALUES (50);
INSERT INTO EMPLOYEE_LEAVE_BALANCE (ID_Employee) VALUES (51);
INSERT INTO EMPLOYEE_LEAVE_BALANCE (ID_Employee) VALUES (52);
INSERT INTO EMPLOYEE_LEAVE_BALANCE (ID_Employee) VALUES (53);
INSERT INTO EMPLOYEE_LEAVE_BALANCE (ID_Employee) VALUES (54);
INSERT INTO EMPLOYEE_LEAVE_BALANCE (ID_Employee) VALUES (55);
INSERT INTO EMPLOYEE_LEAVE_BALANCE (ID_Employee) VALUES (56);
INSERT INTO EMPLOYEE_LEAVE_BALANCE (ID_Employee) VALUES (57);
INSERT INTO EMPLOYEE_LEAVE_BALANCE (ID_Employee) VALUES (58);
INSERT INTO EMPLOYEE_LEAVE_BALANCE (ID_Employee) VALUES (59);
INSERT INTO EMPLOYEE_LEAVE_BALANCE (ID_Employee) VALUES (60);
INSERT INTO EMPLOYEE_LEAVE_BALANCE (ID_Employee) VALUES (61);
INSERT INTO EMPLOYEE_LEAVE_BALANCE (ID_Employee) VALUES (62);
INSERT INTO EMPLOYEE_LEAVE_BALANCE (ID_Employee) VALUES (63);
INSERT INTO EMPLOYEE_LEAVE_BALANCE (ID_Employee) VALUES (64);
INSERT INTO EMPLOYEE_LEAVE_BALANCE (ID_Employee) VALUES (65);
INSERT INTO EMPLOYEE_LEAVE_BALANCE (ID_Employee) VALUES (66);
INSERT INTO EMPLOYEE_LEAVE_BALANCE (ID_Employee) VALUES (67);
INSERT INTO EMPLOYEE_LEAVE_BALANCE (ID_Employee) VALUES (68);
INSERT INTO EMPLOYEE_LEAVE_BALANCE (ID_Employee) VALUES (69);
INSERT INTO EMPLOYEE_LEAVE_BALANCE (ID_Employee) VALUES (70);
INSERT INTO EMPLOYEE_LEAVE_BALANCE (ID_Employee) VALUES (71);
INSERT INTO EMPLOYEE_LEAVE_BALANCE (ID_Employee) VALUES (72);
INSERT INTO EMPLOYEE_LEAVE_BALANCE (ID_Employee) VALUES (73);
INSERT INTO EMPLOYEE_LEAVE_BALANCE (ID_Employee) VALUES (74);
INSERT INTO EMPLOYEE_LEAVE_BALANCE (ID_Employee) VALUES (75);
INSERT INTO EMPLOYEE_LEAVE_BALANCE (ID_Employee) VALUES (76);
INSERT INTO EMPLOYEE_LEAVE_BALANCE (ID_Employee) VALUES (77);
INSERT INTO EMPLOYEE_LEAVE_BALANCE (ID_Employee) VALUES (78);
INSERT INTO EMPLOYEE_LEAVE_BALANCE (ID_Employee) VALUES (79);
INSERT INTO EMPLOYEE_LEAVE_BALANCE (ID_Employee) VALUES (80);
INSERT INTO EMPLOYEE_LEAVE_BALANCE (ID_Employee) VALUES (81);
INSERT INTO EMPLOYEE_LEAVE_BALANCE (ID_Employee) VALUES (82);
INSERT INTO EMPLOYEE_LEAVE_BALANCE (ID_Employee) VALUES (83);
INSERT INTO EMPLOYEE_LEAVE_BALANCE (ID_Employee) VALUES (84);
INSERT INTO EMPLOYEE_LEAVE_BALANCE (ID_Employee) VALUES (85);
INSERT INTO EMPLOYEE_LEAVE_BALANCE (ID_Employee) VALUES (86);
INSERT INTO EMPLOYEE_LEAVE_BALANCE (ID_Employee) VALUES (87);
INSERT INTO EMPLOYEE_LEAVE_BALANCE (ID_Employee) VALUES (88);
INSERT INTO EMPLOYEE_LEAVE_BALANCE (ID_Employee) VALUES (89);
INSERT INTO EMPLOYEE_LEAVE_BALANCE (ID_Employee) VALUES (90);
INSERT INTO EMPLOYEE_LEAVE_BALANCE (ID_Employee) VALUES (91);
INSERT INTO EMPLOYEE_LEAVE_BALANCE (ID_Employee) VALUES (92);
INSERT INTO EMPLOYEE_LEAVE_BALANCE (ID_Employee) VALUES (93);
INSERT INTO EMPLOYEE_LEAVE_BALANCE (ID_Employee) VALUES (94);
INSERT INTO EMPLOYEE_LEAVE_BALANCE (ID_Employee) VALUES (95);
INSERT INTO EMPLOYEE_LEAVE_BALANCE (ID_Employee) VALUES (96);
INSERT INTO EMPLOYEE_LEAVE_BALANCE (ID_Employee) VALUES (97);
INSERT INTO EMPLOYEE_LEAVE_BALANCE (ID_Employee) VALUES (98);
INSERT INTO EMPLOYEE_LEAVE_BALANCE (ID_Employee) VALUES (99);
INSERT INTO EMPLOYEE_LEAVE_BALANCE (ID_Employee) VALUES (100);
INSERT INTO EMPLOYEE_LEAVE_BALANCE (ID_Employee) VALUES (101);
INSERT INTO EMPLOYEE_LEAVE_BALANCE (ID_Employee) VALUES (102);
INSERT INTO EMPLOYEE_LEAVE_BALANCE (ID_Employee) VALUES (103);
INSERT INTO EMPLOYEE_LEAVE_BALANCE (ID_Employee) VALUES (104);
INSERT INTO EMPLOYEE_LEAVE_BALANCE (ID_Employee) VALUES (105);
INSERT INTO EMPLOYEE_LEAVE_BALANCE (ID_Employee) VALUES (106);
INSERT INTO EMPLOYEE_LEAVE_BALANCE (ID_Employee) VALUES (107);
INSERT INTO EMPLOYEE_LEAVE_BALANCE (ID_Employee) VALUES (108);
INSERT INTO EMPLOYEE_LEAVE_BALANCE (ID_Employee) VALUES (109);
INSERT INTO EMPLOYEE_LEAVE_BALANCE (ID_Employee) VALUES (110);
INSERT INTO EMPLOYEE_LEAVE_BALANCE (ID_Employee) VALUES (111);
INSERT INTO EMPLOYEE_LEAVE_BALANCE (ID_Employee) VALUES (112);
INSERT INTO EMPLOYEE_LEAVE_BALANCE (ID_Employee) VALUES (113);
INSERT INTO EMPLOYEE_LEAVE_BALANCE (ID_Employee) VALUES (114);
INSERT INTO EMPLOYEE_LEAVE_BALANCE (ID_Employee) VALUES (115);
INSERT INTO EMPLOYEE_LEAVE_BALANCE (ID_Employee) VALUES (116);
INSERT INTO EMPLOYEE_LEAVE_BALANCE (ID_Employee) VALUES (117);
INSERT INTO EMPLOYEE_LEAVE_BALANCE (ID_Employee) VALUES (118);
INSERT INTO EMPLOYEE_LEAVE_BALANCE (ID_Employee) VALUES (119);
INSERT INTO EMPLOYEE_LEAVE_BALANCE (ID_Employee) VALUES (120);
INSERT INTO EMPLOYEE_LEAVE_BALANCE (ID_Employee) VALUES (121);
INSERT INTO EMPLOYEE_LEAVE_BALANCE (ID_Employee) VALUES (122);
INSERT INTO EMPLOYEE_LEAVE_BALANCE (ID_Employee) VALUES (123);
INSERT INTO EMPLOYEE_LEAVE_BALANCE (ID_Employee) VALUES (124);
INSERT INTO EMPLOYEE_LEAVE_BALANCE (ID_Employee) VALUES (125);
INSERT INTO EMPLOYEE_LEAVE_BALANCE (ID_Employee) VALUES (126);
INSERT INTO EMPLOYEE_LEAVE_BALANCE (ID_Employee) VALUES (127);
INSERT INTO EMPLOYEE_LEAVE_BALANCE (ID_Employee) VALUES (128);
INSERT INTO EMPLOYEE_LEAVE_BALANCE (ID_Employee) VALUES (129);
INSERT INTO EMPLOYEE_LEAVE_BALANCE (ID_Employee) VALUES (130);
INSERT INTO EMPLOYEE_LEAVE_BALANCE (ID_Employee) VALUES (131);
INSERT INTO EMPLOYEE_LEAVE_BALANCE (ID_Employee) VALUES (132);
INSERT INTO EMPLOYEE_LEAVE_BALANCE (ID_Employee) VALUES (133);
INSERT INTO EMPLOYEE_LEAVE_BALANCE (ID_Employee) VALUES (134);
INSERT INTO EMPLOYEE_LEAVE_BALANCE (ID_Employee) VALUES (135);
INSERT INTO EMPLOYEE_LEAVE_BALANCE (ID_Employee) VALUES (136);
INSERT INTO EMPLOYEE_LEAVE_BALANCE (ID_Employee) VALUES (137);
INSERT INTO EMPLOYEE_LEAVE_BALANCE (ID_Employee) VALUES (138);
INSERT INTO EMPLOYEE_LEAVE_BALANCE (ID_Employee) VALUES (139);
INSERT INTO EMPLOYEE_LEAVE_BALANCE (ID_Employee) VALUES (140);
INSERT INTO EMPLOYEE_LEAVE_BALANCE (ID_Employee) VALUES (141);
INSERT INTO EMPLOYEE_LEAVE_BALANCE (ID_Employee) VALUES (142);
INSERT INTO EMPLOYEE_LEAVE_BALANCE (ID_Employee) VALUES (143);
INSERT INTO EMPLOYEE_LEAVE_BALANCE (ID_Employee) VALUES (144);
INSERT INTO EMPLOYEE_LEAVE_BALANCE (ID_Employee) VALUES (145);
INSERT INTO EMPLOYEE_LEAVE_BALANCE (ID_Employee) VALUES (146);
INSERT INTO EMPLOYEE_LEAVE_BALANCE (ID_Employee) VALUES (147);
INSERT INTO EMPLOYEE_LEAVE_BALANCE (ID_Employee) VALUES (148);
INSERT INTO EMPLOYEE_LEAVE_BALANCE (ID_Employee) VALUES (149);
INSERT INTO EMPLOYEE_LEAVE_BALANCE (ID_Employee) VALUES (150);
INSERT INTO EMPLOYEE_LEAVE_BALANCE (ID_Employee) VALUES (151);
INSERT INTO EMPLOYEE_LEAVE_BALANCE (ID_Employee) VALUES (152);
INSERT INTO EMPLOYEE_LEAVE_BALANCE (ID_Employee) VALUES (153);
INSERT INTO EMPLOYEE_LEAVE_BALANCE (ID_Employee) VALUES (154);
INSERT INTO EMPLOYEE_LEAVE_BALANCE (ID_Employee) VALUES (155);
INSERT INTO EMPLOYEE_LEAVE_BALANCE (ID_Employee) VALUES (156);
INSERT INTO EMPLOYEE_LEAVE_BALANCE (ID_Employee) VALUES (157);
INSERT INTO EMPLOYEE_LEAVE_BALANCE (ID_Employee) VALUES (158);
INSERT INTO EMPLOYEE_LEAVE_BALANCE (ID_Employee) VALUES (159);
INSERT INTO EMPLOYEE_LEAVE_BALANCE (ID_Employee) VALUES (160);
INSERT INTO EMPLOYEE_LEAVE_BALANCE (ID_Employee) VALUES (161);
INSERT INTO EMPLOYEE_LEAVE_BALANCE (ID_Employee) VALUES (162);
INSERT INTO EMPLOYEE_LEAVE_BALANCE (ID_Employee) VALUES (163);
INSERT INTO EMPLOYEE_LEAVE_BALANCE (ID_Employee) VALUES (164);
INSERT INTO EMPLOYEE_LEAVE_BALANCE (ID_Employee) VALUES (165);
INSERT INTO EMPLOYEE_LEAVE_BALANCE (ID_Employee) VALUES (166);
INSERT INTO EMPLOYEE_LEAVE_BALANCE (ID_Employee) VALUES (167);
INSERT INTO EMPLOYEE_LEAVE_BALANCE (ID_Employee) VALUES (168);
INSERT INTO EMPLOYEE_LEAVE_BALANCE (ID_Employee) VALUES (169);
INSERT INTO EMPLOYEE_LEAVE_BALANCE (ID_Employee) VALUES (170);
INSERT INTO EMPLOYEE_LEAVE_BALANCE (ID_Employee) VALUES (171);
INSERT INTO EMPLOYEE_LEAVE_BALANCE (ID_Employee) VALUES (172);
INSERT INTO EMPLOYEE_LEAVE_BALANCE (ID_Employee) VALUES (173);
INSERT INTO EMPLOYEE_LEAVE_BALANCE (ID_Employee) VALUES (174);
INSERT INTO EMPLOYEE_LEAVE_BALANCE (ID_Employee) VALUES (175);
INSERT INTO EMPLOYEE_LEAVE_BALANCE (ID_Employee) VALUES (176);
INSERT INTO EMPLOYEE_LEAVE_BALANCE (ID_Employee) VALUES (177);
INSERT INTO EMPLOYEE_LEAVE_BALANCE (ID_Employee) VALUES (178);
INSERT INTO EMPLOYEE_LEAVE_BALANCE (ID_Employee) VALUES (179);
INSERT INTO EMPLOYEE_LEAVE_BALANCE (ID_Employee) VALUES (180);
INSERT INTO EMPLOYEE_LEAVE_BALANCE (ID_Employee) VALUES (181);
INSERT INTO EMPLOYEE_LEAVE_BALANCE (ID_Employee) VALUES (182);
INSERT INTO EMPLOYEE_LEAVE_BALANCE (ID_Employee) VALUES (183);
INSERT INTO EMPLOYEE_LEAVE_BALANCE (ID_Employee) VALUES (184);
INSERT INTO EMPLOYEE_LEAVE_BALANCE (ID_Employee) VALUES (185);
INSERT INTO EMPLOYEE_LEAVE_BALANCE (ID_Employee) VALUES (186);
INSERT INTO EMPLOYEE_LEAVE_BALANCE (ID_Employee) VALUES (187);
INSERT INTO EMPLOYEE_LEAVE_BALANCE (ID_Employee) VALUES (188);
INSERT INTO EMPLOYEE_LEAVE_BALANCE (ID_Employee) VALUES (189);
INSERT INTO EMPLOYEE_LEAVE_BALANCE (ID_Employee) VALUES (190);
INSERT INTO EMPLOYEE_LEAVE_BALANCE (ID_Employee) VALUES (191);
INSERT INTO EMPLOYEE_LEAVE_BALANCE (ID_Employee) VALUES (192);
INSERT INTO EMPLOYEE_LEAVE_BALANCE (ID_Employee) VALUES (193);
INSERT INTO EMPLOYEE_LEAVE_BALANCE (ID_Employee) VALUES (194);
INSERT INTO EMPLOYEE_LEAVE_BALANCE (ID_Employee) VALUES (195);
INSERT INTO EMPLOYEE_LEAVE_BALANCE (ID_Employee) VALUES (196);
INSERT INTO EMPLOYEE_LEAVE_BALANCE (ID_Employee) VALUES (197);
INSERT INTO EMPLOYEE_LEAVE_BALANCE (ID_Employee) VALUES (198);
INSERT INTO EMPLOYEE_LEAVE_BALANCE (ID_Employee) VALUES (199);
INSERT INTO EMPLOYEE_LEAVE_BALANCE (ID_Employee) VALUES (200);
INSERT INTO EMPLOYEE_LEAVE_BALANCE (ID_Employee) VALUES (201);
INSERT INTO EMPLOYEE_LEAVE_BALANCE (ID_Employee) VALUES (202);
INSERT INTO EMPLOYEE_LEAVE_BALANCE (ID_Employee) VALUES (203);
INSERT INTO EMPLOYEE_LEAVE_BALANCE (ID_Employee) VALUES (204);
INSERT INTO EMPLOYEE_LEAVE_BALANCE (ID_Employee) VALUES (205);
INSERT INTO EMPLOYEE_LEAVE_BALANCE (ID_Employee) VALUES (206);
INSERT INTO EMPLOYEE_LEAVE_BALANCE (ID_Employee) VALUES (207);
INSERT INTO EMPLOYEE_LEAVE_BALANCE (ID_Employee) VALUES (208);
INSERT INTO EMPLOYEE_LEAVE_BALANCE (ID_Employee) VALUES (209);
INSERT INTO EMPLOYEE_LEAVE_BALANCE (ID_Employee) VALUES (210);
INSERT INTO EMPLOYEE_LEAVE_BALANCE (ID_Employee) VALUES (211);
INSERT INTO EMPLOYEE_LEAVE_BALANCE (ID_Employee) VALUES (212);
INSERT INTO EMPLOYEE_LEAVE_BALANCE (ID_Employee) VALUES (213);
INSERT INTO EMPLOYEE_LEAVE_BALANCE (ID_Employee) VALUES (214);
INSERT INTO EMPLOYEE_LEAVE_BALANCE (ID_Employee) VALUES (215);
INSERT INTO EMPLOYEE_LEAVE_BALANCE (ID_Employee) VALUES (216);
INSERT INTO EMPLOYEE_LEAVE_BALANCE (ID_Employee) VALUES (217);
INSERT INTO EMPLOYEE_LEAVE_BALANCE (ID_Employee) VALUES (218);
INSERT INTO EMPLOYEE_LEAVE_BALANCE (ID_Employee) VALUES (219);
INSERT INTO EMPLOYEE_LEAVE_BALANCE (ID_Employee) VALUES (220);
INSERT INTO EMPLOYEE_LEAVE_BALANCE (ID_Employee) VALUES (221);
INSERT INTO EMPLOYEE_LEAVE_BALANCE (ID_Employee) VALUES (222);
INSERT INTO EMPLOYEE_LEAVE_BALANCE (ID_Employee) VALUES (223);
INSERT INTO EMPLOYEE_LEAVE_BALANCE (ID_Employee) VALUES (224);
INSERT INTO EMPLOYEE_LEAVE_BALANCE (ID_Employee) VALUES (225);
INSERT INTO BRANCH (ID_Branch, BranchName, Address, PhoneNumber, OpeningHour, CloseHour, ID_Area, ID_Employee) VALUES (1, 'Dog Sushi World', '061 Pacheco Shoals Suite 517', '5611730975', '10:00:00', '20:00:00', 4, 2);
INSERT INTO BRANCH (ID_Branch, BranchName, Address, PhoneNumber, OpeningHour, CloseHour, ID_Area, ID_Employee) VALUES (2, 'Man Sushi Hub', '20829 Castillo Mountain', '6165182145', '12:00:00', '21:00:00', 5, 10);
INSERT INTO BRANCH (ID_Branch, BranchName, Address, PhoneNumber, OpeningHour, CloseHour, ID_Area, ID_Employee) VALUES (3, 'Hit Sushi Palace', '2970 Amy Extensions', '1529660317', '10:00:00', '22:00:00', 1, 9);
INSERT INTO BRANCH (ID_Branch, BranchName, Address, PhoneNumber, OpeningHour, CloseHour, ID_Area, ID_Employee) VALUES (4, 'Artist Sushi Garden', '563 Salas Ports', '5749912204', '08:00:00', '23:00:00', 3, 8);
INSERT INTO BRANCH (ID_Branch, BranchName, Address, PhoneNumber, OpeningHour, CloseHour, ID_Area, ID_Employee) VALUES (5, 'Least Sushi Corner', '4548 Jones Cliff', '4187849104', '06:00:00', '21:00:00', 3, 14);
INSERT INTO BRANCH (ID_Branch, BranchName, Address, PhoneNumber, OpeningHour, CloseHour, ID_Area, ID_Employee) VALUES (6, 'Knowledge Sushi Palace', '675 Mathew Well', '2192192016', '12:00:00', '23:00:00', 4, 6);
INSERT INTO BRANCH (ID_Branch, BranchName, Address, PhoneNumber, OpeningHour, CloseHour, ID_Area, ID_Employee) VALUES (7, 'Participant Sushi Bar', '463 Mcintyre Cape', '7209087238', '06:00:00', '23:00:00', 1, 12);
INSERT INTO BRANCH (ID_Branch, BranchName, Address, PhoneNumber, OpeningHour, CloseHour, ID_Area, ID_Employee) VALUES (8, 'Guy Sushi Haven', '97501 Gregory Lock Apt. 480', '5460401283', '08:00:00', '19:00:00', 3, 4);
INSERT INTO BRANCH (ID_Branch, BranchName, Address, PhoneNumber, OpeningHour, CloseHour, ID_Area, ID_Employee) VALUES (9, 'Model Sushi Garden', '76762 Victor Curve', '8702667083', '10:00:00', '23:00:00', 4, 13);
INSERT INTO BRANCH (ID_Branch, BranchName, Address, PhoneNumber, OpeningHour, CloseHour, ID_Area, ID_Employee) VALUES (10, 'Both Sushi Hub', '2175 Maldonado Pines', '8447607543', '08:00:00', '20:00:00', 1, 5);
INSERT INTO BRANCH (ID_Branch, BranchName, Address, PhoneNumber, OpeningHour, CloseHour, ID_Area, ID_Employee) VALUES (11, 'Purpose Sushi Bar', '4260 Samuel Rest Apt. 236', '3560518466', '11:00:00', '20:00:00', 5, 15);
INSERT INTO BRANCH (ID_Branch, BranchName, Address, PhoneNumber, OpeningHour, CloseHour, ID_Area, ID_Employee) VALUES (12, 'Challenge Sushi Hub', '960 Orr Islands', '3557227349', '09:00:00', '19:00:00', 2, 3);
INSERT INTO BRANCH (ID_Branch, BranchName, Address, PhoneNumber, OpeningHour, CloseHour, ID_Area, ID_Employee) VALUES (13, 'Able Sushi Hub', '507 Mcdaniel Lodge Apt. 595', '3407460129', '07:00:00', '18:00:00', 5, 7);
INSERT INTO BRANCH (ID_Branch, BranchName, Address, PhoneNumber, OpeningHour, CloseHour, ID_Area, ID_Employee) VALUES (14, 'White Sushi Factory', '6088 Vance Burgs Suite 539', '5246206508', '10:00:00', '22:00:00', 1, 1);
INSERT INTO BRANCH (ID_Branch, BranchName, Address, PhoneNumber, OpeningHour, CloseHour, ID_Area, ID_Employee) VALUES (15, 'Establish Sushi Haven', '810 Waller Glens', '4052656454', '12:00:00', '18:00:00', 4, 11);
INSERT INTO EMP_BRANCH_HISTORY (ID_Employee, ID_Branch, StartDate, EndDate) VALUES (27, 13, '2023-06-27', NULL);
INSERT INTO EMP_BRANCH_HISTORY (ID_Employee, ID_Branch, StartDate, EndDate) VALUES (94, 9, '2024-07-28', NULL);
INSERT INTO EMP_BRANCH_HISTORY (ID_Employee, ID_Branch, StartDate, EndDate) VALUES (134, 2, '2023-01-29', NULL);
INSERT INTO EMP_BRANCH_HISTORY (ID_Employee, ID_Branch, StartDate, EndDate) VALUES (23, 1, '2024-04-22', NULL);
INSERT INTO EMP_BRANCH_HISTORY (ID_Employee, ID_Branch, StartDate, EndDate) VALUES (96, 6, '2023-04-26', NULL);
INSERT INTO EMP_BRANCH_HISTORY (ID_Employee, ID_Branch, StartDate, EndDate) VALUES (139, 3, '2024-02-12', NULL);
INSERT INTO EMP_BRANCH_HISTORY (ID_Employee, ID_Branch, StartDate, EndDate) VALUES (163, 3, '2023-07-05', NULL);
INSERT INTO EMP_BRANCH_HISTORY (ID_Employee, ID_Branch, StartDate, EndDate) VALUES (196, 15, '2023-06-23', '2024-12-18');
INSERT INTO EMP_BRANCH_HISTORY (ID_Employee, ID_Branch, StartDate, EndDate) VALUES (34, 4, '2024-03-10', '2024-12-18');
INSERT INTO EMP_BRANCH_HISTORY (ID_Employee, ID_Branch, StartDate, EndDate) VALUES (138, 1, '2024-05-12', NULL);
INSERT INTO EMP_BRANCH_HISTORY (ID_Employee, ID_Branch, StartDate, EndDate) VALUES (154, 14, '2023-08-12', NULL);
INSERT INTO EMP_BRANCH_HISTORY (ID_Employee, ID_Branch, StartDate, EndDate) VALUES (5, 5, '2024-12-05', NULL);
INSERT INTO EMP_BRANCH_HISTORY (ID_Employee, ID_Branch, StartDate, EndDate) VALUES (179, 4, '2023-01-29', NULL);
INSERT INTO EMP_BRANCH_HISTORY (ID_Employee, ID_Branch, StartDate, EndDate) VALUES (55, 13, '2024-08-01', NULL);
INSERT INTO EMP_BRANCH_HISTORY (ID_Employee, ID_Branch, StartDate, EndDate) VALUES (114, 5, '2024-02-23', NULL);
INSERT INTO EMP_BRANCH_HISTORY (ID_Employee, ID_Branch, StartDate, EndDate) VALUES (119, 12, '2023-07-28', NULL);
INSERT INTO EMP_BRANCH_HISTORY (ID_Employee, ID_Branch, StartDate, EndDate) VALUES (177, 15, '2023-11-02', NULL);
INSERT INTO EMP_BRANCH_HISTORY (ID_Employee, ID_Branch, StartDate, EndDate) VALUES (179, 5, '2024-11-09', NULL);
INSERT INTO EMP_BRANCH_HISTORY (ID_Employee, ID_Branch, StartDate, EndDate) VALUES (113, 7, '2024-12-17', NULL);
INSERT INTO EMP_BRANCH_HISTORY (ID_Employee, ID_Branch, StartDate, EndDate) VALUES (95, 3, '2024-06-09', NULL);
INSERT INTO EMP_BRANCH_HISTORY (ID_Employee, ID_Branch, StartDate, EndDate) VALUES (55, 3, '2024-10-09', NULL);
INSERT INTO EMP_BRANCH_HISTORY (ID_Employee, ID_Branch, StartDate, EndDate) VALUES (119, 15, '2024-12-15', NULL);
INSERT INTO EMP_BRANCH_HISTORY (ID_Employee, ID_Branch, StartDate, EndDate) VALUES (185, 11, '2023-02-23', NULL);
INSERT INTO EMP_BRANCH_HISTORY (ID_Employee, ID_Branch, StartDate, EndDate) VALUES (137, 8, '2024-09-11', NULL);
INSERT INTO EMP_BRANCH_HISTORY (ID_Employee, ID_Branch, StartDate, EndDate) VALUES (79, 9, '2023-08-18', NULL);
INSERT INTO EMP_BRANCH_HISTORY (ID_Employee, ID_Branch, StartDate, EndDate) VALUES (110, 8, '2024-02-23', NULL);
INSERT INTO EMP_BRANCH_HISTORY (ID_Employee, ID_Branch, StartDate, EndDate) VALUES (68, 9, '2024-12-17', NULL);
INSERT INTO EMP_BRANCH_HISTORY (ID_Employee, ID_Branch, StartDate, EndDate) VALUES (86, 4, '2023-03-20', '2024-12-18');
INSERT INTO EMP_BRANCH_HISTORY (ID_Employee, ID_Branch, StartDate, EndDate) VALUES (150, 3, '2024-09-20', NULL);
INSERT INTO EMP_BRANCH_HISTORY (ID_Employee, ID_Branch, StartDate, EndDate) VALUES (76, 13, '2024-06-17', NULL);
INSERT INTO EMP_BRANCH_HISTORY (ID_Employee, ID_Branch, StartDate, EndDate) VALUES (223, 6, '2024-02-20', '2024-12-18');
INSERT INTO EMP_BRANCH_HISTORY (ID_Employee, ID_Branch, StartDate, EndDate) VALUES (132, 9, '2024-09-09', NULL);
INSERT INTO EMP_BRANCH_HISTORY (ID_Employee, ID_Branch, StartDate, EndDate) VALUES (121, 11, '2024-11-28', '2024-12-18');
INSERT INTO EMP_BRANCH_HISTORY (ID_Employee, ID_Branch, StartDate, EndDate) VALUES (109, 5, '2024-06-02', NULL);
INSERT INTO EMP_BRANCH_HISTORY (ID_Employee, ID_Branch, StartDate, EndDate) VALUES (199, 8, '2023-12-10', '2024-12-18');
INSERT INTO EMP_BRANCH_HISTORY (ID_Employee, ID_Branch, StartDate, EndDate) VALUES (221, 15, '2024-03-18', NULL);
INSERT INTO EMP_BRANCH_HISTORY (ID_Employee, ID_Branch, StartDate, EndDate) VALUES (190, 5, '2024-03-24', NULL);
INSERT INTO EMP_BRANCH_HISTORY (ID_Employee, ID_Branch, StartDate, EndDate) VALUES (169, 4, '2024-02-05', NULL);
INSERT INTO EMP_BRANCH_HISTORY (ID_Employee, ID_Branch, StartDate, EndDate) VALUES (15, 14, '2023-04-06', '2024-12-18');
INSERT INTO EMP_BRANCH_HISTORY (ID_Employee, ID_Branch, StartDate, EndDate) VALUES (192, 11, '2023-07-25', NULL);
INSERT INTO EMP_BRANCH_HISTORY (ID_Employee, ID_Branch, StartDate, EndDate) VALUES (133, 6, '2023-10-25', NULL);
INSERT INTO EMP_BRANCH_HISTORY (ID_Employee, ID_Branch, StartDate, EndDate) VALUES (204, 8, '2023-07-27', NULL);
INSERT INTO EMP_BRANCH_HISTORY (ID_Employee, ID_Branch, StartDate, EndDate) VALUES (40, 8, '2023-12-15', NULL);
INSERT INTO EMP_BRANCH_HISTORY (ID_Employee, ID_Branch, StartDate, EndDate) VALUES (208, 5, '2023-05-03', NULL);
INSERT INTO EMP_BRANCH_HISTORY (ID_Employee, ID_Branch, StartDate, EndDate) VALUES (106, 13, '2024-02-29', NULL);
INSERT INTO EMP_BRANCH_HISTORY (ID_Employee, ID_Branch, StartDate, EndDate) VALUES (166, 8, '2023-02-11', NULL);
INSERT INTO EMP_BRANCH_HISTORY (ID_Employee, ID_Branch, StartDate, EndDate) VALUES (21, 2, '2023-11-26', NULL);
INSERT INTO EMP_BRANCH_HISTORY (ID_Employee, ID_Branch, StartDate, EndDate) VALUES (74, 9, '2023-11-12', NULL);
INSERT INTO EMP_BRANCH_HISTORY (ID_Employee, ID_Branch, StartDate, EndDate) VALUES (37, 11, '2024-03-06', NULL);
INSERT INTO EMP_BRANCH_HISTORY (ID_Employee, ID_Branch, StartDate, EndDate) VALUES (18, 4, '2022-12-30', NULL);
INSERT INTO EMP_BRANCH_HISTORY (ID_Employee, ID_Branch, StartDate, EndDate) VALUES (213, 1, '2024-10-29', NULL);
INSERT INTO EMP_BRANCH_HISTORY (ID_Employee, ID_Branch, StartDate, EndDate) VALUES (73, 13, '2024-06-04', NULL);
INSERT INTO EMP_BRANCH_HISTORY (ID_Employee, ID_Branch, StartDate, EndDate) VALUES (33, 1, '2023-10-09', NULL);
INSERT INTO EMP_BRANCH_HISTORY (ID_Employee, ID_Branch, StartDate, EndDate) VALUES (199, 3, '2024-08-18', NULL);
INSERT INTO EMP_BRANCH_HISTORY (ID_Employee, ID_Branch, StartDate, EndDate) VALUES (169, 9, '2023-11-15', NULL);
INSERT INTO EMP_BRANCH_HISTORY (ID_Employee, ID_Branch, StartDate, EndDate) VALUES (139, 1, '2024-09-07', NULL);
INSERT INTO EMP_BRANCH_HISTORY (ID_Employee, ID_Branch, StartDate, EndDate) VALUES (174, 13, '2023-05-11', NULL);
INSERT INTO EMP_BRANCH_HISTORY (ID_Employee, ID_Branch, StartDate, EndDate) VALUES (97, 3, '2024-03-25', NULL);
INSERT INTO EMP_BRANCH_HISTORY (ID_Employee, ID_Branch, StartDate, EndDate) VALUES (219, 8, '2023-08-07', NULL);
INSERT INTO EMP_BRANCH_HISTORY (ID_Employee, ID_Branch, StartDate, EndDate) VALUES (136, 13, '2024-07-19', NULL);
INSERT INTO EMP_BRANCH_HISTORY (ID_Employee, ID_Branch, StartDate, EndDate) VALUES (47, 8, '2023-07-16', NULL);
INSERT INTO EMP_BRANCH_HISTORY (ID_Employee, ID_Branch, StartDate, EndDate) VALUES (115, 14, '2023-03-15', NULL);
INSERT INTO EMP_BRANCH_HISTORY (ID_Employee, ID_Branch, StartDate, EndDate) VALUES (123, 2, '2023-07-30', NULL);
INSERT INTO EMP_BRANCH_HISTORY (ID_Employee, ID_Branch, StartDate, EndDate) VALUES (206, 13, '2024-06-27', NULL);
INSERT INTO EMP_BRANCH_HISTORY (ID_Employee, ID_Branch, StartDate, EndDate) VALUES (149, 3, '2023-10-25', NULL);
INSERT INTO EMP_BRANCH_HISTORY (ID_Employee, ID_Branch, StartDate, EndDate) VALUES (114, 9, '2024-01-03', NULL);
INSERT INTO EMP_BRANCH_HISTORY (ID_Employee, ID_Branch, StartDate, EndDate) VALUES (50, 1, '2024-05-30', NULL);
INSERT INTO EMP_BRANCH_HISTORY (ID_Employee, ID_Branch, StartDate, EndDate) VALUES (90, 1, '2023-03-28', NULL);
INSERT INTO EMP_BRANCH_HISTORY (ID_Employee, ID_Branch, StartDate, EndDate) VALUES (118, 3, '2023-08-21', NULL);
INSERT INTO EMP_BRANCH_HISTORY (ID_Employee, ID_Branch, StartDate, EndDate) VALUES (95, 14, '2023-11-28', '2024-12-18');
INSERT INTO EMP_BRANCH_HISTORY (ID_Employee, ID_Branch, StartDate, EndDate) VALUES (43, 14, '2023-09-20', NULL);
INSERT INTO EMP_BRANCH_HISTORY (ID_Employee, ID_Branch, StartDate, EndDate) VALUES (96, 5, '2023-05-19', NULL);
INSERT INTO EMP_BRANCH_HISTORY (ID_Employee, ID_Branch, StartDate, EndDate) VALUES (112, 14, '2024-10-28', NULL);
INSERT INTO EMP_BRANCH_HISTORY (ID_Employee, ID_Branch, StartDate, EndDate) VALUES (8, 7, '2023-09-03', NULL);
INSERT INTO EMP_BRANCH_HISTORY (ID_Employee, ID_Branch, StartDate, EndDate) VALUES (201, 3, '2024-01-30', '2024-12-18');
INSERT INTO EMP_BRANCH_HISTORY (ID_Employee, ID_Branch, StartDate, EndDate) VALUES (142, 9, '2023-03-15', NULL);
INSERT INTO EMP_BRANCH_HISTORY (ID_Employee, ID_Branch, StartDate, EndDate) VALUES (15, 12, '2023-12-14', NULL);
INSERT INTO EMP_BRANCH_HISTORY (ID_Employee, ID_Branch, StartDate, EndDate) VALUES (12, 4, '2023-12-30', NULL);
INSERT INTO EMP_BRANCH_HISTORY (ID_Employee, ID_Branch, StartDate, EndDate) VALUES (126, 15, '2024-07-07', '2024-12-18');
INSERT INTO EMP_BRANCH_HISTORY (ID_Employee, ID_Branch, StartDate, EndDate) VALUES (157, 8, '2024-08-16', NULL);
INSERT INTO EMP_BRANCH_HISTORY (ID_Employee, ID_Branch, StartDate, EndDate) VALUES (102, 6, '2023-08-02', NULL);
INSERT INTO EMP_BRANCH_HISTORY (ID_Employee, ID_Branch, StartDate, EndDate) VALUES (126, 10, '2024-10-13', NULL);
INSERT INTO EMP_BRANCH_HISTORY (ID_Employee, ID_Branch, StartDate, EndDate) VALUES (146, 6, '2023-04-27', '2024-12-18');
INSERT INTO EMP_BRANCH_HISTORY (ID_Employee, ID_Branch, StartDate, EndDate) VALUES (119, 6, '2024-06-22', NULL);
INSERT INTO EMP_BRANCH_HISTORY (ID_Employee, ID_Branch, StartDate, EndDate) VALUES (135, 12, '2023-10-13', NULL);
INSERT INTO EMP_BRANCH_HISTORY (ID_Employee, ID_Branch, StartDate, EndDate) VALUES (158, 6, '2023-04-25', NULL);
INSERT INTO EMP_BRANCH_HISTORY (ID_Employee, ID_Branch, StartDate, EndDate) VALUES (209, 13, '2024-07-13', NULL);
INSERT INTO EMP_BRANCH_HISTORY (ID_Employee, ID_Branch, StartDate, EndDate) VALUES (138, 4, '2024-02-16', NULL);
INSERT INTO EMP_BRANCH_HISTORY (ID_Employee, ID_Branch, StartDate, EndDate) VALUES (217, 6, '2023-04-17', NULL);
INSERT INTO EMP_BRANCH_HISTORY (ID_Employee, ID_Branch, StartDate, EndDate) VALUES (24, 5, '2023-03-16', NULL);
INSERT INTO EMP_BRANCH_HISTORY (ID_Employee, ID_Branch, StartDate, EndDate) VALUES (10, 4, '2023-03-04', NULL);
INSERT INTO EMP_BRANCH_HISTORY (ID_Employee, ID_Branch, StartDate, EndDate) VALUES (215, 5, '2024-04-17', NULL);
INSERT INTO EMP_BRANCH_HISTORY (ID_Employee, ID_Branch, StartDate, EndDate) VALUES (35, 1, '2024-02-07', NULL);
INSERT INTO EMP_BRANCH_HISTORY (ID_Employee, ID_Branch, StartDate, EndDate) VALUES (135, 14, '2024-06-22', NULL);
INSERT INTO EMP_BRANCH_HISTORY (ID_Employee, ID_Branch, StartDate, EndDate) VALUES (86, 13, '2024-05-30', NULL);
INSERT INTO EMP_BRANCH_HISTORY (ID_Employee, ID_Branch, StartDate, EndDate) VALUES (210, 2, '2024-08-11', NULL);
INSERT INTO EMP_BRANCH_HISTORY (ID_Employee, ID_Branch, StartDate, EndDate) VALUES (103, 2, '2024-10-14', NULL);
INSERT INTO EMP_BRANCH_HISTORY (ID_Employee, ID_Branch, StartDate, EndDate) VALUES (83, 2, '2024-02-20', NULL);
INSERT INTO EMP_BRANCH_HISTORY (ID_Employee, ID_Branch, StartDate, EndDate) VALUES (54, 6, '2023-02-20', NULL);
INSERT INTO EMP_BRANCH_HISTORY (ID_Employee, ID_Branch, StartDate, EndDate) VALUES (67, 2, '2024-11-25', NULL);
INSERT INTO EMP_BRANCH_HISTORY (ID_Employee, ID_Branch, StartDate, EndDate) VALUES (61, 10, '2024-08-28', NULL);
INSERT INTO EMP_BRANCH_HISTORY (ID_Employee, ID_Branch, StartDate, EndDate) VALUES (126, 11, '2023-09-24', NULL);
INSERT INTO EMP_BRANCH_HISTORY (ID_Employee, ID_Branch, StartDate, EndDate) VALUES (31, 10, '2022-12-24', NULL);
INSERT INTO EMP_BRANCH_HISTORY (ID_Employee, ID_Branch, StartDate, EndDate) VALUES (187, 14, '2024-12-16', NULL);
INSERT INTO EMP_BRANCH_HISTORY (ID_Employee, ID_Branch, StartDate, EndDate) VALUES (215, 12, '2024-03-07', NULL);
INSERT INTO EMP_BRANCH_HISTORY (ID_Employee, ID_Branch, StartDate, EndDate) VALUES (96, 7, '2023-10-02', NULL);
INSERT INTO EMP_BRANCH_HISTORY (ID_Employee, ID_Branch, StartDate, EndDate) VALUES (67, 6, '2024-01-27', NULL);
INSERT INTO EMP_BRANCH_HISTORY (ID_Employee, ID_Branch, StartDate, EndDate) VALUES (19, 1, '2023-10-19', '2024-12-18');
INSERT INTO EMP_BRANCH_HISTORY (ID_Employee, ID_Branch, StartDate, EndDate) VALUES (87, 14, '2023-05-08', '2024-12-18');
INSERT INTO EMP_BRANCH_HISTORY (ID_Employee, ID_Branch, StartDate, EndDate) VALUES (194, 8, '2024-08-30', NULL);
INSERT INTO EMP_BRANCH_HISTORY (ID_Employee, ID_Branch, StartDate, EndDate) VALUES (201, 13, '2023-04-18', NULL);
INSERT INTO EMP_BRANCH_HISTORY (ID_Employee, ID_Branch, StartDate, EndDate) VALUES (34, 1, '2024-11-12', NULL);
INSERT INTO EMP_BRANCH_HISTORY (ID_Employee, ID_Branch, StartDate, EndDate) VALUES (45, 6, '2023-05-31', NULL);
INSERT INTO EMP_BRANCH_HISTORY (ID_Employee, ID_Branch, StartDate, EndDate) VALUES (115, 6, '2023-11-29', NULL);
INSERT INTO EMP_BRANCH_HISTORY (ID_Employee, ID_Branch, StartDate, EndDate) VALUES (217, 8, '2023-05-02', NULL);
INSERT INTO EMP_BRANCH_HISTORY (ID_Employee, ID_Branch, StartDate, EndDate) VALUES (22, 9, '2023-08-15', NULL);
INSERT INTO EMP_BRANCH_HISTORY (ID_Employee, ID_Branch, StartDate, EndDate) VALUES (86, 14, '2024-09-08', NULL);
INSERT INTO EMP_BRANCH_HISTORY (ID_Employee, ID_Branch, StartDate, EndDate) VALUES (53, 6, '2024-06-17', NULL);
INSERT INTO EMP_BRANCH_HISTORY (ID_Employee, ID_Branch, StartDate, EndDate) VALUES (217, 10, '2024-01-14', NULL);
INSERT INTO EMP_BRANCH_HISTORY (ID_Employee, ID_Branch, StartDate, EndDate) VALUES (142, 3, '2023-09-27', NULL);
INSERT INTO EMP_BRANCH_HISTORY (ID_Employee, ID_Branch, StartDate, EndDate) VALUES (203, 8, '2024-10-08', NULL);
INSERT INTO EMP_BRANCH_HISTORY (ID_Employee, ID_Branch, StartDate, EndDate) VALUES (42, 5, '2023-10-04', NULL);
INSERT INTO EMP_BRANCH_HISTORY (ID_Employee, ID_Branch, StartDate, EndDate) VALUES (220, 6, '2022-12-28', NULL);
INSERT INTO EMP_BRANCH_HISTORY (ID_Employee, ID_Branch, StartDate, EndDate) VALUES (127, 5, '2024-05-02', NULL);
INSERT INTO EMP_BRANCH_HISTORY (ID_Employee, ID_Branch, StartDate, EndDate) VALUES (214, 6, '2024-07-04', NULL);
INSERT INTO EMP_BRANCH_HISTORY (ID_Employee, ID_Branch, StartDate, EndDate) VALUES (126, 14, '2023-11-27', NULL);
INSERT INTO EMP_BRANCH_HISTORY (ID_Employee, ID_Branch, StartDate, EndDate) VALUES (46, 13, '2023-10-20', '2024-12-18');
INSERT INTO EMP_BRANCH_HISTORY (ID_Employee, ID_Branch, StartDate, EndDate) VALUES (117, 14, '2023-01-27', NULL);
INSERT INTO EMP_BRANCH_HISTORY (ID_Employee, ID_Branch, StartDate, EndDate) VALUES (69, 8, '2024-03-05', NULL);
INSERT INTO EMP_BRANCH_HISTORY (ID_Employee, ID_Branch, StartDate, EndDate) VALUES (158, 11, '2023-05-24', NULL);
INSERT INTO EMP_BRANCH_HISTORY (ID_Employee, ID_Branch, StartDate, EndDate) VALUES (110, 7, '2023-12-30', NULL);
INSERT INTO EMP_BRANCH_HISTORY (ID_Employee, ID_Branch, StartDate, EndDate) VALUES (170, 9, '2023-04-01', NULL);
INSERT INTO EMP_BRANCH_HISTORY (ID_Employee, ID_Branch, StartDate, EndDate) VALUES (118, 2, '2024-11-13', NULL);
INSERT INTO EMP_BRANCH_HISTORY (ID_Employee, ID_Branch, StartDate, EndDate) VALUES (148, 12, '2023-09-11', NULL);
INSERT INTO EMP_BRANCH_HISTORY (ID_Employee, ID_Branch, StartDate, EndDate) VALUES (98, 6, '2024-09-05', '2024-12-18');
INSERT INTO EMP_BRANCH_HISTORY (ID_Employee, ID_Branch, StartDate, EndDate) VALUES (132, 2, '2024-05-31', NULL);
INSERT INTO EMP_BRANCH_HISTORY (ID_Employee, ID_Branch, StartDate, EndDate) VALUES (220, 7, '2024-04-24', NULL);
INSERT INTO EMP_BRANCH_HISTORY (ID_Employee, ID_Branch, StartDate, EndDate) VALUES (12, 11, '2023-06-15', NULL);
INSERT INTO EMP_BRANCH_HISTORY (ID_Employee, ID_Branch, StartDate, EndDate) VALUES (196, 7, '2024-09-16', NULL);
INSERT INTO EMP_BRANCH_HISTORY (ID_Employee, ID_Branch, StartDate, EndDate) VALUES (81, 7, '2023-03-02', NULL);
INSERT INTO EMP_BRANCH_HISTORY (ID_Employee, ID_Branch, StartDate, EndDate) VALUES (177, 4, '2023-08-05', '2024-12-18');
INSERT INTO EMP_BRANCH_HISTORY (ID_Employee, ID_Branch, StartDate, EndDate) VALUES (185, 3, '2023-10-25', NULL);
INSERT INTO EMP_BRANCH_HISTORY (ID_Employee, ID_Branch, StartDate, EndDate) VALUES (218, 3, '2024-01-17', NULL);
INSERT INTO EMP_BRANCH_HISTORY (ID_Employee, ID_Branch, StartDate, EndDate) VALUES (56, 14, '2024-06-09', NULL);
INSERT INTO EMP_BRANCH_HISTORY (ID_Employee, ID_Branch, StartDate, EndDate) VALUES (9, 11, '2023-03-22', NULL);
INSERT INTO EMP_BRANCH_HISTORY (ID_Employee, ID_Branch, StartDate, EndDate) VALUES (225, 5, '2023-12-18', NULL);
INSERT INTO EMP_BRANCH_HISTORY (ID_Employee, ID_Branch, StartDate, EndDate) VALUES (91, 11, '2023-01-16', NULL);
INSERT INTO EMP_BRANCH_HISTORY (ID_Employee, ID_Branch, StartDate, EndDate) VALUES (142, 8, '2024-08-23', NULL);
INSERT INTO EMP_BRANCH_HISTORY (ID_Employee, ID_Branch, StartDate, EndDate) VALUES (120, 3, '2023-11-18', NULL);
INSERT INTO EMP_BRANCH_HISTORY (ID_Employee, ID_Branch, StartDate, EndDate) VALUES (215, 6, '2024-10-07', NULL);
INSERT INTO EMP_BRANCH_HISTORY (ID_Employee, ID_Branch, StartDate, EndDate) VALUES (124, 10, '2024-02-23', NULL);
INSERT INTO EMP_BRANCH_HISTORY (ID_Employee, ID_Branch, StartDate, EndDate) VALUES (69, 13, '2024-09-20', NULL);
INSERT INTO EMP_BRANCH_HISTORY (ID_Employee, ID_Branch, StartDate, EndDate) VALUES (84, 7, '2023-03-14', NULL);
INSERT INTO EMP_BRANCH_HISTORY (ID_Employee, ID_Branch, StartDate, EndDate) VALUES (199, 15, '2024-12-08', NULL);
INSERT INTO EMP_BRANCH_HISTORY (ID_Employee, ID_Branch, StartDate, EndDate) VALUES (155, 5, '2024-08-07', NULL);
INSERT INTO EMP_BRANCH_HISTORY (ID_Employee, ID_Branch, StartDate, EndDate) VALUES (222, 12, '2023-12-11', NULL);
INSERT INTO EMP_BRANCH_HISTORY (ID_Employee, ID_Branch, StartDate, EndDate) VALUES (96, 12, '2023-12-10', NULL);
INSERT INTO EMP_BRANCH_HISTORY (ID_Employee, ID_Branch, StartDate, EndDate) VALUES (200, 13, '2023-10-12', NULL);
INSERT INTO EMP_BRANCH_HISTORY (ID_Employee, ID_Branch, StartDate, EndDate) VALUES (36, 3, '2023-01-25', NULL);
INSERT INTO EMP_BRANCH_HISTORY (ID_Employee, ID_Branch, StartDate, EndDate) VALUES (209, 6, '2024-05-23', NULL);
INSERT INTO EMP_BRANCH_HISTORY (ID_Employee, ID_Branch, StartDate, EndDate) VALUES (65, 15, '2023-05-27', NULL);
INSERT INTO EMP_BRANCH_HISTORY (ID_Employee, ID_Branch, StartDate, EndDate) VALUES (4, 11, '2023-07-06', NULL);
INSERT INTO EMP_BRANCH_HISTORY (ID_Employee, ID_Branch, StartDate, EndDate) VALUES (138, 7, '2024-01-19', NULL);
INSERT INTO EMP_BRANCH_HISTORY (ID_Employee, ID_Branch, StartDate, EndDate) VALUES (12, 9, '2024-09-22', NULL);
INSERT INTO EMP_BRANCH_HISTORY (ID_Employee, ID_Branch, StartDate, EndDate) VALUES (177, 8, '2023-01-26', NULL);
INSERT INTO EMP_BRANCH_HISTORY (ID_Employee, ID_Branch, StartDate, EndDate) VALUES (188, 2, '2023-03-16', NULL);
INSERT INTO EMP_BRANCH_HISTORY (ID_Employee, ID_Branch, StartDate, EndDate) VALUES (129, 2, '2024-08-06', NULL);
INSERT INTO EMP_BRANCH_HISTORY (ID_Employee, ID_Branch, StartDate, EndDate) VALUES (38, 1, '2023-08-06', NULL);
INSERT INTO EMP_BRANCH_HISTORY (ID_Employee, ID_Branch, StartDate, EndDate) VALUES (39, 5, '2024-03-20', NULL);
INSERT INTO EMP_BRANCH_HISTORY (ID_Employee, ID_Branch, StartDate, EndDate) VALUES (125, 12, '2023-11-20', NULL);
INSERT INTO EMP_BRANCH_HISTORY (ID_Employee, ID_Branch, StartDate, EndDate) VALUES (168, 3, '2024-08-28', '2024-12-18');
INSERT INTO EMP_BRANCH_HISTORY (ID_Employee, ID_Branch, StartDate, EndDate) VALUES (50, 5, '2024-12-15', NULL);
INSERT INTO EMP_BRANCH_HISTORY (ID_Employee, ID_Branch, StartDate, EndDate) VALUES (3, 14, '2024-10-09', NULL);
INSERT INTO EMP_BRANCH_HISTORY (ID_Employee, ID_Branch, StartDate, EndDate) VALUES (146, 15, '2024-04-21', NULL);
INSERT INTO EMP_BRANCH_HISTORY (ID_Employee, ID_Branch, StartDate, EndDate) VALUES (204, 2, '2023-01-17', NULL);
INSERT INTO EMP_BRANCH_HISTORY (ID_Employee, ID_Branch, StartDate, EndDate) VALUES (35, 4, '2023-08-14', NULL);
INSERT INTO EMP_BRANCH_HISTORY (ID_Employee, ID_Branch, StartDate, EndDate) VALUES (110, 15, '2024-11-17', NULL);
INSERT INTO EMP_BRANCH_HISTORY (ID_Employee, ID_Branch, StartDate, EndDate) VALUES (3, 3, '2023-07-18', NULL);
INSERT INTO EMP_BRANCH_HISTORY (ID_Employee, ID_Branch, StartDate, EndDate) VALUES (222, 13, '2024-06-17', NULL);
INSERT INTO EMP_BRANCH_HISTORY (ID_Employee, ID_Branch, StartDate, EndDate) VALUES (47, 6, '2024-07-27', NULL);
INSERT INTO EMP_BRANCH_HISTORY (ID_Employee, ID_Branch, StartDate, EndDate) VALUES (13, 4, '2024-02-15', NULL);
INSERT INTO EMP_BRANCH_HISTORY (ID_Employee, ID_Branch, StartDate, EndDate) VALUES (58, 8, '2024-02-22', NULL);
INSERT INTO EMP_BRANCH_HISTORY (ID_Employee, ID_Branch, StartDate, EndDate) VALUES (81, 5, '2024-06-24', NULL);
INSERT INTO EMP_BRANCH_HISTORY (ID_Employee, ID_Branch, StartDate, EndDate) VALUES (138, 9, '2023-11-20', NULL);
INSERT INTO EMP_BRANCH_HISTORY (ID_Employee, ID_Branch, StartDate, EndDate) VALUES (87, 4, '2024-04-30', NULL);
INSERT INTO EMP_BRANCH_HISTORY (ID_Employee, ID_Branch, StartDate, EndDate) VALUES (68, 1, '2024-01-24', NULL);
INSERT INTO EMP_BRANCH_HISTORY (ID_Employee, ID_Branch, StartDate, EndDate) VALUES (51, 7, '2023-01-04', NULL);
INSERT INTO EMP_BRANCH_HISTORY (ID_Employee, ID_Branch, StartDate, EndDate) VALUES (175, 15, '2024-10-13', NULL);
INSERT INTO EMP_BRANCH_HISTORY (ID_Employee, ID_Branch, StartDate, EndDate) VALUES (152, 3, '2023-03-27', NULL);
INSERT INTO EMP_BRANCH_HISTORY (ID_Employee, ID_Branch, StartDate, EndDate) VALUES (49, 11, '2024-10-22', NULL);
INSERT INTO EMP_BRANCH_HISTORY (ID_Employee, ID_Branch, StartDate, EndDate) VALUES (47, 11, '2023-05-10', NULL);
INSERT INTO EMP_BRANCH_HISTORY (ID_Employee, ID_Branch, StartDate, EndDate) VALUES (88, 11, '2023-01-29', NULL);
INSERT INTO EMP_BRANCH_HISTORY (ID_Employee, ID_Branch, StartDate, EndDate) VALUES (212, 10, '2024-10-09', NULL);
INSERT INTO EMP_BRANCH_HISTORY (ID_Employee, ID_Branch, StartDate, EndDate) VALUES (138, 12, '2024-05-06', NULL);
INSERT INTO EMP_BRANCH_HISTORY (ID_Employee, ID_Branch, StartDate, EndDate) VALUES (79, 6, '2023-03-01', NULL);
INSERT INTO EMP_BRANCH_HISTORY (ID_Employee, ID_Branch, StartDate, EndDate) VALUES (46, 4, '2023-12-30', '2024-12-18');
INSERT INTO EMP_BRANCH_HISTORY (ID_Employee, ID_Branch, StartDate, EndDate) VALUES (40, 9, '2023-07-26', '2024-12-18');
INSERT INTO EMP_BRANCH_HISTORY (ID_Employee, ID_Branch, StartDate, EndDate) VALUES (39, 10, '2023-10-17', NULL);
INSERT INTO EMP_BRANCH_HISTORY (ID_Employee, ID_Branch, StartDate, EndDate) VALUES (34, 2, '2024-12-07', NULL);
INSERT INTO EMP_BRANCH_HISTORY (ID_Employee, ID_Branch, StartDate, EndDate) VALUES (73, 14, '2024-08-18', NULL);
INSERT INTO EMP_BRANCH_HISTORY (ID_Employee, ID_Branch, StartDate, EndDate) VALUES (223, 11, '2024-09-16', NULL);
INSERT INTO EMP_BRANCH_HISTORY (ID_Employee, ID_Branch, StartDate, EndDate) VALUES (104, 14, '2023-04-20', NULL);
INSERT INTO EMP_BRANCH_HISTORY (ID_Employee, ID_Branch, StartDate, EndDate) VALUES (3, 11, '2023-05-09', NULL);
INSERT INTO EMP_BRANCH_HISTORY (ID_Employee, ID_Branch, StartDate, EndDate) VALUES (205, 9, '2024-11-10', NULL);
INSERT INTO EMP_BRANCH_HISTORY (ID_Employee, ID_Branch, StartDate, EndDate) VALUES (32, 13, '2024-09-06', NULL);
INSERT INTO EMP_BRANCH_HISTORY (ID_Employee, ID_Branch, StartDate, EndDate) VALUES (45, 4, '2023-08-23', NULL);
INSERT INTO EMP_BRANCH_HISTORY (ID_Employee, ID_Branch, StartDate, EndDate) VALUES (130, 2, '2023-01-15', NULL);
INSERT INTO EMP_BRANCH_HISTORY (ID_Employee, ID_Branch, StartDate, EndDate) VALUES (225, 10, '2024-10-17', NULL);
INSERT INTO EMP_BRANCH_HISTORY (ID_Employee, ID_Branch, StartDate, EndDate) VALUES (69, 9, '2023-08-06', NULL);
INSERT INTO EMP_BRANCH_HISTORY (ID_Employee, ID_Branch, StartDate, EndDate) VALUES (188, 7, '2023-07-29', '2024-12-18');
INSERT INTO EMP_BRANCH_HISTORY (ID_Employee, ID_Branch, StartDate, EndDate) VALUES (195, 9, '2024-11-20', '2024-12-18');
INSERT INTO EMP_BRANCH_HISTORY (ID_Employee, ID_Branch, StartDate, EndDate) VALUES (165, 14, '2024-03-20', NULL);
INSERT INTO EMP_BRANCH_HISTORY (ID_Employee, ID_Branch, StartDate, EndDate) VALUES (135, 2, '2024-01-29', NULL);
INSERT INTO EMP_BRANCH_HISTORY (ID_Employee, ID_Branch, StartDate, EndDate) VALUES (207, 6, '2024-04-15', NULL);
INSERT INTO EMP_BRANCH_HISTORY (ID_Employee, ID_Branch, StartDate, EndDate) VALUES (68, 10, '2023-12-25', NULL);
INSERT INTO EMP_BRANCH_HISTORY (ID_Employee, ID_Branch, StartDate, EndDate) VALUES (149, 12, '2023-03-01', NULL);
INSERT INTO EMP_BRANCH_HISTORY (ID_Employee, ID_Branch, StartDate, EndDate) VALUES (105, 5, '2023-01-14', NULL);
INSERT INTO EMP_BRANCH_HISTORY (ID_Employee, ID_Branch, StartDate, EndDate) VALUES (55, 9, '2023-10-02', NULL);
INSERT INTO EMP_BRANCH_HISTORY (ID_Employee, ID_Branch, StartDate, EndDate) VALUES (202, 3, '2023-07-01', NULL);
INSERT INTO EMP_BRANCH_HISTORY (ID_Employee, ID_Branch, StartDate, EndDate) VALUES (158, 2, '2024-03-15', NULL);
INSERT INTO EMP_BRANCH_HISTORY (ID_Employee, ID_Branch, StartDate, EndDate) VALUES (151, 10, '2023-12-15', NULL);
INSERT INTO EMP_BRANCH_HISTORY (ID_Employee, ID_Branch, StartDate, EndDate) VALUES (15, 15, '2023-06-03', '2024-12-18');
INSERT INTO EMP_BRANCH_HISTORY (ID_Employee, ID_Branch, StartDate, EndDate) VALUES (200, 8, '2023-08-15', '2024-12-18');
INSERT INTO EMP_BRANCH_HISTORY (ID_Employee, ID_Branch, StartDate, EndDate) VALUES (90, 6, '2024-07-13', NULL);
INSERT INTO EMP_BRANCH_HISTORY (ID_Employee, ID_Branch, StartDate, EndDate) VALUES (218, 15, '2023-07-14', '2024-12-18');
INSERT INTO EMP_BRANCH_HISTORY (ID_Employee, ID_Branch, StartDate, EndDate) VALUES (114, 6, '2024-04-20', NULL);
INSERT INTO EMP_BRANCH_HISTORY (ID_Employee, ID_Branch, StartDate, EndDate) VALUES (101, 10, '2024-12-01', NULL);
INSERT INTO EMP_BRANCH_HISTORY (ID_Employee, ID_Branch, StartDate, EndDate) VALUES (113, 3, '2024-11-29', NULL);
INSERT INTO EMP_BRANCH_HISTORY (ID_Employee, ID_Branch, StartDate, EndDate) VALUES (30, 2, '2023-03-18', NULL);
INSERT INTO EMP_BRANCH_HISTORY (ID_Employee, ID_Branch, StartDate, EndDate) VALUES (192, 2, '2024-09-03', '2024-12-18');
INSERT INTO EMP_BRANCH_HISTORY (ID_Employee, ID_Branch, StartDate, EndDate) VALUES (169, 14, '2023-01-09', NULL);
INSERT INTO EMP_BRANCH_HISTORY (ID_Employee, ID_Branch, StartDate, EndDate) VALUES (53, 5, '2023-11-04', NULL);
INSERT INTO EMP_BRANCH_HISTORY (ID_Employee, ID_Branch, StartDate, EndDate) VALUES (165, 6, '2024-08-13', NULL);
INSERT INTO EMP_BRANCH_HISTORY (ID_Employee, ID_Branch, StartDate, EndDate) VALUES (60, 2, '2024-12-05', '2024-12-18');
INSERT INTO EMP_BRANCH_HISTORY (ID_Employee, ID_Branch, StartDate, EndDate) VALUES (68, 12, '2023-07-31', '2024-12-18');
INSERT INTO EMP_BRANCH_HISTORY (ID_Employee, ID_Branch, StartDate, EndDate) VALUES (142, 1, '2023-08-27', NULL);
INSERT INTO EMP_BRANCH_HISTORY (ID_Employee, ID_Branch, StartDate, EndDate) VALUES (21, 13, '2024-08-13', NULL);
INSERT INTO EMP_BRANCH_HISTORY (ID_Employee, ID_Branch, StartDate, EndDate) VALUES (6, 6, '2023-06-10', NULL);
INSERT INTO EMP_BRANCH_HISTORY (ID_Employee, ID_Branch, StartDate, EndDate) VALUES (117, 10, '2024-06-24', NULL);
INSERT INTO EMP_BRANCH_HISTORY (ID_Employee, ID_Branch, StartDate, EndDate) VALUES (70, 11, '2024-07-10', NULL);
INSERT INTO EMP_BRANCH_HISTORY (ID_Employee, ID_Branch, StartDate, EndDate) VALUES (112, 8, '2024-04-02', NULL);
INSERT INTO EMP_BRANCH_HISTORY (ID_Employee, ID_Branch, StartDate, EndDate) VALUES (128, 1, '2023-08-20', NULL);
INSERT INTO EMP_BRANCH_HISTORY (ID_Employee, ID_Branch, StartDate, EndDate) VALUES (67, 9, '2023-12-19', NULL);
INSERT INTO EMP_BRANCH_HISTORY (ID_Employee, ID_Branch, StartDate, EndDate) VALUES (69, 1, '2023-12-16', NULL);
INSERT INTO EMP_BRANCH_HISTORY (ID_Employee, ID_Branch, StartDate, EndDate) VALUES (159, 12, '2023-09-08', NULL);
INSERT INTO EMP_BRANCH_HISTORY (ID_Employee, ID_Branch, StartDate, EndDate) VALUES (215, 15, '2024-01-22', NULL);
INSERT INTO EMP_BRANCH_HISTORY (ID_Employee, ID_Branch, StartDate, EndDate) VALUES (129, 7, '2023-11-07', NULL);
INSERT INTO EMP_BRANCH_HISTORY (ID_Employee, ID_Branch, StartDate, EndDate) VALUES (103, 11, '2023-08-15', NULL);
INSERT INTO EMP_BRANCH_HISTORY (ID_Employee, ID_Branch, StartDate, EndDate) VALUES (115, 7, '2023-03-02', NULL);
INSERT INTO EMP_BRANCH_HISTORY (ID_Employee, ID_Branch, StartDate, EndDate) VALUES (147, 3, '2024-02-03', NULL);
INSERT INTO EMP_BRANCH_HISTORY (ID_Employee, ID_Branch, StartDate, EndDate) VALUES (56, 11, '2024-05-17', NULL);
INSERT INTO EMP_BRANCH_HISTORY (ID_Employee, ID_Branch, StartDate, EndDate) VALUES (153, 7, '2023-02-23', NULL);
INSERT INTO EMP_BRANCH_HISTORY (ID_Employee, ID_Branch, StartDate, EndDate) VALUES (198, 11, '2024-06-09', NULL);
INSERT INTO EMP_BRANCH_HISTORY (ID_Employee, ID_Branch, StartDate, EndDate) VALUES (76, 4, '2024-03-01', NULL);
INSERT INTO EMP_BRANCH_HISTORY (ID_Employee, ID_Branch, StartDate, EndDate) VALUES (125, 2, '2024-03-10', NULL);
INSERT INTO EMP_BRANCH_HISTORY (ID_Employee, ID_Branch, StartDate, EndDate) VALUES (216, 8, '2023-12-27', NULL);
INSERT INTO EMP_BRANCH_HISTORY (ID_Employee, ID_Branch, StartDate, EndDate) VALUES (49, 4, '2023-07-10', NULL);
INSERT INTO EMP_BRANCH_HISTORY (ID_Employee, ID_Branch, StartDate, EndDate) VALUES (219, 9, '2024-03-23', NULL);
INSERT INTO EMP_BRANCH_HISTORY (ID_Employee, ID_Branch, StartDate, EndDate) VALUES (155, 3, '2023-01-05', '2024-12-18');
INSERT INTO EMP_BRANCH_HISTORY (ID_Employee, ID_Branch, StartDate, EndDate) VALUES (72, 14, '2023-02-07', NULL);
INSERT INTO EMP_BRANCH_HISTORY (ID_Employee, ID_Branch, StartDate, EndDate) VALUES (142, 4, '2023-05-30', NULL);
INSERT INTO EMP_BRANCH_HISTORY (ID_Employee, ID_Branch, StartDate, EndDate) VALUES (60, 10, '2023-08-24', NULL);
INSERT INTO EMP_BRANCH_HISTORY (ID_Employee, ID_Branch, StartDate, EndDate) VALUES (194, 7, '2023-05-11', NULL);
INSERT INTO EMP_BRANCH_HISTORY (ID_Employee, ID_Branch, StartDate, EndDate) VALUES (203, 4, '2024-02-28', NULL);
INSERT INTO EMP_BRANCH_HISTORY (ID_Employee, ID_Branch, StartDate, EndDate) VALUES (4, 10, '2024-04-06', NULL);
INSERT INTO EMP_BRANCH_HISTORY (ID_Employee, ID_Branch, StartDate, EndDate) VALUES (129, 13, '2024-06-12', NULL);
INSERT INTO EMP_BRANCH_HISTORY (ID_Employee, ID_Branch, StartDate, EndDate) VALUES (37, 10, '2024-02-07', NULL);
INSERT INTO EMP_BRANCH_HISTORY (ID_Employee, ID_Branch, StartDate, EndDate) VALUES (40, 7, '2023-05-09', NULL);
INSERT INTO EMP_BRANCH_HISTORY (ID_Employee, ID_Branch, StartDate, EndDate) VALUES (110, 12, '2024-09-30', NULL);
INSERT INTO EMP_BRANCH_HISTORY (ID_Employee, ID_Branch, StartDate, EndDate) VALUES (204, 14, '2024-06-09', NULL);
INSERT INTO EMP_BRANCH_HISTORY (ID_Employee, ID_Branch, StartDate, EndDate) VALUES (201, 5, '2023-02-18', NULL);
INSERT INTO EMP_BRANCH_HISTORY (ID_Employee, ID_Branch, StartDate, EndDate) VALUES (44, 15, '2024-07-27', NULL);
INSERT INTO EMP_BRANCH_HISTORY (ID_Employee, ID_Branch, StartDate, EndDate) VALUES (86, 3, '2024-04-09', NULL);
INSERT INTO EMP_BRANCH_HISTORY (ID_Employee, ID_Branch, StartDate, EndDate) VALUES (189, 14, '2023-11-24', NULL);
INSERT INTO EMP_BRANCH_HISTORY (ID_Employee, ID_Branch, StartDate, EndDate) VALUES (100, 11, '2024-05-17', NULL);
INSERT INTO EMP_BRANCH_HISTORY (ID_Employee, ID_Branch, StartDate, EndDate) VALUES (140, 14, '2023-11-24', NULL);
INSERT INTO EMP_BRANCH_HISTORY (ID_Employee, ID_Branch, StartDate, EndDate) VALUES (89, 3, '2023-11-20', NULL);
INSERT INTO EMP_BRANCH_HISTORY (ID_Employee, ID_Branch, StartDate, EndDate) VALUES (225, 13, '2024-04-26', '2024-12-18');
INSERT INTO EMP_BRANCH_HISTORY (ID_Employee, ID_Branch, StartDate, EndDate) VALUES (55, 12, '2024-07-10', NULL);
INSERT INTO EMP_BRANCH_HISTORY (ID_Employee, ID_Branch, StartDate, EndDate) VALUES (175, 5, '2024-09-16', NULL);
INSERT INTO EMP_BRANCH_HISTORY (ID_Employee, ID_Branch, StartDate, EndDate) VALUES (69, 11, '2023-08-01', NULL);
INSERT INTO EMP_BRANCH_HISTORY (ID_Employee, ID_Branch, StartDate, EndDate) VALUES (176, 11, '2023-07-10', NULL);
INSERT INTO EMP_BRANCH_HISTORY (ID_Employee, ID_Branch, StartDate, EndDate) VALUES (93, 14, '2024-01-17', NULL);
INSERT INTO EMP_BRANCH_HISTORY (ID_Employee, ID_Branch, StartDate, EndDate) VALUES (79, 12, '2024-07-25', NULL);
INSERT INTO EMP_BRANCH_HISTORY (ID_Employee, ID_Branch, StartDate, EndDate) VALUES (87, 8, '2024-08-18', NULL);
INSERT INTO EMP_BRANCH_HISTORY (ID_Employee, ID_Branch, StartDate, EndDate) VALUES (49, 12, '2024-01-26', NULL);
INSERT INTO EMP_BRANCH_HISTORY (ID_Employee, ID_Branch, StartDate, EndDate) VALUES (154, 8, '2023-04-26', NULL);
INSERT INTO EMP_BRANCH_HISTORY (ID_Employee, ID_Branch, StartDate, EndDate) VALUES (151, 12, '2024-06-26', NULL);
INSERT INTO EMP_BRANCH_HISTORY (ID_Employee, ID_Branch, StartDate, EndDate) VALUES (152, 12, '2024-01-12', NULL);
INSERT INTO EMP_BRANCH_HISTORY (ID_Employee, ID_Branch, StartDate, EndDate) VALUES (135, 8, '2023-10-20', NULL);
INSERT INTO EMP_BRANCH_HISTORY (ID_Employee, ID_Branch, StartDate, EndDate) VALUES (33, 9, '2024-03-19', NULL);
INSERT INTO EMP_BRANCH_HISTORY (ID_Employee, ID_Branch, StartDate, EndDate) VALUES (215, 9, '2023-09-17', NULL);
INSERT INTO EMP_BRANCH_HISTORY (ID_Employee, ID_Branch, StartDate, EndDate) VALUES (169, 6, '2024-01-25', NULL);
INSERT INTO EMP_BRANCH_HISTORY (ID_Employee, ID_Branch, StartDate, EndDate) VALUES (31, 4, '2024-05-30', NULL);
INSERT INTO EMP_BRANCH_HISTORY (ID_Employee, ID_Branch, StartDate, EndDate) VALUES (70, 7, '2024-08-20', NULL);
INSERT INTO EMP_BRANCH_HISTORY (ID_Employee, ID_Branch, StartDate, EndDate) VALUES (178, 10, '2024-01-15', NULL);
INSERT INTO EMP_BRANCH_HISTORY (ID_Employee, ID_Branch, StartDate, EndDate) VALUES (191, 4, '2023-06-03', NULL);
INSERT INTO EMP_BRANCH_HISTORY (ID_Employee, ID_Branch, StartDate, EndDate) VALUES (45, 13, '2024-06-22', NULL);
INSERT INTO EMP_BRANCH_HISTORY (ID_Employee, ID_Branch, StartDate, EndDate) VALUES (82, 8, '2023-02-10', NULL);
INSERT INTO EMP_BRANCH_HISTORY (ID_Employee, ID_Branch, StartDate, EndDate) VALUES (91, 6, '2023-05-25', NULL);
INSERT INTO EMP_BRANCH_HISTORY (ID_Employee, ID_Branch, StartDate, EndDate) VALUES (76, 5, '2024-11-20', NULL);
INSERT INTO EMP_BRANCH_HISTORY (ID_Employee, ID_Branch, StartDate, EndDate) VALUES (151, 13, '2024-08-23', NULL);
INSERT INTO EMP_BRANCH_HISTORY (ID_Employee, ID_Branch, StartDate, EndDate) VALUES (19, 11, '2024-09-28', NULL);
INSERT INTO EMP_BRANCH_HISTORY (ID_Employee, ID_Branch, StartDate, EndDate) VALUES (54, 4, '2024-03-19', NULL);
INSERT INTO EMP_BRANCH_HISTORY (ID_Employee, ID_Branch, StartDate, EndDate) VALUES (144, 10, '2023-06-21', NULL);
INSERT INTO EMP_BRANCH_HISTORY (ID_Employee, ID_Branch, StartDate, EndDate) VALUES (184, 7, '2023-02-18', NULL);
INSERT INTO EMP_BRANCH_HISTORY (ID_Employee, ID_Branch, StartDate, EndDate) VALUES (47, 14, '2023-04-30', '2024-12-18');
INSERT INTO EMP_BRANCH_HISTORY (ID_Employee, ID_Branch, StartDate, EndDate) VALUES (199, 14, '2024-03-11', NULL);
INSERT INTO EMP_BRANCH_HISTORY (ID_Employee, ID_Branch, StartDate, EndDate) VALUES (105, 14, '2024-11-23', NULL);
INSERT INTO EMP_BRANCH_HISTORY (ID_Employee, ID_Branch, StartDate, EndDate) VALUES (220, 11, '2023-01-15', NULL);
INSERT INTO EMP_BRANCH_HISTORY (ID_Employee, ID_Branch, StartDate, EndDate) VALUES (198, 8, '2024-09-25', NULL);
INSERT INTO EMP_BRANCH_HISTORY (ID_Employee, ID_Branch, StartDate, EndDate) VALUES (206, 8, '2023-05-24', NULL);
INSERT INTO EMP_BRANCH_HISTORY (ID_Employee, ID_Branch, StartDate, EndDate) VALUES (58, 5, '2024-06-18', NULL);
INSERT INTO EMP_BRANCH_HISTORY (ID_Employee, ID_Branch, StartDate, EndDate) VALUES (87, 1, '2023-12-19', NULL);
INSERT INTO EMP_BRANCH_HISTORY (ID_Employee, ID_Branch, StartDate, EndDate) VALUES (154, 2, '2024-07-06', NULL);
INSERT INTO EMP_BRANCH_HISTORY (ID_Employee, ID_Branch, StartDate, EndDate) VALUES (185, 2, '2024-12-18', NULL);
INSERT INTO EMP_BRANCH_HISTORY (ID_Employee, ID_Branch, StartDate, EndDate) VALUES (45, 8, '2024-10-07', NULL);
INSERT INTO EMP_BRANCH_HISTORY (ID_Employee, ID_Branch, StartDate, EndDate) VALUES (167, 7, '2023-05-19', NULL);
INSERT INTO EMP_BRANCH_HISTORY (ID_Employee, ID_Branch, StartDate, EndDate) VALUES (24, 10, '2024-01-31', NULL);
INSERT INTO EMP_BRANCH_HISTORY (ID_Employee, ID_Branch, StartDate, EndDate) VALUES (78, 13, '2023-10-22', NULL);
INSERT INTO EMP_BRANCH_HISTORY (ID_Employee, ID_Branch, StartDate, EndDate) VALUES (15, 10, '2023-01-02', NULL);
INSERT INTO EMP_BRANCH_HISTORY (ID_Employee, ID_Branch, StartDate, EndDate) VALUES (220, 1, '2024-07-14', '2024-12-18');
INSERT INTO EMP_BRANCH_HISTORY (ID_Employee, ID_Branch, StartDate, EndDate) VALUES (159, 9, '2024-04-25', NULL);
INSERT INTO EMP_BRANCH_HISTORY (ID_Employee, ID_Branch, StartDate, EndDate) VALUES (124, 14, '2024-10-09', NULL);
INSERT INTO EMP_BRANCH_HISTORY (ID_Employee, ID_Branch, StartDate, EndDate) VALUES (123, 12, '2023-03-03', NULL);
INSERT INTO EMP_BRANCH_HISTORY (ID_Employee, ID_Branch, StartDate, EndDate) VALUES (217, 9, '2023-05-07', NULL);
INSERT INTO EMP_BRANCH_HISTORY (ID_Employee, ID_Branch, StartDate, EndDate) VALUES (141, 14, '2023-02-07', NULL);
INSERT INTO EMP_BRANCH_HISTORY (ID_Employee, ID_Branch, StartDate, EndDate) VALUES (154, 9, '2023-07-26', NULL);
INSERT INTO EMP_BRANCH_HISTORY (ID_Employee, ID_Branch, StartDate, EndDate) VALUES (140, 3, '2023-10-17', NULL);
INSERT INTO EMP_BRANCH_HISTORY (ID_Employee, ID_Branch, StartDate, EndDate) VALUES (61, 5, '2023-11-09', NULL);
INSERT INTO EMP_BRANCH_HISTORY (ID_Employee, ID_Branch, StartDate, EndDate) VALUES (209, 7, '2024-06-09', NULL);
INSERT INTO EMP_BRANCH_HISTORY (ID_Employee, ID_Branch, StartDate, EndDate) VALUES (156, 14, '2024-10-07', NULL);
INSERT INTO EMP_BRANCH_HISTORY (ID_Employee, ID_Branch, StartDate, EndDate) VALUES (56, 10, '2023-02-13', '2024-12-18');
INSERT INTO EMP_BRANCH_HISTORY (ID_Employee, ID_Branch, StartDate, EndDate) VALUES (141, 7, '2024-06-02', '2024-12-18');
INSERT INTO EMP_BRANCH_HISTORY (ID_Employee, ID_Branch, StartDate, EndDate) VALUES (118, 7, '2022-12-21', NULL);
INSERT INTO EMP_BRANCH_HISTORY (ID_Employee, ID_Branch, StartDate, EndDate) VALUES (128, 12, '2024-04-13', NULL);
INSERT INTO EMP_BRANCH_HISTORY (ID_Employee, ID_Branch, StartDate, EndDate) VALUES (223, 10, '2024-03-25', NULL);
INSERT INTO EMP_BRANCH_HISTORY (ID_Employee, ID_Branch, StartDate, EndDate) VALUES (93, 8, '2023-12-03', NULL);
INSERT INTO EMP_BRANCH_HISTORY (ID_Employee, ID_Branch, StartDate, EndDate) VALUES (17, 1, '2023-09-15', NULL);
INSERT INTO EMP_BRANCH_HISTORY (ID_Employee, ID_Branch, StartDate, EndDate) VALUES (225, 6, '2023-08-24', NULL);
INSERT INTO EMP_BRANCH_HISTORY (ID_Employee, ID_Branch, StartDate, EndDate) VALUES (210, 14, '2024-05-10', NULL);
INSERT INTO EMP_BRANCH_HISTORY (ID_Employee, ID_Branch, StartDate, EndDate) VALUES (141, 4, '2023-10-07', NULL);
INSERT INTO EMP_BRANCH_HISTORY (ID_Employee, ID_Branch, StartDate, EndDate) VALUES (20, 2, '2023-02-06', '2024-12-18');
INSERT INTO EMP_BRANCH_HISTORY (ID_Employee, ID_Branch, StartDate, EndDate) VALUES (57, 5, '2024-07-23', NULL);
INSERT INTO EMP_BRANCH_HISTORY (ID_Employee, ID_Branch, StartDate, EndDate) VALUES (223, 4, '2023-06-21', NULL);
INSERT INTO EMP_BRANCH_HISTORY (ID_Employee, ID_Branch, StartDate, EndDate) VALUES (11, 12, '2024-02-06', '2024-12-18');
INSERT INTO EMP_BRANCH_HISTORY (ID_Employee, ID_Branch, StartDate, EndDate) VALUES (28, 14, '2024-10-10', NULL);
INSERT INTO EMP_BRANCH_HISTORY (ID_Employee, ID_Branch, StartDate, EndDate) VALUES (73, 15, '2023-02-03', '2024-12-18');
INSERT INTO EMP_BRANCH_HISTORY (ID_Employee, ID_Branch, StartDate, EndDate) VALUES (34, 11, '2023-10-10', NULL);
INSERT INTO EMP_BRANCH_HISTORY (ID_Employee, ID_Branch, StartDate, EndDate) VALUES (125, 8, '2024-11-27', NULL);
INSERT INTO EMP_BRANCH_HISTORY (ID_Employee, ID_Branch, StartDate, EndDate) VALUES (116, 14, '2023-09-21', NULL);
INSERT INTO EMP_BRANCH_HISTORY (ID_Employee, ID_Branch, StartDate, EndDate) VALUES (159, 7, '2024-12-09', NULL);
INSERT INTO EMP_BRANCH_HISTORY (ID_Employee, ID_Branch, StartDate, EndDate) VALUES (61, 14, '2023-06-28', NULL);
INSERT INTO EMP_BRANCH_HISTORY (ID_Employee, ID_Branch, StartDate, EndDate) VALUES (33, 6, '2023-05-17', NULL);
INSERT INTO EMP_BRANCH_HISTORY (ID_Employee, ID_Branch, StartDate, EndDate) VALUES (89, 5, '2023-03-19', NULL);
INSERT INTO EMP_BRANCH_HISTORY (ID_Employee, ID_Branch, StartDate, EndDate) VALUES (107, 4, '2023-09-02', '2024-12-18');
INSERT INTO EMP_BRANCH_HISTORY (ID_Employee, ID_Branch, StartDate, EndDate) VALUES (41, 8, '2024-03-05', NULL);
INSERT INTO EMP_BRANCH_HISTORY (ID_Employee, ID_Branch, StartDate, EndDate) VALUES (30, 11, '2023-10-21', NULL);
INSERT INTO EMP_BRANCH_HISTORY (ID_Employee, ID_Branch, StartDate, EndDate) VALUES (122, 1, '2024-01-27', NULL);
INSERT INTO EMP_BRANCH_HISTORY (ID_Employee, ID_Branch, StartDate, EndDate) VALUES (28, 3, '2023-11-07', NULL);
INSERT INTO EMP_BRANCH_HISTORY (ID_Employee, ID_Branch, StartDate, EndDate) VALUES (110, 1, '2023-10-27', NULL);
INSERT INTO EMP_BRANCH_HISTORY (ID_Employee, ID_Branch, StartDate, EndDate) VALUES (27, 12, '2022-12-26', NULL);
INSERT INTO EMP_BRANCH_HISTORY (ID_Employee, ID_Branch, StartDate, EndDate) VALUES (122, 11, '2024-03-15', NULL);
INSERT INTO EMP_BRANCH_HISTORY (ID_Employee, ID_Branch, StartDate, EndDate) VALUES (25, 6, '2024-06-21', NULL);
INSERT INTO EMP_BRANCH_HISTORY (ID_Employee, ID_Branch, StartDate, EndDate) VALUES (202, 4, '2023-01-15', NULL);
INSERT INTO EMP_BRANCH_HISTORY (ID_Employee, ID_Branch, StartDate, EndDate) VALUES (12, 8, '2023-08-10', NULL);
INSERT INTO EMP_BRANCH_HISTORY (ID_Employee, ID_Branch, StartDate, EndDate) VALUES (203, 3, '2023-09-18', NULL);
INSERT INTO EMP_BRANCH_HISTORY (ID_Employee, ID_Branch, StartDate, EndDate) VALUES (75, 15, '2024-03-14', NULL);
INSERT INTO EMP_BRANCH_HISTORY (ID_Employee, ID_Branch, StartDate, EndDate) VALUES (152, 4, '2024-07-21', NULL);
INSERT INTO EMP_BRANCH_HISTORY (ID_Employee, ID_Branch, StartDate, EndDate) VALUES (163, 9, '2024-05-23', NULL);
INSERT INTO EMP_BRANCH_HISTORY (ID_Employee, ID_Branch, StartDate, EndDate) VALUES (45, 12, '2023-01-09', NULL);
INSERT INTO EMP_BRANCH_HISTORY (ID_Employee, ID_Branch, StartDate, EndDate) VALUES (137, 6, '2023-12-02', NULL);
INSERT INTO EMP_BRANCH_HISTORY (ID_Employee, ID_Branch, StartDate, EndDate) VALUES (123, 5, '2024-10-16', NULL);
INSERT INTO EMP_BRANCH_HISTORY (ID_Employee, ID_Branch, StartDate, EndDate) VALUES (209, 3, '2023-05-06', NULL);
INSERT INTO EMP_BRANCH_HISTORY (ID_Employee, ID_Branch, StartDate, EndDate) VALUES (205, 10, '2023-05-25', NULL);
INSERT INTO EMP_BRANCH_HISTORY (ID_Employee, ID_Branch, StartDate, EndDate) VALUES (16, 8, '2024-08-15', NULL);
INSERT INTO EMP_BRANCH_HISTORY (ID_Employee, ID_Branch, StartDate, EndDate) VALUES (121, 10, '2023-07-25', NULL);
INSERT INTO EMP_BRANCH_HISTORY (ID_Employee, ID_Branch, StartDate, EndDate) VALUES (71, 1, '2023-04-13', NULL);
INSERT INTO EMP_BRANCH_HISTORY (ID_Employee, ID_Branch, StartDate, EndDate) VALUES (172, 15, '2024-03-02', NULL);
INSERT INTO EMP_BRANCH_HISTORY (ID_Employee, ID_Branch, StartDate, EndDate) VALUES (162, 8, '2024-07-25', NULL);
INSERT INTO EMP_BRANCH_HISTORY (ID_Employee, ID_Branch, StartDate, EndDate) VALUES (204, 11, '2023-04-12', NULL);
INSERT INTO EMP_BRANCH_HISTORY (ID_Employee, ID_Branch, StartDate, EndDate) VALUES (27, 6, '2023-04-16', NULL);
INSERT INTO EMP_BRANCH_HISTORY (ID_Employee, ID_Branch, StartDate, EndDate) VALUES (208, 2, '2023-02-02', NULL);
INSERT INTO EMP_BRANCH_HISTORY (ID_Employee, ID_Branch, StartDate, EndDate) VALUES (82, 3, '2023-01-25', NULL);
INSERT INTO EMP_BRANCH_HISTORY (ID_Employee, ID_Branch, StartDate, EndDate) VALUES (38, 7, '2024-05-08', NULL);
INSERT INTO EMP_BRANCH_HISTORY (ID_Employee, ID_Branch, StartDate, EndDate) VALUES (43, 9, '2023-07-08', NULL);
INSERT INTO EMP_BRANCH_HISTORY (ID_Employee, ID_Branch, StartDate, EndDate) VALUES (112, 9, '2024-08-08', '2024-12-18');
INSERT INTO EMP_BRANCH_HISTORY (ID_Employee, ID_Branch, StartDate, EndDate) VALUES (199, 11, '2023-12-10', '2024-12-18');
INSERT INTO EMP_BRANCH_HISTORY (ID_Employee, ID_Branch, StartDate, EndDate) VALUES (49, 15, '2023-10-09', NULL);
INSERT INTO EMP_BRANCH_HISTORY (ID_Employee, ID_Branch, StartDate, EndDate) VALUES (145, 6, '2023-12-09', NULL);
INSERT INTO EMP_BRANCH_HISTORY (ID_Employee, ID_Branch, StartDate, EndDate) VALUES (141, 11, '2024-11-09', NULL);
INSERT INTO EMP_BRANCH_HISTORY (ID_Employee, ID_Branch, StartDate, EndDate) VALUES (3, 15, '2024-06-30', NULL);
INSERT INTO EMP_BRANCH_HISTORY (ID_Employee, ID_Branch, StartDate, EndDate) VALUES (27, 11, '2023-12-03', NULL);
INSERT INTO EMP_BRANCH_HISTORY (ID_Employee, ID_Branch, StartDate, EndDate) VALUES (193, 5, '2024-03-22', NULL);
INSERT INTO EMP_BRANCH_HISTORY (ID_Employee, ID_Branch, StartDate, EndDate) VALUES (89, 13, '2024-03-12', NULL);
INSERT INTO EMP_BRANCH_HISTORY (ID_Employee, ID_Branch, StartDate, EndDate) VALUES (28, 4, '2024-01-18', NULL);
INSERT INTO EMP_BRANCH_HISTORY (ID_Employee, ID_Branch, StartDate, EndDate) VALUES (44, 2, '2024-07-22', NULL);
INSERT INTO EMP_BRANCH_HISTORY (ID_Employee, ID_Branch, StartDate, EndDate) VALUES (153, 15, '2024-03-09', NULL);
INSERT INTO EMP_BRANCH_HISTORY (ID_Employee, ID_Branch, StartDate, EndDate) VALUES (224, 9, '2024-07-19', NULL);
INSERT INTO EMP_BRANCH_HISTORY (ID_Employee, ID_Branch, StartDate, EndDate) VALUES (176, 13, '2024-06-30', NULL);
INSERT INTO EMP_BRANCH_HISTORY (ID_Employee, ID_Branch, StartDate, EndDate) VALUES (143, 12, '2024-01-23', NULL);
INSERT INTO EMP_BRANCH_HISTORY (ID_Employee, ID_Branch, StartDate, EndDate) VALUES (54, 3, '2023-09-28', NULL);
INSERT INTO EMP_BRANCH_HISTORY (ID_Employee, ID_Branch, StartDate, EndDate) VALUES (168, 10, '2023-02-04', '2024-12-18');
INSERT INTO EMP_BRANCH_HISTORY (ID_Employee, ID_Branch, StartDate, EndDate) VALUES (74, 1, '2023-01-19', NULL);
INSERT INTO EMP_BRANCH_HISTORY (ID_Employee, ID_Branch, StartDate, EndDate) VALUES (109, 11, '2024-04-15', NULL);
INSERT INTO EMP_BRANCH_HISTORY (ID_Employee, ID_Branch, StartDate, EndDate) VALUES (203, 2, '2023-09-04', NULL);
INSERT INTO EMP_BRANCH_HISTORY (ID_Employee, ID_Branch, StartDate, EndDate) VALUES (216, 1, '2023-02-04', NULL);
INSERT INTO EMP_BRANCH_HISTORY (ID_Employee, ID_Branch, StartDate, EndDate) VALUES (61, 7, '2023-06-23', '2024-12-18');
INSERT INTO EMP_BRANCH_HISTORY (ID_Employee, ID_Branch, StartDate, EndDate) VALUES (213, 13, '2023-08-25', NULL);
INSERT INTO EMP_BRANCH_HISTORY (ID_Employee, ID_Branch, StartDate, EndDate) VALUES (75, 8, '2023-01-31', NULL);
INSERT INTO EMP_BRANCH_HISTORY (ID_Employee, ID_Branch, StartDate, EndDate) VALUES (73, 7, '2024-06-28', NULL);
INSERT INTO EMP_BRANCH_HISTORY (ID_Employee, ID_Branch, StartDate, EndDate) VALUES (59, 12, '2024-09-23', NULL);
INSERT INTO EMP_BRANCH_HISTORY (ID_Employee, ID_Branch, StartDate, EndDate) VALUES (210, 3, '2024-08-01', NULL);
INSERT INTO EMP_BRANCH_HISTORY (ID_Employee, ID_Branch, StartDate, EndDate) VALUES (93, 1, '2023-07-23', NULL);
INSERT INTO EMP_BRANCH_HISTORY (ID_Employee, ID_Branch, StartDate, EndDate) VALUES (74, 14, '2023-11-27', NULL);
INSERT INTO EMP_BRANCH_HISTORY (ID_Employee, ID_Branch, StartDate, EndDate) VALUES (125, 10, '2024-09-17', NULL);
INSERT INTO EMP_BRANCH_HISTORY (ID_Employee, ID_Branch, StartDate, EndDate) VALUES (90, 3, '2024-03-11', NULL);
INSERT INTO EMP_BRANCH_HISTORY (ID_Employee, ID_Branch, StartDate, EndDate) VALUES (3, 1, '2024-07-01', NULL);
INSERT INTO EMP_BRANCH_HISTORY (ID_Employee, ID_Branch, StartDate, EndDate) VALUES (21, 5, '2024-11-07', NULL);
INSERT INTO EMP_BRANCH_HISTORY (ID_Employee, ID_Branch, StartDate, EndDate) VALUES (115, 12, '2024-07-18', NULL);
INSERT INTO EMP_BRANCH_HISTORY (ID_Employee, ID_Branch, StartDate, EndDate) VALUES (213, 7, '2023-01-13', NULL);
INSERT INTO EMP_BRANCH_HISTORY (ID_Employee, ID_Branch, StartDate, EndDate) VALUES (180, 1, '2024-08-09', NULL);
INSERT INTO EMP_BRANCH_HISTORY (ID_Employee, ID_Branch, StartDate, EndDate) VALUES (140, 12, '2023-04-07', NULL);
INSERT INTO EMP_BRANCH_HISTORY (ID_Employee, ID_Branch, StartDate, EndDate) VALUES (46, 6, '2024-09-26', NULL);
INSERT INTO EMP_BRANCH_HISTORY (ID_Employee, ID_Branch, StartDate, EndDate) VALUES (184, 1, '2023-03-17', NULL);
INSERT INTO EMP_BRANCH_HISTORY (ID_Employee, ID_Branch, StartDate, EndDate) VALUES (7, 9, '2024-10-31', NULL);
INSERT INTO EMP_BRANCH_HISTORY (ID_Employee, ID_Branch, StartDate, EndDate) VALUES (94, 8, '2024-07-31', NULL);
INSERT INTO EMP_BRANCH_HISTORY (ID_Employee, ID_Branch, StartDate, EndDate) VALUES (60, 1, '2023-07-27', NULL);
INSERT INTO EMP_BRANCH_HISTORY (ID_Employee, ID_Branch, StartDate, EndDate) VALUES (146, 12, '2023-02-02', NULL);
INSERT INTO EMP_BRANCH_HISTORY (ID_Employee, ID_Branch, StartDate, EndDate) VALUES (221, 13, '2024-05-14', NULL);
INSERT INTO EMP_BRANCH_HISTORY (ID_Employee, ID_Branch, StartDate, EndDate) VALUES (173, 10, '2024-01-16', NULL);
INSERT INTO EMP_BRANCH_HISTORY (ID_Employee, ID_Branch, StartDate, EndDate) VALUES (212, 13, '2023-09-11', NULL);
INSERT INTO EMP_BRANCH_HISTORY (ID_Employee, ID_Branch, StartDate, EndDate) VALUES (114, 8, '2024-02-21', NULL);
INSERT INTO EMP_BRANCH_HISTORY (ID_Employee, ID_Branch, StartDate, EndDate) VALUES (172, 10, '2023-02-04', NULL);
INSERT INTO EMP_BRANCH_HISTORY (ID_Employee, ID_Branch, StartDate, EndDate) VALUES (88, 2, '2024-07-26', NULL);
INSERT INTO EMP_BRANCH_HISTORY (ID_Employee, ID_Branch, StartDate, EndDate) VALUES (16, 10, '2024-09-16', NULL);
INSERT INTO EMP_BRANCH_HISTORY (ID_Employee, ID_Branch, StartDate, EndDate) VALUES (64, 15, '2023-10-02', NULL);
INSERT INTO EMP_BRANCH_HISTORY (ID_Employee, ID_Branch, StartDate, EndDate) VALUES (42, 2, '2023-12-07', NULL);
INSERT INTO EMP_BRANCH_HISTORY (ID_Employee, ID_Branch, StartDate, EndDate) VALUES (19, 5, '2023-04-30', NULL);
INSERT INTO EMP_BRANCH_HISTORY (ID_Employee, ID_Branch, StartDate, EndDate) VALUES (155, 4, '2024-01-19', NULL);
INSERT INTO EMP_BRANCH_HISTORY (ID_Employee, ID_Branch, StartDate, EndDate) VALUES (15, 4, '2024-01-06', NULL);
INSERT INTO EMP_BRANCH_HISTORY (ID_Employee, ID_Branch, StartDate, EndDate) VALUES (92, 12, '2024-05-20', NULL);
INSERT INTO EMP_BRANCH_HISTORY (ID_Employee, ID_Branch, StartDate, EndDate) VALUES (201, 11, '2022-12-22', NULL);
INSERT INTO EMP_BRANCH_HISTORY (ID_Employee, ID_Branch, StartDate, EndDate) VALUES (197, 15, '2024-04-13', NULL);
INSERT INTO EMP_BRANCH_HISTORY (ID_Employee, ID_Branch, StartDate, EndDate) VALUES (139, 6, '2023-09-25', NULL);
INSERT INTO EMP_BRANCH_HISTORY (ID_Employee, ID_Branch, StartDate, EndDate) VALUES (55, 1, '2024-06-05', NULL);
INSERT INTO EMP_BRANCH_HISTORY (ID_Employee, ID_Branch, StartDate, EndDate) VALUES (116, 8, '2024-07-13', NULL);
INSERT INTO EMP_BRANCH_HISTORY (ID_Employee, ID_Branch, StartDate, EndDate) VALUES (19, 12, '2024-02-14', NULL);
INSERT INTO EMP_BRANCH_HISTORY (ID_Employee, ID_Branch, StartDate, EndDate) VALUES (7, 12, '2023-02-27', NULL);
INSERT INTO EMP_BRANCH_HISTORY (ID_Employee, ID_Branch, StartDate, EndDate) VALUES (142, 10, '2023-09-16', NULL);
INSERT INTO EMP_BRANCH_HISTORY (ID_Employee, ID_Branch, StartDate, EndDate) VALUES (166, 13, '2024-04-20', NULL);
INSERT INTO EMP_BRANCH_HISTORY (ID_Employee, ID_Branch, StartDate, EndDate) VALUES (209, 5, '2023-09-30', NULL);
INSERT INTO EMP_BRANCH_HISTORY (ID_Employee, ID_Branch, StartDate, EndDate) VALUES (102, 7, '2024-10-22', '2024-12-18');
INSERT INTO EMP_BRANCH_HISTORY (ID_Employee, ID_Branch, StartDate, EndDate) VALUES (126, 9, '2024-06-08', NULL);
INSERT INTO EMP_BRANCH_HISTORY (ID_Employee, ID_Branch, StartDate, EndDate) VALUES (98, 1, '2023-02-01', NULL);
INSERT INTO EMP_BRANCH_HISTORY (ID_Employee, ID_Branch, StartDate, EndDate) VALUES (34, 13, '2023-05-17', NULL);
INSERT INTO EMP_BRANCH_HISTORY (ID_Employee, ID_Branch, StartDate, EndDate) VALUES (189, 7, '2023-10-30', NULL);
INSERT INTO EMP_BRANCH_HISTORY (ID_Employee, ID_Branch, StartDate, EndDate) VALUES (159, 13, '2022-12-27', NULL);
INSERT INTO EMP_BRANCH_HISTORY (ID_Employee, ID_Branch, StartDate, EndDate) VALUES (216, 4, '2024-01-06', NULL);
INSERT INTO EMP_BRANCH_HISTORY (ID_Employee, ID_Branch, StartDate, EndDate) VALUES (17, 3, '2023-12-15', NULL);
INSERT INTO EMP_BRANCH_HISTORY (ID_Employee, ID_Branch, StartDate, EndDate) VALUES (181, 7, '2024-11-22', NULL);
INSERT INTO EMP_BRANCH_HISTORY (ID_Employee, ID_Branch, StartDate, EndDate) VALUES (176, 9, '2023-03-05', NULL);
INSERT INTO EMP_BRANCH_HISTORY (ID_Employee, ID_Branch, StartDate, EndDate) VALUES (92, 6, '2023-07-08', NULL);
INSERT INTO EMP_BRANCH_HISTORY (ID_Employee, ID_Branch, StartDate, EndDate) VALUES (220, 2, '2024-09-19', NULL);
INSERT INTO EMP_BRANCH_HISTORY (ID_Employee, ID_Branch, StartDate, EndDate) VALUES (201, 12, '2023-08-11', '2024-12-18');
INSERT INTO EMP_BRANCH_HISTORY (ID_Employee, ID_Branch, StartDate, EndDate) VALUES (59, 4, '2024-07-06', '2024-12-18');
INSERT INTO EMP_BRANCH_HISTORY (ID_Employee, ID_Branch, StartDate, EndDate) VALUES (217, 11, '2024-12-08', NULL);
INSERT INTO EMP_BRANCH_HISTORY (ID_Employee, ID_Branch, StartDate, EndDate) VALUES (14, 14, '2023-08-18', NULL);
INSERT INTO EMP_BRANCH_HISTORY (ID_Employee, ID_Branch, StartDate, EndDate) VALUES (159, 15, '2023-02-16', '2024-12-18');
INSERT INTO EMP_BRANCH_HISTORY (ID_Employee, ID_Branch, StartDate, EndDate) VALUES (109, 6, '2024-01-02', '2024-12-18');
INSERT INTO EMP_BRANCH_HISTORY (ID_Employee, ID_Branch, StartDate, EndDate) VALUES (110, 5, '2024-01-13', NULL);
INSERT INTO EMP_BRANCH_HISTORY (ID_Employee, ID_Branch, StartDate, EndDate) VALUES (225, 1, '2024-07-11', NULL);
INSERT INTO EMP_BRANCH_HISTORY (ID_Employee, ID_Branch, StartDate, EndDate) VALUES (46, 10, '2023-01-12', NULL);
INSERT INTO EMP_BRANCH_HISTORY (ID_Employee, ID_Branch, StartDate, EndDate) VALUES (88, 9, '2023-08-30', NULL);
INSERT INTO EMP_BRANCH_HISTORY (ID_Employee, ID_Branch, StartDate, EndDate) VALUES (207, 9, '2023-03-27', NULL);
INSERT INTO EMP_BRANCH_HISTORY (ID_Employee, ID_Branch, StartDate, EndDate) VALUES (62, 6, '2023-11-21', NULL);
INSERT INTO EMP_BRANCH_HISTORY (ID_Employee, ID_Branch, StartDate, EndDate) VALUES (54, 7, '2024-08-07', NULL);
INSERT INTO EMP_BRANCH_HISTORY (ID_Employee, ID_Branch, StartDate, EndDate) VALUES (164, 12, '2024-10-16', '2024-12-18');
INSERT INTO EMP_BRANCH_HISTORY (ID_Employee, ID_Branch, StartDate, EndDate) VALUES (221, 4, '2023-07-05', NULL);
INSERT INTO EMP_BRANCH_HISTORY (ID_Employee, ID_Branch, StartDate, EndDate) VALUES (161, 6, '2023-11-13', NULL);
INSERT INTO EMP_BRANCH_HISTORY (ID_Employee, ID_Branch, StartDate, EndDate) VALUES (206, 4, '2023-08-23', NULL);
INSERT INTO EMP_BRANCH_HISTORY (ID_Employee, ID_Branch, StartDate, EndDate) VALUES (223, 13, '2024-11-11', NULL);
INSERT INTO EMP_BRANCH_HISTORY (ID_Employee, ID_Branch, StartDate, EndDate) VALUES (96, 15, '2024-06-03', '2024-12-18');
INSERT INTO EMP_BRANCH_HISTORY (ID_Employee, ID_Branch, StartDate, EndDate) VALUES (181, 11, '2024-01-30', NULL);
INSERT INTO EMP_BRANCH_HISTORY (ID_Employee, ID_Branch, StartDate, EndDate) VALUES (88, 4, '2024-10-09', NULL);
INSERT INTO EMP_BRANCH_HISTORY (ID_Employee, ID_Branch, StartDate, EndDate) VALUES (191, 5, '2024-02-02', NULL);
INSERT INTO EMP_BRANCH_HISTORY (ID_Employee, ID_Branch, StartDate, EndDate) VALUES (213, 5, '2023-09-20', NULL);
INSERT INTO EMP_BRANCH_HISTORY (ID_Employee, ID_Branch, StartDate, EndDate) VALUES (72, 5, '2023-11-03', NULL);
INSERT INTO EMP_BRANCH_HISTORY (ID_Employee, ID_Branch, StartDate, EndDate) VALUES (76, 10, '2024-09-07', NULL);
INSERT INTO EMP_BRANCH_HISTORY (ID_Employee, ID_Branch, StartDate, EndDate) VALUES (69, 4, '2023-11-14', NULL);
INSERT INTO EMP_BRANCH_HISTORY (ID_Employee, ID_Branch, StartDate, EndDate) VALUES (198, 7, '2024-02-13', NULL);
INSERT INTO EMP_BRANCH_HISTORY (ID_Employee, ID_Branch, StartDate, EndDate) VALUES (82, 11, '2023-09-14', '2024-12-18');
INSERT INTO EMP_BRANCH_HISTORY (ID_Employee, ID_Branch, StartDate, EndDate) VALUES (211, 8, '2023-04-29', '2024-12-18');
INSERT INTO EMP_BRANCH_HISTORY (ID_Employee, ID_Branch, StartDate, EndDate) VALUES (42, 1, '2024-06-23', NULL);
INSERT INTO EMP_BRANCH_HISTORY (ID_Employee, ID_Branch, StartDate, EndDate) VALUES (23, 2, '2023-04-14', NULL);
INSERT INTO EMP_BRANCH_HISTORY (ID_Employee, ID_Branch, StartDate, EndDate) VALUES (131, 10, '2024-02-09', NULL);
INSERT INTO EMP_BRANCH_HISTORY (ID_Employee, ID_Branch, StartDate, EndDate) VALUES (85, 11, '2023-01-17', '2024-12-18');
INSERT INTO EMP_BRANCH_HISTORY (ID_Employee, ID_Branch, StartDate, EndDate) VALUES (36, 5, '2023-07-09', NULL);
INSERT INTO EMP_BRANCH_HISTORY (ID_Employee, ID_Branch, StartDate, EndDate) VALUES (92, 4, '2023-12-30', '2024-12-18');
INSERT INTO EMP_BRANCH_HISTORY (ID_Employee, ID_Branch, StartDate, EndDate) VALUES (23, 13, '2024-09-20', NULL);
INSERT INTO EMP_BRANCH_HISTORY (ID_Employee, ID_Branch, StartDate, EndDate) VALUES (43, 8, '2024-10-16', NULL);
INSERT INTO EMP_BRANCH_HISTORY (ID_Employee, ID_Branch, StartDate, EndDate) VALUES (118, 4, '2023-10-24', NULL);
INSERT INTO EMP_BRANCH_HISTORY (ID_Employee, ID_Branch, StartDate, EndDate) VALUES (52, 7, '2024-07-05', NULL);
INSERT INTO EMP_BRANCH_HISTORY (ID_Employee, ID_Branch, StartDate, EndDate) VALUES (135, 15, '2024-05-10', NULL);
INSERT INTO EMP_BRANCH_HISTORY (ID_Employee, ID_Branch, StartDate, EndDate) VALUES (188, 6, '2023-10-21', NULL);
INSERT INTO EMP_BRANCH_HISTORY (ID_Employee, ID_Branch, StartDate, EndDate) VALUES (171, 13, '2023-10-05', NULL);
INSERT INTO EMP_BRANCH_HISTORY (ID_Employee, ID_Branch, StartDate, EndDate) VALUES (222, 5, '2023-05-03', NULL);
INSERT INTO EMP_BRANCH_HISTORY (ID_Employee, ID_Branch, StartDate, EndDate) VALUES (190, 8, '2023-11-03', NULL);
INSERT INTO EMP_BRANCH_HISTORY (ID_Employee, ID_Branch, StartDate, EndDate) VALUES (170, 15, '2024-12-08', NULL);
INSERT INTO EMP_BRANCH_HISTORY (ID_Employee, ID_Branch, StartDate, EndDate) VALUES (45, 1, '2023-01-08', '2024-12-18');
INSERT INTO EMP_BRANCH_HISTORY (ID_Employee, ID_Branch, StartDate, EndDate) VALUES (5, 8, '2023-01-25', NULL);
INSERT INTO EMP_BRANCH_HISTORY (ID_Employee, ID_Branch, StartDate, EndDate) VALUES (109, 10, '2024-01-27', NULL);
INSERT INTO EMP_BRANCH_HISTORY (ID_Employee, ID_Branch, StartDate, EndDate) VALUES (151, 15, '2024-08-22', NULL);
INSERT INTO EMP_BRANCH_HISTORY (ID_Employee, ID_Branch, StartDate, EndDate) VALUES (63, 5, '2023-09-24', NULL);
INSERT INTO EMP_BRANCH_HISTORY (ID_Employee, ID_Branch, StartDate, EndDate) VALUES (224, 12, '2023-06-25', NULL);
INSERT INTO EMP_BRANCH_HISTORY (ID_Employee, ID_Branch, StartDate, EndDate) VALUES (197, 6, '2024-04-28', '2024-12-18');
INSERT INTO EMP_BRANCH_HISTORY (ID_Employee, ID_Branch, StartDate, EndDate) VALUES (79, 14, '2023-06-28', NULL);
INSERT INTO EMP_BRANCH_HISTORY (ID_Employee, ID_Branch, StartDate, EndDate) VALUES (183, 6, '2023-02-10', NULL);
INSERT INTO EMP_BRANCH_HISTORY (ID_Employee, ID_Branch, StartDate, EndDate) VALUES (7, 11, '2023-04-11', '2024-12-18');
INSERT INTO EMP_BRANCH_HISTORY (ID_Employee, ID_Branch, StartDate, EndDate) VALUES (218, 1, '2023-05-14', NULL);
INSERT INTO EMP_BRANCH_HISTORY (ID_Employee, ID_Branch, StartDate, EndDate) VALUES (205, 8, '2023-03-26', NULL);
INSERT INTO EMP_BRANCH_HISTORY (ID_Employee, ID_Branch, StartDate, EndDate) VALUES (161, 9, '2024-02-12', NULL);
INSERT INTO EMP_BRANCH_HISTORY (ID_Employee, ID_Branch, StartDate, EndDate) VALUES (34, 9, '2024-09-28', NULL);
INSERT INTO EMP_BRANCH_HISTORY (ID_Employee, ID_Branch, StartDate, EndDate) VALUES (187, 7, '2023-04-08', NULL);
INSERT INTO EMP_BRANCH_HISTORY (ID_Employee, ID_Branch, StartDate, EndDate) VALUES (170, 14, '2024-01-21', '2024-12-18');
INSERT INTO EMP_BRANCH_HISTORY (ID_Employee, ID_Branch, StartDate, EndDate) VALUES (28, 1, '2024-01-22', NULL);
INSERT INTO EMP_BRANCH_HISTORY (ID_Employee, ID_Branch, StartDate, EndDate) VALUES (17, 10, '2023-01-01', NULL);
INSERT INTO EMP_BRANCH_HISTORY (ID_Employee, ID_Branch, StartDate, EndDate) VALUES (8, 13, '2024-08-24', NULL);
INSERT INTO EMP_BRANCH_HISTORY (ID_Employee, ID_Branch, StartDate, EndDate) VALUES (130, 10, '2023-04-24', NULL);
INSERT INTO EMP_BRANCH_HISTORY (ID_Employee, ID_Branch, StartDate, EndDate) VALUES (124, 1, '2023-08-12', NULL);
INSERT INTO EMP_BRANCH_HISTORY (ID_Employee, ID_Branch, StartDate, EndDate) VALUES (124, 9, '2024-03-24', NULL);
INSERT INTO EMP_BRANCH_HISTORY (ID_Employee, ID_Branch, StartDate, EndDate) VALUES (224, 14, '2024-01-10', NULL);
INSERT INTO EMP_BRANCH_HISTORY (ID_Employee, ID_Branch, StartDate, EndDate) VALUES (202, 8, '2023-09-15', '2024-12-18');
INSERT INTO EMP_BRANCH_HISTORY (ID_Employee, ID_Branch, StartDate, EndDate) VALUES (67, 11, '2024-02-03', NULL);
INSERT INTO EMP_BRANCH_HISTORY (ID_Employee, ID_Branch, StartDate, EndDate) VALUES (113, 11, '2024-01-19', NULL);
INSERT INTO EMP_BRANCH_HISTORY (ID_Employee, ID_Branch, StartDate, EndDate) VALUES (2, 6, '2024-01-25', NULL);
INSERT INTO EMP_BRANCH_HISTORY (ID_Employee, ID_Branch, StartDate, EndDate) VALUES (174, 1, '2023-05-17', NULL);
INSERT INTO EMP_BRANCH_HISTORY (ID_Employee, ID_Branch, StartDate, EndDate) VALUES (91, 5, '2023-04-01', NULL);
INSERT INTO EMP_BRANCH_HISTORY (ID_Employee, ID_Branch, StartDate, EndDate) VALUES (63, 7, '2024-01-04', NULL);
INSERT INTO EMP_BRANCH_HISTORY (ID_Employee, ID_Branch, StartDate, EndDate) VALUES (83, 10, '2023-05-16', NULL);
INSERT INTO EMP_BRANCH_HISTORY (ID_Employee, ID_Branch, StartDate, EndDate) VALUES (72, 13, '2024-07-09', NULL);
INSERT INTO EMP_BRANCH_HISTORY (ID_Employee, ID_Branch, StartDate, EndDate) VALUES (4, 2, '2024-11-29', NULL);
INSERT INTO EMP_BRANCH_HISTORY (ID_Employee, ID_Branch, StartDate, EndDate) VALUES (116, 7, '2023-01-30', NULL);
INSERT INTO EMP_BRANCH_HISTORY (ID_Employee, ID_Branch, StartDate, EndDate) VALUES (195, 4, '2023-06-03', NULL);
INSERT INTO EMP_BRANCH_HISTORY (ID_Employee, ID_Branch, StartDate, EndDate) VALUES (109, 8, '2023-08-12', NULL);
INSERT INTO EMP_BRANCH_HISTORY (ID_Employee, ID_Branch, StartDate, EndDate) VALUES (198, 4, '2023-03-28', NULL);
INSERT INTO EMP_BRANCH_HISTORY (ID_Employee, ID_Branch, StartDate, EndDate) VALUES (99, 1, '2024-07-30', NULL);
INSERT INTO EMP_BRANCH_HISTORY (ID_Employee, ID_Branch, StartDate, EndDate) VALUES (91, 4, '2024-08-07', NULL);
INSERT INTO EMP_BRANCH_HISTORY (ID_Employee, ID_Branch, StartDate, EndDate) VALUES (84, 1, '2024-08-21', NULL);
INSERT INTO EMP_BRANCH_HISTORY (ID_Employee, ID_Branch, StartDate, EndDate) VALUES (217, 13, '2024-08-04', NULL);
INSERT INTO EMP_BRANCH_HISTORY (ID_Employee, ID_Branch, StartDate, EndDate) VALUES (213, 9, '2023-02-07', NULL);
INSERT INTO EMP_BRANCH_HISTORY (ID_Employee, ID_Branch, StartDate, EndDate) VALUES (71, 12, '2024-04-08', NULL);
INSERT INTO EMP_BRANCH_HISTORY (ID_Employee, ID_Branch, StartDate, EndDate) VALUES (79, 4, '2024-12-02', NULL);
INSERT INTO EMP_BRANCH_HISTORY (ID_Employee, ID_Branch, StartDate, EndDate) VALUES (210, 7, '2024-06-21', NULL);
INSERT INTO EMP_BRANCH_HISTORY (ID_Employee, ID_Branch, StartDate, EndDate) VALUES (89, 14, '2024-08-01', NULL);
INSERT INTO EMP_BRANCH_HISTORY (ID_Employee, ID_Branch, StartDate, EndDate) VALUES (109, 12, '2024-10-08', NULL);
INSERT INTO EMP_BRANCH_HISTORY (ID_Employee, ID_Branch, StartDate, EndDate) VALUES (100, 8, '2024-09-22', NULL);
INSERT INTO EMP_BRANCH_HISTORY (ID_Employee, ID_Branch, StartDate, EndDate) VALUES (181, 13, '2024-06-17', NULL);
INSERT INTO EMP_BRANCH_HISTORY (ID_Employee, ID_Branch, StartDate, EndDate) VALUES (173, 15, '2023-05-27', NULL);
INSERT INTO EMP_BRANCH_HISTORY (ID_Employee, ID_Branch, StartDate, EndDate) VALUES (65, 11, '2024-10-05', NULL);
INSERT INTO EMP_BRANCH_HISTORY (ID_Employee, ID_Branch, StartDate, EndDate) VALUES (9, 7, '2024-12-08', NULL);
INSERT INTO EMP_BRANCH_HISTORY (ID_Employee, ID_Branch, StartDate, EndDate) VALUES (61, 11, '2024-11-20', NULL);
INSERT INTO EMP_BRANCH_HISTORY (ID_Employee, ID_Branch, StartDate, EndDate) VALUES (75, 7, '2024-01-18', '2024-12-18');
INSERT INTO EMP_BRANCH_HISTORY (ID_Employee, ID_Branch, StartDate, EndDate) VALUES (159, 8, '2024-02-29', NULL);
INSERT INTO EMP_BRANCH_HISTORY (ID_Employee, ID_Branch, StartDate, EndDate) VALUES (186, 10, '2023-09-01', NULL);
INSERT INTO EMP_BRANCH_HISTORY (ID_Employee, ID_Branch, StartDate, EndDate) VALUES (143, 5, '2024-06-04', NULL);
INSERT INTO EMP_BRANCH_HISTORY (ID_Employee, ID_Branch, StartDate, EndDate) VALUES (165, 1, '2024-02-09', NULL);
INSERT INTO EMP_BRANCH_HISTORY (ID_Employee, ID_Branch, StartDate, EndDate) VALUES (75, 1, '2023-08-07', NULL);
INSERT INTO EMP_BRANCH_HISTORY (ID_Employee, ID_Branch, StartDate, EndDate) VALUES (6, 7, '2023-06-22', NULL);
INSERT INTO EMP_BRANCH_HISTORY (ID_Employee, ID_Branch, StartDate, EndDate) VALUES (41, 7, '2024-07-05', NULL);
INSERT INTO EMP_BRANCH_HISTORY (ID_Employee, ID_Branch, StartDate, EndDate) VALUES (96, 10, '2024-04-11', '2024-12-18');
INSERT INTO EMP_BRANCH_HISTORY (ID_Employee, ID_Branch, StartDate, EndDate) VALUES (57, 9, '2023-01-05', NULL);
INSERT INTO EMP_BRANCH_HISTORY (ID_Employee, ID_Branch, StartDate, EndDate) VALUES (52, 1, '2023-06-03', '2024-12-18');
INSERT INTO EMP_BRANCH_HISTORY (ID_Employee, ID_Branch, StartDate, EndDate) VALUES (58, 7, '2023-08-03', NULL);
INSERT INTO EMP_BRANCH_HISTORY (ID_Employee, ID_Branch, StartDate, EndDate) VALUES (65, 9, '2024-11-19', NULL);
INSERT INTO EMP_BRANCH_HISTORY (ID_Employee, ID_Branch, StartDate, EndDate) VALUES (81, 15, '2024-09-13', '2024-12-18');
INSERT INTO EMP_BRANCH_HISTORY (ID_Employee, ID_Branch, StartDate, EndDate) VALUES (125, 5, '2023-10-14', NULL);
INSERT INTO EMP_BRANCH_HISTORY (ID_Employee, ID_Branch, StartDate, EndDate) VALUES (147, 1, '2023-04-10', NULL);
INSERT INTO EMP_BRANCH_HISTORY (ID_Employee, ID_Branch, StartDate, EndDate) VALUES (151, 8, '2023-12-14', NULL);
INSERT INTO EMP_BRANCH_HISTORY (ID_Employee, ID_Branch, StartDate, EndDate) VALUES (193, 1, '2023-09-30', NULL);
INSERT INTO EMP_BRANCH_HISTORY (ID_Employee, ID_Branch, StartDate, EndDate) VALUES (190, 6, '2023-02-11', NULL);
INSERT INTO EMP_BRANCH_HISTORY (ID_Employee, ID_Branch, StartDate, EndDate) VALUES (206, 15, '2023-03-22', NULL);
INSERT INTO EMP_BRANCH_HISTORY (ID_Employee, ID_Branch, StartDate, EndDate) VALUES (36, 9, '2023-08-16', NULL);
INSERT INTO EMP_BRANCH_HISTORY (ID_Employee, ID_Branch, StartDate, EndDate) VALUES (80, 13, '2024-02-08', '2024-12-18');
INSERT INTO EMP_BRANCH_HISTORY (ID_Employee, ID_Branch, StartDate, EndDate) VALUES (133, 12, '2024-10-16', NULL);
INSERT INTO EMP_BRANCH_HISTORY (ID_Employee, ID_Branch, StartDate, EndDate) VALUES (4, 15, '2024-03-19', NULL);
INSERT INTO EMP_BRANCH_HISTORY (ID_Employee, ID_Branch, StartDate, EndDate) VALUES (182, 14, '2024-08-26', NULL);
INSERT INTO EMP_BRANCH_HISTORY (ID_Employee, ID_Branch, StartDate, EndDate) VALUES (199, 2, '2024-06-09', NULL);
INSERT INTO EMP_BRANCH_HISTORY (ID_Employee, ID_Branch, StartDate, EndDate) VALUES (175, 7, '2024-01-05', NULL);
INSERT INTO EMP_BRANCH_HISTORY (ID_Employee, ID_Branch, StartDate, EndDate) VALUES (72, 10, '2024-09-10', NULL);
INSERT INTO EMP_BRANCH_HISTORY (ID_Employee, ID_Branch, StartDate, EndDate) VALUES (161, 8, '2024-02-04', NULL);
INSERT INTO EMP_BRANCH_HISTORY (ID_Employee, ID_Branch, StartDate, EndDate) VALUES (77, 8, '2024-02-24', NULL);
INSERT INTO EMP_BRANCH_HISTORY (ID_Employee, ID_Branch, StartDate, EndDate) VALUES (62, 7, '2024-06-13', NULL);
INSERT INTO EMP_BRANCH_HISTORY (ID_Employee, ID_Branch, StartDate, EndDate) VALUES (123, 7, '2024-11-25', NULL);
INSERT INTO EMP_BRANCH_HISTORY (ID_Employee, ID_Branch, StartDate, EndDate) VALUES (212, 1, '2024-11-03', NULL);
INSERT INTO EMP_BRANCH_HISTORY (ID_Employee, ID_Branch, StartDate, EndDate) VALUES (18, 2, '2023-10-09', NULL);
INSERT INTO EMP_BRANCH_HISTORY (ID_Employee, ID_Branch, StartDate, EndDate) VALUES (37, 13, '2024-08-29', NULL);
INSERT INTO EMP_BRANCH_HISTORY (ID_Employee, ID_Branch, StartDate, EndDate) VALUES (137, 2, '2023-07-03', NULL);
INSERT INTO EMP_BRANCH_HISTORY (ID_Employee, ID_Branch, StartDate, EndDate) VALUES (65, 3, '2024-11-12', NULL);
INSERT INTO EMP_BRANCH_HISTORY (ID_Employee, ID_Branch, StartDate, EndDate) VALUES (104, 7, '2024-09-17', NULL);
INSERT INTO EMP_BRANCH_HISTORY (ID_Employee, ID_Branch, StartDate, EndDate) VALUES (17, 2, '2024-09-19', NULL);
INSERT INTO EMP_BRANCH_HISTORY (ID_Employee, ID_Branch, StartDate, EndDate) VALUES (110, 2, '2023-04-05', NULL);
INSERT INTO EMP_BRANCH_HISTORY (ID_Employee, ID_Branch, StartDate, EndDate) VALUES (117, 12, '2023-03-25', NULL);
INSERT INTO EMP_BRANCH_HISTORY (ID_Employee, ID_Branch, StartDate, EndDate) VALUES (2, 5, '2023-05-20', NULL);
INSERT INTO EMP_BRANCH_HISTORY (ID_Employee, ID_Branch, StartDate, EndDate) VALUES (38, 13, '2024-08-22', NULL);
INSERT INTO EMP_BRANCH_HISTORY (ID_Employee, ID_Branch, StartDate, EndDate) VALUES (7, 4, '2024-12-04', '2024-12-18');
INSERT INTO EMP_BRANCH_HISTORY (ID_Employee, ID_Branch, StartDate, EndDate) VALUES (200, 5, '2023-06-23', NULL);
INSERT INTO EMP_BRANCH_HISTORY (ID_Employee, ID_Branch, StartDate, EndDate) VALUES (218, 12, '2024-11-13', NULL);
INSERT INTO EMP_BRANCH_HISTORY (ID_Employee, ID_Branch, StartDate, EndDate) VALUES (153, 11, '2023-09-01', NULL);
INSERT INTO EMP_BRANCH_HISTORY (ID_Employee, ID_Branch, StartDate, EndDate) VALUES (46, 3, '2024-05-20', NULL);
INSERT INTO EMP_BRANCH_HISTORY (ID_Employee, ID_Branch, StartDate, EndDate) VALUES (45, 10, '2024-02-21', NULL);
INSERT INTO EMP_BRANCH_HISTORY (ID_Employee, ID_Branch, StartDate, EndDate) VALUES (8, 10, '2023-10-05', NULL);
INSERT INTO EMP_BRANCH_HISTORY (ID_Employee, ID_Branch, StartDate, EndDate) VALUES (14, 12, '2024-06-18', NULL);
INSERT INTO EMP_BRANCH_HISTORY (ID_Employee, ID_Branch, StartDate, EndDate) VALUES (35, 6, '2024-07-11', NULL);
INSERT INTO EMP_BRANCH_HISTORY (ID_Employee, ID_Branch, StartDate, EndDate) VALUES (34, 12, '2023-04-16', NULL);
INSERT INTO EMP_BRANCH_HISTORY (ID_Employee, ID_Branch, StartDate, EndDate) VALUES (171, 14, '2023-01-25', NULL);
INSERT INTO EMP_BRANCH_HISTORY (ID_Employee, ID_Branch, StartDate, EndDate) VALUES (10, 8, '2024-11-07', NULL);
INSERT INTO EMP_BRANCH_HISTORY (ID_Employee, ID_Branch, StartDate, EndDate) VALUES (90, 13, '2023-04-11', NULL);
INSERT INTO EMP_BRANCH_HISTORY (ID_Employee, ID_Branch, StartDate, EndDate) VALUES (153, 10, '2024-01-03', NULL);
INSERT INTO EMP_BRANCH_HISTORY (ID_Employee, ID_Branch, StartDate, EndDate) VALUES (176, 1, '2024-10-07', NULL);
INSERT INTO EMP_BRANCH_HISTORY (ID_Employee, ID_Branch, StartDate, EndDate) VALUES (73, 6, '2024-10-12', NULL);
INSERT INTO EMP_BRANCH_HISTORY (ID_Employee, ID_Branch, StartDate, EndDate) VALUES (201, 9, '2024-05-15', NULL);
INSERT INTO EMP_BRANCH_HISTORY (ID_Employee, ID_Branch, StartDate, EndDate) VALUES (88, 13, '2023-03-31', NULL);
INSERT INTO EMP_BRANCH_HISTORY (ID_Employee, ID_Branch, StartDate, EndDate) VALUES (173, 12, '2023-03-17', NULL);
INSERT INTO EMP_BRANCH_HISTORY (ID_Employee, ID_Branch, StartDate, EndDate) VALUES (105, 13, '2024-11-30', NULL);
INSERT INTO EMP_BRANCH_HISTORY (ID_Employee, ID_Branch, StartDate, EndDate) VALUES (177, 11, '2023-09-21', NULL);
INSERT INTO EMP_BRANCH_HISTORY (ID_Employee, ID_Branch, StartDate, EndDate) VALUES (133, 11, '2024-06-26', NULL);
INSERT INTO EMP_BRANCH_HISTORY (ID_Employee, ID_Branch, StartDate, EndDate) VALUES (120, 4, '2024-11-10', NULL);
INSERT INTO EMP_BRANCH_HISTORY (ID_Employee, ID_Branch, StartDate, EndDate) VALUES (224, 15, '2024-08-24', NULL);
INSERT INTO EMP_BRANCH_HISTORY (ID_Employee, ID_Branch, StartDate, EndDate) VALUES (157, 5, '2023-02-21', NULL);
INSERT INTO EMP_BRANCH_HISTORY (ID_Employee, ID_Branch, StartDate, EndDate) VALUES (74, 7, '2023-12-18', NULL);
INSERT INTO EMP_BRANCH_HISTORY (ID_Employee, ID_Branch, StartDate, EndDate) VALUES (186, 4, '2023-10-27', NULL);
INSERT INTO EMP_BRANCH_HISTORY (ID_Employee, ID_Branch, StartDate, EndDate) VALUES (148, 11, '2023-03-21', NULL);
INSERT INTO EMP_BRANCH_HISTORY (ID_Employee, ID_Branch, StartDate, EndDate) VALUES (199, 7, '2023-06-03', NULL);
INSERT INTO EMP_BRANCH_HISTORY (ID_Employee, ID_Branch, StartDate, EndDate) VALUES (99, 3, '2023-03-12', NULL);
INSERT INTO EMP_BRANCH_HISTORY (ID_Employee, ID_Branch, StartDate, EndDate) VALUES (10, 3, '2023-05-06', NULL);
INSERT INTO EMP_BRANCH_HISTORY (ID_Employee, ID_Branch, StartDate, EndDate) VALUES (36, 13, '2024-06-24', NULL);
INSERT INTO EMP_BRANCH_HISTORY (ID_Employee, ID_Branch, StartDate, EndDate) VALUES (106, 11, '2022-12-21', NULL);
INSERT INTO EMP_BRANCH_HISTORY (ID_Employee, ID_Branch, StartDate, EndDate) VALUES (221, 5, '2023-05-13', NULL);
INSERT INTO EMP_BRANCH_HISTORY (ID_Employee, ID_Branch, StartDate, EndDate) VALUES (76, 9, '2024-04-30', '2024-12-18');
INSERT INTO EMP_BRANCH_HISTORY (ID_Employee, ID_Branch, StartDate, EndDate) VALUES (164, 10, '2024-12-15', NULL);
INSERT INTO EMP_BRANCH_HISTORY (ID_Employee, ID_Branch, StartDate, EndDate) VALUES (145, 14, '2023-08-09', NULL);
INSERT INTO EMP_BRANCH_HISTORY (ID_Employee, ID_Branch, StartDate, EndDate) VALUES (130, 12, '2023-09-22', '2024-12-18');
INSERT INTO EMP_BRANCH_HISTORY (ID_Employee, ID_Branch, StartDate, EndDate) VALUES (72, 8, '2024-04-10', NULL);
INSERT INTO EMP_BRANCH_HISTORY (ID_Employee, ID_Branch, StartDate, EndDate) VALUES (190, 2, '2023-03-20', NULL);
INSERT INTO EMP_BRANCH_HISTORY (ID_Employee, ID_Branch, StartDate, EndDate) VALUES (46, 14, '2023-09-17', NULL);
INSERT INTO EMP_BRANCH_HISTORY (ID_Employee, ID_Branch, StartDate, EndDate) VALUES (121, 4, '2024-08-12', NULL);
INSERT INTO EMP_BRANCH_HISTORY (ID_Employee, ID_Branch, StartDate, EndDate) VALUES (193, 11, '2024-08-29', NULL);
INSERT INTO EMP_BRANCH_HISTORY (ID_Employee, ID_Branch, StartDate, EndDate) VALUES (94, 10, '2023-04-03', NULL);
INSERT INTO EMP_BRANCH_HISTORY (ID_Employee, ID_Branch, StartDate, EndDate) VALUES (17, 9, '2024-08-23', '2024-12-18');
INSERT INTO EMP_BRANCH_HISTORY (ID_Employee, ID_Branch, StartDate, EndDate) VALUES (34, 7, '2024-11-02', NULL);
INSERT INTO EMP_BRANCH_HISTORY (ID_Employee, ID_Branch, StartDate, EndDate) VALUES (174, 11, '2023-09-06', '2024-12-18');
INSERT INTO EMP_BRANCH_HISTORY (ID_Employee, ID_Branch, StartDate, EndDate) VALUES (79, 2, '2023-02-06', NULL);
INSERT INTO EMP_BRANCH_HISTORY (ID_Employee, ID_Branch, StartDate, EndDate) VALUES (208, 6, '2024-10-26', NULL);
INSERT INTO EMP_BRANCH_HISTORY (ID_Employee, ID_Branch, StartDate, EndDate) VALUES (90, 14, '2023-06-21', NULL);
INSERT INTO EMP_BRANCH_HISTORY (ID_Employee, ID_Branch, StartDate, EndDate) VALUES (36, 14, '2024-10-24', NULL);
INSERT INTO EMP_BRANCH_HISTORY (ID_Employee, ID_Branch, StartDate, EndDate) VALUES (176, 12, '2023-01-30', NULL);
INSERT INTO EMP_BRANCH_HISTORY (ID_Employee, ID_Branch, StartDate, EndDate) VALUES (77, 2, '2024-03-30', NULL);
INSERT INTO EMP_BRANCH_HISTORY (ID_Employee, ID_Branch, StartDate, EndDate) VALUES (95, 2, '2024-02-18', NULL);
INSERT INTO EMP_BRANCH_HISTORY (ID_Employee, ID_Branch, StartDate, EndDate) VALUES (130, 1, '2024-06-05', NULL);
INSERT INTO EMP_BRANCH_HISTORY (ID_Employee, ID_Branch, StartDate, EndDate) VALUES (160, 8, '2024-10-27', NULL);
INSERT INTO EMP_BRANCH_HISTORY (ID_Employee, ID_Branch, StartDate, EndDate) VALUES (112, 11, '2024-02-19', NULL);
INSERT INTO EMP_BRANCH_HISTORY (ID_Employee, ID_Branch, StartDate, EndDate) VALUES (194, 4, '2024-05-07', NULL);
INSERT INTO EMP_BRANCH_HISTORY (ID_Employee, ID_Branch, StartDate, EndDate) VALUES (194, 10, '2023-09-21', NULL);
INSERT INTO EMP_BRANCH_HISTORY (ID_Employee, ID_Branch, StartDate, EndDate) VALUES (155, 11, '2023-02-22', NULL);
INSERT INTO EMP_BRANCH_HISTORY (ID_Employee, ID_Branch, StartDate, EndDate) VALUES (24, 14, '2024-01-02', NULL);
INSERT INTO EMP_BRANCH_HISTORY (ID_Employee, ID_Branch, StartDate, EndDate) VALUES (224, 4, '2024-04-13', NULL);
INSERT INTO EMP_BRANCH_HISTORY (ID_Employee, ID_Branch, StartDate, EndDate) VALUES (31, 12, '2022-12-26', NULL);
INSERT INTO EMP_BRANCH_HISTORY (ID_Employee, ID_Branch, StartDate, EndDate) VALUES (155, 14, '2023-05-31', NULL);
INSERT INTO EMP_BRANCH_HISTORY (ID_Employee, ID_Branch, StartDate, EndDate) VALUES (148, 8, '2024-10-31', NULL);
INSERT INTO EMP_BRANCH_HISTORY (ID_Employee, ID_Branch, StartDate, EndDate) VALUES (176, 7, '2024-11-09', NULL);
INSERT INTO EMP_BRANCH_HISTORY (ID_Employee, ID_Branch, StartDate, EndDate) VALUES (113, 14, '2023-08-02', NULL);
INSERT INTO EMP_BRANCH_HISTORY (ID_Employee, ID_Branch, StartDate, EndDate) VALUES (150, 7, '2024-02-15', NULL);
INSERT INTO EMP_BRANCH_HISTORY (ID_Employee, ID_Branch, StartDate, EndDate) VALUES (154, 6, '2023-03-24', NULL);
INSERT INTO EMP_BRANCH_HISTORY (ID_Employee, ID_Branch, StartDate, EndDate) VALUES (78, 15, '2023-12-06', NULL);
INSERT INTO EMP_BRANCH_HISTORY (ID_Employee, ID_Branch, StartDate, EndDate) VALUES (189, 12, '2024-08-04', NULL);
INSERT INTO EMP_BRANCH_HISTORY (ID_Employee, ID_Branch, StartDate, EndDate) VALUES (63, 9, '2024-09-01', NULL);
INSERT INTO EMP_BRANCH_HISTORY (ID_Employee, ID_Branch, StartDate, EndDate) VALUES (71, 3, '2024-12-05', NULL);
INSERT INTO EMP_BRANCH_HISTORY (ID_Employee, ID_Branch, StartDate, EndDate) VALUES (22, 11, '2024-03-20', NULL);
INSERT INTO EMP_BRANCH_HISTORY (ID_Employee, ID_Branch, StartDate, EndDate) VALUES (53, 1, '2023-09-28', NULL);
INSERT INTO EMP_BRANCH_HISTORY (ID_Employee, ID_Branch, StartDate, EndDate) VALUES (191, 9, '2024-03-06', NULL);
INSERT INTO EMP_BRANCH_HISTORY (ID_Employee, ID_Branch, StartDate, EndDate) VALUES (179, 8, '2023-09-08', NULL);
INSERT INTO EMP_BRANCH_HISTORY (ID_Employee, ID_Branch, StartDate, EndDate) VALUES (20, 7, '2024-03-27', NULL);
INSERT INTO EMP_BRANCH_HISTORY (ID_Employee, ID_Branch, StartDate, EndDate) VALUES (28, 2, '2024-05-30', NULL);
INSERT INTO EMP_BRANCH_HISTORY (ID_Employee, ID_Branch, StartDate, EndDate) VALUES (101, 6, '2024-07-23', NULL);
INSERT INTO EMP_BRANCH_HISTORY (ID_Employee, ID_Branch, StartDate, EndDate) VALUES (76, 11, '2023-01-06', '2024-12-18');
INSERT INTO EMP_BRANCH_HISTORY (ID_Employee, ID_Branch, StartDate, EndDate) VALUES (128, 15, '2023-09-27', NULL);
INSERT INTO EMP_BRANCH_HISTORY (ID_Employee, ID_Branch, StartDate, EndDate) VALUES (127, 8, '2024-10-06', '2024-12-18');
INSERT INTO EMP_BRANCH_HISTORY (ID_Employee, ID_Branch, StartDate, EndDate) VALUES (71, 15, '2023-05-23', NULL);
INSERT INTO EMP_BRANCH_HISTORY (ID_Employee, ID_Branch, StartDate, EndDate) VALUES (16, 3, '2023-07-29', NULL);
INSERT INTO EMP_BRANCH_HISTORY (ID_Employee, ID_Branch, StartDate, EndDate) VALUES (219, 14, '2023-10-13', NULL);
INSERT INTO EMP_BRANCH_HISTORY (ID_Employee, ID_Branch, StartDate, EndDate) VALUES (77, 10, '2024-04-04', NULL);
INSERT INTO EMP_BRANCH_HISTORY (ID_Employee, ID_Branch, StartDate, EndDate) VALUES (137, 11, '2024-08-25', NULL);
INSERT INTO EMP_BRANCH_HISTORY (ID_Employee, ID_Branch, StartDate, EndDate) VALUES (48, 7, '2023-10-09', '2024-12-18');
INSERT INTO EMP_BRANCH_HISTORY (ID_Employee, ID_Branch, StartDate, EndDate) VALUES (23, 5, '2023-06-28', NULL);
INSERT INTO EMP_BRANCH_HISTORY (ID_Employee, ID_Branch, StartDate, EndDate) VALUES (180, 4, '2024-12-13', NULL);
INSERT INTO EMP_BRANCH_HISTORY (ID_Employee, ID_Branch, StartDate, EndDate) VALUES (207, 12, '2023-10-19', '2024-12-18');
INSERT INTO EMP_BRANCH_HISTORY (ID_Employee, ID_Branch, StartDate, EndDate) VALUES (106, 12, '2024-07-05', NULL);
INSERT INTO EMP_BRANCH_HISTORY (ID_Employee, ID_Branch, StartDate, EndDate) VALUES (99, 7, '2024-03-29', NULL);
INSERT INTO EMP_BRANCH_HISTORY (ID_Employee, ID_Branch, StartDate, EndDate) VALUES (63, 12, '2024-10-12', '2024-12-18');
INSERT INTO EMP_BRANCH_HISTORY (ID_Employee, ID_Branch, StartDate, EndDate) VALUES (49, 13, '2024-10-27', NULL);
INSERT INTO EMP_BRANCH_HISTORY (ID_Employee, ID_Branch, StartDate, EndDate) VALUES (64, 10, '2023-01-04', NULL);
INSERT INTO EMP_BRANCH_HISTORY (ID_Employee, ID_Branch, StartDate, EndDate) VALUES (31, 1, '2024-05-16', NULL);
INSERT INTO EMP_BRANCH_HISTORY (ID_Employee, ID_Branch, StartDate, EndDate) VALUES (32, 6, '2024-08-06', NULL);
INSERT INTO EMP_BRANCH_HISTORY (ID_Employee, ID_Branch, StartDate, EndDate) VALUES (84, 2, '2023-04-26', NULL);
INSERT INTO EMP_BRANCH_HISTORY (ID_Employee, ID_Branch, StartDate, EndDate) VALUES (196, 4, '2024-03-26', NULL);
INSERT INTO EMP_BRANCH_HISTORY (ID_Employee, ID_Branch, StartDate, EndDate) VALUES (95, 13, '2023-08-17', NULL);
INSERT INTO EMP_BRANCH_HISTORY (ID_Employee, ID_Branch, StartDate, EndDate) VALUES (45, 2, '2023-03-21', '2024-12-18');
INSERT INTO EMP_BRANCH_HISTORY (ID_Employee, ID_Branch, StartDate, EndDate) VALUES (111, 1, '2024-11-23', NULL);
INSERT INTO EMP_BRANCH_HISTORY (ID_Employee, ID_Branch, StartDate, EndDate) VALUES (103, 3, '2023-07-13', '2024-12-18');
INSERT INTO EMP_BRANCH_HISTORY (ID_Employee, ID_Branch, StartDate, EndDate) VALUES (212, 4, '2024-01-30', NULL);
INSERT INTO EMP_BRANCH_HISTORY (ID_Employee, ID_Branch, StartDate, EndDate) VALUES (23, 11, '2023-10-07', NULL);
INSERT INTO EMP_BRANCH_HISTORY (ID_Employee, ID_Branch, StartDate, EndDate) VALUES (16, 7, '2023-05-12', NULL);
INSERT INTO EMP_BRANCH_HISTORY (ID_Employee, ID_Branch, StartDate, EndDate) VALUES (33, 10, '2024-01-02', NULL);
INSERT INTO EMP_BRANCH_HISTORY (ID_Employee, ID_Branch, StartDate, EndDate) VALUES (13, 2, '2024-08-11', NULL);
INSERT INTO EMP_BRANCH_HISTORY (ID_Employee, ID_Branch, StartDate, EndDate) VALUES (212, 5, '2024-04-01', NULL);
INSERT INTO EMP_BRANCH_HISTORY (ID_Employee, ID_Branch, StartDate, EndDate) VALUES (15, 7, '2023-01-07', NULL);
INSERT INTO EMP_BRANCH_HISTORY (ID_Employee, ID_Branch, StartDate, EndDate) VALUES (149, 2, '2024-03-21', NULL);
INSERT INTO EMP_BRANCH_HISTORY (ID_Employee, ID_Branch, StartDate, EndDate) VALUES (71, 11, '2024-04-20', NULL);
INSERT INTO EMP_BRANCH_HISTORY (ID_Employee, ID_Branch, StartDate, EndDate) VALUES (43, 10, '2024-04-20', NULL);
INSERT INTO EMP_BRANCH_HISTORY (ID_Employee, ID_Branch, StartDate, EndDate) VALUES (36, 11, '2024-04-16', NULL);
INSERT INTO EMP_BRANCH_HISTORY (ID_Employee, ID_Branch, StartDate, EndDate) VALUES (38, 15, '2024-04-21', NULL);
INSERT INTO EMP_BRANCH_HISTORY (ID_Employee, ID_Branch, StartDate, EndDate) VALUES (114, 15, '2023-01-09', NULL);
INSERT INTO EMP_BRANCH_HISTORY (ID_Employee, ID_Branch, StartDate, EndDate) VALUES (179, 11, '2024-08-09', NULL);
INSERT INTO EMP_BRANCH_HISTORY (ID_Employee, ID_Branch, StartDate, EndDate) VALUES (111, 15, '2024-01-22', NULL);
INSERT INTO EMP_BRANCH_HISTORY (ID_Employee, ID_Branch, StartDate, EndDate) VALUES (12, 15, '2024-04-01', NULL);
INSERT INTO EMP_BRANCH_HISTORY (ID_Employee, ID_Branch, StartDate, EndDate) VALUES (48, 13, '2024-06-06', NULL);
INSERT INTO EMP_BRANCH_HISTORY (ID_Employee, ID_Branch, StartDate, EndDate) VALUES (209, 4, '2023-04-25', '2024-12-18');
INSERT INTO EMP_BRANCH_HISTORY (ID_Employee, ID_Branch, StartDate, EndDate) VALUES (215, 13, '2023-07-14', NULL);
INSERT INTO EMP_BRANCH_HISTORY (ID_Employee, ID_Branch, StartDate, EndDate) VALUES (154, 1, '2024-04-19', '2024-12-18');
INSERT INTO EMP_BRANCH_HISTORY (ID_Employee, ID_Branch, StartDate, EndDate) VALUES (59, 8, '2024-08-27', NULL);
INSERT INTO EMP_BRANCH_HISTORY (ID_Employee, ID_Branch, StartDate, EndDate) VALUES (93, 9, '2022-12-28', NULL);
INSERT INTO EMP_BRANCH_HISTORY (ID_Employee, ID_Branch, StartDate, EndDate) VALUES (72, 4, '2024-08-22', NULL);
INSERT INTO EMP_BRANCH_HISTORY (ID_Employee, ID_Branch, StartDate, EndDate) VALUES (41, 4, '2024-02-13', NULL);
INSERT INTO EMP_BRANCH_HISTORY (ID_Employee, ID_Branch, StartDate, EndDate) VALUES (102, 10, '2023-01-01', NULL);
INSERT INTO EMP_BRANCH_HISTORY (ID_Employee, ID_Branch, StartDate, EndDate) VALUES (119, 4, '2024-10-20', NULL);
INSERT INTO EMP_BRANCH_HISTORY (ID_Employee, ID_Branch, StartDate, EndDate) VALUES (77, 14, '2024-07-24', NULL);
INSERT INTO EMP_BRANCH_HISTORY (ID_Employee, ID_Branch, StartDate, EndDate) VALUES (145, 5, '2023-05-15', NULL);
INSERT INTO EMP_BRANCH_HISTORY (ID_Employee, ID_Branch, StartDate, EndDate) VALUES (117, 2, '2023-06-16', NULL);
INSERT INTO EMP_BRANCH_HISTORY (ID_Employee, ID_Branch, StartDate, EndDate) VALUES (41, 1, '2023-04-04', NULL);
INSERT INTO EMP_BRANCH_HISTORY (ID_Employee, ID_Branch, StartDate, EndDate) VALUES (166, 3, '2023-07-07', NULL);
INSERT INTO EMP_BRANCH_HISTORY (ID_Employee, ID_Branch, StartDate, EndDate) VALUES (121, 6, '2024-02-20', NULL);
INSERT INTO EMP_BRANCH_HISTORY (ID_Employee, ID_Branch, StartDate, EndDate) VALUES (15, 9, '2023-12-05', NULL);
INSERT INTO EMP_BRANCH_HISTORY (ID_Employee, ID_Branch, StartDate, EndDate) VALUES (202, 10, '2023-12-23', NULL);
INSERT INTO EMP_BRANCH_HISTORY (ID_Employee, ID_Branch, StartDate, EndDate) VALUES (110, 6, '2023-01-27', NULL);
INSERT INTO EMP_BRANCH_HISTORY (ID_Employee, ID_Branch, StartDate, EndDate) VALUES (145, 12, '2024-08-03', NULL);
INSERT INTO EMP_BRANCH_HISTORY (ID_Employee, ID_Branch, StartDate, EndDate) VALUES (149, 7, '2023-08-22', NULL);
INSERT INTO EMP_BRANCH_HISTORY (ID_Employee, ID_Branch, StartDate, EndDate) VALUES (178, 5, '2024-07-19', NULL);
INSERT INTO EMP_BRANCH_HISTORY (ID_Employee, ID_Branch, StartDate, EndDate) VALUES (196, 5, '2024-01-19', '2024-12-18');
INSERT INTO EMP_BRANCH_HISTORY (ID_Employee, ID_Branch, StartDate, EndDate) VALUES (111, 8, '2023-10-25', NULL);
INSERT INTO EMP_BRANCH_HISTORY (ID_Employee, ID_Branch, StartDate, EndDate) VALUES (214, 15, '2023-12-25', NULL);
INSERT INTO EMP_BRANCH_HISTORY (ID_Employee, ID_Branch, StartDate, EndDate) VALUES (201, 4, '2024-03-05', NULL);
INSERT INTO EMP_BRANCH_HISTORY (ID_Employee, ID_Branch, StartDate, EndDate) VALUES (163, 1, '2023-06-03', NULL);
INSERT INTO EMP_BRANCH_HISTORY (ID_Employee, ID_Branch, StartDate, EndDate) VALUES (159, 11, '2024-06-12', NULL);
INSERT INTO EMP_BRANCH_HISTORY (ID_Employee, ID_Branch, StartDate, EndDate) VALUES (163, 2, '2024-06-25', '2024-12-18');
INSERT INTO EMP_BRANCH_HISTORY (ID_Employee, ID_Branch, StartDate, EndDate) VALUES (161, 1, '2024-08-11', NULL);
INSERT INTO EMP_BRANCH_HISTORY (ID_Employee, ID_Branch, StartDate, EndDate) VALUES (151, 5, '2024-01-05', NULL);
INSERT INTO EMP_BRANCH_HISTORY (ID_Employee, ID_Branch, StartDate, EndDate) VALUES (6, 8, '2023-06-12', '2024-12-18');
INSERT INTO EMP_BRANCH_HISTORY (ID_Employee, ID_Branch, StartDate, EndDate) VALUES (83, 15, '2023-03-23', NULL);
INSERT INTO EMP_BRANCH_HISTORY (ID_Employee, ID_Branch, StartDate, EndDate) VALUES (54, 12, '2024-10-07', '2024-12-18');
INSERT INTO EMP_BRANCH_HISTORY (ID_Employee, ID_Branch, StartDate, EndDate) VALUES (215, 3, '2023-12-24', NULL);
INSERT INTO EMP_BRANCH_HISTORY (ID_Employee, ID_Branch, StartDate, EndDate) VALUES (210, 11, '2024-08-16', NULL);
INSERT INTO EMP_BRANCH_HISTORY (ID_Employee, ID_Branch, StartDate, EndDate) VALUES (168, 11, '2024-02-08', NULL);
INSERT INTO EMP_BRANCH_HISTORY (ID_Employee, ID_Branch, StartDate, EndDate) VALUES (130, 7, '2023-01-14', NULL);
INSERT INTO EMP_BRANCH_HISTORY (ID_Employee, ID_Branch, StartDate, EndDate) VALUES (181, 15, '2024-05-13', NULL);
INSERT INTO EMP_BRANCH_HISTORY (ID_Employee, ID_Branch, StartDate, EndDate) VALUES (100, 5, '2024-11-14', NULL);
INSERT INTO EMP_BRANCH_HISTORY (ID_Employee, ID_Branch, StartDate, EndDate) VALUES (89, 11, '2023-04-03', NULL);
INSERT INTO EMP_BRANCH_HISTORY (ID_Employee, ID_Branch, StartDate, EndDate) VALUES (36, 4, '2023-01-26', NULL);
INSERT INTO EMP_BRANCH_HISTORY (ID_Employee, ID_Branch, StartDate, EndDate) VALUES (176, 4, '2023-03-26', NULL);
INSERT INTO EMP_BRANCH_HISTORY (ID_Employee, ID_Branch, StartDate, EndDate) VALUES (195, 8, '2024-03-21', NULL);
INSERT INTO EMP_BRANCH_HISTORY (ID_Employee, ID_Branch, StartDate, EndDate) VALUES (128, 7, '2024-02-16', NULL);
INSERT INTO EMP_BRANCH_HISTORY (ID_Employee, ID_Branch, StartDate, EndDate) VALUES (115, 2, '2024-11-01', NULL);
INSERT INTO EMP_BRANCH_HISTORY (ID_Employee, ID_Branch, StartDate, EndDate) VALUES (69, 14, '2023-10-31', NULL);
INSERT INTO EMP_BRANCH_HISTORY (ID_Employee, ID_Branch, StartDate, EndDate) VALUES (2, 2, '2024-03-13', NULL);
INSERT INTO EMP_BRANCH_HISTORY (ID_Employee, ID_Branch, StartDate, EndDate) VALUES (14, 11, '2023-11-28', NULL);
INSERT INTO EMP_BRANCH_HISTORY (ID_Employee, ID_Branch, StartDate, EndDate) VALUES (161, 10, '2024-12-06', NULL);
INSERT INTO EMP_BRANCH_HISTORY (ID_Employee, ID_Branch, StartDate, EndDate) VALUES (141, 5, '2023-07-19', NULL);
INSERT INTO EMP_BRANCH_HISTORY (ID_Employee, ID_Branch, StartDate, EndDate) VALUES (133, 4, '2024-03-16', NULL);
INSERT INTO EMP_BRANCH_HISTORY (ID_Employee, ID_Branch, StartDate, EndDate) VALUES (171, 11, '2024-11-07', NULL);
INSERT INTO EMP_BRANCH_HISTORY (ID_Employee, ID_Branch, StartDate, EndDate) VALUES (77, 4, '2023-05-22', '2024-12-18');
INSERT INTO EMP_BRANCH_HISTORY (ID_Employee, ID_Branch, StartDate, EndDate) VALUES (104, 13, '2024-10-14', NULL);
INSERT INTO EMP_BRANCH_HISTORY (ID_Employee, ID_Branch, StartDate, EndDate) VALUES (146, 10, '2024-01-11', NULL);
INSERT INTO EMP_BRANCH_HISTORY (ID_Employee, ID_Branch, StartDate, EndDate) VALUES (201, 8, '2024-10-31', NULL);
INSERT INTO EMP_BRANCH_HISTORY (ID_Employee, ID_Branch, StartDate, EndDate) VALUES (224, 13, '2024-04-23', NULL);
INSERT INTO EMP_BRANCH_HISTORY (ID_Employee, ID_Branch, StartDate, EndDate) VALUES (41, 2, '2024-06-30', NULL);
INSERT INTO EMP_BRANCH_HISTORY (ID_Employee, ID_Branch, StartDate, EndDate) VALUES (25, 5, '2024-09-24', NULL);
INSERT INTO EMP_BRANCH_HISTORY (ID_Employee, ID_Branch, StartDate, EndDate) VALUES (182, 13, '2023-01-23', NULL);
INSERT INTO EMP_BRANCH_HISTORY (ID_Employee, ID_Branch, StartDate, EndDate) VALUES (200, 7, '2024-09-10', '2024-12-18');
INSERT INTO EMP_BRANCH_HISTORY (ID_Employee, ID_Branch, StartDate, EndDate) VALUES (156, 8, '2024-07-11', NULL);
INSERT INTO EMP_BRANCH_HISTORY (ID_Employee, ID_Branch, StartDate, EndDate) VALUES (194, 12, '2023-01-07', NULL);
INSERT INTO EMP_BRANCH_HISTORY (ID_Employee, ID_Branch, StartDate, EndDate) VALUES (185, 13, '2024-02-23', NULL);
INSERT INTO EMP_BRANCH_HISTORY (ID_Employee, ID_Branch, StartDate, EndDate) VALUES (20, 4, '2023-05-24', '2024-12-18');
INSERT INTO EMP_BRANCH_HISTORY (ID_Employee, ID_Branch, StartDate, EndDate) VALUES (1, 6, '2024-10-11', NULL);
INSERT INTO EMP_BRANCH_HISTORY (ID_Employee, ID_Branch, StartDate, EndDate) VALUES (221, 10, '2024-08-20', NULL);
INSERT INTO EMP_BRANCH_HISTORY (ID_Employee, ID_Branch, StartDate, EndDate) VALUES (187, 10, '2023-03-20', NULL);
INSERT INTO EMP_BRANCH_HISTORY (ID_Employee, ID_Branch, StartDate, EndDate) VALUES (84, 5, '2024-08-19', NULL);
INSERT INTO EMP_BRANCH_HISTORY (ID_Employee, ID_Branch, StartDate, EndDate) VALUES (173, 11, '2023-03-25', NULL);
INSERT INTO EMP_BRANCH_HISTORY (ID_Employee, ID_Branch, StartDate, EndDate) VALUES (75, 6, '2023-06-24', NULL);
INSERT INTO EMP_BRANCH_HISTORY (ID_Employee, ID_Branch, StartDate, EndDate) VALUES (12, 14, '2024-06-12', NULL);
INSERT INTO EMP_BRANCH_HISTORY (ID_Employee, ID_Branch, StartDate, EndDate) VALUES (7, 2, '2024-11-23', NULL);
INSERT INTO EMP_BRANCH_HISTORY (ID_Employee, ID_Branch, StartDate, EndDate) VALUES (148, 13, '2023-09-11', NULL);
INSERT INTO EMP_BRANCH_HISTORY (ID_Employee, ID_Branch, StartDate, EndDate) VALUES (21, 8, '2023-07-11', NULL);
INSERT INTO EMP_BRANCH_HISTORY (ID_Employee, ID_Branch, StartDate, EndDate) VALUES (22, 12, '2024-08-27', NULL);
INSERT INTO EMP_BRANCH_HISTORY (ID_Employee, ID_Branch, StartDate, EndDate) VALUES (4, 5, '2023-06-09', NULL);
INSERT INTO EMP_BRANCH_HISTORY (ID_Employee, ID_Branch, StartDate, EndDate) VALUES (150, 10, '2023-02-07', NULL);
INSERT INTO EMP_BRANCH_HISTORY (ID_Employee, ID_Branch, StartDate, EndDate) VALUES (73, 8, '2023-09-30', NULL);
INSERT INTO EMP_BRANCH_HISTORY (ID_Employee, ID_Branch, StartDate, EndDate) VALUES (39, 14, '2024-05-02', '2024-12-18');
INSERT INTO EMP_BRANCH_HISTORY (ID_Employee, ID_Branch, StartDate, EndDate) VALUES (155, 7, '2023-11-02', NULL);
INSERT INTO EMP_BRANCH_HISTORY (ID_Employee, ID_Branch, StartDate, EndDate) VALUES (78, 7, '2023-11-23', NULL);
INSERT INTO EMP_BRANCH_HISTORY (ID_Employee, ID_Branch, StartDate, EndDate) VALUES (203, 1, '2023-04-08', NULL);
INSERT INTO EMP_BRANCH_HISTORY (ID_Employee, ID_Branch, StartDate, EndDate) VALUES (63, 6, '2024-07-10', NULL);
INSERT INTO EMP_BRANCH_HISTORY (ID_Employee, ID_Branch, StartDate, EndDate) VALUES (123, 4, '2024-09-18', NULL);
INSERT INTO EMP_BRANCH_HISTORY (ID_Employee, ID_Branch, StartDate, EndDate) VALUES (136, 11, '2024-07-31', NULL);
INSERT INTO EMP_BRANCH_HISTORY (ID_Employee, ID_Branch, StartDate, EndDate) VALUES (87, 2, '2023-08-15', NULL);
INSERT INTO EMP_BRANCH_HISTORY (ID_Employee, ID_Branch, StartDate, EndDate) VALUES (148, 10, '2023-10-25', NULL);
INSERT INTO EMP_BRANCH_HISTORY (ID_Employee, ID_Branch, StartDate, EndDate) VALUES (18, 14, '2023-03-18', NULL);
INSERT INTO EMP_BRANCH_HISTORY (ID_Employee, ID_Branch, StartDate, EndDate) VALUES (54, 14, '2024-09-25', NULL);
INSERT INTO EMP_BRANCH_HISTORY (ID_Employee, ID_Branch, StartDate, EndDate) VALUES (210, 5, '2023-07-11', NULL);
INSERT INTO EMP_BRANCH_HISTORY (ID_Employee, ID_Branch, StartDate, EndDate) VALUES (93, 5, '2024-02-21', NULL);
INSERT INTO EMP_BRANCH_HISTORY (ID_Employee, ID_Branch, StartDate, EndDate) VALUES (87, 15, '2024-06-29', NULL);
INSERT INTO EMP_BRANCH_HISTORY (ID_Employee, ID_Branch, StartDate, EndDate) VALUES (1, 8, '2024-01-24', NULL);
INSERT INTO EMP_BRANCH_HISTORY (ID_Employee, ID_Branch, StartDate, EndDate) VALUES (84, 6, '2024-12-05', NULL);
INSERT INTO EMP_BRANCH_HISTORY (ID_Employee, ID_Branch, StartDate, EndDate) VALUES (175, 14, '2024-09-25', NULL);
INSERT INTO EMP_BRANCH_HISTORY (ID_Employee, ID_Branch, StartDate, EndDate) VALUES (208, 8, '2024-10-05', NULL);
INSERT INTO EMP_BRANCH_HISTORY (ID_Employee, ID_Branch, StartDate, EndDate) VALUES (172, 4, '2023-08-09', NULL);
INSERT INTO EMP_BRANCH_HISTORY (ID_Employee, ID_Branch, StartDate, EndDate) VALUES (115, 1, '2024-12-16', NULL);
INSERT INTO EMP_BRANCH_HISTORY (ID_Employee, ID_Branch, StartDate, EndDate) VALUES (4, 12, '2024-05-09', NULL);
INSERT INTO EMP_BRANCH_HISTORY (ID_Employee, ID_Branch, StartDate, EndDate) VALUES (72, 3, '2024-07-29', NULL);
INSERT INTO EMP_BRANCH_HISTORY (ID_Employee, ID_Branch, StartDate, EndDate) VALUES (168, 12, '2024-11-02', NULL);
INSERT INTO EMP_BRANCH_HISTORY (ID_Employee, ID_Branch, StartDate, EndDate) VALUES (60, 14, '2023-06-27', NULL);
INSERT INTO EMP_BRANCH_HISTORY (ID_Employee, ID_Branch, StartDate, EndDate) VALUES (120, 9, '2024-05-02', NULL);
INSERT INTO EMP_BRANCH_HISTORY (ID_Employee, ID_Branch, StartDate, EndDate) VALUES (35, 8, '2023-06-18', NULL);
INSERT INTO EMP_BRANCH_HISTORY (ID_Employee, ID_Branch, StartDate, EndDate) VALUES (177, 9, '2024-02-16', NULL);
INSERT INTO EMP_BRANCH_HISTORY (ID_Employee, ID_Branch, StartDate, EndDate) VALUES (62, 11, '2023-04-16', NULL);
INSERT INTO EMP_BRANCH_HISTORY (ID_Employee, ID_Branch, StartDate, EndDate) VALUES (23, 6, '2023-04-10', NULL);
INSERT INTO EMP_BRANCH_HISTORY (ID_Employee, ID_Branch, StartDate, EndDate) VALUES (131, 8, '2024-04-09', NULL);
INSERT INTO EMP_BRANCH_HISTORY (ID_Employee, ID_Branch, StartDate, EndDate) VALUES (198, 1, '2023-05-11', NULL);
INSERT INTO EMP_BRANCH_HISTORY (ID_Employee, ID_Branch, StartDate, EndDate) VALUES (159, 4, '2024-04-06', NULL);
INSERT INTO EMP_BRANCH_HISTORY (ID_Employee, ID_Branch, StartDate, EndDate) VALUES (94, 5, '2023-08-29', NULL);
INSERT INTO EMP_BRANCH_HISTORY (ID_Employee, ID_Branch, StartDate, EndDate) VALUES (121, 5, '2024-03-19', NULL);
INSERT INTO EMP_BRANCH_HISTORY (ID_Employee, ID_Branch, StartDate, EndDate) VALUES (196, 2, '2024-10-04', NULL);
INSERT INTO EMP_BRANCH_HISTORY (ID_Employee, ID_Branch, StartDate, EndDate) VALUES (80, 9, '2023-04-09', NULL);
INSERT INTO EMP_BRANCH_HISTORY (ID_Employee, ID_Branch, StartDate, EndDate) VALUES (79, 7, '2024-01-15', NULL);
INSERT INTO EMP_BRANCH_HISTORY (ID_Employee, ID_Branch, StartDate, EndDate) VALUES (20, 5, '2024-08-09', NULL);
INSERT INTO EMP_BRANCH_HISTORY (ID_Employee, ID_Branch, StartDate, EndDate) VALUES (107, 13, '2023-01-04', NULL);
INSERT INTO EMP_BRANCH_HISTORY (ID_Employee, ID_Branch, StartDate, EndDate) VALUES (92, 13, '2023-11-08', NULL);
INSERT INTO EMP_BRANCH_HISTORY (ID_Employee, ID_Branch, StartDate, EndDate) VALUES (103, 5, '2024-05-17', NULL);
INSERT INTO EMP_BRANCH_HISTORY (ID_Employee, ID_Branch, StartDate, EndDate) VALUES (8, 1, '2024-04-13', NULL);
INSERT INTO EMP_BRANCH_HISTORY (ID_Employee, ID_Branch, StartDate, EndDate) VALUES (209, 1, '2023-03-13', NULL);
INSERT INTO EMP_BRANCH_HISTORY (ID_Employee, ID_Branch, StartDate, EndDate) VALUES (3, 9, '2023-04-21', NULL);
INSERT INTO EMP_BRANCH_HISTORY (ID_Employee, ID_Branch, StartDate, EndDate) VALUES (147, 7, '2024-02-10', NULL);
INSERT INTO EMP_BRANCH_HISTORY (ID_Employee, ID_Branch, StartDate, EndDate) VALUES (57, 10, '2023-12-06', NULL);
INSERT INTO EMP_BRANCH_HISTORY (ID_Employee, ID_Branch, StartDate, EndDate) VALUES (70, 13, '2023-05-28', NULL);
INSERT INTO EMP_BRANCH_HISTORY (ID_Employee, ID_Branch, StartDate, EndDate) VALUES (10, 2, '2024-07-22', NULL);
INSERT INTO EMP_BRANCH_HISTORY (ID_Employee, ID_Branch, StartDate, EndDate) VALUES (135, 13, '2024-04-24', NULL);
INSERT INTO EMP_BRANCH_HISTORY (ID_Employee, ID_Branch, StartDate, EndDate) VALUES (111, 14, '2024-04-30', NULL);
INSERT INTO EMP_BRANCH_HISTORY (ID_Employee, ID_Branch, StartDate, EndDate) VALUES (14, 10, '2024-11-02', NULL);
INSERT INTO EMP_BRANCH_HISTORY (ID_Employee, ID_Branch, StartDate, EndDate) VALUES (203, 6, '2024-08-25', NULL);
INSERT INTO EMP_BRANCH_HISTORY (ID_Employee, ID_Branch, StartDate, EndDate) VALUES (136, 8, '2024-08-25', NULL);
INSERT INTO EMP_BRANCH_HISTORY (ID_Employee, ID_Branch, StartDate, EndDate) VALUES (162, 15, '2024-02-19', NULL);
INSERT INTO EMP_BRANCH_HISTORY (ID_Employee, ID_Branch, StartDate, EndDate) VALUES (174, 15, '2023-01-21', NULL);
INSERT INTO EMP_BRANCH_HISTORY (ID_Employee, ID_Branch, StartDate, EndDate) VALUES (197, 4, '2023-07-10', '2024-12-18');
INSERT INTO EMP_BRANCH_HISTORY (ID_Employee, ID_Branch, StartDate, EndDate) VALUES (147, 5, '2024-03-29', NULL);
INSERT INTO EMP_BRANCH_HISTORY (ID_Employee, ID_Branch, StartDate, EndDate) VALUES (202, 15, '2023-06-06', NULL);
INSERT INTO EMP_BRANCH_HISTORY (ID_Employee, ID_Branch, StartDate, EndDate) VALUES (191, 15, '2024-01-26', NULL);
INSERT INTO EMP_BRANCH_HISTORY (ID_Employee, ID_Branch, StartDate, EndDate) VALUES (180, 9, '2023-08-09', NULL);
INSERT INTO EMP_BRANCH_HISTORY (ID_Employee, ID_Branch, StartDate, EndDate) VALUES (44, 4, '2024-06-27', NULL);
INSERT INTO EMP_BRANCH_HISTORY (ID_Employee, ID_Branch, StartDate, EndDate) VALUES (55, 14, '2023-05-05', NULL);
INSERT INTO EMP_BRANCH_HISTORY (ID_Employee, ID_Branch, StartDate, EndDate) VALUES (13, 5, '2023-09-01', NULL);
INSERT INTO EMP_BRANCH_HISTORY (ID_Employee, ID_Branch, StartDate, EndDate) VALUES (31, 2, '2024-07-26', NULL);
INSERT INTO EMP_BRANCH_HISTORY (ID_Employee, ID_Branch, StartDate, EndDate) VALUES (212, 2, '2024-11-16', NULL);
INSERT INTO EMP_BRANCH_HISTORY (ID_Employee, ID_Branch, StartDate, EndDate) VALUES (64, 3, '2023-04-25', NULL);
INSERT INTO EMP_BRANCH_HISTORY (ID_Employee, ID_Branch, StartDate, EndDate) VALUES (117, 6, '2023-09-10', NULL);
INSERT INTO EMP_BRANCH_HISTORY (ID_Employee, ID_Branch, StartDate, EndDate) VALUES (7, 3, '2024-11-11', NULL);
INSERT INTO EMP_BRANCH_HISTORY (ID_Employee, ID_Branch, StartDate, EndDate) VALUES (116, 2, '2023-08-13', NULL);
INSERT INTO EMP_BRANCH_HISTORY (ID_Employee, ID_Branch, StartDate, EndDate) VALUES (18, 9, '2022-12-22', NULL);
INSERT INTO EMP_BRANCH_HISTORY (ID_Employee, ID_Branch, StartDate, EndDate) VALUES (10, 15, '2023-02-17', NULL);
INSERT INTO EMP_BRANCH_HISTORY (ID_Employee, ID_Branch, StartDate, EndDate) VALUES (55, 8, '2023-03-12', NULL);
INSERT INTO EMP_BRANCH_HISTORY (ID_Employee, ID_Branch, StartDate, EndDate) VALUES (97, 10, '2023-01-21', NULL);
INSERT INTO EMP_BRANCH_HISTORY (ID_Employee, ID_Branch, StartDate, EndDate) VALUES (105, 11, '2024-11-24', NULL);
INSERT INTO EMP_BRANCH_HISTORY (ID_Employee, ID_Branch, StartDate, EndDate) VALUES (105, 1, '2024-08-30', NULL);
INSERT INTO EMP_BRANCH_HISTORY (ID_Employee, ID_Branch, StartDate, EndDate) VALUES (117, 13, '2024-10-08', NULL);
INSERT INTO EMP_BRANCH_HISTORY (ID_Employee, ID_Branch, StartDate, EndDate) VALUES (187, 1, '2024-11-28', NULL);
INSERT INTO EMP_BRANCH_HISTORY (ID_Employee, ID_Branch, StartDate, EndDate) VALUES (223, 3, '2024-10-22', NULL);
INSERT INTO EMP_BRANCH_HISTORY (ID_Employee, ID_Branch, StartDate, EndDate) VALUES (137, 1, '2023-03-05', NULL);
INSERT INTO EMP_BRANCH_HISTORY (ID_Employee, ID_Branch, StartDate, EndDate) VALUES (96, 13, '2024-01-16', NULL);
INSERT INTO EMP_BRANCH_HISTORY (ID_Employee, ID_Branch, StartDate, EndDate) VALUES (91, 3, '2023-10-16', NULL);
INSERT INTO EMP_BRANCH_HISTORY (ID_Employee, ID_Branch, StartDate, EndDate) VALUES (50, 2, '2023-04-01', NULL);
INSERT INTO EMP_BRANCH_HISTORY (ID_Employee, ID_Branch, StartDate, EndDate) VALUES (201, 7, '2023-01-01', NULL);
INSERT INTO EMP_BRANCH_HISTORY (ID_Employee, ID_Branch, StartDate, EndDate) VALUES (155, 2, '2023-07-30', NULL);
INSERT INTO EMP_BRANCH_HISTORY (ID_Employee, ID_Branch, StartDate, EndDate) VALUES (216, 2, '2024-03-05', NULL);
INSERT INTO EMP_BRANCH_HISTORY (ID_Employee, ID_Branch, StartDate, EndDate) VALUES (73, 10, '2023-07-13', '2024-12-18');
INSERT INTO EMP_BRANCH_HISTORY (ID_Employee, ID_Branch, StartDate, EndDate) VALUES (5, 2, '2023-09-21', NULL);
INSERT INTO EMP_BRANCH_HISTORY (ID_Employee, ID_Branch, StartDate, EndDate) VALUES (51, 2, '2024-08-15', NULL);
INSERT INTO EMP_BRANCH_HISTORY (ID_Employee, ID_Branch, StartDate, EndDate) VALUES (131, 7, '2023-07-18', NULL);
INSERT INTO EMP_BRANCH_HISTORY (ID_Employee, ID_Branch, StartDate, EndDate) VALUES (27, 8, '2023-07-12', NULL);
INSERT INTO EMP_BRANCH_HISTORY (ID_Employee, ID_Branch, StartDate, EndDate) VALUES (74, 13, '2024-04-16', NULL);
INSERT INTO EMP_BRANCH_HISTORY (ID_Employee, ID_Branch, StartDate, EndDate) VALUES (192, 4, '2024-03-22', '2024-12-18');
INSERT INTO EMP_BRANCH_HISTORY (ID_Employee, ID_Branch, StartDate, EndDate) VALUES (119, 7, '2022-12-31', NULL);
INSERT INTO EMP_BRANCH_HISTORY (ID_Employee, ID_Branch, StartDate, EndDate) VALUES (106, 8, '2023-03-16', NULL);
INSERT INTO EMP_BRANCH_HISTORY (ID_Employee, ID_Branch, StartDate, EndDate) VALUES (59, 2, '2023-08-15', NULL);
INSERT INTO EMP_BRANCH_HISTORY (ID_Employee, ID_Branch, StartDate, EndDate) VALUES (200, 1, '2024-03-18', NULL);
INSERT INTO EMP_BRANCH_HISTORY (ID_Employee, ID_Branch, StartDate, EndDate) VALUES (109, 4, '2023-03-09', NULL);
INSERT INTO EMP_BRANCH_HISTORY (ID_Employee, ID_Branch, StartDate, EndDate) VALUES (210, 13, '2023-06-27', NULL);
INSERT INTO EMP_BRANCH_HISTORY (ID_Employee, ID_Branch, StartDate, EndDate) VALUES (98, 11, '2023-03-03', NULL);
INSERT INTO EMP_BRANCH_HISTORY (ID_Employee, ID_Branch, StartDate, EndDate) VALUES (179, 1, '2024-08-20', NULL);
INSERT INTO EMP_BRANCH_HISTORY (ID_Employee, ID_Branch, StartDate, EndDate) VALUES (110, 11, '2023-07-02', NULL);
INSERT INTO EMP_BRANCH_HISTORY (ID_Employee, ID_Branch, StartDate, EndDate) VALUES (77, 7, '2024-05-02', NULL);
INSERT INTO EMP_BRANCH_HISTORY (ID_Employee, ID_Branch, StartDate, EndDate) VALUES (167, 1, '2023-12-27', NULL);
INSERT INTO EMP_BRANCH_HISTORY (ID_Employee, ID_Branch, StartDate, EndDate) VALUES (59, 15, '2023-08-07', NULL);
INSERT INTO EMP_BRANCH_HISTORY (ID_Employee, ID_Branch, StartDate, EndDate) VALUES (103, 6, '2024-10-18', NULL);
INSERT INTO EMP_BRANCH_HISTORY (ID_Employee, ID_Branch, StartDate, EndDate) VALUES (189, 5, '2023-01-11', NULL);
INSERT INTO EMP_BRANCH_HISTORY (ID_Employee, ID_Branch, StartDate, EndDate) VALUES (26, 8, '2023-10-14', NULL);
INSERT INTO EMP_BRANCH_HISTORY (ID_Employee, ID_Branch, StartDate, EndDate) VALUES (58, 10, '2023-10-08', NULL);
INSERT INTO EMP_BRANCH_HISTORY (ID_Employee, ID_Branch, StartDate, EndDate) VALUES (60, 4, '2023-03-02', NULL);
INSERT INTO EMP_BRANCH_HISTORY (ID_Employee, ID_Branch, StartDate, EndDate) VALUES (26, 9, '2024-04-06', NULL);
INSERT INTO EMP_BRANCH_HISTORY (ID_Employee, ID_Branch, StartDate, EndDate) VALUES (64, 11, '2024-02-23', NULL);
INSERT INTO EMP_BRANCH_HISTORY (ID_Employee, ID_Branch, StartDate, EndDate) VALUES (37, 8, '2023-04-07', NULL);
INSERT INTO EMP_BRANCH_HISTORY (ID_Employee, ID_Branch, StartDate, EndDate) VALUES (149, 9, '2024-04-18', NULL);
INSERT INTO EMP_BRANCH_HISTORY (ID_Employee, ID_Branch, StartDate, EndDate) VALUES (172, 5, '2024-07-03', '2024-12-18');
INSERT INTO EMP_BRANCH_HISTORY (ID_Employee, ID_Branch, StartDate, EndDate) VALUES (81, 14, '2024-06-01', NULL);
INSERT INTO EMP_BRANCH_HISTORY (ID_Employee, ID_Branch, StartDate, EndDate) VALUES (86, 7, '2023-02-18', '2024-12-18');
INSERT INTO EMP_BRANCH_HISTORY (ID_Employee, ID_Branch, StartDate, EndDate) VALUES (202, 14, '2024-03-12', NULL);
INSERT INTO EMP_BRANCH_HISTORY (ID_Employee, ID_Branch, StartDate, EndDate) VALUES (29, 6, '2024-08-30', NULL);
INSERT INTO EMP_BRANCH_HISTORY (ID_Employee, ID_Branch, StartDate, EndDate) VALUES (193, 15, '2024-09-23', NULL);
INSERT INTO EMP_BRANCH_HISTORY (ID_Employee, ID_Branch, StartDate, EndDate) VALUES (80, 6, '2024-12-04', NULL);
INSERT INTO EMP_BRANCH_HISTORY (ID_Employee, ID_Branch, StartDate, EndDate) VALUES (56, 7, '2023-04-18', NULL);
INSERT INTO EMP_BRANCH_HISTORY (ID_Employee, ID_Branch, StartDate, EndDate) VALUES (81, 4, '2024-07-09', NULL);
INSERT INTO EMP_BRANCH_HISTORY (ID_Employee, ID_Branch, StartDate, EndDate) VALUES (173, 6, '2024-04-03', NULL);
INSERT INTO EMP_BRANCH_HISTORY (ID_Employee, ID_Branch, StartDate, EndDate) VALUES (205, 5, '2024-06-16', NULL);
INSERT INTO EMP_BRANCH_HISTORY (ID_Employee, ID_Branch, StartDate, EndDate) VALUES (203, 14, '2023-01-09', NULL);
INSERT INTO EMP_BRANCH_HISTORY (ID_Employee, ID_Branch, StartDate, EndDate) VALUES (171, 4, '2024-04-16', NULL);
INSERT INTO EMP_BRANCH_HISTORY (ID_Employee, ID_Branch, StartDate, EndDate) VALUES (148, 6, '2023-12-06', NULL);
INSERT INTO EMP_BRANCH_HISTORY (ID_Employee, ID_Branch, StartDate, EndDate) VALUES (224, 8, '2023-01-24', NULL);
INSERT INTO EMP_BRANCH_HISTORY (ID_Employee, ID_Branch, StartDate, EndDate) VALUES (167, 8, '2023-03-11', NULL);
INSERT INTO EMP_BRANCH_HISTORY (ID_Employee, ID_Branch, StartDate, EndDate) VALUES (162, 10, '2023-10-30', NULL);
INSERT INTO EMP_BRANCH_HISTORY (ID_Employee, ID_Branch, StartDate, EndDate) VALUES (103, 10, '2023-11-12', '2024-12-18');
INSERT INTO EMP_BRANCH_HISTORY (ID_Employee, ID_Branch, StartDate, EndDate) VALUES (151, 3, '2024-11-10', NULL);
INSERT INTO EMP_BRANCH_HISTORY (ID_Employee, ID_Branch, StartDate, EndDate) VALUES (12, 10, '2024-08-20', '2024-12-18');
INSERT INTO EMP_BRANCH_HISTORY (ID_Employee, ID_Branch, StartDate, EndDate) VALUES (157, 3, '2023-06-22', NULL);
INSERT INTO EMP_BRANCH_HISTORY (ID_Employee, ID_Branch, StartDate, EndDate) VALUES (97, 9, '2024-08-16', NULL);
INSERT INTO EMP_BRANCH_HISTORY (ID_Employee, ID_Branch, StartDate, EndDate) VALUES (35, 15, '2024-09-12', NULL);
INSERT INTO EMP_BRANCH_HISTORY (ID_Employee, ID_Branch, StartDate, EndDate) VALUES (35, 10, '2024-12-03', '2024-12-18');
INSERT INTO EMP_BRANCH_HISTORY (ID_Employee, ID_Branch, StartDate, EndDate) VALUES (122, 6, '2023-12-14', NULL);
INSERT INTO EMP_BRANCH_HISTORY (ID_Employee, ID_Branch, StartDate, EndDate) VALUES (35, 2, '2023-06-28', NULL);
INSERT INTO EMP_BRANCH_HISTORY (ID_Employee, ID_Branch, StartDate, EndDate) VALUES (135, 4, '2024-11-01', NULL);
INSERT INTO EMP_BRANCH_HISTORY (ID_Employee, ID_Branch, StartDate, EndDate) VALUES (156, 2, '2023-02-13', NULL);
INSERT INTO EMP_BRANCH_HISTORY (ID_Employee, ID_Branch, StartDate, EndDate) VALUES (166, 9, '2023-05-25', NULL);
INSERT INTO EMP_BRANCH_HISTORY (ID_Employee, ID_Branch, StartDate, EndDate) VALUES (179, 6, '2024-10-30', NULL);
INSERT INTO EMP_BRANCH_HISTORY (ID_Employee, ID_Branch, StartDate, EndDate) VALUES (37, 1, '2024-05-30', NULL);
INSERT INTO EMP_BRANCH_HISTORY (ID_Employee, ID_Branch, StartDate, EndDate) VALUES (169, 7, '2023-06-04', NULL);
INSERT INTO EMP_BRANCH_HISTORY (ID_Employee, ID_Branch, StartDate, EndDate) VALUES (158, 4, '2024-02-12', '2024-12-18');
INSERT INTO EMP_BRANCH_HISTORY (ID_Employee, ID_Branch, StartDate, EndDate) VALUES (89, 1, '2024-09-02', NULL);
INSERT INTO EMP_BRANCH_HISTORY (ID_Employee, ID_Branch, StartDate, EndDate) VALUES (85, 2, '2024-09-19', NULL);
INSERT INTO EMP_BRANCH_HISTORY (ID_Employee, ID_Branch, StartDate, EndDate) VALUES (99, 6, '2023-11-30', NULL);
INSERT INTO EMP_BRANCH_HISTORY (ID_Employee, ID_Branch, StartDate, EndDate) VALUES (169, 2, '2022-12-29', NULL);
INSERT INTO EMP_BRANCH_HISTORY (ID_Employee, ID_Branch, StartDate, EndDate) VALUES (53, 13, '2024-02-17', NULL);
INSERT INTO EMP_BRANCH_HISTORY (ID_Employee, ID_Branch, StartDate, EndDate) VALUES (32, 10, '2024-06-10', NULL);
INSERT INTO EMP_BRANCH_HISTORY (ID_Employee, ID_Branch, StartDate, EndDate) VALUES (156, 15, '2024-12-04', NULL);
INSERT INTO EMP_BRANCH_HISTORY (ID_Employee, ID_Branch, StartDate, EndDate) VALUES (147, 6, '2024-04-26', NULL);
INSERT INTO EMP_BRANCH_HISTORY (ID_Employee, ID_Branch, StartDate, EndDate) VALUES (140, 13, '2024-12-12', NULL);
INSERT INTO EMP_BRANCH_HISTORY (ID_Employee, ID_Branch, StartDate, EndDate) VALUES (46, 7, '2023-04-19', NULL);
INSERT INTO EMP_BRANCH_HISTORY (ID_Employee, ID_Branch, StartDate, EndDate) VALUES (53, 15, '2024-08-21', NULL);
INSERT INTO EMP_BRANCH_HISTORY (ID_Employee, ID_Branch, StartDate, EndDate) VALUES (220, 15, '2022-12-19', NULL);
INSERT INTO EMP_BRANCH_HISTORY (ID_Employee, ID_Branch, StartDate, EndDate) VALUES (16, 2, '2023-04-28', NULL);
INSERT INTO EMP_BRANCH_HISTORY (ID_Employee, ID_Branch, StartDate, EndDate) VALUES (75, 5, '2024-05-06', NULL);
INSERT INTO EMP_BRANCH_HISTORY (ID_Employee, ID_Branch, StartDate, EndDate) VALUES (121, 9, '2023-03-04', NULL);
INSERT INTO EMP_BRANCH_HISTORY (ID_Employee, ID_Branch, StartDate, EndDate) VALUES (148, 5, '2023-02-20', NULL);
INSERT INTO EMP_BRANCH_HISTORY (ID_Employee, ID_Branch, StartDate, EndDate) VALUES (88, 3, '2024-03-02', NULL);
INSERT INTO EMP_BRANCH_HISTORY (ID_Employee, ID_Branch, StartDate, EndDate) VALUES (164, 9, '2024-07-06', NULL);
INSERT INTO EMP_BRANCH_HISTORY (ID_Employee, ID_Branch, StartDate, EndDate) VALUES (167, 12, '2023-01-08', NULL);
INSERT INTO EMP_BRANCH_HISTORY (ID_Employee, ID_Branch, StartDate, EndDate) VALUES (223, 14, '2024-07-26', NULL);
INSERT INTO EMP_BRANCH_HISTORY (ID_Employee, ID_Branch, StartDate, EndDate) VALUES (172, 2, '2024-09-19', NULL);
INSERT INTO EMP_BRANCH_HISTORY (ID_Employee, ID_Branch, StartDate, EndDate) VALUES (129, 11, '2024-06-25', NULL);
INSERT INTO EMP_BRANCH_HISTORY (ID_Employee, ID_Branch, StartDate, EndDate) VALUES (131, 9, '2024-02-10', NULL);
INSERT INTO EMP_BRANCH_HISTORY (ID_Employee, ID_Branch, StartDate, EndDate) VALUES (134, 7, '2024-07-06', NULL);
INSERT INTO EMP_BRANCH_HISTORY (ID_Employee, ID_Branch, StartDate, EndDate) VALUES (100, 7, '2023-02-21', NULL);
INSERT INTO EMP_BRANCH_HISTORY (ID_Employee, ID_Branch, StartDate, EndDate) VALUES (147, 8, '2023-06-08', NULL);
INSERT INTO EMP_BRANCH_HISTORY (ID_Employee, ID_Branch, StartDate, EndDate) VALUES (97, 12, '2023-07-19', NULL);
INSERT INTO EMP_BRANCH_HISTORY (ID_Employee, ID_Branch, StartDate, EndDate) VALUES (195, 14, '2023-05-18', NULL);
INSERT INTO EMP_BRANCH_HISTORY (ID_Employee, ID_Branch, StartDate, EndDate) VALUES (118, 15, '2023-10-20', NULL);
INSERT INTO EMP_BRANCH_HISTORY (ID_Employee, ID_Branch, StartDate, EndDate) VALUES (11, 3, '2023-10-13', NULL);
INSERT INTO EMP_BRANCH_HISTORY (ID_Employee, ID_Branch, StartDate, EndDate) VALUES (176, 8, '2023-08-11', NULL);
INSERT INTO EMP_BRANCH_HISTORY (ID_Employee, ID_Branch, StartDate, EndDate) VALUES (62, 13, '2024-04-29', NULL);
INSERT INTO EMP_BRANCH_HISTORY (ID_Employee, ID_Branch, StartDate, EndDate) VALUES (193, 3, '2023-11-30', NULL);
INSERT INTO EMP_BRANCH_HISTORY (ID_Employee, ID_Branch, StartDate, EndDate) VALUES (57, 1, '2024-01-20', NULL);
INSERT INTO EMP_BRANCH_HISTORY (ID_Employee, ID_Branch, StartDate, EndDate) VALUES (170, 4, '2023-05-05', NULL);
INSERT INTO EMP_BRANCH_HISTORY (ID_Employee, ID_Branch, StartDate, EndDate) VALUES (108, 12, '2023-07-27', NULL);
INSERT INTO EMP_BRANCH_HISTORY (ID_Employee, ID_Branch, StartDate, EndDate) VALUES (181, 1, '2023-06-08', NULL);
INSERT INTO EMP_BRANCH_HISTORY (ID_Employee, ID_Branch, StartDate, EndDate) VALUES (50, 6, '2023-02-23', NULL);
INSERT INTO EMP_BRANCH_HISTORY (ID_Employee, ID_Branch, StartDate, EndDate) VALUES (197, 1, '2023-07-03', NULL);
INSERT INTO EMP_BRANCH_HISTORY (ID_Employee, ID_Branch, StartDate, EndDate) VALUES (143, 10, '2023-12-20', NULL);
INSERT INTO EMP_BRANCH_HISTORY (ID_Employee, ID_Branch, StartDate, EndDate) VALUES (101, 13, '2024-05-07', NULL);
INSERT INTO EMP_BRANCH_HISTORY (ID_Employee, ID_Branch, StartDate, EndDate) VALUES (68, 3, '2023-08-09', NULL);
INSERT INTO EMP_BRANCH_HISTORY (ID_Employee, ID_Branch, StartDate, EndDate) VALUES (218, 10, '2023-03-08', NULL);
INSERT INTO EMP_BRANCH_HISTORY (ID_Employee, ID_Branch, StartDate, EndDate) VALUES (87, 6, '2023-04-21', NULL);
INSERT INTO EMP_BRANCH_HISTORY (ID_Employee, ID_Branch, StartDate, EndDate) VALUES (14, 15, '2023-05-03', NULL);
INSERT INTO EMP_BRANCH_HISTORY (ID_Employee, ID_Branch, StartDate, EndDate) VALUES (165, 13, '2023-03-27', NULL);
INSERT INTO EMP_BRANCH_HISTORY (ID_Employee, ID_Branch, StartDate, EndDate) VALUES (37, 2, '2023-10-30', NULL);
INSERT INTO EMP_BRANCH_HISTORY (ID_Employee, ID_Branch, StartDate, EndDate) VALUES (158, 1, '2024-08-29', NULL);
INSERT INTO PARKING (ID_Parking, Address, OpeningHour, CloseHour, ParkingType, ID_Branch) VALUES (1, '5721 Daniel Unions Apt. 295', '09:00:00', '20:00:00', 0, 7);
INSERT INTO PARKING (ID_Parking, Address, OpeningHour, CloseHour, ParkingType, ID_Branch) VALUES (2, '03892 King Green', '06:00:00', '23:00:00', 1, 11);
INSERT INTO PARKING (ID_Parking, Address, OpeningHour, CloseHour, ParkingType, ID_Branch) VALUES (3, '349 Crystal Locks', '06:00:00', '19:00:00', 0, 4);
INSERT INTO PARKING (ID_Parking, Address, OpeningHour, CloseHour, ParkingType, ID_Branch) VALUES (4, '6138 Jeremiah Mount', '12:00:00', '22:00:00', 1, 14);
INSERT INTO PARKING (ID_Parking, Address, OpeningHour, CloseHour, ParkingType, ID_Branch) VALUES (5, '8650 Murphy Squares Suite 737', '10:00:00', '21:00:00', 1, 15);
INSERT INTO PARKING (ID_Parking, Address, OpeningHour, CloseHour, ParkingType, ID_Branch) VALUES (6, '321 Hobbs Falls', '08:00:00', '19:00:00', 0, 6);
INSERT INTO PARKING (ID_Parking, Address, OpeningHour, CloseHour, ParkingType, ID_Branch) VALUES (7, '39019 Bruce Mission', '06:00:00', '20:00:00', 0, 1);
INSERT INTO PARKING (ID_Parking, Address, OpeningHour, CloseHour, ParkingType, ID_Branch) VALUES (8, '3263 Michael Inlet', '08:00:00', '23:00:00', 1, 15);
INSERT INTO PARKING (ID_Parking, Address, OpeningHour, CloseHour, ParkingType, ID_Branch) VALUES (9, '79454 Lawson Land', '11:00:00', '19:00:00', 1, 11);
INSERT INTO PARKING (ID_Parking, Address, OpeningHour, CloseHour, ParkingType, ID_Branch) VALUES (10, '040 Christina Parkway', '06:00:00', '23:00:00', 1, 7);
INSERT INTO PARKING (ID_Parking, Address, OpeningHour, CloseHour, ParkingType, ID_Branch) VALUES (11, '8793 Ryan Land Suite 949', '10:00:00', '21:00:00', 0, 1);
INSERT INTO PARKING (ID_Parking, Address, OpeningHour, CloseHour, ParkingType, ID_Branch) VALUES (12, '596 Elizabeth Lights Apt. 937', '06:00:00', '23:00:00', 1, 6);
INSERT INTO PARKING (ID_Parking, Address, OpeningHour, CloseHour, ParkingType, ID_Branch) VALUES (13, '952 Terrell Lock', '06:00:00', '23:00:00', 0, 9);
INSERT INTO PARKING (ID_Parking, Address, OpeningHour, CloseHour, ParkingType, ID_Branch) VALUES (14, '73225 James Pine Suite 778', '07:00:00', '21:00:00', 1, 8);
INSERT INTO PARKING (ID_Parking, Address, OpeningHour, CloseHour, ParkingType, ID_Branch) VALUES (15, '8064 Turner Mountain Suite 197', '08:00:00', '23:00:00', 1, 4);
INSERT INTO FOOD_TYPE (ID_Type, TypeName) VALUES (1, 'Rolls');
INSERT INTO FOOD_TYPE (ID_Type, TypeName) VALUES (2, 'Sashimi');
INSERT INTO FOOD_TYPE (ID_Type, TypeName) VALUES (3, 'Nigiri');
INSERT INTO FOOD_TYPE (ID_Type, TypeName) VALUES (4, 'Hand Rolls');
INSERT INTO FOOD_TYPE (ID_Type, TypeName) VALUES (5, 'Bento');
INSERT INTO FOOD_TYPE (ID_Type, TypeName) VALUES (6, 'Appetizers');
INSERT INTO FOOD_TYPE (ID_Type, TypeName) VALUES (7, 'Desserts');
INSERT INTO FOOD_TYPE (ID_Type, TypeName) VALUES (8, 'Beverages');
INSERT INTO FOOD_TYPE (ID_Type, TypeName) VALUES (9, 'Ramen');
INSERT INTO FOOD_TYPE (ID_Type, TypeName) VALUES (10, 'Donburi');
INSERT INTO FOOD_ITEM (ID_Food, FoodName, Price, isAreaRestricted, DeliverySafe, ID_Type) VALUES (1, 'California Roll', 842000, 0, 1, 1);
INSERT INTO FOOD_ITEM (ID_Food, FoodName, Price, isAreaRestricted, DeliverySafe, ID_Type) VALUES (2, 'Spicy Tuna Roll', 476000, 0, 1, 1);
INSERT INTO FOOD_ITEM (ID_Food, FoodName, Price, isAreaRestricted, DeliverySafe, ID_Type) VALUES (3, 'Dragon Roll', 547000, 0, 1, 1);
INSERT INTO FOOD_ITEM (ID_Food, FoodName, Price, isAreaRestricted, DeliverySafe, ID_Type) VALUES (4, 'Rainbow Roll', 593000, 0, 1, 1);
INSERT INTO FOOD_ITEM (ID_Food, FoodName, Price, isAreaRestricted, DeliverySafe, ID_Type) VALUES (5, 'Philadelphia Roll', 726000, 1, 1, 1);
INSERT INTO FOOD_ITEM (ID_Food, FoodName, Price, isAreaRestricted, DeliverySafe, ID_Type) VALUES (6, 'Tempura Roll', 864000, 0, 1, 1);
INSERT INTO FOOD_ITEM (ID_Food, FoodName, Price, isAreaRestricted, DeliverySafe, ID_Type) VALUES (7, 'Vegetarian Roll', 645000, 1, 1, 1);
INSERT INTO FOOD_ITEM (ID_Food, FoodName, Price, isAreaRestricted, DeliverySafe, ID_Type) VALUES (8, 'Salmon Sashimi', 300000, 0, 1, 2);
INSERT INTO FOOD_ITEM (ID_Food, FoodName, Price, isAreaRestricted, DeliverySafe, ID_Type) VALUES (9, 'Tuna Sashimi', 901000, 0, 0, 2);
INSERT INTO FOOD_ITEM (ID_Food, FoodName, Price, isAreaRestricted, DeliverySafe, ID_Type) VALUES (10, 'Yellowtail Sashimi', 328000, 0, 0, 2);
INSERT INTO FOOD_ITEM (ID_Food, FoodName, Price, isAreaRestricted, DeliverySafe, ID_Type) VALUES (11, 'Octopus Sashimi', 547000, 0, 1, 2);
INSERT INTO FOOD_ITEM (ID_Food, FoodName, Price, isAreaRestricted, DeliverySafe, ID_Type) VALUES (12, 'Snapper Sashimi', 764000, 0, 1, 2);
INSERT INTO FOOD_ITEM (ID_Food, FoodName, Price, isAreaRestricted, DeliverySafe, ID_Type) VALUES (13, 'Mackerel Sashimi', 871000, 0, 1, 2);
INSERT INTO FOOD_ITEM (ID_Food, FoodName, Price, isAreaRestricted, DeliverySafe, ID_Type) VALUES (14, 'Salmon Nigiri', 807000, 0, 1, 3);
INSERT INTO FOOD_ITEM (ID_Food, FoodName, Price, isAreaRestricted, DeliverySafe, ID_Type) VALUES (15, 'Tuna Nigiri', 677000, 0, 1, 3);
INSERT INTO FOOD_ITEM (ID_Food, FoodName, Price, isAreaRestricted, DeliverySafe, ID_Type) VALUES (16, 'Eel Nigiri', 97000, 0, 1, 3);
INSERT INTO FOOD_ITEM (ID_Food, FoodName, Price, isAreaRestricted, DeliverySafe, ID_Type) VALUES (17, 'Shrimp Nigiri', 785000, 0, 1, 3);
INSERT INTO FOOD_ITEM (ID_Food, FoodName, Price, isAreaRestricted, DeliverySafe, ID_Type) VALUES (18, 'Egg Nigiri', 142000, 0, 1, 3);
INSERT INTO FOOD_ITEM (ID_Food, FoodName, Price, isAreaRestricted, DeliverySafe, ID_Type) VALUES (19, 'Crab Nigiri', 448000, 0, 1, 3);
INSERT INTO FOOD_ITEM (ID_Food, FoodName, Price, isAreaRestricted, DeliverySafe, ID_Type) VALUES (20, 'Spicy Tuna Hand Roll', 903000, 0, 1, 4);
INSERT INTO FOOD_ITEM (ID_Food, FoodName, Price, isAreaRestricted, DeliverySafe, ID_Type) VALUES (21, 'California Hand Roll', 608000, 0, 1, 4);
INSERT INTO FOOD_ITEM (ID_Food, FoodName, Price, isAreaRestricted, DeliverySafe, ID_Type) VALUES (22, 'Salmon Avocado Hand Roll', 684000, 1, 1, 4);
INSERT INTO FOOD_ITEM (ID_Food, FoodName, Price, isAreaRestricted, DeliverySafe, ID_Type) VALUES (23, 'Vegetable Hand Roll', 456000, 0, 0, 4);
INSERT INTO FOOD_ITEM (ID_Food, FoodName, Price, isAreaRestricted, DeliverySafe, ID_Type) VALUES (24, 'Shrimp Tempura Hand Roll', 144000, 0, 1, 4);
INSERT INTO FOOD_ITEM (ID_Food, FoodName, Price, isAreaRestricted, DeliverySafe, ID_Type) VALUES (25, 'Chicken Teriyaki Bento', 316000, 0, 1, 5);
INSERT INTO FOOD_ITEM (ID_Food, FoodName, Price, isAreaRestricted, DeliverySafe, ID_Type) VALUES (26, 'Salmon Teriyaki Bento', 746000, 1, 1, 5);
INSERT INTO FOOD_ITEM (ID_Food, FoodName, Price, isAreaRestricted, DeliverySafe, ID_Type) VALUES (27, 'Beef Bulgogi Bento', 814000, 0, 1, 5);
INSERT INTO FOOD_ITEM (ID_Food, FoodName, Price, isAreaRestricted, DeliverySafe, ID_Type) VALUES (28, 'Vegetarian Bento', 639000, 0, 1, 5);
INSERT INTO FOOD_ITEM (ID_Food, FoodName, Price, isAreaRestricted, DeliverySafe, ID_Type) VALUES (29, 'Edamame', 129000, 0, 1, 6);
INSERT INTO FOOD_ITEM (ID_Food, FoodName, Price, isAreaRestricted, DeliverySafe, ID_Type) VALUES (30, 'Gyoza', 262000, 0, 1, 6);
INSERT INTO FOOD_ITEM (ID_Food, FoodName, Price, isAreaRestricted, DeliverySafe, ID_Type) VALUES (31, 'Seaweed Salad', 242000, 0, 0, 6);
INSERT INTO FOOD_ITEM (ID_Food, FoodName, Price, isAreaRestricted, DeliverySafe, ID_Type) VALUES (32, 'Takoyaki', 907000, 1, 1, 6);
INSERT INTO FOOD_ITEM (ID_Food, FoodName, Price, isAreaRestricted, DeliverySafe, ID_Type) VALUES (33, 'Agedashi Tofu', 991000, 0, 1, 6);
INSERT INTO FOOD_ITEM (ID_Food, FoodName, Price, isAreaRestricted, DeliverySafe, ID_Type) VALUES (34, 'Miso Soup', 543000, 0, 1, 6);
INSERT INTO FOOD_ITEM (ID_Food, FoodName, Price, isAreaRestricted, DeliverySafe, ID_Type) VALUES (35, 'Spring Rolls', 183000, 1, 1, 6);
INSERT INTO FOOD_ITEM (ID_Food, FoodName, Price, isAreaRestricted, DeliverySafe, ID_Type) VALUES (36, 'Mochi Ice Cream', 154000, 0, 1, 7);
INSERT INTO FOOD_ITEM (ID_Food, FoodName, Price, isAreaRestricted, DeliverySafe, ID_Type) VALUES (37, 'Green Tea Cheesecake', 610000, 0, 1, 7);
INSERT INTO FOOD_ITEM (ID_Food, FoodName, Price, isAreaRestricted, DeliverySafe, ID_Type) VALUES (38, 'Dorayaki', 531000, 1, 1, 7);
INSERT INTO FOOD_ITEM (ID_Food, FoodName, Price, isAreaRestricted, DeliverySafe, ID_Type) VALUES (39, 'Matcha Panna Cotta', 989000, 0, 0, 7);
INSERT INTO FOOD_ITEM (ID_Food, FoodName, Price, isAreaRestricted, DeliverySafe, ID_Type) VALUES (40, 'Sesame Balls', 334000, 0, 1, 7);
INSERT INTO FOOD_ITEM (ID_Food, FoodName, Price, isAreaRestricted, DeliverySafe, ID_Type) VALUES (41, 'Green Tea', 283000, 1, 0, 8);
INSERT INTO FOOD_ITEM (ID_Food, FoodName, Price, isAreaRestricted, DeliverySafe, ID_Type) VALUES (42, 'Sake', 535000, 0, 0, 8);
INSERT INTO FOOD_ITEM (ID_Food, FoodName, Price, isAreaRestricted, DeliverySafe, ID_Type) VALUES (43, 'Plum Wine', 305000, 0, 0, 8);
INSERT INTO FOOD_ITEM (ID_Food, FoodName, Price, isAreaRestricted, DeliverySafe, ID_Type) VALUES (44, 'Ramune Soda', 763000, 0, 1, 8);
INSERT INTO FOOD_ITEM (ID_Food, FoodName, Price, isAreaRestricted, DeliverySafe, ID_Type) VALUES (45, 'Matcha Latte', 354000, 1, 1, 8);
INSERT INTO FOOD_ITEM (ID_Food, FoodName, Price, isAreaRestricted, DeliverySafe, ID_Type) VALUES (46, 'Iced Oolong Tea', 721000, 0, 1, 8);
INSERT INTO FOOD_ITEM (ID_Food, FoodName, Price, isAreaRestricted, DeliverySafe, ID_Type) VALUES (47, 'Shoyu Ramen', 726000, 0, 1, 9);
INSERT INTO FOOD_ITEM (ID_Food, FoodName, Price, isAreaRestricted, DeliverySafe, ID_Type) VALUES (48, 'Miso Ramen', 736000, 0, 1, 9);
INSERT INTO FOOD_ITEM (ID_Food, FoodName, Price, isAreaRestricted, DeliverySafe, ID_Type) VALUES (49, 'Tonkotsu Ramen', 333000, 0, 1, 9);
INSERT INTO FOOD_ITEM (ID_Food, FoodName, Price, isAreaRestricted, DeliverySafe, ID_Type) VALUES (50, 'Spicy Chicken Ramen', 534000, 1, 0, 9);
INSERT INTO FOOD_ITEM (ID_Food, FoodName, Price, isAreaRestricted, DeliverySafe, ID_Type) VALUES (51, 'Vegetable Ramen', 960000, 0, 0, 9);
INSERT INTO FOOD_ITEM (ID_Food, FoodName, Price, isAreaRestricted, DeliverySafe, ID_Type) VALUES (52, 'Seafood Ramen', 742000, 0, 1, 9);
INSERT INTO FOOD_ITEM (ID_Food, FoodName, Price, isAreaRestricted, DeliverySafe, ID_Type) VALUES (53, 'Gyudon (Beef Bowl)', 725000, 0, 0, 10);
INSERT INTO FOOD_ITEM (ID_Food, FoodName, Price, isAreaRestricted, DeliverySafe, ID_Type) VALUES (54, 'Katsudon (Pork Cutlet Bowl)', 679000, 1, 0, 10);
INSERT INTO FOOD_ITEM (ID_Food, FoodName, Price, isAreaRestricted, DeliverySafe, ID_Type) VALUES (55, 'Oyakodon (Chicken and Egg Bowl)', 793000, 0, 1, 10);
INSERT INTO FOOD_ITEM (ID_Food, FoodName, Price, isAreaRestricted, DeliverySafe, ID_Type) VALUES (56, 'Unadon (Eel Bowl)', 120000, 0, 1, 10);
INSERT INTO FOOD_ITEM (ID_Food, FoodName, Price, isAreaRestricted, DeliverySafe, ID_Type) VALUES (57, 'Tekka Don (Tuna Bowl)', 937000, 0, 0, 10);
INSERT INTO FOOD_ITEM (ID_Food, FoodName, Price, isAreaRestricted, DeliverySafe, ID_Type) VALUES (58, 'Chirashi Don (Scattered Sushi Bowl)', 397000, 0, 1, 10);
INSERT INTO AREA_SPECIFIC_FOOD (ID_Area, ID_Food) VALUES (4, 7);
INSERT INTO AREA_SPECIFIC_FOOD (ID_Area, ID_Food) VALUES (5, 5);
INSERT INTO AREA_SPECIFIC_FOOD (ID_Area, ID_Food) VALUES (3, 7);
INSERT INTO AREA_SPECIFIC_FOOD (ID_Area, ID_Food) VALUES (2, 54);
INSERT INTO AREA_SPECIFIC_FOOD (ID_Area, ID_Food) VALUES (5, 41);
INSERT INTO AREA_SPECIFIC_FOOD (ID_Area, ID_Food) VALUES (1, 32);
INSERT INTO AREA_SPECIFIC_FOOD (ID_Area, ID_Food) VALUES (5, 45);
INSERT INTO AREA_SPECIFIC_FOOD (ID_Area, ID_Food) VALUES (1, 7);
INSERT INTO AREA_SPECIFIC_FOOD (ID_Area, ID_Food) VALUES (3, 50);
INSERT INTO AREA_SPECIFIC_FOOD (ID_Area, ID_Food) VALUES (2, 22);
INSERT INTO AREA_SPECIFIC_FOOD (ID_Area, ID_Food) VALUES (4, 32);
INSERT INTO AREA_SPECIFIC_FOOD (ID_Area, ID_Food) VALUES (5, 22);
INSERT INTO AREA_SPECIFIC_FOOD (ID_Area, ID_Food) VALUES (3, 38);
INSERT INTO AREA_SPECIFIC_FOOD (ID_Area, ID_Food) VALUES (1, 50);
INSERT INTO AREA_SPECIFIC_FOOD (ID_Area, ID_Food) VALUES (4, 35);
INSERT INTO AREA_SPECIFIC_FOOD (ID_Area, ID_Food) VALUES (3, 5);
INSERT INTO AREA_SPECIFIC_FOOD (ID_Area, ID_Food) VALUES (4, 26);
INSERT INTO AREA_SPECIFIC_FOOD (ID_Area, ID_Food) VALUES (3, 22);
INSERT INTO AREA_SPECIFIC_FOOD (ID_Area, ID_Food) VALUES (1, 5);
INSERT INTO AREA_SPECIFIC_FOOD (ID_Area, ID_Food) VALUES (2, 45);
INSERT INTO AREA_SPECIFIC_FOOD (ID_Area, ID_Food) VALUES (2, 5);
INSERT INTO AREA_SPECIFIC_FOOD (ID_Area, ID_Food) VALUES (1, 22);
INSERT INTO AREA_SPECIFIC_FOOD (ID_Area, ID_Food) VALUES (3, 54);
INSERT INTO AREA_SPECIFIC_FOOD (ID_Area, ID_Food) VALUES (5, 7);
INSERT INTO AREA_SPECIFIC_FOOD (ID_Area, ID_Food) VALUES (1, 26);
INSERT INTO AREA_SPECIFIC_FOOD (ID_Area, ID_Food) VALUES (4, 22);
INSERT INTO AREA_SPECIFIC_FOOD (ID_Area, ID_Food) VALUES (4, 54);
INSERT INTO AREA_SPECIFIC_FOOD (ID_Area, ID_Food) VALUES (4, 41);
INSERT INTO AREA_SPECIFIC_FOOD (ID_Area, ID_Food) VALUES (4, 50);
INSERT INTO AREA_SPECIFIC_FOOD (ID_Area, ID_Food) VALUES (5, 54);
INSERT INTO AREA_SPECIFIC_FOOD (ID_Area, ID_Food) VALUES (1, 45);
INSERT INTO AREA_SPECIFIC_FOOD (ID_Area, ID_Food) VALUES (2, 38);
INSERT INTO AREA_SPECIFIC_FOOD (ID_Area, ID_Food) VALUES (1, 38);
INSERT INTO AREA_SPECIFIC_FOOD (ID_Area, ID_Food) VALUES (3, 35);
INSERT INTO AREA_SPECIFIC_FOOD (ID_Area, ID_Food) VALUES (3, 41);
INSERT INTO AREA_SPECIFIC_FOOD (ID_Area, ID_Food) VALUES (2, 41);
INSERT INTO AREA_SPECIFIC_FOOD (ID_Area, ID_Food) VALUES (4, 45);
INSERT INTO AREA_SPECIFIC_FOOD (ID_Area, ID_Food) VALUES (1, 54);
INSERT INTO AREA_SPECIFIC_FOOD (ID_Area, ID_Food) VALUES (2, 50);
INSERT INTO AREA_SPECIFIC_FOOD (ID_Area, ID_Food) VALUES (2, 32);
INSERT INTO BRANCH_FOOD (ID_BranchFood, Available, ID_Branch, ID_Food) VALUES (1, 1, 13, 25);
INSERT INTO BRANCH_FOOD (ID_BranchFood, Available, ID_Branch, ID_Food) VALUES (2, 1, 14, 14);
INSERT INTO BRANCH_FOOD (ID_BranchFood, Available, ID_Branch, ID_Food) VALUES (3, 1, 15, 28);
INSERT INTO BRANCH_FOOD (ID_BranchFood, Available, ID_Branch, ID_Food) VALUES (4, 1, 1, 33);
INSERT INTO BRANCH_FOOD (ID_BranchFood, Available, ID_Branch, ID_Food) VALUES (5, 0, 6, 18);
INSERT INTO BRANCH_FOOD (ID_BranchFood, Available, ID_Branch, ID_Food) VALUES (6, 0, 14, 49);
INSERT INTO BRANCH_FOOD (ID_BranchFood, Available, ID_Branch, ID_Food) VALUES (7, 0, 8, 10);
INSERT INTO BRANCH_FOOD (ID_BranchFood, Available, ID_Branch, ID_Food) VALUES (8, 1, 14, 39);
INSERT INTO BRANCH_FOOD (ID_BranchFood, Available, ID_Branch, ID_Food) VALUES (9, 1, 8, 17);
INSERT INTO BRANCH_FOOD (ID_BranchFood, Available, ID_Branch, ID_Food) VALUES (10, 0, 4, 28);
INSERT INTO BRANCH_FOOD (ID_BranchFood, Available, ID_Branch, ID_Food) VALUES (11, 1, 3, 46);
INSERT INTO BRANCH_FOOD (ID_BranchFood, Available, ID_Branch, ID_Food) VALUES (12, 1, 8, 53);
INSERT INTO BRANCH_FOOD (ID_BranchFood, Available, ID_Branch, ID_Food) VALUES (13, 0, 15, 32);
INSERT INTO BRANCH_FOOD (ID_BranchFood, Available, ID_Branch, ID_Food) VALUES (14, 1, 2, 19);
INSERT INTO BRANCH_FOOD (ID_BranchFood, Available, ID_Branch, ID_Food) VALUES (15, 1, 9, 43);
INSERT INTO BRANCH_FOOD (ID_BranchFood, Available, ID_Branch, ID_Food) VALUES (16, 0, 15, 4);
INSERT INTO BRANCH_FOOD (ID_BranchFood, Available, ID_Branch, ID_Food) VALUES (17, 1, 12, 24);
INSERT INTO BRANCH_FOOD (ID_BranchFood, Available, ID_Branch, ID_Food) VALUES (18, 1, 8, 31);
INSERT INTO BRANCH_FOOD (ID_BranchFood, Available, ID_Branch, ID_Food) VALUES (19, 1, 5, 53);
INSERT INTO BRANCH_FOOD (ID_BranchFood, Available, ID_Branch, ID_Food) VALUES (20, 1, 12, 48);
INSERT INTO BRANCH_FOOD (ID_BranchFood, Available, ID_Branch, ID_Food) VALUES (21, 1, 1, 6);
INSERT INTO BRANCH_FOOD (ID_BranchFood, Available, ID_Branch, ID_Food) VALUES (22, 1, 11, 43);
INSERT INTO BRANCH_FOOD (ID_BranchFood, Available, ID_Branch, ID_Food) VALUES (23, 0, 11, 23);
INSERT INTO BRANCH_FOOD (ID_BranchFood, Available, ID_Branch, ID_Food) VALUES (24, 0, 9, 50);
INSERT INTO BRANCH_FOOD (ID_BranchFood, Available, ID_Branch, ID_Food) VALUES (25, 1, 6, 2);
INSERT INTO BRANCH_FOOD (ID_BranchFood, Available, ID_Branch, ID_Food) VALUES (26, 1, 12, 54);
INSERT INTO BRANCH_FOOD (ID_BranchFood, Available, ID_Branch, ID_Food) VALUES (27, 1, 7, 52);
INSERT INTO BRANCH_FOOD (ID_BranchFood, Available, ID_Branch, ID_Food) VALUES (28, 1, 2, 10);
INSERT INTO BRANCH_FOOD (ID_BranchFood, Available, ID_Branch, ID_Food) VALUES (29, 1, 13, 2);
INSERT INTO BRANCH_FOOD (ID_BranchFood, Available, ID_Branch, ID_Food) VALUES (30, 1, 11, 27);
INSERT INTO BRANCH_FOOD (ID_BranchFood, Available, ID_Branch, ID_Food) VALUES (31, 1, 10, 43);
INSERT INTO BRANCH_FOOD (ID_BranchFood, Available, ID_Branch, ID_Food) VALUES (32, 1, 4, 16);
INSERT INTO BRANCH_FOOD (ID_BranchFood, Available, ID_Branch, ID_Food) VALUES (33, 1, 15, 27);
INSERT INTO BRANCH_FOOD (ID_BranchFood, Available, ID_Branch, ID_Food) VALUES (34, 1, 14, 44);
INSERT INTO BRANCH_FOOD (ID_BranchFood, Available, ID_Branch, ID_Food) VALUES (35, 0, 7, 39);
INSERT INTO BRANCH_FOOD (ID_BranchFood, Available, ID_Branch, ID_Food) VALUES (36, 1, 3, 56);
INSERT INTO BRANCH_FOOD (ID_BranchFood, Available, ID_Branch, ID_Food) VALUES (37, 1, 5, 21);
INSERT INTO BRANCH_FOOD (ID_BranchFood, Available, ID_Branch, ID_Food) VALUES (38, 1, 1, 12);
INSERT INTO BRANCH_FOOD (ID_BranchFood, Available, ID_Branch, ID_Food) VALUES (39, 1, 12, 2);
INSERT INTO BRANCH_FOOD (ID_BranchFood, Available, ID_Branch, ID_Food) VALUES (40, 1, 2, 31);
INSERT INTO BRANCH_FOOD (ID_BranchFood, Available, ID_Branch, ID_Food) VALUES (41, 0, 14, 45);
INSERT INTO BRANCH_FOOD (ID_BranchFood, Available, ID_Branch, ID_Food) VALUES (42, 1, 7, 26);
INSERT INTO BRANCH_FOOD (ID_BranchFood, Available, ID_Branch, ID_Food) VALUES (43, 1, 11, 1);
INSERT INTO BRANCH_FOOD (ID_BranchFood, Available, ID_Branch, ID_Food) VALUES (44, 1, 9, 8);
INSERT INTO BRANCH_FOOD (ID_BranchFood, Available, ID_Branch, ID_Food) VALUES (45, 1, 2, 41);
INSERT INTO BRANCH_FOOD (ID_BranchFood, Available, ID_Branch, ID_Food) VALUES (46, 0, 11, 51);
INSERT INTO BRANCH_FOOD (ID_BranchFood, Available, ID_Branch, ID_Food) VALUES (47, 1, 12, 15);
INSERT INTO BRANCH_FOOD (ID_BranchFood, Available, ID_Branch, ID_Food) VALUES (48, 1, 11, 19);
INSERT INTO BRANCH_FOOD (ID_BranchFood, Available, ID_Branch, ID_Food) VALUES (49, 1, 2, 8);
INSERT INTO BRANCH_FOOD (ID_BranchFood, Available, ID_Branch, ID_Food) VALUES (50, 1, 8, 16);
INSERT INTO BRANCH_FOOD (ID_BranchFood, Available, ID_Branch, ID_Food) VALUES (51, 1, 10, 29);
INSERT INTO BRANCH_FOOD (ID_BranchFood, Available, ID_Branch, ID_Food) VALUES (52, 1, 13, 49);
INSERT INTO BRANCH_FOOD (ID_BranchFood, Available, ID_Branch, ID_Food) VALUES (53, 1, 8, 58);
INSERT INTO BRANCH_FOOD (ID_BranchFood, Available, ID_Branch, ID_Food) VALUES (54, 1, 9, 34);
INSERT INTO BRANCH_FOOD (ID_BranchFood, Available, ID_Branch, ID_Food) VALUES (55, 1, 6, 10);
INSERT INTO BRANCH_FOOD (ID_BranchFood, Available, ID_Branch, ID_Food) VALUES (56, 1, 2, 6);
INSERT INTO BRANCH_FOOD (ID_BranchFood, Available, ID_Branch, ID_Food) VALUES (57, 1, 9, 49);
INSERT INTO BRANCH_FOOD (ID_BranchFood, Available, ID_Branch, ID_Food) VALUES (58, 1, 5, 3);
INSERT INTO BRANCH_FOOD (ID_BranchFood, Available, ID_Branch, ID_Food) VALUES (59, 1, 8, 11);
INSERT INTO BRANCH_FOOD (ID_BranchFood, Available, ID_Branch, ID_Food) VALUES (60, 1, 4, 41);
INSERT INTO BRANCH_FOOD (ID_BranchFood, Available, ID_Branch, ID_Food) VALUES (61, 1, 10, 30);
INSERT INTO BRANCH_FOOD (ID_BranchFood, Available, ID_Branch, ID_Food) VALUES (62, 1, 1, 41);
INSERT INTO BRANCH_FOOD (ID_BranchFood, Available, ID_Branch, ID_Food) VALUES (63, 1, 7, 40);
INSERT INTO BRANCH_FOOD (ID_BranchFood, Available, ID_Branch, ID_Food) VALUES (64, 1, 6, 58);
INSERT INTO BRANCH_FOOD (ID_BranchFood, Available, ID_Branch, ID_Food) VALUES (65, 1, 14, 27);
INSERT INTO BRANCH_FOOD (ID_BranchFood, Available, ID_Branch, ID_Food) VALUES (66, 1, 8, 9);
INSERT INTO BRANCH_FOOD (ID_BranchFood, Available, ID_Branch, ID_Food) VALUES (67, 1, 7, 38);
INSERT INTO BRANCH_FOOD (ID_BranchFood, Available, ID_Branch, ID_Food) VALUES (68, 1, 12, 5);
INSERT INTO BRANCH_FOOD (ID_BranchFood, Available, ID_Branch, ID_Food) VALUES (69, 1, 10, 47);
INSERT INTO BRANCH_FOOD (ID_BranchFood, Available, ID_Branch, ID_Food) VALUES (70, 1, 11, 33);
INSERT INTO BRANCH_FOOD (ID_BranchFood, Available, ID_Branch, ID_Food) VALUES (71, 1, 14, 20);
INSERT INTO BRANCH_FOOD (ID_BranchFood, Available, ID_Branch, ID_Food) VALUES (72, 1, 4, 7);
INSERT INTO BRANCH_FOOD (ID_BranchFood, Available, ID_Branch, ID_Food) VALUES (73, 1, 5, 42);
INSERT INTO BRANCH_FOOD (ID_BranchFood, Available, ID_Branch, ID_Food) VALUES (74, 1, 8, 34);
INSERT INTO BRANCH_FOOD (ID_BranchFood, Available, ID_Branch, ID_Food) VALUES (75, 1, 13, 6);
INSERT INTO BRANCH_FOOD (ID_BranchFood, Available, ID_Branch, ID_Food) VALUES (76, 1, 2, 45);
INSERT INTO BRANCH_FOOD (ID_BranchFood, Available, ID_Branch, ID_Food) VALUES (77, 1, 11, 12);
INSERT INTO BRANCH_FOOD (ID_BranchFood, Available, ID_Branch, ID_Food) VALUES (78, 1, 11, 55);
INSERT INTO BRANCH_FOOD (ID_BranchFood, Available, ID_Branch, ID_Food) VALUES (79, 1, 1, 50);
INSERT INTO BRANCH_FOOD (ID_BranchFood, Available, ID_Branch, ID_Food) VALUES (80, 0, 9, 25);
INSERT INTO BRANCH_FOOD (ID_BranchFood, Available, ID_Branch, ID_Food) VALUES (81, 1, 3, 1);
INSERT INTO BRANCH_FOOD (ID_BranchFood, Available, ID_Branch, ID_Food) VALUES (82, 1, 8, 4);
INSERT INTO BRANCH_FOOD (ID_BranchFood, Available, ID_Branch, ID_Food) VALUES (83, 1, 15, 29);
INSERT INTO BRANCH_FOOD (ID_BranchFood, Available, ID_Branch, ID_Food) VALUES (84, 1, 6, 6);
INSERT INTO BRANCH_FOOD (ID_BranchFood, Available, ID_Branch, ID_Food) VALUES (85, 1, 12, 36);
INSERT INTO BRANCH_FOOD (ID_BranchFood, Available, ID_Branch, ID_Food) VALUES (86, 1, 10, 7);
INSERT INTO BRANCH_FOOD (ID_BranchFood, Available, ID_Branch, ID_Food) VALUES (87, 0, 15, 17);
INSERT INTO BRANCH_FOOD (ID_BranchFood, Available, ID_Branch, ID_Food) VALUES (88, 0, 14, 12);
INSERT INTO BRANCH_FOOD (ID_BranchFood, Available, ID_Branch, ID_Food) VALUES (89, 1, 12, 9);
INSERT INTO BRANCH_FOOD (ID_BranchFood, Available, ID_Branch, ID_Food) VALUES (90, 1, 13, 30);
INSERT INTO BRANCH_FOOD (ID_BranchFood, Available, ID_Branch, ID_Food) VALUES (91, 1, 2, 30);
INSERT INTO BRANCH_FOOD (ID_BranchFood, Available, ID_Branch, ID_Food) VALUES (92, 1, 8, 28);
INSERT INTO BRANCH_FOOD (ID_BranchFood, Available, ID_Branch, ID_Food) VALUES (93, 1, 3, 9);
INSERT INTO BRANCH_FOOD (ID_BranchFood, Available, ID_Branch, ID_Food) VALUES (94, 1, 8, 14);
INSERT INTO BRANCH_FOOD (ID_BranchFood, Available, ID_Branch, ID_Food) VALUES (95, 1, 12, 4);
INSERT INTO BRANCH_FOOD (ID_BranchFood, Available, ID_Branch, ID_Food) VALUES (96, 1, 1, 21);
INSERT INTO BRANCH_FOOD (ID_BranchFood, Available, ID_Branch, ID_Food) VALUES (97, 0, 6, 28);
INSERT INTO BRANCH_FOOD (ID_BranchFood, Available, ID_Branch, ID_Food) VALUES (98, 0, 8, 52);
INSERT INTO BRANCH_FOOD (ID_BranchFood, Available, ID_Branch, ID_Food) VALUES (99, 1, 15, 21);
INSERT INTO BRANCH_FOOD (ID_BranchFood, Available, ID_Branch, ID_Food) VALUES (100, 1, 7, 7);
INSERT INTO BRANCH_FOOD (ID_BranchFood, Available, ID_Branch, ID_Food) VALUES (101, 1, 10, 4);
INSERT INTO BRANCH_FOOD (ID_BranchFood, Available, ID_Branch, ID_Food) VALUES (102, 1, 12, 46);
INSERT INTO BRANCH_FOOD (ID_BranchFood, Available, ID_Branch, ID_Food) VALUES (103, 1, 15, 43);
INSERT INTO BRANCH_FOOD (ID_BranchFood, Available, ID_Branch, ID_Food) VALUES (104, 1, 2, 15);
INSERT INTO BRANCH_FOOD (ID_BranchFood, Available, ID_Branch, ID_Food) VALUES (105, 1, 8, 39);
INSERT INTO BRANCH_FOOD (ID_BranchFood, Available, ID_Branch, ID_Food) VALUES (106, 0, 11, 15);
INSERT INTO BRANCH_FOOD (ID_BranchFood, Available, ID_Branch, ID_Food) VALUES (107, 1, 4, 17);
INSERT INTO BRANCH_FOOD (ID_BranchFood, Available, ID_Branch, ID_Food) VALUES (108, 1, 2, 57);
INSERT INTO BRANCH_FOOD (ID_BranchFood, Available, ID_Branch, ID_Food) VALUES (109, 1, 11, 57);
INSERT INTO BRANCH_FOOD (ID_BranchFood, Available, ID_Branch, ID_Food) VALUES (110, 1, 13, 24);
INSERT INTO BRANCH_FOOD (ID_BranchFood, Available, ID_Branch, ID_Food) VALUES (111, 1, 9, 58);
INSERT INTO BRANCH_FOOD (ID_BranchFood, Available, ID_Branch, ID_Food) VALUES (112, 1, 1, 13);
INSERT INTO BRANCH_FOOD (ID_BranchFood, Available, ID_Branch, ID_Food) VALUES (113, 1, 3, 3);
INSERT INTO BRANCH_FOOD (ID_BranchFood, Available, ID_Branch, ID_Food) VALUES (114, 1, 14, 57);
INSERT INTO BRANCH_FOOD (ID_BranchFood, Available, ID_Branch, ID_Food) VALUES (115, 1, 15, 24);
INSERT INTO BRANCH_FOOD (ID_BranchFood, Available, ID_Branch, ID_Food) VALUES (116, 1, 12, 43);
INSERT INTO BRANCH_FOOD (ID_BranchFood, Available, ID_Branch, ID_Food) VALUES (117, 1, 5, 4);
INSERT INTO BRANCH_FOOD (ID_BranchFood, Available, ID_Branch, ID_Food) VALUES (118, 0, 10, 11);
INSERT INTO BRANCH_FOOD (ID_BranchFood, Available, ID_Branch, ID_Food) VALUES (119, 1, 13, 23);
INSERT INTO BRANCH_FOOD (ID_BranchFood, Available, ID_Branch, ID_Food) VALUES (120, 1, 1, 53);
INSERT INTO BRANCH_FOOD (ID_BranchFood, Available, ID_Branch, ID_Food) VALUES (121, 0, 15, 3);
INSERT INTO BRANCH_FOOD (ID_BranchFood, Available, ID_Branch, ID_Food) VALUES (122, 1, 12, 55);
INSERT INTO BRANCH_FOOD (ID_BranchFood, Available, ID_Branch, ID_Food) VALUES (123, 0, 8, 2);
INSERT INTO BRANCH_FOOD (ID_BranchFood, Available, ID_Branch, ID_Food) VALUES (124, 1, 10, 2);
INSERT INTO BRANCH_FOOD (ID_BranchFood, Available, ID_Branch, ID_Food) VALUES (125, 1, 8, 37);
INSERT INTO BRANCH_FOOD (ID_BranchFood, Available, ID_Branch, ID_Food) VALUES (126, 1, 5, 6);
INSERT INTO BRANCH_FOOD (ID_BranchFood, Available, ID_Branch, ID_Food) VALUES (127, 1, 5, 35);
INSERT INTO BRANCH_FOOD (ID_BranchFood, Available, ID_Branch, ID_Food) VALUES (128, 1, 7, 51);
INSERT INTO BRANCH_FOOD (ID_BranchFood, Available, ID_Branch, ID_Food) VALUES (129, 1, 15, 25);
INSERT INTO BRANCH_FOOD (ID_BranchFood, Available, ID_Branch, ID_Food) VALUES (130, 0, 11, 13);
INSERT INTO BRANCH_FOOD (ID_BranchFood, Available, ID_Branch, ID_Food) VALUES (131, 0, 5, 56);
INSERT INTO BRANCH_FOOD (ID_BranchFood, Available, ID_Branch, ID_Food) VALUES (132, 0, 5, 16);
INSERT INTO BRANCH_FOOD (ID_BranchFood, Available, ID_Branch, ID_Food) VALUES (133, 1, 8, 21);
INSERT INTO BRANCH_FOOD (ID_BranchFood, Available, ID_Branch, ID_Food) VALUES (134, 1, 5, 51);
INSERT INTO BRANCH_FOOD (ID_BranchFood, Available, ID_Branch, ID_Food) VALUES (135, 1, 15, 6);
INSERT INTO BRANCH_FOOD (ID_BranchFood, Available, ID_Branch, ID_Food) VALUES (136, 1, 3, 38);
INSERT INTO BRANCH_FOOD (ID_BranchFood, Available, ID_Branch, ID_Food) VALUES (137, 1, 9, 45);
INSERT INTO BRANCH_FOOD (ID_BranchFood, Available, ID_Branch, ID_Food) VALUES (138, 0, 12, 30);
INSERT INTO BRANCH_FOOD (ID_BranchFood, Available, ID_Branch, ID_Food) VALUES (139, 1, 7, 16);
INSERT INTO BRANCH_FOOD (ID_BranchFood, Available, ID_Branch, ID_Food) VALUES (140, 1, 4, 15);
INSERT INTO BRANCH_FOOD (ID_BranchFood, Available, ID_Branch, ID_Food) VALUES (141, 1, 4, 30);
INSERT INTO BRANCH_FOOD (ID_BranchFood, Available, ID_Branch, ID_Food) VALUES (142, 1, 15, 35);
INSERT INTO BRANCH_FOOD (ID_BranchFood, Available, ID_Branch, ID_Food) VALUES (143, 1, 13, 48);
INSERT INTO BRANCH_FOOD (ID_BranchFood, Available, ID_Branch, ID_Food) VALUES (144, 1, 13, 14);
INSERT INTO BRANCH_FOOD (ID_BranchFood, Available, ID_Branch, ID_Food) VALUES (145, 1, 7, 50);
INSERT INTO BRANCH_FOOD (ID_BranchFood, Available, ID_Branch, ID_Food) VALUES (146, 1, 5, 18);
INSERT INTO BRANCH_FOOD (ID_BranchFood, Available, ID_Branch, ID_Food) VALUES (147, 0, 14, 23);
INSERT INTO BRANCH_FOOD (ID_BranchFood, Available, ID_Branch, ID_Food) VALUES (148, 1, 14, 48);
INSERT INTO BRANCH_FOOD (ID_BranchFood, Available, ID_Branch, ID_Food) VALUES (149, 1, 3, 40);
INSERT INTO BRANCH_FOOD (ID_BranchFood, Available, ID_Branch, ID_Food) VALUES (150, 1, 8, 40);
INSERT INTO BRANCH_FOOD (ID_BranchFood, Available, ID_Branch, ID_Food) VALUES (151, 1, 3, 37);
INSERT INTO BRANCH_FOOD (ID_BranchFood, Available, ID_Branch, ID_Food) VALUES (152, 1, 11, 17);
INSERT INTO BRANCH_FOOD (ID_BranchFood, Available, ID_Branch, ID_Food) VALUES (153, 1, 10, 34);
INSERT INTO BRANCH_FOOD (ID_BranchFood, Available, ID_Branch, ID_Food) VALUES (154, 0, 12, 14);
INSERT INTO BRANCH_FOOD (ID_BranchFood, Available, ID_Branch, ID_Food) VALUES (155, 1, 9, 48);
INSERT INTO BRANCH_FOOD (ID_BranchFood, Available, ID_Branch, ID_Food) VALUES (156, 1, 3, 52);
INSERT INTO BRANCH_FOOD (ID_BranchFood, Available, ID_Branch, ID_Food) VALUES (157, 1, 12, 1);
INSERT INTO BRANCH_FOOD (ID_BranchFood, Available, ID_Branch, ID_Food) VALUES (158, 1, 1, 54);
INSERT INTO BRANCH_FOOD (ID_BranchFood, Available, ID_Branch, ID_Food) VALUES (159, 1, 10, 57);
INSERT INTO BRANCH_FOOD (ID_BranchFood, Available, ID_Branch, ID_Food) VALUES (160, 1, 7, 46);
INSERT INTO BRANCH_FOOD (ID_BranchFood, Available, ID_Branch, ID_Food) VALUES (161, 1, 7, 17);
INSERT INTO BRANCH_FOOD (ID_BranchFood, Available, ID_Branch, ID_Food) VALUES (162, 1, 4, 51);
INSERT INTO BRANCH_FOOD (ID_BranchFood, Available, ID_Branch, ID_Food) VALUES (163, 1, 7, 18);
INSERT INTO BRANCH_FOOD (ID_BranchFood, Available, ID_Branch, ID_Food) VALUES (164, 0, 10, 14);
INSERT INTO BRANCH_FOOD (ID_BranchFood, Available, ID_Branch, ID_Food) VALUES (165, 1, 11, 44);
INSERT INTO BRANCH_FOOD (ID_BranchFood, Available, ID_Branch, ID_Food) VALUES (166, 1, 10, 44);
INSERT INTO BRANCH_FOOD (ID_BranchFood, Available, ID_Branch, ID_Food) VALUES (167, 1, 13, 29);
INSERT INTO BRANCH_FOOD (ID_BranchFood, Available, ID_Branch, ID_Food) VALUES (168, 1, 14, 50);
INSERT INTO BRANCH_FOOD (ID_BranchFood, Available, ID_Branch, ID_Food) VALUES (169, 1, 12, 33);
INSERT INTO BRANCH_FOOD (ID_BranchFood, Available, ID_Branch, ID_Food) VALUES (170, 1, 6, 7);
INSERT INTO BRANCH_FOOD (ID_BranchFood, Available, ID_Branch, ID_Food) VALUES (171, 1, 4, 5);
INSERT INTO BRANCH_FOOD (ID_BranchFood, Available, ID_Branch, ID_Food) VALUES (172, 0, 2, 4);
INSERT INTO BRANCH_FOOD (ID_BranchFood, Available, ID_Branch, ID_Food) VALUES (173, 1, 13, 15);
INSERT INTO BRANCH_FOOD (ID_BranchFood, Available, ID_Branch, ID_Food) VALUES (174, 1, 12, 23);
INSERT INTO BRANCH_FOOD (ID_BranchFood, Available, ID_Branch, ID_Food) VALUES (175, 0, 6, 25);
INSERT INTO BRANCH_FOOD (ID_BranchFood, Available, ID_Branch, ID_Food) VALUES (176, 1, 2, 37);
INSERT INTO BRANCH_FOOD (ID_BranchFood, Available, ID_Branch, ID_Food) VALUES (177, 1, 13, 36);
INSERT INTO BRANCH_FOOD (ID_BranchFood, Available, ID_Branch, ID_Food) VALUES (178, 0, 1, 52);
INSERT INTO BRANCH_FOOD (ID_BranchFood, Available, ID_Branch, ID_Food) VALUES (179, 0, 11, 54);
INSERT INTO BRANCH_FOOD (ID_BranchFood, Available, ID_Branch, ID_Food) VALUES (180, 1, 9, 13);
INSERT INTO BRANCH_FOOD (ID_BranchFood, Available, ID_Branch, ID_Food) VALUES (181, 1, 1, 18);
INSERT INTO BRANCH_FOOD (ID_BranchFood, Available, ID_Branch, ID_Food) VALUES (182, 0, 10, 22);
INSERT INTO BRANCH_FOOD (ID_BranchFood, Available, ID_Branch, ID_Food) VALUES (183, 1, 14, 46);
INSERT INTO BRANCH_FOOD (ID_BranchFood, Available, ID_Branch, ID_Food) VALUES (184, 1, 7, 55);
INSERT INTO BRANCH_FOOD (ID_BranchFood, Available, ID_Branch, ID_Food) VALUES (185, 1, 3, 58);
INSERT INTO BRANCH_FOOD (ID_BranchFood, Available, ID_Branch, ID_Food) VALUES (186, 1, 14, 58);
INSERT INTO BRANCH_FOOD (ID_BranchFood, Available, ID_Branch, ID_Food) VALUES (187, 0, 14, 43);
INSERT INTO BRANCH_FOOD (ID_BranchFood, Available, ID_Branch, ID_Food) VALUES (188, 1, 1, 42);
INSERT INTO BRANCH_FOOD (ID_BranchFood, Available, ID_Branch, ID_Food) VALUES (189, 1, 4, 55);
INSERT INTO BRANCH_FOOD (ID_BranchFood, Available, ID_Branch, ID_Food) VALUES (190, 1, 3, 55);
INSERT INTO BRANCH_FOOD (ID_BranchFood, Available, ID_Branch, ID_Food) VALUES (191, 0, 13, 42);
INSERT INTO BRANCH_FOOD (ID_BranchFood, Available, ID_Branch, ID_Food) VALUES (192, 1, 11, 58);
INSERT INTO BRANCH_FOOD (ID_BranchFood, Available, ID_Branch, ID_Food) VALUES (193, 0, 15, 34);
INSERT INTO BRANCH_FOOD (ID_BranchFood, Available, ID_Branch, ID_Food) VALUES (194, 0, 5, 19);
INSERT INTO BRANCH_FOOD (ID_BranchFood, Available, ID_Branch, ID_Food) VALUES (195, 1, 10, 13);
INSERT INTO BRANCH_FOOD (ID_BranchFood, Available, ID_Branch, ID_Food) VALUES (196, 0, 3, 2);
INSERT INTO BRANCH_FOOD (ID_BranchFood, Available, ID_Branch, ID_Food) VALUES (197, 1, 10, 39);
INSERT INTO BRANCH_FOOD (ID_BranchFood, Available, ID_Branch, ID_Food) VALUES (198, 1, 5, 17);
INSERT INTO BRANCH_FOOD (ID_BranchFood, Available, ID_Branch, ID_Food) VALUES (199, 1, 1, 7);
INSERT INTO BRANCH_FOOD (ID_BranchFood, Available, ID_Branch, ID_Food) VALUES (200, 1, 13, 8);
INSERT INTO BRANCH_FOOD (ID_BranchFood, Available, ID_Branch, ID_Food) VALUES (201, 1, 5, 34);
INSERT INTO BRANCH_FOOD (ID_BranchFood, Available, ID_Branch, ID_Food) VALUES (202, 1, 6, 31);
INSERT INTO BRANCH_FOOD (ID_BranchFood, Available, ID_Branch, ID_Food) VALUES (203, 1, 13, 52);
INSERT INTO BRANCH_FOOD (ID_BranchFood, Available, ID_Branch, ID_Food) VALUES (204, 1, 15, 9);
INSERT INTO BRANCH_FOOD (ID_BranchFood, Available, ID_Branch, ID_Food) VALUES (205, 1, 10, 46);
INSERT INTO BRANCH_FOOD (ID_BranchFood, Available, ID_Branch, ID_Food) VALUES (206, 1, 9, 22);
INSERT INTO BRANCH_FOOD (ID_BranchFood, Available, ID_Branch, ID_Food) VALUES (207, 1, 1, 36);
INSERT INTO BRANCH_FOOD (ID_BranchFood, Available, ID_Branch, ID_Food) VALUES (208, 1, 7, 31);
INSERT INTO BRANCH_FOOD (ID_BranchFood, Available, ID_Branch, ID_Food) VALUES (209, 1, 4, 6);
INSERT INTO BRANCH_FOOD (ID_BranchFood, Available, ID_Branch, ID_Food) VALUES (210, 0, 11, 53);
INSERT INTO BRANCH_FOOD (ID_BranchFood, Available, ID_Branch, ID_Food) VALUES (211, 1, 3, 54);
INSERT INTO BRANCH_FOOD (ID_BranchFood, Available, ID_Branch, ID_Food) VALUES (212, 0, 7, 44);
INSERT INTO BRANCH_FOOD (ID_BranchFood, Available, ID_Branch, ID_Food) VALUES (213, 1, 8, 3);
INSERT INTO BRANCH_FOOD (ID_BranchFood, Available, ID_Branch, ID_Food) VALUES (214, 1, 15, 7);
INSERT INTO BRANCH_FOOD (ID_BranchFood, Available, ID_Branch, ID_Food) VALUES (215, 0, 15, 15);
INSERT INTO BRANCH_FOOD (ID_BranchFood, Available, ID_Branch, ID_Food) VALUES (216, 1, 7, 30);
INSERT INTO BRANCH_FOOD (ID_BranchFood, Available, ID_Branch, ID_Food) VALUES (217, 1, 1, 30);
INSERT INTO BRANCH_FOOD (ID_BranchFood, Available, ID_Branch, ID_Food) VALUES (218, 1, 3, 12);
INSERT INTO BRANCH_FOOD (ID_BranchFood, Available, ID_Branch, ID_Food) VALUES (219, 1, 11, 45);
INSERT INTO BRANCH_FOOD (ID_BranchFood, Available, ID_Branch, ID_Food) VALUES (220, 0, 11, 34);
INSERT INTO BRANCH_FOOD (ID_BranchFood, Available, ID_Branch, ID_Food) VALUES (221, 1, 11, 40);
INSERT INTO BRANCH_FOOD (ID_BranchFood, Available, ID_Branch, ID_Food) VALUES (222, 1, 6, 39);
INSERT INTO BRANCH_FOOD (ID_BranchFood, Available, ID_Branch, ID_Food) VALUES (223, 1, 10, 31);
INSERT INTO BRANCH_FOOD (ID_BranchFood, Available, ID_Branch, ID_Food) VALUES (224, 0, 1, 46);
INSERT INTO BRANCH_FOOD (ID_BranchFood, Available, ID_Branch, ID_Food) VALUES (225, 1, 7, 8);
INSERT INTO BRANCH_FOOD (ID_BranchFood, Available, ID_Branch, ID_Food) VALUES (226, 1, 10, 42);
INSERT INTO BRANCH_FOOD (ID_BranchFood, Available, ID_Branch, ID_Food) VALUES (227, 1, 9, 33);
INSERT INTO BRANCH_FOOD (ID_BranchFood, Available, ID_Branch, ID_Food) VALUES (228, 0, 2, 22);
INSERT INTO BRANCH_FOOD (ID_BranchFood, Available, ID_Branch, ID_Food) VALUES (229, 1, 4, 11);
INSERT INTO BRANCH_FOOD (ID_BranchFood, Available, ID_Branch, ID_Food) VALUES (230, 1, 14, 28);
INSERT INTO BRANCH_FOOD (ID_BranchFood, Available, ID_Branch, ID_Food) VALUES (231, 1, 8, 56);
INSERT INTO BRANCH_FOOD (ID_BranchFood, Available, ID_Branch, ID_Food) VALUES (232, 1, 10, 18);
INSERT INTO BRANCH_FOOD (ID_BranchFood, Available, ID_Branch, ID_Food) VALUES (233, 1, 12, 57);
INSERT INTO BRANCH_FOOD (ID_BranchFood, Available, ID_Branch, ID_Food) VALUES (234, 0, 12, 8);
INSERT INTO BRANCH_FOOD (ID_BranchFood, Available, ID_Branch, ID_Food) VALUES (235, 1, 1, 25);
INSERT INTO BRANCH_FOOD (ID_BranchFood, Available, ID_Branch, ID_Food) VALUES (236, 1, 2, 14);
INSERT INTO BRANCH_FOOD (ID_BranchFood, Available, ID_Branch, ID_Food) VALUES (237, 0, 10, 54);
INSERT INTO BRANCH_FOOD (ID_BranchFood, Available, ID_Branch, ID_Food) VALUES (238, 1, 2, 34);
INSERT INTO BRANCH_FOOD (ID_BranchFood, Available, ID_Branch, ID_Food) VALUES (239, 0, 3, 25);
INSERT INTO BRANCH_FOOD (ID_BranchFood, Available, ID_Branch, ID_Food) VALUES (240, 1, 11, 42);
INSERT INTO BRANCH_FOOD (ID_BranchFood, Available, ID_Branch, ID_Food) VALUES (241, 1, 13, 45);
INSERT INTO BRANCH_FOOD (ID_BranchFood, Available, ID_Branch, ID_Food) VALUES (242, 1, 11, 21);
INSERT INTO BRANCH_FOOD (ID_BranchFood, Available, ID_Branch, ID_Food) VALUES (243, 1, 6, 14);
INSERT INTO BRANCH_FOOD (ID_BranchFood, Available, ID_Branch, ID_Food) VALUES (244, 1, 11, 7);
INSERT INTO BRANCH_FOOD (ID_BranchFood, Available, ID_Branch, ID_Food) VALUES (245, 0, 15, 13);
INSERT INTO BRANCH_FOOD (ID_BranchFood, Available, ID_Branch, ID_Food) VALUES (246, 1, 13, 37);
INSERT INTO BRANCH_FOOD (ID_BranchFood, Available, ID_Branch, ID_Food) VALUES (247, 1, 10, 6);
INSERT INTO BRANCH_FOOD (ID_BranchFood, Available, ID_Branch, ID_Food) VALUES (248, 1, 7, 6);
INSERT INTO BRANCH_FOOD (ID_BranchFood, Available, ID_Branch, ID_Food) VALUES (249, 1, 8, 36);
INSERT INTO BRANCH_FOOD (ID_BranchFood, Available, ID_Branch, ID_Food) VALUES (250, 0, 7, 1);
INSERT INTO BRANCH_FOOD (ID_BranchFood, Available, ID_Branch, ID_Food) VALUES (251, 0, 5, 2);
INSERT INTO BRANCH_FOOD (ID_BranchFood, Available, ID_Branch, ID_Food) VALUES (252, 1, 11, 4);
INSERT INTO BRANCH_FOOD (ID_BranchFood, Available, ID_Branch, ID_Food) VALUES (253, 0, 7, 43);
INSERT INTO BRANCH_FOOD (ID_BranchFood, Available, ID_Branch, ID_Food) VALUES (254, 1, 7, 24);
INSERT INTO BRANCH_FOOD (ID_BranchFood, Available, ID_Branch, ID_Food) VALUES (255, 1, 2, 46);
INSERT INTO BRANCH_FOOD (ID_BranchFood, Available, ID_Branch, ID_Food) VALUES (256, 1, 6, 19);
INSERT INTO BRANCH_FOOD (ID_BranchFood, Available, ID_Branch, ID_Food) VALUES (257, 1, 14, 24);
INSERT INTO BRANCH_FOOD (ID_BranchFood, Available, ID_Branch, ID_Food) VALUES (258, 1, 1, 55);
INSERT INTO BRANCH_FOOD (ID_BranchFood, Available, ID_Branch, ID_Food) VALUES (259, 1, 9, 12);
INSERT INTO BRANCH_FOOD (ID_BranchFood, Available, ID_Branch, ID_Food) VALUES (260, 1, 13, 20);
INSERT INTO BRANCH_FOOD (ID_BranchFood, Available, ID_Branch, ID_Food) VALUES (261, 1, 12, 12);
INSERT INTO BRANCH_FOOD (ID_BranchFood, Available, ID_Branch, ID_Food) VALUES (262, 0, 4, 38);
INSERT INTO BRANCH_FOOD (ID_BranchFood, Available, ID_Branch, ID_Food) VALUES (263, 1, 6, 16);
INSERT INTO BRANCH_FOOD (ID_BranchFood, Available, ID_Branch, ID_Food) VALUES (264, 0, 2, 1);
INSERT INTO BRANCH_FOOD (ID_BranchFood, Available, ID_Branch, ID_Food) VALUES (265, 0, 2, 16);
INSERT INTO BRANCH_FOOD (ID_BranchFood, Available, ID_Branch, ID_Food) VALUES (266, 1, 4, 21);
INSERT INTO BRANCH_FOOD (ID_BranchFood, Available, ID_Branch, ID_Food) VALUES (267, 1, 3, 13);
INSERT INTO BRANCH_FOOD (ID_BranchFood, Available, ID_Branch, ID_Food) VALUES (268, 1, 5, 43);
INSERT INTO BRANCH_FOOD (ID_BranchFood, Available, ID_Branch, ID_Food) VALUES (269, 1, 9, 31);
INSERT INTO BRANCH_FOOD (ID_BranchFood, Available, ID_Branch, ID_Food) VALUES (270, 0, 9, 35);
INSERT INTO BRANCH_FOOD (ID_BranchFood, Available, ID_Branch, ID_Food) VALUES (271, 1, 3, 19);
INSERT INTO BRANCH_FOOD (ID_BranchFood, Available, ID_Branch, ID_Food) VALUES (272, 1, 6, 53);
INSERT INTO BRANCH_FOOD (ID_BranchFood, Available, ID_Branch, ID_Food) VALUES (273, 1, 7, 29);
INSERT INTO BRANCH_FOOD (ID_BranchFood, Available, ID_Branch, ID_Food) VALUES (274, 1, 11, 52);
INSERT INTO BRANCH_FOOD (ID_BranchFood, Available, ID_Branch, ID_Food) VALUES (275, 1, 3, 16);
INSERT INTO BRANCH_FOOD (ID_BranchFood, Available, ID_Branch, ID_Food) VALUES (276, 1, 2, 5);
INSERT INTO BRANCH_FOOD (ID_BranchFood, Available, ID_Branch, ID_Food) VALUES (277, 1, 12, 58);
INSERT INTO BRANCH_FOOD (ID_BranchFood, Available, ID_Branch, ID_Food) VALUES (278, 1, 5, 39);
INSERT INTO BRANCH_FOOD (ID_BranchFood, Available, ID_Branch, ID_Food) VALUES (279, 1, 3, 44);
INSERT INTO BRANCH_FOOD (ID_BranchFood, Available, ID_Branch, ID_Food) VALUES (280, 1, 15, 2);
INSERT INTO BRANCH_FOOD (ID_BranchFood, Available, ID_Branch, ID_Food) VALUES (281, 0, 4, 31);
INSERT INTO BRANCH_FOOD (ID_BranchFood, Available, ID_Branch, ID_Food) VALUES (282, 0, 3, 20);
INSERT INTO BRANCH_FOOD (ID_BranchFood, Available, ID_Branch, ID_Food) VALUES (283, 1, 7, 34);
INSERT INTO BRANCH_FOOD (ID_BranchFood, Available, ID_Branch, ID_Food) VALUES (284, 1, 2, 20);
INSERT INTO BRANCH_FOOD (ID_BranchFood, Available, ID_Branch, ID_Food) VALUES (285, 0, 5, 31);
INSERT INTO BRANCH_FOOD (ID_BranchFood, Available, ID_Branch, ID_Food) VALUES (286, 1, 12, 31);
INSERT INTO BRANCH_FOOD (ID_BranchFood, Available, ID_Branch, ID_Food) VALUES (287, 1, 8, 41);
INSERT INTO BRANCH_FOOD (ID_BranchFood, Available, ID_Branch, ID_Food) VALUES (288, 1, 7, 37);
INSERT INTO BRANCH_FOOD (ID_BranchFood, Available, ID_Branch, ID_Food) VALUES (289, 0, 4, 53);
INSERT INTO BRANCH_FOOD (ID_BranchFood, Available, ID_Branch, ID_Food) VALUES (290, 1, 13, 46);
INSERT INTO BRANCH_FOOD (ID_BranchFood, Available, ID_Branch, ID_Food) VALUES (291, 1, 13, 7);
INSERT INTO BRANCH_FOOD (ID_BranchFood, Available, ID_Branch, ID_Food) VALUES (292, 0, 3, 33);
INSERT INTO BRANCH_FOOD (ID_BranchFood, Available, ID_Branch, ID_Food) VALUES (293, 1, 9, 42);
INSERT INTO BRANCH_FOOD (ID_BranchFood, Available, ID_Branch, ID_Food) VALUES (294, 1, 4, 42);
INSERT INTO BRANCH_FOOD (ID_BranchFood, Available, ID_Branch, ID_Food) VALUES (295, 0, 14, 17);
INSERT INTO BRANCH_FOOD (ID_BranchFood, Available, ID_Branch, ID_Food) VALUES (296, 1, 11, 24);
INSERT INTO BRANCH_FOOD (ID_BranchFood, Available, ID_Branch, ID_Food) VALUES (297, 1, 4, 13);
INSERT INTO BRANCH_FOOD (ID_BranchFood, Available, ID_Branch, ID_Food) VALUES (298, 1, 10, 26);
INSERT INTO BRANCH_FOOD (ID_BranchFood, Available, ID_Branch, ID_Food) VALUES (299, 1, 4, 46);
INSERT INTO BRANCH_FOOD (ID_BranchFood, Available, ID_Branch, ID_Food) VALUES (300, 1, 2, 53);
INSERT INTO BRANCH_FOOD (ID_BranchFood, Available, ID_Branch, ID_Food) VALUES (301, 0, 7, 45);
INSERT INTO BRANCH_FOOD (ID_BranchFood, Available, ID_Branch, ID_Food) VALUES (302, 1, 11, 41);
INSERT INTO BRANCH_FOOD (ID_BranchFood, Available, ID_Branch, ID_Food) VALUES (303, 1, 1, 27);
INSERT INTO BRANCH_FOOD (ID_BranchFood, Available, ID_Branch, ID_Food) VALUES (304, 1, 3, 42);
INSERT INTO BRANCH_FOOD (ID_BranchFood, Available, ID_Branch, ID_Food) VALUES (305, 1, 9, 14);
INSERT INTO BRANCH_FOOD (ID_BranchFood, Available, ID_Branch, ID_Food) VALUES (306, 1, 14, 40);
INSERT INTO BRANCH_FOOD (ID_BranchFood, Available, ID_Branch, ID_Food) VALUES (307, 1, 10, 28);
INSERT INTO BRANCH_FOOD (ID_BranchFood, Available, ID_Branch, ID_Food) VALUES (308, 1, 13, 31);
INSERT INTO BRANCH_FOOD (ID_BranchFood, Available, ID_Branch, ID_Food) VALUES (309, 1, 1, 31);
INSERT INTO BRANCH_FOOD (ID_BranchFood, Available, ID_Branch, ID_Food) VALUES (310, 1, 8, 47);
INSERT INTO BRANCH_FOOD (ID_BranchFood, Available, ID_Branch, ID_Food) VALUES (311, 0, 6, 17);
INSERT INTO BRANCH_FOOD (ID_BranchFood, Available, ID_Branch, ID_Food) VALUES (312, 1, 5, 28);
INSERT INTO BRANCH_FOOD (ID_BranchFood, Available, ID_Branch, ID_Food) VALUES (313, 0, 14, 54);
INSERT INTO BRANCH_FOOD (ID_BranchFood, Available, ID_Branch, ID_Food) VALUES (314, 1, 3, 18);
INSERT INTO BRANCH_FOOD (ID_BranchFood, Available, ID_Branch, ID_Food) VALUES (315, 1, 15, 19);
INSERT INTO BRANCH_FOOD (ID_BranchFood, Available, ID_Branch, ID_Food) VALUES (316, 1, 13, 4);
INSERT INTO BRANCH_FOOD (ID_BranchFood, Available, ID_Branch, ID_Food) VALUES (317, 1, 11, 25);
INSERT INTO BRANCH_FOOD (ID_BranchFood, Available, ID_Branch, ID_Food) VALUES (318, 1, 9, 27);
INSERT INTO BRANCH_FOOD (ID_BranchFood, Available, ID_Branch, ID_Food) VALUES (319, 0, 12, 56);
INSERT INTO BRANCH_FOOD (ID_BranchFood, Available, ID_Branch, ID_Food) VALUES (320, 0, 5, 47);
INSERT INTO BRANCH_FOOD (ID_BranchFood, Available, ID_Branch, ID_Food) VALUES (321, 1, 15, 46);
INSERT INTO BRANCH_FOOD (ID_BranchFood, Available, ID_Branch, ID_Food) VALUES (322, 1, 7, 56);
INSERT INTO BRANCH_FOOD (ID_BranchFood, Available, ID_Branch, ID_Food) VALUES (323, 1, 8, 29);
INSERT INTO BRANCH_FOOD (ID_BranchFood, Available, ID_Branch, ID_Food) VALUES (324, 1, 12, 20);
INSERT INTO BRANCH_FOOD (ID_BranchFood, Available, ID_Branch, ID_Food) VALUES (325, 1, 9, 51);
INSERT INTO BRANCH_FOOD (ID_BranchFood, Available, ID_Branch, ID_Food) VALUES (326, 1, 12, 47);
INSERT INTO BRANCH_FOOD (ID_BranchFood, Available, ID_Branch, ID_Food) VALUES (327, 1, 2, 33);
INSERT INTO BRANCH_FOOD (ID_BranchFood, Available, ID_Branch, ID_Food) VALUES (328, 0, 6, 45);
INSERT INTO BRANCH_FOOD (ID_BranchFood, Available, ID_Branch, ID_Food) VALUES (329, 1, 10, 10);
INSERT INTO BRANCH_FOOD (ID_BranchFood, Available, ID_Branch, ID_Food) VALUES (330, 0, 7, 32);
INSERT INTO BRANCH_FOOD (ID_BranchFood, Available, ID_Branch, ID_Food) VALUES (331, 1, 5, 46);
INSERT INTO BRANCH_FOOD (ID_BranchFood, Available, ID_Branch, ID_Food) VALUES (332, 1, 7, 10);
INSERT INTO BRANCH_FOOD (ID_BranchFood, Available, ID_Branch, ID_Food) VALUES (333, 1, 11, 11);
INSERT INTO BRANCH_FOOD (ID_BranchFood, Available, ID_Branch, ID_Food) VALUES (334, 0, 7, 54);
INSERT INTO BRANCH_FOOD (ID_BranchFood, Available, ID_Branch, ID_Food) VALUES (335, 1, 6, 27);
INSERT INTO BRANCH_FOOD (ID_BranchFood, Available, ID_Branch, ID_Food) VALUES (336, 1, 7, 57);
INSERT INTO BRANCH_FOOD (ID_BranchFood, Available, ID_Branch, ID_Food) VALUES (337, 1, 13, 43);
INSERT INTO BRANCH_FOOD (ID_BranchFood, Available, ID_Branch, ID_Food) VALUES (338, 1, 8, 23);
INSERT INTO BRANCH_FOOD (ID_BranchFood, Available, ID_Branch, ID_Food) VALUES (339, 1, 11, 30);
INSERT INTO BRANCH_FOOD (ID_BranchFood, Available, ID_Branch, ID_Food) VALUES (340, 1, 6, 15);
INSERT INTO BRANCH_FOOD (ID_BranchFood, Available, ID_Branch, ID_Food) VALUES (341, 1, 12, 17);
INSERT INTO BRANCH_FOOD (ID_BranchFood, Available, ID_Branch, ID_Food) VALUES (342, 0, 4, 19);
INSERT INTO BRANCH_FOOD (ID_BranchFood, Available, ID_Branch, ID_Food) VALUES (343, 1, 10, 38);
INSERT INTO BRANCH_FOOD (ID_BranchFood, Available, ID_Branch, ID_Food) VALUES (344, 1, 4, 29);
INSERT INTO BRANCH_FOOD (ID_BranchFood, Available, ID_Branch, ID_Food) VALUES (345, 1, 8, 1);
INSERT INTO BRANCH_FOOD (ID_BranchFood, Available, ID_Branch, ID_Food) VALUES (346, 0, 1, 44);
INSERT INTO BRANCH_FOOD (ID_BranchFood, Available, ID_Branch, ID_Food) VALUES (347, 0, 14, 6);
INSERT INTO BRANCH_FOOD (ID_BranchFood, Available, ID_Branch, ID_Food) VALUES (348, 1, 15, 40);
INSERT INTO BRANCH_FOOD (ID_BranchFood, Available, ID_Branch, ID_Food) VALUES (349, 1, 2, 39);
INSERT INTO BRANCH_FOOD (ID_BranchFood, Available, ID_Branch, ID_Food) VALUES (350, 1, 4, 4);
INSERT INTO BRANCH_FOOD (ID_BranchFood, Available, ID_Branch, ID_Food) VALUES (351, 1, 6, 44);
INSERT INTO BRANCH_FOOD (ID_BranchFood, Available, ID_Branch, ID_Food) VALUES (352, 1, 3, 50);
INSERT INTO BRANCH_FOOD (ID_BranchFood, Available, ID_Branch, ID_Food) VALUES (353, 1, 7, 28);
INSERT INTO BRANCH_FOOD (ID_BranchFood, Available, ID_Branch, ID_Food) VALUES (354, 0, 7, 13);
INSERT INTO BRANCH_FOOD (ID_BranchFood, Available, ID_Branch, ID_Food) VALUES (355, 1, 10, 32);
INSERT INTO BRANCH_FOOD (ID_BranchFood, Available, ID_Branch, ID_Food) VALUES (356, 1, 8, 7);
INSERT INTO BRANCH_FOOD (ID_BranchFood, Available, ID_Branch, ID_Food) VALUES (357, 1, 13, 22);
INSERT INTO BRANCH_FOOD (ID_BranchFood, Available, ID_Branch, ID_Food) VALUES (358, 1, 10, 51);
INSERT INTO BRANCH_FOOD (ID_BranchFood, Available, ID_Branch, ID_Food) VALUES (359, 1, 1, 57);
INSERT INTO BRANCH_FOOD (ID_BranchFood, Available, ID_Branch, ID_Food) VALUES (360, 1, 12, 28);
INSERT INTO BRANCH_FOOD (ID_BranchFood, Available, ID_Branch, ID_Food) VALUES (361, 1, 5, 57);
INSERT INTO BRANCH_FOOD (ID_BranchFood, Available, ID_Branch, ID_Food) VALUES (362, 1, 10, 45);
INSERT INTO BRANCH_FOOD (ID_BranchFood, Available, ID_Branch, ID_Food) VALUES (363, 1, 10, 25);
INSERT INTO BRANCH_FOOD (ID_BranchFood, Available, ID_Branch, ID_Food) VALUES (364, 1, 6, 57);
INSERT INTO BRANCH_FOOD (ID_BranchFood, Available, ID_Branch, ID_Food) VALUES (365, 1, 11, 37);
INSERT INTO BRANCH_FOOD (ID_BranchFood, Available, ID_Branch, ID_Food) VALUES (366, 0, 15, 54);
INSERT INTO BRANCH_FOOD (ID_BranchFood, Available, ID_Branch, ID_Food) VALUES (367, 1, 9, 9);
INSERT INTO BRANCH_FOOD (ID_BranchFood, Available, ID_Branch, ID_Food) VALUES (368, 1, 14, 15);
INSERT INTO BRANCH_FOOD (ID_BranchFood, Available, ID_Branch, ID_Food) VALUES (369, 0, 1, 17);
INSERT INTO BRANCH_FOOD (ID_BranchFood, Available, ID_Branch, ID_Food) VALUES (370, 1, 13, 11);
INSERT INTO BRANCH_FOOD (ID_BranchFood, Available, ID_Branch, ID_Food) VALUES (371, 1, 5, 10);
INSERT INTO BRANCH_FOOD (ID_BranchFood, Available, ID_Branch, ID_Food) VALUES (372, 1, 10, 33);
INSERT INTO BRANCH_FOOD (ID_BranchFood, Available, ID_Branch, ID_Food) VALUES (373, 0, 4, 57);
INSERT INTO BRANCH_FOOD (ID_BranchFood, Available, ID_Branch, ID_Food) VALUES (374, 1, 9, 57);
INSERT INTO BRANCH_FOOD (ID_BranchFood, Available, ID_Branch, ID_Food) VALUES (375, 1, 15, 56);
INSERT INTO BRANCH_FOOD (ID_BranchFood, Available, ID_Branch, ID_Food) VALUES (376, 0, 12, 27);
INSERT INTO BRANCH_FOOD (ID_BranchFood, Available, ID_Branch, ID_Food) VALUES (377, 1, 1, 58);
INSERT INTO BRANCH_FOOD (ID_BranchFood, Available, ID_Branch, ID_Food) VALUES (378, 1, 2, 17);
INSERT INTO BRANCH_FOOD (ID_BranchFood, Available, ID_Branch, ID_Food) VALUES (379, 1, 12, 52);
INSERT INTO BRANCH_FOOD (ID_BranchFood, Available, ID_Branch, ID_Food) VALUES (380, 1, 7, 25);
INSERT INTO BRANCH_FOOD (ID_BranchFood, Available, ID_Branch, ID_Food) VALUES (381, 1, 12, 22);
INSERT INTO BRANCH_FOOD (ID_BranchFood, Available, ID_Branch, ID_Food) VALUES (382, 0, 13, 39);
INSERT INTO BRANCH_FOOD (ID_BranchFood, Available, ID_Branch, ID_Food) VALUES (383, 1, 3, 17);
INSERT INTO BRANCH_FOOD (ID_BranchFood, Available, ID_Branch, ID_Food) VALUES (384, 1, 12, 51);
INSERT INTO BRANCH_FOOD (ID_BranchFood, Available, ID_Branch, ID_Food) VALUES (385, 1, 1, 29);
INSERT INTO BRANCH_FOOD (ID_BranchFood, Available, ID_Branch, ID_Food) VALUES (386, 1, 4, 58);
INSERT INTO BRANCH_FOOD (ID_BranchFood, Available, ID_Branch, ID_Food) VALUES (387, 1, 1, 2);
INSERT INTO BRANCH_FOOD (ID_BranchFood, Available, ID_Branch, ID_Food) VALUES (388, 1, 3, 36);
INSERT INTO BRANCH_FOOD (ID_BranchFood, Available, ID_Branch, ID_Food) VALUES (389, 1, 6, 49);
INSERT INTO BRANCH_FOOD (ID_BranchFood, Available, ID_Branch, ID_Food) VALUES (390, 1, 13, 5);
INSERT INTO BRANCH_FOOD (ID_BranchFood, Available, ID_Branch, ID_Food) VALUES (391, 1, 4, 52);
INSERT INTO BRANCH_FOOD (ID_BranchFood, Available, ID_Branch, ID_Food) VALUES (392, 1, 8, 35);
INSERT INTO BRANCH_FOOD (ID_BranchFood, Available, ID_Branch, ID_Food) VALUES (393, 0, 4, 33);
INSERT INTO BRANCH_FOOD (ID_BranchFood, Available, ID_Branch, ID_Food) VALUES (394, 1, 11, 28);
INSERT INTO BRANCH_FOOD (ID_BranchFood, Available, ID_Branch, ID_Food) VALUES (395, 0, 14, 52);
INSERT INTO BRANCH_FOOD (ID_BranchFood, Available, ID_Branch, ID_Food) VALUES (396, 1, 6, 26);
INSERT INTO BRANCH_FOOD (ID_BranchFood, Available, ID_Branch, ID_Food) VALUES (397, 1, 7, 9);
INSERT INTO BRANCH_FOOD (ID_BranchFood, Available, ID_Branch, ID_Food) VALUES (398, 1, 12, 29);
INSERT INTO BRANCH_FOOD (ID_BranchFood, Available, ID_Branch, ID_Food) VALUES (399, 0, 14, 18);
INSERT INTO BRANCH_FOOD (ID_BranchFood, Available, ID_Branch, ID_Food) VALUES (400, 1, 10, 8);
INSERT INTO BRANCH_FOOD (ID_BranchFood, Available, ID_Branch, ID_Food) VALUES (401, 1, 1, 1);
INSERT INTO BRANCH_FOOD (ID_BranchFood, Available, ID_Branch, ID_Food) VALUES (402, 1, 5, 23);
INSERT INTO BRANCH_FOOD (ID_BranchFood, Available, ID_Branch, ID_Food) VALUES (403, 1, 5, 54);
INSERT INTO BRANCH_FOOD (ID_BranchFood, Available, ID_Branch, ID_Food) VALUES (404, 1, 6, 32);
INSERT INTO BRANCH_FOOD (ID_BranchFood, Available, ID_Branch, ID_Food) VALUES (405, 1, 15, 22);
INSERT INTO BRANCH_FOOD (ID_BranchFood, Available, ID_Branch, ID_Food) VALUES (406, 1, 3, 4);
INSERT INTO BRANCH_FOOD (ID_BranchFood, Available, ID_Branch, ID_Food) VALUES (407, 0, 14, 53);
INSERT INTO BRANCH_FOOD (ID_BranchFood, Available, ID_Branch, ID_Food) VALUES (408, 1, 11, 5);
INSERT INTO BRANCH_FOOD (ID_BranchFood, Available, ID_Branch, ID_Food) VALUES (409, 1, 13, 21);
INSERT INTO BRANCH_FOOD (ID_BranchFood, Available, ID_Branch, ID_Food) VALUES (410, 1, 12, 18);
INSERT INTO BRANCH_FOOD (ID_BranchFood, Available, ID_Branch, ID_Food) VALUES (411, 0, 6, 51);
INSERT INTO BRANCH_FOOD (ID_BranchFood, Available, ID_Branch, ID_Food) VALUES (412, 0, 2, 56);
INSERT INTO BRANCH_FOOD (ID_BranchFood, Available, ID_Branch, ID_Food) VALUES (413, 1, 1, 39);
INSERT INTO BRANCH_FOOD (ID_BranchFood, Available, ID_Branch, ID_Food) VALUES (414, 1, 12, 45);
INSERT INTO BRANCH_FOOD (ID_BranchFood, Available, ID_Branch, ID_Food) VALUES (415, 1, 4, 44);
INSERT INTO BRANCH_FOOD (ID_BranchFood, Available, ID_Branch, ID_Food) VALUES (416, 1, 1, 16);
INSERT INTO BRANCH_FOOD (ID_BranchFood, Available, ID_Branch, ID_Food) VALUES (417, 1, 10, 5);
INSERT INTO BRANCH_FOOD (ID_BranchFood, Available, ID_Branch, ID_Food) VALUES (418, 0, 4, 3);
INSERT INTO BRANCH_FOOD (ID_BranchFood, Available, ID_Branch, ID_Food) VALUES (419, 0, 10, 24);
INSERT INTO BRANCH_FOOD (ID_BranchFood, Available, ID_Branch, ID_Food) VALUES (420, 0, 10, 52);
INSERT INTO BRANCH_FOOD (ID_BranchFood, Available, ID_Branch, ID_Food) VALUES (421, 0, 14, 13);
INSERT INTO BRANCH_FOOD (ID_BranchFood, Available, ID_Branch, ID_Food) VALUES (422, 1, 3, 57);
INSERT INTO BRANCH_FOOD (ID_BranchFood, Available, ID_Branch, ID_Food) VALUES (423, 1, 7, 42);
INSERT INTO BRANCH_FOOD (ID_BranchFood, Available, ID_Branch, ID_Food) VALUES (424, 0, 8, 33);
INSERT INTO BRANCH_FOOD (ID_BranchFood, Available, ID_Branch, ID_Food) VALUES (425, 1, 1, 24);
INSERT INTO BRANCH_FOOD (ID_BranchFood, Available, ID_Branch, ID_Food) VALUES (426, 0, 3, 49);
INSERT INTO BRANCH_FOOD (ID_BranchFood, Available, ID_Branch, ID_Food) VALUES (427, 0, 13, 34);
INSERT INTO BRANCH_FOOD (ID_BranchFood, Available, ID_Branch, ID_Food) VALUES (428, 1, 12, 11);
INSERT INTO BRANCH_FOOD (ID_BranchFood, Available, ID_Branch, ID_Food) VALUES (429, 0, 14, 38);
INSERT INTO BRANCH_FOOD (ID_BranchFood, Available, ID_Branch, ID_Food) VALUES (430, 1, 1, 4);
INSERT INTO BRANCH_FOOD (ID_BranchFood, Available, ID_Branch, ID_Food) VALUES (431, 1, 3, 39);
INSERT INTO BRANCH_FOOD (ID_BranchFood, Available, ID_Branch, ID_Food) VALUES (432, 0, 8, 55);
INSERT INTO BRANCH_FOOD (ID_BranchFood, Available, ID_Branch, ID_Food) VALUES (433, 1, 4, 36);
INSERT INTO BRANCH_FOOD (ID_BranchFood, Available, ID_Branch, ID_Food) VALUES (434, 0, 3, 27);
INSERT INTO BRANCH_FOOD (ID_BranchFood, Available, ID_Branch, ID_Food) VALUES (435, 1, 12, 40);
INSERT INTO BRANCH_FOOD (ID_BranchFood, Available, ID_Branch, ID_Food) VALUES (436, 1, 13, 3);
INSERT INTO BRANCH_FOOD (ID_BranchFood, Available, ID_Branch, ID_Food) VALUES (437, 1, 9, 52);
INSERT INTO BRANCH_FOOD (ID_BranchFood, Available, ID_Branch, ID_Food) VALUES (438, 0, 4, 20);
INSERT INTO BRANCH_FOOD (ID_BranchFood, Available, ID_Branch, ID_Food) VALUES (439, 1, 13, 58);
INSERT INTO BRANCH_FOOD (ID_BranchFood, Available, ID_Branch, ID_Food) VALUES (440, 1, 6, 52);
INSERT INTO BRANCH_FOOD (ID_BranchFood, Available, ID_Branch, ID_Food) VALUES (441, 1, 15, 26);
INSERT INTO BRANCH_FOOD (ID_BranchFood, Available, ID_Branch, ID_Food) VALUES (442, 1, 7, 20);
INSERT INTO BRANCH_FOOD (ID_BranchFood, Available, ID_Branch, ID_Food) VALUES (443, 1, 15, 11);
INSERT INTO BRANCH_FOOD (ID_BranchFood, Available, ID_Branch, ID_Food) VALUES (444, 1, 5, 22);
INSERT INTO BRANCH_FOOD (ID_BranchFood, Available, ID_Branch, ID_Food) VALUES (445, 0, 8, 8);
INSERT INTO BRANCH_FOOD (ID_BranchFood, Available, ID_Branch, ID_Food) VALUES (446, 1, 4, 48);
INSERT INTO BRANCH_FOOD (ID_BranchFood, Available, ID_Branch, ID_Food) VALUES (447, 1, 6, 55);
INSERT INTO BRANCH_FOOD (ID_BranchFood, Available, ID_Branch, ID_Food) VALUES (448, 1, 4, 37);
INSERT INTO BRANCH_FOOD (ID_BranchFood, Available, ID_Branch, ID_Food) VALUES (449, 1, 15, 8);
INSERT INTO BRANCH_FOOD (ID_BranchFood, Available, ID_Branch, ID_Food) VALUES (450, 1, 9, 2);
INSERT INTO BRANCH_FOOD (ID_BranchFood, Available, ID_Branch, ID_Food) VALUES (451, 1, 5, 29);
INSERT INTO BRANCH_FOOD (ID_BranchFood, Available, ID_Branch, ID_Food) VALUES (452, 1, 5, 38);
INSERT INTO BRANCH_FOOD (ID_BranchFood, Available, ID_Branch, ID_Food) VALUES (453, 1, 5, 52);
INSERT INTO BRANCH_FOOD (ID_BranchFood, Available, ID_Branch, ID_Food) VALUES (454, 1, 6, 34);
INSERT INTO BRANCH_FOOD (ID_BranchFood, Available, ID_Branch, ID_Food) VALUES (455, 1, 8, 15);
INSERT INTO BRANCH_FOOD (ID_BranchFood, Available, ID_Branch, ID_Food) VALUES (456, 1, 8, 18);
INSERT INTO BRANCH_FOOD (ID_BranchFood, Available, ID_Branch, ID_Food) VALUES (457, 1, 10, 9);
INSERT INTO BRANCH_FOOD (ID_BranchFood, Available, ID_Branch, ID_Food) VALUES (458, 1, 3, 6);
INSERT INTO BRANCH_FOOD (ID_BranchFood, Available, ID_Branch, ID_Food) VALUES (459, 0, 3, 14);
INSERT INTO BRANCH_FOOD (ID_BranchFood, Available, ID_Branch, ID_Food) VALUES (460, 1, 10, 20);
INSERT INTO BRANCH_FOOD (ID_BranchFood, Available, ID_Branch, ID_Food) VALUES (461, 1, 9, 39);
INSERT INTO BRANCH_FOOD (ID_BranchFood, Available, ID_Branch, ID_Food) VALUES (462, 0, 13, 33);
INSERT INTO BRANCH_FOOD (ID_BranchFood, Available, ID_Branch, ID_Food) VALUES (463, 1, 2, 55);
INSERT INTO BRANCH_FOOD (ID_BranchFood, Available, ID_Branch, ID_Food) VALUES (464, 1, 14, 5);
INSERT INTO BRANCH_FOOD (ID_BranchFood, Available, ID_Branch, ID_Food) VALUES (465, 1, 4, 9);
INSERT INTO BRANCH_FOOD (ID_BranchFood, Available, ID_Branch, ID_Food) VALUES (466, 1, 9, 21);
INSERT INTO BRANCH_FOOD (ID_BranchFood, Available, ID_Branch, ID_Food) VALUES (467, 1, 8, 22);
INSERT INTO BRANCH_FOOD (ID_BranchFood, Available, ID_Branch, ID_Food) VALUES (468, 1, 3, 51);
INSERT INTO BRANCH_FOOD (ID_BranchFood, Available, ID_Branch, ID_Food) VALUES (469, 1, 4, 49);
INSERT INTO BRANCH_FOOD (ID_BranchFood, Available, ID_Branch, ID_Food) VALUES (470, 1, 5, 41);
INSERT INTO BRANCH_FOOD (ID_BranchFood, Available, ID_Branch, ID_Food) VALUES (471, 1, 4, 1);
INSERT INTO BRANCH_FOOD (ID_BranchFood, Available, ID_Branch, ID_Food) VALUES (472, 1, 9, 16);
INSERT INTO BRANCH_FOOD (ID_BranchFood, Available, ID_Branch, ID_Food) VALUES (473, 1, 4, 2);
INSERT INTO BRANCH_FOOD (ID_BranchFood, Available, ID_Branch, ID_Food) VALUES (474, 1, 5, 27);
INSERT INTO BRANCH_FOOD (ID_BranchFood, Available, ID_Branch, ID_Food) VALUES (475, 1, 13, 16);
INSERT INTO BRANCH_FOOD (ID_BranchFood, Available, ID_Branch, ID_Food) VALUES (476, 0, 10, 40);
INSERT INTO BRANCH_FOOD (ID_BranchFood, Available, ID_Branch, ID_Food) VALUES (477, 1, 4, 35);
INSERT INTO BRANCH_FOOD (ID_BranchFood, Available, ID_Branch, ID_Food) VALUES (478, 1, 9, 24);
INSERT INTO BRANCH_FOOD (ID_BranchFood, Available, ID_Branch, ID_Food) VALUES (479, 1, 9, 6);
INSERT INTO BRANCH_FOOD (ID_BranchFood, Available, ID_Branch, ID_Food) VALUES (480, 1, 6, 30);
INSERT INTO BRANCH_FOOD (ID_BranchFood, Available, ID_Branch, ID_Food) VALUES (481, 1, 7, 4);
INSERT INTO BRANCH_FOOD (ID_BranchFood, Available, ID_Branch, ID_Food) VALUES (482, 1, 8, 42);
INSERT INTO BRANCH_FOOD (ID_BranchFood, Available, ID_Branch, ID_Food) VALUES (483, 0, 7, 19);
INSERT INTO BRANCH_FOOD (ID_BranchFood, Available, ID_Branch, ID_Food) VALUES (484, 1, 3, 8);
INSERT INTO BRANCH_FOOD (ID_BranchFood, Available, ID_Branch, ID_Food) VALUES (485, 1, 9, 17);
INSERT INTO BRANCH_FOOD (ID_BranchFood, Available, ID_Branch, ID_Food) VALUES (486, 0, 6, 11);
INSERT INTO BRANCH_FOOD (ID_BranchFood, Available, ID_Branch, ID_Food) VALUES (487, 1, 8, 13);
INSERT INTO BRANCH_FOOD (ID_BranchFood, Available, ID_Branch, ID_Food) VALUES (488, 1, 12, 37);
INSERT INTO BRANCH_FOOD (ID_BranchFood, Available, ID_Branch, ID_Food) VALUES (489, 1, 6, 43);
INSERT INTO BRANCH_FOOD (ID_BranchFood, Available, ID_Branch, ID_Food) VALUES (490, 1, 13, 19);
INSERT INTO BRANCH_FOOD (ID_BranchFood, Available, ID_Branch, ID_Food) VALUES (491, 0, 14, 51);
INSERT INTO BRANCH_FOOD (ID_BranchFood, Available, ID_Branch, ID_Food) VALUES (492, 0, 9, 28);
INSERT INTO BRANCH_FOOD (ID_BranchFood, Available, ID_Branch, ID_Food) VALUES (493, 1, 9, 29);
INSERT INTO BRANCH_FOOD (ID_BranchFood, Available, ID_Branch, ID_Food) VALUES (494, 1, 9, 10);
INSERT INTO BRANCH_FOOD (ID_BranchFood, Available, ID_Branch, ID_Food) VALUES (495, 1, 9, 55);
INSERT INTO BRANCH_FOOD (ID_BranchFood, Available, ID_Branch, ID_Food) VALUES (496, 1, 15, 53);
INSERT INTO BRANCH_FOOD (ID_BranchFood, Available, ID_Branch, ID_Food) VALUES (497, 1, 4, 50);
INSERT INTO BRANCH_FOOD (ID_BranchFood, Available, ID_Branch, ID_Food) VALUES (498, 0, 14, 33);
INSERT INTO BRANCH_FOOD (ID_BranchFood, Available, ID_Branch, ID_Food) VALUES (499, 1, 8, 12);
INSERT INTO BRANCH_FOOD (ID_BranchFood, Available, ID_Branch, ID_Food) VALUES (500, 1, 6, 54);
INSERT INTO BRANCH_FOOD (ID_BranchFood, Available, ID_Branch, ID_Food) VALUES (501, 1, 2, 52);
INSERT INTO BRANCH_FOOD (ID_BranchFood, Available, ID_Branch, ID_Food) VALUES (502, 1, 6, 21);
INSERT INTO BRANCH_FOOD (ID_BranchFood, Available, ID_Branch, ID_Food) VALUES (503, 1, 5, 12);
INSERT INTO BRANCH_FOOD (ID_BranchFood, Available, ID_Branch, ID_Food) VALUES (504, 1, 5, 9);
INSERT INTO BRANCH_FOOD (ID_BranchFood, Available, ID_Branch, ID_Food) VALUES (505, 1, 3, 24);
INSERT INTO BRANCH_FOOD (ID_BranchFood, Available, ID_Branch, ID_Food) VALUES (506, 1, 12, 42);
INSERT INTO BRANCH_FOOD (ID_BranchFood, Available, ID_Branch, ID_Food) VALUES (507, 1, 14, 55);
INSERT INTO BRANCH_FOOD (ID_BranchFood, Available, ID_Branch, ID_Food) VALUES (508, 1, 14, 31);
INSERT INTO BRANCH_FOOD (ID_BranchFood, Available, ID_Branch, ID_Food) VALUES (509, 1, 6, 48);
INSERT INTO BRANCH_FOOD (ID_BranchFood, Available, ID_Branch, ID_Food) VALUES (510, 1, 15, 50);
INSERT INTO BRANCH_FOOD (ID_BranchFood, Available, ID_Branch, ID_Food) VALUES (511, 1, 10, 21);
INSERT INTO BRANCH_FOOD (ID_BranchFood, Available, ID_Branch, ID_Food) VALUES (512, 0, 10, 27);
INSERT INTO BRANCH_FOOD (ID_BranchFood, Available, ID_Branch, ID_Food) VALUES (513, 1, 4, 10);
INSERT INTO BRANCH_FOOD (ID_BranchFood, Available, ID_Branch, ID_Food) VALUES (514, 1, 1, 32);
INSERT INTO BRANCH_FOOD (ID_BranchFood, Available, ID_Branch, ID_Food) VALUES (515, 1, 1, 15);
INSERT INTO BRANCH_FOOD (ID_BranchFood, Available, ID_Branch, ID_Food) VALUES (516, 0, 15, 39);
INSERT INTO BRANCH_FOOD (ID_BranchFood, Available, ID_Branch, ID_Food) VALUES (517, 1, 12, 13);
INSERT INTO BRANCH_FOOD (ID_BranchFood, Available, ID_Branch, ID_Food) VALUES (518, 1, 4, 24);
INSERT INTO BRANCH_FOOD (ID_BranchFood, Available, ID_Branch, ID_Food) VALUES (519, 0, 8, 5);
INSERT INTO BRANCH_FOOD (ID_BranchFood, Available, ID_Branch, ID_Food) VALUES (520, 1, 9, 26);
INSERT INTO BRANCH_FOOD (ID_BranchFood, Available, ID_Branch, ID_Food) VALUES (521, 1, 15, 31);
INSERT INTO BRANCH_FOOD (ID_BranchFood, Available, ID_Branch, ID_Food) VALUES (522, 1, 4, 40);
INSERT INTO BRANCH_FOOD (ID_BranchFood, Available, ID_Branch, ID_Food) VALUES (523, 0, 8, 27);
INSERT INTO BRANCH_FOOD (ID_BranchFood, Available, ID_Branch, ID_Food) VALUES (524, 1, 11, 20);
INSERT INTO BRANCH_FOOD (ID_BranchFood, Available, ID_Branch, ID_Food) VALUES (525, 0, 5, 48);
INSERT INTO BRANCH_FOOD (ID_BranchFood, Available, ID_Branch, ID_Food) VALUES (526, 0, 14, 3);
INSERT INTO BRANCH_FOOD (ID_BranchFood, Available, ID_Branch, ID_Food) VALUES (527, 0, 8, 50);
INSERT INTO BRANCH_FOOD (ID_BranchFood, Available, ID_Branch, ID_Food) VALUES (528, 1, 5, 36);
INSERT INTO BRANCH_FOOD (ID_BranchFood, Available, ID_Branch, ID_Food) VALUES (529, 1, 2, 28);
INSERT INTO BRANCH_FOOD (ID_BranchFood, Available, ID_Branch, ID_Food) VALUES (530, 1, 5, 49);
INSERT INTO BRANCH_FOOD (ID_BranchFood, Available, ID_Branch, ID_Food) VALUES (531, 1, 15, 51);
INSERT INTO BRANCH_FOOD (ID_BranchFood, Available, ID_Branch, ID_Food) VALUES (532, 0, 1, 3);
INSERT INTO BRANCH_FOOD (ID_BranchFood, Available, ID_Branch, ID_Food) VALUES (533, 1, 14, 10);
INSERT INTO BRANCH_FOOD (ID_BranchFood, Available, ID_Branch, ID_Food) VALUES (534, 1, 5, 11);
INSERT INTO BRANCH_FOOD (ID_BranchFood, Available, ID_Branch, ID_Food) VALUES (535, 1, 6, 4);
INSERT INTO BRANCH_FOOD (ID_BranchFood, Available, ID_Branch, ID_Food) VALUES (536, 1, 14, 8);
INSERT INTO BRANCH_FOOD (ID_BranchFood, Available, ID_Branch, ID_Food) VALUES (537, 0, 6, 37);
INSERT INTO BRANCH_FOOD (ID_BranchFood, Available, ID_Branch, ID_Food) VALUES (538, 1, 12, 6);
INSERT INTO BRANCH_FOOD (ID_BranchFood, Available, ID_Branch, ID_Food) VALUES (539, 1, 14, 47);
INSERT INTO BRANCH_FOOD (ID_BranchFood, Available, ID_Branch, ID_Food) VALUES (540, 1, 4, 34);
INSERT INTO BRANCH_FOOD (ID_BranchFood, Available, ID_Branch, ID_Food) VALUES (541, 1, 14, 30);
INSERT INTO BRANCH_FOOD (ID_BranchFood, Available, ID_Branch, ID_Food) VALUES (542, 0, 12, 16);
INSERT INTO BRANCH_FOOD (ID_BranchFood, Available, ID_Branch, ID_Food) VALUES (543, 1, 9, 46);
INSERT INTO BRANCH_FOOD (ID_BranchFood, Available, ID_Branch, ID_Food) VALUES (544, 1, 10, 19);
INSERT INTO BRANCH_FOOD (ID_BranchFood, Available, ID_Branch, ID_Food) VALUES (545, 0, 1, 43);
INSERT INTO BRANCH_FOOD (ID_BranchFood, Available, ID_Branch, ID_Food) VALUES (546, 1, 13, 12);
INSERT INTO BRANCH_FOOD (ID_BranchFood, Available, ID_Branch, ID_Food) VALUES (547, 1, 4, 12);
INSERT INTO BRANCH_FOOD (ID_BranchFood, Available, ID_Branch, ID_Food) VALUES (548, 0, 6, 22);
INSERT INTO BRANCH_FOOD (ID_BranchFood, Available, ID_Branch, ID_Food) VALUES (549, 1, 13, 40);
INSERT INTO BRANCH_FOOD (ID_BranchFood, Available, ID_Branch, ID_Food) VALUES (550, 1, 15, 36);
INSERT INTO BRANCH_FOOD (ID_BranchFood, Available, ID_Branch, ID_Food) VALUES (551, 1, 8, 19);
INSERT INTO BRANCH_FOOD (ID_BranchFood, Available, ID_Branch, ID_Food) VALUES (552, 1, 9, 54);
INSERT INTO BRANCH_FOOD (ID_BranchFood, Available, ID_Branch, ID_Food) VALUES (553, 1, 15, 45);
INSERT INTO BRANCH_FOOD (ID_BranchFood, Available, ID_Branch, ID_Food) VALUES (554, 1, 14, 37);
INSERT INTO BRANCH_FOOD (ID_BranchFood, Available, ID_Branch, ID_Food) VALUES (555, 1, 2, 2);
INSERT INTO BRANCH_FOOD (ID_BranchFood, Available, ID_Branch, ID_Food) VALUES (556, 1, 15, 30);
INSERT INTO BRANCH_FOOD (ID_BranchFood, Available, ID_Branch, ID_Food) VALUES (557, 1, 4, 22);
INSERT INTO BRANCH_FOOD (ID_BranchFood, Available, ID_Branch, ID_Food) VALUES (558, 0, 3, 29);
INSERT INTO BRANCH_FOOD (ID_BranchFood, Available, ID_Branch, ID_Food) VALUES (559, 0, 9, 23);
INSERT INTO BRANCH_FOOD (ID_BranchFood, Available, ID_Branch, ID_Food) VALUES (560, 1, 2, 9);
INSERT INTO BRANCH_FOOD (ID_BranchFood, Available, ID_Branch, ID_Food) VALUES (561, 1, 14, 2);
INSERT INTO BRANCH_FOOD (ID_BranchFood, Available, ID_Branch, ID_Food) VALUES (562, 1, 15, 33);
INSERT INTO BRANCH_FOOD (ID_BranchFood, Available, ID_Branch, ID_Food) VALUES (563, 1, 9, 3);
INSERT INTO BRANCH_FOOD (ID_BranchFood, Available, ID_Branch, ID_Food) VALUES (564, 1, 15, 52);
INSERT INTO BRANCH_FOOD (ID_BranchFood, Available, ID_Branch, ID_Food) VALUES (565, 1, 10, 1);
INSERT INTO BRANCH_FOOD (ID_BranchFood, Available, ID_Branch, ID_Food) VALUES (566, 1, 3, 47);
INSERT INTO BRANCH_FOOD (ID_BranchFood, Available, ID_Branch, ID_Food) VALUES (567, 1, 3, 21);
INSERT INTO BRANCH_FOOD (ID_BranchFood, Available, ID_Branch, ID_Food) VALUES (568, 1, 9, 15);
INSERT INTO BRANCH_FOOD (ID_BranchFood, Available, ID_Branch, ID_Food) VALUES (569, 1, 2, 27);
INSERT INTO BRANCH_FOOD (ID_BranchFood, Available, ID_Branch, ID_Food) VALUES (570, 0, 12, 25);
INSERT INTO BRANCH_FOOD (ID_BranchFood, Available, ID_Branch, ID_Food) VALUES (571, 1, 1, 8);
INSERT INTO BRANCH_FOOD (ID_BranchFood, Available, ID_Branch, ID_Food) VALUES (572, 1, 12, 34);
INSERT INTO BRANCH_FOOD (ID_BranchFood, Available, ID_Branch, ID_Food) VALUES (573, 0, 2, 25);
INSERT INTO BRANCH_FOOD (ID_BranchFood, Available, ID_Branch, ID_Food) VALUES (574, 1, 13, 10);
INSERT INTO BRANCH_FOOD (ID_BranchFood, Available, ID_Branch, ID_Food) VALUES (575, 1, 3, 22);
INSERT INTO BRANCH_FOOD (ID_BranchFood, Available, ID_Branch, ID_Food) VALUES (576, 1, 12, 41);
INSERT INTO BRANCH_FOOD (ID_BranchFood, Available, ID_Branch, ID_Food) VALUES (577, 1, 8, 24);
INSERT INTO BRANCH_FOOD (ID_BranchFood, Available, ID_Branch, ID_Food) VALUES (578, 1, 5, 55);
INSERT INTO BRANCH_FOOD (ID_BranchFood, Available, ID_Branch, ID_Food) VALUES (579, 1, 1, 22);
INSERT INTO BRANCH_FOOD (ID_BranchFood, Available, ID_Branch, ID_Food) VALUES (580, 0, 3, 30);
INSERT INTO BRANCH_FOOD (ID_BranchFood, Available, ID_Branch, ID_Food) VALUES (581, 1, 13, 13);
INSERT INTO BRANCH_FOOD (ID_BranchFood, Available, ID_Branch, ID_Food) VALUES (582, 1, 6, 47);
INSERT INTO BRANCH_FOOD (ID_BranchFood, Available, ID_Branch, ID_Food) VALUES (583, 1, 10, 53);
INSERT INTO BRANCH_FOOD (ID_BranchFood, Available, ID_Branch, ID_Food) VALUES (584, 0, 15, 14);
INSERT INTO BRANCH_FOOD (ID_BranchFood, Available, ID_Branch, ID_Food) VALUES (585, 1, 11, 49);
INSERT INTO BRANCH_FOOD (ID_BranchFood, Available, ID_Branch, ID_Food) VALUES (586, 0, 6, 33);
INSERT INTO BRANCH_FOOD (ID_BranchFood, Available, ID_Branch, ID_Food) VALUES (587, 1, 7, 12);
INSERT INTO BRANCH_FOOD (ID_BranchFood, Available, ID_Branch, ID_Food) VALUES (588, 0, 1, 23);
INSERT INTO BRANCH_FOOD (ID_BranchFood, Available, ID_Branch, ID_Food) VALUES (589, 0, 2, 54);
INSERT INTO BRANCH_FOOD (ID_BranchFood, Available, ID_Branch, ID_Food) VALUES (590, 1, 11, 16);
INSERT INTO BRANCH_FOOD (ID_BranchFood, Available, ID_Branch, ID_Food) VALUES (591, 1, 9, 1);
INSERT INTO BRANCH_FOOD (ID_BranchFood, Available, ID_Branch, ID_Food) VALUES (592, 1, 6, 40);
INSERT INTO BRANCH_FOOD (ID_BranchFood, Available, ID_Branch, ID_Food) VALUES (593, 1, 9, 20);
INSERT INTO BRANCH_FOOD (ID_BranchFood, Available, ID_Branch, ID_Food) VALUES (594, 1, 14, 11);
INSERT INTO BRANCH_FOOD (ID_BranchFood, Available, ID_Branch, ID_Food) VALUES (595, 1, 11, 6);
INSERT INTO BRANCH_FOOD (ID_BranchFood, Available, ID_Branch, ID_Food) VALUES (596, 1, 4, 14);
INSERT INTO BRANCH_FOOD (ID_BranchFood, Available, ID_Branch, ID_Food) VALUES (597, 1, 15, 41);
INSERT INTO BRANCH_FOOD (ID_BranchFood, Available, ID_Branch, ID_Food) VALUES (598, 0, 2, 24);
INSERT INTO BRANCH_FOOD (ID_BranchFood, Available, ID_Branch, ID_Food) VALUES (599, 1, 14, 29);
INSERT INTO BRANCH_FOOD (ID_BranchFood, Available, ID_Branch, ID_Food) VALUES (600, 0, 8, 25);
INSERT INTO [TABLE] (ID_Table, NumberOfSeats, StatusTable, ID_Branch) VALUES (1, 8, 0, 1);
INSERT INTO [TABLE] (ID_Table, NumberOfSeats, StatusTable, ID_Branch) VALUES (2, 4, 0, 1);
INSERT INTO [TABLE] (ID_Table, NumberOfSeats, StatusTable, ID_Branch) VALUES (3, 8, 1, 1);
INSERT INTO [TABLE] (ID_Table, NumberOfSeats, StatusTable, ID_Branch) VALUES (4, 8, 1, 1);
INSERT INTO [TABLE] (ID_Table, NumberOfSeats, StatusTable, ID_Branch) VALUES (5, 4, 1, 1);
INSERT INTO [TABLE] (ID_Table, NumberOfSeats, StatusTable, ID_Branch) VALUES (6, 4, 0, 1);
INSERT INTO [TABLE] (ID_Table, NumberOfSeats, StatusTable, ID_Branch) VALUES (7, 4, 1, 1);
INSERT INTO [TABLE] (ID_Table, NumberOfSeats, StatusTable, ID_Branch) VALUES (8, 6, 0, 1);
INSERT INTO [TABLE] (ID_Table, NumberOfSeats, StatusTable, ID_Branch) VALUES (9, 6, 0, 1);
INSERT INTO [TABLE] (ID_Table, NumberOfSeats, StatusTable, ID_Branch) VALUES (10, 4, 0, 1);
INSERT INTO [TABLE] (ID_Table, NumberOfSeats, StatusTable, ID_Branch) VALUES (11, 8, 1, 1);
INSERT INTO [TABLE] (ID_Table, NumberOfSeats, StatusTable, ID_Branch) VALUES (12, 8, 1, 1);
INSERT INTO [TABLE] (ID_Table, NumberOfSeats, StatusTable, ID_Branch) VALUES (13, 8, 0, 1);
INSERT INTO [TABLE] (ID_Table, NumberOfSeats, StatusTable, ID_Branch) VALUES (14, 6, 0, 1);
INSERT INTO [TABLE] (ID_Table, NumberOfSeats, StatusTable, ID_Branch) VALUES (15, 2, 0, 1);
INSERT INTO [TABLE] (ID_Table, NumberOfSeats, StatusTable, ID_Branch) VALUES (16, 6, 1, 1);
INSERT INTO [TABLE] (ID_Table, NumberOfSeats, StatusTable, ID_Branch) VALUES (17, 6, 1, 1);
INSERT INTO [TABLE] (ID_Table, NumberOfSeats, StatusTable, ID_Branch) VALUES (18, 6, 0, 1);
INSERT INTO [TABLE] (ID_Table, NumberOfSeats, StatusTable, ID_Branch) VALUES (19, 2, 0, 1);
INSERT INTO [TABLE] (ID_Table, NumberOfSeats, StatusTable, ID_Branch) VALUES (20, 6, 0, 1);
INSERT INTO [TABLE] (ID_Table, NumberOfSeats, StatusTable, ID_Branch) VALUES (21, 2, 1, 1);
INSERT INTO [TABLE] (ID_Table, NumberOfSeats, StatusTable, ID_Branch) VALUES (22, 8, 1, 1);
INSERT INTO [TABLE] (ID_Table, NumberOfSeats, StatusTable, ID_Branch) VALUES (23, 6, 1, 1);
INSERT INTO [TABLE] (ID_Table, NumberOfSeats, StatusTable, ID_Branch) VALUES (24, 6, 1, 1);
INSERT INTO [TABLE] (ID_Table, NumberOfSeats, StatusTable, ID_Branch) VALUES (25, 4, 0, 1);
INSERT INTO [TABLE] (ID_Table, NumberOfSeats, StatusTable, ID_Branch) VALUES (26, 4, 1, 1);
INSERT INTO [TABLE] (ID_Table, NumberOfSeats, StatusTable, ID_Branch) VALUES (27, 4, 0, 1);
INSERT INTO [TABLE] (ID_Table, NumberOfSeats, StatusTable, ID_Branch) VALUES (28, 4, 1, 1);
INSERT INTO [TABLE] (ID_Table, NumberOfSeats, StatusTable, ID_Branch) VALUES (29, 2, 0, 1);
INSERT INTO [TABLE] (ID_Table, NumberOfSeats, StatusTable, ID_Branch) VALUES (30, 8, 0, 1);
INSERT INTO [TABLE] (ID_Table, NumberOfSeats, StatusTable, ID_Branch) VALUES (31, 6, 0, 2);
INSERT INTO [TABLE] (ID_Table, NumberOfSeats, StatusTable, ID_Branch) VALUES (32, 6, 1, 2);
INSERT INTO [TABLE] (ID_Table, NumberOfSeats, StatusTable, ID_Branch) VALUES (33, 6, 0, 2);
INSERT INTO [TABLE] (ID_Table, NumberOfSeats, StatusTable, ID_Branch) VALUES (34, 6, 1, 2);
INSERT INTO [TABLE] (ID_Table, NumberOfSeats, StatusTable, ID_Branch) VALUES (35, 4, 0, 2);
INSERT INTO [TABLE] (ID_Table, NumberOfSeats, StatusTable, ID_Branch) VALUES (36, 8, 1, 2);
INSERT INTO [TABLE] (ID_Table, NumberOfSeats, StatusTable, ID_Branch) VALUES (37, 8, 1, 2);
INSERT INTO [TABLE] (ID_Table, NumberOfSeats, StatusTable, ID_Branch) VALUES (38, 6, 1, 2);
INSERT INTO [TABLE] (ID_Table, NumberOfSeats, StatusTable, ID_Branch) VALUES (39, 8, 1, 2);
INSERT INTO [TABLE] (ID_Table, NumberOfSeats, StatusTable, ID_Branch) VALUES (40, 8, 1, 2);
INSERT INTO [TABLE] (ID_Table, NumberOfSeats, StatusTable, ID_Branch) VALUES (41, 8, 0, 2);
INSERT INTO [TABLE] (ID_Table, NumberOfSeats, StatusTable, ID_Branch) VALUES (42, 8, 0, 2);
INSERT INTO [TABLE] (ID_Table, NumberOfSeats, StatusTable, ID_Branch) VALUES (43, 8, 1, 2);
INSERT INTO [TABLE] (ID_Table, NumberOfSeats, StatusTable, ID_Branch) VALUES (44, 4, 0, 2);
INSERT INTO [TABLE] (ID_Table, NumberOfSeats, StatusTable, ID_Branch) VALUES (45, 8, 0, 2);
INSERT INTO [TABLE] (ID_Table, NumberOfSeats, StatusTable, ID_Branch) VALUES (46, 8, 0, 2);
INSERT INTO [TABLE] (ID_Table, NumberOfSeats, StatusTable, ID_Branch) VALUES (47, 8, 0, 2);
INSERT INTO [TABLE] (ID_Table, NumberOfSeats, StatusTable, ID_Branch) VALUES (48, 2, 1, 2);
INSERT INTO [TABLE] (ID_Table, NumberOfSeats, StatusTable, ID_Branch) VALUES (49, 2, 1, 2);
INSERT INTO [TABLE] (ID_Table, NumberOfSeats, StatusTable, ID_Branch) VALUES (50, 8, 0, 2);
INSERT INTO [TABLE] (ID_Table, NumberOfSeats, StatusTable, ID_Branch) VALUES (51, 8, 0, 2);
INSERT INTO [TABLE] (ID_Table, NumberOfSeats, StatusTable, ID_Branch) VALUES (52, 6, 0, 2);
INSERT INTO [TABLE] (ID_Table, NumberOfSeats, StatusTable, ID_Branch) VALUES (53, 2, 0, 2);
INSERT INTO [TABLE] (ID_Table, NumberOfSeats, StatusTable, ID_Branch) VALUES (54, 8, 0, 3);
INSERT INTO [TABLE] (ID_Table, NumberOfSeats, StatusTable, ID_Branch) VALUES (55, 2, 0, 3);
INSERT INTO [TABLE] (ID_Table, NumberOfSeats, StatusTable, ID_Branch) VALUES (56, 6, 0, 3);
INSERT INTO [TABLE] (ID_Table, NumberOfSeats, StatusTable, ID_Branch) VALUES (57, 6, 0, 3);
INSERT INTO [TABLE] (ID_Table, NumberOfSeats, StatusTable, ID_Branch) VALUES (58, 2, 0, 3);
INSERT INTO [TABLE] (ID_Table, NumberOfSeats, StatusTable, ID_Branch) VALUES (59, 6, 1, 3);
INSERT INTO [TABLE] (ID_Table, NumberOfSeats, StatusTable, ID_Branch) VALUES (60, 8, 0, 3);
INSERT INTO [TABLE] (ID_Table, NumberOfSeats, StatusTable, ID_Branch) VALUES (61, 6, 1, 3);
INSERT INTO [TABLE] (ID_Table, NumberOfSeats, StatusTable, ID_Branch) VALUES (62, 6, 0, 3);
INSERT INTO [TABLE] (ID_Table, NumberOfSeats, StatusTable, ID_Branch) VALUES (63, 8, 1, 3);
INSERT INTO [TABLE] (ID_Table, NumberOfSeats, StatusTable, ID_Branch) VALUES (64, 2, 1, 3);
INSERT INTO [TABLE] (ID_Table, NumberOfSeats, StatusTable, ID_Branch) VALUES (65, 8, 1, 3);
INSERT INTO [TABLE] (ID_Table, NumberOfSeats, StatusTable, ID_Branch) VALUES (66, 8, 0, 3);
INSERT INTO [TABLE] (ID_Table, NumberOfSeats, StatusTable, ID_Branch) VALUES (67, 8, 0, 3);
INSERT INTO [TABLE] (ID_Table, NumberOfSeats, StatusTable, ID_Branch) VALUES (68, 6, 1, 3);
INSERT INTO [TABLE] (ID_Table, NumberOfSeats, StatusTable, ID_Branch) VALUES (69, 6, 1, 3);
INSERT INTO [TABLE] (ID_Table, NumberOfSeats, StatusTable, ID_Branch) VALUES (70, 4, 1, 3);
INSERT INTO [TABLE] (ID_Table, NumberOfSeats, StatusTable, ID_Branch) VALUES (71, 6, 0, 3);
INSERT INTO [TABLE] (ID_Table, NumberOfSeats, StatusTable, ID_Branch) VALUES (72, 2, 0, 3);
INSERT INTO [TABLE] (ID_Table, NumberOfSeats, StatusTable, ID_Branch) VALUES (73, 6, 1, 3);
INSERT INTO [TABLE] (ID_Table, NumberOfSeats, StatusTable, ID_Branch) VALUES (74, 8, 1, 3);
INSERT INTO [TABLE] (ID_Table, NumberOfSeats, StatusTable, ID_Branch) VALUES (75, 6, 0, 3);
INSERT INTO [TABLE] (ID_Table, NumberOfSeats, StatusTable, ID_Branch) VALUES (76, 2, 1, 3);
INSERT INTO [TABLE] (ID_Table, NumberOfSeats, StatusTable, ID_Branch) VALUES (77, 2, 1, 3);
INSERT INTO [TABLE] (ID_Table, NumberOfSeats, StatusTable, ID_Branch) VALUES (78, 8, 1, 3);
INSERT INTO [TABLE] (ID_Table, NumberOfSeats, StatusTable, ID_Branch) VALUES (79, 4, 0, 4);
INSERT INTO [TABLE] (ID_Table, NumberOfSeats, StatusTable, ID_Branch) VALUES (80, 6, 1, 4);
INSERT INTO [TABLE] (ID_Table, NumberOfSeats, StatusTable, ID_Branch) VALUES (81, 6, 1, 4);
INSERT INTO [TABLE] (ID_Table, NumberOfSeats, StatusTable, ID_Branch) VALUES (82, 2, 0, 4);
INSERT INTO [TABLE] (ID_Table, NumberOfSeats, StatusTable, ID_Branch) VALUES (83, 8, 1, 4);
INSERT INTO [TABLE] (ID_Table, NumberOfSeats, StatusTable, ID_Branch) VALUES (84, 8, 1, 4);
INSERT INTO [TABLE] (ID_Table, NumberOfSeats, StatusTable, ID_Branch) VALUES (85, 8, 0, 4);
INSERT INTO [TABLE] (ID_Table, NumberOfSeats, StatusTable, ID_Branch) VALUES (86, 4, 1, 4);
INSERT INTO [TABLE] (ID_Table, NumberOfSeats, StatusTable, ID_Branch) VALUES (87, 6, 1, 4);
INSERT INTO [TABLE] (ID_Table, NumberOfSeats, StatusTable, ID_Branch) VALUES (88, 2, 0, 4);
INSERT INTO [TABLE] (ID_Table, NumberOfSeats, StatusTable, ID_Branch) VALUES (89, 2, 1, 4);
INSERT INTO [TABLE] (ID_Table, NumberOfSeats, StatusTable, ID_Branch) VALUES (90, 4, 1, 4);
INSERT INTO [TABLE] (ID_Table, NumberOfSeats, StatusTable, ID_Branch) VALUES (91, 6, 1, 4);
INSERT INTO [TABLE] (ID_Table, NumberOfSeats, StatusTable, ID_Branch) VALUES (92, 6, 0, 4);
INSERT INTO [TABLE] (ID_Table, NumberOfSeats, StatusTable, ID_Branch) VALUES (93, 6, 0, 4);
INSERT INTO [TABLE] (ID_Table, NumberOfSeats, StatusTable, ID_Branch) VALUES (94, 2, 0, 4);
INSERT INTO [TABLE] (ID_Table, NumberOfSeats, StatusTable, ID_Branch) VALUES (95, 4, 1, 4);
INSERT INTO [TABLE] (ID_Table, NumberOfSeats, StatusTable, ID_Branch) VALUES (96, 6, 1, 4);
INSERT INTO [TABLE] (ID_Table, NumberOfSeats, StatusTable, ID_Branch) VALUES (97, 2, 1, 4);
INSERT INTO [TABLE] (ID_Table, NumberOfSeats, StatusTable, ID_Branch) VALUES (98, 8, 0, 4);
INSERT INTO [TABLE] (ID_Table, NumberOfSeats, StatusTable, ID_Branch) VALUES (99, 2, 0, 4);
INSERT INTO [TABLE] (ID_Table, NumberOfSeats, StatusTable, ID_Branch) VALUES (100, 6, 1, 5);
INSERT INTO [TABLE] (ID_Table, NumberOfSeats, StatusTable, ID_Branch) VALUES (101, 2, 1, 5);
INSERT INTO [TABLE] (ID_Table, NumberOfSeats, StatusTable, ID_Branch) VALUES (102, 2, 0, 5);
INSERT INTO [TABLE] (ID_Table, NumberOfSeats, StatusTable, ID_Branch) VALUES (103, 6, 0, 5);
INSERT INTO [TABLE] (ID_Table, NumberOfSeats, StatusTable, ID_Branch) VALUES (104, 2, 0, 5);
INSERT INTO [TABLE] (ID_Table, NumberOfSeats, StatusTable, ID_Branch) VALUES (105, 6, 0, 5);
INSERT INTO [TABLE] (ID_Table, NumberOfSeats, StatusTable, ID_Branch) VALUES (106, 6, 1, 5);
INSERT INTO [TABLE] (ID_Table, NumberOfSeats, StatusTable, ID_Branch) VALUES (107, 8, 0, 5);
INSERT INTO [TABLE] (ID_Table, NumberOfSeats, StatusTable, ID_Branch) VALUES (108, 6, 1, 5);
INSERT INTO [TABLE] (ID_Table, NumberOfSeats, StatusTable, ID_Branch) VALUES (109, 2, 0, 5);
INSERT INTO [TABLE] (ID_Table, NumberOfSeats, StatusTable, ID_Branch) VALUES (110, 6, 0, 5);
INSERT INTO [TABLE] (ID_Table, NumberOfSeats, StatusTable, ID_Branch) VALUES (111, 6, 1, 5);
INSERT INTO [TABLE] (ID_Table, NumberOfSeats, StatusTable, ID_Branch) VALUES (112, 8, 0, 5);
INSERT INTO [TABLE] (ID_Table, NumberOfSeats, StatusTable, ID_Branch) VALUES (113, 8, 1, 5);
INSERT INTO [TABLE] (ID_Table, NumberOfSeats, StatusTable, ID_Branch) VALUES (114, 8, 0, 5);
INSERT INTO [TABLE] (ID_Table, NumberOfSeats, StatusTable, ID_Branch) VALUES (115, 8, 1, 5);
INSERT INTO [TABLE] (ID_Table, NumberOfSeats, StatusTable, ID_Branch) VALUES (116, 4, 0, 5);
INSERT INTO [TABLE] (ID_Table, NumberOfSeats, StatusTable, ID_Branch) VALUES (117, 4, 0, 5);
INSERT INTO [TABLE] (ID_Table, NumberOfSeats, StatusTable, ID_Branch) VALUES (118, 4, 0, 5);
INSERT INTO [TABLE] (ID_Table, NumberOfSeats, StatusTable, ID_Branch) VALUES (119, 6, 1, 5);
INSERT INTO [TABLE] (ID_Table, NumberOfSeats, StatusTable, ID_Branch) VALUES (120, 8, 0, 5);
INSERT INTO [TABLE] (ID_Table, NumberOfSeats, StatusTable, ID_Branch) VALUES (121, 6, 1, 5);
INSERT INTO [TABLE] (ID_Table, NumberOfSeats, StatusTable, ID_Branch) VALUES (122, 2, 1, 5);
INSERT INTO [TABLE] (ID_Table, NumberOfSeats, StatusTable, ID_Branch) VALUES (123, 4, 0, 6);
INSERT INTO [TABLE] (ID_Table, NumberOfSeats, StatusTable, ID_Branch) VALUES (124, 8, 1, 6);
INSERT INTO [TABLE] (ID_Table, NumberOfSeats, StatusTable, ID_Branch) VALUES (125, 4, 0, 6);
INSERT INTO [TABLE] (ID_Table, NumberOfSeats, StatusTable, ID_Branch) VALUES (126, 6, 0, 6);
INSERT INTO [TABLE] (ID_Table, NumberOfSeats, StatusTable, ID_Branch) VALUES (127, 6, 1, 6);
INSERT INTO [TABLE] (ID_Table, NumberOfSeats, StatusTable, ID_Branch) VALUES (128, 4, 1, 6);
INSERT INTO [TABLE] (ID_Table, NumberOfSeats, StatusTable, ID_Branch) VALUES (129, 6, 1, 6);
INSERT INTO [TABLE] (ID_Table, NumberOfSeats, StatusTable, ID_Branch) VALUES (130, 4, 0, 6);
INSERT INTO [TABLE] (ID_Table, NumberOfSeats, StatusTable, ID_Branch) VALUES (131, 6, 1, 6);
INSERT INTO [TABLE] (ID_Table, NumberOfSeats, StatusTable, ID_Branch) VALUES (132, 4, 1, 6);
INSERT INTO [TABLE] (ID_Table, NumberOfSeats, StatusTable, ID_Branch) VALUES (133, 2, 1, 6);
INSERT INTO [TABLE] (ID_Table, NumberOfSeats, StatusTable, ID_Branch) VALUES (134, 6, 1, 6);
INSERT INTO [TABLE] (ID_Table, NumberOfSeats, StatusTable, ID_Branch) VALUES (135, 4, 0, 6);
INSERT INTO [TABLE] (ID_Table, NumberOfSeats, StatusTable, ID_Branch) VALUES (136, 4, 0, 6);
INSERT INTO [TABLE] (ID_Table, NumberOfSeats, StatusTable, ID_Branch) VALUES (137, 8, 1, 6);
INSERT INTO [TABLE] (ID_Table, NumberOfSeats, StatusTable, ID_Branch) VALUES (138, 8, 1, 6);
INSERT INTO [TABLE] (ID_Table, NumberOfSeats, StatusTable, ID_Branch) VALUES (139, 6, 1, 6);
INSERT INTO [TABLE] (ID_Table, NumberOfSeats, StatusTable, ID_Branch) VALUES (140, 6, 0, 6);
INSERT INTO [TABLE] (ID_Table, NumberOfSeats, StatusTable, ID_Branch) VALUES (141, 2, 1, 6);
INSERT INTO [TABLE] (ID_Table, NumberOfSeats, StatusTable, ID_Branch) VALUES (142, 8, 0, 6);
INSERT INTO [TABLE] (ID_Table, NumberOfSeats, StatusTable, ID_Branch) VALUES (143, 6, 0, 6);
INSERT INTO [TABLE] (ID_Table, NumberOfSeats, StatusTable, ID_Branch) VALUES (144, 4, 0, 6);
INSERT INTO [TABLE] (ID_Table, NumberOfSeats, StatusTable, ID_Branch) VALUES (145, 2, 1, 6);
INSERT INTO [TABLE] (ID_Table, NumberOfSeats, StatusTable, ID_Branch) VALUES (146, 4, 1, 6);
INSERT INTO [TABLE] (ID_Table, NumberOfSeats, StatusTable, ID_Branch) VALUES (147, 4, 1, 6);
INSERT INTO [TABLE] (ID_Table, NumberOfSeats, StatusTable, ID_Branch) VALUES (148, 8, 1, 6);
INSERT INTO [TABLE] (ID_Table, NumberOfSeats, StatusTable, ID_Branch) VALUES (149, 8, 0, 6);
INSERT INTO [TABLE] (ID_Table, NumberOfSeats, StatusTable, ID_Branch) VALUES (150, 8, 0, 6);
INSERT INTO [TABLE] (ID_Table, NumberOfSeats, StatusTable, ID_Branch) VALUES (151, 6, 1, 6);
INSERT INTO [TABLE] (ID_Table, NumberOfSeats, StatusTable, ID_Branch) VALUES (152, 2, 1, 6);
INSERT INTO [TABLE] (ID_Table, NumberOfSeats, StatusTable, ID_Branch) VALUES (153, 2, 0, 7);
INSERT INTO [TABLE] (ID_Table, NumberOfSeats, StatusTable, ID_Branch) VALUES (154, 8, 0, 7);
INSERT INTO [TABLE] (ID_Table, NumberOfSeats, StatusTable, ID_Branch) VALUES (155, 4, 0, 7);
INSERT INTO [TABLE] (ID_Table, NumberOfSeats, StatusTable, ID_Branch) VALUES (156, 6, 1, 7);
INSERT INTO [TABLE] (ID_Table, NumberOfSeats, StatusTable, ID_Branch) VALUES (157, 6, 0, 7);
INSERT INTO [TABLE] (ID_Table, NumberOfSeats, StatusTable, ID_Branch) VALUES (158, 4, 1, 7);
INSERT INTO [TABLE] (ID_Table, NumberOfSeats, StatusTable, ID_Branch) VALUES (159, 2, 1, 7);
INSERT INTO [TABLE] (ID_Table, NumberOfSeats, StatusTable, ID_Branch) VALUES (160, 2, 1, 7);
INSERT INTO [TABLE] (ID_Table, NumberOfSeats, StatusTable, ID_Branch) VALUES (161, 4, 0, 7);
INSERT INTO [TABLE] (ID_Table, NumberOfSeats, StatusTable, ID_Branch) VALUES (162, 4, 1, 7);
INSERT INTO [TABLE] (ID_Table, NumberOfSeats, StatusTable, ID_Branch) VALUES (163, 2, 0, 7);
INSERT INTO [TABLE] (ID_Table, NumberOfSeats, StatusTable, ID_Branch) VALUES (164, 6, 1, 7);
INSERT INTO [TABLE] (ID_Table, NumberOfSeats, StatusTable, ID_Branch) VALUES (165, 4, 0, 7);
INSERT INTO [TABLE] (ID_Table, NumberOfSeats, StatusTable, ID_Branch) VALUES (166, 4, 1, 7);
INSERT INTO [TABLE] (ID_Table, NumberOfSeats, StatusTable, ID_Branch) VALUES (167, 8, 1, 7);
INSERT INTO [TABLE] (ID_Table, NumberOfSeats, StatusTable, ID_Branch) VALUES (168, 2, 0, 7);
INSERT INTO [TABLE] (ID_Table, NumberOfSeats, StatusTable, ID_Branch) VALUES (169, 2, 0, 7);
INSERT INTO [TABLE] (ID_Table, NumberOfSeats, StatusTable, ID_Branch) VALUES (170, 6, 1, 7);
INSERT INTO [TABLE] (ID_Table, NumberOfSeats, StatusTable, ID_Branch) VALUES (171, 4, 1, 7);
INSERT INTO [TABLE] (ID_Table, NumberOfSeats, StatusTable, ID_Branch) VALUES (172, 4, 1, 7);
INSERT INTO [TABLE] (ID_Table, NumberOfSeats, StatusTable, ID_Branch) VALUES (173, 6, 1, 7);
INSERT INTO [TABLE] (ID_Table, NumberOfSeats, StatusTable, ID_Branch) VALUES (174, 4, 1, 7);
INSERT INTO [TABLE] (ID_Table, NumberOfSeats, StatusTable, ID_Branch) VALUES (175, 4, 1, 8);
INSERT INTO [TABLE] (ID_Table, NumberOfSeats, StatusTable, ID_Branch) VALUES (176, 8, 0, 8);
INSERT INTO [TABLE] (ID_Table, NumberOfSeats, StatusTable, ID_Branch) VALUES (177, 8, 1, 8);
INSERT INTO [TABLE] (ID_Table, NumberOfSeats, StatusTable, ID_Branch) VALUES (178, 6, 1, 8);
INSERT INTO [TABLE] (ID_Table, NumberOfSeats, StatusTable, ID_Branch) VALUES (179, 4, 1, 8);
INSERT INTO [TABLE] (ID_Table, NumberOfSeats, StatusTable, ID_Branch) VALUES (180, 6, 0, 8);
INSERT INTO [TABLE] (ID_Table, NumberOfSeats, StatusTable, ID_Branch) VALUES (181, 2, 0, 8);
INSERT INTO [TABLE] (ID_Table, NumberOfSeats, StatusTable, ID_Branch) VALUES (182, 4, 0, 8);
INSERT INTO [TABLE] (ID_Table, NumberOfSeats, StatusTable, ID_Branch) VALUES (183, 8, 0, 8);
INSERT INTO [TABLE] (ID_Table, NumberOfSeats, StatusTable, ID_Branch) VALUES (184, 8, 0, 8);
INSERT INTO [TABLE] (ID_Table, NumberOfSeats, StatusTable, ID_Branch) VALUES (185, 2, 0, 8);
INSERT INTO [TABLE] (ID_Table, NumberOfSeats, StatusTable, ID_Branch) VALUES (186, 2, 0, 8);
INSERT INTO [TABLE] (ID_Table, NumberOfSeats, StatusTable, ID_Branch) VALUES (187, 4, 1, 8);
INSERT INTO [TABLE] (ID_Table, NumberOfSeats, StatusTable, ID_Branch) VALUES (188, 8, 0, 8);
INSERT INTO [TABLE] (ID_Table, NumberOfSeats, StatusTable, ID_Branch) VALUES (189, 6, 0, 8);
INSERT INTO [TABLE] (ID_Table, NumberOfSeats, StatusTable, ID_Branch) VALUES (190, 2, 1, 8);
INSERT INTO [TABLE] (ID_Table, NumberOfSeats, StatusTable, ID_Branch) VALUES (191, 4, 1, 8);
INSERT INTO [TABLE] (ID_Table, NumberOfSeats, StatusTable, ID_Branch) VALUES (192, 8, 1, 8);
INSERT INTO [TABLE] (ID_Table, NumberOfSeats, StatusTable, ID_Branch) VALUES (193, 2, 1, 8);
INSERT INTO [TABLE] (ID_Table, NumberOfSeats, StatusTable, ID_Branch) VALUES (194, 2, 0, 8);
INSERT INTO [TABLE] (ID_Table, NumberOfSeats, StatusTable, ID_Branch) VALUES (195, 6, 1, 8);
INSERT INTO [TABLE] (ID_Table, NumberOfSeats, StatusTable, ID_Branch) VALUES (196, 2, 0, 8);
INSERT INTO [TABLE] (ID_Table, NumberOfSeats, StatusTable, ID_Branch) VALUES (197, 8, 0, 9);
INSERT INTO [TABLE] (ID_Table, NumberOfSeats, StatusTable, ID_Branch) VALUES (198, 6, 1, 9);
INSERT INTO [TABLE] (ID_Table, NumberOfSeats, StatusTable, ID_Branch) VALUES (199, 8, 1, 9);
INSERT INTO [TABLE] (ID_Table, NumberOfSeats, StatusTable, ID_Branch) VALUES (200, 8, 1, 9);
INSERT INTO [TABLE] (ID_Table, NumberOfSeats, StatusTable, ID_Branch) VALUES (201, 8, 1, 9);
INSERT INTO [TABLE] (ID_Table, NumberOfSeats, StatusTable, ID_Branch) VALUES (202, 8, 0, 9);
INSERT INTO [TABLE] (ID_Table, NumberOfSeats, StatusTable, ID_Branch) VALUES (203, 2, 1, 9);
INSERT INTO [TABLE] (ID_Table, NumberOfSeats, StatusTable, ID_Branch) VALUES (204, 8, 0, 9);
INSERT INTO [TABLE] (ID_Table, NumberOfSeats, StatusTable, ID_Branch) VALUES (205, 4, 1, 9);
INSERT INTO [TABLE] (ID_Table, NumberOfSeats, StatusTable, ID_Branch) VALUES (206, 4, 1, 9);
INSERT INTO [TABLE] (ID_Table, NumberOfSeats, StatusTable, ID_Branch) VALUES (207, 4, 1, 9);
INSERT INTO [TABLE] (ID_Table, NumberOfSeats, StatusTable, ID_Branch) VALUES (208, 4, 0, 9);
INSERT INTO [TABLE] (ID_Table, NumberOfSeats, StatusTable, ID_Branch) VALUES (209, 6, 1, 9);
INSERT INTO [TABLE] (ID_Table, NumberOfSeats, StatusTable, ID_Branch) VALUES (210, 6, 1, 9);
INSERT INTO [TABLE] (ID_Table, NumberOfSeats, StatusTable, ID_Branch) VALUES (211, 6, 1, 9);
INSERT INTO [TABLE] (ID_Table, NumberOfSeats, StatusTable, ID_Branch) VALUES (212, 4, 0, 9);
INSERT INTO [TABLE] (ID_Table, NumberOfSeats, StatusTable, ID_Branch) VALUES (213, 2, 1, 9);
INSERT INTO [TABLE] (ID_Table, NumberOfSeats, StatusTable, ID_Branch) VALUES (214, 2, 0, 9);
INSERT INTO [TABLE] (ID_Table, NumberOfSeats, StatusTable, ID_Branch) VALUES (215, 2, 1, 9);
INSERT INTO [TABLE] (ID_Table, NumberOfSeats, StatusTable, ID_Branch) VALUES (216, 8, 1, 9);
INSERT INTO [TABLE] (ID_Table, NumberOfSeats, StatusTable, ID_Branch) VALUES (217, 4, 0, 9);
INSERT INTO [TABLE] (ID_Table, NumberOfSeats, StatusTable, ID_Branch) VALUES (218, 4, 0, 9);
INSERT INTO [TABLE] (ID_Table, NumberOfSeats, StatusTable, ID_Branch) VALUES (219, 8, 0, 9);
INSERT INTO [TABLE] (ID_Table, NumberOfSeats, StatusTable, ID_Branch) VALUES (220, 4, 1, 9);
INSERT INTO [TABLE] (ID_Table, NumberOfSeats, StatusTable, ID_Branch) VALUES (221, 2, 0, 9);
INSERT INTO [TABLE] (ID_Table, NumberOfSeats, StatusTable, ID_Branch) VALUES (222, 8, 0, 9);
INSERT INTO [TABLE] (ID_Table, NumberOfSeats, StatusTable, ID_Branch) VALUES (223, 4, 1, 9);
INSERT INTO [TABLE] (ID_Table, NumberOfSeats, StatusTable, ID_Branch) VALUES (224, 2, 0, 9);
INSERT INTO [TABLE] (ID_Table, NumberOfSeats, StatusTable, ID_Branch) VALUES (225, 8, 1, 9);
INSERT INTO [TABLE] (ID_Table, NumberOfSeats, StatusTable, ID_Branch) VALUES (226, 8, 0, 10);
INSERT INTO [TABLE] (ID_Table, NumberOfSeats, StatusTable, ID_Branch) VALUES (227, 4, 0, 10);
INSERT INTO [TABLE] (ID_Table, NumberOfSeats, StatusTable, ID_Branch) VALUES (228, 6, 0, 10);
INSERT INTO [TABLE] (ID_Table, NumberOfSeats, StatusTable, ID_Branch) VALUES (229, 2, 0, 10);
INSERT INTO [TABLE] (ID_Table, NumberOfSeats, StatusTable, ID_Branch) VALUES (230, 6, 0, 10);
INSERT INTO [TABLE] (ID_Table, NumberOfSeats, StatusTable, ID_Branch) VALUES (231, 8, 0, 10);
INSERT INTO [TABLE] (ID_Table, NumberOfSeats, StatusTable, ID_Branch) VALUES (232, 8, 0, 10);
INSERT INTO [TABLE] (ID_Table, NumberOfSeats, StatusTable, ID_Branch) VALUES (233, 6, 1, 10);
INSERT INTO [TABLE] (ID_Table, NumberOfSeats, StatusTable, ID_Branch) VALUES (234, 2, 0, 10);
INSERT INTO [TABLE] (ID_Table, NumberOfSeats, StatusTable, ID_Branch) VALUES (235, 4, 1, 10);
INSERT INTO [TABLE] (ID_Table, NumberOfSeats, StatusTable, ID_Branch) VALUES (236, 6, 1, 10);
INSERT INTO [TABLE] (ID_Table, NumberOfSeats, StatusTable, ID_Branch) VALUES (237, 6, 1, 10);
INSERT INTO [TABLE] (ID_Table, NumberOfSeats, StatusTable, ID_Branch) VALUES (238, 4, 1, 10);
INSERT INTO [TABLE] (ID_Table, NumberOfSeats, StatusTable, ID_Branch) VALUES (239, 4, 0, 10);
INSERT INTO [TABLE] (ID_Table, NumberOfSeats, StatusTable, ID_Branch) VALUES (240, 4, 1, 10);
INSERT INTO [TABLE] (ID_Table, NumberOfSeats, StatusTable, ID_Branch) VALUES (241, 6, 0, 10);
INSERT INTO [TABLE] (ID_Table, NumberOfSeats, StatusTable, ID_Branch) VALUES (242, 6, 1, 10);
INSERT INTO [TABLE] (ID_Table, NumberOfSeats, StatusTable, ID_Branch) VALUES (243, 6, 0, 10);
INSERT INTO [TABLE] (ID_Table, NumberOfSeats, StatusTable, ID_Branch) VALUES (244, 8, 0, 10);
INSERT INTO [TABLE] (ID_Table, NumberOfSeats, StatusTable, ID_Branch) VALUES (245, 6, 1, 10);
INSERT INTO [TABLE] (ID_Table, NumberOfSeats, StatusTable, ID_Branch) VALUES (246, 2, 0, 10);
INSERT INTO [TABLE] (ID_Table, NumberOfSeats, StatusTable, ID_Branch) VALUES (247, 2, 0, 11);
INSERT INTO [TABLE] (ID_Table, NumberOfSeats, StatusTable, ID_Branch) VALUES (248, 4, 0, 11);
INSERT INTO [TABLE] (ID_Table, NumberOfSeats, StatusTable, ID_Branch) VALUES (249, 6, 1, 11);
INSERT INTO [TABLE] (ID_Table, NumberOfSeats, StatusTable, ID_Branch) VALUES (250, 8, 1, 11);
INSERT INTO [TABLE] (ID_Table, NumberOfSeats, StatusTable, ID_Branch) VALUES (251, 2, 1, 11);
INSERT INTO [TABLE] (ID_Table, NumberOfSeats, StatusTable, ID_Branch) VALUES (252, 4, 0, 11);
INSERT INTO [TABLE] (ID_Table, NumberOfSeats, StatusTable, ID_Branch) VALUES (253, 2, 0, 11);
INSERT INTO [TABLE] (ID_Table, NumberOfSeats, StatusTable, ID_Branch) VALUES (254, 4, 0, 11);
INSERT INTO [TABLE] (ID_Table, NumberOfSeats, StatusTable, ID_Branch) VALUES (255, 2, 0, 11);
INSERT INTO [TABLE] (ID_Table, NumberOfSeats, StatusTable, ID_Branch) VALUES (256, 4, 0, 11);
INSERT INTO [TABLE] (ID_Table, NumberOfSeats, StatusTable, ID_Branch) VALUES (257, 8, 1, 11);
INSERT INTO [TABLE] (ID_Table, NumberOfSeats, StatusTable, ID_Branch) VALUES (258, 6, 0, 11);
INSERT INTO [TABLE] (ID_Table, NumberOfSeats, StatusTable, ID_Branch) VALUES (259, 6, 0, 11);
INSERT INTO [TABLE] (ID_Table, NumberOfSeats, StatusTable, ID_Branch) VALUES (260, 6, 1, 11);
INSERT INTO [TABLE] (ID_Table, NumberOfSeats, StatusTable, ID_Branch) VALUES (261, 4, 0, 11);
INSERT INTO [TABLE] (ID_Table, NumberOfSeats, StatusTable, ID_Branch) VALUES (262, 4, 1, 11);
INSERT INTO [TABLE] (ID_Table, NumberOfSeats, StatusTable, ID_Branch) VALUES (263, 6, 1, 11);
INSERT INTO [TABLE] (ID_Table, NumberOfSeats, StatusTable, ID_Branch) VALUES (264, 6, 0, 11);
INSERT INTO [TABLE] (ID_Table, NumberOfSeats, StatusTable, ID_Branch) VALUES (265, 2, 0, 11);
INSERT INTO [TABLE] (ID_Table, NumberOfSeats, StatusTable, ID_Branch) VALUES (266, 2, 1, 11);
INSERT INTO [TABLE] (ID_Table, NumberOfSeats, StatusTable, ID_Branch) VALUES (267, 2, 1, 11);
INSERT INTO [TABLE] (ID_Table, NumberOfSeats, StatusTable, ID_Branch) VALUES (268, 8, 1, 11);
INSERT INTO [TABLE] (ID_Table, NumberOfSeats, StatusTable, ID_Branch) VALUES (269, 6, 1, 11);
INSERT INTO [TABLE] (ID_Table, NumberOfSeats, StatusTable, ID_Branch) VALUES (270, 2, 0, 11);
INSERT INTO [TABLE] (ID_Table, NumberOfSeats, StatusTable, ID_Branch) VALUES (271, 6, 0, 11);
INSERT INTO [TABLE] (ID_Table, NumberOfSeats, StatusTable, ID_Branch) VALUES (272, 6, 1, 12);
INSERT INTO [TABLE] (ID_Table, NumberOfSeats, StatusTable, ID_Branch) VALUES (273, 4, 0, 12);
INSERT INTO [TABLE] (ID_Table, NumberOfSeats, StatusTable, ID_Branch) VALUES (274, 2, 0, 12);
INSERT INTO [TABLE] (ID_Table, NumberOfSeats, StatusTable, ID_Branch) VALUES (275, 6, 1, 12);
INSERT INTO [TABLE] (ID_Table, NumberOfSeats, StatusTable, ID_Branch) VALUES (276, 2, 1, 12);
INSERT INTO [TABLE] (ID_Table, NumberOfSeats, StatusTable, ID_Branch) VALUES (277, 6, 1, 12);
INSERT INTO [TABLE] (ID_Table, NumberOfSeats, StatusTable, ID_Branch) VALUES (278, 6, 0, 12);
INSERT INTO [TABLE] (ID_Table, NumberOfSeats, StatusTable, ID_Branch) VALUES (279, 2, 1, 12);
INSERT INTO [TABLE] (ID_Table, NumberOfSeats, StatusTable, ID_Branch) VALUES (280, 6, 0, 12);
INSERT INTO [TABLE] (ID_Table, NumberOfSeats, StatusTable, ID_Branch) VALUES (281, 8, 1, 12);
INSERT INTO [TABLE] (ID_Table, NumberOfSeats, StatusTable, ID_Branch) VALUES (282, 6, 1, 12);
INSERT INTO [TABLE] (ID_Table, NumberOfSeats, StatusTable, ID_Branch) VALUES (283, 2, 0, 12);
INSERT INTO [TABLE] (ID_Table, NumberOfSeats, StatusTable, ID_Branch) VALUES (284, 8, 0, 12);
INSERT INTO [TABLE] (ID_Table, NumberOfSeats, StatusTable, ID_Branch) VALUES (285, 8, 0, 12);
INSERT INTO [TABLE] (ID_Table, NumberOfSeats, StatusTable, ID_Branch) VALUES (286, 4, 1, 12);
INSERT INTO [TABLE] (ID_Table, NumberOfSeats, StatusTable, ID_Branch) VALUES (287, 8, 0, 12);
INSERT INTO [TABLE] (ID_Table, NumberOfSeats, StatusTable, ID_Branch) VALUES (288, 6, 0, 12);
INSERT INTO [TABLE] (ID_Table, NumberOfSeats, StatusTable, ID_Branch) VALUES (289, 6, 1, 12);
INSERT INTO [TABLE] (ID_Table, NumberOfSeats, StatusTable, ID_Branch) VALUES (290, 6, 0, 12);
INSERT INTO [TABLE] (ID_Table, NumberOfSeats, StatusTable, ID_Branch) VALUES (291, 2, 1, 12);
INSERT INTO [TABLE] (ID_Table, NumberOfSeats, StatusTable, ID_Branch) VALUES (292, 6, 1, 12);
INSERT INTO [TABLE] (ID_Table, NumberOfSeats, StatusTable, ID_Branch) VALUES (293, 4, 0, 12);
INSERT INTO [TABLE] (ID_Table, NumberOfSeats, StatusTable, ID_Branch) VALUES (294, 2, 0, 12);
INSERT INTO [TABLE] (ID_Table, NumberOfSeats, StatusTable, ID_Branch) VALUES (295, 6, 1, 12);
INSERT INTO [TABLE] (ID_Table, NumberOfSeats, StatusTable, ID_Branch) VALUES (296, 6, 0, 12);
INSERT INTO [TABLE] (ID_Table, NumberOfSeats, StatusTable, ID_Branch) VALUES (297, 6, 1, 12);
INSERT INTO [TABLE] (ID_Table, NumberOfSeats, StatusTable, ID_Branch) VALUES (298, 6, 1, 12);
INSERT INTO [TABLE] (ID_Table, NumberOfSeats, StatusTable, ID_Branch) VALUES (299, 6, 1, 12);
INSERT INTO [TABLE] (ID_Table, NumberOfSeats, StatusTable, ID_Branch) VALUES (300, 2, 1, 13);
INSERT INTO [TABLE] (ID_Table, NumberOfSeats, StatusTable, ID_Branch) VALUES (301, 4, 0, 13);
INSERT INTO [TABLE] (ID_Table, NumberOfSeats, StatusTable, ID_Branch) VALUES (302, 2, 1, 13);
INSERT INTO [TABLE] (ID_Table, NumberOfSeats, StatusTable, ID_Branch) VALUES (303, 4, 0, 13);
INSERT INTO [TABLE] (ID_Table, NumberOfSeats, StatusTable, ID_Branch) VALUES (304, 8, 0, 13);
INSERT INTO [TABLE] (ID_Table, NumberOfSeats, StatusTable, ID_Branch) VALUES (305, 4, 0, 13);
INSERT INTO [TABLE] (ID_Table, NumberOfSeats, StatusTable, ID_Branch) VALUES (306, 4, 0, 13);
INSERT INTO [TABLE] (ID_Table, NumberOfSeats, StatusTable, ID_Branch) VALUES (307, 8, 1, 13);
INSERT INTO [TABLE] (ID_Table, NumberOfSeats, StatusTable, ID_Branch) VALUES (308, 4, 0, 13);
INSERT INTO [TABLE] (ID_Table, NumberOfSeats, StatusTable, ID_Branch) VALUES (309, 2, 0, 13);
INSERT INTO [TABLE] (ID_Table, NumberOfSeats, StatusTable, ID_Branch) VALUES (310, 4, 1, 13);
INSERT INTO [TABLE] (ID_Table, NumberOfSeats, StatusTable, ID_Branch) VALUES (311, 4, 1, 13);
INSERT INTO [TABLE] (ID_Table, NumberOfSeats, StatusTable, ID_Branch) VALUES (312, 4, 0, 13);
INSERT INTO [TABLE] (ID_Table, NumberOfSeats, StatusTable, ID_Branch) VALUES (313, 2, 0, 13);
INSERT INTO [TABLE] (ID_Table, NumberOfSeats, StatusTable, ID_Branch) VALUES (314, 6, 1, 13);
INSERT INTO [TABLE] (ID_Table, NumberOfSeats, StatusTable, ID_Branch) VALUES (315, 6, 1, 13);
INSERT INTO [TABLE] (ID_Table, NumberOfSeats, StatusTable, ID_Branch) VALUES (316, 8, 0, 13);
INSERT INTO [TABLE] (ID_Table, NumberOfSeats, StatusTable, ID_Branch) VALUES (317, 8, 1, 13);
INSERT INTO [TABLE] (ID_Table, NumberOfSeats, StatusTable, ID_Branch) VALUES (318, 2, 1, 13);
INSERT INTO [TABLE] (ID_Table, NumberOfSeats, StatusTable, ID_Branch) VALUES (319, 6, 1, 13);
INSERT INTO [TABLE] (ID_Table, NumberOfSeats, StatusTable, ID_Branch) VALUES (320, 6, 0, 13);
INSERT INTO [TABLE] (ID_Table, NumberOfSeats, StatusTable, ID_Branch) VALUES (321, 8, 1, 13);
INSERT INTO [TABLE] (ID_Table, NumberOfSeats, StatusTable, ID_Branch) VALUES (322, 6, 1, 13);
INSERT INTO [TABLE] (ID_Table, NumberOfSeats, StatusTable, ID_Branch) VALUES (323, 8, 1, 13);
INSERT INTO [TABLE] (ID_Table, NumberOfSeats, StatusTable, ID_Branch) VALUES (324, 4, 1, 13);
INSERT INTO [TABLE] (ID_Table, NumberOfSeats, StatusTable, ID_Branch) VALUES (325, 6, 1, 13);
INSERT INTO [TABLE] (ID_Table, NumberOfSeats, StatusTable, ID_Branch) VALUES (326, 4, 1, 13);
INSERT INTO [TABLE] (ID_Table, NumberOfSeats, StatusTable, ID_Branch) VALUES (327, 6, 0, 13);
INSERT INTO [TABLE] (ID_Table, NumberOfSeats, StatusTable, ID_Branch) VALUES (328, 8, 0, 13);
INSERT INTO [TABLE] (ID_Table, NumberOfSeats, StatusTable, ID_Branch) VALUES (329, 4, 0, 13);
INSERT INTO [TABLE] (ID_Table, NumberOfSeats, StatusTable, ID_Branch) VALUES (330, 8, 1, 14);
INSERT INTO [TABLE] (ID_Table, NumberOfSeats, StatusTable, ID_Branch) VALUES (331, 8, 1, 14);
INSERT INTO [TABLE] (ID_Table, NumberOfSeats, StatusTable, ID_Branch) VALUES (332, 6, 0, 14);
INSERT INTO [TABLE] (ID_Table, NumberOfSeats, StatusTable, ID_Branch) VALUES (333, 2, 1, 14);
INSERT INTO [TABLE] (ID_Table, NumberOfSeats, StatusTable, ID_Branch) VALUES (334, 2, 0, 14);
INSERT INTO [TABLE] (ID_Table, NumberOfSeats, StatusTable, ID_Branch) VALUES (335, 6, 1, 14);
INSERT INTO [TABLE] (ID_Table, NumberOfSeats, StatusTable, ID_Branch) VALUES (336, 6, 0, 14);
INSERT INTO [TABLE] (ID_Table, NumberOfSeats, StatusTable, ID_Branch) VALUES (337, 4, 1, 14);
INSERT INTO [TABLE] (ID_Table, NumberOfSeats, StatusTable, ID_Branch) VALUES (338, 4, 1, 14);
INSERT INTO [TABLE] (ID_Table, NumberOfSeats, StatusTable, ID_Branch) VALUES (339, 8, 1, 14);
INSERT INTO [TABLE] (ID_Table, NumberOfSeats, StatusTable, ID_Branch) VALUES (340, 4, 1, 14);
INSERT INTO [TABLE] (ID_Table, NumberOfSeats, StatusTable, ID_Branch) VALUES (341, 4, 0, 14);
INSERT INTO [TABLE] (ID_Table, NumberOfSeats, StatusTable, ID_Branch) VALUES (342, 2, 1, 14);
INSERT INTO [TABLE] (ID_Table, NumberOfSeats, StatusTable, ID_Branch) VALUES (343, 2, 1, 14);
INSERT INTO [TABLE] (ID_Table, NumberOfSeats, StatusTable, ID_Branch) VALUES (344, 8, 0, 14);
INSERT INTO [TABLE] (ID_Table, NumberOfSeats, StatusTable, ID_Branch) VALUES (345, 4, 1, 14);
INSERT INTO [TABLE] (ID_Table, NumberOfSeats, StatusTable, ID_Branch) VALUES (346, 6, 0, 14);
INSERT INTO [TABLE] (ID_Table, NumberOfSeats, StatusTable, ID_Branch) VALUES (347, 8, 0, 14);
INSERT INTO [TABLE] (ID_Table, NumberOfSeats, StatusTable, ID_Branch) VALUES (348, 2, 0, 14);
INSERT INTO [TABLE] (ID_Table, NumberOfSeats, StatusTable, ID_Branch) VALUES (349, 4, 1, 14);
INSERT INTO [TABLE] (ID_Table, NumberOfSeats, StatusTable, ID_Branch) VALUES (350, 8, 0, 14);
INSERT INTO [TABLE] (ID_Table, NumberOfSeats, StatusTable, ID_Branch) VALUES (351, 2, 0, 14);
INSERT INTO [TABLE] (ID_Table, NumberOfSeats, StatusTable, ID_Branch) VALUES (352, 2, 0, 14);
INSERT INTO [TABLE] (ID_Table, NumberOfSeats, StatusTable, ID_Branch) VALUES (353, 4, 1, 14);
INSERT INTO [TABLE] (ID_Table, NumberOfSeats, StatusTable, ID_Branch) VALUES (354, 4, 0, 14);
INSERT INTO [TABLE] (ID_Table, NumberOfSeats, StatusTable, ID_Branch) VALUES (355, 4, 0, 14);
INSERT INTO [TABLE] (ID_Table, NumberOfSeats, StatusTable, ID_Branch) VALUES (356, 8, 0, 14);
INSERT INTO [TABLE] (ID_Table, NumberOfSeats, StatusTable, ID_Branch) VALUES (357, 6, 0, 14);
INSERT INTO [TABLE] (ID_Table, NumberOfSeats, StatusTable, ID_Branch) VALUES (358, 2, 0, 15);
INSERT INTO [TABLE] (ID_Table, NumberOfSeats, StatusTable, ID_Branch) VALUES (359, 2, 1, 15);
INSERT INTO [TABLE] (ID_Table, NumberOfSeats, StatusTable, ID_Branch) VALUES (360, 6, 0, 15);
INSERT INTO [TABLE] (ID_Table, NumberOfSeats, StatusTable, ID_Branch) VALUES (361, 6, 1, 15);
INSERT INTO [TABLE] (ID_Table, NumberOfSeats, StatusTable, ID_Branch) VALUES (362, 2, 1, 15);
INSERT INTO [TABLE] (ID_Table, NumberOfSeats, StatusTable, ID_Branch) VALUES (363, 6, 0, 15);
INSERT INTO [TABLE] (ID_Table, NumberOfSeats, StatusTable, ID_Branch) VALUES (364, 8, 0, 15);
INSERT INTO [TABLE] (ID_Table, NumberOfSeats, StatusTable, ID_Branch) VALUES (365, 8, 0, 15);
INSERT INTO [TABLE] (ID_Table, NumberOfSeats, StatusTable, ID_Branch) VALUES (366, 4, 1, 15);
INSERT INTO [TABLE] (ID_Table, NumberOfSeats, StatusTable, ID_Branch) VALUES (367, 8, 1, 15);
INSERT INTO [TABLE] (ID_Table, NumberOfSeats, StatusTable, ID_Branch) VALUES (368, 2, 0, 15);
INSERT INTO [TABLE] (ID_Table, NumberOfSeats, StatusTable, ID_Branch) VALUES (369, 8, 1, 15);
INSERT INTO [TABLE] (ID_Table, NumberOfSeats, StatusTable, ID_Branch) VALUES (370, 4, 0, 15);
INSERT INTO [TABLE] (ID_Table, NumberOfSeats, StatusTable, ID_Branch) VALUES (371, 4, 0, 15);
INSERT INTO [TABLE] (ID_Table, NumberOfSeats, StatusTable, ID_Branch) VALUES (372, 2, 1, 15);
INSERT INTO [TABLE] (ID_Table, NumberOfSeats, StatusTable, ID_Branch) VALUES (373, 8, 1, 15);
INSERT INTO [TABLE] (ID_Table, NumberOfSeats, StatusTable, ID_Branch) VALUES (374, 4, 0, 15);
INSERT INTO [TABLE] (ID_Table, NumberOfSeats, StatusTable, ID_Branch) VALUES (375, 8, 1, 15);
INSERT INTO [TABLE] (ID_Table, NumberOfSeats, StatusTable, ID_Branch) VALUES (376, 2, 0, 15);
INSERT INTO [TABLE] (ID_Table, NumberOfSeats, StatusTable, ID_Branch) VALUES (377, 8, 0, 15);
INSERT INTO [TABLE] (ID_Table, NumberOfSeats, StatusTable, ID_Branch) VALUES (378, 6, 0, 15);
INSERT INTO [TABLE] (ID_Table, NumberOfSeats, StatusTable, ID_Branch) VALUES (379, 8, 1, 15);
INSERT INTO [TABLE] (ID_Table, NumberOfSeats, StatusTable, ID_Branch) VALUES (380, 4, 0, 15);
INSERT INTO MEM_LEVEL (ID_Level, LevelName, DiscountPercentages) VALUES (1, 'Bronze', 19);
INSERT INTO MEM_LEVEL (ID_Level, LevelName, DiscountPercentages) VALUES (2, 'Silver', 8);
INSERT INTO MEM_LEVEL (ID_Level, LevelName, DiscountPercentages) VALUES (3, 'Gold', 15);
INSERT INTO MEMBERSHIP (ID_Card, [Status], DateCreated, Point, ID_Level) VALUES (1, 1, '2024-08-23', 0, 1);
INSERT INTO MEMBERSHIP (ID_Card, [Status], DateCreated, Point, ID_Level) VALUES (2, 1, '2024-06-24', 0, 1);
INSERT INTO MEMBERSHIP (ID_Card, [Status], DateCreated, Point, ID_Level) VALUES (3, 1, '2024-09-16', 0, 1);
INSERT INTO MEMBERSHIP (ID_Card, [Status], DateCreated, Point, ID_Level) VALUES (4, 1, '2024-06-09', 0, 1);
INSERT INTO MEMBERSHIP (ID_Card, [Status], DateCreated, Point, ID_Level) VALUES (5, 1, '2024-09-03', 0, 1);
INSERT INTO MEMBERSHIP (ID_Card, [Status], DateCreated, Point, ID_Level) VALUES (6, 1, '2024-03-22', 0, 1);
INSERT INTO MEMBERSHIP (ID_Card, [Status], DateCreated, Point, ID_Level) VALUES (7, 1, '2024-01-31', 0, 1);
INSERT INTO MEMBERSHIP (ID_Card, [Status], DateCreated, Point, ID_Level) VALUES (8, 1, '2024-08-17', 0, 1);
INSERT INTO MEMBERSHIP (ID_Card, [Status], DateCreated, Point, ID_Level) VALUES (9, 1, '2024-10-06', 0, 1);
INSERT INTO MEMBERSHIP (ID_Card, [Status], DateCreated, Point, ID_Level) VALUES (10, 1, '2024-10-28', 0, 1);
INSERT INTO MEMBERSHIP (ID_Card, [Status], DateCreated, Point, ID_Level) VALUES (11, 1, '2024-01-04', 0, 1);
INSERT INTO MEMBERSHIP (ID_Card, [Status], DateCreated, Point, ID_Level) VALUES (12, 1, '2024-12-07', 0, 1);
INSERT INTO MEMBERSHIP (ID_Card, [Status], DateCreated, Point, ID_Level) VALUES (13, 1, '2024-02-14', 0, 1);
INSERT INTO MEMBERSHIP (ID_Card, [Status], DateCreated, Point, ID_Level) VALUES (14, 1, '2024-10-10', 0, 1);
INSERT INTO MEMBERSHIP (ID_Card, [Status], DateCreated, Point, ID_Level) VALUES (15, 1, '2024-10-18', 0, 1);
INSERT INTO MEMBERSHIP (ID_Card, [Status], DateCreated, Point, ID_Level) VALUES (16, 1, '2024-08-30', 0, 1);
INSERT INTO MEMBERSHIP (ID_Card, [Status], DateCreated, Point, ID_Level) VALUES (17, 1, '2024-09-10', 0, 1);
INSERT INTO MEMBERSHIP (ID_Card, [Status], DateCreated, Point, ID_Level) VALUES (18, 1, '2024-04-07', 0, 1);
INSERT INTO MEMBERSHIP (ID_Card, [Status], DateCreated, Point, ID_Level) VALUES (19, 1, '2024-07-31', 0, 1);
INSERT INTO MEMBERSHIP (ID_Card, [Status], DateCreated, Point, ID_Level) VALUES (20, 1, '2024-03-18', 0, 1);
INSERT INTO MEMBERSHIP (ID_Card, [Status], DateCreated, Point, ID_Level) VALUES (21, 1, '2024-03-15', 0, 1);
INSERT INTO MEMBERSHIP (ID_Card, [Status], DateCreated, Point, ID_Level) VALUES (22, 1, '2024-03-21', 0, 1);
INSERT INTO MEMBERSHIP (ID_Card, [Status], DateCreated, Point, ID_Level) VALUES (23, 1, '2024-07-06', 0, 1);
INSERT INTO MEMBERSHIP (ID_Card, [Status], DateCreated, Point, ID_Level) VALUES (24, 1, '2024-02-22', 0, 1);
INSERT INTO MEMBERSHIP (ID_Card, [Status], DateCreated, Point, ID_Level) VALUES (25, 1, '2024-07-18', 0, 1);
INSERT INTO MEMBERSHIP (ID_Card, [Status], DateCreated, Point, ID_Level) VALUES (26, 1, '2024-05-08', 0, 1);
INSERT INTO MEMBERSHIP (ID_Card, [Status], DateCreated, Point, ID_Level) VALUES (27, 1, '2024-05-21', 0, 1);
INSERT INTO MEMBERSHIP (ID_Card, [Status], DateCreated, Point, ID_Level) VALUES (28, 1, '2024-07-11', 0, 1);
INSERT INTO MEMBERSHIP (ID_Card, [Status], DateCreated, Point, ID_Level) VALUES (29, 1, '2024-03-12', 0, 1);
INSERT INTO MEMBERSHIP (ID_Card, [Status], DateCreated, Point, ID_Level) VALUES (30, 1, '2024-08-27', 0, 1);
INSERT INTO MEMBERSHIP (ID_Card, [Status], DateCreated, Point, ID_Level) VALUES (31, 1, '2024-02-12', 0, 1);
INSERT INTO MEMBERSHIP (ID_Card, [Status], DateCreated, Point, ID_Level) VALUES (32, 1, '2024-01-08', 0, 1);
INSERT INTO MEMBERSHIP (ID_Card, [Status], DateCreated, Point, ID_Level) VALUES (33, 1, '2024-05-22', 0, 1);
INSERT INTO MEMBERSHIP (ID_Card, [Status], DateCreated, Point, ID_Level) VALUES (34, 1, '2024-03-27', 0, 1);
INSERT INTO MEMBERSHIP (ID_Card, [Status], DateCreated, Point, ID_Level) VALUES (35, 1, '2024-10-27', 0, 1);
INSERT INTO MEMBERSHIP (ID_Card, [Status], DateCreated, Point, ID_Level) VALUES (36, 1, '2024-03-10', 0, 1);
INSERT INTO MEMBERSHIP (ID_Card, [Status], DateCreated, Point, ID_Level) VALUES (37, 1, '2024-05-01', 0, 1);
INSERT INTO MEMBERSHIP (ID_Card, [Status], DateCreated, Point, ID_Level) VALUES (38, 1, '2024-01-19', 0, 1);
INSERT INTO MEMBERSHIP (ID_Card, [Status], DateCreated, Point, ID_Level) VALUES (39, 1, '2024-11-05', 0, 1);
INSERT INTO MEMBERSHIP (ID_Card, [Status], DateCreated, Point, ID_Level) VALUES (40, 1, '2024-02-24', 0, 1);
INSERT INTO MEMBERSHIP (ID_Card, [Status], DateCreated, Point, ID_Level) VALUES (41, 1, '2024-06-03', 0, 1);
INSERT INTO MEMBERSHIP (ID_Card, [Status], DateCreated, Point, ID_Level) VALUES (42, 1, '2024-07-27', 0, 1);
INSERT INTO MEMBERSHIP (ID_Card, [Status], DateCreated, Point, ID_Level) VALUES (43, 1, '2024-11-02', 0, 1);
INSERT INTO MEMBERSHIP (ID_Card, [Status], DateCreated, Point, ID_Level) VALUES (44, 1, '2024-03-09', 0, 1);
INSERT INTO MEMBERSHIP (ID_Card, [Status], DateCreated, Point, ID_Level) VALUES (45, 1, '2024-05-08', 0, 1);
INSERT INTO MEMBERSHIP (ID_Card, [Status], DateCreated, Point, ID_Level) VALUES (46, 1, '2024-10-03', 0, 1);
INSERT INTO MEMBERSHIP (ID_Card, [Status], DateCreated, Point, ID_Level) VALUES (47, 1, '2024-04-08', 0, 1);
INSERT INTO MEMBERSHIP (ID_Card, [Status], DateCreated, Point, ID_Level) VALUES (48, 1, '2024-04-11', 0, 1);
INSERT INTO MEMBERSHIP (ID_Card, [Status], DateCreated, Point, ID_Level) VALUES (49, 1, '2024-08-31', 0, 1);
INSERT INTO MEMBERSHIP (ID_Card, [Status], DateCreated, Point, ID_Level) VALUES (50, 1, '2024-07-05', 0, 1);
INSERT INTO MEMBERSHIP (ID_Card, [Status], DateCreated, Point, ID_Level) VALUES (51, 1, '2024-12-04', 0, 1);
INSERT INTO MEMBERSHIP (ID_Card, [Status], DateCreated, Point, ID_Level) VALUES (52, 1, '2024-11-08', 0, 1);
INSERT INTO MEMBERSHIP (ID_Card, [Status], DateCreated, Point, ID_Level) VALUES (53, 1, '2024-07-27', 0, 1);
INSERT INTO MEMBERSHIP (ID_Card, [Status], DateCreated, Point, ID_Level) VALUES (54, 1, '2024-02-05', 0, 1);
INSERT INTO MEMBERSHIP (ID_Card, [Status], DateCreated, Point, ID_Level) VALUES (55, 1, '2024-06-02', 0, 1);
INSERT INTO MEMBERSHIP (ID_Card, [Status], DateCreated, Point, ID_Level) VALUES (56, 1, '2024-01-20', 0, 1);
INSERT INTO MEMBERSHIP (ID_Card, [Status], DateCreated, Point, ID_Level) VALUES (57, 1, '2024-04-12', 0, 1);
INSERT INTO MEMBERSHIP (ID_Card, [Status], DateCreated, Point, ID_Level) VALUES (58, 1, '2024-01-10', 0, 1);
INSERT INTO MEMBERSHIP (ID_Card, [Status], DateCreated, Point, ID_Level) VALUES (59, 1, '2024-07-15', 0, 1);
INSERT INTO MEMBERSHIP (ID_Card, [Status], DateCreated, Point, ID_Level) VALUES (60, 1, '2024-09-12', 0, 1);
INSERT INTO MEMBERSHIP (ID_Card, [Status], DateCreated, Point, ID_Level) VALUES (61, 1, '2024-01-03', 0, 1);
INSERT INTO MEMBERSHIP (ID_Card, [Status], DateCreated, Point, ID_Level) VALUES (62, 1, '2024-08-19', 0, 1);
INSERT INTO MEMBERSHIP (ID_Card, [Status], DateCreated, Point, ID_Level) VALUES (63, 1, '2024-07-27', 0, 1);
INSERT INTO MEMBERSHIP (ID_Card, [Status], DateCreated, Point, ID_Level) VALUES (64, 1, '2024-09-21', 0, 1);
INSERT INTO MEMBERSHIP (ID_Card, [Status], DateCreated, Point, ID_Level) VALUES (65, 1, '2024-05-13', 0, 1);
INSERT INTO MEMBERSHIP (ID_Card, [Status], DateCreated, Point, ID_Level) VALUES (66, 1, '2024-03-12', 0, 1);
INSERT INTO MEMBERSHIP (ID_Card, [Status], DateCreated, Point, ID_Level) VALUES (67, 1, '2024-06-24', 0, 1);
INSERT INTO MEMBERSHIP (ID_Card, [Status], DateCreated, Point, ID_Level) VALUES (68, 1, '2024-04-14', 0, 1);
INSERT INTO MEMBERSHIP (ID_Card, [Status], DateCreated, Point, ID_Level) VALUES (69, 1, '2024-01-04', 0, 1);
INSERT INTO MEMBERSHIP (ID_Card, [Status], DateCreated, Point, ID_Level) VALUES (70, 1, '2024-08-31', 0, 1);
INSERT INTO MEMBERSHIP (ID_Card, [Status], DateCreated, Point, ID_Level) VALUES (71, 1, '2024-11-09', 0, 1);
INSERT INTO MEMBERSHIP (ID_Card, [Status], DateCreated, Point, ID_Level) VALUES (72, 1, '2024-07-10', 0, 1);
INSERT INTO MEMBERSHIP (ID_Card, [Status], DateCreated, Point, ID_Level) VALUES (73, 1, '2024-02-29', 0, 1);
INSERT INTO MEMBERSHIP (ID_Card, [Status], DateCreated, Point, ID_Level) VALUES (74, 1, '2024-08-11', 0, 1);
INSERT INTO MEMBERSHIP (ID_Card, [Status], DateCreated, Point, ID_Level) VALUES (75, 1, '2024-04-01', 0, 1);
INSERT INTO MEMBERSHIP (ID_Card, [Status], DateCreated, Point, ID_Level) VALUES (76, 1, '2024-02-26', 0, 1);
INSERT INTO MEMBERSHIP (ID_Card, [Status], DateCreated, Point, ID_Level) VALUES (77, 1, '2024-03-03', 0, 1);
INSERT INTO MEMBERSHIP (ID_Card, [Status], DateCreated, Point, ID_Level) VALUES (78, 1, '2024-05-18', 0, 1);
INSERT INTO MEMBERSHIP (ID_Card, [Status], DateCreated, Point, ID_Level) VALUES (79, 1, '2024-03-27', 0, 1);
INSERT INTO MEMBERSHIP (ID_Card, [Status], DateCreated, Point, ID_Level) VALUES (80, 1, '2024-05-14', 0, 1);
INSERT INTO MEMBERSHIP (ID_Card, [Status], DateCreated, Point, ID_Level) VALUES (81, 1, '2024-07-24', 0, 1);
INSERT INTO MEMBERSHIP (ID_Card, [Status], DateCreated, Point, ID_Level) VALUES (82, 1, '2024-05-30', 0, 1);
INSERT INTO MEMBERSHIP (ID_Card, [Status], DateCreated, Point, ID_Level) VALUES (83, 1, '2024-06-27', 0, 1);
INSERT INTO MEMBERSHIP (ID_Card, [Status], DateCreated, Point, ID_Level) VALUES (84, 1, '2024-11-07', 0, 1);
INSERT INTO MEMBERSHIP (ID_Card, [Status], DateCreated, Point, ID_Level) VALUES (85, 1, '2024-03-20', 0, 1);
INSERT INTO MEMBERSHIP (ID_Card, [Status], DateCreated, Point, ID_Level) VALUES (86, 1, '2024-03-21', 0, 1);
INSERT INTO MEMBERSHIP (ID_Card, [Status], DateCreated, Point, ID_Level) VALUES (87, 1, '2024-02-20', 0, 1);
INSERT INTO MEMBERSHIP (ID_Card, [Status], DateCreated, Point, ID_Level) VALUES (88, 1, '2024-11-11', 0, 1);
INSERT INTO MEMBERSHIP (ID_Card, [Status], DateCreated, Point, ID_Level) VALUES (89, 1, '2024-05-22', 0, 1);
INSERT INTO MEMBERSHIP (ID_Card, [Status], DateCreated, Point, ID_Level) VALUES (90, 1, '2024-11-26', 0, 1);
INSERT INTO MEMBERSHIP (ID_Card, [Status], DateCreated, Point, ID_Level) VALUES (91, 1, '2024-01-19', 0, 1);
INSERT INTO MEMBERSHIP (ID_Card, [Status], DateCreated, Point, ID_Level) VALUES (92, 1, '2024-05-16', 0, 1);
INSERT INTO MEMBERSHIP (ID_Card, [Status], DateCreated, Point, ID_Level) VALUES (93, 1, '2024-05-26', 0, 1);
INSERT INTO MEMBERSHIP (ID_Card, [Status], DateCreated, Point, ID_Level) VALUES (94, 1, '2024-01-29', 0, 1);
INSERT INTO MEMBERSHIP (ID_Card, [Status], DateCreated, Point, ID_Level) VALUES (95, 1, '2024-03-04', 0, 1);
INSERT INTO MEMBERSHIP (ID_Card, [Status], DateCreated, Point, ID_Level) VALUES (96, 1, '2024-02-02', 0, 1);
INSERT INTO MEMBERSHIP (ID_Card, [Status], DateCreated, Point, ID_Level) VALUES (97, 1, '2024-01-27', 0, 1);
INSERT INTO MEMBERSHIP (ID_Card, [Status], DateCreated, Point, ID_Level) VALUES (98, 1, '2024-11-26', 0, 1);
INSERT INTO MEMBERSHIP (ID_Card, [Status], DateCreated, Point, ID_Level) VALUES (99, 1, '2024-11-06', 0, 1);
INSERT INTO MEMBERSHIP (ID_Card, [Status], DateCreated, Point, ID_Level) VALUES (100, 1, '2024-10-15', 0, 1);
INSERT INTO MEMBERSHIP (ID_Card, [Status], DateCreated, Point, ID_Level) VALUES (101, 1, '2024-01-30', 0, 1);
INSERT INTO MEMBERSHIP (ID_Card, [Status], DateCreated, Point, ID_Level) VALUES (102, 1, '2024-10-11', 0, 1);
INSERT INTO MEMBERSHIP (ID_Card, [Status], DateCreated, Point, ID_Level) VALUES (103, 1, '2024-02-06', 0, 1);
INSERT INTO MEMBERSHIP (ID_Card, [Status], DateCreated, Point, ID_Level) VALUES (104, 1, '2024-05-07', 0, 1);
INSERT INTO MEMBERSHIP (ID_Card, [Status], DateCreated, Point, ID_Level) VALUES (105, 1, '2024-02-25', 0, 1);
INSERT INTO MEMBERSHIP (ID_Card, [Status], DateCreated, Point, ID_Level) VALUES (106, 1, '2024-02-08', 0, 1);
INSERT INTO MEMBERSHIP (ID_Card, [Status], DateCreated, Point, ID_Level) VALUES (107, 1, '2024-02-05', 0, 1);
INSERT INTO MEMBERSHIP (ID_Card, [Status], DateCreated, Point, ID_Level) VALUES (108, 1, '2024-09-30', 0, 1);
INSERT INTO MEMBERSHIP (ID_Card, [Status], DateCreated, Point, ID_Level) VALUES (109, 1, '2024-01-09', 0, 1);
INSERT INTO MEMBERSHIP (ID_Card, [Status], DateCreated, Point, ID_Level) VALUES (110, 1, '2024-10-07', 0, 1);
INSERT INTO MEMBERSHIP (ID_Card, [Status], DateCreated, Point, ID_Level) VALUES (111, 1, '2024-09-19', 0, 1);
INSERT INTO MEMBERSHIP (ID_Card, [Status], DateCreated, Point, ID_Level) VALUES (112, 1, '2024-07-04', 0, 1);
INSERT INTO MEMBERSHIP (ID_Card, [Status], DateCreated, Point, ID_Level) VALUES (113, 1, '2024-08-31', 0, 1);
INSERT INTO MEMBERSHIP (ID_Card, [Status], DateCreated, Point, ID_Level) VALUES (114, 1, '2024-04-16', 0, 1);
INSERT INTO MEMBERSHIP (ID_Card, [Status], DateCreated, Point, ID_Level) VALUES (115, 1, '2024-02-25', 0, 1);
INSERT INTO MEMBERSHIP (ID_Card, [Status], DateCreated, Point, ID_Level) VALUES (116, 1, '2024-12-12', 0, 1);
INSERT INTO MEMBERSHIP (ID_Card, [Status], DateCreated, Point, ID_Level) VALUES (117, 1, '2024-09-17', 0, 1);
INSERT INTO MEMBERSHIP (ID_Card, [Status], DateCreated, Point, ID_Level) VALUES (118, 1, '2024-01-21', 0, 1);
INSERT INTO MEMBERSHIP (ID_Card, [Status], DateCreated, Point, ID_Level) VALUES (119, 1, '2024-02-16', 0, 1);
INSERT INTO MEMBERSHIP (ID_Card, [Status], DateCreated, Point, ID_Level) VALUES (120, 1, '2024-05-15', 0, 1);
INSERT INTO MEMBERSHIP (ID_Card, [Status], DateCreated, Point, ID_Level) VALUES (121, 1, '2024-08-29', 0, 1);
INSERT INTO MEMBERSHIP (ID_Card, [Status], DateCreated, Point, ID_Level) VALUES (122, 1, '2024-02-19', 0, 1);
INSERT INTO MEMBERSHIP (ID_Card, [Status], DateCreated, Point, ID_Level) VALUES (123, 1, '2024-03-24', 0, 1);
INSERT INTO MEMBERSHIP (ID_Card, [Status], DateCreated, Point, ID_Level) VALUES (124, 1, '2024-02-28', 0, 1);
INSERT INTO MEMBERSHIP (ID_Card, [Status], DateCreated, Point, ID_Level) VALUES (125, 1, '2024-11-14', 0, 1);
INSERT INTO MEMBERSHIP (ID_Card, [Status], DateCreated, Point, ID_Level) VALUES (126, 1, '2024-01-11', 0, 1);
INSERT INTO MEMBERSHIP (ID_Card, [Status], DateCreated, Point, ID_Level) VALUES (127, 1, '2024-10-13', 0, 1);
INSERT INTO MEMBERSHIP (ID_Card, [Status], DateCreated, Point, ID_Level) VALUES (128, 1, '2024-06-14', 0, 1);
INSERT INTO MEMBERSHIP (ID_Card, [Status], DateCreated, Point, ID_Level) VALUES (129, 1, '2024-05-17', 0, 1);
INSERT INTO MEMBERSHIP (ID_Card, [Status], DateCreated, Point, ID_Level) VALUES (130, 1, '2024-07-05', 0, 1);
INSERT INTO MEMBERSHIP (ID_Card, [Status], DateCreated, Point, ID_Level) VALUES (131, 1, '2024-04-30', 0, 1);
INSERT INTO MEMBERSHIP (ID_Card, [Status], DateCreated, Point, ID_Level) VALUES (132, 1, '2024-10-15', 0, 1);
INSERT INTO MEMBERSHIP (ID_Card, [Status], DateCreated, Point, ID_Level) VALUES (133, 1, '2024-07-07', 0, 1);
INSERT INTO MEMBERSHIP (ID_Card, [Status], DateCreated, Point, ID_Level) VALUES (134, 1, '2024-03-18', 0, 1);
INSERT INTO MEMBERSHIP (ID_Card, [Status], DateCreated, Point, ID_Level) VALUES (135, 1, '2024-07-08', 0, 1);
INSERT INTO MEMBERSHIP (ID_Card, [Status], DateCreated, Point, ID_Level) VALUES (136, 1, '2024-04-01', 0, 1);
INSERT INTO MEMBERSHIP (ID_Card, [Status], DateCreated, Point, ID_Level) VALUES (137, 1, '2024-11-16', 0, 1);
INSERT INTO MEMBERSHIP (ID_Card, [Status], DateCreated, Point, ID_Level) VALUES (138, 1, '2024-06-20', 0, 1);
INSERT INTO MEMBERSHIP (ID_Card, [Status], DateCreated, Point, ID_Level) VALUES (139, 1, '2024-01-04', 0, 1);
INSERT INTO MEMBERSHIP (ID_Card, [Status], DateCreated, Point, ID_Level) VALUES (140, 1, '2024-10-29', 0, 1);
INSERT INTO MEMBERSHIP (ID_Card, [Status], DateCreated, Point, ID_Level) VALUES (141, 1, '2024-03-25', 0, 1);
INSERT INTO MEMBERSHIP (ID_Card, [Status], DateCreated, Point, ID_Level) VALUES (142, 1, '2024-06-24', 0, 1);
INSERT INTO MEMBERSHIP (ID_Card, [Status], DateCreated, Point, ID_Level) VALUES (143, 1, '2024-07-03', 0, 1);
INSERT INTO MEMBERSHIP (ID_Card, [Status], DateCreated, Point, ID_Level) VALUES (144, 1, '2024-01-21', 0, 1);
INSERT INTO MEMBERSHIP (ID_Card, [Status], DateCreated, Point, ID_Level) VALUES (145, 1, '2024-02-18', 0, 1);
INSERT INTO MEMBERSHIP (ID_Card, [Status], DateCreated, Point, ID_Level) VALUES (146, 1, '2024-02-04', 0, 1);
INSERT INTO MEMBERSHIP (ID_Card, [Status], DateCreated, Point, ID_Level) VALUES (147, 1, '2024-09-06', 0, 1);
INSERT INTO MEMBERSHIP (ID_Card, [Status], DateCreated, Point, ID_Level) VALUES (148, 1, '2024-07-14', 0, 1);
INSERT INTO MEMBERSHIP (ID_Card, [Status], DateCreated, Point, ID_Level) VALUES (149, 1, '2024-04-01', 0, 1);
INSERT INTO MEMBERSHIP (ID_Card, [Status], DateCreated, Point, ID_Level) VALUES (150, 1, '2024-07-05', 0, 1);
INSERT INTO MEMBERSHIP (ID_Card, [Status], DateCreated, Point, ID_Level) VALUES (151, 1, '2024-02-02', 0, 1);
INSERT INTO MEMBERSHIP (ID_Card, [Status], DateCreated, Point, ID_Level) VALUES (152, 1, '2024-03-31', 0, 1);
INSERT INTO MEMBERSHIP (ID_Card, [Status], DateCreated, Point, ID_Level) VALUES (153, 1, '2024-01-29', 0, 1);
INSERT INTO MEMBERSHIP (ID_Card, [Status], DateCreated, Point, ID_Level) VALUES (154, 1, '2024-10-31', 0, 1);
INSERT INTO MEMBERSHIP (ID_Card, [Status], DateCreated, Point, ID_Level) VALUES (155, 1, '2024-01-29', 0, 1);
INSERT INTO MEMBERSHIP (ID_Card, [Status], DateCreated, Point, ID_Level) VALUES (156, 1, '2024-06-21', 0, 1);
INSERT INTO MEMBERSHIP (ID_Card, [Status], DateCreated, Point, ID_Level) VALUES (157, 1, '2024-04-08', 0, 1);
INSERT INTO MEMBERSHIP (ID_Card, [Status], DateCreated, Point, ID_Level) VALUES (158, 1, '2024-05-30', 0, 1);
INSERT INTO MEMBERSHIP (ID_Card, [Status], DateCreated, Point, ID_Level) VALUES (159, 1, '2024-04-09', 0, 1);
INSERT INTO MEMBERSHIP (ID_Card, [Status], DateCreated, Point, ID_Level) VALUES (160, 1, '2024-09-15', 0, 1);
INSERT INTO MEMBERSHIP (ID_Card, [Status], DateCreated, Point, ID_Level) VALUES (161, 1, '2024-06-19', 0, 1);
INSERT INTO MEMBERSHIP (ID_Card, [Status], DateCreated, Point, ID_Level) VALUES (162, 1, '2024-10-16', 0, 1);
INSERT INTO MEMBERSHIP (ID_Card, [Status], DateCreated, Point, ID_Level) VALUES (163, 1, '2024-04-13', 0, 1);
INSERT INTO MEMBERSHIP (ID_Card, [Status], DateCreated, Point, ID_Level) VALUES (164, 1, '2024-11-17', 0, 1);
INSERT INTO MEMBERSHIP (ID_Card, [Status], DateCreated, Point, ID_Level) VALUES (165, 1, '2024-04-03', 0, 1);
INSERT INTO MEMBERSHIP (ID_Card, [Status], DateCreated, Point, ID_Level) VALUES (166, 1, '2024-12-03', 0, 1);
INSERT INTO MEMBERSHIP (ID_Card, [Status], DateCreated, Point, ID_Level) VALUES (167, 1, '2024-11-25', 0, 1);
INSERT INTO MEMBERSHIP (ID_Card, [Status], DateCreated, Point, ID_Level) VALUES (168, 1, '2024-04-21', 0, 1);
INSERT INTO MEMBERSHIP (ID_Card, [Status], DateCreated, Point, ID_Level) VALUES (169, 1, '2024-02-05', 0, 1);
INSERT INTO MEMBERSHIP (ID_Card, [Status], DateCreated, Point, ID_Level) VALUES (170, 1, '2024-10-23', 0, 1);
INSERT INTO MEMBERSHIP (ID_Card, [Status], DateCreated, Point, ID_Level) VALUES (171, 1, '2024-03-07', 0, 1);
INSERT INTO MEMBERSHIP (ID_Card, [Status], DateCreated, Point, ID_Level) VALUES (172, 1, '2024-05-18', 0, 1);
INSERT INTO MEMBERSHIP (ID_Card, [Status], DateCreated, Point, ID_Level) VALUES (173, 1, '2024-02-19', 0, 1);
INSERT INTO MEMBERSHIP (ID_Card, [Status], DateCreated, Point, ID_Level) VALUES (174, 1, '2024-08-01', 0, 1);
INSERT INTO MEMBERSHIP (ID_Card, [Status], DateCreated, Point, ID_Level) VALUES (175, 1, '2024-01-14', 0, 1);
INSERT INTO MEMBERSHIP (ID_Card, [Status], DateCreated, Point, ID_Level) VALUES (176, 1, '2024-03-19', 0, 1);
INSERT INTO MEMBERSHIP (ID_Card, [Status], DateCreated, Point, ID_Level) VALUES (177, 1, '2024-11-17', 0, 1);
INSERT INTO MEMBERSHIP (ID_Card, [Status], DateCreated, Point, ID_Level) VALUES (178, 1, '2024-03-01', 0, 1);
INSERT INTO MEMBERSHIP (ID_Card, [Status], DateCreated, Point, ID_Level) VALUES (179, 1, '2024-04-21', 0, 1);
INSERT INTO MEMBERSHIP (ID_Card, [Status], DateCreated, Point, ID_Level) VALUES (180, 1, '2024-10-18', 0, 1);
INSERT INTO MEMBERSHIP (ID_Card, [Status], DateCreated, Point, ID_Level) VALUES (181, 1, '2024-03-26', 0, 1);
INSERT INTO MEMBERSHIP (ID_Card, [Status], DateCreated, Point, ID_Level) VALUES (182, 1, '2024-11-20', 0, 1);
INSERT INTO MEMBERSHIP (ID_Card, [Status], DateCreated, Point, ID_Level) VALUES (183, 1, '2024-06-03', 0, 1);
INSERT INTO MEMBERSHIP (ID_Card, [Status], DateCreated, Point, ID_Level) VALUES (184, 1, '2024-01-21', 0, 1);
INSERT INTO MEMBERSHIP (ID_Card, [Status], DateCreated, Point, ID_Level) VALUES (185, 1, '2024-08-22', 0, 1);
INSERT INTO MEMBERSHIP (ID_Card, [Status], DateCreated, Point, ID_Level) VALUES (186, 1, '2024-04-30', 0, 1);
INSERT INTO MEMBERSHIP (ID_Card, [Status], DateCreated, Point, ID_Level) VALUES (187, 1, '2024-04-21', 0, 1);
INSERT INTO MEMBERSHIP (ID_Card, [Status], DateCreated, Point, ID_Level) VALUES (188, 1, '2024-05-03', 0, 1);
INSERT INTO MEMBERSHIP (ID_Card, [Status], DateCreated, Point, ID_Level) VALUES (189, 1, '2024-01-26', 0, 1);
INSERT INTO MEMBERSHIP (ID_Card, [Status], DateCreated, Point, ID_Level) VALUES (190, 1, '2024-06-03', 0, 1);
INSERT INTO MEMBERSHIP (ID_Card, [Status], DateCreated, Point, ID_Level) VALUES (191, 1, '2024-09-17', 0, 1);
INSERT INTO MEMBERSHIP (ID_Card, [Status], DateCreated, Point, ID_Level) VALUES (192, 1, '2024-01-20', 0, 1);
INSERT INTO MEMBERSHIP (ID_Card, [Status], DateCreated, Point, ID_Level) VALUES (193, 1, '2024-01-20', 0, 1);
INSERT INTO MEMBERSHIP (ID_Card, [Status], DateCreated, Point, ID_Level) VALUES (194, 1, '2024-11-05', 0, 1);
INSERT INTO MEMBERSHIP (ID_Card, [Status], DateCreated, Point, ID_Level) VALUES (195, 1, '2024-09-24', 0, 1);
INSERT INTO MEMBERSHIP (ID_Card, [Status], DateCreated, Point, ID_Level) VALUES (196, 1, '2024-07-26', 0, 1);
INSERT INTO MEMBERSHIP (ID_Card, [Status], DateCreated, Point, ID_Level) VALUES (197, 1, '2024-01-31', 0, 1);
INSERT INTO MEMBERSHIP (ID_Card, [Status], DateCreated, Point, ID_Level) VALUES (198, 1, '2024-08-18', 0, 1);
INSERT INTO MEMBERSHIP (ID_Card, [Status], DateCreated, Point, ID_Level) VALUES (199, 1, '2024-02-09', 0, 1);
INSERT INTO MEMBERSHIP (ID_Card, [Status], DateCreated, Point, ID_Level) VALUES (200, 1, '2024-02-17', 0, 1);
INSERT INTO MEMBERSHIP (ID_Card, [Status], DateCreated, Point, ID_Level) VALUES (201, 1, '2024-11-29', 0, 1);
INSERT INTO MEMBERSHIP (ID_Card, [Status], DateCreated, Point, ID_Level) VALUES (202, 1, '2024-07-04', 0, 1);
INSERT INTO MEMBERSHIP (ID_Card, [Status], DateCreated, Point, ID_Level) VALUES (203, 1, '2024-07-13', 0, 1);
INSERT INTO MEMBERSHIP (ID_Card, [Status], DateCreated, Point, ID_Level) VALUES (204, 1, '2024-04-06', 0, 1);
INSERT INTO MEMBERSHIP (ID_Card, [Status], DateCreated, Point, ID_Level) VALUES (205, 1, '2024-03-09', 0, 1);
INSERT INTO MEMBERSHIP (ID_Card, [Status], DateCreated, Point, ID_Level) VALUES (206, 1, '2024-08-24', 0, 1);
INSERT INTO MEMBERSHIP (ID_Card, [Status], DateCreated, Point, ID_Level) VALUES (207, 1, '2024-12-08', 0, 1);
INSERT INTO MEMBERSHIP (ID_Card, [Status], DateCreated, Point, ID_Level) VALUES (208, 1, '2024-10-03', 0, 1);
INSERT INTO MEMBERSHIP (ID_Card, [Status], DateCreated, Point, ID_Level) VALUES (209, 1, '2024-06-24', 0, 1);
INSERT INTO MEMBERSHIP (ID_Card, [Status], DateCreated, Point, ID_Level) VALUES (210, 1, '2024-03-11', 0, 1);
INSERT INTO MEMBERSHIP (ID_Card, [Status], DateCreated, Point, ID_Level) VALUES (211, 1, '2024-06-09', 0, 1);
INSERT INTO MEMBERSHIP (ID_Card, [Status], DateCreated, Point, ID_Level) VALUES (212, 1, '2024-06-22', 0, 1);
INSERT INTO MEMBERSHIP (ID_Card, [Status], DateCreated, Point, ID_Level) VALUES (213, 1, '2024-09-27', 0, 1);
INSERT INTO MEMBERSHIP (ID_Card, [Status], DateCreated, Point, ID_Level) VALUES (214, 1, '2024-01-18', 0, 1);
INSERT INTO MEMBERSHIP (ID_Card, [Status], DateCreated, Point, ID_Level) VALUES (215, 1, '2024-07-22', 0, 1);
INSERT INTO MEMBERSHIP (ID_Card, [Status], DateCreated, Point, ID_Level) VALUES (216, 1, '2024-07-29', 0, 1);
INSERT INTO MEMBERSHIP (ID_Card, [Status], DateCreated, Point, ID_Level) VALUES (217, 1, '2024-01-11', 0, 1);
INSERT INTO MEMBERSHIP (ID_Card, [Status], DateCreated, Point, ID_Level) VALUES (218, 1, '2024-12-12', 0, 1);
INSERT INTO MEMBERSHIP (ID_Card, [Status], DateCreated, Point, ID_Level) VALUES (219, 1, '2024-01-25', 0, 1);
INSERT INTO MEMBERSHIP (ID_Card, [Status], DateCreated, Point, ID_Level) VALUES (220, 1, '2024-06-14', 0, 1);
INSERT INTO MEMBERSHIP (ID_Card, [Status], DateCreated, Point, ID_Level) VALUES (221, 1, '2024-05-22', 0, 1);
INSERT INTO MEMBERSHIP (ID_Card, [Status], DateCreated, Point, ID_Level) VALUES (222, 1, '2024-09-28', 0, 1);
INSERT INTO MEMBERSHIP (ID_Card, [Status], DateCreated, Point, ID_Level) VALUES (223, 1, '2024-06-23', 0, 1);
INSERT INTO MEMBERSHIP (ID_Card, [Status], DateCreated, Point, ID_Level) VALUES (224, 1, '2024-07-29', 0, 1);
INSERT INTO MEMBERSHIP (ID_Card, [Status], DateCreated, Point, ID_Level) VALUES (225, 1, '2024-06-11', 0, 1);
INSERT INTO MEMBERSHIP (ID_Card, [Status], DateCreated, Point, ID_Level) VALUES (226, 1, '2024-09-06', 0, 1);
INSERT INTO MEMBERSHIP (ID_Card, [Status], DateCreated, Point, ID_Level) VALUES (227, 1, '2024-11-21', 0, 1);
INSERT INTO MEMBERSHIP (ID_Card, [Status], DateCreated, Point, ID_Level) VALUES (228, 1, '2024-02-20', 0, 1);
INSERT INTO MEMBERSHIP (ID_Card, [Status], DateCreated, Point, ID_Level) VALUES (229, 1, '2024-08-21', 0, 1);
INSERT INTO MEMBERSHIP (ID_Card, [Status], DateCreated, Point, ID_Level) VALUES (230, 1, '2024-07-09', 0, 1);
INSERT INTO MEMBERSHIP (ID_Card, [Status], DateCreated, Point, ID_Level) VALUES (231, 1, '2024-07-29', 0, 1);
INSERT INTO MEMBERSHIP (ID_Card, [Status], DateCreated, Point, ID_Level) VALUES (232, 1, '2024-05-09', 0, 1);
INSERT INTO MEMBERSHIP (ID_Card, [Status], DateCreated, Point, ID_Level) VALUES (233, 1, '2024-04-29', 0, 1);
INSERT INTO MEMBERSHIP (ID_Card, [Status], DateCreated, Point, ID_Level) VALUES (234, 1, '2024-07-27', 0, 1);
INSERT INTO MEMBERSHIP (ID_Card, [Status], DateCreated, Point, ID_Level) VALUES (235, 1, '2024-04-02', 0, 1);
INSERT INTO MEMBERSHIP (ID_Card, [Status], DateCreated, Point, ID_Level) VALUES (236, 1, '2024-06-05', 0, 1);
INSERT INTO MEMBERSHIP (ID_Card, [Status], DateCreated, Point, ID_Level) VALUES (237, 1, '2024-12-08', 0, 1);
INSERT INTO MEMBERSHIP (ID_Card, [Status], DateCreated, Point, ID_Level) VALUES (238, 1, '2024-04-30', 0, 1);
INSERT INTO MEMBERSHIP (ID_Card, [Status], DateCreated, Point, ID_Level) VALUES (239, 1, '2024-10-07', 0, 1);
INSERT INTO MEMBERSHIP (ID_Card, [Status], DateCreated, Point, ID_Level) VALUES (240, 1, '2024-10-07', 0, 1);
INSERT INTO MEMBERSHIP (ID_Card, [Status], DateCreated, Point, ID_Level) VALUES (241, 1, '2024-07-13', 0, 1);
INSERT INTO MEMBERSHIP (ID_Card, [Status], DateCreated, Point, ID_Level) VALUES (242, 1, '2024-09-20', 0, 1);
INSERT INTO MEMBERSHIP (ID_Card, [Status], DateCreated, Point, ID_Level) VALUES (243, 1, '2024-05-11', 0, 1);
INSERT INTO MEMBERSHIP (ID_Card, [Status], DateCreated, Point, ID_Level) VALUES (244, 1, '2024-09-21', 0, 1);
INSERT INTO MEMBERSHIP (ID_Card, [Status], DateCreated, Point, ID_Level) VALUES (245, 1, '2024-02-18', 0, 1);
INSERT INTO MEMBERSHIP (ID_Card, [Status], DateCreated, Point, ID_Level) VALUES (246, 1, '2024-11-23', 0, 1);
INSERT INTO MEMBERSHIP (ID_Card, [Status], DateCreated, Point, ID_Level) VALUES (247, 1, '2024-11-09', 0, 1);
INSERT INTO MEMBERSHIP (ID_Card, [Status], DateCreated, Point, ID_Level) VALUES (248, 1, '2024-04-19', 0, 1);
INSERT INTO MEMBERSHIP (ID_Card, [Status], DateCreated, Point, ID_Level) VALUES (249, 1, '2024-10-14', 0, 1);
INSERT INTO MEMBERSHIP (ID_Card, [Status], DateCreated, Point, ID_Level) VALUES (250, 1, '2024-08-31', 0, 1);
INSERT INTO CUSTOMER (ID_Customer, CustomerName, PhoneNumber, Email, Gender, SSID, ID_Card) VALUES (1, 'Robert Lutz', '5637428527', 'jasongordon@example.com', 'M', '1783971852', 1);
INSERT INTO CUSTOMER (ID_Customer, CustomerName, PhoneNumber, Email, Gender, SSID, ID_Card) VALUES (2, 'Ashley Green', '9302671542', 'ryancollins@example.com', 'F', '3267641121', 2);
INSERT INTO CUSTOMER (ID_Customer, CustomerName, PhoneNumber, Email, Gender, SSID, ID_Card) VALUES (3, 'Thomas Watson', '2797614379', 'ijackson@example.org', 'M', '3184294287', 3);
INSERT INTO CUSTOMER (ID_Customer, CustomerName, PhoneNumber, Email, Gender, SSID, ID_Card) VALUES (4, 'Richard Ramirez', '7717623072', 'warren59@example.net', 'F', '6022538591', 4);
INSERT INTO CUSTOMER (ID_Customer, CustomerName, PhoneNumber, Email, Gender, SSID, ID_Card) VALUES (5, 'Jaime Moore', '0748907419', 'cyates@example.net', 'M', '0305604802', 5);
INSERT INTO CUSTOMER (ID_Customer, CustomerName, PhoneNumber, Email, Gender, SSID, ID_Card) VALUES (6, 'Tiffany Pearson', '1480221608', 'hbailey@example.com', 'F', '7816910036', 6);
INSERT INTO CUSTOMER (ID_Customer, CustomerName, PhoneNumber, Email, Gender, SSID, ID_Card) VALUES (7, 'Sherry Anderson', '7062618489', 'ajohnson@example.net', 'F', '1075262471', 7);
INSERT INTO CUSTOMER (ID_Customer, CustomerName, PhoneNumber, Email, Gender, SSID, ID_Card) VALUES (8, 'Mary Flores', '2489904609', 'racheljohnston@example.com', 'M', '1388864633', 8);
INSERT INTO CUSTOMER (ID_Customer, CustomerName, PhoneNumber, Email, Gender, SSID, ID_Card) VALUES (9, 'Anthony Scott', '1582217247', 'tina43@example.org', 'M', '2343120307', 9);
INSERT INTO CUSTOMER (ID_Customer, CustomerName, PhoneNumber, Email, Gender, SSID, ID_Card) VALUES (10, 'Wesley Robinson', '1057403776', 'jmosley@example.com', 'M', '1207598101', 10);
INSERT INTO CUSTOMER (ID_Customer, CustomerName, PhoneNumber, Email, Gender, SSID, ID_Card) VALUES (11, 'Mary Cline', '3335146911', 'cprice@example.org', 'F', '3120923064', 11);
INSERT INTO CUSTOMER (ID_Customer, CustomerName, PhoneNumber, Email, Gender, SSID, ID_Card) VALUES (12, 'Cheryl Cole', '1113401116', 'jaime03@example.org', 'F', '7936355375', 12);
INSERT INTO CUSTOMER (ID_Customer, CustomerName, PhoneNumber, Email, Gender, SSID, ID_Card) VALUES (13, 'Carol James', '9638102621', 'bradleysullivan@example.net', 'F', '7239512102', 13);
INSERT INTO CUSTOMER (ID_Customer, CustomerName, PhoneNumber, Email, Gender, SSID, ID_Card) VALUES (14, 'Sarah Smith', '2602119111', 'craigsmith@example.org', 'M', '8520204884', 14);
INSERT INTO CUSTOMER (ID_Customer, CustomerName, PhoneNumber, Email, Gender, SSID, ID_Card) VALUES (15, 'Kevin Carey', '3956068537', 'kwebb@example.org', 'M', '0724215087', 15);
INSERT INTO CUSTOMER (ID_Customer, CustomerName, PhoneNumber, Email, Gender, SSID, ID_Card) VALUES (16, 'Connie Baxter', '4537375422', 'rodriguezmegan@example.org', 'F', '4811738459', 16);
INSERT INTO CUSTOMER (ID_Customer, CustomerName, PhoneNumber, Email, Gender, SSID, ID_Card) VALUES (17, 'Michael Jackson PhD', '9690886382', 'jgreen@example.org', 'F', '6199551307', 17);
INSERT INTO CUSTOMER (ID_Customer, CustomerName, PhoneNumber, Email, Gender, SSID, ID_Card) VALUES (18, 'Michael Vazquez', '4822756801', 'thomasjohn@example.org', 'F', '9673460169', 18);
INSERT INTO CUSTOMER (ID_Customer, CustomerName, PhoneNumber, Email, Gender, SSID, ID_Card) VALUES (19, 'Brian Hull', '1003031299', 'joybarron@example.com', 'F', '4596681310', 19);
INSERT INTO CUSTOMER (ID_Customer, CustomerName, PhoneNumber, Email, Gender, SSID, ID_Card) VALUES (20, 'Jennifer Dominguez', '8938585635', 'edward35@example.org', 'F', '4745232584', 20);
INSERT INTO CUSTOMER (ID_Customer, CustomerName, PhoneNumber, Email, Gender, SSID, ID_Card) VALUES (21, 'Richard Daniels', '9004504277', 'jonesdanny@example.com', 'M', '6219196514', 21);
INSERT INTO CUSTOMER (ID_Customer, CustomerName, PhoneNumber, Email, Gender, SSID, ID_Card) VALUES (22, 'Monica Landry', '3006733864', 'watkinsjason@example.net', 'M', '7021642349', 22);
INSERT INTO CUSTOMER (ID_Customer, CustomerName, PhoneNumber, Email, Gender, SSID, ID_Card) VALUES (23, 'Michael Meyers', '0423857870', 'lfernandez@example.net', 'F', '5246016564', 23);
INSERT INTO CUSTOMER (ID_Customer, CustomerName, PhoneNumber, Email, Gender, SSID, ID_Card) VALUES (24, 'Taylor Porter', '9213303956', 'charlesfischer@example.com', 'F', '6196315640', 24);
INSERT INTO CUSTOMER (ID_Customer, CustomerName, PhoneNumber, Email, Gender, SSID, ID_Card) VALUES (25, 'Cynthia Quinn', '9492896968', 'jamesschroeder@example.net', 'F', '4250695667', 25);
INSERT INTO CUSTOMER (ID_Customer, CustomerName, PhoneNumber, Email, Gender, SSID, ID_Card) VALUES (26, 'Alexis Decker', '7431877800', 'browntammy@example.net', 'F', '3339543467', 26);
INSERT INTO CUSTOMER (ID_Customer, CustomerName, PhoneNumber, Email, Gender, SSID, ID_Card) VALUES (27, 'Tammy Walker', '2937502087', 'shawnsimon@example.com', 'F', '0937707719', 27);
INSERT INTO CUSTOMER (ID_Customer, CustomerName, PhoneNumber, Email, Gender, SSID, ID_Card) VALUES (28, 'Edward Mcconnell', '6523249324', 'crobinson@example.com', 'M', '2175897642', 28);
INSERT INTO CUSTOMER (ID_Customer, CustomerName, PhoneNumber, Email, Gender, SSID, ID_Card) VALUES (29, 'John Hernandez', '7148368930', 'martinezcorey@example.com', 'M', '4558678775', 29);
INSERT INTO CUSTOMER (ID_Customer, CustomerName, PhoneNumber, Email, Gender, SSID, ID_Card) VALUES (30, 'Dean Cardenas', '9913417346', 'lisa50@example.org', 'M', '6092609691', 30);
INSERT INTO CUSTOMER (ID_Customer, CustomerName, PhoneNumber, Email, Gender, SSID, ID_Card) VALUES (31, 'Susan Doyle', '5165932950', 'elijah32@example.net', 'F', '1214546983', 31);
INSERT INTO CUSTOMER (ID_Customer, CustomerName, PhoneNumber, Email, Gender, SSID, ID_Card) VALUES (32, 'Kenneth Floyd', '3659723798', 'kpacheco@example.com', 'M', '5033323266', 32);
INSERT INTO CUSTOMER (ID_Customer, CustomerName, PhoneNumber, Email, Gender, SSID, ID_Card) VALUES (33, 'Wesley Copeland', '7955070660', 'jameshernandez@example.com', 'F', '8579206936', 33);
INSERT INTO CUSTOMER (ID_Customer, CustomerName, PhoneNumber, Email, Gender, SSID, ID_Card) VALUES (34, 'Eric Brooks', '5857850095', 'moralespeter@example.net', 'F', '6999600872', 34);
INSERT INTO CUSTOMER (ID_Customer, CustomerName, PhoneNumber, Email, Gender, SSID, ID_Card) VALUES (35, 'Alexis White', '5241590765', 'jeffrey53@example.com', 'M', '3150951054', 35);
INSERT INTO CUSTOMER (ID_Customer, CustomerName, PhoneNumber, Email, Gender, SSID, ID_Card) VALUES (36, 'Alexandra Scott', '8086582876', 'ktucker@example.net', 'F', '7346192309', 36);
INSERT INTO CUSTOMER (ID_Customer, CustomerName, PhoneNumber, Email, Gender, SSID, ID_Card) VALUES (37, 'Evan Williamson', '8061805808', 'ymorris@example.org', 'M', '6174412249', 37);
INSERT INTO CUSTOMER (ID_Customer, CustomerName, PhoneNumber, Email, Gender, SSID, ID_Card) VALUES (38, 'Joshua Singleton', '3227734017', 'kristinagraham@example.org', 'M', '5320656596', 38);
INSERT INTO CUSTOMER (ID_Customer, CustomerName, PhoneNumber, Email, Gender, SSID, ID_Card) VALUES (39, 'Mariah Burgess', '3547723003', 'jessica11@example.com', 'M', '9613433983', 39);
INSERT INTO CUSTOMER (ID_Customer, CustomerName, PhoneNumber, Email, Gender, SSID, ID_Card) VALUES (40, 'Cody Moore', '7916008159', 'dcaldwell@example.org', 'F', '9455326182', 40);
INSERT INTO CUSTOMER (ID_Customer, CustomerName, PhoneNumber, Email, Gender, SSID, ID_Card) VALUES (41, 'Deanna Martin', '4431476344', 'bernardmcintosh@example.com', 'M', '6645799254', 41);
INSERT INTO CUSTOMER (ID_Customer, CustomerName, PhoneNumber, Email, Gender, SSID, ID_Card) VALUES (42, 'Raymond Smith', '8471372914', 'christophersexton@example.com', 'F', '1473855253', 42);
INSERT INTO CUSTOMER (ID_Customer, CustomerName, PhoneNumber, Email, Gender, SSID, ID_Card) VALUES (43, 'Mary Morales', '3259998094', 'amberford@example.net', 'M', '5656308223', 43);
INSERT INTO CUSTOMER (ID_Customer, CustomerName, PhoneNumber, Email, Gender, SSID, ID_Card) VALUES (44, 'Michael Lee', '9449747654', 'vcastillo@example.org', 'M', '8520945765', 44);
INSERT INTO CUSTOMER (ID_Customer, CustomerName, PhoneNumber, Email, Gender, SSID, ID_Card) VALUES (45, 'Laura Mcpherson', '4951830339', 'ofields@example.org', 'F', '3733601539', 45);
INSERT INTO CUSTOMER (ID_Customer, CustomerName, PhoneNumber, Email, Gender, SSID, ID_Card) VALUES (46, 'Robert Rodgers MD', '8266843387', 'sandra67@example.com', 'M', '9045671614', 46);
INSERT INTO CUSTOMER (ID_Customer, CustomerName, PhoneNumber, Email, Gender, SSID, ID_Card) VALUES (47, 'John Stephens', '4492603641', 'edward80@example.com', 'F', '5047193654', 47);
INSERT INTO CUSTOMER (ID_Customer, CustomerName, PhoneNumber, Email, Gender, SSID, ID_Card) VALUES (48, 'Nathan Johnson', '1642451207', 'orrdavid@example.net', 'F', '9472617227', 48);
INSERT INTO CUSTOMER (ID_Customer, CustomerName, PhoneNumber, Email, Gender, SSID, ID_Card) VALUES (49, 'Jacqueline Hall', '9352189577', 'jeffersonjulie@example.org', 'M', '6086613840', 49);
INSERT INTO CUSTOMER (ID_Customer, CustomerName, PhoneNumber, Email, Gender, SSID, ID_Card) VALUES (50, 'Heather Kerr', '7301793646', 'aguilarbruce@example.com', 'F', '8001238630', 50);
INSERT INTO CUSTOMER (ID_Customer, CustomerName, PhoneNumber, Email, Gender, SSID, ID_Card) VALUES (51, 'Kayla Martinez', '1499887717', 'lauraboyd@example.org', 'M', '5433359034', 51);
INSERT INTO CUSTOMER (ID_Customer, CustomerName, PhoneNumber, Email, Gender, SSID, ID_Card) VALUES (52, 'Nancy Pena', '8300525766', 'bharris@example.net', 'M', '7587390458', 52);
INSERT INTO CUSTOMER (ID_Customer, CustomerName, PhoneNumber, Email, Gender, SSID, ID_Card) VALUES (53, 'Ashley Sutton', '1192991027', 'oconnellerik@example.net', 'F', '0752971156', 53);
INSERT INTO CUSTOMER (ID_Customer, CustomerName, PhoneNumber, Email, Gender, SSID, ID_Card) VALUES (54, 'Lauren Mcfarland', '2283868381', 'carolsoto@example.org', 'F', '6377765485', 54);
INSERT INTO CUSTOMER (ID_Customer, CustomerName, PhoneNumber, Email, Gender, SSID, ID_Card) VALUES (55, 'Melissa Rodriguez', '7839162143', 'smithrachel@example.org', 'F', '8743849035', 55);
INSERT INTO CUSTOMER (ID_Customer, CustomerName, PhoneNumber, Email, Gender, SSID, ID_Card) VALUES (56, 'Marcia Ingram', '7327079991', 'othompson@example.com', 'M', '4977030018', 56);
INSERT INTO CUSTOMER (ID_Customer, CustomerName, PhoneNumber, Email, Gender, SSID, ID_Card) VALUES (57, 'Brian Ray', '7586186083', 'jzamora@example.com', 'M', '8712162975', 57);
INSERT INTO CUSTOMER (ID_Customer, CustomerName, PhoneNumber, Email, Gender, SSID, ID_Card) VALUES (58, 'Kelly Johnson', '5042693813', 'barbara05@example.org', 'F', '3713697268', 58);
INSERT INTO CUSTOMER (ID_Customer, CustomerName, PhoneNumber, Email, Gender, SSID, ID_Card) VALUES (59, 'Mr. Brandon Cole', '4420565670', 'qjenkins@example.net', 'F', '2235809518', 59);
INSERT INTO CUSTOMER (ID_Customer, CustomerName, PhoneNumber, Email, Gender, SSID, ID_Card) VALUES (60, 'Tonya Wilson', '7460033848', 'patricia51@example.org', 'F', '6587234549', 60);
INSERT INTO CUSTOMER (ID_Customer, CustomerName, PhoneNumber, Email, Gender, SSID, ID_Card) VALUES (61, 'Cassidy Caldwell', '5605890624', 'hwebb@example.org', 'M', '3923302004', 61);
INSERT INTO CUSTOMER (ID_Customer, CustomerName, PhoneNumber, Email, Gender, SSID, ID_Card) VALUES (62, 'Amanda Martinez', '0854950233', 'boylestephanie@example.com', 'M', '4779827523', 62);
INSERT INTO CUSTOMER (ID_Customer, CustomerName, PhoneNumber, Email, Gender, SSID, ID_Card) VALUES (63, 'Brittany Mcdaniel', '9626929563', 'robinsonmichael@example.net', 'M', '3017775526', 63);
INSERT INTO CUSTOMER (ID_Customer, CustomerName, PhoneNumber, Email, Gender, SSID, ID_Card) VALUES (64, 'Mr. Kyle James', '9693240309', 'brownlance@example.com', 'F', '0615311375', 64);
INSERT INTO CUSTOMER (ID_Customer, CustomerName, PhoneNumber, Email, Gender, SSID, ID_Card) VALUES (65, 'Jeffrey May', '3443776500', 'christinebell@example.net', 'M', '6072289235', 65);
INSERT INTO CUSTOMER (ID_Customer, CustomerName, PhoneNumber, Email, Gender, SSID, ID_Card) VALUES (66, 'Jennifer Smith', '1085319743', 'anthony14@example.net', 'M', '6329449384', 66);
INSERT INTO CUSTOMER (ID_Customer, CustomerName, PhoneNumber, Email, Gender, SSID, ID_Card) VALUES (67, 'Jason Coleman', '7790823585', 'lovemonica@example.com', 'M', '7034977524', 67);
INSERT INTO CUSTOMER (ID_Customer, CustomerName, PhoneNumber, Email, Gender, SSID, ID_Card) VALUES (68, 'Elizabeth Wilson', '2482377723', 'guzmandanny@example.org', 'M', '4761464443', 68);
INSERT INTO CUSTOMER (ID_Customer, CustomerName, PhoneNumber, Email, Gender, SSID, ID_Card) VALUES (69, 'Vincent Miller', '8116483806', 'elizabethrhodes@example.com', 'M', '5209676972', 69);
INSERT INTO CUSTOMER (ID_Customer, CustomerName, PhoneNumber, Email, Gender, SSID, ID_Card) VALUES (70, 'Brian Gutierrez', '2641811899', 'hollycook@example.net', 'F', '2848510578', 70);
INSERT INTO CUSTOMER (ID_Customer, CustomerName, PhoneNumber, Email, Gender, SSID, ID_Card) VALUES (71, 'Brandi Wilson', '2179742747', 'mercadojohn@example.org', 'F', '2035859729', 71);
INSERT INTO CUSTOMER (ID_Customer, CustomerName, PhoneNumber, Email, Gender, SSID, ID_Card) VALUES (72, 'Daniel Smith', '2863762896', 'gwilliams@example.com', 'F', '2965270708', 72);
INSERT INTO CUSTOMER (ID_Customer, CustomerName, PhoneNumber, Email, Gender, SSID, ID_Card) VALUES (73, 'Heather Allen', '9062548606', 'katherineadams@example.org', 'F', '0804348850', 73);
INSERT INTO CUSTOMER (ID_Customer, CustomerName, PhoneNumber, Email, Gender, SSID, ID_Card) VALUES (74, 'Angela Gomez', '7527266689', 'brandonwalker@example.com', 'F', '8597483872', 74);
INSERT INTO CUSTOMER (ID_Customer, CustomerName, PhoneNumber, Email, Gender, SSID, ID_Card) VALUES (75, 'Cody Frazier', '2781054108', 'xrodriguez@example.net', 'M', '7334506443', 75);
INSERT INTO CUSTOMER (ID_Customer, CustomerName, PhoneNumber, Email, Gender, SSID, ID_Card) VALUES (76, 'Jeanette Wilkins', '5343038468', 'dpham@example.org', 'F', '3994494667', 76);
INSERT INTO CUSTOMER (ID_Customer, CustomerName, PhoneNumber, Email, Gender, SSID, ID_Card) VALUES (77, 'Paul Day', '7284062259', 'jkaiser@example.net', 'F', '3766121979', 77);
INSERT INTO CUSTOMER (ID_Customer, CustomerName, PhoneNumber, Email, Gender, SSID, ID_Card) VALUES (78, 'Jonathan Cameron', '6877530197', 'rwoodward@example.net', 'F', '1297851346', 78);
INSERT INTO CUSTOMER (ID_Customer, CustomerName, PhoneNumber, Email, Gender, SSID, ID_Card) VALUES (79, 'Michael Alvarado', '7279975711', 'jason70@example.org', 'F', '9384178183', 79);
INSERT INTO CUSTOMER (ID_Customer, CustomerName, PhoneNumber, Email, Gender, SSID, ID_Card) VALUES (80, 'Beverly Fuentes', '8276361070', 'rrussell@example.org', 'M', '2742048889', 80);
INSERT INTO CUSTOMER (ID_Customer, CustomerName, PhoneNumber, Email, Gender, SSID, ID_Card) VALUES (81, 'Mark James', '4582873919', 'stewarttroy@example.com', 'F', '6642404094', 81);
INSERT INTO CUSTOMER (ID_Customer, CustomerName, PhoneNumber, Email, Gender, SSID, ID_Card) VALUES (82, 'Samantha Robinson', '6426044413', 'jerrywaters@example.net', 'M', '0150657753', 82);
INSERT INTO CUSTOMER (ID_Customer, CustomerName, PhoneNumber, Email, Gender, SSID, ID_Card) VALUES (83, 'Kathleen Guerra', '7495240175', 'amanda19@example.com', 'F', '3368701967', 83);
INSERT INTO CUSTOMER (ID_Customer, CustomerName, PhoneNumber, Email, Gender, SSID, ID_Card) VALUES (84, 'Charles Rivera', '3247956642', 'allenwoodward@example.org', 'M', '7720166849', 84);
INSERT INTO CUSTOMER (ID_Customer, CustomerName, PhoneNumber, Email, Gender, SSID, ID_Card) VALUES (85, 'Michelle Espinoza', '8619847614', 'perkinslinda@example.org', 'F', '7010311543', 85);
INSERT INTO CUSTOMER (ID_Customer, CustomerName, PhoneNumber, Email, Gender, SSID, ID_Card) VALUES (86, 'Dawn Ferrell', '2584897811', 'josephwilcox@example.org', 'F', '6480137977', 86);
INSERT INTO CUSTOMER (ID_Customer, CustomerName, PhoneNumber, Email, Gender, SSID, ID_Card) VALUES (87, 'Thomas Taylor', '3317267698', 'uleach@example.org', 'F', '0780750927', 87);
INSERT INTO CUSTOMER (ID_Customer, CustomerName, PhoneNumber, Email, Gender, SSID, ID_Card) VALUES (88, 'Annette Taylor', '0017601345', 'jdiaz@example.org', 'F', '5755310535', 88);
INSERT INTO CUSTOMER (ID_Customer, CustomerName, PhoneNumber, Email, Gender, SSID, ID_Card) VALUES (89, 'Karen Watts', '4374233761', 'amanda76@example.net', 'M', '0666774602', 89);
INSERT INTO CUSTOMER (ID_Customer, CustomerName, PhoneNumber, Email, Gender, SSID, ID_Card) VALUES (90, 'Matthew Woods', '2350841993', 'ybeard@example.org', 'F', '8733073171', 90);
INSERT INTO CUSTOMER (ID_Customer, CustomerName, PhoneNumber, Email, Gender, SSID, ID_Card) VALUES (91, 'Samantha Webster', '7373014015', 'cmadden@example.org', 'M', '2489069347', 91);
INSERT INTO CUSTOMER (ID_Customer, CustomerName, PhoneNumber, Email, Gender, SSID, ID_Card) VALUES (92, 'Christopher Davis', '9557673869', 'tcooper@example.com', 'F', '1835492476', 92);
INSERT INTO CUSTOMER (ID_Customer, CustomerName, PhoneNumber, Email, Gender, SSID, ID_Card) VALUES (93, 'Taylor Evans', '6086396318', 'joneshailey@example.com', 'F', '0823800363', 93);
INSERT INTO CUSTOMER (ID_Customer, CustomerName, PhoneNumber, Email, Gender, SSID, ID_Card) VALUES (94, 'Jessica Bryant', '5899939288', 'goldenmichelle@example.org', 'F', '7419659162', 94);
INSERT INTO CUSTOMER (ID_Customer, CustomerName, PhoneNumber, Email, Gender, SSID, ID_Card) VALUES (95, 'Sarah Ali', '7970789155', 'jenniferwhitehead@example.org', 'F', '4573382190', 95);
INSERT INTO CUSTOMER (ID_Customer, CustomerName, PhoneNumber, Email, Gender, SSID, ID_Card) VALUES (96, 'Victoria Mack', '9286694779', 'wwilliams@example.com', 'M', '3863204904', 96);
INSERT INTO CUSTOMER (ID_Customer, CustomerName, PhoneNumber, Email, Gender, SSID, ID_Card) VALUES (97, 'Grant Booker', '6697493955', 'vhernandez@example.org', 'M', '9345407428', 97);
INSERT INTO CUSTOMER (ID_Customer, CustomerName, PhoneNumber, Email, Gender, SSID, ID_Card) VALUES (98, 'Linda Miller', '8074286269', 'wkeller@example.org', 'M', '8200141551', 98);
INSERT INTO CUSTOMER (ID_Customer, CustomerName, PhoneNumber, Email, Gender, SSID, ID_Card) VALUES (99, 'Samuel Evans', '0613762899', 'rshaw@example.com', 'F', '1530429155', 99);
INSERT INTO CUSTOMER (ID_Customer, CustomerName, PhoneNumber, Email, Gender, SSID, ID_Card) VALUES (100, 'Ryan Peters', '5397628519', 'valerie16@example.com', 'F', '5475810435', 100);
INSERT INTO CUSTOMER (ID_Customer, CustomerName, PhoneNumber, Email, Gender, SSID, ID_Card) VALUES (101, 'William Calderon', '1546633280', 'hweber@example.net', 'M', '9153597822', 101);
INSERT INTO CUSTOMER (ID_Customer, CustomerName, PhoneNumber, Email, Gender, SSID, ID_Card) VALUES (102, 'Jill Jenkins', '4328593157', 'zachary81@example.com', 'F', '3113911299', 102);
INSERT INTO CUSTOMER (ID_Customer, CustomerName, PhoneNumber, Email, Gender, SSID, ID_Card) VALUES (103, 'Scott Phillips', '9447719408', 'xanderson@example.com', 'F', '0095597022', 103);
INSERT INTO CUSTOMER (ID_Customer, CustomerName, PhoneNumber, Email, Gender, SSID, ID_Card) VALUES (104, 'Michael Campbell', '1602970560', 'derekdominguez@example.com', 'F', '6155100018', 104);
INSERT INTO CUSTOMER (ID_Customer, CustomerName, PhoneNumber, Email, Gender, SSID, ID_Card) VALUES (105, 'Chelsea Davis', '3413194076', 'middletonrichard@example.org', 'M', '0850655931', 105);
INSERT INTO CUSTOMER (ID_Customer, CustomerName, PhoneNumber, Email, Gender, SSID, ID_Card) VALUES (106, 'Daniel Johnson', '4402368821', 'ghendricks@example.org', 'F', '1220569381', 106);
INSERT INTO CUSTOMER (ID_Customer, CustomerName, PhoneNumber, Email, Gender, SSID, ID_Card) VALUES (107, 'Natalie Cooper', '7162343912', 'andrewbuckley@example.org', 'F', '8345042915', 107);
INSERT INTO CUSTOMER (ID_Customer, CustomerName, PhoneNumber, Email, Gender, SSID, ID_Card) VALUES (108, 'Wayne Sanchez', '0322008764', 'thaynes@example.net', 'F', '9256219660', 108);
INSERT INTO CUSTOMER (ID_Customer, CustomerName, PhoneNumber, Email, Gender, SSID, ID_Card) VALUES (109, 'Heather Clayton', '9068779518', 'juan75@example.net', 'F', '6936119968', 109);
INSERT INTO CUSTOMER (ID_Customer, CustomerName, PhoneNumber, Email, Gender, SSID, ID_Card) VALUES (110, 'Christopher Carr', '8824752705', 'wgarcia@example.com', 'M', '8382046036', 110);
INSERT INTO CUSTOMER (ID_Customer, CustomerName, PhoneNumber, Email, Gender, SSID, ID_Card) VALUES (111, 'Catherine Willis', '0121453740', 'tuckerjared@example.org', 'F', '8239584385', 111);
INSERT INTO CUSTOMER (ID_Customer, CustomerName, PhoneNumber, Email, Gender, SSID, ID_Card) VALUES (112, 'Austin Sharp', '7621324943', 'crios@example.org', 'F', '6705170195', 112);
INSERT INTO CUSTOMER (ID_Customer, CustomerName, PhoneNumber, Email, Gender, SSID, ID_Card) VALUES (113, 'Valerie Perez', '5996423296', 'youngwilliam@example.net', 'M', '1821122453', 113);
INSERT INTO CUSTOMER (ID_Customer, CustomerName, PhoneNumber, Email, Gender, SSID, ID_Card) VALUES (114, 'Heather Giles', '7788384065', 'robert64@example.org', 'M', '4618499063', 114);
INSERT INTO CUSTOMER (ID_Customer, CustomerName, PhoneNumber, Email, Gender, SSID, ID_Card) VALUES (115, 'Jeremy Snyder', '0467366260', 'espinozakevin@example.net', 'F', '7252314761', 115);
INSERT INTO CUSTOMER (ID_Customer, CustomerName, PhoneNumber, Email, Gender, SSID, ID_Card) VALUES (116, 'Mitchell Taylor DDS', '1272222447', 'shaun75@example.org', 'F', '4658254242', 116);
INSERT INTO CUSTOMER (ID_Customer, CustomerName, PhoneNumber, Email, Gender, SSID, ID_Card) VALUES (117, 'Michael Stone', '4104865022', 'smatthews@example.com', 'F', '4451027631', 117);
INSERT INTO CUSTOMER (ID_Customer, CustomerName, PhoneNumber, Email, Gender, SSID, ID_Card) VALUES (118, 'Tina Lewis', '6172314055', 'villegasbrandon@example.org', 'M', '5199520738', 118);
INSERT INTO CUSTOMER (ID_Customer, CustomerName, PhoneNumber, Email, Gender, SSID, ID_Card) VALUES (119, 'Jessica Watkins', '3756615859', 'dudleygary@example.org', 'M', '6830516654', 119);
INSERT INTO CUSTOMER (ID_Customer, CustomerName, PhoneNumber, Email, Gender, SSID, ID_Card) VALUES (120, 'Kimberly Perez', '0305302215', 'gjohnson@example.com', 'M', '9206699368', 120);
INSERT INTO CUSTOMER (ID_Customer, CustomerName, PhoneNumber, Email, Gender, SSID, ID_Card) VALUES (121, 'Christopher Burns', '5180237125', 'eharper@example.net', 'F', '9287633972', 121);
INSERT INTO CUSTOMER (ID_Customer, CustomerName, PhoneNumber, Email, Gender, SSID, ID_Card) VALUES (122, 'Jesse French', '1689550428', 'ismith@example.org', 'F', '3976259225', 122);
INSERT INTO CUSTOMER (ID_Customer, CustomerName, PhoneNumber, Email, Gender, SSID, ID_Card) VALUES (123, 'Dominique Smith', '4881637289', 'fsantos@example.com', 'F', '5497854945', 123);
INSERT INTO CUSTOMER (ID_Customer, CustomerName, PhoneNumber, Email, Gender, SSID, ID_Card) VALUES (124, 'Jason Ali', '1852958588', 'bobby18@example.org', 'M', '1288713849', 124);
INSERT INTO CUSTOMER (ID_Customer, CustomerName, PhoneNumber, Email, Gender, SSID, ID_Card) VALUES (125, 'Danielle Arias', '1325151963', 'patriciagraham@example.net', 'F', '7123112138', 125);
INSERT INTO CUSTOMER (ID_Customer, CustomerName, PhoneNumber, Email, Gender, SSID, ID_Card) VALUES (126, 'Jacqueline Moore', '6414154867', 'gordonjesus@example.com', 'M', '6277023872', 126);
INSERT INTO CUSTOMER (ID_Customer, CustomerName, PhoneNumber, Email, Gender, SSID, ID_Card) VALUES (127, 'Courtney Thomas', '3132368789', 'reginald72@example.com', 'M', '0001209076', 127);
INSERT INTO CUSTOMER (ID_Customer, CustomerName, PhoneNumber, Email, Gender, SSID, ID_Card) VALUES (128, 'Kimberly Ward', '7101752377', 'bgross@example.net', 'M', '7421854345', 128);
INSERT INTO CUSTOMER (ID_Customer, CustomerName, PhoneNumber, Email, Gender, SSID, ID_Card) VALUES (129, 'Mark Johnson', '2541438111', 'tiffany49@example.net', 'F', '4930927630', 129);
INSERT INTO CUSTOMER (ID_Customer, CustomerName, PhoneNumber, Email, Gender, SSID, ID_Card) VALUES (130, 'Keith Howard', '9242438309', 'trowe@example.org', 'M', '7677748243', 130);
INSERT INTO CUSTOMER (ID_Customer, CustomerName, PhoneNumber, Email, Gender, SSID, ID_Card) VALUES (131, 'Jared Lopez', '7726199439', 'lgarcia@example.org', 'F', '4734079690', 131);
INSERT INTO CUSTOMER (ID_Customer, CustomerName, PhoneNumber, Email, Gender, SSID, ID_Card) VALUES (132, 'Denise Allen', '3834258291', 'cameron61@example.com', 'M', '3713255514', 132);
INSERT INTO CUSTOMER (ID_Customer, CustomerName, PhoneNumber, Email, Gender, SSID, ID_Card) VALUES (133, 'Brent Martin', '5390700428', 'susanbond@example.org', 'M', '3658159730', 133);
INSERT INTO CUSTOMER (ID_Customer, CustomerName, PhoneNumber, Email, Gender, SSID, ID_Card) VALUES (134, 'Keith Reeves', '8488190698', 'dillonporter@example.net', 'F', '5975086828', 134);
INSERT INTO CUSTOMER (ID_Customer, CustomerName, PhoneNumber, Email, Gender, SSID, ID_Card) VALUES (135, 'Michael Martinez', '3273401029', 'griffinkristi@example.com', 'M', '8607282872', 135);
INSERT INTO CUSTOMER (ID_Customer, CustomerName, PhoneNumber, Email, Gender, SSID, ID_Card) VALUES (136, 'Anne Cox', '8064808078', 'tonyajenkins@example.net', 'M', '9820844358', 136);
INSERT INTO CUSTOMER (ID_Customer, CustomerName, PhoneNumber, Email, Gender, SSID, ID_Card) VALUES (137, 'Laura Garcia', '3262214290', 'delgadonathan@example.net', 'F', '1820151624', 137);
INSERT INTO CUSTOMER (ID_Customer, CustomerName, PhoneNumber, Email, Gender, SSID, ID_Card) VALUES (138, 'Joseph Brown', '8019241378', 'ernest29@example.org', 'F', '9545539534', 138);
INSERT INTO CUSTOMER (ID_Customer, CustomerName, PhoneNumber, Email, Gender, SSID, ID_Card) VALUES (139, 'Todd Nelson', '1818942136', 'oaustin@example.com', 'M', '5466463754', 139);
INSERT INTO CUSTOMER (ID_Customer, CustomerName, PhoneNumber, Email, Gender, SSID, ID_Card) VALUES (140, 'Christopher Brown', '2371069603', 'michael76@example.org', 'F', '8049012554', 140);
INSERT INTO CUSTOMER (ID_Customer, CustomerName, PhoneNumber, Email, Gender, SSID, ID_Card) VALUES (141, 'Adam Sullivan', '7435856820', 'brooksjason@example.net', 'F', '1821827100', 141);
INSERT INTO CUSTOMER (ID_Customer, CustomerName, PhoneNumber, Email, Gender, SSID, ID_Card) VALUES (142, 'Michael Avila', '3207245615', 'oferguson@example.org', 'F', '4953013861', 142);
INSERT INTO CUSTOMER (ID_Customer, CustomerName, PhoneNumber, Email, Gender, SSID, ID_Card) VALUES (143, 'Christopher Farmer', '5623536869', 'christopher03@example.net', 'M', '6834876099', 143);
INSERT INTO CUSTOMER (ID_Customer, CustomerName, PhoneNumber, Email, Gender, SSID, ID_Card) VALUES (144, 'Kenneth Hoffman', '5694941485', 'qknight@example.com', 'F', '6564206545', 144);
INSERT INTO CUSTOMER (ID_Customer, CustomerName, PhoneNumber, Email, Gender, SSID, ID_Card) VALUES (145, 'Anna Carlson', '9717874500', 'ramirezmadison@example.org', 'M', '2730443000', 145);
INSERT INTO CUSTOMER (ID_Customer, CustomerName, PhoneNumber, Email, Gender, SSID, ID_Card) VALUES (146, 'Jason Arias MD', '3318404406', 'rothnicholas@example.org', 'F', '9593816816', 146);
INSERT INTO CUSTOMER (ID_Customer, CustomerName, PhoneNumber, Email, Gender, SSID, ID_Card) VALUES (147, 'Margaret Morgan', '6201053047', 'mary60@example.net', 'F', '7754967015', 147);
INSERT INTO CUSTOMER (ID_Customer, CustomerName, PhoneNumber, Email, Gender, SSID, ID_Card) VALUES (148, 'Lisa Burns', '4045981509', 'saramoyer@example.org', 'F', '5771947108', 148);
INSERT INTO CUSTOMER (ID_Customer, CustomerName, PhoneNumber, Email, Gender, SSID, ID_Card) VALUES (149, 'Amy Berg', '7605804128', 'karen75@example.org', 'M', '0653278262', 149);
INSERT INTO CUSTOMER (ID_Customer, CustomerName, PhoneNumber, Email, Gender, SSID, ID_Card) VALUES (150, 'Daniel Floyd', '1403311887', 'bhughes@example.com', 'F', '6736607734', 150);
INSERT INTO CUSTOMER (ID_Customer, CustomerName, PhoneNumber, Email, Gender, SSID, ID_Card) VALUES (151, 'Christopher Wagner', '3160297892', 'meganstanley@example.org', 'F', '3274780716', 151);
INSERT INTO CUSTOMER (ID_Customer, CustomerName, PhoneNumber, Email, Gender, SSID, ID_Card) VALUES (152, 'Michael Harris', '4745674149', 'arianahughes@example.com', 'M', '0902352472', 152);
INSERT INTO CUSTOMER (ID_Customer, CustomerName, PhoneNumber, Email, Gender, SSID, ID_Card) VALUES (153, 'Stephanie Owen', '6007568237', 'michelle24@example.org', 'M', '7339551323', 153);
INSERT INTO CUSTOMER (ID_Customer, CustomerName, PhoneNumber, Email, Gender, SSID, ID_Card) VALUES (154, 'Ian Warren', '7253598918', 'alexander24@example.net', 'F', '7523376937', 154);
INSERT INTO CUSTOMER (ID_Customer, CustomerName, PhoneNumber, Email, Gender, SSID, ID_Card) VALUES (155, 'Jennifer Phillips', '5424282609', 'lawsonkim@example.net', 'F', '8752434080', 155);
INSERT INTO CUSTOMER (ID_Customer, CustomerName, PhoneNumber, Email, Gender, SSID, ID_Card) VALUES (156, 'John Thornton', '6815039282', 'kmiller@example.org', 'F', '6423949561', 156);
INSERT INTO CUSTOMER (ID_Customer, CustomerName, PhoneNumber, Email, Gender, SSID, ID_Card) VALUES (157, 'Bobby Pearson', '5367327058', 'paulgibson@example.org', 'F', '3862353696', 157);
INSERT INTO CUSTOMER (ID_Customer, CustomerName, PhoneNumber, Email, Gender, SSID, ID_Card) VALUES (158, 'Ryan Hill', '9743060066', 'reidkaylee@example.net', 'F', '9395627684', 158);
INSERT INTO CUSTOMER (ID_Customer, CustomerName, PhoneNumber, Email, Gender, SSID, ID_Card) VALUES (159, 'Thomas Sanchez', '7926310667', 'vwells@example.net', 'M', '8614228903', 159);
INSERT INTO CUSTOMER (ID_Customer, CustomerName, PhoneNumber, Email, Gender, SSID, ID_Card) VALUES (160, 'Joshua White', '1753591840', 'gary28@example.com', 'M', '8847380577', 160);
INSERT INTO CUSTOMER (ID_Customer, CustomerName, PhoneNumber, Email, Gender, SSID, ID_Card) VALUES (161, 'Courtney Johnson', '6768508033', 'johnsondebra@example.net', 'F', '9237126084', 161);
INSERT INTO CUSTOMER (ID_Customer, CustomerName, PhoneNumber, Email, Gender, SSID, ID_Card) VALUES (162, 'Cathy Whitehead', '1889205529', 'huntermichelle@example.net', 'F', '9742324025', 162);
INSERT INTO CUSTOMER (ID_Customer, CustomerName, PhoneNumber, Email, Gender, SSID, ID_Card) VALUES (163, 'Denise Moore', '9185059659', 'mackenzie22@example.org', 'M', '0453059730', 163);
INSERT INTO CUSTOMER (ID_Customer, CustomerName, PhoneNumber, Email, Gender, SSID, ID_Card) VALUES (164, 'Tom Collier', '7695170773', 'kfox@example.org', 'F', '8113815596', 164);
INSERT INTO CUSTOMER (ID_Customer, CustomerName, PhoneNumber, Email, Gender, SSID, ID_Card) VALUES (165, 'Denise Williamson', '3472594658', 'watsonkelly@example.org', 'F', '3440419758', 165);
INSERT INTO CUSTOMER (ID_Customer, CustomerName, PhoneNumber, Email, Gender, SSID, ID_Card) VALUES (166, 'Zachary Kirby', '8602570738', 'wmoran@example.com', 'M', '7631680218', 166);
INSERT INTO CUSTOMER (ID_Customer, CustomerName, PhoneNumber, Email, Gender, SSID, ID_Card) VALUES (167, 'Lauren Nunez', '3977573287', 'herrerajeremy@example.com', 'M', '1099060420', 167);
INSERT INTO CUSTOMER (ID_Customer, CustomerName, PhoneNumber, Email, Gender, SSID, ID_Card) VALUES (168, 'Brian Hayes', '8536344039', 'velasquezlisa@example.org', 'F', '2411967041', 168);
INSERT INTO CUSTOMER (ID_Customer, CustomerName, PhoneNumber, Email, Gender, SSID, ID_Card) VALUES (169, 'Amber Watkins', '6666049560', 'richardcole@example.com', 'M', '6755221216', 169);
INSERT INTO CUSTOMER (ID_Customer, CustomerName, PhoneNumber, Email, Gender, SSID, ID_Card) VALUES (170, 'Paul Grimes', '9643258025', 'theresa31@example.net', 'M', '5801799343', 170);
INSERT INTO CUSTOMER (ID_Customer, CustomerName, PhoneNumber, Email, Gender, SSID, ID_Card) VALUES (171, 'Kimberly Nolan', '5164614905', 'lopezalexis@example.net', 'M', '8030228287', 171);
INSERT INTO CUSTOMER (ID_Customer, CustomerName, PhoneNumber, Email, Gender, SSID, ID_Card) VALUES (172, 'Kimberly Scott', '6141817190', 'margaretboyd@example.org', 'F', '9438528057', 172);
INSERT INTO CUSTOMER (ID_Customer, CustomerName, PhoneNumber, Email, Gender, SSID, ID_Card) VALUES (173, 'Mary French', '9478665491', 'fzavala@example.net', 'M', '4182288946', 173);
INSERT INTO CUSTOMER (ID_Customer, CustomerName, PhoneNumber, Email, Gender, SSID, ID_Card) VALUES (174, 'Diana Calderon', '5298050259', 'lsmith@example.com', 'F', '6003078765', 174);
INSERT INTO CUSTOMER (ID_Customer, CustomerName, PhoneNumber, Email, Gender, SSID, ID_Card) VALUES (175, 'Kelsey Todd', '8479824088', 'kvelez@example.com', 'M', '5047192580', 175);
INSERT INTO CUSTOMER (ID_Customer, CustomerName, PhoneNumber, Email, Gender, SSID, ID_Card) VALUES (176, 'Ryan Cruz', '1912438214', 'gbell@example.org', 'F', '5183868515', 176);
INSERT INTO CUSTOMER (ID_Customer, CustomerName, PhoneNumber, Email, Gender, SSID, ID_Card) VALUES (177, 'Kim Wallace', '3681504257', 'debbie04@example.org', 'F', '5805391922', 177);
INSERT INTO CUSTOMER (ID_Customer, CustomerName, PhoneNumber, Email, Gender, SSID, ID_Card) VALUES (178, 'Jordan Porter', '5344841589', 'jonesandrew@example.net', 'F', '2824655410', 178);
INSERT INTO CUSTOMER (ID_Customer, CustomerName, PhoneNumber, Email, Gender, SSID, ID_Card) VALUES (179, 'Jeanette Sanford', '4725547266', 'benjaminbell@example.com', 'M', '8851496143', 179);
INSERT INTO CUSTOMER (ID_Customer, CustomerName, PhoneNumber, Email, Gender, SSID, ID_Card) VALUES (180, 'Brian Olson', '1041331917', 'zhansen@example.net', 'F', '1087937855', 180);
INSERT INTO CUSTOMER (ID_Customer, CustomerName, PhoneNumber, Email, Gender, SSID, ID_Card) VALUES (181, 'Todd Dunn', '1572354879', 'brownannette@example.net', 'F', '0504420820', 181);
INSERT INTO CUSTOMER (ID_Customer, CustomerName, PhoneNumber, Email, Gender, SSID, ID_Card) VALUES (182, 'David Harris', '0623697593', 'michellebarnes@example.com', 'F', '0598565261', 182);
INSERT INTO CUSTOMER (ID_Customer, CustomerName, PhoneNumber, Email, Gender, SSID, ID_Card) VALUES (183, 'Michael Thompson', '3678866786', 'randy74@example.org', 'F', '0937724372', 183);
INSERT INTO CUSTOMER (ID_Customer, CustomerName, PhoneNumber, Email, Gender, SSID, ID_Card) VALUES (184, 'Benjamin Reid', '9385560533', 'sarah12@example.net', 'F', '8965434985', 184);
INSERT INTO CUSTOMER (ID_Customer, CustomerName, PhoneNumber, Email, Gender, SSID, ID_Card) VALUES (185, 'Adam Mahoney', '8229888488', 'amy49@example.net', 'M', '7054880576', 185);
INSERT INTO CUSTOMER (ID_Customer, CustomerName, PhoneNumber, Email, Gender, SSID, ID_Card) VALUES (186, 'Emily Smith', '5299152776', 'rubiojoseph@example.net', 'F', '8558626100', 186);
INSERT INTO CUSTOMER (ID_Customer, CustomerName, PhoneNumber, Email, Gender, SSID, ID_Card) VALUES (187, 'Gary Cole', '3014671464', 'steven57@example.org', 'F', '6207040102', 187);
INSERT INTO CUSTOMER (ID_Customer, CustomerName, PhoneNumber, Email, Gender, SSID, ID_Card) VALUES (188, 'Lindsay Harding', '6351592740', 'saraowen@example.org', 'M', '5253222123', 188);
INSERT INTO CUSTOMER (ID_Customer, CustomerName, PhoneNumber, Email, Gender, SSID, ID_Card) VALUES (189, 'Daniel Myers', '3569517272', 'morgan32@example.net', 'M', '1113401178', 189);
INSERT INTO CUSTOMER (ID_Customer, CustomerName, PhoneNumber, Email, Gender, SSID, ID_Card) VALUES (190, 'Ryan Griffin', '7230922654', 'katherinejones@example.net', 'F', '9852990383', 190);
INSERT INTO CUSTOMER (ID_Customer, CustomerName, PhoneNumber, Email, Gender, SSID, ID_Card) VALUES (191, 'Devin Garcia', '1550045567', 'coliver@example.net', 'M', '8088979356', 191);
INSERT INTO CUSTOMER (ID_Customer, CustomerName, PhoneNumber, Email, Gender, SSID, ID_Card) VALUES (192, 'Anthony Mason', '9110662550', 'pthomas@example.net', 'F', '1179922547', 192);
INSERT INTO CUSTOMER (ID_Customer, CustomerName, PhoneNumber, Email, Gender, SSID, ID_Card) VALUES (193, 'Erika Burns', '3717710228', 'timothy99@example.org', 'M', '1222976634', 193);
INSERT INTO CUSTOMER (ID_Customer, CustomerName, PhoneNumber, Email, Gender, SSID, ID_Card) VALUES (194, 'Cameron Jackson', '8115847226', 'hansondawn@example.org', 'M', '0930558263', 194);
INSERT INTO CUSTOMER (ID_Customer, CustomerName, PhoneNumber, Email, Gender, SSID, ID_Card) VALUES (195, 'Zachary Sullivan', '2375186434', 'ashleymiller@example.org', 'F', '6260887492', 195);
INSERT INTO CUSTOMER (ID_Customer, CustomerName, PhoneNumber, Email, Gender, SSID, ID_Card) VALUES (196, 'Eric Jackson', '8976259670', 'qwhite@example.com', 'M', '2277088983', 196);
INSERT INTO CUSTOMER (ID_Customer, CustomerName, PhoneNumber, Email, Gender, SSID, ID_Card) VALUES (197, 'Bruce Harvey', '1208925698', 'joshuasoto@example.org', 'M', '3858325722', 197);
INSERT INTO CUSTOMER (ID_Customer, CustomerName, PhoneNumber, Email, Gender, SSID, ID_Card) VALUES (198, 'Jamie Ryan', '4490753330', 'angelaford@example.net', 'M', '0698478044', 198);
INSERT INTO CUSTOMER (ID_Customer, CustomerName, PhoneNumber, Email, Gender, SSID, ID_Card) VALUES (199, 'Michael Carrillo', '3952024081', 'christina88@example.net', 'F', '7706597963', 199);
INSERT INTO CUSTOMER (ID_Customer, CustomerName, PhoneNumber, Email, Gender, SSID, ID_Card) VALUES (200, 'Louis Swanson', '2955616546', 'kjoyce@example.com', 'F', '2308530679', 200);
INSERT INTO CUSTOMER (ID_Customer, CustomerName, PhoneNumber, Email, Gender, SSID, ID_Card) VALUES (201, 'Margaret Ritter', '8860200201', 'susan63@example.net', 'F', '1176933201', 201);
INSERT INTO CUSTOMER (ID_Customer, CustomerName, PhoneNumber, Email, Gender, SSID, ID_Card) VALUES (202, 'Joseph Marshall', '5253329982', 'swheeler@example.com', 'F', '8902160778', 202);
INSERT INTO CUSTOMER (ID_Customer, CustomerName, PhoneNumber, Email, Gender, SSID, ID_Card) VALUES (203, 'Regina Smith', '1337065976', 'simpsonlori@example.net', 'M', '3109658818', 203);
INSERT INTO CUSTOMER (ID_Customer, CustomerName, PhoneNumber, Email, Gender, SSID, ID_Card) VALUES (204, 'David Keith', '3460040135', 'samanthacunningham@example.net', 'M', '2562296462', 204);
INSERT INTO CUSTOMER (ID_Customer, CustomerName, PhoneNumber, Email, Gender, SSID, ID_Card) VALUES (205, 'Patricia Marshall', '2661230704', 'weaverjaclyn@example.net', 'F', '9237684015', 205);
INSERT INTO CUSTOMER (ID_Customer, CustomerName, PhoneNumber, Email, Gender, SSID, ID_Card) VALUES (206, 'Ashley Greene', '1399079587', 'brian31@example.org', 'F', '8186119973', 206);
INSERT INTO CUSTOMER (ID_Customer, CustomerName, PhoneNumber, Email, Gender, SSID, ID_Card) VALUES (207, 'Steven Nunez', '9394755594', 'georgesimmons@example.com', 'M', '8332782427', 207);
INSERT INTO CUSTOMER (ID_Customer, CustomerName, PhoneNumber, Email, Gender, SSID, ID_Card) VALUES (208, 'Elijah Thompson', '1776991770', 'clarkjacob@example.org', 'M', '7490146495', 208);
INSERT INTO CUSTOMER (ID_Customer, CustomerName, PhoneNumber, Email, Gender, SSID, ID_Card) VALUES (209, 'Andrea Andrews', '4778271452', 'austin40@example.com', 'M', '4251642937', 209);
INSERT INTO CUSTOMER (ID_Customer, CustomerName, PhoneNumber, Email, Gender, SSID, ID_Card) VALUES (210, 'Zachary Caldwell', '5894693302', 'ssaunders@example.org', 'F', '4574579632', 210);
INSERT INTO CUSTOMER (ID_Customer, CustomerName, PhoneNumber, Email, Gender, SSID, ID_Card) VALUES (211, 'Melissa Evans', '5780501014', 'yyoung@example.org', 'F', '1311746826', 211);
INSERT INTO CUSTOMER (ID_Customer, CustomerName, PhoneNumber, Email, Gender, SSID, ID_Card) VALUES (212, 'Kyle Martin', '7331589765', 'lauren93@example.org', 'M', '3421095881', 212);
INSERT INTO CUSTOMER (ID_Customer, CustomerName, PhoneNumber, Email, Gender, SSID, ID_Card) VALUES (213, 'Meredith Ford', '7776571251', 'matthewjacobson@example.com', 'M', '0803708948', 213);
INSERT INTO CUSTOMER (ID_Customer, CustomerName, PhoneNumber, Email, Gender, SSID, ID_Card) VALUES (214, 'Jessica Fletcher', '0448535391', 'omcdonald@example.net', 'F', '5972666710', 214);
INSERT INTO CUSTOMER (ID_Customer, CustomerName, PhoneNumber, Email, Gender, SSID, ID_Card) VALUES (215, 'Amanda Daniels', '8685170295', 'amandamiller@example.com', 'F', '8241796327', 215);
INSERT INTO CUSTOMER (ID_Customer, CustomerName, PhoneNumber, Email, Gender, SSID, ID_Card) VALUES (216, 'Judy Thomas', '2467682335', 'larrymason@example.net', 'F', '5500760253', 216);
INSERT INTO CUSTOMER (ID_Customer, CustomerName, PhoneNumber, Email, Gender, SSID, ID_Card) VALUES (217, 'Miss Shannon Carroll', '7963356062', 'qanderson@example.com', 'F', '9826451130', 217);
INSERT INTO CUSTOMER (ID_Customer, CustomerName, PhoneNumber, Email, Gender, SSID, ID_Card) VALUES (218, 'Darryl Hill', '3241671506', 'denisegarcia@example.net', 'M', '1030976923', 218);
INSERT INTO CUSTOMER (ID_Customer, CustomerName, PhoneNumber, Email, Gender, SSID, ID_Card) VALUES (219, 'Julie Cross', '7006878969', 'ericksonjacob@example.com', 'F', '2081881009', 219);
INSERT INTO CUSTOMER (ID_Customer, CustomerName, PhoneNumber, Email, Gender, SSID, ID_Card) VALUES (220, 'Raymond Hunter', '9601590975', 'gknight@example.org', 'M', '1779959015', 220);
INSERT INTO CUSTOMER (ID_Customer, CustomerName, PhoneNumber, Email, Gender, SSID, ID_Card) VALUES (221, 'Darius Wallace', '8758763363', 'cannoncindy@example.org', 'F', '5519920829', 221);
INSERT INTO CUSTOMER (ID_Customer, CustomerName, PhoneNumber, Email, Gender, SSID, ID_Card) VALUES (222, 'Bryce Archer', '0091817384', 'boyermichael@example.com', 'M', '1055636713', 222);
INSERT INTO CUSTOMER (ID_Customer, CustomerName, PhoneNumber, Email, Gender, SSID, ID_Card) VALUES (223, 'Oscar Ruiz', '8350779392', 'wendymitchell@example.com', 'M', '5316902688', 223);
INSERT INTO CUSTOMER (ID_Customer, CustomerName, PhoneNumber, Email, Gender, SSID, ID_Card) VALUES (224, 'Jonathan Kelley', '7167939335', 'nataliethomas@example.com', 'M', '6044449817', 224);
INSERT INTO CUSTOMER (ID_Customer, CustomerName, PhoneNumber, Email, Gender, SSID, ID_Card) VALUES (225, 'Ms. Karen House', '7392456953', 'teresa73@example.net', 'M', '6242241874', 225);
INSERT INTO CUSTOMER (ID_Customer, CustomerName, PhoneNumber, Email, Gender, SSID, ID_Card) VALUES (226, 'Paul Colon', '7562237707', 'julie92@example.net', 'F', '2100239043', 226);
INSERT INTO CUSTOMER (ID_Customer, CustomerName, PhoneNumber, Email, Gender, SSID, ID_Card) VALUES (227, 'Benjamin Bowen', '7683563634', 'murphykathryn@example.com', 'F', '5428185144', 227);
INSERT INTO CUSTOMER (ID_Customer, CustomerName, PhoneNumber, Email, Gender, SSID, ID_Card) VALUES (228, 'Denise Carroll', '0856295980', 'ojames@example.org', 'M', '1665886703', 228);
INSERT INTO CUSTOMER (ID_Customer, CustomerName, PhoneNumber, Email, Gender, SSID, ID_Card) VALUES (229, 'Jessica Jennings', '9642479895', 'youngmichele@example.com', 'M', '3718598623', 229);
INSERT INTO CUSTOMER (ID_Customer, CustomerName, PhoneNumber, Email, Gender, SSID, ID_Card) VALUES (230, 'Billy Dodson', '3624945740', 'sheryl94@example.net', 'M', '3539801146', 230);
INSERT INTO CUSTOMER (ID_Customer, CustomerName, PhoneNumber, Email, Gender, SSID, ID_Card) VALUES (231, 'Ann Farrell', '6385613846', 'cindybrooks@example.net', 'M', '4098490382', 231);
INSERT INTO CUSTOMER (ID_Customer, CustomerName, PhoneNumber, Email, Gender, SSID, ID_Card) VALUES (232, 'Tom Marsh', '2781785418', 'carol76@example.org', 'M', '3102054951', 232);
INSERT INTO CUSTOMER (ID_Customer, CustomerName, PhoneNumber, Email, Gender, SSID, ID_Card) VALUES (233, 'Jonathan Lopez', '5923693947', 'thompsonjames@example.org', 'M', '8085631404', 233);
INSERT INTO CUSTOMER (ID_Customer, CustomerName, PhoneNumber, Email, Gender, SSID, ID_Card) VALUES (234, 'Mitchell Andrews', '9278861400', 'orrian@example.net', 'F', '5688714258', 234);
INSERT INTO CUSTOMER (ID_Customer, CustomerName, PhoneNumber, Email, Gender, SSID, ID_Card) VALUES (235, 'Christine Johnson', '0872391675', 'crowe@example.net', 'F', '0205771045', 235);
INSERT INTO CUSTOMER (ID_Customer, CustomerName, PhoneNumber, Email, Gender, SSID, ID_Card) VALUES (236, 'Tonya Wang', '5260214784', 'floresdebbie@example.com', 'F', '3853580476', 236);
INSERT INTO CUSTOMER (ID_Customer, CustomerName, PhoneNumber, Email, Gender, SSID, ID_Card) VALUES (237, 'Frederick Gilmore', '1942316737', 'parkerjames@example.org', 'F', '7487080433', 237);
INSERT INTO CUSTOMER (ID_Customer, CustomerName, PhoneNumber, Email, Gender, SSID, ID_Card) VALUES (238, 'Lindsey Murphy', '7748975453', 'jtaylor@example.org', 'F', '8243648373', 238);
INSERT INTO CUSTOMER (ID_Customer, CustomerName, PhoneNumber, Email, Gender, SSID, ID_Card) VALUES (239, 'Kevin Patel', '8689441587', 'ihill@example.org', 'M', '3783854420', 239);
INSERT INTO CUSTOMER (ID_Customer, CustomerName, PhoneNumber, Email, Gender, SSID, ID_Card) VALUES (240, 'Maria Wilson', '7362566360', 'marywilson@example.org', 'M', '1775923723', 240);
INSERT INTO CUSTOMER (ID_Customer, CustomerName, PhoneNumber, Email, Gender, SSID, ID_Card) VALUES (241, 'Gregory Williams', '8509364582', 'bakerkathryn@example.com', 'M', '5567477571', 241);
INSERT INTO CUSTOMER (ID_Customer, CustomerName, PhoneNumber, Email, Gender, SSID, ID_Card) VALUES (242, 'William Burns', '4557877455', 'anthonydecker@example.com', 'M', '5674258037', 242);
INSERT INTO CUSTOMER (ID_Customer, CustomerName, PhoneNumber, Email, Gender, SSID, ID_Card) VALUES (243, 'April Rivera', '2786067493', 'aaron34@example.net', 'F', '8335862294', 243);
INSERT INTO CUSTOMER (ID_Customer, CustomerName, PhoneNumber, Email, Gender, SSID, ID_Card) VALUES (244, 'Jacqueline Montoya', '0533056547', 'markbrown@example.net', 'F', '1457027028', 244);
INSERT INTO CUSTOMER (ID_Customer, CustomerName, PhoneNumber, Email, Gender, SSID, ID_Card) VALUES (245, 'Jon Huynh', '3119291860', 'osheppard@example.org', 'F', '4163709275', 245);
INSERT INTO CUSTOMER (ID_Customer, CustomerName, PhoneNumber, Email, Gender, SSID, ID_Card) VALUES (246, 'Stephen Harrison', '8722895752', 'moodypatrick@example.com', 'M', '0822960176', 246);
INSERT INTO CUSTOMER (ID_Customer, CustomerName, PhoneNumber, Email, Gender, SSID, ID_Card) VALUES (247, 'Tracey Mann', '0831133409', 'davisjeffrey@example.com', 'M', '4576058975', 247);
INSERT INTO CUSTOMER (ID_Customer, CustomerName, PhoneNumber, Email, Gender, SSID, ID_Card) VALUES (248, 'Dana Dixon', '6035208800', 'mramirez@example.org', 'F', '1754920425', 248);
INSERT INTO CUSTOMER (ID_Customer, CustomerName, PhoneNumber, Email, Gender, SSID, ID_Card) VALUES (249, 'Cameron Johnston', '2511680177', 'amyzimmerman@example.org', 'M', '2364515226', 249);
INSERT INTO CUSTOMER (ID_Customer, CustomerName, PhoneNumber, Email, Gender, SSID, ID_Card) VALUES (250, 'Martin Garza', '7787760350', 'adam69@example.net', 'F', '4498589199', 250);
INSERT INTO REVIEW (ID_Review, ServiceScore, FoodScore, BranchScore, PriceScore, Comment) VALUES (1, 5, 4, 5, 5, 'Citizen must product research plan carry born.');
INSERT INTO REVIEW (ID_Review, ServiceScore, FoodScore, BranchScore, PriceScore, Comment) VALUES (2, 2, 4, 2, 2, 'Indeed fly among people policy attack strategy.');
INSERT INTO REVIEW (ID_Review, ServiceScore, FoodScore, BranchScore, PriceScore, Comment) VALUES (3, 5, 5, 2, 2, 'Eye section spring past adult fear material.');
INSERT INTO REVIEW (ID_Review, ServiceScore, FoodScore, BranchScore, PriceScore, Comment) VALUES (4, 4, 3, 5, 1, 'American room majority road important hit young.');
INSERT INTO REVIEW (ID_Review, ServiceScore, FoodScore, BranchScore, PriceScore, Comment) VALUES (5, 5, 2, 2, 3, 'Deep tend paper power become care.');
INSERT INTO REVIEW (ID_Review, ServiceScore, FoodScore, BranchScore, PriceScore, Comment) VALUES (6, 3, 2, 5, 1, 'Indicate probably indeed size.');
INSERT INTO REVIEW (ID_Review, ServiceScore, FoodScore, BranchScore, PriceScore, Comment) VALUES (7, 5, 4, 2, 3, 'Their could assume beat result just.');
INSERT INTO REVIEW (ID_Review, ServiceScore, FoodScore, BranchScore, PriceScore, Comment) VALUES (8, 3, 1, 3, 4, 'Type consumer north.');
INSERT INTO REVIEW (ID_Review, ServiceScore, FoodScore, BranchScore, PriceScore, Comment) VALUES (9, 1, 5, 1, 5, 'Phone goal office use couple voice film.');
INSERT INTO REVIEW (ID_Review, ServiceScore, FoodScore, BranchScore, PriceScore, Comment) VALUES (10, 4, 3, 1, 5, 'Agent sing skin dream country.');
INSERT INTO REVIEW (ID_Review, ServiceScore, FoodScore, BranchScore, PriceScore, Comment) VALUES (11, 1, 4, 5, 3, 'Through notice reduce later rate.');
INSERT INTO REVIEW (ID_Review, ServiceScore, FoodScore, BranchScore, PriceScore, Comment) VALUES (12, 5, 5, 1, 2, 'Anything too week college.');
INSERT INTO REVIEW (ID_Review, ServiceScore, FoodScore, BranchScore, PriceScore, Comment) VALUES (13, 5, 4, 4, 4, 'Discuss arrive light rise.');
INSERT INTO REVIEW (ID_Review, ServiceScore, FoodScore, BranchScore, PriceScore, Comment) VALUES (14, 5, 1, 4, 2, 'Size whether because school.');
INSERT INTO REVIEW (ID_Review, ServiceScore, FoodScore, BranchScore, PriceScore, Comment) VALUES (15, 1, 5, 3, 1, 'Cut bag group meeting.');
INSERT INTO REVIEW (ID_Review, ServiceScore, FoodScore, BranchScore, PriceScore, Comment) VALUES (16, 4, 2, 5, 5, 'She let television than garden a cost.');
INSERT INTO REVIEW (ID_Review, ServiceScore, FoodScore, BranchScore, PriceScore, Comment) VALUES (17, 4, 5, 5, 1, 'Program range second maintain perform the language.');
INSERT INTO REVIEW (ID_Review, ServiceScore, FoodScore, BranchScore, PriceScore, Comment) VALUES (18, 2, 4, 2, 3, 'Who also as collection.');
INSERT INTO REVIEW (ID_Review, ServiceScore, FoodScore, BranchScore, PriceScore, Comment) VALUES (19, 3, 4, 5, 1, 'Respond by care money bit mention.');
INSERT INTO REVIEW (ID_Review, ServiceScore, FoodScore, BranchScore, PriceScore, Comment) VALUES (20, 2, 3, 5, 3, 'Foreign community office analysis color article article.');
INSERT INTO REVIEW (ID_Review, ServiceScore, FoodScore, BranchScore, PriceScore, Comment) VALUES (21, 3, 3, 2, 2, 'Machine hold situation natural main forget.');
INSERT INTO REVIEW (ID_Review, ServiceScore, FoodScore, BranchScore, PriceScore, Comment) VALUES (22, 1, 4, 3, 5, 'Manage environment center garden black.');
INSERT INTO REVIEW (ID_Review, ServiceScore, FoodScore, BranchScore, PriceScore, Comment) VALUES (23, 4, 1, 1, 1, 'Order audience record instead lead.');
INSERT INTO REVIEW (ID_Review, ServiceScore, FoodScore, BranchScore, PriceScore, Comment) VALUES (24, 4, 1, 4, 3, 'Rate couple top.');
INSERT INTO REVIEW (ID_Review, ServiceScore, FoodScore, BranchScore, PriceScore, Comment) VALUES (25, 3, 1, 2, 1, 'Attention yet our race born.');
INSERT INTO REVIEW (ID_Review, ServiceScore, FoodScore, BranchScore, PriceScore, Comment) VALUES (26, 1, 5, 2, 5, 'Late stage billion TV material lawyer act real.');
INSERT INTO REVIEW (ID_Review, ServiceScore, FoodScore, BranchScore, PriceScore, Comment) VALUES (27, 4, 5, 1, 1, 'Discuss bit choose perform.');
INSERT INTO REVIEW (ID_Review, ServiceScore, FoodScore, BranchScore, PriceScore, Comment) VALUES (28, 5, 4, 2, 2, 'However put college.');
INSERT INTO REVIEW (ID_Review, ServiceScore, FoodScore, BranchScore, PriceScore, Comment) VALUES (29, 1, 2, 1, 1, 'Project this adult less process standard reveal south.');
INSERT INTO REVIEW (ID_Review, ServiceScore, FoodScore, BranchScore, PriceScore, Comment) VALUES (30, 1, 4, 3, 4, 'Way spring important become director risk hot.');
INSERT INTO REVIEW (ID_Review, ServiceScore, FoodScore, BranchScore, PriceScore, Comment) VALUES (31, 1, 5, 3, 5, 'Least room sit from.');
INSERT INTO REVIEW (ID_Review, ServiceScore, FoodScore, BranchScore, PriceScore, Comment) VALUES (32, 1, 1, 2, 5, 'Pressure know guy wall meeting policy born.');
INSERT INTO REVIEW (ID_Review, ServiceScore, FoodScore, BranchScore, PriceScore, Comment) VALUES (33, 4, 4, 5, 3, 'Already tax listen article.');
INSERT INTO REVIEW (ID_Review, ServiceScore, FoodScore, BranchScore, PriceScore, Comment) VALUES (34, 1, 4, 3, 3, 'Myself central marriage loss.');
INSERT INTO REVIEW (ID_Review, ServiceScore, FoodScore, BranchScore, PriceScore, Comment) VALUES (35, 2, 2, 2, 5, 'Technology process trip on.');
INSERT INTO REVIEW (ID_Review, ServiceScore, FoodScore, BranchScore, PriceScore, Comment) VALUES (36, 3, 4, 4, 5, 'Now purpose sit too spend Congress.');
INSERT INTO REVIEW (ID_Review, ServiceScore, FoodScore, BranchScore, PriceScore, Comment) VALUES (37, 5, 2, 1, 1, 'Their establish reach say.');
INSERT INTO REVIEW (ID_Review, ServiceScore, FoodScore, BranchScore, PriceScore, Comment) VALUES (38, 4, 3, 4, 1, 'Right account attack.');
INSERT INTO REVIEW (ID_Review, ServiceScore, FoodScore, BranchScore, PriceScore, Comment) VALUES (39, 5, 2, 3, 3, 'Full without send sort.');
INSERT INTO REVIEW (ID_Review, ServiceScore, FoodScore, BranchScore, PriceScore, Comment) VALUES (40, 4, 3, 2, 4, 'Situation maintain treatment experience plant father myself.');
INSERT INTO REVIEW (ID_Review, ServiceScore, FoodScore, BranchScore, PriceScore, Comment) VALUES (1, 3, 4, 5, 5, 'Force cut truth off.');
INSERT INTO REVIEW (ID_Review, ServiceScore, FoodScore, BranchScore, PriceScore, Comment) VALUES (2, 3, 3, 4, 4, 'Throughout boy so across oil seem wish song.');
INSERT INTO REVIEW (ID_Review, ServiceScore, FoodScore, BranchScore, PriceScore, Comment) VALUES (3, 3, 2, 2, 3, 'Fight serve major drop once take.');
INSERT INTO REVIEW (ID_Review, ServiceScore, FoodScore, BranchScore, PriceScore, Comment) VALUES (4, 4, 1, 2, 5, 'Environment total job ask claim ok by.');
INSERT INTO REVIEW (ID_Review, ServiceScore, FoodScore, BranchScore, PriceScore, Comment) VALUES (5, 5, 4, 1, 1, 'Total nice however chair hundred.');
INSERT INTO REVIEW (ID_Review, ServiceScore, FoodScore, BranchScore, PriceScore, Comment) VALUES (6, 4, 1, 1, 3, 'Tell imagine challenge travel picture then level.');
INSERT INTO REVIEW (ID_Review, ServiceScore, FoodScore, BranchScore, PriceScore, Comment) VALUES (7, 3, 3, 2, 1, 'Particular necessary every cover.');
INSERT INTO REVIEW (ID_Review, ServiceScore, FoodScore, BranchScore, PriceScore, Comment) VALUES (8, 1, 5, 4, 1, 'Total story trade would admit best.');
INSERT INTO REVIEW (ID_Review, ServiceScore, FoodScore, BranchScore, PriceScore, Comment) VALUES (9, 5, 3, 2, 2, 'Arrive pull draw different compare.');
INSERT INTO REVIEW (ID_Review, ServiceScore, FoodScore, BranchScore, PriceScore, Comment) VALUES (10, 2, 3, 4, 5, 'Good country newspaper trip.');
INSERT INTO REVIEW (ID_Review, ServiceScore, FoodScore, BranchScore, PriceScore, Comment) VALUES (11, 1, 1, 4, 1, 'Account just poor exactly last would have head.');
INSERT INTO REVIEW (ID_Review, ServiceScore, FoodScore, BranchScore, PriceScore, Comment) VALUES (12, 4, 5, 3, 5, 'Believe to computer property.');
INSERT INTO REVIEW (ID_Review, ServiceScore, FoodScore, BranchScore, PriceScore, Comment) VALUES (13, 5, 1, 1, 5, 'Hand drive soon allow during.');
INSERT INTO REVIEW (ID_Review, ServiceScore, FoodScore, BranchScore, PriceScore, Comment) VALUES (14, 2, 4, 3, 3, 'Might positive seat strong main herself method.');
INSERT INTO REVIEW (ID_Review, ServiceScore, FoodScore, BranchScore, PriceScore, Comment) VALUES (15, 1, 2, 5, 2, 'Scene increase and audience one.');
INSERT INTO REVIEW (ID_Review, ServiceScore, FoodScore, BranchScore, PriceScore, Comment) VALUES (16, 4, 5, 1, 5, 'Across maybe leave perhaps.');
INSERT INTO REVIEW (ID_Review, ServiceScore, FoodScore, BranchScore, PriceScore, Comment) VALUES (17, 2, 5, 4, 5, 'Stay eye talk early.');
INSERT INTO REVIEW (ID_Review, ServiceScore, FoodScore, BranchScore, PriceScore, Comment) VALUES (18, 3, 2, 4, 4, 'Kid bring throw perhaps couple.');
INSERT INTO REVIEW (ID_Review, ServiceScore, FoodScore, BranchScore, PriceScore, Comment) VALUES (19, 1, 3, 1, 3, 'Message fly reveal for where picture worker.');
INSERT INTO REVIEW (ID_Review, ServiceScore, FoodScore, BranchScore, PriceScore, Comment) VALUES (20, 5, 3, 5, 4, 'Raise result not rather nature.');
INSERT INTO REVIEW (ID_Review, ServiceScore, FoodScore, BranchScore, PriceScore, Comment) VALUES (21, 5, 1, 3, 1, 'Specific protect responsibility candidate.');
INSERT INTO REVIEW (ID_Review, ServiceScore, FoodScore, BranchScore, PriceScore, Comment) VALUES (22, 2, 2, 4, 5, 'Entire long perhaps rest report less these.');
INSERT INTO REVIEW (ID_Review, ServiceScore, FoodScore, BranchScore, PriceScore, Comment) VALUES (23, 4, 4, 1, 1, 'Think similar service final down.');
INSERT INTO REVIEW (ID_Review, ServiceScore, FoodScore, BranchScore, PriceScore, Comment) VALUES (24, 4, 5, 2, 5, 'On national hard wonder.');
INSERT INTO REVIEW (ID_Review, ServiceScore, FoodScore, BranchScore, PriceScore, Comment) VALUES (25, 4, 4, 2, 1, 'Clearly current peace wide gun.');
INSERT INTO REVIEW (ID_Review, ServiceScore, FoodScore, BranchScore, PriceScore, Comment) VALUES (26, 2, 5, 5, 1, 'Office partner economic mouth us success focus there.');
INSERT INTO REVIEW (ID_Review, ServiceScore, FoodScore, BranchScore, PriceScore, Comment) VALUES (27, 5, 2, 1, 3, 'Specific practice rate expert range.');
INSERT INTO REVIEW (ID_Review, ServiceScore, FoodScore, BranchScore, PriceScore, Comment) VALUES (28, 5, 4, 3, 5, 'Record improve without system vote goal particular.');
INSERT INTO REVIEW (ID_Review, ServiceScore, FoodScore, BranchScore, PriceScore, Comment) VALUES (29, 3, 5, 3, 3, 'Need them piece seek least sit.');
INSERT INTO REVIEW (ID_Review, ServiceScore, FoodScore, BranchScore, PriceScore, Comment) VALUES (30, 4, 3, 4, 4, 'Clear try by option.');
INSERT INTO REVIEW (ID_Review, ServiceScore, FoodScore, BranchScore, PriceScore, Comment) VALUES (31, 4, 1, 5, 4, 'Create federal number station throw fast.');
INSERT INTO REVIEW (ID_Review, ServiceScore, FoodScore, BranchScore, PriceScore, Comment) VALUES (32, 3, 4, 2, 2, 'Animal do last manage do amount need.');
INSERT INTO REVIEW (ID_Review, ServiceScore, FoodScore, BranchScore, PriceScore, Comment) VALUES (33, 3, 1, 1, 5, 'Issue enter budget must happy anything.');
INSERT INTO REVIEW (ID_Review, ServiceScore, FoodScore, BranchScore, PriceScore, Comment) VALUES (34, 3, 3, 1, 3, 'Child born and especially I age.');
INSERT INTO REVIEW (ID_Review, ServiceScore, FoodScore, BranchScore, PriceScore, Comment) VALUES (35, 1, 5, 3, 3, 'On environment us group.');
INSERT INTO REVIEW (ID_Review, ServiceScore, FoodScore, BranchScore, PriceScore, Comment) VALUES (36, 5, 2, 1, 1, 'Ago month star ago nice.');
INSERT INTO REVIEW (ID_Review, ServiceScore, FoodScore, BranchScore, PriceScore, Comment) VALUES (37, 3, 3, 5, 2, 'Against technology her minute spring sea.');
INSERT INTO REVIEW (ID_Review, ServiceScore, FoodScore, BranchScore, PriceScore, Comment) VALUES (38, 1, 3, 1, 2, 'Them somebody focus catch kid.');
INSERT INTO REVIEW (ID_Review, ServiceScore, FoodScore, BranchScore, PriceScore, Comment) VALUES (39, 5, 1, 3, 2, 'Goal need place exist develop them.');
INSERT INTO REVIEW (ID_Review, ServiceScore, FoodScore, BranchScore, PriceScore, Comment) VALUES (40, 5, 3, 3, 1, 'Board seat already pressure direction care resource.');
INSERT INTO REVIEW (ID_Review, ServiceScore, FoodScore, BranchScore, PriceScore, Comment) VALUES (1, 1, 1, 4, 5, 'Lose stay read result able go.');
INSERT INTO REVIEW (ID_Review, ServiceScore, FoodScore, BranchScore, PriceScore, Comment) VALUES (2, 1, 4, 2, 2, 'Sound them save address character.');
INSERT INTO REVIEW (ID_Review, ServiceScore, FoodScore, BranchScore, PriceScore, Comment) VALUES (3, 5, 1, 5, 1, 'Cause certainly fund data method more serious.');
INSERT INTO REVIEW (ID_Review, ServiceScore, FoodScore, BranchScore, PriceScore, Comment) VALUES (4, 5, 3, 3, 4, 'Bad yet quite offer middle.');
INSERT INTO REVIEW (ID_Review, ServiceScore, FoodScore, BranchScore, PriceScore, Comment) VALUES (5, 1, 1, 5, 1, 'Whether check can it sit water.');
INSERT INTO REVIEW (ID_Review, ServiceScore, FoodScore, BranchScore, PriceScore, Comment) VALUES (6, 2, 4, 4, 4, 'Anything language organization executive because so traditional think.');
INSERT INTO REVIEW (ID_Review, ServiceScore, FoodScore, BranchScore, PriceScore, Comment) VALUES (7, 1, 1, 3, 5, 'Institution collection every movement visit.');
INSERT INTO REVIEW (ID_Review, ServiceScore, FoodScore, BranchScore, PriceScore, Comment) VALUES (8, 4, 2, 2, 1, 'Avoid trouble your line foreign institution what.');
INSERT INTO REVIEW (ID_Review, ServiceScore, FoodScore, BranchScore, PriceScore, Comment) VALUES (9, 3, 3, 1, 3, 'Mind option ever enjoy might.');
INSERT INTO REVIEW (ID_Review, ServiceScore, FoodScore, BranchScore, PriceScore, Comment) VALUES (10, 1, 2, 1, 1, 'Represent senior west realize law feeling.');
INSERT INTO REVIEW (ID_Review, ServiceScore, FoodScore, BranchScore, PriceScore, Comment) VALUES (11, 2, 5, 3, 5, 'Treat little project ok.');
INSERT INTO REVIEW (ID_Review, ServiceScore, FoodScore, BranchScore, PriceScore, Comment) VALUES (12, 1, 2, 5, 3, 'Head customer suggest traditional production.');
INSERT INTO REVIEW (ID_Review, ServiceScore, FoodScore, BranchScore, PriceScore, Comment) VALUES (13, 1, 1, 3, 5, 'Street learn strong single indeed.');
INSERT INTO REVIEW (ID_Review, ServiceScore, FoodScore, BranchScore, PriceScore, Comment) VALUES (14, 3, 3, 5, 5, 'Expert miss generation or natural need.');
INSERT INTO REVIEW (ID_Review, ServiceScore, FoodScore, BranchScore, PriceScore, Comment) VALUES (15, 4, 1, 5, 1, 'Success perhaps nation trade method.');
INSERT INTO REVIEW (ID_Review, ServiceScore, FoodScore, BranchScore, PriceScore, Comment) VALUES (16, 1, 5, 5, 4, 'Manage job through finish feeling.');
INSERT INTO REVIEW (ID_Review, ServiceScore, FoodScore, BranchScore, PriceScore, Comment) VALUES (17, 5, 4, 3, 2, 'Sometimes doctor special remember must country.');
INSERT INTO REVIEW (ID_Review, ServiceScore, FoodScore, BranchScore, PriceScore, Comment) VALUES (18, 1, 1, 4, 1, 'Claim list test where trouble.');
INSERT INTO REVIEW (ID_Review, ServiceScore, FoodScore, BranchScore, PriceScore, Comment) VALUES (19, 1, 3, 5, 4, 'Those room throw.');
INSERT INTO REVIEW (ID_Review, ServiceScore, FoodScore, BranchScore, PriceScore, Comment) VALUES (20, 2, 3, 2, 4, 'Art rather most.');
INSERT INTO REVIEW (ID_Review, ServiceScore, FoodScore, BranchScore, PriceScore, Comment) VALUES (21, 1, 5, 3, 1, 'Bank base month significant blood specific.');
INSERT INTO REVIEW (ID_Review, ServiceScore, FoodScore, BranchScore, PriceScore, Comment) VALUES (22, 1, 1, 2, 4, 'Oil trial make claim.');
INSERT INTO REVIEW (ID_Review, ServiceScore, FoodScore, BranchScore, PriceScore, Comment) VALUES (23, 5, 3, 4, 1, 'Analysis certain physical fight surface.');
INSERT INTO REVIEW (ID_Review, ServiceScore, FoodScore, BranchScore, PriceScore, Comment) VALUES (24, 4, 4, 1, 5, 'This discuss activity range order somebody.');
INSERT INTO REVIEW (ID_Review, ServiceScore, FoodScore, BranchScore, PriceScore, Comment) VALUES (25, 2, 3, 5, 5, 'Of imagine member.');
INSERT INTO REVIEW (ID_Review, ServiceScore, FoodScore, BranchScore, PriceScore, Comment) VALUES (26, 4, 3, 3, 1, 'Business land film full process.');
INSERT INTO REVIEW (ID_Review, ServiceScore, FoodScore, BranchScore, PriceScore, Comment) VALUES (27, 3, 3, 3, 3, 'Conference back since democratic ok represent.');
INSERT INTO REVIEW (ID_Review, ServiceScore, FoodScore, BranchScore, PriceScore, Comment) VALUES (28, 5, 2, 3, 5, 'Brother suffer somebody technology skill toward prepare.');
INSERT INTO REVIEW (ID_Review, ServiceScore, FoodScore, BranchScore, PriceScore, Comment) VALUES (29, 1, 2, 4, 3, 'Room similar central small development.');
INSERT INTO REVIEW (ID_Review, ServiceScore, FoodScore, BranchScore, PriceScore, Comment) VALUES (30, 5, 1, 4, 2, 'Red couple world.');
INSERT INTO REVIEW (ID_Review, ServiceScore, FoodScore, BranchScore, PriceScore, Comment) VALUES (31, 5, 2, 1, 4, 'Ready draw speak pay system yard though.');
INSERT INTO REVIEW (ID_Review, ServiceScore, FoodScore, BranchScore, PriceScore, Comment) VALUES (32, 5, 4, 3, 4, 'Under before owner table.');
INSERT INTO REVIEW (ID_Review, ServiceScore, FoodScore, BranchScore, PriceScore, Comment) VALUES (33, 4, 4, 2, 3, 'Above four body after energy.');
INSERT INTO REVIEW (ID_Review, ServiceScore, FoodScore, BranchScore, PriceScore, Comment) VALUES (34, 2, 5, 1, 2, 'Power clear experience authority space.');
INSERT INTO REVIEW (ID_Review, ServiceScore, FoodScore, BranchScore, PriceScore, Comment) VALUES (35, 4, 2, 4, 2, 'However throughout impact strategy interesting early state two.');
INSERT INTO REVIEW (ID_Review, ServiceScore, FoodScore, BranchScore, PriceScore, Comment) VALUES (36, 1, 5, 5, 2, 'Moment road such program nice others research.');
INSERT INTO REVIEW (ID_Review, ServiceScore, FoodScore, BranchScore, PriceScore, Comment) VALUES (37, 3, 2, 1, 1, 'Show policy thing across.');
INSERT INTO REVIEW (ID_Review, ServiceScore, FoodScore, BranchScore, PriceScore, Comment) VALUES (38, 5, 1, 1, 5, 'Condition century none sense region.');
INSERT INTO REVIEW (ID_Review, ServiceScore, FoodScore, BranchScore, PriceScore, Comment) VALUES (39, 5, 1, 3, 2, 'Hit coach environmental through know start.');
INSERT INTO REVIEW (ID_Review, ServiceScore, FoodScore, BranchScore, PriceScore, Comment) VALUES (40, 3, 5, 1, 4, 'Will close build appear size doctor itself.');
INSERT INTO REVIEW (ID_Review, ServiceScore, FoodScore, BranchScore, PriceScore, Comment) VALUES (1, 5, 1, 4, 1, 'Do hit hour let meeting name walk.');
INSERT INTO REVIEW (ID_Review, ServiceScore, FoodScore, BranchScore, PriceScore, Comment) VALUES (2, 5, 4, 3, 5, 'Enjoy cultural hard compare discover vote.');
INSERT INTO REVIEW (ID_Review, ServiceScore, FoodScore, BranchScore, PriceScore, Comment) VALUES (3, 2, 3, 4, 5, 'Street look seat pick control good.');
INSERT INTO REVIEW (ID_Review, ServiceScore, FoodScore, BranchScore, PriceScore, Comment) VALUES (4, 3, 2, 2, 3, 'Million civil condition.');
INSERT INTO REVIEW (ID_Review, ServiceScore, FoodScore, BranchScore, PriceScore, Comment) VALUES (5, 5, 3, 2, 3, 'Another enter dog mission.');
INSERT INTO REVIEW (ID_Review, ServiceScore, FoodScore, BranchScore, PriceScore, Comment) VALUES (6, 5, 3, 1, 4, 'High any for hear realize amount.');
INSERT INTO REVIEW (ID_Review, ServiceScore, FoodScore, BranchScore, PriceScore, Comment) VALUES (7, 4, 2, 3, 2, 'Boy apply ball person offer quickly.');
INSERT INTO REVIEW (ID_Review, ServiceScore, FoodScore, BranchScore, PriceScore, Comment) VALUES (8, 2, 3, 1, 5, 'And prevent yard past quality window grow individual.');
INSERT INTO REVIEW (ID_Review, ServiceScore, FoodScore, BranchScore, PriceScore, Comment) VALUES (9, 4, 1, 5, 2, 'Human hand three tell be.');
INSERT INTO REVIEW (ID_Review, ServiceScore, FoodScore, BranchScore, PriceScore, Comment) VALUES (10, 2, 4, 4, 1, 'Focus dog idea level.');
INSERT INTO REVIEW (ID_Review, ServiceScore, FoodScore, BranchScore, PriceScore, Comment) VALUES (11, 5, 4, 2, 2, 'Account north politics require west source almost.');
INSERT INTO REVIEW (ID_Review, ServiceScore, FoodScore, BranchScore, PriceScore, Comment) VALUES (12, 1, 2, 2, 4, 'Ask perhaps hard beyond.');
INSERT INTO REVIEW (ID_Review, ServiceScore, FoodScore, BranchScore, PriceScore, Comment) VALUES (13, 2, 2, 5, 4, 'Wait stop force brother property none something shoulder.');
INSERT INTO REVIEW (ID_Review, ServiceScore, FoodScore, BranchScore, PriceScore, Comment) VALUES (14, 5, 5, 2, 4, 'Rock could try speak wish.');
INSERT INTO REVIEW (ID_Review, ServiceScore, FoodScore, BranchScore, PriceScore, Comment) VALUES (15, 3, 5, 1, 2, 'Interest upon cover onto kitchen.');
INSERT INTO REVIEW (ID_Review, ServiceScore, FoodScore, BranchScore, PriceScore, Comment) VALUES (16, 3, 5, 5, 1, 'Voice decade space thing for case fill.');
INSERT INTO REVIEW (ID_Review, ServiceScore, FoodScore, BranchScore, PriceScore, Comment) VALUES (17, 4, 5, 5, 1, 'Soon less realize.');
INSERT INTO REVIEW (ID_Review, ServiceScore, FoodScore, BranchScore, PriceScore, Comment) VALUES (18, 1, 5, 4, 2, 'Mr when rise.');
INSERT INTO REVIEW (ID_Review, ServiceScore, FoodScore, BranchScore, PriceScore, Comment) VALUES (19, 4, 1, 5, 3, 'Relationship serious like care but north artist well.');
INSERT INTO REVIEW (ID_Review, ServiceScore, FoodScore, BranchScore, PriceScore, Comment) VALUES (20, 2, 4, 3, 4, 'They gun fast there.');
INSERT INTO REVIEW (ID_Review, ServiceScore, FoodScore, BranchScore, PriceScore, Comment) VALUES (21, 3, 5, 3, 5, 'Family check sense usually.');
INSERT INTO REVIEW (ID_Review, ServiceScore, FoodScore, BranchScore, PriceScore, Comment) VALUES (22, 2, 4, 5, 2, 'Alone sea pay.');
INSERT INTO REVIEW (ID_Review, ServiceScore, FoodScore, BranchScore, PriceScore, Comment) VALUES (23, 5, 5, 3, 5, 'Six both find second.');
INSERT INTO REVIEW (ID_Review, ServiceScore, FoodScore, BranchScore, PriceScore, Comment) VALUES (24, 5, 2, 2, 1, 'Price case week else any apply happen.');
INSERT INTO REVIEW (ID_Review, ServiceScore, FoodScore, BranchScore, PriceScore, Comment) VALUES (25, 2, 1, 1, 3, 'Forget pattern public exist box.');
INSERT INTO REVIEW (ID_Review, ServiceScore, FoodScore, BranchScore, PriceScore, Comment) VALUES (26, 4, 3, 4, 1, 'American education whatever.');
INSERT INTO REVIEW (ID_Review, ServiceScore, FoodScore, BranchScore, PriceScore, Comment) VALUES (27, 1, 3, 1, 4, 'Situation must you somebody party lose method.');
INSERT INTO REVIEW (ID_Review, ServiceScore, FoodScore, BranchScore, PriceScore, Comment) VALUES (28, 3, 4, 2, 5, 'Factor bit seek design particular she toward reality.');
INSERT INTO REVIEW (ID_Review, ServiceScore, FoodScore, BranchScore, PriceScore, Comment) VALUES (29, 5, 4, 5, 5, 'Section material evening perhaps beautiful.');
INSERT INTO REVIEW (ID_Review, ServiceScore, FoodScore, BranchScore, PriceScore, Comment) VALUES (30, 5, 1, 2, 1, 'Vote catch career change.');
INSERT INTO REVIEW (ID_Review, ServiceScore, FoodScore, BranchScore, PriceScore, Comment) VALUES (31, 4, 5, 2, 4, 'Court public next from her commercial.');
INSERT INTO REVIEW (ID_Review, ServiceScore, FoodScore, BranchScore, PriceScore, Comment) VALUES (32, 3, 5, 1, 2, 'Force happy important remember glass kid.');
INSERT INTO REVIEW (ID_Review, ServiceScore, FoodScore, BranchScore, PriceScore, Comment) VALUES (33, 2, 3, 3, 2, 'Policy any majority good.');
INSERT INTO REVIEW (ID_Review, ServiceScore, FoodScore, BranchScore, PriceScore, Comment) VALUES (34, 1, 3, 3, 1, 'Itself cover place citizen.');
INSERT INTO REVIEW (ID_Review, ServiceScore, FoodScore, BranchScore, PriceScore, Comment) VALUES (35, 1, 1, 1, 5, 'Always sometimes message same turn action.');
INSERT INTO REVIEW (ID_Review, ServiceScore, FoodScore, BranchScore, PriceScore, Comment) VALUES (36, 2, 2, 2, 1, 'Couple low yet hit all truth.');
INSERT INTO REVIEW (ID_Review, ServiceScore, FoodScore, BranchScore, PriceScore, Comment) VALUES (37, 1, 3, 3, 1, 'Special would kitchen parent maybe threat.');
INSERT INTO REVIEW (ID_Review, ServiceScore, FoodScore, BranchScore, PriceScore, Comment) VALUES (38, 1, 3, 1, 3, 'Theory energy view Congress part front.');
INSERT INTO REVIEW (ID_Review, ServiceScore, FoodScore, BranchScore, PriceScore, Comment) VALUES (39, 2, 4, 3, 3, 'Information attention religious article official.');
INSERT INTO REVIEW (ID_Review, ServiceScore, FoodScore, BranchScore, PriceScore, Comment) VALUES (40, 4, 1, 4, 5, 'Describe the skill that table understand reach between.');
INSERT INTO REVIEW (ID_Review, ServiceScore, FoodScore, BranchScore, PriceScore, Comment) VALUES (1, 4, 1, 3, 5, 'Industry administration character able.');
INSERT INTO REVIEW (ID_Review, ServiceScore, FoodScore, BranchScore, PriceScore, Comment) VALUES (2, 3, 4, 5, 5, 'Term him medical watch physical character it.');
INSERT INTO REVIEW (ID_Review, ServiceScore, FoodScore, BranchScore, PriceScore, Comment) VALUES (3, 4, 5, 3, 3, 'These score nor tax.');
INSERT INTO REVIEW (ID_Review, ServiceScore, FoodScore, BranchScore, PriceScore, Comment) VALUES (4, 5, 1, 2, 1, 'Career friend push fish.');
INSERT INTO REVIEW (ID_Review, ServiceScore, FoodScore, BranchScore, PriceScore, Comment) VALUES (5, 4, 5, 5, 3, 'Memory born particular plan international sing fire able.');
INSERT INTO REVIEW (ID_Review, ServiceScore, FoodScore, BranchScore, PriceScore, Comment) VALUES (6, 2, 1, 1, 5, 'Lead even field task development.');
INSERT INTO REVIEW (ID_Review, ServiceScore, FoodScore, BranchScore, PriceScore, Comment) VALUES (7, 1, 3, 1, 4, 'Base perhaps war central.');
INSERT INTO REVIEW (ID_Review, ServiceScore, FoodScore, BranchScore, PriceScore, Comment) VALUES (8, 5, 3, 2, 2, 'Nation black above art green walk two.');
INSERT INTO REVIEW (ID_Review, ServiceScore, FoodScore, BranchScore, PriceScore, Comment) VALUES (9, 2, 2, 4, 3, 'Price PM see lose attention western example face.');
INSERT INTO REVIEW (ID_Review, ServiceScore, FoodScore, BranchScore, PriceScore, Comment) VALUES (10, 5, 5, 2, 4, 'American politics energy dream value challenge treatment.');
INSERT INTO REVIEW (ID_Review, ServiceScore, FoodScore, BranchScore, PriceScore, Comment) VALUES (11, 5, 1, 1, 1, 'Yard so mission.');
INSERT INTO REVIEW (ID_Review, ServiceScore, FoodScore, BranchScore, PriceScore, Comment) VALUES (12, 5, 2, 1, 5, 'Alone lead leg physical science.');
INSERT INTO REVIEW (ID_Review, ServiceScore, FoodScore, BranchScore, PriceScore, Comment) VALUES (13, 4, 2, 2, 4, 'Keep loss far note affect discuss.');
INSERT INTO REVIEW (ID_Review, ServiceScore, FoodScore, BranchScore, PriceScore, Comment) VALUES (14, 4, 2, 3, 1, 'Front lawyer difficult key girl.');
INSERT INTO REVIEW (ID_Review, ServiceScore, FoodScore, BranchScore, PriceScore, Comment) VALUES (15, 2, 5, 4, 1, 'Positive throw these maybe beat.');
INSERT INTO REVIEW (ID_Review, ServiceScore, FoodScore, BranchScore, PriceScore, Comment) VALUES (16, 4, 2, 4, 1, 'Worker day be agent walk.');
INSERT INTO REVIEW (ID_Review, ServiceScore, FoodScore, BranchScore, PriceScore, Comment) VALUES (17, 1, 2, 4, 4, 'Writer quickly cause brother talk.');
INSERT INTO REVIEW (ID_Review, ServiceScore, FoodScore, BranchScore, PriceScore, Comment) VALUES (18, 4, 5, 4, 3, 'Political able father adult deep.');
INSERT INTO REVIEW (ID_Review, ServiceScore, FoodScore, BranchScore, PriceScore, Comment) VALUES (19, 5, 2, 2, 2, 'Reflect focus more while American talk.');
INSERT INTO REVIEW (ID_Review, ServiceScore, FoodScore, BranchScore, PriceScore, Comment) VALUES (20, 5, 5, 1, 4, 'Eat meeting understand.');
INSERT INTO REVIEW (ID_Review, ServiceScore, FoodScore, BranchScore, PriceScore, Comment) VALUES (21, 5, 3, 4, 2, 'Learn down candidate its.');
INSERT INTO REVIEW (ID_Review, ServiceScore, FoodScore, BranchScore, PriceScore, Comment) VALUES (22, 1, 1, 4, 2, 'Party kid degree.');
INSERT INTO REVIEW (ID_Review, ServiceScore, FoodScore, BranchScore, PriceScore, Comment) VALUES (23, 1, 5, 1, 3, 'Remember use half writer evidence.');
INSERT INTO REVIEW (ID_Review, ServiceScore, FoodScore, BranchScore, PriceScore, Comment) VALUES (24, 5, 4, 2, 1, 'Girl wish debate five baby effort treatment.');
INSERT INTO REVIEW (ID_Review, ServiceScore, FoodScore, BranchScore, PriceScore, Comment) VALUES (25, 1, 2, 5, 4, 'Brother travel specific western staff.');
INSERT INTO REVIEW (ID_Review, ServiceScore, FoodScore, BranchScore, PriceScore, Comment) VALUES (26, 4, 5, 3, 5, 'Me though take foot rate material remain.');
INSERT INTO REVIEW (ID_Review, ServiceScore, FoodScore, BranchScore, PriceScore, Comment) VALUES (27, 2, 3, 1, 1, 'Series item agent mother social city.');
INSERT INTO REVIEW (ID_Review, ServiceScore, FoodScore, BranchScore, PriceScore, Comment) VALUES (28, 4, 1, 4, 1, 'Health should seek sea behavior style stand benefit.');
INSERT INTO REVIEW (ID_Review, ServiceScore, FoodScore, BranchScore, PriceScore, Comment) VALUES (29, 2, 3, 3, 4, 'Ok see father huge charge.');
INSERT INTO REVIEW (ID_Review, ServiceScore, FoodScore, BranchScore, PriceScore, Comment) VALUES (30, 4, 3, 2, 3, 'Suddenly someone gas human condition moment job.');
INSERT INTO REVIEW (ID_Review, ServiceScore, FoodScore, BranchScore, PriceScore, Comment) VALUES (31, 2, 1, 1, 2, 'Follow alone human allow father beyond.');
INSERT INTO REVIEW (ID_Review, ServiceScore, FoodScore, BranchScore, PriceScore, Comment) VALUES (32, 5, 2, 4, 3, 'Human contain and last throw beyond.');
INSERT INTO REVIEW (ID_Review, ServiceScore, FoodScore, BranchScore, PriceScore, Comment) VALUES (33, 4, 5, 2, 2, 'Score measure new bar mention.');
INSERT INTO REVIEW (ID_Review, ServiceScore, FoodScore, BranchScore, PriceScore, Comment) VALUES (34, 2, 3, 3, 1, 'Allow door a adult purpose that specific research.');
INSERT INTO REVIEW (ID_Review, ServiceScore, FoodScore, BranchScore, PriceScore, Comment) VALUES (35, 4, 5, 1, 2, 'Control language low another event end.');
INSERT INTO REVIEW (ID_Review, ServiceScore, FoodScore, BranchScore, PriceScore, Comment) VALUES (36, 1, 1, 3, 5, 'Require specific participant treat possible purpose.');
INSERT INTO REVIEW (ID_Review, ServiceScore, FoodScore, BranchScore, PriceScore, Comment) VALUES (37, 4, 3, 5, 4, 'Process nearly want concern.');
INSERT INTO REVIEW (ID_Review, ServiceScore, FoodScore, BranchScore, PriceScore, Comment) VALUES (38, 4, 1, 1, 3, 'Knowledge offer house writer ever majority series.');
INSERT INTO REVIEW (ID_Review, ServiceScore, FoodScore, BranchScore, PriceScore, Comment) VALUES (39, 2, 2, 3, 1, 'Point must area foreign above other.');
INSERT INTO REVIEW (ID_Review, ServiceScore, FoodScore, BranchScore, PriceScore, Comment) VALUES (40, 1, 3, 4, 1, 'Glass law move city how police need.');
INSERT INTO REVIEW (ID_Review, ServiceScore, FoodScore, BranchScore, PriceScore, Comment) VALUES (1, 2, 2, 2, 5, 'Current follow president argue chance language theory.');
INSERT INTO REVIEW (ID_Review, ServiceScore, FoodScore, BranchScore, PriceScore, Comment) VALUES (2, 2, 4, 5, 2, 'Year small policy.');
INSERT INTO REVIEW (ID_Review, ServiceScore, FoodScore, BranchScore, PriceScore, Comment) VALUES (3, 2, 1, 2, 5, 'Hand put interest drug.');
INSERT INTO REVIEW (ID_Review, ServiceScore, FoodScore, BranchScore, PriceScore, Comment) VALUES (4, 5, 4, 5, 4, 'Pull present light strategy rock.');
INSERT INTO REVIEW (ID_Review, ServiceScore, FoodScore, BranchScore, PriceScore, Comment) VALUES (5, 4, 1, 5, 1, 'Off foot remain.');
INSERT INTO REVIEW (ID_Review, ServiceScore, FoodScore, BranchScore, PriceScore, Comment) VALUES (6, 1, 2, 1, 4, 'Edge item national.');
INSERT INTO REVIEW (ID_Review, ServiceScore, FoodScore, BranchScore, PriceScore, Comment) VALUES (7, 3, 4, 2, 2, 'Less agree involve drive former young.');
INSERT INTO REVIEW (ID_Review, ServiceScore, FoodScore, BranchScore, PriceScore, Comment) VALUES (8, 4, 1, 2, 2, 'Almost others increase wrong owner soldier.');
INSERT INTO REVIEW (ID_Review, ServiceScore, FoodScore, BranchScore, PriceScore, Comment) VALUES (9, 3, 3, 5, 1, 'Wear new contain produce why.');
INSERT INTO REVIEW (ID_Review, ServiceScore, FoodScore, BranchScore, PriceScore, Comment) VALUES (10, 2, 5, 4, 2, 'That fine down full us.');
INSERT INTO REVIEW (ID_Review, ServiceScore, FoodScore, BranchScore, PriceScore, Comment) VALUES (11, 2, 2, 2, 4, 'Loss why serious degree information view.');
INSERT INTO REVIEW (ID_Review, ServiceScore, FoodScore, BranchScore, PriceScore, Comment) VALUES (12, 2, 4, 1, 3, 'Back floor economy state author suffer.');
INSERT INTO REVIEW (ID_Review, ServiceScore, FoodScore, BranchScore, PriceScore, Comment) VALUES (13, 1, 2, 3, 5, 'Worry wonder resource class task.');
INSERT INTO REVIEW (ID_Review, ServiceScore, FoodScore, BranchScore, PriceScore, Comment) VALUES (14, 2, 1, 4, 2, 'A walk strong low.');
INSERT INTO REVIEW (ID_Review, ServiceScore, FoodScore, BranchScore, PriceScore, Comment) VALUES (15, 5, 5, 3, 2, 'Friend focus life born dream provide particular.');
INSERT INTO REVIEW (ID_Review, ServiceScore, FoodScore, BranchScore, PriceScore, Comment) VALUES (16, 1, 3, 4, 3, 'Certainly realize present Mr.');
INSERT INTO REVIEW (ID_Review, ServiceScore, FoodScore, BranchScore, PriceScore, Comment) VALUES (17, 4, 1, 1, 1, 'Sound capital decide huge gas small room ahead.');
INSERT INTO REVIEW (ID_Review, ServiceScore, FoodScore, BranchScore, PriceScore, Comment) VALUES (18, 2, 1, 4, 4, 'Add degree beautiful meeting.');
INSERT INTO REVIEW (ID_Review, ServiceScore, FoodScore, BranchScore, PriceScore, Comment) VALUES (19, 3, 4, 2, 4, 'Method system factor study green walk off.');
INSERT INTO REVIEW (ID_Review, ServiceScore, FoodScore, BranchScore, PriceScore, Comment) VALUES (20, 4, 4, 2, 5, 'Thousand nor least.');
INSERT INTO REVIEW (ID_Review, ServiceScore, FoodScore, BranchScore, PriceScore, Comment) VALUES (21, 3, 1, 4, 1, 'Former guess fast effect perform science.');
INSERT INTO REVIEW (ID_Review, ServiceScore, FoodScore, BranchScore, PriceScore, Comment) VALUES (22, 2, 3, 3, 5, 'Rich base south place where price there result.');
INSERT INTO REVIEW (ID_Review, ServiceScore, FoodScore, BranchScore, PriceScore, Comment) VALUES (23, 1, 5, 5, 1, 'Range reveal similar suffer.');
INSERT INTO REVIEW (ID_Review, ServiceScore, FoodScore, BranchScore, PriceScore, Comment) VALUES (24, 5, 3, 3, 3, 'Situation true music network.');
INSERT INTO REVIEW (ID_Review, ServiceScore, FoodScore, BranchScore, PriceScore, Comment) VALUES (25, 2, 4, 1, 5, 'Boy here pay less throughout.');
INSERT INTO REVIEW (ID_Review, ServiceScore, FoodScore, BranchScore, PriceScore, Comment) VALUES (26, 5, 3, 1, 3, 'Former ever size model should.');
INSERT INTO REVIEW (ID_Review, ServiceScore, FoodScore, BranchScore, PriceScore, Comment) VALUES (27, 1, 3, 2, 2, 'Say compare culture thousand industry reveal my east.');
INSERT INTO REVIEW (ID_Review, ServiceScore, FoodScore, BranchScore, PriceScore, Comment) VALUES (28, 5, 2, 2, 2, 'Exactly memory street learn partner ask miss information.');
INSERT INTO REVIEW (ID_Review, ServiceScore, FoodScore, BranchScore, PriceScore, Comment) VALUES (29, 2, 4, 4, 3, 'Himself sometimes newspaper decision open sometimes.');
INSERT INTO REVIEW (ID_Review, ServiceScore, FoodScore, BranchScore, PriceScore, Comment) VALUES (30, 1, 1, 1, 1, 'Middle firm choice civil partner.');
INSERT INTO REVIEW (ID_Review, ServiceScore, FoodScore, BranchScore, PriceScore, Comment) VALUES (31, 2, 5, 3, 1, 'Drive too why partner reality off mean.');
INSERT INTO REVIEW (ID_Review, ServiceScore, FoodScore, BranchScore, PriceScore, Comment) VALUES (32, 1, 4, 5, 1, 'Reason save eye assume material modern expert.');
INSERT INTO REVIEW (ID_Review, ServiceScore, FoodScore, BranchScore, PriceScore, Comment) VALUES (33, 5, 1, 1, 3, 'Item order summer security admit.');
INSERT INTO REVIEW (ID_Review, ServiceScore, FoodScore, BranchScore, PriceScore, Comment) VALUES (34, 1, 5, 2, 1, 'Tell fire nice easy responsibility.');
INSERT INTO REVIEW (ID_Review, ServiceScore, FoodScore, BranchScore, PriceScore, Comment) VALUES (35, 2, 5, 5, 1, 'Direction some office pass.');
INSERT INTO REVIEW (ID_Review, ServiceScore, FoodScore, BranchScore, PriceScore, Comment) VALUES (36, 3, 2, 5, 2, 'Medical friend could suddenly.');
INSERT INTO REVIEW (ID_Review, ServiceScore, FoodScore, BranchScore, PriceScore, Comment) VALUES (37, 2, 1, 4, 1, 'Data around job team believe college ability.');
INSERT INTO REVIEW (ID_Review, ServiceScore, FoodScore, BranchScore, PriceScore, Comment) VALUES (38, 4, 1, 2, 1, 'Firm have exactly course down.');
INSERT INTO REVIEW (ID_Review, ServiceScore, FoodScore, BranchScore, PriceScore, Comment) VALUES (39, 2, 1, 2, 1, 'Without source plant woman two surface.');
INSERT INTO REVIEW (ID_Review, ServiceScore, FoodScore, BranchScore, PriceScore, Comment) VALUES (40, 4, 2, 4, 5, 'Center approach less nearly never along civil.');
INSERT INTO REVIEW (ID_Review, ServiceScore, FoodScore, BranchScore, PriceScore, Comment) VALUES (1, 5, 3, 4, 5, 'Yeah power stock.');
INSERT INTO REVIEW (ID_Review, ServiceScore, FoodScore, BranchScore, PriceScore, Comment) VALUES (2, 5, 3, 5, 5, 'Member direction ask ask Republican.');
INSERT INTO REVIEW (ID_Review, ServiceScore, FoodScore, BranchScore, PriceScore, Comment) VALUES (3, 2, 5, 2, 2, 'Make allow yourself determine room task.');
INSERT INTO REVIEW (ID_Review, ServiceScore, FoodScore, BranchScore, PriceScore, Comment) VALUES (4, 3, 2, 5, 5, 'Much claim resource design.');
INSERT INTO REVIEW (ID_Review, ServiceScore, FoodScore, BranchScore, PriceScore, Comment) VALUES (5, 2, 5, 5, 1, 'Because pressure need open wind race.');
INSERT INTO REVIEW (ID_Review, ServiceScore, FoodScore, BranchScore, PriceScore, Comment) VALUES (6, 2, 2, 1, 3, 'Throw no nearly address tell.');
INSERT INTO REVIEW (ID_Review, ServiceScore, FoodScore, BranchScore, PriceScore, Comment) VALUES (7, 1, 5, 3, 5, 'Cup however beautiful.');
INSERT INTO REVIEW (ID_Review, ServiceScore, FoodScore, BranchScore, PriceScore, Comment) VALUES (8, 1, 4, 4, 4, 'Floor everything describe near say condition.');
INSERT INTO REVIEW (ID_Review, ServiceScore, FoodScore, BranchScore, PriceScore, Comment) VALUES (9, 3, 4, 2, 4, 'Begin cup level wife.');
INSERT INTO REVIEW (ID_Review, ServiceScore, FoodScore, BranchScore, PriceScore, Comment) VALUES (10, 4, 1, 2, 3, 'Step water smile send decade time.');
INSERT INTO REVIEW (ID_Review, ServiceScore, FoodScore, BranchScore, PriceScore, Comment) VALUES (11, 2, 2, 4, 4, 'Hope remember forget quite some choice central.');
INSERT INTO REVIEW (ID_Review, ServiceScore, FoodScore, BranchScore, PriceScore, Comment) VALUES (12, 2, 1, 2, 3, 'Father leg step fish.');
INSERT INTO REVIEW (ID_Review, ServiceScore, FoodScore, BranchScore, PriceScore, Comment) VALUES (13, 4, 3, 2, 2, 'Ready foot find owner morning.');
INSERT INTO REVIEW (ID_Review, ServiceScore, FoodScore, BranchScore, PriceScore, Comment) VALUES (14, 1, 1, 5, 1, 'Statement cause follow market significant.');
INSERT INTO REVIEW (ID_Review, ServiceScore, FoodScore, BranchScore, PriceScore, Comment) VALUES (15, 3, 2, 5, 2, 'Upon street land.');
INSERT INTO REVIEW (ID_Review, ServiceScore, FoodScore, BranchScore, PriceScore, Comment) VALUES (16, 4, 4, 3, 5, 'Story artist TV film blue agree.');
INSERT INTO REVIEW (ID_Review, ServiceScore, FoodScore, BranchScore, PriceScore, Comment) VALUES (17, 3, 2, 5, 2, 'And push able local seven common.');
INSERT INTO REVIEW (ID_Review, ServiceScore, FoodScore, BranchScore, PriceScore, Comment) VALUES (18, 5, 1, 5, 3, 'Which into dog lay scientist staff ever.');
INSERT INTO REVIEW (ID_Review, ServiceScore, FoodScore, BranchScore, PriceScore, Comment) VALUES (19, 5, 4, 4, 1, 'Director into effort continue pick economy energy.');
INSERT INTO REVIEW (ID_Review, ServiceScore, FoodScore, BranchScore, PriceScore, Comment) VALUES (20, 5, 2, 1, 3, 'Meet visit prove especially.');
INSERT INTO REVIEW (ID_Review, ServiceScore, FoodScore, BranchScore, PriceScore, Comment) VALUES (21, 5, 5, 4, 4, 'Because law administration class.');
INSERT INTO REVIEW (ID_Review, ServiceScore, FoodScore, BranchScore, PriceScore, Comment) VALUES (22, 3, 1, 3, 5, 'Over site really today agreement peace class.');
INSERT INTO REVIEW (ID_Review, ServiceScore, FoodScore, BranchScore, PriceScore, Comment) VALUES (23, 2, 4, 1, 3, 'National cup wrong clear practice daughter crime.');
INSERT INTO REVIEW (ID_Review, ServiceScore, FoodScore, BranchScore, PriceScore, Comment) VALUES (24, 5, 5, 5, 5, 'Alone final generation difficult.');
INSERT INTO REVIEW (ID_Review, ServiceScore, FoodScore, BranchScore, PriceScore, Comment) VALUES (25, 1, 4, 4, 1, 'Either near sure word its prove.');
INSERT INTO REVIEW (ID_Review, ServiceScore, FoodScore, BranchScore, PriceScore, Comment) VALUES (26, 5, 5, 4, 5, 'But trip research.');
INSERT INTO REVIEW (ID_Review, ServiceScore, FoodScore, BranchScore, PriceScore, Comment) VALUES (27, 4, 1, 5, 2, 'Buy everything of account station show suddenly every.');
INSERT INTO REVIEW (ID_Review, ServiceScore, FoodScore, BranchScore, PriceScore, Comment) VALUES (28, 5, 5, 3, 1, 'Nor more author political program including trade.');
INSERT INTO REVIEW (ID_Review, ServiceScore, FoodScore, BranchScore, PriceScore, Comment) VALUES (29, 5, 3, 3, 4, 'Rock common out effort.');
INSERT INTO REVIEW (ID_Review, ServiceScore, FoodScore, BranchScore, PriceScore, Comment) VALUES (30, 3, 2, 4, 2, 'Wind computer benefit rock feel.');
INSERT INTO REVIEW (ID_Review, ServiceScore, FoodScore, BranchScore, PriceScore, Comment) VALUES (31, 4, 5, 2, 3, 'Somebody free support today.');
INSERT INTO REVIEW (ID_Review, ServiceScore, FoodScore, BranchScore, PriceScore, Comment) VALUES (32, 1, 4, 2, 2, 'Reach morning represent item feel see.');
INSERT INTO REVIEW (ID_Review, ServiceScore, FoodScore, BranchScore, PriceScore, Comment) VALUES (33, 5, 1, 4, 4, 'Beat race interest behavior.');
INSERT INTO REVIEW (ID_Review, ServiceScore, FoodScore, BranchScore, PriceScore, Comment) VALUES (34, 4, 4, 1, 3, 'Pm foot card that most over customer always.');
INSERT INTO REVIEW (ID_Review, ServiceScore, FoodScore, BranchScore, PriceScore, Comment) VALUES (35, 5, 3, 3, 4, 'Threat anyone despite chance other continue.');
INSERT INTO REVIEW (ID_Review, ServiceScore, FoodScore, BranchScore, PriceScore, Comment) VALUES (36, 5, 3, 5, 1, 'Care process nearly discussion daughter within design.');
INSERT INTO REVIEW (ID_Review, ServiceScore, FoodScore, BranchScore, PriceScore, Comment) VALUES (37, 1, 4, 2, 1, 'Thank country effect money reveal although focus.');
INSERT INTO REVIEW (ID_Review, ServiceScore, FoodScore, BranchScore, PriceScore, Comment) VALUES (38, 3, 3, 3, 2, 'Make someone year name.');
INSERT INTO REVIEW (ID_Review, ServiceScore, FoodScore, BranchScore, PriceScore, Comment) VALUES (39, 4, 4, 5, 4, 'Mr surface nature memory physical like.');
INSERT INTO REVIEW (ID_Review, ServiceScore, FoodScore, BranchScore, PriceScore, Comment) VALUES (40, 2, 3, 4, 4, 'Force play window today.');
INSERT INTO REVIEW (ID_Review, ServiceScore, FoodScore, BranchScore, PriceScore, Comment) VALUES (1, 5, 3, 2, 5, 'Think which knowledge impact wrong institution.');
INSERT INTO REVIEW (ID_Review, ServiceScore, FoodScore, BranchScore, PriceScore, Comment) VALUES (2, 3, 4, 3, 4, 'End college hear because shake south.');
INSERT INTO REVIEW (ID_Review, ServiceScore, FoodScore, BranchScore, PriceScore, Comment) VALUES (3, 4, 1, 1, 2, 'Result political ahead small.');
INSERT INTO REVIEW (ID_Review, ServiceScore, FoodScore, BranchScore, PriceScore, Comment) VALUES (4, 2, 4, 2, 1, 'Include test necessary admit.');
INSERT INTO REVIEW (ID_Review, ServiceScore, FoodScore, BranchScore, PriceScore, Comment) VALUES (5, 1, 2, 3, 1, 'Market term brother face.');
INSERT INTO REVIEW (ID_Review, ServiceScore, FoodScore, BranchScore, PriceScore, Comment) VALUES (6, 2, 4, 2, 3, 'Debate director series design current subject professor.');
INSERT INTO REVIEW (ID_Review, ServiceScore, FoodScore, BranchScore, PriceScore, Comment) VALUES (7, 4, 1, 3, 2, 'End music huge.');
INSERT INTO REVIEW (ID_Review, ServiceScore, FoodScore, BranchScore, PriceScore, Comment) VALUES (8, 2, 2, 5, 1, 'Member image look.');
INSERT INTO REVIEW (ID_Review, ServiceScore, FoodScore, BranchScore, PriceScore, Comment) VALUES (9, 3, 3, 5, 4, 'Seat woman maybe indeed trouble item.');
INSERT INTO REVIEW (ID_Review, ServiceScore, FoodScore, BranchScore, PriceScore, Comment) VALUES (10, 2, 3, 3, 3, 'East pressure last either.');
INSERT INTO REVIEW (ID_Review, ServiceScore, FoodScore, BranchScore, PriceScore, Comment) VALUES (11, 2, 3, 2, 4, 'Instead herself simply social position.');
INSERT INTO REVIEW (ID_Review, ServiceScore, FoodScore, BranchScore, PriceScore, Comment) VALUES (12, 3, 3, 3, 2, 'Present social food seem loss.');
INSERT INTO REVIEW (ID_Review, ServiceScore, FoodScore, BranchScore, PriceScore, Comment) VALUES (13, 5, 2, 1, 2, 'Minute man behind.');
INSERT INTO REVIEW (ID_Review, ServiceScore, FoodScore, BranchScore, PriceScore, Comment) VALUES (14, 3, 5, 3, 1, 'Start strong then magazine.');
INSERT INTO REVIEW (ID_Review, ServiceScore, FoodScore, BranchScore, PriceScore, Comment) VALUES (15, 1, 1, 5, 5, 'Edge accept run.');
INSERT INTO REVIEW (ID_Review, ServiceScore, FoodScore, BranchScore, PriceScore, Comment) VALUES (16, 2, 3, 2, 5, 'Collection discussion wall though.');
INSERT INTO REVIEW (ID_Review, ServiceScore, FoodScore, BranchScore, PriceScore, Comment) VALUES (17, 3, 3, 2, 3, 'Represent second operation indeed military interview security mouth.');
INSERT INTO REVIEW (ID_Review, ServiceScore, FoodScore, BranchScore, PriceScore, Comment) VALUES (18, 3, 1, 2, 5, 'Happen at home development send foot agreement.');
INSERT INTO REVIEW (ID_Review, ServiceScore, FoodScore, BranchScore, PriceScore, Comment) VALUES (19, 4, 4, 1, 5, 'Ball can collection task identify.');
INSERT INTO REVIEW (ID_Review, ServiceScore, FoodScore, BranchScore, PriceScore, Comment) VALUES (20, 5, 5, 4, 5, 'Politics writer protect or during official.');
INSERT INTO REVIEW (ID_Review, ServiceScore, FoodScore, BranchScore, PriceScore, Comment) VALUES (21, 4, 3, 2, 4, 'Authority foot off knowledge forget official develop.');
INSERT INTO REVIEW (ID_Review, ServiceScore, FoodScore, BranchScore, PriceScore, Comment) VALUES (22, 4, 3, 4, 1, 'Affect environmental attention maybe cost.');
INSERT INTO REVIEW (ID_Review, ServiceScore, FoodScore, BranchScore, PriceScore, Comment) VALUES (23, 1, 3, 2, 2, 'Matter they general feeling grow visit within.');
INSERT INTO REVIEW (ID_Review, ServiceScore, FoodScore, BranchScore, PriceScore, Comment) VALUES (24, 5, 4, 1, 4, 'Soon on visit sport serve interesting.');
INSERT INTO REVIEW (ID_Review, ServiceScore, FoodScore, BranchScore, PriceScore, Comment) VALUES (25, 2, 3, 4, 2, 'Provide light today hundred should happy model analysis.');
INSERT INTO REVIEW (ID_Review, ServiceScore, FoodScore, BranchScore, PriceScore, Comment) VALUES (26, 3, 5, 2, 1, 'Teacher base others performance training ok better.');
INSERT INTO REVIEW (ID_Review, ServiceScore, FoodScore, BranchScore, PriceScore, Comment) VALUES (27, 2, 2, 4, 3, 'Learn first chance show.');
INSERT INTO REVIEW (ID_Review, ServiceScore, FoodScore, BranchScore, PriceScore, Comment) VALUES (28, 3, 1, 4, 1, 'Recently statement suffer oil peace.');
INSERT INTO REVIEW (ID_Review, ServiceScore, FoodScore, BranchScore, PriceScore, Comment) VALUES (29, 4, 1, 2, 4, 'Lose line machine sometimes return toward play space.');
INSERT INTO REVIEW (ID_Review, ServiceScore, FoodScore, BranchScore, PriceScore, Comment) VALUES (30, 5, 1, 2, 1, 'Parent soon scientist.');
INSERT INTO REVIEW (ID_Review, ServiceScore, FoodScore, BranchScore, PriceScore, Comment) VALUES (31, 5, 5, 2, 5, 'Back full factor which rather today evening.');
INSERT INTO REVIEW (ID_Review, ServiceScore, FoodScore, BranchScore, PriceScore, Comment) VALUES (32, 3, 3, 4, 5, 'Policy cover begin lay range increase.');
INSERT INTO REVIEW (ID_Review, ServiceScore, FoodScore, BranchScore, PriceScore, Comment) VALUES (33, 5, 1, 2, 4, 'Deal him material.');
INSERT INTO REVIEW (ID_Review, ServiceScore, FoodScore, BranchScore, PriceScore, Comment) VALUES (34, 2, 1, 3, 5, 'Close remember pull.');
INSERT INTO REVIEW (ID_Review, ServiceScore, FoodScore, BranchScore, PriceScore, Comment) VALUES (35, 5, 1, 4, 5, 'Great say thought letter walk.');
INSERT INTO REVIEW (ID_Review, ServiceScore, FoodScore, BranchScore, PriceScore, Comment) VALUES (36, 2, 5, 4, 4, 'Scene owner first recent executive.');
INSERT INTO REVIEW (ID_Review, ServiceScore, FoodScore, BranchScore, PriceScore, Comment) VALUES (37, 1, 2, 1, 4, 'Piece he view American.');
INSERT INTO REVIEW (ID_Review, ServiceScore, FoodScore, BranchScore, PriceScore, Comment) VALUES (38, 1, 1, 2, 1, 'They car consumer success college one.');
INSERT INTO REVIEW (ID_Review, ServiceScore, FoodScore, BranchScore, PriceScore, Comment) VALUES (39, 1, 1, 5, 1, 'Personal deal break.');
INSERT INTO REVIEW (ID_Review, ServiceScore, FoodScore, BranchScore, PriceScore, Comment) VALUES (40, 2, 5, 1, 1, 'Listen stuff view ever maintain.');
INSERT INTO REVIEW (ID_Review, ServiceScore, FoodScore, BranchScore, PriceScore, Comment) VALUES (1, 3, 2, 3, 4, 'Forward leader notice wide.');
INSERT INTO REVIEW (ID_Review, ServiceScore, FoodScore, BranchScore, PriceScore, Comment) VALUES (2, 3, 4, 3, 2, 'Relationship that rise.');
INSERT INTO REVIEW (ID_Review, ServiceScore, FoodScore, BranchScore, PriceScore, Comment) VALUES (3, 1, 3, 2, 3, 'Fill along member herself pass meet fast claim.');
INSERT INTO REVIEW (ID_Review, ServiceScore, FoodScore, BranchScore, PriceScore, Comment) VALUES (4, 3, 2, 4, 1, 'Simple bad anyone then customer cultural door.');
INSERT INTO REVIEW (ID_Review, ServiceScore, FoodScore, BranchScore, PriceScore, Comment) VALUES (5, 3, 1, 5, 1, 'Mother second machine sometimes evening son.');
INSERT INTO REVIEW (ID_Review, ServiceScore, FoodScore, BranchScore, PriceScore, Comment) VALUES (6, 3, 5, 5, 2, 'Firm movie become prevent night usually lay.');
INSERT INTO REVIEW (ID_Review, ServiceScore, FoodScore, BranchScore, PriceScore, Comment) VALUES (7, 3, 2, 3, 2, 'Those card reach drug management current trial wish.');
INSERT INTO REVIEW (ID_Review, ServiceScore, FoodScore, BranchScore, PriceScore, Comment) VALUES (8, 3, 2, 1, 4, 'Middle body bed join sound audience owner police.');
INSERT INTO REVIEW (ID_Review, ServiceScore, FoodScore, BranchScore, PriceScore, Comment) VALUES (9, 3, 3, 3, 4, 'Trial concern expert change head.');
INSERT INTO REVIEW (ID_Review, ServiceScore, FoodScore, BranchScore, PriceScore, Comment) VALUES (10, 2, 1, 2, 4, 'Key on analysis share.');
INSERT INTO REVIEW (ID_Review, ServiceScore, FoodScore, BranchScore, PriceScore, Comment) VALUES (11, 2, 5, 5, 4, 'Hour share level peace may senior.');
INSERT INTO REVIEW (ID_Review, ServiceScore, FoodScore, BranchScore, PriceScore, Comment) VALUES (12, 4, 3, 3, 3, 'Management sell significant set game resource.');
INSERT INTO REVIEW (ID_Review, ServiceScore, FoodScore, BranchScore, PriceScore, Comment) VALUES (13, 4, 3, 5, 4, 'Cultural put south top.');
INSERT INTO REVIEW (ID_Review, ServiceScore, FoodScore, BranchScore, PriceScore, Comment) VALUES (14, 5, 3, 4, 2, 'Surface say doctor possible.');
INSERT INTO REVIEW (ID_Review, ServiceScore, FoodScore, BranchScore, PriceScore, Comment) VALUES (15, 3, 5, 3, 2, 'Nor design throw left when.');
INSERT INTO REVIEW (ID_Review, ServiceScore, FoodScore, BranchScore, PriceScore, Comment) VALUES (16, 2, 4, 4, 1, 'Cut culture source.');
INSERT INTO REVIEW (ID_Review, ServiceScore, FoodScore, BranchScore, PriceScore, Comment) VALUES (17, 1, 1, 3, 1, 'Easy news with least apply his say.');
INSERT INTO REVIEW (ID_Review, ServiceScore, FoodScore, BranchScore, PriceScore, Comment) VALUES (18, 1, 2, 5, 5, 'Him but development.');
INSERT INTO REVIEW (ID_Review, ServiceScore, FoodScore, BranchScore, PriceScore, Comment) VALUES (19, 2, 5, 4, 5, 'Skin stage different local food approach report.');
INSERT INTO REVIEW (ID_Review, ServiceScore, FoodScore, BranchScore, PriceScore, Comment) VALUES (20, 3, 1, 1, 4, 'Ago box nearly yeah indeed.');
INSERT INTO REVIEW (ID_Review, ServiceScore, FoodScore, BranchScore, PriceScore, Comment) VALUES (21, 4, 5, 1, 4, 'Husband action institution despite back.');
INSERT INTO REVIEW (ID_Review, ServiceScore, FoodScore, BranchScore, PriceScore, Comment) VALUES (22, 4, 2, 1, 3, 'Allow interview attorney ball newspaper.');
INSERT INTO REVIEW (ID_Review, ServiceScore, FoodScore, BranchScore, PriceScore, Comment) VALUES (23, 4, 5, 4, 1, 'Discover likely end.');
INSERT INTO REVIEW (ID_Review, ServiceScore, FoodScore, BranchScore, PriceScore, Comment) VALUES (24, 5, 5, 2, 5, 'Case project east environment.');
INSERT INTO REVIEW (ID_Review, ServiceScore, FoodScore, BranchScore, PriceScore, Comment) VALUES (25, 3, 2, 3, 2, 'Speak enter ten this find public bad.');
INSERT INTO REVIEW (ID_Review, ServiceScore, FoodScore, BranchScore, PriceScore, Comment) VALUES (26, 2, 1, 1, 1, 'Director outside hotel away especially.');
INSERT INTO REVIEW (ID_Review, ServiceScore, FoodScore, BranchScore, PriceScore, Comment) VALUES (27, 1, 5, 3, 5, 'Record remember idea service computer street.');
INSERT INTO REVIEW (ID_Review, ServiceScore, FoodScore, BranchScore, PriceScore, Comment) VALUES (28, 4, 1, 1, 2, 'Reach fast nice but.');
INSERT INTO REVIEW (ID_Review, ServiceScore, FoodScore, BranchScore, PriceScore, Comment) VALUES (29, 5, 1, 4, 1, 'Seat including just interview.');
INSERT INTO REVIEW (ID_Review, ServiceScore, FoodScore, BranchScore, PriceScore, Comment) VALUES (30, 5, 5, 1, 2, 'Crime rule style.');
INSERT INTO REVIEW (ID_Review, ServiceScore, FoodScore, BranchScore, PriceScore, Comment) VALUES (31, 2, 5, 1, 1, 'Bill issue trial law test both.');
INSERT INTO REVIEW (ID_Review, ServiceScore, FoodScore, BranchScore, PriceScore, Comment) VALUES (32, 2, 4, 1, 4, 'Hot carry data similar behind black.');
INSERT INTO REVIEW (ID_Review, ServiceScore, FoodScore, BranchScore, PriceScore, Comment) VALUES (33, 5, 5, 2, 5, 'Indeed half ago wind recently part product.');
INSERT INTO REVIEW (ID_Review, ServiceScore, FoodScore, BranchScore, PriceScore, Comment) VALUES (34, 4, 3, 1, 4, 'They all education stop four.');
INSERT INTO REVIEW (ID_Review, ServiceScore, FoodScore, BranchScore, PriceScore, Comment) VALUES (35, 3, 1, 5, 1, 'Whole performance popular floor position.');
INSERT INTO REVIEW (ID_Review, ServiceScore, FoodScore, BranchScore, PriceScore, Comment) VALUES (36, 4, 1, 2, 4, 'Well speak any other summer.');
INSERT INTO REVIEW (ID_Review, ServiceScore, FoodScore, BranchScore, PriceScore, Comment) VALUES (37, 1, 4, 4, 1, 'Environment military film environment.');
INSERT INTO REVIEW (ID_Review, ServiceScore, FoodScore, BranchScore, PriceScore, Comment) VALUES (38, 2, 5, 5, 1, 'Room professor company air they also particular.');
INSERT INTO REVIEW (ID_Review, ServiceScore, FoodScore, BranchScore, PriceScore, Comment) VALUES (39, 1, 5, 3, 3, 'Cup agreement wife.');
INSERT INTO REVIEW (ID_Review, ServiceScore, FoodScore, BranchScore, PriceScore, Comment) VALUES (40, 3, 5, 1, 4, 'Challenge form store.');
INSERT INTO REVIEW (ID_Review, ServiceScore, FoodScore, BranchScore, PriceScore, Comment) VALUES (1, 1, 3, 5, 1, 'Civil set try benefit method.');
INSERT INTO REVIEW (ID_Review, ServiceScore, FoodScore, BranchScore, PriceScore, Comment) VALUES (2, 2, 4, 5, 4, 'Professional data claim laugh between movie.');
INSERT INTO REVIEW (ID_Review, ServiceScore, FoodScore, BranchScore, PriceScore, Comment) VALUES (3, 5, 5, 1, 4, 'Record general room dinner.');
INSERT INTO REVIEW (ID_Review, ServiceScore, FoodScore, BranchScore, PriceScore, Comment) VALUES (4, 2, 3, 1, 5, 'Area toward feeling bit water medical win.');
INSERT INTO REVIEW (ID_Review, ServiceScore, FoodScore, BranchScore, PriceScore, Comment) VALUES (5, 2, 5, 2, 5, 'Again such could often top hospital present.');
INSERT INTO REVIEW (ID_Review, ServiceScore, FoodScore, BranchScore, PriceScore, Comment) VALUES (6, 1, 2, 4, 4, 'Anyone once course.');
INSERT INTO REVIEW (ID_Review, ServiceScore, FoodScore, BranchScore, PriceScore, Comment) VALUES (7, 2, 3, 2, 5, 'Choice itself which environment.');
INSERT INTO REVIEW (ID_Review, ServiceScore, FoodScore, BranchScore, PriceScore, Comment) VALUES (8, 2, 1, 5, 1, 'Nor make collection people again prevent yourself when.');
INSERT INTO REVIEW (ID_Review, ServiceScore, FoodScore, BranchScore, PriceScore, Comment) VALUES (9, 4, 1, 1, 3, 'Section agreement protect business.');
INSERT INTO REVIEW (ID_Review, ServiceScore, FoodScore, BranchScore, PriceScore, Comment) VALUES (10, 1, 1, 1, 5, 'Myself collection example sense amount give.');
INSERT INTO REVIEW (ID_Review, ServiceScore, FoodScore, BranchScore, PriceScore, Comment) VALUES (11, 3, 3, 3, 5, 'Add official because senior.');
INSERT INTO REVIEW (ID_Review, ServiceScore, FoodScore, BranchScore, PriceScore, Comment) VALUES (12, 5, 5, 2, 4, 'Consider professor million increase country.');
INSERT INTO REVIEW (ID_Review, ServiceScore, FoodScore, BranchScore, PriceScore, Comment) VALUES (13, 5, 3, 4, 1, 'Stand worker radio fund world brother book.');
INSERT INTO REVIEW (ID_Review, ServiceScore, FoodScore, BranchScore, PriceScore, Comment) VALUES (14, 5, 3, 3, 4, 'Surface where service rich Republican rise picture agency.');
INSERT INTO REVIEW (ID_Review, ServiceScore, FoodScore, BranchScore, PriceScore, Comment) VALUES (15, 4, 1, 1, 1, 'Performance do PM above into west high.');
INSERT INTO REVIEW (ID_Review, ServiceScore, FoodScore, BranchScore, PriceScore, Comment) VALUES (16, 2, 2, 3, 4, 'Result player major claim candidate them economy.');
INSERT INTO REVIEW (ID_Review, ServiceScore, FoodScore, BranchScore, PriceScore, Comment) VALUES (17, 1, 5, 2, 1, 'Enter system my within.');
INSERT INTO REVIEW (ID_Review, ServiceScore, FoodScore, BranchScore, PriceScore, Comment) VALUES (18, 3, 3, 5, 2, 'In keep occur box expect.');
INSERT INTO REVIEW (ID_Review, ServiceScore, FoodScore, BranchScore, PriceScore, Comment) VALUES (19, 4, 3, 4, 4, 'Small weight medical responsibility Democrat.');
INSERT INTO REVIEW (ID_Review, ServiceScore, FoodScore, BranchScore, PriceScore, Comment) VALUES (20, 4, 2, 1, 3, 'Hit fast individual note often.');
INSERT INTO REVIEW (ID_Review, ServiceScore, FoodScore, BranchScore, PriceScore, Comment) VALUES (21, 3, 3, 4, 4, 'East almost friend rich world.');
INSERT INTO REVIEW (ID_Review, ServiceScore, FoodScore, BranchScore, PriceScore, Comment) VALUES (22, 2, 1, 2, 1, 'Scientist modern dinner point word thus.');
INSERT INTO REVIEW (ID_Review, ServiceScore, FoodScore, BranchScore, PriceScore, Comment) VALUES (23, 3, 1, 1, 5, 'Go report way.');
INSERT INTO REVIEW (ID_Review, ServiceScore, FoodScore, BranchScore, PriceScore, Comment) VALUES (24, 2, 2, 5, 4, 'Choose he find head school gun.');
INSERT INTO REVIEW (ID_Review, ServiceScore, FoodScore, BranchScore, PriceScore, Comment) VALUES (25, 4, 5, 3, 4, 'Early up anyone turn.');
INSERT INTO REVIEW (ID_Review, ServiceScore, FoodScore, BranchScore, PriceScore, Comment) VALUES (26, 1, 4, 5, 1, 'Seat prevent firm term traditional win discussion.');
INSERT INTO REVIEW (ID_Review, ServiceScore, FoodScore, BranchScore, PriceScore, Comment) VALUES (27, 5, 1, 5, 3, 'Majority century try.');
INSERT INTO REVIEW (ID_Review, ServiceScore, FoodScore, BranchScore, PriceScore, Comment) VALUES (28, 5, 1, 3, 1, 'Goal card worry kid summer why another.');
INSERT INTO REVIEW (ID_Review, ServiceScore, FoodScore, BranchScore, PriceScore, Comment) VALUES (29, 1, 2, 3, 2, 'Wait behavior firm policy.');
INSERT INTO REVIEW (ID_Review, ServiceScore, FoodScore, BranchScore, PriceScore, Comment) VALUES (30, 5, 2, 2, 4, 'Finish of someone official meeting.');
INSERT INTO REVIEW (ID_Review, ServiceScore, FoodScore, BranchScore, PriceScore, Comment) VALUES (31, 2, 3, 1, 5, 'Mouth brother include form record appear necessary.');
INSERT INTO REVIEW (ID_Review, ServiceScore, FoodScore, BranchScore, PriceScore, Comment) VALUES (32, 3, 1, 1, 3, 'Late sell deep tonight everybody low month.');
INSERT INTO REVIEW (ID_Review, ServiceScore, FoodScore, BranchScore, PriceScore, Comment) VALUES (33, 5, 3, 1, 5, 'Process anyone safe score different tonight.');
INSERT INTO REVIEW (ID_Review, ServiceScore, FoodScore, BranchScore, PriceScore, Comment) VALUES (34, 3, 4, 4, 2, 'Even specific or reflect tough speak.');
INSERT INTO REVIEW (ID_Review, ServiceScore, FoodScore, BranchScore, PriceScore, Comment) VALUES (35, 5, 3, 2, 5, 'Letter finally minute plant he challenge.');
INSERT INTO REVIEW (ID_Review, ServiceScore, FoodScore, BranchScore, PriceScore, Comment) VALUES (36, 5, 4, 1, 3, 'Admit call prove mind hotel back clearly.');
INSERT INTO REVIEW (ID_Review, ServiceScore, FoodScore, BranchScore, PriceScore, Comment) VALUES (37, 3, 3, 3, 3, 'Conference total suffer letter ground project six.');
INSERT INTO REVIEW (ID_Review, ServiceScore, FoodScore, BranchScore, PriceScore, Comment) VALUES (38, 1, 1, 1, 2, 'Marriage near use environment enough help.');
INSERT INTO REVIEW (ID_Review, ServiceScore, FoodScore, BranchScore, PriceScore, Comment) VALUES (39, 5, 4, 4, 3, 'Voice office side ever.');
INSERT INTO REVIEW (ID_Review, ServiceScore, FoodScore, BranchScore, PriceScore, Comment) VALUES (40, 1, 2, 5, 4, 'Help trip skill.');
INSERT INTO REVIEW (ID_Review, ServiceScore, FoodScore, BranchScore, PriceScore, Comment) VALUES (1, 2, 1, 1, 4, 'Arrive window development win once agreement put.');
INSERT INTO REVIEW (ID_Review, ServiceScore, FoodScore, BranchScore, PriceScore, Comment) VALUES (2, 3, 3, 2, 3, 'Leg show there spring campaign south.');
INSERT INTO REVIEW (ID_Review, ServiceScore, FoodScore, BranchScore, PriceScore, Comment) VALUES (3, 3, 4, 4, 4, 'Time tonight operation have computer all.');
INSERT INTO REVIEW (ID_Review, ServiceScore, FoodScore, BranchScore, PriceScore, Comment) VALUES (4, 5, 2, 5, 4, 'Fire mean hour school lead two mouth.');
INSERT INTO REVIEW (ID_Review, ServiceScore, FoodScore, BranchScore, PriceScore, Comment) VALUES (5, 5, 4, 3, 3, 'Rise smile beautiful exist choose save.');
INSERT INTO REVIEW (ID_Review, ServiceScore, FoodScore, BranchScore, PriceScore, Comment) VALUES (6, 5, 5, 2, 3, 'Strategy beat case start.');
INSERT INTO REVIEW (ID_Review, ServiceScore, FoodScore, BranchScore, PriceScore, Comment) VALUES (7, 3, 1, 2, 3, 'Most television kind real.');
INSERT INTO REVIEW (ID_Review, ServiceScore, FoodScore, BranchScore, PriceScore, Comment) VALUES (8, 3, 3, 1, 2, 'Miss head recent fund maintain member clear.');
INSERT INTO REVIEW (ID_Review, ServiceScore, FoodScore, BranchScore, PriceScore, Comment) VALUES (9, 1, 1, 5, 3, 'Bad hard Mrs risk mouth.');
INSERT INTO REVIEW (ID_Review, ServiceScore, FoodScore, BranchScore, PriceScore, Comment) VALUES (10, 4, 4, 4, 1, 'Positive style idea wrong agree consumer.');
INSERT INTO REVIEW (ID_Review, ServiceScore, FoodScore, BranchScore, PriceScore, Comment) VALUES (11, 1, 4, 5, 4, 'Cold century who deal many cause help.');
INSERT INTO REVIEW (ID_Review, ServiceScore, FoodScore, BranchScore, PriceScore, Comment) VALUES (12, 3, 5, 1, 3, 'Term activity charge choice still.');
INSERT INTO REVIEW (ID_Review, ServiceScore, FoodScore, BranchScore, PriceScore, Comment) VALUES (13, 3, 3, 2, 3, 'What happen think seven data also wind whole.');
INSERT INTO REVIEW (ID_Review, ServiceScore, FoodScore, BranchScore, PriceScore, Comment) VALUES (14, 5, 5, 2, 5, 'Skill partner responsibility today.');
INSERT INTO REVIEW (ID_Review, ServiceScore, FoodScore, BranchScore, PriceScore, Comment) VALUES (15, 1, 4, 1, 1, 'Whatever before argue girl deal military.');
INSERT INTO REVIEW (ID_Review, ServiceScore, FoodScore, BranchScore, PriceScore, Comment) VALUES (16, 1, 4, 4, 4, 'Trouble garden relate network thing number analysis.');
INSERT INTO REVIEW (ID_Review, ServiceScore, FoodScore, BranchScore, PriceScore, Comment) VALUES (17, 4, 5, 4, 3, 'Identify movie agency.');
INSERT INTO REVIEW (ID_Review, ServiceScore, FoodScore, BranchScore, PriceScore, Comment) VALUES (18, 2, 5, 4, 1, 'Resource down music TV.');
INSERT INTO REVIEW (ID_Review, ServiceScore, FoodScore, BranchScore, PriceScore, Comment) VALUES (19, 3, 1, 4, 4, 'Opportunity support action couple most really education.');
INSERT INTO REVIEW (ID_Review, ServiceScore, FoodScore, BranchScore, PriceScore, Comment) VALUES (20, 5, 4, 2, 4, 'Question increase type run boy type.');
INSERT INTO REVIEW (ID_Review, ServiceScore, FoodScore, BranchScore, PriceScore, Comment) VALUES (21, 3, 5, 5, 5, 'Wrong admit him service stuff.');
INSERT INTO REVIEW (ID_Review, ServiceScore, FoodScore, BranchScore, PriceScore, Comment) VALUES (22, 5, 5, 3, 4, 'Continue experience area since fast control visit.');
INSERT INTO REVIEW (ID_Review, ServiceScore, FoodScore, BranchScore, PriceScore, Comment) VALUES (23, 2, 2, 4, 2, 'Listen test think the night read.');
INSERT INTO REVIEW (ID_Review, ServiceScore, FoodScore, BranchScore, PriceScore, Comment) VALUES (24, 4, 3, 1, 1, 'First stand building area stage weight.');
INSERT INTO REVIEW (ID_Review, ServiceScore, FoodScore, BranchScore, PriceScore, Comment) VALUES (25, 1, 1, 5, 1, 'Road whole over each.');
INSERT INTO REVIEW (ID_Review, ServiceScore, FoodScore, BranchScore, PriceScore, Comment) VALUES (26, 5, 3, 3, 2, 'Member worker also will since resource.');
INSERT INTO REVIEW (ID_Review, ServiceScore, FoodScore, BranchScore, PriceScore, Comment) VALUES (27, 2, 1, 4, 5, 'Particular agent religious clearly care.');
INSERT INTO REVIEW (ID_Review, ServiceScore, FoodScore, BranchScore, PriceScore, Comment) VALUES (28, 4, 1, 2, 1, 'Stage along decide simple challenge magazine high.');
INSERT INTO REVIEW (ID_Review, ServiceScore, FoodScore, BranchScore, PriceScore, Comment) VALUES (29, 3, 2, 1, 5, 'Phone majority girl nearly reality style artist human.');
INSERT INTO REVIEW (ID_Review, ServiceScore, FoodScore, BranchScore, PriceScore, Comment) VALUES (30, 1, 2, 1, 1, 'Use structure style hear.');
INSERT INTO REVIEW (ID_Review, ServiceScore, FoodScore, BranchScore, PriceScore, Comment) VALUES (31, 5, 2, 4, 4, 'Would suffer remember.');
INSERT INTO REVIEW (ID_Review, ServiceScore, FoodScore, BranchScore, PriceScore, Comment) VALUES (32, 5, 2, 3, 3, 'Series discussion attention involve once parent.');
INSERT INTO REVIEW (ID_Review, ServiceScore, FoodScore, BranchScore, PriceScore, Comment) VALUES (33, 2, 2, 4, 5, 'However wind authority never.');
INSERT INTO REVIEW (ID_Review, ServiceScore, FoodScore, BranchScore, PriceScore, Comment) VALUES (34, 5, 2, 1, 3, 'Difference white democratic well peace.');
INSERT INTO REVIEW (ID_Review, ServiceScore, FoodScore, BranchScore, PriceScore, Comment) VALUES (35, 3, 2, 4, 5, 'Growth window memory professor contain.');
INSERT INTO REVIEW (ID_Review, ServiceScore, FoodScore, BranchScore, PriceScore, Comment) VALUES (36, 2, 3, 1, 4, 'Music heavy mind decision most fine.');
INSERT INTO REVIEW (ID_Review, ServiceScore, FoodScore, BranchScore, PriceScore, Comment) VALUES (37, 2, 3, 3, 3, 'Dinner let president treat husband.');
INSERT INTO REVIEW (ID_Review, ServiceScore, FoodScore, BranchScore, PriceScore, Comment) VALUES (38, 4, 2, 5, 3, 'Left answer answer magazine through nor point.');
INSERT INTO REVIEW (ID_Review, ServiceScore, FoodScore, BranchScore, PriceScore, Comment) VALUES (39, 5, 4, 4, 1, 'Material me can senior all traditional decade.');
INSERT INTO REVIEW (ID_Review, ServiceScore, FoodScore, BranchScore, PriceScore, Comment) VALUES (40, 5, 5, 5, 2, 'Husband child talk since.');
INSERT INTO REVIEW (ID_Review, ServiceScore, FoodScore, BranchScore, PriceScore, Comment) VALUES (1, 3, 5, 5, 4, 'Language mind as fire bill.');
INSERT INTO REVIEW (ID_Review, ServiceScore, FoodScore, BranchScore, PriceScore, Comment) VALUES (2, 3, 1, 2, 1, 'Thousand outside blue.');
INSERT INTO REVIEW (ID_Review, ServiceScore, FoodScore, BranchScore, PriceScore, Comment) VALUES (3, 1, 3, 5, 3, 'Big agency part simply new value.');
INSERT INTO REVIEW (ID_Review, ServiceScore, FoodScore, BranchScore, PriceScore, Comment) VALUES (4, 2, 1, 2, 1, 'News here national middle suffer sound series hot.');
INSERT INTO REVIEW (ID_Review, ServiceScore, FoodScore, BranchScore, PriceScore, Comment) VALUES (5, 4, 2, 5, 2, 'Read drug year rule wrong follow open.');
INSERT INTO REVIEW (ID_Review, ServiceScore, FoodScore, BranchScore, PriceScore, Comment) VALUES (6, 4, 3, 1, 3, 'Agent similar require fly tell.');
INSERT INTO REVIEW (ID_Review, ServiceScore, FoodScore, BranchScore, PriceScore, Comment) VALUES (7, 1, 5, 5, 2, 'Plan power peace interesting.');
INSERT INTO REVIEW (ID_Review, ServiceScore, FoodScore, BranchScore, PriceScore, Comment) VALUES (8, 5, 2, 1, 5, 'Save moment partner agreement leave voice reflect stuff.');
INSERT INTO REVIEW (ID_Review, ServiceScore, FoodScore, BranchScore, PriceScore, Comment) VALUES (9, 1, 2, 5, 2, 'Someone former lay cost social.');
INSERT INTO REVIEW (ID_Review, ServiceScore, FoodScore, BranchScore, PriceScore, Comment) VALUES (10, 3, 1, 2, 2, 'Study sing unit green back capital own certain.');
INSERT INTO REVIEW (ID_Review, ServiceScore, FoodScore, BranchScore, PriceScore, Comment) VALUES (11, 4, 3, 4, 5, 'Up PM item.');
INSERT INTO REVIEW (ID_Review, ServiceScore, FoodScore, BranchScore, PriceScore, Comment) VALUES (12, 3, 2, 3, 5, 'Million owner important international do.');
INSERT INTO REVIEW (ID_Review, ServiceScore, FoodScore, BranchScore, PriceScore, Comment) VALUES (13, 4, 3, 2, 3, 'Manage relate hot wrong check.');
INSERT INTO REVIEW (ID_Review, ServiceScore, FoodScore, BranchScore, PriceScore, Comment) VALUES (14, 3, 2, 5, 5, 'Ahead true general.');
INSERT INTO REVIEW (ID_Review, ServiceScore, FoodScore, BranchScore, PriceScore, Comment) VALUES (15, 5, 5, 3, 2, 'No reduce create blue as half attention.');
INSERT INTO REVIEW (ID_Review, ServiceScore, FoodScore, BranchScore, PriceScore, Comment) VALUES (16, 3, 3, 1, 1, 'Position respond stock research.');
INSERT INTO REVIEW (ID_Review, ServiceScore, FoodScore, BranchScore, PriceScore, Comment) VALUES (17, 2, 2, 5, 4, 'Send loss half garden total day court.');
INSERT INTO REVIEW (ID_Review, ServiceScore, FoodScore, BranchScore, PriceScore, Comment) VALUES (18, 1, 1, 4, 1, 'We front nor where condition Mr.');
INSERT INTO REVIEW (ID_Review, ServiceScore, FoodScore, BranchScore, PriceScore, Comment) VALUES (19, 2, 5, 2, 3, 'Nation buy learn understand suggest behind.');
INSERT INTO REVIEW (ID_Review, ServiceScore, FoodScore, BranchScore, PriceScore, Comment) VALUES (20, 4, 1, 4, 3, 'Image beautiful plant movement traditional fill.');
INSERT INTO REVIEW (ID_Review, ServiceScore, FoodScore, BranchScore, PriceScore, Comment) VALUES (21, 4, 3, 5, 1, 'While vote method staff full record ten.');
INSERT INTO REVIEW (ID_Review, ServiceScore, FoodScore, BranchScore, PriceScore, Comment) VALUES (22, 1, 4, 1, 1, 'Nothing upon picture choice soon around wonder before.');
INSERT INTO REVIEW (ID_Review, ServiceScore, FoodScore, BranchScore, PriceScore, Comment) VALUES (23, 1, 1, 2, 5, 'Cover might president go officer before.');
INSERT INTO REVIEW (ID_Review, ServiceScore, FoodScore, BranchScore, PriceScore, Comment) VALUES (24, 5, 1, 3, 1, 'Seem collection inside always.');
INSERT INTO REVIEW (ID_Review, ServiceScore, FoodScore, BranchScore, PriceScore, Comment) VALUES (25, 3, 5, 2, 2, 'Whatever long officer again stop already civil.');
INSERT INTO REVIEW (ID_Review, ServiceScore, FoodScore, BranchScore, PriceScore, Comment) VALUES (26, 4, 2, 1, 1, 'Worry president half in report strong run.');
INSERT INTO REVIEW (ID_Review, ServiceScore, FoodScore, BranchScore, PriceScore, Comment) VALUES (27, 2, 3, 3, 3, 'Old image as issue product.');
INSERT INTO REVIEW (ID_Review, ServiceScore, FoodScore, BranchScore, PriceScore, Comment) VALUES (28, 1, 5, 3, 4, 'Nation seek can I factor maintain force season.');
INSERT INTO REVIEW (ID_Review, ServiceScore, FoodScore, BranchScore, PriceScore, Comment) VALUES (29, 2, 2, 5, 2, 'Write could community.');
INSERT INTO REVIEW (ID_Review, ServiceScore, FoodScore, BranchScore, PriceScore, Comment) VALUES (30, 2, 1, 1, 2, 'Every only quality two suggest cell.');
INSERT INTO REVIEW (ID_Review, ServiceScore, FoodScore, BranchScore, PriceScore, Comment) VALUES (31, 1, 5, 1, 4, 'Bit former all why.');
INSERT INTO REVIEW (ID_Review, ServiceScore, FoodScore, BranchScore, PriceScore, Comment) VALUES (32, 3, 2, 4, 3, 'Partner must soldier.');
INSERT INTO REVIEW (ID_Review, ServiceScore, FoodScore, BranchScore, PriceScore, Comment) VALUES (33, 4, 5, 5, 3, 'Knowledge home born military.');
INSERT INTO REVIEW (ID_Review, ServiceScore, FoodScore, BranchScore, PriceScore, Comment) VALUES (34, 1, 1, 2, 3, 'Per people that.');
INSERT INTO REVIEW (ID_Review, ServiceScore, FoodScore, BranchScore, PriceScore, Comment) VALUES (35, 4, 1, 2, 1, 'Try parent design music.');
INSERT INTO REVIEW (ID_Review, ServiceScore, FoodScore, BranchScore, PriceScore, Comment) VALUES (36, 4, 5, 5, 5, 'Pressure analysis continue billion good.');
INSERT INTO REVIEW (ID_Review, ServiceScore, FoodScore, BranchScore, PriceScore, Comment) VALUES (37, 2, 1, 5, 5, 'Room same his foreign whatever.');
INSERT INTO REVIEW (ID_Review, ServiceScore, FoodScore, BranchScore, PriceScore, Comment) VALUES (38, 3, 2, 1, 5, 'Speak suddenly throughout task.');
INSERT INTO REVIEW (ID_Review, ServiceScore, FoodScore, BranchScore, PriceScore, Comment) VALUES (39, 3, 2, 2, 5, 'Glass prevent station stay draw least.');
INSERT INTO REVIEW (ID_Review, ServiceScore, FoodScore, BranchScore, PriceScore, Comment) VALUES (40, 5, 3, 3, 3, 'Position quickly question main suffer prevent group capital.');
INSERT INTO REVIEW (ID_Review, ServiceScore, FoodScore, BranchScore, PriceScore, Comment) VALUES (1, 2, 5, 4, 3, 'She value themselves card.');
INSERT INTO REVIEW (ID_Review, ServiceScore, FoodScore, BranchScore, PriceScore, Comment) VALUES (2, 3, 3, 2, 2, 'None politics appear trouble right friend.');
INSERT INTO REVIEW (ID_Review, ServiceScore, FoodScore, BranchScore, PriceScore, Comment) VALUES (3, 3, 1, 1, 1, 'Another environment determine also different.');
INSERT INTO REVIEW (ID_Review, ServiceScore, FoodScore, BranchScore, PriceScore, Comment) VALUES (4, 5, 4, 3, 2, 'Camera baby watch girl itself major once.');
INSERT INTO REVIEW (ID_Review, ServiceScore, FoodScore, BranchScore, PriceScore, Comment) VALUES (5, 3, 3, 4, 4, 'Exist number five stand.');
INSERT INTO REVIEW (ID_Review, ServiceScore, FoodScore, BranchScore, PriceScore, Comment) VALUES (6, 2, 5, 1, 4, 'Fast another reality important camera live whatever American.');
INSERT INTO REVIEW (ID_Review, ServiceScore, FoodScore, BranchScore, PriceScore, Comment) VALUES (7, 4, 4, 4, 3, 'Agreement nothing their him glass back.');
INSERT INTO REVIEW (ID_Review, ServiceScore, FoodScore, BranchScore, PriceScore, Comment) VALUES (8, 4, 5, 5, 1, 'Scene gun speech mouth she.');
INSERT INTO REVIEW (ID_Review, ServiceScore, FoodScore, BranchScore, PriceScore, Comment) VALUES (9, 4, 1, 4, 3, 'Popular anything then program phone.');
INSERT INTO REVIEW (ID_Review, ServiceScore, FoodScore, BranchScore, PriceScore, Comment) VALUES (10, 3, 5, 5, 5, 'Blood cut fish forward issue ever.');
INSERT INTO REVIEW (ID_Review, ServiceScore, FoodScore, BranchScore, PriceScore, Comment) VALUES (11, 2, 1, 1, 3, 'Consumer coach state court return drop.');
INSERT INTO REVIEW (ID_Review, ServiceScore, FoodScore, BranchScore, PriceScore, Comment) VALUES (12, 1, 5, 3, 3, 'Into own here trade return.');
INSERT INTO REVIEW (ID_Review, ServiceScore, FoodScore, BranchScore, PriceScore, Comment) VALUES (13, 4, 4, 3, 3, 'Interesting true attorney executive mind along.');
INSERT INTO REVIEW (ID_Review, ServiceScore, FoodScore, BranchScore, PriceScore, Comment) VALUES (14, 2, 5, 5, 1, 'According old drop heart.');
INSERT INTO REVIEW (ID_Review, ServiceScore, FoodScore, BranchScore, PriceScore, Comment) VALUES (15, 1, 4, 1, 4, 'Apply agent per hit.');
INSERT INTO REVIEW (ID_Review, ServiceScore, FoodScore, BranchScore, PriceScore, Comment) VALUES (16, 4, 1, 2, 5, 'Unit write stage city meeting recognize base.');
INSERT INTO REVIEW (ID_Review, ServiceScore, FoodScore, BranchScore, PriceScore, Comment) VALUES (17, 5, 3, 1, 3, 'Leg bit two cell me manage learn.');
INSERT INTO REVIEW (ID_Review, ServiceScore, FoodScore, BranchScore, PriceScore, Comment) VALUES (18, 2, 1, 4, 3, 'But former hold item room sit understand.');
INSERT INTO REVIEW (ID_Review, ServiceScore, FoodScore, BranchScore, PriceScore, Comment) VALUES (19, 4, 3, 5, 5, 'Tonight despite fear water church into.');
INSERT INTO REVIEW (ID_Review, ServiceScore, FoodScore, BranchScore, PriceScore, Comment) VALUES (20, 5, 4, 5, 3, 'Pass current letter pull.');
INSERT INTO REVIEW (ID_Review, ServiceScore, FoodScore, BranchScore, PriceScore, Comment) VALUES (21, 3, 2, 3, 3, 'Approach three moment section.');
INSERT INTO REVIEW (ID_Review, ServiceScore, FoodScore, BranchScore, PriceScore, Comment) VALUES (22, 1, 5, 1, 4, 'Method long control none.');
INSERT INTO REVIEW (ID_Review, ServiceScore, FoodScore, BranchScore, PriceScore, Comment) VALUES (23, 5, 5, 5, 4, 'Fact more third feel factor watch cold.');
INSERT INTO REVIEW (ID_Review, ServiceScore, FoodScore, BranchScore, PriceScore, Comment) VALUES (24, 1, 5, 5, 2, 'Call evidence technology none church Republican begin.');
INSERT INTO REVIEW (ID_Review, ServiceScore, FoodScore, BranchScore, PriceScore, Comment) VALUES (25, 2, 1, 4, 2, 'Miss purpose consider full good.');
INSERT INTO REVIEW (ID_Review, ServiceScore, FoodScore, BranchScore, PriceScore, Comment) VALUES (26, 4, 1, 1, 4, 'Huge this however base important almost seat.');
INSERT INTO REVIEW (ID_Review, ServiceScore, FoodScore, BranchScore, PriceScore, Comment) VALUES (27, 3, 3, 3, 1, 'Sure join man fact always how.');
INSERT INTO REVIEW (ID_Review, ServiceScore, FoodScore, BranchScore, PriceScore, Comment) VALUES (28, 3, 2, 3, 2, 'Serious staff one maybe.');
INSERT INTO REVIEW (ID_Review, ServiceScore, FoodScore, BranchScore, PriceScore, Comment) VALUES (29, 2, 1, 3, 4, 'Create know much market.');
INSERT INTO REVIEW (ID_Review, ServiceScore, FoodScore, BranchScore, PriceScore, Comment) VALUES (30, 1, 1, 2, 4, 'Never we provide pay bit hospital.');
INSERT INTO REVIEW (ID_Review, ServiceScore, FoodScore, BranchScore, PriceScore, Comment) VALUES (31, 2, 3, 5, 4, 'One open owner charge test grow word.');
INSERT INTO REVIEW (ID_Review, ServiceScore, FoodScore, BranchScore, PriceScore, Comment) VALUES (32, 2, 2, 2, 5, 'Road several president local identify whose Mr position.');
INSERT INTO REVIEW (ID_Review, ServiceScore, FoodScore, BranchScore, PriceScore, Comment) VALUES (33, 1, 3, 1, 2, 'Past director specific table.');
INSERT INTO REVIEW (ID_Review, ServiceScore, FoodScore, BranchScore, PriceScore, Comment) VALUES (34, 3, 3, 2, 1, 'Not memory hot simple order white behavior.');
INSERT INTO REVIEW (ID_Review, ServiceScore, FoodScore, BranchScore, PriceScore, Comment) VALUES (35, 2, 4, 4, 1, 'Tough describe wear assume let it whom.');
INSERT INTO REVIEW (ID_Review, ServiceScore, FoodScore, BranchScore, PriceScore, Comment) VALUES (36, 1, 2, 3, 5, 'Back sound degree.');
INSERT INTO REVIEW (ID_Review, ServiceScore, FoodScore, BranchScore, PriceScore, Comment) VALUES (37, 4, 5, 3, 4, 'Lay edge collection happen this probably that.');
INSERT INTO REVIEW (ID_Review, ServiceScore, FoodScore, BranchScore, PriceScore, Comment) VALUES (38, 4, 1, 4, 5, 'Live adult interesting red month sort raise.');
INSERT INTO REVIEW (ID_Review, ServiceScore, FoodScore, BranchScore, PriceScore, Comment) VALUES (39, 1, 3, 1, 3, 'Wish course cup.');
INSERT INTO REVIEW (ID_Review, ServiceScore, FoodScore, BranchScore, PriceScore, Comment) VALUES (40, 1, 2, 3, 2, 'Safe whole military carry artist.');
INSERT INTO REVIEW (ID_Review, ServiceScore, FoodScore, BranchScore, PriceScore, Comment) VALUES (1, 5, 4, 2, 3, 'According research bill individual.');
INSERT INTO REVIEW (ID_Review, ServiceScore, FoodScore, BranchScore, PriceScore, Comment) VALUES (2, 3, 1, 1, 4, 'Kitchen second career leave say.');
INSERT INTO REVIEW (ID_Review, ServiceScore, FoodScore, BranchScore, PriceScore, Comment) VALUES (3, 3, 1, 3, 4, 'Form single difference line way indicate.');
INSERT INTO REVIEW (ID_Review, ServiceScore, FoodScore, BranchScore, PriceScore, Comment) VALUES (4, 5, 5, 1, 2, 'Show be either human dog anyone.');
INSERT INTO REVIEW (ID_Review, ServiceScore, FoodScore, BranchScore, PriceScore, Comment) VALUES (5, 5, 5, 5, 2, 'Middle he energy fish me.');
INSERT INTO REVIEW (ID_Review, ServiceScore, FoodScore, BranchScore, PriceScore, Comment) VALUES (6, 1, 4, 3, 2, 'Including one realize PM.');
INSERT INTO REVIEW (ID_Review, ServiceScore, FoodScore, BranchScore, PriceScore, Comment) VALUES (7, 2, 1, 5, 2, 'Information rest no society.');
INSERT INTO REVIEW (ID_Review, ServiceScore, FoodScore, BranchScore, PriceScore, Comment) VALUES (8, 4, 3, 3, 1, 'Economy before early serve civil although.');
INSERT INTO REVIEW (ID_Review, ServiceScore, FoodScore, BranchScore, PriceScore, Comment) VALUES (9, 3, 1, 4, 4, 'Our design size shake them compare.');
INSERT INTO REVIEW (ID_Review, ServiceScore, FoodScore, BranchScore, PriceScore, Comment) VALUES (10, 5, 2, 4, 1, 'Although respond section at or step.');
INSERT INTO REVIEW (ID_Review, ServiceScore, FoodScore, BranchScore, PriceScore, Comment) VALUES (11, 4, 2, 4, 3, 'Catch she perform grow impact especially condition.');
INSERT INTO REVIEW (ID_Review, ServiceScore, FoodScore, BranchScore, PriceScore, Comment) VALUES (12, 1, 5, 3, 5, 'Meet standard pass scene catch road.');
INSERT INTO REVIEW (ID_Review, ServiceScore, FoodScore, BranchScore, PriceScore, Comment) VALUES (13, 4, 5, 1, 3, 'Need early girl home.');
INSERT INTO REVIEW (ID_Review, ServiceScore, FoodScore, BranchScore, PriceScore, Comment) VALUES (14, 4, 5, 3, 4, 'Interest sit science claim.');
INSERT INTO REVIEW (ID_Review, ServiceScore, FoodScore, BranchScore, PriceScore, Comment) VALUES (15, 2, 1, 5, 5, 'Difficult strong moment number reflect town.');
INSERT INTO REVIEW (ID_Review, ServiceScore, FoodScore, BranchScore, PriceScore, Comment) VALUES (16, 1, 3, 2, 2, 'Fact up machine Democrat can goal.');
INSERT INTO REVIEW (ID_Review, ServiceScore, FoodScore, BranchScore, PriceScore, Comment) VALUES (17, 4, 5, 3, 1, 'Impact sister difference picture paper world time.');
INSERT INTO REVIEW (ID_Review, ServiceScore, FoodScore, BranchScore, PriceScore, Comment) VALUES (18, 1, 4, 3, 4, 'Party own power health evening series.');
INSERT INTO REVIEW (ID_Review, ServiceScore, FoodScore, BranchScore, PriceScore, Comment) VALUES (19, 3, 5, 5, 1, 'Product not apply card media.');
INSERT INTO REVIEW (ID_Review, ServiceScore, FoodScore, BranchScore, PriceScore, Comment) VALUES (20, 1, 4, 4, 5, 'Increase very one real see fast.');
INSERT INTO REVIEW (ID_Review, ServiceScore, FoodScore, BranchScore, PriceScore, Comment) VALUES (21, 5, 2, 4, 3, 'Note involve thought why.');
INSERT INTO REVIEW (ID_Review, ServiceScore, FoodScore, BranchScore, PriceScore, Comment) VALUES (22, 5, 4, 2, 2, 'Remember exactly simple after knowledge that low.');
INSERT INTO REVIEW (ID_Review, ServiceScore, FoodScore, BranchScore, PriceScore, Comment) VALUES (23, 2, 3, 4, 4, 'List spend top anyone work.');
INSERT INTO REVIEW (ID_Review, ServiceScore, FoodScore, BranchScore, PriceScore, Comment) VALUES (24, 2, 4, 5, 4, 'Each give support second listen everybody.');
INSERT INTO REVIEW (ID_Review, ServiceScore, FoodScore, BranchScore, PriceScore, Comment) VALUES (25, 5, 1, 2, 5, 'Stand strong get around cause.');
INSERT INTO REVIEW (ID_Review, ServiceScore, FoodScore, BranchScore, PriceScore, Comment) VALUES (26, 5, 1, 3, 2, 'Face official threat investment a someone eight above.');
INSERT INTO REVIEW (ID_Review, ServiceScore, FoodScore, BranchScore, PriceScore, Comment) VALUES (27, 3, 4, 5, 5, 'Should second Republican take suffer.');
INSERT INTO REVIEW (ID_Review, ServiceScore, FoodScore, BranchScore, PriceScore, Comment) VALUES (28, 1, 4, 3, 4, 'Office day lose allow hundred provide list painting.');
INSERT INTO REVIEW (ID_Review, ServiceScore, FoodScore, BranchScore, PriceScore, Comment) VALUES (29, 2, 2, 5, 2, 'Low son south its enough bit.');
INSERT INTO REVIEW (ID_Review, ServiceScore, FoodScore, BranchScore, PriceScore, Comment) VALUES (30, 5, 1, 2, 2, 'Result north nothing dinner sense take.');
INSERT INTO REVIEW (ID_Review, ServiceScore, FoodScore, BranchScore, PriceScore, Comment) VALUES (31, 5, 4, 4, 2, 'Air standard foreign forget third.');
INSERT INTO REVIEW (ID_Review, ServiceScore, FoodScore, BranchScore, PriceScore, Comment) VALUES (32, 2, 1, 3, 3, 'Water hear which remain wish.');
INSERT INTO REVIEW (ID_Review, ServiceScore, FoodScore, BranchScore, PriceScore, Comment) VALUES (33, 3, 4, 1, 3, 'President everything music section.');
INSERT INTO REVIEW (ID_Review, ServiceScore, FoodScore, BranchScore, PriceScore, Comment) VALUES (34, 2, 4, 5, 3, 'Several matter back fish develop view him.');
INSERT INTO REVIEW (ID_Review, ServiceScore, FoodScore, BranchScore, PriceScore, Comment) VALUES (35, 1, 4, 4, 1, 'Positive which water above reflect bag indicate daughter.');
INSERT INTO REVIEW (ID_Review, ServiceScore, FoodScore, BranchScore, PriceScore, Comment) VALUES (36, 1, 1, 2, 4, 'Character total western certain.');
INSERT INTO REVIEW (ID_Review, ServiceScore, FoodScore, BranchScore, PriceScore, Comment) VALUES (37, 1, 5, 5, 1, 'Station baby better yeah operation month.');
INSERT INTO REVIEW (ID_Review, ServiceScore, FoodScore, BranchScore, PriceScore, Comment) VALUES (38, 4, 3, 3, 1, 'Seven real pretty important.');
INSERT INTO REVIEW (ID_Review, ServiceScore, FoodScore, BranchScore, PriceScore, Comment) VALUES (39, 5, 2, 1, 3, 'Interview remain challenge really as want guess energy.');
INSERT INTO REVIEW (ID_Review, ServiceScore, FoodScore, BranchScore, PriceScore, Comment) VALUES (40, 3, 4, 2, 2, 'Image appear attack series note film site.');
INSERT INTO REVIEW (ID_Review, ServiceScore, FoodScore, BranchScore, PriceScore, Comment) VALUES (1, 1, 5, 3, 3, 'Partner environment new have.');
INSERT INTO REVIEW (ID_Review, ServiceScore, FoodScore, BranchScore, PriceScore, Comment) VALUES (2, 2, 5, 5, 2, 'Attorney move another.');
INSERT INTO REVIEW (ID_Review, ServiceScore, FoodScore, BranchScore, PriceScore, Comment) VALUES (3, 4, 3, 1, 3, 'Civil after throughout keep stuff.');
INSERT INTO REVIEW (ID_Review, ServiceScore, FoodScore, BranchScore, PriceScore, Comment) VALUES (4, 5, 4, 3, 3, 'All religious appear century cup issue first.');
INSERT INTO REVIEW (ID_Review, ServiceScore, FoodScore, BranchScore, PriceScore, Comment) VALUES (5, 3, 3, 1, 1, 'Majority draw ever behind according build any.');
INSERT INTO REVIEW (ID_Review, ServiceScore, FoodScore, BranchScore, PriceScore, Comment) VALUES (6, 5, 4, 3, 1, 'Physical record policy goal before serious early.');
INSERT INTO REVIEW (ID_Review, ServiceScore, FoodScore, BranchScore, PriceScore, Comment) VALUES (7, 2, 2, 4, 2, 'Month past television skin speak understand.');
INSERT INTO REVIEW (ID_Review, ServiceScore, FoodScore, BranchScore, PriceScore, Comment) VALUES (8, 1, 5, 1, 5, 'Resource various today official safe speech different year.');
INSERT INTO REVIEW (ID_Review, ServiceScore, FoodScore, BranchScore, PriceScore, Comment) VALUES (9, 1, 2, 1, 3, 'Especially chair by task develop both.');
INSERT INTO REVIEW (ID_Review, ServiceScore, FoodScore, BranchScore, PriceScore, Comment) VALUES (10, 5, 1, 3, 3, 'Citizen report time away later role really.');
INSERT INTO REVIEW (ID_Review, ServiceScore, FoodScore, BranchScore, PriceScore, Comment) VALUES (11, 1, 5, 4, 1, 'Other eight how candidate would.');
INSERT INTO REVIEW (ID_Review, ServiceScore, FoodScore, BranchScore, PriceScore, Comment) VALUES (12, 4, 1, 1, 2, 'Official either prevent know Republican.');
INSERT INTO REVIEW (ID_Review, ServiceScore, FoodScore, BranchScore, PriceScore, Comment) VALUES (13, 3, 1, 1, 4, 'Strong church me true clear.');
INSERT INTO REVIEW (ID_Review, ServiceScore, FoodScore, BranchScore, PriceScore, Comment) VALUES (14, 3, 3, 2, 3, 'Decide build various company moment something heavy responsibility.');
INSERT INTO REVIEW (ID_Review, ServiceScore, FoodScore, BranchScore, PriceScore, Comment) VALUES (15, 3, 5, 4, 2, 'Participant generation she should miss.');
INSERT INTO REVIEW (ID_Review, ServiceScore, FoodScore, BranchScore, PriceScore, Comment) VALUES (16, 2, 1, 3, 1, 'Pressure suddenly under impact enter interest.');
INSERT INTO REVIEW (ID_Review, ServiceScore, FoodScore, BranchScore, PriceScore, Comment) VALUES (17, 5, 5, 1, 1, 'Life his fight operation nearly carry material hear.');
INSERT INTO REVIEW (ID_Review, ServiceScore, FoodScore, BranchScore, PriceScore, Comment) VALUES (18, 1, 5, 3, 1, 'Pay west trouble city media.');
INSERT INTO REVIEW (ID_Review, ServiceScore, FoodScore, BranchScore, PriceScore, Comment) VALUES (19, 3, 2, 2, 2, 'Board know PM recognize.');
INSERT INTO REVIEW (ID_Review, ServiceScore, FoodScore, BranchScore, PriceScore, Comment) VALUES (20, 4, 4, 2, 2, 'Media attorney vote pick happen teach.');
INSERT INTO REVIEW (ID_Review, ServiceScore, FoodScore, BranchScore, PriceScore, Comment) VALUES (21, 3, 3, 5, 3, 'Protect why current figure.');
INSERT INTO REVIEW (ID_Review, ServiceScore, FoodScore, BranchScore, PriceScore, Comment) VALUES (22, 2, 1, 5, 3, 'Western recognize her these around inside before.');
INSERT INTO REVIEW (ID_Review, ServiceScore, FoodScore, BranchScore, PriceScore, Comment) VALUES (23, 5, 2, 2, 2, 'Until rest fill cell raise.');
INSERT INTO REVIEW (ID_Review, ServiceScore, FoodScore, BranchScore, PriceScore, Comment) VALUES (24, 1, 2, 5, 4, 'I according produce between situation go experience.');
INSERT INTO REVIEW (ID_Review, ServiceScore, FoodScore, BranchScore, PriceScore, Comment) VALUES (25, 3, 5, 3, 1, 'Policy agency back remain.');
INSERT INTO REVIEW (ID_Review, ServiceScore, FoodScore, BranchScore, PriceScore, Comment) VALUES (26, 1, 1, 2, 4, 'Project any general foot feeling.');
INSERT INTO REVIEW (ID_Review, ServiceScore, FoodScore, BranchScore, PriceScore, Comment) VALUES (27, 4, 4, 5, 3, 'Protect goal their long prevent song.');
INSERT INTO REVIEW (ID_Review, ServiceScore, FoodScore, BranchScore, PriceScore, Comment) VALUES (28, 5, 5, 4, 1, 'Support song draw bill task coach meeting.');
INSERT INTO REVIEW (ID_Review, ServiceScore, FoodScore, BranchScore, PriceScore, Comment) VALUES (29, 2, 3, 1, 3, 'First serious myself discussion account.');
INSERT INTO REVIEW (ID_Review, ServiceScore, FoodScore, BranchScore, PriceScore, Comment) VALUES (30, 5, 2, 1, 1, 'News him event despite particular realize only.');
INSERT INTO REVIEW (ID_Review, ServiceScore, FoodScore, BranchScore, PriceScore, Comment) VALUES (31, 5, 4, 5, 1, 'Help seven piece across none.');
INSERT INTO REVIEW (ID_Review, ServiceScore, FoodScore, BranchScore, PriceScore, Comment) VALUES (32, 4, 1, 2, 5, 'Very rate necessary response push address already.');
INSERT INTO REVIEW (ID_Review, ServiceScore, FoodScore, BranchScore, PriceScore, Comment) VALUES (33, 1, 2, 2, 3, 'Want nation large film six town once.');
INSERT INTO REVIEW (ID_Review, ServiceScore, FoodScore, BranchScore, PriceScore, Comment) VALUES (34, 5, 4, 2, 5, 'Wife policy Mr from.');
INSERT INTO REVIEW (ID_Review, ServiceScore, FoodScore, BranchScore, PriceScore, Comment) VALUES (35, 5, 2, 4, 2, 'Mouth half issue animal.');
INSERT INTO REVIEW (ID_Review, ServiceScore, FoodScore, BranchScore, PriceScore, Comment) VALUES (36, 2, 4, 5, 5, 'Recently country scene cold ability everything develop.');
INSERT INTO REVIEW (ID_Review, ServiceScore, FoodScore, BranchScore, PriceScore, Comment) VALUES (37, 5, 5, 3, 4, 'Father here treat myself.');
INSERT INTO REVIEW (ID_Review, ServiceScore, FoodScore, BranchScore, PriceScore, Comment) VALUES (38, 2, 3, 2, 3, 'Box something meet charge.');
INSERT INTO REVIEW (ID_Review, ServiceScore, FoodScore, BranchScore, PriceScore, Comment) VALUES (39, 2, 5, 5, 5, 'Argue happen evidence.');
INSERT INTO REVIEW (ID_Review, ServiceScore, FoodScore, BranchScore, PriceScore, Comment) VALUES (40, 1, 4, 5, 1, 'Rate may parent they.');
INSERT INTO [ORDER] (ID_Order, ID_Table, OrderDate, TotalPrice, ActualPrice, ID_Customer, ID_Review, ID_Employee, ID_Branch) VALUES (1, 13, '2024-03-21', 0, 0, 22, 1, 154, 1);
INSERT INTO [ORDER] (ID_Order, ID_Table, OrderDate, TotalPrice, ActualPrice, ID_Customer, ID_Review, ID_Employee, ID_Branch) VALUES (2, 30, '2023-04-08', 0, 0, 11, 2, 74, 1);
INSERT INTO [ORDER] (ID_Order, ID_Table, OrderDate, TotalPrice, ActualPrice, ID_Customer, ID_Review, ID_Employee, ID_Branch) VALUES (3, 2, '2023-09-22', 0, 0, 40, 3, 45, 1);
INSERT INTO [ORDER] (ID_Order, ID_Table, OrderDate, TotalPrice, ActualPrice, ID_Customer, ID_Review, ID_Employee, ID_Branch) VALUES (4, 28, '2023-09-05', 0, 0, 35, 4, 111, 1);
INSERT INTO [ORDER] (ID_Order, ID_Table, OrderDate, TotalPrice, ActualPrice, ID_Customer, ID_Review, ID_Employee, ID_Branch) VALUES (5, 4, '2024-03-21', 0, 0, 6, 5, 68, 1);
INSERT INTO [ORDER] (ID_Order, ID_Table, OrderDate, TotalPrice, ActualPrice, ID_Customer, ID_Review, ID_Employee, ID_Branch) VALUES (6, 14, '2023-10-24', 0, 0, 40, 6, 163, 1);
INSERT INTO [ORDER] (ID_Order, ID_Table, OrderDate, TotalPrice, ActualPrice, ID_Customer, ID_Review, ID_Employee, ID_Branch) VALUES (7, 25, '2024-05-16', 0, 0, 9, 7, 55, 1);
INSERT INTO [ORDER] (ID_Order, ID_Table, OrderDate, TotalPrice, ActualPrice, ID_Customer, ID_Review, ID_Employee, ID_Branch) VALUES (8, 28, '2024-11-12', 0, 0, 6, 8, 179, 1);
INSERT INTO [ORDER] (ID_Order, ID_Table, OrderDate, TotalPrice, ActualPrice, ID_Customer, ID_Review, ID_Employee, ID_Branch) VALUES (9, 4, '2023-01-04', 0, 0, 30, 9, 33, 1);
INSERT INTO [ORDER] (ID_Order, ID_Table, OrderDate, TotalPrice, ActualPrice, ID_Customer, ID_Review, ID_Employee, ID_Branch) VALUES (10, 16, '2023-02-06', 0, 0, 10, 10, 147, 1);
INSERT INTO [ORDER] (ID_Order, ID_Table, OrderDate, TotalPrice, ActualPrice, ID_Customer, ID_Review, ID_Employee, ID_Branch) VALUES (11, 18, '2024-09-19', 0, 0, 32, 11, 179, 1);
INSERT INTO [ORDER] (ID_Order, ID_Table, OrderDate, TotalPrice, ActualPrice, ID_Customer, ID_Review, ID_Employee, ID_Branch) VALUES (12, 21, '2023-10-18', 0, 0, 2, 12, 28, 1);
INSERT INTO [ORDER] (ID_Order, ID_Table, OrderDate, TotalPrice, ActualPrice, ID_Customer, ID_Review, ID_Employee, ID_Branch) VALUES (13, 4, '2024-02-07', 0, 0, 11, 13, 197, 1);
INSERT INTO [ORDER] (ID_Order, ID_Table, OrderDate, TotalPrice, ActualPrice, ID_Customer, ID_Review, ID_Employee, ID_Branch) VALUES (14, 6, '2024-10-05', 0, 0, 10, 14, 200, 1);
INSERT INTO [ORDER] (ID_Order, ID_Table, OrderDate, TotalPrice, ActualPrice, ID_Customer, ID_Review, ID_Employee, ID_Branch) VALUES (15, 1, '2023-03-27', 0, 0, 25, 15, 87, 1);
INSERT INTO [ORDER] (ID_Order, ID_Table, OrderDate, TotalPrice, ActualPrice, ID_Customer, ID_Review, ID_Employee, ID_Branch) VALUES (16, 3, '2023-08-05', 0, 0, 37, 16, 89, 1);
INSERT INTO [ORDER] (ID_Order, ID_Table, OrderDate, TotalPrice, ActualPrice, ID_Customer, ID_Review, ID_Employee, ID_Branch) VALUES (17, 21, '2023-11-23', 0, 0, 23, 17, 184, 1);
INSERT INTO [ORDER] (ID_Order, ID_Table, OrderDate, TotalPrice, ActualPrice, ID_Customer, ID_Review, ID_Employee, ID_Branch) VALUES (18, 8, '2024-01-20', 0, 0, 41, 18, 165, 1);
INSERT INTO [ORDER] (ID_Order, ID_Table, OrderDate, TotalPrice, ActualPrice, ID_Customer, ID_Review, ID_Employee, ID_Branch) VALUES (19, 29, '2023-04-27', 0, 0, 15, 19, 163, 1);
INSERT INTO [ORDER] (ID_Order, ID_Table, OrderDate, TotalPrice, ActualPrice, ID_Customer, ID_Review, ID_Employee, ID_Branch) VALUES (20, 21, '2023-01-02', 0, 0, 37, 20, 84, 1);
INSERT INTO [ORDER] (ID_Order, ID_Table, OrderDate, TotalPrice, ActualPrice, ID_Customer, ID_Review, ID_Employee, ID_Branch) VALUES (21, 1, '2024-09-19', 0, 0, 8, 21, 89, 1);
INSERT INTO [ORDER] (ID_Order, ID_Table, OrderDate, TotalPrice, ActualPrice, ID_Customer, ID_Review, ID_Employee, ID_Branch) VALUES (22, 28, '2023-06-11', 0, 0, 27, 22, 161, 1);
INSERT INTO [ORDER] (ID_Order, ID_Table, OrderDate, TotalPrice, ActualPrice, ID_Customer, ID_Review, ID_Employee, ID_Branch) VALUES (23, 19, '2024-10-24', 0, 0, 3, 23, 176, 1);
INSERT INTO [ORDER] (ID_Order, ID_Table, OrderDate, TotalPrice, ActualPrice, ID_Customer, ID_Review, ID_Employee, ID_Branch) VALUES (24, 18, '2023-08-29', 0, 0, 34, 24, 209, 1);
INSERT INTO [ORDER] (ID_Order, ID_Table, OrderDate, TotalPrice, ActualPrice, ID_Customer, ID_Review, ID_Employee, ID_Branch) VALUES (25, 12, '2023-02-28', 0, 0, 36, 25, 111, 1);
INSERT INTO [ORDER] (ID_Order, ID_Table, OrderDate, TotalPrice, ActualPrice, ID_Customer, ID_Review, ID_Employee, ID_Branch) VALUES (26, 9, '2024-03-14', 0, 0, 33, 26, 193, 1);
INSERT INTO [ORDER] (ID_Order, ID_Table, OrderDate, TotalPrice, ActualPrice, ID_Customer, ID_Review, ID_Employee, ID_Branch) VALUES (27, 9, '2024-11-09', 0, 0, 13, 27, 176, 1);
INSERT INTO [ORDER] (ID_Order, ID_Table, OrderDate, TotalPrice, ActualPrice, ID_Customer, ID_Review, ID_Employee, ID_Branch) VALUES (28, 7, '2024-02-29', 0, 0, 17, 28, 34, 1);
INSERT INTO [ORDER] (ID_Order, ID_Table, OrderDate, TotalPrice, ActualPrice, ID_Customer, ID_Review, ID_Employee, ID_Branch) VALUES (29, 19, '2024-02-04', 0, 0, 33, 29, 57, 1);
INSERT INTO [ORDER] (ID_Order, ID_Table, OrderDate, TotalPrice, ActualPrice, ID_Customer, ID_Review, ID_Employee, ID_Branch) VALUES (30, 4, '2023-03-12', 0, 0, 38, 30, 124, 1);
INSERT INTO [ORDER] (ID_Order, ID_Table, OrderDate, TotalPrice, ActualPrice, ID_Customer, ID_Review, ID_Employee, ID_Branch) VALUES (31, 30, '2023-11-02', 0, 0, 17, 31, 220, 1);
INSERT INTO [ORDER] (ID_Order, ID_Table, OrderDate, TotalPrice, ActualPrice, ID_Customer, ID_Review, ID_Employee, ID_Branch) VALUES (32, NULL, '2023-08-16', 0, 0, 20, 32, 45, 1);
INSERT INTO [ORDER] (ID_Order, ID_Table, OrderDate, TotalPrice, ActualPrice, ID_Customer, ID_Review, ID_Employee, ID_Branch) VALUES (33, NULL, '2024-01-18', 0, 0, 30, 33, 41, 1);
INSERT INTO [ORDER] (ID_Order, ID_Table, OrderDate, TotalPrice, ActualPrice, ID_Customer, ID_Review, ID_Employee, ID_Branch) VALUES (34, NULL, '2024-08-17', 0, 0, 33, 34, 122, 1);
INSERT INTO [ORDER] (ID_Order, ID_Table, OrderDate, TotalPrice, ActualPrice, ID_Customer, ID_Review, ID_Employee, ID_Branch) VALUES (35, NULL, '2023-06-30', 0, 0, 22, 35, 74, 1);
INSERT INTO [ORDER] (ID_Order, ID_Table, OrderDate, TotalPrice, ActualPrice, ID_Customer, ID_Review, ID_Employee, ID_Branch) VALUES (36, NULL, '2024-04-30', 0, 0, 29, 36, 37, 1);
INSERT INTO [ORDER] (ID_Order, ID_Table, OrderDate, TotalPrice, ActualPrice, ID_Customer, ID_Review, ID_Employee, ID_Branch) VALUES (37, NULL, '2024-07-09', 0, 0, 3, 37, 89, 1);
INSERT INTO [ORDER] (ID_Order, ID_Table, OrderDate, TotalPrice, ActualPrice, ID_Customer, ID_Review, ID_Employee, ID_Branch) VALUES (38, NULL, '2024-09-07', 0, 0, 40, 38, 45, 1);
INSERT INTO [ORDER] (ID_Order, ID_Table, OrderDate, TotalPrice, ActualPrice, ID_Customer, ID_Review, ID_Employee, ID_Branch) VALUES (39, NULL, '2023-02-16', 0, 0, 5, 39, 161, 1);
INSERT INTO [ORDER] (ID_Order, ID_Table, OrderDate, TotalPrice, ActualPrice, ID_Customer, ID_Review, ID_Employee, ID_Branch) VALUES (40, NULL, '2024-05-10', 0, 0, 3, 40, 197, 1);
INSERT INTO [ORDER] (ID_Order, ID_Table, OrderDate, TotalPrice, ActualPrice, ID_Customer, ID_Review, ID_Employee, ID_Branch) VALUES (1, 33, '2024-01-18', 0, 0, 24, 1, 10, 2);
INSERT INTO [ORDER] (ID_Order, ID_Table, OrderDate, TotalPrice, ActualPrice, ID_Customer, ID_Review, ID_Employee, ID_Branch) VALUES (2, 44, '2023-09-26', 0, 0, 40, 2, 88, 2);
INSERT INTO [ORDER] (ID_Order, ID_Table, OrderDate, TotalPrice, ActualPrice, ID_Customer, ID_Review, ID_Employee, ID_Branch) VALUES (3, 43, '2023-10-17', 0, 0, 9, 3, 103, 2);
INSERT INTO [ORDER] (ID_Order, ID_Table, OrderDate, TotalPrice, ActualPrice, ID_Customer, ID_Review, ID_Employee, ID_Branch) VALUES (4, 48, '2023-01-24', 0, 0, 2, 4, 34, 2);
INSERT INTO [ORDER] (ID_Order, ID_Table, OrderDate, TotalPrice, ActualPrice, ID_Customer, ID_Review, ID_Employee, ID_Branch) VALUES (5, 47, '2023-07-21', 0, 0, 17, 5, 135, 2);
INSERT INTO [ORDER] (ID_Order, ID_Table, OrderDate, TotalPrice, ActualPrice, ID_Customer, ID_Review, ID_Employee, ID_Branch) VALUES (6, 50, '2023-06-01', 0, 0, 11, 6, 77, 2);
INSERT INTO [ORDER] (ID_Order, ID_Table, OrderDate, TotalPrice, ActualPrice, ID_Customer, ID_Review, ID_Employee, ID_Branch) VALUES (7, 40, '2023-02-09', 0, 0, 4, 7, 18, 2);
INSERT INTO [ORDER] (ID_Order, ID_Table, OrderDate, TotalPrice, ActualPrice, ID_Customer, ID_Review, ID_Employee, ID_Branch) VALUES (8, 31, '2024-01-10', 0, 0, 26, 8, 30, 2);
INSERT INTO [ORDER] (ID_Order, ID_Table, OrderDate, TotalPrice, ActualPrice, ID_Customer, ID_Review, ID_Employee, ID_Branch) VALUES (9, 45, '2023-10-04', 0, 0, 41, 9, 17, 2);
INSERT INTO [ORDER] (ID_Order, ID_Table, OrderDate, TotalPrice, ActualPrice, ID_Customer, ID_Review, ID_Employee, ID_Branch) VALUES (10, 46, '2023-02-24', 0, 0, 4, 10, 149, 2);
INSERT INTO [ORDER] (ID_Order, ID_Table, OrderDate, TotalPrice, ActualPrice, ID_Customer, ID_Review, ID_Employee, ID_Branch) VALUES (11, 53, '2024-07-18', 0, 0, 11, 11, 172, 2);
INSERT INTO [ORDER] (ID_Order, ID_Table, OrderDate, TotalPrice, ActualPrice, ID_Customer, ID_Review, ID_Employee, ID_Branch) VALUES (12, 42, '2023-08-28', 0, 0, 37, 12, 199, 2);
INSERT INTO [ORDER] (ID_Order, ID_Table, OrderDate, TotalPrice, ActualPrice, ID_Customer, ID_Review, ID_Employee, ID_Branch) VALUES (13, 39, '2024-09-26', 0, 0, 32, 13, 59, 2);
INSERT INTO [ORDER] (ID_Order, ID_Table, OrderDate, TotalPrice, ActualPrice, ID_Customer, ID_Review, ID_Employee, ID_Branch) VALUES (14, 35, '2024-09-09', 0, 0, 17, 14, 18, 2);
INSERT INTO [ORDER] (ID_Order, ID_Table, OrderDate, TotalPrice, ActualPrice, ID_Customer, ID_Review, ID_Employee, ID_Branch) VALUES (15, 37, '2024-07-24', 0, 0, 12, 15, 18, 2);
INSERT INTO [ORDER] (ID_Order, ID_Table, OrderDate, TotalPrice, ActualPrice, ID_Customer, ID_Review, ID_Employee, ID_Branch) VALUES (16, 44, '2024-03-10', 0, 0, 3, 16, 88, 2);
INSERT INTO [ORDER] (ID_Order, ID_Table, OrderDate, TotalPrice, ActualPrice, ID_Customer, ID_Review, ID_Employee, ID_Branch) VALUES (17, 39, '2023-03-05', 0, 0, 30, 17, 110, 2);
INSERT INTO [ORDER] (ID_Order, ID_Table, OrderDate, TotalPrice, ActualPrice, ID_Customer, ID_Review, ID_Employee, ID_Branch) VALUES (18, 34, '2023-09-29', 0, 0, 21, 18, 203, 2);
INSERT INTO [ORDER] (ID_Order, ID_Table, OrderDate, TotalPrice, ActualPrice, ID_Customer, ID_Review, ID_Employee, ID_Branch) VALUES (19, 50, '2023-11-11', 0, 0, 28, 19, 196, 2);
INSERT INTO [ORDER] (ID_Order, ID_Table, OrderDate, TotalPrice, ActualPrice, ID_Customer, ID_Review, ID_Employee, ID_Branch) VALUES (20, 43, '2023-03-02', 0, 0, 12, 20, 18, 2);
INSERT INTO [ORDER] (ID_Order, ID_Table, OrderDate, TotalPrice, ActualPrice, ID_Customer, ID_Review, ID_Employee, ID_Branch) VALUES (21, 40, '2024-05-16', 0, 0, 36, 21, 216, 2);
INSERT INTO [ORDER] (ID_Order, ID_Table, OrderDate, TotalPrice, ActualPrice, ID_Customer, ID_Review, ID_Employee, ID_Branch) VALUES (22, 41, '2023-01-01', 0, 0, 8, 22, 134, 2);
INSERT INTO [ORDER] (ID_Order, ID_Table, OrderDate, TotalPrice, ActualPrice, ID_Customer, ID_Review, ID_Employee, ID_Branch) VALUES (23, 35, '2023-07-03', 0, 0, 15, 23, 125, 2);
INSERT INTO [ORDER] (ID_Order, ID_Table, OrderDate, TotalPrice, ActualPrice, ID_Customer, ID_Review, ID_Employee, ID_Branch) VALUES (24, 37, '2023-03-20', 0, 0, 37, 24, 220, 2);
INSERT INTO [ORDER] (ID_Order, ID_Table, OrderDate, TotalPrice, ActualPrice, ID_Customer, ID_Review, ID_Employee, ID_Branch) VALUES (25, 52, '2023-08-28', 0, 0, 36, 25, 103, 2);
INSERT INTO [ORDER] (ID_Order, ID_Table, OrderDate, TotalPrice, ActualPrice, ID_Customer, ID_Review, ID_Employee, ID_Branch) VALUES (26, 36, '2023-01-13', 0, 0, 39, 26, 110, 2);
INSERT INTO [ORDER] (ID_Order, ID_Table, OrderDate, TotalPrice, ActualPrice, ID_Customer, ID_Review, ID_Employee, ID_Branch) VALUES (27, 46, '2023-12-31', 0, 0, 19, 27, 156, 2);
INSERT INTO [ORDER] (ID_Order, ID_Table, OrderDate, TotalPrice, ActualPrice, ID_Customer, ID_Review, ID_Employee, ID_Branch) VALUES (28, 43, '2024-10-18', 0, 0, 35, 28, 41, 2);
INSERT INTO [ORDER] (ID_Order, ID_Table, OrderDate, TotalPrice, ActualPrice, ID_Customer, ID_Review, ID_Employee, ID_Branch) VALUES (29, 42, '2023-10-13', 0, 0, 15, 29, 30, 2);
INSERT INTO [ORDER] (ID_Order, ID_Table, OrderDate, TotalPrice, ActualPrice, ID_Customer, ID_Review, ID_Employee, ID_Branch) VALUES (30, 46, '2023-08-24', 0, 0, 3, 30, 129, 2);
INSERT INTO [ORDER] (ID_Order, ID_Table, OrderDate, TotalPrice, ActualPrice, ID_Customer, ID_Review, ID_Employee, ID_Branch) VALUES (31, 50, '2024-02-06', 0, 0, 38, 31, 67, 2);
INSERT INTO [ORDER] (ID_Order, ID_Table, OrderDate, TotalPrice, ActualPrice, ID_Customer, ID_Review, ID_Employee, ID_Branch) VALUES (32, NULL, '2024-12-07', 0, 0, 36, 32, 216, 2);
INSERT INTO [ORDER] (ID_Order, ID_Table, OrderDate, TotalPrice, ActualPrice, ID_Customer, ID_Review, ID_Employee, ID_Branch) VALUES (33, NULL, '2023-03-13', 0, 0, 36, 33, 154, 2);
INSERT INTO [ORDER] (ID_Order, ID_Table, OrderDate, TotalPrice, ActualPrice, ID_Customer, ID_Review, ID_Employee, ID_Branch) VALUES (34, NULL, '2023-06-29', 0, 0, 40, 34, 220, 2);
INSERT INTO [ORDER] (ID_Order, ID_Table, OrderDate, TotalPrice, ActualPrice, ID_Customer, ID_Review, ID_Employee, ID_Branch) VALUES (35, NULL, '2023-03-11', 0, 0, 27, 35, 204, 2);
INSERT INTO [ORDER] (ID_Order, ID_Table, OrderDate, TotalPrice, ActualPrice, ID_Customer, ID_Review, ID_Employee, ID_Branch) VALUES (36, NULL, '2022-12-26', 0, 0, 37, 36, 77, 2);
INSERT INTO [ORDER] (ID_Order, ID_Table, OrderDate, TotalPrice, ActualPrice, ID_Customer, ID_Review, ID_Employee, ID_Branch) VALUES (37, NULL, '2023-01-22', 0, 0, 37, 37, 169, 2);
INSERT INTO [ORDER] (ID_Order, ID_Table, OrderDate, TotalPrice, ActualPrice, ID_Customer, ID_Review, ID_Employee, ID_Branch) VALUES (38, NULL, '2024-03-26', 0, 0, 5, 38, 216, 2);
INSERT INTO [ORDER] (ID_Order, ID_Table, OrderDate, TotalPrice, ActualPrice, ID_Customer, ID_Review, ID_Employee, ID_Branch) VALUES (39, NULL, '2022-12-27', 0, 0, 24, 39, 134, 2);
INSERT INTO [ORDER] (ID_Order, ID_Table, OrderDate, TotalPrice, ActualPrice, ID_Customer, ID_Review, ID_Employee, ID_Branch) VALUES (40, NULL, '2022-12-20', 0, 0, 18, 40, 134, 2);
INSERT INTO [ORDER] (ID_Order, ID_Table, OrderDate, TotalPrice, ActualPrice, ID_Customer, ID_Review, ID_Employee, ID_Branch) VALUES (1, 78, '2024-11-11', 0, 0, 1, 1, 3, 3);
INSERT INTO [ORDER] (ID_Order, ID_Table, OrderDate, TotalPrice, ActualPrice, ID_Customer, ID_Review, ID_Employee, ID_Branch) VALUES (2, 74, '2023-02-10', 0, 0, 1, 2, 166, 3);
INSERT INTO [ORDER] (ID_Order, ID_Table, OrderDate, TotalPrice, ActualPrice, ID_Customer, ID_Review, ID_Employee, ID_Branch) VALUES (3, 65, '2023-07-06', 0, 0, 30, 3, 28, 3);
INSERT INTO [ORDER] (ID_Order, ID_Table, OrderDate, TotalPrice, ActualPrice, ID_Customer, ID_Review, ID_Employee, ID_Branch) VALUES (4, 61, '2023-09-06', 0, 0, 35, 4, 152, 3);
INSERT INTO [ORDER] (ID_Order, ID_Table, OrderDate, TotalPrice, ActualPrice, ID_Customer, ID_Review, ID_Employee, ID_Branch) VALUES (5, 59, '2024-01-17', 0, 0, 24, 5, 202, 3);
INSERT INTO [ORDER] (ID_Order, ID_Table, OrderDate, TotalPrice, ActualPrice, ID_Customer, ID_Review, ID_Employee, ID_Branch) VALUES (6, 55, '2023-06-12', 0, 0, 37, 6, 113, 3);
INSERT INTO [ORDER] (ID_Order, ID_Table, OrderDate, TotalPrice, ActualPrice, ID_Customer, ID_Review, ID_Employee, ID_Branch) VALUES (7, 61, '2023-07-06', 0, 0, 20, 7, 185, 3);
INSERT INTO [ORDER] (ID_Order, ID_Table, OrderDate, TotalPrice, ActualPrice, ID_Customer, ID_Review, ID_Employee, ID_Branch) VALUES (8, 70, '2022-12-31', 0, 0, 34, 8, 140, 3);
INSERT INTO [ORDER] (ID_Order, ID_Table, OrderDate, TotalPrice, ActualPrice, ID_Customer, ID_Review, ID_Employee, ID_Branch) VALUES (9, 77, '2024-02-08', 0, 0, 38, 9, 218, 3);
INSERT INTO [ORDER] (ID_Order, ID_Table, OrderDate, TotalPrice, ActualPrice, ID_Customer, ID_Review, ID_Employee, ID_Branch) VALUES (10, 66, '2023-10-07', 0, 0, 13, 10, 54, 3);
INSERT INTO [ORDER] (ID_Order, ID_Table, OrderDate, TotalPrice, ActualPrice, ID_Customer, ID_Review, ID_Employee, ID_Branch) VALUES (11, 59, '2023-12-14', 0, 0, 20, 11, 90, 3);
INSERT INTO [ORDER] (ID_Order, ID_Table, OrderDate, TotalPrice, ActualPrice, ID_Customer, ID_Review, ID_Employee, ID_Branch) VALUES (12, 68, '2023-11-06', 0, 0, 15, 12, 10, 3);
INSERT INTO [ORDER] (ID_Order, ID_Table, OrderDate, TotalPrice, ActualPrice, ID_Customer, ID_Review, ID_Employee, ID_Branch) VALUES (13, 71, '2023-10-25', 0, 0, 37, 13, 163, 3);
INSERT INTO [ORDER] (ID_Order, ID_Table, OrderDate, TotalPrice, ActualPrice, ID_Customer, ID_Review, ID_Employee, ID_Branch) VALUES (14, 63, '2023-04-17', 0, 0, 9, 14, 10, 3);
INSERT INTO [ORDER] (ID_Order, ID_Table, OrderDate, TotalPrice, ActualPrice, ID_Customer, ID_Review, ID_Employee, ID_Branch) VALUES (15, 59, '2023-01-24', 0, 0, 7, 15, 166, 3);
INSERT INTO [ORDER] (ID_Order, ID_Table, OrderDate, TotalPrice, ActualPrice, ID_Customer, ID_Review, ID_Employee, ID_Branch) VALUES (16, 55, '2023-12-19', 0, 0, 27, 16, 193, 3);
INSERT INTO [ORDER] (ID_Order, ID_Table, OrderDate, TotalPrice, ActualPrice, ID_Customer, ID_Review, ID_Employee, ID_Branch) VALUES (17, 58, '2024-04-26', 0, 0, 8, 17, 28, 3);
INSERT INTO [ORDER] (ID_Order, ID_Table, OrderDate, TotalPrice, ActualPrice, ID_Customer, ID_Review, ID_Employee, ID_Branch) VALUES (18, 54, '2024-04-25', 0, 0, 25, 18, 28, 3);
INSERT INTO [ORDER] (ID_Order, ID_Table, OrderDate, TotalPrice, ActualPrice, ID_Customer, ID_Review, ID_Employee, ID_Branch) VALUES (19, 65, '2023-07-08', 0, 0, 2, 19, 71, 3);
INSERT INTO [ORDER] (ID_Order, ID_Table, OrderDate, TotalPrice, ActualPrice, ID_Customer, ID_Review, ID_Employee, ID_Branch) VALUES (20, 57, '2023-04-18', 0, 0, 18, 20, 218, 3);
INSERT INTO [ORDER] (ID_Order, ID_Table, OrderDate, TotalPrice, ActualPrice, ID_Customer, ID_Review, ID_Employee, ID_Branch) VALUES (21, 68, '2024-06-26', 0, 0, 6, 21, 3, 3);
INSERT INTO [ORDER] (ID_Order, ID_Table, OrderDate, TotalPrice, ActualPrice, ID_Customer, ID_Review, ID_Employee, ID_Branch) VALUES (22, 70, '2024-05-24', 0, 0, 16, 22, 215, 3);
INSERT INTO [ORDER] (ID_Order, ID_Table, OrderDate, TotalPrice, ActualPrice, ID_Customer, ID_Review, ID_Employee, ID_Branch) VALUES (23, 77, '2023-01-29', 0, 0, 41, 23, 168, 3);
INSERT INTO [ORDER] (ID_Order, ID_Table, OrderDate, TotalPrice, ActualPrice, ID_Customer, ID_Review, ID_Employee, ID_Branch) VALUES (24, 64, '2023-11-27', 0, 0, 15, 24, 11, 3);
INSERT INTO [ORDER] (ID_Order, ID_Table, OrderDate, TotalPrice, ActualPrice, ID_Customer, ID_Review, ID_Employee, ID_Branch) VALUES (25, 74, '2024-06-16', 0, 0, 14, 25, 218, 3);
INSERT INTO [ORDER] (ID_Order, ID_Table, OrderDate, TotalPrice, ActualPrice, ID_Customer, ID_Review, ID_Employee, ID_Branch) VALUES (26, 56, '2023-02-26', 0, 0, 35, 26, 28, 3);
INSERT INTO [ORDER] (ID_Order, ID_Table, OrderDate, TotalPrice, ActualPrice, ID_Customer, ID_Review, ID_Employee, ID_Branch) VALUES (27, 74, '2023-11-26', 0, 0, 29, 27, 55, 3);
INSERT INTO [ORDER] (ID_Order, ID_Table, OrderDate, TotalPrice, ActualPrice, ID_Customer, ID_Review, ID_Employee, ID_Branch) VALUES (28, 75, '2024-04-16', 0, 0, 3, 28, 140, 3);
INSERT INTO [ORDER] (ID_Order, ID_Table, OrderDate, TotalPrice, ActualPrice, ID_Customer, ID_Review, ID_Employee, ID_Branch) VALUES (29, 74, '2023-12-13', 0, 0, 8, 29, 218, 3);
INSERT INTO [ORDER] (ID_Order, ID_Table, OrderDate, TotalPrice, ActualPrice, ID_Customer, ID_Review, ID_Employee, ID_Branch) VALUES (30, 55, '2024-08-05', 0, 0, 20, 30, 88, 3);
INSERT INTO [ORDER] (ID_Order, ID_Table, OrderDate, TotalPrice, ActualPrice, ID_Customer, ID_Review, ID_Employee, ID_Branch) VALUES (31, 71, '2023-07-06', 0, 0, 37, 31, 99, 3);
INSERT INTO [ORDER] (ID_Order, ID_Table, OrderDate, TotalPrice, ActualPrice, ID_Customer, ID_Review, ID_Employee, ID_Branch) VALUES (32, NULL, '2024-04-13', 0, 0, 39, 32, 120, 3);
INSERT INTO [ORDER] (ID_Order, ID_Table, OrderDate, TotalPrice, ActualPrice, ID_Customer, ID_Review, ID_Employee, ID_Branch) VALUES (33, NULL, '2024-04-02', 0, 0, 15, 33, 113, 3);
INSERT INTO [ORDER] (ID_Order, ID_Table, OrderDate, TotalPrice, ActualPrice, ID_Customer, ID_Review, ID_Employee, ID_Branch) VALUES (34, NULL, '2023-09-28', 0, 0, 23, 34, 91, 3);
INSERT INTO [ORDER] (ID_Order, ID_Table, OrderDate, TotalPrice, ActualPrice, ID_Customer, ID_Review, ID_Employee, ID_Branch) VALUES (35, NULL, '2024-11-15', 0, 0, 2, 35, 55, 3);
INSERT INTO [ORDER] (ID_Order, ID_Table, OrderDate, TotalPrice, ActualPrice, ID_Customer, ID_Review, ID_Employee, ID_Branch) VALUES (36, NULL, '2023-03-02', 0, 0, 35, 36, 199, 3);
INSERT INTO [ORDER] (ID_Order, ID_Table, OrderDate, TotalPrice, ActualPrice, ID_Customer, ID_Review, ID_Employee, ID_Branch) VALUES (37, NULL, '2023-01-30', 0, 0, 19, 37, 55, 3);
INSERT INTO [ORDER] (ID_Order, ID_Table, OrderDate, TotalPrice, ActualPrice, ID_Customer, ID_Review, ID_Employee, ID_Branch) VALUES (38, NULL, '2024-08-10', 0, 0, 37, 38, 166, 3);
INSERT INTO [ORDER] (ID_Order, ID_Table, OrderDate, TotalPrice, ActualPrice, ID_Customer, ID_Review, ID_Employee, ID_Branch) VALUES (39, NULL, '2023-03-02', 0, 0, 13, 39, 71, 3);
INSERT INTO [ORDER] (ID_Order, ID_Table, OrderDate, TotalPrice, ActualPrice, ID_Customer, ID_Review, ID_Employee, ID_Branch) VALUES (40, NULL, '2024-01-20', 0, 0, 24, 40, 149, 3);
INSERT INTO [ORDER] (ID_Order, ID_Table, OrderDate, TotalPrice, ActualPrice, ID_Customer, ID_Review, ID_Employee, ID_Branch) VALUES (1, 90, '2023-10-03', 0, 0, 39, 1, 28, 4);
INSERT INTO [ORDER] (ID_Order, ID_Table, OrderDate, TotalPrice, ActualPrice, ID_Customer, ID_Review, ID_Employee, ID_Branch) VALUES (2, 98, '2024-01-09', 0, 0, 30, 2, 198, 4);
INSERT INTO [ORDER] (ID_Order, ID_Table, OrderDate, TotalPrice, ActualPrice, ID_Customer, ID_Review, ID_Employee, ID_Branch) VALUES (3, 86, '2024-08-11', 0, 0, 10, 3, 192, 4);
INSERT INTO [ORDER] (ID_Order, ID_Table, OrderDate, TotalPrice, ActualPrice, ID_Customer, ID_Review, ID_Employee, ID_Branch) VALUES (4, 88, '2024-08-29', 0, 0, 21, 4, 81, 4);
INSERT INTO [ORDER] (ID_Order, ID_Table, OrderDate, TotalPrice, ActualPrice, ID_Customer, ID_Review, ID_Employee, ID_Branch) VALUES (5, 92, '2024-10-03', 0, 0, 28, 5, 92, 4);
INSERT INTO [ORDER] (ID_Order, ID_Table, OrderDate, TotalPrice, ActualPrice, ID_Customer, ID_Review, ID_Employee, ID_Branch) VALUES (6, 80, '2023-03-22', 0, 0, 35, 6, 12, 4);
INSERT INTO [ORDER] (ID_Order, ID_Table, OrderDate, TotalPrice, ActualPrice, ID_Customer, ID_Review, ID_Employee, ID_Branch) VALUES (7, 93, '2023-12-30', 0, 0, 10, 7, 169, 4);
INSERT INTO [ORDER] (ID_Order, ID_Table, OrderDate, TotalPrice, ActualPrice, ID_Customer, ID_Review, ID_Employee, ID_Branch) VALUES (8, 86, '2024-07-29', 0, 0, 16, 8, 169, 4);
INSERT INTO [ORDER] (ID_Order, ID_Table, OrderDate, TotalPrice, ActualPrice, ID_Customer, ID_Review, ID_Employee, ID_Branch) VALUES (9, 84, '2023-07-27', 0, 0, 26, 9, 44, 4);
INSERT INTO [ORDER] (ID_Order, ID_Table, OrderDate, TotalPrice, ActualPrice, ID_Customer, ID_Review, ID_Employee, ID_Branch) VALUES (10, 95, '2024-02-25', 0, 0, 9, 10, 86, 4);
INSERT INTO [ORDER] (ID_Order, ID_Table, OrderDate, TotalPrice, ActualPrice, ID_Customer, ID_Review, ID_Employee, ID_Branch) VALUES (11, 97, '2023-12-11', 0, 0, 6, 11, 152, 4);
INSERT INTO [ORDER] (ID_Order, ID_Table, OrderDate, TotalPrice, ActualPrice, ID_Customer, ID_Review, ID_Employee, ID_Branch) VALUES (12, 80, '2024-07-12', 0, 0, 40, 12, 186, 4);
INSERT INTO [ORDER] (ID_Order, ID_Table, OrderDate, TotalPrice, ActualPrice, ID_Customer, ID_Review, ID_Employee, ID_Branch) VALUES (13, 86, '2024-06-18', 0, 0, 20, 13, 88, 4);
INSERT INTO [ORDER] (ID_Order, ID_Table, OrderDate, TotalPrice, ActualPrice, ID_Customer, ID_Review, ID_Employee, ID_Branch) VALUES (14, 85, '2024-01-09', 0, 0, 15, 14, 212, 4);
INSERT INTO [ORDER] (ID_Order, ID_Table, OrderDate, TotalPrice, ActualPrice, ID_Customer, ID_Review, ID_Employee, ID_Branch) VALUES (15, 90, '2024-10-02', 0, 0, 24, 15, 171, 4);
INSERT INTO [ORDER] (ID_Order, ID_Table, OrderDate, TotalPrice, ActualPrice, ID_Customer, ID_Review, ID_Employee, ID_Branch) VALUES (16, 97, '2024-11-21', 0, 0, 14, 16, 224, 4);
INSERT INTO [ORDER] (ID_Order, ID_Table, OrderDate, TotalPrice, ActualPrice, ID_Customer, ID_Review, ID_Employee, ID_Branch) VALUES (17, 95, '2024-02-16', 0, 0, 5, 17, 49, 4);
INSERT INTO [ORDER] (ID_Order, ID_Table, OrderDate, TotalPrice, ActualPrice, ID_Customer, ID_Review, ID_Employee, ID_Branch) VALUES (18, 92, '2024-03-12', 0, 0, 30, 18, 87, 4);
INSERT INTO [ORDER] (ID_Order, ID_Table, OrderDate, TotalPrice, ActualPrice, ID_Customer, ID_Review, ID_Employee, ID_Branch) VALUES (19, 97, '2024-02-23', 0, 0, 27, 19, 135, 4);
INSERT INTO [ORDER] (ID_Order, ID_Table, OrderDate, TotalPrice, ActualPrice, ID_Customer, ID_Review, ID_Employee, ID_Branch) VALUES (20, 79, '2024-08-20', 0, 0, 29, 20, 176, 4);
INSERT INTO [ORDER] (ID_Order, ID_Table, OrderDate, TotalPrice, ActualPrice, ID_Customer, ID_Review, ID_Employee, ID_Branch) VALUES (21, 80, '2024-01-29', 0, 0, 11, 21, 12, 4);
INSERT INTO [ORDER] (ID_Order, ID_Table, OrderDate, TotalPrice, ActualPrice, ID_Customer, ID_Review, ID_Employee, ID_Branch) VALUES (22, 88, '2024-06-03', 0, 0, 24, 22, 119, 4);
INSERT INTO [ORDER] (ID_Order, ID_Table, OrderDate, TotalPrice, ActualPrice, ID_Customer, ID_Review, ID_Employee, ID_Branch) VALUES (23, 90, '2024-05-24', 0, 0, 37, 23, 31, 4);
INSERT INTO [ORDER] (ID_Order, ID_Table, OrderDate, TotalPrice, ActualPrice, ID_Customer, ID_Review, ID_Employee, ID_Branch) VALUES (24, 82, '2023-05-06', 0, 0, 15, 24, 69, 4);
INSERT INTO [ORDER] (ID_Order, ID_Table, OrderDate, TotalPrice, ActualPrice, ID_Customer, ID_Review, ID_Employee, ID_Branch) VALUES (25, 85, '2024-02-17', 0, 0, 35, 25, 158, 4);
INSERT INTO [ORDER] (ID_Order, ID_Table, OrderDate, TotalPrice, ActualPrice, ID_Customer, ID_Review, ID_Employee, ID_Branch) VALUES (26, 95, '2024-12-16', 0, 0, 11, 26, 159, 4);
INSERT INTO [ORDER] (ID_Order, ID_Table, OrderDate, TotalPrice, ActualPrice, ID_Customer, ID_Review, ID_Employee, ID_Branch) VALUES (27, 97, '2023-05-26', 0, 0, 17, 27, 177, 4);
INSERT INTO [ORDER] (ID_Order, ID_Table, OrderDate, TotalPrice, ActualPrice, ID_Customer, ID_Review, ID_Employee, ID_Branch) VALUES (28, 97, '2023-01-01', 0, 0, 12, 28, 223, 4);
INSERT INTO [ORDER] (ID_Order, ID_Table, OrderDate, TotalPrice, ActualPrice, ID_Customer, ID_Review, ID_Employee, ID_Branch) VALUES (29, 85, '2023-07-16', 0, 0, 9, 29, 138, 4);
INSERT INTO [ORDER] (ID_Order, ID_Table, OrderDate, TotalPrice, ActualPrice, ID_Customer, ID_Review, ID_Employee, ID_Branch) VALUES (30, 90, '2024-08-07', 0, 0, 6, 30, 152, 4);
INSERT INTO [ORDER] (ID_Order, ID_Table, OrderDate, TotalPrice, ActualPrice, ID_Customer, ID_Review, ID_Employee, ID_Branch) VALUES (31, 82, '2023-12-19', 0, 0, 10, 31, 91, 4);
INSERT INTO [ORDER] (ID_Order, ID_Table, OrderDate, TotalPrice, ActualPrice, ID_Customer, ID_Review, ID_Employee, ID_Branch) VALUES (32, NULL, '2024-01-28', 0, 0, 20, 32, 159, 4);
INSERT INTO [ORDER] (ID_Order, ID_Table, OrderDate, TotalPrice, ActualPrice, ID_Customer, ID_Review, ID_Employee, ID_Branch) VALUES (33, NULL, '2023-05-16', 0, 0, 12, 33, 176, 4);
INSERT INTO [ORDER] (ID_Order, ID_Table, OrderDate, TotalPrice, ActualPrice, ID_Customer, ID_Review, ID_Employee, ID_Branch) VALUES (34, NULL, '2023-06-07', 0, 0, 2, 34, 79, 4);
INSERT INTO [ORDER] (ID_Order, ID_Table, OrderDate, TotalPrice, ActualPrice, ID_Customer, ID_Review, ID_Employee, ID_Branch) VALUES (35, NULL, '2024-10-25', 0, 0, 39, 35, 79, 4);
INSERT INTO [ORDER] (ID_Order, ID_Table, OrderDate, TotalPrice, ActualPrice, ID_Customer, ID_Review, ID_Employee, ID_Branch) VALUES (36, NULL, '2024-11-21', 0, 0, 10, 36, 212, 4);
INSERT INTO [ORDER] (ID_Order, ID_Table, OrderDate, TotalPrice, ActualPrice, ID_Customer, ID_Review, ID_Employee, ID_Branch) VALUES (37, NULL, '2024-07-02', 0, 0, 18, 37, 170, 4);
INSERT INTO [ORDER] (ID_Order, ID_Table, OrderDate, TotalPrice, ActualPrice, ID_Customer, ID_Review, ID_Employee, ID_Branch) VALUES (38, NULL, '2023-06-29', 0, 0, 15, 38, 152, 4);
INSERT INTO [ORDER] (ID_Order, ID_Table, OrderDate, TotalPrice, ActualPrice, ID_Customer, ID_Review, ID_Employee, ID_Branch) VALUES (39, NULL, '2023-03-18', 0, 0, 7, 39, 45, 4);
INSERT INTO [ORDER] (ID_Order, ID_Table, OrderDate, TotalPrice, ActualPrice, ID_Customer, ID_Review, ID_Employee, ID_Branch) VALUES (40, NULL, '2023-04-10', 0, 0, 32, 40, 172, 4);
INSERT INTO [ORDER] (ID_Order, ID_Table, OrderDate, TotalPrice, ActualPrice, ID_Customer, ID_Review, ID_Employee, ID_Branch) VALUES (1, 104, '2023-05-07', 0, 0, 41, 1, 143, 5);
INSERT INTO [ORDER] (ID_Order, ID_Table, OrderDate, TotalPrice, ActualPrice, ID_Customer, ID_Review, ID_Employee, ID_Branch) VALUES (2, 103, '2024-11-06', 0, 0, 19, 2, 215, 5);
INSERT INTO [ORDER] (ID_Order, ID_Table, OrderDate, TotalPrice, ActualPrice, ID_Customer, ID_Review, ID_Employee, ID_Branch) VALUES (3, 101, '2023-06-20', 0, 0, 15, 3, 189, 5);
INSERT INTO [ORDER] (ID_Order, ID_Table, OrderDate, TotalPrice, ActualPrice, ID_Customer, ID_Review, ID_Employee, ID_Branch) VALUES (4, 115, '2023-04-10', 0, 0, 39, 4, 147, 5);
INSERT INTO [ORDER] (ID_Order, ID_Table, OrderDate, TotalPrice, ActualPrice, ID_Customer, ID_Review, ID_Employee, ID_Branch) VALUES (5, 118, '2023-08-02', 0, 0, 40, 5, 57, 5);
INSERT INTO [ORDER] (ID_Order, ID_Table, OrderDate, TotalPrice, ActualPrice, ID_Customer, ID_Review, ID_Employee, ID_Branch) VALUES (6, 100, '2024-01-18', 0, 0, 17, 6, 215, 5);
INSERT INTO [ORDER] (ID_Order, ID_Table, OrderDate, TotalPrice, ActualPrice, ID_Customer, ID_Review, ID_Employee, ID_Branch) VALUES (7, 107, '2023-09-20', 0, 0, 13, 7, 208, 5);
INSERT INTO [ORDER] (ID_Order, ID_Table, OrderDate, TotalPrice, ActualPrice, ID_Customer, ID_Review, ID_Employee, ID_Branch) VALUES (8, 100, '2023-08-19', 0, 0, 33, 8, 213, 5);
INSERT INTO [ORDER] (ID_Order, ID_Table, OrderDate, TotalPrice, ActualPrice, ID_Customer, ID_Review, ID_Employee, ID_Branch) VALUES (9, 116, '2024-06-04', 0, 0, 39, 9, 63, 5);
INSERT INTO [ORDER] (ID_Order, ID_Table, OrderDate, TotalPrice, ActualPrice, ID_Customer, ID_Review, ID_Employee, ID_Branch) VALUES (10, 107, '2024-10-18', 0, 0, 18, 10, 89, 5);
INSERT INTO [ORDER] (ID_Order, ID_Table, OrderDate, TotalPrice, ActualPrice, ID_Customer, ID_Review, ID_Employee, ID_Branch) VALUES (11, 112, '2023-12-24', 0, 0, 10, 11, 21, 5);
INSERT INTO [ORDER] (ID_Order, ID_Table, OrderDate, TotalPrice, ActualPrice, ID_Customer, ID_Review, ID_Employee, ID_Branch) VALUES (12, 107, '2023-12-22', 0, 0, 23, 12, 89, 5);
INSERT INTO [ORDER] (ID_Order, ID_Table, OrderDate, TotalPrice, ActualPrice, ID_Customer, ID_Review, ID_Employee, ID_Branch) VALUES (13, 122, '2024-04-09', 0, 0, 37, 13, 179, 5);
INSERT INTO [ORDER] (ID_Order, ID_Table, OrderDate, TotalPrice, ActualPrice, ID_Customer, ID_Review, ID_Employee, ID_Branch) VALUES (14, 115, '2023-08-29', 0, 0, 11, 14, 191, 5);
INSERT INTO [ORDER] (ID_Order, ID_Table, OrderDate, TotalPrice, ActualPrice, ID_Customer, ID_Review, ID_Employee, ID_Branch) VALUES (15, 117, '2023-01-06', 0, 0, 19, 15, 172, 5);
INSERT INTO [ORDER] (ID_Order, ID_Table, OrderDate, TotalPrice, ActualPrice, ID_Customer, ID_Review, ID_Employee, ID_Branch) VALUES (16, 102, '2023-04-18', 0, 0, 29, 16, 5, 5);
INSERT INTO [ORDER] (ID_Order, ID_Table, OrderDate, TotalPrice, ActualPrice, ID_Customer, ID_Review, ID_Employee, ID_Branch) VALUES (17, 115, '2024-07-30', 0, 0, 38, 17, 63, 5);
INSERT INTO [ORDER] (ID_Order, ID_Table, OrderDate, TotalPrice, ActualPrice, ID_Customer, ID_Review, ID_Employee, ID_Branch) VALUES (18, 122, '2023-09-13', 0, 0, 10, 18, 145, 5);
INSERT INTO [ORDER] (ID_Order, ID_Table, OrderDate, TotalPrice, ActualPrice, ID_Customer, ID_Review, ID_Employee, ID_Branch) VALUES (19, 101, '2023-06-01', 0, 0, 19, 19, 175, 5);
INSERT INTO [ORDER] (ID_Order, ID_Table, OrderDate, TotalPrice, ActualPrice, ID_Customer, ID_Review, ID_Employee, ID_Branch) VALUES (20, 114, '2024-09-20', 0, 0, 2, 20, 172, 5);
INSERT INTO [ORDER] (ID_Order, ID_Table, OrderDate, TotalPrice, ActualPrice, ID_Customer, ID_Review, ID_Employee, ID_Branch) VALUES (21, 113, '2024-12-09', 0, 0, 19, 21, 91, 5);
INSERT INTO [ORDER] (ID_Order, ID_Table, OrderDate, TotalPrice, ActualPrice, ID_Customer, ID_Review, ID_Employee, ID_Branch) VALUES (22, 119, '2024-01-18', 0, 0, 32, 22, 189, 5);
INSERT INTO [ORDER] (ID_Order, ID_Table, OrderDate, TotalPrice, ActualPrice, ID_Customer, ID_Review, ID_Employee, ID_Branch) VALUES (23, 115, '2023-04-17', 0, 0, 41, 23, 84, 5);
INSERT INTO [ORDER] (ID_Order, ID_Table, OrderDate, TotalPrice, ActualPrice, ID_Customer, ID_Review, ID_Employee, ID_Branch) VALUES (24, 109, '2024-02-14', 0, 0, 26, 24, 200, 5);
INSERT INTO [ORDER] (ID_Order, ID_Table, OrderDate, TotalPrice, ActualPrice, ID_Customer, ID_Review, ID_Employee, ID_Branch) VALUES (25, 108, '2024-08-22', 0, 0, 28, 25, 81, 5);
INSERT INTO [ORDER] (ID_Order, ID_Table, OrderDate, TotalPrice, ActualPrice, ID_Customer, ID_Review, ID_Employee, ID_Branch) VALUES (26, 121, '2023-02-01', 0, 0, 29, 26, 13, 5);
INSERT INTO [ORDER] (ID_Order, ID_Table, OrderDate, TotalPrice, ActualPrice, ID_Customer, ID_Review, ID_Employee, ID_Branch) VALUES (27, 106, '2024-02-11', 0, 0, 25, 27, 105, 5);
INSERT INTO [ORDER] (ID_Order, ID_Table, OrderDate, TotalPrice, ActualPrice, ID_Customer, ID_Review, ID_Employee, ID_Branch) VALUES (28, 117, '2024-09-28', 0, 0, 17, 28, 151, 5);
INSERT INTO [ORDER] (ID_Order, ID_Table, OrderDate, TotalPrice, ActualPrice, ID_Customer, ID_Review, ID_Employee, ID_Branch) VALUES (29, 111, '2024-09-23', 0, 0, 34, 29, 19, 5);
INSERT INTO [ORDER] (ID_Order, ID_Table, OrderDate, TotalPrice, ActualPrice, ID_Customer, ID_Review, ID_Employee, ID_Branch) VALUES (30, 117, '2024-09-06', 0, 0, 29, 30, 123, 5);
INSERT INTO [ORDER] (ID_Order, ID_Table, OrderDate, TotalPrice, ActualPrice, ID_Customer, ID_Review, ID_Employee, ID_Branch) VALUES (31, 100, '2023-08-16', 0, 0, 20, 31, 53, 5);
INSERT INTO [ORDER] (ID_Order, ID_Table, OrderDate, TotalPrice, ActualPrice, ID_Customer, ID_Review, ID_Employee, ID_Branch) VALUES (32, NULL, '2024-02-06', 0, 0, 9, 32, 200, 5);
INSERT INTO [ORDER] (ID_Order, ID_Table, OrderDate, TotalPrice, ActualPrice, ID_Customer, ID_Review, ID_Employee, ID_Branch) VALUES (33, NULL, '2023-12-23', 0, 0, 28, 33, 141, 5);
INSERT INTO [ORDER] (ID_Order, ID_Table, OrderDate, TotalPrice, ActualPrice, ID_Customer, ID_Review, ID_Employee, ID_Branch) VALUES (34, NULL, '2023-07-30', 0, 0, 23, 34, 58, 5);
INSERT INTO [ORDER] (ID_Order, ID_Table, OrderDate, TotalPrice, ActualPrice, ID_Customer, ID_Review, ID_Employee, ID_Branch) VALUES (35, NULL, '2024-11-10', 0, 0, 32, 35, 200, 5);
INSERT INTO [ORDER] (ID_Order, ID_Table, OrderDate, TotalPrice, ActualPrice, ID_Customer, ID_Review, ID_Employee, ID_Branch) VALUES (36, NULL, '2024-03-24', 0, 0, 32, 36, 58, 5);
INSERT INTO [ORDER] (ID_Order, ID_Table, OrderDate, TotalPrice, ActualPrice, ID_Customer, ID_Review, ID_Employee, ID_Branch) VALUES (37, NULL, '2023-03-08', 0, 0, 4, 37, 210, 5);
INSERT INTO [ORDER] (ID_Order, ID_Table, OrderDate, TotalPrice, ActualPrice, ID_Customer, ID_Review, ID_Employee, ID_Branch) VALUES (38, NULL, '2023-06-21', 0, 0, 40, 38, 225, 5);
INSERT INTO [ORDER] (ID_Order, ID_Table, OrderDate, TotalPrice, ActualPrice, ID_Customer, ID_Review, ID_Employee, ID_Branch) VALUES (39, NULL, '2023-09-16', 0, 0, 10, 39, 13, 5);
INSERT INTO [ORDER] (ID_Order, ID_Table, OrderDate, TotalPrice, ActualPrice, ID_Customer, ID_Review, ID_Employee, ID_Branch) VALUES (40, NULL, '2024-12-02', 0, 0, 37, 40, 13, 5);
INSERT INTO [ORDER] (ID_Order, ID_Table, OrderDate, TotalPrice, ActualPrice, ID_Customer, ID_Review, ID_Employee, ID_Branch) VALUES (1, 124, '2024-11-15', 0, 0, 25, 1, 45, 6);
INSERT INTO [ORDER] (ID_Order, ID_Table, OrderDate, TotalPrice, ActualPrice, ID_Customer, ID_Review, ID_Employee, ID_Branch) VALUES (2, 141, '2024-07-03', 0, 0, 8, 2, 99, 6);
INSERT INTO [ORDER] (ID_Order, ID_Table, OrderDate, TotalPrice, ActualPrice, ID_Customer, ID_Review, ID_Employee, ID_Branch) VALUES (3, 129, '2023-02-02', 0, 0, 22, 3, 29, 6);
INSERT INTO [ORDER] (ID_Order, ID_Table, OrderDate, TotalPrice, ActualPrice, ID_Customer, ID_Review, ID_Employee, ID_Branch) VALUES (4, 142, '2023-05-12', 0, 0, 37, 4, 169, 6);
INSERT INTO [ORDER] (ID_Order, ID_Table, OrderDate, TotalPrice, ActualPrice, ID_Customer, ID_Review, ID_Employee, ID_Branch) VALUES (5, 123, '2024-12-10', 0, 0, 20, 5, 6, 6);
INSERT INTO [ORDER] (ID_Order, ID_Table, OrderDate, TotalPrice, ActualPrice, ID_Customer, ID_Review, ID_Employee, ID_Branch) VALUES (6, 135, '2023-08-27', 0, 0, 23, 6, 207, 6);
INSERT INTO [ORDER] (ID_Order, ID_Table, OrderDate, TotalPrice, ActualPrice, ID_Customer, ID_Review, ID_Employee, ID_Branch) VALUES (7, 141, '2023-03-05', 0, 0, 30, 7, 158, 6);
INSERT INTO [ORDER] (ID_Order, ID_Table, OrderDate, TotalPrice, ActualPrice, ID_Customer, ID_Review, ID_Employee, ID_Branch) VALUES (8, 125, '2024-07-07', 0, 0, 3, 8, 91, 6);
INSERT INTO [ORDER] (ID_Order, ID_Table, OrderDate, TotalPrice, ActualPrice, ID_Customer, ID_Review, ID_Employee, ID_Branch) VALUES (9, 126, '2024-12-13', 0, 0, 38, 9, 173, 6);
INSERT INTO [ORDER] (ID_Order, ID_Table, OrderDate, TotalPrice, ActualPrice, ID_Customer, ID_Review, ID_Employee, ID_Branch) VALUES (10, 136, '2023-09-23', 0, 0, 13, 10, 165, 6);
INSERT INTO [ORDER] (ID_Order, ID_Table, OrderDate, TotalPrice, ActualPrice, ID_Customer, ID_Review, ID_Employee, ID_Branch) VALUES (11, 129, '2024-09-17', 0, 0, 40, 11, 50, 6);
INSERT INTO [ORDER] (ID_Order, ID_Table, OrderDate, TotalPrice, ActualPrice, ID_Customer, ID_Review, ID_Employee, ID_Branch) VALUES (12, 134, '2024-01-07', 0, 0, 31, 12, 109, 6);
INSERT INTO [ORDER] (ID_Order, ID_Table, OrderDate, TotalPrice, ActualPrice, ID_Customer, ID_Review, ID_Employee, ID_Branch) VALUES (13, 146, '2024-01-28', 0, 0, 20, 13, 173, 6);
INSERT INTO [ORDER] (ID_Order, ID_Table, OrderDate, TotalPrice, ActualPrice, ID_Customer, ID_Review, ID_Employee, ID_Branch) VALUES (14, 138, '2024-01-27', 0, 0, 15, 14, 188, 6);
INSERT INTO [ORDER] (ID_Order, ID_Table, OrderDate, TotalPrice, ActualPrice, ID_Customer, ID_Review, ID_Employee, ID_Branch) VALUES (15, 149, '2024-11-11', 0, 0, 29, 15, 25, 6);
INSERT INTO [ORDER] (ID_Order, ID_Table, OrderDate, TotalPrice, ActualPrice, ID_Customer, ID_Review, ID_Employee, ID_Branch) VALUES (16, 138, '2024-10-23', 0, 0, 11, 16, 98, 6);
INSERT INTO [ORDER] (ID_Order, ID_Table, OrderDate, TotalPrice, ActualPrice, ID_Customer, ID_Review, ID_Employee, ID_Branch) VALUES (17, 146, '2024-10-28', 0, 0, 22, 17, 225, 6);
INSERT INTO [ORDER] (ID_Order, ID_Table, OrderDate, TotalPrice, ActualPrice, ID_Customer, ID_Review, ID_Employee, ID_Branch) VALUES (18, 146, '2023-02-06', 0, 0, 11, 18, 87, 6);
INSERT INTO [ORDER] (ID_Order, ID_Table, OrderDate, TotalPrice, ActualPrice, ID_Customer, ID_Review, ID_Employee, ID_Branch) VALUES (19, 147, '2023-06-02', 0, 0, 28, 19, 54, 6);
INSERT INTO [ORDER] (ID_Order, ID_Table, OrderDate, TotalPrice, ActualPrice, ID_Customer, ID_Review, ID_Employee, ID_Branch) VALUES (20, 146, '2024-03-23', 0, 0, 10, 20, 148, 6);
INSERT INTO [ORDER] (ID_Order, ID_Table, OrderDate, TotalPrice, ActualPrice, ID_Customer, ID_Review, ID_Employee, ID_Branch) VALUES (21, 150, '2023-07-07', 0, 0, 37, 21, 122, 6);
INSERT INTO [ORDER] (ID_Order, ID_Table, OrderDate, TotalPrice, ActualPrice, ID_Customer, ID_Review, ID_Employee, ID_Branch) VALUES (22, 149, '2023-05-14', 0, 0, 11, 22, 197, 6);
INSERT INTO [ORDER] (ID_Order, ID_Table, OrderDate, TotalPrice, ActualPrice, ID_Customer, ID_Review, ID_Employee, ID_Branch) VALUES (23, 141, '2023-12-14', 0, 0, 25, 23, 75, 6);
INSERT INTO [ORDER] (ID_Order, ID_Table, OrderDate, TotalPrice, ActualPrice, ID_Customer, ID_Review, ID_Employee, ID_Branch) VALUES (24, 144, '2023-03-14', 0, 0, 39, 24, 154, 6);
INSERT INTO [ORDER] (ID_Order, ID_Table, OrderDate, TotalPrice, ActualPrice, ID_Customer, ID_Review, ID_Employee, ID_Branch) VALUES (25, 143, '2024-05-09', 0, 0, 40, 25, 146, 6);
INSERT INTO [ORDER] (ID_Order, ID_Table, OrderDate, TotalPrice, ActualPrice, ID_Customer, ID_Review, ID_Employee, ID_Branch) VALUES (26, 141, '2023-11-28', 0, 0, 7, 26, 46, 6);
INSERT INTO [ORDER] (ID_Order, ID_Table, OrderDate, TotalPrice, ActualPrice, ID_Customer, ID_Review, ID_Employee, ID_Branch) VALUES (27, 131, '2023-07-16', 0, 0, 13, 27, 63, 6);
INSERT INTO [ORDER] (ID_Order, ID_Table, OrderDate, TotalPrice, ActualPrice, ID_Customer, ID_Review, ID_Employee, ID_Branch) VALUES (28, 132, '2023-02-01', 0, 0, 33, 28, 137, 6);
INSERT INTO [ORDER] (ID_Order, ID_Table, OrderDate, TotalPrice, ActualPrice, ID_Customer, ID_Review, ID_Employee, ID_Branch) VALUES (29, 126, '2024-11-04', 0, 0, 18, 29, 217, 6);
INSERT INTO [ORDER] (ID_Order, ID_Table, OrderDate, TotalPrice, ActualPrice, ID_Customer, ID_Review, ID_Employee, ID_Branch) VALUES (30, 144, '2023-04-28', 0, 0, 30, 30, 54, 6);
INSERT INTO [ORDER] (ID_Order, ID_Table, OrderDate, TotalPrice, ActualPrice, ID_Customer, ID_Review, ID_Employee, ID_Branch) VALUES (31, 138, '2023-05-19', 0, 0, 30, 31, 133, 6);
INSERT INTO [ORDER] (ID_Order, ID_Table, OrderDate, TotalPrice, ActualPrice, ID_Customer, ID_Review, ID_Employee, ID_Branch) VALUES (32, NULL, '2024-03-30', 0, 0, 31, 32, 2, 6);
INSERT INTO [ORDER] (ID_Order, ID_Table, OrderDate, TotalPrice, ActualPrice, ID_Customer, ID_Review, ID_Employee, ID_Branch) VALUES (33, NULL, '2023-08-03', 0, 0, 21, 33, 146, 6);
INSERT INTO [ORDER] (ID_Order, ID_Table, OrderDate, TotalPrice, ActualPrice, ID_Customer, ID_Review, ID_Employee, ID_Branch) VALUES (34, NULL, '2022-12-30', 0, 0, 18, 34, 35, 6);
INSERT INTO [ORDER] (ID_Order, ID_Table, OrderDate, TotalPrice, ActualPrice, ID_Customer, ID_Review, ID_Employee, ID_Branch) VALUES (35, NULL, '2024-06-02', 0, 0, 27, 35, 146, 6);
INSERT INTO [ORDER] (ID_Order, ID_Table, OrderDate, TotalPrice, ActualPrice, ID_Customer, ID_Review, ID_Employee, ID_Branch) VALUES (36, NULL, '2024-12-18', 0, 0, 14, 36, 119, 6);
INSERT INTO [ORDER] (ID_Order, ID_Table, OrderDate, TotalPrice, ActualPrice, ID_Customer, ID_Review, ID_Employee, ID_Branch) VALUES (37, NULL, '2024-06-08', 0, 0, 20, 37, 147, 6);
INSERT INTO [ORDER] (ID_Order, ID_Table, OrderDate, TotalPrice, ActualPrice, ID_Customer, ID_Review, ID_Employee, ID_Branch) VALUES (38, NULL, '2023-11-22', 0, 0, 13, 38, 223, 6);
INSERT INTO [ORDER] (ID_Order, ID_Table, OrderDate, TotalPrice, ActualPrice, ID_Customer, ID_Review, ID_Employee, ID_Branch) VALUES (39, NULL, '2024-09-11', 0, 0, 13, 39, 54, 6);
INSERT INTO [ORDER] (ID_Order, ID_Table, OrderDate, TotalPrice, ActualPrice, ID_Customer, ID_Review, ID_Employee, ID_Branch) VALUES (40, NULL, '2023-07-18', 0, 0, 1, 40, 50, 6);
INSERT INTO [ORDER] (ID_Order, ID_Table, OrderDate, TotalPrice, ActualPrice, ID_Customer, ID_Review, ID_Employee, ID_Branch) VALUES (1, 155, '2023-04-17', 0, 0, 13, 1, 188, 7);
INSERT INTO [ORDER] (ID_Order, ID_Table, OrderDate, TotalPrice, ActualPrice, ID_Customer, ID_Review, ID_Employee, ID_Branch) VALUES (2, 162, '2023-04-25', 0, 0, 9, 2, 102, 7);
INSERT INTO [ORDER] (ID_Order, ID_Table, OrderDate, TotalPrice, ActualPrice, ID_Customer, ID_Review, ID_Employee, ID_Branch) VALUES (3, 173, '2023-05-04', 0, 0, 23, 3, 181, 7);
INSERT INTO [ORDER] (ID_Order, ID_Table, OrderDate, TotalPrice, ActualPrice, ID_Customer, ID_Review, ID_Employee, ID_Branch) VALUES (4, 163, '2023-01-16', 0, 0, 22, 4, 196, 7);
INSERT INTO [ORDER] (ID_Order, ID_Table, OrderDate, TotalPrice, ActualPrice, ID_Customer, ID_Review, ID_Employee, ID_Branch) VALUES (5, 156, '2024-11-25', 0, 0, 15, 5, 100, 7);
INSERT INTO [ORDER] (ID_Order, ID_Table, OrderDate, TotalPrice, ActualPrice, ID_Customer, ID_Review, ID_Employee, ID_Branch) VALUES (6, 170, '2023-04-12', 0, 0, 12, 6, 62, 7);
INSERT INTO [ORDER] (ID_Order, ID_Table, OrderDate, TotalPrice, ActualPrice, ID_Customer, ID_Review, ID_Employee, ID_Branch) VALUES (7, 159, '2023-07-04', 0, 0, 30, 7, 134, 7);
INSERT INTO [ORDER] (ID_Order, ID_Table, OrderDate, TotalPrice, ActualPrice, ID_Customer, ID_Review, ID_Employee, ID_Branch) VALUES (8, 159, '2023-10-06', 0, 0, 41, 8, 187, 7);
INSERT INTO [ORDER] (ID_Order, ID_Table, OrderDate, TotalPrice, ActualPrice, ID_Customer, ID_Review, ID_Employee, ID_Branch) VALUES (9, 164, '2024-03-25', 0, 0, 29, 9, 187, 7);
INSERT INTO [ORDER] (ID_Order, ID_Table, OrderDate, TotalPrice, ActualPrice, ID_Customer, ID_Review, ID_Employee, ID_Branch) VALUES (10, 166, '2024-06-18', 0, 0, 30, 10, 181, 7);
INSERT INTO [ORDER] (ID_Order, ID_Table, OrderDate, TotalPrice, ActualPrice, ID_Customer, ID_Review, ID_Employee, ID_Branch) VALUES (11, 153, '2024-05-09', 0, 0, 26, 11, 147, 7);
INSERT INTO [ORDER] (ID_Order, ID_Table, OrderDate, TotalPrice, ActualPrice, ID_Customer, ID_Review, ID_Employee, ID_Branch) VALUES (12, 156, '2024-01-11', 0, 0, 3, 12, 38, 7);
INSERT INTO [ORDER] (ID_Order, ID_Table, OrderDate, TotalPrice, ActualPrice, ID_Customer, ID_Review, ID_Employee, ID_Branch) VALUES (13, 166, '2024-08-12', 0, 0, 16, 13, 38, 7);
INSERT INTO [ORDER] (ID_Order, ID_Table, OrderDate, TotalPrice, ActualPrice, ID_Customer, ID_Review, ID_Employee, ID_Branch) VALUES (14, 159, '2023-10-08', 0, 0, 9, 14, 61, 7);
INSERT INTO [ORDER] (ID_Order, ID_Table, OrderDate, TotalPrice, ActualPrice, ID_Customer, ID_Review, ID_Employee, ID_Branch) VALUES (15, 164, '2023-05-14', 0, 0, 31, 15, 115, 7);
INSERT INTO [ORDER] (ID_Order, ID_Table, OrderDate, TotalPrice, ActualPrice, ID_Customer, ID_Review, ID_Employee, ID_Branch) VALUES (16, 159, '2024-02-23', 0, 0, 11, 16, 159, 7);
INSERT INTO [ORDER] (ID_Order, ID_Table, OrderDate, TotalPrice, ActualPrice, ID_Customer, ID_Review, ID_Employee, ID_Branch) VALUES (17, 165, '2023-07-13', 0, 0, 25, 17, 6, 7);
INSERT INTO [ORDER] (ID_Order, ID_Table, OrderDate, TotalPrice, ActualPrice, ID_Customer, ID_Review, ID_Employee, ID_Branch) VALUES (18, 156, '2024-03-19', 0, 0, 4, 18, 58, 7);
INSERT INTO [ORDER] (ID_Order, ID_Table, OrderDate, TotalPrice, ActualPrice, ID_Customer, ID_Review, ID_Employee, ID_Branch) VALUES (19, 171, '2023-05-01', 0, 0, 20, 19, 41, 7);
INSERT INTO [ORDER] (ID_Order, ID_Table, OrderDate, TotalPrice, ActualPrice, ID_Customer, ID_Review, ID_Employee, ID_Branch) VALUES (20, 173, '2024-03-12', 0, 0, 5, 20, 149, 7);
INSERT INTO [ORDER] (ID_Order, ID_Table, OrderDate, TotalPrice, ActualPrice, ID_Customer, ID_Review, ID_Employee, ID_Branch) VALUES (21, 174, '2023-12-24', 0, 0, 38, 21, 188, 7);
INSERT INTO [ORDER] (ID_Order, ID_Table, OrderDate, TotalPrice, ActualPrice, ID_Customer, ID_Review, ID_Employee, ID_Branch) VALUES (22, 158, '2024-06-01', 0, 0, 13, 22, 74, 7);
INSERT INTO [ORDER] (ID_Order, ID_Table, OrderDate, TotalPrice, ActualPrice, ID_Customer, ID_Review, ID_Employee, ID_Branch) VALUES (23, 155, '2023-03-26', 0, 0, 33, 23, 78, 7);
INSERT INTO [ORDER] (ID_Order, ID_Table, OrderDate, TotalPrice, ActualPrice, ID_Customer, ID_Review, ID_Employee, ID_Branch) VALUES (24, 166, '2023-09-27', 0, 0, 14, 24, 194, 7);
INSERT INTO [ORDER] (ID_Order, ID_Table, OrderDate, TotalPrice, ActualPrice, ID_Customer, ID_Review, ID_Employee, ID_Branch) VALUES (25, 154, '2023-02-19', 0, 0, 30, 25, 188, 7);
INSERT INTO [ORDER] (ID_Order, ID_Table, OrderDate, TotalPrice, ActualPrice, ID_Customer, ID_Review, ID_Employee, ID_Branch) VALUES (26, 160, '2023-07-19', 0, 0, 5, 26, 155, 7);
INSERT INTO [ORDER] (ID_Order, ID_Table, OrderDate, TotalPrice, ActualPrice, ID_Customer, ID_Review, ID_Employee, ID_Branch) VALUES (27, 166, '2023-06-09', 0, 0, 34, 27, 77, 7);
INSERT INTO [ORDER] (ID_Order, ID_Table, OrderDate, TotalPrice, ActualPrice, ID_Customer, ID_Review, ID_Employee, ID_Branch) VALUES (28, 172, '2024-03-05', 0, 0, 8, 28, 34, 7);
INSERT INTO [ORDER] (ID_Order, ID_Table, OrderDate, TotalPrice, ActualPrice, ID_Customer, ID_Review, ID_Employee, ID_Branch) VALUES (29, 155, '2024-01-03', 0, 0, 28, 29, 194, 7);
INSERT INTO [ORDER] (ID_Order, ID_Table, OrderDate, TotalPrice, ActualPrice, ID_Customer, ID_Review, ID_Employee, ID_Branch) VALUES (30, 170, '2024-02-05', 0, 0, 21, 30, 213, 7);
INSERT INTO [ORDER] (ID_Order, ID_Table, OrderDate, TotalPrice, ActualPrice, ID_Customer, ID_Review, ID_Employee, ID_Branch) VALUES (31, 161, '2024-06-12', 0, 0, 32, 31, 175, 7);
INSERT INTO [ORDER] (ID_Order, ID_Table, OrderDate, TotalPrice, ActualPrice, ID_Customer, ID_Review, ID_Employee, ID_Branch) VALUES (32, NULL, '2023-10-07', 0, 0, 5, 32, 54, 7);
INSERT INTO [ORDER] (ID_Order, ID_Table, OrderDate, TotalPrice, ActualPrice, ID_Customer, ID_Review, ID_Employee, ID_Branch) VALUES (33, NULL, '2023-06-04', 0, 0, 7, 33, 150, 7);
INSERT INTO [ORDER] (ID_Order, ID_Table, OrderDate, TotalPrice, ActualPrice, ID_Customer, ID_Review, ID_Employee, ID_Branch) VALUES (34, NULL, '2023-07-22', 0, 0, 7, 34, 147, 7);
INSERT INTO [ORDER] (ID_Order, ID_Table, OrderDate, TotalPrice, ActualPrice, ID_Customer, ID_Review, ID_Employee, ID_Branch) VALUES (35, NULL, '2023-05-09', 0, 0, 5, 35, 15, 7);
INSERT INTO [ORDER] (ID_Order, ID_Table, OrderDate, TotalPrice, ActualPrice, ID_Customer, ID_Review, ID_Employee, ID_Branch) VALUES (36, NULL, '2024-08-18', 0, 0, 6, 36, 8, 7);
INSERT INTO [ORDER] (ID_Order, ID_Table, OrderDate, TotalPrice, ActualPrice, ID_Customer, ID_Review, ID_Employee, ID_Branch) VALUES (37, NULL, '2024-04-07', 0, 0, 33, 37, 189, 7);
INSERT INTO [ORDER] (ID_Order, ID_Table, OrderDate, TotalPrice, ActualPrice, ID_Customer, ID_Review, ID_Employee, ID_Branch) VALUES (38, NULL, '2024-01-03', 0, 0, 1, 38, 199, 7);
INSERT INTO [ORDER] (ID_Order, ID_Table, OrderDate, TotalPrice, ActualPrice, ID_Customer, ID_Review, ID_Employee, ID_Branch) VALUES (39, NULL, '2024-01-22', 0, 0, 23, 39, 81, 7);
INSERT INTO [ORDER] (ID_Order, ID_Table, OrderDate, TotalPrice, ActualPrice, ID_Customer, ID_Review, ID_Employee, ID_Branch) VALUES (40, NULL, '2024-03-01', 0, 0, 33, 40, 220, 7);
INSERT INTO [ORDER] (ID_Order, ID_Table, OrderDate, TotalPrice, ActualPrice, ID_Customer, ID_Review, ID_Employee, ID_Branch) VALUES (1, 185, '2023-11-06', 0, 0, 18, 1, 179, 8);
INSERT INTO [ORDER] (ID_Order, ID_Table, OrderDate, TotalPrice, ActualPrice, ID_Customer, ID_Review, ID_Employee, ID_Branch) VALUES (2, 177, '2023-03-09', 0, 0, 41, 2, 16, 8);
INSERT INTO [ORDER] (ID_Order, ID_Table, OrderDate, TotalPrice, ActualPrice, ID_Customer, ID_Review, ID_Employee, ID_Branch) VALUES (3, 184, '2024-06-16', 0, 0, 20, 3, 216, 8);
INSERT INTO [ORDER] (ID_Order, ID_Table, OrderDate, TotalPrice, ActualPrice, ID_Customer, ID_Review, ID_Employee, ID_Branch) VALUES (4, 184, '2024-03-28', 0, 0, 2, 4, 201, 8);
INSERT INTO [ORDER] (ID_Order, ID_Table, OrderDate, TotalPrice, ActualPrice, ID_Customer, ID_Review, ID_Employee, ID_Branch) VALUES (5, 183, '2024-12-07', 0, 0, 16, 5, 109, 8);
INSERT INTO [ORDER] (ID_Order, ID_Table, OrderDate, TotalPrice, ActualPrice, ID_Customer, ID_Review, ID_Employee, ID_Branch) VALUES (6, 194, '2023-04-01', 0, 0, 38, 6, 111, 8);
INSERT INTO [ORDER] (ID_Order, ID_Table, OrderDate, TotalPrice, ActualPrice, ID_Customer, ID_Review, ID_Employee, ID_Branch) VALUES (7, 181, '2024-02-09', 0, 0, 5, 7, 35, 8);
INSERT INTO [ORDER] (ID_Order, ID_Table, OrderDate, TotalPrice, ActualPrice, ID_Customer, ID_Review, ID_Employee, ID_Branch) VALUES (8, 192, '2024-09-29', 0, 0, 6, 8, 12, 8);
INSERT INTO [ORDER] (ID_Order, ID_Table, OrderDate, TotalPrice, ActualPrice, ID_Customer, ID_Review, ID_Employee, ID_Branch) VALUES (9, 193, '2024-07-14', 0, 0, 21, 9, 125, 8);
INSERT INTO [ORDER] (ID_Order, ID_Table, OrderDate, TotalPrice, ActualPrice, ID_Customer, ID_Review, ID_Employee, ID_Branch) VALUES (10, 186, '2023-12-25', 0, 0, 10, 10, 219, 8);
INSERT INTO [ORDER] (ID_Order, ID_Table, OrderDate, TotalPrice, ActualPrice, ID_Customer, ID_Review, ID_Employee, ID_Branch) VALUES (11, 183, '2023-10-14', 0, 0, 8, 11, 21, 8);
INSERT INTO [ORDER] (ID_Order, ID_Table, OrderDate, TotalPrice, ActualPrice, ID_Customer, ID_Review, ID_Employee, ID_Branch) VALUES (12, 176, '2024-05-06', 0, 0, 1, 12, 216, 8);
INSERT INTO [ORDER] (ID_Order, ID_Table, OrderDate, TotalPrice, ActualPrice, ID_Customer, ID_Review, ID_Employee, ID_Branch) VALUES (13, 190, '2023-12-27', 0, 0, 18, 13, 47, 8);
INSERT INTO [ORDER] (ID_Order, ID_Table, OrderDate, TotalPrice, ActualPrice, ID_Customer, ID_Review, ID_Employee, ID_Branch) VALUES (14, 192, '2023-12-11', 0, 0, 19, 14, 127, 8);
INSERT INTO [ORDER] (ID_Order, ID_Table, OrderDate, TotalPrice, ActualPrice, ID_Customer, ID_Review, ID_Employee, ID_Branch) VALUES (15, 186, '2024-04-07', 0, 0, 14, 15, 69, 8);
INSERT INTO [ORDER] (ID_Order, ID_Table, OrderDate, TotalPrice, ActualPrice, ID_Customer, ID_Review, ID_Employee, ID_Branch) VALUES (16, 184, '2024-08-20', 0, 0, 8, 16, 93, 8);
INSERT INTO [ORDER] (ID_Order, ID_Table, OrderDate, TotalPrice, ActualPrice, ID_Customer, ID_Review, ID_Employee, ID_Branch) VALUES (17, 192, '2024-02-19', 0, 0, 3, 17, 110, 8);
INSERT INTO [ORDER] (ID_Order, ID_Table, OrderDate, TotalPrice, ActualPrice, ID_Customer, ID_Review, ID_Employee, ID_Branch) VALUES (18, 178, '2023-07-13', 0, 0, 20, 18, 204, 8);
INSERT INTO [ORDER] (ID_Order, ID_Table, OrderDate, TotalPrice, ActualPrice, ID_Customer, ID_Review, ID_Employee, ID_Branch) VALUES (19, 177, '2023-05-28', 0, 0, 35, 19, 37, 8);
INSERT INTO [ORDER] (ID_Order, ID_Table, OrderDate, TotalPrice, ActualPrice, ID_Customer, ID_Review, ID_Employee, ID_Branch) VALUES (20, 176, '2023-03-07', 0, 0, 35, 20, 167, 8);
INSERT INTO [ORDER] (ID_Order, ID_Table, OrderDate, TotalPrice, ActualPrice, ID_Customer, ID_Review, ID_Employee, ID_Branch) VALUES (21, 176, '2024-08-14', 0, 0, 4, 21, 177, 8);
INSERT INTO [ORDER] (ID_Order, ID_Table, OrderDate, TotalPrice, ActualPrice, ID_Customer, ID_Review, ID_Employee, ID_Branch) VALUES (22, 187, '2023-09-03', 0, 0, 29, 22, 166, 8);
INSERT INTO [ORDER] (ID_Order, ID_Table, OrderDate, TotalPrice, ActualPrice, ID_Customer, ID_Review, ID_Employee, ID_Branch) VALUES (23, 181, '2023-08-07', 0, 0, 24, 23, 160, 8);
INSERT INTO [ORDER] (ID_Order, ID_Table, OrderDate, TotalPrice, ActualPrice, ID_Customer, ID_Review, ID_Employee, ID_Branch) VALUES (24, 187, '2024-04-07', 0, 0, 15, 24, 142, 8);
INSERT INTO [ORDER] (ID_Order, ID_Table, OrderDate, TotalPrice, ActualPrice, ID_Customer, ID_Review, ID_Employee, ID_Branch) VALUES (25, 182, '2023-10-07', 0, 0, 39, 25, 82, 8);
INSERT INTO [ORDER] (ID_Order, ID_Table, OrderDate, TotalPrice, ActualPrice, ID_Customer, ID_Review, ID_Employee, ID_Branch) VALUES (26, 183, '2023-03-23', 0, 0, 3, 26, 151, 8);
INSERT INTO [ORDER] (ID_Order, ID_Table, OrderDate, TotalPrice, ActualPrice, ID_Customer, ID_Review, ID_Employee, ID_Branch) VALUES (27, 181, '2023-05-30', 0, 0, 17, 27, 26, 8);
INSERT INTO [ORDER] (ID_Order, ID_Table, OrderDate, TotalPrice, ActualPrice, ID_Customer, ID_Review, ID_Employee, ID_Branch) VALUES (28, 176, '2024-08-16', 0, 0, 22, 28, 1, 8);
INSERT INTO [ORDER] (ID_Order, ID_Table, OrderDate, TotalPrice, ActualPrice, ID_Customer, ID_Review, ID_Employee, ID_Branch) VALUES (29, 193, '2023-10-08', 0, 0, 13, 29, 151, 8);
INSERT INTO [ORDER] (ID_Order, ID_Table, OrderDate, TotalPrice, ActualPrice, ID_Customer, ID_Review, ID_Employee, ID_Branch) VALUES (30, 176, '2023-02-18', 0, 0, 31, 30, 37, 8);
INSERT INTO [ORDER] (ID_Order, ID_Table, OrderDate, TotalPrice, ActualPrice, ID_Customer, ID_Review, ID_Employee, ID_Branch) VALUES (31, 187, '2024-04-22', 0, 0, 41, 31, 161, 8);
INSERT INTO [ORDER] (ID_Order, ID_Table, OrderDate, TotalPrice, ActualPrice, ID_Customer, ID_Review, ID_Employee, ID_Branch) VALUES (32, NULL, '2023-10-29', 0, 0, 39, 32, 201, 8);
INSERT INTO [ORDER] (ID_Order, ID_Table, OrderDate, TotalPrice, ActualPrice, ID_Customer, ID_Review, ID_Employee, ID_Branch) VALUES (33, NULL, '2024-01-28', 0, 0, 17, 33, 206, 8);
INSERT INTO [ORDER] (ID_Order, ID_Table, OrderDate, TotalPrice, ActualPrice, ID_Customer, ID_Review, ID_Employee, ID_Branch) VALUES (34, NULL, '2024-01-30', 0, 0, 31, 34, 206, 8);
INSERT INTO [ORDER] (ID_Order, ID_Table, OrderDate, TotalPrice, ActualPrice, ID_Customer, ID_Review, ID_Employee, ID_Branch) VALUES (35, NULL, '2024-09-15', 0, 0, 41, 35, 59, 8);
INSERT INTO [ORDER] (ID_Order, ID_Table, OrderDate, TotalPrice, ActualPrice, ID_Customer, ID_Review, ID_Employee, ID_Branch) VALUES (36, NULL, '2023-05-11', 0, 0, 9, 36, 137, 8);
INSERT INTO [ORDER] (ID_Order, ID_Table, OrderDate, TotalPrice, ActualPrice, ID_Customer, ID_Review, ID_Employee, ID_Branch) VALUES (37, NULL, '2023-12-08', 0, 0, 21, 37, 1, 8);
INSERT INTO [ORDER] (ID_Order, ID_Table, OrderDate, TotalPrice, ActualPrice, ID_Customer, ID_Review, ID_Employee, ID_Branch) VALUES (38, NULL, '2024-03-07', 0, 0, 33, 38, 72, 8);
INSERT INTO [ORDER] (ID_Order, ID_Table, OrderDate, TotalPrice, ActualPrice, ID_Customer, ID_Review, ID_Employee, ID_Branch) VALUES (39, NULL, '2023-10-02', 0, 0, 7, 39, 147, 8);
INSERT INTO [ORDER] (ID_Order, ID_Table, OrderDate, TotalPrice, ActualPrice, ID_Customer, ID_Review, ID_Employee, ID_Branch) VALUES (40, NULL, '2024-11-20', 0, 0, 32, 40, 112, 8);
INSERT INTO [ORDER] (ID_Order, ID_Table, OrderDate, TotalPrice, ActualPrice, ID_Customer, ID_Review, ID_Employee, ID_Branch) VALUES (1, 209, '2023-02-18', 0, 0, 31, 1, 219, 9);
INSERT INTO [ORDER] (ID_Order, ID_Table, OrderDate, TotalPrice, ActualPrice, ID_Customer, ID_Review, ID_Employee, ID_Branch) VALUES (2, 206, '2024-06-03', 0, 0, 10, 2, 18, 9);
INSERT INTO [ORDER] (ID_Order, ID_Table, OrderDate, TotalPrice, ActualPrice, ID_Customer, ID_Review, ID_Employee, ID_Branch) VALUES (3, 203, '2023-09-20', 0, 0, 3, 3, 176, 9);
INSERT INTO [ORDER] (ID_Order, ID_Table, OrderDate, TotalPrice, ActualPrice, ID_Customer, ID_Review, ID_Employee, ID_Branch) VALUES (4, 201, '2024-06-15', 0, 0, 8, 4, 7, 9);
INSERT INTO [ORDER] (ID_Order, ID_Table, OrderDate, TotalPrice, ActualPrice, ID_Customer, ID_Review, ID_Employee, ID_Branch) VALUES (5, 198, '2023-03-20', 0, 0, 17, 5, 126, 9);
INSERT INTO [ORDER] (ID_Order, ID_Table, OrderDate, TotalPrice, ActualPrice, ID_Customer, ID_Review, ID_Employee, ID_Branch) VALUES (6, 204, '2024-01-06', 0, 0, 7, 6, 161, 9);
INSERT INTO [ORDER] (ID_Order, ID_Table, OrderDate, TotalPrice, ActualPrice, ID_Customer, ID_Review, ID_Employee, ID_Branch) VALUES (7, 202, '2024-03-29', 0, 0, 25, 7, 154, 9);
INSERT INTO [ORDER] (ID_Order, ID_Table, OrderDate, TotalPrice, ActualPrice, ID_Customer, ID_Review, ID_Employee, ID_Branch) VALUES (8, 206, '2024-07-28', 0, 0, 36, 8, 36, 9);
INSERT INTO [ORDER] (ID_Order, ID_Table, OrderDate, TotalPrice, ActualPrice, ID_Customer, ID_Review, ID_Employee, ID_Branch) VALUES (9, 224, '2023-05-11', 0, 0, 7, 9, 15, 9);
INSERT INTO [ORDER] (ID_Order, ID_Table, OrderDate, TotalPrice, ActualPrice, ID_Customer, ID_Review, ID_Employee, ID_Branch) VALUES (10, 207, '2023-04-17', 0, 0, 27, 10, 149, 9);
INSERT INTO [ORDER] (ID_Order, ID_Table, OrderDate, TotalPrice, ActualPrice, ID_Customer, ID_Review, ID_Employee, ID_Branch) VALUES (11, 210, '2023-11-10', 0, 0, 39, 11, 80, 9);
INSERT INTO [ORDER] (ID_Order, ID_Table, OrderDate, TotalPrice, ActualPrice, ID_Customer, ID_Review, ID_Employee, ID_Branch) VALUES (12, 223, '2023-11-16', 0, 0, 28, 12, 40, 9);
INSERT INTO [ORDER] (ID_Order, ID_Table, OrderDate, TotalPrice, ActualPrice, ID_Customer, ID_Review, ID_Employee, ID_Branch) VALUES (13, 218, '2023-06-20', 0, 0, 21, 13, 12, 9);
INSERT INTO [ORDER] (ID_Order, ID_Table, OrderDate, TotalPrice, ActualPrice, ID_Customer, ID_Review, ID_Employee, ID_Branch) VALUES (14, 216, '2023-06-02', 0, 0, 31, 14, 17, 9);
INSERT INTO [ORDER] (ID_Order, ID_Table, OrderDate, TotalPrice, ActualPrice, ID_Customer, ID_Review, ID_Employee, ID_Branch) VALUES (15, 214, '2024-05-23', 0, 0, 13, 15, 166, 9);
INSERT INTO [ORDER] (ID_Order, ID_Table, OrderDate, TotalPrice, ActualPrice, ID_Customer, ID_Review, ID_Employee, ID_Branch) VALUES (16, 198, '2024-04-13', 0, 0, 30, 16, 97, 9);
INSERT INTO [ORDER] (ID_Order, ID_Table, OrderDate, TotalPrice, ActualPrice, ID_Customer, ID_Review, ID_Employee, ID_Branch) VALUES (17, 223, '2024-01-17', 0, 0, 1, 17, 170, 9);
INSERT INTO [ORDER] (ID_Order, ID_Table, OrderDate, TotalPrice, ActualPrice, ID_Customer, ID_Review, ID_Employee, ID_Branch) VALUES (18, 216, '2023-06-01', 0, 0, 36, 18, 180, 9);
INSERT INTO [ORDER] (ID_Order, ID_Table, OrderDate, TotalPrice, ActualPrice, ID_Customer, ID_Review, ID_Employee, ID_Branch) VALUES (19, 207, '2023-12-23', 0, 0, 28, 19, 7, 9);
INSERT INTO [ORDER] (ID_Order, ID_Table, OrderDate, TotalPrice, ActualPrice, ID_Customer, ID_Review, ID_Employee, ID_Branch) VALUES (20, 203, '2024-10-19', 0, 0, 32, 20, 142, 9);
INSERT INTO [ORDER] (ID_Order, ID_Table, OrderDate, TotalPrice, ActualPrice, ID_Customer, ID_Review, ID_Employee, ID_Branch) VALUES (21, 218, '2024-06-08', 0, 0, 19, 21, 169, 9);
INSERT INTO [ORDER] (ID_Order, ID_Table, OrderDate, TotalPrice, ActualPrice, ID_Customer, ID_Review, ID_Employee, ID_Branch) VALUES (22, 199, '2023-10-10', 0, 0, 37, 22, 159, 9);
INSERT INTO [ORDER] (ID_Order, ID_Table, OrderDate, TotalPrice, ActualPrice, ID_Customer, ID_Review, ID_Employee, ID_Branch) VALUES (23, 205, '2024-08-18', 0, 0, 6, 23, 93, 9);
INSERT INTO [ORDER] (ID_Order, ID_Table, OrderDate, TotalPrice, ActualPrice, ID_Customer, ID_Review, ID_Employee, ID_Branch) VALUES (24, 204, '2024-07-25', 0, 0, 22, 24, 166, 9);
INSERT INTO [ORDER] (ID_Order, ID_Table, OrderDate, TotalPrice, ActualPrice, ID_Customer, ID_Review, ID_Employee, ID_Branch) VALUES (25, 211, '2022-12-28', 0, 0, 18, 25, 213, 9);
INSERT INTO [ORDER] (ID_Order, ID_Table, OrderDate, TotalPrice, ActualPrice, ID_Customer, ID_Review, ID_Employee, ID_Branch) VALUES (26, 197, '2024-03-16', 0, 0, 12, 26, 80, 9);
INSERT INTO [ORDER] (ID_Order, ID_Table, OrderDate, TotalPrice, ActualPrice, ID_Customer, ID_Review, ID_Employee, ID_Branch) VALUES (27, 201, '2023-06-12', 0, 0, 6, 27, 33, 9);
INSERT INTO [ORDER] (ID_Order, ID_Table, OrderDate, TotalPrice, ActualPrice, ID_Customer, ID_Review, ID_Employee, ID_Branch) VALUES (28, 209, '2023-05-15', 0, 0, 25, 28, 22, 9);
INSERT INTO [ORDER] (ID_Order, ID_Table, OrderDate, TotalPrice, ActualPrice, ID_Customer, ID_Review, ID_Employee, ID_Branch) VALUES (29, 198, '2024-03-27', 0, 0, 13, 29, 131, 9);
INSERT INTO [ORDER] (ID_Order, ID_Table, OrderDate, TotalPrice, ActualPrice, ID_Customer, ID_Review, ID_Employee, ID_Branch) VALUES (30, 198, '2024-02-22', 0, 0, 2, 30, 18, 9);
INSERT INTO [ORDER] (ID_Order, ID_Table, OrderDate, TotalPrice, ActualPrice, ID_Customer, ID_Review, ID_Employee, ID_Branch) VALUES (31, 220, '2023-12-07', 0, 0, 41, 31, 120, 9);
INSERT INTO [ORDER] (ID_Order, ID_Table, OrderDate, TotalPrice, ActualPrice, ID_Customer, ID_Review, ID_Employee, ID_Branch) VALUES (32, NULL, '2023-03-06', 0, 0, 25, 32, 33, 9);
INSERT INTO [ORDER] (ID_Order, ID_Table, OrderDate, TotalPrice, ActualPrice, ID_Customer, ID_Review, ID_Employee, ID_Branch) VALUES (33, NULL, '2024-01-05', 0, 0, 12, 33, 3, 9);
INSERT INTO [ORDER] (ID_Order, ID_Table, OrderDate, TotalPrice, ActualPrice, ID_Customer, ID_Review, ID_Employee, ID_Branch) VALUES (34, NULL, '2024-04-28', 0, 0, 2, 34, 69, 9);
INSERT INTO [ORDER] (ID_Order, ID_Table, OrderDate, TotalPrice, ActualPrice, ID_Customer, ID_Review, ID_Employee, ID_Branch) VALUES (35, NULL, '2024-08-22', 0, 0, 18, 35, 26, 9);
INSERT INTO [ORDER] (ID_Order, ID_Table, OrderDate, TotalPrice, ActualPrice, ID_Customer, ID_Review, ID_Employee, ID_Branch) VALUES (36, NULL, '2023-07-01', 0, 0, 39, 36, 224, 9);
INSERT INTO [ORDER] (ID_Order, ID_Table, OrderDate, TotalPrice, ActualPrice, ID_Customer, ID_Review, ID_Employee, ID_Branch) VALUES (37, NULL, '2023-10-23', 0, 0, 27, 37, 67, 9);
INSERT INTO [ORDER] (ID_Order, ID_Table, OrderDate, TotalPrice, ActualPrice, ID_Customer, ID_Review, ID_Employee, ID_Branch) VALUES (38, NULL, '2024-05-02', 0, 0, 40, 38, 68, 9);
INSERT INTO [ORDER] (ID_Order, ID_Table, OrderDate, TotalPrice, ActualPrice, ID_Customer, ID_Review, ID_Employee, ID_Branch) VALUES (39, NULL, '2024-01-09', 0, 0, 5, 39, 94, 9);
INSERT INTO [ORDER] (ID_Order, ID_Table, OrderDate, TotalPrice, ActualPrice, ID_Customer, ID_Review, ID_Employee, ID_Branch) VALUES (40, NULL, '2023-05-25', 0, 0, 29, 40, 55, 9);
INSERT INTO [ORDER] (ID_Order, ID_Table, OrderDate, TotalPrice, ActualPrice, ID_Customer, ID_Review, ID_Employee, ID_Branch) VALUES (1, 227, '2023-08-04', 0, 0, 20, 1, 68, 10);
INSERT INTO [ORDER] (ID_Order, ID_Table, OrderDate, TotalPrice, ActualPrice, ID_Customer, ID_Review, ID_Employee, ID_Branch) VALUES (2, 232, '2023-08-09', 0, 0, 10, 2, 151, 10);
INSERT INTO [ORDER] (ID_Order, ID_Table, OrderDate, TotalPrice, ActualPrice, ID_Customer, ID_Review, ID_Employee, ID_Branch) VALUES (3, 237, '2024-08-09', 0, 0, 17, 3, 57, 10);
INSERT INTO [ORDER] (ID_Order, ID_Table, OrderDate, TotalPrice, ActualPrice, ID_Customer, ID_Review, ID_Employee, ID_Branch) VALUES (4, 235, '2024-01-16', 0, 0, 27, 4, 103, 10);
INSERT INTO [ORDER] (ID_Order, ID_Table, OrderDate, TotalPrice, ActualPrice, ID_Customer, ID_Review, ID_Employee, ID_Branch) VALUES (5, 237, '2023-03-02', 0, 0, 11, 5, 225, 10);
INSERT INTO [ORDER] (ID_Order, ID_Table, OrderDate, TotalPrice, ActualPrice, ID_Customer, ID_Review, ID_Employee, ID_Branch) VALUES (6, 236, '2023-09-23', 0, 0, 20, 6, 76, 10);
INSERT INTO [ORDER] (ID_Order, ID_Table, OrderDate, TotalPrice, ActualPrice, ID_Customer, ID_Review, ID_Employee, ID_Branch) VALUES (7, 226, '2024-09-12', 0, 0, 13, 7, 14, 10);
INSERT INTO [ORDER] (ID_Order, ID_Table, OrderDate, TotalPrice, ActualPrice, ID_Customer, ID_Review, ID_Employee, ID_Branch) VALUES (8, 237, '2024-08-14', 0, 0, 27, 8, 17, 10);
INSERT INTO [ORDER] (ID_Order, ID_Table, OrderDate, TotalPrice, ActualPrice, ID_Customer, ID_Review, ID_Employee, ID_Branch) VALUES (9, 231, '2023-05-07', 0, 0, 25, 9, 131, 10);
INSERT INTO [ORDER] (ID_Order, ID_Table, OrderDate, TotalPrice, ActualPrice, ID_Customer, ID_Review, ID_Employee, ID_Branch) VALUES (10, 234, '2023-12-23', 0, 0, 25, 10, 205, 10);
INSERT INTO [ORDER] (ID_Order, ID_Table, OrderDate, TotalPrice, ActualPrice, ID_Customer, ID_Review, ID_Employee, ID_Branch) VALUES (11, 233, '2023-12-06', 0, 0, 11, 11, 142, 10);
INSERT INTO [ORDER] (ID_Order, ID_Table, OrderDate, TotalPrice, ActualPrice, ID_Customer, ID_Review, ID_Employee, ID_Branch) VALUES (12, 239, '2024-08-18', 0, 0, 7, 12, 76, 10);
INSERT INTO [ORDER] (ID_Order, ID_Table, OrderDate, TotalPrice, ActualPrice, ID_Customer, ID_Review, ID_Employee, ID_Branch) VALUES (13, 239, '2023-06-22', 0, 0, 17, 13, 16, 10);
INSERT INTO [ORDER] (ID_Order, ID_Table, OrderDate, TotalPrice, ActualPrice, ID_Customer, ID_Review, ID_Employee, ID_Branch) VALUES (14, 230, '2023-09-08', 0, 0, 41, 14, 96, 10);
INSERT INTO [ORDER] (ID_Order, ID_Table, OrderDate, TotalPrice, ActualPrice, ID_Customer, ID_Review, ID_Employee, ID_Branch) VALUES (15, 226, '2023-03-17', 0, 0, 7, 15, 178, 10);
INSERT INTO [ORDER] (ID_Order, ID_Table, OrderDate, TotalPrice, ActualPrice, ID_Customer, ID_Review, ID_Employee, ID_Branch) VALUES (16, 241, '2024-08-21', 0, 0, 39, 16, 57, 10);
INSERT INTO [ORDER] (ID_Order, ID_Table, OrderDate, TotalPrice, ActualPrice, ID_Customer, ID_Review, ID_Employee, ID_Branch) VALUES (17, 229, '2023-12-13', 0, 0, 23, 17, 150, 10);
INSERT INTO [ORDER] (ID_Order, ID_Table, OrderDate, TotalPrice, ActualPrice, ID_Customer, ID_Review, ID_Employee, ID_Branch) VALUES (18, 235, '2023-10-04', 0, 0, 12, 18, 205, 10);
INSERT INTO [ORDER] (ID_Order, ID_Table, OrderDate, TotalPrice, ActualPrice, ID_Customer, ID_Review, ID_Employee, ID_Branch) VALUES (19, 234, '2024-07-06', 0, 0, 26, 19, 121, 10);
INSERT INTO [ORDER] (ID_Order, ID_Table, OrderDate, TotalPrice, ActualPrice, ID_Customer, ID_Review, ID_Employee, ID_Branch) VALUES (20, 233, '2023-03-11', 0, 0, 41, 20, 223, 10);
INSERT INTO [ORDER] (ID_Order, ID_Table, OrderDate, TotalPrice, ActualPrice, ID_Customer, ID_Review, ID_Employee, ID_Branch) VALUES (21, 235, '2023-06-08', 0, 0, 8, 21, 24, 10);
INSERT INTO [ORDER] (ID_Order, ID_Table, OrderDate, TotalPrice, ActualPrice, ID_Customer, ID_Review, ID_Employee, ID_Branch) VALUES (22, 231, '2024-05-13', 0, 0, 29, 22, 142, 10);
INSERT INTO [ORDER] (ID_Order, ID_Table, OrderDate, TotalPrice, ActualPrice, ID_Customer, ID_Review, ID_Employee, ID_Branch) VALUES (23, 233, '2023-09-19', 0, 0, 35, 23, 150, 10);
INSERT INTO [ORDER] (ID_Order, ID_Table, OrderDate, TotalPrice, ActualPrice, ID_Customer, ID_Review, ID_Employee, ID_Branch) VALUES (24, 235, '2024-10-15', 0, 0, 20, 24, 61, 10);
INSERT INTO [ORDER] (ID_Order, ID_Table, OrderDate, TotalPrice, ActualPrice, ID_Customer, ID_Review, ID_Employee, ID_Branch) VALUES (25, 230, '2023-07-06', 0, 0, 7, 25, 83, 10);
INSERT INTO [ORDER] (ID_Order, ID_Table, OrderDate, TotalPrice, ActualPrice, ID_Customer, ID_Review, ID_Employee, ID_Branch) VALUES (26, 227, '2024-10-19', 0, 0, 10, 26, 43, 10);
INSERT INTO [ORDER] (ID_Order, ID_Table, OrderDate, TotalPrice, ActualPrice, ID_Customer, ID_Review, ID_Employee, ID_Branch) VALUES (27, 236, '2024-02-04', 0, 0, 25, 27, 83, 10);
INSERT INTO [ORDER] (ID_Order, ID_Table, OrderDate, TotalPrice, ActualPrice, ID_Customer, ID_Review, ID_Employee, ID_Branch) VALUES (28, 236, '2024-02-28', 0, 0, 5, 28, 168, 10);
INSERT INTO [ORDER] (ID_Order, ID_Table, OrderDate, TotalPrice, ActualPrice, ID_Customer, ID_Review, ID_Employee, ID_Branch) VALUES (29, 239, '2023-04-30', 0, 0, 9, 29, 223, 10);
INSERT INTO [ORDER] (ID_Order, ID_Table, OrderDate, TotalPrice, ActualPrice, ID_Customer, ID_Review, ID_Employee, ID_Branch) VALUES (30, 246, '2024-02-18', 0, 0, 41, 30, 142, 10);
INSERT INTO [ORDER] (ID_Order, ID_Table, OrderDate, TotalPrice, ActualPrice, ID_Customer, ID_Review, ID_Employee, ID_Branch) VALUES (31, 231, '2024-02-08', 0, 0, 27, 31, 8, 10);
INSERT INTO [ORDER] (ID_Order, ID_Table, OrderDate, TotalPrice, ActualPrice, ID_Customer, ID_Review, ID_Employee, ID_Branch) VALUES (32, NULL, '2023-02-14', 0, 0, 21, 32, 94, 10);
INSERT INTO [ORDER] (ID_Order, ID_Table, OrderDate, TotalPrice, ActualPrice, ID_Customer, ID_Review, ID_Employee, ID_Branch) VALUES (33, NULL, '2024-03-23', 0, 0, 9, 33, 56, 10);
INSERT INTO [ORDER] (ID_Order, ID_Table, OrderDate, TotalPrice, ActualPrice, ID_Customer, ID_Review, ID_Employee, ID_Branch) VALUES (34, NULL, '2023-02-25', 0, 0, 12, 34, 162, 10);
INSERT INTO [ORDER] (ID_Order, ID_Table, OrderDate, TotalPrice, ActualPrice, ID_Customer, ID_Review, ID_Employee, ID_Branch) VALUES (35, NULL, '2023-09-21', 0, 0, 3, 35, 126, 10);
INSERT INTO [ORDER] (ID_Order, ID_Table, OrderDate, TotalPrice, ActualPrice, ID_Customer, ID_Review, ID_Employee, ID_Branch) VALUES (36, NULL, '2024-08-21', 0, 0, 27, 36, 43, 10);
INSERT INTO [ORDER] (ID_Order, ID_Table, OrderDate, TotalPrice, ActualPrice, ID_Customer, ID_Review, ID_Employee, ID_Branch) VALUES (37, NULL, '2023-10-23', 0, 0, 25, 37, 205, 10);
INSERT INTO [ORDER] (ID_Order, ID_Table, OrderDate, TotalPrice, ActualPrice, ID_Customer, ID_Review, ID_Employee, ID_Branch) VALUES (38, NULL, '2024-05-14', 0, 0, 11, 38, 15, 10);
INSERT INTO [ORDER] (ID_Order, ID_Table, OrderDate, TotalPrice, ActualPrice, ID_Customer, ID_Review, ID_Employee, ID_Branch) VALUES (39, NULL, '2024-06-07', 0, 0, 15, 39, 83, 10);
INSERT INTO [ORDER] (ID_Order, ID_Table, OrderDate, TotalPrice, ActualPrice, ID_Customer, ID_Review, ID_Employee, ID_Branch) VALUES (40, NULL, '2024-11-03', 0, 0, 15, 40, 172, 10);
INSERT INTO [ORDER] (ID_Order, ID_Table, OrderDate, TotalPrice, ActualPrice, ID_Customer, ID_Review, ID_Employee, ID_Branch) VALUES (1, 265, '2024-02-24', 0, 0, 10, 1, 179, 11);
INSERT INTO [ORDER] (ID_Order, ID_Table, OrderDate, TotalPrice, ActualPrice, ID_Customer, ID_Review, ID_Employee, ID_Branch) VALUES (2, 260, '2024-06-30', 0, 0, 40, 2, 193, 11);
INSERT INTO [ORDER] (ID_Order, ID_Table, OrderDate, TotalPrice, ActualPrice, ID_Customer, ID_Review, ID_Employee, ID_Branch) VALUES (3, 262, '2024-03-28', 0, 0, 41, 3, 148, 11);
INSERT INTO [ORDER] (ID_Order, ID_Table, OrderDate, TotalPrice, ActualPrice, ID_Customer, ID_Review, ID_Employee, ID_Branch) VALUES (4, 269, '2023-06-01', 0, 0, 14, 4, 61, 11);
INSERT INTO [ORDER] (ID_Order, ID_Table, OrderDate, TotalPrice, ActualPrice, ID_Customer, ID_Review, ID_Employee, ID_Branch) VALUES (5, 262, '2024-05-28', 0, 0, 6, 5, 37, 11);
INSERT INTO [ORDER] (ID_Order, ID_Table, OrderDate, TotalPrice, ActualPrice, ID_Customer, ID_Review, ID_Employee, ID_Branch) VALUES (6, 266, '2024-03-31', 0, 0, 11, 6, 176, 11);
INSERT INTO [ORDER] (ID_Order, ID_Table, OrderDate, TotalPrice, ActualPrice, ID_Customer, ID_Review, ID_Employee, ID_Branch) VALUES (7, 264, '2024-05-02', 0, 0, 13, 7, 193, 11);
INSERT INTO [ORDER] (ID_Order, ID_Table, OrderDate, TotalPrice, ActualPrice, ID_Customer, ID_Review, ID_Employee, ID_Branch) VALUES (8, 252, '2023-08-31', 0, 0, 39, 8, 217, 11);
INSERT INTO [ORDER] (ID_Order, ID_Table, OrderDate, TotalPrice, ActualPrice, ID_Customer, ID_Review, ID_Employee, ID_Branch) VALUES (9, 271, '2023-12-22', 0, 0, 28, 9, 82, 11);
INSERT INTO [ORDER] (ID_Order, ID_Table, OrderDate, TotalPrice, ActualPrice, ID_Customer, ID_Review, ID_Employee, ID_Branch) VALUES (10, 263, '2024-10-05', 0, 0, 26, 10, 30, 11);
INSERT INTO [ORDER] (ID_Order, ID_Table, OrderDate, TotalPrice, ActualPrice, ID_Customer, ID_Review, ID_Employee, ID_Branch) VALUES (11, 271, '2024-04-23', 0, 0, 20, 11, 179, 11);
INSERT INTO [ORDER] (ID_Order, ID_Table, OrderDate, TotalPrice, ActualPrice, ID_Customer, ID_Review, ID_Employee, ID_Branch) VALUES (12, 265, '2023-01-13', 0, 0, 21, 12, 112, 11);
INSERT INTO [ORDER] (ID_Order, ID_Table, OrderDate, TotalPrice, ActualPrice, ID_Customer, ID_Review, ID_Employee, ID_Branch) VALUES (13, 262, '2023-07-10', 0, 0, 31, 13, 198, 11);
INSERT INTO [ORDER] (ID_Order, ID_Table, OrderDate, TotalPrice, ActualPrice, ID_Customer, ID_Review, ID_Employee, ID_Branch) VALUES (14, 265, '2024-04-09', 0, 0, 9, 14, 62, 11);
INSERT INTO [ORDER] (ID_Order, ID_Table, OrderDate, TotalPrice, ActualPrice, ID_Customer, ID_Review, ID_Employee, ID_Branch) VALUES (15, 270, '2024-06-06', 0, 0, 16, 15, 65, 11);
INSERT INTO [ORDER] (ID_Order, ID_Table, OrderDate, TotalPrice, ActualPrice, ID_Customer, ID_Review, ID_Employee, ID_Branch) VALUES (16, 250, '2024-03-26', 0, 0, 16, 16, 223, 11);
INSERT INTO [ORDER] (ID_Order, ID_Table, OrderDate, TotalPrice, ActualPrice, ID_Customer, ID_Review, ID_Employee, ID_Branch) VALUES (17, 250, '2023-07-17', 0, 0, 14, 17, 148, 11);
INSERT INTO [ORDER] (ID_Order, ID_Table, OrderDate, TotalPrice, ActualPrice, ID_Customer, ID_Review, ID_Employee, ID_Branch) VALUES (18, 256, '2024-12-06', 0, 0, 38, 18, 36, 11);
INSERT INTO [ORDER] (ID_Order, ID_Table, OrderDate, TotalPrice, ActualPrice, ID_Customer, ID_Review, ID_Employee, ID_Branch) VALUES (19, 264, '2024-12-15', 0, 0, 16, 19, 210, 11);
INSERT INTO [ORDER] (ID_Order, ID_Table, OrderDate, TotalPrice, ActualPrice, ID_Customer, ID_Review, ID_Employee, ID_Branch) VALUES (20, 253, '2024-09-01', 0, 0, 22, 20, 126, 11);
INSERT INTO [ORDER] (ID_Order, ID_Table, OrderDate, TotalPrice, ActualPrice, ID_Customer, ID_Review, ID_Employee, ID_Branch) VALUES (21, 261, '2023-02-28', 0, 0, 32, 21, 122, 11);
INSERT INTO [ORDER] (ID_Order, ID_Table, OrderDate, TotalPrice, ActualPrice, ID_Customer, ID_Review, ID_Employee, ID_Branch) VALUES (22, 264, '2023-05-12', 0, 0, 25, 22, 37, 11);
INSERT INTO [ORDER] (ID_Order, ID_Table, OrderDate, TotalPrice, ActualPrice, ID_Customer, ID_Review, ID_Employee, ID_Branch) VALUES (23, 249, '2023-08-18', 0, 0, 16, 23, 100, 11);
INSERT INTO [ORDER] (ID_Order, ID_Table, OrderDate, TotalPrice, ActualPrice, ID_Customer, ID_Review, ID_Employee, ID_Branch) VALUES (24, 262, '2023-05-01', 0, 0, 18, 24, 204, 11);
INSERT INTO [ORDER] (ID_Order, ID_Table, OrderDate, TotalPrice, ActualPrice, ID_Customer, ID_Review, ID_Employee, ID_Branch) VALUES (25, 267, '2023-06-02', 0, 0, 3, 25, 70, 11);
INSERT INTO [ORDER] (ID_Order, ID_Table, OrderDate, TotalPrice, ActualPrice, ID_Customer, ID_Review, ID_Employee, ID_Branch) VALUES (26, 249, '2023-05-09', 0, 0, 13, 26, 19, 11);
INSERT INTO [ORDER] (ID_Order, ID_Table, OrderDate, TotalPrice, ActualPrice, ID_Customer, ID_Review, ID_Employee, ID_Branch) VALUES (27, 259, '2023-10-29', 0, 0, 40, 27, 192, 11);
INSERT INTO [ORDER] (ID_Order, ID_Table, OrderDate, TotalPrice, ActualPrice, ID_Customer, ID_Review, ID_Employee, ID_Branch) VALUES (28, 270, '2024-09-23', 0, 0, 20, 28, 133, 11);
INSERT INTO [ORDER] (ID_Order, ID_Table, OrderDate, TotalPrice, ActualPrice, ID_Customer, ID_Review, ID_Employee, ID_Branch) VALUES (29, 271, '2024-06-15', 0, 0, 36, 29, 136, 11);
INSERT INTO [ORDER] (ID_Order, ID_Table, OrderDate, TotalPrice, ActualPrice, ID_Customer, ID_Review, ID_Employee, ID_Branch) VALUES (30, 252, '2023-05-05', 0, 0, 12, 30, 113, 11);
INSERT INTO [ORDER] (ID_Order, ID_Table, OrderDate, TotalPrice, ActualPrice, ID_Customer, ID_Review, ID_Employee, ID_Branch) VALUES (31, 254, '2024-04-20', 0, 0, 31, 31, 103, 11);
INSERT INTO [ORDER] (ID_Order, ID_Table, OrderDate, TotalPrice, ActualPrice, ID_Customer, ID_Review, ID_Employee, ID_Branch) VALUES (32, NULL, '2023-05-21', 0, 0, 16, 32, 210, 11);
INSERT INTO [ORDER] (ID_Order, ID_Table, OrderDate, TotalPrice, ActualPrice, ID_Customer, ID_Review, ID_Employee, ID_Branch) VALUES (33, NULL, '2024-06-24', 0, 0, 39, 33, 22, 11);
INSERT INTO [ORDER] (ID_Order, ID_Table, OrderDate, TotalPrice, ActualPrice, ID_Customer, ID_Review, ID_Employee, ID_Branch) VALUES (34, NULL, '2023-09-16', 0, 0, 35, 34, 126, 11);
INSERT INTO [ORDER] (ID_Order, ID_Table, OrderDate, TotalPrice, ActualPrice, ID_Customer, ID_Review, ID_Employee, ID_Branch) VALUES (35, NULL, '2023-10-08', 0, 0, 17, 35, 176, 11);
INSERT INTO [ORDER] (ID_Order, ID_Table, OrderDate, TotalPrice, ActualPrice, ID_Customer, ID_Review, ID_Employee, ID_Branch) VALUES (36, NULL, '2024-04-08', 0, 0, 8, 36, 133, 11);
INSERT INTO [ORDER] (ID_Order, ID_Table, OrderDate, TotalPrice, ActualPrice, ID_Customer, ID_Review, ID_Employee, ID_Branch) VALUES (37, NULL, '2024-02-13', 0, 0, 40, 37, 12, 11);
INSERT INTO [ORDER] (ID_Order, ID_Table, OrderDate, TotalPrice, ActualPrice, ID_Customer, ID_Review, ID_Employee, ID_Branch) VALUES (38, NULL, '2023-08-16', 0, 0, 41, 38, 220, 11);
INSERT INTO [ORDER] (ID_Order, ID_Table, OrderDate, TotalPrice, ActualPrice, ID_Customer, ID_Review, ID_Employee, ID_Branch) VALUES (39, NULL, '2023-08-06', 0, 0, 36, 39, 65, 11);
INSERT INTO [ORDER] (ID_Order, ID_Table, OrderDate, TotalPrice, ActualPrice, ID_Customer, ID_Review, ID_Employee, ID_Branch) VALUES (40, NULL, '2022-12-24', 0, 0, 8, 40, 19, 11);
INSERT INTO [ORDER] (ID_Order, ID_Table, OrderDate, TotalPrice, ActualPrice, ID_Customer, ID_Review, ID_Employee, ID_Branch) VALUES (1, 284, '2023-08-21', 0, 0, 11, 1, 215, 12);
INSERT INTO [ORDER] (ID_Order, ID_Table, OrderDate, TotalPrice, ActualPrice, ID_Customer, ID_Review, ID_Employee, ID_Branch) VALUES (2, 274, '2024-02-27', 0, 0, 32, 2, 79, 12);
INSERT INTO [ORDER] (ID_Order, ID_Table, OrderDate, TotalPrice, ActualPrice, ID_Customer, ID_Review, ID_Employee, ID_Branch) VALUES (3, 292, '2023-05-01', 0, 0, 30, 3, 138, 12);
INSERT INTO [ORDER] (ID_Order, ID_Table, OrderDate, TotalPrice, ActualPrice, ID_Customer, ID_Review, ID_Employee, ID_Branch) VALUES (4, 280, '2023-09-18', 0, 0, 23, 4, 71, 12);
INSERT INTO [ORDER] (ID_Order, ID_Table, OrderDate, TotalPrice, ActualPrice, ID_Customer, ID_Review, ID_Employee, ID_Branch) VALUES (5, 272, '2023-01-31', 0, 0, 36, 5, 19, 12);
INSERT INTO [ORDER] (ID_Order, ID_Table, OrderDate, TotalPrice, ActualPrice, ID_Customer, ID_Review, ID_Employee, ID_Branch) VALUES (6, 278, '2024-07-04', 0, 0, 34, 6, 59, 12);
INSERT INTO [ORDER] (ID_Order, ID_Table, OrderDate, TotalPrice, ActualPrice, ID_Customer, ID_Review, ID_Employee, ID_Branch) VALUES (7, 290, '2023-05-16', 0, 0, 25, 7, 54, 12);
INSERT INTO [ORDER] (ID_Order, ID_Table, OrderDate, TotalPrice, ActualPrice, ID_Customer, ID_Review, ID_Employee, ID_Branch) VALUES (8, 299, '2023-08-01', 0, 0, 17, 8, 45, 12);
INSERT INTO [ORDER] (ID_Order, ID_Table, OrderDate, TotalPrice, ActualPrice, ID_Customer, ID_Review, ID_Employee, ID_Branch) VALUES (9, 283, '2023-01-02', 0, 0, 7, 9, 201, 12);
INSERT INTO [ORDER] (ID_Order, ID_Table, OrderDate, TotalPrice, ActualPrice, ID_Customer, ID_Review, ID_Employee, ID_Branch) VALUES (10, 292, '2024-07-25', 0, 0, 19, 10, 149, 12);
INSERT INTO [ORDER] (ID_Order, ID_Table, OrderDate, TotalPrice, ActualPrice, ID_Customer, ID_Review, ID_Employee, ID_Branch) VALUES (11, 296, '2023-06-28', 0, 0, 23, 11, 207, 12);
INSERT INTO [ORDER] (ID_Order, ID_Table, OrderDate, TotalPrice, ActualPrice, ID_Customer, ID_Review, ID_Employee, ID_Branch) VALUES (12, 273, '2024-11-17', 0, 0, 32, 12, 108, 12);
INSERT INTO [ORDER] (ID_Order, ID_Table, OrderDate, TotalPrice, ActualPrice, ID_Customer, ID_Review, ID_Employee, ID_Branch) VALUES (13, 281, '2024-01-18', 0, 0, 2, 13, 173, 12);
INSERT INTO [ORDER] (ID_Order, ID_Table, OrderDate, TotalPrice, ActualPrice, ID_Customer, ID_Review, ID_Employee, ID_Branch) VALUES (14, 277, '2024-07-12', 0, 0, 36, 14, 34, 12);
INSERT INTO [ORDER] (ID_Order, ID_Table, OrderDate, TotalPrice, ActualPrice, ID_Customer, ID_Review, ID_Employee, ID_Branch) VALUES (15, 278, '2023-12-07', 0, 0, 7, 15, 194, 12);
INSERT INTO [ORDER] (ID_Order, ID_Table, OrderDate, TotalPrice, ActualPrice, ID_Customer, ID_Review, ID_Employee, ID_Branch) VALUES (16, 294, '2024-09-19', 0, 0, 4, 16, 133, 12);
INSERT INTO [ORDER] (ID_Order, ID_Table, OrderDate, TotalPrice, ActualPrice, ID_Customer, ID_Review, ID_Employee, ID_Branch) VALUES (17, 280, '2024-01-31', 0, 0, 32, 17, 71, 12);
INSERT INTO [ORDER] (ID_Order, ID_Table, OrderDate, TotalPrice, ActualPrice, ID_Customer, ID_Review, ID_Employee, ID_Branch) VALUES (18, 279, '2023-06-17', 0, 0, 27, 18, 45, 12);
INSERT INTO [ORDER] (ID_Order, ID_Table, OrderDate, TotalPrice, ActualPrice, ID_Customer, ID_Review, ID_Employee, ID_Branch) VALUES (19, 299, '2024-02-18', 0, 0, 11, 19, 201, 12);
INSERT INTO [ORDER] (ID_Order, ID_Table, OrderDate, TotalPrice, ActualPrice, ID_Customer, ID_Review, ID_Employee, ID_Branch) VALUES (20, 275, '2023-03-13', 0, 0, 1, 20, 110, 12);
INSERT INTO [ORDER] (ID_Order, ID_Table, OrderDate, TotalPrice, ActualPrice, ID_Customer, ID_Review, ID_Employee, ID_Branch) VALUES (21, 284, '2024-08-07', 0, 0, 33, 21, 218, 12);
INSERT INTO [ORDER] (ID_Order, ID_Table, OrderDate, TotalPrice, ActualPrice, ID_Customer, ID_Review, ID_Employee, ID_Branch) VALUES (22, 273, '2024-12-12', 0, 0, 9, 22, 15, 12);
INSERT INTO [ORDER] (ID_Order, ID_Table, OrderDate, TotalPrice, ActualPrice, ID_Customer, ID_Review, ID_Employee, ID_Branch) VALUES (23, 281, '2024-06-21', 0, 0, 12, 23, 140, 12);
INSERT INTO [ORDER] (ID_Order, ID_Table, OrderDate, TotalPrice, ActualPrice, ID_Customer, ID_Review, ID_Employee, ID_Branch) VALUES (24, 273, '2024-01-31', 0, 0, 34, 24, 109, 12);
INSERT INTO [ORDER] (ID_Order, ID_Table, OrderDate, TotalPrice, ActualPrice, ID_Customer, ID_Review, ID_Employee, ID_Branch) VALUES (25, 293, '2023-05-11', 0, 0, 31, 25, 130, 12);
INSERT INTO [ORDER] (ID_Order, ID_Table, OrderDate, TotalPrice, ActualPrice, ID_Customer, ID_Review, ID_Employee, ID_Branch) VALUES (26, 282, '2024-02-27', 0, 0, 4, 26, 143, 12);
INSERT INTO [ORDER] (ID_Order, ID_Table, OrderDate, TotalPrice, ActualPrice, ID_Customer, ID_Review, ID_Employee, ID_Branch) VALUES (27, 274, '2023-05-29', 0, 0, 35, 27, 128, 12);
INSERT INTO [ORDER] (ID_Order, ID_Table, OrderDate, TotalPrice, ActualPrice, ID_Customer, ID_Review, ID_Employee, ID_Branch) VALUES (28, 290, '2024-07-16', 0, 0, 13, 28, 140, 12);
INSERT INTO [ORDER] (ID_Order, ID_Table, OrderDate, TotalPrice, ActualPrice, ID_Customer, ID_Review, ID_Employee, ID_Branch) VALUES (29, 280, '2023-04-27', 0, 0, 41, 29, 130, 12);
INSERT INTO [ORDER] (ID_Order, ID_Table, OrderDate, TotalPrice, ActualPrice, ID_Customer, ID_Review, ID_Employee, ID_Branch) VALUES (30, 273, '2023-04-10', 0, 0, 16, 30, 4, 12);
INSERT INTO [ORDER] (ID_Order, ID_Table, OrderDate, TotalPrice, ActualPrice, ID_Customer, ID_Review, ID_Employee, ID_Branch) VALUES (31, 292, '2024-07-10', 0, 0, 37, 31, 123, 12);
INSERT INTO [ORDER] (ID_Order, ID_Table, OrderDate, TotalPrice, ActualPrice, ID_Customer, ID_Review, ID_Employee, ID_Branch) VALUES (32, NULL, '2024-02-23', 0, 0, 18, 32, 148, 12);
INSERT INTO [ORDER] (ID_Order, ID_Table, OrderDate, TotalPrice, ActualPrice, ID_Customer, ID_Review, ID_Employee, ID_Branch) VALUES (33, NULL, '2024-01-04', 0, 0, 4, 33, 218, 12);
INSERT INTO [ORDER] (ID_Order, ID_Table, OrderDate, TotalPrice, ActualPrice, ID_Customer, ID_Review, ID_Employee, ID_Branch) VALUES (34, NULL, '2023-10-17', 0, 0, 9, 34, 79, 12);
INSERT INTO [ORDER] (ID_Order, ID_Table, OrderDate, TotalPrice, ActualPrice, ID_Customer, ID_Review, ID_Employee, ID_Branch) VALUES (35, NULL, '2023-10-08', 0, 0, 8, 35, 11, 12);
INSERT INTO [ORDER] (ID_Order, ID_Table, OrderDate, TotalPrice, ActualPrice, ID_Customer, ID_Review, ID_Employee, ID_Branch) VALUES (36, NULL, '2023-01-21', 0, 0, 6, 36, 149, 12);
INSERT INTO [ORDER] (ID_Order, ID_Table, OrderDate, TotalPrice, ActualPrice, ID_Customer, ID_Review, ID_Employee, ID_Branch) VALUES (37, NULL, '2023-09-24', 0, 0, 37, 37, 106, 12);
INSERT INTO [ORDER] (ID_Order, ID_Table, OrderDate, TotalPrice, ActualPrice, ID_Customer, ID_Review, ID_Employee, ID_Branch) VALUES (38, NULL, '2024-06-02', 0, 0, 25, 38, 168, 12);
INSERT INTO [ORDER] (ID_Order, ID_Table, OrderDate, TotalPrice, ActualPrice, ID_Customer, ID_Review, ID_Employee, ID_Branch) VALUES (39, NULL, '2023-11-23', 0, 0, 14, 39, 11, 12);
INSERT INTO [ORDER] (ID_Order, ID_Table, OrderDate, TotalPrice, ActualPrice, ID_Customer, ID_Review, ID_Employee, ID_Branch) VALUES (40, NULL, '2024-02-08', 0, 0, 15, 40, 146, 12);
INSERT INTO [ORDER] (ID_Order, ID_Table, OrderDate, TotalPrice, ActualPrice, ID_Customer, ID_Review, ID_Employee, ID_Branch) VALUES (1, 329, '2024-03-28', 0, 0, 40, 1, 181, 13);
INSERT INTO [ORDER] (ID_Order, ID_Table, OrderDate, TotalPrice, ActualPrice, ID_Customer, ID_Review, ID_Employee, ID_Branch) VALUES (2, 319, '2024-04-16', 0, 0, 17, 2, 159, 13);
INSERT INTO [ORDER] (ID_Order, ID_Table, OrderDate, TotalPrice, ActualPrice, ID_Customer, ID_Review, ID_Employee, ID_Branch) VALUES (3, 326, '2023-02-16', 0, 0, 14, 3, 224, 13);
INSERT INTO [ORDER] (ID_Order, ID_Table, OrderDate, TotalPrice, ActualPrice, ID_Customer, ID_Review, ID_Employee, ID_Branch) VALUES (4, 318, '2024-12-14', 0, 0, 23, 4, 37, 13);
INSERT INTO [ORDER] (ID_Order, ID_Table, OrderDate, TotalPrice, ActualPrice, ID_Customer, ID_Review, ID_Employee, ID_Branch) VALUES (5, 323, '2023-04-10', 0, 0, 14, 5, 159, 13);
INSERT INTO [ORDER] (ID_Order, ID_Table, OrderDate, TotalPrice, ActualPrice, ID_Customer, ID_Review, ID_Employee, ID_Branch) VALUES (6, 328, '2023-02-10', 0, 0, 27, 6, 88, 13);
INSERT INTO [ORDER] (ID_Order, ID_Table, OrderDate, TotalPrice, ActualPrice, ID_Customer, ID_Review, ID_Employee, ID_Branch) VALUES (7, 321, '2023-09-15', 0, 0, 36, 7, 171, 13);
INSERT INTO [ORDER] (ID_Order, ID_Table, OrderDate, TotalPrice, ActualPrice, ID_Customer, ID_Review, ID_Employee, ID_Branch) VALUES (8, 328, '2023-12-19', 0, 0, 37, 8, 49, 13);
INSERT INTO [ORDER] (ID_Order, ID_Table, OrderDate, TotalPrice, ActualPrice, ID_Customer, ID_Review, ID_Employee, ID_Branch) VALUES (9, 301, '2024-08-20', 0, 0, 36, 9, 212, 13);
INSERT INTO [ORDER] (ID_Order, ID_Table, OrderDate, TotalPrice, ActualPrice, ID_Customer, ID_Review, ID_Employee, ID_Branch) VALUES (10, 320, '2023-03-07', 0, 0, 28, 10, 23, 13);
INSERT INTO [ORDER] (ID_Order, ID_Table, OrderDate, TotalPrice, ActualPrice, ID_Customer, ID_Review, ID_Employee, ID_Branch) VALUES (11, 303, '2023-04-08', 0, 0, 39, 11, 37, 13);
INSERT INTO [ORDER] (ID_Order, ID_Table, OrderDate, TotalPrice, ActualPrice, ID_Customer, ID_Review, ID_Employee, ID_Branch) VALUES (12, 316, '2023-01-12', 0, 0, 41, 12, 107, 13);
INSERT INTO [ORDER] (ID_Order, ID_Table, OrderDate, TotalPrice, ActualPrice, ID_Customer, ID_Review, ID_Employee, ID_Branch) VALUES (13, 326, '2023-10-27', 0, 0, 1, 13, 206, 13);
INSERT INTO [ORDER] (ID_Order, ID_Table, OrderDate, TotalPrice, ActualPrice, ID_Customer, ID_Review, ID_Employee, ID_Branch) VALUES (14, 308, '2022-12-21', 0, 0, 8, 14, 136, 13);
INSERT INTO [ORDER] (ID_Order, ID_Table, OrderDate, TotalPrice, ActualPrice, ID_Customer, ID_Review, ID_Employee, ID_Branch) VALUES (15, 314, '2024-06-24', 0, 0, 18, 15, 90, 13);
INSERT INTO [ORDER] (ID_Order, ID_Table, OrderDate, TotalPrice, ActualPrice, ID_Customer, ID_Review, ID_Employee, ID_Branch) VALUES (16, 326, '2024-09-07', 0, 0, 4, 16, 8, 13);
INSERT INTO [ORDER] (ID_Order, ID_Table, OrderDate, TotalPrice, ActualPrice, ID_Customer, ID_Review, ID_Employee, ID_Branch) VALUES (17, 326, '2023-09-12', 0, 0, 25, 17, 90, 13);
INSERT INTO [ORDER] (ID_Order, ID_Table, OrderDate, TotalPrice, ActualPrice, ID_Customer, ID_Review, ID_Employee, ID_Branch) VALUES (18, 325, '2024-10-15', 0, 0, 22, 18, 217, 13);
INSERT INTO [ORDER] (ID_Order, ID_Table, OrderDate, TotalPrice, ActualPrice, ID_Customer, ID_Review, ID_Employee, ID_Branch) VALUES (19, 308, '2022-12-29', 0, 0, 28, 19, 185, 13);
INSERT INTO [ORDER] (ID_Order, ID_Table, OrderDate, TotalPrice, ActualPrice, ID_Customer, ID_Review, ID_Employee, ID_Branch) VALUES (20, 305, '2024-07-31', 0, 0, 30, 20, 89, 13);
INSERT INTO [ORDER] (ID_Order, ID_Table, OrderDate, TotalPrice, ActualPrice, ID_Customer, ID_Review, ID_Employee, ID_Branch) VALUES (21, 300, '2024-06-27', 0, 0, 7, 21, 185, 13);
INSERT INTO [ORDER] (ID_Order, ID_Table, OrderDate, TotalPrice, ActualPrice, ID_Customer, ID_Review, ID_Employee, ID_Branch) VALUES (22, 301, '2024-08-09', 0, 0, 30, 22, 34, 13);
INSERT INTO [ORDER] (ID_Order, ID_Table, OrderDate, TotalPrice, ActualPrice, ID_Customer, ID_Review, ID_Employee, ID_Branch) VALUES (23, 311, '2023-12-28', 0, 0, 35, 23, 53, 13);
INSERT INTO [ORDER] (ID_Order, ID_Table, OrderDate, TotalPrice, ActualPrice, ID_Customer, ID_Review, ID_Employee, ID_Branch) VALUES (24, 307, '2024-09-04', 0, 0, 37, 24, 136, 13);
INSERT INTO [ORDER] (ID_Order, ID_Table, OrderDate, TotalPrice, ActualPrice, ID_Customer, ID_Review, ID_Employee, ID_Branch) VALUES (25, 318, '2023-12-25', 0, 0, 26, 25, 165, 13);
INSERT INTO [ORDER] (ID_Order, ID_Table, OrderDate, TotalPrice, ActualPrice, ID_Customer, ID_Review, ID_Employee, ID_Branch) VALUES (26, 312, '2024-03-30', 0, 0, 22, 26, 140, 13);
INSERT INTO [ORDER] (ID_Order, ID_Table, OrderDate, TotalPrice, ActualPrice, ID_Customer, ID_Review, ID_Employee, ID_Branch) VALUES (27, 326, '2024-07-30', 0, 0, 11, 27, 70, 13);
INSERT INTO [ORDER] (ID_Order, ID_Table, OrderDate, TotalPrice, ActualPrice, ID_Customer, ID_Review, ID_Employee, ID_Branch) VALUES (28, 313, '2024-10-11', 0, 0, 10, 28, 48, 13);
INSERT INTO [ORDER] (ID_Order, ID_Table, OrderDate, TotalPrice, ActualPrice, ID_Customer, ID_Review, ID_Employee, ID_Branch) VALUES (29, 306, '2023-06-05', 0, 0, 35, 29, 88, 13);
INSERT INTO [ORDER] (ID_Order, ID_Table, OrderDate, TotalPrice, ActualPrice, ID_Customer, ID_Review, ID_Employee, ID_Branch) VALUES (30, 324, '2023-10-25', 0, 0, 34, 30, 135, 13);
INSERT INTO [ORDER] (ID_Order, ID_Table, OrderDate, TotalPrice, ActualPrice, ID_Customer, ID_Review, ID_Employee, ID_Branch) VALUES (31, 300, '2024-01-14', 0, 0, 22, 31, 89, 13);
INSERT INTO [ORDER] (ID_Order, ID_Table, OrderDate, TotalPrice, ActualPrice, ID_Customer, ID_Review, ID_Employee, ID_Branch) VALUES (32, NULL, '2023-01-29', 0, 0, 39, 32, 62, 13);
INSERT INTO [ORDER] (ID_Order, ID_Table, OrderDate, TotalPrice, ActualPrice, ID_Customer, ID_Review, ID_Employee, ID_Branch) VALUES (33, NULL, '2024-01-24', 0, 0, 1, 33, 32, 13);
INSERT INTO [ORDER] (ID_Order, ID_Table, OrderDate, TotalPrice, ActualPrice, ID_Customer, ID_Review, ID_Employee, ID_Branch) VALUES (34, NULL, '2023-10-25', 0, 0, 26, 34, 201, 13);
INSERT INTO [ORDER] (ID_Order, ID_Table, OrderDate, TotalPrice, ActualPrice, ID_Customer, ID_Review, ID_Employee, ID_Branch) VALUES (35, NULL, '2023-01-08', 0, 0, 36, 35, 48, 13);
INSERT INTO [ORDER] (ID_Order, ID_Table, OrderDate, TotalPrice, ActualPrice, ID_Customer, ID_Review, ID_Employee, ID_Branch) VALUES (36, NULL, '2023-03-12', 0, 0, 32, 36, 165, 13);
INSERT INTO [ORDER] (ID_Order, ID_Table, OrderDate, TotalPrice, ActualPrice, ID_Customer, ID_Review, ID_Employee, ID_Branch) VALUES (37, NULL, '2024-01-06', 0, 0, 37, 37, 201, 13);
INSERT INTO [ORDER] (ID_Order, ID_Table, OrderDate, TotalPrice, ActualPrice, ID_Customer, ID_Review, ID_Employee, ID_Branch) VALUES (38, NULL, '2023-06-11', 0, 0, 29, 38, 222, 13);
INSERT INTO [ORDER] (ID_Order, ID_Table, OrderDate, TotalPrice, ActualPrice, ID_Customer, ID_Review, ID_Employee, ID_Branch) VALUES (39, NULL, '2024-07-02', 0, 0, 8, 39, 215, 13);
INSERT INTO [ORDER] (ID_Order, ID_Table, OrderDate, TotalPrice, ActualPrice, ID_Customer, ID_Review, ID_Employee, ID_Branch) VALUES (40, NULL, '2024-04-26', 0, 0, 18, 40, 96, 13);
INSERT INTO [ORDER] (ID_Order, ID_Table, OrderDate, TotalPrice, ActualPrice, ID_Customer, ID_Review, ID_Employee, ID_Branch) VALUES (1, 340, '2023-09-22', 0, 0, 12, 1, 86, 14);
INSERT INTO [ORDER] (ID_Order, ID_Table, OrderDate, TotalPrice, ActualPrice, ID_Customer, ID_Review, ID_Employee, ID_Branch) VALUES (2, 330, '2023-11-09', 0, 0, 41, 2, 182, 14);
INSERT INTO [ORDER] (ID_Order, ID_Table, OrderDate, TotalPrice, ActualPrice, ID_Customer, ID_Review, ID_Employee, ID_Branch) VALUES (3, 332, '2024-12-01', 0, 0, 7, 3, 155, 14);
INSERT INTO [ORDER] (ID_Order, ID_Table, OrderDate, TotalPrice, ActualPrice, ID_Customer, ID_Review, ID_Employee, ID_Branch) VALUES (4, 336, '2024-02-05', 0, 0, 20, 4, 60, 14);
INSERT INTO [ORDER] (ID_Order, ID_Table, OrderDate, TotalPrice, ActualPrice, ID_Customer, ID_Review, ID_Employee, ID_Branch) VALUES (5, 352, '2023-04-11', 0, 0, 18, 5, 81, 14);
INSERT INTO [ORDER] (ID_Order, ID_Table, OrderDate, TotalPrice, ActualPrice, ID_Customer, ID_Review, ID_Employee, ID_Branch) VALUES (6, 337, '2024-10-29', 0, 0, 34, 6, 18, 14);
INSERT INTO [ORDER] (ID_Order, ID_Table, OrderDate, TotalPrice, ActualPrice, ID_Customer, ID_Review, ID_Employee, ID_Branch) VALUES (7, 343, '2024-05-20', 0, 0, 28, 7, 224, 14);
INSERT INTO [ORDER] (ID_Order, ID_Table, OrderDate, TotalPrice, ActualPrice, ID_Customer, ID_Review, ID_Employee, ID_Branch) VALUES (8, 347, '2023-01-24', 0, 0, 7, 8, 219, 14);
INSERT INTO [ORDER] (ID_Order, ID_Table, OrderDate, TotalPrice, ActualPrice, ID_Customer, ID_Review, ID_Employee, ID_Branch) VALUES (9, 349, '2024-08-27', 0, 0, 39, 9, 55, 14);
INSERT INTO [ORDER] (ID_Order, ID_Table, OrderDate, TotalPrice, ActualPrice, ID_Customer, ID_Review, ID_Employee, ID_Branch) VALUES (10, 345, '2023-10-06', 0, 0, 30, 10, 155, 14);
INSERT INTO [ORDER] (ID_Order, ID_Table, OrderDate, TotalPrice, ActualPrice, ID_Customer, ID_Review, ID_Employee, ID_Branch) VALUES (11, 352, '2024-03-25', 0, 0, 24, 11, 171, 14);
INSERT INTO [ORDER] (ID_Order, ID_Table, OrderDate, TotalPrice, ActualPrice, ID_Customer, ID_Review, ID_Employee, ID_Branch) VALUES (12, 349, '2024-01-10', 0, 0, 27, 12, 155, 14);
INSERT INTO [ORDER] (ID_Order, ID_Table, OrderDate, TotalPrice, ActualPrice, ID_Customer, ID_Review, ID_Employee, ID_Branch) VALUES (13, 350, '2023-03-12', 0, 0, 6, 13, 202, 14);
INSERT INTO [ORDER] (ID_Order, ID_Table, OrderDate, TotalPrice, ActualPrice, ID_Customer, ID_Review, ID_Employee, ID_Branch) VALUES (14, 341, '2024-11-16', 0, 0, 6, 14, 141, 14);
INSERT INTO [ORDER] (ID_Order, ID_Table, OrderDate, TotalPrice, ActualPrice, ID_Customer, ID_Review, ID_Employee, ID_Branch) VALUES (15, 351, '2023-06-18', 0, 0, 40, 15, 14, 14);
INSERT INTO [ORDER] (ID_Order, ID_Table, OrderDate, TotalPrice, ActualPrice, ID_Customer, ID_Review, ID_Employee, ID_Branch) VALUES (16, 338, '2023-06-13', 0, 0, 9, 16, 195, 14);
INSERT INTO [ORDER] (ID_Order, ID_Table, OrderDate, TotalPrice, ActualPrice, ID_Customer, ID_Review, ID_Employee, ID_Branch) VALUES (17, 330, '2023-05-27', 0, 0, 20, 17, 154, 14);
INSERT INTO [ORDER] (ID_Order, ID_Table, OrderDate, TotalPrice, ActualPrice, ID_Customer, ID_Review, ID_Employee, ID_Branch) VALUES (18, 341, '2024-08-23', 0, 0, 24, 18, 61, 14);
INSERT INTO [ORDER] (ID_Order, ID_Table, OrderDate, TotalPrice, ActualPrice, ID_Customer, ID_Review, ID_Employee, ID_Branch) VALUES (19, 350, '2023-01-04', 0, 0, 18, 19, 141, 14);
INSERT INTO [ORDER] (ID_Order, ID_Table, OrderDate, TotalPrice, ActualPrice, ID_Customer, ID_Review, ID_Employee, ID_Branch) VALUES (20, 341, '2023-10-26', 0, 0, 19, 20, 74, 14);
INSERT INTO [ORDER] (ID_Order, ID_Table, OrderDate, TotalPrice, ActualPrice, ID_Customer, ID_Review, ID_Employee, ID_Branch) VALUES (21, 330, '2023-05-09', 0, 0, 20, 21, 169, 14);
INSERT INTO [ORDER] (ID_Order, ID_Table, OrderDate, TotalPrice, ActualPrice, ID_Customer, ID_Review, ID_Employee, ID_Branch) VALUES (22, 337, '2023-03-02', 0, 0, 17, 22, 154, 14);
INSERT INTO [ORDER] (ID_Order, ID_Table, OrderDate, TotalPrice, ActualPrice, ID_Customer, ID_Review, ID_Employee, ID_Branch) VALUES (23, 333, '2024-09-26', 0, 0, 10, 23, 155, 14);
INSERT INTO [ORDER] (ID_Order, ID_Table, OrderDate, TotalPrice, ActualPrice, ID_Customer, ID_Review, ID_Employee, ID_Branch) VALUES (24, 345, '2023-01-13', 0, 0, 8, 24, 39, 14);
INSERT INTO [ORDER] (ID_Order, ID_Table, OrderDate, TotalPrice, ActualPrice, ID_Customer, ID_Review, ID_Employee, ID_Branch) VALUES (25, 339, '2023-03-06', 0, 0, 34, 25, 79, 14);
INSERT INTO [ORDER] (ID_Order, ID_Table, OrderDate, TotalPrice, ActualPrice, ID_Customer, ID_Review, ID_Employee, ID_Branch) VALUES (26, 338, '2024-08-27', 0, 0, 18, 26, 14, 14);
INSERT INTO [ORDER] (ID_Order, ID_Table, OrderDate, TotalPrice, ActualPrice, ID_Customer, ID_Review, ID_Employee, ID_Branch) VALUES (27, 356, '2023-06-07', 0, 0, 23, 27, 224, 14);
INSERT INTO [ORDER] (ID_Order, ID_Table, OrderDate, TotalPrice, ActualPrice, ID_Customer, ID_Review, ID_Employee, ID_Branch) VALUES (28, 341, '2022-12-23', 0, 0, 30, 28, 202, 14);
INSERT INTO [ORDER] (ID_Order, ID_Table, OrderDate, TotalPrice, ActualPrice, ID_Customer, ID_Review, ID_Employee, ID_Branch) VALUES (29, 334, '2023-04-18', 0, 0, 9, 29, 204, 14);
INSERT INTO [ORDER] (ID_Order, ID_Table, OrderDate, TotalPrice, ActualPrice, ID_Customer, ID_Review, ID_Employee, ID_Branch) VALUES (30, 350, '2024-03-20', 0, 0, 6, 30, 115, 14);
INSERT INTO [ORDER] (ID_Order, ID_Table, OrderDate, TotalPrice, ActualPrice, ID_Customer, ID_Review, ID_Employee, ID_Branch) VALUES (31, 337, '2024-05-10', 0, 0, 34, 31, 189, 14);
INSERT INTO [ORDER] (ID_Order, ID_Table, OrderDate, TotalPrice, ActualPrice, ID_Customer, ID_Review, ID_Employee, ID_Branch) VALUES (32, NULL, '2022-12-31', 0, 0, 10, 32, 116, 14);
INSERT INTO [ORDER] (ID_Order, ID_Table, OrderDate, TotalPrice, ActualPrice, ID_Customer, ID_Review, ID_Employee, ID_Branch) VALUES (33, NULL, '2024-07-21', 0, 0, 15, 33, 165, 14);
INSERT INTO [ORDER] (ID_Order, ID_Table, OrderDate, TotalPrice, ActualPrice, ID_Customer, ID_Review, ID_Employee, ID_Branch) VALUES (34, NULL, '2023-11-06', 0, 0, 27, 34, 202, 14);
INSERT INTO [ORDER] (ID_Order, ID_Table, OrderDate, TotalPrice, ActualPrice, ID_Customer, ID_Review, ID_Employee, ID_Branch) VALUES (35, NULL, '2024-04-25', 0, 0, 20, 35, 15, 14);
INSERT INTO [ORDER] (ID_Order, ID_Table, OrderDate, TotalPrice, ActualPrice, ID_Customer, ID_Review, ID_Employee, ID_Branch) VALUES (36, NULL, '2023-04-22', 0, 0, 41, 36, 3, 14);
INSERT INTO [ORDER] (ID_Order, ID_Table, OrderDate, TotalPrice, ActualPrice, ID_Customer, ID_Review, ID_Employee, ID_Branch) VALUES (37, NULL, '2023-11-22', 0, 0, 5, 37, 3, 14);
INSERT INTO [ORDER] (ID_Order, ID_Table, OrderDate, TotalPrice, ActualPrice, ID_Customer, ID_Review, ID_Employee, ID_Branch) VALUES (38, NULL, '2024-07-10', 0, 0, 33, 38, 43, 14);
INSERT INTO [ORDER] (ID_Order, ID_Table, OrderDate, TotalPrice, ActualPrice, ID_Customer, ID_Review, ID_Employee, ID_Branch) VALUES (39, NULL, '2023-06-03', 0, 0, 33, 39, 224, 14);
INSERT INTO [ORDER] (ID_Order, ID_Table, OrderDate, TotalPrice, ActualPrice, ID_Customer, ID_Review, ID_Employee, ID_Branch) VALUES (40, NULL, '2024-02-25', 0, 0, 38, 40, 56, 14);
INSERT INTO [ORDER] (ID_Order, ID_Table, OrderDate, TotalPrice, ActualPrice, ID_Customer, ID_Review, ID_Employee, ID_Branch) VALUES (1, 360, '2023-09-25', 0, 0, 28, 1, 153, 15);
INSERT INTO [ORDER] (ID_Order, ID_Table, OrderDate, TotalPrice, ActualPrice, ID_Customer, ID_Review, ID_Employee, ID_Branch) VALUES (2, 373, '2023-09-18', 0, 0, 36, 2, 110, 15);
INSERT INTO [ORDER] (ID_Order, ID_Table, OrderDate, TotalPrice, ActualPrice, ID_Customer, ID_Review, ID_Employee, ID_Branch) VALUES (3, 367, '2023-12-12', 0, 0, 1, 3, 38, 15);
INSERT INTO [ORDER] (ID_Order, ID_Table, OrderDate, TotalPrice, ActualPrice, ID_Customer, ID_Review, ID_Employee, ID_Branch) VALUES (4, 359, '2022-12-27', 0, 0, 34, 4, 64, 15);
INSERT INTO [ORDER] (ID_Order, ID_Table, OrderDate, TotalPrice, ActualPrice, ID_Customer, ID_Review, ID_Employee, ID_Branch) VALUES (5, 360, '2024-12-02', 0, 0, 40, 5, 96, 15);
INSERT INTO [ORDER] (ID_Order, ID_Table, OrderDate, TotalPrice, ActualPrice, ID_Customer, ID_Review, ID_Employee, ID_Branch) VALUES (6, 361, '2023-07-08', 0, 0, 29, 6, 111, 15);
INSERT INTO [ORDER] (ID_Order, ID_Table, OrderDate, TotalPrice, ActualPrice, ID_Customer, ID_Review, ID_Employee, ID_Branch) VALUES (7, 360, '2023-11-15', 0, 0, 35, 7, 156, 15);
INSERT INTO [ORDER] (ID_Order, ID_Table, OrderDate, TotalPrice, ActualPrice, ID_Customer, ID_Review, ID_Employee, ID_Branch) VALUES (8, 378, '2024-05-21', 0, 0, 41, 8, 111, 15);
INSERT INTO [ORDER] (ID_Order, ID_Table, OrderDate, TotalPrice, ActualPrice, ID_Customer, ID_Review, ID_Employee, ID_Branch) VALUES (9, 358, '2023-07-20', 0, 0, 8, 9, 119, 15);
INSERT INTO [ORDER] (ID_Order, ID_Table, OrderDate, TotalPrice, ActualPrice, ID_Customer, ID_Review, ID_Employee, ID_Branch) VALUES (10, 368, '2023-07-23', 0, 0, 29, 10, 173, 15);
INSERT INTO [ORDER] (ID_Order, ID_Table, OrderDate, TotalPrice, ActualPrice, ID_Customer, ID_Review, ID_Employee, ID_Branch) VALUES (11, 358, '2024-08-25', 0, 0, 12, 11, 73, 15);
INSERT INTO [ORDER] (ID_Order, ID_Table, OrderDate, TotalPrice, ActualPrice, ID_Customer, ID_Review, ID_Employee, ID_Branch) VALUES (12, 374, '2024-08-13', 0, 0, 3, 12, 118, 15);
INSERT INTO [ORDER] (ID_Order, ID_Table, OrderDate, TotalPrice, ActualPrice, ID_Customer, ID_Review, ID_Employee, ID_Branch) VALUES (13, 366, '2024-06-11', 0, 0, 14, 13, 59, 15);
INSERT INTO [ORDER] (ID_Order, ID_Table, OrderDate, TotalPrice, ActualPrice, ID_Customer, ID_Review, ID_Employee, ID_Branch) VALUES (14, 377, '2024-07-04', 0, 0, 35, 14, 174, 15);
INSERT INTO [ORDER] (ID_Order, ID_Table, OrderDate, TotalPrice, ActualPrice, ID_Customer, ID_Review, ID_Employee, ID_Branch) VALUES (15, 371, '2023-08-19', 0, 0, 9, 15, 135, 15);
INSERT INTO [ORDER] (ID_Order, ID_Table, OrderDate, TotalPrice, ActualPrice, ID_Customer, ID_Review, ID_Employee, ID_Branch) VALUES (16, 379, '2024-01-14', 0, 0, 40, 16, 174, 15);
INSERT INTO [ORDER] (ID_Order, ID_Table, OrderDate, TotalPrice, ActualPrice, ID_Customer, ID_Review, ID_Employee, ID_Branch) VALUES (17, 358, '2024-09-25', 0, 0, 23, 17, 81, 15);
INSERT INTO [ORDER] (ID_Order, ID_Table, OrderDate, TotalPrice, ActualPrice, ID_Customer, ID_Review, ID_Employee, ID_Branch) VALUES (18, 363, '2023-09-11', 0, 0, 1, 18, 153, 15);
INSERT INTO [ORDER] (ID_Order, ID_Table, OrderDate, TotalPrice, ActualPrice, ID_Customer, ID_Review, ID_Employee, ID_Branch) VALUES (19, 377, '2023-03-26', 0, 0, 20, 19, 49, 15);
INSERT INTO [ORDER] (ID_Order, ID_Table, OrderDate, TotalPrice, ActualPrice, ID_Customer, ID_Review, ID_Employee, ID_Branch) VALUES (20, 364, '2023-12-06', 0, 0, 38, 20, 206, 15);
INSERT INTO [ORDER] (ID_Order, ID_Table, OrderDate, TotalPrice, ActualPrice, ID_Customer, ID_Review, ID_Employee, ID_Branch) VALUES (21, 366, '2024-02-24', 0, 0, 2, 21, 135, 15);
INSERT INTO [ORDER] (ID_Order, ID_Table, OrderDate, TotalPrice, ActualPrice, ID_Customer, ID_Review, ID_Employee, ID_Branch) VALUES (22, 373, '2023-02-27', 0, 0, 6, 22, 172, 15);
INSERT INTO [ORDER] (ID_Order, ID_Table, OrderDate, TotalPrice, ActualPrice, ID_Customer, ID_Review, ID_Employee, ID_Branch) VALUES (23, 378, '2023-06-18', 0, 0, 6, 23, 53, 15);
INSERT INTO [ORDER] (ID_Order, ID_Table, OrderDate, TotalPrice, ActualPrice, ID_Customer, ID_Review, ID_Employee, ID_Branch) VALUES (24, 367, '2023-03-31', 0, 0, 24, 24, 220, 15);
INSERT INTO [ORDER] (ID_Order, ID_Table, OrderDate, TotalPrice, ActualPrice, ID_Customer, ID_Review, ID_Employee, ID_Branch) VALUES (25, 373, '2023-05-30', 0, 0, 32, 25, 110, 15);
INSERT INTO [ORDER] (ID_Order, ID_Table, OrderDate, TotalPrice, ActualPrice, ID_Customer, ID_Review, ID_Employee, ID_Branch) VALUES (26, 367, '2024-04-05', 0, 0, 29, 26, 10, 15);
INSERT INTO [ORDER] (ID_Order, ID_Table, OrderDate, TotalPrice, ActualPrice, ID_Customer, ID_Review, ID_Employee, ID_Branch) VALUES (27, 358, '2023-01-22', 0, 0, 7, 27, 181, 15);
INSERT INTO [ORDER] (ID_Order, ID_Table, OrderDate, TotalPrice, ActualPrice, ID_Customer, ID_Review, ID_Employee, ID_Branch) VALUES (28, 378, '2024-08-05', 0, 0, 16, 28, 162, 15);
INSERT INTO [ORDER] (ID_Order, ID_Table, OrderDate, TotalPrice, ActualPrice, ID_Customer, ID_Review, ID_Employee, ID_Branch) VALUES (29, 372, '2024-10-09', 0, 0, 25, 29, 71, 15);
INSERT INTO [ORDER] (ID_Order, ID_Table, OrderDate, TotalPrice, ActualPrice, ID_Customer, ID_Review, ID_Employee, ID_Branch) VALUES (30, 362, '2024-09-29', 0, 0, 20, 30, 135, 15);
INSERT INTO [ORDER] (ID_Order, ID_Table, OrderDate, TotalPrice, ActualPrice, ID_Customer, ID_Review, ID_Employee, ID_Branch) VALUES (31, 380, '2023-05-28', 0, 0, 30, 31, 38, 15);
INSERT INTO [ORDER] (ID_Order, ID_Table, OrderDate, TotalPrice, ActualPrice, ID_Customer, ID_Review, ID_Employee, ID_Branch) VALUES (32, NULL, '2023-04-26', 0, 0, 37, 32, 177, 15);
INSERT INTO [ORDER] (ID_Order, ID_Table, OrderDate, TotalPrice, ActualPrice, ID_Customer, ID_Review, ID_Employee, ID_Branch) VALUES (33, NULL, '2023-06-02', 0, 0, 39, 33, 224, 15);
INSERT INTO [ORDER] (ID_Order, ID_Table, OrderDate, TotalPrice, ActualPrice, ID_Customer, ID_Review, ID_Employee, ID_Branch) VALUES (34, NULL, '2024-01-05', 0, 0, 14, 34, 10, 15);
INSERT INTO [ORDER] (ID_Order, ID_Table, OrderDate, TotalPrice, ActualPrice, ID_Customer, ID_Review, ID_Employee, ID_Branch) VALUES (35, NULL, '2023-07-29', 0, 0, 36, 35, 162, 15);
INSERT INTO [ORDER] (ID_Order, ID_Table, OrderDate, TotalPrice, ActualPrice, ID_Customer, ID_Review, ID_Employee, ID_Branch) VALUES (36, NULL, '2023-09-10', 0, 0, 30, 36, 71, 15);
INSERT INTO [ORDER] (ID_Order, ID_Table, OrderDate, TotalPrice, ActualPrice, ID_Customer, ID_Review, ID_Employee, ID_Branch) VALUES (37, NULL, '2023-08-13', 0, 0, 5, 37, 162, 15);
INSERT INTO [ORDER] (ID_Order, ID_Table, OrderDate, TotalPrice, ActualPrice, ID_Customer, ID_Review, ID_Employee, ID_Branch) VALUES (38, NULL, '2024-06-06', 0, 0, 33, 38, 64, 15);
INSERT INTO [ORDER] (ID_Order, ID_Table, OrderDate, TotalPrice, ActualPrice, ID_Customer, ID_Review, ID_Employee, ID_Branch) VALUES (39, NULL, '2023-07-06', 0, 0, 40, 39, 202, 15);
INSERT INTO [ORDER] (ID_Order, ID_Table, OrderDate, TotalPrice, ActualPrice, ID_Customer, ID_Review, ID_Employee, ID_Branch) VALUES (40, NULL, '2024-01-30', 0, 0, 11, 40, 15, 15);
EXEC dbo.INSERT_ORDER_FOOD 514, 1, 4;
EXEC dbo.INSERT_ORDER_FOOD 188, 1, 1;
EXEC dbo.INSERT_ORDER_FOOD 309, 1, 1;
EXEC dbo.INSERT_ORDER_FOOD 588, 1, 4;
EXEC dbo.INSERT_ORDER_FOOD 387, 1, 5;
EXEC dbo.INSERT_ORDER_FOOD 79, 1, 4;
EXEC dbo.INSERT_ORDER_FOOD 346, 1, 2;
EXEC dbo.INSERT_ORDER_FOOD 387, 1, 5;
EXEC dbo.INSERT_ORDER_FOOD 515, 1, 2;
EXEC dbo.INSERT_ORDER_FOOD 545, 2, 2;
EXEC dbo.INSERT_ORDER_FOOD 38, 2, 5;
EXEC dbo.INSERT_ORDER_FOOD 181, 2, 1;
EXEC dbo.INSERT_ORDER_FOOD 217, 3, 2;
EXEC dbo.INSERT_ORDER_FOOD 416, 3, 2;
EXEC dbo.INSERT_ORDER_FOOD 38, 3, 1;
EXEC dbo.INSERT_ORDER_FOOD 178, 3, 2;
EXEC dbo.INSERT_ORDER_FOOD 385, 3, 1;
EXEC dbo.INSERT_ORDER_FOOD 188, 3, 5;
EXEC dbo.INSERT_ORDER_FOOD 199, 3, 1;
EXEC dbo.INSERT_ORDER_FOOD 96, 3, 1;
EXEC dbo.INSERT_ORDER_FOOD 579, 4, 2;
EXEC dbo.INSERT_ORDER_FOOD 413, 4, 3;
EXEC dbo.INSERT_ORDER_FOOD 385, 4, 3;
EXEC dbo.INSERT_ORDER_FOOD 425, 4, 5;
EXEC dbo.INSERT_ORDER_FOOD 120, 4, 5;
EXEC dbo.INSERT_ORDER_FOOD 199, 5, 1;
EXEC dbo.INSERT_ORDER_FOOD 571, 5, 2;
EXEC dbo.INSERT_ORDER_FOOD 545, 5, 4;
EXEC dbo.INSERT_ORDER_FOOD 217, 5, 1;
EXEC dbo.INSERT_ORDER_FOOD 258, 5, 2;
EXEC dbo.INSERT_ORDER_FOOD 571, 5, 3;
EXEC dbo.INSERT_ORDER_FOOD 413, 5, 3;
EXEC dbo.INSERT_ORDER_FOOD 369, 6, 2;
EXEC dbo.INSERT_ORDER_FOOD 303, 6, 3;
EXEC dbo.INSERT_ORDER_FOOD 112, 6, 3;
EXEC dbo.INSERT_ORDER_FOOD 224, 6, 2;
EXEC dbo.INSERT_ORDER_FOOD 120, 6, 4;
EXEC dbo.INSERT_ORDER_FOOD 21, 6, 5;
EXEC dbo.INSERT_ORDER_FOOD 188, 7, 5;
EXEC dbo.INSERT_ORDER_FOOD 4, 7, 1;
EXEC dbo.INSERT_ORDER_FOOD 385, 8, 5;
EXEC dbo.INSERT_ORDER_FOOD 514, 8, 3;
EXEC dbo.INSERT_ORDER_FOOD 579, 8, 1;
EXEC dbo.INSERT_ORDER_FOOD 303, 8, 4;
EXEC dbo.INSERT_ORDER_FOOD 416, 8, 1;
EXEC dbo.INSERT_ORDER_FOOD 309, 8, 4;
EXEC dbo.INSERT_ORDER_FOOD 235, 8, 3;
EXEC dbo.INSERT_ORDER_FOOD 62, 8, 2;
EXEC dbo.INSERT_ORDER_FOOD 359, 8, 3;
EXEC dbo.INSERT_ORDER_FOOD 346, 8, 1;
EXEC dbo.INSERT_ORDER_FOOD 207, 9, 1;
EXEC dbo.INSERT_ORDER_FOOD 224, 10, 5;
EXEC dbo.INSERT_ORDER_FOOD 258, 11, 3;
EXEC dbo.INSERT_ORDER_FOOD 217, 11, 1;
EXEC dbo.INSERT_ORDER_FOOD 385, 11, 3;
EXEC dbo.INSERT_ORDER_FOOD 96, 11, 5;
EXEC dbo.INSERT_ORDER_FOOD 178, 11, 3;
EXEC dbo.INSERT_ORDER_FOOD 515, 11, 1;
EXEC dbo.INSERT_ORDER_FOOD 387, 11, 1;
EXEC dbo.INSERT_ORDER_FOOD 425, 12, 4;
EXEC dbo.INSERT_ORDER_FOOD 588, 12, 5;
EXEC dbo.INSERT_ORDER_FOOD 588, 13, 4;
EXEC dbo.INSERT_ORDER_FOOD 385, 13, 3;
EXEC dbo.INSERT_ORDER_FOOD 120, 13, 1;
EXEC dbo.INSERT_ORDER_FOOD 224, 13, 4;
EXEC dbo.INSERT_ORDER_FOOD 4, 13, 4;
EXEC dbo.INSERT_ORDER_FOOD 401, 13, 1;
EXEC dbo.INSERT_ORDER_FOOD 359, 13, 4;
EXEC dbo.INSERT_ORDER_FOOD 178, 14, 1;
EXEC dbo.INSERT_ORDER_FOOD 532, 15, 3;
EXEC dbo.INSERT_ORDER_FOOD 309, 15, 1;
EXEC dbo.INSERT_ORDER_FOOD 235, 15, 5;
EXEC dbo.INSERT_ORDER_FOOD 21, 15, 2;
EXEC dbo.INSERT_ORDER_FOOD 96, 15, 3;
EXEC dbo.INSERT_ORDER_FOOD 178, 15, 2;
EXEC dbo.INSERT_ORDER_FOOD 120, 15, 2;
EXEC dbo.INSERT_ORDER_FOOD 515, 16, 1;
EXEC dbo.INSERT_ORDER_FOOD 401, 17, 2;
EXEC dbo.INSERT_ORDER_FOOD 158, 17, 2;
EXEC dbo.INSERT_ORDER_FOOD 579, 17, 2;
EXEC dbo.INSERT_ORDER_FOOD 62, 17, 5;
EXEC dbo.INSERT_ORDER_FOOD 387, 18, 2;
EXEC dbo.INSERT_ORDER_FOOD 515, 18, 2;
EXEC dbo.INSERT_ORDER_FOOD 430, 18, 4;
EXEC dbo.INSERT_ORDER_FOOD 158, 18, 5;
EXEC dbo.INSERT_ORDER_FOOD 346, 18, 1;
EXEC dbo.INSERT_ORDER_FOOD 258, 18, 2;
EXEC dbo.INSERT_ORDER_FOOD 62, 18, 5;
EXEC dbo.INSERT_ORDER_FOOD 120, 18, 2;
EXEC dbo.INSERT_ORDER_FOOD 387, 19, 3;
EXEC dbo.INSERT_ORDER_FOOD 224, 20, 2;
EXEC dbo.INSERT_ORDER_FOOD 579, 20, 4;
EXEC dbo.INSERT_ORDER_FOOD 385, 20, 3;
EXEC dbo.INSERT_ORDER_FOOD 112, 20, 2;
EXEC dbo.INSERT_ORDER_FOOD 217, 20, 2;
EXEC dbo.INSERT_ORDER_FOOD 377, 20, 4;
EXEC dbo.INSERT_ORDER_FOOD 178, 20, 4;
EXEC dbo.INSERT_ORDER_FOOD 96, 21, 1;
EXEC dbo.INSERT_ORDER_FOOD 377, 21, 1;
EXEC dbo.INSERT_ORDER_FOOD 178, 22, 5;
EXEC dbo.INSERT_ORDER_FOOD 224, 22, 1;
EXEC dbo.INSERT_ORDER_FOOD 158, 22, 4;
EXEC dbo.INSERT_ORDER_FOOD 377, 22, 5;
EXEC dbo.INSERT_ORDER_FOOD 21, 22, 2;
EXEC dbo.INSERT_ORDER_FOOD 199, 22, 2;
EXEC dbo.INSERT_ORDER_FOOD 188, 23, 2;
EXEC dbo.INSERT_ORDER_FOOD 38, 23, 3;
EXEC dbo.INSERT_ORDER_FOOD 38, 23, 5;
EXEC dbo.INSERT_ORDER_FOOD 387, 23, 5;
EXEC dbo.INSERT_ORDER_FOOD 207, 23, 1;
EXEC dbo.INSERT_ORDER_FOOD 416, 23, 2;
EXEC dbo.INSERT_ORDER_FOOD 4, 23, 3;
EXEC dbo.INSERT_ORDER_FOOD 158, 23, 4;
EXEC dbo.INSERT_ORDER_FOOD 416, 23, 5;
EXEC dbo.INSERT_ORDER_FOOD 430, 24, 1;
EXEC dbo.INSERT_ORDER_FOOD 430, 24, 4;
EXEC dbo.INSERT_ORDER_FOOD 178, 24, 4;
EXEC dbo.INSERT_ORDER_FOOD 430, 25, 4;
EXEC dbo.INSERT_ORDER_FOOD 515, 25, 3;
EXEC dbo.INSERT_ORDER_FOOD 579, 25, 5;
EXEC dbo.INSERT_ORDER_FOOD 224, 25, 5;
EXEC dbo.INSERT_ORDER_FOOD 207, 26, 1;
EXEC dbo.INSERT_ORDER_FOOD 346, 26, 3;
EXEC dbo.INSERT_ORDER_FOOD 207, 26, 5;
EXEC dbo.INSERT_ORDER_FOOD 224, 26, 3;
EXEC dbo.INSERT_ORDER_FOOD 178, 26, 4;
EXEC dbo.INSERT_ORDER_FOOD 588, 26, 3;
EXEC dbo.INSERT_ORDER_FOOD 588, 26, 5;
EXEC dbo.INSERT_ORDER_FOOD 532, 26, 3;
EXEC dbo.INSERT_ORDER_FOOD 571, 26, 3;
EXEC dbo.INSERT_ORDER_FOOD 346, 27, 1;
EXEC dbo.INSERT_ORDER_FOOD 112, 27, 1;
EXEC dbo.INSERT_ORDER_FOOD 387, 28, 2;
EXEC dbo.INSERT_ORDER_FOOD 377, 28, 3;
EXEC dbo.INSERT_ORDER_FOOD 258, 28, 1;
EXEC dbo.INSERT_ORDER_FOOD 309, 28, 2;
EXEC dbo.INSERT_ORDER_FOOD 377, 28, 3;
EXEC dbo.INSERT_ORDER_FOOD 4, 28, 5;
EXEC dbo.INSERT_ORDER_FOOD 346, 28, 2;
EXEC dbo.INSERT_ORDER_FOOD 514, 28, 2;
EXEC dbo.INSERT_ORDER_FOOD 112, 28, 3;
EXEC dbo.INSERT_ORDER_FOOD 579, 28, 2;
EXEC dbo.INSERT_ORDER_FOOD 387, 29, 4;
EXEC dbo.INSERT_ORDER_FOOD 235, 29, 2;
EXEC dbo.INSERT_ORDER_FOOD 235, 29, 3;
EXEC dbo.INSERT_ORDER_FOOD 346, 29, 2;
EXEC dbo.INSERT_ORDER_FOOD 401, 30, 2;
EXEC dbo.INSERT_ORDER_FOOD 4, 31, 2;
EXEC dbo.INSERT_ORDER_FOOD 96, 31, 1;
EXEC dbo.INSERT_ORDER_FOOD 235, 31, 5;
EXEC dbo.INSERT_ORDER_FOOD 413, 31, 3;
EXEC dbo.INSERT_ORDER_FOOD 387, 31, 2;
EXEC dbo.INSERT_ORDER_FOOD 401, 32, 2;
EXEC dbo.INSERT_ORDER_FOOD 207, 32, 3;
EXEC dbo.INSERT_ORDER_FOOD 303, 32, 4;
EXEC dbo.INSERT_ORDER_FOOD 38, 32, 4;
EXEC dbo.INSERT_ORDER_FOOD 385, 32, 1;
EXEC dbo.INSERT_ORDER_FOOD 309, 33, 2;
EXEC dbo.INSERT_ORDER_FOOD 387, 33, 2;
EXEC dbo.INSERT_ORDER_FOOD 385, 33, 3;
EXEC dbo.INSERT_ORDER_FOOD 387, 33, 3;
EXEC dbo.INSERT_ORDER_FOOD 217, 34, 5;
EXEC dbo.INSERT_ORDER_FOOD 224, 34, 2;
EXEC dbo.INSERT_ORDER_FOOD 588, 34, 3;
EXEC dbo.INSERT_ORDER_FOOD 359, 34, 3;
EXEC dbo.INSERT_ORDER_FOOD 199, 34, 5;
EXEC dbo.INSERT_ORDER_FOOD 62, 34, 4;
EXEC dbo.INSERT_ORDER_FOOD 359, 34, 3;
EXEC dbo.INSERT_ORDER_FOOD 588, 34, 5;
EXEC dbo.INSERT_ORDER_FOOD 258, 34, 3;
EXEC dbo.INSERT_ORDER_FOOD 346, 34, 3;
EXEC dbo.INSERT_ORDER_FOOD 545, 35, 1;
EXEC dbo.INSERT_ORDER_FOOD 425, 35, 3;
EXEC dbo.INSERT_ORDER_FOOD 385, 35, 5;
EXEC dbo.INSERT_ORDER_FOOD 199, 35, 2;
EXEC dbo.INSERT_ORDER_FOOD 413, 35, 1;
EXEC dbo.INSERT_ORDER_FOOD 217, 35, 4;
EXEC dbo.INSERT_ORDER_FOOD 346, 35, 2;
EXEC dbo.INSERT_ORDER_FOOD 62, 36, 2;
EXEC dbo.INSERT_ORDER_FOOD 79, 36, 3;
EXEC dbo.INSERT_ORDER_FOOD 309, 37, 3;
EXEC dbo.INSERT_ORDER_FOOD 21, 37, 5;
EXEC dbo.INSERT_ORDER_FOOD 430, 37, 4;
EXEC dbo.INSERT_ORDER_FOOD 120, 37, 3;
EXEC dbo.INSERT_ORDER_FOOD 120, 37, 1;
EXEC dbo.INSERT_ORDER_FOOD 120, 37, 1;
EXEC dbo.INSERT_ORDER_FOOD 224, 37, 1;
EXEC dbo.INSERT_ORDER_FOOD 425, 38, 5;
EXEC dbo.INSERT_ORDER_FOOD 4, 38, 1;
EXEC dbo.INSERT_ORDER_FOOD 532, 38, 5;
EXEC dbo.INSERT_ORDER_FOOD 545, 38, 1;
EXEC dbo.INSERT_ORDER_FOOD 385, 38, 3;
EXEC dbo.INSERT_ORDER_FOOD 207, 39, 5;
EXEC dbo.INSERT_ORDER_FOOD 303, 39, 4;
EXEC dbo.INSERT_ORDER_FOOD 96, 39, 4;
EXEC dbo.INSERT_ORDER_FOOD 532, 39, 1;
EXEC dbo.INSERT_ORDER_FOOD 387, 39, 3;
EXEC dbo.INSERT_ORDER_FOOD 514, 39, 2;
EXEC dbo.INSERT_ORDER_FOOD 79, 39, 3;
EXEC dbo.INSERT_ORDER_FOOD 207, 39, 3;
EXEC dbo.INSERT_ORDER_FOOD 385, 39, 5;
EXEC dbo.INSERT_ORDER_FOOD 258, 39, 2;
EXEC dbo.INSERT_ORDER_FOOD 514, 40, 5;
EXEC dbo.INSERT_ORDER_FOOD 413, 40, 2;
EXEC dbo.INSERT_ORDER_FOOD 224, 40, 3;
EXEC dbo.INSERT_ORDER_FOOD 309, 40, 5;
EXEC dbo.INSERT_ORDER_FOOD 21, 40, 2;
EXEC dbo.INSERT_ORDER_FOOD 501, 1, 4;
EXEC dbo.INSERT_ORDER_FOOD 176, 1, 3;
EXEC dbo.INSERT_ORDER_FOOD 276, 2, 3;
EXEC dbo.INSERT_ORDER_FOOD 573, 2, 2;
EXEC dbo.INSERT_ORDER_FOOD 276, 2, 5;
EXEC dbo.INSERT_ORDER_FOOD 463, 2, 3;
EXEC dbo.INSERT_ORDER_FOOD 589, 2, 5;
EXEC dbo.INSERT_ORDER_FOOD 236, 3, 4;
EXEC dbo.INSERT_ORDER_FOOD 276, 4, 3;
EXEC dbo.INSERT_ORDER_FOOD 569, 4, 3;
EXEC dbo.INSERT_ORDER_FOOD 573, 5, 3;
EXEC dbo.INSERT_ORDER_FOOD 108, 5, 3;
EXEC dbo.INSERT_ORDER_FOOD 555, 5, 1;
EXEC dbo.INSERT_ORDER_FOOD 91, 5, 5;
EXEC dbo.INSERT_ORDER_FOOD 228, 5, 5;
EXEC dbo.INSERT_ORDER_FOOD 28, 5, 3;
EXEC dbo.INSERT_ORDER_FOOD 108, 5, 4;
EXEC dbo.INSERT_ORDER_FOOD 56, 6, 1;
EXEC dbo.INSERT_ORDER_FOOD 501, 6, 4;
EXEC dbo.INSERT_ORDER_FOOD 276, 6, 5;
EXEC dbo.INSERT_ORDER_FOOD 172, 6, 1;
EXEC dbo.INSERT_ORDER_FOOD 265, 6, 1;
EXEC dbo.INSERT_ORDER_FOOD 284, 6, 3;
EXEC dbo.INSERT_ORDER_FOOD 501, 6, 2;
EXEC dbo.INSERT_ORDER_FOOD 14, 6, 3;
EXEC dbo.INSERT_ORDER_FOOD 172, 6, 4;
EXEC dbo.INSERT_ORDER_FOOD 172, 6, 2;
EXEC dbo.INSERT_ORDER_FOOD 176, 7, 3;
EXEC dbo.INSERT_ORDER_FOOD 276, 7, 4;
EXEC dbo.INSERT_ORDER_FOOD 501, 7, 1;
EXEC dbo.INSERT_ORDER_FOOD 529, 7, 5;
EXEC dbo.INSERT_ORDER_FOOD 14, 7, 3;
EXEC dbo.INSERT_ORDER_FOOD 598, 7, 4;
EXEC dbo.INSERT_ORDER_FOOD 28, 7, 5;
EXEC dbo.INSERT_ORDER_FOOD 49, 7, 1;
EXEC dbo.INSERT_ORDER_FOOD 265, 7, 4;
EXEC dbo.INSERT_ORDER_FOOD 228, 7, 2;
EXEC dbo.INSERT_ORDER_FOOD 349, 8, 2;
EXEC dbo.INSERT_ORDER_FOOD 91, 9, 1;
EXEC dbo.INSERT_ORDER_FOOD 501, 9, 5;
EXEC dbo.INSERT_ORDER_FOOD 264, 9, 3;
EXEC dbo.INSERT_ORDER_FOOD 255, 9, 5;
EXEC dbo.INSERT_ORDER_FOOD 598, 9, 5;
EXEC dbo.INSERT_ORDER_FOOD 378, 9, 2;
EXEC dbo.INSERT_ORDER_FOOD 176, 9, 3;
EXEC dbo.INSERT_ORDER_FOOD 236, 9, 4;
EXEC dbo.INSERT_ORDER_FOOD 555, 10, 5;
EXEC dbo.INSERT_ORDER_FOOD 108, 10, 2;
EXEC dbo.INSERT_ORDER_FOOD 172, 10, 4;
EXEC dbo.INSERT_ORDER_FOOD 589, 11, 5;
EXEC dbo.INSERT_ORDER_FOOD 300, 11, 5;
EXEC dbo.INSERT_ORDER_FOOD 238, 11, 1;
EXEC dbo.INSERT_ORDER_FOOD 569, 11, 5;
EXEC dbo.INSERT_ORDER_FOOD 265, 11, 3;
EXEC dbo.INSERT_ORDER_FOOD 49, 12, 1;
EXEC dbo.INSERT_ORDER_FOOD 349, 12, 2;
EXEC dbo.INSERT_ORDER_FOOD 412, 12, 1;
EXEC dbo.INSERT_ORDER_FOOD 573, 12, 2;
EXEC dbo.INSERT_ORDER_FOOD 412, 12, 2;
EXEC dbo.INSERT_ORDER_FOOD 228, 12, 4;
EXEC dbo.INSERT_ORDER_FOOD 238, 13, 1;
EXEC dbo.INSERT_ORDER_FOOD 49, 13, 5;
EXEC dbo.INSERT_ORDER_FOOD 108, 13, 1;
EXEC dbo.INSERT_ORDER_FOOD 501, 13, 4;
EXEC dbo.INSERT_ORDER_FOOD 284, 13, 3;
EXEC dbo.INSERT_ORDER_FOOD 378, 13, 3;
EXEC dbo.INSERT_ORDER_FOOD 529, 14, 3;
EXEC dbo.INSERT_ORDER_FOOD 255, 14, 5;
EXEC dbo.INSERT_ORDER_FOOD 589, 14, 3;
EXEC dbo.INSERT_ORDER_FOOD 560, 14, 4;
EXEC dbo.INSERT_ORDER_FOOD 529, 14, 4;
EXEC dbo.INSERT_ORDER_FOOD 28, 15, 3;
EXEC dbo.INSERT_ORDER_FOOD 555, 15, 5;
EXEC dbo.INSERT_ORDER_FOOD 529, 15, 3;
EXEC dbo.INSERT_ORDER_FOOD 104, 15, 1;
EXEC dbo.INSERT_ORDER_FOOD 276, 15, 4;
EXEC dbo.INSERT_ORDER_FOOD 14, 15, 3;
EXEC dbo.INSERT_ORDER_FOOD 265, 15, 2;
EXEC dbo.INSERT_ORDER_FOOD 529, 16, 1;
EXEC dbo.INSERT_ORDER_FOOD 276, 16, 4;
EXEC dbo.INSERT_ORDER_FOOD 104, 16, 5;
EXEC dbo.INSERT_ORDER_FOOD 463, 16, 5;
EXEC dbo.INSERT_ORDER_FOOD 529, 16, 5;
EXEC dbo.INSERT_ORDER_FOOD 265, 16, 3;
EXEC dbo.INSERT_ORDER_FOOD 176, 17, 3;
EXEC dbo.INSERT_ORDER_FOOD 265, 17, 2;
EXEC dbo.INSERT_ORDER_FOOD 284, 17, 3;
EXEC dbo.INSERT_ORDER_FOOD 378, 17, 1;
EXEC dbo.INSERT_ORDER_FOOD 529, 17, 3;
EXEC dbo.INSERT_ORDER_FOOD 284, 17, 1;
EXEC dbo.INSERT_ORDER_FOOD 108, 17, 5;
EXEC dbo.INSERT_ORDER_FOOD 555, 17, 1;
EXEC dbo.INSERT_ORDER_FOOD 255, 17, 4;
EXEC dbo.INSERT_ORDER_FOOD 529, 17, 5;
EXEC dbo.INSERT_ORDER_FOOD 108, 18, 1;
EXEC dbo.INSERT_ORDER_FOOD 172, 18, 2;
EXEC dbo.INSERT_ORDER_FOOD 327, 18, 3;
EXEC dbo.INSERT_ORDER_FOOD 238, 18, 2;
EXEC dbo.INSERT_ORDER_FOOD 91, 18, 4;
EXEC dbo.INSERT_ORDER_FOOD 172, 18, 1;
EXEC dbo.INSERT_ORDER_FOOD 573, 18, 3;
EXEC dbo.INSERT_ORDER_FOOD 238, 18, 5;
EXEC dbo.INSERT_ORDER_FOOD 501, 18, 2;
EXEC dbo.INSERT_ORDER_FOOD 378, 19, 5;
EXEC dbo.INSERT_ORDER_FOOD 238, 19, 1;
EXEC dbo.INSERT_ORDER_FOOD 255, 19, 2;
EXEC dbo.INSERT_ORDER_FOOD 598, 19, 1;
EXEC dbo.INSERT_ORDER_FOOD 91, 19, 3;
EXEC dbo.INSERT_ORDER_FOOD 555, 19, 3;
EXEC dbo.INSERT_ORDER_FOOD 573, 19, 5;
EXEC dbo.INSERT_ORDER_FOOD 276, 19, 4;
EXEC dbo.INSERT_ORDER_FOOD 104, 20, 5;
EXEC dbo.INSERT_ORDER_FOOD 255, 21, 5;
EXEC dbo.INSERT_ORDER_FOOD 265, 21, 5;
EXEC dbo.INSERT_ORDER_FOOD 378, 21, 2;
EXEC dbo.INSERT_ORDER_FOOD 104, 22, 2;
EXEC dbo.INSERT_ORDER_FOOD 555, 22, 3;
EXEC dbo.INSERT_ORDER_FOOD 40, 23, 5;
EXEC dbo.INSERT_ORDER_FOOD 49, 23, 4;
EXEC dbo.INSERT_ORDER_FOOD 45, 23, 1;
EXEC dbo.INSERT_ORDER_FOOD 236, 24, 2;
EXEC dbo.INSERT_ORDER_FOOD 560, 25, 4;
EXEC dbo.INSERT_ORDER_FOOD 236, 25, 3;
EXEC dbo.INSERT_ORDER_FOOD 284, 25, 3;
EXEC dbo.INSERT_ORDER_FOOD 573, 25, 3;
EXEC dbo.INSERT_ORDER_FOOD 529, 25, 2;
EXEC dbo.INSERT_ORDER_FOOD 555, 25, 4;
EXEC dbo.INSERT_ORDER_FOOD 49, 25, 5;
EXEC dbo.INSERT_ORDER_FOOD 56, 25, 5;
EXEC dbo.INSERT_ORDER_FOOD 589, 25, 3;
EXEC dbo.INSERT_ORDER_FOOD 108, 26, 1;
EXEC dbo.INSERT_ORDER_FOOD 560, 26, 4;
EXEC dbo.INSERT_ORDER_FOOD 40, 26, 1;
EXEC dbo.INSERT_ORDER_FOOD 108, 26, 5;
EXEC dbo.INSERT_ORDER_FOOD 529, 27, 4;
EXEC dbo.INSERT_ORDER_FOOD 104, 27, 3;
EXEC dbo.INSERT_ORDER_FOOD 284, 27, 1;
EXEC dbo.INSERT_ORDER_FOOD 378, 27, 2;
EXEC dbo.INSERT_ORDER_FOOD 598, 27, 2;
EXEC dbo.INSERT_ORDER_FOOD 238, 27, 3;
EXEC dbo.INSERT_ORDER_FOOD 91, 27, 3;
EXEC dbo.INSERT_ORDER_FOOD 172, 28, 2;
EXEC dbo.INSERT_ORDER_FOOD 463, 28, 5;
EXEC dbo.INSERT_ORDER_FOOD 276, 28, 1;
EXEC dbo.INSERT_ORDER_FOOD 300, 28, 1;
EXEC dbo.INSERT_ORDER_FOOD 589, 28, 1;
EXEC dbo.INSERT_ORDER_FOOD 327, 28, 4;
EXEC dbo.INSERT_ORDER_FOOD 463, 29, 4;
EXEC dbo.INSERT_ORDER_FOOD 255, 29, 3;
EXEC dbo.INSERT_ORDER_FOOD 529, 29, 5;
EXEC dbo.INSERT_ORDER_FOOD 76, 29, 3;
EXEC dbo.INSERT_ORDER_FOOD 573, 30, 4;
EXEC dbo.INSERT_ORDER_FOOD 236, 30, 4;
EXEC dbo.INSERT_ORDER_FOOD 236, 30, 1;
EXEC dbo.INSERT_ORDER_FOOD 255, 30, 2;
EXEC dbo.INSERT_ORDER_FOOD 378, 31, 4;
EXEC dbo.INSERT_ORDER_FOOD 560, 31, 3;
EXEC dbo.INSERT_ORDER_FOOD 378, 31, 2;
EXEC dbo.INSERT_ORDER_FOOD 412, 31, 4;
EXEC dbo.INSERT_ORDER_FOOD 501, 31, 1;
EXEC dbo.INSERT_ORDER_FOOD 236, 31, 4;
EXEC dbo.INSERT_ORDER_FOOD 45, 32, 5;
EXEC dbo.INSERT_ORDER_FOOD 327, 32, 1;
EXEC dbo.INSERT_ORDER_FOOD 264, 32, 1;
EXEC dbo.INSERT_ORDER_FOOD 238, 32, 1;
EXEC dbo.INSERT_ORDER_FOOD 91, 32, 1;
EXEC dbo.INSERT_ORDER_FOOD 176, 32, 1;
EXEC dbo.INSERT_ORDER_FOOD 598, 32, 3;
EXEC dbo.INSERT_ORDER_FOOD 255, 32, 5;
EXEC dbo.INSERT_ORDER_FOOD 529, 32, 4;
EXEC dbo.INSERT_ORDER_FOOD 589, 33, 1;
EXEC dbo.INSERT_ORDER_FOOD 238, 33, 3;
EXEC dbo.INSERT_ORDER_FOOD 598, 34, 4;
EXEC dbo.INSERT_ORDER_FOOD 300, 35, 4;
EXEC dbo.INSERT_ORDER_FOOD 49, 36, 2;
EXEC dbo.INSERT_ORDER_FOOD 76, 37, 2;
EXEC dbo.INSERT_ORDER_FOOD 172, 37, 4;
EXEC dbo.INSERT_ORDER_FOOD 176, 37, 3;
EXEC dbo.INSERT_ORDER_FOOD 49, 37, 4;
EXEC dbo.INSERT_ORDER_FOOD 555, 37, 3;
EXEC dbo.INSERT_ORDER_FOOD 284, 37, 1;
EXEC dbo.INSERT_ORDER_FOOD 349, 38, 5;
EXEC dbo.INSERT_ORDER_FOOD 264, 38, 3;
EXEC dbo.INSERT_ORDER_FOOD 49, 38, 5;
EXEC dbo.INSERT_ORDER_FOOD 172, 38, 5;
EXEC dbo.INSERT_ORDER_FOOD 378, 38, 5;
EXEC dbo.INSERT_ORDER_FOOD 238, 38, 2;
EXEC dbo.INSERT_ORDER_FOOD 56, 38, 2;
EXEC dbo.INSERT_ORDER_FOOD 91, 38, 3;
EXEC dbo.INSERT_ORDER_FOOD 91, 39, 1;
EXEC dbo.INSERT_ORDER_FOOD 76, 39, 4;
EXEC dbo.INSERT_ORDER_FOOD 236, 39, 1;
EXEC dbo.INSERT_ORDER_FOOD 172, 39, 4;
EXEC dbo.INSERT_ORDER_FOOD 56, 39, 3;
EXEC dbo.INSERT_ORDER_FOOD 598, 40, 4;
EXEC dbo.INSERT_ORDER_FOOD 49, 40, 1;
EXEC dbo.INSERT_ORDER_FOOD 28, 40, 2;
EXEC dbo.INSERT_ORDER_FOOD 560, 40, 3;
EXEC dbo.INSERT_ORDER_FOOD 28, 40, 4;
EXEC dbo.INSERT_ORDER_FOOD 265, 40, 2;
EXEC dbo.INSERT_ORDER_FOOD 378, 40, 2;
EXEC dbo.INSERT_ORDER_FOOD 314, 1, 1;
EXEC dbo.INSERT_ORDER_FOOD 196, 1, 4;
EXEC dbo.INSERT_ORDER_FOOD 239, 1, 2;
EXEC dbo.INSERT_ORDER_FOOD 239, 1, 3;
EXEC dbo.INSERT_ORDER_FOOD 11, 1, 4;
EXEC dbo.INSERT_ORDER_FOOD 218, 2, 5;
EXEC dbo.INSERT_ORDER_FOOD 185, 2, 1;
EXEC dbo.INSERT_ORDER_FOOD 388, 2, 4;
EXEC dbo.INSERT_ORDER_FOOD 468, 2, 4;
EXEC dbo.INSERT_ORDER_FOOD 282, 2, 4;
EXEC dbo.INSERT_ORDER_FOOD 190, 2, 2;
EXEC dbo.INSERT_ORDER_FOOD 196, 2, 1;
EXEC dbo.INSERT_ORDER_FOOD 11, 2, 4;
EXEC dbo.INSERT_ORDER_FOOD 11, 2, 5;
EXEC dbo.INSERT_ORDER_FOOD 149, 2, 5;
EXEC dbo.INSERT_ORDER_FOOD 282, 3, 2;
EXEC dbo.INSERT_ORDER_FOOD 136, 3, 4;
EXEC dbo.INSERT_ORDER_FOOD 426, 3, 2;
EXEC dbo.INSERT_ORDER_FOOD 211, 3, 4;
EXEC dbo.INSERT_ORDER_FOOD 113, 4, 3;
EXEC dbo.INSERT_ORDER_FOOD 196, 4, 1;
EXEC dbo.INSERT_ORDER_FOOD 81, 4, 2;
EXEC dbo.INSERT_ORDER_FOOD 383, 4, 2;
EXEC dbo.INSERT_ORDER_FOOD 426, 4, 4;
EXEC dbo.INSERT_ORDER_FOOD 239, 4, 4;
EXEC dbo.INSERT_ORDER_FOOD 151, 4, 1;
EXEC dbo.INSERT_ORDER_FOOD 275, 4, 3;
EXEC dbo.INSERT_ORDER_FOOD 505, 5, 3;
EXEC dbo.INSERT_ORDER_FOOD 431, 5, 3;
EXEC dbo.INSERT_ORDER_FOOD 196, 5, 3;
EXEC dbo.INSERT_ORDER_FOOD 185, 6, 2;
EXEC dbo.INSERT_ORDER_FOOD 484, 6, 5;
EXEC dbo.INSERT_ORDER_FOOD 282, 6, 1;
EXEC dbo.INSERT_ORDER_FOOD 156, 6, 4;
EXEC dbo.INSERT_ORDER_FOOD 558, 6, 5;
EXEC dbo.INSERT_ORDER_FOOD 505, 7, 5;
EXEC dbo.INSERT_ORDER_FOOD 149, 8, 3;
EXEC dbo.INSERT_ORDER_FOOD 190, 8, 4;
EXEC dbo.INSERT_ORDER_FOOD 352, 8, 2;
EXEC dbo.INSERT_ORDER_FOOD 431, 8, 5;
EXEC dbo.INSERT_ORDER_FOOD 575, 9, 4;
EXEC dbo.INSERT_ORDER_FOOD 11, 9, 5;
EXEC dbo.INSERT_ORDER_FOOD 431, 9, 1;
EXEC dbo.INSERT_ORDER_FOOD 458, 9, 5;
EXEC dbo.INSERT_ORDER_FOOD 575, 9, 1;
EXEC dbo.INSERT_ORDER_FOOD 459, 9, 1;
EXEC dbo.INSERT_ORDER_FOOD 304, 9, 5;
EXEC dbo.INSERT_ORDER_FOOD 505, 10, 2;
EXEC dbo.INSERT_ORDER_FOOD 113, 10, 1;
EXEC dbo.INSERT_ORDER_FOOD 388, 10, 2;
EXEC dbo.INSERT_ORDER_FOOD 211, 10, 4;
EXEC dbo.INSERT_ORDER_FOOD 239, 10, 4;
EXEC dbo.INSERT_ORDER_FOOD 314, 10, 4;
EXEC dbo.INSERT_ORDER_FOOD 422, 10, 1;
EXEC dbo.INSERT_ORDER_FOOD 279, 10, 2;
EXEC dbo.INSERT_ORDER_FOOD 468, 10, 1;
EXEC dbo.INSERT_ORDER_FOOD 279, 11, 1;
EXEC dbo.INSERT_ORDER_FOOD 81, 11, 5;
EXEC dbo.INSERT_ORDER_FOOD 314, 11, 1;
EXEC dbo.INSERT_ORDER_FOOD 36, 11, 4;
EXEC dbo.INSERT_ORDER_FOOD 459, 11, 2;
EXEC dbo.INSERT_ORDER_FOOD 239, 11, 4;
EXEC dbo.INSERT_ORDER_FOOD 458, 11, 4;
EXEC dbo.INSERT_ORDER_FOOD 136, 11, 5;
EXEC dbo.INSERT_ORDER_FOOD 352, 12, 2;
EXEC dbo.INSERT_ORDER_FOOD 575, 12, 2;
EXEC dbo.INSERT_ORDER_FOOD 566, 12, 3;
EXEC dbo.INSERT_ORDER_FOOD 484, 12, 1;
EXEC dbo.INSERT_ORDER_FOOD 575, 12, 4;
EXEC dbo.INSERT_ORDER_FOOD 156, 12, 4;
EXEC dbo.INSERT_ORDER_FOOD 426, 12, 3;
EXEC dbo.INSERT_ORDER_FOOD 36, 12, 1;
EXEC dbo.INSERT_ORDER_FOOD 239, 12, 2;
EXEC dbo.INSERT_ORDER_FOOD 211, 13, 3;
EXEC dbo.INSERT_ORDER_FOOD 468, 13, 2;
EXEC dbo.INSERT_ORDER_FOOD 458, 13, 3;
EXEC dbo.INSERT_ORDER_FOOD 580, 13, 3;
EXEC dbo.INSERT_ORDER_FOOD 282, 14, 5;
EXEC dbo.INSERT_ORDER_FOOD 484, 14, 3;
EXEC dbo.INSERT_ORDER_FOOD 406, 14, 1;
EXEC dbo.INSERT_ORDER_FOOD 434, 14, 5;
EXEC dbo.INSERT_ORDER_FOOD 314, 14, 4;
EXEC dbo.INSERT_ORDER_FOOD 458, 15, 1;
EXEC dbo.INSERT_ORDER_FOOD 185, 15, 3;
EXEC dbo.INSERT_ORDER_FOOD 81, 15, 4;
EXEC dbo.INSERT_ORDER_FOOD 156, 16, 5;
EXEC dbo.INSERT_ORDER_FOOD 156, 16, 2;
EXEC dbo.INSERT_ORDER_FOOD 267, 16, 3;
EXEC dbo.INSERT_ORDER_FOOD 156, 16, 2;
EXEC dbo.INSERT_ORDER_FOOD 388, 16, 4;
EXEC dbo.INSERT_ORDER_FOOD 575, 16, 3;
EXEC dbo.INSERT_ORDER_FOOD 275, 16, 3;
EXEC dbo.INSERT_ORDER_FOOD 239, 17, 2;
EXEC dbo.INSERT_ORDER_FOOD 36, 17, 2;
EXEC dbo.INSERT_ORDER_FOOD 314, 17, 5;
EXEC dbo.INSERT_ORDER_FOOD 468, 17, 5;
EXEC dbo.INSERT_ORDER_FOOD 484, 17, 1;
EXEC dbo.INSERT_ORDER_FOOD 388, 17, 2;
EXEC dbo.INSERT_ORDER_FOOD 566, 17, 3;
EXEC dbo.INSERT_ORDER_FOOD 93, 17, 1;
EXEC dbo.INSERT_ORDER_FOOD 190, 17, 5;
EXEC dbo.INSERT_ORDER_FOOD 468, 17, 1;
EXEC dbo.INSERT_ORDER_FOOD 352, 18, 3;
EXEC dbo.INSERT_ORDER_FOOD 304, 19, 4;
EXEC dbo.INSERT_ORDER_FOOD 93, 19, 4;
EXEC dbo.INSERT_ORDER_FOOD 279, 19, 2;
EXEC dbo.INSERT_ORDER_FOOD 190, 20, 2;
EXEC dbo.INSERT_ORDER_FOOD 558, 20, 1;
EXEC dbo.INSERT_ORDER_FOOD 93, 20, 1;
EXEC dbo.INSERT_ORDER_FOOD 136, 20, 1;
EXEC dbo.INSERT_ORDER_FOOD 383, 20, 5;
EXEC dbo.INSERT_ORDER_FOOD 292, 20, 3;
EXEC dbo.INSERT_ORDER_FOOD 292, 20, 3;
EXEC dbo.INSERT_ORDER_FOOD 267, 20, 2;
EXEC dbo.INSERT_ORDER_FOOD 136, 21, 2;
EXEC dbo.INSERT_ORDER_FOOD 11, 21, 5;
EXEC dbo.INSERT_ORDER_FOOD 113, 21, 1;
EXEC dbo.INSERT_ORDER_FOOD 136, 21, 2;
EXEC dbo.INSERT_ORDER_FOOD 575, 21, 2;
EXEC dbo.INSERT_ORDER_FOOD 196, 21, 5;
EXEC dbo.INSERT_ORDER_FOOD 267, 22, 5;
EXEC dbo.INSERT_ORDER_FOOD 113, 22, 5;
EXEC dbo.INSERT_ORDER_FOOD 304, 22, 5;
EXEC dbo.INSERT_ORDER_FOOD 93, 22, 3;
EXEC dbo.INSERT_ORDER_FOOD 190, 22, 5;
EXEC dbo.INSERT_ORDER_FOOD 211, 22, 4;
EXEC dbo.INSERT_ORDER_FOOD 239, 23, 1;
EXEC dbo.INSERT_ORDER_FOOD 580, 23, 5;
EXEC dbo.INSERT_ORDER_FOOD 218, 24, 4;
EXEC dbo.INSERT_ORDER_FOOD 575, 25, 4;
EXEC dbo.INSERT_ORDER_FOOD 156, 25, 5;
EXEC dbo.INSERT_ORDER_FOOD 352, 25, 2;
EXEC dbo.INSERT_ORDER_FOOD 190, 25, 1;
EXEC dbo.INSERT_ORDER_FOOD 434, 25, 4;
EXEC dbo.INSERT_ORDER_FOOD 271, 25, 5;
EXEC dbo.INSERT_ORDER_FOOD 558, 26, 5;
EXEC dbo.INSERT_ORDER_FOOD 279, 26, 3;
EXEC dbo.INSERT_ORDER_FOOD 279, 26, 1;
EXEC dbo.INSERT_ORDER_FOOD 292, 26, 4;
EXEC dbo.INSERT_ORDER_FOOD 275, 26, 4;
EXEC dbo.INSERT_ORDER_FOOD 271, 26, 5;
EXEC dbo.INSERT_ORDER_FOOD 352, 27, 1;
EXEC dbo.INSERT_ORDER_FOOD 292, 27, 1;
EXEC dbo.INSERT_ORDER_FOOD 484, 27, 1;
EXEC dbo.INSERT_ORDER_FOOD 388, 27, 5;
EXEC dbo.INSERT_ORDER_FOOD 505, 28, 3;
EXEC dbo.INSERT_ORDER_FOOD 314, 28, 5;
EXEC dbo.INSERT_ORDER_FOOD 149, 28, 5;
EXEC dbo.INSERT_ORDER_FOOD 575, 28, 5;
EXEC dbo.INSERT_ORDER_FOOD 113, 28, 1;
EXEC dbo.INSERT_ORDER_FOOD 314, 29, 1;
EXEC dbo.INSERT_ORDER_FOOD 434, 30, 2;
EXEC dbo.INSERT_ORDER_FOOD 136, 30, 4;
EXEC dbo.INSERT_ORDER_FOOD 434, 31, 3;
EXEC dbo.INSERT_ORDER_FOOD 422, 31, 1;
EXEC dbo.INSERT_ORDER_FOOD 422, 31, 5;
EXEC dbo.INSERT_ORDER_FOOD 422, 31, 2;
EXEC dbo.INSERT_ORDER_FOOD 282, 31, 3;
EXEC dbo.INSERT_ORDER_FOOD 558, 31, 5;
EXEC dbo.INSERT_ORDER_FOOD 93, 31, 4;
EXEC dbo.INSERT_ORDER_FOOD 239, 31, 2;
EXEC dbo.INSERT_ORDER_FOOD 279, 31, 5;
EXEC dbo.INSERT_ORDER_FOOD 468, 32, 5;
EXEC dbo.INSERT_ORDER_FOOD 304, 32, 2;
EXEC dbo.INSERT_ORDER_FOOD 36, 32, 2;
EXEC dbo.INSERT_ORDER_FOOD 468, 32, 3;
EXEC dbo.INSERT_ORDER_FOOD 388, 32, 5;
EXEC dbo.INSERT_ORDER_FOOD 314, 32, 1;
EXEC dbo.INSERT_ORDER_FOOD 93, 32, 4;
EXEC dbo.INSERT_ORDER_FOOD 11, 33, 5;
EXEC dbo.INSERT_ORDER_FOOD 149, 33, 1;
EXEC dbo.INSERT_ORDER_FOOD 282, 33, 5;
EXEC dbo.INSERT_ORDER_FOOD 575, 33, 5;
EXEC dbo.INSERT_ORDER_FOOD 36, 33, 1;
EXEC dbo.INSERT_ORDER_FOOD 426, 33, 5;
EXEC dbo.INSERT_ORDER_FOOD 185, 33, 3;
EXEC dbo.INSERT_ORDER_FOOD 422, 34, 2;
EXEC dbo.INSERT_ORDER_FOOD 484, 34, 5;
EXEC dbo.INSERT_ORDER_FOOD 567, 34, 5;
EXEC dbo.INSERT_ORDER_FOOD 190, 34, 5;
EXEC dbo.INSERT_ORDER_FOOD 218, 34, 1;
EXEC dbo.INSERT_ORDER_FOOD 190, 34, 3;
EXEC dbo.INSERT_ORDER_FOOD 185, 34, 3;
EXEC dbo.INSERT_ORDER_FOOD 566, 34, 1;
EXEC dbo.INSERT_ORDER_FOOD 304, 34, 1;
EXEC dbo.INSERT_ORDER_FOOD 422, 34, 3;
EXEC dbo.INSERT_ORDER_FOOD 93, 35, 2;
EXEC dbo.INSERT_ORDER_FOOD 151, 35, 2;
EXEC dbo.INSERT_ORDER_FOOD 190, 36, 2;
EXEC dbo.INSERT_ORDER_FOOD 566, 36, 4;
EXEC dbo.INSERT_ORDER_FOOD 282, 37, 3;
EXEC dbo.INSERT_ORDER_FOOD 185, 37, 5;
EXEC dbo.INSERT_ORDER_FOOD 567, 37, 4;
EXEC dbo.INSERT_ORDER_FOOD 279, 37, 4;
EXEC dbo.INSERT_ORDER_FOOD 304, 37, 1;
EXEC dbo.INSERT_ORDER_FOOD 431, 37, 4;
EXEC dbo.INSERT_ORDER_FOOD 211, 37, 2;
EXEC dbo.INSERT_ORDER_FOOD 275, 37, 1;
EXEC dbo.INSERT_ORDER_FOOD 431, 37, 3;
EXEC dbo.INSERT_ORDER_FOOD 218, 38, 3;
EXEC dbo.INSERT_ORDER_FOOD 468, 38, 3;
EXEC dbo.INSERT_ORDER_FOOD 383, 38, 4;
EXEC dbo.INSERT_ORDER_FOOD 434, 38, 5;
EXEC dbo.INSERT_ORDER_FOOD 575, 38, 1;
EXEC dbo.INSERT_ORDER_FOOD 575, 39, 5;
EXEC dbo.INSERT_ORDER_FOOD 149, 39, 5;
EXEC dbo.INSERT_ORDER_FOOD 279, 39, 5;
EXEC dbo.INSERT_ORDER_FOOD 304, 39, 4;
EXEC dbo.INSERT_ORDER_FOOD 434, 39, 2;
EXEC dbo.INSERT_ORDER_FOOD 468, 39, 1;
EXEC dbo.INSERT_ORDER_FOOD 267, 39, 5;
EXEC dbo.INSERT_ORDER_FOOD 458, 39, 1;
EXEC dbo.INSERT_ORDER_FOOD 422, 40, 3;
EXEC dbo.INSERT_ORDER_FOOD 113, 40, 4;
EXEC dbo.INSERT_ORDER_FOOD 304, 40, 3;
EXEC dbo.INSERT_ORDER_FOOD 275, 40, 4;
EXEC dbo.INSERT_ORDER_FOOD 505, 40, 1;
EXEC dbo.INSERT_ORDER_FOOD 267, 40, 4;
EXEC dbo.INSERT_ORDER_FOOD 190, 40, 3;
EXEC dbo.INSERT_ORDER_FOOD 314, 40, 3;
EXEC dbo.INSERT_ORDER_FOOD 459, 40, 2;
EXEC dbo.INSERT_ORDER_FOOD 185, 40, 2;
EXEC dbo.INSERT_ORDER_FOOD 465, 1, 3;
EXEC dbo.INSERT_ORDER_FOOD 391, 1, 4;
EXEC dbo.INSERT_ORDER_FOOD 438, 1, 4;
EXEC dbo.INSERT_ORDER_FOOD 373, 1, 5;
EXEC dbo.INSERT_ORDER_FOOD 465, 2, 1;
EXEC dbo.INSERT_ORDER_FOOD 465, 2, 2;
EXEC dbo.INSERT_ORDER_FOOD 294, 3, 1;
EXEC dbo.INSERT_ORDER_FOOD 415, 3, 5;
EXEC dbo.INSERT_ORDER_FOOD 557, 3, 1;
EXEC dbo.INSERT_ORDER_FOOD 342, 3, 5;
EXEC dbo.INSERT_ORDER_FOOD 513, 3, 4;
EXEC dbo.INSERT_ORDER_FOOD 547, 3, 5;
EXEC dbo.INSERT_ORDER_FOOD 60, 3, 2;
EXEC dbo.INSERT_ORDER_FOOD 281, 4, 5;
EXEC dbo.INSERT_ORDER_FOOD 513, 4, 3;
EXEC dbo.INSERT_ORDER_FOOD 518, 4, 1;
EXEC dbo.INSERT_ORDER_FOOD 557, 4, 2;
EXEC dbo.INSERT_ORDER_FOOD 10, 4, 1;
EXEC dbo.INSERT_ORDER_FOOD 266, 4, 4;
EXEC dbo.INSERT_ORDER_FOOD 189, 4, 4;
EXEC dbo.INSERT_ORDER_FOOD 596, 5, 1;
EXEC dbo.INSERT_ORDER_FOOD 299, 5, 2;
EXEC dbo.INSERT_ORDER_FOOD 393, 5, 5;
EXEC dbo.INSERT_ORDER_FOOD 294, 5, 3;
EXEC dbo.INSERT_ORDER_FOOD 473, 5, 2;
EXEC dbo.INSERT_ORDER_FOOD 391, 5, 5;
EXEC dbo.INSERT_ORDER_FOOD 465, 5, 1;
EXEC dbo.INSERT_ORDER_FOOD 262, 5, 3;
EXEC dbo.INSERT_ORDER_FOOD 342, 6, 4;
EXEC dbo.INSERT_ORDER_FOOD 448, 6, 2;
EXEC dbo.INSERT_ORDER_FOOD 171, 6, 2;
EXEC dbo.INSERT_ORDER_FOOD 262, 6, 3;
EXEC dbo.INSERT_ORDER_FOOD 209, 6, 5;
EXEC dbo.INSERT_ORDER_FOOD 209, 6, 3;
EXEC dbo.INSERT_ORDER_FOOD 433, 6, 2;
EXEC dbo.INSERT_ORDER_FOOD 438, 6, 3;
EXEC dbo.INSERT_ORDER_FOOD 471, 7, 4;
EXEC dbo.INSERT_ORDER_FOOD 497, 8, 2;
EXEC dbo.INSERT_ORDER_FOOD 342, 8, 1;
EXEC dbo.INSERT_ORDER_FOOD 350, 8, 1;
EXEC dbo.INSERT_ORDER_FOOD 171, 8, 2;
EXEC dbo.INSERT_ORDER_FOOD 373, 8, 2;
EXEC dbo.INSERT_ORDER_FOOD 373, 8, 3;
EXEC dbo.INSERT_ORDER_FOOD 469, 8, 4;
EXEC dbo.INSERT_ORDER_FOOD 140, 8, 3;
EXEC dbo.INSERT_ORDER_FOOD 281, 8, 5;
EXEC dbo.INSERT_ORDER_FOOD 60, 8, 3;
EXEC dbo.INSERT_ORDER_FOOD 171, 9, 5;
EXEC dbo.INSERT_ORDER_FOOD 209, 10, 1;
EXEC dbo.INSERT_ORDER_FOOD 473, 10, 4;
EXEC dbo.INSERT_ORDER_FOOD 465, 10, 5;
EXEC dbo.INSERT_ORDER_FOOD 446, 10, 2;
EXEC dbo.INSERT_ORDER_FOOD 415, 10, 1;
EXEC dbo.INSERT_ORDER_FOOD 596, 11, 4;
EXEC dbo.INSERT_ORDER_FOOD 547, 11, 1;
EXEC dbo.INSERT_ORDER_FOOD 518, 11, 4;
EXEC dbo.INSERT_ORDER_FOOD 557, 12, 4;
EXEC dbo.INSERT_ORDER_FOOD 299, 12, 2;
EXEC dbo.INSERT_ORDER_FOOD 438, 12, 1;
EXEC dbo.INSERT_ORDER_FOOD 391, 12, 5;
EXEC dbo.INSERT_ORDER_FOOD 471, 13, 5;
EXEC dbo.INSERT_ORDER_FOOD 162, 13, 3;
EXEC dbo.INSERT_ORDER_FOOD 473, 13, 2;
EXEC dbo.INSERT_ORDER_FOOD 473, 14, 1;
EXEC dbo.INSERT_ORDER_FOOD 342, 14, 2;
EXEC dbo.INSERT_ORDER_FOOD 209, 14, 5;
EXEC dbo.INSERT_ORDER_FOOD 281, 14, 1;
EXEC dbo.INSERT_ORDER_FOOD 171, 14, 4;
EXEC dbo.INSERT_ORDER_FOOD 438, 14, 2;
EXEC dbo.INSERT_ORDER_FOOD 209, 15, 5;
EXEC dbo.INSERT_ORDER_FOOD 433, 15, 2;
EXEC dbo.INSERT_ORDER_FOOD 262, 15, 4;
EXEC dbo.INSERT_ORDER_FOOD 438, 15, 4;
EXEC dbo.INSERT_ORDER_FOOD 518, 15, 4;
EXEC dbo.INSERT_ORDER_FOOD 107, 15, 4;
EXEC dbo.INSERT_ORDER_FOOD 418, 15, 4;
EXEC dbo.INSERT_ORDER_FOOD 446, 16, 5;
EXEC dbo.INSERT_ORDER_FOOD 289, 16, 4;
EXEC dbo.INSERT_ORDER_FOOD 497, 16, 3;
EXEC dbo.INSERT_ORDER_FOOD 10, 16, 1;
EXEC dbo.INSERT_ORDER_FOOD 596, 16, 4;
EXEC dbo.INSERT_ORDER_FOOD 162, 16, 3;
EXEC dbo.INSERT_ORDER_FOOD 386, 16, 2;
EXEC dbo.INSERT_ORDER_FOOD 297, 17, 5;
EXEC dbo.INSERT_ORDER_FOOD 299, 17, 3;
EXEC dbo.INSERT_ORDER_FOOD 350, 17, 1;
EXEC dbo.INSERT_ORDER_FOOD 438, 17, 4;
EXEC dbo.INSERT_ORDER_FOOD 596, 17, 5;
EXEC dbo.INSERT_ORDER_FOOD 386, 17, 2;
EXEC dbo.INSERT_ORDER_FOOD 477, 17, 1;
EXEC dbo.INSERT_ORDER_FOOD 342, 18, 4;
EXEC dbo.INSERT_ORDER_FOOD 557, 18, 1;
EXEC dbo.INSERT_ORDER_FOOD 477, 18, 1;
EXEC dbo.INSERT_ORDER_FOOD 469, 18, 5;
EXEC dbo.INSERT_ORDER_FOOD 162, 18, 1;
EXEC dbo.INSERT_ORDER_FOOD 373, 18, 3;
EXEC dbo.INSERT_ORDER_FOOD 281, 19, 4;
EXEC dbo.INSERT_ORDER_FOOD 477, 19, 2;
EXEC dbo.INSERT_ORDER_FOOD 72, 19, 5;
EXEC dbo.INSERT_ORDER_FOOD 262, 19, 2;
EXEC dbo.INSERT_ORDER_FOOD 10, 20, 5;
EXEC dbo.INSERT_ORDER_FOOD 522, 20, 1;
EXEC dbo.INSERT_ORDER_FOOD 547, 21, 4;
EXEC dbo.INSERT_ORDER_FOOD 140, 22, 2;
EXEC dbo.INSERT_ORDER_FOOD 415, 22, 5;
EXEC dbo.INSERT_ORDER_FOOD 60, 22, 3;
EXEC dbo.INSERT_ORDER_FOOD 32, 23, 3;
EXEC dbo.INSERT_ORDER_FOOD 415, 24, 5;
EXEC dbo.INSERT_ORDER_FOOD 350, 24, 4;
EXEC dbo.INSERT_ORDER_FOOD 386, 24, 5;
EXEC dbo.INSERT_ORDER_FOOD 473, 24, 1;
EXEC dbo.INSERT_ORDER_FOOD 540, 24, 4;
EXEC dbo.INSERT_ORDER_FOOD 448, 25, 4;
EXEC dbo.INSERT_ORDER_FOOD 266, 25, 3;
EXEC dbo.INSERT_ORDER_FOOD 391, 25, 4;
EXEC dbo.INSERT_ORDER_FOOD 294, 25, 1;
EXEC dbo.INSERT_ORDER_FOOD 171, 25, 4;
EXEC dbo.INSERT_ORDER_FOOD 162, 26, 1;
EXEC dbo.INSERT_ORDER_FOOD 60, 26, 2;
EXEC dbo.INSERT_ORDER_FOOD 391, 26, 3;
EXEC dbo.INSERT_ORDER_FOOD 391, 26, 3;
EXEC dbo.INSERT_ORDER_FOOD 465, 27, 3;
EXEC dbo.INSERT_ORDER_FOOD 518, 27, 2;
EXEC dbo.INSERT_ORDER_FOOD 540, 27, 2;
EXEC dbo.INSERT_ORDER_FOOD 297, 27, 5;
EXEC dbo.INSERT_ORDER_FOOD 32, 27, 3;
EXEC dbo.INSERT_ORDER_FOOD 171, 27, 4;
EXEC dbo.INSERT_ORDER_FOOD 418, 28, 1;
EXEC dbo.INSERT_ORDER_FOOD 415, 28, 1;
EXEC dbo.INSERT_ORDER_FOOD 471, 28, 1;
EXEC dbo.INSERT_ORDER_FOOD 294, 28, 5;
EXEC dbo.INSERT_ORDER_FOOD 189, 28, 3;
EXEC dbo.INSERT_ORDER_FOOD 266, 28, 3;
EXEC dbo.INSERT_ORDER_FOOD 209, 28, 5;
EXEC dbo.INSERT_ORDER_FOOD 141, 28, 2;
EXEC dbo.INSERT_ORDER_FOOD 342, 28, 5;
EXEC dbo.INSERT_ORDER_FOOD 297, 28, 2;
EXEC dbo.INSERT_ORDER_FOOD 386, 29, 2;
EXEC dbo.INSERT_ORDER_FOOD 473, 29, 3;
EXEC dbo.INSERT_ORDER_FOOD 373, 29, 1;
EXEC dbo.INSERT_ORDER_FOOD 342, 29, 3;
EXEC dbo.INSERT_ORDER_FOOD 107, 29, 5;
EXEC dbo.INSERT_ORDER_FOOD 415, 29, 2;
EXEC dbo.INSERT_ORDER_FOOD 32, 30, 3;
EXEC dbo.INSERT_ORDER_FOOD 297, 30, 1;
EXEC dbo.INSERT_ORDER_FOOD 171, 30, 5;
EXEC dbo.INSERT_ORDER_FOOD 386, 30, 3;
EXEC dbo.INSERT_ORDER_FOOD 373, 30, 5;
EXEC dbo.INSERT_ORDER_FOOD 473, 30, 3;
EXEC dbo.INSERT_ORDER_FOOD 189, 30, 1;
EXEC dbo.INSERT_ORDER_FOOD 266, 31, 3;
EXEC dbo.INSERT_ORDER_FOOD 547, 31, 2;
EXEC dbo.INSERT_ORDER_FOOD 10, 31, 3;
EXEC dbo.INSERT_ORDER_FOOD 471, 31, 2;
EXEC dbo.INSERT_ORDER_FOOD 229, 31, 2;
EXEC dbo.INSERT_ORDER_FOOD 72, 31, 3;
EXEC dbo.INSERT_ORDER_FOOD 266, 32, 3;
EXEC dbo.INSERT_ORDER_FOOD 469, 32, 3;
EXEC dbo.INSERT_ORDER_FOOD 141, 32, 5;
EXEC dbo.INSERT_ORDER_FOOD 497, 32, 2;
EXEC dbo.INSERT_ORDER_FOOD 281, 32, 4;
EXEC dbo.INSERT_ORDER_FOOD 10, 33, 3;
EXEC dbo.INSERT_ORDER_FOOD 32, 33, 5;
EXEC dbo.INSERT_ORDER_FOOD 386, 33, 3;
EXEC dbo.INSERT_ORDER_FOOD 72, 34, 4;
EXEC dbo.INSERT_ORDER_FOOD 262, 34, 3;
EXEC dbo.INSERT_ORDER_FOOD 342, 34, 1;
EXEC dbo.INSERT_ORDER_FOOD 547, 34, 3;
EXEC dbo.INSERT_ORDER_FOOD 471, 34, 5;
EXEC dbo.INSERT_ORDER_FOOD 140, 34, 1;
EXEC dbo.INSERT_ORDER_FOOD 391, 34, 4;
EXEC dbo.INSERT_ORDER_FOOD 477, 35, 5;
EXEC dbo.INSERT_ORDER_FOOD 433, 35, 2;
EXEC dbo.INSERT_ORDER_FOOD 433, 35, 1;
EXEC dbo.INSERT_ORDER_FOOD 72, 35, 2;
EXEC dbo.INSERT_ORDER_FOOD 386, 35, 2;
EXEC dbo.INSERT_ORDER_FOOD 393, 35, 3;
EXEC dbo.INSERT_ORDER_FOOD 596, 35, 4;
EXEC dbo.INSERT_ORDER_FOOD 373, 35, 5;
EXEC dbo.INSERT_ORDER_FOOD 171, 35, 4;
EXEC dbo.INSERT_ORDER_FOOD 477, 36, 5;
EXEC dbo.INSERT_ORDER_FOOD 297, 36, 1;
EXEC dbo.INSERT_ORDER_FOOD 72, 36, 4;
EXEC dbo.INSERT_ORDER_FOOD 415, 36, 2;
EXEC dbo.INSERT_ORDER_FOOD 540, 36, 2;
EXEC dbo.INSERT_ORDER_FOOD 299, 37, 5;
EXEC dbo.INSERT_ORDER_FOOD 415, 37, 1;
EXEC dbo.INSERT_ORDER_FOOD 391, 37, 3;
EXEC dbo.INSERT_ORDER_FOOD 262, 37, 2;
EXEC dbo.INSERT_ORDER_FOOD 522, 38, 4;
EXEC dbo.INSERT_ORDER_FOOD 596, 38, 3;
EXEC dbo.INSERT_ORDER_FOOD 540, 38, 2;
EXEC dbo.INSERT_ORDER_FOOD 469, 39, 4;
EXEC dbo.INSERT_ORDER_FOOD 391, 39, 2;
EXEC dbo.INSERT_ORDER_FOOD 393, 39, 3;
EXEC dbo.INSERT_ORDER_FOOD 522, 39, 1;
EXEC dbo.INSERT_ORDER_FOOD 473, 39, 4;
EXEC dbo.INSERT_ORDER_FOOD 297, 39, 4;
EXEC dbo.INSERT_ORDER_FOOD 418, 39, 2;
EXEC dbo.INSERT_ORDER_FOOD 477, 39, 1;
EXEC dbo.INSERT_ORDER_FOOD 518, 40, 3;
EXEC dbo.INSERT_ORDER_FOOD 448, 40, 1;
EXEC dbo.INSERT_ORDER_FOOD 547, 40, 2;
EXEC dbo.INSERT_ORDER_FOOD 171, 40, 5;
EXEC dbo.INSERT_ORDER_FOOD 189, 40, 4;
EXEC dbo.INSERT_ORDER_FOOD 403, 1, 1;
EXEC dbo.INSERT_ORDER_FOOD 320, 1, 4;
EXEC dbo.INSERT_ORDER_FOOD 444, 1, 1;
EXEC dbo.INSERT_ORDER_FOOD 402, 1, 1;
EXEC dbo.INSERT_ORDER_FOOD 453, 1, 2;
EXEC dbo.INSERT_ORDER_FOOD 331, 1, 4;
EXEC dbo.INSERT_ORDER_FOOD 402, 1, 3;
EXEC dbo.INSERT_ORDER_FOOD 131, 1, 5;
EXEC dbo.INSERT_ORDER_FOOD 134, 2, 5;
EXEC dbo.INSERT_ORDER_FOOD 525, 2, 4;
EXEC dbo.INSERT_ORDER_FOOD 127, 2, 4;
EXEC dbo.INSERT_ORDER_FOOD 131, 2, 4;
EXEC dbo.INSERT_ORDER_FOOD 201, 2, 1;
EXEC dbo.INSERT_ORDER_FOOD 503, 2, 5;
EXEC dbo.INSERT_ORDER_FOOD 201, 2, 2;
EXEC dbo.INSERT_ORDER_FOOD 451, 3, 3;
EXEC dbo.INSERT_ORDER_FOOD 134, 3, 2;
EXEC dbo.INSERT_ORDER_FOOD 530, 4, 4;
EXEC dbo.INSERT_ORDER_FOOD 528, 4, 4;
EXEC dbo.INSERT_ORDER_FOOD 134, 4, 3;
EXEC dbo.INSERT_ORDER_FOOD 452, 4, 5;
EXEC dbo.INSERT_ORDER_FOOD 312, 4, 5;
EXEC dbo.INSERT_ORDER_FOOD 127, 4, 5;
EXEC dbo.INSERT_ORDER_FOOD 530, 4, 2;
EXEC dbo.INSERT_ORDER_FOOD 285, 4, 2;
EXEC dbo.INSERT_ORDER_FOOD 578, 4, 3;
EXEC dbo.INSERT_ORDER_FOOD 37, 5, 1;
EXEC dbo.INSERT_ORDER_FOOD 73, 5, 4;
EXEC dbo.INSERT_ORDER_FOOD 530, 5, 5;
EXEC dbo.INSERT_ORDER_FOOD 452, 5, 2;
EXEC dbo.INSERT_ORDER_FOOD 251, 6, 2;
EXEC dbo.INSERT_ORDER_FOOD 453, 6, 5;
EXEC dbo.INSERT_ORDER_FOOD 403, 6, 4;
EXEC dbo.INSERT_ORDER_FOOD 146, 6, 5;
EXEC dbo.INSERT_ORDER_FOOD 320, 6, 3;
EXEC dbo.INSERT_ORDER_FOOD 198, 6, 1;
EXEC dbo.INSERT_ORDER_FOOD 578, 6, 1;
EXEC dbo.INSERT_ORDER_FOOD 503, 7, 5;
EXEC dbo.INSERT_ORDER_FOOD 534, 7, 4;
EXEC dbo.INSERT_ORDER_FOOD 530, 7, 3;
EXEC dbo.INSERT_ORDER_FOOD 37, 7, 3;
EXEC dbo.INSERT_ORDER_FOOD 528, 7, 3;
EXEC dbo.INSERT_ORDER_FOOD 127, 7, 5;
EXEC dbo.INSERT_ORDER_FOOD 312, 7, 2;
EXEC dbo.INSERT_ORDER_FOOD 470, 7, 2;
EXEC dbo.INSERT_ORDER_FOOD 19, 7, 1;
EXEC dbo.INSERT_ORDER_FOOD 194, 7, 4;
EXEC dbo.INSERT_ORDER_FOOD 73, 8, 3;
EXEC dbo.INSERT_ORDER_FOOD 453, 9, 3;
EXEC dbo.INSERT_ORDER_FOOD 198, 10, 3;
EXEC dbo.INSERT_ORDER_FOOD 201, 11, 2;
EXEC dbo.INSERT_ORDER_FOOD 453, 11, 5;
EXEC dbo.INSERT_ORDER_FOOD 126, 11, 1;
EXEC dbo.INSERT_ORDER_FOOD 58, 11, 3;
EXEC dbo.INSERT_ORDER_FOOD 198, 12, 3;
EXEC dbo.INSERT_ORDER_FOOD 127, 12, 4;
EXEC dbo.INSERT_ORDER_FOOD 278, 12, 4;
EXEC dbo.INSERT_ORDER_FOOD 503, 12, 1;
EXEC dbo.INSERT_ORDER_FOOD 528, 13, 1;
EXEC dbo.INSERT_ORDER_FOOD 451, 13, 4;
EXEC dbo.INSERT_ORDER_FOOD 534, 13, 1;
EXEC dbo.INSERT_ORDER_FOOD 504, 13, 2;
EXEC dbo.INSERT_ORDER_FOOD 451, 14, 3;
EXEC dbo.INSERT_ORDER_FOOD 126, 14, 1;
EXEC dbo.INSERT_ORDER_FOOD 285, 14, 3;
EXEC dbo.INSERT_ORDER_FOOD 278, 14, 3;
EXEC dbo.INSERT_ORDER_FOOD 470, 14, 2;
EXEC dbo.INSERT_ORDER_FOOD 126, 14, 3;
EXEC dbo.INSERT_ORDER_FOOD 58, 14, 3;
EXEC dbo.INSERT_ORDER_FOOD 403, 15, 2;
EXEC dbo.INSERT_ORDER_FOOD 132, 15, 2;
EXEC dbo.INSERT_ORDER_FOOD 403, 15, 5;
EXEC dbo.INSERT_ORDER_FOOD 285, 16, 3;
EXEC dbo.INSERT_ORDER_FOOD 131, 16, 5;
EXEC dbo.INSERT_ORDER_FOOD 320, 16, 2;
EXEC dbo.INSERT_ORDER_FOOD 278, 16, 3;
EXEC dbo.INSERT_ORDER_FOOD 285, 16, 2;
EXEC dbo.INSERT_ORDER_FOOD 320, 16, 3;
EXEC dbo.INSERT_ORDER_FOOD 528, 16, 2;
EXEC dbo.INSERT_ORDER_FOOD 131, 16, 3;
EXEC dbo.INSERT_ORDER_FOOD 402, 16, 2;
EXEC dbo.INSERT_ORDER_FOOD 73, 16, 4;
EXEC dbo.INSERT_ORDER_FOOD 371, 17, 4;
EXEC dbo.INSERT_ORDER_FOOD 530, 17, 4;
EXEC dbo.INSERT_ORDER_FOOD 134, 17, 1;
EXEC dbo.INSERT_ORDER_FOOD 285, 17, 2;
EXEC dbo.INSERT_ORDER_FOOD 361, 17, 2;
EXEC dbo.INSERT_ORDER_FOOD 312, 17, 2;
EXEC dbo.INSERT_ORDER_FOOD 470, 17, 3;
EXEC dbo.INSERT_ORDER_FOOD 530, 17, 1;
EXEC dbo.INSERT_ORDER_FOOD 37, 17, 4;
EXEC dbo.INSERT_ORDER_FOOD 371, 18, 2;
EXEC dbo.INSERT_ORDER_FOOD 403, 18, 4;
EXEC dbo.INSERT_ORDER_FOOD 453, 18, 3;
EXEC dbo.INSERT_ORDER_FOOD 251, 18, 1;
EXEC dbo.INSERT_ORDER_FOOD 525, 19, 1;
EXEC dbo.INSERT_ORDER_FOOD 37, 19, 2;
EXEC dbo.INSERT_ORDER_FOOD 132, 19, 3;
EXEC dbo.INSERT_ORDER_FOOD 530, 19, 5;
EXEC dbo.INSERT_ORDER_FOOD 503, 19, 2;
EXEC dbo.INSERT_ORDER_FOOD 73, 19, 5;
EXEC dbo.INSERT_ORDER_FOOD 285, 19, 3;
EXEC dbo.INSERT_ORDER_FOOD 201, 19, 3;
EXEC dbo.INSERT_ORDER_FOOD 504, 19, 1;
EXEC dbo.INSERT_ORDER_FOOD 402, 19, 2;
EXEC dbo.INSERT_ORDER_FOOD 194, 20, 2;
EXEC dbo.INSERT_ORDER_FOOD 528, 20, 4;
EXEC dbo.INSERT_ORDER_FOOD 312, 20, 2;
EXEC dbo.INSERT_ORDER_FOOD 278, 20, 2;
EXEC dbo.INSERT_ORDER_FOOD 58, 20, 3;
EXEC dbo.INSERT_ORDER_FOOD 268, 20, 2;
EXEC dbo.INSERT_ORDER_FOOD 470, 20, 2;
EXEC dbo.INSERT_ORDER_FOOD 578, 20, 5;
EXEC dbo.INSERT_ORDER_FOOD 504, 20, 3;
EXEC dbo.INSERT_ORDER_FOOD 251, 20, 4;
EXEC dbo.INSERT_ORDER_FOOD 530, 21, 2;
EXEC dbo.INSERT_ORDER_FOOD 578, 21, 2;
EXEC dbo.INSERT_ORDER_FOOD 58, 21, 3;
EXEC dbo.INSERT_ORDER_FOOD 132, 21, 5;
EXEC dbo.INSERT_ORDER_FOOD 578, 21, 3;
EXEC dbo.INSERT_ORDER_FOOD 201, 21, 4;
EXEC dbo.INSERT_ORDER_FOOD 444, 21, 4;
EXEC dbo.INSERT_ORDER_FOOD 278, 22, 1;
EXEC dbo.INSERT_ORDER_FOOD 474, 23, 5;
EXEC dbo.INSERT_ORDER_FOOD 194, 23, 3;
EXEC dbo.INSERT_ORDER_FOOD 312, 23, 4;
EXEC dbo.INSERT_ORDER_FOOD 251, 23, 1;
EXEC dbo.INSERT_ORDER_FOOD 361, 23, 4;
EXEC dbo.INSERT_ORDER_FOOD 371, 23, 2;
EXEC dbo.INSERT_ORDER_FOOD 534, 24, 1;
EXEC dbo.INSERT_ORDER_FOOD 19, 24, 5;
EXEC dbo.INSERT_ORDER_FOOD 285, 25, 5;
EXEC dbo.INSERT_ORDER_FOOD 504, 25, 1;
EXEC dbo.INSERT_ORDER_FOOD 453, 25, 5;
EXEC dbo.INSERT_ORDER_FOOD 444, 25, 3;
EXEC dbo.INSERT_ORDER_FOOD 312, 25, 2;
EXEC dbo.INSERT_ORDER_FOOD 19, 25, 2;
EXEC dbo.INSERT_ORDER_FOOD 117, 25, 4;
EXEC dbo.INSERT_ORDER_FOOD 320, 25, 3;
EXEC dbo.INSERT_ORDER_FOOD 278, 26, 2;
EXEC dbo.INSERT_ORDER_FOOD 528, 26, 1;
EXEC dbo.INSERT_ORDER_FOOD 371, 27, 5;
EXEC dbo.INSERT_ORDER_FOOD 146, 27, 1;
EXEC dbo.INSERT_ORDER_FOOD 37, 27, 5;
EXEC dbo.INSERT_ORDER_FOOD 126, 27, 3;
EXEC dbo.INSERT_ORDER_FOOD 268, 27, 1;
EXEC dbo.INSERT_ORDER_FOOD 127, 27, 4;
EXEC dbo.INSERT_ORDER_FOOD 578, 27, 5;
EXEC dbo.INSERT_ORDER_FOOD 530, 27, 5;
EXEC dbo.INSERT_ORDER_FOOD 530, 27, 5;
EXEC dbo.INSERT_ORDER_FOOD 525, 28, 3;
EXEC dbo.INSERT_ORDER_FOOD 530, 28, 3;
EXEC dbo.INSERT_ORDER_FOOD 285, 28, 1;
EXEC dbo.INSERT_ORDER_FOOD 198, 28, 3;
EXEC dbo.INSERT_ORDER_FOOD 251, 28, 2;
EXEC dbo.INSERT_ORDER_FOOD 331, 29, 3;
EXEC dbo.INSERT_ORDER_FOOD 134, 29, 1;
EXEC dbo.INSERT_ORDER_FOOD 194, 29, 1;
EXEC dbo.INSERT_ORDER_FOOD 444, 29, 2;
EXEC dbo.INSERT_ORDER_FOOD 525, 29, 2;
EXEC dbo.INSERT_ORDER_FOOD 371, 30, 2;
EXEC dbo.INSERT_ORDER_FOOD 578, 30, 5;
EXEC dbo.INSERT_ORDER_FOOD 451, 30, 3;
EXEC dbo.INSERT_ORDER_FOOD 127, 30, 3;
EXEC dbo.INSERT_ORDER_FOOD 127, 30, 1;
EXEC dbo.INSERT_ORDER_FOOD 268, 31, 2;
EXEC dbo.INSERT_ORDER_FOOD 132, 31, 5;
EXEC dbo.INSERT_ORDER_FOOD 134, 31, 2;
EXEC dbo.INSERT_ORDER_FOOD 201, 31, 3;
EXEC dbo.INSERT_ORDER_FOOD 132, 31, 3;
EXEC dbo.INSERT_ORDER_FOOD 474, 31, 2;
EXEC dbo.INSERT_ORDER_FOOD 201, 32, 2;
EXEC dbo.INSERT_ORDER_FOOD 578, 32, 2;
EXEC dbo.INSERT_ORDER_FOOD 331, 32, 2;
EXEC dbo.INSERT_ORDER_FOOD 312, 32, 2;
EXEC dbo.INSERT_ORDER_FOOD 278, 32, 3;
EXEC dbo.INSERT_ORDER_FOOD 534, 33, 2;
EXEC dbo.INSERT_ORDER_FOOD 525, 33, 5;
EXEC dbo.INSERT_ORDER_FOOD 361, 33, 5;
EXEC dbo.INSERT_ORDER_FOOD 37, 33, 1;
EXEC dbo.INSERT_ORDER_FOOD 131, 33, 1;
EXEC dbo.INSERT_ORDER_FOOD 312, 33, 3;
EXEC dbo.INSERT_ORDER_FOOD 474, 33, 1;
EXEC dbo.INSERT_ORDER_FOOD 251, 33, 3;
EXEC dbo.INSERT_ORDER_FOOD 474, 34, 1;
EXEC dbo.INSERT_ORDER_FOOD 371, 34, 2;
EXEC dbo.INSERT_ORDER_FOOD 146, 34, 2;
EXEC dbo.INSERT_ORDER_FOOD 58, 34, 3;
EXEC dbo.INSERT_ORDER_FOOD 194, 35, 5;
EXEC dbo.INSERT_ORDER_FOOD 37, 35, 4;
EXEC dbo.INSERT_ORDER_FOOD 453, 35, 1;
EXEC dbo.INSERT_ORDER_FOOD 146, 35, 1;
EXEC dbo.INSERT_ORDER_FOOD 268, 35, 2;
EXEC dbo.INSERT_ORDER_FOOD 198, 35, 1;
EXEC dbo.INSERT_ORDER_FOOD 127, 35, 2;
EXEC dbo.INSERT_ORDER_FOOD 198, 36, 3;
EXEC dbo.INSERT_ORDER_FOOD 578, 36, 5;
EXEC dbo.INSERT_ORDER_FOOD 73, 36, 4;
EXEC dbo.INSERT_ORDER_FOOD 530, 36, 5;
EXEC dbo.INSERT_ORDER_FOOD 285, 36, 1;
EXEC dbo.INSERT_ORDER_FOOD 201, 36, 5;
EXEC dbo.INSERT_ORDER_FOOD 312, 36, 4;
EXEC dbo.INSERT_ORDER_FOOD 403, 36, 5;
EXEC dbo.INSERT_ORDER_FOOD 361, 37, 2;
EXEC dbo.INSERT_ORDER_FOOD 285, 37, 2;
EXEC dbo.INSERT_ORDER_FOOD 578, 37, 5;
EXEC dbo.INSERT_ORDER_FOOD 198, 37, 4;
EXEC dbo.INSERT_ORDER_FOOD 58, 37, 4;
EXEC dbo.INSERT_ORDER_FOOD 37, 37, 3;
EXEC dbo.INSERT_ORDER_FOOD 37, 37, 2;
EXEC dbo.INSERT_ORDER_FOOD 198, 37, 5;
EXEC dbo.INSERT_ORDER_FOOD 278, 37, 3;
EXEC dbo.INSERT_ORDER_FOOD 578, 38, 1;
EXEC dbo.INSERT_ORDER_FOOD 451, 38, 2;
EXEC dbo.INSERT_ORDER_FOOD 474, 39, 5;
EXEC dbo.INSERT_ORDER_FOOD 503, 39, 1;
EXEC dbo.INSERT_ORDER_FOOD 285, 39, 2;
EXEC dbo.INSERT_ORDER_FOOD 268, 39, 5;
EXEC dbo.INSERT_ORDER_FOOD 474, 40, 4;
EXEC dbo.INSERT_ORDER_FOOD 525, 40, 2;
EXEC dbo.INSERT_ORDER_FOOD 201, 40, 4;
EXEC dbo.INSERT_ORDER_FOOD 19, 40, 3;
EXEC dbo.INSERT_ORDER_FOOD 117, 40, 2;
EXEC dbo.INSERT_ORDER_FOOD 502, 1, 3;
EXEC dbo.INSERT_ORDER_FOOD 509, 1, 4;
EXEC dbo.INSERT_ORDER_FOOD 335, 1, 3;
EXEC dbo.INSERT_ORDER_FOOD 582, 1, 3;
EXEC dbo.INSERT_ORDER_FOOD 592, 1, 5;
EXEC dbo.INSERT_ORDER_FOOD 243, 1, 3;
EXEC dbo.INSERT_ORDER_FOOD 502, 1, 4;
EXEC dbo.INSERT_ORDER_FOOD 202, 1, 3;
EXEC dbo.INSERT_ORDER_FOOD 535, 1, 2;
EXEC dbo.INSERT_ORDER_FOOD 256, 1, 4;
EXEC dbo.INSERT_ORDER_FOOD 222, 2, 4;
EXEC dbo.INSERT_ORDER_FOOD 500, 2, 3;
EXEC dbo.INSERT_ORDER_FOOD 537, 2, 4;
EXEC dbo.INSERT_ORDER_FOOD 256, 2, 3;
EXEC dbo.INSERT_ORDER_FOOD 489, 3, 3;
EXEC dbo.INSERT_ORDER_FOOD 509, 3, 2;
EXEC dbo.INSERT_ORDER_FOOD 396, 3, 4;
EXEC dbo.INSERT_ORDER_FOOD 537, 3, 4;
EXEC dbo.INSERT_ORDER_FOOD 548, 3, 4;
EXEC dbo.INSERT_ORDER_FOOD 84, 3, 4;
EXEC dbo.INSERT_ORDER_FOOD 243, 3, 2;
EXEC dbo.INSERT_ORDER_FOOD 364, 3, 1;
EXEC dbo.INSERT_ORDER_FOOD 222, 3, 3;
EXEC dbo.INSERT_ORDER_FOOD 535, 4, 3;
EXEC dbo.INSERT_ORDER_FOOD 447, 4, 2;
EXEC dbo.INSERT_ORDER_FOOD 340, 4, 3;
EXEC dbo.INSERT_ORDER_FOOD 440, 4, 5;
EXEC dbo.INSERT_ORDER_FOOD 535, 4, 5;
EXEC dbo.INSERT_ORDER_FOOD 25, 5, 1;
EXEC dbo.INSERT_ORDER_FOOD 404, 5, 4;
EXEC dbo.INSERT_ORDER_FOOD 64, 5, 3;
EXEC dbo.INSERT_ORDER_FOOD 263, 5, 1;
EXEC dbo.INSERT_ORDER_FOOD 364, 5, 4;
EXEC dbo.INSERT_ORDER_FOOD 535, 5, 4;
EXEC dbo.INSERT_ORDER_FOOD 335, 5, 5;
EXEC dbo.INSERT_ORDER_FOOD 263, 5, 2;
EXEC dbo.INSERT_ORDER_FOOD 582, 5, 3;
EXEC dbo.INSERT_ORDER_FOOD 502, 6, 4;
EXEC dbo.INSERT_ORDER_FOOD 486, 6, 3;
EXEC dbo.INSERT_ORDER_FOOD 64, 6, 4;
EXEC dbo.INSERT_ORDER_FOOD 84, 6, 2;
EXEC dbo.INSERT_ORDER_FOOD 5, 6, 5;
EXEC dbo.INSERT_ORDER_FOOD 548, 6, 4;
EXEC dbo.INSERT_ORDER_FOOD 328, 7, 1;
EXEC dbo.INSERT_ORDER_FOOD 535, 7, 3;
EXEC dbo.INSERT_ORDER_FOOD 170, 7, 3;
EXEC dbo.INSERT_ORDER_FOOD 202, 7, 4;
EXEC dbo.INSERT_ORDER_FOOD 272, 7, 1;
EXEC dbo.INSERT_ORDER_FOOD 489, 7, 4;
EXEC dbo.INSERT_ORDER_FOOD 97, 7, 5;
EXEC dbo.INSERT_ORDER_FOOD 537, 7, 4;
EXEC dbo.INSERT_ORDER_FOOD 263, 7, 2;
EXEC dbo.INSERT_ORDER_FOOD 509, 7, 1;
EXEC dbo.INSERT_ORDER_FOOD 263, 8, 3;
EXEC dbo.INSERT_ORDER_FOOD 272, 8, 1;
EXEC dbo.INSERT_ORDER_FOOD 582, 8, 1;
EXEC dbo.INSERT_ORDER_FOOD 404, 8, 4;
EXEC dbo.INSERT_ORDER_FOOD 548, 8, 3;
EXEC dbo.INSERT_ORDER_FOOD 592, 8, 2;
EXEC dbo.INSERT_ORDER_FOOD 272, 8, 3;
EXEC dbo.INSERT_ORDER_FOOD 170, 8, 2;
EXEC dbo.INSERT_ORDER_FOOD 84, 9, 2;
EXEC dbo.INSERT_ORDER_FOOD 243, 9, 4;
EXEC dbo.INSERT_ORDER_FOOD 170, 9, 2;
EXEC dbo.INSERT_ORDER_FOOD 55, 9, 3;
EXEC dbo.INSERT_ORDER_FOOD 222, 9, 5;
EXEC dbo.INSERT_ORDER_FOOD 502, 9, 5;
EXEC dbo.INSERT_ORDER_FOOD 440, 9, 2;
EXEC dbo.INSERT_ORDER_FOOD 537, 9, 5;
EXEC dbo.INSERT_ORDER_FOOD 5, 9, 4;
EXEC dbo.INSERT_ORDER_FOOD 202, 9, 1;
EXEC dbo.INSERT_ORDER_FOOD 175, 10, 2;
EXEC dbo.INSERT_ORDER_FOOD 389, 10, 1;
EXEC dbo.INSERT_ORDER_FOOD 202, 10, 5;
EXEC dbo.INSERT_ORDER_FOOD 256, 10, 1;
EXEC dbo.INSERT_ORDER_FOOD 351, 10, 4;
EXEC dbo.INSERT_ORDER_FOOD 64, 10, 3;
EXEC dbo.INSERT_ORDER_FOOD 592, 10, 3;
EXEC dbo.INSERT_ORDER_FOOD 447, 11, 3;
EXEC dbo.INSERT_ORDER_FOOD 582, 11, 3;
EXEC dbo.INSERT_ORDER_FOOD 411, 11, 5;
EXEC dbo.INSERT_ORDER_FOOD 404, 12, 4;
EXEC dbo.INSERT_ORDER_FOOD 170, 12, 5;
EXEC dbo.INSERT_ORDER_FOOD 480, 12, 5;
EXEC dbo.INSERT_ORDER_FOOD 509, 12, 4;
EXEC dbo.INSERT_ORDER_FOOD 548, 12, 4;
EXEC dbo.INSERT_ORDER_FOOD 25, 12, 2;
EXEC dbo.INSERT_ORDER_FOOD 340, 12, 5;
EXEC dbo.INSERT_ORDER_FOOD 170, 12, 5;
EXEC dbo.INSERT_ORDER_FOOD 364, 12, 1;
EXEC dbo.INSERT_ORDER_FOOD 64, 13, 4;
EXEC dbo.INSERT_ORDER_FOOD 404, 13, 4;
EXEC dbo.INSERT_ORDER_FOOD 175, 13, 4;
EXEC dbo.INSERT_ORDER_FOOD 404, 14, 1;
EXEC dbo.INSERT_ORDER_FOOD 351, 14, 1;
EXEC dbo.INSERT_ORDER_FOOD 175, 14, 2;
EXEC dbo.INSERT_ORDER_FOOD 5, 14, 3;
EXEC dbo.INSERT_ORDER_FOOD 404, 14, 4;
EXEC dbo.INSERT_ORDER_FOOD 222, 15, 5;
EXEC dbo.INSERT_ORDER_FOOD 586, 15, 4;
EXEC dbo.INSERT_ORDER_FOOD 389, 15, 4;
EXEC dbo.INSERT_ORDER_FOOD 502, 15, 4;
EXEC dbo.INSERT_ORDER_FOOD 480, 15, 4;
EXEC dbo.INSERT_ORDER_FOOD 582, 15, 4;
EXEC dbo.INSERT_ORDER_FOOD 335, 15, 1;
EXEC dbo.INSERT_ORDER_FOOD 328, 15, 1;
EXEC dbo.INSERT_ORDER_FOOD 586, 15, 4;
EXEC dbo.INSERT_ORDER_FOOD 454, 16, 2;
EXEC dbo.INSERT_ORDER_FOOD 340, 16, 1;
EXEC dbo.INSERT_ORDER_FOOD 411, 16, 2;
EXEC dbo.INSERT_ORDER_FOOD 592, 16, 5;
EXEC dbo.INSERT_ORDER_FOOD 170, 16, 5;
EXEC dbo.INSERT_ORDER_FOOD 535, 16, 3;
EXEC dbo.INSERT_ORDER_FOOD 272, 16, 1;
EXEC dbo.INSERT_ORDER_FOOD 537, 16, 5;
EXEC dbo.INSERT_ORDER_FOOD 404, 16, 3;
EXEC dbo.INSERT_ORDER_FOOD 502, 16, 4;
EXEC dbo.INSERT_ORDER_FOOD 263, 17, 5;
EXEC dbo.INSERT_ORDER_FOOD 340, 17, 4;
EXEC dbo.INSERT_ORDER_FOOD 509, 17, 4;
EXEC dbo.INSERT_ORDER_FOOD 175, 17, 5;
EXEC dbo.INSERT_ORDER_FOOD 480, 17, 2;
EXEC dbo.INSERT_ORDER_FOOD 55, 17, 3;
EXEC dbo.INSERT_ORDER_FOOD 480, 18, 1;
EXEC dbo.INSERT_ORDER_FOOD 486, 18, 2;
EXEC dbo.INSERT_ORDER_FOOD 256, 19, 4;
EXEC dbo.INSERT_ORDER_FOOD 222, 19, 5;
EXEC dbo.INSERT_ORDER_FOOD 582, 19, 2;
EXEC dbo.INSERT_ORDER_FOOD 328, 19, 2;
EXEC dbo.INSERT_ORDER_FOOD 489, 19, 2;
EXEC dbo.INSERT_ORDER_FOOD 535, 19, 1;
EXEC dbo.INSERT_ORDER_FOOD 340, 19, 1;
EXEC dbo.INSERT_ORDER_FOOD 351, 19, 2;
EXEC dbo.INSERT_ORDER_FOOD 84, 19, 2;
EXEC dbo.INSERT_ORDER_FOOD 489, 20, 1;
EXEC dbo.INSERT_ORDER_FOOD 535, 20, 3;
EXEC dbo.INSERT_ORDER_FOOD 440, 20, 4;
EXEC dbo.INSERT_ORDER_FOOD 592, 20, 5;
EXEC dbo.INSERT_ORDER_FOOD 535, 20, 2;
EXEC dbo.INSERT_ORDER_FOOD 328, 21, 2;
EXEC dbo.INSERT_ORDER_FOOD 447, 21, 3;
EXEC dbo.INSERT_ORDER_FOOD 500, 21, 4;
EXEC dbo.INSERT_ORDER_FOOD 480, 21, 4;
EXEC dbo.INSERT_ORDER_FOOD 5, 21, 1;
EXEC dbo.INSERT_ORDER_FOOD 404, 22, 1;
EXEC dbo.INSERT_ORDER_FOOD 535, 22, 2;
EXEC dbo.INSERT_ORDER_FOOD 97, 22, 3;
EXEC dbo.INSERT_ORDER_FOOD 351, 22, 5;
EXEC dbo.INSERT_ORDER_FOOD 311, 22, 1;
EXEC dbo.INSERT_ORDER_FOOD 263, 22, 2;
EXEC dbo.INSERT_ORDER_FOOD 55, 22, 1;
EXEC dbo.INSERT_ORDER_FOOD 404, 22, 3;
EXEC dbo.INSERT_ORDER_FOOD 25, 22, 4;
EXEC dbo.INSERT_ORDER_FOOD 440, 23, 4;
EXEC dbo.INSERT_ORDER_FOOD 582, 23, 5;
EXEC dbo.INSERT_ORDER_FOOD 222, 23, 2;
EXEC dbo.INSERT_ORDER_FOOD 396, 24, 3;
EXEC dbo.INSERT_ORDER_FOOD 389, 25, 3;
EXEC dbo.INSERT_ORDER_FOOD 454, 25, 1;
EXEC dbo.INSERT_ORDER_FOOD 404, 25, 2;
EXEC dbo.INSERT_ORDER_FOOD 582, 25, 1;
EXEC dbo.INSERT_ORDER_FOOD 500, 25, 4;
EXEC dbo.INSERT_ORDER_FOOD 489, 25, 1;
EXEC dbo.INSERT_ORDER_FOOD 340, 25, 2;
EXEC dbo.INSERT_ORDER_FOOD 311, 25, 5;
EXEC dbo.INSERT_ORDER_FOOD 454, 26, 2;
EXEC dbo.INSERT_ORDER_FOOD 335, 26, 2;
EXEC dbo.INSERT_ORDER_FOOD 440, 26, 1;
EXEC dbo.INSERT_ORDER_FOOD 548, 26, 1;
EXEC dbo.INSERT_ORDER_FOOD 537, 27, 4;
EXEC dbo.INSERT_ORDER_FOOD 351, 27, 1;
EXEC dbo.INSERT_ORDER_FOOD 548, 28, 1;
EXEC dbo.INSERT_ORDER_FOOD 411, 29, 3;
EXEC dbo.INSERT_ORDER_FOOD 535, 29, 2;
EXEC dbo.INSERT_ORDER_FOOD 243, 29, 5;
EXEC dbo.INSERT_ORDER_FOOD 335, 29, 5;
EXEC dbo.INSERT_ORDER_FOOD 328, 29, 1;
EXEC dbo.INSERT_ORDER_FOOD 454, 30, 2;
EXEC dbo.INSERT_ORDER_FOOD 535, 30, 2;
EXEC dbo.INSERT_ORDER_FOOD 454, 30, 2;
EXEC dbo.INSERT_ORDER_FOOD 175, 30, 2;
EXEC dbo.INSERT_ORDER_FOOD 5, 31, 3;
EXEC dbo.INSERT_ORDER_FOOD 411, 31, 3;
EXEC dbo.INSERT_ORDER_FOOD 202, 31, 1;
EXEC dbo.INSERT_ORDER_FOOD 311, 31, 4;
EXEC dbo.INSERT_ORDER_FOOD 5, 31, 2;
EXEC dbo.INSERT_ORDER_FOOD 454, 31, 5;
EXEC dbo.INSERT_ORDER_FOOD 364, 31, 4;
EXEC dbo.INSERT_ORDER_FOOD 535, 32, 2;
EXEC dbo.INSERT_ORDER_FOOD 582, 32, 5;
EXEC dbo.INSERT_ORDER_FOOD 454, 33, 1;
EXEC dbo.INSERT_ORDER_FOOD 272, 33, 2;
EXEC dbo.INSERT_ORDER_FOOD 509, 33, 1;
EXEC dbo.INSERT_ORDER_FOOD 97, 33, 1;
EXEC dbo.INSERT_ORDER_FOOD 404, 33, 1;
EXEC dbo.INSERT_ORDER_FOOD 84, 33, 5;
EXEC dbo.INSERT_ORDER_FOOD 256, 33, 4;
EXEC dbo.INSERT_ORDER_FOOD 404, 33, 3;
EXEC dbo.INSERT_ORDER_FOOD 351, 34, 5;
EXEC dbo.INSERT_ORDER_FOOD 340, 34, 4;
EXEC dbo.INSERT_ORDER_FOOD 537, 34, 2;
EXEC dbo.INSERT_ORDER_FOOD 222, 35, 5;
EXEC dbo.INSERT_ORDER_FOOD 55, 36, 4;
EXEC dbo.INSERT_ORDER_FOOD 500, 36, 5;
EXEC dbo.INSERT_ORDER_FOOD 404, 36, 4;
EXEC dbo.INSERT_ORDER_FOOD 364, 36, 3;
EXEC dbo.INSERT_ORDER_FOOD 582, 37, 4;
EXEC dbo.INSERT_ORDER_FOOD 447, 38, 3;
EXEC dbo.INSERT_ORDER_FOOD 84, 38, 4;
EXEC dbo.INSERT_ORDER_FOOD 311, 38, 2;
EXEC dbo.INSERT_ORDER_FOOD 582, 38, 3;
EXEC dbo.INSERT_ORDER_FOOD 351, 38, 3;
EXEC dbo.INSERT_ORDER_FOOD 64, 38, 3;
EXEC dbo.INSERT_ORDER_FOOD 454, 38, 4;
EXEC dbo.INSERT_ORDER_FOOD 64, 39, 3;
EXEC dbo.INSERT_ORDER_FOOD 537, 39, 4;
EXEC dbo.INSERT_ORDER_FOOD 489, 39, 1;
EXEC dbo.INSERT_ORDER_FOOD 84, 39, 5;
EXEC dbo.INSERT_ORDER_FOOD 582, 39, 1;
EXEC dbo.INSERT_ORDER_FOOD 84, 39, 2;
EXEC dbo.INSERT_ORDER_FOOD 537, 39, 1;
EXEC dbo.INSERT_ORDER_FOOD 263, 39, 1;
EXEC dbo.INSERT_ORDER_FOOD 480, 40, 2;
EXEC dbo.INSERT_ORDER_FOOD 84, 40, 1;
EXEC dbo.INSERT_ORDER_FOOD 335, 40, 4;
EXEC dbo.INSERT_ORDER_FOOD 364, 40, 1;
EXEC dbo.INSERT_ORDER_FOOD 222, 40, 3;
EXEC dbo.INSERT_ORDER_FOOD 454, 40, 1;
EXEC dbo.INSERT_ORDER_FOOD 500, 40, 2;
EXEC dbo.INSERT_ORDER_FOOD 97, 40, 2;
EXEC dbo.INSERT_ORDER_FOOD 486, 40, 2;
EXEC dbo.INSERT_ORDER_FOOD 440, 40, 3;
EXEC dbo.INSERT_ORDER_FOOD 288, 1, 2;
EXEC dbo.INSERT_ORDER_FOOD 63, 1, 3;
EXEC dbo.INSERT_ORDER_FOOD 63, 1, 2;
EXEC dbo.INSERT_ORDER_FOOD 145, 1, 4;
EXEC dbo.INSERT_ORDER_FOOD 67, 1, 5;
EXEC dbo.INSERT_ORDER_FOOD 397, 1, 4;
EXEC dbo.INSERT_ORDER_FOOD 42, 1, 2;
EXEC dbo.INSERT_ORDER_FOOD 250, 1, 1;
EXEC dbo.INSERT_ORDER_FOOD 27, 1, 2;
EXEC dbo.INSERT_ORDER_FOOD 35, 2, 5;
EXEC dbo.INSERT_ORDER_FOOD 334, 2, 3;
EXEC dbo.INSERT_ORDER_FOOD 442, 2, 4;
EXEC dbo.INSERT_ORDER_FOOD 163, 2, 1;
EXEC dbo.INSERT_ORDER_FOOD 442, 2, 1;
EXEC dbo.INSERT_ORDER_FOOD 250, 2, 3;
EXEC dbo.INSERT_ORDER_FOOD 587, 3, 1;
EXEC dbo.INSERT_ORDER_FOOD 42, 3, 3;
EXEC dbo.INSERT_ORDER_FOOD 587, 3, 1;
EXEC dbo.INSERT_ORDER_FOOD 273, 3, 4;
EXEC dbo.INSERT_ORDER_FOOD 301, 3, 4;
EXEC dbo.INSERT_ORDER_FOOD 587, 3, 3;
EXEC dbo.INSERT_ORDER_FOOD 184, 3, 2;
EXEC dbo.INSERT_ORDER_FOOD 250, 3, 5;
EXEC dbo.INSERT_ORDER_FOOD 442, 4, 2;
EXEC dbo.INSERT_ORDER_FOOD 330, 4, 5;
EXEC dbo.INSERT_ORDER_FOOD 353, 4, 4;
EXEC dbo.INSERT_ORDER_FOOD 336, 4, 3;
EXEC dbo.INSERT_ORDER_FOOD 184, 4, 2;
EXEC dbo.INSERT_ORDER_FOOD 334, 4, 1;
EXEC dbo.INSERT_ORDER_FOOD 208, 4, 1;
EXEC dbo.INSERT_ORDER_FOOD 139, 4, 5;
EXEC dbo.INSERT_ORDER_FOOD 334, 4, 4;
EXEC dbo.INSERT_ORDER_FOOD 253, 4, 1;
EXEC dbo.INSERT_ORDER_FOOD 423, 5, 2;
EXEC dbo.INSERT_ORDER_FOOD 163, 5, 5;
EXEC dbo.INSERT_ORDER_FOOD 442, 5, 3;
EXEC dbo.INSERT_ORDER_FOOD 100, 5, 4;
EXEC dbo.INSERT_ORDER_FOOD 380, 5, 1;
EXEC dbo.INSERT_ORDER_FOOD 63, 5, 3;
EXEC dbo.INSERT_ORDER_FOOD 35, 6, 5;
EXEC dbo.INSERT_ORDER_FOOD 423, 6, 1;
EXEC dbo.INSERT_ORDER_FOOD 128, 7, 1;
EXEC dbo.INSERT_ORDER_FOOD 216, 7, 2;
EXEC dbo.INSERT_ORDER_FOOD 161, 7, 3;
EXEC dbo.INSERT_ORDER_FOOD 216, 7, 4;
EXEC dbo.INSERT_ORDER_FOOD 67, 7, 3;
EXEC dbo.INSERT_ORDER_FOOD 216, 7, 2;
EXEC dbo.INSERT_ORDER_FOOD 288, 7, 4;
EXEC dbo.INSERT_ORDER_FOOD 216, 7, 2;
EXEC dbo.INSERT_ORDER_FOOD 163, 7, 3;
EXEC dbo.INSERT_ORDER_FOOD 42, 7, 2;
EXEC dbo.INSERT_ORDER_FOOD 301, 8, 3;
EXEC dbo.INSERT_ORDER_FOOD 354, 8, 4;
EXEC dbo.INSERT_ORDER_FOOD 161, 8, 2;
EXEC dbo.INSERT_ORDER_FOOD 253, 8, 4;
EXEC dbo.INSERT_ORDER_FOOD 288, 8, 4;
EXEC dbo.INSERT_ORDER_FOOD 442, 8, 4;
EXEC dbo.INSERT_ORDER_FOOD 100, 8, 1;
EXEC dbo.INSERT_ORDER_FOOD 254, 8, 2;
EXEC dbo.INSERT_ORDER_FOOD 248, 8, 4;
EXEC dbo.INSERT_ORDER_FOOD 397, 9, 2;
EXEC dbo.INSERT_ORDER_FOOD 67, 10, 5;
EXEC dbo.INSERT_ORDER_FOOD 216, 10, 5;
EXEC dbo.INSERT_ORDER_FOOD 283, 11, 5;
EXEC dbo.INSERT_ORDER_FOOD 322, 11, 5;
EXEC dbo.INSERT_ORDER_FOOD 380, 11, 4;
EXEC dbo.INSERT_ORDER_FOOD 330, 11, 3;
EXEC dbo.INSERT_ORDER_FOOD 481, 11, 3;
EXEC dbo.INSERT_ORDER_FOOD 27, 11, 3;
EXEC dbo.INSERT_ORDER_FOOD 160, 12, 5;
EXEC dbo.INSERT_ORDER_FOOD 139, 12, 3;
EXEC dbo.INSERT_ORDER_FOOD 334, 12, 1;
EXEC dbo.INSERT_ORDER_FOOD 63, 12, 5;
EXEC dbo.INSERT_ORDER_FOOD 248, 12, 1;
EXEC dbo.INSERT_ORDER_FOOD 250, 12, 1;
EXEC dbo.INSERT_ORDER_FOOD 481, 13, 3;
EXEC dbo.INSERT_ORDER_FOOD 163, 13, 3;
EXEC dbo.INSERT_ORDER_FOOD 301, 13, 3;
EXEC dbo.INSERT_ORDER_FOOD 380, 13, 5;
EXEC dbo.INSERT_ORDER_FOOD 184, 13, 5;
EXEC dbo.INSERT_ORDER_FOOD 250, 13, 4;
EXEC dbo.INSERT_ORDER_FOOD 160, 13, 3;
EXEC dbo.INSERT_ORDER_FOOD 587, 14, 3;
EXEC dbo.INSERT_ORDER_FOOD 160, 14, 4;
EXEC dbo.INSERT_ORDER_FOOD 288, 14, 5;
EXEC dbo.INSERT_ORDER_FOOD 301, 14, 5;
EXEC dbo.INSERT_ORDER_FOOD 42, 14, 5;
EXEC dbo.INSERT_ORDER_FOOD 161, 14, 4;
EXEC dbo.INSERT_ORDER_FOOD 248, 15, 5;
EXEC dbo.INSERT_ORDER_FOOD 248, 15, 2;
EXEC dbo.INSERT_ORDER_FOOD 332, 15, 4;
EXEC dbo.INSERT_ORDER_FOOD 128, 15, 1;
EXEC dbo.INSERT_ORDER_FOOD 380, 15, 2;
EXEC dbo.INSERT_ORDER_FOOD 145, 15, 2;
EXEC dbo.INSERT_ORDER_FOOD 67, 15, 5;
EXEC dbo.INSERT_ORDER_FOOD 128, 15, 2;
EXEC dbo.INSERT_ORDER_FOOD 283, 15, 5;
EXEC dbo.INSERT_ORDER_FOOD 253, 15, 5;
EXEC dbo.INSERT_ORDER_FOOD 216, 16, 3;
EXEC dbo.INSERT_ORDER_FOOD 354, 16, 4;
EXEC dbo.INSERT_ORDER_FOOD 273, 16, 4;
EXEC dbo.INSERT_ORDER_FOOD 67, 17, 3;
EXEC dbo.INSERT_ORDER_FOOD 63, 17, 5;
EXEC dbo.INSERT_ORDER_FOOD 160, 17, 1;
EXEC dbo.INSERT_ORDER_FOOD 423, 17, 4;
EXEC dbo.INSERT_ORDER_FOOD 248, 17, 3;
EXEC dbo.INSERT_ORDER_FOOD 283, 17, 1;
EXEC dbo.INSERT_ORDER_FOOD 42, 17, 5;
EXEC dbo.INSERT_ORDER_FOOD 336, 18, 1;
EXEC dbo.INSERT_ORDER_FOOD 248, 18, 4;
EXEC dbo.INSERT_ORDER_FOOD 587, 18, 5;
EXEC dbo.INSERT_ORDER_FOOD 322, 18, 1;
EXEC dbo.INSERT_ORDER_FOOD 216, 18, 1;
EXEC dbo.INSERT_ORDER_FOOD 322, 18, 2;
EXEC dbo.INSERT_ORDER_FOOD 336, 18, 5;
EXEC dbo.INSERT_ORDER_FOOD 225, 18, 5;
EXEC dbo.INSERT_ORDER_FOOD 301, 19, 2;
EXEC dbo.INSERT_ORDER_FOOD 27, 19, 4;
EXEC dbo.INSERT_ORDER_FOOD 481, 19, 5;
EXEC dbo.INSERT_ORDER_FOOD 225, 19, 5;
EXEC dbo.INSERT_ORDER_FOOD 160, 19, 4;
EXEC dbo.INSERT_ORDER_FOOD 100, 19, 3;
EXEC dbo.INSERT_ORDER_FOOD 334, 19, 2;
EXEC dbo.INSERT_ORDER_FOOD 184, 20, 3;
EXEC dbo.INSERT_ORDER_FOOD 27, 20, 1;
EXEC dbo.INSERT_ORDER_FOOD 481, 20, 3;
EXEC dbo.INSERT_ORDER_FOOD 322, 20, 3;
EXEC dbo.INSERT_ORDER_FOOD 353, 20, 5;
EXEC dbo.INSERT_ORDER_FOOD 334, 20, 5;
EXEC dbo.INSERT_ORDER_FOOD 332, 20, 2;
EXEC dbo.INSERT_ORDER_FOOD 248, 20, 1;
EXEC dbo.INSERT_ORDER_FOOD 100, 20, 4;
EXEC dbo.INSERT_ORDER_FOOD 208, 21, 2;
EXEC dbo.INSERT_ORDER_FOOD 250, 21, 5;
EXEC dbo.INSERT_ORDER_FOOD 253, 22, 1;
EXEC dbo.INSERT_ORDER_FOOD 27, 22, 5;
EXEC dbo.INSERT_ORDER_FOOD 423, 22, 5;
EXEC dbo.INSERT_ORDER_FOOD 397, 22, 4;
EXEC dbo.INSERT_ORDER_FOOD 481, 23, 1;
EXEC dbo.INSERT_ORDER_FOOD 322, 23, 5;
EXEC dbo.INSERT_ORDER_FOOD 336, 23, 3;
EXEC dbo.INSERT_ORDER_FOOD 353, 23, 2;
EXEC dbo.INSERT_ORDER_FOOD 380, 23, 1;
EXEC dbo.INSERT_ORDER_FOOD 35, 23, 3;
EXEC dbo.INSERT_ORDER_FOOD 161, 23, 4;
EXEC dbo.INSERT_ORDER_FOOD 250, 24, 1;
EXEC dbo.INSERT_ORDER_FOOD 336, 24, 2;
EXEC dbo.INSERT_ORDER_FOOD 254, 25, 5;
EXEC dbo.INSERT_ORDER_FOOD 423, 26, 2;
EXEC dbo.INSERT_ORDER_FOOD 163, 26, 2;
EXEC dbo.INSERT_ORDER_FOOD 67, 26, 1;
EXEC dbo.INSERT_ORDER_FOOD 283, 27, 3;
EXEC dbo.INSERT_ORDER_FOOD 225, 27, 1;
EXEC dbo.INSERT_ORDER_FOOD 254, 27, 2;
EXEC dbo.INSERT_ORDER_FOOD 63, 27, 4;
EXEC dbo.INSERT_ORDER_FOOD 283, 27, 3;
EXEC dbo.INSERT_ORDER_FOOD 212, 27, 4;
EXEC dbo.INSERT_ORDER_FOOD 253, 27, 3;
EXEC dbo.INSERT_ORDER_FOOD 353, 27, 4;
EXEC dbo.INSERT_ORDER_FOOD 128, 27, 5;
EXEC dbo.INSERT_ORDER_FOOD 483, 28, 4;
EXEC dbo.INSERT_ORDER_FOOD 163, 28, 1;
EXEC dbo.INSERT_ORDER_FOOD 128, 28, 1;
EXEC dbo.INSERT_ORDER_FOOD 273, 28, 2;
EXEC dbo.INSERT_ORDER_FOOD 145, 29, 2;
EXEC dbo.INSERT_ORDER_FOOD 35, 29, 2;
EXEC dbo.INSERT_ORDER_FOOD 380, 29, 3;
EXEC dbo.INSERT_ORDER_FOOD 63, 29, 2;
EXEC dbo.INSERT_ORDER_FOOD 397, 29, 3;
EXEC dbo.INSERT_ORDER_FOOD 483, 29, 3;
EXEC dbo.INSERT_ORDER_FOOD 63, 29, 5;
EXEC dbo.INSERT_ORDER_FOOD 100, 29, 5;
EXEC dbo.INSERT_ORDER_FOOD 483, 30, 2;
EXEC dbo.INSERT_ORDER_FOOD 354, 30, 2;
EXEC dbo.INSERT_ORDER_FOOD 250, 30, 2;
EXEC dbo.INSERT_ORDER_FOOD 216, 30, 5;
EXEC dbo.INSERT_ORDER_FOOD 254, 30, 1;
EXEC dbo.INSERT_ORDER_FOOD 334, 30, 5;
EXEC dbo.INSERT_ORDER_FOOD 254, 30, 2;
EXEC dbo.INSERT_ORDER_FOOD 67, 30, 3;
EXEC dbo.INSERT_ORDER_FOOD 145, 31, 3;
EXEC dbo.INSERT_ORDER_FOOD 139, 31, 1;
EXEC dbo.INSERT_ORDER_FOOD 353, 31, 5;
EXEC dbo.INSERT_ORDER_FOOD 160, 31, 4;
EXEC dbo.INSERT_ORDER_FOOD 67, 32, 5;
EXEC dbo.INSERT_ORDER_FOOD 184, 32, 1;
EXEC dbo.INSERT_ORDER_FOOD 332, 32, 4;
EXEC dbo.INSERT_ORDER_FOOD 225, 32, 4;
EXEC dbo.INSERT_ORDER_FOOD 139, 32, 1;
EXEC dbo.INSERT_ORDER_FOOD 481, 32, 2;
EXEC dbo.INSERT_ORDER_FOOD 423, 32, 5;
EXEC dbo.INSERT_ORDER_FOOD 334, 32, 2;
EXEC dbo.INSERT_ORDER_FOOD 248, 32, 3;
EXEC dbo.INSERT_ORDER_FOOD 225, 32, 5;
EXEC dbo.INSERT_ORDER_FOOD 216, 33, 5;
EXEC dbo.INSERT_ORDER_FOOD 128, 33, 3;
EXEC dbo.INSERT_ORDER_FOOD 42, 33, 2;
EXEC dbo.INSERT_ORDER_FOOD 254, 33, 1;
EXEC dbo.INSERT_ORDER_FOOD 334, 33, 2;
EXEC dbo.INSERT_ORDER_FOOD 67, 33, 1;
EXEC dbo.INSERT_ORDER_FOOD 139, 33, 1;
EXEC dbo.INSERT_ORDER_FOOD 161, 33, 3;
EXEC dbo.INSERT_ORDER_FOOD 330, 33, 4;
EXEC dbo.INSERT_ORDER_FOOD 161, 34, 4;
EXEC dbo.INSERT_ORDER_FOOD 27, 35, 5;
EXEC dbo.INSERT_ORDER_FOOD 353, 35, 3;
EXEC dbo.INSERT_ORDER_FOOD 483, 35, 4;
EXEC dbo.INSERT_ORDER_FOOD 481, 35, 5;
EXEC dbo.INSERT_ORDER_FOOD 42, 35, 2;
EXEC dbo.INSERT_ORDER_FOOD 253, 35, 5;
EXEC dbo.INSERT_ORDER_FOOD 42, 35, 1;
EXEC dbo.INSERT_ORDER_FOOD 63, 35, 2;
EXEC dbo.INSERT_ORDER_FOOD 253, 36, 3;
EXEC dbo.INSERT_ORDER_FOOD 212, 36, 5;
EXEC dbo.INSERT_ORDER_FOOD 442, 36, 3;
EXEC dbo.INSERT_ORDER_FOOD 380, 37, 2;
EXEC dbo.INSERT_ORDER_FOOD 248, 37, 4;
EXEC dbo.INSERT_ORDER_FOOD 42, 37, 3;
EXEC dbo.INSERT_ORDER_FOOD 225, 37, 2;
EXEC dbo.INSERT_ORDER_FOOD 330, 38, 5;
EXEC dbo.INSERT_ORDER_FOOD 100, 38, 4;
EXEC dbo.INSERT_ORDER_FOOD 248, 38, 5;
EXEC dbo.INSERT_ORDER_FOOD 423, 39, 3;
EXEC dbo.INSERT_ORDER_FOOD 208, 39, 3;
EXEC dbo.INSERT_ORDER_FOOD 100, 39, 4;
EXEC dbo.INSERT_ORDER_FOOD 301, 39, 1;
EXEC dbo.INSERT_ORDER_FOOD 254, 39, 3;
EXEC dbo.INSERT_ORDER_FOOD 145, 40, 5;
EXEC dbo.INSERT_ORDER_FOOD 587, 40, 5;
EXEC dbo.INSERT_ORDER_FOOD 160, 40, 3;
EXEC dbo.INSERT_ORDER_FOOD 423, 40, 4;
EXEC dbo.INSERT_ORDER_FOOD 254, 40, 1;
EXEC dbo.INSERT_ORDER_FOOD 273, 40, 2;
EXEC dbo.INSERT_ORDER_FOOD 59, 1, 3;
EXEC dbo.INSERT_ORDER_FOOD 338, 2, 3;
EXEC dbo.INSERT_ORDER_FOOD 519, 2, 5;
EXEC dbo.INSERT_ORDER_FOOD 150, 2, 1;
EXEC dbo.INSERT_ORDER_FOOD 323, 2, 3;
EXEC dbo.INSERT_ORDER_FOOD 150, 2, 5;
EXEC dbo.INSERT_ORDER_FOOD 338, 2, 3;
EXEC dbo.INSERT_ORDER_FOOD 310, 2, 4;
EXEC dbo.INSERT_ORDER_FOOD 66, 2, 1;
EXEC dbo.INSERT_ORDER_FOOD 125, 2, 4;
EXEC dbo.INSERT_ORDER_FOOD 249, 2, 4;
EXEC dbo.INSERT_ORDER_FOOD 392, 3, 4;
EXEC dbo.INSERT_ORDER_FOOD 50, 3, 3;
EXEC dbo.INSERT_ORDER_FOOD 523, 3, 4;
EXEC dbo.INSERT_ORDER_FOOD 53, 3, 2;
EXEC dbo.INSERT_ORDER_FOOD 82, 3, 4;
EXEC dbo.INSERT_ORDER_FOOD 310, 3, 2;
EXEC dbo.INSERT_ORDER_FOOD 231, 3, 1;
EXEC dbo.INSERT_ORDER_FOOD 150, 3, 3;
EXEC dbo.INSERT_ORDER_FOOD 577, 4, 1;
EXEC dbo.INSERT_ORDER_FOOD 455, 4, 2;
EXEC dbo.INSERT_ORDER_FOOD 338, 4, 5;
EXEC dbo.INSERT_ORDER_FOOD 467, 4, 3;
EXEC dbo.INSERT_ORDER_FOOD 53, 4, 3;
EXEC dbo.INSERT_ORDER_FOOD 53, 4, 3;
EXEC dbo.INSERT_ORDER_FOOD 53, 4, 2;
EXEC dbo.INSERT_ORDER_FOOD 213, 5, 5;
EXEC dbo.INSERT_ORDER_FOOD 133, 5, 3;
EXEC dbo.INSERT_ORDER_FOOD 66, 6, 1;
EXEC dbo.INSERT_ORDER_FOOD 213, 6, 4;
EXEC dbo.INSERT_ORDER_FOOD 467, 6, 3;
EXEC dbo.INSERT_ORDER_FOOD 487, 6, 3;
EXEC dbo.INSERT_ORDER_FOOD 7, 6, 3;
EXEC dbo.INSERT_ORDER_FOOD 455, 7, 5;
EXEC dbo.INSERT_ORDER_FOOD 133, 7, 1;
EXEC dbo.INSERT_ORDER_FOOD 600, 8, 5;
EXEC dbo.INSERT_ORDER_FOOD 82, 8, 2;
EXEC dbo.INSERT_ORDER_FOOD 105, 8, 3;
EXEC dbo.INSERT_ORDER_FOOD 94, 8, 2;
EXEC dbo.INSERT_ORDER_FOOD 445, 8, 2;
EXEC dbo.INSERT_ORDER_FOOD 287, 9, 1;
EXEC dbo.INSERT_ORDER_FOOD 523, 9, 1;
EXEC dbo.INSERT_ORDER_FOOD 94, 9, 1;
EXEC dbo.INSERT_ORDER_FOOD 467, 9, 1;
EXEC dbo.INSERT_ORDER_FOOD 519, 9, 4;
EXEC dbo.INSERT_ORDER_FOOD 356, 9, 4;
EXEC dbo.INSERT_ORDER_FOOD 577, 9, 2;
EXEC dbo.INSERT_ORDER_FOOD 98, 9, 2;
EXEC dbo.INSERT_ORDER_FOOD 82, 9, 5;
EXEC dbo.INSERT_ORDER_FOOD 82, 10, 2;
EXEC dbo.INSERT_ORDER_FOOD 53, 10, 5;
EXEC dbo.INSERT_ORDER_FOOD 105, 10, 1;
EXEC dbo.INSERT_ORDER_FOOD 150, 10, 3;
EXEC dbo.INSERT_ORDER_FOOD 356, 10, 2;
EXEC dbo.INSERT_ORDER_FOOD 82, 10, 5;
EXEC dbo.INSERT_ORDER_FOOD 456, 10, 2;
EXEC dbo.INSERT_ORDER_FOOD 310, 10, 4;
EXEC dbo.INSERT_ORDER_FOOD 499, 11, 5;
EXEC dbo.INSERT_ORDER_FOOD 338, 11, 1;
EXEC dbo.INSERT_ORDER_FOOD 600, 11, 3;
EXEC dbo.INSERT_ORDER_FOOD 323, 11, 5;
EXEC dbo.INSERT_ORDER_FOOD 213, 11, 2;
EXEC dbo.INSERT_ORDER_FOOD 287, 12, 5;
EXEC dbo.INSERT_ORDER_FOOD 551, 12, 2;
EXEC dbo.INSERT_ORDER_FOOD 338, 12, 5;
EXEC dbo.INSERT_ORDER_FOOD 50, 12, 5;
EXEC dbo.INSERT_ORDER_FOOD 98, 13, 3;
EXEC dbo.INSERT_ORDER_FOOD 9, 13, 1;
EXEC dbo.INSERT_ORDER_FOOD 499, 13, 1;
EXEC dbo.INSERT_ORDER_FOOD 105, 13, 4;
EXEC dbo.INSERT_ORDER_FOOD 577, 13, 5;
EXEC dbo.INSERT_ORDER_FOOD 213, 13, 2;
EXEC dbo.INSERT_ORDER_FOOD 551, 13, 1;
EXEC dbo.INSERT_ORDER_FOOD 7, 13, 1;
EXEC dbo.INSERT_ORDER_FOOD 456, 13, 3;
EXEC dbo.INSERT_ORDER_FOOD 213, 13, 2;
EXEC dbo.INSERT_ORDER_FOOD 105, 14, 3;
EXEC dbo.INSERT_ORDER_FOOD 323, 14, 1;
EXEC dbo.INSERT_ORDER_FOOD 105, 14, 2;
EXEC dbo.INSERT_ORDER_FOOD 12, 14, 4;
EXEC dbo.INSERT_ORDER_FOOD 125, 14, 1;
EXEC dbo.INSERT_ORDER_FOOD 150, 14, 2;
EXEC dbo.INSERT_ORDER_FOOD 456, 14, 2;
EXEC dbo.INSERT_ORDER_FOOD 482, 14, 3;
EXEC dbo.INSERT_ORDER_FOOD 18, 14, 3;
EXEC dbo.INSERT_ORDER_FOOD 66, 14, 5;
EXEC dbo.INSERT_ORDER_FOOD 50, 15, 1;
EXEC dbo.INSERT_ORDER_FOOD 66, 15, 5;
EXEC dbo.INSERT_ORDER_FOOD 7, 15, 3;
EXEC dbo.INSERT_ORDER_FOOD 392, 15, 1;
EXEC dbo.INSERT_ORDER_FOOD 499, 15, 2;
EXEC dbo.INSERT_ORDER_FOOD 527, 15, 4;
EXEC dbo.INSERT_ORDER_FOOD 310, 15, 1;
EXEC dbo.INSERT_ORDER_FOOD 18, 15, 3;
EXEC dbo.INSERT_ORDER_FOOD 392, 15, 4;
EXEC dbo.INSERT_ORDER_FOOD 59, 16, 4;
EXEC dbo.INSERT_ORDER_FOOD 519, 16, 1;
EXEC dbo.INSERT_ORDER_FOOD 213, 16, 5;
EXEC dbo.INSERT_ORDER_FOOD 551, 16, 5;
EXEC dbo.INSERT_ORDER_FOOD 98, 16, 3;
EXEC dbo.INSERT_ORDER_FOOD 50, 16, 2;
EXEC dbo.INSERT_ORDER_FOOD 519, 16, 3;
EXEC dbo.INSERT_ORDER_FOOD 125, 16, 4;
EXEC dbo.INSERT_ORDER_FOOD 356, 16, 5;
EXEC dbo.INSERT_ORDER_FOOD 482, 16, 5;
EXEC dbo.INSERT_ORDER_FOOD 487, 17, 4;
EXEC dbo.INSERT_ORDER_FOOD 249, 17, 2;
EXEC dbo.INSERT_ORDER_FOOD 82, 17, 1;
EXEC dbo.INSERT_ORDER_FOOD 432, 18, 3;
EXEC dbo.INSERT_ORDER_FOOD 94, 18, 5;
EXEC dbo.INSERT_ORDER_FOOD 105, 18, 3;
EXEC dbo.INSERT_ORDER_FOOD 50, 18, 1;
EXEC dbo.INSERT_ORDER_FOOD 577, 18, 2;
EXEC dbo.INSERT_ORDER_FOOD 345, 18, 5;
EXEC dbo.INSERT_ORDER_FOOD 213, 18, 3;
EXEC dbo.INSERT_ORDER_FOOD 551, 18, 5;
EXEC dbo.INSERT_ORDER_FOOD 424, 19, 5;
EXEC dbo.INSERT_ORDER_FOOD 213, 19, 3;
EXEC dbo.INSERT_ORDER_FOOD 323, 19, 5;
EXEC dbo.INSERT_ORDER_FOOD 445, 19, 4;
EXEC dbo.INSERT_ORDER_FOOD 94, 20, 5;
EXEC dbo.INSERT_ORDER_FOOD 249, 20, 2;
EXEC dbo.INSERT_ORDER_FOOD 231, 21, 2;
EXEC dbo.INSERT_ORDER_FOOD 123, 21, 5;
EXEC dbo.INSERT_ORDER_FOOD 82, 21, 3;
EXEC dbo.INSERT_ORDER_FOOD 356, 22, 1;
EXEC dbo.INSERT_ORDER_FOOD 310, 22, 4;
EXEC dbo.INSERT_ORDER_FOOD 105, 22, 2;
EXEC dbo.INSERT_ORDER_FOOD 18, 22, 5;
EXEC dbo.INSERT_ORDER_FOOD 455, 23, 3;
EXEC dbo.INSERT_ORDER_FOOD 523, 23, 5;
EXEC dbo.INSERT_ORDER_FOOD 527, 23, 3;
EXEC dbo.INSERT_ORDER_FOOD 455, 23, 2;
EXEC dbo.INSERT_ORDER_FOOD 94, 23, 4;
EXEC dbo.INSERT_ORDER_FOOD 98, 23, 3;
EXEC dbo.INSERT_ORDER_FOOD 392, 23, 4;
EXEC dbo.INSERT_ORDER_FOOD 432, 23, 1;
EXEC dbo.INSERT_ORDER_FOOD 577, 24, 2;
EXEC dbo.INSERT_ORDER_FOOD 105, 24, 1;
EXEC dbo.INSERT_ORDER_FOOD 455, 25, 1;
EXEC dbo.INSERT_ORDER_FOOD 551, 25, 5;
EXEC dbo.INSERT_ORDER_FOOD 98, 25, 2;
EXEC dbo.INSERT_ORDER_FOOD 424, 25, 5;
EXEC dbo.INSERT_ORDER_FOOD 323, 25, 4;
EXEC dbo.INSERT_ORDER_FOOD 356, 25, 5;
EXEC dbo.INSERT_ORDER_FOOD 150, 25, 1;
EXEC dbo.INSERT_ORDER_FOOD 150, 25, 4;
EXEC dbo.INSERT_ORDER_FOOD 9, 26, 5;
EXEC dbo.INSERT_ORDER_FOOD 287, 26, 1;
EXEC dbo.INSERT_ORDER_FOOD 338, 26, 2;
EXEC dbo.INSERT_ORDER_FOOD 12, 27, 1;
EXEC dbo.INSERT_ORDER_FOOD 133, 28, 4;
EXEC dbo.INSERT_ORDER_FOOD 66, 28, 2;
EXEC dbo.INSERT_ORDER_FOOD 356, 28, 1;
EXEC dbo.INSERT_ORDER_FOOD 577, 28, 3;
EXEC dbo.INSERT_ORDER_FOOD 82, 28, 3;
EXEC dbo.INSERT_ORDER_FOOD 92, 28, 5;
EXEC dbo.INSERT_ORDER_FOOD 499, 28, 4;
EXEC dbo.INSERT_ORDER_FOOD 66, 28, 5;
EXEC dbo.INSERT_ORDER_FOOD 551, 29, 3;
EXEC dbo.INSERT_ORDER_FOOD 523, 29, 4;
EXEC dbo.INSERT_ORDER_FOOD 456, 29, 4;
EXEC dbo.INSERT_ORDER_FOOD 467, 29, 3;
EXEC dbo.INSERT_ORDER_FOOD 445, 29, 1;
EXEC dbo.INSERT_ORDER_FOOD 59, 29, 3;
EXEC dbo.INSERT_ORDER_FOOD 523, 29, 2;
EXEC dbo.INSERT_ORDER_FOOD 150, 29, 1;
EXEC dbo.INSERT_ORDER_FOOD 482, 29, 1;
EXEC dbo.INSERT_ORDER_FOOD 9, 29, 2;
EXEC dbo.INSERT_ORDER_FOOD 467, 30, 5;
EXEC dbo.INSERT_ORDER_FOOD 392, 31, 2;
EXEC dbo.INSERT_ORDER_FOOD 523, 31, 1;
EXEC dbo.INSERT_ORDER_FOOD 213, 31, 1;
EXEC dbo.INSERT_ORDER_FOOD 9, 31, 1;
EXEC dbo.INSERT_ORDER_FOOD 18, 31, 5;
EXEC dbo.INSERT_ORDER_FOOD 392, 31, 2;
EXEC dbo.INSERT_ORDER_FOOD 424, 31, 1;
EXEC dbo.INSERT_ORDER_FOOD 310, 31, 3;
EXEC dbo.INSERT_ORDER_FOOD 92, 32, 4;
EXEC dbo.INSERT_ORDER_FOOD 98, 32, 2;
EXEC dbo.INSERT_ORDER_FOOD 392, 33, 1;
EXEC dbo.INSERT_ORDER_FOOD 105, 33, 5;
EXEC dbo.INSERT_ORDER_FOOD 105, 33, 2;
EXEC dbo.INSERT_ORDER_FOOD 7, 33, 3;
EXEC dbo.INSERT_ORDER_FOOD 133, 33, 1;
EXEC dbo.INSERT_ORDER_FOOD 523, 33, 2;
EXEC dbo.INSERT_ORDER_FOOD 577, 33, 2;
EXEC dbo.INSERT_ORDER_FOOD 523, 34, 2;
EXEC dbo.INSERT_ORDER_FOOD 12, 34, 1;
EXEC dbo.INSERT_ORDER_FOOD 66, 34, 1;
EXEC dbo.INSERT_ORDER_FOOD 323, 34, 4;
EXEC dbo.INSERT_ORDER_FOOD 432, 34, 4;
EXEC dbo.INSERT_ORDER_FOOD 105, 34, 3;
EXEC dbo.INSERT_ORDER_FOOD 249, 34, 5;
EXEC dbo.INSERT_ORDER_FOOD 338, 35, 1;
EXEC dbo.INSERT_ORDER_FOOD 455, 35, 4;
EXEC dbo.INSERT_ORDER_FOOD 392, 36, 1;
EXEC dbo.INSERT_ORDER_FOOD 482, 36, 2;
EXEC dbo.INSERT_ORDER_FOOD 487, 36, 3;
EXEC dbo.INSERT_ORDER_FOOD 392, 36, 1;
EXEC dbo.INSERT_ORDER_FOOD 456, 37, 2;
EXEC dbo.INSERT_ORDER_FOOD 66, 37, 1;
EXEC dbo.INSERT_ORDER_FOOD 482, 37, 3;
EXEC dbo.INSERT_ORDER_FOOD 94, 37, 2;
EXEC dbo.INSERT_ORDER_FOOD 231, 37, 3;
EXEC dbo.INSERT_ORDER_FOOD 523, 37, 3;
EXEC dbo.INSERT_ORDER_FOOD 7, 37, 3;
EXEC dbo.INSERT_ORDER_FOOD 94, 37, 4;
EXEC dbo.INSERT_ORDER_FOOD 7, 37, 5;
EXEC dbo.INSERT_ORDER_FOOD 12, 38, 2;
EXEC dbo.INSERT_ORDER_FOOD 499, 38, 2;
EXEC dbo.INSERT_ORDER_FOOD 9, 39, 1;
EXEC dbo.INSERT_ORDER_FOOD 487, 39, 4;
EXEC dbo.INSERT_ORDER_FOOD 150, 39, 3;
EXEC dbo.INSERT_ORDER_FOOD 455, 39, 5;
EXEC dbo.INSERT_ORDER_FOOD 74, 39, 3;
EXEC dbo.INSERT_ORDER_FOOD 527, 39, 5;
EXEC dbo.INSERT_ORDER_FOOD 392, 39, 5;
EXEC dbo.INSERT_ORDER_FOOD 59, 40, 2;
EXEC dbo.INSERT_ORDER_FOOD 74, 40, 5;
EXEC dbo.INSERT_ORDER_FOOD 551, 40, 1;
EXEC dbo.INSERT_ORDER_FOOD 600, 40, 1;
EXEC dbo.INSERT_ORDER_FOOD 18, 40, 4;
EXEC dbo.INSERT_ORDER_FOOD 523, 40, 1;
EXEC dbo.INSERT_ORDER_FOOD 18, 40, 2;
EXEC dbo.INSERT_ORDER_FOOD 455, 40, 1;
EXEC dbo.INSERT_ORDER_FOOD 479, 1, 5;
EXEC dbo.INSERT_ORDER_FOOD 552, 1, 5;
EXEC dbo.INSERT_ORDER_FOOD 461, 1, 5;
EXEC dbo.INSERT_ORDER_FOOD 450, 1, 4;
EXEC dbo.INSERT_ORDER_FOOD 325, 1, 4;
EXEC dbo.INSERT_ORDER_FOOD 450, 1, 5;
EXEC dbo.INSERT_ORDER_FOOD 568, 1, 4;
EXEC dbo.INSERT_ORDER_FOOD 520, 1, 1;
EXEC dbo.INSERT_ORDER_FOOD 15, 2, 2;
EXEC dbo.INSERT_ORDER_FOOD 180, 2, 3;
EXEC dbo.INSERT_ORDER_FOOD 479, 2, 3;
EXEC dbo.INSERT_ORDER_FOOD 270, 2, 1;
EXEC dbo.INSERT_ORDER_FOOD 520, 3, 4;
EXEC dbo.INSERT_ORDER_FOOD 591, 3, 3;
EXEC dbo.INSERT_ORDER_FOOD 293, 4, 3;
EXEC dbo.INSERT_ORDER_FOOD 54, 5, 3;
EXEC dbo.INSERT_ORDER_FOOD 520, 5, 1;
EXEC dbo.INSERT_ORDER_FOOD 493, 5, 4;
EXEC dbo.INSERT_ORDER_FOOD 325, 5, 5;
EXEC dbo.INSERT_ORDER_FOOD 155, 5, 1;
EXEC dbo.INSERT_ORDER_FOOD 15, 5, 5;
EXEC dbo.INSERT_ORDER_FOOD 57, 5, 3;
EXEC dbo.INSERT_ORDER_FOOD 466, 6, 4;
EXEC dbo.INSERT_ORDER_FOOD 180, 6, 3;
EXEC dbo.INSERT_ORDER_FOOD 492, 6, 1;
EXEC dbo.INSERT_ORDER_FOOD 472, 6, 1;
EXEC dbo.INSERT_ORDER_FOOD 494, 7, 3;
EXEC dbo.INSERT_ORDER_FOOD 206, 7, 5;
EXEC dbo.INSERT_ORDER_FOOD 54, 7, 3;
EXEC dbo.INSERT_ORDER_FOOD 568, 7, 3;
EXEC dbo.INSERT_ORDER_FOOD 54, 7, 2;
EXEC dbo.INSERT_ORDER_FOOD 111, 7, 3;
EXEC dbo.INSERT_ORDER_FOOD 80, 7, 5;
EXEC dbo.INSERT_ORDER_FOOD 479, 7, 3;
EXEC dbo.INSERT_ORDER_FOOD 559, 8, 3;
EXEC dbo.INSERT_ORDER_FOOD 568, 8, 2;
EXEC dbo.INSERT_ORDER_FOOD 206, 8, 2;
EXEC dbo.INSERT_ORDER_FOOD 155, 9, 3;
EXEC dbo.INSERT_ORDER_FOOD 478, 9, 1;
EXEC dbo.INSERT_ORDER_FOOD 495, 9, 4;
EXEC dbo.INSERT_ORDER_FOOD 563, 9, 2;
EXEC dbo.INSERT_ORDER_FOOD 367, 9, 4;
EXEC dbo.INSERT_ORDER_FOOD 111, 9, 1;
EXEC dbo.INSERT_ORDER_FOOD 367, 9, 2;
EXEC dbo.INSERT_ORDER_FOOD 494, 9, 5;
EXEC dbo.INSERT_ORDER_FOOD 15, 9, 2;
EXEC dbo.INSERT_ORDER_FOOD 466, 10, 4;
EXEC dbo.INSERT_ORDER_FOOD 325, 10, 5;
EXEC dbo.INSERT_ORDER_FOOD 494, 11, 5;
EXEC dbo.INSERT_ORDER_FOOD 479, 11, 1;
EXEC dbo.INSERT_ORDER_FOOD 437, 11, 4;
EXEC dbo.INSERT_ORDER_FOOD 593, 11, 2;
EXEC dbo.INSERT_ORDER_FOOD 559, 11, 2;
EXEC dbo.INSERT_ORDER_FOOD 568, 11, 3;
EXEC dbo.INSERT_ORDER_FOOD 367, 11, 4;
EXEC dbo.INSERT_ORDER_FOOD 111, 11, 3;
EXEC dbo.INSERT_ORDER_FOOD 44, 11, 2;
EXEC dbo.INSERT_ORDER_FOOD 227, 12, 4;
EXEC dbo.INSERT_ORDER_FOOD 44, 12, 1;
EXEC dbo.INSERT_ORDER_FOOD 44, 12, 5;
EXEC dbo.INSERT_ORDER_FOOD 137, 12, 4;
EXEC dbo.INSERT_ORDER_FOOD 269, 12, 4;
EXEC dbo.INSERT_ORDER_FOOD 44, 12, 5;
EXEC dbo.INSERT_ORDER_FOOD 437, 13, 5;
EXEC dbo.INSERT_ORDER_FOOD 57, 13, 4;
EXEC dbo.INSERT_ORDER_FOOD 563, 13, 5;
EXEC dbo.INSERT_ORDER_FOOD 568, 13, 3;
EXEC dbo.INSERT_ORDER_FOOD 494, 14, 4;
EXEC dbo.INSERT_ORDER_FOOD 57, 14, 1;
EXEC dbo.INSERT_ORDER_FOOD 227, 14, 1;
EXEC dbo.INSERT_ORDER_FOOD 270, 14, 5;
EXEC dbo.INSERT_ORDER_FOOD 478, 14, 3;
EXEC dbo.INSERT_ORDER_FOOD 270, 15, 1;
EXEC dbo.INSERT_ORDER_FOOD 54, 15, 3;
EXEC dbo.INSERT_ORDER_FOOD 478, 15, 2;
EXEC dbo.INSERT_ORDER_FOOD 559, 16, 2;
EXEC dbo.INSERT_ORDER_FOOD 472, 16, 5;
EXEC dbo.INSERT_ORDER_FOOD 485, 16, 4;
EXEC dbo.INSERT_ORDER_FOOD 461, 17, 2;
EXEC dbo.INSERT_ORDER_FOOD 479, 17, 5;
EXEC dbo.INSERT_ORDER_FOOD 552, 17, 2;
EXEC dbo.INSERT_ORDER_FOOD 180, 17, 3;
EXEC dbo.INSERT_ORDER_FOOD 466, 17, 2;
EXEC dbo.INSERT_ORDER_FOOD 137, 17, 2;
EXEC dbo.INSERT_ORDER_FOOD 374, 17, 3;
EXEC dbo.INSERT_ORDER_FOOD 305, 17, 4;
EXEC dbo.INSERT_ORDER_FOOD 54, 17, 1;
EXEC dbo.INSERT_ORDER_FOOD 318, 17, 1;
EXEC dbo.INSERT_ORDER_FOOD 111, 18, 5;
EXEC dbo.INSERT_ORDER_FOOD 472, 18, 4;
EXEC dbo.INSERT_ORDER_FOOD 593, 18, 2;
EXEC dbo.INSERT_ORDER_FOOD 568, 18, 3;
EXEC dbo.INSERT_ORDER_FOOD 180, 19, 2;
EXEC dbo.INSERT_ORDER_FOOD 485, 19, 5;
EXEC dbo.INSERT_ORDER_FOOD 270, 19, 4;
EXEC dbo.INSERT_ORDER_FOOD 206, 20, 1;
EXEC dbo.INSERT_ORDER_FOOD 552, 20, 5;
EXEC dbo.INSERT_ORDER_FOOD 57, 20, 3;
EXEC dbo.INSERT_ORDER_FOOD 568, 20, 2;
EXEC dbo.INSERT_ORDER_FOOD 437, 20, 2;
EXEC dbo.INSERT_ORDER_FOOD 270, 20, 1;
EXEC dbo.INSERT_ORDER_FOOD 495, 20, 3;
EXEC dbo.INSERT_ORDER_FOOD 374, 21, 2;
EXEC dbo.INSERT_ORDER_FOOD 137, 21, 5;
EXEC dbo.INSERT_ORDER_FOOD 367, 21, 1;
EXEC dbo.INSERT_ORDER_FOOD 437, 21, 4;
EXEC dbo.INSERT_ORDER_FOOD 472, 21, 1;
EXEC dbo.INSERT_ORDER_FOOD 437, 21, 2;
EXEC dbo.INSERT_ORDER_FOOD 520, 21, 5;
EXEC dbo.INSERT_ORDER_FOOD 57, 21, 2;
EXEC dbo.INSERT_ORDER_FOOD 155, 21, 2;
EXEC dbo.INSERT_ORDER_FOOD 495, 22, 4;
EXEC dbo.INSERT_ORDER_FOOD 137, 22, 5;
EXEC dbo.INSERT_ORDER_FOOD 495, 22, 3;
EXEC dbo.INSERT_ORDER_FOOD 593, 23, 2;
EXEC dbo.INSERT_ORDER_FOOD 80, 23, 4;
EXEC dbo.INSERT_ORDER_FOOD 437, 23, 3;
EXEC dbo.INSERT_ORDER_FOOD 54, 23, 2;
EXEC dbo.INSERT_ORDER_FOOD 472, 23, 4;
EXEC dbo.INSERT_ORDER_FOOD 494, 23, 1;
EXEC dbo.INSERT_ORDER_FOOD 563, 23, 1;
EXEC dbo.INSERT_ORDER_FOOD 494, 23, 3;
EXEC dbo.INSERT_ORDER_FOOD 559, 23, 2;
EXEC dbo.INSERT_ORDER_FOOD 269, 24, 1;
EXEC dbo.INSERT_ORDER_FOOD 374, 24, 5;
EXEC dbo.INSERT_ORDER_FOOD 466, 24, 4;
EXEC dbo.INSERT_ORDER_FOOD 591, 24, 1;
EXEC dbo.INSERT_ORDER_FOOD 552, 24, 1;
EXEC dbo.INSERT_ORDER_FOOD 374, 24, 4;
EXEC dbo.INSERT_ORDER_FOOD 437, 24, 4;
EXEC dbo.INSERT_ORDER_FOOD 495, 25, 4;
EXEC dbo.INSERT_ORDER_FOOD 543, 25, 5;
EXEC dbo.INSERT_ORDER_FOOD 57, 25, 1;
EXEC dbo.INSERT_ORDER_FOOD 472, 25, 1;
EXEC dbo.INSERT_ORDER_FOOD 492, 25, 2;
EXEC dbo.INSERT_ORDER_FOOD 15, 25, 2;
EXEC dbo.INSERT_ORDER_FOOD 374, 26, 3;
EXEC dbo.INSERT_ORDER_FOOD 57, 26, 5;
EXEC dbo.INSERT_ORDER_FOOD 461, 26, 2;
EXEC dbo.INSERT_ORDER_FOOD 15, 26, 1;
EXEC dbo.INSERT_ORDER_FOOD 259, 26, 3;
EXEC dbo.INSERT_ORDER_FOOD 374, 26, 2;
EXEC dbo.INSERT_ORDER_FOOD 44, 26, 2;
EXEC dbo.INSERT_ORDER_FOOD 543, 26, 1;
EXEC dbo.INSERT_ORDER_FOOD 591, 26, 4;
EXEC dbo.INSERT_ORDER_FOOD 80, 27, 1;
EXEC dbo.INSERT_ORDER_FOOD 461, 27, 3;
EXEC dbo.INSERT_ORDER_FOOD 227, 27, 1;
EXEC dbo.INSERT_ORDER_FOOD 492, 28, 5;
EXEC dbo.INSERT_ORDER_FOOD 568, 28, 2;
EXEC dbo.INSERT_ORDER_FOOD 478, 28, 1;
EXEC dbo.INSERT_ORDER_FOOD 543, 28, 2;
EXEC dbo.INSERT_ORDER_FOOD 44, 28, 1;
EXEC dbo.INSERT_ORDER_FOOD 180, 28, 3;
EXEC dbo.INSERT_ORDER_FOOD 137, 29, 3;
EXEC dbo.INSERT_ORDER_FOOD 472, 30, 2;
EXEC dbo.INSERT_ORDER_FOOD 472, 30, 4;
EXEC dbo.INSERT_ORDER_FOOD 180, 30, 3;
EXEC dbo.INSERT_ORDER_FOOD 520, 30, 1;
EXEC dbo.INSERT_ORDER_FOOD 80, 30, 1;
EXEC dbo.INSERT_ORDER_FOOD 563, 30, 1;
EXEC dbo.INSERT_ORDER_FOOD 437, 30, 3;
EXEC dbo.INSERT_ORDER_FOOD 259, 30, 3;
EXEC dbo.INSERT_ORDER_FOOD 270, 31, 1;
EXEC dbo.INSERT_ORDER_FOOD 495, 31, 1;
EXEC dbo.INSERT_ORDER_FOOD 367, 31, 4;
EXEC dbo.INSERT_ORDER_FOOD 568, 31, 1;
EXEC dbo.INSERT_ORDER_FOOD 593, 32, 1;
EXEC dbo.INSERT_ORDER_FOOD 450, 33, 5;
EXEC dbo.INSERT_ORDER_FOOD 137, 33, 2;
EXEC dbo.INSERT_ORDER_FOOD 137, 33, 4;
EXEC dbo.INSERT_ORDER_FOOD 492, 33, 5;
EXEC dbo.INSERT_ORDER_FOOD 227, 33, 5;
EXEC dbo.INSERT_ORDER_FOOD 227, 33, 3;
EXEC dbo.INSERT_ORDER_FOOD 472, 33, 3;
EXEC dbo.INSERT_ORDER_FOOD 367, 33, 1;
EXEC dbo.INSERT_ORDER_FOOD 485, 34, 1;
EXEC dbo.INSERT_ORDER_FOOD 57, 34, 3;
EXEC dbo.INSERT_ORDER_FOOD 367, 34, 1;
EXEC dbo.INSERT_ORDER_FOOD 293, 34, 2;
EXEC dbo.INSERT_ORDER_FOOD 568, 34, 3;
EXEC dbo.INSERT_ORDER_FOOD 493, 34, 3;
EXEC dbo.INSERT_ORDER_FOOD 57, 35, 3;
EXEC dbo.INSERT_ORDER_FOOD 57, 35, 4;
EXEC dbo.INSERT_ORDER_FOOD 270, 36, 2;
EXEC dbo.INSERT_ORDER_FOOD 450, 36, 3;
EXEC dbo.INSERT_ORDER_FOOD 44, 36, 1;
EXEC dbo.INSERT_ORDER_FOOD 15, 36, 1;
EXEC dbo.INSERT_ORDER_FOOD 493, 36, 3;
EXEC dbo.INSERT_ORDER_FOOD 437, 37, 5;
EXEC dbo.INSERT_ORDER_FOOD 318, 37, 5;
EXEC dbo.INSERT_ORDER_FOOD 479, 37, 4;
EXEC dbo.INSERT_ORDER_FOOD 466, 37, 2;
EXEC dbo.INSERT_ORDER_FOOD 155, 37, 3;
EXEC dbo.INSERT_ORDER_FOOD 520, 37, 5;
EXEC dbo.INSERT_ORDER_FOOD 479, 37, 1;
EXEC dbo.INSERT_ORDER_FOOD 305, 37, 3;
EXEC dbo.INSERT_ORDER_FOOD 80, 38, 2;
EXEC dbo.INSERT_ORDER_FOOD 478, 38, 2;
EXEC dbo.INSERT_ORDER_FOOD 520, 38, 2;
EXEC dbo.INSERT_ORDER_FOOD 270, 38, 4;
EXEC dbo.INSERT_ORDER_FOOD 450, 38, 5;
EXEC dbo.INSERT_ORDER_FOOD 563, 39, 1;
EXEC dbo.INSERT_ORDER_FOOD 520, 39, 2;
EXEC dbo.INSERT_ORDER_FOOD 270, 39, 5;
EXEC dbo.INSERT_ORDER_FOOD 80, 40, 4;
EXEC dbo.INSERT_ORDER_FOOD 247, 1, 4;
EXEC dbo.INSERT_ORDER_FOOD 583, 1, 3;
EXEC dbo.INSERT_ORDER_FOOD 164, 1, 1;
EXEC dbo.INSERT_ORDER_FOOD 355, 1, 3;
EXEC dbo.INSERT_ORDER_FOOD 153, 1, 1;
EXEC dbo.INSERT_ORDER_FOOD 544, 1, 3;
EXEC dbo.INSERT_ORDER_FOOD 205, 1, 3;
EXEC dbo.INSERT_ORDER_FOOD 544, 1, 5;
EXEC dbo.INSERT_ORDER_FOOD 166, 1, 4;
EXEC dbo.INSERT_ORDER_FOOD 307, 2, 1;
EXEC dbo.INSERT_ORDER_FOOD 118, 2, 4;
EXEC dbo.INSERT_ORDER_FOOD 31, 3, 5;
EXEC dbo.INSERT_ORDER_FOOD 69, 3, 3;
EXEC dbo.INSERT_ORDER_FOOD 583, 3, 1;
EXEC dbo.INSERT_ORDER_FOOD 124, 3, 4;
EXEC dbo.INSERT_ORDER_FOOD 101, 3, 4;
EXEC dbo.INSERT_ORDER_FOOD 565, 3, 4;
EXEC dbo.INSERT_ORDER_FOOD 166, 3, 3;
EXEC dbo.INSERT_ORDER_FOOD 583, 3, 5;
EXEC dbo.INSERT_ORDER_FOOD 124, 3, 2;
EXEC dbo.INSERT_ORDER_FOOD 476, 4, 2;
EXEC dbo.INSERT_ORDER_FOOD 51, 4, 1;
EXEC dbo.INSERT_ORDER_FOOD 363, 4, 3;
EXEC dbo.INSERT_ORDER_FOOD 583, 4, 2;
EXEC dbo.INSERT_ORDER_FOOD 565, 4, 3;
EXEC dbo.INSERT_ORDER_FOOD 329, 4, 4;
EXEC dbo.INSERT_ORDER_FOOD 298, 4, 1;
EXEC dbo.INSERT_ORDER_FOOD 86, 4, 5;
EXEC dbo.INSERT_ORDER_FOOD 417, 5, 4;
EXEC dbo.INSERT_ORDER_FOOD 153, 5, 3;
EXEC dbo.INSERT_ORDER_FOOD 544, 5, 3;
EXEC dbo.INSERT_ORDER_FOOD 420, 5, 2;
EXEC dbo.INSERT_ORDER_FOOD 118, 5, 1;
EXEC dbo.INSERT_ORDER_FOOD 511, 5, 2;
EXEC dbo.INSERT_ORDER_FOOD 544, 6, 1;
EXEC dbo.INSERT_ORDER_FOOD 583, 6, 3;
EXEC dbo.INSERT_ORDER_FOOD 101, 6, 5;
EXEC dbo.INSERT_ORDER_FOOD 358, 6, 2;
EXEC dbo.INSERT_ORDER_FOOD 512, 6, 5;
EXEC dbo.INSERT_ORDER_FOOD 544, 6, 5;
EXEC dbo.INSERT_ORDER_FOOD 159, 6, 3;
EXEC dbo.INSERT_ORDER_FOOD 329, 7, 3;
EXEC dbo.INSERT_ORDER_FOOD 307, 8, 2;
EXEC dbo.INSERT_ORDER_FOOD 400, 8, 1;
EXEC dbo.INSERT_ORDER_FOOD 164, 8, 4;
EXEC dbo.INSERT_ORDER_FOOD 118, 8, 4;
EXEC dbo.INSERT_ORDER_FOOD 51, 8, 4;
EXEC dbo.INSERT_ORDER_FOOD 400, 8, 1;
EXEC dbo.INSERT_ORDER_FOOD 159, 8, 4;
EXEC dbo.INSERT_ORDER_FOOD 237, 9, 3;
EXEC dbo.INSERT_ORDER_FOOD 419, 9, 1;
EXEC dbo.INSERT_ORDER_FOOD 298, 9, 4;
EXEC dbo.INSERT_ORDER_FOOD 358, 9, 5;
EXEC dbo.INSERT_ORDER_FOOD 153, 9, 1;
EXEC dbo.INSERT_ORDER_FOOD 69, 9, 1;
EXEC dbo.INSERT_ORDER_FOOD 343, 9, 3;
EXEC dbo.INSERT_ORDER_FOOD 247, 9, 1;
EXEC dbo.INSERT_ORDER_FOOD 460, 10, 1;
EXEC dbo.INSERT_ORDER_FOOD 124, 10, 3;
EXEC dbo.INSERT_ORDER_FOOD 457, 11, 4;
EXEC dbo.INSERT_ORDER_FOOD 118, 11, 2;
EXEC dbo.INSERT_ORDER_FOOD 565, 11, 5;
EXEC dbo.INSERT_ORDER_FOOD 419, 11, 2;
EXEC dbo.INSERT_ORDER_FOOD 343, 11, 2;
EXEC dbo.INSERT_ORDER_FOOD 565, 11, 4;
EXEC dbo.INSERT_ORDER_FOOD 159, 12, 3;
EXEC dbo.INSERT_ORDER_FOOD 69, 12, 2;
EXEC dbo.INSERT_ORDER_FOOD 31, 12, 4;
EXEC dbo.INSERT_ORDER_FOOD 544, 12, 4;
EXEC dbo.INSERT_ORDER_FOOD 358, 12, 1;
EXEC dbo.INSERT_ORDER_FOOD 417, 12, 1;
EXEC dbo.INSERT_ORDER_FOOD 419, 12, 3;
EXEC dbo.INSERT_ORDER_FOOD 153, 13, 5;
EXEC dbo.INSERT_ORDER_FOOD 166, 13, 4;
EXEC dbo.INSERT_ORDER_FOOD 166, 13, 1;
EXEC dbo.INSERT_ORDER_FOOD 164, 13, 1;
EXEC dbo.INSERT_ORDER_FOOD 355, 13, 1;
EXEC dbo.INSERT_ORDER_FOOD 124, 13, 2;
EXEC dbo.INSERT_ORDER_FOOD 343, 13, 5;
EXEC dbo.INSERT_ORDER_FOOD 355, 13, 3;
EXEC dbo.INSERT_ORDER_FOOD 363, 14, 1;
EXEC dbo.INSERT_ORDER_FOOD 223, 14, 1;
EXEC dbo.INSERT_ORDER_FOOD 237, 14, 5;
EXEC dbo.INSERT_ORDER_FOOD 159, 14, 4;
EXEC dbo.INSERT_ORDER_FOOD 460, 14, 5;
EXEC dbo.INSERT_ORDER_FOOD 166, 15, 3;
EXEC dbo.INSERT_ORDER_FOOD 419, 15, 4;
EXEC dbo.INSERT_ORDER_FOOD 182, 15, 1;
EXEC dbo.INSERT_ORDER_FOOD 86, 15, 5;
EXEC dbo.INSERT_ORDER_FOOD 362, 15, 4;
EXEC dbo.INSERT_ORDER_FOOD 457, 15, 2;
EXEC dbo.INSERT_ORDER_FOOD 544, 16, 2;
EXEC dbo.INSERT_ORDER_FOOD 419, 16, 4;
EXEC dbo.INSERT_ORDER_FOOD 247, 16, 4;
EXEC dbo.INSERT_ORDER_FOOD 159, 16, 2;
EXEC dbo.INSERT_ORDER_FOOD 197, 16, 1;
EXEC dbo.INSERT_ORDER_FOOD 343, 16, 1;
EXEC dbo.INSERT_ORDER_FOOD 205, 16, 3;
EXEC dbo.INSERT_ORDER_FOOD 205, 16, 3;
EXEC dbo.INSERT_ORDER_FOOD 61, 17, 4;
EXEC dbo.INSERT_ORDER_FOOD 166, 17, 5;
EXEC dbo.INSERT_ORDER_FOOD 226, 17, 2;
EXEC dbo.INSERT_ORDER_FOOD 400, 17, 3;
EXEC dbo.INSERT_ORDER_FOOD 343, 17, 5;
EXEC dbo.INSERT_ORDER_FOOD 362, 17, 5;
EXEC dbo.INSERT_ORDER_FOOD 124, 18, 3;
EXEC dbo.INSERT_ORDER_FOOD 182, 19, 4;
EXEC dbo.INSERT_ORDER_FOOD 372, 19, 3;
EXEC dbo.INSERT_ORDER_FOOD 153, 20, 3;
EXEC dbo.INSERT_ORDER_FOOD 417, 20, 5;
EXEC dbo.INSERT_ORDER_FOOD 223, 20, 3;
EXEC dbo.INSERT_ORDER_FOOD 460, 20, 3;
EXEC dbo.INSERT_ORDER_FOOD 372, 20, 4;
EXEC dbo.INSERT_ORDER_FOOD 400, 20, 1;
EXEC dbo.INSERT_ORDER_FOOD 419, 20, 2;
EXEC dbo.INSERT_ORDER_FOOD 31, 20, 1;
EXEC dbo.INSERT_ORDER_FOOD 400, 21, 2;
EXEC dbo.INSERT_ORDER_FOOD 51, 21, 3;
EXEC dbo.INSERT_ORDER_FOOD 363, 21, 5;
EXEC dbo.INSERT_ORDER_FOOD 226, 22, 3;
EXEC dbo.INSERT_ORDER_FOOD 417, 22, 3;
EXEC dbo.INSERT_ORDER_FOOD 164, 22, 4;
EXEC dbo.INSERT_ORDER_FOOD 307, 22, 1;
EXEC dbo.INSERT_ORDER_FOOD 307, 22, 5;
EXEC dbo.INSERT_ORDER_FOOD 101, 22, 1;
EXEC dbo.INSERT_ORDER_FOOD 195, 22, 5;
EXEC dbo.INSERT_ORDER_FOOD 457, 22, 5;
EXEC dbo.INSERT_ORDER_FOOD 511, 22, 4;
EXEC dbo.INSERT_ORDER_FOOD 511, 23, 3;
EXEC dbo.INSERT_ORDER_FOOD 362, 23, 4;
EXEC dbo.INSERT_ORDER_FOOD 583, 23, 5;
EXEC dbo.INSERT_ORDER_FOOD 166, 23, 5;
EXEC dbo.INSERT_ORDER_FOOD 159, 23, 2;
EXEC dbo.INSERT_ORDER_FOOD 232, 23, 3;
EXEC dbo.INSERT_ORDER_FOOD 223, 23, 3;
EXEC dbo.INSERT_ORDER_FOOD 232, 23, 4;
EXEC dbo.INSERT_ORDER_FOOD 362, 24, 2;
EXEC dbo.INSERT_ORDER_FOOD 182, 24, 1;
EXEC dbo.INSERT_ORDER_FOOD 400, 24, 3;
EXEC dbo.INSERT_ORDER_FOOD 182, 24, 4;
EXEC dbo.INSERT_ORDER_FOOD 226, 24, 3;
EXEC dbo.INSERT_ORDER_FOOD 419, 24, 1;
EXEC dbo.INSERT_ORDER_FOOD 417, 24, 2;
EXEC dbo.INSERT_ORDER_FOOD 159, 24, 4;
EXEC dbo.INSERT_ORDER_FOOD 417, 24, 1;
EXEC dbo.INSERT_ORDER_FOOD 307, 24, 5;
EXEC dbo.INSERT_ORDER_FOOD 31, 25, 4;
EXEC dbo.INSERT_ORDER_FOOD 101, 25, 4;
EXEC dbo.INSERT_ORDER_FOOD 420, 25, 4;
EXEC dbo.INSERT_ORDER_FOOD 86, 25, 3;
EXEC dbo.INSERT_ORDER_FOOD 400, 25, 1;
EXEC dbo.INSERT_ORDER_FOOD 223, 25, 5;
EXEC dbo.INSERT_ORDER_FOOD 362, 25, 5;
EXEC dbo.INSERT_ORDER_FOOD 182, 26, 1;
EXEC dbo.INSERT_ORDER_FOOD 460, 26, 1;
EXEC dbo.INSERT_ORDER_FOOD 419, 26, 4;
EXEC dbo.INSERT_ORDER_FOOD 86, 26, 1;
EXEC dbo.INSERT_ORDER_FOOD 420, 26, 4;
EXEC dbo.INSERT_ORDER_FOOD 164, 26, 3;
EXEC dbo.INSERT_ORDER_FOOD 329, 26, 1;
EXEC dbo.INSERT_ORDER_FOOD 476, 26, 3;
EXEC dbo.INSERT_ORDER_FOOD 61, 26, 2;
EXEC dbo.INSERT_ORDER_FOOD 232, 26, 4;
EXEC dbo.INSERT_ORDER_FOOD 205, 27, 2;
EXEC dbo.INSERT_ORDER_FOOD 205, 27, 4;
EXEC dbo.INSERT_ORDER_FOOD 164, 27, 3;
EXEC dbo.INSERT_ORDER_FOOD 512, 27, 5;
EXEC dbo.INSERT_ORDER_FOOD 182, 27, 1;
EXEC dbo.INSERT_ORDER_FOOD 329, 27, 5;
EXEC dbo.INSERT_ORDER_FOOD 420, 28, 1;
EXEC dbo.INSERT_ORDER_FOOD 476, 28, 2;
EXEC dbo.INSERT_ORDER_FOOD 400, 28, 2;
EXEC dbo.INSERT_ORDER_FOOD 31, 28, 5;
EXEC dbo.INSERT_ORDER_FOOD 565, 28, 3;
EXEC dbo.INSERT_ORDER_FOOD 226, 28, 5;
EXEC dbo.INSERT_ORDER_FOOD 159, 28, 5;
EXEC dbo.INSERT_ORDER_FOOD 166, 29, 5;
EXEC dbo.INSERT_ORDER_FOOD 363, 29, 2;
EXEC dbo.INSERT_ORDER_FOOD 159, 29, 5;
EXEC dbo.INSERT_ORDER_FOOD 124, 29, 3;
EXEC dbo.INSERT_ORDER_FOOD 223, 29, 4;
EXEC dbo.INSERT_ORDER_FOOD 31, 29, 5;
EXEC dbo.INSERT_ORDER_FOOD 420, 29, 4;
EXEC dbo.INSERT_ORDER_FOOD 420, 29, 1;
EXEC dbo.INSERT_ORDER_FOOD 101, 29, 2;
EXEC dbo.INSERT_ORDER_FOOD 511, 30, 1;
EXEC dbo.INSERT_ORDER_FOOD 307, 30, 5;
EXEC dbo.INSERT_ORDER_FOOD 343, 30, 4;
EXEC dbo.INSERT_ORDER_FOOD 420, 31, 5;
EXEC dbo.INSERT_ORDER_FOOD 51, 31, 3;
EXEC dbo.INSERT_ORDER_FOOD 460, 31, 5;
EXEC dbo.INSERT_ORDER_FOOD 118, 31, 2;
EXEC dbo.INSERT_ORDER_FOOD 329, 32, 3;
EXEC dbo.INSERT_ORDER_FOOD 205, 32, 1;
EXEC dbo.INSERT_ORDER_FOOD 51, 32, 4;
EXEC dbo.INSERT_ORDER_FOOD 343, 32, 4;
EXEC dbo.INSERT_ORDER_FOOD 69, 32, 4;
EXEC dbo.INSERT_ORDER_FOOD 460, 33, 4;
EXEC dbo.INSERT_ORDER_FOOD 153, 33, 5;
EXEC dbo.INSERT_ORDER_FOOD 69, 33, 4;
EXEC dbo.INSERT_ORDER_FOOD 476, 33, 4;
EXEC dbo.INSERT_ORDER_FOOD 307, 34, 1;
EXEC dbo.INSERT_ORDER_FOOD 544, 34, 1;
EXEC dbo.INSERT_ORDER_FOOD 329, 34, 5;
EXEC dbo.INSERT_ORDER_FOOD 232, 34, 3;
EXEC dbo.INSERT_ORDER_FOOD 307, 35, 3;
EXEC dbo.INSERT_ORDER_FOOD 51, 35, 4;
EXEC dbo.INSERT_ORDER_FOOD 51, 35, 1;
EXEC dbo.INSERT_ORDER_FOOD 61, 35, 5;
EXEC dbo.INSERT_ORDER_FOOD 298, 35, 2;
EXEC dbo.INSERT_ORDER_FOOD 237, 35, 2;
EXEC dbo.INSERT_ORDER_FOOD 420, 35, 5;
EXEC dbo.INSERT_ORDER_FOOD 86, 35, 1;
EXEC dbo.INSERT_ORDER_FOOD 182, 35, 1;
EXEC dbo.INSERT_ORDER_FOOD 329, 35, 2;
EXEC dbo.INSERT_ORDER_FOOD 417, 36, 3;
EXEC dbo.INSERT_ORDER_FOOD 476, 37, 4;
EXEC dbo.INSERT_ORDER_FOOD 372, 37, 5;
EXEC dbo.INSERT_ORDER_FOOD 511, 37, 4;
EXEC dbo.INSERT_ORDER_FOOD 420, 37, 4;
EXEC dbo.INSERT_ORDER_FOOD 182, 37, 3;
EXEC dbo.INSERT_ORDER_FOOD 358, 37, 5;
EXEC dbo.INSERT_ORDER_FOOD 159, 37, 4;
EXEC dbo.INSERT_ORDER_FOOD 417, 37, 3;
EXEC dbo.INSERT_ORDER_FOOD 61, 37, 4;
EXEC dbo.INSERT_ORDER_FOOD 544, 38, 1;
EXEC dbo.INSERT_ORDER_FOOD 476, 38, 4;
EXEC dbo.INSERT_ORDER_FOOD 101, 38, 1;
EXEC dbo.INSERT_ORDER_FOOD 511, 38, 1;
EXEC dbo.INSERT_ORDER_FOOD 358, 38, 1;
EXEC dbo.INSERT_ORDER_FOOD 124, 38, 1;
EXEC dbo.INSERT_ORDER_FOOD 232, 38, 2;
EXEC dbo.INSERT_ORDER_FOOD 400, 38, 3;
EXEC dbo.INSERT_ORDER_FOOD 197, 38, 4;
EXEC dbo.INSERT_ORDER_FOOD 237, 38, 1;
EXEC dbo.INSERT_ORDER_FOOD 101, 39, 2;
EXEC dbo.INSERT_ORDER_FOOD 195, 39, 3;
EXEC dbo.INSERT_ORDER_FOOD 124, 39, 1;
EXEC dbo.INSERT_ORDER_FOOD 101, 39, 5;
EXEC dbo.INSERT_ORDER_FOOD 182, 39, 3;
EXEC dbo.INSERT_ORDER_FOOD 362, 40, 5;
EXEC dbo.INSERT_ORDER_FOOD 51, 40, 5;
EXEC dbo.INSERT_ORDER_FOOD 511, 40, 1;
EXEC dbo.INSERT_ORDER_FOOD 583, 40, 1;
EXEC dbo.INSERT_ORDER_FOOD 274, 1, 2;
EXEC dbo.INSERT_ORDER_FOOD 46, 1, 4;
EXEC dbo.INSERT_ORDER_FOOD 296, 1, 1;
EXEC dbo.INSERT_ORDER_FOOD 179, 1, 2;
EXEC dbo.INSERT_ORDER_FOOD 221, 1, 1;
EXEC dbo.INSERT_ORDER_FOOD 302, 1, 3;
EXEC dbo.INSERT_ORDER_FOOD 192, 2, 4;
EXEC dbo.INSERT_ORDER_FOOD 394, 2, 2;
EXEC dbo.INSERT_ORDER_FOOD 220, 2, 5;
EXEC dbo.INSERT_ORDER_FOOD 109, 2, 5;
EXEC dbo.INSERT_ORDER_FOOD 43, 2, 3;
EXEC dbo.INSERT_ORDER_FOOD 78, 2, 1;
EXEC dbo.INSERT_ORDER_FOOD 595, 2, 1;
EXEC dbo.INSERT_ORDER_FOOD 48, 2, 3;
EXEC dbo.INSERT_ORDER_FOOD 30, 3, 1;
EXEC dbo.INSERT_ORDER_FOOD 339, 3, 4;
EXEC dbo.INSERT_ORDER_FOOD 220, 3, 4;
EXEC dbo.INSERT_ORDER_FOOD 333, 3, 3;
EXEC dbo.INSERT_ORDER_FOOD 22, 3, 1;
EXEC dbo.INSERT_ORDER_FOOD 240, 3, 1;
EXEC dbo.INSERT_ORDER_FOOD 70, 4, 3;
EXEC dbo.INSERT_ORDER_FOOD 192, 4, 4;
EXEC dbo.INSERT_ORDER_FOOD 152, 4, 2;
EXEC dbo.INSERT_ORDER_FOOD 302, 4, 5;
EXEC dbo.INSERT_ORDER_FOOD 109, 5, 5;
EXEC dbo.INSERT_ORDER_FOOD 221, 5, 4;
EXEC dbo.INSERT_ORDER_FOOD 48, 5, 2;
EXEC dbo.INSERT_ORDER_FOOD 590, 6, 4;
EXEC dbo.INSERT_ORDER_FOOD 339, 6, 4;
EXEC dbo.INSERT_ORDER_FOOD 317, 6, 2;
EXEC dbo.INSERT_ORDER_FOOD 48, 7, 2;
EXEC dbo.INSERT_ORDER_FOOD 408, 7, 1;
EXEC dbo.INSERT_ORDER_FOOD 78, 7, 4;
EXEC dbo.INSERT_ORDER_FOOD 130, 7, 5;
EXEC dbo.INSERT_ORDER_FOOD 109, 7, 1;
EXEC dbo.INSERT_ORDER_FOOD 48, 7, 3;
EXEC dbo.INSERT_ORDER_FOOD 109, 7, 5;
EXEC dbo.INSERT_ORDER_FOOD 333, 7, 3;
EXEC dbo.INSERT_ORDER_FOOD 210, 7, 5;
EXEC dbo.INSERT_ORDER_FOOD 408, 8, 1;
EXEC dbo.INSERT_ORDER_FOOD 242, 8, 1;
EXEC dbo.INSERT_ORDER_FOOD 296, 8, 3;
EXEC dbo.INSERT_ORDER_FOOD 244, 8, 2;
EXEC dbo.INSERT_ORDER_FOOD 70, 8, 1;
EXEC dbo.INSERT_ORDER_FOOD 30, 8, 2;
EXEC dbo.INSERT_ORDER_FOOD 23, 9, 1;
EXEC dbo.INSERT_ORDER_FOOD 179, 9, 5;
EXEC dbo.INSERT_ORDER_FOOD 302, 9, 2;
EXEC dbo.INSERT_ORDER_FOOD 22, 10, 2;
EXEC dbo.INSERT_ORDER_FOOD 296, 10, 1;
EXEC dbo.INSERT_ORDER_FOOD 152, 10, 2;
EXEC dbo.INSERT_ORDER_FOOD 590, 10, 3;
EXEC dbo.INSERT_ORDER_FOOD 179, 10, 3;
EXEC dbo.INSERT_ORDER_FOOD 296, 10, 4;
EXEC dbo.INSERT_ORDER_FOOD 317, 10, 4;
EXEC dbo.INSERT_ORDER_FOOD 524, 10, 5;
EXEC dbo.INSERT_ORDER_FOOD 106, 10, 3;
EXEC dbo.INSERT_ORDER_FOOD 252, 11, 5;
EXEC dbo.INSERT_ORDER_FOOD 274, 11, 3;
EXEC dbo.INSERT_ORDER_FOOD 585, 11, 5;
EXEC dbo.INSERT_ORDER_FOOD 317, 11, 1;
EXEC dbo.INSERT_ORDER_FOOD 192, 11, 3;
EXEC dbo.INSERT_ORDER_FOOD 408, 11, 1;
EXEC dbo.INSERT_ORDER_FOOD 152, 11, 3;
EXEC dbo.INSERT_ORDER_FOOD 130, 11, 3;
EXEC dbo.INSERT_ORDER_FOOD 242, 11, 2;
EXEC dbo.INSERT_ORDER_FOOD 23, 11, 3;
EXEC dbo.INSERT_ORDER_FOOD 317, 12, 4;
EXEC dbo.INSERT_ORDER_FOOD 240, 13, 4;
EXEC dbo.INSERT_ORDER_FOOD 252, 13, 2;
EXEC dbo.INSERT_ORDER_FOOD 590, 14, 1;
EXEC dbo.INSERT_ORDER_FOOD 365, 14, 2;
EXEC dbo.INSERT_ORDER_FOOD 78, 14, 3;
EXEC dbo.INSERT_ORDER_FOOD 221, 15, 5;
EXEC dbo.INSERT_ORDER_FOOD 210, 15, 3;
EXEC dbo.INSERT_ORDER_FOOD 242, 15, 4;
EXEC dbo.INSERT_ORDER_FOOD 585, 15, 1;
EXEC dbo.INSERT_ORDER_FOOD 23, 15, 3;
EXEC dbo.INSERT_ORDER_FOOD 240, 15, 5;
EXEC dbo.INSERT_ORDER_FOOD 333, 15, 5;
EXEC dbo.INSERT_ORDER_FOOD 585, 15, 3;
EXEC dbo.INSERT_ORDER_FOOD 106, 15, 2;
EXEC dbo.INSERT_ORDER_FOOD 585, 16, 4;
EXEC dbo.INSERT_ORDER_FOOD 242, 16, 4;
EXEC dbo.INSERT_ORDER_FOOD 296, 16, 1;
EXEC dbo.INSERT_ORDER_FOOD 524, 16, 1;
EXEC dbo.INSERT_ORDER_FOOD 244, 16, 5;
EXEC dbo.INSERT_ORDER_FOOD 77, 16, 4;
EXEC dbo.INSERT_ORDER_FOOD 317, 16, 4;
EXEC dbo.INSERT_ORDER_FOOD 408, 16, 4;
EXEC dbo.INSERT_ORDER_FOOD 219, 17, 1;
EXEC dbo.INSERT_ORDER_FOOD 333, 17, 1;
EXEC dbo.INSERT_ORDER_FOOD 106, 17, 4;
EXEC dbo.INSERT_ORDER_FOOD 274, 17, 2;
EXEC dbo.INSERT_ORDER_FOOD 296, 17, 4;
EXEC dbo.INSERT_ORDER_FOOD 242, 17, 3;
EXEC dbo.INSERT_ORDER_FOOD 302, 17, 3;
EXEC dbo.INSERT_ORDER_FOOD 595, 18, 5;
EXEC dbo.INSERT_ORDER_FOOD 365, 18, 1;
EXEC dbo.INSERT_ORDER_FOOD 595, 18, 4;
EXEC dbo.INSERT_ORDER_FOOD 152, 18, 3;
EXEC dbo.INSERT_ORDER_FOOD 48, 18, 5;
EXEC dbo.INSERT_ORDER_FOOD 339, 19, 3;
EXEC dbo.INSERT_ORDER_FOOD 339, 19, 2;
EXEC dbo.INSERT_ORDER_FOOD 590, 20, 3;
EXEC dbo.INSERT_ORDER_FOOD 179, 20, 4;
EXEC dbo.INSERT_ORDER_FOOD 590, 20, 2;
EXEC dbo.INSERT_ORDER_FOOD 130, 20, 2;
EXEC dbo.INSERT_ORDER_FOOD 165, 20, 2;
EXEC dbo.INSERT_ORDER_FOOD 339, 21, 5;
EXEC dbo.INSERT_ORDER_FOOD 106, 21, 1;
EXEC dbo.INSERT_ORDER_FOOD 78, 21, 4;
EXEC dbo.INSERT_ORDER_FOOD 192, 21, 3;
EXEC dbo.INSERT_ORDER_FOOD 339, 21, 2;
EXEC dbo.INSERT_ORDER_FOOD 210, 22, 3;
EXEC dbo.INSERT_ORDER_FOOD 77, 22, 2;
EXEC dbo.INSERT_ORDER_FOOD 106, 22, 4;
EXEC dbo.INSERT_ORDER_FOOD 43, 22, 3;
EXEC dbo.INSERT_ORDER_FOOD 70, 22, 4;
EXEC dbo.INSERT_ORDER_FOOD 244, 22, 1;
EXEC dbo.INSERT_ORDER_FOOD 152, 22, 3;
EXEC dbo.INSERT_ORDER_FOOD 408, 22, 1;
EXEC dbo.INSERT_ORDER_FOOD 590, 22, 5;
EXEC dbo.INSERT_ORDER_FOOD 106, 22, 2;
EXEC dbo.INSERT_ORDER_FOOD 244, 23, 2;
EXEC dbo.INSERT_ORDER_FOOD 23, 23, 1;
EXEC dbo.INSERT_ORDER_FOOD 365, 23, 5;
EXEC dbo.INSERT_ORDER_FOOD 595, 23, 4;
EXEC dbo.INSERT_ORDER_FOOD 43, 23, 4;
EXEC dbo.INSERT_ORDER_FOOD 165, 23, 4;
EXEC dbo.INSERT_ORDER_FOOD 252, 23, 1;
EXEC dbo.INSERT_ORDER_FOOD 23, 23, 4;
EXEC dbo.INSERT_ORDER_FOOD 130, 23, 3;
EXEC dbo.INSERT_ORDER_FOOD 220, 24, 3;
EXEC dbo.INSERT_ORDER_FOOD 165, 24, 5;
EXEC dbo.INSERT_ORDER_FOOD 333, 24, 3;
EXEC dbo.INSERT_ORDER_FOOD 165, 24, 2;
EXEC dbo.INSERT_ORDER_FOOD 333, 24, 1;
EXEC dbo.INSERT_ORDER_FOOD 595, 24, 2;
EXEC dbo.INSERT_ORDER_FOOD 242, 24, 3;
EXEC dbo.INSERT_ORDER_FOOD 365, 24, 5;
EXEC dbo.INSERT_ORDER_FOOD 30, 24, 5;
EXEC dbo.INSERT_ORDER_FOOD 595, 24, 2;
EXEC dbo.INSERT_ORDER_FOOD 219, 25, 3;
EXEC dbo.INSERT_ORDER_FOOD 408, 25, 2;
EXEC dbo.INSERT_ORDER_FOOD 48, 25, 1;
EXEC dbo.INSERT_ORDER_FOOD 585, 25, 2;
EXEC dbo.INSERT_ORDER_FOOD 22, 25, 4;
EXEC dbo.INSERT_ORDER_FOOD 130, 25, 4;
EXEC dbo.INSERT_ORDER_FOOD 78, 25, 5;
EXEC dbo.INSERT_ORDER_FOOD 30, 25, 2;
EXEC dbo.INSERT_ORDER_FOOD 585, 25, 1;
EXEC dbo.INSERT_ORDER_FOOD 221, 26, 3;
EXEC dbo.INSERT_ORDER_FOOD 240, 26, 3;
EXEC dbo.INSERT_ORDER_FOOD 70, 27, 1;
EXEC dbo.INSERT_ORDER_FOOD 242, 27, 1;
EXEC dbo.INSERT_ORDER_FOOD 78, 27, 4;
EXEC dbo.INSERT_ORDER_FOOD 23, 28, 1;
EXEC dbo.INSERT_ORDER_FOOD 106, 28, 1;
EXEC dbo.INSERT_ORDER_FOOD 210, 29, 1;
EXEC dbo.INSERT_ORDER_FOOD 221, 29, 2;
EXEC dbo.INSERT_ORDER_FOOD 302, 29, 1;
EXEC dbo.INSERT_ORDER_FOOD 408, 30, 2;
EXEC dbo.INSERT_ORDER_FOOD 524, 30, 1;
EXEC dbo.INSERT_ORDER_FOOD 252, 30, 1;
EXEC dbo.INSERT_ORDER_FOOD 106, 30, 3;
EXEC dbo.INSERT_ORDER_FOOD 274, 30, 1;
EXEC dbo.INSERT_ORDER_FOOD 244, 30, 2;
EXEC dbo.INSERT_ORDER_FOOD 240, 30, 2;
EXEC dbo.INSERT_ORDER_FOOD 130, 30, 1;
EXEC dbo.INSERT_ORDER_FOOD 365, 31, 1;
EXEC dbo.INSERT_ORDER_FOOD 585, 31, 4;
EXEC dbo.INSERT_ORDER_FOOD 339, 31, 1;
EXEC dbo.INSERT_ORDER_FOOD 23, 31, 4;
EXEC dbo.INSERT_ORDER_FOOD 595, 31, 2;
EXEC dbo.INSERT_ORDER_FOOD 30, 31, 5;
EXEC dbo.INSERT_ORDER_FOOD 179, 31, 5;
EXEC dbo.INSERT_ORDER_FOOD 252, 31, 2;
EXEC dbo.INSERT_ORDER_FOOD 333, 32, 2;
EXEC dbo.INSERT_ORDER_FOOD 78, 32, 5;
EXEC dbo.INSERT_ORDER_FOOD 43, 33, 3;
EXEC dbo.INSERT_ORDER_FOOD 394, 33, 4;
EXEC dbo.INSERT_ORDER_FOOD 408, 34, 2;
EXEC dbo.INSERT_ORDER_FOOD 339, 34, 5;
EXEC dbo.INSERT_ORDER_FOOD 244, 35, 2;
EXEC dbo.INSERT_ORDER_FOOD 109, 35, 2;
EXEC dbo.INSERT_ORDER_FOOD 30, 35, 1;
EXEC dbo.INSERT_ORDER_FOOD 252, 35, 5;
EXEC dbo.INSERT_ORDER_FOOD 179, 35, 3;
EXEC dbo.INSERT_ORDER_FOOD 48, 35, 5;
EXEC dbo.INSERT_ORDER_FOOD 106, 35, 5;
EXEC dbo.INSERT_ORDER_FOOD 219, 35, 1;
EXEC dbo.INSERT_ORDER_FOOD 78, 35, 1;
EXEC dbo.INSERT_ORDER_FOOD 394, 35, 3;
EXEC dbo.INSERT_ORDER_FOOD 339, 36, 4;
EXEC dbo.INSERT_ORDER_FOOD 221, 36, 5;
EXEC dbo.INSERT_ORDER_FOOD 192, 36, 5;
EXEC dbo.INSERT_ORDER_FOOD 296, 36, 1;
EXEC dbo.INSERT_ORDER_FOOD 46, 36, 1;
EXEC dbo.INSERT_ORDER_FOOD 106, 36, 2;
EXEC dbo.INSERT_ORDER_FOOD 43, 37, 1;
EXEC dbo.INSERT_ORDER_FOOD 240, 37, 3;
EXEC dbo.INSERT_ORDER_FOOD 244, 37, 3;
EXEC dbo.INSERT_ORDER_FOOD 30, 37, 1;
EXEC dbo.INSERT_ORDER_FOOD 221, 37, 1;
EXEC dbo.INSERT_ORDER_FOOD 220, 37, 5;
EXEC dbo.INSERT_ORDER_FOOD 302, 37, 1;
EXEC dbo.INSERT_ORDER_FOOD 339, 38, 1;
EXEC dbo.INSERT_ORDER_FOOD 240, 38, 2;
EXEC dbo.INSERT_ORDER_FOOD 595, 39, 4;
EXEC dbo.INSERT_ORDER_FOOD 365, 39, 5;
EXEC dbo.INSERT_ORDER_FOOD 274, 40, 2;
EXEC dbo.INSERT_ORDER_FOOD 165, 40, 5;
EXEC dbo.INSERT_ORDER_FOOD 192, 40, 2;
EXEC dbo.INSERT_ORDER_FOOD 30, 40, 1;
EXEC dbo.INSERT_ORDER_FOOD 77, 40, 4;
EXEC dbo.INSERT_ORDER_FOOD 242, 40, 1;
EXEC dbo.INSERT_ORDER_FOOD 30, 40, 2;
EXEC dbo.INSERT_ORDER_FOOD 595, 40, 5;
EXEC dbo.INSERT_ORDER_FOOD 365, 40, 5;
EXEC dbo.INSERT_ORDER_FOOD 595, 40, 4;
EXEC dbo.INSERT_ORDER_FOOD 326, 1, 2;
EXEC dbo.INSERT_ORDER_FOOD 26, 1, 4;
EXEC dbo.INSERT_ORDER_FOOD 488, 1, 3;
EXEC dbo.INSERT_ORDER_FOOD 360, 1, 5;
EXEC dbo.INSERT_ORDER_FOOD 102, 2, 1;
EXEC dbo.INSERT_ORDER_FOOD 261, 2, 2;
EXEC dbo.INSERT_ORDER_FOOD 157, 2, 4;
EXEC dbo.INSERT_ORDER_FOOD 506, 3, 4;
EXEC dbo.INSERT_ORDER_FOOD 381, 3, 4;
EXEC dbo.INSERT_ORDER_FOOD 157, 3, 4;
EXEC dbo.INSERT_ORDER_FOOD 154, 3, 3;
EXEC dbo.INSERT_ORDER_FOOD 174, 3, 5;
EXEC dbo.INSERT_ORDER_FOOD 39, 3, 5;
EXEC dbo.INSERT_ORDER_FOOD 277, 3, 3;
EXEC dbo.INSERT_ORDER_FOOD 428, 3, 3;
EXEC dbo.INSERT_ORDER_FOOD 286, 4, 4;
EXEC dbo.INSERT_ORDER_FOOD 538, 4, 3;
EXEC dbo.INSERT_ORDER_FOOD 157, 4, 1;
EXEC dbo.INSERT_ORDER_FOOD 138, 5, 1;
EXEC dbo.INSERT_ORDER_FOOD 517, 5, 2;
EXEC dbo.INSERT_ORDER_FOOD 277, 5, 4;
EXEC dbo.INSERT_ORDER_FOOD 68, 5, 3;
EXEC dbo.INSERT_ORDER_FOOD 570, 5, 2;
EXEC dbo.INSERT_ORDER_FOOD 376, 5, 1;
EXEC dbo.INSERT_ORDER_FOOD 102, 5, 1;
EXEC dbo.INSERT_ORDER_FOOD 68, 5, 1;
EXEC dbo.INSERT_ORDER_FOOD 95, 5, 5;
EXEC dbo.INSERT_ORDER_FOOD 319, 5, 5;
EXEC dbo.INSERT_ORDER_FOOD 410, 6, 1;
EXEC dbo.INSERT_ORDER_FOOD 20, 7, 5;
EXEC dbo.INSERT_ORDER_FOOD 381, 7, 1;
EXEC dbo.INSERT_ORDER_FOOD 47, 7, 5;
EXEC dbo.INSERT_ORDER_FOOD 324, 7, 4;
EXEC dbo.INSERT_ORDER_FOOD 68, 7, 2;
EXEC dbo.INSERT_ORDER_FOOD 122, 7, 4;
EXEC dbo.INSERT_ORDER_FOOD 488, 7, 4;
EXEC dbo.INSERT_ORDER_FOOD 570, 7, 2;
EXEC dbo.INSERT_ORDER_FOOD 517, 7, 1;
EXEC dbo.INSERT_ORDER_FOOD 154, 8, 4;
EXEC dbo.INSERT_ORDER_FOOD 538, 9, 4;
EXEC dbo.INSERT_ORDER_FOOD 102, 9, 2;
EXEC dbo.INSERT_ORDER_FOOD 319, 9, 4;
EXEC dbo.INSERT_ORDER_FOOD 576, 9, 4;
EXEC dbo.INSERT_ORDER_FOOD 538, 10, 4;
EXEC dbo.INSERT_ORDER_FOOD 286, 10, 4;
EXEC dbo.INSERT_ORDER_FOOD 122, 10, 1;
EXEC dbo.INSERT_ORDER_FOOD 233, 10, 5;
EXEC dbo.INSERT_ORDER_FOOD 261, 11, 3;
EXEC dbo.INSERT_ORDER_FOOD 576, 11, 1;
EXEC dbo.INSERT_ORDER_FOOD 138, 11, 1;
EXEC dbo.INSERT_ORDER_FOOD 85, 11, 1;
EXEC dbo.INSERT_ORDER_FOOD 122, 11, 5;
EXEC dbo.INSERT_ORDER_FOOD 39, 11, 2;
EXEC dbo.INSERT_ORDER_FOOD 384, 11, 1;
EXEC dbo.INSERT_ORDER_FOOD 138, 11, 2;
EXEC dbo.INSERT_ORDER_FOOD 234, 12, 5;
EXEC dbo.INSERT_ORDER_FOOD 154, 12, 1;
EXEC dbo.INSERT_ORDER_FOOD 435, 12, 1;
EXEC dbo.INSERT_ORDER_FOOD 286, 12, 2;
EXEC dbo.INSERT_ORDER_FOOD 68, 12, 4;
EXEC dbo.INSERT_ORDER_FOOD 116, 12, 5;
EXEC dbo.INSERT_ORDER_FOOD 376, 12, 4;
EXEC dbo.INSERT_ORDER_FOOD 85, 12, 2;
EXEC dbo.INSERT_ORDER_FOOD 488, 12, 1;
EXEC dbo.INSERT_ORDER_FOOD 341, 13, 2;
EXEC dbo.INSERT_ORDER_FOOD 360, 13, 4;
EXEC dbo.INSERT_ORDER_FOOD 410, 13, 1;
EXEC dbo.INSERT_ORDER_FOOD 538, 13, 3;
EXEC dbo.INSERT_ORDER_FOOD 538, 13, 3;
EXEC dbo.INSERT_ORDER_FOOD 488, 13, 5;
EXEC dbo.INSERT_ORDER_FOOD 538, 13, 5;
EXEC dbo.INSERT_ORDER_FOOD 169, 13, 4;
EXEC dbo.INSERT_ORDER_FOOD 277, 13, 5;
EXEC dbo.INSERT_ORDER_FOOD 517, 14, 1;
EXEC dbo.INSERT_ORDER_FOOD 542, 14, 5;
EXEC dbo.INSERT_ORDER_FOOD 428, 14, 1;
EXEC dbo.INSERT_ORDER_FOOD 360, 14, 4;
EXEC dbo.INSERT_ORDER_FOOD 116, 14, 3;
EXEC dbo.INSERT_ORDER_FOOD 576, 14, 2;
EXEC dbo.INSERT_ORDER_FOOD 68, 15, 5;
EXEC dbo.INSERT_ORDER_FOOD 538, 15, 3;
EXEC dbo.INSERT_ORDER_FOOD 138, 15, 4;
EXEC dbo.INSERT_ORDER_FOOD 234, 15, 1;
EXEC dbo.INSERT_ORDER_FOOD 324, 15, 4;
EXEC dbo.INSERT_ORDER_FOOD 538, 15, 2;
EXEC dbo.INSERT_ORDER_FOOD 376, 16, 1;
EXEC dbo.INSERT_ORDER_FOOD 154, 16, 3;
EXEC dbo.INSERT_ORDER_FOOD 286, 16, 5;
EXEC dbo.INSERT_ORDER_FOOD 277, 17, 5;
EXEC dbo.INSERT_ORDER_FOOD 381, 17, 4;
EXEC dbo.INSERT_ORDER_FOOD 26, 17, 4;
EXEC dbo.INSERT_ORDER_FOOD 570, 17, 1;
EXEC dbo.INSERT_ORDER_FOOD 233, 17, 4;
EXEC dbo.INSERT_ORDER_FOOD 47, 17, 2;
EXEC dbo.INSERT_ORDER_FOOD 435, 17, 2;
EXEC dbo.INSERT_ORDER_FOOD 233, 17, 2;
EXEC dbo.INSERT_ORDER_FOOD 398, 18, 1;
EXEC dbo.INSERT_ORDER_FOOD 17, 18, 4;
EXEC dbo.INSERT_ORDER_FOOD 410, 18, 1;
EXEC dbo.INSERT_ORDER_FOOD 17, 18, 3;
EXEC dbo.INSERT_ORDER_FOOD 384, 18, 5;
EXEC dbo.INSERT_ORDER_FOOD 169, 19, 4;
EXEC dbo.INSERT_ORDER_FOOD 341, 19, 4;
EXEC dbo.INSERT_ORDER_FOOD 261, 19, 4;
EXEC dbo.INSERT_ORDER_FOOD 233, 20, 1;
EXEC dbo.INSERT_ORDER_FOOD 542, 20, 4;
EXEC dbo.INSERT_ORDER_FOOD 234, 20, 5;
EXEC dbo.INSERT_ORDER_FOOD 572, 20, 3;
EXEC dbo.INSERT_ORDER_FOOD 538, 20, 5;
EXEC dbo.INSERT_ORDER_FOOD 410, 20, 4;
EXEC dbo.INSERT_ORDER_FOOD 538, 20, 3;
EXEC dbo.INSERT_ORDER_FOOD 517, 20, 4;
EXEC dbo.INSERT_ORDER_FOOD 538, 20, 4;
EXEC dbo.INSERT_ORDER_FOOD 576, 21, 1;
EXEC dbo.INSERT_ORDER_FOOD 39, 21, 3;
EXEC dbo.INSERT_ORDER_FOOD 488, 21, 2;
EXEC dbo.INSERT_ORDER_FOOD 384, 22, 4;
EXEC dbo.INSERT_ORDER_FOOD 326, 22, 3;
EXEC dbo.INSERT_ORDER_FOOD 517, 22, 2;
EXEC dbo.INSERT_ORDER_FOOD 384, 23, 3;
EXEC dbo.INSERT_ORDER_FOOD 47, 23, 5;
EXEC dbo.INSERT_ORDER_FOOD 319, 23, 3;
EXEC dbo.INSERT_ORDER_FOOD 89, 23, 2;
EXEC dbo.INSERT_ORDER_FOOD 341, 23, 4;
EXEC dbo.INSERT_ORDER_FOOD 286, 23, 1;
EXEC dbo.INSERT_ORDER_FOOD 154, 24, 3;
EXEC dbo.INSERT_ORDER_FOOD 169, 24, 3;
EXEC dbo.INSERT_ORDER_FOOD 26, 24, 2;
EXEC dbo.INSERT_ORDER_FOOD 376, 25, 2;
EXEC dbo.INSERT_ORDER_FOOD 538, 25, 5;
EXEC dbo.INSERT_ORDER_FOOD 17, 25, 5;
EXEC dbo.INSERT_ORDER_FOOD 538, 25, 1;
EXEC dbo.INSERT_ORDER_FOOD 116, 25, 2;
EXEC dbo.INSERT_ORDER_FOOD 169, 25, 4;
EXEC dbo.INSERT_ORDER_FOOD 517, 25, 2;
EXEC dbo.INSERT_ORDER_FOOD 17, 25, 5;
EXEC dbo.INSERT_ORDER_FOOD 20, 26, 3;
EXEC dbo.INSERT_ORDER_FOOD 376, 26, 3;
EXEC dbo.INSERT_ORDER_FOOD 576, 26, 2;
EXEC dbo.INSERT_ORDER_FOOD 576, 26, 1;
EXEC dbo.INSERT_ORDER_FOOD 261, 26, 4;
EXEC dbo.INSERT_ORDER_FOOD 576, 26, 2;
EXEC dbo.INSERT_ORDER_FOOD 116, 27, 5;
EXEC dbo.INSERT_ORDER_FOOD 572, 27, 1;
EXEC dbo.INSERT_ORDER_FOOD 428, 27, 2;
EXEC dbo.INSERT_ORDER_FOOD 414, 28, 1;
EXEC dbo.INSERT_ORDER_FOOD 376, 28, 1;
EXEC dbo.INSERT_ORDER_FOOD 360, 28, 5;
EXEC dbo.INSERT_ORDER_FOOD 570, 28, 4;
EXEC dbo.INSERT_ORDER_FOOD 570, 28, 5;
EXEC dbo.INSERT_ORDER_FOOD 277, 29, 4;
EXEC dbo.INSERT_ORDER_FOOD 169, 29, 4;
EXEC dbo.INSERT_ORDER_FOOD 326, 29, 5;
EXEC dbo.INSERT_ORDER_FOOD 154, 29, 5;
EXEC dbo.INSERT_ORDER_FOOD 376, 29, 4;
EXEC dbo.INSERT_ORDER_FOOD 68, 29, 5;
EXEC dbo.INSERT_ORDER_FOOD 488, 30, 3;
EXEC dbo.INSERT_ORDER_FOOD 341, 30, 5;
EXEC dbo.INSERT_ORDER_FOOD 488, 30, 5;
EXEC dbo.INSERT_ORDER_FOOD 414, 30, 2;
EXEC dbo.INSERT_ORDER_FOOD 384, 30, 1;
EXEC dbo.INSERT_ORDER_FOOD 576, 31, 1;
EXEC dbo.INSERT_ORDER_FOOD 398, 31, 4;
EXEC dbo.INSERT_ORDER_FOOD 68, 31, 2;
EXEC dbo.INSERT_ORDER_FOOD 435, 31, 1;
EXEC dbo.INSERT_ORDER_FOOD 398, 32, 3;
EXEC dbo.INSERT_ORDER_FOOD 26, 32, 4;
EXEC dbo.INSERT_ORDER_FOOD 319, 32, 5;
EXEC dbo.INSERT_ORDER_FOOD 122, 32, 3;
EXEC dbo.INSERT_ORDER_FOOD 138, 32, 5;
EXEC dbo.INSERT_ORDER_FOOD 360, 32, 3;
EXEC dbo.INSERT_ORDER_FOOD 20, 33, 3;
EXEC dbo.INSERT_ORDER_FOOD 488, 33, 4;
EXEC dbo.INSERT_ORDER_FOOD 326, 33, 1;
EXEC dbo.INSERT_ORDER_FOOD 570, 33, 2;
EXEC dbo.INSERT_ORDER_FOOD 576, 33, 4;
EXEC dbo.INSERT_ORDER_FOOD 157, 33, 3;
EXEC dbo.INSERT_ORDER_FOOD 572, 33, 4;
EXEC dbo.INSERT_ORDER_FOOD 20, 33, 4;
EXEC dbo.INSERT_ORDER_FOOD 506, 33, 3;
EXEC dbo.INSERT_ORDER_FOOD 542, 34, 2;
EXEC dbo.INSERT_ORDER_FOOD 379, 34, 3;
EXEC dbo.INSERT_ORDER_FOOD 379, 34, 3;
EXEC dbo.INSERT_ORDER_FOOD 410, 34, 2;
EXEC dbo.INSERT_ORDER_FOOD 85, 35, 1;
EXEC dbo.INSERT_ORDER_FOOD 68, 35, 4;
EXEC dbo.INSERT_ORDER_FOOD 384, 35, 3;
EXEC dbo.INSERT_ORDER_FOOD 85, 35, 3;
EXEC dbo.INSERT_ORDER_FOOD 233, 35, 2;
EXEC dbo.INSERT_ORDER_FOOD 20, 36, 1;
EXEC dbo.INSERT_ORDER_FOOD 47, 36, 2;
EXEC dbo.INSERT_ORDER_FOOD 116, 36, 2;
EXEC dbo.INSERT_ORDER_FOOD 157, 36, 1;
EXEC dbo.INSERT_ORDER_FOOD 68, 37, 2;
EXEC dbo.INSERT_ORDER_FOOD 506, 37, 3;
EXEC dbo.INSERT_ORDER_FOOD 488, 37, 5;
EXEC dbo.INSERT_ORDER_FOOD 538, 37, 2;
EXEC dbo.INSERT_ORDER_FOOD 122, 37, 1;
EXEC dbo.INSERT_ORDER_FOOD 572, 37, 2;
EXEC dbo.INSERT_ORDER_FOOD 85, 37, 3;
EXEC dbo.INSERT_ORDER_FOOD 324, 37, 4;
EXEC dbo.INSERT_ORDER_FOOD 95, 38, 3;
EXEC dbo.INSERT_ORDER_FOOD 538, 38, 1;
EXEC dbo.INSERT_ORDER_FOOD 169, 38, 3;
EXEC dbo.INSERT_ORDER_FOOD 517, 38, 2;
EXEC dbo.INSERT_ORDER_FOOD 410, 39, 4;
EXEC dbo.INSERT_ORDER_FOOD 157, 39, 1;
EXEC dbo.INSERT_ORDER_FOOD 517, 40, 2;
EXEC dbo.INSERT_ORDER_FOOD 47, 40, 2;
EXEC dbo.INSERT_ORDER_FOOD 85, 40, 5;
EXEC dbo.INSERT_ORDER_FOOD 428, 40, 2;
EXEC dbo.INSERT_ORDER_FOOD 376, 40, 1;
EXEC dbo.INSERT_ORDER_FOOD 157, 40, 3;
EXEC dbo.INSERT_ORDER_FOOD 576, 40, 1;
EXEC dbo.INSERT_ORDER_FOOD 506, 40, 4;
EXEC dbo.INSERT_ORDER_FOOD 174, 40, 1;
EXEC dbo.INSERT_ORDER_FOOD 360, 40, 4;
EXEC dbo.INSERT_ORDER_FOOD 29, 1, 2;
EXEC dbo.INSERT_ORDER_FOOD 203, 2, 3;
EXEC dbo.INSERT_ORDER_FOOD 119, 2, 2;
EXEC dbo.INSERT_ORDER_FOOD 439, 2, 5;
EXEC dbo.INSERT_ORDER_FOOD 241, 2, 1;
EXEC dbo.INSERT_ORDER_FOOD 177, 2, 2;
EXEC dbo.INSERT_ORDER_FOOD 357, 2, 3;
EXEC dbo.INSERT_ORDER_FOOD 462, 3, 4;
EXEC dbo.INSERT_ORDER_FOOD 52, 3, 4;
EXEC dbo.INSERT_ORDER_FOOD 290, 3, 2;
EXEC dbo.INSERT_ORDER_FOOD 52, 3, 3;
EXEC dbo.INSERT_ORDER_FOOD 29, 3, 5;
EXEC dbo.INSERT_ORDER_FOOD 29, 3, 2;
EXEC dbo.INSERT_ORDER_FOOD 370, 3, 1;
EXEC dbo.INSERT_ORDER_FOOD 427, 3, 2;
EXEC dbo.INSERT_ORDER_FOOD 439, 3, 5;
EXEC dbo.INSERT_ORDER_FOOD 546, 3, 3;
EXEC dbo.INSERT_ORDER_FOOD 75, 4, 5;
EXEC dbo.INSERT_ORDER_FOOD 382, 4, 4;
EXEC dbo.INSERT_ORDER_FOOD 370, 4, 2;
EXEC dbo.INSERT_ORDER_FOOD 436, 4, 1;
EXEC dbo.INSERT_ORDER_FOOD 203, 4, 3;
EXEC dbo.INSERT_ORDER_FOOD 574, 4, 2;
EXEC dbo.INSERT_ORDER_FOOD 143, 4, 3;
EXEC dbo.INSERT_ORDER_FOOD 203, 5, 4;
EXEC dbo.INSERT_ORDER_FOOD 143, 5, 2;
EXEC dbo.INSERT_ORDER_FOOD 357, 5, 1;
EXEC dbo.INSERT_ORDER_FOOD 427, 5, 5;
EXEC dbo.INSERT_ORDER_FOOD 144, 5, 5;
EXEC dbo.INSERT_ORDER_FOOD 549, 5, 2;
EXEC dbo.INSERT_ORDER_FOOD 75, 5, 5;
EXEC dbo.INSERT_ORDER_FOOD 144, 5, 3;
EXEC dbo.INSERT_ORDER_FOOD 439, 6, 5;
EXEC dbo.INSERT_ORDER_FOOD 581, 7, 4;
EXEC dbo.INSERT_ORDER_FOOD 144, 7, 5;
EXEC dbo.INSERT_ORDER_FOOD 370, 7, 5;
EXEC dbo.INSERT_ORDER_FOOD 357, 7, 5;
EXEC dbo.INSERT_ORDER_FOOD 143, 7, 5;
EXEC dbo.INSERT_ORDER_FOOD 316, 7, 5;
EXEC dbo.INSERT_ORDER_FOOD 143, 7, 5;
EXEC dbo.INSERT_ORDER_FOOD 549, 8, 3;
EXEC dbo.INSERT_ORDER_FOOD 75, 8, 1;
EXEC dbo.INSERT_ORDER_FOOD 549, 8, 4;
EXEC dbo.INSERT_ORDER_FOOD 144, 8, 3;
EXEC dbo.INSERT_ORDER_FOOD 427, 8, 2;
EXEC dbo.INSERT_ORDER_FOOD 291, 8, 1;
EXEC dbo.INSERT_ORDER_FOOD 110, 8, 2;
EXEC dbo.INSERT_ORDER_FOOD 167, 8, 1;
EXEC dbo.INSERT_ORDER_FOOD 75, 9, 3;
EXEC dbo.INSERT_ORDER_FOOD 167, 9, 5;
EXEC dbo.INSERT_ORDER_FOOD 52, 9, 3;
EXEC dbo.INSERT_ORDER_FOOD 316, 9, 3;
EXEC dbo.INSERT_ORDER_FOOD 246, 9, 2;
EXEC dbo.INSERT_ORDER_FOOD 260, 9, 3;
EXEC dbo.INSERT_ORDER_FOOD 490, 9, 2;
EXEC dbo.INSERT_ORDER_FOOD 1, 9, 2;
EXEC dbo.INSERT_ORDER_FOOD 144, 9, 5;
EXEC dbo.INSERT_ORDER_FOOD 382, 9, 2;
EXEC dbo.INSERT_ORDER_FOOD 427, 10, 4;
EXEC dbo.INSERT_ORDER_FOOD 203, 10, 5;
EXEC dbo.INSERT_ORDER_FOOD 390, 10, 1;
EXEC dbo.INSERT_ORDER_FOOD 370, 11, 1;
EXEC dbo.INSERT_ORDER_FOOD 191, 11, 5;
EXEC dbo.INSERT_ORDER_FOOD 291, 11, 4;
EXEC dbo.INSERT_ORDER_FOOD 260, 11, 3;
EXEC dbo.INSERT_ORDER_FOOD 316, 11, 4;
EXEC dbo.INSERT_ORDER_FOOD 1, 11, 1;
EXEC dbo.INSERT_ORDER_FOOD 291, 11, 3;
EXEC dbo.INSERT_ORDER_FOOD 409, 11, 3;
EXEC dbo.INSERT_ORDER_FOOD 316, 12, 5;
EXEC dbo.INSERT_ORDER_FOOD 581, 12, 1;
EXEC dbo.INSERT_ORDER_FOOD 475, 12, 1;
EXEC dbo.INSERT_ORDER_FOOD 475, 12, 4;
EXEC dbo.INSERT_ORDER_FOOD 246, 13, 2;
EXEC dbo.INSERT_ORDER_FOOD 439, 13, 1;
EXEC dbo.INSERT_ORDER_FOOD 409, 13, 1;
EXEC dbo.INSERT_ORDER_FOOD 574, 13, 2;
EXEC dbo.INSERT_ORDER_FOOD 549, 13, 1;
EXEC dbo.INSERT_ORDER_FOOD 308, 14, 1;
EXEC dbo.INSERT_ORDER_FOOD 246, 14, 2;
EXEC dbo.INSERT_ORDER_FOOD 370, 15, 2;
EXEC dbo.INSERT_ORDER_FOOD 436, 15, 3;
EXEC dbo.INSERT_ORDER_FOOD 291, 15, 1;
EXEC dbo.INSERT_ORDER_FOOD 475, 16, 1;
EXEC dbo.INSERT_ORDER_FOOD 260, 16, 4;
EXEC dbo.INSERT_ORDER_FOOD 462, 16, 3;
EXEC dbo.INSERT_ORDER_FOOD 167, 16, 2;
EXEC dbo.INSERT_ORDER_FOOD 110, 16, 4;
EXEC dbo.INSERT_ORDER_FOOD 436, 17, 5;
EXEC dbo.INSERT_ORDER_FOOD 462, 17, 5;
EXEC dbo.INSERT_ORDER_FOOD 549, 17, 5;
EXEC dbo.INSERT_ORDER_FOOD 110, 17, 3;
EXEC dbo.INSERT_ORDER_FOOD 490, 17, 3;
EXEC dbo.INSERT_ORDER_FOOD 382, 17, 1;
EXEC dbo.INSERT_ORDER_FOOD 549, 17, 3;
EXEC dbo.INSERT_ORDER_FOOD 241, 17, 3;
EXEC dbo.INSERT_ORDER_FOOD 167, 17, 3;
EXEC dbo.INSERT_ORDER_FOOD 75, 18, 1;
EXEC dbo.INSERT_ORDER_FOOD 173, 18, 4;
EXEC dbo.INSERT_ORDER_FOOD 200, 18, 2;
EXEC dbo.INSERT_ORDER_FOOD 462, 18, 2;
EXEC dbo.INSERT_ORDER_FOOD 337, 18, 5;
EXEC dbo.INSERT_ORDER_FOOD 143, 18, 5;
EXEC dbo.INSERT_ORDER_FOOD 357, 18, 2;
EXEC dbo.INSERT_ORDER_FOOD 409, 18, 1;
EXEC dbo.INSERT_ORDER_FOOD 246, 18, 5;
EXEC dbo.INSERT_ORDER_FOOD 574, 19, 2;
EXEC dbo.INSERT_ORDER_FOOD 337, 19, 1;
EXEC dbo.INSERT_ORDER_FOOD 462, 19, 4;
EXEC dbo.INSERT_ORDER_FOOD 290, 19, 3;
EXEC dbo.INSERT_ORDER_FOOD 308, 19, 5;
EXEC dbo.INSERT_ORDER_FOOD 75, 19, 2;
EXEC dbo.INSERT_ORDER_FOOD 200, 20, 1;
EXEC dbo.INSERT_ORDER_FOOD 191, 20, 3;
EXEC dbo.INSERT_ORDER_FOOD 167, 20, 1;
EXEC dbo.INSERT_ORDER_FOOD 290, 20, 2;
EXEC dbo.INSERT_ORDER_FOOD 246, 21, 3;
EXEC dbo.INSERT_ORDER_FOOD 1, 22, 3;
EXEC dbo.INSERT_ORDER_FOOD 290, 22, 2;
EXEC dbo.INSERT_ORDER_FOOD 290, 22, 1;
EXEC dbo.INSERT_ORDER_FOOD 200, 22, 5;
EXEC dbo.INSERT_ORDER_FOOD 390, 22, 4;
EXEC dbo.INSERT_ORDER_FOOD 1, 22, 2;
EXEC dbo.INSERT_ORDER_FOOD 173, 22, 4;
EXEC dbo.INSERT_ORDER_FOOD 144, 23, 4;
EXEC dbo.INSERT_ORDER_FOOD 260, 23, 1;
EXEC dbo.INSERT_ORDER_FOOD 143, 24, 3;
EXEC dbo.INSERT_ORDER_FOOD 75, 24, 1;
EXEC dbo.INSERT_ORDER_FOOD 167, 24, 3;
EXEC dbo.INSERT_ORDER_FOOD 370, 24, 4;
EXEC dbo.INSERT_ORDER_FOOD 475, 24, 2;
EXEC dbo.INSERT_ORDER_FOOD 29, 24, 1;
EXEC dbo.INSERT_ORDER_FOOD 1, 24, 2;
EXEC dbo.INSERT_ORDER_FOOD 337, 24, 5;
EXEC dbo.INSERT_ORDER_FOOD 260, 24, 3;
EXEC dbo.INSERT_ORDER_FOOD 110, 24, 3;
EXEC dbo.INSERT_ORDER_FOOD 90, 25, 3;
EXEC dbo.INSERT_ORDER_FOOD 427, 26, 2;
EXEC dbo.INSERT_ORDER_FOOD 143, 26, 4;
EXEC dbo.INSERT_ORDER_FOOD 308, 26, 5;
EXEC dbo.INSERT_ORDER_FOOD 370, 26, 2;
EXEC dbo.INSERT_ORDER_FOOD 436, 26, 2;
EXEC dbo.INSERT_ORDER_FOOD 490, 26, 5;
EXEC dbo.INSERT_ORDER_FOOD 475, 27, 3;
EXEC dbo.INSERT_ORDER_FOOD 439, 28, 2;
EXEC dbo.INSERT_ORDER_FOOD 110, 28, 3;
EXEC dbo.INSERT_ORDER_FOOD 409, 28, 3;
EXEC dbo.INSERT_ORDER_FOOD 290, 29, 2;
EXEC dbo.INSERT_ORDER_FOOD 546, 29, 3;
EXEC dbo.INSERT_ORDER_FOOD 382, 30, 1;
EXEC dbo.INSERT_ORDER_FOOD 90, 30, 1;
EXEC dbo.INSERT_ORDER_FOOD 90, 30, 1;
EXEC dbo.INSERT_ORDER_FOOD 177, 31, 2;
EXEC dbo.INSERT_ORDER_FOOD 90, 32, 3;
EXEC dbo.INSERT_ORDER_FOOD 52, 32, 2;
EXEC dbo.INSERT_ORDER_FOOD 546, 32, 1;
EXEC dbo.INSERT_ORDER_FOOD 357, 32, 2;
EXEC dbo.INSERT_ORDER_FOOD 29, 32, 2;
EXEC dbo.INSERT_ORDER_FOOD 409, 32, 2;
EXEC dbo.INSERT_ORDER_FOOD 549, 32, 3;
EXEC dbo.INSERT_ORDER_FOOD 200, 32, 5;
EXEC dbo.INSERT_ORDER_FOOD 581, 32, 5;
EXEC dbo.INSERT_ORDER_FOOD 52, 32, 1;
EXEC dbo.INSERT_ORDER_FOOD 337, 33, 1;
EXEC dbo.INSERT_ORDER_FOOD 546, 33, 4;
EXEC dbo.INSERT_ORDER_FOOD 308, 33, 1;
EXEC dbo.INSERT_ORDER_FOOD 308, 33, 4;
EXEC dbo.INSERT_ORDER_FOOD 436, 33, 1;
EXEC dbo.INSERT_ORDER_FOOD 1, 33, 3;
EXEC dbo.INSERT_ORDER_FOOD 581, 33, 4;
EXEC dbo.INSERT_ORDER_FOOD 241, 33, 3;
EXEC dbo.INSERT_ORDER_FOOD 390, 33, 5;
EXEC dbo.INSERT_ORDER_FOOD 143, 33, 4;
EXEC dbo.INSERT_ORDER_FOOD 574, 34, 1;
EXEC dbo.INSERT_ORDER_FOOD 475, 34, 4;
EXEC dbo.INSERT_ORDER_FOOD 316, 34, 5;
EXEC dbo.INSERT_ORDER_FOOD 357, 34, 3;
EXEC dbo.INSERT_ORDER_FOOD 316, 34, 2;
EXEC dbo.INSERT_ORDER_FOOD 490, 34, 4;
EXEC dbo.INSERT_ORDER_FOOD 370, 34, 3;
EXEC dbo.INSERT_ORDER_FOOD 316, 34, 1;
EXEC dbo.INSERT_ORDER_FOOD 291, 34, 2;
EXEC dbo.INSERT_ORDER_FOOD 290, 34, 5;
EXEC dbo.INSERT_ORDER_FOOD 337, 35, 4;
EXEC dbo.INSERT_ORDER_FOOD 29, 36, 3;
EXEC dbo.INSERT_ORDER_FOOD 581, 36, 4;
EXEC dbo.INSERT_ORDER_FOOD 409, 36, 1;
EXEC dbo.INSERT_ORDER_FOOD 203, 36, 3;
EXEC dbo.INSERT_ORDER_FOOD 337, 36, 3;
EXEC dbo.INSERT_ORDER_FOOD 191, 37, 1;
EXEC dbo.INSERT_ORDER_FOOD 110, 37, 1;
EXEC dbo.INSERT_ORDER_FOOD 119, 37, 3;
EXEC dbo.INSERT_ORDER_FOOD 427, 37, 5;
EXEC dbo.INSERT_ORDER_FOOD 490, 37, 1;
EXEC dbo.INSERT_ORDER_FOOD 173, 37, 5;
EXEC dbo.INSERT_ORDER_FOOD 119, 37, 2;
EXEC dbo.INSERT_ORDER_FOOD 200, 37, 5;
EXEC dbo.INSERT_ORDER_FOOD 144, 37, 5;
EXEC dbo.INSERT_ORDER_FOOD 173, 38, 3;
EXEC dbo.INSERT_ORDER_FOOD 119, 38, 5;
EXEC dbo.INSERT_ORDER_FOOD 357, 38, 4;
EXEC dbo.INSERT_ORDER_FOOD 490, 38, 3;
EXEC dbo.INSERT_ORDER_FOOD 246, 39, 2;
EXEC dbo.INSERT_ORDER_FOOD 462, 39, 1;
EXEC dbo.INSERT_ORDER_FOOD 173, 39, 5;
EXEC dbo.INSERT_ORDER_FOOD 581, 39, 2;
EXEC dbo.INSERT_ORDER_FOOD 177, 39, 1;
EXEC dbo.INSERT_ORDER_FOOD 357, 39, 5;
EXEC dbo.INSERT_ORDER_FOOD 439, 39, 4;
EXEC dbo.INSERT_ORDER_FOOD 241, 39, 4;
EXEC dbo.INSERT_ORDER_FOOD 370, 39, 4;
EXEC dbo.INSERT_ORDER_FOOD 370, 39, 3;
EXEC dbo.INSERT_ORDER_FOOD 260, 40, 1;
EXEC dbo.INSERT_ORDER_FOOD 490, 40, 3;
EXEC dbo.INSERT_ORDER_FOOD 409, 40, 5;
EXEC dbo.INSERT_ORDER_FOOD 203, 40, 3;
EXEC dbo.INSERT_ORDER_FOOD 29, 40, 5;
EXEC dbo.INSERT_ORDER_FOOD 475, 40, 3;
EXEC dbo.INSERT_ORDER_FOOD 490, 40, 5;
EXEC dbo.INSERT_ORDER_FOOD 52, 40, 2;
EXEC dbo.INSERT_ORDER_FOOD 203, 40, 4;
EXEC dbo.INSERT_ORDER_FOOD 337, 40, 5;
EXEC dbo.INSERT_ORDER_FOOD 65, 1, 1;
EXEC dbo.INSERT_ORDER_FOOD 541, 1, 1;
EXEC dbo.INSERT_ORDER_FOOD 114, 1, 5;
EXEC dbo.INSERT_ORDER_FOOD 306, 1, 1;
EXEC dbo.INSERT_ORDER_FOOD 533, 1, 3;
EXEC dbo.INSERT_ORDER_FOOD 407, 1, 1;
EXEC dbo.INSERT_ORDER_FOOD 168, 1, 4;
EXEC dbo.INSERT_ORDER_FOOD 533, 2, 2;
EXEC dbo.INSERT_ORDER_FOOD 230, 3, 2;
EXEC dbo.INSERT_ORDER_FOOD 230, 3, 5;
EXEC dbo.INSERT_ORDER_FOOD 8, 3, 1;
EXEC dbo.INSERT_ORDER_FOOD 183, 3, 3;
EXEC dbo.INSERT_ORDER_FOOD 2, 3, 2;
EXEC dbo.INSERT_ORDER_FOOD 147, 3, 1;
EXEC dbo.INSERT_ORDER_FOOD 65, 3, 3;
EXEC dbo.INSERT_ORDER_FOOD 594, 4, 4;
EXEC dbo.INSERT_ORDER_FOOD 395, 4, 5;
EXEC dbo.INSERT_ORDER_FOOD 186, 4, 2;
EXEC dbo.INSERT_ORDER_FOOD 34, 4, 4;
EXEC dbo.INSERT_ORDER_FOOD 65, 4, 3;
EXEC dbo.INSERT_ORDER_FOOD 533, 4, 4;
EXEC dbo.INSERT_ORDER_FOOD 536, 4, 3;
EXEC dbo.INSERT_ORDER_FOOD 88, 4, 5;
EXEC dbo.INSERT_ORDER_FOOD 313, 4, 4;
EXEC dbo.INSERT_ORDER_FOOD 313, 4, 2;
EXEC dbo.INSERT_ORDER_FOOD 295, 5, 1;
EXEC dbo.INSERT_ORDER_FOOD 313, 5, 5;
EXEC dbo.INSERT_ORDER_FOOD 147, 5, 2;
EXEC dbo.INSERT_ORDER_FOOD 347, 5, 5;
EXEC dbo.INSERT_ORDER_FOOD 295, 5, 3;
EXEC dbo.INSERT_ORDER_FOOD 407, 5, 1;
EXEC dbo.INSERT_ORDER_FOOD 183, 5, 3;
EXEC dbo.INSERT_ORDER_FOOD 183, 6, 2;
EXEC dbo.INSERT_ORDER_FOOD 41, 6, 4;
EXEC dbo.INSERT_ORDER_FOOD 407, 6, 2;
EXEC dbo.INSERT_ORDER_FOOD 313, 6, 3;
EXEC dbo.INSERT_ORDER_FOOD 295, 6, 4;
EXEC dbo.INSERT_ORDER_FOOD 599, 6, 5;
EXEC dbo.INSERT_ORDER_FOOD 295, 7, 5;
EXEC dbo.INSERT_ORDER_FOOD 594, 8, 3;
EXEC dbo.INSERT_ORDER_FOOD 187, 8, 4;
EXEC dbo.INSERT_ORDER_FOOD 114, 8, 3;
EXEC dbo.INSERT_ORDER_FOOD 187, 8, 3;
EXEC dbo.INSERT_ORDER_FOOD 88, 8, 1;
EXEC dbo.INSERT_ORDER_FOOD 541, 8, 5;
EXEC dbo.INSERT_ORDER_FOOD 230, 8, 1;
EXEC dbo.INSERT_ORDER_FOOD 114, 8, 1;
EXEC dbo.INSERT_ORDER_FOOD 8, 8, 2;
EXEC dbo.INSERT_ORDER_FOOD 491, 8, 3;
EXEC dbo.INSERT_ORDER_FOOD 599, 9, 3;
EXEC dbo.INSERT_ORDER_FOOD 541, 9, 3;
EXEC dbo.INSERT_ORDER_FOOD 421, 9, 4;
EXEC dbo.INSERT_ORDER_FOOD 407, 9, 3;
EXEC dbo.INSERT_ORDER_FOOD 71, 9, 5;
EXEC dbo.INSERT_ORDER_FOOD 65, 9, 5;
EXEC dbo.INSERT_ORDER_FOOD 65, 10, 3;
EXEC dbo.INSERT_ORDER_FOOD 539, 10, 4;
EXEC dbo.INSERT_ORDER_FOOD 539, 10, 4;
EXEC dbo.INSERT_ORDER_FOOD 230, 10, 1;
EXEC dbo.INSERT_ORDER_FOOD 295, 10, 5;
EXEC dbo.INSERT_ORDER_FOOD 491, 10, 2;
EXEC dbo.INSERT_ORDER_FOOD 41, 10, 1;
EXEC dbo.INSERT_ORDER_FOOD 407, 11, 1;
EXEC dbo.INSERT_ORDER_FOOD 114, 11, 5;
EXEC dbo.INSERT_ORDER_FOOD 183, 11, 2;
EXEC dbo.INSERT_ORDER_FOOD 168, 12, 5;
EXEC dbo.INSERT_ORDER_FOOD 230, 12, 5;
EXEC dbo.INSERT_ORDER_FOOD 498, 13, 2;
EXEC dbo.INSERT_ORDER_FOOD 168, 13, 3;
EXEC dbo.INSERT_ORDER_FOOD 526, 13, 3;
EXEC dbo.INSERT_ORDER_FOOD 599, 13, 2;
EXEC dbo.INSERT_ORDER_FOOD 368, 13, 1;
EXEC dbo.INSERT_ORDER_FOOD 429, 13, 4;
EXEC dbo.INSERT_ORDER_FOOD 88, 13, 1;
EXEC dbo.INSERT_ORDER_FOOD 183, 13, 4;
EXEC dbo.INSERT_ORDER_FOOD 187, 14, 3;
EXEC dbo.INSERT_ORDER_FOOD 464, 14, 3;
EXEC dbo.INSERT_ORDER_FOOD 148, 14, 3;
EXEC dbo.INSERT_ORDER_FOOD 183, 14, 3;
EXEC dbo.INSERT_ORDER_FOOD 395, 14, 4;
EXEC dbo.INSERT_ORDER_FOOD 599, 14, 4;
EXEC dbo.INSERT_ORDER_FOOD 421, 15, 5;
EXEC dbo.INSERT_ORDER_FOOD 147, 15, 4;
EXEC dbo.INSERT_ORDER_FOOD 561, 15, 1;
EXEC dbo.INSERT_ORDER_FOOD 599, 15, 2;
EXEC dbo.INSERT_ORDER_FOOD 508, 15, 4;
EXEC dbo.INSERT_ORDER_FOOD 407, 15, 1;
EXEC dbo.INSERT_ORDER_FOOD 187, 15, 4;
EXEC dbo.INSERT_ORDER_FOOD 88, 15, 1;
EXEC dbo.INSERT_ORDER_FOOD 168, 15, 4;
EXEC dbo.INSERT_ORDER_FOOD 526, 16, 5;
EXEC dbo.INSERT_ORDER_FOOD 88, 16, 5;
EXEC dbo.INSERT_ORDER_FOOD 539, 16, 4;
EXEC dbo.INSERT_ORDER_FOOD 257, 16, 3;
EXEC dbo.INSERT_ORDER_FOOD 187, 16, 2;
EXEC dbo.INSERT_ORDER_FOOD 395, 17, 2;
EXEC dbo.INSERT_ORDER_FOOD 421, 17, 2;
EXEC dbo.INSERT_ORDER_FOOD 187, 17, 4;
EXEC dbo.INSERT_ORDER_FOOD 2, 17, 4;
EXEC dbo.INSERT_ORDER_FOOD 2, 17, 4;
EXEC dbo.INSERT_ORDER_FOOD 65, 17, 4;
EXEC dbo.INSERT_ORDER_FOOD 491, 18, 5;
EXEC dbo.INSERT_ORDER_FOOD 71, 18, 4;
EXEC dbo.INSERT_ORDER_FOOD 561, 18, 2;
EXEC dbo.INSERT_ORDER_FOOD 71, 18, 4;
EXEC dbo.INSERT_ORDER_FOOD 114, 18, 5;
EXEC dbo.INSERT_ORDER_FOOD 368, 19, 3;
EXEC dbo.INSERT_ORDER_FOOD 71, 20, 5;
EXEC dbo.INSERT_ORDER_FOOD 306, 20, 4;
EXEC dbo.INSERT_ORDER_FOOD 147, 20, 1;
EXEC dbo.INSERT_ORDER_FOOD 8, 20, 1;
EXEC dbo.INSERT_ORDER_FOOD 114, 20, 5;
EXEC dbo.INSERT_ORDER_FOOD 407, 20, 5;
EXEC dbo.INSERT_ORDER_FOOD 498, 20, 2;
EXEC dbo.INSERT_ORDER_FOOD 2, 20, 2;
EXEC dbo.INSERT_ORDER_FOOD 168, 20, 2;
EXEC dbo.INSERT_ORDER_FOOD 498, 21, 1;
EXEC dbo.INSERT_ORDER_FOOD 498, 21, 5;
EXEC dbo.INSERT_ORDER_FOOD 41, 21, 5;
EXEC dbo.INSERT_ORDER_FOOD 507, 21, 1;
EXEC dbo.INSERT_ORDER_FOOD 306, 21, 1;
EXEC dbo.INSERT_ORDER_FOOD 395, 21, 3;
EXEC dbo.INSERT_ORDER_FOOD 168, 21, 3;
EXEC dbo.INSERT_ORDER_FOOD 186, 21, 4;
EXEC dbo.INSERT_ORDER_FOOD 498, 21, 1;
EXEC dbo.INSERT_ORDER_FOOD 599, 21, 1;
EXEC dbo.INSERT_ORDER_FOOD 421, 22, 4;
EXEC dbo.INSERT_ORDER_FOOD 295, 22, 1;
EXEC dbo.INSERT_ORDER_FOOD 526, 23, 2;
EXEC dbo.INSERT_ORDER_FOOD 306, 23, 3;
EXEC dbo.INSERT_ORDER_FOOD 65, 24, 2;
EXEC dbo.INSERT_ORDER_FOOD 8, 24, 4;
EXEC dbo.INSERT_ORDER_FOOD 368, 24, 2;
EXEC dbo.INSERT_ORDER_FOOD 407, 24, 5;
EXEC dbo.INSERT_ORDER_FOOD 183, 24, 4;
EXEC dbo.INSERT_ORDER_FOOD 148, 24, 3;
EXEC dbo.INSERT_ORDER_FOOD 257, 24, 5;
EXEC dbo.INSERT_ORDER_FOOD 533, 25, 1;
EXEC dbo.INSERT_ORDER_FOOD 114, 25, 2;
EXEC dbo.INSERT_ORDER_FOOD 2, 25, 1;
EXEC dbo.INSERT_ORDER_FOOD 539, 25, 4;
EXEC dbo.INSERT_ORDER_FOOD 187, 25, 3;
EXEC dbo.INSERT_ORDER_FOOD 491, 25, 4;
EXEC dbo.INSERT_ORDER_FOOD 539, 25, 2;
EXEC dbo.INSERT_ORDER_FOOD 554, 26, 4;
EXEC dbo.INSERT_ORDER_FOOD 114, 26, 3;
EXEC dbo.INSERT_ORDER_FOOD 533, 26, 5;
EXEC dbo.INSERT_ORDER_FOOD 88, 26, 2;
EXEC dbo.INSERT_ORDER_FOOD 541, 26, 1;
EXEC dbo.INSERT_ORDER_FOOD 114, 26, 5;
EXEC dbo.INSERT_ORDER_FOOD 41, 26, 1;
EXEC dbo.INSERT_ORDER_FOOD 65, 26, 1;
EXEC dbo.INSERT_ORDER_FOOD 554, 27, 2;
EXEC dbo.INSERT_ORDER_FOOD 594, 28, 5;
EXEC dbo.INSERT_ORDER_FOOD 313, 29, 5;
EXEC dbo.INSERT_ORDER_FOOD 88, 29, 1;
EXEC dbo.INSERT_ORDER_FOOD 554, 30, 2;
EXEC dbo.INSERT_ORDER_FOOD 541, 30, 4;
EXEC dbo.INSERT_ORDER_FOOD 533, 30, 5;
EXEC dbo.INSERT_ORDER_FOOD 536, 30, 1;
EXEC dbo.INSERT_ORDER_FOOD 508, 30, 4;
EXEC dbo.INSERT_ORDER_FOOD 186, 30, 2;
EXEC dbo.INSERT_ORDER_FOOD 421, 30, 3;
EXEC dbo.INSERT_ORDER_FOOD 148, 31, 4;
EXEC dbo.INSERT_ORDER_FOOD 368, 31, 4;
EXEC dbo.INSERT_ORDER_FOOD 507, 31, 3;
EXEC dbo.INSERT_ORDER_FOOD 554, 31, 5;
EXEC dbo.INSERT_ORDER_FOOD 507, 31, 2;
EXEC dbo.INSERT_ORDER_FOOD 34, 31, 1;
EXEC dbo.INSERT_ORDER_FOOD 313, 32, 2;
EXEC dbo.INSERT_ORDER_FOOD 507, 32, 3;
EXEC dbo.INSERT_ORDER_FOOD 429, 32, 5;
EXEC dbo.INSERT_ORDER_FOOD 507, 32, 1;
EXEC dbo.INSERT_ORDER_FOOD 147, 32, 2;
EXEC dbo.INSERT_ORDER_FOOD 533, 32, 4;
EXEC dbo.INSERT_ORDER_FOOD 539, 32, 1;
EXEC dbo.INSERT_ORDER_FOOD 186, 32, 3;
EXEC dbo.INSERT_ORDER_FOOD 148, 32, 4;
EXEC dbo.INSERT_ORDER_FOOD 186, 32, 3;
EXEC dbo.INSERT_ORDER_FOOD 399, 33, 4;
EXEC dbo.INSERT_ORDER_FOOD 65, 33, 4;
EXEC dbo.INSERT_ORDER_FOOD 526, 34, 2;
EXEC dbo.INSERT_ORDER_FOOD 257, 34, 4;
EXEC dbo.INSERT_ORDER_FOOD 183, 35, 3;
EXEC dbo.INSERT_ORDER_FOOD 539, 35, 3;
EXEC dbo.INSERT_ORDER_FOOD 347, 35, 1;
EXEC dbo.INSERT_ORDER_FOOD 147, 35, 2;
EXEC dbo.INSERT_ORDER_FOOD 41, 35, 3;
EXEC dbo.INSERT_ORDER_FOOD 183, 35, 2;
EXEC dbo.INSERT_ORDER_FOOD 71, 36, 3;
EXEC dbo.INSERT_ORDER_FOOD 526, 36, 1;
EXEC dbo.INSERT_ORDER_FOOD 147, 37, 2;
EXEC dbo.INSERT_ORDER_FOOD 594, 37, 2;
EXEC dbo.INSERT_ORDER_FOOD 498, 37, 5;
EXEC dbo.INSERT_ORDER_FOOD 295, 37, 4;
EXEC dbo.INSERT_ORDER_FOOD 313, 37, 2;
EXEC dbo.INSERT_ORDER_FOOD 187, 37, 3;
EXEC dbo.INSERT_ORDER_FOOD 148, 37, 2;
EXEC dbo.INSERT_ORDER_FOOD 313, 37, 2;
EXEC dbo.INSERT_ORDER_FOOD 594, 37, 3;
EXEC dbo.INSERT_ORDER_FOOD 148, 37, 1;
EXEC dbo.INSERT_ORDER_FOOD 368, 38, 1;
EXEC dbo.INSERT_ORDER_FOOD 539, 38, 4;
EXEC dbo.INSERT_ORDER_FOOD 6, 39, 5;
EXEC dbo.INSERT_ORDER_FOOD 533, 40, 3;
EXEC dbo.INSERT_ORDER_FOOD 526, 40, 4;
EXEC dbo.INSERT_ORDER_FOOD 65, 40, 1;
EXEC dbo.INSERT_ORDER_FOOD 114, 40, 5;
EXEC dbo.INSERT_ORDER_FOOD 41, 40, 1;
EXEC dbo.INSERT_ORDER_FOOD 186, 40, 5;
EXEC dbo.INSERT_ORDER_FOOD 533, 40, 2;
EXEC dbo.INSERT_ORDER_FOOD 65, 40, 3;
EXEC dbo.INSERT_ORDER_FOOD 306, 40, 5;
EXEC dbo.INSERT_ORDER_FOOD 315, 1, 1;
EXEC dbo.INSERT_ORDER_FOOD 193, 1, 4;
EXEC dbo.INSERT_ORDER_FOOD 193, 1, 1;
EXEC dbo.INSERT_ORDER_FOOD 441, 2, 1;
EXEC dbo.INSERT_ORDER_FOOD 597, 2, 3;
EXEC dbo.INSERT_ORDER_FOOD 204, 2, 1;
EXEC dbo.INSERT_ORDER_FOOD 553, 2, 1;
EXEC dbo.INSERT_ORDER_FOOD 103, 2, 2;
EXEC dbo.INSERT_ORDER_FOOD 405, 2, 1;
EXEC dbo.INSERT_ORDER_FOOD 550, 2, 5;
EXEC dbo.INSERT_ORDER_FOOD 564, 2, 4;
EXEC dbo.INSERT_ORDER_FOOD 280, 3, 3;
EXEC dbo.INSERT_ORDER_FOOD 121, 4, 3;
EXEC dbo.INSERT_ORDER_FOOD 531, 4, 2;
EXEC dbo.INSERT_ORDER_FOOD 516, 4, 1;
EXEC dbo.INSERT_ORDER_FOOD 375, 4, 4;
EXEC dbo.INSERT_ORDER_FOOD 375, 4, 5;
EXEC dbo.INSERT_ORDER_FOOD 135, 4, 2;
EXEC dbo.INSERT_ORDER_FOOD 405, 4, 4;
EXEC dbo.INSERT_ORDER_FOOD 215, 5, 1;
EXEC dbo.INSERT_ORDER_FOOD 99, 5, 4;
EXEC dbo.INSERT_ORDER_FOOD 103, 5, 4;
EXEC dbo.INSERT_ORDER_FOOD 103, 5, 4;
EXEC dbo.INSERT_ORDER_FOOD 496, 6, 3;
EXEC dbo.INSERT_ORDER_FOOD 87, 6, 1;
EXEC dbo.INSERT_ORDER_FOOD 204, 6, 1;
EXEC dbo.INSERT_ORDER_FOOD 315, 6, 3;
EXEC dbo.INSERT_ORDER_FOOD 321, 6, 2;
EXEC dbo.INSERT_ORDER_FOOD 16, 6, 5;
EXEC dbo.INSERT_ORDER_FOOD 204, 6, 4;
EXEC dbo.INSERT_ORDER_FOOD 204, 6, 5;
EXEC dbo.INSERT_ORDER_FOOD 193, 7, 3;
EXEC dbo.INSERT_ORDER_FOOD 443, 7, 1;
EXEC dbo.INSERT_ORDER_FOOD 496, 7, 5;
EXEC dbo.INSERT_ORDER_FOOD 584, 7, 2;
EXEC dbo.INSERT_ORDER_FOOD 142, 7, 5;
EXEC dbo.INSERT_ORDER_FOOD 204, 7, 4;
EXEC dbo.INSERT_ORDER_FOOD 366, 7, 2;
EXEC dbo.INSERT_ORDER_FOOD 87, 7, 2;
EXEC dbo.INSERT_ORDER_FOOD 405, 8, 3;
EXEC dbo.INSERT_ORDER_FOOD 215, 8, 3;
EXEC dbo.INSERT_ORDER_FOOD 142, 9, 1;
EXEC dbo.INSERT_ORDER_FOOD 115, 9, 4;
EXEC dbo.INSERT_ORDER_FOOD 366, 9, 5;
EXEC dbo.INSERT_ORDER_FOOD 441, 9, 2;
EXEC dbo.INSERT_ORDER_FOOD 562, 10, 3;
EXEC dbo.INSERT_ORDER_FOOD 83, 11, 1;
EXEC dbo.INSERT_ORDER_FOOD 83, 11, 1;
EXEC dbo.INSERT_ORDER_FOOD 16, 12, 5;
EXEC dbo.INSERT_ORDER_FOOD 129, 13, 2;
EXEC dbo.INSERT_ORDER_FOOD 129, 13, 4;
EXEC dbo.INSERT_ORDER_FOOD 597, 13, 4;
EXEC dbo.INSERT_ORDER_FOOD 33, 14, 2;
EXEC dbo.INSERT_ORDER_FOOD 348, 14, 5;
EXEC dbo.INSERT_ORDER_FOOD 449, 14, 4;
EXEC dbo.INSERT_ORDER_FOOD 443, 14, 2;
EXEC dbo.INSERT_ORDER_FOOD 214, 14, 4;
EXEC dbo.INSERT_ORDER_FOOD 531, 14, 5;
EXEC dbo.INSERT_ORDER_FOOD 562, 14, 2;
EXEC dbo.INSERT_ORDER_FOOD 562, 14, 3;
EXEC dbo.INSERT_ORDER_FOOD 115, 15, 4;
EXEC dbo.INSERT_ORDER_FOOD 348, 15, 3;
EXEC dbo.INSERT_ORDER_FOOD 135, 15, 2;
EXEC dbo.INSERT_ORDER_FOOD 366, 15, 3;
EXEC dbo.INSERT_ORDER_FOOD 443, 16, 3;
EXEC dbo.INSERT_ORDER_FOOD 16, 16, 2;
EXEC dbo.INSERT_ORDER_FOOD 115, 16, 4;
EXEC dbo.INSERT_ORDER_FOOD 16, 16, 5;
EXEC dbo.INSERT_ORDER_FOOD 87, 16, 3;
EXEC dbo.INSERT_ORDER_FOOD 214, 17, 2;
EXEC dbo.INSERT_ORDER_FOOD 405, 18, 4;
EXEC dbo.INSERT_ORDER_FOOD 83, 18, 1;
EXEC dbo.INSERT_ORDER_FOOD 375, 18, 1;
EXEC dbo.INSERT_ORDER_FOOD 280, 18, 5;
EXEC dbo.INSERT_ORDER_FOOD 405, 18, 4;
EXEC dbo.INSERT_ORDER_FOOD 375, 18, 1;
EXEC dbo.INSERT_ORDER_FOOD 321, 18, 4;
EXEC dbo.INSERT_ORDER_FOOD 441, 19, 3;
EXEC dbo.INSERT_ORDER_FOOD 115, 19, 3;
EXEC dbo.INSERT_ORDER_FOOD 562, 19, 1;
EXEC dbo.INSERT_ORDER_FOOD 584, 19, 3;
EXEC dbo.INSERT_ORDER_FOOD 564, 20, 2;
EXEC dbo.INSERT_ORDER_FOOD 135, 20, 2;
EXEC dbo.INSERT_ORDER_FOOD 443, 20, 1;
EXEC dbo.INSERT_ORDER_FOOD 215, 20, 5;
EXEC dbo.INSERT_ORDER_FOOD 375, 20, 4;
EXEC dbo.INSERT_ORDER_FOOD 531, 20, 2;
EXEC dbo.INSERT_ORDER_FOOD 366, 20, 2;
EXEC dbo.INSERT_ORDER_FOOD 121, 21, 1;
EXEC dbo.INSERT_ORDER_FOOD 562, 21, 5;
EXEC dbo.INSERT_ORDER_FOOD 521, 21, 4;
EXEC dbo.INSERT_ORDER_FOOD 13, 21, 4;
EXEC dbo.INSERT_ORDER_FOOD 3, 21, 3;
EXEC dbo.INSERT_ORDER_FOOD 129, 21, 5;
EXEC dbo.INSERT_ORDER_FOOD 83, 22, 2;
EXEC dbo.INSERT_ORDER_FOOD 121, 22, 2;
EXEC dbo.INSERT_ORDER_FOOD 129, 22, 3;
EXEC dbo.INSERT_ORDER_FOOD 135, 22, 5;
EXEC dbo.INSERT_ORDER_FOOD 16, 22, 1;
EXEC dbo.INSERT_ORDER_FOOD 510, 22, 4;
EXEC dbo.INSERT_ORDER_FOOD 516, 22, 3;
EXEC dbo.INSERT_ORDER_FOOD 13, 22, 2;
EXEC dbo.INSERT_ORDER_FOOD 121, 23, 4;
EXEC dbo.INSERT_ORDER_FOOD 449, 23, 4;
EXEC dbo.INSERT_ORDER_FOOD 193, 23, 2;
EXEC dbo.INSERT_ORDER_FOOD 99, 24, 2;
EXEC dbo.INSERT_ORDER_FOOD 121, 25, 3;
EXEC dbo.INSERT_ORDER_FOOD 516, 25, 3;
EXEC dbo.INSERT_ORDER_FOOD 553, 25, 5;
EXEC dbo.INSERT_ORDER_FOOD 103, 25, 1;
EXEC dbo.INSERT_ORDER_FOOD 33, 25, 1;
EXEC dbo.INSERT_ORDER_FOOD 443, 25, 5;
EXEC dbo.INSERT_ORDER_FOOD 321, 25, 1;
EXEC dbo.INSERT_ORDER_FOOD 531, 26, 5;
EXEC dbo.INSERT_ORDER_FOOD 531, 26, 2;
EXEC dbo.INSERT_ORDER_FOOD 405, 26, 1;
EXEC dbo.INSERT_ORDER_FOOD 562, 26, 4;
EXEC dbo.INSERT_ORDER_FOOD 584, 26, 3;
EXEC dbo.INSERT_ORDER_FOOD 405, 26, 4;
EXEC dbo.INSERT_ORDER_FOOD 83, 26, 5;
EXEC dbo.INSERT_ORDER_FOOD 121, 26, 4;
EXEC dbo.INSERT_ORDER_FOOD 16, 27, 4;
EXEC dbo.INSERT_ORDER_FOOD 193, 27, 3;
EXEC dbo.INSERT_ORDER_FOOD 129, 27, 1;
EXEC dbo.INSERT_ORDER_FOOD 521, 27, 1;
EXEC dbo.INSERT_ORDER_FOOD 597, 27, 2;
EXEC dbo.INSERT_ORDER_FOOD 315, 27, 3;
EXEC dbo.INSERT_ORDER_FOOD 280, 27, 1;
EXEC dbo.INSERT_ORDER_FOOD 87, 27, 2;
EXEC dbo.INSERT_ORDER_FOOD 375, 27, 1;
EXEC dbo.INSERT_ORDER_FOOD 516, 27, 2;
EXEC dbo.INSERT_ORDER_FOOD 280, 28, 1;
EXEC dbo.INSERT_ORDER_FOOD 99, 28, 4;
EXEC dbo.INSERT_ORDER_FOOD 129, 28, 5;
EXEC dbo.INSERT_ORDER_FOOD 521, 28, 3;
EXEC dbo.INSERT_ORDER_FOOD 103, 28, 4;
EXEC dbo.INSERT_ORDER_FOOD 204, 28, 5;
EXEC dbo.INSERT_ORDER_FOOD 521, 28, 4;
EXEC dbo.INSERT_ORDER_FOOD 441, 28, 5;
EXEC dbo.INSERT_ORDER_FOOD 556, 28, 1;
EXEC dbo.INSERT_ORDER_FOOD 550, 28, 4;
EXEC dbo.INSERT_ORDER_FOOD 121, 29, 5;
EXEC dbo.INSERT_ORDER_FOOD 531, 29, 3;
EXEC dbo.INSERT_ORDER_FOOD 142, 29, 1;
EXEC dbo.INSERT_ORDER_FOOD 366, 29, 4;
EXEC dbo.INSERT_ORDER_FOOD 245, 29, 4;
EXEC dbo.INSERT_ORDER_FOOD 315, 29, 1;
EXEC dbo.INSERT_ORDER_FOOD 553, 29, 3;
EXEC dbo.INSERT_ORDER_FOOD 87, 29, 5;
EXEC dbo.INSERT_ORDER_FOOD 204, 29, 3;
EXEC dbo.INSERT_ORDER_FOOD 553, 30, 2;
EXEC dbo.INSERT_ORDER_FOOD 366, 30, 4;
EXEC dbo.INSERT_ORDER_FOOD 13, 30, 2;
EXEC dbo.INSERT_ORDER_FOOD 321, 30, 5;
EXEC dbo.INSERT_ORDER_FOOD 13, 30, 4;
EXEC dbo.INSERT_ORDER_FOOD 129, 30, 5;
EXEC dbo.INSERT_ORDER_FOOD 215, 30, 1;
EXEC dbo.INSERT_ORDER_FOOD 443, 31, 4;
EXEC dbo.INSERT_ORDER_FOOD 315, 31, 3;
EXEC dbo.INSERT_ORDER_FOOD 204, 31, 3;
EXEC dbo.INSERT_ORDER_FOOD 496, 31, 5;
EXEC dbo.INSERT_ORDER_FOOD 584, 31, 5;
EXEC dbo.INSERT_ORDER_FOOD 315, 31, 5;
EXEC dbo.INSERT_ORDER_FOOD 215, 31, 2;
EXEC dbo.INSERT_ORDER_FOOD 204, 32, 3;
EXEC dbo.INSERT_ORDER_FOOD 510, 32, 2;
EXEC dbo.INSERT_ORDER_FOOD 99, 32, 2;
EXEC dbo.INSERT_ORDER_FOOD 214, 32, 4;
EXEC dbo.INSERT_ORDER_FOOD 584, 32, 2;
EXEC dbo.INSERT_ORDER_FOOD 441, 32, 2;
EXEC dbo.INSERT_ORDER_FOOD 321, 32, 4;
EXEC dbo.INSERT_ORDER_FOOD 366, 32, 1;
EXEC dbo.INSERT_ORDER_FOOD 280, 33, 4;
EXEC dbo.INSERT_ORDER_FOOD 215, 33, 5;
EXEC dbo.INSERT_ORDER_FOOD 142, 33, 5;
EXEC dbo.INSERT_ORDER_FOOD 449, 33, 5;
EXEC dbo.INSERT_ORDER_FOOD 597, 33, 5;
EXEC dbo.INSERT_ORDER_FOOD 564, 33, 4;
EXEC dbo.INSERT_ORDER_FOOD 115, 33, 1;
EXEC dbo.INSERT_ORDER_FOOD 83, 33, 3;
EXEC dbo.INSERT_ORDER_FOOD 496, 34, 4;
EXEC dbo.INSERT_ORDER_FOOD 193, 34, 2;
EXEC dbo.INSERT_ORDER_FOOD 443, 34, 1;
EXEC dbo.INSERT_ORDER_FOOD 135, 34, 1;
EXEC dbo.INSERT_ORDER_FOOD 531, 34, 5;
EXEC dbo.INSERT_ORDER_FOOD 99, 35, 2;
EXEC dbo.INSERT_ORDER_FOOD 115, 35, 3;
EXEC dbo.INSERT_ORDER_FOOD 516, 35, 4;
EXEC dbo.INSERT_ORDER_FOOD 321, 35, 5;
EXEC dbo.INSERT_ORDER_FOOD 375, 35, 4;
EXEC dbo.INSERT_ORDER_FOOD 375, 35, 4;
EXEC dbo.INSERT_ORDER_FOOD 516, 35, 2;
EXEC dbo.INSERT_ORDER_FOOD 204, 35, 1;
EXEC dbo.INSERT_ORDER_FOOD 366, 35, 2;
EXEC dbo.INSERT_ORDER_FOOD 121, 36, 4;
EXEC dbo.INSERT_ORDER_FOOD 597, 36, 5;
EXEC dbo.INSERT_ORDER_FOOD 375, 36, 1;
EXEC dbo.INSERT_ORDER_FOOD 121, 36, 5;
EXEC dbo.INSERT_ORDER_FOOD 87, 36, 4;
EXEC dbo.INSERT_ORDER_FOOD 33, 36, 4;
EXEC dbo.INSERT_ORDER_FOOD 550, 36, 3;
EXEC dbo.INSERT_ORDER_FOOD 129, 36, 4;
EXEC dbo.INSERT_ORDER_FOOD 16, 36, 4;
EXEC dbo.INSERT_ORDER_FOOD 135, 36, 5;
EXEC dbo.INSERT_ORDER_FOOD 597, 37, 3;
EXEC dbo.INSERT_ORDER_FOOD 315, 37, 1;
EXEC dbo.INSERT_ORDER_FOOD 449, 37, 1;
EXEC dbo.INSERT_ORDER_FOOD 245, 37, 2;
EXEC dbo.INSERT_ORDER_FOOD 99, 37, 1;
EXEC dbo.INSERT_ORDER_FOOD 321, 37, 3;
EXEC dbo.INSERT_ORDER_FOOD 280, 37, 4;
EXEC dbo.INSERT_ORDER_FOOD 3, 37, 1;
EXEC dbo.INSERT_ORDER_FOOD 556, 38, 1;
EXEC dbo.INSERT_ORDER_FOOD 562, 38, 3;
EXEC dbo.INSERT_ORDER_FOOD 135, 38, 1;
EXEC dbo.INSERT_ORDER_FOOD 516, 38, 5;
EXEC dbo.INSERT_ORDER_FOOD 366, 38, 3;
EXEC dbo.INSERT_ORDER_FOOD 496, 38, 3;
EXEC dbo.INSERT_ORDER_FOOD 83, 39, 5;
EXEC dbo.INSERT_ORDER_FOOD 103, 39, 4;
EXEC dbo.INSERT_ORDER_FOOD 280, 39, 4;
EXEC dbo.INSERT_ORDER_FOOD 142, 39, 3;
EXEC dbo.INSERT_ORDER_FOOD 553, 39, 1;
EXEC dbo.INSERT_ORDER_FOOD 597, 39, 1;
EXEC dbo.INSERT_ORDER_FOOD 83, 39, 2;
EXEC dbo.INSERT_ORDER_FOOD 142, 40, 1;
EXEC dbo.INSERT_ORDER_FOOD 375, 40, 3;
EXEC dbo.INSERT_ORDER_FOOD 83, 40, 5;
EXEC dbo.INSERT_ORDER_FOOD 531, 40, 1;
EXEC dbo.INSERT_ORDER_FOOD 121, 40, 2;
EXEC dbo.INSERT_ORDER_FOOD 443, 40, 5;
EXEC dbo.INSERT_ORDER_FOOD 584, 40, 2;
EXEC dbo.INSERT_ORDER_FOOD 516, 40, 2;
EXEC dbo.INSERT_ORDER_FOOD 348, 40, 3;
EXEC dbo.INSERT_ORDER_FOOD 510, 40, 4;
INSERT INTO ONLINE_ORDER (ID_Online, TimeOrder) VALUES (1, '22:44:28');
INSERT INTO ONLINE_ORDER (ID_Online, TimeOrder) VALUES (2, '06:14:43');
INSERT INTO ONLINE_ORDER (ID_Online, TimeOrder) VALUES (3, '14:28:12');
INSERT INTO ONLINE_ORDER (ID_Online, TimeOrder) VALUES (4, '16:58:15');
INSERT INTO ONLINE_ORDER (ID_Online, TimeOrder) VALUES (5, '21:52:32');
INSERT INTO ONLINE_ORDER (ID_Online, TimeOrder) VALUES (6, '05:01:09');
INSERT INTO ONLINE_ORDER (ID_Online, TimeOrder) VALUES (7, '05:49:20');
INSERT INTO ONLINE_ORDER (ID_Online, TimeOrder) VALUES (8, '20:15:46');
INSERT INTO ONLINE_ORDER (ID_Online, TimeOrder) VALUES (9, '23:48:53');
INSERT INTO ONLINE_ORDER (ID_Online, TimeOrder) VALUES (10, '17:31:18');
INSERT INTO ONLINE_ORDER (ID_Online, TimeOrder) VALUES (11, '01:57:02');
INSERT INTO ONLINE_ORDER (ID_Online, TimeOrder) VALUES (12, '14:55:03');
INSERT INTO ONLINE_ORDER (ID_Online, TimeOrder) VALUES (13, '10:04:58');
INSERT INTO ONLINE_ORDER (ID_Online, TimeOrder) VALUES (14, '13:23:46');
INSERT INTO ONLINE_ORDER (ID_Online, TimeOrder) VALUES (15, '17:47:42');
INSERT INTO ONLINE_ORDER (ID_Online, TimeOrder) VALUES (16, '07:42:29');
INSERT INTO ONLINE_ORDER (ID_Online, TimeOrder) VALUES (17, '15:08:09');
INSERT INTO ONLINE_ORDER (ID_Online, TimeOrder) VALUES (18, '23:07:41');
INSERT INTO ONLINE_ORDER (ID_Online, TimeOrder) VALUES (19, '23:03:43');
INSERT INTO ONLINE_ORDER (ID_Online, TimeOrder) VALUES (20, '03:36:50');
INSERT INTO ONLINE_ORDER (ID_Online, TimeOrder) VALUES (21, '18:35:31');
INSERT INTO ONLINE_ORDER (ID_Online, TimeOrder) VALUES (22, '13:28:57');
INSERT INTO ONLINE_ORDER (ID_Online, TimeOrder) VALUES (23, '17:58:38');
INSERT INTO ONLINE_ORDER (ID_Online, TimeOrder) VALUES (24, '05:02:48');
INSERT INTO ONLINE_ORDER (ID_Online, TimeOrder) VALUES (25, '18:14:05');
INSERT INTO ONLINE_ORDER (ID_Online, TimeOrder) VALUES (26, '23:39:16');
INSERT INTO ONLINE_ORDER (ID_Online, TimeOrder) VALUES (27, '06:20:55');
INSERT INTO ONLINE_ORDER (ID_Online, TimeOrder) VALUES (28, '12:18:08');
INSERT INTO ONLINE_ORDER (ID_Online, TimeOrder) VALUES (29, '15:09:23');
INSERT INTO ONLINE_ORDER (ID_Online, TimeOrder) VALUES (30, '17:43:54');
INSERT INTO ONLINE_ORDER (ID_Online, TimeOrder) VALUES (31, '07:59:33');
INSERT INTO RESERVATION_ORDER (ID_Reservation, ID_Table, ArrivalTime, NumberOfPeople, Notes) VALUES (10, 16, '04:49:35', 2, NULL);
INSERT INTO RESERVATION_ORDER (ID_Reservation, ID_Table, ArrivalTime, NumberOfPeople, Notes) VALUES (11, 18, '09:20:35', 8, NULL);
INSERT INTO RESERVATION_ORDER (ID_Reservation, ID_Table, ArrivalTime, NumberOfPeople, Notes) VALUES (12, 21, '22:30:13', 5, NULL);
INSERT INTO RESERVATION_ORDER (ID_Reservation, ID_Table, ArrivalTime, NumberOfPeople, Notes) VALUES (13, 4, '02:52:02', 5, NULL);
INSERT INTO RESERVATION_ORDER (ID_Reservation, ID_Table, ArrivalTime, NumberOfPeople, Notes) VALUES (14, 6, '19:35:45', 1, NULL);
INSERT INTO RESERVATION_ORDER (ID_Reservation, ID_Table, ArrivalTime, NumberOfPeople, Notes) VALUES (15, 1, '03:33:39', 1, NULL);
INSERT INTO RESERVATION_ORDER (ID_Reservation, ID_Table, ArrivalTime, NumberOfPeople, Notes) VALUES (16, 3, '04:14:53', 3, NULL);
INSERT INTO RESERVATION_ORDER (ID_Reservation, ID_Table, ArrivalTime, NumberOfPeople, Notes) VALUES (17, 21, '11:57:30', 4, NULL);
INSERT INTO RESERVATION_ORDER (ID_Reservation, ID_Table, ArrivalTime, NumberOfPeople, Notes) VALUES (18, 8, '05:53:10', 8, NULL);
INSERT INTO RESERVATION_ORDER (ID_Reservation, ID_Table, ArrivalTime, NumberOfPeople, Notes) VALUES (19, 29, '19:39:03', 8, NULL);
INSERT INTO RESERVATION_ORDER (ID_Reservation, ID_Table, ArrivalTime, NumberOfPeople, Notes) VALUES (20, 21, '05:15:51', 7, NULL);
INSERT INTO RESERVATION_ORDER (ID_Reservation, ID_Table, ArrivalTime, NumberOfPeople, Notes) VALUES (21, 1, '10:42:03', 3, NULL);
INSERT INTO RESERVATION_ORDER (ID_Reservation, ID_Table, ArrivalTime, NumberOfPeople, Notes) VALUES (22, 28, '18:06:05', 7, NULL);
INSERT INTO RESERVATION_ORDER (ID_Reservation, ID_Table, ArrivalTime, NumberOfPeople, Notes) VALUES (23, 19, '13:46:50', 8, NULL);
INSERT INTO RESERVATION_ORDER (ID_Reservation, ID_Table, ArrivalTime, NumberOfPeople, Notes) VALUES (24, 18, '07:45:41', 5, NULL);
INSERT INTO RESERVATION_ORDER (ID_Reservation, ID_Table, ArrivalTime, NumberOfPeople, Notes) VALUES (25, 12, '03:16:15', 7, NULL);
INSERT INTO RESERVATION_ORDER (ID_Reservation, ID_Table, ArrivalTime, NumberOfPeople, Notes) VALUES (26, 9, '17:06:26', 6, NULL);
INSERT INTO RESERVATION_ORDER (ID_Reservation, ID_Table, ArrivalTime, NumberOfPeople, Notes) VALUES (27, 9, '04:02:23', 3, NULL);
INSERT INTO RESERVATION_ORDER (ID_Reservation, ID_Table, ArrivalTime, NumberOfPeople, Notes) VALUES (28, 7, '06:21:15', 3, NULL);
INSERT INTO RESERVATION_ORDER (ID_Reservation, ID_Table, ArrivalTime, NumberOfPeople, Notes) VALUES (29, 19, '10:26:24', 1, NULL);
INSERT INTO RESERVATION_ORDER (ID_Reservation, ID_Table, ArrivalTime, NumberOfPeople, Notes) VALUES (30, 4, '19:27:32', 5, NULL);
INSERT INTO RESERVATION_ORDER (ID_Reservation, ID_Table, ArrivalTime, NumberOfPeople, Notes) VALUES (31, 30, '00:01:50', 5, NULL);
INSERT INTO RESERVATION_ORDER (ID_Reservation, ID_Table, ArrivalTime, NumberOfPeople, Notes) VALUES (32, NULL, '23:11:06', 3, NULL);
INSERT INTO RESERVATION_ORDER (ID_Reservation, ID_Table, ArrivalTime, NumberOfPeople, Notes) VALUES (33, NULL, '13:48:19', 3, NULL);
INSERT INTO RESERVATION_ORDER (ID_Reservation, ID_Table, ArrivalTime, NumberOfPeople, Notes) VALUES (34, NULL, '13:08:00', 5, NULL);
INSERT INTO RESERVATION_ORDER (ID_Reservation, ID_Table, ArrivalTime, NumberOfPeople, Notes) VALUES (35, NULL, '11:06:28', 7, NULL);
INSERT INTO RESERVATION_ORDER (ID_Reservation, ID_Table, ArrivalTime, NumberOfPeople, Notes) VALUES (36, NULL, '23:03:48', 5, NULL);
INSERT INTO RESERVATION_ORDER (ID_Reservation, ID_Table, ArrivalTime, NumberOfPeople, Notes) VALUES (37, NULL, '21:48:31', 8, NULL);
INSERT INTO RESERVATION_ORDER (ID_Reservation, ID_Table, ArrivalTime, NumberOfPeople, Notes) VALUES (38, NULL, '02:25:33', 6, NULL);
INSERT INTO RESERVATION_ORDER (ID_Reservation, ID_Table, ArrivalTime, NumberOfPeople, Notes) VALUES (39, NULL, '23:09:10', 2, NULL);
INSERT INTO RESERVATION_ORDER (ID_Reservation, ID_Table, ArrivalTime, NumberOfPeople, Notes) VALUES (40, NULL, '04:45:26', 6, NULL);
INSERT INTO RESERVATION_ORDER (ID_Reservation, ID_Table, ArrivalTime, NumberOfPeople, Notes) VALUES (1, 33, '01:11:54', 3, NULL);
INSERT INTO RESERVATION_ORDER (ID_Reservation, ID_Table, ArrivalTime, NumberOfPeople, Notes) VALUES (2, 44, '07:20:08', 6, NULL);
INSERT INTO RESERVATION_ORDER (ID_Reservation, ID_Table, ArrivalTime, NumberOfPeople, Notes) VALUES (3, 43, '13:21:50', 4, NULL);
INSERT INTO RESERVATION_ORDER (ID_Reservation, ID_Table, ArrivalTime, NumberOfPeople, Notes) VALUES (4, 48, '22:39:25', 7, NULL);
INSERT INTO RESERVATION_ORDER (ID_Reservation, ID_Table, ArrivalTime, NumberOfPeople, Notes) VALUES (5, 47, '00:33:56', 5, NULL);
INSERT INTO RESERVATION_ORDER (ID_Reservation, ID_Table, ArrivalTime, NumberOfPeople, Notes) VALUES (6, 50, '09:49:14', 4, NULL);
INSERT INTO RESERVATION_ORDER (ID_Reservation, ID_Table, ArrivalTime, NumberOfPeople, Notes) VALUES (7, 40, '00:58:11', 5, NULL);
INSERT INTO RESERVATION_ORDER (ID_Reservation, ID_Table, ArrivalTime, NumberOfPeople, Notes) VALUES (8, 31, '10:10:12', 3, NULL);
INSERT INTO RESERVATION_ORDER (ID_Reservation, ID_Table, ArrivalTime, NumberOfPeople, Notes) VALUES (9, 45, '11:12:17', 1, NULL);
INSERT INTO RESERVATION_ORDER (ID_Reservation, ID_Table, ArrivalTime, NumberOfPeople, Notes) VALUES (10, 46, '08:47:22', 6, NULL);
INSERT INTO RESERVATION_ORDER (ID_Reservation, ID_Table, ArrivalTime, NumberOfPeople, Notes) VALUES (11, 53, '12:38:47', 2, NULL);
INSERT INTO RESERVATION_ORDER (ID_Reservation, ID_Table, ArrivalTime, NumberOfPeople, Notes) VALUES (12, 42, '05:04:31', 4, NULL);
INSERT INTO RESERVATION_ORDER (ID_Reservation, ID_Table, ArrivalTime, NumberOfPeople, Notes) VALUES (13, 39, '19:29:12', 2, NULL);
INSERT INTO RESERVATION_ORDER (ID_Reservation, ID_Table, ArrivalTime, NumberOfPeople, Notes) VALUES (14, 35, '18:46:06', 8, NULL);
INSERT INTO RESERVATION_ORDER (ID_Reservation, ID_Table, ArrivalTime, NumberOfPeople, Notes) VALUES (15, 37, '10:22:45', 4, NULL);
INSERT INTO RESERVATION_ORDER (ID_Reservation, ID_Table, ArrivalTime, NumberOfPeople, Notes) VALUES (16, 44, '20:36:37', 7, NULL);
INSERT INTO RESERVATION_ORDER (ID_Reservation, ID_Table, ArrivalTime, NumberOfPeople, Notes) VALUES (17, 39, '16:47:44', 7, NULL);
INSERT INTO RESERVATION_ORDER (ID_Reservation, ID_Table, ArrivalTime, NumberOfPeople, Notes) VALUES (18, 34, '00:09:54', 8, NULL);
INSERT INTO RESERVATION_ORDER (ID_Reservation, ID_Table, ArrivalTime, NumberOfPeople, Notes) VALUES (19, 50, '17:25:12', 6, NULL);
INSERT INTO RESERVATION_ORDER (ID_Reservation, ID_Table, ArrivalTime, NumberOfPeople, Notes) VALUES (20, 43, '22:15:25', 5, NULL);
INSERT INTO RESERVATION_ORDER (ID_Reservation, ID_Table, ArrivalTime, NumberOfPeople, Notes) VALUES (21, 40, '00:30:34', 7, NULL);
INSERT INTO RESERVATION_ORDER (ID_Reservation, ID_Table, ArrivalTime, NumberOfPeople, Notes) VALUES (22, 41, '22:46:46', 7, NULL);
INSERT INTO RESERVATION_ORDER (ID_Reservation, ID_Table, ArrivalTime, NumberOfPeople, Notes) VALUES (23, 35, '22:51:29', 3, NULL);
INSERT INTO RESERVATION_ORDER (ID_Reservation, ID_Table, ArrivalTime, NumberOfPeople, Notes) VALUES (24, 37, '05:05:45', 5, NULL);
INSERT INTO RESERVATION_ORDER (ID_Reservation, ID_Table, ArrivalTime, NumberOfPeople, Notes) VALUES (25, 52, '14:52:27', 3, NULL);
INSERT INTO RESERVATION_ORDER (ID_Reservation, ID_Table, ArrivalTime, NumberOfPeople, Notes) VALUES (26, 36, '08:02:39', 2, NULL);
INSERT INTO RESERVATION_ORDER (ID_Reservation, ID_Table, ArrivalTime, NumberOfPeople, Notes) VALUES (27, 46, '12:55:47', 7, NULL);
INSERT INTO RESERVATION_ORDER (ID_Reservation, ID_Table, ArrivalTime, NumberOfPeople, Notes) VALUES (28, 43, '17:29:48', 2, NULL);
INSERT INTO RESERVATION_ORDER (ID_Reservation, ID_Table, ArrivalTime, NumberOfPeople, Notes) VALUES (29, 42, '07:34:35', 8, NULL);
INSERT INTO RESERVATION_ORDER (ID_Reservation, ID_Table, ArrivalTime, NumberOfPeople, Notes) VALUES (30, 46, '11:15:30', 5, NULL);
INSERT INTO RESERVATION_ORDER (ID_Reservation, ID_Table, ArrivalTime, NumberOfPeople, Notes) VALUES (31, 50, '22:07:49', 2, NULL);
INSERT INTO RESERVATION_ORDER (ID_Reservation, ID_Table, ArrivalTime, NumberOfPeople, Notes) VALUES (32, NULL, '17:08:01', 4, NULL);
INSERT INTO RESERVATION_ORDER (ID_Reservation, ID_Table, ArrivalTime, NumberOfPeople, Notes) VALUES (33, NULL, '03:33:45', 5, NULL);
INSERT INTO RESERVATION_ORDER (ID_Reservation, ID_Table, ArrivalTime, NumberOfPeople, Notes) VALUES (34, NULL, '16:32:15', 2, NULL);
INSERT INTO RESERVATION_ORDER (ID_Reservation, ID_Table, ArrivalTime, NumberOfPeople, Notes) VALUES (35, NULL, '02:46:05', 2, NULL);
INSERT INTO RESERVATION_ORDER (ID_Reservation, ID_Table, ArrivalTime, NumberOfPeople, Notes) VALUES (36, NULL, '19:21:36', 7, NULL);
INSERT INTO RESERVATION_ORDER (ID_Reservation, ID_Table, ArrivalTime, NumberOfPeople, Notes) VALUES (37, NULL, '03:55:53', 4, NULL);
INSERT INTO RESERVATION_ORDER (ID_Reservation, ID_Table, ArrivalTime, NumberOfPeople, Notes) VALUES (38, NULL, '00:13:57', 5, NULL);
INSERT INTO RESERVATION_ORDER (ID_Reservation, ID_Table, ArrivalTime, NumberOfPeople, Notes) VALUES (39, NULL, '10:51:33', 5, NULL);
INSERT INTO RESERVATION_ORDER (ID_Reservation, ID_Table, ArrivalTime, NumberOfPeople, Notes) VALUES (40, NULL, '23:50:11', 1, NULL);
INSERT INTO RESERVATION_ORDER (ID_Reservation, ID_Table, ArrivalTime, NumberOfPeople, Notes) VALUES (1, 78, '17:31:03', 3, NULL);
INSERT INTO RESERVATION_ORDER (ID_Reservation, ID_Table, ArrivalTime, NumberOfPeople, Notes) VALUES (2, 74, '02:56:00', 5, NULL);
INSERT INTO RESERVATION_ORDER (ID_Reservation, ID_Table, ArrivalTime, NumberOfPeople, Notes) VALUES (3, 65, '11:18:22', 6, NULL);
INSERT INTO RESERVATION_ORDER (ID_Reservation, ID_Table, ArrivalTime, NumberOfPeople, Notes) VALUES (4, 61, '15:40:33', 2, NULL);
INSERT INTO RESERVATION_ORDER (ID_Reservation, ID_Table, ArrivalTime, NumberOfPeople, Notes) VALUES (5, 59, '19:58:56', 5, NULL);
INSERT INTO RESERVATION_ORDER (ID_Reservation, ID_Table, ArrivalTime, NumberOfPeople, Notes) VALUES (6, 55, '10:24:49', 1, NULL);
INSERT INTO RESERVATION_ORDER (ID_Reservation, ID_Table, ArrivalTime, NumberOfPeople, Notes) VALUES (7, 61, '06:29:30', 7, NULL);
INSERT INTO RESERVATION_ORDER (ID_Reservation, ID_Table, ArrivalTime, NumberOfPeople, Notes) VALUES (8, 70, '17:49:17', 5, NULL);
INSERT INTO RESERVATION_ORDER (ID_Reservation, ID_Table, ArrivalTime, NumberOfPeople, Notes) VALUES (9, 77, '19:41:33', 1, NULL);
INSERT INTO RESERVATION_ORDER (ID_Reservation, ID_Table, ArrivalTime, NumberOfPeople, Notes) VALUES (10, 66, '15:46:03', 6, NULL);
INSERT INTO RESERVATION_ORDER (ID_Reservation, ID_Table, ArrivalTime, NumberOfPeople, Notes) VALUES (11, 59, '05:25:53', 1, NULL);
INSERT INTO RESERVATION_ORDER (ID_Reservation, ID_Table, ArrivalTime, NumberOfPeople, Notes) VALUES (12, 68, '18:59:35', 3, NULL);
INSERT INTO RESERVATION_ORDER (ID_Reservation, ID_Table, ArrivalTime, NumberOfPeople, Notes) VALUES (13, 71, '13:19:26', 7, NULL);
INSERT INTO RESERVATION_ORDER (ID_Reservation, ID_Table, ArrivalTime, NumberOfPeople, Notes) VALUES (14, 63, '06:29:42', 1, NULL);
INSERT INTO RESERVATION_ORDER (ID_Reservation, ID_Table, ArrivalTime, NumberOfPeople, Notes) VALUES (15, 59, '12:07:36', 1, NULL);
INSERT INTO RESERVATION_ORDER (ID_Reservation, ID_Table, ArrivalTime, NumberOfPeople, Notes) VALUES (16, 55, '22:27:42', 3, NULL);
INSERT INTO RESERVATION_ORDER (ID_Reservation, ID_Table, ArrivalTime, NumberOfPeople, Notes) VALUES (17, 58, '19:01:45', 6, NULL);
INSERT INTO RESERVATION_ORDER (ID_Reservation, ID_Table, ArrivalTime, NumberOfPeople, Notes) VALUES (18, 54, '03:14:22', 5, NULL);
INSERT INTO RESERVATION_ORDER (ID_Reservation, ID_Table, ArrivalTime, NumberOfPeople, Notes) VALUES (19, 65, '18:18:32', 2, NULL);
INSERT INTO RESERVATION_ORDER (ID_Reservation, ID_Table, ArrivalTime, NumberOfPeople, Notes) VALUES (20, 57, '12:04:25', 8, NULL);
INSERT INTO RESERVATION_ORDER (ID_Reservation, ID_Table, ArrivalTime, NumberOfPeople, Notes) VALUES (21, 68, '02:58:26', 4, NULL);
INSERT INTO RESERVATION_ORDER (ID_Reservation, ID_Table, ArrivalTime, NumberOfPeople, Notes) VALUES (22, 70, '04:55:49', 4, NULL);
INSERT INTO RESERVATION_ORDER (ID_Reservation, ID_Table, ArrivalTime, NumberOfPeople, Notes) VALUES (23, 77, '20:44:12', 1, NULL);
INSERT INTO RESERVATION_ORDER (ID_Reservation, ID_Table, ArrivalTime, NumberOfPeople, Notes) VALUES (24, 64, '20:03:39', 2, NULL);
INSERT INTO RESERVATION_ORDER (ID_Reservation, ID_Table, ArrivalTime, NumberOfPeople, Notes) VALUES (25, 74, '09:28:38', 3, NULL);
INSERT INTO RESERVATION_ORDER (ID_Reservation, ID_Table, ArrivalTime, NumberOfPeople, Notes) VALUES (26, 56, '00:43:32', 3, NULL);
INSERT INTO RESERVATION_ORDER (ID_Reservation, ID_Table, ArrivalTime, NumberOfPeople, Notes) VALUES (27, 74, '23:27:44', 3, NULL);
INSERT INTO RESERVATION_ORDER (ID_Reservation, ID_Table, ArrivalTime, NumberOfPeople, Notes) VALUES (28, 75, '06:25:20', 7, NULL);
INSERT INTO RESERVATION_ORDER (ID_Reservation, ID_Table, ArrivalTime, NumberOfPeople, Notes) VALUES (29, 74, '01:54:57', 1, NULL);
INSERT INTO RESERVATION_ORDER (ID_Reservation, ID_Table, ArrivalTime, NumberOfPeople, Notes) VALUES (30, 55, '21:31:35', 6, NULL);
INSERT INTO RESERVATION_ORDER (ID_Reservation, ID_Table, ArrivalTime, NumberOfPeople, Notes) VALUES (31, 71, '13:25:07', 4, NULL);
INSERT INTO RESERVATION_ORDER (ID_Reservation, ID_Table, ArrivalTime, NumberOfPeople, Notes) VALUES (32, NULL, '21:49:14', 1, NULL);
INSERT INTO RESERVATION_ORDER (ID_Reservation, ID_Table, ArrivalTime, NumberOfPeople, Notes) VALUES (33, NULL, '10:00:01', 8, NULL);
INSERT INTO RESERVATION_ORDER (ID_Reservation, ID_Table, ArrivalTime, NumberOfPeople, Notes) VALUES (34, NULL, '02:27:43', 2, NULL);
INSERT INTO RESERVATION_ORDER (ID_Reservation, ID_Table, ArrivalTime, NumberOfPeople, Notes) VALUES (35, NULL, '02:27:15', 4, NULL);
INSERT INTO RESERVATION_ORDER (ID_Reservation, ID_Table, ArrivalTime, NumberOfPeople, Notes) VALUES (36, NULL, '05:57:54', 8, NULL);
INSERT INTO RESERVATION_ORDER (ID_Reservation, ID_Table, ArrivalTime, NumberOfPeople, Notes) VALUES (37, NULL, '09:18:10', 1, NULL);
INSERT INTO RESERVATION_ORDER (ID_Reservation, ID_Table, ArrivalTime, NumberOfPeople, Notes) VALUES (38, NULL, '02:46:01', 7, NULL);
INSERT INTO RESERVATION_ORDER (ID_Reservation, ID_Table, ArrivalTime, NumberOfPeople, Notes) VALUES (39, NULL, '14:15:06', 6, NULL);
INSERT INTO RESERVATION_ORDER (ID_Reservation, ID_Table, ArrivalTime, NumberOfPeople, Notes) VALUES (40, NULL, '07:21:00', 5, NULL);
INSERT INTO RESERVATION_ORDER (ID_Reservation, ID_Table, ArrivalTime, NumberOfPeople, Notes) VALUES (1, 90, '00:44:35', 7, NULL);
INSERT INTO RESERVATION_ORDER (ID_Reservation, ID_Table, ArrivalTime, NumberOfPeople, Notes) VALUES (2, 98, '08:11:08', 4, NULL);
INSERT INTO RESERVATION_ORDER (ID_Reservation, ID_Table, ArrivalTime, NumberOfPeople, Notes) VALUES (3, 86, '04:59:06', 6, NULL);
INSERT INTO RESERVATION_ORDER (ID_Reservation, ID_Table, ArrivalTime, NumberOfPeople, Notes) VALUES (4, 88, '03:42:32', 2, NULL);
INSERT INTO RESERVATION_ORDER (ID_Reservation, ID_Table, ArrivalTime, NumberOfPeople, Notes) VALUES (5, 92, '23:32:48', 8, NULL);
INSERT INTO RESERVATION_ORDER (ID_Reservation, ID_Table, ArrivalTime, NumberOfPeople, Notes) VALUES (6, 80, '04:49:56', 3, NULL);
INSERT INTO RESERVATION_ORDER (ID_Reservation, ID_Table, ArrivalTime, NumberOfPeople, Notes) VALUES (7, 93, '20:54:12', 6, NULL);
INSERT INTO RESERVATION_ORDER (ID_Reservation, ID_Table, ArrivalTime, NumberOfPeople, Notes) VALUES (8, 86, '13:05:24', 3, NULL);
INSERT INTO RESERVATION_ORDER (ID_Reservation, ID_Table, ArrivalTime, NumberOfPeople, Notes) VALUES (9, 84, '12:56:00', 6, NULL);
INSERT INTO RESERVATION_ORDER (ID_Reservation, ID_Table, ArrivalTime, NumberOfPeople, Notes) VALUES (10, 95, '04:04:18', 6, NULL);
INSERT INTO RESERVATION_ORDER (ID_Reservation, ID_Table, ArrivalTime, NumberOfPeople, Notes) VALUES (11, 97, '03:03:17', 3, NULL);
INSERT INTO RESERVATION_ORDER (ID_Reservation, ID_Table, ArrivalTime, NumberOfPeople, Notes) VALUES (12, 80, '18:39:12', 3, NULL);
INSERT INTO RESERVATION_ORDER (ID_Reservation, ID_Table, ArrivalTime, NumberOfPeople, Notes) VALUES (13, 86, '05:25:05', 6, NULL);
INSERT INTO RESERVATION_ORDER (ID_Reservation, ID_Table, ArrivalTime, NumberOfPeople, Notes) VALUES (14, 85, '20:30:44', 1, NULL);
INSERT INTO RESERVATION_ORDER (ID_Reservation, ID_Table, ArrivalTime, NumberOfPeople, Notes) VALUES (15, 90, '01:46:15', 4, NULL);
INSERT INTO RESERVATION_ORDER (ID_Reservation, ID_Table, ArrivalTime, NumberOfPeople, Notes) VALUES (16, 97, '13:48:13', 2, NULL);
INSERT INTO RESERVATION_ORDER (ID_Reservation, ID_Table, ArrivalTime, NumberOfPeople, Notes) VALUES (17, 95, '03:00:10', 4, NULL);
INSERT INTO RESERVATION_ORDER (ID_Reservation, ID_Table, ArrivalTime, NumberOfPeople, Notes) VALUES (18, 92, '10:06:04', 2, NULL);
INSERT INTO RESERVATION_ORDER (ID_Reservation, ID_Table, ArrivalTime, NumberOfPeople, Notes) VALUES (19, 97, '08:47:13', 7, NULL);
INSERT INTO RESERVATION_ORDER (ID_Reservation, ID_Table, ArrivalTime, NumberOfPeople, Notes) VALUES (20, 79, '04:29:48', 3, NULL);
INSERT INTO RESERVATION_ORDER (ID_Reservation, ID_Table, ArrivalTime, NumberOfPeople, Notes) VALUES (21, 80, '23:42:34', 4, NULL);
INSERT INTO RESERVATION_ORDER (ID_Reservation, ID_Table, ArrivalTime, NumberOfPeople, Notes) VALUES (22, 88, '23:01:48', 6, NULL);
INSERT INTO RESERVATION_ORDER (ID_Reservation, ID_Table, ArrivalTime, NumberOfPeople, Notes) VALUES (23, 90, '18:32:18', 6, NULL);
INSERT INTO RESERVATION_ORDER (ID_Reservation, ID_Table, ArrivalTime, NumberOfPeople, Notes) VALUES (24, 82, '02:51:14', 8, NULL);
INSERT INTO RESERVATION_ORDER (ID_Reservation, ID_Table, ArrivalTime, NumberOfPeople, Notes) VALUES (25, 85, '10:01:21', 2, NULL);
INSERT INTO RESERVATION_ORDER (ID_Reservation, ID_Table, ArrivalTime, NumberOfPeople, Notes) VALUES (26, 95, '20:26:06', 5, NULL);
INSERT INTO RESERVATION_ORDER (ID_Reservation, ID_Table, ArrivalTime, NumberOfPeople, Notes) VALUES (27, 97, '10:48:15', 7, NULL);
INSERT INTO RESERVATION_ORDER (ID_Reservation, ID_Table, ArrivalTime, NumberOfPeople, Notes) VALUES (28, 97, '02:35:11', 8, NULL);
INSERT INTO RESERVATION_ORDER (ID_Reservation, ID_Table, ArrivalTime, NumberOfPeople, Notes) VALUES (29, 85, '20:44:08', 2, NULL);
INSERT INTO RESERVATION_ORDER (ID_Reservation, ID_Table, ArrivalTime, NumberOfPeople, Notes) VALUES (30, 90, '11:49:31', 2, NULL);
INSERT INTO RESERVATION_ORDER (ID_Reservation, ID_Table, ArrivalTime, NumberOfPeople, Notes) VALUES (31, 82, '00:56:49', 6, NULL);
INSERT INTO RESERVATION_ORDER (ID_Reservation, ID_Table, ArrivalTime, NumberOfPeople, Notes) VALUES (32, NULL, '06:21:18', 4, NULL);
INSERT INTO RESERVATION_ORDER (ID_Reservation, ID_Table, ArrivalTime, NumberOfPeople, Notes) VALUES (33, NULL, '22:41:23', 8, NULL);
INSERT INTO RESERVATION_ORDER (ID_Reservation, ID_Table, ArrivalTime, NumberOfPeople, Notes) VALUES (34, NULL, '08:13:53', 6, NULL);
INSERT INTO RESERVATION_ORDER (ID_Reservation, ID_Table, ArrivalTime, NumberOfPeople, Notes) VALUES (35, NULL, '23:10:51', 4, NULL);
INSERT INTO RESERVATION_ORDER (ID_Reservation, ID_Table, ArrivalTime, NumberOfPeople, Notes) VALUES (36, NULL, '23:25:51', 2, NULL);
INSERT INTO RESERVATION_ORDER (ID_Reservation, ID_Table, ArrivalTime, NumberOfPeople, Notes) VALUES (37, NULL, '03:25:07', 2, NULL);
INSERT INTO RESERVATION_ORDER (ID_Reservation, ID_Table, ArrivalTime, NumberOfPeople, Notes) VALUES (38, NULL, '17:24:10', 5, NULL);
INSERT INTO RESERVATION_ORDER (ID_Reservation, ID_Table, ArrivalTime, NumberOfPeople, Notes) VALUES (39, NULL, '07:08:01', 2, NULL);
INSERT INTO RESERVATION_ORDER (ID_Reservation, ID_Table, ArrivalTime, NumberOfPeople, Notes) VALUES (40, NULL, '23:02:25', 8, NULL);
INSERT INTO RESERVATION_ORDER (ID_Reservation, ID_Table, ArrivalTime, NumberOfPeople, Notes) VALUES (1, 104, '07:48:56', 4, NULL);
INSERT INTO RESERVATION_ORDER (ID_Reservation, ID_Table, ArrivalTime, NumberOfPeople, Notes) VALUES (2, 103, '18:04:06', 8, NULL);
INSERT INTO RESERVATION_ORDER (ID_Reservation, ID_Table, ArrivalTime, NumberOfPeople, Notes) VALUES (3, 101, '19:54:15', 7, NULL);
INSERT INTO RESERVATION_ORDER (ID_Reservation, ID_Table, ArrivalTime, NumberOfPeople, Notes) VALUES (4, 115, '15:51:57', 3, NULL);
INSERT INTO RESERVATION_ORDER (ID_Reservation, ID_Table, ArrivalTime, NumberOfPeople, Notes) VALUES (5, 118, '05:23:26', 3, NULL);
INSERT INTO RESERVATION_ORDER (ID_Reservation, ID_Table, ArrivalTime, NumberOfPeople, Notes) VALUES (6, 100, '17:49:56', 8, NULL);
INSERT INTO RESERVATION_ORDER (ID_Reservation, ID_Table, ArrivalTime, NumberOfPeople, Notes) VALUES (7, 107, '02:59:18', 5, NULL);
INSERT INTO RESERVATION_ORDER (ID_Reservation, ID_Table, ArrivalTime, NumberOfPeople, Notes) VALUES (8, 100, '17:44:29', 4, NULL);
INSERT INTO RESERVATION_ORDER (ID_Reservation, ID_Table, ArrivalTime, NumberOfPeople, Notes) VALUES (9, 116, '20:24:42', 6, NULL);
INSERT INTO RESERVATION_ORDER (ID_Reservation, ID_Table, ArrivalTime, NumberOfPeople, Notes) VALUES (10, 107, '11:19:33', 7, NULL);
INSERT INTO RESERVATION_ORDER (ID_Reservation, ID_Table, ArrivalTime, NumberOfPeople, Notes) VALUES (11, 112, '13:21:53', 3, NULL);
INSERT INTO RESERVATION_ORDER (ID_Reservation, ID_Table, ArrivalTime, NumberOfPeople, Notes) VALUES (12, 107, '16:20:14', 6, NULL);
INSERT INTO RESERVATION_ORDER (ID_Reservation, ID_Table, ArrivalTime, NumberOfPeople, Notes) VALUES (13, 122, '17:54:19', 8, NULL);
INSERT INTO RESERVATION_ORDER (ID_Reservation, ID_Table, ArrivalTime, NumberOfPeople, Notes) VALUES (14, 115, '15:14:48', 3, NULL);
INSERT INTO RESERVATION_ORDER (ID_Reservation, ID_Table, ArrivalTime, NumberOfPeople, Notes) VALUES (15, 117, '19:52:22', 2, NULL);
INSERT INTO RESERVATION_ORDER (ID_Reservation, ID_Table, ArrivalTime, NumberOfPeople, Notes) VALUES (16, 102, '11:33:22', 2, NULL);
INSERT INTO RESERVATION_ORDER (ID_Reservation, ID_Table, ArrivalTime, NumberOfPeople, Notes) VALUES (17, 115, '23:44:54', 6, NULL);
INSERT INTO RESERVATION_ORDER (ID_Reservation, ID_Table, ArrivalTime, NumberOfPeople, Notes) VALUES (18, 122, '05:35:02', 8, NULL);
INSERT INTO RESERVATION_ORDER (ID_Reservation, ID_Table, ArrivalTime, NumberOfPeople, Notes) VALUES (19, 101, '00:20:42', 1, NULL);
INSERT INTO RESERVATION_ORDER (ID_Reservation, ID_Table, ArrivalTime, NumberOfPeople, Notes) VALUES (20, 114, '01:38:02', 7, NULL);
INSERT INTO RESERVATION_ORDER (ID_Reservation, ID_Table, ArrivalTime, NumberOfPeople, Notes) VALUES (21, 113, '19:08:39', 2, NULL);
INSERT INTO RESERVATION_ORDER (ID_Reservation, ID_Table, ArrivalTime, NumberOfPeople, Notes) VALUES (22, 119, '05:11:14', 3, NULL);
INSERT INTO RESERVATION_ORDER (ID_Reservation, ID_Table, ArrivalTime, NumberOfPeople, Notes) VALUES (23, 115, '17:48:06', 3, NULL);
INSERT INTO RESERVATION_ORDER (ID_Reservation, ID_Table, ArrivalTime, NumberOfPeople, Notes) VALUES (24, 109, '03:18:29', 6, NULL);
INSERT INTO RESERVATION_ORDER (ID_Reservation, ID_Table, ArrivalTime, NumberOfPeople, Notes) VALUES (25, 108, '04:11:33', 8, NULL);
INSERT INTO RESERVATION_ORDER (ID_Reservation, ID_Table, ArrivalTime, NumberOfPeople, Notes) VALUES (26, 121, '14:28:36', 6, NULL);
INSERT INTO RESERVATION_ORDER (ID_Reservation, ID_Table, ArrivalTime, NumberOfPeople, Notes) VALUES (27, 106, '19:14:00', 1, NULL);
INSERT INTO RESERVATION_ORDER (ID_Reservation, ID_Table, ArrivalTime, NumberOfPeople, Notes) VALUES (28, 117, '10:35:18', 7, NULL);
INSERT INTO RESERVATION_ORDER (ID_Reservation, ID_Table, ArrivalTime, NumberOfPeople, Notes) VALUES (29, 111, '02:14:46', 2, NULL);
INSERT INTO RESERVATION_ORDER (ID_Reservation, ID_Table, ArrivalTime, NumberOfPeople, Notes) VALUES (30, 117, '17:00:43', 4, NULL);
INSERT INTO RESERVATION_ORDER (ID_Reservation, ID_Table, ArrivalTime, NumberOfPeople, Notes) VALUES (31, 100, '01:54:15', 3, NULL);
INSERT INTO RESERVATION_ORDER (ID_Reservation, ID_Table, ArrivalTime, NumberOfPeople, Notes) VALUES (32, NULL, '15:19:44', 1, NULL);
INSERT INTO RESERVATION_ORDER (ID_Reservation, ID_Table, ArrivalTime, NumberOfPeople, Notes) VALUES (33, NULL, '02:21:45', 6, NULL);
INSERT INTO RESERVATION_ORDER (ID_Reservation, ID_Table, ArrivalTime, NumberOfPeople, Notes) VALUES (34, NULL, '10:41:15', 5, NULL);
INSERT INTO RESERVATION_ORDER (ID_Reservation, ID_Table, ArrivalTime, NumberOfPeople, Notes) VALUES (35, NULL, '11:26:16', 3, NULL);
INSERT INTO RESERVATION_ORDER (ID_Reservation, ID_Table, ArrivalTime, NumberOfPeople, Notes) VALUES (36, NULL, '21:29:48', 5, NULL);
INSERT INTO RESERVATION_ORDER (ID_Reservation, ID_Table, ArrivalTime, NumberOfPeople, Notes) VALUES (37, NULL, '15:37:37', 8, NULL);
INSERT INTO RESERVATION_ORDER (ID_Reservation, ID_Table, ArrivalTime, NumberOfPeople, Notes) VALUES (38, NULL, '11:25:02', 5, NULL);
INSERT INTO RESERVATION_ORDER (ID_Reservation, ID_Table, ArrivalTime, NumberOfPeople, Notes) VALUES (39, NULL, '10:23:12', 5, NULL);
INSERT INTO RESERVATION_ORDER (ID_Reservation, ID_Table, ArrivalTime, NumberOfPeople, Notes) VALUES (40, NULL, '02:43:47', 8, NULL);
INSERT INTO RESERVATION_ORDER (ID_Reservation, ID_Table, ArrivalTime, NumberOfPeople, Notes) VALUES (1, 124, '15:08:49', 1, NULL);
INSERT INTO RESERVATION_ORDER (ID_Reservation, ID_Table, ArrivalTime, NumberOfPeople, Notes) VALUES (2, 141, '03:23:32', 8, NULL);
INSERT INTO RESERVATION_ORDER (ID_Reservation, ID_Table, ArrivalTime, NumberOfPeople, Notes) VALUES (3, 129, '06:47:25', 3, NULL);
INSERT INTO RESERVATION_ORDER (ID_Reservation, ID_Table, ArrivalTime, NumberOfPeople, Notes) VALUES (4, 142, '03:23:27', 8, NULL);
INSERT INTO RESERVATION_ORDER (ID_Reservation, ID_Table, ArrivalTime, NumberOfPeople, Notes) VALUES (5, 123, '06:58:53', 1, NULL);
INSERT INTO RESERVATION_ORDER (ID_Reservation, ID_Table, ArrivalTime, NumberOfPeople, Notes) VALUES (6, 135, '22:53:36', 5, NULL);
INSERT INTO RESERVATION_ORDER (ID_Reservation, ID_Table, ArrivalTime, NumberOfPeople, Notes) VALUES (7, 141, '17:58:42', 6, NULL);
INSERT INTO RESERVATION_ORDER (ID_Reservation, ID_Table, ArrivalTime, NumberOfPeople, Notes) VALUES (8, 125, '12:48:40', 2, NULL);
INSERT INTO RESERVATION_ORDER (ID_Reservation, ID_Table, ArrivalTime, NumberOfPeople, Notes) VALUES (9, 126, '15:20:37', 3, NULL);
INSERT INTO RESERVATION_ORDER (ID_Reservation, ID_Table, ArrivalTime, NumberOfPeople, Notes) VALUES (10, 136, '00:48:05', 3, NULL);
INSERT INTO RESERVATION_ORDER (ID_Reservation, ID_Table, ArrivalTime, NumberOfPeople, Notes) VALUES (11, 129, '23:03:59', 4, NULL);
INSERT INTO RESERVATION_ORDER (ID_Reservation, ID_Table, ArrivalTime, NumberOfPeople, Notes) VALUES (12, 134, '16:17:24', 6, NULL);
INSERT INTO RESERVATION_ORDER (ID_Reservation, ID_Table, ArrivalTime, NumberOfPeople, Notes) VALUES (13, 146, '21:54:40', 6, NULL);
INSERT INTO RESERVATION_ORDER (ID_Reservation, ID_Table, ArrivalTime, NumberOfPeople, Notes) VALUES (14, 138, '00:33:42', 6, NULL);
INSERT INTO RESERVATION_ORDER (ID_Reservation, ID_Table, ArrivalTime, NumberOfPeople, Notes) VALUES (15, 149, '17:59:11', 1, NULL);
INSERT INTO RESERVATION_ORDER (ID_Reservation, ID_Table, ArrivalTime, NumberOfPeople, Notes) VALUES (16, 138, '06:05:38', 3, NULL);
INSERT INTO RESERVATION_ORDER (ID_Reservation, ID_Table, ArrivalTime, NumberOfPeople, Notes) VALUES (17, 146, '06:28:38', 4, NULL);
INSERT INTO RESERVATION_ORDER (ID_Reservation, ID_Table, ArrivalTime, NumberOfPeople, Notes) VALUES (18, 146, '12:06:17', 2, NULL);
INSERT INTO RESERVATION_ORDER (ID_Reservation, ID_Table, ArrivalTime, NumberOfPeople, Notes) VALUES (19, 147, '08:43:24', 2, NULL);
INSERT INTO RESERVATION_ORDER (ID_Reservation, ID_Table, ArrivalTime, NumberOfPeople, Notes) VALUES (20, 146, '20:51:11', 3, NULL);
INSERT INTO RESERVATION_ORDER (ID_Reservation, ID_Table, ArrivalTime, NumberOfPeople, Notes) VALUES (21, 150, '16:45:41', 6, NULL);
INSERT INTO RESERVATION_ORDER (ID_Reservation, ID_Table, ArrivalTime, NumberOfPeople, Notes) VALUES (22, 149, '08:01:09', 3, NULL);
INSERT INTO RESERVATION_ORDER (ID_Reservation, ID_Table, ArrivalTime, NumberOfPeople, Notes) VALUES (23, 141, '21:31:04', 7, NULL);
INSERT INTO RESERVATION_ORDER (ID_Reservation, ID_Table, ArrivalTime, NumberOfPeople, Notes) VALUES (24, 144, '03:50:33', 7, NULL);
INSERT INTO RESERVATION_ORDER (ID_Reservation, ID_Table, ArrivalTime, NumberOfPeople, Notes) VALUES (25, 143, '05:56:04', 3, NULL);
INSERT INTO RESERVATION_ORDER (ID_Reservation, ID_Table, ArrivalTime, NumberOfPeople, Notes) VALUES (26, 141, '08:19:54', 6, NULL);
INSERT INTO RESERVATION_ORDER (ID_Reservation, ID_Table, ArrivalTime, NumberOfPeople, Notes) VALUES (27, 131, '09:37:34', 8, NULL);
INSERT INTO RESERVATION_ORDER (ID_Reservation, ID_Table, ArrivalTime, NumberOfPeople, Notes) VALUES (28, 132, '06:35:49', 6, NULL);
INSERT INTO RESERVATION_ORDER (ID_Reservation, ID_Table, ArrivalTime, NumberOfPeople, Notes) VALUES (29, 126, '14:31:54', 1, NULL);
INSERT INTO RESERVATION_ORDER (ID_Reservation, ID_Table, ArrivalTime, NumberOfPeople, Notes) VALUES (30, 144, '08:15:11', 6, NULL);
INSERT INTO RESERVATION_ORDER (ID_Reservation, ID_Table, ArrivalTime, NumberOfPeople, Notes) VALUES (31, 138, '02:51:22', 8, NULL);
INSERT INTO RESERVATION_ORDER (ID_Reservation, ID_Table, ArrivalTime, NumberOfPeople, Notes) VALUES (32, NULL, '16:45:19', 3, NULL);
INSERT INTO RESERVATION_ORDER (ID_Reservation, ID_Table, ArrivalTime, NumberOfPeople, Notes) VALUES (33, NULL, '11:04:02', 1, NULL);
INSERT INTO RESERVATION_ORDER (ID_Reservation, ID_Table, ArrivalTime, NumberOfPeople, Notes) VALUES (34, NULL, '19:41:48', 1, NULL);
INSERT INTO RESERVATION_ORDER (ID_Reservation, ID_Table, ArrivalTime, NumberOfPeople, Notes) VALUES (35, NULL, '18:16:00', 2, NULL);
INSERT INTO RESERVATION_ORDER (ID_Reservation, ID_Table, ArrivalTime, NumberOfPeople, Notes) VALUES (36, NULL, '00:07:30', 3, NULL);
INSERT INTO RESERVATION_ORDER (ID_Reservation, ID_Table, ArrivalTime, NumberOfPeople, Notes) VALUES (37, NULL, '20:16:56', 1, NULL);
INSERT INTO RESERVATION_ORDER (ID_Reservation, ID_Table, ArrivalTime, NumberOfPeople, Notes) VALUES (38, NULL, '12:00:25', 3, NULL);
INSERT INTO RESERVATION_ORDER (ID_Reservation, ID_Table, ArrivalTime, NumberOfPeople, Notes) VALUES (39, NULL, '00:19:59', 5, NULL);
INSERT INTO RESERVATION_ORDER (ID_Reservation, ID_Table, ArrivalTime, NumberOfPeople, Notes) VALUES (40, NULL, '11:38:35', 5, NULL);
INSERT INTO RESERVATION_ORDER (ID_Reservation, ID_Table, ArrivalTime, NumberOfPeople, Notes) VALUES (1, 155, '16:39:36', 1, NULL);
INSERT INTO RESERVATION_ORDER (ID_Reservation, ID_Table, ArrivalTime, NumberOfPeople, Notes) VALUES (2, 162, '09:48:08', 4, NULL);
INSERT INTO RESERVATION_ORDER (ID_Reservation, ID_Table, ArrivalTime, NumberOfPeople, Notes) VALUES (3, 173, '18:42:08', 5, NULL);
INSERT INTO RESERVATION_ORDER (ID_Reservation, ID_Table, ArrivalTime, NumberOfPeople, Notes) VALUES (4, 163, '10:22:32', 5, NULL);
INSERT INTO RESERVATION_ORDER (ID_Reservation, ID_Table, ArrivalTime, NumberOfPeople, Notes) VALUES (5, 156, '22:57:22', 7, NULL);
INSERT INTO RESERVATION_ORDER (ID_Reservation, ID_Table, ArrivalTime, NumberOfPeople, Notes) VALUES (6, 170, '11:24:02', 4, NULL);
INSERT INTO RESERVATION_ORDER (ID_Reservation, ID_Table, ArrivalTime, NumberOfPeople, Notes) VALUES (7, 159, '14:03:35', 6, NULL);
INSERT INTO RESERVATION_ORDER (ID_Reservation, ID_Table, ArrivalTime, NumberOfPeople, Notes) VALUES (8, 159, '00:14:11', 3, NULL);
INSERT INTO RESERVATION_ORDER (ID_Reservation, ID_Table, ArrivalTime, NumberOfPeople, Notes) VALUES (9, 164, '17:16:51', 6, NULL);
INSERT INTO RESERVATION_ORDER (ID_Reservation, ID_Table, ArrivalTime, NumberOfPeople, Notes) VALUES (10, 166, '18:12:05', 3, NULL);
INSERT INTO RESERVATION_ORDER (ID_Reservation, ID_Table, ArrivalTime, NumberOfPeople, Notes) VALUES (11, 153, '03:05:35', 6, NULL);
INSERT INTO RESERVATION_ORDER (ID_Reservation, ID_Table, ArrivalTime, NumberOfPeople, Notes) VALUES (12, 156, '19:15:36', 6, NULL);
INSERT INTO RESERVATION_ORDER (ID_Reservation, ID_Table, ArrivalTime, NumberOfPeople, Notes) VALUES (13, 166, '14:03:23', 4, NULL);
INSERT INTO RESERVATION_ORDER (ID_Reservation, ID_Table, ArrivalTime, NumberOfPeople, Notes) VALUES (14, 159, '04:19:36', 3, NULL);
INSERT INTO RESERVATION_ORDER (ID_Reservation, ID_Table, ArrivalTime, NumberOfPeople, Notes) VALUES (15, 164, '23:10:44', 6, NULL);
INSERT INTO RESERVATION_ORDER (ID_Reservation, ID_Table, ArrivalTime, NumberOfPeople, Notes) VALUES (16, 159, '12:07:58', 3, NULL);
INSERT INTO RESERVATION_ORDER (ID_Reservation, ID_Table, ArrivalTime, NumberOfPeople, Notes) VALUES (17, 165, '07:25:27', 1, NULL);
INSERT INTO RESERVATION_ORDER (ID_Reservation, ID_Table, ArrivalTime, NumberOfPeople, Notes) VALUES (18, 156, '22:34:48', 7, NULL);
INSERT INTO RESERVATION_ORDER (ID_Reservation, ID_Table, ArrivalTime, NumberOfPeople, Notes) VALUES (19, 171, '16:43:33', 4, NULL);
INSERT INTO RESERVATION_ORDER (ID_Reservation, ID_Table, ArrivalTime, NumberOfPeople, Notes) VALUES (20, 173, '23:28:38', 3, NULL);
INSERT INTO RESERVATION_ORDER (ID_Reservation, ID_Table, ArrivalTime, NumberOfPeople, Notes) VALUES (21, 174, '18:39:20', 2, NULL);
INSERT INTO RESERVATION_ORDER (ID_Reservation, ID_Table, ArrivalTime, NumberOfPeople, Notes) VALUES (22, 158, '01:52:23', 3, NULL);
INSERT INTO RESERVATION_ORDER (ID_Reservation, ID_Table, ArrivalTime, NumberOfPeople, Notes) VALUES (23, 155, '22:07:20', 3, NULL);
INSERT INTO RESERVATION_ORDER (ID_Reservation, ID_Table, ArrivalTime, NumberOfPeople, Notes) VALUES (24, 166, '19:59:54', 5, NULL);
INSERT INTO RESERVATION_ORDER (ID_Reservation, ID_Table, ArrivalTime, NumberOfPeople, Notes) VALUES (25, 154, '10:43:23', 6, NULL);
INSERT INTO RESERVATION_ORDER (ID_Reservation, ID_Table, ArrivalTime, NumberOfPeople, Notes) VALUES (26, 160, '13:47:37', 7, NULL);
INSERT INTO RESERVATION_ORDER (ID_Reservation, ID_Table, ArrivalTime, NumberOfPeople, Notes) VALUES (27, 166, '09:05:13', 1, NULL);
INSERT INTO RESERVATION_ORDER (ID_Reservation, ID_Table, ArrivalTime, NumberOfPeople, Notes) VALUES (28, 172, '11:28:53', 7, NULL);
INSERT INTO RESERVATION_ORDER (ID_Reservation, ID_Table, ArrivalTime, NumberOfPeople, Notes) VALUES (29, 155, '02:04:54', 5, NULL);
INSERT INTO RESERVATION_ORDER (ID_Reservation, ID_Table, ArrivalTime, NumberOfPeople, Notes) VALUES (30, 170, '23:01:21', 8, NULL);
INSERT INTO RESERVATION_ORDER (ID_Reservation, ID_Table, ArrivalTime, NumberOfPeople, Notes) VALUES (31, 161, '18:55:40', 5, NULL);
INSERT INTO RESERVATION_ORDER (ID_Reservation, ID_Table, ArrivalTime, NumberOfPeople, Notes) VALUES (32, NULL, '07:39:27', 1, NULL);
INSERT INTO RESERVATION_ORDER (ID_Reservation, ID_Table, ArrivalTime, NumberOfPeople, Notes) VALUES (33, NULL, '06:18:35', 3, NULL);
INSERT INTO RESERVATION_ORDER (ID_Reservation, ID_Table, ArrivalTime, NumberOfPeople, Notes) VALUES (34, NULL, '22:44:23', 3, NULL);
INSERT INTO RESERVATION_ORDER (ID_Reservation, ID_Table, ArrivalTime, NumberOfPeople, Notes) VALUES (35, NULL, '12:20:27', 8, NULL);
INSERT INTO RESERVATION_ORDER (ID_Reservation, ID_Table, ArrivalTime, NumberOfPeople, Notes) VALUES (36, NULL, '23:57:49', 2, NULL);
INSERT INTO RESERVATION_ORDER (ID_Reservation, ID_Table, ArrivalTime, NumberOfPeople, Notes) VALUES (37, NULL, '09:52:06', 2, NULL);
INSERT INTO RESERVATION_ORDER (ID_Reservation, ID_Table, ArrivalTime, NumberOfPeople, Notes) VALUES (38, NULL, '00:25:52', 7, NULL);
INSERT INTO RESERVATION_ORDER (ID_Reservation, ID_Table, ArrivalTime, NumberOfPeople, Notes) VALUES (39, NULL, '21:34:29', 4, NULL);
INSERT INTO RESERVATION_ORDER (ID_Reservation, ID_Table, ArrivalTime, NumberOfPeople, Notes) VALUES (40, NULL, '05:56:44', 1, NULL);
INSERT INTO RESERVATION_ORDER (ID_Reservation, ID_Table, ArrivalTime, NumberOfPeople, Notes) VALUES (1, 185, '12:45:17', 8, NULL);
INSERT INTO RESERVATION_ORDER (ID_Reservation, ID_Table, ArrivalTime, NumberOfPeople, Notes) VALUES (2, 177, '15:23:57', 5, NULL);
INSERT INTO RESERVATION_ORDER (ID_Reservation, ID_Table, ArrivalTime, NumberOfPeople, Notes) VALUES (3, 184, '21:30:16', 3, NULL);
INSERT INTO RESERVATION_ORDER (ID_Reservation, ID_Table, ArrivalTime, NumberOfPeople, Notes) VALUES (4, 184, '21:52:51', 1, NULL);
INSERT INTO RESERVATION_ORDER (ID_Reservation, ID_Table, ArrivalTime, NumberOfPeople, Notes) VALUES (5, 183, '04:03:51', 6, NULL);
INSERT INTO RESERVATION_ORDER (ID_Reservation, ID_Table, ArrivalTime, NumberOfPeople, Notes) VALUES (6, 194, '15:27:17', 7, NULL);
INSERT INTO RESERVATION_ORDER (ID_Reservation, ID_Table, ArrivalTime, NumberOfPeople, Notes) VALUES (7, 181, '22:45:24', 1, NULL);
INSERT INTO RESERVATION_ORDER (ID_Reservation, ID_Table, ArrivalTime, NumberOfPeople, Notes) VALUES (8, 192, '21:11:25', 7, NULL);
INSERT INTO RESERVATION_ORDER (ID_Reservation, ID_Table, ArrivalTime, NumberOfPeople, Notes) VALUES (9, 193, '08:32:40', 5, NULL);
INSERT INTO RESERVATION_ORDER (ID_Reservation, ID_Table, ArrivalTime, NumberOfPeople, Notes) VALUES (10, 186, '00:16:29', 7, NULL);
INSERT INTO RESERVATION_ORDER (ID_Reservation, ID_Table, ArrivalTime, NumberOfPeople, Notes) VALUES (11, 183, '14:04:42', 4, NULL);
INSERT INTO RESERVATION_ORDER (ID_Reservation, ID_Table, ArrivalTime, NumberOfPeople, Notes) VALUES (12, 176, '09:58:20', 8, NULL);
INSERT INTO RESERVATION_ORDER (ID_Reservation, ID_Table, ArrivalTime, NumberOfPeople, Notes) VALUES (13, 190, '19:57:41', 7, NULL);
INSERT INTO RESERVATION_ORDER (ID_Reservation, ID_Table, ArrivalTime, NumberOfPeople, Notes) VALUES (14, 192, '09:29:23', 5, NULL);
INSERT INTO RESERVATION_ORDER (ID_Reservation, ID_Table, ArrivalTime, NumberOfPeople, Notes) VALUES (15, 186, '17:40:56', 1, NULL);
INSERT INTO RESERVATION_ORDER (ID_Reservation, ID_Table, ArrivalTime, NumberOfPeople, Notes) VALUES (16, 184, '21:50:51', 4, NULL);
INSERT INTO RESERVATION_ORDER (ID_Reservation, ID_Table, ArrivalTime, NumberOfPeople, Notes) VALUES (17, 192, '09:13:20', 8, NULL);
INSERT INTO RESERVATION_ORDER (ID_Reservation, ID_Table, ArrivalTime, NumberOfPeople, Notes) VALUES (18, 178, '19:33:44', 1, NULL);
INSERT INTO RESERVATION_ORDER (ID_Reservation, ID_Table, ArrivalTime, NumberOfPeople, Notes) VALUES (19, 177, '09:29:55', 1, NULL);
INSERT INTO RESERVATION_ORDER (ID_Reservation, ID_Table, ArrivalTime, NumberOfPeople, Notes) VALUES (20, 176, '19:24:59', 3, NULL);
INSERT INTO RESERVATION_ORDER (ID_Reservation, ID_Table, ArrivalTime, NumberOfPeople, Notes) VALUES (21, 176, '23:42:15', 4, NULL);
INSERT INTO RESERVATION_ORDER (ID_Reservation, ID_Table, ArrivalTime, NumberOfPeople, Notes) VALUES (22, 187, '14:35:13', 3, NULL);
INSERT INTO RESERVATION_ORDER (ID_Reservation, ID_Table, ArrivalTime, NumberOfPeople, Notes) VALUES (23, 181, '08:22:12', 7, NULL);
INSERT INTO RESERVATION_ORDER (ID_Reservation, ID_Table, ArrivalTime, NumberOfPeople, Notes) VALUES (24, 187, '15:06:46', 6, NULL);
INSERT INTO RESERVATION_ORDER (ID_Reservation, ID_Table, ArrivalTime, NumberOfPeople, Notes) VALUES (25, 182, '05:30:21', 2, NULL);
INSERT INTO RESERVATION_ORDER (ID_Reservation, ID_Table, ArrivalTime, NumberOfPeople, Notes) VALUES (26, 183, '10:58:22', 5, NULL);
INSERT INTO RESERVATION_ORDER (ID_Reservation, ID_Table, ArrivalTime, NumberOfPeople, Notes) VALUES (27, 181, '01:48:39', 8, NULL);
INSERT INTO RESERVATION_ORDER (ID_Reservation, ID_Table, ArrivalTime, NumberOfPeople, Notes) VALUES (28, 176, '09:43:45', 7, NULL);
INSERT INTO RESERVATION_ORDER (ID_Reservation, ID_Table, ArrivalTime, NumberOfPeople, Notes) VALUES (29, 193, '12:47:03', 8, NULL);
INSERT INTO RESERVATION_ORDER (ID_Reservation, ID_Table, ArrivalTime, NumberOfPeople, Notes) VALUES (30, 176, '14:45:16', 4, NULL);
INSERT INTO RESERVATION_ORDER (ID_Reservation, ID_Table, ArrivalTime, NumberOfPeople, Notes) VALUES (31, 187, '12:51:21', 8, NULL);
INSERT INTO RESERVATION_ORDER (ID_Reservation, ID_Table, ArrivalTime, NumberOfPeople, Notes) VALUES (32, NULL, '19:02:56', 1, NULL);
INSERT INTO RESERVATION_ORDER (ID_Reservation, ID_Table, ArrivalTime, NumberOfPeople, Notes) VALUES (33, NULL, '09:45:43', 6, NULL);
INSERT INTO RESERVATION_ORDER (ID_Reservation, ID_Table, ArrivalTime, NumberOfPeople, Notes) VALUES (34, NULL, '02:17:14', 6, NULL);
INSERT INTO RESERVATION_ORDER (ID_Reservation, ID_Table, ArrivalTime, NumberOfPeople, Notes) VALUES (35, NULL, '06:22:01', 8, NULL);
INSERT INTO RESERVATION_ORDER (ID_Reservation, ID_Table, ArrivalTime, NumberOfPeople, Notes) VALUES (36, NULL, '09:05:37', 2, NULL);
INSERT INTO RESERVATION_ORDER (ID_Reservation, ID_Table, ArrivalTime, NumberOfPeople, Notes) VALUES (37, NULL, '22:23:24', 3, NULL);
INSERT INTO RESERVATION_ORDER (ID_Reservation, ID_Table, ArrivalTime, NumberOfPeople, Notes) VALUES (38, NULL, '17:15:18', 1, NULL);
INSERT INTO RESERVATION_ORDER (ID_Reservation, ID_Table, ArrivalTime, NumberOfPeople, Notes) VALUES (39, NULL, '05:31:50', 2, NULL);
INSERT INTO RESERVATION_ORDER (ID_Reservation, ID_Table, ArrivalTime, NumberOfPeople, Notes) VALUES (40, NULL, '18:08:37', 7, NULL);
INSERT INTO RESERVATION_ORDER (ID_Reservation, ID_Table, ArrivalTime, NumberOfPeople, Notes) VALUES (1, 209, '14:05:38', 6, NULL);
INSERT INTO RESERVATION_ORDER (ID_Reservation, ID_Table, ArrivalTime, NumberOfPeople, Notes) VALUES (2, 206, '21:40:43', 5, NULL);
INSERT INTO RESERVATION_ORDER (ID_Reservation, ID_Table, ArrivalTime, NumberOfPeople, Notes) VALUES (3, 203, '21:17:09', 2, NULL);
INSERT INTO RESERVATION_ORDER (ID_Reservation, ID_Table, ArrivalTime, NumberOfPeople, Notes) VALUES (4, 201, '14:40:59', 2, NULL);
INSERT INTO RESERVATION_ORDER (ID_Reservation, ID_Table, ArrivalTime, NumberOfPeople, Notes) VALUES (5, 198, '19:34:26', 4, NULL);
INSERT INTO RESERVATION_ORDER (ID_Reservation, ID_Table, ArrivalTime, NumberOfPeople, Notes) VALUES (6, 204, '06:20:58', 2, NULL);
INSERT INTO RESERVATION_ORDER (ID_Reservation, ID_Table, ArrivalTime, NumberOfPeople, Notes) VALUES (7, 202, '18:27:36', 2, NULL);
INSERT INTO RESERVATION_ORDER (ID_Reservation, ID_Table, ArrivalTime, NumberOfPeople, Notes) VALUES (8, 206, '02:21:01', 1, NULL);
INSERT INTO RESERVATION_ORDER (ID_Reservation, ID_Table, ArrivalTime, NumberOfPeople, Notes) VALUES (9, 224, '16:56:57', 5, NULL);
INSERT INTO RESERVATION_ORDER (ID_Reservation, ID_Table, ArrivalTime, NumberOfPeople, Notes) VALUES (10, 207, '15:25:36', 3, NULL);
INSERT INTO RESERVATION_ORDER (ID_Reservation, ID_Table, ArrivalTime, NumberOfPeople, Notes) VALUES (11, 210, '06:09:14', 7, NULL);
INSERT INTO RESERVATION_ORDER (ID_Reservation, ID_Table, ArrivalTime, NumberOfPeople, Notes) VALUES (12, 223, '08:41:35', 1, NULL);
INSERT INTO RESERVATION_ORDER (ID_Reservation, ID_Table, ArrivalTime, NumberOfPeople, Notes) VALUES (13, 218, '16:39:00', 8, NULL);
INSERT INTO RESERVATION_ORDER (ID_Reservation, ID_Table, ArrivalTime, NumberOfPeople, Notes) VALUES (14, 216, '19:46:49', 2, NULL);
INSERT INTO RESERVATION_ORDER (ID_Reservation, ID_Table, ArrivalTime, NumberOfPeople, Notes) VALUES (15, 214, '04:55:04', 7, NULL);
INSERT INTO RESERVATION_ORDER (ID_Reservation, ID_Table, ArrivalTime, NumberOfPeople, Notes) VALUES (16, 198, '11:17:15', 2, NULL);
INSERT INTO RESERVATION_ORDER (ID_Reservation, ID_Table, ArrivalTime, NumberOfPeople, Notes) VALUES (17, 223, '06:06:35', 7, NULL);
INSERT INTO RESERVATION_ORDER (ID_Reservation, ID_Table, ArrivalTime, NumberOfPeople, Notes) VALUES (18, 216, '13:16:47', 5, NULL);
INSERT INTO RESERVATION_ORDER (ID_Reservation, ID_Table, ArrivalTime, NumberOfPeople, Notes) VALUES (19, 207, '01:52:58', 6, NULL);
INSERT INTO RESERVATION_ORDER (ID_Reservation, ID_Table, ArrivalTime, NumberOfPeople, Notes) VALUES (20, 203, '15:39:35', 5, NULL);
INSERT INTO RESERVATION_ORDER (ID_Reservation, ID_Table, ArrivalTime, NumberOfPeople, Notes) VALUES (21, 218, '13:22:34', 4, NULL);
INSERT INTO RESERVATION_ORDER (ID_Reservation, ID_Table, ArrivalTime, NumberOfPeople, Notes) VALUES (22, 199, '03:47:47', 6, NULL);
INSERT INTO RESERVATION_ORDER (ID_Reservation, ID_Table, ArrivalTime, NumberOfPeople, Notes) VALUES (23, 205, '21:43:01', 7, NULL);
INSERT INTO RESERVATION_ORDER (ID_Reservation, ID_Table, ArrivalTime, NumberOfPeople, Notes) VALUES (24, 204, '01:06:51', 1, NULL);
INSERT INTO RESERVATION_ORDER (ID_Reservation, ID_Table, ArrivalTime, NumberOfPeople, Notes) VALUES (25, 211, '10:40:29', 2, NULL);
INSERT INTO RESERVATION_ORDER (ID_Reservation, ID_Table, ArrivalTime, NumberOfPeople, Notes) VALUES (26, 197, '12:18:13', 7, NULL);
INSERT INTO RESERVATION_ORDER (ID_Reservation, ID_Table, ArrivalTime, NumberOfPeople, Notes) VALUES (27, 201, '04:05:22', 4, NULL);
INSERT INTO RESERVATION_ORDER (ID_Reservation, ID_Table, ArrivalTime, NumberOfPeople, Notes) VALUES (28, 209, '23:27:43', 4, NULL);
INSERT INTO RESERVATION_ORDER (ID_Reservation, ID_Table, ArrivalTime, NumberOfPeople, Notes) VALUES (29, 198, '13:16:48', 6, NULL);
INSERT INTO RESERVATION_ORDER (ID_Reservation, ID_Table, ArrivalTime, NumberOfPeople, Notes) VALUES (30, 198, '03:50:08', 4, NULL);
INSERT INTO RESERVATION_ORDER (ID_Reservation, ID_Table, ArrivalTime, NumberOfPeople, Notes) VALUES (31, 220, '04:57:09', 2, NULL);
INSERT INTO RESERVATION_ORDER (ID_Reservation, ID_Table, ArrivalTime, NumberOfPeople, Notes) VALUES (32, NULL, '11:25:36', 6, NULL);
INSERT INTO RESERVATION_ORDER (ID_Reservation, ID_Table, ArrivalTime, NumberOfPeople, Notes) VALUES (33, NULL, '11:06:51', 2, NULL);
INSERT INTO RESERVATION_ORDER (ID_Reservation, ID_Table, ArrivalTime, NumberOfPeople, Notes) VALUES (34, NULL, '23:04:51', 7, NULL);
INSERT INTO RESERVATION_ORDER (ID_Reservation, ID_Table, ArrivalTime, NumberOfPeople, Notes) VALUES (35, NULL, '09:28:12', 8, NULL);
INSERT INTO RESERVATION_ORDER (ID_Reservation, ID_Table, ArrivalTime, NumberOfPeople, Notes) VALUES (36, NULL, '02:52:01', 7, NULL);
INSERT INTO RESERVATION_ORDER (ID_Reservation, ID_Table, ArrivalTime, NumberOfPeople, Notes) VALUES (37, NULL, '19:47:25', 3, NULL);
INSERT INTO RESERVATION_ORDER (ID_Reservation, ID_Table, ArrivalTime, NumberOfPeople, Notes) VALUES (38, NULL, '13:41:03', 2, NULL);
INSERT INTO RESERVATION_ORDER (ID_Reservation, ID_Table, ArrivalTime, NumberOfPeople, Notes) VALUES (39, NULL, '19:24:20', 1, NULL);
INSERT INTO RESERVATION_ORDER (ID_Reservation, ID_Table, ArrivalTime, NumberOfPeople, Notes) VALUES (40, NULL, '19:08:25', 7, NULL);
INSERT INTO RESERVATION_ORDER (ID_Reservation, ID_Table, ArrivalTime, NumberOfPeople, Notes) VALUES (1, 227, '00:12:05', 1, NULL);
INSERT INTO RESERVATION_ORDER (ID_Reservation, ID_Table, ArrivalTime, NumberOfPeople, Notes) VALUES (2, 232, '03:43:20', 6, NULL);
INSERT INTO RESERVATION_ORDER (ID_Reservation, ID_Table, ArrivalTime, NumberOfPeople, Notes) VALUES (3, 237, '08:59:37', 7, NULL);
INSERT INTO RESERVATION_ORDER (ID_Reservation, ID_Table, ArrivalTime, NumberOfPeople, Notes) VALUES (4, 235, '17:00:00', 1, NULL);
INSERT INTO RESERVATION_ORDER (ID_Reservation, ID_Table, ArrivalTime, NumberOfPeople, Notes) VALUES (5, 237, '07:17:27', 6, NULL);
INSERT INTO RESERVATION_ORDER (ID_Reservation, ID_Table, ArrivalTime, NumberOfPeople, Notes) VALUES (6, 236, '09:26:50', 8, NULL);
INSERT INTO RESERVATION_ORDER (ID_Reservation, ID_Table, ArrivalTime, NumberOfPeople, Notes) VALUES (7, 226, '21:12:55', 3, NULL);
INSERT INTO RESERVATION_ORDER (ID_Reservation, ID_Table, ArrivalTime, NumberOfPeople, Notes) VALUES (8, 237, '17:08:24', 4, NULL);
INSERT INTO RESERVATION_ORDER (ID_Reservation, ID_Table, ArrivalTime, NumberOfPeople, Notes) VALUES (9, 231, '21:49:27', 8, NULL);
INSERT INTO RESERVATION_ORDER (ID_Reservation, ID_Table, ArrivalTime, NumberOfPeople, Notes) VALUES (10, 234, '01:10:25', 6, NULL);
INSERT INTO RESERVATION_ORDER (ID_Reservation, ID_Table, ArrivalTime, NumberOfPeople, Notes) VALUES (11, 233, '22:24:19', 8, NULL);
INSERT INTO RESERVATION_ORDER (ID_Reservation, ID_Table, ArrivalTime, NumberOfPeople, Notes) VALUES (12, 239, '10:55:46', 8, NULL);
INSERT INTO RESERVATION_ORDER (ID_Reservation, ID_Table, ArrivalTime, NumberOfPeople, Notes) VALUES (13, 239, '23:05:54', 1, NULL);
INSERT INTO RESERVATION_ORDER (ID_Reservation, ID_Table, ArrivalTime, NumberOfPeople, Notes) VALUES (14, 230, '21:53:17', 7, NULL);
INSERT INTO RESERVATION_ORDER (ID_Reservation, ID_Table, ArrivalTime, NumberOfPeople, Notes) VALUES (15, 226, '05:47:12', 6, NULL);
INSERT INTO RESERVATION_ORDER (ID_Reservation, ID_Table, ArrivalTime, NumberOfPeople, Notes) VALUES (16, 241, '20:00:38', 8, NULL);
INSERT INTO RESERVATION_ORDER (ID_Reservation, ID_Table, ArrivalTime, NumberOfPeople, Notes) VALUES (17, 229, '06:41:57', 2, NULL);
INSERT INTO RESERVATION_ORDER (ID_Reservation, ID_Table, ArrivalTime, NumberOfPeople, Notes) VALUES (18, 235, '06:36:32', 1, NULL);
INSERT INTO RESERVATION_ORDER (ID_Reservation, ID_Table, ArrivalTime, NumberOfPeople, Notes) VALUES (19, 234, '22:25:58', 6, NULL);
INSERT INTO RESERVATION_ORDER (ID_Reservation, ID_Table, ArrivalTime, NumberOfPeople, Notes) VALUES (20, 233, '19:57:44', 6, NULL);
INSERT INTO RESERVATION_ORDER (ID_Reservation, ID_Table, ArrivalTime, NumberOfPeople, Notes) VALUES (21, 235, '06:24:02', 6, NULL);
INSERT INTO RESERVATION_ORDER (ID_Reservation, ID_Table, ArrivalTime, NumberOfPeople, Notes) VALUES (22, 231, '21:00:56', 6, NULL);
INSERT INTO RESERVATION_ORDER (ID_Reservation, ID_Table, ArrivalTime, NumberOfPeople, Notes) VALUES (23, 233, '23:45:48', 5, NULL);
INSERT INTO RESERVATION_ORDER (ID_Reservation, ID_Table, ArrivalTime, NumberOfPeople, Notes) VALUES (24, 235, '15:37:38', 4, NULL);
INSERT INTO RESERVATION_ORDER (ID_Reservation, ID_Table, ArrivalTime, NumberOfPeople, Notes) VALUES (25, 230, '06:42:58', 3, NULL);
INSERT INTO RESERVATION_ORDER (ID_Reservation, ID_Table, ArrivalTime, NumberOfPeople, Notes) VALUES (26, 227, '20:47:30', 2, NULL);
INSERT INTO RESERVATION_ORDER (ID_Reservation, ID_Table, ArrivalTime, NumberOfPeople, Notes) VALUES (27, 236, '20:45:26', 6, NULL);
INSERT INTO RESERVATION_ORDER (ID_Reservation, ID_Table, ArrivalTime, NumberOfPeople, Notes) VALUES (28, 236, '11:28:10', 1, NULL);
INSERT INTO RESERVATION_ORDER (ID_Reservation, ID_Table, ArrivalTime, NumberOfPeople, Notes) VALUES (29, 239, '14:53:53', 1, NULL);
INSERT INTO RESERVATION_ORDER (ID_Reservation, ID_Table, ArrivalTime, NumberOfPeople, Notes) VALUES (30, 246, '07:51:02', 4, NULL);
INSERT INTO RESERVATION_ORDER (ID_Reservation, ID_Table, ArrivalTime, NumberOfPeople, Notes) VALUES (31, 231, '13:00:16', 3, NULL);
INSERT INTO RESERVATION_ORDER (ID_Reservation, ID_Table, ArrivalTime, NumberOfPeople, Notes) VALUES (32, NULL, '23:45:51', 5, NULL);
INSERT INTO RESERVATION_ORDER (ID_Reservation, ID_Table, ArrivalTime, NumberOfPeople, Notes) VALUES (33, NULL, '01:35:05', 8, NULL);
INSERT INTO RESERVATION_ORDER (ID_Reservation, ID_Table, ArrivalTime, NumberOfPeople, Notes) VALUES (34, NULL, '10:53:41', 1, NULL);
INSERT INTO RESERVATION_ORDER (ID_Reservation, ID_Table, ArrivalTime, NumberOfPeople, Notes) VALUES (35, NULL, '04:12:28', 5, NULL);
INSERT INTO RESERVATION_ORDER (ID_Reservation, ID_Table, ArrivalTime, NumberOfPeople, Notes) VALUES (36, NULL, '22:16:26', 3, NULL);
INSERT INTO RESERVATION_ORDER (ID_Reservation, ID_Table, ArrivalTime, NumberOfPeople, Notes) VALUES (37, NULL, '16:05:22', 6, NULL);
INSERT INTO RESERVATION_ORDER (ID_Reservation, ID_Table, ArrivalTime, NumberOfPeople, Notes) VALUES (38, NULL, '15:11:11', 5, NULL);
INSERT INTO RESERVATION_ORDER (ID_Reservation, ID_Table, ArrivalTime, NumberOfPeople, Notes) VALUES (39, NULL, '19:23:03', 8, NULL);
INSERT INTO RESERVATION_ORDER (ID_Reservation, ID_Table, ArrivalTime, NumberOfPeople, Notes) VALUES (40, NULL, '04:42:03', 3, NULL);
INSERT INTO RESERVATION_ORDER (ID_Reservation, ID_Table, ArrivalTime, NumberOfPeople, Notes) VALUES (1, 265, '02:43:39', 3, NULL);
INSERT INTO RESERVATION_ORDER (ID_Reservation, ID_Table, ArrivalTime, NumberOfPeople, Notes) VALUES (2, 260, '18:40:23', 3, NULL);
INSERT INTO RESERVATION_ORDER (ID_Reservation, ID_Table, ArrivalTime, NumberOfPeople, Notes) VALUES (3, 262, '06:25:12', 8, NULL);
INSERT INTO RESERVATION_ORDER (ID_Reservation, ID_Table, ArrivalTime, NumberOfPeople, Notes) VALUES (4, 269, '06:34:30', 1, NULL);
INSERT INTO RESERVATION_ORDER (ID_Reservation, ID_Table, ArrivalTime, NumberOfPeople, Notes) VALUES (5, 262, '19:17:27', 6, NULL);
INSERT INTO RESERVATION_ORDER (ID_Reservation, ID_Table, ArrivalTime, NumberOfPeople, Notes) VALUES (6, 266, '03:40:36', 1, NULL);
INSERT INTO RESERVATION_ORDER (ID_Reservation, ID_Table, ArrivalTime, NumberOfPeople, Notes) VALUES (7, 264, '00:33:37', 7, NULL);
INSERT INTO RESERVATION_ORDER (ID_Reservation, ID_Table, ArrivalTime, NumberOfPeople, Notes) VALUES (8, 252, '18:33:26', 6, NULL);
INSERT INTO RESERVATION_ORDER (ID_Reservation, ID_Table, ArrivalTime, NumberOfPeople, Notes) VALUES (9, 271, '04:44:23', 2, NULL);
INSERT INTO RESERVATION_ORDER (ID_Reservation, ID_Table, ArrivalTime, NumberOfPeople, Notes) VALUES (10, 263, '18:03:19', 2, NULL);
INSERT INTO RESERVATION_ORDER (ID_Reservation, ID_Table, ArrivalTime, NumberOfPeople, Notes) VALUES (11, 271, '12:35:32', 7, NULL);
INSERT INTO RESERVATION_ORDER (ID_Reservation, ID_Table, ArrivalTime, NumberOfPeople, Notes) VALUES (12, 265, '00:31:04', 5, NULL);
INSERT INTO RESERVATION_ORDER (ID_Reservation, ID_Table, ArrivalTime, NumberOfPeople, Notes) VALUES (13, 262, '21:39:10', 2, NULL);
INSERT INTO RESERVATION_ORDER (ID_Reservation, ID_Table, ArrivalTime, NumberOfPeople, Notes) VALUES (14, 265, '06:56:11', 2, NULL);
INSERT INTO RESERVATION_ORDER (ID_Reservation, ID_Table, ArrivalTime, NumberOfPeople, Notes) VALUES (15, 270, '10:20:39', 5, NULL);
INSERT INTO RESERVATION_ORDER (ID_Reservation, ID_Table, ArrivalTime, NumberOfPeople, Notes) VALUES (16, 250, '15:31:21', 6, NULL);
INSERT INTO RESERVATION_ORDER (ID_Reservation, ID_Table, ArrivalTime, NumberOfPeople, Notes) VALUES (17, 250, '18:21:12', 6, NULL);
INSERT INTO RESERVATION_ORDER (ID_Reservation, ID_Table, ArrivalTime, NumberOfPeople, Notes) VALUES (18, 256, '03:46:31', 5, NULL);
INSERT INTO RESERVATION_ORDER (ID_Reservation, ID_Table, ArrivalTime, NumberOfPeople, Notes) VALUES (19, 264, '18:16:24', 4, NULL);
INSERT INTO RESERVATION_ORDER (ID_Reservation, ID_Table, ArrivalTime, NumberOfPeople, Notes) VALUES (20, 253, '16:05:28', 4, NULL);
INSERT INTO RESERVATION_ORDER (ID_Reservation, ID_Table, ArrivalTime, NumberOfPeople, Notes) VALUES (21, 261, '14:57:42', 3, NULL);
INSERT INTO RESERVATION_ORDER (ID_Reservation, ID_Table, ArrivalTime, NumberOfPeople, Notes) VALUES (22, 264, '12:58:15', 5, NULL);
INSERT INTO RESERVATION_ORDER (ID_Reservation, ID_Table, ArrivalTime, NumberOfPeople, Notes) VALUES (23, 249, '07:36:34', 5, NULL);
INSERT INTO RESERVATION_ORDER (ID_Reservation, ID_Table, ArrivalTime, NumberOfPeople, Notes) VALUES (24, 262, '23:27:02', 7, NULL);
INSERT INTO RESERVATION_ORDER (ID_Reservation, ID_Table, ArrivalTime, NumberOfPeople, Notes) VALUES (25, 267, '16:07:14', 5, NULL);
INSERT INTO RESERVATION_ORDER (ID_Reservation, ID_Table, ArrivalTime, NumberOfPeople, Notes) VALUES (26, 249, '08:45:38', 5, NULL);
INSERT INTO RESERVATION_ORDER (ID_Reservation, ID_Table, ArrivalTime, NumberOfPeople, Notes) VALUES (27, 259, '09:46:46', 5, NULL);
INSERT INTO RESERVATION_ORDER (ID_Reservation, ID_Table, ArrivalTime, NumberOfPeople, Notes) VALUES (28, 270, '20:38:43', 2, NULL);
INSERT INTO RESERVATION_ORDER (ID_Reservation, ID_Table, ArrivalTime, NumberOfPeople, Notes) VALUES (29, 271, '10:04:13', 5, NULL);
INSERT INTO RESERVATION_ORDER (ID_Reservation, ID_Table, ArrivalTime, NumberOfPeople, Notes) VALUES (30, 252, '05:50:28', 7, NULL);
INSERT INTO RESERVATION_ORDER (ID_Reservation, ID_Table, ArrivalTime, NumberOfPeople, Notes) VALUES (31, 254, '17:39:26', 4, NULL);
INSERT INTO RESERVATION_ORDER (ID_Reservation, ID_Table, ArrivalTime, NumberOfPeople, Notes) VALUES (32, NULL, '00:51:22', 5, NULL);
INSERT INTO RESERVATION_ORDER (ID_Reservation, ID_Table, ArrivalTime, NumberOfPeople, Notes) VALUES (33, NULL, '03:41:00', 7, NULL);
INSERT INTO RESERVATION_ORDER (ID_Reservation, ID_Table, ArrivalTime, NumberOfPeople, Notes) VALUES (34, NULL, '14:27:24', 7, NULL);
INSERT INTO RESERVATION_ORDER (ID_Reservation, ID_Table, ArrivalTime, NumberOfPeople, Notes) VALUES (35, NULL, '07:14:34', 3, NULL);
INSERT INTO RESERVATION_ORDER (ID_Reservation, ID_Table, ArrivalTime, NumberOfPeople, Notes) VALUES (36, NULL, '12:11:19', 3, NULL);
INSERT INTO RESERVATION_ORDER (ID_Reservation, ID_Table, ArrivalTime, NumberOfPeople, Notes) VALUES (37, NULL, '02:37:08', 3, NULL);
INSERT INTO RESERVATION_ORDER (ID_Reservation, ID_Table, ArrivalTime, NumberOfPeople, Notes) VALUES (38, NULL, '16:12:29', 4, NULL);
INSERT INTO RESERVATION_ORDER (ID_Reservation, ID_Table, ArrivalTime, NumberOfPeople, Notes) VALUES (39, NULL, '11:55:18', 5, NULL);
INSERT INTO RESERVATION_ORDER (ID_Reservation, ID_Table, ArrivalTime, NumberOfPeople, Notes) VALUES (40, NULL, '04:37:23', 3, NULL);
INSERT INTO RESERVATION_ORDER (ID_Reservation, ID_Table, ArrivalTime, NumberOfPeople, Notes) VALUES (1, 284, '04:56:30', 3, NULL);
INSERT INTO RESERVATION_ORDER (ID_Reservation, ID_Table, ArrivalTime, NumberOfPeople, Notes) VALUES (2, 274, '12:01:15', 4, NULL);
INSERT INTO RESERVATION_ORDER (ID_Reservation, ID_Table, ArrivalTime, NumberOfPeople, Notes) VALUES (3, 292, '22:37:46', 3, NULL);
INSERT INTO RESERVATION_ORDER (ID_Reservation, ID_Table, ArrivalTime, NumberOfPeople, Notes) VALUES (4, 280, '07:32:46', 5, NULL);
INSERT INTO RESERVATION_ORDER (ID_Reservation, ID_Table, ArrivalTime, NumberOfPeople, Notes) VALUES (5, 272, '11:08:02', 8, NULL);
INSERT INTO RESERVATION_ORDER (ID_Reservation, ID_Table, ArrivalTime, NumberOfPeople, Notes) VALUES (6, 278, '03:51:34', 1, NULL);
INSERT INTO RESERVATION_ORDER (ID_Reservation, ID_Table, ArrivalTime, NumberOfPeople, Notes) VALUES (7, 290, '12:54:44', 3, NULL);
INSERT INTO RESERVATION_ORDER (ID_Reservation, ID_Table, ArrivalTime, NumberOfPeople, Notes) VALUES (8, 299, '08:28:55', 8, NULL);
INSERT INTO RESERVATION_ORDER (ID_Reservation, ID_Table, ArrivalTime, NumberOfPeople, Notes) VALUES (9, 283, '01:25:28', 5, NULL);
INSERT INTO RESERVATION_ORDER (ID_Reservation, ID_Table, ArrivalTime, NumberOfPeople, Notes) VALUES (10, 292, '18:49:27', 3, NULL);
INSERT INTO RESERVATION_ORDER (ID_Reservation, ID_Table, ArrivalTime, NumberOfPeople, Notes) VALUES (11, 296, '21:42:58', 6, NULL);
INSERT INTO RESERVATION_ORDER (ID_Reservation, ID_Table, ArrivalTime, NumberOfPeople, Notes) VALUES (12, 273, '19:31:50', 6, NULL);
INSERT INTO RESERVATION_ORDER (ID_Reservation, ID_Table, ArrivalTime, NumberOfPeople, Notes) VALUES (13, 281, '13:13:12', 1, NULL);
INSERT INTO RESERVATION_ORDER (ID_Reservation, ID_Table, ArrivalTime, NumberOfPeople, Notes) VALUES (14, 277, '12:39:07', 6, NULL);
INSERT INTO RESERVATION_ORDER (ID_Reservation, ID_Table, ArrivalTime, NumberOfPeople, Notes) VALUES (15, 278, '19:33:52', 6, NULL);
INSERT INTO RESERVATION_ORDER (ID_Reservation, ID_Table, ArrivalTime, NumberOfPeople, Notes) VALUES (16, 294, '02:40:36', 1, NULL);
INSERT INTO RESERVATION_ORDER (ID_Reservation, ID_Table, ArrivalTime, NumberOfPeople, Notes) VALUES (17, 280, '07:11:17', 6, NULL);
INSERT INTO RESERVATION_ORDER (ID_Reservation, ID_Table, ArrivalTime, NumberOfPeople, Notes) VALUES (18, 279, '02:02:28', 5, NULL);
INSERT INTO RESERVATION_ORDER (ID_Reservation, ID_Table, ArrivalTime, NumberOfPeople, Notes) VALUES (19, 299, '05:53:20', 6, NULL);
INSERT INTO RESERVATION_ORDER (ID_Reservation, ID_Table, ArrivalTime, NumberOfPeople, Notes) VALUES (20, 275, '03:42:17', 6, NULL);
INSERT INTO RESERVATION_ORDER (ID_Reservation, ID_Table, ArrivalTime, NumberOfPeople, Notes) VALUES (21, 284, '15:40:34', 3, NULL);
INSERT INTO RESERVATION_ORDER (ID_Reservation, ID_Table, ArrivalTime, NumberOfPeople, Notes) VALUES (22, 273, '18:35:19', 5, NULL);
INSERT INTO RESERVATION_ORDER (ID_Reservation, ID_Table, ArrivalTime, NumberOfPeople, Notes) VALUES (23, 281, '06:56:10', 2, NULL);
INSERT INTO RESERVATION_ORDER (ID_Reservation, ID_Table, ArrivalTime, NumberOfPeople, Notes) VALUES (24, 273, '08:18:07', 4, NULL);
INSERT INTO RESERVATION_ORDER (ID_Reservation, ID_Table, ArrivalTime, NumberOfPeople, Notes) VALUES (25, 293, '13:42:59', 4, NULL);
INSERT INTO RESERVATION_ORDER (ID_Reservation, ID_Table, ArrivalTime, NumberOfPeople, Notes) VALUES (26, 282, '09:03:15', 8, NULL);
INSERT INTO RESERVATION_ORDER (ID_Reservation, ID_Table, ArrivalTime, NumberOfPeople, Notes) VALUES (27, 274, '05:34:45', 2, NULL);
INSERT INTO RESERVATION_ORDER (ID_Reservation, ID_Table, ArrivalTime, NumberOfPeople, Notes) VALUES (28, 290, '01:35:49', 5, NULL);
INSERT INTO RESERVATION_ORDER (ID_Reservation, ID_Table, ArrivalTime, NumberOfPeople, Notes) VALUES (29, 280, '02:31:22', 1, NULL);
INSERT INTO RESERVATION_ORDER (ID_Reservation, ID_Table, ArrivalTime, NumberOfPeople, Notes) VALUES (30, 273, '17:16:09', 2, NULL);
INSERT INTO RESERVATION_ORDER (ID_Reservation, ID_Table, ArrivalTime, NumberOfPeople, Notes) VALUES (31, 292, '00:30:12', 6, NULL);
INSERT INTO RESERVATION_ORDER (ID_Reservation, ID_Table, ArrivalTime, NumberOfPeople, Notes) VALUES (32, NULL, '03:02:24', 8, NULL);
INSERT INTO RESERVATION_ORDER (ID_Reservation, ID_Table, ArrivalTime, NumberOfPeople, Notes) VALUES (33, NULL, '15:03:39', 8, NULL);
INSERT INTO RESERVATION_ORDER (ID_Reservation, ID_Table, ArrivalTime, NumberOfPeople, Notes) VALUES (34, NULL, '15:09:39', 4, NULL);
INSERT INTO RESERVATION_ORDER (ID_Reservation, ID_Table, ArrivalTime, NumberOfPeople, Notes) VALUES (35, NULL, '20:56:16', 3, NULL);
INSERT INTO RESERVATION_ORDER (ID_Reservation, ID_Table, ArrivalTime, NumberOfPeople, Notes) VALUES (36, NULL, '14:36:02', 7, NULL);
INSERT INTO RESERVATION_ORDER (ID_Reservation, ID_Table, ArrivalTime, NumberOfPeople, Notes) VALUES (37, NULL, '22:43:49', 7, NULL);
INSERT INTO RESERVATION_ORDER (ID_Reservation, ID_Table, ArrivalTime, NumberOfPeople, Notes) VALUES (38, NULL, '12:53:45', 3, NULL);
INSERT INTO RESERVATION_ORDER (ID_Reservation, ID_Table, ArrivalTime, NumberOfPeople, Notes) VALUES (39, NULL, '02:49:58', 3, NULL);
INSERT INTO RESERVATION_ORDER (ID_Reservation, ID_Table, ArrivalTime, NumberOfPeople, Notes) VALUES (40, NULL, '06:56:14', 8, NULL);
INSERT INTO RESERVATION_ORDER (ID_Reservation, ID_Table, ArrivalTime, NumberOfPeople, Notes) VALUES (1, 329, '12:57:04', 8, NULL);
INSERT INTO RESERVATION_ORDER (ID_Reservation, ID_Table, ArrivalTime, NumberOfPeople, Notes) VALUES (2, 319, '12:26:46', 5, NULL);
INSERT INTO RESERVATION_ORDER (ID_Reservation, ID_Table, ArrivalTime, NumberOfPeople, Notes) VALUES (3, 326, '22:11:39', 7, NULL);
INSERT INTO RESERVATION_ORDER (ID_Reservation, ID_Table, ArrivalTime, NumberOfPeople, Notes) VALUES (4, 318, '06:39:12', 8, NULL);
INSERT INTO RESERVATION_ORDER (ID_Reservation, ID_Table, ArrivalTime, NumberOfPeople, Notes) VALUES (5, 323, '23:50:52', 3, NULL);
INSERT INTO RESERVATION_ORDER (ID_Reservation, ID_Table, ArrivalTime, NumberOfPeople, Notes) VALUES (6, 328, '01:21:25', 5, NULL);
INSERT INTO RESERVATION_ORDER (ID_Reservation, ID_Table, ArrivalTime, NumberOfPeople, Notes) VALUES (7, 321, '09:38:49', 7, NULL);
INSERT INTO RESERVATION_ORDER (ID_Reservation, ID_Table, ArrivalTime, NumberOfPeople, Notes) VALUES (8, 328, '02:41:48', 1, NULL);
INSERT INTO RESERVATION_ORDER (ID_Reservation, ID_Table, ArrivalTime, NumberOfPeople, Notes) VALUES (9, 301, '16:11:40', 8, NULL);
INSERT INTO RESERVATION_ORDER (ID_Reservation, ID_Table, ArrivalTime, NumberOfPeople, Notes) VALUES (10, 320, '10:23:42', 3, NULL);
INSERT INTO RESERVATION_ORDER (ID_Reservation, ID_Table, ArrivalTime, NumberOfPeople, Notes) VALUES (11, 303, '08:42:53', 3, NULL);
INSERT INTO RESERVATION_ORDER (ID_Reservation, ID_Table, ArrivalTime, NumberOfPeople, Notes) VALUES (12, 316, '07:39:41', 6, NULL);
INSERT INTO RESERVATION_ORDER (ID_Reservation, ID_Table, ArrivalTime, NumberOfPeople, Notes) VALUES (13, 326, '16:00:48', 7, NULL);
INSERT INTO RESERVATION_ORDER (ID_Reservation, ID_Table, ArrivalTime, NumberOfPeople, Notes) VALUES (14, 308, '03:05:13', 2, NULL);
INSERT INTO RESERVATION_ORDER (ID_Reservation, ID_Table, ArrivalTime, NumberOfPeople, Notes) VALUES (15, 314, '16:22:34', 6, NULL);
INSERT INTO RESERVATION_ORDER (ID_Reservation, ID_Table, ArrivalTime, NumberOfPeople, Notes) VALUES (16, 326, '12:22:07', 4, NULL);
INSERT INTO RESERVATION_ORDER (ID_Reservation, ID_Table, ArrivalTime, NumberOfPeople, Notes) VALUES (17, 326, '11:13:58', 8, NULL);
INSERT INTO RESERVATION_ORDER (ID_Reservation, ID_Table, ArrivalTime, NumberOfPeople, Notes) VALUES (18, 325, '10:27:20', 8, NULL);
INSERT INTO RESERVATION_ORDER (ID_Reservation, ID_Table, ArrivalTime, NumberOfPeople, Notes) VALUES (19, 308, '16:49:39', 8, NULL);
INSERT INTO RESERVATION_ORDER (ID_Reservation, ID_Table, ArrivalTime, NumberOfPeople, Notes) VALUES (20, 305, '03:16:37', 1, NULL);
INSERT INTO RESERVATION_ORDER (ID_Reservation, ID_Table, ArrivalTime, NumberOfPeople, Notes) VALUES (21, 300, '06:48:01', 5, NULL);
INSERT INTO RESERVATION_ORDER (ID_Reservation, ID_Table, ArrivalTime, NumberOfPeople, Notes) VALUES (22, 301, '21:17:37', 3, NULL);
INSERT INTO RESERVATION_ORDER (ID_Reservation, ID_Table, ArrivalTime, NumberOfPeople, Notes) VALUES (23, 311, '13:14:18', 5, NULL);
INSERT INTO RESERVATION_ORDER (ID_Reservation, ID_Table, ArrivalTime, NumberOfPeople, Notes) VALUES (24, 307, '05:18:24', 6, NULL);
INSERT INTO RESERVATION_ORDER (ID_Reservation, ID_Table, ArrivalTime, NumberOfPeople, Notes) VALUES (25, 318, '09:29:51', 4, NULL);
INSERT INTO RESERVATION_ORDER (ID_Reservation, ID_Table, ArrivalTime, NumberOfPeople, Notes) VALUES (26, 312, '10:22:30', 8, NULL);
INSERT INTO RESERVATION_ORDER (ID_Reservation, ID_Table, ArrivalTime, NumberOfPeople, Notes) VALUES (27, 326, '19:07:36', 1, NULL);
INSERT INTO RESERVATION_ORDER (ID_Reservation, ID_Table, ArrivalTime, NumberOfPeople, Notes) VALUES (28, 313, '22:37:54', 7, NULL);
INSERT INTO RESERVATION_ORDER (ID_Reservation, ID_Table, ArrivalTime, NumberOfPeople, Notes) VALUES (29, 306, '15:37:43', 6, NULL);
INSERT INTO RESERVATION_ORDER (ID_Reservation, ID_Table, ArrivalTime, NumberOfPeople, Notes) VALUES (30, 324, '13:34:34', 7, NULL);
INSERT INTO RESERVATION_ORDER (ID_Reservation, ID_Table, ArrivalTime, NumberOfPeople, Notes) VALUES (31, 300, '13:09:13', 7, NULL);
INSERT INTO RESERVATION_ORDER (ID_Reservation, ID_Table, ArrivalTime, NumberOfPeople, Notes) VALUES (32, NULL, '21:31:52', 5, NULL);
INSERT INTO RESERVATION_ORDER (ID_Reservation, ID_Table, ArrivalTime, NumberOfPeople, Notes) VALUES (33, NULL, '19:55:45', 5, NULL);
INSERT INTO RESERVATION_ORDER (ID_Reservation, ID_Table, ArrivalTime, NumberOfPeople, Notes) VALUES (34, NULL, '13:13:01', 5, NULL);
INSERT INTO RESERVATION_ORDER (ID_Reservation, ID_Table, ArrivalTime, NumberOfPeople, Notes) VALUES (35, NULL, '11:52:16', 5, NULL);
INSERT INTO RESERVATION_ORDER (ID_Reservation, ID_Table, ArrivalTime, NumberOfPeople, Notes) VALUES (36, NULL, '13:04:32', 7, NULL);
INSERT INTO RESERVATION_ORDER (ID_Reservation, ID_Table, ArrivalTime, NumberOfPeople, Notes) VALUES (37, NULL, '14:48:48', 4, NULL);
INSERT INTO RESERVATION_ORDER (ID_Reservation, ID_Table, ArrivalTime, NumberOfPeople, Notes) VALUES (38, NULL, '15:21:35', 3, NULL);
INSERT INTO RESERVATION_ORDER (ID_Reservation, ID_Table, ArrivalTime, NumberOfPeople, Notes) VALUES (39, NULL, '11:12:31', 4, NULL);
INSERT INTO RESERVATION_ORDER (ID_Reservation, ID_Table, ArrivalTime, NumberOfPeople, Notes) VALUES (40, NULL, '01:15:15', 4, NULL);
INSERT INTO RESERVATION_ORDER (ID_Reservation, ID_Table, ArrivalTime, NumberOfPeople, Notes) VALUES (1, 340, '02:23:28', 3, NULL);
INSERT INTO RESERVATION_ORDER (ID_Reservation, ID_Table, ArrivalTime, NumberOfPeople, Notes) VALUES (2, 330, '22:25:33', 7, NULL);
INSERT INTO RESERVATION_ORDER (ID_Reservation, ID_Table, ArrivalTime, NumberOfPeople, Notes) VALUES (3, 332, '21:22:59', 5, NULL);
INSERT INTO RESERVATION_ORDER (ID_Reservation, ID_Table, ArrivalTime, NumberOfPeople, Notes) VALUES (4, 336, '01:30:01', 7, NULL);
INSERT INTO RESERVATION_ORDER (ID_Reservation, ID_Table, ArrivalTime, NumberOfPeople, Notes) VALUES (5, 352, '12:22:49', 3, NULL);
INSERT INTO RESERVATION_ORDER (ID_Reservation, ID_Table, ArrivalTime, NumberOfPeople, Notes) VALUES (6, 337, '20:51:57', 7, NULL);
INSERT INTO RESERVATION_ORDER (ID_Reservation, ID_Table, ArrivalTime, NumberOfPeople, Notes) VALUES (7, 343, '00:10:40', 7, NULL);
INSERT INTO RESERVATION_ORDER (ID_Reservation, ID_Table, ArrivalTime, NumberOfPeople, Notes) VALUES (8, 347, '22:14:04', 4, NULL);
INSERT INTO RESERVATION_ORDER (ID_Reservation, ID_Table, ArrivalTime, NumberOfPeople, Notes) VALUES (9, 349, '15:18:31', 5, NULL);
INSERT INTO RESERVATION_ORDER (ID_Reservation, ID_Table, ArrivalTime, NumberOfPeople, Notes) VALUES (10, 345, '21:57:08', 7, NULL);
INSERT INTO RESERVATION_ORDER (ID_Reservation, ID_Table, ArrivalTime, NumberOfPeople, Notes) VALUES (11, 352, '22:55:27', 3, NULL);
INSERT INTO RESERVATION_ORDER (ID_Reservation, ID_Table, ArrivalTime, NumberOfPeople, Notes) VALUES (12, 349, '11:59:38', 4, NULL);
INSERT INTO RESERVATION_ORDER (ID_Reservation, ID_Table, ArrivalTime, NumberOfPeople, Notes) VALUES (13, 350, '10:45:21', 6, NULL);
INSERT INTO RESERVATION_ORDER (ID_Reservation, ID_Table, ArrivalTime, NumberOfPeople, Notes) VALUES (14, 341, '14:39:50', 4, NULL);
INSERT INTO RESERVATION_ORDER (ID_Reservation, ID_Table, ArrivalTime, NumberOfPeople, Notes) VALUES (15, 351, '22:28:38', 1, NULL);
INSERT INTO RESERVATION_ORDER (ID_Reservation, ID_Table, ArrivalTime, NumberOfPeople, Notes) VALUES (16, 338, '21:05:01', 7, NULL);
INSERT INTO RESERVATION_ORDER (ID_Reservation, ID_Table, ArrivalTime, NumberOfPeople, Notes) VALUES (17, 330, '00:45:08', 7, NULL);
INSERT INTO RESERVATION_ORDER (ID_Reservation, ID_Table, ArrivalTime, NumberOfPeople, Notes) VALUES (18, 341, '20:08:22', 7, NULL);
INSERT INTO RESERVATION_ORDER (ID_Reservation, ID_Table, ArrivalTime, NumberOfPeople, Notes) VALUES (19, 350, '10:48:12', 1, NULL);
INSERT INTO RESERVATION_ORDER (ID_Reservation, ID_Table, ArrivalTime, NumberOfPeople, Notes) VALUES (20, 341, '11:15:31', 1, NULL);
INSERT INTO RESERVATION_ORDER (ID_Reservation, ID_Table, ArrivalTime, NumberOfPeople, Notes) VALUES (21, 330, '21:40:54', 6, NULL);
INSERT INTO RESERVATION_ORDER (ID_Reservation, ID_Table, ArrivalTime, NumberOfPeople, Notes) VALUES (22, 337, '17:16:23', 7, NULL);
INSERT INTO RESERVATION_ORDER (ID_Reservation, ID_Table, ArrivalTime, NumberOfPeople, Notes) VALUES (23, 333, '19:19:16', 7, NULL);
INSERT INTO RESERVATION_ORDER (ID_Reservation, ID_Table, ArrivalTime, NumberOfPeople, Notes) VALUES (24, 345, '12:42:58', 6, NULL);
INSERT INTO RESERVATION_ORDER (ID_Reservation, ID_Table, ArrivalTime, NumberOfPeople, Notes) VALUES (25, 339, '06:28:17', 7, NULL);
INSERT INTO RESERVATION_ORDER (ID_Reservation, ID_Table, ArrivalTime, NumberOfPeople, Notes) VALUES (26, 338, '06:51:48', 8, NULL);
INSERT INTO RESERVATION_ORDER (ID_Reservation, ID_Table, ArrivalTime, NumberOfPeople, Notes) VALUES (27, 356, '16:45:36', 8, NULL);
INSERT INTO RESERVATION_ORDER (ID_Reservation, ID_Table, ArrivalTime, NumberOfPeople, Notes) VALUES (28, 341, '22:44:52', 7, NULL);
INSERT INTO RESERVATION_ORDER (ID_Reservation, ID_Table, ArrivalTime, NumberOfPeople, Notes) VALUES (29, 334, '06:58:13', 1, NULL);
INSERT INTO RESERVATION_ORDER (ID_Reservation, ID_Table, ArrivalTime, NumberOfPeople, Notes) VALUES (30, 350, '19:53:29', 1, NULL);
INSERT INTO RESERVATION_ORDER (ID_Reservation, ID_Table, ArrivalTime, NumberOfPeople, Notes) VALUES (31, 337, '06:10:12', 1, NULL);
INSERT INTO RESERVATION_ORDER (ID_Reservation, ID_Table, ArrivalTime, NumberOfPeople, Notes) VALUES (32, NULL, '22:31:28', 7, NULL);
INSERT INTO RESERVATION_ORDER (ID_Reservation, ID_Table, ArrivalTime, NumberOfPeople, Notes) VALUES (33, NULL, '06:55:48', 6, NULL);
INSERT INTO RESERVATION_ORDER (ID_Reservation, ID_Table, ArrivalTime, NumberOfPeople, Notes) VALUES (34, NULL, '04:18:41', 2, NULL);
INSERT INTO RESERVATION_ORDER (ID_Reservation, ID_Table, ArrivalTime, NumberOfPeople, Notes) VALUES (35, NULL, '06:21:05', 3, NULL);
INSERT INTO RESERVATION_ORDER (ID_Reservation, ID_Table, ArrivalTime, NumberOfPeople, Notes) VALUES (36, NULL, '11:19:31', 7, NULL);
INSERT INTO RESERVATION_ORDER (ID_Reservation, ID_Table, ArrivalTime, NumberOfPeople, Notes) VALUES (37, NULL, '01:05:15', 2, NULL);
INSERT INTO RESERVATION_ORDER (ID_Reservation, ID_Table, ArrivalTime, NumberOfPeople, Notes) VALUES (38, NULL, '09:11:02', 5, NULL);
INSERT INTO RESERVATION_ORDER (ID_Reservation, ID_Table, ArrivalTime, NumberOfPeople, Notes) VALUES (39, NULL, '02:11:40', 4, NULL);
INSERT INTO RESERVATION_ORDER (ID_Reservation, ID_Table, ArrivalTime, NumberOfPeople, Notes) VALUES (40, NULL, '14:43:58', 3, NULL);
INSERT INTO RESERVATION_ORDER (ID_Reservation, ID_Table, ArrivalTime, NumberOfPeople, Notes) VALUES (1, 360, '18:59:57', 1, NULL);
INSERT INTO RESERVATION_ORDER (ID_Reservation, ID_Table, ArrivalTime, NumberOfPeople, Notes) VALUES (2, 373, '10:30:24', 1, NULL);
INSERT INTO RESERVATION_ORDER (ID_Reservation, ID_Table, ArrivalTime, NumberOfPeople, Notes) VALUES (3, 367, '17:46:57', 8, NULL);
INSERT INTO RESERVATION_ORDER (ID_Reservation, ID_Table, ArrivalTime, NumberOfPeople, Notes) VALUES (4, 359, '15:31:19', 6, NULL);
INSERT INTO RESERVATION_ORDER (ID_Reservation, ID_Table, ArrivalTime, NumberOfPeople, Notes) VALUES (5, 360, '03:45:30', 7, NULL);
INSERT INTO RESERVATION_ORDER (ID_Reservation, ID_Table, ArrivalTime, NumberOfPeople, Notes) VALUES (6, 361, '14:10:03', 8, NULL);
INSERT INTO RESERVATION_ORDER (ID_Reservation, ID_Table, ArrivalTime, NumberOfPeople, Notes) VALUES (7, 360, '09:44:46', 4, NULL);
INSERT INTO RESERVATION_ORDER (ID_Reservation, ID_Table, ArrivalTime, NumberOfPeople, Notes) VALUES (8, 378, '19:06:44', 8, NULL);
INSERT INTO RESERVATION_ORDER (ID_Reservation, ID_Table, ArrivalTime, NumberOfPeople, Notes) VALUES (9, 358, '12:39:08', 8, NULL);
INSERT INTO RESERVATION_ORDER (ID_Reservation, ID_Table, ArrivalTime, NumberOfPeople, Notes) VALUES (10, 368, '03:13:11', 8, NULL);
INSERT INTO RESERVATION_ORDER (ID_Reservation, ID_Table, ArrivalTime, NumberOfPeople, Notes) VALUES (11, 358, '14:52:17', 2, NULL);
INSERT INTO RESERVATION_ORDER (ID_Reservation, ID_Table, ArrivalTime, NumberOfPeople, Notes) VALUES (12, 374, '21:05:22', 5, NULL);
INSERT INTO RESERVATION_ORDER (ID_Reservation, ID_Table, ArrivalTime, NumberOfPeople, Notes) VALUES (13, 366, '11:51:38', 2, NULL);
INSERT INTO RESERVATION_ORDER (ID_Reservation, ID_Table, ArrivalTime, NumberOfPeople, Notes) VALUES (14, 377, '15:17:28', 3, NULL);
INSERT INTO RESERVATION_ORDER (ID_Reservation, ID_Table, ArrivalTime, NumberOfPeople, Notes) VALUES (15, 371, '14:58:27', 5, NULL);
INSERT INTO RESERVATION_ORDER (ID_Reservation, ID_Table, ArrivalTime, NumberOfPeople, Notes) VALUES (16, 379, '17:37:28', 6, NULL);
INSERT INTO RESERVATION_ORDER (ID_Reservation, ID_Table, ArrivalTime, NumberOfPeople, Notes) VALUES (17, 358, '18:20:14', 4, NULL);
INSERT INTO RESERVATION_ORDER (ID_Reservation, ID_Table, ArrivalTime, NumberOfPeople, Notes) VALUES (18, 363, '13:34:23', 7, NULL);
INSERT INTO RESERVATION_ORDER (ID_Reservation, ID_Table, ArrivalTime, NumberOfPeople, Notes) VALUES (19, 377, '10:02:17', 1, NULL);
INSERT INTO RESERVATION_ORDER (ID_Reservation, ID_Table, ArrivalTime, NumberOfPeople, Notes) VALUES (20, 364, '13:20:17', 7, NULL);
INSERT INTO RESERVATION_ORDER (ID_Reservation, ID_Table, ArrivalTime, NumberOfPeople, Notes) VALUES (21, 366, '06:53:30', 6, NULL);
INSERT INTO RESERVATION_ORDER (ID_Reservation, ID_Table, ArrivalTime, NumberOfPeople, Notes) VALUES (22, 373, '00:08:13', 5, NULL);
INSERT INTO RESERVATION_ORDER (ID_Reservation, ID_Table, ArrivalTime, NumberOfPeople, Notes) VALUES (23, 378, '21:55:45', 8, NULL);
INSERT INTO RESERVATION_ORDER (ID_Reservation, ID_Table, ArrivalTime, NumberOfPeople, Notes) VALUES (24, 367, '03:56:08', 8, NULL);
INSERT INTO RESERVATION_ORDER (ID_Reservation, ID_Table, ArrivalTime, NumberOfPeople, Notes) VALUES (25, 373, '00:58:23', 5, NULL);
INSERT INTO RESERVATION_ORDER (ID_Reservation, ID_Table, ArrivalTime, NumberOfPeople, Notes) VALUES (26, 367, '08:11:19', 2, NULL);
INSERT INTO RESERVATION_ORDER (ID_Reservation, ID_Table, ArrivalTime, NumberOfPeople, Notes) VALUES (27, 358, '01:03:12', 7, NULL);
INSERT INTO RESERVATION_ORDER (ID_Reservation, ID_Table, ArrivalTime, NumberOfPeople, Notes) VALUES (28, 378, '09:14:40', 8, NULL);
INSERT INTO RESERVATION_ORDER (ID_Reservation, ID_Table, ArrivalTime, NumberOfPeople, Notes) VALUES (29, 372, '13:41:21', 7, NULL);
INSERT INTO RESERVATION_ORDER (ID_Reservation, ID_Table, ArrivalTime, NumberOfPeople, Notes) VALUES (30, 362, '15:28:39', 3, NULL);
INSERT INTO RESERVATION_ORDER (ID_Reservation, ID_Table, ArrivalTime, NumberOfPeople, Notes) VALUES (31, 380, '05:15:18', 3, NULL);
INSERT INTO RESERVATION_ORDER (ID_Reservation, ID_Table, ArrivalTime, NumberOfPeople, Notes) VALUES (32, NULL, '13:57:20', 2, NULL);
INSERT INTO RESERVATION_ORDER (ID_Reservation, ID_Table, ArrivalTime, NumberOfPeople, Notes) VALUES (33, NULL, '01:38:22', 8, NULL);
INSERT INTO RESERVATION_ORDER (ID_Reservation, ID_Table, ArrivalTime, NumberOfPeople, Notes) VALUES (34, NULL, '00:36:40', 5, NULL);
INSERT INTO RESERVATION_ORDER (ID_Reservation, ID_Table, ArrivalTime, NumberOfPeople, Notes) VALUES (35, NULL, '00:09:29', 4, NULL);
INSERT INTO RESERVATION_ORDER (ID_Reservation, ID_Table, ArrivalTime, NumberOfPeople, Notes) VALUES (36, NULL, '11:32:28', 1, NULL);
INSERT INTO RESERVATION_ORDER (ID_Reservation, ID_Table, ArrivalTime, NumberOfPeople, Notes) VALUES (37, NULL, '18:41:33', 6, NULL);
INSERT INTO RESERVATION_ORDER (ID_Reservation, ID_Table, ArrivalTime, NumberOfPeople, Notes) VALUES (38, NULL, '10:29:32', 3, NULL);
INSERT INTO RESERVATION_ORDER (ID_Reservation, ID_Table, ArrivalTime, NumberOfPeople, Notes) VALUES (39, NULL, '05:30:42', 8, NULL);
INSERT INTO RESERVATION_ORDER (ID_Reservation, ID_Table, ArrivalTime, NumberOfPeople, Notes) VALUES (40, NULL, '08:50:26', 2, NULL);
