INSERT INTO AREA (ID_Area, AreaName) VALUES (1, 'East Alexandra');
INSERT INTO AREA (ID_Area, AreaName) VALUES (2, 'West Williamport');
INSERT INTO AREA (ID_Area, AreaName) VALUES (3, 'Dillonport');
INSERT INTO AREA (ID_Area, AreaName) VALUES (4, 'Larsonhaven');
INSERT INTO AREA (ID_Area, AreaName) VALUES (5, 'Port Robertville');
INSERT INTO DEPARTMENT (ID_Department, DepartmentName, Salary) VALUES (1, 'Management', 17000000);
INSERT INTO DEPARTMENT (ID_Department, DepartmentName, Salary) VALUES (2, 'Kitchen', 17500000);
INSERT INTO DEPARTMENT (ID_Department, DepartmentName, Salary) VALUES (3, 'Cleaning', 19000000);
INSERT INTO DEPARTMENT (ID_Department, DepartmentName, Salary) VALUES (4, 'Security', 12000000);
INSERT INTO DEPARTMENT (ID_Department, DepartmentName, Salary) VALUES (5, 'Reception', 8500000);
INSERT INTO DEPARTMENT (ID_Department, DepartmentName, Salary) VALUES (6, 'Accounting', 10500000);
INSERT INTO DEPARTMENT (ID_Department, DepartmentName, Salary) VALUES (7, 'Service', 9000000);
INSERT INTO EMPLOYEE (ID_Employee, EmployeeName, DoB, PhoneNumber, Gender, ID_Department) VALUES (1, 'Tracey Barron', '1988-06-07', '6148778869', 'F', 1);
INSERT INTO EMPLOYEE (ID_Employee, EmployeeName, DoB, PhoneNumber, Gender, ID_Department) VALUES (2, 'John Davis', '1986-08-11', '4337899302', 'M', 1);
INSERT INTO EMPLOYEE (ID_Employee, EmployeeName, DoB, PhoneNumber, Gender, ID_Department) VALUES (3, 'Jonathan Pratt', '2006-05-14', '4658184663', 'F', 1);
INSERT INTO EMPLOYEE (ID_Employee, EmployeeName, DoB, PhoneNumber, Gender, ID_Department) VALUES (4, 'Joshua Garcia', '2005-10-15', '6883715896', 'F', 1);
INSERT INTO EMPLOYEE (ID_Employee, EmployeeName, DoB, PhoneNumber, Gender, ID_Department) VALUES (5, 'Stephen Weiss', '1973-03-17', '4076406720', 'F', 1);
INSERT INTO EMPLOYEE (ID_Employee, EmployeeName, DoB, PhoneNumber, Gender, ID_Department) VALUES (6, 'Alejandro Neal', '1961-05-09', '6343530822', 'M', 1);
INSERT INTO EMPLOYEE (ID_Employee, EmployeeName, DoB, PhoneNumber, Gender, ID_Department) VALUES (7, 'Karen Moore', '1972-11-05', '5025037442', 'M', 1);
INSERT INTO EMPLOYEE (ID_Employee, EmployeeName, DoB, PhoneNumber, Gender, ID_Department) VALUES (8, 'Brandy Sloan', '1959-05-01', '7297369384', 'F', 1);
INSERT INTO EMPLOYEE (ID_Employee, EmployeeName, DoB, PhoneNumber, Gender, ID_Department) VALUES (9, 'Melissa Flores', '1983-08-11', '3311801851', 'M', 1);
INSERT INTO EMPLOYEE (ID_Employee, EmployeeName, DoB, PhoneNumber, Gender, ID_Department) VALUES (10, 'Ricardo Wilson', '2004-03-27', '6236478461', 'F', 1);
INSERT INTO EMPLOYEE (ID_Employee, EmployeeName, DoB, PhoneNumber, Gender, ID_Department) VALUES (11, 'David Michael', '1999-01-12', '4935314341', 'F', 1);
INSERT INTO EMPLOYEE (ID_Employee, EmployeeName, DoB, PhoneNumber, Gender, ID_Department) VALUES (12, 'Samuel Barron', '1997-07-07', '6072336667', 'M', 1);
INSERT INTO EMPLOYEE (ID_Employee, EmployeeName, DoB, PhoneNumber, Gender, ID_Department) VALUES (13, 'Dr. Mary Gregory', '1966-10-13', '3666011929', 'M', 1);
INSERT INTO EMPLOYEE (ID_Employee, EmployeeName, DoB, PhoneNumber, Gender, ID_Department) VALUES (14, 'Crystal Pittman', '1992-04-16', '4068530112', 'M', 1);
INSERT INTO EMPLOYEE (ID_Employee, EmployeeName, DoB, PhoneNumber, Gender, ID_Department) VALUES (15, 'Tom Lee', '1991-10-28', '7312039550', 'F', 1);
INSERT INTO EMPLOYEE (ID_Employee, EmployeeName, DoB, PhoneNumber, Gender, ID_Department) VALUES (16, 'Wesley Paul', '1984-04-09', '6512199567', 'F', 4);
INSERT INTO EMPLOYEE (ID_Employee, EmployeeName, DoB, PhoneNumber, Gender, ID_Department) VALUES (17, 'Scott Powers', '1972-09-12', '9302613124', 'M', 3);
INSERT INTO EMPLOYEE (ID_Employee, EmployeeName, DoB, PhoneNumber, Gender, ID_Department) VALUES (18, 'Diamond Jones', '1984-08-09', '7193670883', 'M', 3);
INSERT INTO EMPLOYEE (ID_Employee, EmployeeName, DoB, PhoneNumber, Gender, ID_Department) VALUES (19, 'Jonathan Morales', '1965-03-14', '9298125135', 'M', 6);
INSERT INTO EMPLOYEE (ID_Employee, EmployeeName, DoB, PhoneNumber, Gender, ID_Department) VALUES (20, 'Mitchell Riddle', '1990-11-12', '8314734047', 'F', 6);
INSERT INTO EMPLOYEE (ID_Employee, EmployeeName, DoB, PhoneNumber, Gender, ID_Department) VALUES (21, 'Mrs. Laura Reese MD', '2004-04-09', '0295541987', 'M', 5);
INSERT INTO EMPLOYEE (ID_Employee, EmployeeName, DoB, PhoneNumber, Gender, ID_Department) VALUES (22, 'Brittany Thomas', '1974-07-31', '3311552583', 'M', 4);
INSERT INTO EMPLOYEE (ID_Employee, EmployeeName, DoB, PhoneNumber, Gender, ID_Department) VALUES (23, 'Kayla Ponce', '1985-04-23', '2497399848', 'M', 2);
INSERT INTO EMPLOYEE (ID_Employee, EmployeeName, DoB, PhoneNumber, Gender, ID_Department) VALUES (24, 'David Bray', '1997-06-28', '9451346963', 'F', 6);
INSERT INTO EMPLOYEE (ID_Employee, EmployeeName, DoB, PhoneNumber, Gender, ID_Department) VALUES (25, 'Kevin Miller', '1974-06-25', '8218691879', 'F', 6);
INSERT INTO EMPLOYEE (ID_Employee, EmployeeName, DoB, PhoneNumber, Gender, ID_Department) VALUES (26, 'Samantha Schwartz', '1967-05-15', '0596524425', 'M', 4);
INSERT INTO EMPLOYEE (ID_Employee, EmployeeName, DoB, PhoneNumber, Gender, ID_Department) VALUES (27, 'Marc Crawford', '1994-10-02', '4138703017', 'M', 6);
INSERT INTO EMPLOYEE (ID_Employee, EmployeeName, DoB, PhoneNumber, Gender, ID_Department) VALUES (28, 'Daniel Davies', '1969-03-15', '4753092916', 'M', 6);
INSERT INTO EMPLOYEE (ID_Employee, EmployeeName, DoB, PhoneNumber, Gender, ID_Department) VALUES (29, 'Kelly Jackson', '1977-05-14', '1517422252', 'F', 2);
INSERT INTO EMPLOYEE (ID_Employee, EmployeeName, DoB, PhoneNumber, Gender, ID_Department) VALUES (30, 'Joseph Frost', '2001-06-03', '3669888821', 'F', 2);
INSERT INTO EMPLOYEE (ID_Employee, EmployeeName, DoB, PhoneNumber, Gender, ID_Department) VALUES (31, 'Patrick Allen', '1982-03-21', '1975758283', 'F', 5);
INSERT INTO EMPLOYEE (ID_Employee, EmployeeName, DoB, PhoneNumber, Gender, ID_Department) VALUES (32, 'Oscar Sandoval', '1973-05-13', '1957866849', 'F', 5);
INSERT INTO EMPLOYEE (ID_Employee, EmployeeName, DoB, PhoneNumber, Gender, ID_Department) VALUES (33, 'Brandon Johnson', '1989-06-01', '2507691857', 'M', 2);
INSERT INTO EMPLOYEE (ID_Employee, EmployeeName, DoB, PhoneNumber, Gender, ID_Department) VALUES (34, 'Adam Jones', '1968-12-17', '7400546611', 'F', 5);
INSERT INTO EMPLOYEE (ID_Employee, EmployeeName, DoB, PhoneNumber, Gender, ID_Department) VALUES (35, 'Christopher Erickson', '1985-05-11', '0618533676', 'M', 3);
INSERT INTO EMPLOYEE (ID_Employee, EmployeeName, DoB, PhoneNumber, Gender, ID_Department) VALUES (36, 'Yolanda Herrera', '1965-06-17', '8283764087', 'F', 2);
INSERT INTO EMPLOYEE (ID_Employee, EmployeeName, DoB, PhoneNumber, Gender, ID_Department) VALUES (37, 'Alexandra Shelton', '2002-05-28', '7692647379', 'F', 5);
INSERT INTO EMPLOYEE (ID_Employee, EmployeeName, DoB, PhoneNumber, Gender, ID_Department) VALUES (38, 'Christopher Gibson', '1960-05-06', '9454125237', 'F', 5);
INSERT INTO EMPLOYEE (ID_Employee, EmployeeName, DoB, PhoneNumber, Gender, ID_Department) VALUES (39, 'Mrs. Susan Pratt', '2000-09-26', '4034562028', 'F', 3);
INSERT INTO EMPLOYEE (ID_Employee, EmployeeName, DoB, PhoneNumber, Gender, ID_Department) VALUES (40, 'Sherri Harris', '1965-04-15', '1759457612', 'M', 2);
INSERT INTO EMPLOYEE (ID_Employee, EmployeeName, DoB, PhoneNumber, Gender, ID_Department) VALUES (41, 'Kimberly Hughes', '2003-05-06', '3217978426', 'F', 4);
INSERT INTO EMPLOYEE (ID_Employee, EmployeeName, DoB, PhoneNumber, Gender, ID_Department) VALUES (42, 'Joshua Adams', '1985-12-14', '5936563003', 'M', 2);
INSERT INTO EMPLOYEE (ID_Employee, EmployeeName, DoB, PhoneNumber, Gender, ID_Department) VALUES (43, 'James Allen', '1966-07-14', '5031482762', 'F', 3);
INSERT INTO EMPLOYEE (ID_Employee, EmployeeName, DoB, PhoneNumber, Gender, ID_Department) VALUES (44, 'Jason Lewis', '1980-11-19', '6712451215', 'M', 3);
INSERT INTO EMPLOYEE (ID_Employee, EmployeeName, DoB, PhoneNumber, Gender, ID_Department) VALUES (45, 'Thomas Watkins', '1996-06-07', '4977098558', 'F', 6);
INSERT INTO EMPLOYEE (ID_Employee, EmployeeName, DoB, PhoneNumber, Gender, ID_Department) VALUES (46, 'Ms. Cassandra Phillips', '1984-01-19', '4628135656', 'F', 2);
INSERT INTO EMPLOYEE (ID_Employee, EmployeeName, DoB, PhoneNumber, Gender, ID_Department) VALUES (47, 'Carol Perez', '2002-09-07', '9165906800', 'M', 6);
INSERT INTO EMPLOYEE (ID_Employee, EmployeeName, DoB, PhoneNumber, Gender, ID_Department) VALUES (48, 'Maria Bell', '1966-07-24', '9555082591', 'M', 6);
INSERT INTO EMPLOYEE (ID_Employee, EmployeeName, DoB, PhoneNumber, Gender, ID_Department) VALUES (49, 'Desiree Gillespie', '1980-03-27', '2857177267', 'F', 7);
INSERT INTO EMPLOYEE (ID_Employee, EmployeeName, DoB, PhoneNumber, Gender, ID_Department) VALUES (50, 'Bradley Petty', '1982-05-10', '7065477947', 'F', 5);
INSERT INTO EMPLOYEE (ID_Employee, EmployeeName, DoB, PhoneNumber, Gender, ID_Department) VALUES (51, 'Jennifer Bennett', '1965-09-02', '1942823312', 'M', 4);
INSERT INTO EMPLOYEE (ID_Employee, EmployeeName, DoB, PhoneNumber, Gender, ID_Department) VALUES (52, 'Phillip Cervantes', '1959-05-22', '7796484399', 'F', 4);
INSERT INTO EMPLOYEE (ID_Employee, EmployeeName, DoB, PhoneNumber, Gender, ID_Department) VALUES (53, 'Jeremy Zamora', '1993-08-24', '9124099503', 'F', 6);
INSERT INTO EMPLOYEE (ID_Employee, EmployeeName, DoB, PhoneNumber, Gender, ID_Department) VALUES (54, 'Christine Smith MD', '1984-03-23', '0990552364', 'M', 4);
INSERT INTO EMPLOYEE (ID_Employee, EmployeeName, DoB, PhoneNumber, Gender, ID_Department) VALUES (55, 'Rebecca Berger', '1994-06-22', '4890017601', 'F', 2);
INSERT INTO EMPLOYEE (ID_Employee, EmployeeName, DoB, PhoneNumber, Gender, ID_Department) VALUES (56, 'Cassandra Rodriguez', '1985-08-04', '9947545204', 'F', 2);
INSERT INTO EMPLOYEE (ID_Employee, EmployeeName, DoB, PhoneNumber, Gender, ID_Department) VALUES (57, 'Tony Johnson', '1971-09-24', '8437085013', 'M', 3);
INSERT INTO EMPLOYEE (ID_Employee, EmployeeName, DoB, PhoneNumber, Gender, ID_Department) VALUES (58, 'Katherine Walker', '1969-06-01', '7788966522', 'F', 2);
INSERT INTO EMPLOYEE (ID_Employee, EmployeeName, DoB, PhoneNumber, Gender, ID_Department) VALUES (59, 'Sylvia Campbell', '2002-04-22', '9536286124', 'F', 2);
INSERT INTO EMPLOYEE (ID_Employee, EmployeeName, DoB, PhoneNumber, Gender, ID_Department) VALUES (60, 'David Brown', '1994-08-10', '3631697216', 'M', 6);
INSERT INTO EMPLOYEE (ID_Employee, EmployeeName, DoB, PhoneNumber, Gender, ID_Department) VALUES (61, 'Rachel Jenkins', '1992-05-20', '8781890769', 'F', 7);
INSERT INTO EMPLOYEE (ID_Employee, EmployeeName, DoB, PhoneNumber, Gender, ID_Department) VALUES (62, 'Brian Moore', '1993-12-04', '0824541331', 'F', 6);
INSERT INTO EMPLOYEE (ID_Employee, EmployeeName, DoB, PhoneNumber, Gender, ID_Department) VALUES (63, 'Bobby Patel', '1975-01-03', '8126914384', 'F', 6);
INSERT INTO EMPLOYEE (ID_Employee, EmployeeName, DoB, PhoneNumber, Gender, ID_Department) VALUES (64, 'Barbara Fisher', '1982-04-16', '7367379815', 'M', 4);
INSERT INTO EMPLOYEE (ID_Employee, EmployeeName, DoB, PhoneNumber, Gender, ID_Department) VALUES (65, 'Frank Johnson', '1969-10-27', '0685171551', 'F', 5);
INSERT INTO EMPLOYEE (ID_Employee, EmployeeName, DoB, PhoneNumber, Gender, ID_Department) VALUES (66, 'Jeffery Martin', '1972-07-06', '9585311221', 'M', 6);
INSERT INTO EMPLOYEE (ID_Employee, EmployeeName, DoB, PhoneNumber, Gender, ID_Department) VALUES (67, 'Aaron Prince', '1969-11-06', '2233135537', 'F', 7);
INSERT INTO EMPLOYEE (ID_Employee, EmployeeName, DoB, PhoneNumber, Gender, ID_Department) VALUES (68, 'Kimberly Hall', '1998-07-28', '9466737546', 'F', 3);
INSERT INTO EMPLOYEE (ID_Employee, EmployeeName, DoB, PhoneNumber, Gender, ID_Department) VALUES (69, 'Julia Cordova', '1959-05-11', '2015573175', 'F', 6);
INSERT INTO EMPLOYEE (ID_Employee, EmployeeName, DoB, PhoneNumber, Gender, ID_Department) VALUES (70, 'Bobby Harper', '1961-07-16', '7296684084', 'F', 4);
INSERT INTO EMPLOYEE (ID_Employee, EmployeeName, DoB, PhoneNumber, Gender, ID_Department) VALUES (71, 'Tara Kim', '1983-03-22', '6561860371', 'M', 4);
INSERT INTO EMPLOYEE (ID_Employee, EmployeeName, DoB, PhoneNumber, Gender, ID_Department) VALUES (72, 'Kevin Tran', '1997-05-13', '8699667836', 'M', 6);
INSERT INTO EMPLOYEE (ID_Employee, EmployeeName, DoB, PhoneNumber, Gender, ID_Department) VALUES (73, 'Manuel Collins', '1981-02-22', '9560329758', 'M', 6);
INSERT INTO EMPLOYEE (ID_Employee, EmployeeName, DoB, PhoneNumber, Gender, ID_Department) VALUES (74, 'Stacey Lewis', '1988-10-01', '6996883899', 'M', 2);
INSERT INTO EMPLOYEE (ID_Employee, EmployeeName, DoB, PhoneNumber, Gender, ID_Department) VALUES (75, 'Nichole Carr', '1997-04-02', '2793756819', 'F', 5);
INSERT INTO EMPLOYEE (ID_Employee, EmployeeName, DoB, PhoneNumber, Gender, ID_Department) VALUES (76, 'Sarah Garza MD', '1965-12-08', '0341010499', 'F', 2);
INSERT INTO EMPLOYEE (ID_Employee, EmployeeName, DoB, PhoneNumber, Gender, ID_Department) VALUES (77, 'Natalie Shepherd', '1967-03-02', '5392023849', 'F', 7);
INSERT INTO EMPLOYEE (ID_Employee, EmployeeName, DoB, PhoneNumber, Gender, ID_Department) VALUES (78, 'Tyrone Wells', '2004-10-03', '3965954432', 'M', 6);
INSERT INTO EMPLOYEE (ID_Employee, EmployeeName, DoB, PhoneNumber, Gender, ID_Department) VALUES (79, 'Austin Lee', '1966-12-27', '7171964899', 'M', 4);
INSERT INTO EMPLOYEE (ID_Employee, EmployeeName, DoB, PhoneNumber, Gender, ID_Department) VALUES (80, 'Garrett Irwin', '1986-10-10', '3697508906', 'F', 6);
INSERT INTO EMPLOYEE (ID_Employee, EmployeeName, DoB, PhoneNumber, Gender, ID_Department) VALUES (81, 'Sarah Nicholson', '1984-09-14', '0928188081', 'F', 3);
INSERT INTO EMPLOYEE (ID_Employee, EmployeeName, DoB, PhoneNumber, Gender, ID_Department) VALUES (82, 'Jacqueline Lopez', '1975-09-13', '6466737664', 'M', 2);
INSERT INTO EMPLOYEE (ID_Employee, EmployeeName, DoB, PhoneNumber, Gender, ID_Department) VALUES (83, 'Megan Hernandez', '1997-01-27', '6483967063', 'M', 6);
INSERT INTO EMPLOYEE (ID_Employee, EmployeeName, DoB, PhoneNumber, Gender, ID_Department) VALUES (84, 'Chad Caldwell', '1987-02-26', '8540722687', 'F', 4);
INSERT INTO EMPLOYEE (ID_Employee, EmployeeName, DoB, PhoneNumber, Gender, ID_Department) VALUES (85, 'Anthony Davis', '2001-05-18', '3021384922', 'F', 5);
INSERT INTO EMPLOYEE (ID_Employee, EmployeeName, DoB, PhoneNumber, Gender, ID_Department) VALUES (86, 'Ronald Norman', '1992-09-26', '5973045513', 'M', 2);
INSERT INTO EMPLOYEE (ID_Employee, EmployeeName, DoB, PhoneNumber, Gender, ID_Department) VALUES (87, 'Brandy Brock', '1959-07-25', '8139955711', 'F', 6);
INSERT INTO EMPLOYEE (ID_Employee, EmployeeName, DoB, PhoneNumber, Gender, ID_Department) VALUES (88, 'James Hansen', '1994-01-20', '0955935705', 'M', 5);
INSERT INTO EMPLOYEE (ID_Employee, EmployeeName, DoB, PhoneNumber, Gender, ID_Department) VALUES (89, 'Seth Williams', '1985-01-13', '6083565802', 'F', 6);
INSERT INTO EMPLOYEE (ID_Employee, EmployeeName, DoB, PhoneNumber, Gender, ID_Department) VALUES (90, 'Kayla Kent', '1979-12-25', '6976086720', 'M', 6);
INSERT INTO EMPLOYEE (ID_Employee, EmployeeName, DoB, PhoneNumber, Gender, ID_Department) VALUES (91, 'Kim Perez', '1986-08-17', '6093759609', 'M', 5);
INSERT INTO EMPLOYEE (ID_Employee, EmployeeName, DoB, PhoneNumber, Gender, ID_Department) VALUES (92, 'Lisa Reed', '1963-08-31', '8039673805', 'F', 4);
INSERT INTO EMPLOYEE (ID_Employee, EmployeeName, DoB, PhoneNumber, Gender, ID_Department) VALUES (93, 'Kyle Campbell', '2004-06-30', '8207269884', 'M', 3);
INSERT INTO EMPLOYEE (ID_Employee, EmployeeName, DoB, PhoneNumber, Gender, ID_Department) VALUES (94, 'Brian Miller', '1971-07-28', '4326252243', 'F', 5);
INSERT INTO EMPLOYEE (ID_Employee, EmployeeName, DoB, PhoneNumber, Gender, ID_Department) VALUES (95, 'Michael Tanner', '2003-11-29', '0842065694', 'F', 3);
INSERT INTO EMPLOYEE (ID_Employee, EmployeeName, DoB, PhoneNumber, Gender, ID_Department) VALUES (96, 'Carrie James', '1967-06-05', '6806078048', 'F', 6);
INSERT INTO EMPLOYEE (ID_Employee, EmployeeName, DoB, PhoneNumber, Gender, ID_Department) VALUES (97, 'Dr. Nicole Jackson', '1989-12-21', '1496219669', 'M', 6);
INSERT INTO EMPLOYEE (ID_Employee, EmployeeName, DoB, PhoneNumber, Gender, ID_Department) VALUES (98, 'Adam Lawson', '1972-07-04', '4111046238', 'F', 4);
INSERT INTO EMPLOYEE (ID_Employee, EmployeeName, DoB, PhoneNumber, Gender, ID_Department) VALUES (99, 'Pamela Calhoun', '1968-01-22', '0304350220', 'F', 6);
INSERT INTO EMPLOYEE (ID_Employee, EmployeeName, DoB, PhoneNumber, Gender, ID_Department) VALUES (100, 'Luis Ayala', '1959-03-06', '3515398611', 'M', 5);
INSERT INTO EMPLOYEE (ID_Employee, EmployeeName, DoB, PhoneNumber, Gender, ID_Department) VALUES (101, 'Allen Buck', '1967-11-22', '2155388948', 'M', 7);
INSERT INTO EMPLOYEE (ID_Employee, EmployeeName, DoB, PhoneNumber, Gender, ID_Department) VALUES (102, 'Matthew Reed', '1992-02-07', '0109834392', 'M', 5);
INSERT INTO EMPLOYEE (ID_Employee, EmployeeName, DoB, PhoneNumber, Gender, ID_Department) VALUES (103, 'Michael Ortiz', '1972-03-22', '4787532343', 'F', 5);
INSERT INTO EMPLOYEE (ID_Employee, EmployeeName, DoB, PhoneNumber, Gender, ID_Department) VALUES (104, 'Ashley Cox', '1986-08-20', '5223812678', 'F', 4);
INSERT INTO EMPLOYEE (ID_Employee, EmployeeName, DoB, PhoneNumber, Gender, ID_Department) VALUES (105, 'Lynn Coffey', '1976-09-11', '5375891135', 'M', 5);
INSERT INTO EMPLOYEE (ID_Employee, EmployeeName, DoB, PhoneNumber, Gender, ID_Department) VALUES (106, 'Jennifer Rodriguez', '1988-04-08', '2321085027', 'M', 2);
INSERT INTO EMPLOYEE (ID_Employee, EmployeeName, DoB, PhoneNumber, Gender, ID_Department) VALUES (107, 'David Frazier', '1966-07-17', '2613677188', 'F', 4);
INSERT INTO EMPLOYEE (ID_Employee, EmployeeName, DoB, PhoneNumber, Gender, ID_Department) VALUES (108, 'Sheila Campbell', '1975-03-05', '6552362729', 'M', 3);
INSERT INTO EMPLOYEE (ID_Employee, EmployeeName, DoB, PhoneNumber, Gender, ID_Department) VALUES (109, 'Anna Adams', '1978-05-28', '0795044508', 'M', 3);
INSERT INTO EMPLOYEE (ID_Employee, EmployeeName, DoB, PhoneNumber, Gender, ID_Department) VALUES (110, 'Kathleen Burke', '2001-09-29', '9283575333', 'F', 3);
INSERT INTO EMPLOYEE (ID_Employee, EmployeeName, DoB, PhoneNumber, Gender, ID_Department) VALUES (111, 'Peter Hoffman', '1960-08-28', '5117942490', 'F', 5);
INSERT INTO EMPLOYEE (ID_Employee, EmployeeName, DoB, PhoneNumber, Gender, ID_Department) VALUES (112, 'Hannah Hendrix', '1993-01-12', '4203995327', 'M', 7);
INSERT INTO EMPLOYEE (ID_Employee, EmployeeName, DoB, PhoneNumber, Gender, ID_Department) VALUES (113, 'Keith Jones', '1977-09-03', '2082109928', 'M', 3);
INSERT INTO EMPLOYEE (ID_Employee, EmployeeName, DoB, PhoneNumber, Gender, ID_Department) VALUES (114, 'Austin Allen', '2005-08-10', '3854139971', 'F', 5);
INSERT INTO EMPLOYEE (ID_Employee, EmployeeName, DoB, PhoneNumber, Gender, ID_Department) VALUES (115, 'Danielle Bentley', '2001-08-28', '3110223016', 'F', 2);
INSERT INTO EMPLOYEE (ID_Employee, EmployeeName, DoB, PhoneNumber, Gender, ID_Department) VALUES (116, 'Suzanne Diaz', '1980-12-23', '1750956826', 'M', 2);
INSERT INTO EMPLOYEE (ID_Employee, EmployeeName, DoB, PhoneNumber, Gender, ID_Department) VALUES (117, 'Samuel Olson', '2005-03-08', '4025070426', 'M', 7);
INSERT INTO EMPLOYEE (ID_Employee, EmployeeName, DoB, PhoneNumber, Gender, ID_Department) VALUES (118, 'Stephanie Knight', '1993-08-11', '2476618372', 'M', 2);
INSERT INTO EMPLOYEE (ID_Employee, EmployeeName, DoB, PhoneNumber, Gender, ID_Department) VALUES (119, 'Amy Mendez', '1972-04-05', '5839815360', 'F', 6);
INSERT INTO EMPLOYEE (ID_Employee, EmployeeName, DoB, PhoneNumber, Gender, ID_Department) VALUES (120, 'Gary Medina', '1985-11-16', '3314844250', 'F', 4);
INSERT INTO EMPLOYEE (ID_Employee, EmployeeName, DoB, PhoneNumber, Gender, ID_Department) VALUES (121, 'Mindy Gonzalez', '1963-10-14', '1134798687', 'F', 4);
INSERT INTO EMPLOYEE (ID_Employee, EmployeeName, DoB, PhoneNumber, Gender, ID_Department) VALUES (122, 'Jillian Dunn', '1985-03-02', '8007689897', 'F', 2);
INSERT INTO EMPLOYEE (ID_Employee, EmployeeName, DoB, PhoneNumber, Gender, ID_Department) VALUES (123, 'Ryan Cherry', '1992-10-23', '6119273381', 'F', 2);
INSERT INTO EMPLOYEE (ID_Employee, EmployeeName, DoB, PhoneNumber, Gender, ID_Department) VALUES (124, 'Kevin Valenzuela', '1965-06-27', '4631666873', 'M', 4);
INSERT INTO EMPLOYEE (ID_Employee, EmployeeName, DoB, PhoneNumber, Gender, ID_Department) VALUES (125, 'Rita Dixon', '1980-05-25', '2347601937', 'M', 3);
INSERT INTO EMPLOYEE (ID_Employee, EmployeeName, DoB, PhoneNumber, Gender, ID_Department) VALUES (126, 'Carlos Perez', '1983-12-05', '4167133362', 'M', 7);
INSERT INTO EMPLOYEE (ID_Employee, EmployeeName, DoB, PhoneNumber, Gender, ID_Department) VALUES (127, 'James Lewis', '1997-12-04', '7076970416', 'M', 2);
INSERT INTO EMPLOYEE (ID_Employee, EmployeeName, DoB, PhoneNumber, Gender, ID_Department) VALUES (128, 'Kylie Christian', '1970-07-02', '9990216120', 'F', 7);
INSERT INTO EMPLOYEE (ID_Employee, EmployeeName, DoB, PhoneNumber, Gender, ID_Department) VALUES (129, 'David Lawrence', '2004-06-06', '0862747405', 'M', 2);
INSERT INTO EMPLOYEE (ID_Employee, EmployeeName, DoB, PhoneNumber, Gender, ID_Department) VALUES (130, 'Ronnie Davis', '1988-03-20', '9666768243', 'M', 2);
INSERT INTO EMPLOYEE (ID_Employee, EmployeeName, DoB, PhoneNumber, Gender, ID_Department) VALUES (131, 'Tyler Contreras', '1966-10-10', '1478259017', 'M', 6);
INSERT INTO EMPLOYEE (ID_Employee, EmployeeName, DoB, PhoneNumber, Gender, ID_Department) VALUES (132, 'Brian Smith', '1986-12-09', '0834880775', 'M', 5);
INSERT INTO EMPLOYEE (ID_Employee, EmployeeName, DoB, PhoneNumber, Gender, ID_Department) VALUES (133, 'Susan Wilkins', '1959-04-08', '6532162019', 'F', 6);
INSERT INTO EMPLOYEE (ID_Employee, EmployeeName, DoB, PhoneNumber, Gender, ID_Department) VALUES (134, 'April Hall', '1992-04-16', '5763839638', 'M', 7);
INSERT INTO EMPLOYEE (ID_Employee, EmployeeName, DoB, PhoneNumber, Gender, ID_Department) VALUES (135, 'Michelle Weber', '1978-04-19', '1981281858', 'M', 7);
INSERT INTO EMPLOYEE (ID_Employee, EmployeeName, DoB, PhoneNumber, Gender, ID_Department) VALUES (136, 'Michael Nelson', '1999-05-26', '1673964681', 'F', 6);
INSERT INTO EMPLOYEE (ID_Employee, EmployeeName, DoB, PhoneNumber, Gender, ID_Department) VALUES (137, 'Jonathan Anderson', '1991-05-02', '9217643470', 'M', 4);
INSERT INTO EMPLOYEE (ID_Employee, EmployeeName, DoB, PhoneNumber, Gender, ID_Department) VALUES (138, 'Nicole Keith', '1999-03-23', '1120591580', 'F', 3);
INSERT INTO EMPLOYEE (ID_Employee, EmployeeName, DoB, PhoneNumber, Gender, ID_Department) VALUES (139, 'Bobby Clark', '1979-04-03', '3502824650', 'F', 2);
INSERT INTO EMPLOYEE (ID_Employee, EmployeeName, DoB, PhoneNumber, Gender, ID_Department) VALUES (140, 'Jenna Miller', '2000-08-25', '3631340721', 'M', 3);
INSERT INTO EMPLOYEE (ID_Employee, EmployeeName, DoB, PhoneNumber, Gender, ID_Department) VALUES (141, 'Sheila Meyers', '2006-07-04', '7418012918', 'M', 4);
INSERT INTO EMPLOYEE (ID_Employee, EmployeeName, DoB, PhoneNumber, Gender, ID_Department) VALUES (142, 'Christopher Hill', '1971-05-08', '2651715341', 'M', 7);
INSERT INTO EMPLOYEE (ID_Employee, EmployeeName, DoB, PhoneNumber, Gender, ID_Department) VALUES (143, 'Gregg Cruz', '1993-12-27', '1037695235', 'M', 5);
INSERT INTO EMPLOYEE (ID_Employee, EmployeeName, DoB, PhoneNumber, Gender, ID_Department) VALUES (144, 'Danielle Ramsey', '1974-10-29', '2850089640', 'M', 6);
INSERT INTO EMPLOYEE (ID_Employee, EmployeeName, DoB, PhoneNumber, Gender, ID_Department) VALUES (145, 'David Fischer', '1973-02-06', '3676679808', 'F', 2);
INSERT INTO EMPLOYEE (ID_Employee, EmployeeName, DoB, PhoneNumber, Gender, ID_Department) VALUES (146, 'Laura Lee', '1986-04-13', '0976877408', 'F', 3);
INSERT INTO EMPLOYEE (ID_Employee, EmployeeName, DoB, PhoneNumber, Gender, ID_Department) VALUES (147, 'Christopher Graham', '2004-11-11', '7953251822', 'M', 5);
INSERT INTO EMPLOYEE (ID_Employee, EmployeeName, DoB, PhoneNumber, Gender, ID_Department) VALUES (148, 'David Roberts', '2004-01-24', '1653029456', 'M', 4);
INSERT INTO EMPLOYEE (ID_Employee, EmployeeName, DoB, PhoneNumber, Gender, ID_Department) VALUES (149, 'Andrea Perez', '1976-04-23', '7965653700', 'M', 3);
INSERT INTO EMPLOYEE (ID_Employee, EmployeeName, DoB, PhoneNumber, Gender, ID_Department) VALUES (150, 'Joshua West', '1990-12-28', '2844700706', 'M', 7);
INSERT INTO EMPLOYEE (ID_Employee, EmployeeName, DoB, PhoneNumber, Gender, ID_Department) VALUES (151, 'James Martin', '1989-04-20', '2875602696', 'M', 5);
INSERT INTO EMPLOYEE (ID_Employee, EmployeeName, DoB, PhoneNumber, Gender, ID_Department) VALUES (152, 'Bryan Murphy', '1981-10-30', '0390972485', 'F', 5);
INSERT INTO EMPLOYEE (ID_Employee, EmployeeName, DoB, PhoneNumber, Gender, ID_Department) VALUES (153, 'Rebecca Shepherd', '1971-11-19', '5904042619', 'M', 7);
INSERT INTO EMPLOYEE (ID_Employee, EmployeeName, DoB, PhoneNumber, Gender, ID_Department) VALUES (154, 'Mary Spencer', '1962-06-11', '9391089028', 'F', 7);
INSERT INTO EMPLOYEE (ID_Employee, EmployeeName, DoB, PhoneNumber, Gender, ID_Department) VALUES (155, 'Jessica Miller', '1992-05-05', '5609531616', 'F', 7);
INSERT INTO EMPLOYEE (ID_Employee, EmployeeName, DoB, PhoneNumber, Gender, ID_Department) VALUES (156, 'Gordon Chandler', '1975-02-12', '2962837635', 'F', 3);
INSERT INTO EMPLOYEE (ID_Employee, EmployeeName, DoB, PhoneNumber, Gender, ID_Department) VALUES (157, 'Ivan Roberts', '2004-01-26', '6989056368', 'F', 2);
INSERT INTO EMPLOYEE (ID_Employee, EmployeeName, DoB, PhoneNumber, Gender, ID_Department) VALUES (158, 'Jacob Combs', '1976-01-31', '4095890893', 'M', 3);
INSERT INTO EMPLOYEE (ID_Employee, EmployeeName, DoB, PhoneNumber, Gender, ID_Department) VALUES (159, 'Deborah Mcdaniel', '1996-05-19', '8495414286', 'F', 6);
INSERT INTO EMPLOYEE (ID_Employee, EmployeeName, DoB, PhoneNumber, Gender, ID_Department) VALUES (160, 'Alyssa Rose', '1970-02-02', '3195510342', 'M', 5);
INSERT INTO EMPLOYEE (ID_Employee, EmployeeName, DoB, PhoneNumber, Gender, ID_Department) VALUES (161, 'Brandy Conley', '1991-11-12', '3621406889', 'M', 7);
INSERT INTO EMPLOYEE (ID_Employee, EmployeeName, DoB, PhoneNumber, Gender, ID_Department) VALUES (162, 'Brenda Reese', '1995-03-10', '6013841284', 'M', 7);
INSERT INTO EMPLOYEE (ID_Employee, EmployeeName, DoB, PhoneNumber, Gender, ID_Department) VALUES (163, 'Dr. Billy Jones', '1986-05-06', '9651113767', 'F', 3);
INSERT INTO EMPLOYEE (ID_Employee, EmployeeName, DoB, PhoneNumber, Gender, ID_Department) VALUES (164, 'Natasha Bowen', '2002-12-07', '6113957774', 'M', 2);
INSERT INTO EMPLOYEE (ID_Employee, EmployeeName, DoB, PhoneNumber, Gender, ID_Department) VALUES (165, 'Kyle Russell', '1986-04-20', '1914357504', 'M', 6);
INSERT INTO EMPLOYEE (ID_Employee, EmployeeName, DoB, PhoneNumber, Gender, ID_Department) VALUES (166, 'Jennifer Walter', '1968-06-11', '9222162449', 'M', 6);
INSERT INTO EMPLOYEE (ID_Employee, EmployeeName, DoB, PhoneNumber, Gender, ID_Department) VALUES (167, 'Sabrina Johnson', '1973-12-16', '7446053467', 'F', 2);
INSERT INTO EMPLOYEE (ID_Employee, EmployeeName, DoB, PhoneNumber, Gender, ID_Department) VALUES (168, 'Tommy Castillo', '1967-05-17', '8799059412', 'M', 6);
INSERT INTO EMPLOYEE (ID_Employee, EmployeeName, DoB, PhoneNumber, Gender, ID_Department) VALUES (169, 'Brandon Nelson', '1964-04-21', '2174296846', 'F', 2);
INSERT INTO EMPLOYEE (ID_Employee, EmployeeName, DoB, PhoneNumber, Gender, ID_Department) VALUES (170, 'Justin Reeves', '1984-08-11', '0608382079', 'F', 3);
INSERT INTO EMPLOYEE (ID_Employee, EmployeeName, DoB, PhoneNumber, Gender, ID_Department) VALUES (171, 'Bernard Smith', '1981-10-04', '5540528013', 'M', 6);
INSERT INTO EMPLOYEE (ID_Employee, EmployeeName, DoB, PhoneNumber, Gender, ID_Department) VALUES (172, 'Shannon Rivera', '1967-11-29', '9605866647', 'F', 7);
INSERT INTO EMPLOYEE (ID_Employee, EmployeeName, DoB, PhoneNumber, Gender, ID_Department) VALUES (173, 'Stacy Lewis', '1984-05-16', '1167397464', 'F', 7);
INSERT INTO EMPLOYEE (ID_Employee, EmployeeName, DoB, PhoneNumber, Gender, ID_Department) VALUES (174, 'Patrick Wood', '1973-05-15', '7798573865', 'F', 4);
INSERT INTO EMPLOYEE (ID_Employee, EmployeeName, DoB, PhoneNumber, Gender, ID_Department) VALUES (175, 'Kathryn Bennett', '1975-09-20', '6570093723', 'M', 2);
INSERT INTO EMPLOYEE (ID_Employee, EmployeeName, DoB, PhoneNumber, Gender, ID_Department) VALUES (176, 'Stephen Sanders', '1960-11-08', '5731945173', 'M', 3);
INSERT INTO EMPLOYEE (ID_Employee, EmployeeName, DoB, PhoneNumber, Gender, ID_Department) VALUES (177, 'Elizabeth Porter', '1997-03-03', '5073968850', 'M', 3);
INSERT INTO EMPLOYEE (ID_Employee, EmployeeName, DoB, PhoneNumber, Gender, ID_Department) VALUES (178, 'Benjamin Cole', '1989-06-15', '9952856785', 'F', 5);
INSERT INTO EMPLOYEE (ID_Employee, EmployeeName, DoB, PhoneNumber, Gender, ID_Department) VALUES (179, 'Brittany Garcia PhD', '2005-04-11', '5997430912', 'M', 2);
INSERT INTO EMPLOYEE (ID_Employee, EmployeeName, DoB, PhoneNumber, Gender, ID_Department) VALUES (180, 'Katie Bishop', '1965-04-25', '6758692182', 'M', 5);
INSERT INTO EMPLOYEE (ID_Employee, EmployeeName, DoB, PhoneNumber, Gender, ID_Department) VALUES (181, 'Jennifer Gonzalez', '1989-07-10', '7114745516', 'M', 6);
INSERT INTO EMPLOYEE (ID_Employee, EmployeeName, DoB, PhoneNumber, Gender, ID_Department) VALUES (182, 'Amanda King', '1981-12-24', '8764627872', 'F', 4);
INSERT INTO EMPLOYEE (ID_Employee, EmployeeName, DoB, PhoneNumber, Gender, ID_Department) VALUES (183, 'Jessica Pugh', '1998-03-15', '8616741252', 'F', 4);
INSERT INTO EMPLOYEE (ID_Employee, EmployeeName, DoB, PhoneNumber, Gender, ID_Department) VALUES (184, 'Steven Adams', '1962-02-26', '4792134284', 'M', 7);
INSERT INTO EMPLOYEE (ID_Employee, EmployeeName, DoB, PhoneNumber, Gender, ID_Department) VALUES (185, 'Veronica Lynch', '1968-06-12', '6884890037', 'M', 6);
INSERT INTO EMPLOYEE (ID_Employee, EmployeeName, DoB, PhoneNumber, Gender, ID_Department) VALUES (186, 'Joseph Harris', '1989-01-27', '5604105293', 'M', 4);
INSERT INTO EMPLOYEE (ID_Employee, EmployeeName, DoB, PhoneNumber, Gender, ID_Department) VALUES (187, 'James Lewis', '1980-11-13', '8728705956', 'F', 7);
INSERT INTO EMPLOYEE (ID_Employee, EmployeeName, DoB, PhoneNumber, Gender, ID_Department) VALUES (188, 'Joe Fitzgerald', '2004-02-24', '6560697846', 'F', 2);
INSERT INTO EMPLOYEE (ID_Employee, EmployeeName, DoB, PhoneNumber, Gender, ID_Department) VALUES (189, 'Adrian Miller', '1985-04-20', '4748052188', 'M', 7);
INSERT INTO EMPLOYEE (ID_Employee, EmployeeName, DoB, PhoneNumber, Gender, ID_Department) VALUES (190, 'Richard Roberson', '1963-11-30', '7744695322', 'M', 7);
INSERT INTO EMPLOYEE (ID_Employee, EmployeeName, DoB, PhoneNumber, Gender, ID_Department) VALUES (191, 'John Williamson', '1988-09-02', '3721229727', 'M', 6);
INSERT INTO EMPLOYEE (ID_Employee, EmployeeName, DoB, PhoneNumber, Gender, ID_Department) VALUES (192, 'Andrew Fitzpatrick', '1966-10-30', '5849301436', 'M', 3);
INSERT INTO EMPLOYEE (ID_Employee, EmployeeName, DoB, PhoneNumber, Gender, ID_Department) VALUES (193, 'David Pratt', '1972-03-03', '1543240255', 'M', 7);
INSERT INTO EMPLOYEE (ID_Employee, EmployeeName, DoB, PhoneNumber, Gender, ID_Department) VALUES (194, 'Mrs. Jennifer Aguilar DVM', '1977-11-01', '5228840332', 'M', 3);
INSERT INTO EMPLOYEE (ID_Employee, EmployeeName, DoB, PhoneNumber, Gender, ID_Department) VALUES (195, 'Diana Cole', '1967-03-09', '2275886490', 'F', 5);
INSERT INTO EMPLOYEE (ID_Employee, EmployeeName, DoB, PhoneNumber, Gender, ID_Department) VALUES (196, 'Kimberly Martin', '1972-10-12', '8583133834', 'F', 3);
INSERT INTO EMPLOYEE (ID_Employee, EmployeeName, DoB, PhoneNumber, Gender, ID_Department) VALUES (197, 'Kevin Sanchez', '2000-03-03', '3975396023', 'F', 4);
INSERT INTO EMPLOYEE (ID_Employee, EmployeeName, DoB, PhoneNumber, Gender, ID_Department) VALUES (198, 'Jessica Whitehead', '1993-05-04', '3749593434', 'M', 6);
INSERT INTO EMPLOYEE (ID_Employee, EmployeeName, DoB, PhoneNumber, Gender, ID_Department) VALUES (199, 'Christian Kelley', '1990-01-04', '0162411983', 'F', 6);
INSERT INTO EMPLOYEE (ID_Employee, EmployeeName, DoB, PhoneNumber, Gender, ID_Department) VALUES (200, 'Carolyn Mendez', '1994-06-19', '5730557375', 'F', 4);
INSERT INTO EMPLOYEE (ID_Employee, EmployeeName, DoB, PhoneNumber, Gender, ID_Department) VALUES (201, 'Kimberly Olson', '1977-02-23', '2590286333', 'F', 6);
INSERT INTO EMPLOYEE (ID_Employee, EmployeeName, DoB, PhoneNumber, Gender, ID_Department) VALUES (202, 'Paul Gilbert', '1987-10-03', '0847831866', 'F', 2);
INSERT INTO EMPLOYEE (ID_Employee, EmployeeName, DoB, PhoneNumber, Gender, ID_Department) VALUES (203, 'Christopher Obrien', '1974-08-21', '8928049721', 'M', 2);
INSERT INTO EMPLOYEE (ID_Employee, EmployeeName, DoB, PhoneNumber, Gender, ID_Department) VALUES (204, 'Barbara Moore', '1977-12-08', '2398659463', 'M', 7);
INSERT INTO EMPLOYEE (ID_Employee, EmployeeName, DoB, PhoneNumber, Gender, ID_Department) VALUES (205, 'Monica Rich', '2006-08-28', '1180547029', 'M', 3);
INSERT INTO EMPLOYEE (ID_Employee, EmployeeName, DoB, PhoneNumber, Gender, ID_Department) VALUES (206, 'Charles Hicks', '1994-03-26', '4462545789', 'M', 4);
INSERT INTO EMPLOYEE (ID_Employee, EmployeeName, DoB, PhoneNumber, Gender, ID_Department) VALUES (207, 'Stephanie Rice', '2003-12-10', '3140723786', 'F', 7);
INSERT INTO EMPLOYEE (ID_Employee, EmployeeName, DoB, PhoneNumber, Gender, ID_Department) VALUES (208, 'Cameron Jones', '1995-10-08', '4498680793', 'F', 4);
INSERT INTO EMPLOYEE (ID_Employee, EmployeeName, DoB, PhoneNumber, Gender, ID_Department) VALUES (209, 'Melissa Larson', '1960-06-11', '7591621256', 'F', 2);
INSERT INTO EMPLOYEE (ID_Employee, EmployeeName, DoB, PhoneNumber, Gender, ID_Department) VALUES (210, 'Jamie Washington', '1966-09-26', '9024044958', 'M', 7);
INSERT INTO EMPLOYEE (ID_Employee, EmployeeName, DoB, PhoneNumber, Gender, ID_Department) VALUES (211, 'Nicholas Rodriguez MD', '2003-02-06', '1285368319', 'F', 3);
INSERT INTO EMPLOYEE (ID_Employee, EmployeeName, DoB, PhoneNumber, Gender, ID_Department) VALUES (212, 'Karen Spencer', '1976-10-20', '2031567102', 'M', 7);
INSERT INTO EMPLOYEE (ID_Employee, EmployeeName, DoB, PhoneNumber, Gender, ID_Department) VALUES (213, 'Kristen Williams', '1962-10-03', '7544337446', 'F', 6);
INSERT INTO EMPLOYEE (ID_Employee, EmployeeName, DoB, PhoneNumber, Gender, ID_Department) VALUES (214, 'Debra Jackson', '1996-02-05', '3083391039', 'M', 3);
INSERT INTO EMPLOYEE (ID_Employee, EmployeeName, DoB, PhoneNumber, Gender, ID_Department) VALUES (215, 'Jamie Andrews', '1989-08-14', '8827298853', 'F', 4);
INSERT INTO EMPLOYEE (ID_Employee, EmployeeName, DoB, PhoneNumber, Gender, ID_Department) VALUES (216, 'Mark Cowan', '1960-02-20', '0844489617', 'F', 2);
INSERT INTO EMPLOYEE (ID_Employee, EmployeeName, DoB, PhoneNumber, Gender, ID_Department) VALUES (217, 'Jermaine Hayes', '1997-08-22', '4514950164', 'M', 7);
INSERT INTO EMPLOYEE (ID_Employee, EmployeeName, DoB, PhoneNumber, Gender, ID_Department) VALUES (218, 'Amber Lambert', '1974-06-09', '6283526093', 'M', 5);
INSERT INTO EMPLOYEE (ID_Employee, EmployeeName, DoB, PhoneNumber, Gender, ID_Department) VALUES (219, 'Patty Marshall', '1980-12-22', '0692610718', 'M', 3);
INSERT INTO EMPLOYEE (ID_Employee, EmployeeName, DoB, PhoneNumber, Gender, ID_Department) VALUES (220, 'Lee Hall', '1968-08-20', '0103576260', 'M', 7);
INSERT INTO EMPLOYEE (ID_Employee, EmployeeName, DoB, PhoneNumber, Gender, ID_Department) VALUES (221, 'Ethan Lopez', '1982-06-29', '4946409325', 'M', 4);
INSERT INTO EMPLOYEE (ID_Employee, EmployeeName, DoB, PhoneNumber, Gender, ID_Department) VALUES (222, 'Savannah Pace', '1959-03-13', '2371746053', 'F', 2);
INSERT INTO EMPLOYEE (ID_Employee, EmployeeName, DoB, PhoneNumber, Gender, ID_Department) VALUES (223, 'Kevin Solis', '1963-07-28', '6604681217', 'F', 2);
INSERT INTO EMPLOYEE (ID_Employee, EmployeeName, DoB, PhoneNumber, Gender, ID_Department) VALUES (224, 'Craig Padilla', '1979-04-13', '0871721574', 'F', 5);
INSERT INTO EMPLOYEE (ID_Employee, EmployeeName, DoB, PhoneNumber, Gender, ID_Department) VALUES (225, 'Matthew Palmer', '1974-02-22', '2420260322', 'F', 6);
INSERT INTO EMPLOYEE_LEAVE_BALANCE (ID_Employee) VALUES (1);
INSERT INTO EMPLOYEE_LEAVE_BALANCE (ID_Employee) VALUES (2);
INSERT INTO EMPLOYEE_LEAVE_BALANCE (ID_Employee) VALUES (3);
INSERT INTO EMPLOYEE_LEAVE_BALANCE (ID_Employee) VALUES (4);
INSERT INTO EMPLOYEE_LEAVE_BALANCE (ID_Employee) VALUES (5);
INSERT INTO EMPLOYEE_LEAVE_BALANCE (ID_Employee) VALUES (6);
INSERT INTO EMPLOYEE_LEAVE_BALANCE (ID_Employee) VALUES (7);
INSERT INTO EMPLOYEE_LEAVE_BALANCE (ID_Employee) VALUES (8);
INSERT INTO EMPLOYEE_LEAVE_BALANCE (ID_Employee) VALUES (9);
INSERT INTO EMPLOYEE_LEAVE_BALANCE (ID_Employee) VALUES (10);
INSERT INTO EMPLOYEE_LEAVE_BALANCE (ID_Employee) VALUES (11);
INSERT INTO EMPLOYEE_LEAVE_BALANCE (ID_Employee) VALUES (12);
INSERT INTO EMPLOYEE_LEAVE_BALANCE (ID_Employee) VALUES (13);
INSERT INTO EMPLOYEE_LEAVE_BALANCE (ID_Employee) VALUES (14);
INSERT INTO EMPLOYEE_LEAVE_BALANCE (ID_Employee) VALUES (15);
INSERT INTO EMPLOYEE_LEAVE_BALANCE (ID_Employee) VALUES (16);
INSERT INTO EMPLOYEE_LEAVE_BALANCE (ID_Employee) VALUES (17);
INSERT INTO EMPLOYEE_LEAVE_BALANCE (ID_Employee) VALUES (18);
INSERT INTO EMPLOYEE_LEAVE_BALANCE (ID_Employee) VALUES (19);
INSERT INTO EMPLOYEE_LEAVE_BALANCE (ID_Employee) VALUES (20);
INSERT INTO EMPLOYEE_LEAVE_BALANCE (ID_Employee) VALUES (21);
INSERT INTO EMPLOYEE_LEAVE_BALANCE (ID_Employee) VALUES (22);
INSERT INTO EMPLOYEE_LEAVE_BALANCE (ID_Employee) VALUES (23);
INSERT INTO EMPLOYEE_LEAVE_BALANCE (ID_Employee) VALUES (24);
INSERT INTO EMPLOYEE_LEAVE_BALANCE (ID_Employee) VALUES (25);
INSERT INTO EMPLOYEE_LEAVE_BALANCE (ID_Employee) VALUES (26);
INSERT INTO EMPLOYEE_LEAVE_BALANCE (ID_Employee) VALUES (27);
INSERT INTO EMPLOYEE_LEAVE_BALANCE (ID_Employee) VALUES (28);
INSERT INTO EMPLOYEE_LEAVE_BALANCE (ID_Employee) VALUES (29);
INSERT INTO EMPLOYEE_LEAVE_BALANCE (ID_Employee) VALUES (30);
INSERT INTO EMPLOYEE_LEAVE_BALANCE (ID_Employee) VALUES (31);
INSERT INTO EMPLOYEE_LEAVE_BALANCE (ID_Employee) VALUES (32);
INSERT INTO EMPLOYEE_LEAVE_BALANCE (ID_Employee) VALUES (33);
INSERT INTO EMPLOYEE_LEAVE_BALANCE (ID_Employee) VALUES (34);
INSERT INTO EMPLOYEE_LEAVE_BALANCE (ID_Employee) VALUES (35);
INSERT INTO EMPLOYEE_LEAVE_BALANCE (ID_Employee) VALUES (36);
INSERT INTO EMPLOYEE_LEAVE_BALANCE (ID_Employee) VALUES (37);
INSERT INTO EMPLOYEE_LEAVE_BALANCE (ID_Employee) VALUES (38);
INSERT INTO EMPLOYEE_LEAVE_BALANCE (ID_Employee) VALUES (39);
INSERT INTO EMPLOYEE_LEAVE_BALANCE (ID_Employee) VALUES (40);
INSERT INTO EMPLOYEE_LEAVE_BALANCE (ID_Employee) VALUES (41);
INSERT INTO EMPLOYEE_LEAVE_BALANCE (ID_Employee) VALUES (42);
INSERT INTO EMPLOYEE_LEAVE_BALANCE (ID_Employee) VALUES (43);
INSERT INTO EMPLOYEE_LEAVE_BALANCE (ID_Employee) VALUES (44);
INSERT INTO EMPLOYEE_LEAVE_BALANCE (ID_Employee) VALUES (45);
INSERT INTO EMPLOYEE_LEAVE_BALANCE (ID_Employee) VALUES (46);
INSERT INTO EMPLOYEE_LEAVE_BALANCE (ID_Employee) VALUES (47);
INSERT INTO EMPLOYEE_LEAVE_BALANCE (ID_Employee) VALUES (48);
INSERT INTO EMPLOYEE_LEAVE_BALANCE (ID_Employee) VALUES (49);
INSERT INTO EMPLOYEE_LEAVE_BALANCE (ID_Employee) VALUES (50);
INSERT INTO EMPLOYEE_LEAVE_BALANCE (ID_Employee) VALUES (51);
INSERT INTO EMPLOYEE_LEAVE_BALANCE (ID_Employee) VALUES (52);
INSERT INTO EMPLOYEE_LEAVE_BALANCE (ID_Employee) VALUES (53);
INSERT INTO EMPLOYEE_LEAVE_BALANCE (ID_Employee) VALUES (54);
INSERT INTO EMPLOYEE_LEAVE_BALANCE (ID_Employee) VALUES (55);
INSERT INTO EMPLOYEE_LEAVE_BALANCE (ID_Employee) VALUES (56);
INSERT INTO EMPLOYEE_LEAVE_BALANCE (ID_Employee) VALUES (57);
INSERT INTO EMPLOYEE_LEAVE_BALANCE (ID_Employee) VALUES (58);
INSERT INTO EMPLOYEE_LEAVE_BALANCE (ID_Employee) VALUES (59);
INSERT INTO EMPLOYEE_LEAVE_BALANCE (ID_Employee) VALUES (60);
INSERT INTO EMPLOYEE_LEAVE_BALANCE (ID_Employee) VALUES (61);
INSERT INTO EMPLOYEE_LEAVE_BALANCE (ID_Employee) VALUES (62);
INSERT INTO EMPLOYEE_LEAVE_BALANCE (ID_Employee) VALUES (63);
INSERT INTO EMPLOYEE_LEAVE_BALANCE (ID_Employee) VALUES (64);
INSERT INTO EMPLOYEE_LEAVE_BALANCE (ID_Employee) VALUES (65);
INSERT INTO EMPLOYEE_LEAVE_BALANCE (ID_Employee) VALUES (66);
INSERT INTO EMPLOYEE_LEAVE_BALANCE (ID_Employee) VALUES (67);
INSERT INTO EMPLOYEE_LEAVE_BALANCE (ID_Employee) VALUES (68);
INSERT INTO EMPLOYEE_LEAVE_BALANCE (ID_Employee) VALUES (69);
INSERT INTO EMPLOYEE_LEAVE_BALANCE (ID_Employee) VALUES (70);
INSERT INTO EMPLOYEE_LEAVE_BALANCE (ID_Employee) VALUES (71);
INSERT INTO EMPLOYEE_LEAVE_BALANCE (ID_Employee) VALUES (72);
INSERT INTO EMPLOYEE_LEAVE_BALANCE (ID_Employee) VALUES (73);
INSERT INTO EMPLOYEE_LEAVE_BALANCE (ID_Employee) VALUES (74);
INSERT INTO EMPLOYEE_LEAVE_BALANCE (ID_Employee) VALUES (75);
INSERT INTO EMPLOYEE_LEAVE_BALANCE (ID_Employee) VALUES (76);
INSERT INTO EMPLOYEE_LEAVE_BALANCE (ID_Employee) VALUES (77);
INSERT INTO EMPLOYEE_LEAVE_BALANCE (ID_Employee) VALUES (78);
INSERT INTO EMPLOYEE_LEAVE_BALANCE (ID_Employee) VALUES (79);
INSERT INTO EMPLOYEE_LEAVE_BALANCE (ID_Employee) VALUES (80);
INSERT INTO EMPLOYEE_LEAVE_BALANCE (ID_Employee) VALUES (81);
INSERT INTO EMPLOYEE_LEAVE_BALANCE (ID_Employee) VALUES (82);
INSERT INTO EMPLOYEE_LEAVE_BALANCE (ID_Employee) VALUES (83);
INSERT INTO EMPLOYEE_LEAVE_BALANCE (ID_Employee) VALUES (84);
INSERT INTO EMPLOYEE_LEAVE_BALANCE (ID_Employee) VALUES (85);
INSERT INTO EMPLOYEE_LEAVE_BALANCE (ID_Employee) VALUES (86);
INSERT INTO EMPLOYEE_LEAVE_BALANCE (ID_Employee) VALUES (87);
INSERT INTO EMPLOYEE_LEAVE_BALANCE (ID_Employee) VALUES (88);
INSERT INTO EMPLOYEE_LEAVE_BALANCE (ID_Employee) VALUES (89);
INSERT INTO EMPLOYEE_LEAVE_BALANCE (ID_Employee) VALUES (90);
INSERT INTO EMPLOYEE_LEAVE_BALANCE (ID_Employee) VALUES (91);
INSERT INTO EMPLOYEE_LEAVE_BALANCE (ID_Employee) VALUES (92);
INSERT INTO EMPLOYEE_LEAVE_BALANCE (ID_Employee) VALUES (93);
INSERT INTO EMPLOYEE_LEAVE_BALANCE (ID_Employee) VALUES (94);
INSERT INTO EMPLOYEE_LEAVE_BALANCE (ID_Employee) VALUES (95);
INSERT INTO EMPLOYEE_LEAVE_BALANCE (ID_Employee) VALUES (96);
INSERT INTO EMPLOYEE_LEAVE_BALANCE (ID_Employee) VALUES (97);
INSERT INTO EMPLOYEE_LEAVE_BALANCE (ID_Employee) VALUES (98);
INSERT INTO EMPLOYEE_LEAVE_BALANCE (ID_Employee) VALUES (99);
INSERT INTO EMPLOYEE_LEAVE_BALANCE (ID_Employee) VALUES (100);
INSERT INTO EMPLOYEE_LEAVE_BALANCE (ID_Employee) VALUES (101);
INSERT INTO EMPLOYEE_LEAVE_BALANCE (ID_Employee) VALUES (102);
INSERT INTO EMPLOYEE_LEAVE_BALANCE (ID_Employee) VALUES (103);
INSERT INTO EMPLOYEE_LEAVE_BALANCE (ID_Employee) VALUES (104);
INSERT INTO EMPLOYEE_LEAVE_BALANCE (ID_Employee) VALUES (105);
INSERT INTO EMPLOYEE_LEAVE_BALANCE (ID_Employee) VALUES (106);
INSERT INTO EMPLOYEE_LEAVE_BALANCE (ID_Employee) VALUES (107);
INSERT INTO EMPLOYEE_LEAVE_BALANCE (ID_Employee) VALUES (108);
INSERT INTO EMPLOYEE_LEAVE_BALANCE (ID_Employee) VALUES (109);
INSERT INTO EMPLOYEE_LEAVE_BALANCE (ID_Employee) VALUES (110);
INSERT INTO EMPLOYEE_LEAVE_BALANCE (ID_Employee) VALUES (111);
INSERT INTO EMPLOYEE_LEAVE_BALANCE (ID_Employee) VALUES (112);
INSERT INTO EMPLOYEE_LEAVE_BALANCE (ID_Employee) VALUES (113);
INSERT INTO EMPLOYEE_LEAVE_BALANCE (ID_Employee) VALUES (114);
INSERT INTO EMPLOYEE_LEAVE_BALANCE (ID_Employee) VALUES (115);
INSERT INTO EMPLOYEE_LEAVE_BALANCE (ID_Employee) VALUES (116);
INSERT INTO EMPLOYEE_LEAVE_BALANCE (ID_Employee) VALUES (117);
INSERT INTO EMPLOYEE_LEAVE_BALANCE (ID_Employee) VALUES (118);
INSERT INTO EMPLOYEE_LEAVE_BALANCE (ID_Employee) VALUES (119);
INSERT INTO EMPLOYEE_LEAVE_BALANCE (ID_Employee) VALUES (120);
INSERT INTO EMPLOYEE_LEAVE_BALANCE (ID_Employee) VALUES (121);
INSERT INTO EMPLOYEE_LEAVE_BALANCE (ID_Employee) VALUES (122);
INSERT INTO EMPLOYEE_LEAVE_BALANCE (ID_Employee) VALUES (123);
INSERT INTO EMPLOYEE_LEAVE_BALANCE (ID_Employee) VALUES (124);
INSERT INTO EMPLOYEE_LEAVE_BALANCE (ID_Employee) VALUES (125);
INSERT INTO EMPLOYEE_LEAVE_BALANCE (ID_Employee) VALUES (126);
INSERT INTO EMPLOYEE_LEAVE_BALANCE (ID_Employee) VALUES (127);
INSERT INTO EMPLOYEE_LEAVE_BALANCE (ID_Employee) VALUES (128);
INSERT INTO EMPLOYEE_LEAVE_BALANCE (ID_Employee) VALUES (129);
INSERT INTO EMPLOYEE_LEAVE_BALANCE (ID_Employee) VALUES (130);
INSERT INTO EMPLOYEE_LEAVE_BALANCE (ID_Employee) VALUES (131);
INSERT INTO EMPLOYEE_LEAVE_BALANCE (ID_Employee) VALUES (132);
INSERT INTO EMPLOYEE_LEAVE_BALANCE (ID_Employee) VALUES (133);
INSERT INTO EMPLOYEE_LEAVE_BALANCE (ID_Employee) VALUES (134);
INSERT INTO EMPLOYEE_LEAVE_BALANCE (ID_Employee) VALUES (135);
INSERT INTO EMPLOYEE_LEAVE_BALANCE (ID_Employee) VALUES (136);
INSERT INTO EMPLOYEE_LEAVE_BALANCE (ID_Employee) VALUES (137);
INSERT INTO EMPLOYEE_LEAVE_BALANCE (ID_Employee) VALUES (138);
INSERT INTO EMPLOYEE_LEAVE_BALANCE (ID_Employee) VALUES (139);
INSERT INTO EMPLOYEE_LEAVE_BALANCE (ID_Employee) VALUES (140);
INSERT INTO EMPLOYEE_LEAVE_BALANCE (ID_Employee) VALUES (141);
INSERT INTO EMPLOYEE_LEAVE_BALANCE (ID_Employee) VALUES (142);
INSERT INTO EMPLOYEE_LEAVE_BALANCE (ID_Employee) VALUES (143);
INSERT INTO EMPLOYEE_LEAVE_BALANCE (ID_Employee) VALUES (144);
INSERT INTO EMPLOYEE_LEAVE_BALANCE (ID_Employee) VALUES (145);
INSERT INTO EMPLOYEE_LEAVE_BALANCE (ID_Employee) VALUES (146);
INSERT INTO EMPLOYEE_LEAVE_BALANCE (ID_Employee) VALUES (147);
INSERT INTO EMPLOYEE_LEAVE_BALANCE (ID_Employee) VALUES (148);
INSERT INTO EMPLOYEE_LEAVE_BALANCE (ID_Employee) VALUES (149);
INSERT INTO EMPLOYEE_LEAVE_BALANCE (ID_Employee) VALUES (150);
INSERT INTO EMPLOYEE_LEAVE_BALANCE (ID_Employee) VALUES (151);
INSERT INTO EMPLOYEE_LEAVE_BALANCE (ID_Employee) VALUES (152);
INSERT INTO EMPLOYEE_LEAVE_BALANCE (ID_Employee) VALUES (153);
INSERT INTO EMPLOYEE_LEAVE_BALANCE (ID_Employee) VALUES (154);
INSERT INTO EMPLOYEE_LEAVE_BALANCE (ID_Employee) VALUES (155);
INSERT INTO EMPLOYEE_LEAVE_BALANCE (ID_Employee) VALUES (156);
INSERT INTO EMPLOYEE_LEAVE_BALANCE (ID_Employee) VALUES (157);
INSERT INTO EMPLOYEE_LEAVE_BALANCE (ID_Employee) VALUES (158);
INSERT INTO EMPLOYEE_LEAVE_BALANCE (ID_Employee) VALUES (159);
INSERT INTO EMPLOYEE_LEAVE_BALANCE (ID_Employee) VALUES (160);
INSERT INTO EMPLOYEE_LEAVE_BALANCE (ID_Employee) VALUES (161);
INSERT INTO EMPLOYEE_LEAVE_BALANCE (ID_Employee) VALUES (162);
INSERT INTO EMPLOYEE_LEAVE_BALANCE (ID_Employee) VALUES (163);
INSERT INTO EMPLOYEE_LEAVE_BALANCE (ID_Employee) VALUES (164);
INSERT INTO EMPLOYEE_LEAVE_BALANCE (ID_Employee) VALUES (165);
INSERT INTO EMPLOYEE_LEAVE_BALANCE (ID_Employee) VALUES (166);
INSERT INTO EMPLOYEE_LEAVE_BALANCE (ID_Employee) VALUES (167);
INSERT INTO EMPLOYEE_LEAVE_BALANCE (ID_Employee) VALUES (168);
INSERT INTO EMPLOYEE_LEAVE_BALANCE (ID_Employee) VALUES (169);
INSERT INTO EMPLOYEE_LEAVE_BALANCE (ID_Employee) VALUES (170);
INSERT INTO EMPLOYEE_LEAVE_BALANCE (ID_Employee) VALUES (171);
INSERT INTO EMPLOYEE_LEAVE_BALANCE (ID_Employee) VALUES (172);
INSERT INTO EMPLOYEE_LEAVE_BALANCE (ID_Employee) VALUES (173);
INSERT INTO EMPLOYEE_LEAVE_BALANCE (ID_Employee) VALUES (174);
INSERT INTO EMPLOYEE_LEAVE_BALANCE (ID_Employee) VALUES (175);
INSERT INTO EMPLOYEE_LEAVE_BALANCE (ID_Employee) VALUES (176);
INSERT INTO EMPLOYEE_LEAVE_BALANCE (ID_Employee) VALUES (177);
INSERT INTO EMPLOYEE_LEAVE_BALANCE (ID_Employee) VALUES (178);
INSERT INTO EMPLOYEE_LEAVE_BALANCE (ID_Employee) VALUES (179);
INSERT INTO EMPLOYEE_LEAVE_BALANCE (ID_Employee) VALUES (180);
INSERT INTO EMPLOYEE_LEAVE_BALANCE (ID_Employee) VALUES (181);
INSERT INTO EMPLOYEE_LEAVE_BALANCE (ID_Employee) VALUES (182);
INSERT INTO EMPLOYEE_LEAVE_BALANCE (ID_Employee) VALUES (183);
INSERT INTO EMPLOYEE_LEAVE_BALANCE (ID_Employee) VALUES (184);
INSERT INTO EMPLOYEE_LEAVE_BALANCE (ID_Employee) VALUES (185);
INSERT INTO EMPLOYEE_LEAVE_BALANCE (ID_Employee) VALUES (186);
INSERT INTO EMPLOYEE_LEAVE_BALANCE (ID_Employee) VALUES (187);
INSERT INTO EMPLOYEE_LEAVE_BALANCE (ID_Employee) VALUES (188);
INSERT INTO EMPLOYEE_LEAVE_BALANCE (ID_Employee) VALUES (189);
INSERT INTO EMPLOYEE_LEAVE_BALANCE (ID_Employee) VALUES (190);
INSERT INTO EMPLOYEE_LEAVE_BALANCE (ID_Employee) VALUES (191);
INSERT INTO EMPLOYEE_LEAVE_BALANCE (ID_Employee) VALUES (192);
INSERT INTO EMPLOYEE_LEAVE_BALANCE (ID_Employee) VALUES (193);
INSERT INTO EMPLOYEE_LEAVE_BALANCE (ID_Employee) VALUES (194);
INSERT INTO EMPLOYEE_LEAVE_BALANCE (ID_Employee) VALUES (195);
INSERT INTO EMPLOYEE_LEAVE_BALANCE (ID_Employee) VALUES (196);
INSERT INTO EMPLOYEE_LEAVE_BALANCE (ID_Employee) VALUES (197);
INSERT INTO EMPLOYEE_LEAVE_BALANCE (ID_Employee) VALUES (198);
INSERT INTO EMPLOYEE_LEAVE_BALANCE (ID_Employee) VALUES (199);
INSERT INTO EMPLOYEE_LEAVE_BALANCE (ID_Employee) VALUES (200);
INSERT INTO EMPLOYEE_LEAVE_BALANCE (ID_Employee) VALUES (201);
INSERT INTO EMPLOYEE_LEAVE_BALANCE (ID_Employee) VALUES (202);
INSERT INTO EMPLOYEE_LEAVE_BALANCE (ID_Employee) VALUES (203);
INSERT INTO EMPLOYEE_LEAVE_BALANCE (ID_Employee) VALUES (204);
INSERT INTO EMPLOYEE_LEAVE_BALANCE (ID_Employee) VALUES (205);
INSERT INTO EMPLOYEE_LEAVE_BALANCE (ID_Employee) VALUES (206);
INSERT INTO EMPLOYEE_LEAVE_BALANCE (ID_Employee) VALUES (207);
INSERT INTO EMPLOYEE_LEAVE_BALANCE (ID_Employee) VALUES (208);
INSERT INTO EMPLOYEE_LEAVE_BALANCE (ID_Employee) VALUES (209);
INSERT INTO EMPLOYEE_LEAVE_BALANCE (ID_Employee) VALUES (210);
INSERT INTO EMPLOYEE_LEAVE_BALANCE (ID_Employee) VALUES (211);
INSERT INTO EMPLOYEE_LEAVE_BALANCE (ID_Employee) VALUES (212);
INSERT INTO EMPLOYEE_LEAVE_BALANCE (ID_Employee) VALUES (213);
INSERT INTO EMPLOYEE_LEAVE_BALANCE (ID_Employee) VALUES (214);
INSERT INTO EMPLOYEE_LEAVE_BALANCE (ID_Employee) VALUES (215);
INSERT INTO EMPLOYEE_LEAVE_BALANCE (ID_Employee) VALUES (216);
INSERT INTO EMPLOYEE_LEAVE_BALANCE (ID_Employee) VALUES (217);
INSERT INTO EMPLOYEE_LEAVE_BALANCE (ID_Employee) VALUES (218);
INSERT INTO EMPLOYEE_LEAVE_BALANCE (ID_Employee) VALUES (219);
INSERT INTO EMPLOYEE_LEAVE_BALANCE (ID_Employee) VALUES (220);
INSERT INTO EMPLOYEE_LEAVE_BALANCE (ID_Employee) VALUES (221);
INSERT INTO EMPLOYEE_LEAVE_BALANCE (ID_Employee) VALUES (222);
INSERT INTO EMPLOYEE_LEAVE_BALANCE (ID_Employee) VALUES (223);
INSERT INTO EMPLOYEE_LEAVE_BALANCE (ID_Employee) VALUES (224);
INSERT INTO EMPLOYEE_LEAVE_BALANCE (ID_Employee) VALUES (225);
INSERT INTO BRANCH (ID_Branch, BranchName, Address, PhoneNumber, OpeningHour, CloseHour, ID_Area, ID_Employee) VALUES (1, 'Among Sushi World', '87629 Timothy Springs Apt. 746', '8161764961', '07:00:00', '20:00:00', 4, 4);
INSERT INTO BRANCH (ID_Branch, BranchName, Address, PhoneNumber, OpeningHour, CloseHour, ID_Area, ID_Employee) VALUES (2, 'On Sushi Garden', '88184 Micheal Locks', '3700640183', '11:00:00', '21:00:00', 4, 14);
INSERT INTO BRANCH (ID_Branch, BranchName, Address, PhoneNumber, OpeningHour, CloseHour, ID_Area, ID_Employee) VALUES (3, 'Little Sushi Factory', '14902 Jenna Views', '5194643323', '09:00:00', '21:00:00', 2, 6);
INSERT INTO BRANCH (ID_Branch, BranchName, Address, PhoneNumber, OpeningHour, CloseHour, ID_Area, ID_Employee) VALUES (4, 'Him Sushi World', '9619 Tiffany Mountain Suite 618', '2962515570', '11:00:00', '21:00:00', 5, 9);
INSERT INTO BRANCH (ID_Branch, BranchName, Address, PhoneNumber, OpeningHour, CloseHour, ID_Area, ID_Employee) VALUES (5, 'Public Sushi Hub', '35180 Tyler Trail Suite 375', '9215444380', '10:00:00', '18:00:00', 4, 12);
INSERT INTO BRANCH (ID_Branch, BranchName, Address, PhoneNumber, OpeningHour, CloseHour, ID_Area, ID_Employee) VALUES (6, 'Story Sushi Bay', '224 Kristin Road', '4486358290', '10:00:00', '19:00:00', 1, 3);
INSERT INTO BRANCH (ID_Branch, BranchName, Address, PhoneNumber, OpeningHour, CloseHour, ID_Area, ID_Employee) VALUES (7, 'Which Sushi Spot', '351 Terry Loop Apt. 175', '3974271091', '10:00:00', '21:00:00', 2, 5);
INSERT INTO BRANCH (ID_Branch, BranchName, Address, PhoneNumber, OpeningHour, CloseHour, ID_Area, ID_Employee) VALUES (8, 'Memory Sushi Factory', '5342 Pratt Center', '2894977559', '09:00:00', '23:00:00', 1, 1);
INSERT INTO BRANCH (ID_Branch, BranchName, Address, PhoneNumber, OpeningHour, CloseHour, ID_Area, ID_Employee) VALUES (9, 'Traditional Sushi Palace', '2525 Christopher Pike Apt. 923', '1409856567', '07:00:00', '23:00:00', 1, 13);
INSERT INTO BRANCH (ID_Branch, BranchName, Address, PhoneNumber, OpeningHour, CloseHour, ID_Area, ID_Employee) VALUES (10, 'Assume Sushi Palace', '3446 Dominguez Locks Suite 830', '4219236091', '06:00:00', '19:00:00', 1, 15);
INSERT INTO BRANCH (ID_Branch, BranchName, Address, PhoneNumber, OpeningHour, CloseHour, ID_Area, ID_Employee) VALUES (11, 'Sound Sushi Palace', '91908 White Roads Suite 923', '3981752679', '06:00:00', '21:00:00', 5, 2);
INSERT INTO BRANCH (ID_Branch, BranchName, Address, PhoneNumber, OpeningHour, CloseHour, ID_Area, ID_Employee) VALUES (12, 'Difficult Sushi Spot', '47857 Olivia Square Apt. 693', '3522443320', '12:00:00', '18:00:00', 1, 10);
INSERT INTO BRANCH (ID_Branch, BranchName, Address, PhoneNumber, OpeningHour, CloseHour, ID_Area, ID_Employee) VALUES (13, 'Not Sushi Garden', '0642 Durham Flats', '2847691693', '10:00:00', '19:00:00', 5, 8);
INSERT INTO BRANCH (ID_Branch, BranchName, Address, PhoneNumber, OpeningHour, CloseHour, ID_Area, ID_Employee) VALUES (14, 'Level Sushi Bar', '76035 Rebecca Unions Suite 215', '4375134825', '07:00:00', '20:00:00', 4, 11);
INSERT INTO BRANCH (ID_Branch, BranchName, Address, PhoneNumber, OpeningHour, CloseHour, ID_Area, ID_Employee) VALUES (15, 'Particularly Sushi World', '555 Beth Divide', '1093732972', '11:00:00', '21:00:00', 5, 7);
INSERT INTO EMP_BRANCH_HISTORY (ID_Employee, ID_Branch, StartDate, EndDate) VALUES (20, 8, '2023-06-28', NULL);
INSERT INTO EMP_BRANCH_HISTORY (ID_Employee, ID_Branch, StartDate, EndDate) VALUES (140, 2, '2023-03-01', NULL);
INSERT INTO EMP_BRANCH_HISTORY (ID_Employee, ID_Branch, StartDate, EndDate) VALUES (112, 11, '2023-09-23', NULL);
INSERT INTO EMP_BRANCH_HISTORY (ID_Employee, ID_Branch, StartDate, EndDate) VALUES (53, 1, '2024-03-27', NULL);
INSERT INTO EMP_BRANCH_HISTORY (ID_Employee, ID_Branch, StartDate, EndDate) VALUES (112, 1, '2023-03-06', NULL);
INSERT INTO EMP_BRANCH_HISTORY (ID_Employee, ID_Branch, StartDate, EndDate) VALUES (152, 9, '2023-09-11', NULL);
INSERT INTO EMP_BRANCH_HISTORY (ID_Employee, ID_Branch, StartDate, EndDate) VALUES (77, 3, '2024-04-27', NULL);
INSERT INTO EMP_BRANCH_HISTORY (ID_Employee, ID_Branch, StartDate, EndDate) VALUES (27, 9, '2024-11-07', NULL);
INSERT INTO EMP_BRANCH_HISTORY (ID_Employee, ID_Branch, StartDate, EndDate) VALUES (44, 4, '2024-05-26', NULL);
INSERT INTO EMP_BRANCH_HISTORY (ID_Employee, ID_Branch, StartDate, EndDate) VALUES (22, 12, '2023-09-14', NULL);
INSERT INTO EMP_BRANCH_HISTORY (ID_Employee, ID_Branch, StartDate, EndDate) VALUES (219, 15, '2023-09-30', NULL);
INSERT INTO EMP_BRANCH_HISTORY (ID_Employee, ID_Branch, StartDate, EndDate) VALUES (177, 6, '2024-04-19', NULL);
INSERT INTO EMP_BRANCH_HISTORY (ID_Employee, ID_Branch, StartDate, EndDate) VALUES (125, 1, '2024-07-28', NULL);
INSERT INTO EMP_BRANCH_HISTORY (ID_Employee, ID_Branch, StartDate, EndDate) VALUES (172, 13, '2024-09-23', NULL);
INSERT INTO EMP_BRANCH_HISTORY (ID_Employee, ID_Branch, StartDate, EndDate) VALUES (24, 12, '2024-04-29', '2024-12-19');
INSERT INTO EMP_BRANCH_HISTORY (ID_Employee, ID_Branch, StartDate, EndDate) VALUES (179, 9, '2023-07-02', NULL);
INSERT INTO EMP_BRANCH_HISTORY (ID_Employee, ID_Branch, StartDate, EndDate) VALUES (79, 14, '2023-07-11', NULL);
INSERT INTO EMP_BRANCH_HISTORY (ID_Employee, ID_Branch, StartDate, EndDate) VALUES (91, 2, '2023-07-20', NULL);
INSERT INTO EMP_BRANCH_HISTORY (ID_Employee, ID_Branch, StartDate, EndDate) VALUES (59, 9, '2023-06-05', NULL);
INSERT INTO EMP_BRANCH_HISTORY (ID_Employee, ID_Branch, StartDate, EndDate) VALUES (75, 9, '2022-12-29', '2024-12-19');
INSERT INTO EMP_BRANCH_HISTORY (ID_Employee, ID_Branch, StartDate, EndDate) VALUES (120, 9, '2023-12-03', '2024-12-19');
INSERT INTO EMP_BRANCH_HISTORY (ID_Employee, ID_Branch, StartDate, EndDate) VALUES (167, 2, '2023-06-06', NULL);
INSERT INTO EMP_BRANCH_HISTORY (ID_Employee, ID_Branch, StartDate, EndDate) VALUES (215, 5, '2024-12-05', NULL);
INSERT INTO EMP_BRANCH_HISTORY (ID_Employee, ID_Branch, StartDate, EndDate) VALUES (40, 4, '2023-06-17', NULL);
INSERT INTO EMP_BRANCH_HISTORY (ID_Employee, ID_Branch, StartDate, EndDate) VALUES (138, 12, '2023-08-27', NULL);
INSERT INTO EMP_BRANCH_HISTORY (ID_Employee, ID_Branch, StartDate, EndDate) VALUES (39, 4, '2024-05-13', NULL);
INSERT INTO EMP_BRANCH_HISTORY (ID_Employee, ID_Branch, StartDate, EndDate) VALUES (84, 10, '2024-01-05', NULL);
INSERT INTO EMP_BRANCH_HISTORY (ID_Employee, ID_Branch, StartDate, EndDate) VALUES (67, 12, '2024-01-10', NULL);
INSERT INTO EMP_BRANCH_HISTORY (ID_Employee, ID_Branch, StartDate, EndDate) VALUES (205, 2, '2023-04-18', NULL);
INSERT INTO EMP_BRANCH_HISTORY (ID_Employee, ID_Branch, StartDate, EndDate) VALUES (190, 4, '2023-05-14', NULL);
INSERT INTO EMP_BRANCH_HISTORY (ID_Employee, ID_Branch, StartDate, EndDate) VALUES (210, 13, '2024-10-29', NULL);
INSERT INTO EMP_BRANCH_HISTORY (ID_Employee, ID_Branch, StartDate, EndDate) VALUES (65, 9, '2023-08-12', NULL);
INSERT INTO EMP_BRANCH_HISTORY (ID_Employee, ID_Branch, StartDate, EndDate) VALUES (137, 9, '2024-03-26', NULL);
INSERT INTO EMP_BRANCH_HISTORY (ID_Employee, ID_Branch, StartDate, EndDate) VALUES (28, 12, '2023-10-28', NULL);
INSERT INTO EMP_BRANCH_HISTORY (ID_Employee, ID_Branch, StartDate, EndDate) VALUES (165, 3, '2023-07-01', NULL);
INSERT INTO EMP_BRANCH_HISTORY (ID_Employee, ID_Branch, StartDate, EndDate) VALUES (22, 10, '2024-05-12', NULL);
INSERT INTO EMP_BRANCH_HISTORY (ID_Employee, ID_Branch, StartDate, EndDate) VALUES (116, 7, '2023-11-08', NULL);
INSERT INTO EMP_BRANCH_HISTORY (ID_Employee, ID_Branch, StartDate, EndDate) VALUES (59, 8, '2023-05-27', NULL);
INSERT INTO EMP_BRANCH_HISTORY (ID_Employee, ID_Branch, StartDate, EndDate) VALUES (205, 1, '2024-03-10', NULL);
INSERT INTO EMP_BRANCH_HISTORY (ID_Employee, ID_Branch, StartDate, EndDate) VALUES (180, 4, '2023-06-07', NULL);
INSERT INTO EMP_BRANCH_HISTORY (ID_Employee, ID_Branch, StartDate, EndDate) VALUES (186, 10, '2024-12-02', NULL);
INSERT INTO EMP_BRANCH_HISTORY (ID_Employee, ID_Branch, StartDate, EndDate) VALUES (120, 8, '2024-06-09', NULL);
INSERT INTO EMP_BRANCH_HISTORY (ID_Employee, ID_Branch, StartDate, EndDate) VALUES (8, 4, '2023-07-18', NULL);
INSERT INTO EMP_BRANCH_HISTORY (ID_Employee, ID_Branch, StartDate, EndDate) VALUES (111, 15, '2024-03-13', NULL);
INSERT INTO EMP_BRANCH_HISTORY (ID_Employee, ID_Branch, StartDate, EndDate) VALUES (18, 1, '2023-03-11', NULL);
INSERT INTO EMP_BRANCH_HISTORY (ID_Employee, ID_Branch, StartDate, EndDate) VALUES (173, 13, '2024-05-15', NULL);
INSERT INTO EMP_BRANCH_HISTORY (ID_Employee, ID_Branch, StartDate, EndDate) VALUES (213, 14, '2024-06-02', NULL);
INSERT INTO EMP_BRANCH_HISTORY (ID_Employee, ID_Branch, StartDate, EndDate) VALUES (128, 2, '2024-09-22', NULL);
INSERT INTO EMP_BRANCH_HISTORY (ID_Employee, ID_Branch, StartDate, EndDate) VALUES (215, 9, '2024-03-25', NULL);
INSERT INTO EMP_BRANCH_HISTORY (ID_Employee, ID_Branch, StartDate, EndDate) VALUES (75, 7, '2023-08-21', '2024-12-19');
INSERT INTO EMP_BRANCH_HISTORY (ID_Employee, ID_Branch, StartDate, EndDate) VALUES (210, 5, '2024-03-04', NULL);
INSERT INTO EMP_BRANCH_HISTORY (ID_Employee, ID_Branch, StartDate, EndDate) VALUES (50, 13, '2024-04-08', NULL);
INSERT INTO EMP_BRANCH_HISTORY (ID_Employee, ID_Branch, StartDate, EndDate) VALUES (157, 13, '2024-02-12', NULL);
INSERT INTO EMP_BRANCH_HISTORY (ID_Employee, ID_Branch, StartDate, EndDate) VALUES (147, 9, '2024-05-14', NULL);
INSERT INTO EMP_BRANCH_HISTORY (ID_Employee, ID_Branch, StartDate, EndDate) VALUES (110, 4, '2024-05-07', NULL);
INSERT INTO EMP_BRANCH_HISTORY (ID_Employee, ID_Branch, StartDate, EndDate) VALUES (147, 8, '2024-06-29', '2024-12-19');
INSERT INTO EMP_BRANCH_HISTORY (ID_Employee, ID_Branch, StartDate, EndDate) VALUES (48, 8, '2024-01-30', NULL);
INSERT INTO EMP_BRANCH_HISTORY (ID_Employee, ID_Branch, StartDate, EndDate) VALUES (110, 7, '2023-03-02', NULL);
INSERT INTO EMP_BRANCH_HISTORY (ID_Employee, ID_Branch, StartDate, EndDate) VALUES (151, 12, '2024-04-21', NULL);
INSERT INTO EMP_BRANCH_HISTORY (ID_Employee, ID_Branch, StartDate, EndDate) VALUES (200, 6, '2024-04-09', NULL);
INSERT INTO EMP_BRANCH_HISTORY (ID_Employee, ID_Branch, StartDate, EndDate) VALUES (71, 3, '2024-10-25', NULL);
INSERT INTO EMP_BRANCH_HISTORY (ID_Employee, ID_Branch, StartDate, EndDate) VALUES (60, 12, '2024-06-13', '2024-12-19');
INSERT INTO EMP_BRANCH_HISTORY (ID_Employee, ID_Branch, StartDate, EndDate) VALUES (139, 4, '2023-06-24', NULL);
INSERT INTO EMP_BRANCH_HISTORY (ID_Employee, ID_Branch, StartDate, EndDate) VALUES (219, 12, '2023-07-01', NULL);
INSERT INTO EMP_BRANCH_HISTORY (ID_Employee, ID_Branch, StartDate, EndDate) VALUES (161, 3, '2023-11-12', NULL);
INSERT INTO EMP_BRANCH_HISTORY (ID_Employee, ID_Branch, StartDate, EndDate) VALUES (11, 5, '2024-06-27', NULL);
INSERT INTO EMP_BRANCH_HISTORY (ID_Employee, ID_Branch, StartDate, EndDate) VALUES (84, 7, '2024-06-28', NULL);
INSERT INTO EMP_BRANCH_HISTORY (ID_Employee, ID_Branch, StartDate, EndDate) VALUES (169, 15, '2023-08-27', NULL);
INSERT INTO EMP_BRANCH_HISTORY (ID_Employee, ID_Branch, StartDate, EndDate) VALUES (43, 9, '2024-05-28', NULL);
INSERT INTO EMP_BRANCH_HISTORY (ID_Employee, ID_Branch, StartDate, EndDate) VALUES (203, 1, '2024-04-06', NULL);
INSERT INTO EMP_BRANCH_HISTORY (ID_Employee, ID_Branch, StartDate, EndDate) VALUES (130, 14, '2024-11-16', NULL);
INSERT INTO EMP_BRANCH_HISTORY (ID_Employee, ID_Branch, StartDate, EndDate) VALUES (183, 4, '2023-08-25', NULL);
INSERT INTO EMP_BRANCH_HISTORY (ID_Employee, ID_Branch, StartDate, EndDate) VALUES (176, 9, '2023-06-04', NULL);
INSERT INTO EMP_BRANCH_HISTORY (ID_Employee, ID_Branch, StartDate, EndDate) VALUES (224, 2, '2023-09-03', NULL);
INSERT INTO EMP_BRANCH_HISTORY (ID_Employee, ID_Branch, StartDate, EndDate) VALUES (72, 7, '2024-09-17', '2024-12-19');
INSERT INTO EMP_BRANCH_HISTORY (ID_Employee, ID_Branch, StartDate, EndDate) VALUES (162, 2, '2024-12-02', '2024-12-19');
INSERT INTO EMP_BRANCH_HISTORY (ID_Employee, ID_Branch, StartDate, EndDate) VALUES (63, 10, '2023-02-18', NULL);
INSERT INTO EMP_BRANCH_HISTORY (ID_Employee, ID_Branch, StartDate, EndDate) VALUES (130, 11, '2024-04-22', NULL);
INSERT INTO EMP_BRANCH_HISTORY (ID_Employee, ID_Branch, StartDate, EndDate) VALUES (116, 8, '2023-02-27', NULL);
INSERT INTO EMP_BRANCH_HISTORY (ID_Employee, ID_Branch, StartDate, EndDate) VALUES (92, 10, '2023-12-10', NULL);
INSERT INTO EMP_BRANCH_HISTORY (ID_Employee, ID_Branch, StartDate, EndDate) VALUES (18, 6, '2023-01-29', '2024-12-19');
INSERT INTO EMP_BRANCH_HISTORY (ID_Employee, ID_Branch, StartDate, EndDate) VALUES (136, 4, '2024-09-27', NULL);
INSERT INTO EMP_BRANCH_HISTORY (ID_Employee, ID_Branch, StartDate, EndDate) VALUES (15, 1, '2024-11-11', NULL);
INSERT INTO EMP_BRANCH_HISTORY (ID_Employee, ID_Branch, StartDate, EndDate) VALUES (17, 2, '2023-10-12', NULL);
INSERT INTO EMP_BRANCH_HISTORY (ID_Employee, ID_Branch, StartDate, EndDate) VALUES (28, 4, '2024-03-06', NULL);
INSERT INTO EMP_BRANCH_HISTORY (ID_Employee, ID_Branch, StartDate, EndDate) VALUES (79, 4, '2024-02-08', NULL);
INSERT INTO EMP_BRANCH_HISTORY (ID_Employee, ID_Branch, StartDate, EndDate) VALUES (21, 12, '2023-02-07', NULL);
INSERT INTO EMP_BRANCH_HISTORY (ID_Employee, ID_Branch, StartDate, EndDate) VALUES (189, 14, '2023-04-29', NULL);
INSERT INTO EMP_BRANCH_HISTORY (ID_Employee, ID_Branch, StartDate, EndDate) VALUES (219, 2, '2024-01-23', NULL);
INSERT INTO EMP_BRANCH_HISTORY (ID_Employee, ID_Branch, StartDate, EndDate) VALUES (209, 3, '2023-08-07', NULL);
INSERT INTO EMP_BRANCH_HISTORY (ID_Employee, ID_Branch, StartDate, EndDate) VALUES (112, 15, '2024-03-25', NULL);
INSERT INTO EMP_BRANCH_HISTORY (ID_Employee, ID_Branch, StartDate, EndDate) VALUES (35, 1, '2024-11-18', NULL);
INSERT INTO EMP_BRANCH_HISTORY (ID_Employee, ID_Branch, StartDate, EndDate) VALUES (168, 11, '2023-10-27', NULL);
INSERT INTO EMP_BRANCH_HISTORY (ID_Employee, ID_Branch, StartDate, EndDate) VALUES (166, 1, '2024-02-12', NULL);
INSERT INTO EMP_BRANCH_HISTORY (ID_Employee, ID_Branch, StartDate, EndDate) VALUES (195, 13, '2023-10-11', NULL);
INSERT INTO EMP_BRANCH_HISTORY (ID_Employee, ID_Branch, StartDate, EndDate) VALUES (153, 1, '2023-09-29', NULL);
INSERT INTO EMP_BRANCH_HISTORY (ID_Employee, ID_Branch, StartDate, EndDate) VALUES (216, 1, '2024-01-22', NULL);
INSERT INTO EMP_BRANCH_HISTORY (ID_Employee, ID_Branch, StartDate, EndDate) VALUES (9, 5, '2023-09-21', NULL);
INSERT INTO EMP_BRANCH_HISTORY (ID_Employee, ID_Branch, StartDate, EndDate) VALUES (153, 2, '2023-11-21', NULL);
INSERT INTO EMP_BRANCH_HISTORY (ID_Employee, ID_Branch, StartDate, EndDate) VALUES (180, 8, '2024-08-13', NULL);
INSERT INTO EMP_BRANCH_HISTORY (ID_Employee, ID_Branch, StartDate, EndDate) VALUES (175, 10, '2024-01-07', NULL);
INSERT INTO EMP_BRANCH_HISTORY (ID_Employee, ID_Branch, StartDate, EndDate) VALUES (44, 9, '2024-06-16', '2024-12-19');
INSERT INTO EMP_BRANCH_HISTORY (ID_Employee, ID_Branch, StartDate, EndDate) VALUES (72, 2, '2023-10-13', NULL);
INSERT INTO EMP_BRANCH_HISTORY (ID_Employee, ID_Branch, StartDate, EndDate) VALUES (52, 13, '2023-08-21', NULL);
INSERT INTO EMP_BRANCH_HISTORY (ID_Employee, ID_Branch, StartDate, EndDate) VALUES (91, 12, '2023-10-18', '2024-12-19');
INSERT INTO EMP_BRANCH_HISTORY (ID_Employee, ID_Branch, StartDate, EndDate) VALUES (6, 11, '2023-01-16', NULL);
INSERT INTO EMP_BRANCH_HISTORY (ID_Employee, ID_Branch, StartDate, EndDate) VALUES (25, 5, '2024-09-09', NULL);
INSERT INTO EMP_BRANCH_HISTORY (ID_Employee, ID_Branch, StartDate, EndDate) VALUES (204, 3, '2023-01-06', NULL);
INSERT INTO EMP_BRANCH_HISTORY (ID_Employee, ID_Branch, StartDate, EndDate) VALUES (116, 12, '2024-02-24', NULL);
INSERT INTO EMP_BRANCH_HISTORY (ID_Employee, ID_Branch, StartDate, EndDate) VALUES (203, 3, '2024-06-23', NULL);
INSERT INTO EMP_BRANCH_HISTORY (ID_Employee, ID_Branch, StartDate, EndDate) VALUES (137, 7, '2023-11-02', NULL);
INSERT INTO EMP_BRANCH_HISTORY (ID_Employee, ID_Branch, StartDate, EndDate) VALUES (203, 15, '2024-11-16', NULL);
INSERT INTO EMP_BRANCH_HISTORY (ID_Employee, ID_Branch, StartDate, EndDate) VALUES (171, 7, '2024-04-10', NULL);
INSERT INTO EMP_BRANCH_HISTORY (ID_Employee, ID_Branch, StartDate, EndDate) VALUES (108, 11, '2024-11-04', NULL);
INSERT INTO EMP_BRANCH_HISTORY (ID_Employee, ID_Branch, StartDate, EndDate) VALUES (74, 3, '2024-04-19', NULL);
INSERT INTO EMP_BRANCH_HISTORY (ID_Employee, ID_Branch, StartDate, EndDate) VALUES (23, 8, '2024-04-13', NULL);
INSERT INTO EMP_BRANCH_HISTORY (ID_Employee, ID_Branch, StartDate, EndDate) VALUES (5, 1, '2023-08-26', NULL);
INSERT INTO EMP_BRANCH_HISTORY (ID_Employee, ID_Branch, StartDate, EndDate) VALUES (142, 9, '2023-12-25', NULL);
INSERT INTO EMP_BRANCH_HISTORY (ID_Employee, ID_Branch, StartDate, EndDate) VALUES (68, 1, '2024-11-24', NULL);
INSERT INTO EMP_BRANCH_HISTORY (ID_Employee, ID_Branch, StartDate, EndDate) VALUES (195, 1, '2023-09-26', NULL);
INSERT INTO EMP_BRANCH_HISTORY (ID_Employee, ID_Branch, StartDate, EndDate) VALUES (56, 8, '2023-01-14', NULL);
INSERT INTO EMP_BRANCH_HISTORY (ID_Employee, ID_Branch, StartDate, EndDate) VALUES (17, 5, '2023-06-21', NULL);
INSERT INTO EMP_BRANCH_HISTORY (ID_Employee, ID_Branch, StartDate, EndDate) VALUES (100, 11, '2024-07-31', NULL);
INSERT INTO EMP_BRANCH_HISTORY (ID_Employee, ID_Branch, StartDate, EndDate) VALUES (224, 13, '2023-01-20', NULL);
INSERT INTO EMP_BRANCH_HISTORY (ID_Employee, ID_Branch, StartDate, EndDate) VALUES (159, 8, '2023-10-30', NULL);
INSERT INTO EMP_BRANCH_HISTORY (ID_Employee, ID_Branch, StartDate, EndDate) VALUES (183, 6, '2024-01-30', NULL);
INSERT INTO EMP_BRANCH_HISTORY (ID_Employee, ID_Branch, StartDate, EndDate) VALUES (10, 1, '2023-07-08', NULL);
INSERT INTO EMP_BRANCH_HISTORY (ID_Employee, ID_Branch, StartDate, EndDate) VALUES (223, 12, '2023-03-21', NULL);
INSERT INTO EMP_BRANCH_HISTORY (ID_Employee, ID_Branch, StartDate, EndDate) VALUES (197, 13, '2023-10-03', NULL);
INSERT INTO EMP_BRANCH_HISTORY (ID_Employee, ID_Branch, StartDate, EndDate) VALUES (82, 8, '2023-12-19', NULL);
INSERT INTO EMP_BRANCH_HISTORY (ID_Employee, ID_Branch, StartDate, EndDate) VALUES (111, 8, '2023-11-27', '2024-12-19');
INSERT INTO EMP_BRANCH_HISTORY (ID_Employee, ID_Branch, StartDate, EndDate) VALUES (35, 12, '2024-08-18', NULL);
INSERT INTO EMP_BRANCH_HISTORY (ID_Employee, ID_Branch, StartDate, EndDate) VALUES (216, 4, '2024-10-31', NULL);
INSERT INTO EMP_BRANCH_HISTORY (ID_Employee, ID_Branch, StartDate, EndDate) VALUES (112, 7, '2023-01-10', NULL);
INSERT INTO EMP_BRANCH_HISTORY (ID_Employee, ID_Branch, StartDate, EndDate) VALUES (124, 14, '2023-10-23', NULL);
INSERT INTO EMP_BRANCH_HISTORY (ID_Employee, ID_Branch, StartDate, EndDate) VALUES (95, 4, '2023-11-22', NULL);
INSERT INTO EMP_BRANCH_HISTORY (ID_Employee, ID_Branch, StartDate, EndDate) VALUES (45, 10, '2024-11-23', NULL);
INSERT INTO EMP_BRANCH_HISTORY (ID_Employee, ID_Branch, StartDate, EndDate) VALUES (1, 15, '2024-09-25', NULL);
INSERT INTO EMP_BRANCH_HISTORY (ID_Employee, ID_Branch, StartDate, EndDate) VALUES (199, 6, '2024-10-20', NULL);
INSERT INTO EMP_BRANCH_HISTORY (ID_Employee, ID_Branch, StartDate, EndDate) VALUES (194, 11, '2024-10-29', '2024-12-19');
INSERT INTO EMP_BRANCH_HISTORY (ID_Employee, ID_Branch, StartDate, EndDate) VALUES (15, 5, '2024-03-21', NULL);
INSERT INTO EMP_BRANCH_HISTORY (ID_Employee, ID_Branch, StartDate, EndDate) VALUES (220, 8, '2024-01-30', NULL);
INSERT INTO EMP_BRANCH_HISTORY (ID_Employee, ID_Branch, StartDate, EndDate) VALUES (214, 7, '2024-11-28', NULL);
INSERT INTO EMP_BRANCH_HISTORY (ID_Employee, ID_Branch, StartDate, EndDate) VALUES (193, 11, '2023-08-27', NULL);
INSERT INTO EMP_BRANCH_HISTORY (ID_Employee, ID_Branch, StartDate, EndDate) VALUES (24, 14, '2023-02-23', NULL);
INSERT INTO EMP_BRANCH_HISTORY (ID_Employee, ID_Branch, StartDate, EndDate) VALUES (187, 6, '2024-10-04', NULL);
INSERT INTO EMP_BRANCH_HISTORY (ID_Employee, ID_Branch, StartDate, EndDate) VALUES (191, 15, '2024-01-24', NULL);
INSERT INTO EMP_BRANCH_HISTORY (ID_Employee, ID_Branch, StartDate, EndDate) VALUES (110, 8, '2023-09-20', NULL);
INSERT INTO EMP_BRANCH_HISTORY (ID_Employee, ID_Branch, StartDate, EndDate) VALUES (171, 4, '2022-12-29', NULL);
INSERT INTO EMP_BRANCH_HISTORY (ID_Employee, ID_Branch, StartDate, EndDate) VALUES (87, 6, '2024-03-18', NULL);
INSERT INTO EMP_BRANCH_HISTORY (ID_Employee, ID_Branch, StartDate, EndDate) VALUES (13, 8, '2023-06-01', NULL);
INSERT INTO EMP_BRANCH_HISTORY (ID_Employee, ID_Branch, StartDate, EndDate) VALUES (84, 15, '2024-10-04', NULL);
INSERT INTO EMP_BRANCH_HISTORY (ID_Employee, ID_Branch, StartDate, EndDate) VALUES (27, 6, '2024-05-07', NULL);
INSERT INTO EMP_BRANCH_HISTORY (ID_Employee, ID_Branch, StartDate, EndDate) VALUES (179, 4, '2024-09-19', NULL);
INSERT INTO EMP_BRANCH_HISTORY (ID_Employee, ID_Branch, StartDate, EndDate) VALUES (179, 5, '2024-03-09', NULL);
INSERT INTO EMP_BRANCH_HISTORY (ID_Employee, ID_Branch, StartDate, EndDate) VALUES (124, 9, '2023-11-05', NULL);
INSERT INTO EMP_BRANCH_HISTORY (ID_Employee, ID_Branch, StartDate, EndDate) VALUES (225, 10, '2023-10-20', NULL);
INSERT INTO EMP_BRANCH_HISTORY (ID_Employee, ID_Branch, StartDate, EndDate) VALUES (58, 3, '2024-11-24', NULL);
INSERT INTO EMP_BRANCH_HISTORY (ID_Employee, ID_Branch, StartDate, EndDate) VALUES (197, 11, '2023-07-06', '2024-12-19');
INSERT INTO EMP_BRANCH_HISTORY (ID_Employee, ID_Branch, StartDate, EndDate) VALUES (99, 14, '2023-02-07', NULL);
INSERT INTO EMP_BRANCH_HISTORY (ID_Employee, ID_Branch, StartDate, EndDate) VALUES (220, 4, '2024-02-28', NULL);
INSERT INTO EMP_BRANCH_HISTORY (ID_Employee, ID_Branch, StartDate, EndDate) VALUES (42, 13, '2023-02-02', NULL);
INSERT INTO EMP_BRANCH_HISTORY (ID_Employee, ID_Branch, StartDate, EndDate) VALUES (146, 3, '2024-06-25', NULL);
INSERT INTO EMP_BRANCH_HISTORY (ID_Employee, ID_Branch, StartDate, EndDate) VALUES (22, 6, '2024-02-09', NULL);
INSERT INTO EMP_BRANCH_HISTORY (ID_Employee, ID_Branch, StartDate, EndDate) VALUES (41, 13, '2024-09-04', NULL);
INSERT INTO EMP_BRANCH_HISTORY (ID_Employee, ID_Branch, StartDate, EndDate) VALUES (2, 1, '2024-10-29', NULL);
INSERT INTO EMP_BRANCH_HISTORY (ID_Employee, ID_Branch, StartDate, EndDate) VALUES (68, 4, '2023-08-10', NULL);
INSERT INTO EMP_BRANCH_HISTORY (ID_Employee, ID_Branch, StartDate, EndDate) VALUES (128, 3, '2024-11-07', '2024-12-19');
INSERT INTO EMP_BRANCH_HISTORY (ID_Employee, ID_Branch, StartDate, EndDate) VALUES (147, 7, '2024-07-05', NULL);
INSERT INTO EMP_BRANCH_HISTORY (ID_Employee, ID_Branch, StartDate, EndDate) VALUES (3, 7, '2024-12-18', '2024-12-19');
INSERT INTO EMP_BRANCH_HISTORY (ID_Employee, ID_Branch, StartDate, EndDate) VALUES (120, 12, '2023-04-21', NULL);
INSERT INTO EMP_BRANCH_HISTORY (ID_Employee, ID_Branch, StartDate, EndDate) VALUES (17, 14, '2024-08-20', NULL);
INSERT INTO EMP_BRANCH_HISTORY (ID_Employee, ID_Branch, StartDate, EndDate) VALUES (223, 15, '2023-07-16', NULL);
INSERT INTO EMP_BRANCH_HISTORY (ID_Employee, ID_Branch, StartDate, EndDate) VALUES (219, 13, '2023-07-11', '2024-12-19');
INSERT INTO EMP_BRANCH_HISTORY (ID_Employee, ID_Branch, StartDate, EndDate) VALUES (30, 9, '2024-09-05', NULL);
INSERT INTO EMP_BRANCH_HISTORY (ID_Employee, ID_Branch, StartDate, EndDate) VALUES (166, 14, '2023-02-11', NULL);
INSERT INTO EMP_BRANCH_HISTORY (ID_Employee, ID_Branch, StartDate, EndDate) VALUES (7, 10, '2024-02-29', NULL);
INSERT INTO EMP_BRANCH_HISTORY (ID_Employee, ID_Branch, StartDate, EndDate) VALUES (55, 9, '2024-02-22', NULL);
INSERT INTO EMP_BRANCH_HISTORY (ID_Employee, ID_Branch, StartDate, EndDate) VALUES (214, 15, '2023-01-12', NULL);
INSERT INTO EMP_BRANCH_HISTORY (ID_Employee, ID_Branch, StartDate, EndDate) VALUES (111, 3, '2024-09-27', NULL);
INSERT INTO EMP_BRANCH_HISTORY (ID_Employee, ID_Branch, StartDate, EndDate) VALUES (205, 10, '2024-06-14', NULL);
INSERT INTO EMP_BRANCH_HISTORY (ID_Employee, ID_Branch, StartDate, EndDate) VALUES (61, 7, '2023-10-01', NULL);
INSERT INTO EMP_BRANCH_HISTORY (ID_Employee, ID_Branch, StartDate, EndDate) VALUES (109, 6, '2023-07-10', NULL);
INSERT INTO EMP_BRANCH_HISTORY (ID_Employee, ID_Branch, StartDate, EndDate) VALUES (28, 2, '2023-09-29', NULL);
INSERT INTO EMP_BRANCH_HISTORY (ID_Employee, ID_Branch, StartDate, EndDate) VALUES (99, 4, '2023-06-17', NULL);
INSERT INTO EMP_BRANCH_HISTORY (ID_Employee, ID_Branch, StartDate, EndDate) VALUES (207, 12, '2023-12-16', NULL);
INSERT INTO EMP_BRANCH_HISTORY (ID_Employee, ID_Branch, StartDate, EndDate) VALUES (74, 10, '2024-02-23', NULL);
INSERT INTO EMP_BRANCH_HISTORY (ID_Employee, ID_Branch, StartDate, EndDate) VALUES (49, 1, '2023-10-07', NULL);
INSERT INTO EMP_BRANCH_HISTORY (ID_Employee, ID_Branch, StartDate, EndDate) VALUES (31, 9, '2023-12-27', NULL);
INSERT INTO EMP_BRANCH_HISTORY (ID_Employee, ID_Branch, StartDate, EndDate) VALUES (190, 9, '2024-04-08', NULL);
INSERT INTO EMP_BRANCH_HISTORY (ID_Employee, ID_Branch, StartDate, EndDate) VALUES (173, 8, '2023-02-25', NULL);
INSERT INTO EMP_BRANCH_HISTORY (ID_Employee, ID_Branch, StartDate, EndDate) VALUES (107, 11, '2024-10-25', NULL);
INSERT INTO EMP_BRANCH_HISTORY (ID_Employee, ID_Branch, StartDate, EndDate) VALUES (10, 15, '2023-12-26', NULL);
INSERT INTO EMP_BRANCH_HISTORY (ID_Employee, ID_Branch, StartDate, EndDate) VALUES (3, 5, '2024-07-10', '2024-12-19');
INSERT INTO EMP_BRANCH_HISTORY (ID_Employee, ID_Branch, StartDate, EndDate) VALUES (116, 3, '2024-07-05', NULL);
INSERT INTO EMP_BRANCH_HISTORY (ID_Employee, ID_Branch, StartDate, EndDate) VALUES (52, 5, '2024-10-05', NULL);
INSERT INTO EMP_BRANCH_HISTORY (ID_Employee, ID_Branch, StartDate, EndDate) VALUES (11, 12, '2023-01-25', NULL);
INSERT INTO EMP_BRANCH_HISTORY (ID_Employee, ID_Branch, StartDate, EndDate) VALUES (99, 12, '2023-07-18', NULL);
INSERT INTO EMP_BRANCH_HISTORY (ID_Employee, ID_Branch, StartDate, EndDate) VALUES (214, 4, '2024-06-30', NULL);
INSERT INTO EMP_BRANCH_HISTORY (ID_Employee, ID_Branch, StartDate, EndDate) VALUES (90, 7, '2024-10-24', NULL);
INSERT INTO EMP_BRANCH_HISTORY (ID_Employee, ID_Branch, StartDate, EndDate) VALUES (71, 10, '2024-04-15', NULL);
INSERT INTO EMP_BRANCH_HISTORY (ID_Employee, ID_Branch, StartDate, EndDate) VALUES (168, 14, '2023-04-07', NULL);
INSERT INTO EMP_BRANCH_HISTORY (ID_Employee, ID_Branch, StartDate, EndDate) VALUES (50, 11, '2024-08-13', NULL);
INSERT INTO EMP_BRANCH_HISTORY (ID_Employee, ID_Branch, StartDate, EndDate) VALUES (181, 9, '2024-09-12', NULL);
INSERT INTO EMP_BRANCH_HISTORY (ID_Employee, ID_Branch, StartDate, EndDate) VALUES (176, 7, '2024-04-03', NULL);
INSERT INTO EMP_BRANCH_HISTORY (ID_Employee, ID_Branch, StartDate, EndDate) VALUES (167, 8, '2023-07-27', '2024-12-19');
INSERT INTO EMP_BRANCH_HISTORY (ID_Employee, ID_Branch, StartDate, EndDate) VALUES (198, 15, '2023-06-17', NULL);
INSERT INTO EMP_BRANCH_HISTORY (ID_Employee, ID_Branch, StartDate, EndDate) VALUES (169, 3, '2024-05-31', NULL);
INSERT INTO EMP_BRANCH_HISTORY (ID_Employee, ID_Branch, StartDate, EndDate) VALUES (14, 13, '2023-02-05', NULL);
INSERT INTO EMP_BRANCH_HISTORY (ID_Employee, ID_Branch, StartDate, EndDate) VALUES (147, 12, '2023-02-04', NULL);
INSERT INTO EMP_BRANCH_HISTORY (ID_Employee, ID_Branch, StartDate, EndDate) VALUES (92, 5, '2024-11-03', '2024-12-19');
INSERT INTO EMP_BRANCH_HISTORY (ID_Employee, ID_Branch, StartDate, EndDate) VALUES (107, 5, '2023-11-02', NULL);
INSERT INTO EMP_BRANCH_HISTORY (ID_Employee, ID_Branch, StartDate, EndDate) VALUES (87, 5, '2023-06-12', NULL);
INSERT INTO EMP_BRANCH_HISTORY (ID_Employee, ID_Branch, StartDate, EndDate) VALUES (75, 8, '2024-05-01', NULL);
INSERT INTO EMP_BRANCH_HISTORY (ID_Employee, ID_Branch, StartDate, EndDate) VALUES (47, 15, '2024-05-30', NULL);
INSERT INTO EMP_BRANCH_HISTORY (ID_Employee, ID_Branch, StartDate, EndDate) VALUES (108, 7, '2024-10-19', NULL);
INSERT INTO EMP_BRANCH_HISTORY (ID_Employee, ID_Branch, StartDate, EndDate) VALUES (56, 5, '2024-03-05', NULL);
INSERT INTO EMP_BRANCH_HISTORY (ID_Employee, ID_Branch, StartDate, EndDate) VALUES (91, 9, '2024-05-21', NULL);
INSERT INTO EMP_BRANCH_HISTORY (ID_Employee, ID_Branch, StartDate, EndDate) VALUES (89, 7, '2023-01-02', NULL);
INSERT INTO EMP_BRANCH_HISTORY (ID_Employee, ID_Branch, StartDate, EndDate) VALUES (163, 1, '2023-01-23', NULL);
INSERT INTO EMP_BRANCH_HISTORY (ID_Employee, ID_Branch, StartDate, EndDate) VALUES (126, 11, '2024-02-24', NULL);
INSERT INTO EMP_BRANCH_HISTORY (ID_Employee, ID_Branch, StartDate, EndDate) VALUES (75, 4, '2024-11-20', NULL);
INSERT INTO EMP_BRANCH_HISTORY (ID_Employee, ID_Branch, StartDate, EndDate) VALUES (217, 4, '2023-09-28', NULL);
INSERT INTO EMP_BRANCH_HISTORY (ID_Employee, ID_Branch, StartDate, EndDate) VALUES (66, 12, '2024-12-08', NULL);
INSERT INTO EMP_BRANCH_HISTORY (ID_Employee, ID_Branch, StartDate, EndDate) VALUES (24, 1, '2024-02-24', NULL);
INSERT INTO EMP_BRANCH_HISTORY (ID_Employee, ID_Branch, StartDate, EndDate) VALUES (111, 6, '2023-05-01', NULL);
INSERT INTO EMP_BRANCH_HISTORY (ID_Employee, ID_Branch, StartDate, EndDate) VALUES (22, 13, '2023-01-19', NULL);
INSERT INTO EMP_BRANCH_HISTORY (ID_Employee, ID_Branch, StartDate, EndDate) VALUES (163, 13, '2024-11-23', NULL);
INSERT INTO EMP_BRANCH_HISTORY (ID_Employee, ID_Branch, StartDate, EndDate) VALUES (186, 8, '2024-05-27', NULL);
INSERT INTO EMP_BRANCH_HISTORY (ID_Employee, ID_Branch, StartDate, EndDate) VALUES (183, 3, '2024-03-14', '2024-12-19');
INSERT INTO EMP_BRANCH_HISTORY (ID_Employee, ID_Branch, StartDate, EndDate) VALUES (217, 9, '2024-07-26', NULL);
INSERT INTO EMP_BRANCH_HISTORY (ID_Employee, ID_Branch, StartDate, EndDate) VALUES (120, 2, '2024-02-08', NULL);
INSERT INTO EMP_BRANCH_HISTORY (ID_Employee, ID_Branch, StartDate, EndDate) VALUES (178, 7, '2024-09-19', NULL);
INSERT INTO EMP_BRANCH_HISTORY (ID_Employee, ID_Branch, StartDate, EndDate) VALUES (148, 12, '2024-11-11', NULL);
INSERT INTO EMP_BRANCH_HISTORY (ID_Employee, ID_Branch, StartDate, EndDate) VALUES (223, 5, '2024-12-04', NULL);
INSERT INTO EMP_BRANCH_HISTORY (ID_Employee, ID_Branch, StartDate, EndDate) VALUES (195, 5, '2023-01-12', NULL);
INSERT INTO EMP_BRANCH_HISTORY (ID_Employee, ID_Branch, StartDate, EndDate) VALUES (27, 4, '2024-02-17', NULL);
INSERT INTO EMP_BRANCH_HISTORY (ID_Employee, ID_Branch, StartDate, EndDate) VALUES (48, 14, '2024-05-31', NULL);
INSERT INTO EMP_BRANCH_HISTORY (ID_Employee, ID_Branch, StartDate, EndDate) VALUES (220, 5, '2023-07-31', NULL);
INSERT INTO EMP_BRANCH_HISTORY (ID_Employee, ID_Branch, StartDate, EndDate) VALUES (2, 6, '2023-06-14', NULL);
INSERT INTO EMP_BRANCH_HISTORY (ID_Employee, ID_Branch, StartDate, EndDate) VALUES (159, 14, '2024-06-07', NULL);
INSERT INTO EMP_BRANCH_HISTORY (ID_Employee, ID_Branch, StartDate, EndDate) VALUES (62, 8, '2024-06-01', NULL);
INSERT INTO EMP_BRANCH_HISTORY (ID_Employee, ID_Branch, StartDate, EndDate) VALUES (150, 10, '2024-04-25', NULL);
INSERT INTO EMP_BRANCH_HISTORY (ID_Employee, ID_Branch, StartDate, EndDate) VALUES (200, 13, '2023-01-26', NULL);
INSERT INTO EMP_BRANCH_HISTORY (ID_Employee, ID_Branch, StartDate, EndDate) VALUES (168, 4, '2024-01-09', NULL);
INSERT INTO EMP_BRANCH_HISTORY (ID_Employee, ID_Branch, StartDate, EndDate) VALUES (122, 14, '2023-08-10', NULL);
INSERT INTO EMP_BRANCH_HISTORY (ID_Employee, ID_Branch, StartDate, EndDate) VALUES (175, 11, '2024-10-16', NULL);
INSERT INTO EMP_BRANCH_HISTORY (ID_Employee, ID_Branch, StartDate, EndDate) VALUES (3, 11, '2023-05-30', NULL);
INSERT INTO EMP_BRANCH_HISTORY (ID_Employee, ID_Branch, StartDate, EndDate) VALUES (106, 6, '2024-02-27', '2024-12-19');
INSERT INTO EMP_BRANCH_HISTORY (ID_Employee, ID_Branch, StartDate, EndDate) VALUES (123, 10, '2024-05-10', NULL);
INSERT INTO EMP_BRANCH_HISTORY (ID_Employee, ID_Branch, StartDate, EndDate) VALUES (212, 8, '2024-06-07', NULL);
INSERT INTO EMP_BRANCH_HISTORY (ID_Employee, ID_Branch, StartDate, EndDate) VALUES (47, 12, '2022-12-30', NULL);
INSERT INTO EMP_BRANCH_HISTORY (ID_Employee, ID_Branch, StartDate, EndDate) VALUES (136, 2, '2023-04-12', NULL);
INSERT INTO EMP_BRANCH_HISTORY (ID_Employee, ID_Branch, StartDate, EndDate) VALUES (31, 1, '2024-09-25', NULL);
INSERT INTO EMP_BRANCH_HISTORY (ID_Employee, ID_Branch, StartDate, EndDate) VALUES (221, 5, '2023-04-12', NULL);
INSERT INTO EMP_BRANCH_HISTORY (ID_Employee, ID_Branch, StartDate, EndDate) VALUES (46, 3, '2023-07-22', NULL);
INSERT INTO EMP_BRANCH_HISTORY (ID_Employee, ID_Branch, StartDate, EndDate) VALUES (41, 2, '2023-08-14', NULL);
INSERT INTO EMP_BRANCH_HISTORY (ID_Employee, ID_Branch, StartDate, EndDate) VALUES (188, 3, '2023-08-04', NULL);
INSERT INTO EMP_BRANCH_HISTORY (ID_Employee, ID_Branch, StartDate, EndDate) VALUES (43, 12, '2024-03-03', '2024-12-19');
INSERT INTO EMP_BRANCH_HISTORY (ID_Employee, ID_Branch, StartDate, EndDate) VALUES (6, 1, '2023-07-23', NULL);
INSERT INTO EMP_BRANCH_HISTORY (ID_Employee, ID_Branch, StartDate, EndDate) VALUES (148, 9, '2023-02-15', NULL);
INSERT INTO EMP_BRANCH_HISTORY (ID_Employee, ID_Branch, StartDate, EndDate) VALUES (82, 1, '2024-11-06', NULL);
INSERT INTO EMP_BRANCH_HISTORY (ID_Employee, ID_Branch, StartDate, EndDate) VALUES (140, 5, '2023-05-31', NULL);
INSERT INTO EMP_BRANCH_HISTORY (ID_Employee, ID_Branch, StartDate, EndDate) VALUES (97, 7, '2023-04-29', '2024-12-19');
INSERT INTO EMP_BRANCH_HISTORY (ID_Employee, ID_Branch, StartDate, EndDate) VALUES (67, 14, '2024-07-11', NULL);
INSERT INTO EMP_BRANCH_HISTORY (ID_Employee, ID_Branch, StartDate, EndDate) VALUES (75, 3, '2023-06-09', NULL);
INSERT INTO EMP_BRANCH_HISTORY (ID_Employee, ID_Branch, StartDate, EndDate) VALUES (204, 6, '2024-03-13', '2024-12-19');
INSERT INTO EMP_BRANCH_HISTORY (ID_Employee, ID_Branch, StartDate, EndDate) VALUES (203, 6, '2024-08-25', NULL);
INSERT INTO EMP_BRANCH_HISTORY (ID_Employee, ID_Branch, StartDate, EndDate) VALUES (131, 6, '2023-05-27', NULL);
INSERT INTO EMP_BRANCH_HISTORY (ID_Employee, ID_Branch, StartDate, EndDate) VALUES (95, 11, '2024-11-01', NULL);
INSERT INTO EMP_BRANCH_HISTORY (ID_Employee, ID_Branch, StartDate, EndDate) VALUES (150, 15, '2023-04-14', NULL);
INSERT INTO EMP_BRANCH_HISTORY (ID_Employee, ID_Branch, StartDate, EndDate) VALUES (16, 8, '2024-05-31', NULL);
INSERT INTO EMP_BRANCH_HISTORY (ID_Employee, ID_Branch, StartDate, EndDate) VALUES (40, 6, '2024-05-08', NULL);
INSERT INTO EMP_BRANCH_HISTORY (ID_Employee, ID_Branch, StartDate, EndDate) VALUES (154, 5, '2024-09-18', NULL);
INSERT INTO EMP_BRANCH_HISTORY (ID_Employee, ID_Branch, StartDate, EndDate) VALUES (23, 4, '2023-11-12', '2024-12-19');
INSERT INTO EMP_BRANCH_HISTORY (ID_Employee, ID_Branch, StartDate, EndDate) VALUES (46, 1, '2023-08-09', NULL);
INSERT INTO EMP_BRANCH_HISTORY (ID_Employee, ID_Branch, StartDate, EndDate) VALUES (223, 3, '2024-03-08', NULL);
INSERT INTO EMP_BRANCH_HISTORY (ID_Employee, ID_Branch, StartDate, EndDate) VALUES (101, 8, '2024-06-11', NULL);
INSERT INTO EMP_BRANCH_HISTORY (ID_Employee, ID_Branch, StartDate, EndDate) VALUES (24, 3, '2023-03-12', NULL);
INSERT INTO EMP_BRANCH_HISTORY (ID_Employee, ID_Branch, StartDate, EndDate) VALUES (147, 4, '2023-04-18', NULL);
INSERT INTO EMP_BRANCH_HISTORY (ID_Employee, ID_Branch, StartDate, EndDate) VALUES (180, 7, '2024-08-22', NULL);
INSERT INTO EMP_BRANCH_HISTORY (ID_Employee, ID_Branch, StartDate, EndDate) VALUES (143, 15, '2024-02-20', NULL);
INSERT INTO EMP_BRANCH_HISTORY (ID_Employee, ID_Branch, StartDate, EndDate) VALUES (49, 8, '2023-03-25', NULL);
INSERT INTO EMP_BRANCH_HISTORY (ID_Employee, ID_Branch, StartDate, EndDate) VALUES (31, 12, '2024-03-22', NULL);
INSERT INTO EMP_BRANCH_HISTORY (ID_Employee, ID_Branch, StartDate, EndDate) VALUES (211, 12, '2023-01-06', NULL);
INSERT INTO EMP_BRANCH_HISTORY (ID_Employee, ID_Branch, StartDate, EndDate) VALUES (189, 1, '2024-08-21', NULL);
INSERT INTO EMP_BRANCH_HISTORY (ID_Employee, ID_Branch, StartDate, EndDate) VALUES (121, 13, '2024-01-23', '2024-12-19');
INSERT INTO EMP_BRANCH_HISTORY (ID_Employee, ID_Branch, StartDate, EndDate) VALUES (41, 15, '2022-12-25', NULL);
INSERT INTO EMP_BRANCH_HISTORY (ID_Employee, ID_Branch, StartDate, EndDate) VALUES (26, 1, '2024-03-08', NULL);
INSERT INTO EMP_BRANCH_HISTORY (ID_Employee, ID_Branch, StartDate, EndDate) VALUES (97, 9, '2023-12-09', NULL);
INSERT INTO EMP_BRANCH_HISTORY (ID_Employee, ID_Branch, StartDate, EndDate) VALUES (196, 12, '2023-09-18', NULL);
INSERT INTO EMP_BRANCH_HISTORY (ID_Employee, ID_Branch, StartDate, EndDate) VALUES (158, 2, '2023-10-16', NULL);
INSERT INTO EMP_BRANCH_HISTORY (ID_Employee, ID_Branch, StartDate, EndDate) VALUES (69, 8, '2024-10-08', NULL);
INSERT INTO EMP_BRANCH_HISTORY (ID_Employee, ID_Branch, StartDate, EndDate) VALUES (179, 2, '2024-07-02', '2024-12-19');
INSERT INTO EMP_BRANCH_HISTORY (ID_Employee, ID_Branch, StartDate, EndDate) VALUES (81, 3, '2022-12-29', NULL);
INSERT INTO EMP_BRANCH_HISTORY (ID_Employee, ID_Branch, StartDate, EndDate) VALUES (132, 15, '2024-06-25', NULL);
INSERT INTO EMP_BRANCH_HISTORY (ID_Employee, ID_Branch, StartDate, EndDate) VALUES (148, 4, '2024-06-29', NULL);
INSERT INTO EMP_BRANCH_HISTORY (ID_Employee, ID_Branch, StartDate, EndDate) VALUES (136, 3, '2024-02-20', NULL);
INSERT INTO EMP_BRANCH_HISTORY (ID_Employee, ID_Branch, StartDate, EndDate) VALUES (153, 7, '2023-06-19', NULL);
INSERT INTO EMP_BRANCH_HISTORY (ID_Employee, ID_Branch, StartDate, EndDate) VALUES (196, 1, '2023-03-11', NULL);
INSERT INTO EMP_BRANCH_HISTORY (ID_Employee, ID_Branch, StartDate, EndDate) VALUES (198, 7, '2023-01-12', NULL);
INSERT INTO EMP_BRANCH_HISTORY (ID_Employee, ID_Branch, StartDate, EndDate) VALUES (14, 8, '2024-05-31', NULL);
INSERT INTO EMP_BRANCH_HISTORY (ID_Employee, ID_Branch, StartDate, EndDate) VALUES (9, 7, '2023-10-01', NULL);
INSERT INTO EMP_BRANCH_HISTORY (ID_Employee, ID_Branch, StartDate, EndDate) VALUES (160, 6, '2024-04-09', NULL);
INSERT INTO EMP_BRANCH_HISTORY (ID_Employee, ID_Branch, StartDate, EndDate) VALUES (158, 1, '2023-08-06', NULL);
INSERT INTO EMP_BRANCH_HISTORY (ID_Employee, ID_Branch, StartDate, EndDate) VALUES (191, 4, '2023-03-26', NULL);
INSERT INTO EMP_BRANCH_HISTORY (ID_Employee, ID_Branch, StartDate, EndDate) VALUES (119, 15, '2024-12-04', NULL);
INSERT INTO EMP_BRANCH_HISTORY (ID_Employee, ID_Branch, StartDate, EndDate) VALUES (189, 5, '2024-03-18', NULL);
INSERT INTO EMP_BRANCH_HISTORY (ID_Employee, ID_Branch, StartDate, EndDate) VALUES (174, 1, '2024-01-02', NULL);
INSERT INTO EMP_BRANCH_HISTORY (ID_Employee, ID_Branch, StartDate, EndDate) VALUES (21, 15, '2023-08-26', NULL);
INSERT INTO EMP_BRANCH_HISTORY (ID_Employee, ID_Branch, StartDate, EndDate) VALUES (26, 11, '2023-01-01', NULL);
INSERT INTO EMP_BRANCH_HISTORY (ID_Employee, ID_Branch, StartDate, EndDate) VALUES (62, 11, '2024-02-28', NULL);
INSERT INTO EMP_BRANCH_HISTORY (ID_Employee, ID_Branch, StartDate, EndDate) VALUES (14, 6, '2023-11-09', NULL);
INSERT INTO EMP_BRANCH_HISTORY (ID_Employee, ID_Branch, StartDate, EndDate) VALUES (69, 6, '2023-03-25', NULL);
INSERT INTO EMP_BRANCH_HISTORY (ID_Employee, ID_Branch, StartDate, EndDate) VALUES (91, 10, '2023-10-16', NULL);
INSERT INTO EMP_BRANCH_HISTORY (ID_Employee, ID_Branch, StartDate, EndDate) VALUES (41, 4, '2023-01-17', '2024-12-19');
INSERT INTO EMP_BRANCH_HISTORY (ID_Employee, ID_Branch, StartDate, EndDate) VALUES (60, 4, '2023-04-15', '2024-12-19');
INSERT INTO EMP_BRANCH_HISTORY (ID_Employee, ID_Branch, StartDate, EndDate) VALUES (151, 9, '2024-04-22', NULL);
INSERT INTO EMP_BRANCH_HISTORY (ID_Employee, ID_Branch, StartDate, EndDate) VALUES (171, 12, '2023-07-25', NULL);
INSERT INTO EMP_BRANCH_HISTORY (ID_Employee, ID_Branch, StartDate, EndDate) VALUES (218, 11, '2023-04-22', NULL);
INSERT INTO EMP_BRANCH_HISTORY (ID_Employee, ID_Branch, StartDate, EndDate) VALUES (201, 7, '2024-11-11', NULL);
INSERT INTO EMP_BRANCH_HISTORY (ID_Employee, ID_Branch, StartDate, EndDate) VALUES (49, 15, '2024-05-12', '2024-12-19');
INSERT INTO EMP_BRANCH_HISTORY (ID_Employee, ID_Branch, StartDate, EndDate) VALUES (27, 3, '2024-05-23', NULL);
INSERT INTO EMP_BRANCH_HISTORY (ID_Employee, ID_Branch, StartDate, EndDate) VALUES (53, 4, '2024-08-01', '2024-12-19');
INSERT INTO EMP_BRANCH_HISTORY (ID_Employee, ID_Branch, StartDate, EndDate) VALUES (73, 4, '2024-05-17', NULL);
INSERT INTO EMP_BRANCH_HISTORY (ID_Employee, ID_Branch, StartDate, EndDate) VALUES (203, 13, '2023-02-25', NULL);
INSERT INTO EMP_BRANCH_HISTORY (ID_Employee, ID_Branch, StartDate, EndDate) VALUES (134, 12, '2023-02-17', NULL);
INSERT INTO EMP_BRANCH_HISTORY (ID_Employee, ID_Branch, StartDate, EndDate) VALUES (130, 10, '2023-06-11', NULL);
INSERT INTO EMP_BRANCH_HISTORY (ID_Employee, ID_Branch, StartDate, EndDate) VALUES (55, 12, '2023-03-25', NULL);
INSERT INTO EMP_BRANCH_HISTORY (ID_Employee, ID_Branch, StartDate, EndDate) VALUES (165, 1, '2024-01-16', NULL);
INSERT INTO EMP_BRANCH_HISTORY (ID_Employee, ID_Branch, StartDate, EndDate) VALUES (35, 7, '2024-09-19', NULL);
INSERT INTO EMP_BRANCH_HISTORY (ID_Employee, ID_Branch, StartDate, EndDate) VALUES (94, 5, '2023-04-04', NULL);
INSERT INTO EMP_BRANCH_HISTORY (ID_Employee, ID_Branch, StartDate, EndDate) VALUES (109, 11, '2022-12-29', NULL);
INSERT INTO EMP_BRANCH_HISTORY (ID_Employee, ID_Branch, StartDate, EndDate) VALUES (142, 4, '2023-04-28', NULL);
INSERT INTO EMP_BRANCH_HISTORY (ID_Employee, ID_Branch, StartDate, EndDate) VALUES (45, 14, '2024-03-14', NULL);
INSERT INTO EMP_BRANCH_HISTORY (ID_Employee, ID_Branch, StartDate, EndDate) VALUES (70, 3, '2023-03-14', NULL);
INSERT INTO EMP_BRANCH_HISTORY (ID_Employee, ID_Branch, StartDate, EndDate) VALUES (146, 15, '2024-07-01', '2024-12-19');
INSERT INTO EMP_BRANCH_HISTORY (ID_Employee, ID_Branch, StartDate, EndDate) VALUES (199, 13, '2024-01-03', NULL);
INSERT INTO EMP_BRANCH_HISTORY (ID_Employee, ID_Branch, StartDate, EndDate) VALUES (29, 5, '2024-01-05', NULL);
INSERT INTO EMP_BRANCH_HISTORY (ID_Employee, ID_Branch, StartDate, EndDate) VALUES (155, 2, '2024-04-18', NULL);
INSERT INTO EMP_BRANCH_HISTORY (ID_Employee, ID_Branch, StartDate, EndDate) VALUES (165, 11, '2024-12-17', '2024-12-19');
INSERT INTO EMP_BRANCH_HISTORY (ID_Employee, ID_Branch, StartDate, EndDate) VALUES (88, 3, '2024-06-17', NULL);
INSERT INTO EMP_BRANCH_HISTORY (ID_Employee, ID_Branch, StartDate, EndDate) VALUES (76, 13, '2023-07-12', NULL);
INSERT INTO EMP_BRANCH_HISTORY (ID_Employee, ID_Branch, StartDate, EndDate) VALUES (146, 5, '2024-11-10', NULL);
INSERT INTO EMP_BRANCH_HISTORY (ID_Employee, ID_Branch, StartDate, EndDate) VALUES (13, 12, '2024-03-22', NULL);
INSERT INTO EMP_BRANCH_HISTORY (ID_Employee, ID_Branch, StartDate, EndDate) VALUES (133, 9, '2023-07-11', NULL);
INSERT INTO EMP_BRANCH_HISTORY (ID_Employee, ID_Branch, StartDate, EndDate) VALUES (222, 13, '2023-12-22', NULL);
INSERT INTO EMP_BRANCH_HISTORY (ID_Employee, ID_Branch, StartDate, EndDate) VALUES (201, 11, '2024-09-02', NULL);
INSERT INTO EMP_BRANCH_HISTORY (ID_Employee, ID_Branch, StartDate, EndDate) VALUES (213, 1, '2024-04-19', NULL);
INSERT INTO EMP_BRANCH_HISTORY (ID_Employee, ID_Branch, StartDate, EndDate) VALUES (80, 13, '2024-02-22', NULL);
INSERT INTO EMP_BRANCH_HISTORY (ID_Employee, ID_Branch, StartDate, EndDate) VALUES (172, 14, '2023-09-26', NULL);
INSERT INTO EMP_BRANCH_HISTORY (ID_Employee, ID_Branch, StartDate, EndDate) VALUES (211, 14, '2024-06-26', NULL);
INSERT INTO EMP_BRANCH_HISTORY (ID_Employee, ID_Branch, StartDate, EndDate) VALUES (127, 6, '2023-01-06', NULL);
INSERT INTO EMP_BRANCH_HISTORY (ID_Employee, ID_Branch, StartDate, EndDate) VALUES (107, 6, '2023-07-16', NULL);
INSERT INTO EMP_BRANCH_HISTORY (ID_Employee, ID_Branch, StartDate, EndDate) VALUES (58, 4, '2024-05-25', NULL);
INSERT INTO EMP_BRANCH_HISTORY (ID_Employee, ID_Branch, StartDate, EndDate) VALUES (54, 5, '2023-12-30', NULL);
INSERT INTO EMP_BRANCH_HISTORY (ID_Employee, ID_Branch, StartDate, EndDate) VALUES (87, 12, '2023-06-24', NULL);
INSERT INTO EMP_BRANCH_HISTORY (ID_Employee, ID_Branch, StartDate, EndDate) VALUES (196, 3, '2024-12-05', NULL);
INSERT INTO EMP_BRANCH_HISTORY (ID_Employee, ID_Branch, StartDate, EndDate) VALUES (215, 15, '2023-05-19', NULL);
INSERT INTO EMP_BRANCH_HISTORY (ID_Employee, ID_Branch, StartDate, EndDate) VALUES (114, 12, '2023-11-11', NULL);
INSERT INTO EMP_BRANCH_HISTORY (ID_Employee, ID_Branch, StartDate, EndDate) VALUES (219, 3, '2024-12-17', NULL);
INSERT INTO EMP_BRANCH_HISTORY (ID_Employee, ID_Branch, StartDate, EndDate) VALUES (96, 12, '2023-04-21', NULL);
INSERT INTO EMP_BRANCH_HISTORY (ID_Employee, ID_Branch, StartDate, EndDate) VALUES (6, 5, '2024-10-10', NULL);
INSERT INTO EMP_BRANCH_HISTORY (ID_Employee, ID_Branch, StartDate, EndDate) VALUES (29, 10, '2024-12-10', NULL);
INSERT INTO EMP_BRANCH_HISTORY (ID_Employee, ID_Branch, StartDate, EndDate) VALUES (77, 1, '2024-02-16', NULL);
INSERT INTO EMP_BRANCH_HISTORY (ID_Employee, ID_Branch, StartDate, EndDate) VALUES (214, 1, '2023-02-10', NULL);
INSERT INTO EMP_BRANCH_HISTORY (ID_Employee, ID_Branch, StartDate, EndDate) VALUES (223, 2, '2024-07-20', NULL);
INSERT INTO EMP_BRANCH_HISTORY (ID_Employee, ID_Branch, StartDate, EndDate) VALUES (89, 14, '2023-04-20', '2024-12-19');
INSERT INTO EMP_BRANCH_HISTORY (ID_Employee, ID_Branch, StartDate, EndDate) VALUES (174, 12, '2024-04-08', '2024-12-19');
INSERT INTO EMP_BRANCH_HISTORY (ID_Employee, ID_Branch, StartDate, EndDate) VALUES (123, 3, '2023-04-01', NULL);
INSERT INTO EMP_BRANCH_HISTORY (ID_Employee, ID_Branch, StartDate, EndDate) VALUES (141, 10, '2024-04-13', NULL);
INSERT INTO EMP_BRANCH_HISTORY (ID_Employee, ID_Branch, StartDate, EndDate) VALUES (156, 13, '2024-04-10', NULL);
INSERT INTO EMP_BRANCH_HISTORY (ID_Employee, ID_Branch, StartDate, EndDate) VALUES (185, 5, '2022-12-22', NULL);
INSERT INTO EMP_BRANCH_HISTORY (ID_Employee, ID_Branch, StartDate, EndDate) VALUES (55, 5, '2023-03-16', NULL);
INSERT INTO EMP_BRANCH_HISTORY (ID_Employee, ID_Branch, StartDate, EndDate) VALUES (217, 11, '2024-07-25', '2024-12-19');
INSERT INTO EMP_BRANCH_HISTORY (ID_Employee, ID_Branch, StartDate, EndDate) VALUES (67, 13, '2023-12-04', NULL);
INSERT INTO EMP_BRANCH_HISTORY (ID_Employee, ID_Branch, StartDate, EndDate) VALUES (150, 1, '2024-09-12', NULL);
INSERT INTO EMP_BRANCH_HISTORY (ID_Employee, ID_Branch, StartDate, EndDate) VALUES (38, 11, '2023-05-11', NULL);
INSERT INTO EMP_BRANCH_HISTORY (ID_Employee, ID_Branch, StartDate, EndDate) VALUES (1, 14, '2024-02-19', NULL);
INSERT INTO EMP_BRANCH_HISTORY (ID_Employee, ID_Branch, StartDate, EndDate) VALUES (30, 14, '2023-06-19', NULL);
INSERT INTO EMP_BRANCH_HISTORY (ID_Employee, ID_Branch, StartDate, EndDate) VALUES (107, 9, '2023-07-27', NULL);
INSERT INTO EMP_BRANCH_HISTORY (ID_Employee, ID_Branch, StartDate, EndDate) VALUES (170, 5, '2023-02-27', NULL);
INSERT INTO EMP_BRANCH_HISTORY (ID_Employee, ID_Branch, StartDate, EndDate) VALUES (60, 3, '2023-06-25', NULL);
INSERT INTO EMP_BRANCH_HISTORY (ID_Employee, ID_Branch, StartDate, EndDate) VALUES (12, 8, '2023-09-02', NULL);
INSERT INTO EMP_BRANCH_HISTORY (ID_Employee, ID_Branch, StartDate, EndDate) VALUES (216, 12, '2024-12-02', NULL);
INSERT INTO EMP_BRANCH_HISTORY (ID_Employee, ID_Branch, StartDate, EndDate) VALUES (199, 8, '2024-03-11', NULL);
INSERT INTO EMP_BRANCH_HISTORY (ID_Employee, ID_Branch, StartDate, EndDate) VALUES (213, 5, '2023-08-15', NULL);
INSERT INTO EMP_BRANCH_HISTORY (ID_Employee, ID_Branch, StartDate, EndDate) VALUES (147, 2, '2023-07-15', NULL);
INSERT INTO EMP_BRANCH_HISTORY (ID_Employee, ID_Branch, StartDate, EndDate) VALUES (69, 4, '2023-10-11', NULL);
INSERT INTO EMP_BRANCH_HISTORY (ID_Employee, ID_Branch, StartDate, EndDate) VALUES (182, 5, '2023-12-19', NULL);
INSERT INTO EMP_BRANCH_HISTORY (ID_Employee, ID_Branch, StartDate, EndDate) VALUES (93, 3, '2023-08-15', NULL);
INSERT INTO EMP_BRANCH_HISTORY (ID_Employee, ID_Branch, StartDate, EndDate) VALUES (197, 12, '2024-03-23', NULL);
INSERT INTO EMP_BRANCH_HISTORY (ID_Employee, ID_Branch, StartDate, EndDate) VALUES (65, 8, '2024-11-09', NULL);
INSERT INTO EMP_BRANCH_HISTORY (ID_Employee, ID_Branch, StartDate, EndDate) VALUES (153, 6, '2023-01-19', NULL);
INSERT INTO EMP_BRANCH_HISTORY (ID_Employee, ID_Branch, StartDate, EndDate) VALUES (67, 1, '2024-09-05', NULL);
INSERT INTO EMP_BRANCH_HISTORY (ID_Employee, ID_Branch, StartDate, EndDate) VALUES (52, 14, '2024-06-23', NULL);
INSERT INTO EMP_BRANCH_HISTORY (ID_Employee, ID_Branch, StartDate, EndDate) VALUES (108, 4, '2024-11-10', NULL);
INSERT INTO EMP_BRANCH_HISTORY (ID_Employee, ID_Branch, StartDate, EndDate) VALUES (220, 12, '2023-11-18', NULL);
INSERT INTO EMP_BRANCH_HISTORY (ID_Employee, ID_Branch, StartDate, EndDate) VALUES (157, 3, '2024-04-12', NULL);
INSERT INTO EMP_BRANCH_HISTORY (ID_Employee, ID_Branch, StartDate, EndDate) VALUES (36, 14, '2023-10-02', NULL);
INSERT INTO EMP_BRANCH_HISTORY (ID_Employee, ID_Branch, StartDate, EndDate) VALUES (133, 10, '2023-12-24', NULL);
INSERT INTO EMP_BRANCH_HISTORY (ID_Employee, ID_Branch, StartDate, EndDate) VALUES (158, 11, '2023-06-24', '2024-12-19');
INSERT INTO EMP_BRANCH_HISTORY (ID_Employee, ID_Branch, StartDate, EndDate) VALUES (199, 4, '2024-08-04', NULL);
INSERT INTO EMP_BRANCH_HISTORY (ID_Employee, ID_Branch, StartDate, EndDate) VALUES (6, 2, '2023-12-16', NULL);
INSERT INTO EMP_BRANCH_HISTORY (ID_Employee, ID_Branch, StartDate, EndDate) VALUES (102, 9, '2023-03-15', NULL);
INSERT INTO EMP_BRANCH_HISTORY (ID_Employee, ID_Branch, StartDate, EndDate) VALUES (190, 12, '2023-04-12', NULL);
INSERT INTO EMP_BRANCH_HISTORY (ID_Employee, ID_Branch, StartDate, EndDate) VALUES (194, 3, '2023-08-24', '2024-12-19');
INSERT INTO EMP_BRANCH_HISTORY (ID_Employee, ID_Branch, StartDate, EndDate) VALUES (87, 1, '2023-03-20', NULL);
INSERT INTO EMP_BRANCH_HISTORY (ID_Employee, ID_Branch, StartDate, EndDate) VALUES (61, 12, '2024-03-18', NULL);
INSERT INTO EMP_BRANCH_HISTORY (ID_Employee, ID_Branch, StartDate, EndDate) VALUES (185, 9, '2023-10-21', NULL);
INSERT INTO EMP_BRANCH_HISTORY (ID_Employee, ID_Branch, StartDate, EndDate) VALUES (152, 6, '2024-07-06', '2024-12-19');
INSERT INTO EMP_BRANCH_HISTORY (ID_Employee, ID_Branch, StartDate, EndDate) VALUES (185, 14, '2024-11-20', NULL);
INSERT INTO EMP_BRANCH_HISTORY (ID_Employee, ID_Branch, StartDate, EndDate) VALUES (120, 5, '2023-11-07', NULL);
INSERT INTO EMP_BRANCH_HISTORY (ID_Employee, ID_Branch, StartDate, EndDate) VALUES (3, 2, '2024-10-28', NULL);
INSERT INTO EMP_BRANCH_HISTORY (ID_Employee, ID_Branch, StartDate, EndDate) VALUES (150, 11, '2024-07-14', NULL);
INSERT INTO EMP_BRANCH_HISTORY (ID_Employee, ID_Branch, StartDate, EndDate) VALUES (199, 5, '2022-12-21', NULL);
INSERT INTO EMP_BRANCH_HISTORY (ID_Employee, ID_Branch, StartDate, EndDate) VALUES (80, 10, '2023-01-02', NULL);
INSERT INTO EMP_BRANCH_HISTORY (ID_Employee, ID_Branch, StartDate, EndDate) VALUES (67, 8, '2023-01-22', NULL);
INSERT INTO EMP_BRANCH_HISTORY (ID_Employee, ID_Branch, StartDate, EndDate) VALUES (217, 14, '2024-03-27', NULL);
INSERT INTO EMP_BRANCH_HISTORY (ID_Employee, ID_Branch, StartDate, EndDate) VALUES (154, 14, '2023-06-11', '2024-12-19');
INSERT INTO EMP_BRANCH_HISTORY (ID_Employee, ID_Branch, StartDate, EndDate) VALUES (108, 13, '2024-08-15', NULL);
INSERT INTO EMP_BRANCH_HISTORY (ID_Employee, ID_Branch, StartDate, EndDate) VALUES (125, 15, '2024-02-15', NULL);
INSERT INTO EMP_BRANCH_HISTORY (ID_Employee, ID_Branch, StartDate, EndDate) VALUES (1, 13, '2024-02-16', NULL);
INSERT INTO EMP_BRANCH_HISTORY (ID_Employee, ID_Branch, StartDate, EndDate) VALUES (134, 9, '2024-02-28', NULL);
INSERT INTO EMP_BRANCH_HISTORY (ID_Employee, ID_Branch, StartDate, EndDate) VALUES (216, 10, '2024-02-02', NULL);
INSERT INTO EMP_BRANCH_HISTORY (ID_Employee, ID_Branch, StartDate, EndDate) VALUES (134, 1, '2023-03-26', NULL);
INSERT INTO EMP_BRANCH_HISTORY (ID_Employee, ID_Branch, StartDate, EndDate) VALUES (58, 1, '2024-10-05', NULL);
INSERT INTO EMP_BRANCH_HISTORY (ID_Employee, ID_Branch, StartDate, EndDate) VALUES (87, 7, '2023-05-11', NULL);
INSERT INTO EMP_BRANCH_HISTORY (ID_Employee, ID_Branch, StartDate, EndDate) VALUES (214, 13, '2024-01-12', NULL);
INSERT INTO EMP_BRANCH_HISTORY (ID_Employee, ID_Branch, StartDate, EndDate) VALUES (15, 7, '2023-12-26', NULL);
INSERT INTO EMP_BRANCH_HISTORY (ID_Employee, ID_Branch, StartDate, EndDate) VALUES (47, 8, '2024-12-19', '2024-12-19');
INSERT INTO EMP_BRANCH_HISTORY (ID_Employee, ID_Branch, StartDate, EndDate) VALUES (126, 10, '2024-08-03', NULL);
INSERT INTO EMP_BRANCH_HISTORY (ID_Employee, ID_Branch, StartDate, EndDate) VALUES (113, 14, '2024-07-21', NULL);
INSERT INTO EMP_BRANCH_HISTORY (ID_Employee, ID_Branch, StartDate, EndDate) VALUES (107, 12, '2023-02-04', NULL);
INSERT INTO EMP_BRANCH_HISTORY (ID_Employee, ID_Branch, StartDate, EndDate) VALUES (131, 10, '2024-02-28', NULL);
INSERT INTO EMP_BRANCH_HISTORY (ID_Employee, ID_Branch, StartDate, EndDate) VALUES (145, 5, '2024-01-19', NULL);
INSERT INTO EMP_BRANCH_HISTORY (ID_Employee, ID_Branch, StartDate, EndDate) VALUES (1, 2, '2024-09-20', NULL);
INSERT INTO EMP_BRANCH_HISTORY (ID_Employee, ID_Branch, StartDate, EndDate) VALUES (224, 14, '2023-04-23', NULL);
INSERT INTO EMP_BRANCH_HISTORY (ID_Employee, ID_Branch, StartDate, EndDate) VALUES (38, 7, '2023-04-04', NULL);
INSERT INTO EMP_BRANCH_HISTORY (ID_Employee, ID_Branch, StartDate, EndDate) VALUES (206, 14, '2023-03-13', NULL);
INSERT INTO EMP_BRANCH_HISTORY (ID_Employee, ID_Branch, StartDate, EndDate) VALUES (137, 8, '2023-05-17', NULL);
INSERT INTO EMP_BRANCH_HISTORY (ID_Employee, ID_Branch, StartDate, EndDate) VALUES (73, 1, '2024-01-18', NULL);
INSERT INTO EMP_BRANCH_HISTORY (ID_Employee, ID_Branch, StartDate, EndDate) VALUES (44, 2, '2024-06-08', NULL);
INSERT INTO EMP_BRANCH_HISTORY (ID_Employee, ID_Branch, StartDate, EndDate) VALUES (45, 15, '2024-08-10', NULL);
INSERT INTO EMP_BRANCH_HISTORY (ID_Employee, ID_Branch, StartDate, EndDate) VALUES (48, 3, '2023-07-10', NULL);
INSERT INTO EMP_BRANCH_HISTORY (ID_Employee, ID_Branch, StartDate, EndDate) VALUES (57, 13, '2024-04-21', NULL);
INSERT INTO EMP_BRANCH_HISTORY (ID_Employee, ID_Branch, StartDate, EndDate) VALUES (113, 10, '2023-04-30', NULL);
INSERT INTO EMP_BRANCH_HISTORY (ID_Employee, ID_Branch, StartDate, EndDate) VALUES (47, 14, '2023-11-08', NULL);
INSERT INTO EMP_BRANCH_HISTORY (ID_Employee, ID_Branch, StartDate, EndDate) VALUES (224, 8, '2023-06-22', NULL);
INSERT INTO EMP_BRANCH_HISTORY (ID_Employee, ID_Branch, StartDate, EndDate) VALUES (81, 4, '2023-07-17', NULL);
INSERT INTO EMP_BRANCH_HISTORY (ID_Employee, ID_Branch, StartDate, EndDate) VALUES (197, 9, '2023-01-11', NULL);
INSERT INTO EMP_BRANCH_HISTORY (ID_Employee, ID_Branch, StartDate, EndDate) VALUES (211, 4, '2023-02-12', NULL);
INSERT INTO EMP_BRANCH_HISTORY (ID_Employee, ID_Branch, StartDate, EndDate) VALUES (126, 13, '2024-04-30', NULL);
INSERT INTO EMP_BRANCH_HISTORY (ID_Employee, ID_Branch, StartDate, EndDate) VALUES (203, 14, '2024-11-17', NULL);
INSERT INTO EMP_BRANCH_HISTORY (ID_Employee, ID_Branch, StartDate, EndDate) VALUES (75, 6, '2024-03-04', NULL);
INSERT INTO EMP_BRANCH_HISTORY (ID_Employee, ID_Branch, StartDate, EndDate) VALUES (84, 4, '2024-06-27', '2024-12-19');
INSERT INTO EMP_BRANCH_HISTORY (ID_Employee, ID_Branch, StartDate, EndDate) VALUES (82, 3, '2023-04-10', NULL);
INSERT INTO EMP_BRANCH_HISTORY (ID_Employee, ID_Branch, StartDate, EndDate) VALUES (199, 2, '2023-10-27', NULL);
INSERT INTO EMP_BRANCH_HISTORY (ID_Employee, ID_Branch, StartDate, EndDate) VALUES (37, 11, '2023-09-08', '2024-12-19');
INSERT INTO EMP_BRANCH_HISTORY (ID_Employee, ID_Branch, StartDate, EndDate) VALUES (154, 4, '2024-02-20', NULL);
INSERT INTO EMP_BRANCH_HISTORY (ID_Employee, ID_Branch, StartDate, EndDate) VALUES (139, 5, '2024-06-25', NULL);
INSERT INTO EMP_BRANCH_HISTORY (ID_Employee, ID_Branch, StartDate, EndDate) VALUES (66, 9, '2023-08-31', NULL);
INSERT INTO EMP_BRANCH_HISTORY (ID_Employee, ID_Branch, StartDate, EndDate) VALUES (83, 13, '2023-08-09', NULL);
INSERT INTO EMP_BRANCH_HISTORY (ID_Employee, ID_Branch, StartDate, EndDate) VALUES (81, 13, '2024-10-30', NULL);
INSERT INTO EMP_BRANCH_HISTORY (ID_Employee, ID_Branch, StartDate, EndDate) VALUES (181, 2, '2023-05-15', NULL);
INSERT INTO EMP_BRANCH_HISTORY (ID_Employee, ID_Branch, StartDate, EndDate) VALUES (186, 11, '2023-11-01', NULL);
INSERT INTO EMP_BRANCH_HISTORY (ID_Employee, ID_Branch, StartDate, EndDate) VALUES (143, 12, '2023-12-10', NULL);
INSERT INTO EMP_BRANCH_HISTORY (ID_Employee, ID_Branch, StartDate, EndDate) VALUES (140, 13, '2024-02-06', NULL);
INSERT INTO EMP_BRANCH_HISTORY (ID_Employee, ID_Branch, StartDate, EndDate) VALUES (185, 12, '2024-03-30', NULL);
INSERT INTO EMP_BRANCH_HISTORY (ID_Employee, ID_Branch, StartDate, EndDate) VALUES (86, 8, '2023-03-11', NULL);
INSERT INTO EMP_BRANCH_HISTORY (ID_Employee, ID_Branch, StartDate, EndDate) VALUES (175, 14, '2024-10-13', NULL);
INSERT INTO EMP_BRANCH_HISTORY (ID_Employee, ID_Branch, StartDate, EndDate) VALUES (58, 5, '2023-06-12', NULL);
INSERT INTO EMP_BRANCH_HISTORY (ID_Employee, ID_Branch, StartDate, EndDate) VALUES (117, 3, '2024-10-04', NULL);
INSERT INTO EMP_BRANCH_HISTORY (ID_Employee, ID_Branch, StartDate, EndDate) VALUES (37, 8, '2023-11-10', NULL);
INSERT INTO EMP_BRANCH_HISTORY (ID_Employee, ID_Branch, StartDate, EndDate) VALUES (185, 15, '2024-07-05', NULL);
INSERT INTO EMP_BRANCH_HISTORY (ID_Employee, ID_Branch, StartDate, EndDate) VALUES (64, 13, '2024-01-26', NULL);
INSERT INTO EMP_BRANCH_HISTORY (ID_Employee, ID_Branch, StartDate, EndDate) VALUES (197, 5, '2023-01-22', NULL);
INSERT INTO EMP_BRANCH_HISTORY (ID_Employee, ID_Branch, StartDate, EndDate) VALUES (209, 7, '2023-03-31', NULL);
INSERT INTO EMP_BRANCH_HISTORY (ID_Employee, ID_Branch, StartDate, EndDate) VALUES (110, 12, '2024-01-11', NULL);
INSERT INTO EMP_BRANCH_HISTORY (ID_Employee, ID_Branch, StartDate, EndDate) VALUES (110, 5, '2024-11-13', NULL);
INSERT INTO EMP_BRANCH_HISTORY (ID_Employee, ID_Branch, StartDate, EndDate) VALUES (21, 13, '2023-05-31', NULL);
INSERT INTO EMP_BRANCH_HISTORY (ID_Employee, ID_Branch, StartDate, EndDate) VALUES (156, 7, '2023-05-23', NULL);
INSERT INTO EMP_BRANCH_HISTORY (ID_Employee, ID_Branch, StartDate, EndDate) VALUES (200, 7, '2024-05-09', NULL);
INSERT INTO EMP_BRANCH_HISTORY (ID_Employee, ID_Branch, StartDate, EndDate) VALUES (150, 5, '2024-12-09', '2024-12-19');
INSERT INTO EMP_BRANCH_HISTORY (ID_Employee, ID_Branch, StartDate, EndDate) VALUES (107, 10, '2023-08-04', NULL);
INSERT INTO EMP_BRANCH_HISTORY (ID_Employee, ID_Branch, StartDate, EndDate) VALUES (163, 9, '2024-07-25', NULL);
INSERT INTO EMP_BRANCH_HISTORY (ID_Employee, ID_Branch, StartDate, EndDate) VALUES (88, 15, '2023-03-18', NULL);
INSERT INTO EMP_BRANCH_HISTORY (ID_Employee, ID_Branch, StartDate, EndDate) VALUES (31, 7, '2024-12-14', NULL);
INSERT INTO EMP_BRANCH_HISTORY (ID_Employee, ID_Branch, StartDate, EndDate) VALUES (82, 2, '2023-08-24', NULL);
INSERT INTO EMP_BRANCH_HISTORY (ID_Employee, ID_Branch, StartDate, EndDate) VALUES (76, 4, '2024-06-13', NULL);
INSERT INTO EMP_BRANCH_HISTORY (ID_Employee, ID_Branch, StartDate, EndDate) VALUES (42, 14, '2023-01-01', NULL);
INSERT INTO EMP_BRANCH_HISTORY (ID_Employee, ID_Branch, StartDate, EndDate) VALUES (85, 11, '2024-11-08', NULL);
INSERT INTO EMP_BRANCH_HISTORY (ID_Employee, ID_Branch, StartDate, EndDate) VALUES (190, 6, '2024-11-17', NULL);
INSERT INTO EMP_BRANCH_HISTORY (ID_Employee, ID_Branch, StartDate, EndDate) VALUES (105, 3, '2023-05-16', NULL);
INSERT INTO EMP_BRANCH_HISTORY (ID_Employee, ID_Branch, StartDate, EndDate) VALUES (164, 3, '2024-10-04', NULL);
INSERT INTO EMP_BRANCH_HISTORY (ID_Employee, ID_Branch, StartDate, EndDate) VALUES (89, 10, '2023-08-23', NULL);
INSERT INTO EMP_BRANCH_HISTORY (ID_Employee, ID_Branch, StartDate, EndDate) VALUES (173, 11, '2024-08-31', NULL);
INSERT INTO EMP_BRANCH_HISTORY (ID_Employee, ID_Branch, StartDate, EndDate) VALUES (196, 15, '2023-05-05', NULL);
INSERT INTO EMP_BRANCH_HISTORY (ID_Employee, ID_Branch, StartDate, EndDate) VALUES (143, 10, '2023-02-23', '2024-12-19');
INSERT INTO EMP_BRANCH_HISTORY (ID_Employee, ID_Branch, StartDate, EndDate) VALUES (3, 8, '2024-08-11', NULL);
INSERT INTO EMP_BRANCH_HISTORY (ID_Employee, ID_Branch, StartDate, EndDate) VALUES (128, 1, '2024-04-03', NULL);
INSERT INTO EMP_BRANCH_HISTORY (ID_Employee, ID_Branch, StartDate, EndDate) VALUES (158, 14, '2024-12-15', NULL);
INSERT INTO EMP_BRANCH_HISTORY (ID_Employee, ID_Branch, StartDate, EndDate) VALUES (81, 7, '2024-04-08', NULL);
INSERT INTO EMP_BRANCH_HISTORY (ID_Employee, ID_Branch, StartDate, EndDate) VALUES (95, 14, '2023-03-26', '2024-12-19');
INSERT INTO EMP_BRANCH_HISTORY (ID_Employee, ID_Branch, StartDate, EndDate) VALUES (125, 13, '2023-02-15', NULL);
INSERT INTO EMP_BRANCH_HISTORY (ID_Employee, ID_Branch, StartDate, EndDate) VALUES (192, 14, '2024-12-11', NULL);
INSERT INTO EMP_BRANCH_HISTORY (ID_Employee, ID_Branch, StartDate, EndDate) VALUES (78, 12, '2024-02-29', NULL);
INSERT INTO EMP_BRANCH_HISTORY (ID_Employee, ID_Branch, StartDate, EndDate) VALUES (1, 8, '2023-05-12', NULL);
INSERT INTO EMP_BRANCH_HISTORY (ID_Employee, ID_Branch, StartDate, EndDate) VALUES (49, 7, '2024-08-22', NULL);
INSERT INTO EMP_BRANCH_HISTORY (ID_Employee, ID_Branch, StartDate, EndDate) VALUES (83, 7, '2024-01-03', NULL);
INSERT INTO EMP_BRANCH_HISTORY (ID_Employee, ID_Branch, StartDate, EndDate) VALUES (78, 4, '2023-10-17', NULL);
INSERT INTO EMP_BRANCH_HISTORY (ID_Employee, ID_Branch, StartDate, EndDate) VALUES (110, 11, '2024-05-07', NULL);
INSERT INTO EMP_BRANCH_HISTORY (ID_Employee, ID_Branch, StartDate, EndDate) VALUES (143, 7, '2024-06-28', NULL);
INSERT INTO EMP_BRANCH_HISTORY (ID_Employee, ID_Branch, StartDate, EndDate) VALUES (104, 9, '2024-12-07', NULL);
INSERT INTO EMP_BRANCH_HISTORY (ID_Employee, ID_Branch, StartDate, EndDate) VALUES (72, 15, '2024-10-08', NULL);
INSERT INTO EMP_BRANCH_HISTORY (ID_Employee, ID_Branch, StartDate, EndDate) VALUES (197, 7, '2024-02-29', NULL);
INSERT INTO EMP_BRANCH_HISTORY (ID_Employee, ID_Branch, StartDate, EndDate) VALUES (66, 6, '2023-02-25', '2024-12-19');
INSERT INTO EMP_BRANCH_HISTORY (ID_Employee, ID_Branch, StartDate, EndDate) VALUES (121, 12, '2023-07-17', NULL);
INSERT INTO EMP_BRANCH_HISTORY (ID_Employee, ID_Branch, StartDate, EndDate) VALUES (38, 6, '2023-07-03', NULL);
INSERT INTO EMP_BRANCH_HISTORY (ID_Employee, ID_Branch, StartDate, EndDate) VALUES (68, 9, '2024-07-07', NULL);
INSERT INTO EMP_BRANCH_HISTORY (ID_Employee, ID_Branch, StartDate, EndDate) VALUES (150, 8, '2023-11-26', NULL);
INSERT INTO EMP_BRANCH_HISTORY (ID_Employee, ID_Branch, StartDate, EndDate) VALUES (141, 13, '2024-11-14', NULL);
INSERT INTO EMP_BRANCH_HISTORY (ID_Employee, ID_Branch, StartDate, EndDate) VALUES (155, 15, '2022-12-24', NULL);
INSERT INTO EMP_BRANCH_HISTORY (ID_Employee, ID_Branch, StartDate, EndDate) VALUES (52, 1, '2024-07-20', NULL);
INSERT INTO EMP_BRANCH_HISTORY (ID_Employee, ID_Branch, StartDate, EndDate) VALUES (159, 12, '2023-08-06', NULL);
INSERT INTO EMP_BRANCH_HISTORY (ID_Employee, ID_Branch, StartDate, EndDate) VALUES (31, 8, '2024-08-23', '2024-12-19');
INSERT INTO EMP_BRANCH_HISTORY (ID_Employee, ID_Branch, StartDate, EndDate) VALUES (38, 13, '2024-01-04', NULL);
INSERT INTO EMP_BRANCH_HISTORY (ID_Employee, ID_Branch, StartDate, EndDate) VALUES (46, 15, '2023-07-24', NULL);
INSERT INTO EMP_BRANCH_HISTORY (ID_Employee, ID_Branch, StartDate, EndDate) VALUES (142, 6, '2023-11-05', NULL);
INSERT INTO EMP_BRANCH_HISTORY (ID_Employee, ID_Branch, StartDate, EndDate) VALUES (33, 11, '2024-10-14', NULL);
INSERT INTO EMP_BRANCH_HISTORY (ID_Employee, ID_Branch, StartDate, EndDate) VALUES (196, 4, '2023-08-02', NULL);
INSERT INTO EMP_BRANCH_HISTORY (ID_Employee, ID_Branch, StartDate, EndDate) VALUES (2, 14, '2024-11-19', NULL);
INSERT INTO EMP_BRANCH_HISTORY (ID_Employee, ID_Branch, StartDate, EndDate) VALUES (200, 15, '2024-11-30', NULL);
INSERT INTO EMP_BRANCH_HISTORY (ID_Employee, ID_Branch, StartDate, EndDate) VALUES (138, 13, '2023-02-07', NULL);
INSERT INTO EMP_BRANCH_HISTORY (ID_Employee, ID_Branch, StartDate, EndDate) VALUES (198, 6, '2024-08-05', NULL);
INSERT INTO EMP_BRANCH_HISTORY (ID_Employee, ID_Branch, StartDate, EndDate) VALUES (162, 6, '2024-07-01', NULL);
INSERT INTO EMP_BRANCH_HISTORY (ID_Employee, ID_Branch, StartDate, EndDate) VALUES (112, 9, '2023-11-15', NULL);
INSERT INTO EMP_BRANCH_HISTORY (ID_Employee, ID_Branch, StartDate, EndDate) VALUES (88, 14, '2023-02-19', NULL);
INSERT INTO EMP_BRANCH_HISTORY (ID_Employee, ID_Branch, StartDate, EndDate) VALUES (214, 6, '2024-09-20', NULL);
INSERT INTO EMP_BRANCH_HISTORY (ID_Employee, ID_Branch, StartDate, EndDate) VALUES (202, 1, '2024-06-18', NULL);
INSERT INTO EMP_BRANCH_HISTORY (ID_Employee, ID_Branch, StartDate, EndDate) VALUES (203, 7, '2024-07-24', NULL);
INSERT INTO EMP_BRANCH_HISTORY (ID_Employee, ID_Branch, StartDate, EndDate) VALUES (5, 11, '2024-07-05', NULL);
INSERT INTO EMP_BRANCH_HISTORY (ID_Employee, ID_Branch, StartDate, EndDate) VALUES (47, 3, '2024-12-09', NULL);
INSERT INTO EMP_BRANCH_HISTORY (ID_Employee, ID_Branch, StartDate, EndDate) VALUES (156, 4, '2024-10-31', NULL);
INSERT INTO EMP_BRANCH_HISTORY (ID_Employee, ID_Branch, StartDate, EndDate) VALUES (225, 12, '2023-05-19', NULL);
INSERT INTO EMP_BRANCH_HISTORY (ID_Employee, ID_Branch, StartDate, EndDate) VALUES (221, 11, '2024-10-11', NULL);
INSERT INTO EMP_BRANCH_HISTORY (ID_Employee, ID_Branch, StartDate, EndDate) VALUES (129, 2, '2023-08-23', '2024-12-19');
INSERT INTO EMP_BRANCH_HISTORY (ID_Employee, ID_Branch, StartDate, EndDate) VALUES (45, 6, '2024-04-27', NULL);
INSERT INTO EMP_BRANCH_HISTORY (ID_Employee, ID_Branch, StartDate, EndDate) VALUES (170, 1, '2024-08-20', '2024-12-19');
INSERT INTO EMP_BRANCH_HISTORY (ID_Employee, ID_Branch, StartDate, EndDate) VALUES (5, 12, '2023-09-02', NULL);
INSERT INTO EMP_BRANCH_HISTORY (ID_Employee, ID_Branch, StartDate, EndDate) VALUES (175, 2, '2023-10-16', NULL);
INSERT INTO EMP_BRANCH_HISTORY (ID_Employee, ID_Branch, StartDate, EndDate) VALUES (169, 8, '2024-08-06', NULL);
INSERT INTO EMP_BRANCH_HISTORY (ID_Employee, ID_Branch, StartDate, EndDate) VALUES (159, 6, '2023-10-18', NULL);
INSERT INTO EMP_BRANCH_HISTORY (ID_Employee, ID_Branch, StartDate, EndDate) VALUES (188, 13, '2024-04-20', NULL);
INSERT INTO EMP_BRANCH_HISTORY (ID_Employee, ID_Branch, StartDate, EndDate) VALUES (7, 14, '2023-10-28', NULL);
INSERT INTO EMP_BRANCH_HISTORY (ID_Employee, ID_Branch, StartDate, EndDate) VALUES (57, 1, '2024-08-29', NULL);
INSERT INTO EMP_BRANCH_HISTORY (ID_Employee, ID_Branch, StartDate, EndDate) VALUES (169, 6, '2024-01-07', NULL);
INSERT INTO EMP_BRANCH_HISTORY (ID_Employee, ID_Branch, StartDate, EndDate) VALUES (137, 5, '2024-02-08', NULL);
INSERT INTO EMP_BRANCH_HISTORY (ID_Employee, ID_Branch, StartDate, EndDate) VALUES (188, 6, '2024-11-09', NULL);
INSERT INTO EMP_BRANCH_HISTORY (ID_Employee, ID_Branch, StartDate, EndDate) VALUES (209, 11, '2024-03-31', NULL);
INSERT INTO EMP_BRANCH_HISTORY (ID_Employee, ID_Branch, StartDate, EndDate) VALUES (58, 13, '2024-03-30', NULL);
INSERT INTO EMP_BRANCH_HISTORY (ID_Employee, ID_Branch, StartDate, EndDate) VALUES (179, 1, '2024-01-19', NULL);
INSERT INTO EMP_BRANCH_HISTORY (ID_Employee, ID_Branch, StartDate, EndDate) VALUES (192, 3, '2023-05-14', NULL);
INSERT INTO EMP_BRANCH_HISTORY (ID_Employee, ID_Branch, StartDate, EndDate) VALUES (199, 10, '2023-08-12', NULL);
INSERT INTO EMP_BRANCH_HISTORY (ID_Employee, ID_Branch, StartDate, EndDate) VALUES (211, 5, '2024-08-11', NULL);
INSERT INTO EMP_BRANCH_HISTORY (ID_Employee, ID_Branch, StartDate, EndDate) VALUES (27, 11, '2024-05-05', NULL);
INSERT INTO EMP_BRANCH_HISTORY (ID_Employee, ID_Branch, StartDate, EndDate) VALUES (31, 15, '2024-11-21', NULL);
INSERT INTO EMP_BRANCH_HISTORY (ID_Employee, ID_Branch, StartDate, EndDate) VALUES (57, 4, '2024-01-18', NULL);
INSERT INTO EMP_BRANCH_HISTORY (ID_Employee, ID_Branch, StartDate, EndDate) VALUES (47, 9, '2024-04-12', NULL);
INSERT INTO EMP_BRANCH_HISTORY (ID_Employee, ID_Branch, StartDate, EndDate) VALUES (81, 1, '2023-04-12', NULL);
INSERT INTO EMP_BRANCH_HISTORY (ID_Employee, ID_Branch, StartDate, EndDate) VALUES (114, 3, '2024-06-25', NULL);
INSERT INTO EMP_BRANCH_HISTORY (ID_Employee, ID_Branch, StartDate, EndDate) VALUES (224, 3, '2023-06-24', NULL);
INSERT INTO EMP_BRANCH_HISTORY (ID_Employee, ID_Branch, StartDate, EndDate) VALUES (206, 15, '2024-03-06', NULL);
INSERT INTO EMP_BRANCH_HISTORY (ID_Employee, ID_Branch, StartDate, EndDate) VALUES (97, 12, '2024-03-12', NULL);
INSERT INTO EMP_BRANCH_HISTORY (ID_Employee, ID_Branch, StartDate, EndDate) VALUES (216, 15, '2024-06-28', '2024-12-19');
INSERT INTO EMP_BRANCH_HISTORY (ID_Employee, ID_Branch, StartDate, EndDate) VALUES (87, 3, '2023-02-12', NULL);
INSERT INTO EMP_BRANCH_HISTORY (ID_Employee, ID_Branch, StartDate, EndDate) VALUES (149, 5, '2023-08-04', NULL);
INSERT INTO EMP_BRANCH_HISTORY (ID_Employee, ID_Branch, StartDate, EndDate) VALUES (176, 10, '2024-06-15', NULL);
INSERT INTO EMP_BRANCH_HISTORY (ID_Employee, ID_Branch, StartDate, EndDate) VALUES (112, 6, '2024-11-27', NULL);
INSERT INTO EMP_BRANCH_HISTORY (ID_Employee, ID_Branch, StartDate, EndDate) VALUES (6, 8, '2023-07-05', NULL);
INSERT INTO EMP_BRANCH_HISTORY (ID_Employee, ID_Branch, StartDate, EndDate) VALUES (85, 8, '2024-01-06', '2024-12-19');
INSERT INTO EMP_BRANCH_HISTORY (ID_Employee, ID_Branch, StartDate, EndDate) VALUES (195, 12, '2024-11-17', '2024-12-19');
INSERT INTO EMP_BRANCH_HISTORY (ID_Employee, ID_Branch, StartDate, EndDate) VALUES (4, 4, '2023-08-05', NULL);
INSERT INTO EMP_BRANCH_HISTORY (ID_Employee, ID_Branch, StartDate, EndDate) VALUES (123, 5, '2023-06-22', NULL);
INSERT INTO EMP_BRANCH_HISTORY (ID_Employee, ID_Branch, StartDate, EndDate) VALUES (152, 5, '2023-04-12', NULL);
INSERT INTO EMP_BRANCH_HISTORY (ID_Employee, ID_Branch, StartDate, EndDate) VALUES (175, 13, '2024-06-04', NULL);
INSERT INTO EMP_BRANCH_HISTORY (ID_Employee, ID_Branch, StartDate, EndDate) VALUES (109, 8, '2023-12-15', NULL);
INSERT INTO EMP_BRANCH_HISTORY (ID_Employee, ID_Branch, StartDate, EndDate) VALUES (97, 15, '2024-03-11', NULL);
INSERT INTO EMP_BRANCH_HISTORY (ID_Employee, ID_Branch, StartDate, EndDate) VALUES (94, 1, '2024-02-18', NULL);
INSERT INTO EMP_BRANCH_HISTORY (ID_Employee, ID_Branch, StartDate, EndDate) VALUES (186, 15, '2024-04-29', NULL);
INSERT INTO EMP_BRANCH_HISTORY (ID_Employee, ID_Branch, StartDate, EndDate) VALUES (62, 14, '2024-07-27', NULL);
INSERT INTO EMP_BRANCH_HISTORY (ID_Employee, ID_Branch, StartDate, EndDate) VALUES (122, 3, '2023-11-19', NULL);
INSERT INTO EMP_BRANCH_HISTORY (ID_Employee, ID_Branch, StartDate, EndDate) VALUES (86, 12, '2024-09-27', NULL);
INSERT INTO EMP_BRANCH_HISTORY (ID_Employee, ID_Branch, StartDate, EndDate) VALUES (173, 7, '2023-09-15', NULL);
INSERT INTO EMP_BRANCH_HISTORY (ID_Employee, ID_Branch, StartDate, EndDate) VALUES (145, 13, '2024-09-22', NULL);
INSERT INTO EMP_BRANCH_HISTORY (ID_Employee, ID_Branch, StartDate, EndDate) VALUES (210, 12, '2024-11-22', NULL);
INSERT INTO EMP_BRANCH_HISTORY (ID_Employee, ID_Branch, StartDate, EndDate) VALUES (31, 5, '2023-01-11', NULL);
INSERT INTO EMP_BRANCH_HISTORY (ID_Employee, ID_Branch, StartDate, EndDate) VALUES (35, 4, '2023-07-02', NULL);
INSERT INTO EMP_BRANCH_HISTORY (ID_Employee, ID_Branch, StartDate, EndDate) VALUES (71, 14, '2023-02-04', NULL);
INSERT INTO EMP_BRANCH_HISTORY (ID_Employee, ID_Branch, StartDate, EndDate) VALUES (48, 5, '2023-07-06', NULL);
INSERT INTO EMP_BRANCH_HISTORY (ID_Employee, ID_Branch, StartDate, EndDate) VALUES (202, 12, '2023-12-13', NULL);
INSERT INTO EMP_BRANCH_HISTORY (ID_Employee, ID_Branch, StartDate, EndDate) VALUES (112, 5, '2024-09-11', '2024-12-19');
INSERT INTO EMP_BRANCH_HISTORY (ID_Employee, ID_Branch, StartDate, EndDate) VALUES (77, 11, '2023-08-18', NULL);
INSERT INTO EMP_BRANCH_HISTORY (ID_Employee, ID_Branch, StartDate, EndDate) VALUES (184, 12, '2023-01-04', NULL);
INSERT INTO EMP_BRANCH_HISTORY (ID_Employee, ID_Branch, StartDate, EndDate) VALUES (38, 9, '2024-10-05', '2024-12-19');
INSERT INTO EMP_BRANCH_HISTORY (ID_Employee, ID_Branch, StartDate, EndDate) VALUES (166, 11, '2023-11-29', NULL);
INSERT INTO EMP_BRANCH_HISTORY (ID_Employee, ID_Branch, StartDate, EndDate) VALUES (115, 13, '2023-06-30', '2024-12-19');
INSERT INTO EMP_BRANCH_HISTORY (ID_Employee, ID_Branch, StartDate, EndDate) VALUES (21, 2, '2023-08-12', NULL);
INSERT INTO EMP_BRANCH_HISTORY (ID_Employee, ID_Branch, StartDate, EndDate) VALUES (13, 5, '2024-05-21', NULL);
INSERT INTO EMP_BRANCH_HISTORY (ID_Employee, ID_Branch, StartDate, EndDate) VALUES (103, 10, '2024-09-01', NULL);
INSERT INTO EMP_BRANCH_HISTORY (ID_Employee, ID_Branch, StartDate, EndDate) VALUES (2, 12, '2023-03-07', NULL);
INSERT INTO EMP_BRANCH_HISTORY (ID_Employee, ID_Branch, StartDate, EndDate) VALUES (148, 10, '2024-09-20', NULL);
INSERT INTO EMP_BRANCH_HISTORY (ID_Employee, ID_Branch, StartDate, EndDate) VALUES (117, 13, '2023-12-18', NULL);
INSERT INTO EMP_BRANCH_HISTORY (ID_Employee, ID_Branch, StartDate, EndDate) VALUES (5, 5, '2023-07-25', NULL);
INSERT INTO EMP_BRANCH_HISTORY (ID_Employee, ID_Branch, StartDate, EndDate) VALUES (34, 12, '2024-04-01', NULL);
INSERT INTO EMP_BRANCH_HISTORY (ID_Employee, ID_Branch, StartDate, EndDate) VALUES (213, 8, '2024-11-26', NULL);
INSERT INTO EMP_BRANCH_HISTORY (ID_Employee, ID_Branch, StartDate, EndDate) VALUES (174, 6, '2023-04-11', NULL);
INSERT INTO EMP_BRANCH_HISTORY (ID_Employee, ID_Branch, StartDate, EndDate) VALUES (76, 8, '2024-06-16', '2024-12-19');
INSERT INTO EMP_BRANCH_HISTORY (ID_Employee, ID_Branch, StartDate, EndDate) VALUES (184, 1, '2024-06-25', NULL);
INSERT INTO EMP_BRANCH_HISTORY (ID_Employee, ID_Branch, StartDate, EndDate) VALUES (30, 10, '2024-07-29', NULL);
INSERT INTO EMP_BRANCH_HISTORY (ID_Employee, ID_Branch, StartDate, EndDate) VALUES (144, 2, '2023-03-19', NULL);
INSERT INTO EMP_BRANCH_HISTORY (ID_Employee, ID_Branch, StartDate, EndDate) VALUES (67, 15, '2023-05-30', NULL);
INSERT INTO EMP_BRANCH_HISTORY (ID_Employee, ID_Branch, StartDate, EndDate) VALUES (225, 11, '2023-01-25', NULL);
INSERT INTO EMP_BRANCH_HISTORY (ID_Employee, ID_Branch, StartDate, EndDate) VALUES (32, 9, '2024-07-09', NULL);
INSERT INTO EMP_BRANCH_HISTORY (ID_Employee, ID_Branch, StartDate, EndDate) VALUES (73, 12, '2023-04-14', '2024-12-19');
INSERT INTO EMP_BRANCH_HISTORY (ID_Employee, ID_Branch, StartDate, EndDate) VALUES (210, 1, '2023-10-26', NULL);
INSERT INTO EMP_BRANCH_HISTORY (ID_Employee, ID_Branch, StartDate, EndDate) VALUES (50, 8, '2024-06-07', NULL);
INSERT INTO EMP_BRANCH_HISTORY (ID_Employee, ID_Branch, StartDate, EndDate) VALUES (16, 5, '2023-09-10', NULL);
INSERT INTO EMP_BRANCH_HISTORY (ID_Employee, ID_Branch, StartDate, EndDate) VALUES (212, 2, '2023-06-21', NULL);
INSERT INTO EMP_BRANCH_HISTORY (ID_Employee, ID_Branch, StartDate, EndDate) VALUES (217, 10, '2024-08-01', NULL);
INSERT INTO EMP_BRANCH_HISTORY (ID_Employee, ID_Branch, StartDate, EndDate) VALUES (173, 1, '2024-01-14', NULL);
INSERT INTO EMP_BRANCH_HISTORY (ID_Employee, ID_Branch, StartDate, EndDate) VALUES (192, 6, '2023-12-01', NULL);
INSERT INTO EMP_BRANCH_HISTORY (ID_Employee, ID_Branch, StartDate, EndDate) VALUES (39, 11, '2024-08-27', NULL);
INSERT INTO EMP_BRANCH_HISTORY (ID_Employee, ID_Branch, StartDate, EndDate) VALUES (57, 10, '2023-07-28', NULL);
INSERT INTO EMP_BRANCH_HISTORY (ID_Employee, ID_Branch, StartDate, EndDate) VALUES (90, 3, '2023-12-09', NULL);
INSERT INTO EMP_BRANCH_HISTORY (ID_Employee, ID_Branch, StartDate, EndDate) VALUES (214, 11, '2024-07-15', NULL);
INSERT INTO EMP_BRANCH_HISTORY (ID_Employee, ID_Branch, StartDate, EndDate) VALUES (174, 5, '2024-01-02', NULL);
INSERT INTO EMP_BRANCH_HISTORY (ID_Employee, ID_Branch, StartDate, EndDate) VALUES (188, 12, '2023-12-07', NULL);
INSERT INTO EMP_BRANCH_HISTORY (ID_Employee, ID_Branch, StartDate, EndDate) VALUES (9, 1, '2023-12-21', NULL);
INSERT INTO EMP_BRANCH_HISTORY (ID_Employee, ID_Branch, StartDate, EndDate) VALUES (36, 3, '2024-11-05', NULL);
INSERT INTO EMP_BRANCH_HISTORY (ID_Employee, ID_Branch, StartDate, EndDate) VALUES (130, 4, '2024-08-13', NULL);
INSERT INTO EMP_BRANCH_HISTORY (ID_Employee, ID_Branch, StartDate, EndDate) VALUES (135, 5, '2023-11-02', NULL);
INSERT INTO EMP_BRANCH_HISTORY (ID_Employee, ID_Branch, StartDate, EndDate) VALUES (28, 10, '2023-06-03', NULL);
INSERT INTO EMP_BRANCH_HISTORY (ID_Employee, ID_Branch, StartDate, EndDate) VALUES (151, 5, '2024-02-18', NULL);
INSERT INTO EMP_BRANCH_HISTORY (ID_Employee, ID_Branch, StartDate, EndDate) VALUES (8, 14, '2023-01-08', NULL);
INSERT INTO EMP_BRANCH_HISTORY (ID_Employee, ID_Branch, StartDate, EndDate) VALUES (155, 1, '2024-02-08', '2024-12-19');
INSERT INTO EMP_BRANCH_HISTORY (ID_Employee, ID_Branch, StartDate, EndDate) VALUES (11, 14, '2024-08-10', NULL);
INSERT INTO EMP_BRANCH_HISTORY (ID_Employee, ID_Branch, StartDate, EndDate) VALUES (200, 14, '2024-06-02', NULL);
INSERT INTO EMP_BRANCH_HISTORY (ID_Employee, ID_Branch, StartDate, EndDate) VALUES (62, 13, '2024-06-19', '2024-12-19');
INSERT INTO EMP_BRANCH_HISTORY (ID_Employee, ID_Branch, StartDate, EndDate) VALUES (83, 12, '2023-03-27', NULL);
INSERT INTO EMP_BRANCH_HISTORY (ID_Employee, ID_Branch, StartDate, EndDate) VALUES (18, 7, '2024-01-01', '2024-12-19');
INSERT INTO EMP_BRANCH_HISTORY (ID_Employee, ID_Branch, StartDate, EndDate) VALUES (4, 12, '2024-05-31', NULL);
INSERT INTO EMP_BRANCH_HISTORY (ID_Employee, ID_Branch, StartDate, EndDate) VALUES (108, 9, '2023-02-09', NULL);
INSERT INTO EMP_BRANCH_HISTORY (ID_Employee, ID_Branch, StartDate, EndDate) VALUES (121, 14, '2023-12-08', NULL);
INSERT INTO EMP_BRANCH_HISTORY (ID_Employee, ID_Branch, StartDate, EndDate) VALUES (116, 4, '2023-09-27', NULL);
INSERT INTO EMP_BRANCH_HISTORY (ID_Employee, ID_Branch, StartDate, EndDate) VALUES (76, 5, '2023-12-11', NULL);
INSERT INTO EMP_BRANCH_HISTORY (ID_Employee, ID_Branch, StartDate, EndDate) VALUES (179, 12, '2024-07-22', NULL);
INSERT INTO EMP_BRANCH_HISTORY (ID_Employee, ID_Branch, StartDate, EndDate) VALUES (222, 11, '2023-07-11', NULL);
INSERT INTO EMP_BRANCH_HISTORY (ID_Employee, ID_Branch, StartDate, EndDate) VALUES (146, 14, '2023-06-17', NULL);
INSERT INTO EMP_BRANCH_HISTORY (ID_Employee, ID_Branch, StartDate, EndDate) VALUES (54, 6, '2024-09-27', NULL);
INSERT INTO EMP_BRANCH_HISTORY (ID_Employee, ID_Branch, StartDate, EndDate) VALUES (196, 7, '2024-06-06', NULL);
INSERT INTO EMP_BRANCH_HISTORY (ID_Employee, ID_Branch, StartDate, EndDate) VALUES (184, 11, '2023-09-23', '2024-12-19');
INSERT INTO EMP_BRANCH_HISTORY (ID_Employee, ID_Branch, StartDate, EndDate) VALUES (166, 2, '2022-12-20', NULL);
INSERT INTO EMP_BRANCH_HISTORY (ID_Employee, ID_Branch, StartDate, EndDate) VALUES (218, 15, '2024-09-19', NULL);
INSERT INTO EMP_BRANCH_HISTORY (ID_Employee, ID_Branch, StartDate, EndDate) VALUES (153, 12, '2024-11-16', NULL);
INSERT INTO EMP_BRANCH_HISTORY (ID_Employee, ID_Branch, StartDate, EndDate) VALUES (195, 4, '2023-09-17', NULL);
INSERT INTO EMP_BRANCH_HISTORY (ID_Employee, ID_Branch, StartDate, EndDate) VALUES (10, 10, '2023-10-13', NULL);
INSERT INTO EMP_BRANCH_HISTORY (ID_Employee, ID_Branch, StartDate, EndDate) VALUES (21, 9, '2024-05-31', NULL);
INSERT INTO EMP_BRANCH_HISTORY (ID_Employee, ID_Branch, StartDate, EndDate) VALUES (15, 8, '2022-12-29', NULL);
INSERT INTO EMP_BRANCH_HISTORY (ID_Employee, ID_Branch, StartDate, EndDate) VALUES (181, 3, '2023-09-08', NULL);
INSERT INTO EMP_BRANCH_HISTORY (ID_Employee, ID_Branch, StartDate, EndDate) VALUES (104, 1, '2023-09-07', NULL);
INSERT INTO EMP_BRANCH_HISTORY (ID_Employee, ID_Branch, StartDate, EndDate) VALUES (4, 11, '2023-01-24', NULL);
INSERT INTO EMP_BRANCH_HISTORY (ID_Employee, ID_Branch, StartDate, EndDate) VALUES (100, 12, '2023-07-15', NULL);
INSERT INTO EMP_BRANCH_HISTORY (ID_Employee, ID_Branch, StartDate, EndDate) VALUES (68, 12, '2023-12-31', NULL);
INSERT INTO EMP_BRANCH_HISTORY (ID_Employee, ID_Branch, StartDate, EndDate) VALUES (194, 9, '2024-05-16', NULL);
INSERT INTO EMP_BRANCH_HISTORY (ID_Employee, ID_Branch, StartDate, EndDate) VALUES (224, 12, '2023-11-15', NULL);
INSERT INTO EMP_BRANCH_HISTORY (ID_Employee, ID_Branch, StartDate, EndDate) VALUES (27, 8, '2024-01-18', NULL);
INSERT INTO EMP_BRANCH_HISTORY (ID_Employee, ID_Branch, StartDate, EndDate) VALUES (123, 13, '2023-12-31', NULL);
INSERT INTO EMP_BRANCH_HISTORY (ID_Employee, ID_Branch, StartDate, EndDate) VALUES (156, 2, '2023-12-24', NULL);
INSERT INTO EMP_BRANCH_HISTORY (ID_Employee, ID_Branch, StartDate, EndDate) VALUES (25, 1, '2023-03-09', NULL);
INSERT INTO EMP_BRANCH_HISTORY (ID_Employee, ID_Branch, StartDate, EndDate) VALUES (153, 5, '2024-04-14', NULL);
INSERT INTO EMP_BRANCH_HISTORY (ID_Employee, ID_Branch, StartDate, EndDate) VALUES (203, 4, '2024-01-24', NULL);
INSERT INTO EMP_BRANCH_HISTORY (ID_Employee, ID_Branch, StartDate, EndDate) VALUES (20, 7, '2024-10-10', NULL);
INSERT INTO EMP_BRANCH_HISTORY (ID_Employee, ID_Branch, StartDate, EndDate) VALUES (47, 4, '2024-02-19', NULL);
INSERT INTO EMP_BRANCH_HISTORY (ID_Employee, ID_Branch, StartDate, EndDate) VALUES (118, 12, '2023-03-07', NULL);
INSERT INTO EMP_BRANCH_HISTORY (ID_Employee, ID_Branch, StartDate, EndDate) VALUES (115, 12, '2024-11-11', NULL);
INSERT INTO EMP_BRANCH_HISTORY (ID_Employee, ID_Branch, StartDate, EndDate) VALUES (151, 6, '2024-02-24', NULL);
INSERT INTO EMP_BRANCH_HISTORY (ID_Employee, ID_Branch, StartDate, EndDate) VALUES (69, 5, '2024-07-29', NULL);
INSERT INTO EMP_BRANCH_HISTORY (ID_Employee, ID_Branch, StartDate, EndDate) VALUES (79, 10, '2024-05-15', NULL);
INSERT INTO EMP_BRANCH_HISTORY (ID_Employee, ID_Branch, StartDate, EndDate) VALUES (88, 6, '2024-02-19', NULL);
INSERT INTO EMP_BRANCH_HISTORY (ID_Employee, ID_Branch, StartDate, EndDate) VALUES (183, 14, '2023-08-11', NULL);
INSERT INTO EMP_BRANCH_HISTORY (ID_Employee, ID_Branch, StartDate, EndDate) VALUES (160, 13, '2023-03-05', NULL);
INSERT INTO EMP_BRANCH_HISTORY (ID_Employee, ID_Branch, StartDate, EndDate) VALUES (178, 11, '2023-11-30', NULL);
INSERT INTO EMP_BRANCH_HISTORY (ID_Employee, ID_Branch, StartDate, EndDate) VALUES (84, 2, '2024-09-19', NULL);
INSERT INTO EMP_BRANCH_HISTORY (ID_Employee, ID_Branch, StartDate, EndDate) VALUES (11, 6, '2024-10-05', NULL);
INSERT INTO EMP_BRANCH_HISTORY (ID_Employee, ID_Branch, StartDate, EndDate) VALUES (120, 7, '2024-08-03', NULL);
INSERT INTO EMP_BRANCH_HISTORY (ID_Employee, ID_Branch, StartDate, EndDate) VALUES (85, 1, '2024-06-01', NULL);
INSERT INTO EMP_BRANCH_HISTORY (ID_Employee, ID_Branch, StartDate, EndDate) VALUES (161, 11, '2024-03-05', NULL);
INSERT INTO EMP_BRANCH_HISTORY (ID_Employee, ID_Branch, StartDate, EndDate) VALUES (214, 8, '2024-02-08', NULL);
INSERT INTO EMP_BRANCH_HISTORY (ID_Employee, ID_Branch, StartDate, EndDate) VALUES (200, 4, '2023-07-10', NULL);
INSERT INTO EMP_BRANCH_HISTORY (ID_Employee, ID_Branch, StartDate, EndDate) VALUES (128, 9, '2024-12-12', NULL);
INSERT INTO EMP_BRANCH_HISTORY (ID_Employee, ID_Branch, StartDate, EndDate) VALUES (196, 14, '2024-06-20', '2024-12-19');
INSERT INTO EMP_BRANCH_HISTORY (ID_Employee, ID_Branch, StartDate, EndDate) VALUES (21, 6, '2023-09-10', NULL);
INSERT INTO EMP_BRANCH_HISTORY (ID_Employee, ID_Branch, StartDate, EndDate) VALUES (65, 3, '2024-01-15', NULL);
INSERT INTO EMP_BRANCH_HISTORY (ID_Employee, ID_Branch, StartDate, EndDate) VALUES (147, 14, '2024-06-08', NULL);
INSERT INTO EMP_BRANCH_HISTORY (ID_Employee, ID_Branch, StartDate, EndDate) VALUES (29, 8, '2023-01-12', NULL);
INSERT INTO EMP_BRANCH_HISTORY (ID_Employee, ID_Branch, StartDate, EndDate) VALUES (90, 4, '2023-09-01', NULL);
INSERT INTO EMP_BRANCH_HISTORY (ID_Employee, ID_Branch, StartDate, EndDate) VALUES (200, 11, '2024-07-25', NULL);
INSERT INTO EMP_BRANCH_HISTORY (ID_Employee, ID_Branch, StartDate, EndDate) VALUES (22, 2, '2023-09-19', NULL);
INSERT INTO EMP_BRANCH_HISTORY (ID_Employee, ID_Branch, StartDate, EndDate) VALUES (106, 4, '2023-11-23', NULL);
INSERT INTO EMP_BRANCH_HISTORY (ID_Employee, ID_Branch, StartDate, EndDate) VALUES (35, 14, '2023-08-04', NULL);
INSERT INTO EMP_BRANCH_HISTORY (ID_Employee, ID_Branch, StartDate, EndDate) VALUES (161, 4, '2023-10-23', NULL);
INSERT INTO EMP_BRANCH_HISTORY (ID_Employee, ID_Branch, StartDate, EndDate) VALUES (24, 7, '2024-03-31', NULL);
INSERT INTO EMP_BRANCH_HISTORY (ID_Employee, ID_Branch, StartDate, EndDate) VALUES (218, 14, '2023-05-26', NULL);
INSERT INTO EMP_BRANCH_HISTORY (ID_Employee, ID_Branch, StartDate, EndDate) VALUES (62, 9, '2023-11-25', NULL);
INSERT INTO EMP_BRANCH_HISTORY (ID_Employee, ID_Branch, StartDate, EndDate) VALUES (59, 3, '2023-12-29', '2024-12-19');
INSERT INTO EMP_BRANCH_HISTORY (ID_Employee, ID_Branch, StartDate, EndDate) VALUES (50, 5, '2024-07-06', NULL);
INSERT INTO EMP_BRANCH_HISTORY (ID_Employee, ID_Branch, StartDate, EndDate) VALUES (217, 7, '2024-07-30', NULL);
INSERT INTO EMP_BRANCH_HISTORY (ID_Employee, ID_Branch, StartDate, EndDate) VALUES (116, 6, '2023-09-27', NULL);
INSERT INTO EMP_BRANCH_HISTORY (ID_Employee, ID_Branch, StartDate, EndDate) VALUES (198, 8, '2023-07-19', NULL);
INSERT INTO EMP_BRANCH_HISTORY (ID_Employee, ID_Branch, StartDate, EndDate) VALUES (17, 7, '2023-02-13', NULL);
INSERT INTO EMP_BRANCH_HISTORY (ID_Employee, ID_Branch, StartDate, EndDate) VALUES (26, 5, '2023-01-28', '2024-12-19');
INSERT INTO EMP_BRANCH_HISTORY (ID_Employee, ID_Branch, StartDate, EndDate) VALUES (32, 5, '2024-08-03', NULL);
INSERT INTO EMP_BRANCH_HISTORY (ID_Employee, ID_Branch, StartDate, EndDate) VALUES (170, 6, '2023-08-03', NULL);
INSERT INTO EMP_BRANCH_HISTORY (ID_Employee, ID_Branch, StartDate, EndDate) VALUES (190, 2, '2024-11-23', NULL);
INSERT INTO EMP_BRANCH_HISTORY (ID_Employee, ID_Branch, StartDate, EndDate) VALUES (161, 12, '2024-02-02', NULL);
INSERT INTO EMP_BRANCH_HISTORY (ID_Employee, ID_Branch, StartDate, EndDate) VALUES (175, 8, '2023-08-31', NULL);
INSERT INTO EMP_BRANCH_HISTORY (ID_Employee, ID_Branch, StartDate, EndDate) VALUES (36, 8, '2023-10-11', NULL);
INSERT INTO EMP_BRANCH_HISTORY (ID_Employee, ID_Branch, StartDate, EndDate) VALUES (60, 14, '2024-02-07', NULL);
INSERT INTO EMP_BRANCH_HISTORY (ID_Employee, ID_Branch, StartDate, EndDate) VALUES (161, 2, '2023-12-31', NULL);
INSERT INTO EMP_BRANCH_HISTORY (ID_Employee, ID_Branch, StartDate, EndDate) VALUES (199, 14, '2024-09-16', NULL);
INSERT INTO EMP_BRANCH_HISTORY (ID_Employee, ID_Branch, StartDate, EndDate) VALUES (221, 6, '2023-06-17', NULL);
INSERT INTO EMP_BRANCH_HISTORY (ID_Employee, ID_Branch, StartDate, EndDate) VALUES (201, 15, '2024-09-24', NULL);
INSERT INTO EMP_BRANCH_HISTORY (ID_Employee, ID_Branch, StartDate, EndDate) VALUES (214, 9, '2024-06-11', NULL);
INSERT INTO EMP_BRANCH_HISTORY (ID_Employee, ID_Branch, StartDate, EndDate) VALUES (163, 11, '2023-11-06', NULL);
INSERT INTO EMP_BRANCH_HISTORY (ID_Employee, ID_Branch, StartDate, EndDate) VALUES (143, 13, '2023-05-29', NULL);
INSERT INTO EMP_BRANCH_HISTORY (ID_Employee, ID_Branch, StartDate, EndDate) VALUES (137, 11, '2024-06-17', NULL);
INSERT INTO EMP_BRANCH_HISTORY (ID_Employee, ID_Branch, StartDate, EndDate) VALUES (134, 5, '2023-11-13', NULL);
INSERT INTO EMP_BRANCH_HISTORY (ID_Employee, ID_Branch, StartDate, EndDate) VALUES (181, 5, '2023-10-30', NULL);
INSERT INTO EMP_BRANCH_HISTORY (ID_Employee, ID_Branch, StartDate, EndDate) VALUES (212, 12, '2024-11-04', NULL);
INSERT INTO EMP_BRANCH_HISTORY (ID_Employee, ID_Branch, StartDate, EndDate) VALUES (185, 6, '2023-01-07', NULL);
INSERT INTO EMP_BRANCH_HISTORY (ID_Employee, ID_Branch, StartDate, EndDate) VALUES (208, 14, '2024-06-19', NULL);
INSERT INTO EMP_BRANCH_HISTORY (ID_Employee, ID_Branch, StartDate, EndDate) VALUES (142, 7, '2023-08-09', NULL);
INSERT INTO EMP_BRANCH_HISTORY (ID_Employee, ID_Branch, StartDate, EndDate) VALUES (51, 12, '2024-02-15', NULL);
INSERT INTO EMP_BRANCH_HISTORY (ID_Employee, ID_Branch, StartDate, EndDate) VALUES (155, 14, '2023-02-07', NULL);
INSERT INTO EMP_BRANCH_HISTORY (ID_Employee, ID_Branch, StartDate, EndDate) VALUES (219, 7, '2023-08-24', NULL);
INSERT INTO EMP_BRANCH_HISTORY (ID_Employee, ID_Branch, StartDate, EndDate) VALUES (140, 8, '2023-02-04', NULL);
INSERT INTO EMP_BRANCH_HISTORY (ID_Employee, ID_Branch, StartDate, EndDate) VALUES (51, 10, '2023-09-27', NULL);
INSERT INTO EMP_BRANCH_HISTORY (ID_Employee, ID_Branch, StartDate, EndDate) VALUES (221, 13, '2023-03-31', NULL);
INSERT INTO EMP_BRANCH_HISTORY (ID_Employee, ID_Branch, StartDate, EndDate) VALUES (18, 14, '2024-01-26', NULL);
INSERT INTO EMP_BRANCH_HISTORY (ID_Employee, ID_Branch, StartDate, EndDate) VALUES (144, 14, '2024-06-25', NULL);
INSERT INTO EMP_BRANCH_HISTORY (ID_Employee, ID_Branch, StartDate, EndDate) VALUES (108, 10, '2024-11-01', NULL);
INSERT INTO EMP_BRANCH_HISTORY (ID_Employee, ID_Branch, StartDate, EndDate) VALUES (133, 15, '2024-05-10', NULL);
INSERT INTO EMP_BRANCH_HISTORY (ID_Employee, ID_Branch, StartDate, EndDate) VALUES (71, 15, '2023-11-01', NULL);
INSERT INTO EMP_BRANCH_HISTORY (ID_Employee, ID_Branch, StartDate, EndDate) VALUES (204, 9, '2023-05-15', NULL);
INSERT INTO EMP_BRANCH_HISTORY (ID_Employee, ID_Branch, StartDate, EndDate) VALUES (27, 7, '2023-02-13', NULL);
INSERT INTO EMP_BRANCH_HISTORY (ID_Employee, ID_Branch, StartDate, EndDate) VALUES (9, 10, '2024-11-22', '2024-12-19');
INSERT INTO EMP_BRANCH_HISTORY (ID_Employee, ID_Branch, StartDate, EndDate) VALUES (14, 2, '2023-11-20', NULL);
INSERT INTO EMP_BRANCH_HISTORY (ID_Employee, ID_Branch, StartDate, EndDate) VALUES (8, 5, '2023-01-18', NULL);
INSERT INTO EMP_BRANCH_HISTORY (ID_Employee, ID_Branch, StartDate, EndDate) VALUES (174, 15, '2024-05-21', NULL);
INSERT INTO EMP_BRANCH_HISTORY (ID_Employee, ID_Branch, StartDate, EndDate) VALUES (133, 6, '2024-04-10', NULL);
INSERT INTO EMP_BRANCH_HISTORY (ID_Employee, ID_Branch, StartDate, EndDate) VALUES (156, 6, '2023-11-29', NULL);
INSERT INTO EMP_BRANCH_HISTORY (ID_Employee, ID_Branch, StartDate, EndDate) VALUES (198, 13, '2023-12-24', NULL);
INSERT INTO EMP_BRANCH_HISTORY (ID_Employee, ID_Branch, StartDate, EndDate) VALUES (156, 15, '2024-05-07', NULL);
INSERT INTO EMP_BRANCH_HISTORY (ID_Employee, ID_Branch, StartDate, EndDate) VALUES (56, 15, '2023-01-12', NULL);
INSERT INTO EMP_BRANCH_HISTORY (ID_Employee, ID_Branch, StartDate, EndDate) VALUES (156, 11, '2024-08-31', NULL);
INSERT INTO EMP_BRANCH_HISTORY (ID_Employee, ID_Branch, StartDate, EndDate) VALUES (163, 8, '2024-03-12', NULL);
INSERT INTO EMP_BRANCH_HISTORY (ID_Employee, ID_Branch, StartDate, EndDate) VALUES (87, 15, '2023-06-13', NULL);
INSERT INTO EMP_BRANCH_HISTORY (ID_Employee, ID_Branch, StartDate, EndDate) VALUES (101, 15, '2023-08-11', '2024-12-19');
INSERT INTO EMP_BRANCH_HISTORY (ID_Employee, ID_Branch, StartDate, EndDate) VALUES (15, 10, '2024-06-07', NULL);
INSERT INTO EMP_BRANCH_HISTORY (ID_Employee, ID_Branch, StartDate, EndDate) VALUES (86, 5, '2024-08-30', NULL);
INSERT INTO EMP_BRANCH_HISTORY (ID_Employee, ID_Branch, StartDate, EndDate) VALUES (202, 5, '2023-03-14', NULL);
INSERT INTO EMP_BRANCH_HISTORY (ID_Employee, ID_Branch, StartDate, EndDate) VALUES (37, 6, '2023-02-10', NULL);
INSERT INTO EMP_BRANCH_HISTORY (ID_Employee, ID_Branch, StartDate, EndDate) VALUES (84, 3, '2023-03-20', NULL);
INSERT INTO EMP_BRANCH_HISTORY (ID_Employee, ID_Branch, StartDate, EndDate) VALUES (218, 6, '2023-11-06', NULL);
INSERT INTO EMP_BRANCH_HISTORY (ID_Employee, ID_Branch, StartDate, EndDate) VALUES (214, 5, '2024-03-21', NULL);
INSERT INTO EMP_BRANCH_HISTORY (ID_Employee, ID_Branch, StartDate, EndDate) VALUES (26, 12, '2024-03-06', NULL);
INSERT INTO EMP_BRANCH_HISTORY (ID_Employee, ID_Branch, StartDate, EndDate) VALUES (80, 1, '2024-01-25', NULL);
INSERT INTO EMP_BRANCH_HISTORY (ID_Employee, ID_Branch, StartDate, EndDate) VALUES (132, 7, '2024-01-14', NULL);
INSERT INTO EMP_BRANCH_HISTORY (ID_Employee, ID_Branch, StartDate, EndDate) VALUES (98, 2, '2024-02-19', NULL);
INSERT INTO EMP_BRANCH_HISTORY (ID_Employee, ID_Branch, StartDate, EndDate) VALUES (173, 4, '2024-08-11', NULL);
INSERT INTO EMP_BRANCH_HISTORY (ID_Employee, ID_Branch, StartDate, EndDate) VALUES (108, 12, '2024-01-01', '2024-12-19');
INSERT INTO EMP_BRANCH_HISTORY (ID_Employee, ID_Branch, StartDate, EndDate) VALUES (48, 9, '2023-03-24', NULL);
INSERT INTO EMP_BRANCH_HISTORY (ID_Employee, ID_Branch, StartDate, EndDate) VALUES (188, 7, '2023-05-08', NULL);
INSERT INTO EMP_BRANCH_HISTORY (ID_Employee, ID_Branch, StartDate, EndDate) VALUES (109, 12, '2024-10-27', NULL);
INSERT INTO EMP_BRANCH_HISTORY (ID_Employee, ID_Branch, StartDate, EndDate) VALUES (192, 5, '2024-10-03', NULL);
INSERT INTO EMP_BRANCH_HISTORY (ID_Employee, ID_Branch, StartDate, EndDate) VALUES (114, 13, '2023-11-02', NULL);
INSERT INTO EMP_BRANCH_HISTORY (ID_Employee, ID_Branch, StartDate, EndDate) VALUES (13, 6, '2024-05-16', NULL);
INSERT INTO EMP_BRANCH_HISTORY (ID_Employee, ID_Branch, StartDate, EndDate) VALUES (184, 13, '2024-06-08', NULL);
INSERT INTO EMP_BRANCH_HISTORY (ID_Employee, ID_Branch, StartDate, EndDate) VALUES (209, 1, '2024-06-05', NULL);
INSERT INTO EMP_BRANCH_HISTORY (ID_Employee, ID_Branch, StartDate, EndDate) VALUES (19, 12, '2024-05-05', NULL);
INSERT INTO EMP_BRANCH_HISTORY (ID_Employee, ID_Branch, StartDate, EndDate) VALUES (44, 6, '2023-01-13', NULL);
INSERT INTO EMP_BRANCH_HISTORY (ID_Employee, ID_Branch, StartDate, EndDate) VALUES (65, 6, '2024-09-23', NULL);
INSERT INTO EMP_BRANCH_HISTORY (ID_Employee, ID_Branch, StartDate, EndDate) VALUES (71, 7, '2023-05-17', NULL);
INSERT INTO EMP_BRANCH_HISTORY (ID_Employee, ID_Branch, StartDate, EndDate) VALUES (150, 3, '2023-01-17', NULL);
INSERT INTO EMP_BRANCH_HISTORY (ID_Employee, ID_Branch, StartDate, EndDate) VALUES (127, 10, '2024-05-24', '2024-12-19');
INSERT INTO EMP_BRANCH_HISTORY (ID_Employee, ID_Branch, StartDate, EndDate) VALUES (210, 4, '2023-04-05', NULL);
INSERT INTO EMP_BRANCH_HISTORY (ID_Employee, ID_Branch, StartDate, EndDate) VALUES (213, 10, '2023-02-27', NULL);
INSERT INTO EMP_BRANCH_HISTORY (ID_Employee, ID_Branch, StartDate, EndDate) VALUES (224, 15, '2023-12-22', NULL);
INSERT INTO EMP_BRANCH_HISTORY (ID_Employee, ID_Branch, StartDate, EndDate) VALUES (40, 11, '2024-05-27', NULL);
INSERT INTO EMP_BRANCH_HISTORY (ID_Employee, ID_Branch, StartDate, EndDate) VALUES (78, 3, '2023-04-11', NULL);
INSERT INTO EMP_BRANCH_HISTORY (ID_Employee, ID_Branch, StartDate, EndDate) VALUES (198, 11, '2024-07-13', '2024-12-19');
INSERT INTO EMP_BRANCH_HISTORY (ID_Employee, ID_Branch, StartDate, EndDate) VALUES (20, 6, '2024-03-29', NULL);
INSERT INTO EMP_BRANCH_HISTORY (ID_Employee, ID_Branch, StartDate, EndDate) VALUES (188, 10, '2023-08-14', NULL);
INSERT INTO EMP_BRANCH_HISTORY (ID_Employee, ID_Branch, StartDate, EndDate) VALUES (128, 4, '2024-09-11', NULL);
INSERT INTO EMP_BRANCH_HISTORY (ID_Employee, ID_Branch, StartDate, EndDate) VALUES (69, 13, '2024-09-21', NULL);
INSERT INTO EMP_BRANCH_HISTORY (ID_Employee, ID_Branch, StartDate, EndDate) VALUES (72, 9, '2023-05-30', NULL);
INSERT INTO EMP_BRANCH_HISTORY (ID_Employee, ID_Branch, StartDate, EndDate) VALUES (90, 2, '2024-01-16', NULL);
INSERT INTO EMP_BRANCH_HISTORY (ID_Employee, ID_Branch, StartDate, EndDate) VALUES (198, 10, '2023-02-21', '2024-12-19');
INSERT INTO EMP_BRANCH_HISTORY (ID_Employee, ID_Branch, StartDate, EndDate) VALUES (134, 7, '2024-02-17', NULL);
INSERT INTO EMP_BRANCH_HISTORY (ID_Employee, ID_Branch, StartDate, EndDate) VALUES (77, 13, '2023-04-12', NULL);
INSERT INTO EMP_BRANCH_HISTORY (ID_Employee, ID_Branch, StartDate, EndDate) VALUES (44, 5, '2024-02-02', NULL);
INSERT INTO EMP_BRANCH_HISTORY (ID_Employee, ID_Branch, StartDate, EndDate) VALUES (123, 1, '2024-10-22', NULL);
INSERT INTO EMP_BRANCH_HISTORY (ID_Employee, ID_Branch, StartDate, EndDate) VALUES (31, 13, '2024-02-16', NULL);
INSERT INTO EMP_BRANCH_HISTORY (ID_Employee, ID_Branch, StartDate, EndDate) VALUES (22, 8, '2024-07-26', '2024-12-19');
INSERT INTO EMP_BRANCH_HISTORY (ID_Employee, ID_Branch, StartDate, EndDate) VALUES (40, 5, '2023-01-04', NULL);
INSERT INTO EMP_BRANCH_HISTORY (ID_Employee, ID_Branch, StartDate, EndDate) VALUES (141, 11, '2023-02-16', NULL);
INSERT INTO EMP_BRANCH_HISTORY (ID_Employee, ID_Branch, StartDate, EndDate) VALUES (113, 12, '2023-02-11', NULL);
INSERT INTO EMP_BRANCH_HISTORY (ID_Employee, ID_Branch, StartDate, EndDate) VALUES (82, 5, '2024-07-30', NULL);
INSERT INTO EMP_BRANCH_HISTORY (ID_Employee, ID_Branch, StartDate, EndDate) VALUES (159, 4, '2022-12-20', NULL);
INSERT INTO EMP_BRANCH_HISTORY (ID_Employee, ID_Branch, StartDate, EndDate) VALUES (121, 3, '2024-03-02', NULL);
INSERT INTO EMP_BRANCH_HISTORY (ID_Employee, ID_Branch, StartDate, EndDate) VALUES (51, 9, '2024-02-27', NULL);
INSERT INTO EMP_BRANCH_HISTORY (ID_Employee, ID_Branch, StartDate, EndDate) VALUES (152, 3, '2023-04-10', '2024-12-19');
INSERT INTO EMP_BRANCH_HISTORY (ID_Employee, ID_Branch, StartDate, EndDate) VALUES (30, 13, '2024-04-10', NULL);
INSERT INTO EMP_BRANCH_HISTORY (ID_Employee, ID_Branch, StartDate, EndDate) VALUES (207, 8, '2024-02-27', NULL);
INSERT INTO EMP_BRANCH_HISTORY (ID_Employee, ID_Branch, StartDate, EndDate) VALUES (98, 8, '2024-07-18', NULL);
INSERT INTO EMP_BRANCH_HISTORY (ID_Employee, ID_Branch, StartDate, EndDate) VALUES (209, 10, '2024-10-22', '2024-12-19');
INSERT INTO EMP_BRANCH_HISTORY (ID_Employee, ID_Branch, StartDate, EndDate) VALUES (20, 13, '2024-03-29', '2024-12-19');
INSERT INTO EMP_BRANCH_HISTORY (ID_Employee, ID_Branch, StartDate, EndDate) VALUES (38, 1, '2023-09-30', NULL);
INSERT INTO EMP_BRANCH_HISTORY (ID_Employee, ID_Branch, StartDate, EndDate) VALUES (4, 10, '2024-11-01', NULL);
INSERT INTO EMP_BRANCH_HISTORY (ID_Employee, ID_Branch, StartDate, EndDate) VALUES (203, 9, '2023-08-05', NULL);
INSERT INTO EMP_BRANCH_HISTORY (ID_Employee, ID_Branch, StartDate, EndDate) VALUES (194, 12, '2024-03-02', NULL);
INSERT INTO EMP_BRANCH_HISTORY (ID_Employee, ID_Branch, StartDate, EndDate) VALUES (70, 9, '2024-07-23', NULL);
INSERT INTO EMP_BRANCH_HISTORY (ID_Employee, ID_Branch, StartDate, EndDate) VALUES (61, 1, '2023-05-22', NULL);
INSERT INTO EMP_BRANCH_HISTORY (ID_Employee, ID_Branch, StartDate, EndDate) VALUES (216, 3, '2023-02-22', NULL);
INSERT INTO EMP_BRANCH_HISTORY (ID_Employee, ID_Branch, StartDate, EndDate) VALUES (152, 1, '2023-09-27', NULL);
INSERT INTO EMP_BRANCH_HISTORY (ID_Employee, ID_Branch, StartDate, EndDate) VALUES (167, 10, '2024-09-22', NULL);
INSERT INTO EMP_BRANCH_HISTORY (ID_Employee, ID_Branch, StartDate, EndDate) VALUES (49, 5, '2024-09-02', NULL);
INSERT INTO EMP_BRANCH_HISTORY (ID_Employee, ID_Branch, StartDate, EndDate) VALUES (182, 9, '2024-08-09', NULL);
INSERT INTO EMP_BRANCH_HISTORY (ID_Employee, ID_Branch, StartDate, EndDate) VALUES (93, 12, '2024-01-26', NULL);
INSERT INTO EMP_BRANCH_HISTORY (ID_Employee, ID_Branch, StartDate, EndDate) VALUES (201, 5, '2024-05-22', NULL);
INSERT INTO EMP_BRANCH_HISTORY (ID_Employee, ID_Branch, StartDate, EndDate) VALUES (209, 14, '2023-08-16', NULL);
INSERT INTO EMP_BRANCH_HISTORY (ID_Employee, ID_Branch, StartDate, EndDate) VALUES (129, 14, '2023-08-24', NULL);
INSERT INTO EMP_BRANCH_HISTORY (ID_Employee, ID_Branch, StartDate, EndDate) VALUES (16, 9, '2024-09-27', NULL);
INSERT INTO EMP_BRANCH_HISTORY (ID_Employee, ID_Branch, StartDate, EndDate) VALUES (204, 4, '2024-08-12', NULL);
INSERT INTO EMP_BRANCH_HISTORY (ID_Employee, ID_Branch, StartDate, EndDate) VALUES (213, 7, '2023-08-05', NULL);
INSERT INTO EMP_BRANCH_HISTORY (ID_Employee, ID_Branch, StartDate, EndDate) VALUES (176, 4, '2024-05-26', NULL);
INSERT INTO EMP_BRANCH_HISTORY (ID_Employee, ID_Branch, StartDate, EndDate) VALUES (137, 1, '2023-12-11', NULL);
INSERT INTO EMP_BRANCH_HISTORY (ID_Employee, ID_Branch, StartDate, EndDate) VALUES (222, 10, '2023-12-25', NULL);
INSERT INTO EMP_BRANCH_HISTORY (ID_Employee, ID_Branch, StartDate, EndDate) VALUES (78, 6, '2023-08-30', NULL);
INSERT INTO EMP_BRANCH_HISTORY (ID_Employee, ID_Branch, StartDate, EndDate) VALUES (40, 15, '2023-03-17', NULL);
INSERT INTO EMP_BRANCH_HISTORY (ID_Employee, ID_Branch, StartDate, EndDate) VALUES (28, 3, '2024-12-08', NULL);
INSERT INTO EMP_BRANCH_HISTORY (ID_Employee, ID_Branch, StartDate, EndDate) VALUES (87, 11, '2024-06-19', NULL);
INSERT INTO EMP_BRANCH_HISTORY (ID_Employee, ID_Branch, StartDate, EndDate) VALUES (54, 15, '2024-03-08', NULL);
INSERT INTO EMP_BRANCH_HISTORY (ID_Employee, ID_Branch, StartDate, EndDate) VALUES (136, 12, '2024-04-17', NULL);
INSERT INTO EMP_BRANCH_HISTORY (ID_Employee, ID_Branch, StartDate, EndDate) VALUES (206, 7, '2023-11-27', NULL);
INSERT INTO EMP_BRANCH_HISTORY (ID_Employee, ID_Branch, StartDate, EndDate) VALUES (103, 3, '2023-06-17', NULL);
INSERT INTO EMP_BRANCH_HISTORY (ID_Employee, ID_Branch, StartDate, EndDate) VALUES (107, 7, '2024-02-14', NULL);
INSERT INTO EMP_BRANCH_HISTORY (ID_Employee, ID_Branch, StartDate, EndDate) VALUES (138, 4, '2024-08-08', NULL);
INSERT INTO EMP_BRANCH_HISTORY (ID_Employee, ID_Branch, StartDate, EndDate) VALUES (39, 8, '2023-06-24', NULL);
INSERT INTO EMP_BRANCH_HISTORY (ID_Employee, ID_Branch, StartDate, EndDate) VALUES (5, 13, '2023-02-09', NULL);
INSERT INTO EMP_BRANCH_HISTORY (ID_Employee, ID_Branch, StartDate, EndDate) VALUES (115, 8, '2024-11-07', NULL);
INSERT INTO EMP_BRANCH_HISTORY (ID_Employee, ID_Branch, StartDate, EndDate) VALUES (184, 5, '2023-06-23', NULL);
INSERT INTO EMP_BRANCH_HISTORY (ID_Employee, ID_Branch, StartDate, EndDate) VALUES (225, 15, '2023-08-22', NULL);
INSERT INTO EMP_BRANCH_HISTORY (ID_Employee, ID_Branch, StartDate, EndDate) VALUES (13, 13, '2024-09-16', NULL);
INSERT INTO EMP_BRANCH_HISTORY (ID_Employee, ID_Branch, StartDate, EndDate) VALUES (77, 9, '2023-03-22', NULL);
INSERT INTO EMP_BRANCH_HISTORY (ID_Employee, ID_Branch, StartDate, EndDate) VALUES (100, 7, '2023-11-16', NULL);
INSERT INTO EMP_BRANCH_HISTORY (ID_Employee, ID_Branch, StartDate, EndDate) VALUES (216, 2, '2023-05-26', NULL);
INSERT INTO EMP_BRANCH_HISTORY (ID_Employee, ID_Branch, StartDate, EndDate) VALUES (174, 10, '2023-07-11', NULL);
INSERT INTO EMP_BRANCH_HISTORY (ID_Employee, ID_Branch, StartDate, EndDate) VALUES (18, 15, '2024-04-05', NULL);
INSERT INTO EMP_BRANCH_HISTORY (ID_Employee, ID_Branch, StartDate, EndDate) VALUES (40, 13, '2024-03-04', NULL);
INSERT INTO EMP_BRANCH_HISTORY (ID_Employee, ID_Branch, StartDate, EndDate) VALUES (123, 2, '2023-04-28', NULL);
INSERT INTO EMP_BRANCH_HISTORY (ID_Employee, ID_Branch, StartDate, EndDate) VALUES (26, 6, '2024-12-15', NULL);
INSERT INTO EMP_BRANCH_HISTORY (ID_Employee, ID_Branch, StartDate, EndDate) VALUES (186, 13, '2024-06-20', NULL);
INSERT INTO EMP_BRANCH_HISTORY (ID_Employee, ID_Branch, StartDate, EndDate) VALUES (58, 14, '2023-12-18', NULL);
INSERT INTO EMP_BRANCH_HISTORY (ID_Employee, ID_Branch, StartDate, EndDate) VALUES (176, 3, '2024-06-29', NULL);
INSERT INTO EMP_BRANCH_HISTORY (ID_Employee, ID_Branch, StartDate, EndDate) VALUES (93, 6, '2023-11-15', NULL);
INSERT INTO EMP_BRANCH_HISTORY (ID_Employee, ID_Branch, StartDate, EndDate) VALUES (20, 12, '2023-01-03', NULL);
INSERT INTO EMP_BRANCH_HISTORY (ID_Employee, ID_Branch, StartDate, EndDate) VALUES (151, 1, '2024-12-04', NULL);
INSERT INTO EMP_BRANCH_HISTORY (ID_Employee, ID_Branch, StartDate, EndDate) VALUES (44, 3, '2023-12-30', NULL);
INSERT INTO EMP_BRANCH_HISTORY (ID_Employee, ID_Branch, StartDate, EndDate) VALUES (105, 12, '2023-08-26', NULL);
INSERT INTO EMP_BRANCH_HISTORY (ID_Employee, ID_Branch, StartDate, EndDate) VALUES (17, 4, '2023-02-06', NULL);
INSERT INTO EMP_BRANCH_HISTORY (ID_Employee, ID_Branch, StartDate, EndDate) VALUES (123, 14, '2024-03-27', NULL);
INSERT INTO EMP_BRANCH_HISTORY (ID_Employee, ID_Branch, StartDate, EndDate) VALUES (96, 9, '2024-03-15', NULL);
INSERT INTO EMP_BRANCH_HISTORY (ID_Employee, ID_Branch, StartDate, EndDate) VALUES (19, 11, '2023-02-24', NULL);
INSERT INTO EMP_BRANCH_HISTORY (ID_Employee, ID_Branch, StartDate, EndDate) VALUES (188, 8, '2024-11-23', NULL);
INSERT INTO EMP_BRANCH_HISTORY (ID_Employee, ID_Branch, StartDate, EndDate) VALUES (66, 11, '2023-10-20', NULL);
INSERT INTO EMP_BRANCH_HISTORY (ID_Employee, ID_Branch, StartDate, EndDate) VALUES (218, 3, '2023-08-23', NULL);
INSERT INTO EMP_BRANCH_HISTORY (ID_Employee, ID_Branch, StartDate, EndDate) VALUES (30, 15, '2024-01-22', NULL);
INSERT INTO EMP_BRANCH_HISTORY (ID_Employee, ID_Branch, StartDate, EndDate) VALUES (109, 5, '2024-07-02', NULL);
INSERT INTO EMP_BRANCH_HISTORY (ID_Employee, ID_Branch, StartDate, EndDate) VALUES (80, 7, '2024-11-18', NULL);
INSERT INTO EMP_BRANCH_HISTORY (ID_Employee, ID_Branch, StartDate, EndDate) VALUES (89, 11, '2023-11-26', NULL);
INSERT INTO EMP_BRANCH_HISTORY (ID_Employee, ID_Branch, StartDate, EndDate) VALUES (60, 8, '2023-02-17', NULL);
INSERT INTO EMP_BRANCH_HISTORY (ID_Employee, ID_Branch, StartDate, EndDate) VALUES (139, 14, '2023-09-22', '2024-12-19');
INSERT INTO EMP_BRANCH_HISTORY (ID_Employee, ID_Branch, StartDate, EndDate) VALUES (172, 8, '2023-01-15', NULL);
INSERT INTO EMP_BRANCH_HISTORY (ID_Employee, ID_Branch, StartDate, EndDate) VALUES (33, 3, '2024-11-30', NULL);
INSERT INTO EMP_BRANCH_HISTORY (ID_Employee, ID_Branch, StartDate, EndDate) VALUES (167, 6, '2024-11-11', NULL);
INSERT INTO EMP_BRANCH_HISTORY (ID_Employee, ID_Branch, StartDate, EndDate) VALUES (78, 7, '2024-01-12', NULL);
INSERT INTO EMP_BRANCH_HISTORY (ID_Employee, ID_Branch, StartDate, EndDate) VALUES (50, 3, '2024-07-27', NULL);
INSERT INTO EMP_BRANCH_HISTORY (ID_Employee, ID_Branch, StartDate, EndDate) VALUES (99, 9, '2024-07-09', NULL);
INSERT INTO EMP_BRANCH_HISTORY (ID_Employee, ID_Branch, StartDate, EndDate) VALUES (13, 3, '2024-07-17', NULL);
INSERT INTO EMP_BRANCH_HISTORY (ID_Employee, ID_Branch, StartDate, EndDate) VALUES (11, 7, '2024-05-14', NULL);
INSERT INTO EMP_BRANCH_HISTORY (ID_Employee, ID_Branch, StartDate, EndDate) VALUES (42, 5, '2024-05-09', NULL);
INSERT INTO EMP_BRANCH_HISTORY (ID_Employee, ID_Branch, StartDate, EndDate) VALUES (126, 9, '2024-12-04', NULL);
INSERT INTO EMP_BRANCH_HISTORY (ID_Employee, ID_Branch, StartDate, EndDate) VALUES (54, 14, '2023-06-13', NULL);
INSERT INTO EMP_BRANCH_HISTORY (ID_Employee, ID_Branch, StartDate, EndDate) VALUES (127, 1, '2024-04-06', NULL);
INSERT INTO EMP_BRANCH_HISTORY (ID_Employee, ID_Branch, StartDate, EndDate) VALUES (165, 6, '2023-12-16', NULL);
INSERT INTO EMP_BRANCH_HISTORY (ID_Employee, ID_Branch, StartDate, EndDate) VALUES (174, 7, '2024-07-19', NULL);
INSERT INTO EMP_BRANCH_HISTORY (ID_Employee, ID_Branch, StartDate, EndDate) VALUES (136, 15, '2023-11-07', NULL);
INSERT INTO EMP_BRANCH_HISTORY (ID_Employee, ID_Branch, StartDate, EndDate) VALUES (136, 9, '2024-07-17', NULL);
INSERT INTO EMP_BRANCH_HISTORY (ID_Employee, ID_Branch, StartDate, EndDate) VALUES (46, 8, '2024-06-30', NULL);
INSERT INTO EMP_BRANCH_HISTORY (ID_Employee, ID_Branch, StartDate, EndDate) VALUES (22, 3, '2024-04-08', NULL);
INSERT INTO EMP_BRANCH_HISTORY (ID_Employee, ID_Branch, StartDate, EndDate) VALUES (121, 15, '2023-01-14', NULL);
INSERT INTO EMP_BRANCH_HISTORY (ID_Employee, ID_Branch, StartDate, EndDate) VALUES (69, 12, '2024-02-16', NULL);
INSERT INTO EMP_BRANCH_HISTORY (ID_Employee, ID_Branch, StartDate, EndDate) VALUES (74, 1, '2024-04-22', NULL);
INSERT INTO EMP_BRANCH_HISTORY (ID_Employee, ID_Branch, StartDate, EndDate) VALUES (143, 4, '2023-11-20', NULL);
INSERT INTO EMP_BRANCH_HISTORY (ID_Employee, ID_Branch, StartDate, EndDate) VALUES (34, 5, '2024-07-28', NULL);
INSERT INTO EMP_BRANCH_HISTORY (ID_Employee, ID_Branch, StartDate, EndDate) VALUES (211, 7, '2024-10-16', NULL);
INSERT INTO EMP_BRANCH_HISTORY (ID_Employee, ID_Branch, StartDate, EndDate) VALUES (15, 9, '2023-09-20', NULL);
INSERT INTO EMP_BRANCH_HISTORY (ID_Employee, ID_Branch, StartDate, EndDate) VALUES (36, 5, '2023-06-28', NULL);
INSERT INTO EMP_BRANCH_HISTORY (ID_Employee, ID_Branch, StartDate, EndDate) VALUES (73, 14, '2024-12-08', NULL);
INSERT INTO EMP_BRANCH_HISTORY (ID_Employee, ID_Branch, StartDate, EndDate) VALUES (71, 1, '2023-04-02', NULL);
INSERT INTO EMP_BRANCH_HISTORY (ID_Employee, ID_Branch, StartDate, EndDate) VALUES (98, 14, '2023-09-13', NULL);
INSERT INTO EMP_BRANCH_HISTORY (ID_Employee, ID_Branch, StartDate, EndDate) VALUES (46, 12, '2023-06-13', NULL);
INSERT INTO EMP_BRANCH_HISTORY (ID_Employee, ID_Branch, StartDate, EndDate) VALUES (90, 12, '2024-09-26', NULL);
INSERT INTO EMP_BRANCH_HISTORY (ID_Employee, ID_Branch, StartDate, EndDate) VALUES (170, 12, '2023-08-24', NULL);
INSERT INTO EMP_BRANCH_HISTORY (ID_Employee, ID_Branch, StartDate, EndDate) VALUES (151, 13, '2024-04-18', NULL);
INSERT INTO EMP_BRANCH_HISTORY (ID_Employee, ID_Branch, StartDate, EndDate) VALUES (211, 11, '2024-03-16', NULL);
INSERT INTO EMP_BRANCH_HISTORY (ID_Employee, ID_Branch, StartDate, EndDate) VALUES (210, 9, '2024-05-08', NULL);
INSERT INTO EMP_BRANCH_HISTORY (ID_Employee, ID_Branch, StartDate, EndDate) VALUES (43, 3, '2024-07-31', NULL);
INSERT INTO EMP_BRANCH_HISTORY (ID_Employee, ID_Branch, StartDate, EndDate) VALUES (48, 15, '2024-01-04', NULL);
INSERT INTO EMP_BRANCH_HISTORY (ID_Employee, ID_Branch, StartDate, EndDate) VALUES (195, 7, '2024-06-19', NULL);
INSERT INTO EMP_BRANCH_HISTORY (ID_Employee, ID_Branch, StartDate, EndDate) VALUES (131, 12, '2024-11-01', NULL);
INSERT INTO EMP_BRANCH_HISTORY (ID_Employee, ID_Branch, StartDate, EndDate) VALUES (14, 7, '2024-03-15', NULL);
INSERT INTO EMP_BRANCH_HISTORY (ID_Employee, ID_Branch, StartDate, EndDate) VALUES (1, 5, '2024-09-19', NULL);
INSERT INTO EMP_BRANCH_HISTORY (ID_Employee, ID_Branch, StartDate, EndDate) VALUES (114, 14, '2023-07-17', NULL);
INSERT INTO EMP_BRANCH_HISTORY (ID_Employee, ID_Branch, StartDate, EndDate) VALUES (129, 3, '2024-11-07', NULL);
INSERT INTO EMP_BRANCH_HISTORY (ID_Employee, ID_Branch, StartDate, EndDate) VALUES (93, 10, '2024-03-05', NULL);
INSERT INTO EMP_BRANCH_HISTORY (ID_Employee, ID_Branch, StartDate, EndDate) VALUES (145, 15, '2023-01-10', NULL);
INSERT INTO EMP_BRANCH_HISTORY (ID_Employee, ID_Branch, StartDate, EndDate) VALUES (103, 5, '2024-11-01', NULL);
INSERT INTO EMP_BRANCH_HISTORY (ID_Employee, ID_Branch, StartDate, EndDate) VALUES (161, 10, '2024-12-10', NULL);
INSERT INTO EMP_BRANCH_HISTORY (ID_Employee, ID_Branch, StartDate, EndDate) VALUES (136, 8, '2023-11-12', NULL);
INSERT INTO EMP_BRANCH_HISTORY (ID_Employee, ID_Branch, StartDate, EndDate) VALUES (119, 1, '2023-09-26', NULL);
INSERT INTO EMP_BRANCH_HISTORY (ID_Employee, ID_Branch, StartDate, EndDate) VALUES (162, 15, '2024-01-14', NULL);
INSERT INTO EMP_BRANCH_HISTORY (ID_Employee, ID_Branch, StartDate, EndDate) VALUES (189, 10, '2023-07-09', NULL);
INSERT INTO EMP_BRANCH_HISTORY (ID_Employee, ID_Branch, StartDate, EndDate) VALUES (80, 9, '2023-07-22', NULL);
INSERT INTO EMP_BRANCH_HISTORY (ID_Employee, ID_Branch, StartDate, EndDate) VALUES (146, 8, '2023-05-14', NULL);
INSERT INTO EMP_BRANCH_HISTORY (ID_Employee, ID_Branch, StartDate, EndDate) VALUES (158, 5, '2024-07-26', NULL);
INSERT INTO EMP_BRANCH_HISTORY (ID_Employee, ID_Branch, StartDate, EndDate) VALUES (161, 8, '2023-04-06', NULL);
INSERT INTO EMP_BRANCH_HISTORY (ID_Employee, ID_Branch, StartDate, EndDate) VALUES (32, 3, '2024-08-30', NULL);
INSERT INTO EMP_BRANCH_HISTORY (ID_Employee, ID_Branch, StartDate, EndDate) VALUES (145, 8, '2024-09-30', NULL);
INSERT INTO EMP_BRANCH_HISTORY (ID_Employee, ID_Branch, StartDate, EndDate) VALUES (80, 14, '2023-02-04', '2024-12-19');
INSERT INTO EMP_BRANCH_HISTORY (ID_Employee, ID_Branch, StartDate, EndDate) VALUES (164, 5, '2024-02-10', NULL);
INSERT INTO EMP_BRANCH_HISTORY (ID_Employee, ID_Branch, StartDate, EndDate) VALUES (140, 1, '2024-10-05', NULL);
INSERT INTO EMP_BRANCH_HISTORY (ID_Employee, ID_Branch, StartDate, EndDate) VALUES (83, 14, '2023-07-28', NULL);
INSERT INTO EMP_BRANCH_HISTORY (ID_Employee, ID_Branch, StartDate, EndDate) VALUES (59, 4, '2024-02-04', NULL);
INSERT INTO EMP_BRANCH_HISTORY (ID_Employee, ID_Branch, StartDate, EndDate) VALUES (33, 14, '2023-05-01', NULL);
INSERT INTO EMP_BRANCH_HISTORY (ID_Employee, ID_Branch, StartDate, EndDate) VALUES (58, 10, '2024-01-08', NULL);
INSERT INTO EMP_BRANCH_HISTORY (ID_Employee, ID_Branch, StartDate, EndDate) VALUES (214, 3, '2024-01-12', NULL);
INSERT INTO EMP_BRANCH_HISTORY (ID_Employee, ID_Branch, StartDate, EndDate) VALUES (124, 4, '2023-09-15', '2024-12-19');
INSERT INTO EMP_BRANCH_HISTORY (ID_Employee, ID_Branch, StartDate, EndDate) VALUES (119, 7, '2024-10-11', NULL);
INSERT INTO EMP_BRANCH_HISTORY (ID_Employee, ID_Branch, StartDate, EndDate) VALUES (102, 3, '2024-02-23', NULL);
INSERT INTO EMP_BRANCH_HISTORY (ID_Employee, ID_Branch, StartDate, EndDate) VALUES (16, 15, '2023-04-28', NULL);
INSERT INTO EMP_BRANCH_HISTORY (ID_Employee, ID_Branch, StartDate, EndDate) VALUES (128, 15, '2023-09-22', NULL);
INSERT INTO EMP_BRANCH_HISTORY (ID_Employee, ID_Branch, StartDate, EndDate) VALUES (62, 7, '2024-01-08', '2024-12-19');
INSERT INTO EMP_BRANCH_HISTORY (ID_Employee, ID_Branch, StartDate, EndDate) VALUES (211, 3, '2023-10-12', NULL);
INSERT INTO EMP_BRANCH_HISTORY (ID_Employee, ID_Branch, StartDate, EndDate) VALUES (66, 10, '2023-11-18', NULL);
INSERT INTO EMP_BRANCH_HISTORY (ID_Employee, ID_Branch, StartDate, EndDate) VALUES (143, 8, '2023-05-04', NULL);
INSERT INTO EMP_BRANCH_HISTORY (ID_Employee, ID_Branch, StartDate, EndDate) VALUES (10, 3, '2023-04-18', NULL);
INSERT INTO EMP_BRANCH_HISTORY (ID_Employee, ID_Branch, StartDate, EndDate) VALUES (52, 10, '2023-03-16', NULL);
INSERT INTO EMP_BRANCH_HISTORY (ID_Employee, ID_Branch, StartDate, EndDate) VALUES (175, 4, '2023-09-17', NULL);
INSERT INTO EMP_BRANCH_HISTORY (ID_Employee, ID_Branch, StartDate, EndDate) VALUES (58, 8, '2023-11-07', NULL);
INSERT INTO EMP_BRANCH_HISTORY (ID_Employee, ID_Branch, StartDate, EndDate) VALUES (178, 2, '2024-01-19', NULL);
INSERT INTO EMP_BRANCH_HISTORY (ID_Employee, ID_Branch, StartDate, EndDate) VALUES (167, 5, '2024-06-26', NULL);
INSERT INTO EMP_BRANCH_HISTORY (ID_Employee, ID_Branch, StartDate, EndDate) VALUES (51, 6, '2024-01-17', NULL);
INSERT INTO EMP_BRANCH_HISTORY (ID_Employee, ID_Branch, StartDate, EndDate) VALUES (83, 3, '2023-02-25', NULL);
INSERT INTO EMP_BRANCH_HISTORY (ID_Employee, ID_Branch, StartDate, EndDate) VALUES (170, 9, '2023-05-21', NULL);
INSERT INTO EMP_BRANCH_HISTORY (ID_Employee, ID_Branch, StartDate, EndDate) VALUES (107, 1, '2023-12-19', NULL);
INSERT INTO EMP_BRANCH_HISTORY (ID_Employee, ID_Branch, StartDate, EndDate) VALUES (88, 4, '2023-09-07', NULL);
INSERT INTO EMP_BRANCH_HISTORY (ID_Employee, ID_Branch, StartDate, EndDate) VALUES (75, 5, '2024-03-25', NULL);
INSERT INTO EMP_BRANCH_HISTORY (ID_Employee, ID_Branch, StartDate, EndDate) VALUES (29, 2, '2024-07-10', NULL);
INSERT INTO EMP_BRANCH_HISTORY (ID_Employee, ID_Branch, StartDate, EndDate) VALUES (74, 4, '2024-07-02', NULL);
INSERT INTO EMP_BRANCH_HISTORY (ID_Employee, ID_Branch, StartDate, EndDate) VALUES (218, 4, '2024-04-11', NULL);
INSERT INTO EMP_BRANCH_HISTORY (ID_Employee, ID_Branch, StartDate, EndDate) VALUES (46, 2, '2023-09-12', '2024-12-19');
INSERT INTO EMP_BRANCH_HISTORY (ID_Employee, ID_Branch, StartDate, EndDate) VALUES (164, 1, '2023-03-13', NULL);
INSERT INTO EMP_BRANCH_HISTORY (ID_Employee, ID_Branch, StartDate, EndDate) VALUES (206, 5, '2023-11-22', '2024-12-19');
INSERT INTO EMP_BRANCH_HISTORY (ID_Employee, ID_Branch, StartDate, EndDate) VALUES (6, 6, '2023-05-16', NULL);
INSERT INTO EMP_BRANCH_HISTORY (ID_Employee, ID_Branch, StartDate, EndDate) VALUES (158, 4, '2023-06-20', NULL);
INSERT INTO EMP_BRANCH_HISTORY (ID_Employee, ID_Branch, StartDate, EndDate) VALUES (157, 6, '2023-03-04', NULL);
INSERT INTO EMP_BRANCH_HISTORY (ID_Employee, ID_Branch, StartDate, EndDate) VALUES (60, 2, '2023-02-21', NULL);
INSERT INTO EMP_BRANCH_HISTORY (ID_Employee, ID_Branch, StartDate, EndDate) VALUES (33, 6, '2023-05-14', NULL);
INSERT INTO EMP_BRANCH_HISTORY (ID_Employee, ID_Branch, StartDate, EndDate) VALUES (189, 8, '2024-05-28', NULL);
INSERT INTO EMP_BRANCH_HISTORY (ID_Employee, ID_Branch, StartDate, EndDate) VALUES (58, 11, '2024-04-25', NULL);
INSERT INTO EMP_BRANCH_HISTORY (ID_Employee, ID_Branch, StartDate, EndDate) VALUES (139, 15, '2024-09-23', NULL);
INSERT INTO EMP_BRANCH_HISTORY (ID_Employee, ID_Branch, StartDate, EndDate) VALUES (185, 3, '2023-02-28', '2024-12-19');
INSERT INTO EMP_BRANCH_HISTORY (ID_Employee, ID_Branch, StartDate, EndDate) VALUES (10, 11, '2024-11-01', NULL);
INSERT INTO EMP_BRANCH_HISTORY (ID_Employee, ID_Branch, StartDate, EndDate) VALUES (199, 15, '2023-05-14', NULL);
INSERT INTO EMP_BRANCH_HISTORY (ID_Employee, ID_Branch, StartDate, EndDate) VALUES (171, 6, '2024-07-27', NULL);
INSERT INTO EMP_BRANCH_HISTORY (ID_Employee, ID_Branch, StartDate, EndDate) VALUES (115, 15, '2023-08-18', NULL);
INSERT INTO EMP_BRANCH_HISTORY (ID_Employee, ID_Branch, StartDate, EndDate) VALUES (187, 12, '2024-04-18', NULL);
INSERT INTO PARKING (ID_Parking, Address, OpeningHour, CloseHour, ParkingType, ID_Branch) VALUES (1, '32570 Kristy Plaza Suite 733', '12:00:00', '22:00:00', 1, 5);
INSERT INTO PARKING (ID_Parking, Address, OpeningHour, CloseHour, ParkingType, ID_Branch) VALUES (2, '1130 Matthew Light', '06:00:00', '23:00:00', 1, 3);
INSERT INTO PARKING (ID_Parking, Address, OpeningHour, CloseHour, ParkingType, ID_Branch) VALUES (3, '2127 Butler Tunnel', '10:00:00', '22:00:00', 0, 1);
INSERT INTO PARKING (ID_Parking, Address, OpeningHour, CloseHour, ParkingType, ID_Branch) VALUES (4, '4049 Maxwell Curve Apt. 419', '12:00:00', '23:00:00', 1, 6);
INSERT INTO PARKING (ID_Parking, Address, OpeningHour, CloseHour, ParkingType, ID_Branch) VALUES (5, '100 Seth Landing Apt. 279', '06:00:00', '22:00:00', 1, 2);
INSERT INTO PARKING (ID_Parking, Address, OpeningHour, CloseHour, ParkingType, ID_Branch) VALUES (6, '8466 Jeffrey Route', '09:00:00', '18:00:00', 0, 7);
INSERT INTO PARKING (ID_Parking, Address, OpeningHour, CloseHour, ParkingType, ID_Branch) VALUES (7, '40155 Kramer Hill Suite 979', '11:00:00', '23:00:00', 1, 11);
INSERT INTO PARKING (ID_Parking, Address, OpeningHour, CloseHour, ParkingType, ID_Branch) VALUES (8, '830 Cynthia Groves Apt. 756', '08:00:00', '21:00:00', 0, 1);
INSERT INTO PARKING (ID_Parking, Address, OpeningHour, CloseHour, ParkingType, ID_Branch) VALUES (9, '8200 Peters Summit Suite 362', '08:00:00', '18:00:00', 0, 12);
INSERT INTO PARKING (ID_Parking, Address, OpeningHour, CloseHour, ParkingType, ID_Branch) VALUES (10, '32361 Mclean Roads', '09:00:00', '21:00:00', 0, 8);
INSERT INTO PARKING (ID_Parking, Address, OpeningHour, CloseHour, ParkingType, ID_Branch) VALUES (11, '7001 Perez Course', '07:00:00', '18:00:00', 0, 10);
INSERT INTO PARKING (ID_Parking, Address, OpeningHour, CloseHour, ParkingType, ID_Branch) VALUES (12, '785 Deanna Tunnel Suite 856', '08:00:00', '21:00:00', 0, 7);
INSERT INTO PARKING (ID_Parking, Address, OpeningHour, CloseHour, ParkingType, ID_Branch) VALUES (13, '86934 Julie Vista', '10:00:00', '21:00:00', 1, 6);
INSERT INTO PARKING (ID_Parking, Address, OpeningHour, CloseHour, ParkingType, ID_Branch) VALUES (14, '7740 Smith Crescent Apt. 772', '08:00:00', '21:00:00', 0, 7);
INSERT INTO PARKING (ID_Parking, Address, OpeningHour, CloseHour, ParkingType, ID_Branch) VALUES (15, '3523 David Bypass Apt. 177', '09:00:00', '20:00:00', 1, 3);
INSERT INTO FOOD_TYPE (ID_Type, TypeName) VALUES (1, 'Rolls');
INSERT INTO FOOD_TYPE (ID_Type, TypeName) VALUES (2, 'Sashimi');
INSERT INTO FOOD_TYPE (ID_Type, TypeName) VALUES (3, 'Nigiri');
INSERT INTO FOOD_TYPE (ID_Type, TypeName) VALUES (4, 'Hand Rolls');
INSERT INTO FOOD_TYPE (ID_Type, TypeName) VALUES (5, 'Bento');
INSERT INTO FOOD_TYPE (ID_Type, TypeName) VALUES (6, 'Appetizers');
INSERT INTO FOOD_TYPE (ID_Type, TypeName) VALUES (7, 'Desserts');
INSERT INTO FOOD_TYPE (ID_Type, TypeName) VALUES (8, 'Beverages');
INSERT INTO FOOD_TYPE (ID_Type, TypeName) VALUES (9, 'Ramen');
INSERT INTO FOOD_TYPE (ID_Type, TypeName) VALUES (10, 'Donburi');
INSERT INTO FOOD_ITEM (ID_Food, FoodName, Price, isAreaRestricted, DeliverySafe, ID_Type) VALUES (1, 'California Roll', 689000, 0, 1, 1);
INSERT INTO FOOD_ITEM (ID_Food, FoodName, Price, isAreaRestricted, DeliverySafe, ID_Type) VALUES (2, 'Spicy Tuna Roll', 521000, 0, 0, 1);
INSERT INTO FOOD_ITEM (ID_Food, FoodName, Price, isAreaRestricted, DeliverySafe, ID_Type) VALUES (3, 'Dragon Roll', 933000, 0, 1, 1);
INSERT INTO FOOD_ITEM (ID_Food, FoodName, Price, isAreaRestricted, DeliverySafe, ID_Type) VALUES (4, 'Rainbow Roll', 863000, 0, 1, 1);
INSERT INTO FOOD_ITEM (ID_Food, FoodName, Price, isAreaRestricted, DeliverySafe, ID_Type) VALUES (5, 'Philadelphia Roll', 398000, 0, 1, 1);
INSERT INTO FOOD_ITEM (ID_Food, FoodName, Price, isAreaRestricted, DeliverySafe, ID_Type) VALUES (6, 'Tempura Roll', 560000, 1, 1, 1);
INSERT INTO FOOD_ITEM (ID_Food, FoodName, Price, isAreaRestricted, DeliverySafe, ID_Type) VALUES (7, 'Vegetarian Roll', 216000, 0, 1, 1);
INSERT INTO FOOD_ITEM (ID_Food, FoodName, Price, isAreaRestricted, DeliverySafe, ID_Type) VALUES (8, 'Salmon Sashimi', 382000, 1, 1, 2);
INSERT INTO FOOD_ITEM (ID_Food, FoodName, Price, isAreaRestricted, DeliverySafe, ID_Type) VALUES (9, 'Tuna Sashimi', 126000, 1, 1, 2);
INSERT INTO FOOD_ITEM (ID_Food, FoodName, Price, isAreaRestricted, DeliverySafe, ID_Type) VALUES (10, 'Yellowtail Sashimi', 360000, 0, 1, 2);
INSERT INTO FOOD_ITEM (ID_Food, FoodName, Price, isAreaRestricted, DeliverySafe, ID_Type) VALUES (11, 'Octopus Sashimi', 975000, 0, 1, 2);
INSERT INTO FOOD_ITEM (ID_Food, FoodName, Price, isAreaRestricted, DeliverySafe, ID_Type) VALUES (12, 'Snapper Sashimi', 204000, 0, 0, 2);
INSERT INTO FOOD_ITEM (ID_Food, FoodName, Price, isAreaRestricted, DeliverySafe, ID_Type) VALUES (13, 'Mackerel Sashimi', 639000, 1, 0, 2);
INSERT INTO FOOD_ITEM (ID_Food, FoodName, Price, isAreaRestricted, DeliverySafe, ID_Type) VALUES (14, 'Salmon Nigiri', 554000, 0, 0, 3);
INSERT INTO FOOD_ITEM (ID_Food, FoodName, Price, isAreaRestricted, DeliverySafe, ID_Type) VALUES (15, 'Tuna Nigiri', 144000, 1, 1, 3);
INSERT INTO FOOD_ITEM (ID_Food, FoodName, Price, isAreaRestricted, DeliverySafe, ID_Type) VALUES (16, 'Eel Nigiri', 731000, 0, 1, 3);
INSERT INTO FOOD_ITEM (ID_Food, FoodName, Price, isAreaRestricted, DeliverySafe, ID_Type) VALUES (17, 'Shrimp Nigiri', 370000, 0, 1, 3);
INSERT INTO FOOD_ITEM (ID_Food, FoodName, Price, isAreaRestricted, DeliverySafe, ID_Type) VALUES (18, 'Egg Nigiri', 725000, 0, 1, 3);
INSERT INTO FOOD_ITEM (ID_Food, FoodName, Price, isAreaRestricted, DeliverySafe, ID_Type) VALUES (19, 'Crab Nigiri', 123000, 0, 1, 3);
INSERT INTO FOOD_ITEM (ID_Food, FoodName, Price, isAreaRestricted, DeliverySafe, ID_Type) VALUES (20, 'Spicy Tuna Hand Roll', 869000, 0, 1, 4);
INSERT INTO FOOD_ITEM (ID_Food, FoodName, Price, isAreaRestricted, DeliverySafe, ID_Type) VALUES (21, 'California Hand Roll', 242000, 1, 1, 4);
INSERT INTO FOOD_ITEM (ID_Food, FoodName, Price, isAreaRestricted, DeliverySafe, ID_Type) VALUES (22, 'Salmon Avocado Hand Roll', 134000, 0, 1, 4);
INSERT INTO FOOD_ITEM (ID_Food, FoodName, Price, isAreaRestricted, DeliverySafe, ID_Type) VALUES (23, 'Vegetable Hand Roll', 96000, 0, 1, 4);
INSERT INTO FOOD_ITEM (ID_Food, FoodName, Price, isAreaRestricted, DeliverySafe, ID_Type) VALUES (24, 'Shrimp Tempura Hand Roll', 714000, 1, 1, 4);
INSERT INTO FOOD_ITEM (ID_Food, FoodName, Price, isAreaRestricted, DeliverySafe, ID_Type) VALUES (25, 'Chicken Teriyaki Bento', 413000, 0, 0, 5);
INSERT INTO FOOD_ITEM (ID_Food, FoodName, Price, isAreaRestricted, DeliverySafe, ID_Type) VALUES (26, 'Salmon Teriyaki Bento', 805000, 0, 1, 5);
INSERT INTO FOOD_ITEM (ID_Food, FoodName, Price, isAreaRestricted, DeliverySafe, ID_Type) VALUES (27, 'Beef Bulgogi Bento', 910000, 0, 1, 5);
INSERT INTO FOOD_ITEM (ID_Food, FoodName, Price, isAreaRestricted, DeliverySafe, ID_Type) VALUES (28, 'Vegetarian Bento', 376000, 0, 0, 5);
INSERT INTO FOOD_ITEM (ID_Food, FoodName, Price, isAreaRestricted, DeliverySafe, ID_Type) VALUES (29, 'Edamame', 443000, 0, 1, 6);
INSERT INTO FOOD_ITEM (ID_Food, FoodName, Price, isAreaRestricted, DeliverySafe, ID_Type) VALUES (30, 'Gyoza', 511000, 1, 1, 6);
INSERT INTO FOOD_ITEM (ID_Food, FoodName, Price, isAreaRestricted, DeliverySafe, ID_Type) VALUES (31, 'Seaweed Salad', 88000, 0, 1, 6);
INSERT INTO FOOD_ITEM (ID_Food, FoodName, Price, isAreaRestricted, DeliverySafe, ID_Type) VALUES (32, 'Takoyaki', 348000, 0, 1, 6);
INSERT INTO FOOD_ITEM (ID_Food, FoodName, Price, isAreaRestricted, DeliverySafe, ID_Type) VALUES (33, 'Agedashi Tofu', 529000, 1, 1, 6);
INSERT INTO FOOD_ITEM (ID_Food, FoodName, Price, isAreaRestricted, DeliverySafe, ID_Type) VALUES (34, 'Miso Soup', 388000, 0, 1, 6);
INSERT INTO FOOD_ITEM (ID_Food, FoodName, Price, isAreaRestricted, DeliverySafe, ID_Type) VALUES (35, 'Spring Rolls', 826000, 0, 1, 6);
INSERT INTO FOOD_ITEM (ID_Food, FoodName, Price, isAreaRestricted, DeliverySafe, ID_Type) VALUES (36, 'Mochi Ice Cream', 424000, 0, 1, 7);
INSERT INTO FOOD_ITEM (ID_Food, FoodName, Price, isAreaRestricted, DeliverySafe, ID_Type) VALUES (37, 'Green Tea Cheesecake', 761000, 0, 1, 7);
INSERT INTO FOOD_ITEM (ID_Food, FoodName, Price, isAreaRestricted, DeliverySafe, ID_Type) VALUES (38, 'Dorayaki', 406000, 0, 1, 7);
INSERT INTO FOOD_ITEM (ID_Food, FoodName, Price, isAreaRestricted, DeliverySafe, ID_Type) VALUES (39, 'Matcha Panna Cotta', 620000, 0, 1, 7);
INSERT INTO FOOD_ITEM (ID_Food, FoodName, Price, isAreaRestricted, DeliverySafe, ID_Type) VALUES (40, 'Sesame Balls', 168000, 0, 0, 7);
INSERT INTO FOOD_ITEM (ID_Food, FoodName, Price, isAreaRestricted, DeliverySafe, ID_Type) VALUES (41, 'Green Tea', 755000, 1, 1, 8);
INSERT INTO FOOD_ITEM (ID_Food, FoodName, Price, isAreaRestricted, DeliverySafe, ID_Type) VALUES (42, 'Sake', 999000, 0, 1, 8);
INSERT INTO FOOD_ITEM (ID_Food, FoodName, Price, isAreaRestricted, DeliverySafe, ID_Type) VALUES (43, 'Plum Wine', 221000, 1, 0, 8);
INSERT INTO FOOD_ITEM (ID_Food, FoodName, Price, isAreaRestricted, DeliverySafe, ID_Type) VALUES (44, 'Ramune Soda', 489000, 0, 0, 8);
INSERT INTO FOOD_ITEM (ID_Food, FoodName, Price, isAreaRestricted, DeliverySafe, ID_Type) VALUES (45, 'Matcha Latte', 307000, 0, 1, 8);
INSERT INTO FOOD_ITEM (ID_Food, FoodName, Price, isAreaRestricted, DeliverySafe, ID_Type) VALUES (46, 'Iced Oolong Tea', 521000, 0, 1, 8);
INSERT INTO FOOD_ITEM (ID_Food, FoodName, Price, isAreaRestricted, DeliverySafe, ID_Type) VALUES (47, 'Shoyu Ramen', 761000, 1, 1, 9);
INSERT INTO FOOD_ITEM (ID_Food, FoodName, Price, isAreaRestricted, DeliverySafe, ID_Type) VALUES (48, 'Miso Ramen', 506000, 0, 1, 9);
INSERT INTO FOOD_ITEM (ID_Food, FoodName, Price, isAreaRestricted, DeliverySafe, ID_Type) VALUES (49, 'Tonkotsu Ramen', 434000, 0, 1, 9);
INSERT INTO FOOD_ITEM (ID_Food, FoodName, Price, isAreaRestricted, DeliverySafe, ID_Type) VALUES (50, 'Spicy Chicken Ramen', 185000, 0, 1, 9);
INSERT INTO FOOD_ITEM (ID_Food, FoodName, Price, isAreaRestricted, DeliverySafe, ID_Type) VALUES (51, 'Vegetable Ramen', 270000, 0, 1, 9);
INSERT INTO FOOD_ITEM (ID_Food, FoodName, Price, isAreaRestricted, DeliverySafe, ID_Type) VALUES (52, 'Seafood Ramen', 607000, 1, 1, 9);
INSERT INTO FOOD_ITEM (ID_Food, FoodName, Price, isAreaRestricted, DeliverySafe, ID_Type) VALUES (53, 'Gyudon (Beef Bowl)', 529000, 0, 1, 10);
INSERT INTO FOOD_ITEM (ID_Food, FoodName, Price, isAreaRestricted, DeliverySafe, ID_Type) VALUES (54, 'Katsudon (Pork Cutlet Bowl)', 497000, 0, 0, 10);
INSERT INTO FOOD_ITEM (ID_Food, FoodName, Price, isAreaRestricted, DeliverySafe, ID_Type) VALUES (55, 'Oyakodon (Chicken and Egg Bowl)', 120000, 0, 1, 10);
INSERT INTO FOOD_ITEM (ID_Food, FoodName, Price, isAreaRestricted, DeliverySafe, ID_Type) VALUES (56, 'Unadon (Eel Bowl)', 358000, 0, 1, 10);
INSERT INTO FOOD_ITEM (ID_Food, FoodName, Price, isAreaRestricted, DeliverySafe, ID_Type) VALUES (57, 'Tekka Don (Tuna Bowl)', 327000, 0, 1, 10);
INSERT INTO FOOD_ITEM (ID_Food, FoodName, Price, isAreaRestricted, DeliverySafe, ID_Type) VALUES (58, 'Chirashi Don (Scattered Sushi Bowl)', 100000, 0, 1, 10);
INSERT INTO AREA_SPECIFIC_FOOD (ID_Area, ID_Food) VALUES (4, 9);
INSERT INTO AREA_SPECIFIC_FOOD (ID_Area, ID_Food) VALUES (4, 52);
INSERT INTO AREA_SPECIFIC_FOOD (ID_Area, ID_Food) VALUES (3, 13);
INSERT INTO AREA_SPECIFIC_FOOD (ID_Area, ID_Food) VALUES (1, 21);
INSERT INTO AREA_SPECIFIC_FOOD (ID_Area, ID_Food) VALUES (5, 33);
INSERT INTO AREA_SPECIFIC_FOOD (ID_Area, ID_Food) VALUES (3, 43);
INSERT INTO AREA_SPECIFIC_FOOD (ID_Area, ID_Food) VALUES (2, 43);
INSERT INTO AREA_SPECIFIC_FOOD (ID_Area, ID_Food) VALUES (5, 8);
INSERT INTO AREA_SPECIFIC_FOOD (ID_Area, ID_Food) VALUES (4, 8);
INSERT INTO AREA_SPECIFIC_FOOD (ID_Area, ID_Food) VALUES (3, 6);
INSERT INTO AREA_SPECIFIC_FOOD (ID_Area, ID_Food) VALUES (5, 52);
INSERT INTO AREA_SPECIFIC_FOOD (ID_Area, ID_Food) VALUES (4, 24);
INSERT INTO AREA_SPECIFIC_FOOD (ID_Area, ID_Food) VALUES (3, 8);
INSERT INTO AREA_SPECIFIC_FOOD (ID_Area, ID_Food) VALUES (2, 52);
INSERT INTO AREA_SPECIFIC_FOOD (ID_Area, ID_Food) VALUES (2, 6);
INSERT INTO AREA_SPECIFIC_FOOD (ID_Area, ID_Food) VALUES (1, 15);
INSERT INTO AREA_SPECIFIC_FOOD (ID_Area, ID_Food) VALUES (1, 52);
INSERT INTO AREA_SPECIFIC_FOOD (ID_Area, ID_Food) VALUES (2, 24);
INSERT INTO AREA_SPECIFIC_FOOD (ID_Area, ID_Food) VALUES (1, 13);
INSERT INTO AREA_SPECIFIC_FOOD (ID_Area, ID_Food) VALUES (4, 43);
INSERT INTO AREA_SPECIFIC_FOOD (ID_Area, ID_Food) VALUES (1, 33);
INSERT INTO AREA_SPECIFIC_FOOD (ID_Area, ID_Food) VALUES (3, 21);
INSERT INTO AREA_SPECIFIC_FOOD (ID_Area, ID_Food) VALUES (2, 8);
INSERT INTO AREA_SPECIFIC_FOOD (ID_Area, ID_Food) VALUES (3, 30);
INSERT INTO AREA_SPECIFIC_FOOD (ID_Area, ID_Food) VALUES (5, 13);
INSERT INTO AREA_SPECIFIC_FOOD (ID_Area, ID_Food) VALUES (3, 9);
INSERT INTO AREA_SPECIFIC_FOOD (ID_Area, ID_Food) VALUES (2, 47);
INSERT INTO AREA_SPECIFIC_FOOD (ID_Area, ID_Food) VALUES (2, 9);
INSERT INTO AREA_SPECIFIC_FOOD (ID_Area, ID_Food) VALUES (1, 9);
INSERT INTO AREA_SPECIFIC_FOOD (ID_Area, ID_Food) VALUES (5, 9);
INSERT INTO AREA_SPECIFIC_FOOD (ID_Area, ID_Food) VALUES (2, 41);
INSERT INTO AREA_SPECIFIC_FOOD (ID_Area, ID_Food) VALUES (1, 43);
INSERT INTO AREA_SPECIFIC_FOOD (ID_Area, ID_Food) VALUES (1, 47);
INSERT INTO AREA_SPECIFIC_FOOD (ID_Area, ID_Food) VALUES (4, 6);
INSERT INTO AREA_SPECIFIC_FOOD (ID_Area, ID_Food) VALUES (4, 13);
INSERT INTO AREA_SPECIFIC_FOOD (ID_Area, ID_Food) VALUES (3, 47);
INSERT INTO AREA_SPECIFIC_FOOD (ID_Area, ID_Food) VALUES (3, 41);
INSERT INTO AREA_SPECIFIC_FOOD (ID_Area, ID_Food) VALUES (4, 15);
INSERT INTO AREA_SPECIFIC_FOOD (ID_Area, ID_Food) VALUES (1, 41);
INSERT INTO AREA_SPECIFIC_FOOD (ID_Area, ID_Food) VALUES (4, 47);
INSERT INTO BRANCH_FOOD (ID_BranchFood, Available, ID_Branch, ID_Food) VALUES (1, 1, 3, 35);
INSERT INTO BRANCH_FOOD (ID_BranchFood, Available, ID_Branch, ID_Food) VALUES (2, 1, 2, 53);
INSERT INTO BRANCH_FOOD (ID_BranchFood, Available, ID_Branch, ID_Food) VALUES (3, 1, 8, 4);
INSERT INTO BRANCH_FOOD (ID_BranchFood, Available, ID_Branch, ID_Food) VALUES (4, 0, 2, 32);
INSERT INTO BRANCH_FOOD (ID_BranchFood, Available, ID_Branch, ID_Food) VALUES (5, 1, 6, 2);
INSERT INTO BRANCH_FOOD (ID_BranchFood, Available, ID_Branch, ID_Food) VALUES (6, 1, 4, 3);
INSERT INTO BRANCH_FOOD (ID_BranchFood, Available, ID_Branch, ID_Food) VALUES (7, 1, 1, 2);
INSERT INTO BRANCH_FOOD (ID_BranchFood, Available, ID_Branch, ID_Food) VALUES (8, 1, 5, 6);
INSERT INTO BRANCH_FOOD (ID_BranchFood, Available, ID_Branch, ID_Food) VALUES (9, 1, 7, 16);
INSERT INTO BRANCH_FOOD (ID_BranchFood, Available, ID_Branch, ID_Food) VALUES (10, 1, 5, 22);
INSERT INTO BRANCH_FOOD (ID_BranchFood, Available, ID_Branch, ID_Food) VALUES (11, 1, 8, 56);
INSERT INTO BRANCH_FOOD (ID_BranchFood, Available, ID_Branch, ID_Food) VALUES (12, 1, 8, 57);
INSERT INTO BRANCH_FOOD (ID_BranchFood, Available, ID_Branch, ID_Food) VALUES (13, 1, 11, 31);
INSERT INTO BRANCH_FOOD (ID_BranchFood, Available, ID_Branch, ID_Food) VALUES (14, 1, 10, 36);
INSERT INTO BRANCH_FOOD (ID_BranchFood, Available, ID_Branch, ID_Food) VALUES (15, 0, 4, 26);
INSERT INTO BRANCH_FOOD (ID_BranchFood, Available, ID_Branch, ID_Food) VALUES (16, 1, 13, 8);
INSERT INTO BRANCH_FOOD (ID_BranchFood, Available, ID_Branch, ID_Food) VALUES (17, 1, 9, 15);
INSERT INTO BRANCH_FOOD (ID_BranchFood, Available, ID_Branch, ID_Food) VALUES (18, 1, 15, 40);
INSERT INTO BRANCH_FOOD (ID_BranchFood, Available, ID_Branch, ID_Food) VALUES (19, 1, 5, 52);
INSERT INTO BRANCH_FOOD (ID_BranchFood, Available, ID_Branch, ID_Food) VALUES (20, 1, 11, 52);
INSERT INTO BRANCH_FOOD (ID_BranchFood, Available, ID_Branch, ID_Food) VALUES (21, 1, 5, 24);
INSERT INTO BRANCH_FOOD (ID_BranchFood, Available, ID_Branch, ID_Food) VALUES (22, 0, 8, 54);
INSERT INTO BRANCH_FOOD (ID_BranchFood, Available, ID_Branch, ID_Food) VALUES (23, 1, 14, 40);
INSERT INTO BRANCH_FOOD (ID_BranchFood, Available, ID_Branch, ID_Food) VALUES (24, 1, 12, 14);
INSERT INTO BRANCH_FOOD (ID_BranchFood, Available, ID_Branch, ID_Food) VALUES (25, 1, 15, 17);
INSERT INTO BRANCH_FOOD (ID_BranchFood, Available, ID_Branch, ID_Food) VALUES (26, 1, 10, 29);
INSERT INTO BRANCH_FOOD (ID_BranchFood, Available, ID_Branch, ID_Food) VALUES (27, 0, 10, 33);
INSERT INTO BRANCH_FOOD (ID_BranchFood, Available, ID_Branch, ID_Food) VALUES (28, 1, 1, 8);
INSERT INTO BRANCH_FOOD (ID_BranchFood, Available, ID_Branch, ID_Food) VALUES (29, 1, 7, 10);
INSERT INTO BRANCH_FOOD (ID_BranchFood, Available, ID_Branch, ID_Food) VALUES (30, 1, 4, 11);
INSERT INTO BRANCH_FOOD (ID_BranchFood, Available, ID_Branch, ID_Food) VALUES (31, 0, 11, 16);
INSERT INTO BRANCH_FOOD (ID_BranchFood, Available, ID_Branch, ID_Food) VALUES (32, 1, 11, 12);
INSERT INTO BRANCH_FOOD (ID_BranchFood, Available, ID_Branch, ID_Food) VALUES (33, 1, 1, 50);
INSERT INTO BRANCH_FOOD (ID_BranchFood, Available, ID_Branch, ID_Food) VALUES (34, 0, 10, 46);
INSERT INTO BRANCH_FOOD (ID_BranchFood, Available, ID_Branch, ID_Food) VALUES (35, 1, 2, 31);
INSERT INTO BRANCH_FOOD (ID_BranchFood, Available, ID_Branch, ID_Food) VALUES (36, 1, 13, 22);
INSERT INTO BRANCH_FOOD (ID_BranchFood, Available, ID_Branch, ID_Food) VALUES (37, 1, 1, 1);
INSERT INTO BRANCH_FOOD (ID_BranchFood, Available, ID_Branch, ID_Food) VALUES (38, 1, 14, 31);
INSERT INTO BRANCH_FOOD (ID_BranchFood, Available, ID_Branch, ID_Food) VALUES (39, 0, 10, 31);
INSERT INTO BRANCH_FOOD (ID_BranchFood, Available, ID_Branch, ID_Food) VALUES (40, 1, 14, 12);
INSERT INTO BRANCH_FOOD (ID_BranchFood, Available, ID_Branch, ID_Food) VALUES (41, 1, 8, 31);
INSERT INTO BRANCH_FOOD (ID_BranchFood, Available, ID_Branch, ID_Food) VALUES (42, 0, 1, 5);
INSERT INTO BRANCH_FOOD (ID_BranchFood, Available, ID_Branch, ID_Food) VALUES (43, 1, 12, 15);
INSERT INTO BRANCH_FOOD (ID_BranchFood, Available, ID_Branch, ID_Food) VALUES (44, 1, 3, 22);
INSERT INTO BRANCH_FOOD (ID_BranchFood, Available, ID_Branch, ID_Food) VALUES (45, 1, 12, 46);
INSERT INTO BRANCH_FOOD (ID_BranchFood, Available, ID_Branch, ID_Food) VALUES (46, 0, 12, 9);
INSERT INTO BRANCH_FOOD (ID_BranchFood, Available, ID_Branch, ID_Food) VALUES (47, 0, 12, 25);
INSERT INTO BRANCH_FOOD (ID_BranchFood, Available, ID_Branch, ID_Food) VALUES (48, 1, 11, 51);
INSERT INTO BRANCH_FOOD (ID_BranchFood, Available, ID_Branch, ID_Food) VALUES (49, 1, 15, 58);
INSERT INTO BRANCH_FOOD (ID_BranchFood, Available, ID_Branch, ID_Food) VALUES (50, 1, 13, 17);
INSERT INTO BRANCH_FOOD (ID_BranchFood, Available, ID_Branch, ID_Food) VALUES (51, 1, 3, 23);
INSERT INTO BRANCH_FOOD (ID_BranchFood, Available, ID_Branch, ID_Food) VALUES (52, 1, 1, 40);
INSERT INTO BRANCH_FOOD (ID_BranchFood, Available, ID_Branch, ID_Food) VALUES (53, 1, 13, 5);
INSERT INTO BRANCH_FOOD (ID_BranchFood, Available, ID_Branch, ID_Food) VALUES (54, 1, 14, 18);
INSERT INTO BRANCH_FOOD (ID_BranchFood, Available, ID_Branch, ID_Food) VALUES (55, 1, 1, 42);
INSERT INTO BRANCH_FOOD (ID_BranchFood, Available, ID_Branch, ID_Food) VALUES (56, 1, 12, 49);
INSERT INTO BRANCH_FOOD (ID_BranchFood, Available, ID_Branch, ID_Food) VALUES (57, 0, 2, 46);
INSERT INTO BRANCH_FOOD (ID_BranchFood, Available, ID_Branch, ID_Food) VALUES (58, 0, 11, 56);
INSERT INTO BRANCH_FOOD (ID_BranchFood, Available, ID_Branch, ID_Food) VALUES (59, 0, 12, 40);
INSERT INTO BRANCH_FOOD (ID_BranchFood, Available, ID_Branch, ID_Food) VALUES (60, 1, 7, 56);
INSERT INTO BRANCH_FOOD (ID_BranchFood, Available, ID_Branch, ID_Food) VALUES (61, 1, 1, 4);
INSERT INTO BRANCH_FOOD (ID_BranchFood, Available, ID_Branch, ID_Food) VALUES (62, 1, 10, 10);
INSERT INTO BRANCH_FOOD (ID_BranchFood, Available, ID_Branch, ID_Food) VALUES (63, 1, 14, 37);
INSERT INTO BRANCH_FOOD (ID_BranchFood, Available, ID_Branch, ID_Food) VALUES (64, 1, 3, 37);
INSERT INTO BRANCH_FOOD (ID_BranchFood, Available, ID_Branch, ID_Food) VALUES (65, 1, 8, 43);
INSERT INTO BRANCH_FOOD (ID_BranchFood, Available, ID_Branch, ID_Food) VALUES (66, 0, 6, 17);
INSERT INTO BRANCH_FOOD (ID_BranchFood, Available, ID_Branch, ID_Food) VALUES (67, 0, 11, 50);
INSERT INTO BRANCH_FOOD (ID_BranchFood, Available, ID_Branch, ID_Food) VALUES (68, 1, 6, 1);
INSERT INTO BRANCH_FOOD (ID_BranchFood, Available, ID_Branch, ID_Food) VALUES (69, 1, 8, 34);
INSERT INTO BRANCH_FOOD (ID_BranchFood, Available, ID_Branch, ID_Food) VALUES (70, 0, 7, 5);
INSERT INTO BRANCH_FOOD (ID_BranchFood, Available, ID_Branch, ID_Food) VALUES (71, 1, 7, 39);
INSERT INTO BRANCH_FOOD (ID_BranchFood, Available, ID_Branch, ID_Food) VALUES (72, 1, 10, 56);
INSERT INTO BRANCH_FOOD (ID_BranchFood, Available, ID_Branch, ID_Food) VALUES (73, 0, 12, 2);
INSERT INTO BRANCH_FOOD (ID_BranchFood, Available, ID_Branch, ID_Food) VALUES (74, 1, 7, 53);
INSERT INTO BRANCH_FOOD (ID_BranchFood, Available, ID_Branch, ID_Food) VALUES (75, 1, 8, 38);
INSERT INTO BRANCH_FOOD (ID_BranchFood, Available, ID_Branch, ID_Food) VALUES (76, 1, 5, 43);
INSERT INTO BRANCH_FOOD (ID_BranchFood, Available, ID_Branch, ID_Food) VALUES (77, 1, 12, 5);
INSERT INTO BRANCH_FOOD (ID_BranchFood, Available, ID_Branch, ID_Food) VALUES (78, 1, 5, 20);
INSERT INTO BRANCH_FOOD (ID_BranchFood, Available, ID_Branch, ID_Food) VALUES (79, 1, 13, 54);
INSERT INTO BRANCH_FOOD (ID_BranchFood, Available, ID_Branch, ID_Food) VALUES (80, 1, 3, 26);
INSERT INTO BRANCH_FOOD (ID_BranchFood, Available, ID_Branch, ID_Food) VALUES (81, 1, 15, 2);
INSERT INTO BRANCH_FOOD (ID_BranchFood, Available, ID_Branch, ID_Food) VALUES (82, 1, 2, 54);
INSERT INTO BRANCH_FOOD (ID_BranchFood, Available, ID_Branch, ID_Food) VALUES (83, 1, 3, 25);
INSERT INTO BRANCH_FOOD (ID_BranchFood, Available, ID_Branch, ID_Food) VALUES (84, 1, 3, 6);
INSERT INTO BRANCH_FOOD (ID_BranchFood, Available, ID_Branch, ID_Food) VALUES (85, 0, 2, 26);
INSERT INTO BRANCH_FOOD (ID_BranchFood, Available, ID_Branch, ID_Food) VALUES (86, 0, 6, 54);
INSERT INTO BRANCH_FOOD (ID_BranchFood, Available, ID_Branch, ID_Food) VALUES (87, 1, 2, 5);
INSERT INTO BRANCH_FOOD (ID_BranchFood, Available, ID_Branch, ID_Food) VALUES (88, 0, 3, 42);
INSERT INTO BRANCH_FOOD (ID_BranchFood, Available, ID_Branch, ID_Food) VALUES (89, 1, 1, 18);
INSERT INTO BRANCH_FOOD (ID_BranchFood, Available, ID_Branch, ID_Food) VALUES (90, 1, 10, 55);
INSERT INTO BRANCH_FOOD (ID_BranchFood, Available, ID_Branch, ID_Food) VALUES (91, 1, 1, 13);
INSERT INTO BRANCH_FOOD (ID_BranchFood, Available, ID_Branch, ID_Food) VALUES (92, 0, 5, 14);
INSERT INTO BRANCH_FOOD (ID_BranchFood, Available, ID_Branch, ID_Food) VALUES (93, 1, 6, 48);
INSERT INTO BRANCH_FOOD (ID_BranchFood, Available, ID_Branch, ID_Food) VALUES (94, 1, 7, 26);
INSERT INTO BRANCH_FOOD (ID_BranchFood, Available, ID_Branch, ID_Food) VALUES (95, 0, 5, 25);
INSERT INTO BRANCH_FOOD (ID_BranchFood, Available, ID_Branch, ID_Food) VALUES (96, 1, 11, 40);
INSERT INTO BRANCH_FOOD (ID_BranchFood, Available, ID_Branch, ID_Food) VALUES (97, 1, 1, 35);
INSERT INTO BRANCH_FOOD (ID_BranchFood, Available, ID_Branch, ID_Food) VALUES (98, 1, 12, 4);
INSERT INTO BRANCH_FOOD (ID_BranchFood, Available, ID_Branch, ID_Food) VALUES (99, 1, 8, 46);
INSERT INTO BRANCH_FOOD (ID_BranchFood, Available, ID_Branch, ID_Food) VALUES (100, 0, 14, 15);
INSERT INTO BRANCH_FOOD (ID_BranchFood, Available, ID_Branch, ID_Food) VALUES (101, 1, 2, 18);
INSERT INTO BRANCH_FOOD (ID_BranchFood, Available, ID_Branch, ID_Food) VALUES (102, 1, 2, 13);
INSERT INTO BRANCH_FOOD (ID_BranchFood, Available, ID_Branch, ID_Food) VALUES (103, 1, 15, 3);
INSERT INTO BRANCH_FOOD (ID_BranchFood, Available, ID_Branch, ID_Food) VALUES (104, 1, 6, 12);
INSERT INTO BRANCH_FOOD (ID_BranchFood, Available, ID_Branch, ID_Food) VALUES (105, 1, 5, 58);
INSERT INTO BRANCH_FOOD (ID_BranchFood, Available, ID_Branch, ID_Food) VALUES (106, 1, 15, 18);
INSERT INTO BRANCH_FOOD (ID_BranchFood, Available, ID_Branch, ID_Food) VALUES (107, 1, 13, 25);
INSERT INTO BRANCH_FOOD (ID_BranchFood, Available, ID_Branch, ID_Food) VALUES (108, 1, 8, 21);
INSERT INTO BRANCH_FOOD (ID_BranchFood, Available, ID_Branch, ID_Food) VALUES (109, 0, 11, 9);
INSERT INTO BRANCH_FOOD (ID_BranchFood, Available, ID_Branch, ID_Food) VALUES (110, 1, 2, 24);
INSERT INTO BRANCH_FOOD (ID_BranchFood, Available, ID_Branch, ID_Food) VALUES (111, 1, 8, 58);
INSERT INTO BRANCH_FOOD (ID_BranchFood, Available, ID_Branch, ID_Food) VALUES (112, 1, 1, 24);
INSERT INTO BRANCH_FOOD (ID_BranchFood, Available, ID_Branch, ID_Food) VALUES (113, 0, 2, 37);
INSERT INTO BRANCH_FOOD (ID_BranchFood, Available, ID_Branch, ID_Food) VALUES (114, 0, 3, 46);
INSERT INTO BRANCH_FOOD (ID_BranchFood, Available, ID_Branch, ID_Food) VALUES (115, 1, 15, 29);
INSERT INTO BRANCH_FOOD (ID_BranchFood, Available, ID_Branch, ID_Food) VALUES (116, 1, 13, 52);
INSERT INTO BRANCH_FOOD (ID_BranchFood, Available, ID_Branch, ID_Food) VALUES (117, 1, 5, 37);
INSERT INTO BRANCH_FOOD (ID_BranchFood, Available, ID_Branch, ID_Food) VALUES (118, 1, 3, 41);
INSERT INTO BRANCH_FOOD (ID_BranchFood, Available, ID_Branch, ID_Food) VALUES (119, 1, 4, 33);
INSERT INTO BRANCH_FOOD (ID_BranchFood, Available, ID_Branch, ID_Food) VALUES (120, 0, 9, 13);
INSERT INTO BRANCH_FOOD (ID_BranchFood, Available, ID_Branch, ID_Food) VALUES (121, 1, 15, 39);
INSERT INTO BRANCH_FOOD (ID_BranchFood, Available, ID_Branch, ID_Food) VALUES (122, 1, 9, 2);
INSERT INTO BRANCH_FOOD (ID_BranchFood, Available, ID_Branch, ID_Food) VALUES (123, 1, 1, 57);
INSERT INTO BRANCH_FOOD (ID_BranchFood, Available, ID_Branch, ID_Food) VALUES (124, 0, 13, 28);
INSERT INTO BRANCH_FOOD (ID_BranchFood, Available, ID_Branch, ID_Food) VALUES (125, 0, 2, 50);
INSERT INTO BRANCH_FOOD (ID_BranchFood, Available, ID_Branch, ID_Food) VALUES (126, 0, 14, 8);
INSERT INTO BRANCH_FOOD (ID_BranchFood, Available, ID_Branch, ID_Food) VALUES (127, 1, 6, 3);
INSERT INTO BRANCH_FOOD (ID_BranchFood, Available, ID_Branch, ID_Food) VALUES (128, 0, 11, 44);
INSERT INTO BRANCH_FOOD (ID_BranchFood, Available, ID_Branch, ID_Food) VALUES (129, 1, 15, 25);
INSERT INTO BRANCH_FOOD (ID_BranchFood, Available, ID_Branch, ID_Food) VALUES (130, 0, 8, 9);
INSERT INTO BRANCH_FOOD (ID_BranchFood, Available, ID_Branch, ID_Food) VALUES (131, 1, 8, 25);
INSERT INTO BRANCH_FOOD (ID_BranchFood, Available, ID_Branch, ID_Food) VALUES (132, 1, 15, 23);
INSERT INTO BRANCH_FOOD (ID_BranchFood, Available, ID_Branch, ID_Food) VALUES (133, 1, 12, 22);
INSERT INTO BRANCH_FOOD (ID_BranchFood, Available, ID_Branch, ID_Food) VALUES (134, 1, 6, 45);
INSERT INTO BRANCH_FOOD (ID_BranchFood, Available, ID_Branch, ID_Food) VALUES (135, 1, 5, 23);
INSERT INTO BRANCH_FOOD (ID_BranchFood, Available, ID_Branch, ID_Food) VALUES (136, 1, 8, 10);
INSERT INTO BRANCH_FOOD (ID_BranchFood, Available, ID_Branch, ID_Food) VALUES (137, 1, 6, 56);
INSERT INTO BRANCH_FOOD (ID_BranchFood, Available, ID_Branch, ID_Food) VALUES (138, 1, 9, 38);
INSERT INTO BRANCH_FOOD (ID_BranchFood, Available, ID_Branch, ID_Food) VALUES (139, 1, 4, 45);
INSERT INTO BRANCH_FOOD (ID_BranchFood, Available, ID_Branch, ID_Food) VALUES (140, 0, 8, 22);
INSERT INTO BRANCH_FOOD (ID_BranchFood, Available, ID_Branch, ID_Food) VALUES (141, 1, 7, 4);
INSERT INTO BRANCH_FOOD (ID_BranchFood, Available, ID_Branch, ID_Food) VALUES (142, 1, 8, 27);
INSERT INTO BRANCH_FOOD (ID_BranchFood, Available, ID_Branch, ID_Food) VALUES (143, 1, 1, 26);
INSERT INTO BRANCH_FOOD (ID_BranchFood, Available, ID_Branch, ID_Food) VALUES (144, 1, 10, 20);
INSERT INTO BRANCH_FOOD (ID_BranchFood, Available, ID_Branch, ID_Food) VALUES (145, 1, 14, 3);
INSERT INTO BRANCH_FOOD (ID_BranchFood, Available, ID_Branch, ID_Food) VALUES (146, 1, 11, 36);
INSERT INTO BRANCH_FOOD (ID_BranchFood, Available, ID_Branch, ID_Food) VALUES (147, 1, 3, 20);
INSERT INTO BRANCH_FOOD (ID_BranchFood, Available, ID_Branch, ID_Food) VALUES (148, 1, 9, 47);
INSERT INTO BRANCH_FOOD (ID_BranchFood, Available, ID_Branch, ID_Food) VALUES (149, 0, 1, 48);
INSERT INTO BRANCH_FOOD (ID_BranchFood, Available, ID_Branch, ID_Food) VALUES (150, 1, 15, 54);
INSERT INTO BRANCH_FOOD (ID_BranchFood, Available, ID_Branch, ID_Food) VALUES (151, 1, 11, 4);
INSERT INTO BRANCH_FOOD (ID_BranchFood, Available, ID_Branch, ID_Food) VALUES (152, 1, 10, 17);
INSERT INTO BRANCH_FOOD (ID_BranchFood, Available, ID_Branch, ID_Food) VALUES (153, 1, 13, 1);
INSERT INTO BRANCH_FOOD (ID_BranchFood, Available, ID_Branch, ID_Food) VALUES (154, 1, 13, 31);
INSERT INTO BRANCH_FOOD (ID_BranchFood, Available, ID_Branch, ID_Food) VALUES (155, 1, 3, 31);
INSERT INTO BRANCH_FOOD (ID_BranchFood, Available, ID_Branch, ID_Food) VALUES (156, 1, 4, 51);
INSERT INTO BRANCH_FOOD (ID_BranchFood, Available, ID_Branch, ID_Food) VALUES (157, 1, 12, 53);
INSERT INTO BRANCH_FOOD (ID_BranchFood, Available, ID_Branch, ID_Food) VALUES (158, 1, 11, 14);
INSERT INTO BRANCH_FOOD (ID_BranchFood, Available, ID_Branch, ID_Food) VALUES (159, 0, 11, 34);
INSERT INTO BRANCH_FOOD (ID_BranchFood, Available, ID_Branch, ID_Food) VALUES (160, 1, 9, 48);
INSERT INTO BRANCH_FOOD (ID_BranchFood, Available, ID_Branch, ID_Food) VALUES (161, 1, 13, 18);
INSERT INTO BRANCH_FOOD (ID_BranchFood, Available, ID_Branch, ID_Food) VALUES (162, 1, 12, 28);
INSERT INTO BRANCH_FOOD (ID_BranchFood, Available, ID_Branch, ID_Food) VALUES (163, 1, 4, 50);
INSERT INTO BRANCH_FOOD (ID_BranchFood, Available, ID_Branch, ID_Food) VALUES (164, 1, 6, 52);
INSERT INTO BRANCH_FOOD (ID_BranchFood, Available, ID_Branch, ID_Food) VALUES (165, 1, 7, 24);
INSERT INTO BRANCH_FOOD (ID_BranchFood, Available, ID_Branch, ID_Food) VALUES (166, 1, 7, 35);
INSERT INTO BRANCH_FOOD (ID_BranchFood, Available, ID_Branch, ID_Food) VALUES (167, 1, 12, 45);
INSERT INTO BRANCH_FOOD (ID_BranchFood, Available, ID_Branch, ID_Food) VALUES (168, 1, 13, 58);
INSERT INTO BRANCH_FOOD (ID_BranchFood, Available, ID_Branch, ID_Food) VALUES (169, 0, 12, 58);
INSERT INTO BRANCH_FOOD (ID_BranchFood, Available, ID_Branch, ID_Food) VALUES (170, 0, 15, 5);
INSERT INTO BRANCH_FOOD (ID_BranchFood, Available, ID_Branch, ID_Food) VALUES (171, 0, 15, 38);
INSERT INTO BRANCH_FOOD (ID_BranchFood, Available, ID_Branch, ID_Food) VALUES (172, 1, 6, 9);
INSERT INTO BRANCH_FOOD (ID_BranchFood, Available, ID_Branch, ID_Food) VALUES (173, 1, 3, 56);
INSERT INTO BRANCH_FOOD (ID_BranchFood, Available, ID_Branch, ID_Food) VALUES (174, 1, 9, 37);
INSERT INTO BRANCH_FOOD (ID_BranchFood, Available, ID_Branch, ID_Food) VALUES (175, 1, 2, 12);
INSERT INTO BRANCH_FOOD (ID_BranchFood, Available, ID_Branch, ID_Food) VALUES (176, 1, 5, 47);
INSERT INTO BRANCH_FOOD (ID_BranchFood, Available, ID_Branch, ID_Food) VALUES (177, 1, 14, 17);
INSERT INTO BRANCH_FOOD (ID_BranchFood, Available, ID_Branch, ID_Food) VALUES (178, 1, 8, 14);
INSERT INTO BRANCH_FOOD (ID_BranchFood, Available, ID_Branch, ID_Food) VALUES (179, 1, 3, 27);
INSERT INTO BRANCH_FOOD (ID_BranchFood, Available, ID_Branch, ID_Food) VALUES (180, 1, 11, 1);
INSERT INTO BRANCH_FOOD (ID_BranchFood, Available, ID_Branch, ID_Food) VALUES (181, 1, 5, 17);
INSERT INTO BRANCH_FOOD (ID_BranchFood, Available, ID_Branch, ID_Food) VALUES (182, 0, 5, 1);
INSERT INTO BRANCH_FOOD (ID_BranchFood, Available, ID_Branch, ID_Food) VALUES (183, 0, 12, 41);
INSERT INTO BRANCH_FOOD (ID_BranchFood, Available, ID_Branch, ID_Food) VALUES (184, 1, 9, 46);
INSERT INTO BRANCH_FOOD (ID_BranchFood, Available, ID_Branch, ID_Food) VALUES (185, 0, 4, 12);
INSERT INTO BRANCH_FOOD (ID_BranchFood, Available, ID_Branch, ID_Food) VALUES (186, 1, 5, 15);
INSERT INTO BRANCH_FOOD (ID_BranchFood, Available, ID_Branch, ID_Food) VALUES (187, 1, 1, 32);
INSERT INTO BRANCH_FOOD (ID_BranchFood, Available, ID_Branch, ID_Food) VALUES (188, 1, 1, 11);
INSERT INTO BRANCH_FOOD (ID_BranchFood, Available, ID_Branch, ID_Food) VALUES (189, 1, 6, 33);
INSERT INTO BRANCH_FOOD (ID_BranchFood, Available, ID_Branch, ID_Food) VALUES (190, 1, 9, 53);
INSERT INTO BRANCH_FOOD (ID_BranchFood, Available, ID_Branch, ID_Food) VALUES (191, 1, 14, 22);
INSERT INTO BRANCH_FOOD (ID_BranchFood, Available, ID_Branch, ID_Food) VALUES (192, 1, 14, 48);
INSERT INTO BRANCH_FOOD (ID_BranchFood, Available, ID_Branch, ID_Food) VALUES (193, 1, 9, 51);
INSERT INTO BRANCH_FOOD (ID_BranchFood, Available, ID_Branch, ID_Food) VALUES (194, 1, 3, 45);
INSERT INTO BRANCH_FOOD (ID_BranchFood, Available, ID_Branch, ID_Food) VALUES (195, 1, 9, 18);
INSERT INTO BRANCH_FOOD (ID_BranchFood, Available, ID_Branch, ID_Food) VALUES (196, 1, 10, 47);
INSERT INTO BRANCH_FOOD (ID_BranchFood, Available, ID_Branch, ID_Food) VALUES (197, 1, 5, 32);
INSERT INTO BRANCH_FOOD (ID_BranchFood, Available, ID_Branch, ID_Food) VALUES (198, 0, 6, 15);
INSERT INTO BRANCH_FOOD (ID_BranchFood, Available, ID_Branch, ID_Food) VALUES (199, 1, 2, 8);
INSERT INTO BRANCH_FOOD (ID_BranchFood, Available, ID_Branch, ID_Food) VALUES (200, 1, 2, 19);
INSERT INTO BRANCH_FOOD (ID_BranchFood, Available, ID_Branch, ID_Food) VALUES (201, 0, 5, 57);
INSERT INTO BRANCH_FOOD (ID_BranchFood, Available, ID_Branch, ID_Food) VALUES (202, 1, 12, 31);
INSERT INTO BRANCH_FOOD (ID_BranchFood, Available, ID_Branch, ID_Food) VALUES (203, 1, 12, 34);
INSERT INTO BRANCH_FOOD (ID_BranchFood, Available, ID_Branch, ID_Food) VALUES (204, 0, 4, 1);
INSERT INTO BRANCH_FOOD (ID_BranchFood, Available, ID_Branch, ID_Food) VALUES (205, 1, 7, 2);
INSERT INTO BRANCH_FOOD (ID_BranchFood, Available, ID_Branch, ID_Food) VALUES (206, 1, 13, 19);
INSERT INTO BRANCH_FOOD (ID_BranchFood, Available, ID_Branch, ID_Food) VALUES (207, 1, 5, 56);
INSERT INTO BRANCH_FOOD (ID_BranchFood, Available, ID_Branch, ID_Food) VALUES (208, 1, 15, 16);
INSERT INTO BRANCH_FOOD (ID_BranchFood, Available, ID_Branch, ID_Food) VALUES (209, 1, 11, 42);
INSERT INTO BRANCH_FOOD (ID_BranchFood, Available, ID_Branch, ID_Food) VALUES (210, 0, 5, 28);
INSERT INTO BRANCH_FOOD (ID_BranchFood, Available, ID_Branch, ID_Food) VALUES (211, 1, 13, 11);
INSERT INTO BRANCH_FOOD (ID_BranchFood, Available, ID_Branch, ID_Food) VALUES (212, 1, 7, 45);
INSERT INTO BRANCH_FOOD (ID_BranchFood, Available, ID_Branch, ID_Food) VALUES (213, 1, 5, 5);
INSERT INTO BRANCH_FOOD (ID_BranchFood, Available, ID_Branch, ID_Food) VALUES (214, 1, 15, 10);
INSERT INTO BRANCH_FOOD (ID_BranchFood, Available, ID_Branch, ID_Food) VALUES (215, 1, 14, 51);
INSERT INTO BRANCH_FOOD (ID_BranchFood, Available, ID_Branch, ID_Food) VALUES (216, 1, 1, 45);
INSERT INTO BRANCH_FOOD (ID_BranchFood, Available, ID_Branch, ID_Food) VALUES (217, 1, 7, 7);
INSERT INTO BRANCH_FOOD (ID_BranchFood, Available, ID_Branch, ID_Food) VALUES (218, 1, 5, 44);
INSERT INTO BRANCH_FOOD (ID_BranchFood, Available, ID_Branch, ID_Food) VALUES (219, 1, 9, 49);
INSERT INTO BRANCH_FOOD (ID_BranchFood, Available, ID_Branch, ID_Food) VALUES (220, 0, 13, 26);
INSERT INTO BRANCH_FOOD (ID_BranchFood, Available, ID_Branch, ID_Food) VALUES (221, 0, 13, 23);
INSERT INTO BRANCH_FOOD (ID_BranchFood, Available, ID_Branch, ID_Food) VALUES (222, 1, 5, 55);
INSERT INTO BRANCH_FOOD (ID_BranchFood, Available, ID_Branch, ID_Food) VALUES (223, 1, 11, 5);
INSERT INTO BRANCH_FOOD (ID_BranchFood, Available, ID_Branch, ID_Food) VALUES (224, 1, 5, 26);
INSERT INTO BRANCH_FOOD (ID_BranchFood, Available, ID_Branch, ID_Food) VALUES (225, 1, 11, 19);
INSERT INTO BRANCH_FOOD (ID_BranchFood, Available, ID_Branch, ID_Food) VALUES (226, 1, 8, 48);
INSERT INTO BRANCH_FOOD (ID_BranchFood, Available, ID_Branch, ID_Food) VALUES (227, 0, 5, 11);
INSERT INTO BRANCH_FOOD (ID_BranchFood, Available, ID_Branch, ID_Food) VALUES (228, 1, 15, 20);
INSERT INTO BRANCH_FOOD (ID_BranchFood, Available, ID_Branch, ID_Food) VALUES (229, 0, 7, 37);
INSERT INTO BRANCH_FOOD (ID_BranchFood, Available, ID_Branch, ID_Food) VALUES (230, 1, 10, 53);
INSERT INTO BRANCH_FOOD (ID_BranchFood, Available, ID_Branch, ID_Food) VALUES (231, 1, 15, 7);
INSERT INTO BRANCH_FOOD (ID_BranchFood, Available, ID_Branch, ID_Food) VALUES (232, 1, 4, 9);
INSERT INTO BRANCH_FOOD (ID_BranchFood, Available, ID_Branch, ID_Food) VALUES (233, 1, 13, 9);
INSERT INTO BRANCH_FOOD (ID_BranchFood, Available, ID_Branch, ID_Food) VALUES (234, 1, 1, 14);
INSERT INTO BRANCH_FOOD (ID_BranchFood, Available, ID_Branch, ID_Food) VALUES (235, 1, 1, 29);
INSERT INTO BRANCH_FOOD (ID_BranchFood, Available, ID_Branch, ID_Food) VALUES (236, 1, 3, 47);
INSERT INTO BRANCH_FOOD (ID_BranchFood, Available, ID_Branch, ID_Food) VALUES (237, 1, 11, 53);
INSERT INTO BRANCH_FOOD (ID_BranchFood, Available, ID_Branch, ID_Food) VALUES (238, 1, 8, 44);
INSERT INTO BRANCH_FOOD (ID_BranchFood, Available, ID_Branch, ID_Food) VALUES (239, 1, 10, 2);
INSERT INTO BRANCH_FOOD (ID_BranchFood, Available, ID_Branch, ID_Food) VALUES (240, 0, 8, 41);
INSERT INTO BRANCH_FOOD (ID_BranchFood, Available, ID_Branch, ID_Food) VALUES (241, 1, 6, 22);
INSERT INTO BRANCH_FOOD (ID_BranchFood, Available, ID_Branch, ID_Food) VALUES (242, 0, 12, 57);
INSERT INTO BRANCH_FOOD (ID_BranchFood, Available, ID_Branch, ID_Food) VALUES (243, 1, 13, 20);
INSERT INTO BRANCH_FOOD (ID_BranchFood, Available, ID_Branch, ID_Food) VALUES (244, 1, 12, 13);
INSERT INTO BRANCH_FOOD (ID_BranchFood, Available, ID_Branch, ID_Food) VALUES (245, 1, 7, 19);
INSERT INTO BRANCH_FOOD (ID_BranchFood, Available, ID_Branch, ID_Food) VALUES (246, 1, 9, 52);
INSERT INTO BRANCH_FOOD (ID_BranchFood, Available, ID_Branch, ID_Food) VALUES (247, 1, 8, 35);
INSERT INTO BRANCH_FOOD (ID_BranchFood, Available, ID_Branch, ID_Food) VALUES (248, 0, 10, 27);
INSERT INTO BRANCH_FOOD (ID_BranchFood, Available, ID_Branch, ID_Food) VALUES (249, 1, 1, 36);
INSERT INTO BRANCH_FOOD (ID_BranchFood, Available, ID_Branch, ID_Food) VALUES (250, 1, 7, 42);
INSERT INTO BRANCH_FOOD (ID_BranchFood, Available, ID_Branch, ID_Food) VALUES (251, 1, 9, 36);
INSERT INTO BRANCH_FOOD (ID_BranchFood, Available, ID_Branch, ID_Food) VALUES (252, 1, 4, 25);
INSERT INTO BRANCH_FOOD (ID_BranchFood, Available, ID_Branch, ID_Food) VALUES (253, 0, 3, 4);
INSERT INTO BRANCH_FOOD (ID_BranchFood, Available, ID_Branch, ID_Food) VALUES (254, 0, 1, 43);
INSERT INTO BRANCH_FOOD (ID_BranchFood, Available, ID_Branch, ID_Food) VALUES (255, 0, 3, 9);
INSERT INTO BRANCH_FOOD (ID_BranchFood, Available, ID_Branch, ID_Food) VALUES (256, 1, 2, 14);
INSERT INTO BRANCH_FOOD (ID_BranchFood, Available, ID_Branch, ID_Food) VALUES (257, 0, 15, 19);
INSERT INTO BRANCH_FOOD (ID_BranchFood, Available, ID_Branch, ID_Food) VALUES (258, 1, 12, 7);
INSERT INTO BRANCH_FOOD (ID_BranchFood, Available, ID_Branch, ID_Food) VALUES (259, 1, 14, 39);
INSERT INTO BRANCH_FOOD (ID_BranchFood, Available, ID_Branch, ID_Food) VALUES (260, 1, 13, 38);
INSERT INTO BRANCH_FOOD (ID_BranchFood, Available, ID_Branch, ID_Food) VALUES (261, 1, 1, 47);
INSERT INTO BRANCH_FOOD (ID_BranchFood, Available, ID_Branch, ID_Food) VALUES (262, 1, 15, 51);
INSERT INTO BRANCH_FOOD (ID_BranchFood, Available, ID_Branch, ID_Food) VALUES (263, 1, 5, 35);
INSERT INTO BRANCH_FOOD (ID_BranchFood, Available, ID_Branch, ID_Food) VALUES (264, 0, 8, 19);
INSERT INTO BRANCH_FOOD (ID_BranchFood, Available, ID_Branch, ID_Food) VALUES (265, 1, 7, 51);
INSERT INTO BRANCH_FOOD (ID_BranchFood, Available, ID_Branch, ID_Food) VALUES (266, 1, 15, 1);
INSERT INTO BRANCH_FOOD (ID_BranchFood, Available, ID_Branch, ID_Food) VALUES (267, 0, 13, 39);
INSERT INTO BRANCH_FOOD (ID_BranchFood, Available, ID_Branch, ID_Food) VALUES (268, 1, 15, 34);
INSERT INTO BRANCH_FOOD (ID_BranchFood, Available, ID_Branch, ID_Food) VALUES (269, 0, 10, 40);
INSERT INTO BRANCH_FOOD (ID_BranchFood, Available, ID_Branch, ID_Food) VALUES (270, 1, 4, 13);
INSERT INTO BRANCH_FOOD (ID_BranchFood, Available, ID_Branch, ID_Food) VALUES (271, 1, 8, 11);
INSERT INTO BRANCH_FOOD (ID_BranchFood, Available, ID_Branch, ID_Food) VALUES (272, 1, 13, 32);
INSERT INTO BRANCH_FOOD (ID_BranchFood, Available, ID_Branch, ID_Food) VALUES (273, 0, 9, 29);
INSERT INTO BRANCH_FOOD (ID_BranchFood, Available, ID_Branch, ID_Food) VALUES (274, 1, 4, 42);
INSERT INTO BRANCH_FOOD (ID_BranchFood, Available, ID_Branch, ID_Food) VALUES (275, 0, 10, 4);
INSERT INTO BRANCH_FOOD (ID_BranchFood, Available, ID_Branch, ID_Food) VALUES (276, 1, 5, 2);
INSERT INTO BRANCH_FOOD (ID_BranchFood, Available, ID_Branch, ID_Food) VALUES (277, 0, 14, 1);
INSERT INTO BRANCH_FOOD (ID_BranchFood, Available, ID_Branch, ID_Food) VALUES (278, 1, 11, 49);
INSERT INTO BRANCH_FOOD (ID_BranchFood, Available, ID_Branch, ID_Food) VALUES (279, 1, 5, 19);
INSERT INTO BRANCH_FOOD (ID_BranchFood, Available, ID_Branch, ID_Food) VALUES (280, 1, 2, 42);
INSERT INTO BRANCH_FOOD (ID_BranchFood, Available, ID_Branch, ID_Food) VALUES (281, 1, 5, 10);
INSERT INTO BRANCH_FOOD (ID_BranchFood, Available, ID_Branch, ID_Food) VALUES (282, 1, 2, 1);
INSERT INTO BRANCH_FOOD (ID_BranchFood, Available, ID_Branch, ID_Food) VALUES (283, 1, 13, 29);
INSERT INTO BRANCH_FOOD (ID_BranchFood, Available, ID_Branch, ID_Food) VALUES (284, 1, 1, 25);
INSERT INTO BRANCH_FOOD (ID_BranchFood, Available, ID_Branch, ID_Food) VALUES (285, 1, 5, 3);
INSERT INTO BRANCH_FOOD (ID_BranchFood, Available, ID_Branch, ID_Food) VALUES (286, 1, 5, 18);
INSERT INTO BRANCH_FOOD (ID_BranchFood, Available, ID_Branch, ID_Food) VALUES (287, 1, 12, 10);
INSERT INTO BRANCH_FOOD (ID_BranchFood, Available, ID_Branch, ID_Food) VALUES (288, 1, 3, 24);
INSERT INTO BRANCH_FOOD (ID_BranchFood, Available, ID_Branch, ID_Food) VALUES (289, 0, 11, 18);
INSERT INTO BRANCH_FOOD (ID_BranchFood, Available, ID_Branch, ID_Food) VALUES (290, 1, 4, 14);
INSERT INTO BRANCH_FOOD (ID_BranchFood, Available, ID_Branch, ID_Food) VALUES (291, 1, 5, 50);
INSERT INTO BRANCH_FOOD (ID_BranchFood, Available, ID_Branch, ID_Food) VALUES (292, 1, 12, 16);
INSERT INTO BRANCH_FOOD (ID_BranchFood, Available, ID_Branch, ID_Food) VALUES (293, 1, 7, 18);
INSERT INTO BRANCH_FOOD (ID_BranchFood, Available, ID_Branch, ID_Food) VALUES (294, 1, 6, 37);
INSERT INTO BRANCH_FOOD (ID_BranchFood, Available, ID_Branch, ID_Food) VALUES (295, 1, 1, 37);
INSERT INTO BRANCH_FOOD (ID_BranchFood, Available, ID_Branch, ID_Food) VALUES (296, 1, 9, 27);
INSERT INTO BRANCH_FOOD (ID_BranchFood, Available, ID_Branch, ID_Food) VALUES (297, 0, 15, 50);
INSERT INTO BRANCH_FOOD (ID_BranchFood, Available, ID_Branch, ID_Food) VALUES (298, 1, 9, 5);
INSERT INTO BRANCH_FOOD (ID_BranchFood, Available, ID_Branch, ID_Food) VALUES (299, 1, 5, 8);
INSERT INTO BRANCH_FOOD (ID_BranchFood, Available, ID_Branch, ID_Food) VALUES (300, 1, 14, 27);
INSERT INTO BRANCH_FOOD (ID_BranchFood, Available, ID_Branch, ID_Food) VALUES (301, 1, 14, 2);
INSERT INTO BRANCH_FOOD (ID_BranchFood, Available, ID_Branch, ID_Food) VALUES (302, 1, 7, 14);
INSERT INTO BRANCH_FOOD (ID_BranchFood, Available, ID_Branch, ID_Food) VALUES (303, 1, 5, 27);
INSERT INTO BRANCH_FOOD (ID_BranchFood, Available, ID_Branch, ID_Food) VALUES (304, 1, 9, 34);
INSERT INTO BRANCH_FOOD (ID_BranchFood, Available, ID_Branch, ID_Food) VALUES (305, 1, 11, 26);
INSERT INTO BRANCH_FOOD (ID_BranchFood, Available, ID_Branch, ID_Food) VALUES (306, 1, 4, 56);
INSERT INTO BRANCH_FOOD (ID_BranchFood, Available, ID_Branch, ID_Food) VALUES (307, 1, 12, 12);
INSERT INTO BRANCH_FOOD (ID_BranchFood, Available, ID_Branch, ID_Food) VALUES (308, 0, 8, 5);
INSERT INTO BRANCH_FOOD (ID_BranchFood, Available, ID_Branch, ID_Food) VALUES (309, 1, 7, 29);
INSERT INTO BRANCH_FOOD (ID_BranchFood, Available, ID_Branch, ID_Food) VALUES (310, 0, 5, 51);
INSERT INTO BRANCH_FOOD (ID_BranchFood, Available, ID_Branch, ID_Food) VALUES (311, 1, 8, 17);
INSERT INTO BRANCH_FOOD (ID_BranchFood, Available, ID_Branch, ID_Food) VALUES (312, 1, 3, 43);
INSERT INTO BRANCH_FOOD (ID_BranchFood, Available, ID_Branch, ID_Food) VALUES (313, 1, 12, 54);
INSERT INTO BRANCH_FOOD (ID_BranchFood, Available, ID_Branch, ID_Food) VALUES (314, 0, 8, 16);
INSERT INTO BRANCH_FOOD (ID_BranchFood, Available, ID_Branch, ID_Food) VALUES (315, 1, 13, 7);
INSERT INTO BRANCH_FOOD (ID_BranchFood, Available, ID_Branch, ID_Food) VALUES (316, 1, 10, 41);
INSERT INTO BRANCH_FOOD (ID_BranchFood, Available, ID_Branch, ID_Food) VALUES (317, 1, 14, 23);
INSERT INTO BRANCH_FOOD (ID_BranchFood, Available, ID_Branch, ID_Food) VALUES (318, 1, 8, 50);
INSERT INTO BRANCH_FOOD (ID_BranchFood, Available, ID_Branch, ID_Food) VALUES (319, 1, 9, 56);
INSERT INTO BRANCH_FOOD (ID_BranchFood, Available, ID_Branch, ID_Food) VALUES (320, 1, 3, 55);
INSERT INTO BRANCH_FOOD (ID_BranchFood, Available, ID_Branch, ID_Food) VALUES (321, 0, 2, 3);
INSERT INTO BRANCH_FOOD (ID_BranchFood, Available, ID_Branch, ID_Food) VALUES (322, 1, 14, 13);
INSERT INTO BRANCH_FOOD (ID_BranchFood, Available, ID_Branch, ID_Food) VALUES (323, 1, 12, 56);
INSERT INTO BRANCH_FOOD (ID_BranchFood, Available, ID_Branch, ID_Food) VALUES (324, 1, 2, 20);
INSERT INTO BRANCH_FOOD (ID_BranchFood, Available, ID_Branch, ID_Food) VALUES (325, 1, 9, 4);
INSERT INTO BRANCH_FOOD (ID_BranchFood, Available, ID_Branch, ID_Food) VALUES (326, 1, 14, 32);
INSERT INTO BRANCH_FOOD (ID_BranchFood, Available, ID_Branch, ID_Food) VALUES (327, 1, 6, 38);
INSERT INTO BRANCH_FOOD (ID_BranchFood, Available, ID_Branch, ID_Food) VALUES (328, 1, 9, 26);
INSERT INTO BRANCH_FOOD (ID_BranchFood, Available, ID_Branch, ID_Food) VALUES (329, 1, 4, 8);
INSERT INTO BRANCH_FOOD (ID_BranchFood, Available, ID_Branch, ID_Food) VALUES (330, 1, 3, 40);
INSERT INTO BRANCH_FOOD (ID_BranchFood, Available, ID_Branch, ID_Food) VALUES (331, 1, 5, 16);
INSERT INTO BRANCH_FOOD (ID_BranchFood, Available, ID_Branch, ID_Food) VALUES (332, 1, 2, 40);
INSERT INTO BRANCH_FOOD (ID_BranchFood, Available, ID_Branch, ID_Food) VALUES (333, 0, 15, 52);
INSERT INTO BRANCH_FOOD (ID_BranchFood, Available, ID_Branch, ID_Food) VALUES (334, 1, 12, 39);
INSERT INTO BRANCH_FOOD (ID_BranchFood, Available, ID_Branch, ID_Food) VALUES (335, 0, 4, 4);
INSERT INTO BRANCH_FOOD (ID_BranchFood, Available, ID_Branch, ID_Food) VALUES (336, 1, 9, 10);
INSERT INTO BRANCH_FOOD (ID_BranchFood, Available, ID_Branch, ID_Food) VALUES (337, 1, 10, 15);
INSERT INTO BRANCH_FOOD (ID_BranchFood, Available, ID_Branch, ID_Food) VALUES (338, 1, 7, 48);
INSERT INTO BRANCH_FOOD (ID_BranchFood, Available, ID_Branch, ID_Food) VALUES (339, 0, 12, 19);
INSERT INTO BRANCH_FOOD (ID_BranchFood, Available, ID_Branch, ID_Food) VALUES (340, 1, 7, 43);
INSERT INTO BRANCH_FOOD (ID_BranchFood, Available, ID_Branch, ID_Food) VALUES (341, 1, 4, 35);
INSERT INTO BRANCH_FOOD (ID_BranchFood, Available, ID_Branch, ID_Food) VALUES (342, 1, 15, 26);
INSERT INTO BRANCH_FOOD (ID_BranchFood, Available, ID_Branch, ID_Food) VALUES (343, 0, 10, 11);
INSERT INTO BRANCH_FOOD (ID_BranchFood, Available, ID_Branch, ID_Food) VALUES (344, 1, 11, 3);
INSERT INTO BRANCH_FOOD (ID_BranchFood, Available, ID_Branch, ID_Food) VALUES (345, 1, 9, 17);
INSERT INTO BRANCH_FOOD (ID_BranchFood, Available, ID_Branch, ID_Food) VALUES (346, 1, 3, 44);
INSERT INTO BRANCH_FOOD (ID_BranchFood, Available, ID_Branch, ID_Food) VALUES (347, 1, 7, 50);
INSERT INTO BRANCH_FOOD (ID_BranchFood, Available, ID_Branch, ID_Food) VALUES (348, 0, 2, 16);
INSERT INTO BRANCH_FOOD (ID_BranchFood, Available, ID_Branch, ID_Food) VALUES (349, 1, 6, 27);
INSERT INTO BRANCH_FOOD (ID_BranchFood, Available, ID_Branch, ID_Food) VALUES (350, 1, 13, 3);
INSERT INTO BRANCH_FOOD (ID_BranchFood, Available, ID_Branch, ID_Food) VALUES (351, 1, 10, 9);
INSERT INTO BRANCH_FOOD (ID_BranchFood, Available, ID_Branch, ID_Food) VALUES (352, 1, 7, 28);
INSERT INTO BRANCH_FOOD (ID_BranchFood, Available, ID_Branch, ID_Food) VALUES (353, 1, 2, 27);
INSERT INTO BRANCH_FOOD (ID_BranchFood, Available, ID_Branch, ID_Food) VALUES (354, 1, 14, 42);
INSERT INTO BRANCH_FOOD (ID_BranchFood, Available, ID_Branch, ID_Food) VALUES (355, 1, 4, 46);
INSERT INTO BRANCH_FOOD (ID_BranchFood, Available, ID_Branch, ID_Food) VALUES (356, 1, 12, 18);
INSERT INTO BRANCH_FOOD (ID_BranchFood, Available, ID_Branch, ID_Food) VALUES (357, 1, 8, 20);
INSERT INTO BRANCH_FOOD (ID_BranchFood, Available, ID_Branch, ID_Food) VALUES (358, 0, 2, 17);
INSERT INTO BRANCH_FOOD (ID_BranchFood, Available, ID_Branch, ID_Food) VALUES (359, 1, 5, 49);
INSERT INTO BRANCH_FOOD (ID_BranchFood, Available, ID_Branch, ID_Food) VALUES (360, 1, 14, 5);
INSERT INTO BRANCH_FOOD (ID_BranchFood, Available, ID_Branch, ID_Food) VALUES (361, 0, 9, 44);
INSERT INTO BRANCH_FOOD (ID_BranchFood, Available, ID_Branch, ID_Food) VALUES (362, 0, 12, 35);
INSERT INTO BRANCH_FOOD (ID_BranchFood, Available, ID_Branch, ID_Food) VALUES (363, 1, 5, 13);
INSERT INTO BRANCH_FOOD (ID_BranchFood, Available, ID_Branch, ID_Food) VALUES (364, 1, 13, 53);
INSERT INTO BRANCH_FOOD (ID_BranchFood, Available, ID_Branch, ID_Food) VALUES (365, 1, 12, 32);
INSERT INTO BRANCH_FOOD (ID_BranchFood, Available, ID_Branch, ID_Food) VALUES (366, 1, 1, 6);
INSERT INTO BRANCH_FOOD (ID_BranchFood, Available, ID_Branch, ID_Food) VALUES (367, 1, 3, 54);
INSERT INTO BRANCH_FOOD (ID_BranchFood, Available, ID_Branch, ID_Food) VALUES (368, 1, 2, 28);
INSERT INTO BRANCH_FOOD (ID_BranchFood, Available, ID_Branch, ID_Food) VALUES (369, 1, 15, 22);
INSERT INTO BRANCH_FOOD (ID_BranchFood, Available, ID_Branch, ID_Food) VALUES (370, 1, 7, 31);
INSERT INTO BRANCH_FOOD (ID_BranchFood, Available, ID_Branch, ID_Food) VALUES (371, 1, 6, 53);
INSERT INTO BRANCH_FOOD (ID_BranchFood, Available, ID_Branch, ID_Food) VALUES (372, 1, 3, 12);
INSERT INTO BRANCH_FOOD (ID_BranchFood, Available, ID_Branch, ID_Food) VALUES (373, 1, 11, 17);
INSERT INTO BRANCH_FOOD (ID_BranchFood, Available, ID_Branch, ID_Food) VALUES (374, 1, 1, 16);
INSERT INTO BRANCH_FOOD (ID_BranchFood, Available, ID_Branch, ID_Food) VALUES (375, 1, 2, 44);
INSERT INTO BRANCH_FOOD (ID_BranchFood, Available, ID_Branch, ID_Food) VALUES (376, 1, 3, 50);
INSERT INTO BRANCH_FOOD (ID_BranchFood, Available, ID_Branch, ID_Food) VALUES (377, 1, 12, 38);
INSERT INTO BRANCH_FOOD (ID_BranchFood, Available, ID_Branch, ID_Food) VALUES (378, 1, 3, 48);
INSERT INTO BRANCH_FOOD (ID_BranchFood, Available, ID_Branch, ID_Food) VALUES (379, 1, 1, 9);
INSERT INTO BRANCH_FOOD (ID_BranchFood, Available, ID_Branch, ID_Food) VALUES (380, 1, 15, 37);
INSERT INTO BRANCH_FOOD (ID_BranchFood, Available, ID_Branch, ID_Food) VALUES (381, 1, 15, 44);
INSERT INTO BRANCH_FOOD (ID_BranchFood, Available, ID_Branch, ID_Food) VALUES (382, 1, 1, 27);
INSERT INTO BRANCH_FOOD (ID_BranchFood, Available, ID_Branch, ID_Food) VALUES (383, 1, 13, 51);
INSERT INTO BRANCH_FOOD (ID_BranchFood, Available, ID_Branch, ID_Food) VALUES (384, 0, 7, 38);
INSERT INTO BRANCH_FOOD (ID_BranchFood, Available, ID_Branch, ID_Food) VALUES (385, 1, 15, 48);
INSERT INTO BRANCH_FOOD (ID_BranchFood, Available, ID_Branch, ID_Food) VALUES (386, 1, 8, 2);
INSERT INTO BRANCH_FOOD (ID_BranchFood, Available, ID_Branch, ID_Food) VALUES (387, 1, 2, 39);
INSERT INTO BRANCH_FOOD (ID_BranchFood, Available, ID_Branch, ID_Food) VALUES (388, 0, 6, 10);
INSERT INTO BRANCH_FOOD (ID_BranchFood, Available, ID_Branch, ID_Food) VALUES (389, 1, 13, 27);
INSERT INTO BRANCH_FOOD (ID_BranchFood, Available, ID_Branch, ID_Food) VALUES (390, 1, 10, 48);
INSERT INTO BRANCH_FOOD (ID_BranchFood, Available, ID_Branch, ID_Food) VALUES (391, 1, 1, 34);
INSERT INTO BRANCH_FOOD (ID_BranchFood, Available, ID_Branch, ID_Food) VALUES (392, 1, 15, 45);
INSERT INTO BRANCH_FOOD (ID_BranchFood, Available, ID_Branch, ID_Food) VALUES (393, 1, 3, 10);
INSERT INTO BRANCH_FOOD (ID_BranchFood, Available, ID_Branch, ID_Food) VALUES (394, 0, 7, 8);
INSERT INTO BRANCH_FOOD (ID_BranchFood, Available, ID_Branch, ID_Food) VALUES (395, 1, 7, 36);
INSERT INTO BRANCH_FOOD (ID_BranchFood, Available, ID_Branch, ID_Food) VALUES (396, 1, 14, 20);
INSERT INTO BRANCH_FOOD (ID_BranchFood, Available, ID_Branch, ID_Food) VALUES (397, 0, 12, 21);
INSERT INTO BRANCH_FOOD (ID_BranchFood, Available, ID_Branch, ID_Food) VALUES (398, 1, 14, 19);
INSERT INTO BRANCH_FOOD (ID_BranchFood, Available, ID_Branch, ID_Food) VALUES (399, 0, 8, 26);
INSERT INTO BRANCH_FOOD (ID_BranchFood, Available, ID_Branch, ID_Food) VALUES (400, 1, 2, 7);
INSERT INTO BRANCH_FOOD (ID_BranchFood, Available, ID_Branch, ID_Food) VALUES (401, 1, 6, 29);
INSERT INTO BRANCH_FOOD (ID_BranchFood, Available, ID_Branch, ID_Food) VALUES (402, 0, 10, 39);
INSERT INTO BRANCH_FOOD (ID_BranchFood, Available, ID_Branch, ID_Food) VALUES (403, 0, 9, 3);
INSERT INTO BRANCH_FOOD (ID_BranchFood, Available, ID_Branch, ID_Food) VALUES (404, 0, 11, 58);
INSERT INTO BRANCH_FOOD (ID_BranchFood, Available, ID_Branch, ID_Food) VALUES (405, 1, 3, 57);
INSERT INTO BRANCH_FOOD (ID_BranchFood, Available, ID_Branch, ID_Food) VALUES (406, 1, 4, 19);
INSERT INTO BRANCH_FOOD (ID_BranchFood, Available, ID_Branch, ID_Food) VALUES (407, 1, 12, 42);
INSERT INTO BRANCH_FOOD (ID_BranchFood, Available, ID_Branch, ID_Food) VALUES (408, 1, 2, 23);
INSERT INTO BRANCH_FOOD (ID_BranchFood, Available, ID_Branch, ID_Food) VALUES (409, 0, 1, 44);
INSERT INTO BRANCH_FOOD (ID_BranchFood, Available, ID_Branch, ID_Food) VALUES (410, 1, 3, 17);
INSERT INTO BRANCH_FOOD (ID_BranchFood, Available, ID_Branch, ID_Food) VALUES (411, 1, 10, 26);
INSERT INTO BRANCH_FOOD (ID_BranchFood, Available, ID_Branch, ID_Food) VALUES (412, 1, 9, 58);
INSERT INTO BRANCH_FOOD (ID_BranchFood, Available, ID_Branch, ID_Food) VALUES (413, 1, 8, 32);
INSERT INTO BRANCH_FOOD (ID_BranchFood, Available, ID_Branch, ID_Food) VALUES (414, 1, 13, 44);
INSERT INTO BRANCH_FOOD (ID_BranchFood, Available, ID_Branch, ID_Food) VALUES (415, 0, 12, 27);
INSERT INTO BRANCH_FOOD (ID_BranchFood, Available, ID_Branch, ID_Food) VALUES (416, 1, 11, 28);
INSERT INTO BRANCH_FOOD (ID_BranchFood, Available, ID_Branch, ID_Food) VALUES (417, 1, 14, 56);
INSERT INTO BRANCH_FOOD (ID_BranchFood, Available, ID_Branch, ID_Food) VALUES (418, 1, 11, 25);
INSERT INTO BRANCH_FOOD (ID_BranchFood, Available, ID_Branch, ID_Food) VALUES (419, 1, 6, 4);
INSERT INTO BRANCH_FOOD (ID_BranchFood, Available, ID_Branch, ID_Food) VALUES (420, 1, 13, 34);
INSERT INTO BRANCH_FOOD (ID_BranchFood, Available, ID_Branch, ID_Food) VALUES (421, 1, 14, 43);
INSERT INTO BRANCH_FOOD (ID_BranchFood, Available, ID_Branch, ID_Food) VALUES (422, 1, 1, 51);
INSERT INTO BRANCH_FOOD (ID_BranchFood, Available, ID_Branch, ID_Food) VALUES (423, 1, 11, 54);
INSERT INTO BRANCH_FOOD (ID_BranchFood, Available, ID_Branch, ID_Food) VALUES (424, 1, 6, 51);
INSERT INTO BRANCH_FOOD (ID_BranchFood, Available, ID_Branch, ID_Food) VALUES (425, 1, 12, 51);
INSERT INTO BRANCH_FOOD (ID_BranchFood, Available, ID_Branch, ID_Food) VALUES (426, 1, 4, 53);
INSERT INTO BRANCH_FOOD (ID_BranchFood, Available, ID_Branch, ID_Food) VALUES (427, 0, 3, 11);
INSERT INTO BRANCH_FOOD (ID_BranchFood, Available, ID_Branch, ID_Food) VALUES (428, 1, 9, 11);
INSERT INTO BRANCH_FOOD (ID_BranchFood, Available, ID_Branch, ID_Food) VALUES (429, 0, 4, 20);
INSERT INTO BRANCH_FOOD (ID_BranchFood, Available, ID_Branch, ID_Food) VALUES (430, 1, 13, 55);
INSERT INTO BRANCH_FOOD (ID_BranchFood, Available, ID_Branch, ID_Food) VALUES (431, 0, 8, 53);
INSERT INTO BRANCH_FOOD (ID_BranchFood, Available, ID_Branch, ID_Food) VALUES (432, 1, 12, 50);
INSERT INTO BRANCH_FOOD (ID_BranchFood, Available, ID_Branch, ID_Food) VALUES (433, 1, 7, 25);
INSERT INTO BRANCH_FOOD (ID_BranchFood, Available, ID_Branch, ID_Food) VALUES (434, 0, 7, 20);
INSERT INTO BRANCH_FOOD (ID_BranchFood, Available, ID_Branch, ID_Food) VALUES (435, 0, 15, 53);
INSERT INTO BRANCH_FOOD (ID_BranchFood, Available, ID_Branch, ID_Food) VALUES (436, 0, 7, 1);
INSERT INTO BRANCH_FOOD (ID_BranchFood, Available, ID_Branch, ID_Food) VALUES (437, 1, 8, 42);
INSERT INTO BRANCH_FOOD (ID_BranchFood, Available, ID_Branch, ID_Food) VALUES (438, 1, 3, 16);
INSERT INTO BRANCH_FOOD (ID_BranchFood, Available, ID_Branch, ID_Food) VALUES (439, 1, 12, 36);
INSERT INTO BRANCH_FOOD (ID_BranchFood, Available, ID_Branch, ID_Food) VALUES (440, 1, 10, 37);
INSERT INTO BRANCH_FOOD (ID_BranchFood, Available, ID_Branch, ID_Food) VALUES (441, 1, 15, 11);
INSERT INTO BRANCH_FOOD (ID_BranchFood, Available, ID_Branch, ID_Food) VALUES (442, 0, 13, 2);
INSERT INTO BRANCH_FOOD (ID_BranchFood, Available, ID_Branch, ID_Food) VALUES (443, 1, 9, 9);
INSERT INTO BRANCH_FOOD (ID_BranchFood, Available, ID_Branch, ID_Food) VALUES (444, 1, 13, 37);
INSERT INTO BRANCH_FOOD (ID_BranchFood, Available, ID_Branch, ID_Food) VALUES (445, 1, 9, 16);
INSERT INTO BRANCH_FOOD (ID_BranchFood, Available, ID_Branch, ID_Food) VALUES (446, 0, 10, 35);
INSERT INTO BRANCH_FOOD (ID_BranchFood, Available, ID_Branch, ID_Food) VALUES (447, 0, 1, 38);
INSERT INTO BRANCH_FOOD (ID_BranchFood, Available, ID_Branch, ID_Food) VALUES (448, 0, 13, 42);
INSERT INTO BRANCH_FOOD (ID_BranchFood, Available, ID_Branch, ID_Food) VALUES (449, 1, 12, 44);
INSERT INTO BRANCH_FOOD (ID_BranchFood, Available, ID_Branch, ID_Food) VALUES (450, 1, 4, 38);
INSERT INTO BRANCH_FOOD (ID_BranchFood, Available, ID_Branch, ID_Food) VALUES (451, 1, 4, 22);
INSERT INTO BRANCH_FOOD (ID_BranchFood, Available, ID_Branch, ID_Food) VALUES (452, 1, 11, 27);
INSERT INTO BRANCH_FOOD (ID_BranchFood, Available, ID_Branch, ID_Food) VALUES (453, 1, 2, 51);
INSERT INTO BRANCH_FOOD (ID_BranchFood, Available, ID_Branch, ID_Food) VALUES (454, 0, 4, 31);
INSERT INTO BRANCH_FOOD (ID_BranchFood, Available, ID_Branch, ID_Food) VALUES (455, 1, 12, 20);
INSERT INTO BRANCH_FOOD (ID_BranchFood, Available, ID_Branch, ID_Food) VALUES (456, 1, 11, 8);
INSERT INTO BRANCH_FOOD (ID_BranchFood, Available, ID_Branch, ID_Food) VALUES (457, 1, 13, 33);
INSERT INTO BRANCH_FOOD (ID_BranchFood, Available, ID_Branch, ID_Food) VALUES (458, 1, 12, 47);
INSERT INTO BRANCH_FOOD (ID_BranchFood, Available, ID_Branch, ID_Food) VALUES (459, 1, 1, 53);
INSERT INTO BRANCH_FOOD (ID_BranchFood, Available, ID_Branch, ID_Food) VALUES (460, 1, 11, 23);
INSERT INTO BRANCH_FOOD (ID_BranchFood, Available, ID_Branch, ID_Food) VALUES (461, 1, 15, 33);
INSERT INTO BRANCH_FOOD (ID_BranchFood, Available, ID_Branch, ID_Food) VALUES (462, 1, 15, 4);
INSERT INTO BRANCH_FOOD (ID_BranchFood, Available, ID_Branch, ID_Food) VALUES (463, 0, 10, 12);
INSERT INTO BRANCH_FOOD (ID_BranchFood, Available, ID_Branch, ID_Food) VALUES (464, 1, 10, 22);
INSERT INTO BRANCH_FOOD (ID_BranchFood, Available, ID_Branch, ID_Food) VALUES (465, 1, 4, 28);
INSERT INTO BRANCH_FOOD (ID_BranchFood, Available, ID_Branch, ID_Food) VALUES (466, 0, 9, 42);
INSERT INTO BRANCH_FOOD (ID_BranchFood, Available, ID_Branch, ID_Food) VALUES (467, 0, 2, 25);
INSERT INTO BRANCH_FOOD (ID_BranchFood, Available, ID_Branch, ID_Food) VALUES (468, 1, 1, 10);
INSERT INTO BRANCH_FOOD (ID_BranchFood, Available, ID_Branch, ID_Food) VALUES (469, 1, 6, 41);
INSERT INTO BRANCH_FOOD (ID_BranchFood, Available, ID_Branch, ID_Food) VALUES (470, 1, 1, 46);
INSERT INTO BRANCH_FOOD (ID_BranchFood, Available, ID_Branch, ID_Food) VALUES (471, 1, 15, 9);
INSERT INTO BRANCH_FOOD (ID_BranchFood, Available, ID_Branch, ID_Food) VALUES (472, 1, 4, 18);
INSERT INTO BRANCH_FOOD (ID_BranchFood, Available, ID_Branch, ID_Food) VALUES (473, 1, 5, 4);
INSERT INTO BRANCH_FOOD (ID_BranchFood, Available, ID_Branch, ID_Food) VALUES (474, 1, 6, 21);
INSERT INTO BRANCH_FOOD (ID_BranchFood, Available, ID_Branch, ID_Food) VALUES (475, 1, 4, 52);
INSERT INTO BRANCH_FOOD (ID_BranchFood, Available, ID_Branch, ID_Food) VALUES (476, 1, 9, 32);
INSERT INTO BRANCH_FOOD (ID_BranchFood, Available, ID_Branch, ID_Food) VALUES (477, 1, 11, 45);
INSERT INTO BRANCH_FOOD (ID_BranchFood, Available, ID_Branch, ID_Food) VALUES (478, 0, 7, 12);
INSERT INTO BRANCH_FOOD (ID_BranchFood, Available, ID_Branch, ID_Food) VALUES (479, 1, 2, 9);
INSERT INTO BRANCH_FOOD (ID_BranchFood, Available, ID_Branch, ID_Food) VALUES (480, 1, 9, 39);
INSERT INTO BRANCH_FOOD (ID_BranchFood, Available, ID_Branch, ID_Food) VALUES (481, 1, 6, 11);
INSERT INTO BRANCH_FOOD (ID_BranchFood, Available, ID_Branch, ID_Food) VALUES (482, 1, 4, 23);
INSERT INTO BRANCH_FOOD (ID_BranchFood, Available, ID_Branch, ID_Food) VALUES (483, 1, 10, 25);
INSERT INTO BRANCH_FOOD (ID_BranchFood, Available, ID_Branch, ID_Food) VALUES (484, 1, 10, 13);
INSERT INTO BRANCH_FOOD (ID_BranchFood, Available, ID_Branch, ID_Food) VALUES (485, 1, 6, 46);
INSERT INTO BRANCH_FOOD (ID_BranchFood, Available, ID_Branch, ID_Food) VALUES (486, 1, 12, 33);
INSERT INTO BRANCH_FOOD (ID_BranchFood, Available, ID_Branch, ID_Food) VALUES (487, 1, 7, 3);
INSERT INTO BRANCH_FOOD (ID_BranchFood, Available, ID_Branch, ID_Food) VALUES (488, 1, 2, 35);
INSERT INTO BRANCH_FOOD (ID_BranchFood, Available, ID_Branch, ID_Food) VALUES (489, 1, 15, 14);
INSERT INTO BRANCH_FOOD (ID_BranchFood, Available, ID_Branch, ID_Food) VALUES (490, 1, 10, 57);
INSERT INTO BRANCH_FOOD (ID_BranchFood, Available, ID_Branch, ID_Food) VALUES (491, 1, 13, 45);
INSERT INTO BRANCH_FOOD (ID_BranchFood, Available, ID_Branch, ID_Food) VALUES (492, 0, 13, 16);
INSERT INTO BRANCH_FOOD (ID_BranchFood, Available, ID_Branch, ID_Food) VALUES (493, 1, 8, 52);
INSERT INTO BRANCH_FOOD (ID_BranchFood, Available, ID_Branch, ID_Food) VALUES (494, 1, 3, 38);
INSERT INTO BRANCH_FOOD (ID_BranchFood, Available, ID_Branch, ID_Food) VALUES (495, 1, 1, 55);
INSERT INTO BRANCH_FOOD (ID_BranchFood, Available, ID_Branch, ID_Food) VALUES (496, 1, 9, 54);
INSERT INTO BRANCH_FOOD (ID_BranchFood, Available, ID_Branch, ID_Food) VALUES (497, 1, 7, 9);
INSERT INTO BRANCH_FOOD (ID_BranchFood, Available, ID_Branch, ID_Food) VALUES (498, 1, 9, 41);
INSERT INTO BRANCH_FOOD (ID_BranchFood, Available, ID_Branch, ID_Food) VALUES (499, 1, 2, 49);
INSERT INTO BRANCH_FOOD (ID_BranchFood, Available, ID_Branch, ID_Food) VALUES (500, 1, 4, 37);
INSERT INTO BRANCH_FOOD (ID_BranchFood, Available, ID_Branch, ID_Food) VALUES (501, 1, 10, 52);
INSERT INTO BRANCH_FOOD (ID_BranchFood, Available, ID_Branch, ID_Food) VALUES (502, 1, 10, 58);
INSERT INTO BRANCH_FOOD (ID_BranchFood, Available, ID_Branch, ID_Food) VALUES (503, 0, 10, 51);
INSERT INTO BRANCH_FOOD (ID_BranchFood, Available, ID_Branch, ID_Food) VALUES (504, 0, 9, 43);
INSERT INTO BRANCH_FOOD (ID_BranchFood, Available, ID_Branch, ID_Food) VALUES (505, 1, 11, 20);
INSERT INTO BRANCH_FOOD (ID_BranchFood, Available, ID_Branch, ID_Food) VALUES (506, 0, 5, 9);
INSERT INTO BRANCH_FOOD (ID_BranchFood, Available, ID_Branch, ID_Food) VALUES (507, 1, 6, 40);
INSERT INTO BRANCH_FOOD (ID_BranchFood, Available, ID_Branch, ID_Food) VALUES (508, 1, 6, 35);
INSERT INTO BRANCH_FOOD (ID_BranchFood, Available, ID_Branch, ID_Food) VALUES (509, 1, 7, 41);
INSERT INTO BRANCH_FOOD (ID_BranchFood, Available, ID_Branch, ID_Food) VALUES (510, 1, 14, 9);
INSERT INTO BRANCH_FOOD (ID_BranchFood, Available, ID_Branch, ID_Food) VALUES (511, 0, 6, 44);
INSERT INTO BRANCH_FOOD (ID_BranchFood, Available, ID_Branch, ID_Food) VALUES (512, 1, 7, 58);
INSERT INTO BRANCH_FOOD (ID_BranchFood, Available, ID_Branch, ID_Food) VALUES (513, 1, 15, 8);
INSERT INTO BRANCH_FOOD (ID_BranchFood, Available, ID_Branch, ID_Food) VALUES (514, 1, 3, 39);
INSERT INTO BRANCH_FOOD (ID_BranchFood, Available, ID_Branch, ID_Food) VALUES (515, 0, 12, 23);
INSERT INTO BRANCH_FOOD (ID_BranchFood, Available, ID_Branch, ID_Food) VALUES (516, 1, 4, 40);
INSERT INTO BRANCH_FOOD (ID_BranchFood, Available, ID_Branch, ID_Food) VALUES (517, 1, 6, 57);
INSERT INTO BRANCH_FOOD (ID_BranchFood, Available, ID_Branch, ID_Food) VALUES (518, 1, 14, 54);
INSERT INTO BRANCH_FOOD (ID_BranchFood, Available, ID_Branch, ID_Food) VALUES (519, 0, 4, 17);
INSERT INTO BRANCH_FOOD (ID_BranchFood, Available, ID_Branch, ID_Food) VALUES (520, 1, 11, 57);
INSERT INTO BRANCH_FOOD (ID_BranchFood, Available, ID_Branch, ID_Food) VALUES (521, 0, 9, 45);
INSERT INTO BRANCH_FOOD (ID_BranchFood, Available, ID_Branch, ID_Food) VALUES (522, 1, 7, 27);
INSERT INTO BRANCH_FOOD (ID_BranchFood, Available, ID_Branch, ID_Food) VALUES (523, 1, 15, 56);
INSERT INTO BRANCH_FOOD (ID_BranchFood, Available, ID_Branch, ID_Food) VALUES (524, 1, 3, 18);
INSERT INTO BRANCH_FOOD (ID_BranchFood, Available, ID_Branch, ID_Food) VALUES (525, 1, 10, 1);
INSERT INTO BRANCH_FOOD (ID_BranchFood, Available, ID_Branch, ID_Food) VALUES (526, 1, 9, 55);
INSERT INTO BRANCH_FOOD (ID_BranchFood, Available, ID_Branch, ID_Food) VALUES (527, 1, 5, 53);
INSERT INTO BRANCH_FOOD (ID_BranchFood, Available, ID_Branch, ID_Food) VALUES (528, 1, 14, 29);
INSERT INTO BRANCH_FOOD (ID_BranchFood, Available, ID_Branch, ID_Food) VALUES (529, 0, 4, 58);
INSERT INTO BRANCH_FOOD (ID_BranchFood, Available, ID_Branch, ID_Food) VALUES (530, 1, 1, 12);
INSERT INTO BRANCH_FOOD (ID_BranchFood, Available, ID_Branch, ID_Food) VALUES (531, 0, 14, 24);
INSERT INTO BRANCH_FOOD (ID_BranchFood, Available, ID_Branch, ID_Food) VALUES (532, 1, 10, 38);
INSERT INTO BRANCH_FOOD (ID_BranchFood, Available, ID_Branch, ID_Food) VALUES (533, 1, 2, 56);
INSERT INTO BRANCH_FOOD (ID_BranchFood, Available, ID_Branch, ID_Food) VALUES (534, 1, 2, 34);
INSERT INTO BRANCH_FOOD (ID_BranchFood, Available, ID_Branch, ID_Food) VALUES (535, 1, 4, 39);
INSERT INTO BRANCH_FOOD (ID_BranchFood, Available, ID_Branch, ID_Food) VALUES (536, 1, 9, 19);
INSERT INTO BRANCH_FOOD (ID_BranchFood, Available, ID_Branch, ID_Food) VALUES (537, 1, 15, 31);
INSERT INTO BRANCH_FOOD (ID_BranchFood, Available, ID_Branch, ID_Food) VALUES (538, 0, 6, 19);
INSERT INTO BRANCH_FOOD (ID_BranchFood, Available, ID_Branch, ID_Food) VALUES (539, 0, 12, 26);
INSERT INTO BRANCH_FOOD (ID_BranchFood, Available, ID_Branch, ID_Food) VALUES (540, 1, 6, 5);
INSERT INTO BRANCH_FOOD (ID_BranchFood, Available, ID_Branch, ID_Food) VALUES (541, 1, 11, 13);
INSERT INTO BRANCH_FOOD (ID_BranchFood, Available, ID_Branch, ID_Food) VALUES (542, 1, 5, 38);
INSERT INTO BRANCH_FOOD (ID_BranchFood, Available, ID_Branch, ID_Food) VALUES (543, 1, 6, 49);
INSERT INTO BRANCH_FOOD (ID_BranchFood, Available, ID_Branch, ID_Food) VALUES (544, 1, 12, 11);
INSERT INTO BRANCH_FOOD (ID_BranchFood, Available, ID_Branch, ID_Food) VALUES (545, 1, 7, 47);
INSERT INTO BRANCH_FOOD (ID_BranchFood, Available, ID_Branch, ID_Food) VALUES (546, 1, 7, 55);
INSERT INTO BRANCH_FOOD (ID_BranchFood, Available, ID_Branch, ID_Food) VALUES (547, 0, 10, 32);
INSERT INTO BRANCH_FOOD (ID_BranchFood, Available, ID_Branch, ID_Food) VALUES (548, 1, 4, 48);
INSERT INTO BRANCH_FOOD (ID_BranchFood, Available, ID_Branch, ID_Food) VALUES (549, 1, 3, 2);
INSERT INTO BRANCH_FOOD (ID_BranchFood, Available, ID_Branch, ID_Food) VALUES (550, 1, 5, 29);
INSERT INTO BRANCH_FOOD (ID_BranchFood, Available, ID_Branch, ID_Food) VALUES (551, 1, 8, 51);
INSERT INTO BRANCH_FOOD (ID_BranchFood, Available, ID_Branch, ID_Food) VALUES (552, 0, 2, 48);
INSERT INTO BRANCH_FOOD (ID_BranchFood, Available, ID_Branch, ID_Food) VALUES (553, 1, 5, 31);
INSERT INTO BRANCH_FOOD (ID_BranchFood, Available, ID_Branch, ID_Food) VALUES (554, 1, 15, 12);
INSERT INTO BRANCH_FOOD (ID_BranchFood, Available, ID_Branch, ID_Food) VALUES (555, 0, 2, 55);
INSERT INTO BRANCH_FOOD (ID_BranchFood, Available, ID_Branch, ID_Food) VALUES (556, 1, 10, 50);
INSERT INTO BRANCH_FOOD (ID_BranchFood, Available, ID_Branch, ID_Food) VALUES (557, 0, 11, 33);
INSERT INTO BRANCH_FOOD (ID_BranchFood, Available, ID_Branch, ID_Food) VALUES (558, 1, 3, 3);
INSERT INTO BRANCH_FOOD (ID_BranchFood, Available, ID_Branch, ID_Food) VALUES (559, 1, 9, 20);
INSERT INTO BRANCH_FOOD (ID_BranchFood, Available, ID_Branch, ID_Food) VALUES (560, 1, 15, 27);
INSERT INTO BRANCH_FOOD (ID_BranchFood, Available, ID_Branch, ID_Food) VALUES (561, 1, 14, 11);
INSERT INTO BRANCH_FOOD (ID_BranchFood, Available, ID_Branch, ID_Food) VALUES (562, 0, 5, 46);
INSERT INTO BRANCH_FOOD (ID_BranchFood, Available, ID_Branch, ID_Food) VALUES (563, 0, 4, 49);
INSERT INTO BRANCH_FOOD (ID_BranchFood, Available, ID_Branch, ID_Food) VALUES (564, 0, 2, 38);
INSERT INTO BRANCH_FOOD (ID_BranchFood, Available, ID_Branch, ID_Food) VALUES (565, 0, 5, 7);
INSERT INTO BRANCH_FOOD (ID_BranchFood, Available, ID_Branch, ID_Food) VALUES (566, 1, 6, 28);
INSERT INTO BRANCH_FOOD (ID_BranchFood, Available, ID_Branch, ID_Food) VALUES (567, 1, 11, 10);
INSERT INTO BRANCH_FOOD (ID_BranchFood, Available, ID_Branch, ID_Food) VALUES (568, 1, 6, 55);
INSERT INTO BRANCH_FOOD (ID_BranchFood, Available, ID_Branch, ID_Food) VALUES (569, 1, 10, 54);
INSERT INTO BRANCH_FOOD (ID_BranchFood, Available, ID_Branch, ID_Food) VALUES (570, 1, 6, 7);
INSERT INTO BRANCH_FOOD (ID_BranchFood, Available, ID_Branch, ID_Food) VALUES (571, 1, 7, 23);
INSERT INTO BRANCH_FOOD (ID_BranchFood, Available, ID_Branch, ID_Food) VALUES (572, 1, 15, 49);
INSERT INTO BRANCH_FOOD (ID_BranchFood, Available, ID_Branch, ID_Food) VALUES (573, 1, 8, 36);
INSERT INTO BRANCH_FOOD (ID_BranchFood, Available, ID_Branch, ID_Food) VALUES (574, 1, 12, 3);
INSERT INTO BRANCH_FOOD (ID_BranchFood, Available, ID_Branch, ID_Food) VALUES (575, 0, 14, 25);
INSERT INTO BRANCH_FOOD (ID_BranchFood, Available, ID_Branch, ID_Food) VALUES (576, 1, 14, 53);
INSERT INTO BRANCH_FOOD (ID_BranchFood, Available, ID_Branch, ID_Food) VALUES (577, 1, 4, 44);
INSERT INTO BRANCH_FOOD (ID_BranchFood, Available, ID_Branch, ID_Food) VALUES (578, 0, 5, 12);
INSERT INTO BRANCH_FOOD (ID_BranchFood, Available, ID_Branch, ID_Food) VALUES (579, 1, 10, 44);
INSERT INTO BRANCH_FOOD (ID_BranchFood, Available, ID_Branch, ID_Food) VALUES (580, 1, 13, 57);
INSERT INTO BRANCH_FOOD (ID_BranchFood, Available, ID_Branch, ID_Food) VALUES (581, 1, 4, 34);
INSERT INTO BRANCH_FOOD (ID_BranchFood, Available, ID_Branch, ID_Food) VALUES (582, 1, 2, 4);
INSERT INTO BRANCH_FOOD (ID_BranchFood, Available, ID_Branch, ID_Food) VALUES (583, 1, 3, 29);
INSERT INTO BRANCH_FOOD (ID_BranchFood, Available, ID_Branch, ID_Food) VALUES (584, 1, 10, 18);
INSERT INTO BRANCH_FOOD (ID_BranchFood, Available, ID_Branch, ID_Food) VALUES (585, 1, 9, 22);
INSERT INTO BRANCH_FOOD (ID_BranchFood, Available, ID_Branch, ID_Food) VALUES (586, 1, 14, 14);
INSERT INTO BRANCH_FOOD (ID_BranchFood, Available, ID_Branch, ID_Food) VALUES (587, 0, 13, 49);
INSERT INTO BRANCH_FOOD (ID_BranchFood, Available, ID_Branch, ID_Food) VALUES (588, 1, 7, 57);
INSERT INTO BRANCH_FOOD (ID_BranchFood, Available, ID_Branch, ID_Food) VALUES (589, 1, 2, 52);
INSERT INTO BRANCH_FOOD (ID_BranchFood, Available, ID_Branch, ID_Food) VALUES (590, 1, 2, 45);
INSERT INTO BRANCH_FOOD (ID_BranchFood, Available, ID_Branch, ID_Food) VALUES (591, 1, 6, 13);
INSERT INTO BRANCH_FOOD (ID_BranchFood, Available, ID_Branch, ID_Food) VALUES (592, 1, 8, 28);
INSERT INTO BRANCH_FOOD (ID_BranchFood, Available, ID_Branch, ID_Food) VALUES (593, 1, 8, 37);
INSERT INTO BRANCH_FOOD (ID_BranchFood, Available, ID_Branch, ID_Food) VALUES (594, 1, 14, 55);
INSERT INTO BRANCH_FOOD (ID_BranchFood, Available, ID_Branch, ID_Food) VALUES (595, 1, 2, 11);
INSERT INTO BRANCH_FOOD (ID_BranchFood, Available, ID_Branch, ID_Food) VALUES (596, 1, 4, 57);
INSERT INTO BRANCH_FOOD (ID_BranchFood, Available, ID_Branch, ID_Food) VALUES (597, 0, 6, 14);
INSERT INTO BRANCH_FOOD (ID_BranchFood, Available, ID_Branch, ID_Food) VALUES (598, 1, 10, 7);
INSERT INTO BRANCH_FOOD (ID_BranchFood, Available, ID_Branch, ID_Food) VALUES (599, 1, 8, 1);
INSERT INTO BRANCH_FOOD (ID_BranchFood, Available, ID_Branch, ID_Food) VALUES (600, 1, 8, 23);
INSERT INTO [TABLE] (ID_Table, NumberOfSeats, StatusTable, ID_Branch) VALUES (1, 4, 0, 1);
INSERT INTO [TABLE] (ID_Table, NumberOfSeats, StatusTable, ID_Branch) VALUES (2, 2, 1, 1);
INSERT INTO [TABLE] (ID_Table, NumberOfSeats, StatusTable, ID_Branch) VALUES (3, 8, 0, 1);
INSERT INTO [TABLE] (ID_Table, NumberOfSeats, StatusTable, ID_Branch) VALUES (4, 8, 0, 1);
INSERT INTO [TABLE] (ID_Table, NumberOfSeats, StatusTable, ID_Branch) VALUES (5, 4, 1, 1);
INSERT INTO [TABLE] (ID_Table, NumberOfSeats, StatusTable, ID_Branch) VALUES (6, 8, 1, 1);
INSERT INTO [TABLE] (ID_Table, NumberOfSeats, StatusTable, ID_Branch) VALUES (7, 8, 1, 1);
INSERT INTO [TABLE] (ID_Table, NumberOfSeats, StatusTable, ID_Branch) VALUES (8, 2, 0, 1);
INSERT INTO [TABLE] (ID_Table, NumberOfSeats, StatusTable, ID_Branch) VALUES (9, 2, 0, 1);
INSERT INTO [TABLE] (ID_Table, NumberOfSeats, StatusTable, ID_Branch) VALUES (10, 6, 0, 1);
INSERT INTO [TABLE] (ID_Table, NumberOfSeats, StatusTable, ID_Branch) VALUES (11, 4, 0, 1);
INSERT INTO [TABLE] (ID_Table, NumberOfSeats, StatusTable, ID_Branch) VALUES (12, 6, 0, 1);
INSERT INTO [TABLE] (ID_Table, NumberOfSeats, StatusTable, ID_Branch) VALUES (13, 6, 1, 1);
INSERT INTO [TABLE] (ID_Table, NumberOfSeats, StatusTable, ID_Branch) VALUES (14, 6, 0, 1);
INSERT INTO [TABLE] (ID_Table, NumberOfSeats, StatusTable, ID_Branch) VALUES (15, 6, 0, 1);
INSERT INTO [TABLE] (ID_Table, NumberOfSeats, StatusTable, ID_Branch) VALUES (16, 2, 0, 1);
INSERT INTO [TABLE] (ID_Table, NumberOfSeats, StatusTable, ID_Branch) VALUES (17, 8, 1, 1);
INSERT INTO [TABLE] (ID_Table, NumberOfSeats, StatusTable, ID_Branch) VALUES (18, 8, 0, 1);
INSERT INTO [TABLE] (ID_Table, NumberOfSeats, StatusTable, ID_Branch) VALUES (19, 4, 1, 1);
INSERT INTO [TABLE] (ID_Table, NumberOfSeats, StatusTable, ID_Branch) VALUES (20, 4, 1, 1);
INSERT INTO [TABLE] (ID_Table, NumberOfSeats, StatusTable, ID_Branch) VALUES (21, 2, 1, 1);
INSERT INTO [TABLE] (ID_Table, NumberOfSeats, StatusTable, ID_Branch) VALUES (22, 2, 1, 1);
INSERT INTO [TABLE] (ID_Table, NumberOfSeats, StatusTable, ID_Branch) VALUES (23, 6, 1, 1);
INSERT INTO [TABLE] (ID_Table, NumberOfSeats, StatusTable, ID_Branch) VALUES (24, 2, 1, 1);
INSERT INTO [TABLE] (ID_Table, NumberOfSeats, StatusTable, ID_Branch) VALUES (25, 2, 0, 1);
INSERT INTO [TABLE] (ID_Table, NumberOfSeats, StatusTable, ID_Branch) VALUES (26, 8, 0, 1);
INSERT INTO [TABLE] (ID_Table, NumberOfSeats, StatusTable, ID_Branch) VALUES (27, 6, 1, 1);
INSERT INTO [TABLE] (ID_Table, NumberOfSeats, StatusTable, ID_Branch) VALUES (28, 4, 0, 2);
INSERT INTO [TABLE] (ID_Table, NumberOfSeats, StatusTable, ID_Branch) VALUES (29, 6, 0, 2);
INSERT INTO [TABLE] (ID_Table, NumberOfSeats, StatusTable, ID_Branch) VALUES (30, 8, 1, 2);
INSERT INTO [TABLE] (ID_Table, NumberOfSeats, StatusTable, ID_Branch) VALUES (31, 6, 0, 2);
INSERT INTO [TABLE] (ID_Table, NumberOfSeats, StatusTable, ID_Branch) VALUES (32, 6, 1, 2);
INSERT INTO [TABLE] (ID_Table, NumberOfSeats, StatusTable, ID_Branch) VALUES (33, 2, 1, 2);
INSERT INTO [TABLE] (ID_Table, NumberOfSeats, StatusTable, ID_Branch) VALUES (34, 8, 1, 2);
INSERT INTO [TABLE] (ID_Table, NumberOfSeats, StatusTable, ID_Branch) VALUES (35, 4, 0, 2);
INSERT INTO [TABLE] (ID_Table, NumberOfSeats, StatusTable, ID_Branch) VALUES (36, 8, 0, 2);
INSERT INTO [TABLE] (ID_Table, NumberOfSeats, StatusTable, ID_Branch) VALUES (37, 2, 1, 2);
INSERT INTO [TABLE] (ID_Table, NumberOfSeats, StatusTable, ID_Branch) VALUES (38, 8, 1, 2);
INSERT INTO [TABLE] (ID_Table, NumberOfSeats, StatusTable, ID_Branch) VALUES (39, 6, 0, 2);
INSERT INTO [TABLE] (ID_Table, NumberOfSeats, StatusTable, ID_Branch) VALUES (40, 4, 0, 2);
INSERT INTO [TABLE] (ID_Table, NumberOfSeats, StatusTable, ID_Branch) VALUES (41, 6, 0, 2);
INSERT INTO [TABLE] (ID_Table, NumberOfSeats, StatusTable, ID_Branch) VALUES (42, 2, 0, 2);
INSERT INTO [TABLE] (ID_Table, NumberOfSeats, StatusTable, ID_Branch) VALUES (43, 4, 1, 2);
INSERT INTO [TABLE] (ID_Table, NumberOfSeats, StatusTable, ID_Branch) VALUES (44, 2, 0, 2);
INSERT INTO [TABLE] (ID_Table, NumberOfSeats, StatusTable, ID_Branch) VALUES (45, 8, 1, 2);
INSERT INTO [TABLE] (ID_Table, NumberOfSeats, StatusTable, ID_Branch) VALUES (46, 8, 0, 2);
INSERT INTO [TABLE] (ID_Table, NumberOfSeats, StatusTable, ID_Branch) VALUES (47, 4, 0, 2);
INSERT INTO [TABLE] (ID_Table, NumberOfSeats, StatusTable, ID_Branch) VALUES (48, 8, 0, 2);
INSERT INTO [TABLE] (ID_Table, NumberOfSeats, StatusTable, ID_Branch) VALUES (49, 6, 0, 2);
INSERT INTO [TABLE] (ID_Table, NumberOfSeats, StatusTable, ID_Branch) VALUES (50, 2, 0, 2);
INSERT INTO [TABLE] (ID_Table, NumberOfSeats, StatusTable, ID_Branch) VALUES (51, 6, 1, 2);
INSERT INTO [TABLE] (ID_Table, NumberOfSeats, StatusTable, ID_Branch) VALUES (52, 6, 0, 2);
INSERT INTO [TABLE] (ID_Table, NumberOfSeats, StatusTable, ID_Branch) VALUES (53, 6, 1, 2);
INSERT INTO [TABLE] (ID_Table, NumberOfSeats, StatusTable, ID_Branch) VALUES (54, 4, 0, 2);
INSERT INTO [TABLE] (ID_Table, NumberOfSeats, StatusTable, ID_Branch) VALUES (55, 4, 0, 3);
INSERT INTO [TABLE] (ID_Table, NumberOfSeats, StatusTable, ID_Branch) VALUES (56, 2, 0, 3);
INSERT INTO [TABLE] (ID_Table, NumberOfSeats, StatusTable, ID_Branch) VALUES (57, 4, 1, 3);
INSERT INTO [TABLE] (ID_Table, NumberOfSeats, StatusTable, ID_Branch) VALUES (58, 2, 0, 3);
INSERT INTO [TABLE] (ID_Table, NumberOfSeats, StatusTable, ID_Branch) VALUES (59, 8, 1, 3);
INSERT INTO [TABLE] (ID_Table, NumberOfSeats, StatusTable, ID_Branch) VALUES (60, 4, 1, 3);
INSERT INTO [TABLE] (ID_Table, NumberOfSeats, StatusTable, ID_Branch) VALUES (61, 4, 0, 3);
INSERT INTO [TABLE] (ID_Table, NumberOfSeats, StatusTable, ID_Branch) VALUES (62, 6, 0, 3);
INSERT INTO [TABLE] (ID_Table, NumberOfSeats, StatusTable, ID_Branch) VALUES (63, 2, 1, 3);
INSERT INTO [TABLE] (ID_Table, NumberOfSeats, StatusTable, ID_Branch) VALUES (64, 4, 0, 3);
INSERT INTO [TABLE] (ID_Table, NumberOfSeats, StatusTable, ID_Branch) VALUES (65, 2, 1, 3);
INSERT INTO [TABLE] (ID_Table, NumberOfSeats, StatusTable, ID_Branch) VALUES (66, 6, 1, 3);
INSERT INTO [TABLE] (ID_Table, NumberOfSeats, StatusTable, ID_Branch) VALUES (67, 6, 1, 3);
INSERT INTO [TABLE] (ID_Table, NumberOfSeats, StatusTable, ID_Branch) VALUES (68, 4, 1, 3);
INSERT INTO [TABLE] (ID_Table, NumberOfSeats, StatusTable, ID_Branch) VALUES (69, 6, 0, 3);
INSERT INTO [TABLE] (ID_Table, NumberOfSeats, StatusTable, ID_Branch) VALUES (70, 4, 0, 3);
INSERT INTO [TABLE] (ID_Table, NumberOfSeats, StatusTable, ID_Branch) VALUES (71, 6, 1, 3);
INSERT INTO [TABLE] (ID_Table, NumberOfSeats, StatusTable, ID_Branch) VALUES (72, 4, 0, 3);
INSERT INTO [TABLE] (ID_Table, NumberOfSeats, StatusTable, ID_Branch) VALUES (73, 6, 0, 3);
INSERT INTO [TABLE] (ID_Table, NumberOfSeats, StatusTable, ID_Branch) VALUES (74, 8, 1, 3);
INSERT INTO [TABLE] (ID_Table, NumberOfSeats, StatusTable, ID_Branch) VALUES (75, 4, 1, 3);
INSERT INTO [TABLE] (ID_Table, NumberOfSeats, StatusTable, ID_Branch) VALUES (76, 2, 1, 3);
INSERT INTO [TABLE] (ID_Table, NumberOfSeats, StatusTable, ID_Branch) VALUES (77, 2, 1, 3);
INSERT INTO [TABLE] (ID_Table, NumberOfSeats, StatusTable, ID_Branch) VALUES (78, 2, 0, 3);
INSERT INTO [TABLE] (ID_Table, NumberOfSeats, StatusTable, ID_Branch) VALUES (79, 4, 0, 3);
INSERT INTO [TABLE] (ID_Table, NumberOfSeats, StatusTable, ID_Branch) VALUES (80, 4, 1, 3);
INSERT INTO [TABLE] (ID_Table, NumberOfSeats, StatusTable, ID_Branch) VALUES (81, 2, 0, 3);
INSERT INTO [TABLE] (ID_Table, NumberOfSeats, StatusTable, ID_Branch) VALUES (82, 2, 0, 3);
INSERT INTO [TABLE] (ID_Table, NumberOfSeats, StatusTable, ID_Branch) VALUES (83, 4, 1, 3);
INSERT INTO [TABLE] (ID_Table, NumberOfSeats, StatusTable, ID_Branch) VALUES (84, 8, 0, 4);
INSERT INTO [TABLE] (ID_Table, NumberOfSeats, StatusTable, ID_Branch) VALUES (85, 2, 0, 4);
INSERT INTO [TABLE] (ID_Table, NumberOfSeats, StatusTable, ID_Branch) VALUES (86, 6, 1, 4);
INSERT INTO [TABLE] (ID_Table, NumberOfSeats, StatusTable, ID_Branch) VALUES (87, 4, 0, 4);
INSERT INTO [TABLE] (ID_Table, NumberOfSeats, StatusTable, ID_Branch) VALUES (88, 8, 1, 4);
INSERT INTO [TABLE] (ID_Table, NumberOfSeats, StatusTable, ID_Branch) VALUES (89, 4, 1, 4);
INSERT INTO [TABLE] (ID_Table, NumberOfSeats, StatusTable, ID_Branch) VALUES (90, 2, 0, 4);
INSERT INTO [TABLE] (ID_Table, NumberOfSeats, StatusTable, ID_Branch) VALUES (91, 8, 1, 4);
INSERT INTO [TABLE] (ID_Table, NumberOfSeats, StatusTable, ID_Branch) VALUES (92, 6, 1, 4);
INSERT INTO [TABLE] (ID_Table, NumberOfSeats, StatusTable, ID_Branch) VALUES (93, 4, 0, 4);
INSERT INTO [TABLE] (ID_Table, NumberOfSeats, StatusTable, ID_Branch) VALUES (94, 6, 1, 4);
INSERT INTO [TABLE] (ID_Table, NumberOfSeats, StatusTable, ID_Branch) VALUES (95, 4, 1, 4);
INSERT INTO [TABLE] (ID_Table, NumberOfSeats, StatusTable, ID_Branch) VALUES (96, 2, 1, 4);
INSERT INTO [TABLE] (ID_Table, NumberOfSeats, StatusTable, ID_Branch) VALUES (97, 2, 1, 4);
INSERT INTO [TABLE] (ID_Table, NumberOfSeats, StatusTable, ID_Branch) VALUES (98, 4, 1, 4);
INSERT INTO [TABLE] (ID_Table, NumberOfSeats, StatusTable, ID_Branch) VALUES (99, 6, 0, 4);
INSERT INTO [TABLE] (ID_Table, NumberOfSeats, StatusTable, ID_Branch) VALUES (100, 6, 1, 4);
INSERT INTO [TABLE] (ID_Table, NumberOfSeats, StatusTable, ID_Branch) VALUES (101, 4, 1, 4);
INSERT INTO [TABLE] (ID_Table, NumberOfSeats, StatusTable, ID_Branch) VALUES (102, 2, 0, 4);
INSERT INTO [TABLE] (ID_Table, NumberOfSeats, StatusTable, ID_Branch) VALUES (103, 6, 0, 4);
INSERT INTO [TABLE] (ID_Table, NumberOfSeats, StatusTable, ID_Branch) VALUES (104, 2, 0, 4);
INSERT INTO [TABLE] (ID_Table, NumberOfSeats, StatusTable, ID_Branch) VALUES (105, 4, 1, 4);
INSERT INTO [TABLE] (ID_Table, NumberOfSeats, StatusTable, ID_Branch) VALUES (106, 8, 1, 4);
INSERT INTO [TABLE] (ID_Table, NumberOfSeats, StatusTable, ID_Branch) VALUES (107, 6, 1, 4);
INSERT INTO [TABLE] (ID_Table, NumberOfSeats, StatusTable, ID_Branch) VALUES (108, 8, 0, 4);
INSERT INTO [TABLE] (ID_Table, NumberOfSeats, StatusTable, ID_Branch) VALUES (109, 6, 0, 4);
INSERT INTO [TABLE] (ID_Table, NumberOfSeats, StatusTable, ID_Branch) VALUES (110, 8, 1, 4);
INSERT INTO [TABLE] (ID_Table, NumberOfSeats, StatusTable, ID_Branch) VALUES (111, 2, 1, 4);
INSERT INTO [TABLE] (ID_Table, NumberOfSeats, StatusTable, ID_Branch) VALUES (112, 4, 0, 5);
INSERT INTO [TABLE] (ID_Table, NumberOfSeats, StatusTable, ID_Branch) VALUES (113, 4, 0, 5);
INSERT INTO [TABLE] (ID_Table, NumberOfSeats, StatusTable, ID_Branch) VALUES (114, 4, 1, 5);
INSERT INTO [TABLE] (ID_Table, NumberOfSeats, StatusTable, ID_Branch) VALUES (115, 4, 0, 5);
INSERT INTO [TABLE] (ID_Table, NumberOfSeats, StatusTable, ID_Branch) VALUES (116, 4, 1, 5);
INSERT INTO [TABLE] (ID_Table, NumberOfSeats, StatusTable, ID_Branch) VALUES (117, 4, 1, 5);
INSERT INTO [TABLE] (ID_Table, NumberOfSeats, StatusTable, ID_Branch) VALUES (118, 6, 0, 5);
INSERT INTO [TABLE] (ID_Table, NumberOfSeats, StatusTable, ID_Branch) VALUES (119, 2, 0, 5);
INSERT INTO [TABLE] (ID_Table, NumberOfSeats, StatusTable, ID_Branch) VALUES (120, 2, 0, 5);
INSERT INTO [TABLE] (ID_Table, NumberOfSeats, StatusTable, ID_Branch) VALUES (121, 4, 1, 5);
INSERT INTO [TABLE] (ID_Table, NumberOfSeats, StatusTable, ID_Branch) VALUES (122, 4, 0, 5);
INSERT INTO [TABLE] (ID_Table, NumberOfSeats, StatusTable, ID_Branch) VALUES (123, 4, 1, 5);
INSERT INTO [TABLE] (ID_Table, NumberOfSeats, StatusTable, ID_Branch) VALUES (124, 6, 1, 5);
INSERT INTO [TABLE] (ID_Table, NumberOfSeats, StatusTable, ID_Branch) VALUES (125, 2, 0, 5);
INSERT INTO [TABLE] (ID_Table, NumberOfSeats, StatusTable, ID_Branch) VALUES (126, 8, 0, 5);
INSERT INTO [TABLE] (ID_Table, NumberOfSeats, StatusTable, ID_Branch) VALUES (127, 4, 1, 5);
INSERT INTO [TABLE] (ID_Table, NumberOfSeats, StatusTable, ID_Branch) VALUES (128, 2, 0, 5);
INSERT INTO [TABLE] (ID_Table, NumberOfSeats, StatusTable, ID_Branch) VALUES (129, 4, 0, 5);
INSERT INTO [TABLE] (ID_Table, NumberOfSeats, StatusTable, ID_Branch) VALUES (130, 2, 0, 5);
INSERT INTO [TABLE] (ID_Table, NumberOfSeats, StatusTable, ID_Branch) VALUES (131, 2, 0, 5);
INSERT INTO [TABLE] (ID_Table, NumberOfSeats, StatusTable, ID_Branch) VALUES (132, 2, 0, 5);
INSERT INTO [TABLE] (ID_Table, NumberOfSeats, StatusTable, ID_Branch) VALUES (133, 8, 1, 5);
INSERT INTO [TABLE] (ID_Table, NumberOfSeats, StatusTable, ID_Branch) VALUES (134, 6, 0, 6);
INSERT INTO [TABLE] (ID_Table, NumberOfSeats, StatusTable, ID_Branch) VALUES (135, 6, 1, 6);
INSERT INTO [TABLE] (ID_Table, NumberOfSeats, StatusTable, ID_Branch) VALUES (136, 8, 0, 6);
INSERT INTO [TABLE] (ID_Table, NumberOfSeats, StatusTable, ID_Branch) VALUES (137, 6, 1, 6);
INSERT INTO [TABLE] (ID_Table, NumberOfSeats, StatusTable, ID_Branch) VALUES (138, 2, 1, 6);
INSERT INTO [TABLE] (ID_Table, NumberOfSeats, StatusTable, ID_Branch) VALUES (139, 2, 0, 6);
INSERT INTO [TABLE] (ID_Table, NumberOfSeats, StatusTable, ID_Branch) VALUES (140, 2, 0, 6);
INSERT INTO [TABLE] (ID_Table, NumberOfSeats, StatusTable, ID_Branch) VALUES (141, 2, 1, 6);
INSERT INTO [TABLE] (ID_Table, NumberOfSeats, StatusTable, ID_Branch) VALUES (142, 2, 1, 6);
INSERT INTO [TABLE] (ID_Table, NumberOfSeats, StatusTable, ID_Branch) VALUES (143, 6, 1, 6);
INSERT INTO [TABLE] (ID_Table, NumberOfSeats, StatusTable, ID_Branch) VALUES (144, 4, 0, 6);
INSERT INTO [TABLE] (ID_Table, NumberOfSeats, StatusTable, ID_Branch) VALUES (145, 6, 0, 6);
INSERT INTO [TABLE] (ID_Table, NumberOfSeats, StatusTable, ID_Branch) VALUES (146, 6, 0, 6);
INSERT INTO [TABLE] (ID_Table, NumberOfSeats, StatusTable, ID_Branch) VALUES (147, 4, 1, 6);
INSERT INTO [TABLE] (ID_Table, NumberOfSeats, StatusTable, ID_Branch) VALUES (148, 8, 0, 6);
INSERT INTO [TABLE] (ID_Table, NumberOfSeats, StatusTable, ID_Branch) VALUES (149, 6, 0, 6);
INSERT INTO [TABLE] (ID_Table, NumberOfSeats, StatusTable, ID_Branch) VALUES (150, 6, 1, 6);
INSERT INTO [TABLE] (ID_Table, NumberOfSeats, StatusTable, ID_Branch) VALUES (151, 8, 1, 6);
INSERT INTO [TABLE] (ID_Table, NumberOfSeats, StatusTable, ID_Branch) VALUES (152, 6, 0, 6);
INSERT INTO [TABLE] (ID_Table, NumberOfSeats, StatusTable, ID_Branch) VALUES (153, 4, 0, 6);
INSERT INTO [TABLE] (ID_Table, NumberOfSeats, StatusTable, ID_Branch) VALUES (154, 2, 1, 6);
INSERT INTO [TABLE] (ID_Table, NumberOfSeats, StatusTable, ID_Branch) VALUES (155, 6, 1, 6);
INSERT INTO [TABLE] (ID_Table, NumberOfSeats, StatusTable, ID_Branch) VALUES (156, 6, 0, 6);
INSERT INTO [TABLE] (ID_Table, NumberOfSeats, StatusTable, ID_Branch) VALUES (157, 4, 1, 6);
INSERT INTO [TABLE] (ID_Table, NumberOfSeats, StatusTable, ID_Branch) VALUES (158, 6, 0, 6);
INSERT INTO [TABLE] (ID_Table, NumberOfSeats, StatusTable, ID_Branch) VALUES (159, 6, 0, 6);
INSERT INTO [TABLE] (ID_Table, NumberOfSeats, StatusTable, ID_Branch) VALUES (160, 4, 1, 6);
INSERT INTO [TABLE] (ID_Table, NumberOfSeats, StatusTable, ID_Branch) VALUES (161, 4, 1, 7);
INSERT INTO [TABLE] (ID_Table, NumberOfSeats, StatusTable, ID_Branch) VALUES (162, 2, 1, 7);
INSERT INTO [TABLE] (ID_Table, NumberOfSeats, StatusTable, ID_Branch) VALUES (163, 6, 1, 7);
INSERT INTO [TABLE] (ID_Table, NumberOfSeats, StatusTable, ID_Branch) VALUES (164, 8, 1, 7);
INSERT INTO [TABLE] (ID_Table, NumberOfSeats, StatusTable, ID_Branch) VALUES (165, 2, 1, 7);
INSERT INTO [TABLE] (ID_Table, NumberOfSeats, StatusTable, ID_Branch) VALUES (166, 6, 0, 7);
INSERT INTO [TABLE] (ID_Table, NumberOfSeats, StatusTable, ID_Branch) VALUES (167, 4, 1, 7);
INSERT INTO [TABLE] (ID_Table, NumberOfSeats, StatusTable, ID_Branch) VALUES (168, 8, 1, 7);
INSERT INTO [TABLE] (ID_Table, NumberOfSeats, StatusTable, ID_Branch) VALUES (169, 6, 1, 7);
INSERT INTO [TABLE] (ID_Table, NumberOfSeats, StatusTable, ID_Branch) VALUES (170, 4, 1, 7);
INSERT INTO [TABLE] (ID_Table, NumberOfSeats, StatusTable, ID_Branch) VALUES (171, 6, 1, 7);
INSERT INTO [TABLE] (ID_Table, NumberOfSeats, StatusTable, ID_Branch) VALUES (172, 4, 0, 7);
INSERT INTO [TABLE] (ID_Table, NumberOfSeats, StatusTable, ID_Branch) VALUES (173, 2, 1, 7);
INSERT INTO [TABLE] (ID_Table, NumberOfSeats, StatusTable, ID_Branch) VALUES (174, 6, 1, 7);
INSERT INTO [TABLE] (ID_Table, NumberOfSeats, StatusTable, ID_Branch) VALUES (175, 6, 1, 7);
INSERT INTO [TABLE] (ID_Table, NumberOfSeats, StatusTable, ID_Branch) VALUES (176, 2, 1, 7);
INSERT INTO [TABLE] (ID_Table, NumberOfSeats, StatusTable, ID_Branch) VALUES (177, 4, 0, 7);
INSERT INTO [TABLE] (ID_Table, NumberOfSeats, StatusTable, ID_Branch) VALUES (178, 2, 0, 7);
INSERT INTO [TABLE] (ID_Table, NumberOfSeats, StatusTable, ID_Branch) VALUES (179, 2, 0, 7);
INSERT INTO [TABLE] (ID_Table, NumberOfSeats, StatusTable, ID_Branch) VALUES (180, 2, 0, 7);
INSERT INTO [TABLE] (ID_Table, NumberOfSeats, StatusTable, ID_Branch) VALUES (181, 6, 0, 7);
INSERT INTO [TABLE] (ID_Table, NumberOfSeats, StatusTable, ID_Branch) VALUES (182, 2, 1, 7);
INSERT INTO [TABLE] (ID_Table, NumberOfSeats, StatusTable, ID_Branch) VALUES (183, 6, 0, 7);
INSERT INTO [TABLE] (ID_Table, NumberOfSeats, StatusTable, ID_Branch) VALUES (184, 8, 0, 7);
INSERT INTO [TABLE] (ID_Table, NumberOfSeats, StatusTable, ID_Branch) VALUES (185, 2, 0, 7);
INSERT INTO [TABLE] (ID_Table, NumberOfSeats, StatusTable, ID_Branch) VALUES (186, 2, 0, 7);
INSERT INTO [TABLE] (ID_Table, NumberOfSeats, StatusTable, ID_Branch) VALUES (187, 2, 1, 7);
INSERT INTO [TABLE] (ID_Table, NumberOfSeats, StatusTable, ID_Branch) VALUES (188, 6, 0, 7);
INSERT INTO [TABLE] (ID_Table, NumberOfSeats, StatusTable, ID_Branch) VALUES (189, 4, 1, 7);
INSERT INTO [TABLE] (ID_Table, NumberOfSeats, StatusTable, ID_Branch) VALUES (190, 2, 0, 7);
INSERT INTO [TABLE] (ID_Table, NumberOfSeats, StatusTable, ID_Branch) VALUES (191, 2, 0, 8);
INSERT INTO [TABLE] (ID_Table, NumberOfSeats, StatusTable, ID_Branch) VALUES (192, 6, 0, 8);
INSERT INTO [TABLE] (ID_Table, NumberOfSeats, StatusTable, ID_Branch) VALUES (193, 8, 0, 8);
INSERT INTO [TABLE] (ID_Table, NumberOfSeats, StatusTable, ID_Branch) VALUES (194, 6, 0, 8);
INSERT INTO [TABLE] (ID_Table, NumberOfSeats, StatusTable, ID_Branch) VALUES (195, 8, 1, 8);
INSERT INTO [TABLE] (ID_Table, NumberOfSeats, StatusTable, ID_Branch) VALUES (196, 4, 0, 8);
INSERT INTO [TABLE] (ID_Table, NumberOfSeats, StatusTable, ID_Branch) VALUES (197, 6, 0, 8);
INSERT INTO [TABLE] (ID_Table, NumberOfSeats, StatusTable, ID_Branch) VALUES (198, 8, 0, 8);
INSERT INTO [TABLE] (ID_Table, NumberOfSeats, StatusTable, ID_Branch) VALUES (199, 6, 0, 8);
INSERT INTO [TABLE] (ID_Table, NumberOfSeats, StatusTable, ID_Branch) VALUES (200, 2, 1, 8);
INSERT INTO [TABLE] (ID_Table, NumberOfSeats, StatusTable, ID_Branch) VALUES (201, 2, 1, 8);
INSERT INTO [TABLE] (ID_Table, NumberOfSeats, StatusTable, ID_Branch) VALUES (202, 2, 1, 8);
INSERT INTO [TABLE] (ID_Table, NumberOfSeats, StatusTable, ID_Branch) VALUES (203, 8, 1, 8);
INSERT INTO [TABLE] (ID_Table, NumberOfSeats, StatusTable, ID_Branch) VALUES (204, 4, 1, 8);
INSERT INTO [TABLE] (ID_Table, NumberOfSeats, StatusTable, ID_Branch) VALUES (205, 2, 0, 8);
INSERT INTO [TABLE] (ID_Table, NumberOfSeats, StatusTable, ID_Branch) VALUES (206, 6, 1, 8);
INSERT INTO [TABLE] (ID_Table, NumberOfSeats, StatusTable, ID_Branch) VALUES (207, 4, 1, 8);
INSERT INTO [TABLE] (ID_Table, NumberOfSeats, StatusTable, ID_Branch) VALUES (208, 2, 0, 8);
INSERT INTO [TABLE] (ID_Table, NumberOfSeats, StatusTable, ID_Branch) VALUES (209, 6, 0, 8);
INSERT INTO [TABLE] (ID_Table, NumberOfSeats, StatusTable, ID_Branch) VALUES (210, 4, 0, 8);
INSERT INTO [TABLE] (ID_Table, NumberOfSeats, StatusTable, ID_Branch) VALUES (211, 6, 0, 8);
INSERT INTO [TABLE] (ID_Table, NumberOfSeats, StatusTable, ID_Branch) VALUES (212, 4, 0, 8);
INSERT INTO [TABLE] (ID_Table, NumberOfSeats, StatusTable, ID_Branch) VALUES (213, 4, 0, 9);
INSERT INTO [TABLE] (ID_Table, NumberOfSeats, StatusTable, ID_Branch) VALUES (214, 4, 1, 9);
INSERT INTO [TABLE] (ID_Table, NumberOfSeats, StatusTable, ID_Branch) VALUES (215, 6, 1, 9);
INSERT INTO [TABLE] (ID_Table, NumberOfSeats, StatusTable, ID_Branch) VALUES (216, 6, 0, 9);
INSERT INTO [TABLE] (ID_Table, NumberOfSeats, StatusTable, ID_Branch) VALUES (217, 4, 0, 9);
INSERT INTO [TABLE] (ID_Table, NumberOfSeats, StatusTable, ID_Branch) VALUES (218, 6, 0, 9);
INSERT INTO [TABLE] (ID_Table, NumberOfSeats, StatusTable, ID_Branch) VALUES (219, 4, 0, 9);
INSERT INTO [TABLE] (ID_Table, NumberOfSeats, StatusTable, ID_Branch) VALUES (220, 4, 0, 9);
INSERT INTO [TABLE] (ID_Table, NumberOfSeats, StatusTable, ID_Branch) VALUES (221, 4, 0, 9);
INSERT INTO [TABLE] (ID_Table, NumberOfSeats, StatusTable, ID_Branch) VALUES (222, 6, 1, 9);
INSERT INTO [TABLE] (ID_Table, NumberOfSeats, StatusTable, ID_Branch) VALUES (223, 8, 0, 9);
INSERT INTO [TABLE] (ID_Table, NumberOfSeats, StatusTable, ID_Branch) VALUES (224, 4, 1, 9);
INSERT INTO [TABLE] (ID_Table, NumberOfSeats, StatusTable, ID_Branch) VALUES (225, 6, 0, 9);
INSERT INTO [TABLE] (ID_Table, NumberOfSeats, StatusTable, ID_Branch) VALUES (226, 4, 0, 9);
INSERT INTO [TABLE] (ID_Table, NumberOfSeats, StatusTable, ID_Branch) VALUES (227, 2, 0, 9);
INSERT INTO [TABLE] (ID_Table, NumberOfSeats, StatusTable, ID_Branch) VALUES (228, 4, 1, 9);
INSERT INTO [TABLE] (ID_Table, NumberOfSeats, StatusTable, ID_Branch) VALUES (229, 6, 1, 9);
INSERT INTO [TABLE] (ID_Table, NumberOfSeats, StatusTable, ID_Branch) VALUES (230, 8, 1, 9);
INSERT INTO [TABLE] (ID_Table, NumberOfSeats, StatusTable, ID_Branch) VALUES (231, 6, 1, 9);
INSERT INTO [TABLE] (ID_Table, NumberOfSeats, StatusTable, ID_Branch) VALUES (232, 4, 0, 9);
INSERT INTO [TABLE] (ID_Table, NumberOfSeats, StatusTable, ID_Branch) VALUES (233, 6, 0, 9);
INSERT INTO [TABLE] (ID_Table, NumberOfSeats, StatusTable, ID_Branch) VALUES (234, 8, 1, 9);
INSERT INTO [TABLE] (ID_Table, NumberOfSeats, StatusTable, ID_Branch) VALUES (235, 6, 1, 9);
INSERT INTO [TABLE] (ID_Table, NumberOfSeats, StatusTable, ID_Branch) VALUES (236, 2, 1, 9);
INSERT INTO [TABLE] (ID_Table, NumberOfSeats, StatusTable, ID_Branch) VALUES (237, 4, 1, 9);
INSERT INTO [TABLE] (ID_Table, NumberOfSeats, StatusTable, ID_Branch) VALUES (238, 6, 0, 9);
INSERT INTO [TABLE] (ID_Table, NumberOfSeats, StatusTable, ID_Branch) VALUES (239, 6, 1, 10);
INSERT INTO [TABLE] (ID_Table, NumberOfSeats, StatusTable, ID_Branch) VALUES (240, 6, 0, 10);
INSERT INTO [TABLE] (ID_Table, NumberOfSeats, StatusTable, ID_Branch) VALUES (241, 6, 0, 10);
INSERT INTO [TABLE] (ID_Table, NumberOfSeats, StatusTable, ID_Branch) VALUES (242, 2, 1, 10);
INSERT INTO [TABLE] (ID_Table, NumberOfSeats, StatusTable, ID_Branch) VALUES (243, 8, 1, 10);
INSERT INTO [TABLE] (ID_Table, NumberOfSeats, StatusTable, ID_Branch) VALUES (244, 6, 0, 10);
INSERT INTO [TABLE] (ID_Table, NumberOfSeats, StatusTable, ID_Branch) VALUES (245, 8, 1, 10);
INSERT INTO [TABLE] (ID_Table, NumberOfSeats, StatusTable, ID_Branch) VALUES (246, 8, 1, 10);
INSERT INTO [TABLE] (ID_Table, NumberOfSeats, StatusTable, ID_Branch) VALUES (247, 8, 0, 10);
INSERT INTO [TABLE] (ID_Table, NumberOfSeats, StatusTable, ID_Branch) VALUES (248, 4, 1, 10);
INSERT INTO [TABLE] (ID_Table, NumberOfSeats, StatusTable, ID_Branch) VALUES (249, 6, 0, 10);
INSERT INTO [TABLE] (ID_Table, NumberOfSeats, StatusTable, ID_Branch) VALUES (250, 2, 1, 10);
INSERT INTO [TABLE] (ID_Table, NumberOfSeats, StatusTable, ID_Branch) VALUES (251, 4, 0, 10);
INSERT INTO [TABLE] (ID_Table, NumberOfSeats, StatusTable, ID_Branch) VALUES (252, 2, 1, 10);
INSERT INTO [TABLE] (ID_Table, NumberOfSeats, StatusTable, ID_Branch) VALUES (253, 4, 1, 10);
INSERT INTO [TABLE] (ID_Table, NumberOfSeats, StatusTable, ID_Branch) VALUES (254, 4, 0, 10);
INSERT INTO [TABLE] (ID_Table, NumberOfSeats, StatusTable, ID_Branch) VALUES (255, 6, 1, 10);
INSERT INTO [TABLE] (ID_Table, NumberOfSeats, StatusTable, ID_Branch) VALUES (256, 4, 0, 10);
INSERT INTO [TABLE] (ID_Table, NumberOfSeats, StatusTable, ID_Branch) VALUES (257, 4, 0, 10);
INSERT INTO [TABLE] (ID_Table, NumberOfSeats, StatusTable, ID_Branch) VALUES (258, 8, 0, 10);
INSERT INTO [TABLE] (ID_Table, NumberOfSeats, StatusTable, ID_Branch) VALUES (259, 8, 0, 10);
INSERT INTO [TABLE] (ID_Table, NumberOfSeats, StatusTable, ID_Branch) VALUES (260, 4, 1, 10);
INSERT INTO [TABLE] (ID_Table, NumberOfSeats, StatusTable, ID_Branch) VALUES (261, 8, 0, 10);
INSERT INTO [TABLE] (ID_Table, NumberOfSeats, StatusTable, ID_Branch) VALUES (262, 4, 0, 10);
INSERT INTO [TABLE] (ID_Table, NumberOfSeats, StatusTable, ID_Branch) VALUES (263, 2, 1, 10);
INSERT INTO [TABLE] (ID_Table, NumberOfSeats, StatusTable, ID_Branch) VALUES (264, 8, 1, 10);
INSERT INTO [TABLE] (ID_Table, NumberOfSeats, StatusTable, ID_Branch) VALUES (265, 2, 0, 10);
INSERT INTO [TABLE] (ID_Table, NumberOfSeats, StatusTable, ID_Branch) VALUES (266, 6, 1, 10);
INSERT INTO [TABLE] (ID_Table, NumberOfSeats, StatusTable, ID_Branch) VALUES (267, 8, 1, 11);
INSERT INTO [TABLE] (ID_Table, NumberOfSeats, StatusTable, ID_Branch) VALUES (268, 4, 0, 11);
INSERT INTO [TABLE] (ID_Table, NumberOfSeats, StatusTable, ID_Branch) VALUES (269, 4, 0, 11);
INSERT INTO [TABLE] (ID_Table, NumberOfSeats, StatusTable, ID_Branch) VALUES (270, 6, 0, 11);
INSERT INTO [TABLE] (ID_Table, NumberOfSeats, StatusTable, ID_Branch) VALUES (271, 4, 0, 11);
INSERT INTO [TABLE] (ID_Table, NumberOfSeats, StatusTable, ID_Branch) VALUES (272, 4, 1, 11);
INSERT INTO [TABLE] (ID_Table, NumberOfSeats, StatusTable, ID_Branch) VALUES (273, 8, 1, 11);
INSERT INTO [TABLE] (ID_Table, NumberOfSeats, StatusTable, ID_Branch) VALUES (274, 6, 1, 11);
INSERT INTO [TABLE] (ID_Table, NumberOfSeats, StatusTable, ID_Branch) VALUES (275, 8, 1, 11);
INSERT INTO [TABLE] (ID_Table, NumberOfSeats, StatusTable, ID_Branch) VALUES (276, 2, 1, 11);
INSERT INTO [TABLE] (ID_Table, NumberOfSeats, StatusTable, ID_Branch) VALUES (277, 8, 1, 11);
INSERT INTO [TABLE] (ID_Table, NumberOfSeats, StatusTable, ID_Branch) VALUES (278, 6, 0, 11);
INSERT INTO [TABLE] (ID_Table, NumberOfSeats, StatusTable, ID_Branch) VALUES (279, 4, 0, 11);
INSERT INTO [TABLE] (ID_Table, NumberOfSeats, StatusTable, ID_Branch) VALUES (280, 6, 0, 11);
INSERT INTO [TABLE] (ID_Table, NumberOfSeats, StatusTable, ID_Branch) VALUES (281, 6, 1, 11);
INSERT INTO [TABLE] (ID_Table, NumberOfSeats, StatusTable, ID_Branch) VALUES (282, 8, 0, 11);
INSERT INTO [TABLE] (ID_Table, NumberOfSeats, StatusTable, ID_Branch) VALUES (283, 6, 0, 11);
INSERT INTO [TABLE] (ID_Table, NumberOfSeats, StatusTable, ID_Branch) VALUES (284, 2, 1, 11);
INSERT INTO [TABLE] (ID_Table, NumberOfSeats, StatusTable, ID_Branch) VALUES (285, 2, 0, 11);
INSERT INTO [TABLE] (ID_Table, NumberOfSeats, StatusTable, ID_Branch) VALUES (286, 6, 1, 11);
INSERT INTO [TABLE] (ID_Table, NumberOfSeats, StatusTable, ID_Branch) VALUES (287, 8, 0, 11);
INSERT INTO [TABLE] (ID_Table, NumberOfSeats, StatusTable, ID_Branch) VALUES (288, 6, 0, 11);
INSERT INTO [TABLE] (ID_Table, NumberOfSeats, StatusTable, ID_Branch) VALUES (289, 6, 0, 11);
INSERT INTO [TABLE] (ID_Table, NumberOfSeats, StatusTable, ID_Branch) VALUES (290, 8, 1, 11);
INSERT INTO [TABLE] (ID_Table, NumberOfSeats, StatusTable, ID_Branch) VALUES (291, 4, 1, 11);
INSERT INTO [TABLE] (ID_Table, NumberOfSeats, StatusTable, ID_Branch) VALUES (292, 4, 1, 11);
INSERT INTO [TABLE] (ID_Table, NumberOfSeats, StatusTable, ID_Branch) VALUES (293, 4, 0, 11);
INSERT INTO [TABLE] (ID_Table, NumberOfSeats, StatusTable, ID_Branch) VALUES (294, 6, 0, 11);
INSERT INTO [TABLE] (ID_Table, NumberOfSeats, StatusTable, ID_Branch) VALUES (295, 2, 0, 11);
INSERT INTO [TABLE] (ID_Table, NumberOfSeats, StatusTable, ID_Branch) VALUES (296, 6, 0, 11);
INSERT INTO [TABLE] (ID_Table, NumberOfSeats, StatusTable, ID_Branch) VALUES (297, 4, 1, 12);
INSERT INTO [TABLE] (ID_Table, NumberOfSeats, StatusTable, ID_Branch) VALUES (298, 4, 1, 12);
INSERT INTO [TABLE] (ID_Table, NumberOfSeats, StatusTable, ID_Branch) VALUES (299, 6, 1, 12);
INSERT INTO [TABLE] (ID_Table, NumberOfSeats, StatusTable, ID_Branch) VALUES (300, 8, 1, 12);
INSERT INTO [TABLE] (ID_Table, NumberOfSeats, StatusTable, ID_Branch) VALUES (301, 8, 1, 12);
INSERT INTO [TABLE] (ID_Table, NumberOfSeats, StatusTable, ID_Branch) VALUES (302, 6, 0, 12);
INSERT INTO [TABLE] (ID_Table, NumberOfSeats, StatusTable, ID_Branch) VALUES (303, 2, 1, 12);
INSERT INTO [TABLE] (ID_Table, NumberOfSeats, StatusTable, ID_Branch) VALUES (304, 4, 0, 12);
INSERT INTO [TABLE] (ID_Table, NumberOfSeats, StatusTable, ID_Branch) VALUES (305, 2, 1, 12);
INSERT INTO [TABLE] (ID_Table, NumberOfSeats, StatusTable, ID_Branch) VALUES (306, 8, 1, 12);
INSERT INTO [TABLE] (ID_Table, NumberOfSeats, StatusTable, ID_Branch) VALUES (307, 6, 0, 12);
INSERT INTO [TABLE] (ID_Table, NumberOfSeats, StatusTable, ID_Branch) VALUES (308, 6, 0, 12);
INSERT INTO [TABLE] (ID_Table, NumberOfSeats, StatusTable, ID_Branch) VALUES (309, 8, 0, 12);
INSERT INTO [TABLE] (ID_Table, NumberOfSeats, StatusTable, ID_Branch) VALUES (310, 8, 1, 12);
INSERT INTO [TABLE] (ID_Table, NumberOfSeats, StatusTable, ID_Branch) VALUES (311, 6, 1, 12);
INSERT INTO [TABLE] (ID_Table, NumberOfSeats, StatusTable, ID_Branch) VALUES (312, 8, 1, 12);
INSERT INTO [TABLE] (ID_Table, NumberOfSeats, StatusTable, ID_Branch) VALUES (313, 8, 1, 12);
INSERT INTO [TABLE] (ID_Table, NumberOfSeats, StatusTable, ID_Branch) VALUES (314, 6, 1, 12);
INSERT INTO [TABLE] (ID_Table, NumberOfSeats, StatusTable, ID_Branch) VALUES (315, 8, 1, 12);
INSERT INTO [TABLE] (ID_Table, NumberOfSeats, StatusTable, ID_Branch) VALUES (316, 2, 1, 12);
INSERT INTO [TABLE] (ID_Table, NumberOfSeats, StatusTable, ID_Branch) VALUES (317, 2, 1, 12);
INSERT INTO [TABLE] (ID_Table, NumberOfSeats, StatusTable, ID_Branch) VALUES (318, 8, 0, 12);
INSERT INTO [TABLE] (ID_Table, NumberOfSeats, StatusTable, ID_Branch) VALUES (319, 8, 1, 12);
INSERT INTO [TABLE] (ID_Table, NumberOfSeats, StatusTable, ID_Branch) VALUES (320, 8, 0, 12);
INSERT INTO [TABLE] (ID_Table, NumberOfSeats, StatusTable, ID_Branch) VALUES (321, 8, 1, 12);
INSERT INTO [TABLE] (ID_Table, NumberOfSeats, StatusTable, ID_Branch) VALUES (322, 4, 1, 12);
INSERT INTO [TABLE] (ID_Table, NumberOfSeats, StatusTable, ID_Branch) VALUES (323, 6, 1, 12);
INSERT INTO [TABLE] (ID_Table, NumberOfSeats, StatusTable, ID_Branch) VALUES (324, 8, 1, 12);
INSERT INTO [TABLE] (ID_Table, NumberOfSeats, StatusTable, ID_Branch) VALUES (325, 8, 0, 13);
INSERT INTO [TABLE] (ID_Table, NumberOfSeats, StatusTable, ID_Branch) VALUES (326, 6, 0, 13);
INSERT INTO [TABLE] (ID_Table, NumberOfSeats, StatusTable, ID_Branch) VALUES (327, 4, 1, 13);
INSERT INTO [TABLE] (ID_Table, NumberOfSeats, StatusTable, ID_Branch) VALUES (328, 4, 1, 13);
INSERT INTO [TABLE] (ID_Table, NumberOfSeats, StatusTable, ID_Branch) VALUES (329, 8, 1, 13);
INSERT INTO [TABLE] (ID_Table, NumberOfSeats, StatusTable, ID_Branch) VALUES (330, 6, 1, 13);
INSERT INTO [TABLE] (ID_Table, NumberOfSeats, StatusTable, ID_Branch) VALUES (331, 4, 1, 13);
INSERT INTO [TABLE] (ID_Table, NumberOfSeats, StatusTable, ID_Branch) VALUES (332, 8, 0, 13);
INSERT INTO [TABLE] (ID_Table, NumberOfSeats, StatusTable, ID_Branch) VALUES (333, 4, 0, 13);
INSERT INTO [TABLE] (ID_Table, NumberOfSeats, StatusTable, ID_Branch) VALUES (334, 4, 1, 13);
INSERT INTO [TABLE] (ID_Table, NumberOfSeats, StatusTable, ID_Branch) VALUES (335, 4, 0, 13);
INSERT INTO [TABLE] (ID_Table, NumberOfSeats, StatusTable, ID_Branch) VALUES (336, 4, 1, 13);
INSERT INTO [TABLE] (ID_Table, NumberOfSeats, StatusTable, ID_Branch) VALUES (337, 8, 0, 13);
INSERT INTO [TABLE] (ID_Table, NumberOfSeats, StatusTable, ID_Branch) VALUES (338, 2, 1, 13);
INSERT INTO [TABLE] (ID_Table, NumberOfSeats, StatusTable, ID_Branch) VALUES (339, 2, 0, 13);
INSERT INTO [TABLE] (ID_Table, NumberOfSeats, StatusTable, ID_Branch) VALUES (340, 2, 0, 13);
INSERT INTO [TABLE] (ID_Table, NumberOfSeats, StatusTable, ID_Branch) VALUES (341, 4, 1, 13);
INSERT INTO [TABLE] (ID_Table, NumberOfSeats, StatusTable, ID_Branch) VALUES (342, 4, 0, 13);
INSERT INTO [TABLE] (ID_Table, NumberOfSeats, StatusTable, ID_Branch) VALUES (343, 4, 0, 13);
INSERT INTO [TABLE] (ID_Table, NumberOfSeats, StatusTable, ID_Branch) VALUES (344, 2, 1, 13);
INSERT INTO [TABLE] (ID_Table, NumberOfSeats, StatusTable, ID_Branch) VALUES (345, 6, 1, 13);
INSERT INTO [TABLE] (ID_Table, NumberOfSeats, StatusTable, ID_Branch) VALUES (346, 6, 0, 14);
INSERT INTO [TABLE] (ID_Table, NumberOfSeats, StatusTable, ID_Branch) VALUES (347, 8, 0, 14);
INSERT INTO [TABLE] (ID_Table, NumberOfSeats, StatusTable, ID_Branch) VALUES (348, 8, 0, 14);
INSERT INTO [TABLE] (ID_Table, NumberOfSeats, StatusTable, ID_Branch) VALUES (349, 6, 0, 14);
INSERT INTO [TABLE] (ID_Table, NumberOfSeats, StatusTable, ID_Branch) VALUES (350, 6, 1, 14);
INSERT INTO [TABLE] (ID_Table, NumberOfSeats, StatusTable, ID_Branch) VALUES (351, 4, 0, 14);
INSERT INTO [TABLE] (ID_Table, NumberOfSeats, StatusTable, ID_Branch) VALUES (352, 6, 0, 14);
INSERT INTO [TABLE] (ID_Table, NumberOfSeats, StatusTable, ID_Branch) VALUES (353, 6, 0, 14);
INSERT INTO [TABLE] (ID_Table, NumberOfSeats, StatusTable, ID_Branch) VALUES (354, 2, 1, 14);
INSERT INTO [TABLE] (ID_Table, NumberOfSeats, StatusTable, ID_Branch) VALUES (355, 4, 1, 14);
INSERT INTO [TABLE] (ID_Table, NumberOfSeats, StatusTable, ID_Branch) VALUES (356, 4, 1, 14);
INSERT INTO [TABLE] (ID_Table, NumberOfSeats, StatusTable, ID_Branch) VALUES (357, 8, 1, 14);
INSERT INTO [TABLE] (ID_Table, NumberOfSeats, StatusTable, ID_Branch) VALUES (358, 6, 0, 14);
INSERT INTO [TABLE] (ID_Table, NumberOfSeats, StatusTable, ID_Branch) VALUES (359, 6, 1, 14);
INSERT INTO [TABLE] (ID_Table, NumberOfSeats, StatusTable, ID_Branch) VALUES (360, 4, 0, 14);
INSERT INTO [TABLE] (ID_Table, NumberOfSeats, StatusTable, ID_Branch) VALUES (361, 2, 1, 14);
INSERT INTO [TABLE] (ID_Table, NumberOfSeats, StatusTable, ID_Branch) VALUES (362, 6, 0, 14);
INSERT INTO [TABLE] (ID_Table, NumberOfSeats, StatusTable, ID_Branch) VALUES (363, 6, 1, 14);
INSERT INTO [TABLE] (ID_Table, NumberOfSeats, StatusTable, ID_Branch) VALUES (364, 6, 1, 14);
INSERT INTO [TABLE] (ID_Table, NumberOfSeats, StatusTable, ID_Branch) VALUES (365, 2, 0, 14);
INSERT INTO [TABLE] (ID_Table, NumberOfSeats, StatusTable, ID_Branch) VALUES (366, 6, 1, 14);
INSERT INTO [TABLE] (ID_Table, NumberOfSeats, StatusTable, ID_Branch) VALUES (367, 8, 0, 14);
INSERT INTO [TABLE] (ID_Table, NumberOfSeats, StatusTable, ID_Branch) VALUES (368, 4, 1, 14);
INSERT INTO [TABLE] (ID_Table, NumberOfSeats, StatusTable, ID_Branch) VALUES (369, 8, 1, 14);
INSERT INTO [TABLE] (ID_Table, NumberOfSeats, StatusTable, ID_Branch) VALUES (370, 4, 0, 14);
INSERT INTO [TABLE] (ID_Table, NumberOfSeats, StatusTable, ID_Branch) VALUES (371, 4, 1, 14);
INSERT INTO [TABLE] (ID_Table, NumberOfSeats, StatusTable, ID_Branch) VALUES (372, 4, 1, 14);
INSERT INTO [TABLE] (ID_Table, NumberOfSeats, StatusTable, ID_Branch) VALUES (373, 2, 0, 14);
INSERT INTO [TABLE] (ID_Table, NumberOfSeats, StatusTable, ID_Branch) VALUES (374, 6, 1, 15);
INSERT INTO [TABLE] (ID_Table, NumberOfSeats, StatusTable, ID_Branch) VALUES (375, 2, 0, 15);
INSERT INTO [TABLE] (ID_Table, NumberOfSeats, StatusTable, ID_Branch) VALUES (376, 4, 1, 15);
INSERT INTO [TABLE] (ID_Table, NumberOfSeats, StatusTable, ID_Branch) VALUES (377, 8, 0, 15);
INSERT INTO [TABLE] (ID_Table, NumberOfSeats, StatusTable, ID_Branch) VALUES (378, 2, 0, 15);
INSERT INTO [TABLE] (ID_Table, NumberOfSeats, StatusTable, ID_Branch) VALUES (379, 8, 0, 15);
INSERT INTO [TABLE] (ID_Table, NumberOfSeats, StatusTable, ID_Branch) VALUES (380, 8, 0, 15);
INSERT INTO [TABLE] (ID_Table, NumberOfSeats, StatusTable, ID_Branch) VALUES (381, 6, 1, 15);
INSERT INTO [TABLE] (ID_Table, NumberOfSeats, StatusTable, ID_Branch) VALUES (382, 8, 0, 15);
INSERT INTO [TABLE] (ID_Table, NumberOfSeats, StatusTable, ID_Branch) VALUES (383, 4, 0, 15);
INSERT INTO [TABLE] (ID_Table, NumberOfSeats, StatusTable, ID_Branch) VALUES (384, 6, 0, 15);
INSERT INTO [TABLE] (ID_Table, NumberOfSeats, StatusTable, ID_Branch) VALUES (385, 4, 1, 15);
INSERT INTO [TABLE] (ID_Table, NumberOfSeats, StatusTable, ID_Branch) VALUES (386, 6, 0, 15);
INSERT INTO [TABLE] (ID_Table, NumberOfSeats, StatusTable, ID_Branch) VALUES (387, 4, 0, 15);
INSERT INTO [TABLE] (ID_Table, NumberOfSeats, StatusTable, ID_Branch) VALUES (388, 6, 0, 15);
INSERT INTO [TABLE] (ID_Table, NumberOfSeats, StatusTable, ID_Branch) VALUES (389, 2, 1, 15);
INSERT INTO [TABLE] (ID_Table, NumberOfSeats, StatusTable, ID_Branch) VALUES (390, 2, 0, 15);
INSERT INTO [TABLE] (ID_Table, NumberOfSeats, StatusTable, ID_Branch) VALUES (391, 2, 0, 15);
INSERT INTO [TABLE] (ID_Table, NumberOfSeats, StatusTable, ID_Branch) VALUES (392, 8, 0, 15);
INSERT INTO [TABLE] (ID_Table, NumberOfSeats, StatusTable, ID_Branch) VALUES (393, 8, 1, 15);
INSERT INTO [TABLE] (ID_Table, NumberOfSeats, StatusTable, ID_Branch) VALUES (394, 2, 0, 15);
INSERT INTO [TABLE] (ID_Table, NumberOfSeats, StatusTable, ID_Branch) VALUES (395, 2, 0, 15);
INSERT INTO [TABLE] (ID_Table, NumberOfSeats, StatusTable, ID_Branch) VALUES (396, 2, 0, 15);
INSERT INTO [TABLE] (ID_Table, NumberOfSeats, StatusTable, ID_Branch) VALUES (397, 8, 1, 15);
INSERT INTO [TABLE] (ID_Table, NumberOfSeats, StatusTable, ID_Branch) VALUES (398, 2, 0, 15);
INSERT INTO [TABLE] (ID_Table, NumberOfSeats, StatusTable, ID_Branch) VALUES (399, 4, 1, 15);
INSERT INTO [TABLE] (ID_Table, NumberOfSeats, StatusTable, ID_Branch) VALUES (400, 6, 1, 15);
INSERT INTO [TABLE] (ID_Table, NumberOfSeats, StatusTable, ID_Branch) VALUES (401, 2, 0, 15);
INSERT INTO [TABLE] (ID_Table, NumberOfSeats, StatusTable, ID_Branch) VALUES (402, 4, 0, 15);
INSERT INTO MEM_LEVEL (ID_Level, LevelName, DiscountPercentages) VALUES (1, 'Bronze', 5);
INSERT INTO MEM_LEVEL (ID_Level, LevelName, DiscountPercentages) VALUES (2, 'Silver', 17);
INSERT INTO MEM_LEVEL (ID_Level, LevelName, DiscountPercentages) VALUES (3, 'Gold', 14);
INSERT INTO MEMBERSHIP (ID_Card, [Status], DateCreated, Point, ID_Level) VALUES (1, 1, '2024-05-24', 0, 1);
INSERT INTO MEMBERSHIP (ID_Card, [Status], DateCreated, Point, ID_Level) VALUES (2, 1, '2024-06-30', 0, 1);
INSERT INTO MEMBERSHIP (ID_Card, [Status], DateCreated, Point, ID_Level) VALUES (3, 1, '2024-10-31', 0, 1);
INSERT INTO MEMBERSHIP (ID_Card, [Status], DateCreated, Point, ID_Level) VALUES (4, 1, '2024-07-15', 0, 1);
INSERT INTO MEMBERSHIP (ID_Card, [Status], DateCreated, Point, ID_Level) VALUES (5, 1, '2024-03-17', 0, 1);
INSERT INTO MEMBERSHIP (ID_Card, [Status], DateCreated, Point, ID_Level) VALUES (6, 1, '2024-08-15', 0, 1);
INSERT INTO MEMBERSHIP (ID_Card, [Status], DateCreated, Point, ID_Level) VALUES (7, 1, '2024-02-22', 0, 1);
INSERT INTO MEMBERSHIP (ID_Card, [Status], DateCreated, Point, ID_Level) VALUES (8, 1, '2024-06-15', 0, 1);
INSERT INTO MEMBERSHIP (ID_Card, [Status], DateCreated, Point, ID_Level) VALUES (9, 1, '2024-09-15', 0, 1);
INSERT INTO MEMBERSHIP (ID_Card, [Status], DateCreated, Point, ID_Level) VALUES (10, 1, '2024-11-19', 0, 1);
INSERT INTO MEMBERSHIP (ID_Card, [Status], DateCreated, Point, ID_Level) VALUES (11, 1, '2024-09-05', 0, 1);
INSERT INTO MEMBERSHIP (ID_Card, [Status], DateCreated, Point, ID_Level) VALUES (12, 1, '2024-11-29', 0, 1);
INSERT INTO MEMBERSHIP (ID_Card, [Status], DateCreated, Point, ID_Level) VALUES (13, 1, '2024-04-23', 0, 1);
INSERT INTO MEMBERSHIP (ID_Card, [Status], DateCreated, Point, ID_Level) VALUES (14, 1, '2024-07-15', 0, 1);
INSERT INTO MEMBERSHIP (ID_Card, [Status], DateCreated, Point, ID_Level) VALUES (15, 1, '2024-11-26', 0, 1);
INSERT INTO MEMBERSHIP (ID_Card, [Status], DateCreated, Point, ID_Level) VALUES (16, 1, '2024-05-27', 0, 1);
INSERT INTO MEMBERSHIP (ID_Card, [Status], DateCreated, Point, ID_Level) VALUES (17, 1, '2024-09-26', 0, 1);
INSERT INTO MEMBERSHIP (ID_Card, [Status], DateCreated, Point, ID_Level) VALUES (18, 1, '2024-06-14', 0, 1);
INSERT INTO MEMBERSHIP (ID_Card, [Status], DateCreated, Point, ID_Level) VALUES (19, 1, '2024-02-23', 0, 1);
INSERT INTO MEMBERSHIP (ID_Card, [Status], DateCreated, Point, ID_Level) VALUES (20, 1, '2024-09-28', 0, 1);
INSERT INTO MEMBERSHIP (ID_Card, [Status], DateCreated, Point, ID_Level) VALUES (21, 1, '2024-10-11', 0, 1);
INSERT INTO MEMBERSHIP (ID_Card, [Status], DateCreated, Point, ID_Level) VALUES (22, 1, '2024-09-11', 0, 1);
INSERT INTO MEMBERSHIP (ID_Card, [Status], DateCreated, Point, ID_Level) VALUES (23, 1, '2024-05-14', 0, 1);
INSERT INTO MEMBERSHIP (ID_Card, [Status], DateCreated, Point, ID_Level) VALUES (24, 1, '2024-02-19', 0, 1);
INSERT INTO MEMBERSHIP (ID_Card, [Status], DateCreated, Point, ID_Level) VALUES (25, 1, '2024-02-02', 0, 1);
INSERT INTO MEMBERSHIP (ID_Card, [Status], DateCreated, Point, ID_Level) VALUES (26, 1, '2024-04-07', 0, 1);
INSERT INTO MEMBERSHIP (ID_Card, [Status], DateCreated, Point, ID_Level) VALUES (27, 1, '2024-04-29', 0, 1);
INSERT INTO MEMBERSHIP (ID_Card, [Status], DateCreated, Point, ID_Level) VALUES (28, 1, '2024-05-10', 0, 1);
INSERT INTO MEMBERSHIP (ID_Card, [Status], DateCreated, Point, ID_Level) VALUES (29, 1, '2024-03-31', 0, 1);
INSERT INTO MEMBERSHIP (ID_Card, [Status], DateCreated, Point, ID_Level) VALUES (30, 1, '2024-01-21', 0, 1);
INSERT INTO MEMBERSHIP (ID_Card, [Status], DateCreated, Point, ID_Level) VALUES (31, 1, '2024-03-09', 0, 1);
INSERT INTO MEMBERSHIP (ID_Card, [Status], DateCreated, Point, ID_Level) VALUES (32, 1, '2024-09-13', 0, 1);
INSERT INTO MEMBERSHIP (ID_Card, [Status], DateCreated, Point, ID_Level) VALUES (33, 1, '2024-06-17', 0, 1);
INSERT INTO MEMBERSHIP (ID_Card, [Status], DateCreated, Point, ID_Level) VALUES (34, 1, '2024-10-28', 0, 1);
INSERT INTO MEMBERSHIP (ID_Card, [Status], DateCreated, Point, ID_Level) VALUES (35, 1, '2024-05-02', 0, 1);
INSERT INTO MEMBERSHIP (ID_Card, [Status], DateCreated, Point, ID_Level) VALUES (36, 1, '2024-11-21', 0, 1);
INSERT INTO MEMBERSHIP (ID_Card, [Status], DateCreated, Point, ID_Level) VALUES (37, 1, '2024-05-18', 0, 1);
INSERT INTO MEMBERSHIP (ID_Card, [Status], DateCreated, Point, ID_Level) VALUES (38, 1, '2024-01-11', 0, 1);
INSERT INTO MEMBERSHIP (ID_Card, [Status], DateCreated, Point, ID_Level) VALUES (39, 1, '2024-11-01', 0, 1);
INSERT INTO MEMBERSHIP (ID_Card, [Status], DateCreated, Point, ID_Level) VALUES (40, 1, '2024-11-14', 0, 1);
INSERT INTO MEMBERSHIP (ID_Card, [Status], DateCreated, Point, ID_Level) VALUES (41, 1, '2024-12-09', 0, 1);
INSERT INTO MEMBERSHIP (ID_Card, [Status], DateCreated, Point, ID_Level) VALUES (42, 1, '2024-09-14', 0, 1);
INSERT INTO MEMBERSHIP (ID_Card, [Status], DateCreated, Point, ID_Level) VALUES (43, 1, '2024-06-07', 0, 1);
INSERT INTO MEMBERSHIP (ID_Card, [Status], DateCreated, Point, ID_Level) VALUES (44, 1, '2024-06-16', 0, 1);
INSERT INTO MEMBERSHIP (ID_Card, [Status], DateCreated, Point, ID_Level) VALUES (45, 1, '2024-04-17', 0, 1);
INSERT INTO MEMBERSHIP (ID_Card, [Status], DateCreated, Point, ID_Level) VALUES (46, 1, '2024-03-30', 0, 1);
INSERT INTO MEMBERSHIP (ID_Card, [Status], DateCreated, Point, ID_Level) VALUES (47, 1, '2024-03-02', 0, 1);
INSERT INTO MEMBERSHIP (ID_Card, [Status], DateCreated, Point, ID_Level) VALUES (48, 1, '2024-02-05', 0, 1);
INSERT INTO MEMBERSHIP (ID_Card, [Status], DateCreated, Point, ID_Level) VALUES (49, 1, '2024-05-25', 0, 1);
INSERT INTO MEMBERSHIP (ID_Card, [Status], DateCreated, Point, ID_Level) VALUES (50, 1, '2024-03-10', 0, 1);
INSERT INTO MEMBERSHIP (ID_Card, [Status], DateCreated, Point, ID_Level) VALUES (51, 1, '2024-06-17', 0, 1);
INSERT INTO MEMBERSHIP (ID_Card, [Status], DateCreated, Point, ID_Level) VALUES (52, 1, '2024-08-14', 0, 1);
INSERT INTO MEMBERSHIP (ID_Card, [Status], DateCreated, Point, ID_Level) VALUES (53, 1, '2024-12-06', 0, 1);
INSERT INTO MEMBERSHIP (ID_Card, [Status], DateCreated, Point, ID_Level) VALUES (54, 1, '2024-01-27', 0, 1);
INSERT INTO MEMBERSHIP (ID_Card, [Status], DateCreated, Point, ID_Level) VALUES (55, 1, '2024-07-17', 0, 1);
INSERT INTO MEMBERSHIP (ID_Card, [Status], DateCreated, Point, ID_Level) VALUES (56, 1, '2024-10-07', 0, 1);
INSERT INTO MEMBERSHIP (ID_Card, [Status], DateCreated, Point, ID_Level) VALUES (57, 1, '2024-06-30', 0, 1);
INSERT INTO MEMBERSHIP (ID_Card, [Status], DateCreated, Point, ID_Level) VALUES (58, 1, '2024-11-06', 0, 1);
INSERT INTO MEMBERSHIP (ID_Card, [Status], DateCreated, Point, ID_Level) VALUES (59, 1, '2024-11-15', 0, 1);
INSERT INTO MEMBERSHIP (ID_Card, [Status], DateCreated, Point, ID_Level) VALUES (60, 1, '2024-07-27', 0, 1);
INSERT INTO MEMBERSHIP (ID_Card, [Status], DateCreated, Point, ID_Level) VALUES (61, 1, '2024-06-09', 0, 1);
INSERT INTO MEMBERSHIP (ID_Card, [Status], DateCreated, Point, ID_Level) VALUES (62, 1, '2024-02-11', 0, 1);
INSERT INTO MEMBERSHIP (ID_Card, [Status], DateCreated, Point, ID_Level) VALUES (63, 1, '2024-04-26', 0, 1);
INSERT INTO MEMBERSHIP (ID_Card, [Status], DateCreated, Point, ID_Level) VALUES (64, 1, '2024-03-14', 0, 1);
INSERT INTO MEMBERSHIP (ID_Card, [Status], DateCreated, Point, ID_Level) VALUES (65, 1, '2024-03-27', 0, 1);
INSERT INTO MEMBERSHIP (ID_Card, [Status], DateCreated, Point, ID_Level) VALUES (66, 1, '2024-07-16', 0, 1);
INSERT INTO MEMBERSHIP (ID_Card, [Status], DateCreated, Point, ID_Level) VALUES (67, 1, '2024-07-17', 0, 1);
INSERT INTO MEMBERSHIP (ID_Card, [Status], DateCreated, Point, ID_Level) VALUES (68, 1, '2024-05-08', 0, 1);
INSERT INTO MEMBERSHIP (ID_Card, [Status], DateCreated, Point, ID_Level) VALUES (69, 1, '2024-10-20', 0, 1);
INSERT INTO MEMBERSHIP (ID_Card, [Status], DateCreated, Point, ID_Level) VALUES (70, 1, '2024-09-08', 0, 1);
INSERT INTO MEMBERSHIP (ID_Card, [Status], DateCreated, Point, ID_Level) VALUES (71, 1, '2024-10-28', 0, 1);
INSERT INTO MEMBERSHIP (ID_Card, [Status], DateCreated, Point, ID_Level) VALUES (72, 1, '2024-07-31', 0, 1);
INSERT INTO MEMBERSHIP (ID_Card, [Status], DateCreated, Point, ID_Level) VALUES (73, 1, '2024-05-21', 0, 1);
INSERT INTO MEMBERSHIP (ID_Card, [Status], DateCreated, Point, ID_Level) VALUES (74, 1, '2024-04-13', 0, 1);
INSERT INTO MEMBERSHIP (ID_Card, [Status], DateCreated, Point, ID_Level) VALUES (75, 1, '2024-03-21', 0, 1);
INSERT INTO MEMBERSHIP (ID_Card, [Status], DateCreated, Point, ID_Level) VALUES (76, 1, '2024-03-06', 0, 1);
INSERT INTO MEMBERSHIP (ID_Card, [Status], DateCreated, Point, ID_Level) VALUES (77, 1, '2024-05-10', 0, 1);
INSERT INTO MEMBERSHIP (ID_Card, [Status], DateCreated, Point, ID_Level) VALUES (78, 1, '2024-11-17', 0, 1);
INSERT INTO MEMBERSHIP (ID_Card, [Status], DateCreated, Point, ID_Level) VALUES (79, 1, '2024-03-13', 0, 1);
INSERT INTO MEMBERSHIP (ID_Card, [Status], DateCreated, Point, ID_Level) VALUES (80, 1, '2024-03-17', 0, 1);
INSERT INTO MEMBERSHIP (ID_Card, [Status], DateCreated, Point, ID_Level) VALUES (81, 1, '2024-06-05', 0, 1);
INSERT INTO MEMBERSHIP (ID_Card, [Status], DateCreated, Point, ID_Level) VALUES (82, 1, '2024-04-06', 0, 1);
INSERT INTO MEMBERSHIP (ID_Card, [Status], DateCreated, Point, ID_Level) VALUES (83, 1, '2024-01-06', 0, 1);
INSERT INTO MEMBERSHIP (ID_Card, [Status], DateCreated, Point, ID_Level) VALUES (84, 1, '2024-09-29', 0, 1);
INSERT INTO MEMBERSHIP (ID_Card, [Status], DateCreated, Point, ID_Level) VALUES (85, 1, '2024-07-30', 0, 1);
INSERT INTO MEMBERSHIP (ID_Card, [Status], DateCreated, Point, ID_Level) VALUES (86, 1, '2024-12-13', 0, 1);
INSERT INTO MEMBERSHIP (ID_Card, [Status], DateCreated, Point, ID_Level) VALUES (87, 1, '2024-07-20', 0, 1);
INSERT INTO MEMBERSHIP (ID_Card, [Status], DateCreated, Point, ID_Level) VALUES (88, 1, '2024-02-01', 0, 1);
INSERT INTO MEMBERSHIP (ID_Card, [Status], DateCreated, Point, ID_Level) VALUES (89, 1, '2024-07-28', 0, 1);
INSERT INTO MEMBERSHIP (ID_Card, [Status], DateCreated, Point, ID_Level) VALUES (90, 1, '2024-06-08', 0, 1);
INSERT INTO MEMBERSHIP (ID_Card, [Status], DateCreated, Point, ID_Level) VALUES (91, 1, '2024-03-09', 0, 1);
INSERT INTO MEMBERSHIP (ID_Card, [Status], DateCreated, Point, ID_Level) VALUES (92, 1, '2024-07-12', 0, 1);
INSERT INTO MEMBERSHIP (ID_Card, [Status], DateCreated, Point, ID_Level) VALUES (93, 1, '2024-07-14', 0, 1);
INSERT INTO MEMBERSHIP (ID_Card, [Status], DateCreated, Point, ID_Level) VALUES (94, 1, '2024-03-13', 0, 1);
INSERT INTO MEMBERSHIP (ID_Card, [Status], DateCreated, Point, ID_Level) VALUES (95, 1, '2024-02-17', 0, 1);
INSERT INTO MEMBERSHIP (ID_Card, [Status], DateCreated, Point, ID_Level) VALUES (96, 1, '2024-03-05', 0, 1);
INSERT INTO MEMBERSHIP (ID_Card, [Status], DateCreated, Point, ID_Level) VALUES (97, 1, '2024-10-15', 0, 1);
INSERT INTO MEMBERSHIP (ID_Card, [Status], DateCreated, Point, ID_Level) VALUES (98, 1, '2024-06-16', 0, 1);
INSERT INTO MEMBERSHIP (ID_Card, [Status], DateCreated, Point, ID_Level) VALUES (99, 1, '2024-12-14', 0, 1);
INSERT INTO MEMBERSHIP (ID_Card, [Status], DateCreated, Point, ID_Level) VALUES (100, 1, '2024-07-01', 0, 1);
INSERT INTO MEMBERSHIP (ID_Card, [Status], DateCreated, Point, ID_Level) VALUES (101, 1, '2024-07-02', 0, 1);
INSERT INTO MEMBERSHIP (ID_Card, [Status], DateCreated, Point, ID_Level) VALUES (102, 1, '2024-07-29', 0, 1);
INSERT INTO MEMBERSHIP (ID_Card, [Status], DateCreated, Point, ID_Level) VALUES (103, 1, '2024-02-09', 0, 1);
INSERT INTO MEMBERSHIP (ID_Card, [Status], DateCreated, Point, ID_Level) VALUES (104, 1, '2024-08-16', 0, 1);
INSERT INTO MEMBERSHIP (ID_Card, [Status], DateCreated, Point, ID_Level) VALUES (105, 1, '2024-12-17', 0, 1);
INSERT INTO MEMBERSHIP (ID_Card, [Status], DateCreated, Point, ID_Level) VALUES (106, 1, '2024-10-31', 0, 1);
INSERT INTO MEMBERSHIP (ID_Card, [Status], DateCreated, Point, ID_Level) VALUES (107, 1, '2024-05-10', 0, 1);
INSERT INTO MEMBERSHIP (ID_Card, [Status], DateCreated, Point, ID_Level) VALUES (108, 1, '2024-03-16', 0, 1);
INSERT INTO MEMBERSHIP (ID_Card, [Status], DateCreated, Point, ID_Level) VALUES (109, 1, '2024-03-07', 0, 1);
INSERT INTO MEMBERSHIP (ID_Card, [Status], DateCreated, Point, ID_Level) VALUES (110, 1, '2024-03-04', 0, 1);
INSERT INTO MEMBERSHIP (ID_Card, [Status], DateCreated, Point, ID_Level) VALUES (111, 1, '2024-05-05', 0, 1);
INSERT INTO MEMBERSHIP (ID_Card, [Status], DateCreated, Point, ID_Level) VALUES (112, 1, '2024-08-19', 0, 1);
INSERT INTO MEMBERSHIP (ID_Card, [Status], DateCreated, Point, ID_Level) VALUES (113, 1, '2024-09-06', 0, 1);
INSERT INTO MEMBERSHIP (ID_Card, [Status], DateCreated, Point, ID_Level) VALUES (114, 1, '2024-08-07', 0, 1);
INSERT INTO MEMBERSHIP (ID_Card, [Status], DateCreated, Point, ID_Level) VALUES (115, 1, '2024-01-04', 0, 1);
INSERT INTO MEMBERSHIP (ID_Card, [Status], DateCreated, Point, ID_Level) VALUES (116, 1, '2024-11-11', 0, 1);
INSERT INTO MEMBERSHIP (ID_Card, [Status], DateCreated, Point, ID_Level) VALUES (117, 1, '2024-06-03', 0, 1);
INSERT INTO MEMBERSHIP (ID_Card, [Status], DateCreated, Point, ID_Level) VALUES (118, 1, '2024-01-10', 0, 1);
INSERT INTO MEMBERSHIP (ID_Card, [Status], DateCreated, Point, ID_Level) VALUES (119, 1, '2024-07-10', 0, 1);
INSERT INTO MEMBERSHIP (ID_Card, [Status], DateCreated, Point, ID_Level) VALUES (120, 1, '2024-09-14', 0, 1);
INSERT INTO MEMBERSHIP (ID_Card, [Status], DateCreated, Point, ID_Level) VALUES (121, 1, '2024-08-08', 0, 1);
INSERT INTO MEMBERSHIP (ID_Card, [Status], DateCreated, Point, ID_Level) VALUES (122, 1, '2024-05-14', 0, 1);
INSERT INTO MEMBERSHIP (ID_Card, [Status], DateCreated, Point, ID_Level) VALUES (123, 1, '2024-05-26', 0, 1);
INSERT INTO MEMBERSHIP (ID_Card, [Status], DateCreated, Point, ID_Level) VALUES (124, 1, '2024-03-13', 0, 1);
INSERT INTO MEMBERSHIP (ID_Card, [Status], DateCreated, Point, ID_Level) VALUES (125, 1, '2024-10-23', 0, 1);
INSERT INTO MEMBERSHIP (ID_Card, [Status], DateCreated, Point, ID_Level) VALUES (126, 1, '2024-07-17', 0, 1);
INSERT INTO MEMBERSHIP (ID_Card, [Status], DateCreated, Point, ID_Level) VALUES (127, 1, '2024-04-25', 0, 1);
INSERT INTO MEMBERSHIP (ID_Card, [Status], DateCreated, Point, ID_Level) VALUES (128, 1, '2024-11-15', 0, 1);
INSERT INTO MEMBERSHIP (ID_Card, [Status], DateCreated, Point, ID_Level) VALUES (129, 1, '2024-07-07', 0, 1);
INSERT INTO MEMBERSHIP (ID_Card, [Status], DateCreated, Point, ID_Level) VALUES (130, 1, '2024-04-20', 0, 1);
INSERT INTO MEMBERSHIP (ID_Card, [Status], DateCreated, Point, ID_Level) VALUES (131, 1, '2024-07-12', 0, 1);
INSERT INTO MEMBERSHIP (ID_Card, [Status], DateCreated, Point, ID_Level) VALUES (132, 1, '2024-05-16', 0, 1);
INSERT INTO MEMBERSHIP (ID_Card, [Status], DateCreated, Point, ID_Level) VALUES (133, 1, '2024-02-12', 0, 1);
INSERT INTO MEMBERSHIP (ID_Card, [Status], DateCreated, Point, ID_Level) VALUES (134, 1, '2024-04-05', 0, 1);
INSERT INTO MEMBERSHIP (ID_Card, [Status], DateCreated, Point, ID_Level) VALUES (135, 1, '2024-11-27', 0, 1);
INSERT INTO MEMBERSHIP (ID_Card, [Status], DateCreated, Point, ID_Level) VALUES (136, 1, '2024-07-04', 0, 1);
INSERT INTO MEMBERSHIP (ID_Card, [Status], DateCreated, Point, ID_Level) VALUES (137, 1, '2024-11-13', 0, 1);
INSERT INTO MEMBERSHIP (ID_Card, [Status], DateCreated, Point, ID_Level) VALUES (138, 1, '2024-08-19', 0, 1);
INSERT INTO MEMBERSHIP (ID_Card, [Status], DateCreated, Point, ID_Level) VALUES (139, 1, '2024-07-27', 0, 1);
INSERT INTO MEMBERSHIP (ID_Card, [Status], DateCreated, Point, ID_Level) VALUES (140, 1, '2024-04-03', 0, 1);
INSERT INTO MEMBERSHIP (ID_Card, [Status], DateCreated, Point, ID_Level) VALUES (141, 1, '2024-04-17', 0, 1);
INSERT INTO MEMBERSHIP (ID_Card, [Status], DateCreated, Point, ID_Level) VALUES (142, 1, '2024-06-22', 0, 1);
INSERT INTO MEMBERSHIP (ID_Card, [Status], DateCreated, Point, ID_Level) VALUES (143, 1, '2024-06-08', 0, 1);
INSERT INTO MEMBERSHIP (ID_Card, [Status], DateCreated, Point, ID_Level) VALUES (144, 1, '2024-12-16', 0, 1);
INSERT INTO MEMBERSHIP (ID_Card, [Status], DateCreated, Point, ID_Level) VALUES (145, 1, '2024-06-01', 0, 1);
INSERT INTO MEMBERSHIP (ID_Card, [Status], DateCreated, Point, ID_Level) VALUES (146, 1, '2024-10-14', 0, 1);
INSERT INTO MEMBERSHIP (ID_Card, [Status], DateCreated, Point, ID_Level) VALUES (147, 1, '2024-05-25', 0, 1);
INSERT INTO MEMBERSHIP (ID_Card, [Status], DateCreated, Point, ID_Level) VALUES (148, 1, '2024-09-07', 0, 1);
INSERT INTO MEMBERSHIP (ID_Card, [Status], DateCreated, Point, ID_Level) VALUES (149, 1, '2024-11-10', 0, 1);
INSERT INTO MEMBERSHIP (ID_Card, [Status], DateCreated, Point, ID_Level) VALUES (150, 1, '2024-10-27', 0, 1);
INSERT INTO MEMBERSHIP (ID_Card, [Status], DateCreated, Point, ID_Level) VALUES (151, 1, '2024-08-20', 0, 1);
INSERT INTO MEMBERSHIP (ID_Card, [Status], DateCreated, Point, ID_Level) VALUES (152, 1, '2024-04-06', 0, 1);
INSERT INTO MEMBERSHIP (ID_Card, [Status], DateCreated, Point, ID_Level) VALUES (153, 1, '2024-08-08', 0, 1);
INSERT INTO MEMBERSHIP (ID_Card, [Status], DateCreated, Point, ID_Level) VALUES (154, 1, '2024-11-08', 0, 1);
INSERT INTO MEMBERSHIP (ID_Card, [Status], DateCreated, Point, ID_Level) VALUES (155, 1, '2024-07-23', 0, 1);
INSERT INTO MEMBERSHIP (ID_Card, [Status], DateCreated, Point, ID_Level) VALUES (156, 1, '2024-02-06', 0, 1);
INSERT INTO MEMBERSHIP (ID_Card, [Status], DateCreated, Point, ID_Level) VALUES (157, 1, '2024-10-10', 0, 1);
INSERT INTO MEMBERSHIP (ID_Card, [Status], DateCreated, Point, ID_Level) VALUES (158, 1, '2024-10-26', 0, 1);
INSERT INTO MEMBERSHIP (ID_Card, [Status], DateCreated, Point, ID_Level) VALUES (159, 1, '2024-02-09', 0, 1);
INSERT INTO MEMBERSHIP (ID_Card, [Status], DateCreated, Point, ID_Level) VALUES (160, 1, '2024-10-27', 0, 1);
INSERT INTO MEMBERSHIP (ID_Card, [Status], DateCreated, Point, ID_Level) VALUES (161, 1, '2024-06-07', 0, 1);
INSERT INTO MEMBERSHIP (ID_Card, [Status], DateCreated, Point, ID_Level) VALUES (162, 1, '2024-06-25', 0, 1);
INSERT INTO MEMBERSHIP (ID_Card, [Status], DateCreated, Point, ID_Level) VALUES (163, 1, '2024-09-29', 0, 1);
INSERT INTO MEMBERSHIP (ID_Card, [Status], DateCreated, Point, ID_Level) VALUES (164, 1, '2024-08-30', 0, 1);
INSERT INTO MEMBERSHIP (ID_Card, [Status], DateCreated, Point, ID_Level) VALUES (165, 1, '2024-02-18', 0, 1);
INSERT INTO MEMBERSHIP (ID_Card, [Status], DateCreated, Point, ID_Level) VALUES (166, 1, '2024-05-17', 0, 1);
INSERT INTO MEMBERSHIP (ID_Card, [Status], DateCreated, Point, ID_Level) VALUES (167, 1, '2024-12-04', 0, 1);
INSERT INTO MEMBERSHIP (ID_Card, [Status], DateCreated, Point, ID_Level) VALUES (168, 1, '2024-04-15', 0, 1);
INSERT INTO MEMBERSHIP (ID_Card, [Status], DateCreated, Point, ID_Level) VALUES (169, 1, '2024-01-25', 0, 1);
INSERT INTO MEMBERSHIP (ID_Card, [Status], DateCreated, Point, ID_Level) VALUES (170, 1, '2024-08-09', 0, 1);
INSERT INTO MEMBERSHIP (ID_Card, [Status], DateCreated, Point, ID_Level) VALUES (171, 1, '2024-04-01', 0, 1);
INSERT INTO MEMBERSHIP (ID_Card, [Status], DateCreated, Point, ID_Level) VALUES (172, 1, '2024-05-01', 0, 1);
INSERT INTO MEMBERSHIP (ID_Card, [Status], DateCreated, Point, ID_Level) VALUES (173, 1, '2024-01-26', 0, 1);
INSERT INTO MEMBERSHIP (ID_Card, [Status], DateCreated, Point, ID_Level) VALUES (174, 1, '2024-03-29', 0, 1);
INSERT INTO MEMBERSHIP (ID_Card, [Status], DateCreated, Point, ID_Level) VALUES (175, 1, '2024-03-15', 0, 1);
INSERT INTO MEMBERSHIP (ID_Card, [Status], DateCreated, Point, ID_Level) VALUES (176, 1, '2024-06-13', 0, 1);
INSERT INTO MEMBERSHIP (ID_Card, [Status], DateCreated, Point, ID_Level) VALUES (177, 1, '2024-12-04', 0, 1);
INSERT INTO MEMBERSHIP (ID_Card, [Status], DateCreated, Point, ID_Level) VALUES (178, 1, '2024-06-14', 0, 1);
INSERT INTO MEMBERSHIP (ID_Card, [Status], DateCreated, Point, ID_Level) VALUES (179, 1, '2024-03-20', 0, 1);
INSERT INTO MEMBERSHIP (ID_Card, [Status], DateCreated, Point, ID_Level) VALUES (180, 1, '2024-07-22', 0, 1);
INSERT INTO MEMBERSHIP (ID_Card, [Status], DateCreated, Point, ID_Level) VALUES (181, 1, '2024-04-19', 0, 1);
INSERT INTO MEMBERSHIP (ID_Card, [Status], DateCreated, Point, ID_Level) VALUES (182, 1, '2024-03-10', 0, 1);
INSERT INTO MEMBERSHIP (ID_Card, [Status], DateCreated, Point, ID_Level) VALUES (183, 1, '2024-01-04', 0, 1);
INSERT INTO MEMBERSHIP (ID_Card, [Status], DateCreated, Point, ID_Level) VALUES (184, 1, '2024-09-10', 0, 1);
INSERT INTO MEMBERSHIP (ID_Card, [Status], DateCreated, Point, ID_Level) VALUES (185, 1, '2024-07-12', 0, 1);
INSERT INTO MEMBERSHIP (ID_Card, [Status], DateCreated, Point, ID_Level) VALUES (186, 1, '2024-04-26', 0, 1);
INSERT INTO MEMBERSHIP (ID_Card, [Status], DateCreated, Point, ID_Level) VALUES (187, 1, '2024-12-05', 0, 1);
INSERT INTO MEMBERSHIP (ID_Card, [Status], DateCreated, Point, ID_Level) VALUES (188, 1, '2024-12-12', 0, 1);
INSERT INTO MEMBERSHIP (ID_Card, [Status], DateCreated, Point, ID_Level) VALUES (189, 1, '2024-04-10', 0, 1);
INSERT INTO MEMBERSHIP (ID_Card, [Status], DateCreated, Point, ID_Level) VALUES (190, 1, '2024-07-26', 0, 1);
INSERT INTO MEMBERSHIP (ID_Card, [Status], DateCreated, Point, ID_Level) VALUES (191, 1, '2024-10-02', 0, 1);
INSERT INTO MEMBERSHIP (ID_Card, [Status], DateCreated, Point, ID_Level) VALUES (192, 1, '2024-10-11', 0, 1);
INSERT INTO MEMBERSHIP (ID_Card, [Status], DateCreated, Point, ID_Level) VALUES (193, 1, '2024-07-11', 0, 1);
INSERT INTO MEMBERSHIP (ID_Card, [Status], DateCreated, Point, ID_Level) VALUES (194, 1, '2024-09-07', 0, 1);
INSERT INTO MEMBERSHIP (ID_Card, [Status], DateCreated, Point, ID_Level) VALUES (195, 1, '2024-03-19', 0, 1);
INSERT INTO MEMBERSHIP (ID_Card, [Status], DateCreated, Point, ID_Level) VALUES (196, 1, '2024-04-23', 0, 1);
INSERT INTO MEMBERSHIP (ID_Card, [Status], DateCreated, Point, ID_Level) VALUES (197, 1, '2024-12-02', 0, 1);
INSERT INTO MEMBERSHIP (ID_Card, [Status], DateCreated, Point, ID_Level) VALUES (198, 1, '2024-05-20', 0, 1);
INSERT INTO MEMBERSHIP (ID_Card, [Status], DateCreated, Point, ID_Level) VALUES (199, 1, '2024-01-30', 0, 1);
INSERT INTO MEMBERSHIP (ID_Card, [Status], DateCreated, Point, ID_Level) VALUES (200, 1, '2024-04-04', 0, 1);
INSERT INTO MEMBERSHIP (ID_Card, [Status], DateCreated, Point, ID_Level) VALUES (201, 1, '2024-09-04', 0, 1);
INSERT INTO MEMBERSHIP (ID_Card, [Status], DateCreated, Point, ID_Level) VALUES (202, 1, '2024-09-01', 0, 1);
INSERT INTO MEMBERSHIP (ID_Card, [Status], DateCreated, Point, ID_Level) VALUES (203, 1, '2024-01-11', 0, 1);
INSERT INTO MEMBERSHIP (ID_Card, [Status], DateCreated, Point, ID_Level) VALUES (204, 1, '2024-07-27', 0, 1);
INSERT INTO MEMBERSHIP (ID_Card, [Status], DateCreated, Point, ID_Level) VALUES (205, 1, '2024-08-22', 0, 1);
INSERT INTO MEMBERSHIP (ID_Card, [Status], DateCreated, Point, ID_Level) VALUES (206, 1, '2024-11-21', 0, 1);
INSERT INTO MEMBERSHIP (ID_Card, [Status], DateCreated, Point, ID_Level) VALUES (207, 1, '2024-05-19', 0, 1);
INSERT INTO MEMBERSHIP (ID_Card, [Status], DateCreated, Point, ID_Level) VALUES (208, 1, '2024-04-10', 0, 1);
INSERT INTO MEMBERSHIP (ID_Card, [Status], DateCreated, Point, ID_Level) VALUES (209, 1, '2024-06-09', 0, 1);
INSERT INTO MEMBERSHIP (ID_Card, [Status], DateCreated, Point, ID_Level) VALUES (210, 1, '2024-09-25', 0, 1);
INSERT INTO MEMBERSHIP (ID_Card, [Status], DateCreated, Point, ID_Level) VALUES (211, 1, '2024-02-10', 0, 1);
INSERT INTO MEMBERSHIP (ID_Card, [Status], DateCreated, Point, ID_Level) VALUES (212, 1, '2024-11-25', 0, 1);
INSERT INTO MEMBERSHIP (ID_Card, [Status], DateCreated, Point, ID_Level) VALUES (213, 1, '2024-08-30', 0, 1);
INSERT INTO MEMBERSHIP (ID_Card, [Status], DateCreated, Point, ID_Level) VALUES (214, 1, '2024-11-27', 0, 1);
INSERT INTO MEMBERSHIP (ID_Card, [Status], DateCreated, Point, ID_Level) VALUES (215, 1, '2024-07-01', 0, 1);
INSERT INTO MEMBERSHIP (ID_Card, [Status], DateCreated, Point, ID_Level) VALUES (216, 1, '2024-06-03', 0, 1);
INSERT INTO MEMBERSHIP (ID_Card, [Status], DateCreated, Point, ID_Level) VALUES (217, 1, '2024-06-18', 0, 1);
INSERT INTO MEMBERSHIP (ID_Card, [Status], DateCreated, Point, ID_Level) VALUES (218, 1, '2024-02-20', 0, 1);
INSERT INTO MEMBERSHIP (ID_Card, [Status], DateCreated, Point, ID_Level) VALUES (219, 1, '2024-08-16', 0, 1);
INSERT INTO MEMBERSHIP (ID_Card, [Status], DateCreated, Point, ID_Level) VALUES (220, 1, '2024-09-23', 0, 1);
INSERT INTO MEMBERSHIP (ID_Card, [Status], DateCreated, Point, ID_Level) VALUES (221, 1, '2024-11-05', 0, 1);
INSERT INTO MEMBERSHIP (ID_Card, [Status], DateCreated, Point, ID_Level) VALUES (222, 1, '2024-08-17', 0, 1);
INSERT INTO MEMBERSHIP (ID_Card, [Status], DateCreated, Point, ID_Level) VALUES (223, 1, '2024-06-13', 0, 1);
INSERT INTO MEMBERSHIP (ID_Card, [Status], DateCreated, Point, ID_Level) VALUES (224, 1, '2024-08-02', 0, 1);
INSERT INTO MEMBERSHIP (ID_Card, [Status], DateCreated, Point, ID_Level) VALUES (225, 1, '2024-05-25', 0, 1);
INSERT INTO MEMBERSHIP (ID_Card, [Status], DateCreated, Point, ID_Level) VALUES (226, 1, '2024-03-28', 0, 1);
INSERT INTO MEMBERSHIP (ID_Card, [Status], DateCreated, Point, ID_Level) VALUES (227, 1, '2024-07-31', 0, 1);
INSERT INTO MEMBERSHIP (ID_Card, [Status], DateCreated, Point, ID_Level) VALUES (228, 1, '2024-05-08', 0, 1);
INSERT INTO MEMBERSHIP (ID_Card, [Status], DateCreated, Point, ID_Level) VALUES (229, 1, '2024-08-01', 0, 1);
INSERT INTO MEMBERSHIP (ID_Card, [Status], DateCreated, Point, ID_Level) VALUES (230, 1, '2024-09-05', 0, 1);
INSERT INTO MEMBERSHIP (ID_Card, [Status], DateCreated, Point, ID_Level) VALUES (231, 1, '2024-03-28', 0, 1);
INSERT INTO MEMBERSHIP (ID_Card, [Status], DateCreated, Point, ID_Level) VALUES (232, 1, '2024-04-23', 0, 1);
INSERT INTO MEMBERSHIP (ID_Card, [Status], DateCreated, Point, ID_Level) VALUES (233, 1, '2024-06-08', 0, 1);
INSERT INTO MEMBERSHIP (ID_Card, [Status], DateCreated, Point, ID_Level) VALUES (234, 1, '2024-06-27', 0, 1);
INSERT INTO MEMBERSHIP (ID_Card, [Status], DateCreated, Point, ID_Level) VALUES (235, 1, '2024-01-28', 0, 1);
INSERT INTO MEMBERSHIP (ID_Card, [Status], DateCreated, Point, ID_Level) VALUES (236, 1, '2024-02-23', 0, 1);
INSERT INTO MEMBERSHIP (ID_Card, [Status], DateCreated, Point, ID_Level) VALUES (237, 1, '2024-01-30', 0, 1);
INSERT INTO MEMBERSHIP (ID_Card, [Status], DateCreated, Point, ID_Level) VALUES (238, 1, '2024-05-26', 0, 1);
INSERT INTO MEMBERSHIP (ID_Card, [Status], DateCreated, Point, ID_Level) VALUES (239, 1, '2024-03-07', 0, 1);
INSERT INTO MEMBERSHIP (ID_Card, [Status], DateCreated, Point, ID_Level) VALUES (240, 1, '2024-03-15', 0, 1);
INSERT INTO MEMBERSHIP (ID_Card, [Status], DateCreated, Point, ID_Level) VALUES (241, 1, '2024-10-16', 0, 1);
INSERT INTO MEMBERSHIP (ID_Card, [Status], DateCreated, Point, ID_Level) VALUES (242, 1, '2024-06-22', 0, 1);
INSERT INTO MEMBERSHIP (ID_Card, [Status], DateCreated, Point, ID_Level) VALUES (243, 1, '2024-05-13', 0, 1);
INSERT INTO MEMBERSHIP (ID_Card, [Status], DateCreated, Point, ID_Level) VALUES (244, 1, '2024-04-26', 0, 1);
INSERT INTO MEMBERSHIP (ID_Card, [Status], DateCreated, Point, ID_Level) VALUES (245, 1, '2024-08-07', 0, 1);
INSERT INTO MEMBERSHIP (ID_Card, [Status], DateCreated, Point, ID_Level) VALUES (246, 1, '2024-01-03', 0, 1);
INSERT INTO MEMBERSHIP (ID_Card, [Status], DateCreated, Point, ID_Level) VALUES (247, 1, '2024-03-08', 0, 1);
INSERT INTO MEMBERSHIP (ID_Card, [Status], DateCreated, Point, ID_Level) VALUES (248, 1, '2024-04-07', 0, 1);
INSERT INTO MEMBERSHIP (ID_Card, [Status], DateCreated, Point, ID_Level) VALUES (249, 1, '2024-12-05', 0, 1);
INSERT INTO MEMBERSHIP (ID_Card, [Status], DateCreated, Point, ID_Level) VALUES (250, 1, '2024-07-05', 0, 1);
INSERT INTO CUSTOMER (ID_Customer, CustomerName, PhoneNumber, Email, Gender, SSID, ID_Card) VALUES (1, 'Stephanie Bowman', '4557442163', 'hgibson@example.org', 'M', '1842661274', 1);
INSERT INTO CUSTOMER (ID_Customer, CustomerName, PhoneNumber, Email, Gender, SSID, ID_Card) VALUES (2, 'Brandon Simpson', '4282179213', 'stevensmonique@example.org', 'M', '6785955207', 2);
INSERT INTO CUSTOMER (ID_Customer, CustomerName, PhoneNumber, Email, Gender, SSID, ID_Card) VALUES (3, 'Curtis Ellis', '2837642483', 'gabriel67@example.com', 'F', '4200724557', 3);
INSERT INTO CUSTOMER (ID_Customer, CustomerName, PhoneNumber, Email, Gender, SSID, ID_Card) VALUES (4, 'Brianna Washington', '6330001432', 'joserodriguez@example.net', 'M', '5827850558', 4);
INSERT INTO CUSTOMER (ID_Customer, CustomerName, PhoneNumber, Email, Gender, SSID, ID_Card) VALUES (5, 'Patrick Coleman', '7483852417', 'rogerclark@example.com', 'M', '5455304801', 5);
INSERT INTO CUSTOMER (ID_Customer, CustomerName, PhoneNumber, Email, Gender, SSID, ID_Card) VALUES (6, 'Jennifer Herrera', '4111714241', 'reedlindsey@example.com', 'M', '7522345549', 6);
INSERT INTO CUSTOMER (ID_Customer, CustomerName, PhoneNumber, Email, Gender, SSID, ID_Card) VALUES (7, 'Brian Hayes', '9890545503', 'gonzalezkaren@example.net', 'M', '4053658738', 7);
INSERT INTO CUSTOMER (ID_Customer, CustomerName, PhoneNumber, Email, Gender, SSID, ID_Card) VALUES (8, 'Nathan Richards', '5405721611', 'xwilliams@example.com', 'F', '8756759307', 8);
INSERT INTO CUSTOMER (ID_Customer, CustomerName, PhoneNumber, Email, Gender, SSID, ID_Card) VALUES (9, 'David Johnson', '2607487406', 'teresaedwards@example.org', 'F', '4412377919', 9);
INSERT INTO CUSTOMER (ID_Customer, CustomerName, PhoneNumber, Email, Gender, SSID, ID_Card) VALUES (10, 'Anne Jackson', '4592118269', 'chadbaldwin@example.org', 'F', '8261860396', 10);
INSERT INTO CUSTOMER (ID_Customer, CustomerName, PhoneNumber, Email, Gender, SSID, ID_Card) VALUES (11, 'Lynn Blair', '1292770362', 'nharris@example.org', 'F', '2787497649', 11);
INSERT INTO CUSTOMER (ID_Customer, CustomerName, PhoneNumber, Email, Gender, SSID, ID_Card) VALUES (12, 'Jasmine Rodriguez', '4931872192', 'laura35@example.org', 'F', '9056904866', 12);
INSERT INTO CUSTOMER (ID_Customer, CustomerName, PhoneNumber, Email, Gender, SSID, ID_Card) VALUES (13, 'Dylan Suarez', '5116887769', 'jensenkari@example.org', 'M', '4833180168', 13);
INSERT INTO CUSTOMER (ID_Customer, CustomerName, PhoneNumber, Email, Gender, SSID, ID_Card) VALUES (14, 'John Williams', '4391540595', 'oochoa@example.com', 'M', '9489295255', 14);
INSERT INTO CUSTOMER (ID_Customer, CustomerName, PhoneNumber, Email, Gender, SSID, ID_Card) VALUES (15, 'Robert Davis', '4670023658', 'garrisonscott@example.com', 'F', '9271638834', 15);
INSERT INTO CUSTOMER (ID_Customer, CustomerName, PhoneNumber, Email, Gender, SSID, ID_Card) VALUES (16, 'Katherine Simpson', '4725498811', 'jon69@example.org', 'F', '3465505834', 16);
INSERT INTO CUSTOMER (ID_Customer, CustomerName, PhoneNumber, Email, Gender, SSID, ID_Card) VALUES (17, 'Aaron Williamson', '6208748479', 'jonesnatalie@example.org', 'M', '3156694314', 17);
INSERT INTO CUSTOMER (ID_Customer, CustomerName, PhoneNumber, Email, Gender, SSID, ID_Card) VALUES (18, 'Jeremy Meyers', '2095666368', 'wtaylor@example.net', 'M', '9327452104', 18);
INSERT INTO CUSTOMER (ID_Customer, CustomerName, PhoneNumber, Email, Gender, SSID, ID_Card) VALUES (19, 'Anthony Archer', '1335558898', 'dsampson@example.net', 'M', '4147716202', 19);
INSERT INTO CUSTOMER (ID_Customer, CustomerName, PhoneNumber, Email, Gender, SSID, ID_Card) VALUES (20, 'Brian Boyd', '6467914259', 'deborah26@example.org', 'F', '3936457685', 20);
INSERT INTO CUSTOMER (ID_Customer, CustomerName, PhoneNumber, Email, Gender, SSID, ID_Card) VALUES (21, 'Elizabeth Hensley', '9817346134', 'samantha03@example.net', 'F', '4633554521', 21);
INSERT INTO CUSTOMER (ID_Customer, CustomerName, PhoneNumber, Email, Gender, SSID, ID_Card) VALUES (22, 'Arthur Gallagher', '5229033348', 'leeyoung@example.org', 'F', '1822881320', 22);
INSERT INTO CUSTOMER (ID_Customer, CustomerName, PhoneNumber, Email, Gender, SSID, ID_Card) VALUES (23, 'Cody Harris', '2370387852', 'lindseymayer@example.net', 'M', '1668727923', 23);
INSERT INTO CUSTOMER (ID_Customer, CustomerName, PhoneNumber, Email, Gender, SSID, ID_Card) VALUES (24, 'Christopher Price', '2245207057', 'adamsmichael@example.org', 'M', '1198812673', 24);
INSERT INTO CUSTOMER (ID_Customer, CustomerName, PhoneNumber, Email, Gender, SSID, ID_Card) VALUES (25, 'Terry Moyer', '9657524436', 'robertlopez@example.net', 'F', '2966433558', 25);
INSERT INTO CUSTOMER (ID_Customer, CustomerName, PhoneNumber, Email, Gender, SSID, ID_Card) VALUES (26, 'Jonathan Mcintyre', '2699392687', 'michael41@example.net', 'M', '6956594277', 26);
INSERT INTO CUSTOMER (ID_Customer, CustomerName, PhoneNumber, Email, Gender, SSID, ID_Card) VALUES (27, 'Patricia Ross', '6517627850', 'susanlawson@example.org', 'F', '9295115705', 27);
INSERT INTO CUSTOMER (ID_Customer, CustomerName, PhoneNumber, Email, Gender, SSID, ID_Card) VALUES (28, 'Pamela Mcdowell', '0690324606', 'pcarey@example.com', 'F', '0464733697', 28);
INSERT INTO CUSTOMER (ID_Customer, CustomerName, PhoneNumber, Email, Gender, SSID, ID_Card) VALUES (29, 'Patrick Anderson', '5003990303', 'jamespatricia@example.org', 'M', '2704117035', 29);
INSERT INTO CUSTOMER (ID_Customer, CustomerName, PhoneNumber, Email, Gender, SSID, ID_Card) VALUES (30, 'Charles Hodge Jr.', '9466608007', 'kevingeorge@example.org', 'M', '8658016405', 30);
INSERT INTO CUSTOMER (ID_Customer, CustomerName, PhoneNumber, Email, Gender, SSID, ID_Card) VALUES (31, 'Diane Lawson', '4021974710', 'julie27@example.net', 'F', '1804931856', 31);
INSERT INTO CUSTOMER (ID_Customer, CustomerName, PhoneNumber, Email, Gender, SSID, ID_Card) VALUES (32, 'Jasmine Franklin', '2567682002', 'fhart@example.org', 'F', '1103846859', 32);
INSERT INTO CUSTOMER (ID_Customer, CustomerName, PhoneNumber, Email, Gender, SSID, ID_Card) VALUES (33, 'Sarah Herman', '5481480078', 'benjaminroberts@example.com', 'F', '6168349572', 33);
INSERT INTO CUSTOMER (ID_Customer, CustomerName, PhoneNumber, Email, Gender, SSID, ID_Card) VALUES (34, 'Mariah Kim', '2526085172', 'stephentaylor@example.org', 'M', '7337987432', 34);
INSERT INTO CUSTOMER (ID_Customer, CustomerName, PhoneNumber, Email, Gender, SSID, ID_Card) VALUES (35, 'Eric Morgan', '6568308660', 'gsmith@example.net', 'F', '9759201658', 35);
INSERT INTO CUSTOMER (ID_Customer, CustomerName, PhoneNumber, Email, Gender, SSID, ID_Card) VALUES (36, 'Eric Juarez', '3381838691', 'xwarren@example.org', 'M', '6609857023', 36);
INSERT INTO CUSTOMER (ID_Customer, CustomerName, PhoneNumber, Email, Gender, SSID, ID_Card) VALUES (37, 'Johnathan Bradley', '8309357904', 'mcdanielcaitlin@example.com', 'F', '8835690831', 37);
INSERT INTO CUSTOMER (ID_Customer, CustomerName, PhoneNumber, Email, Gender, SSID, ID_Card) VALUES (38, 'Adam Smith', '5557419953', 'pjames@example.net', 'F', '2034967290', 38);
INSERT INTO CUSTOMER (ID_Customer, CustomerName, PhoneNumber, Email, Gender, SSID, ID_Card) VALUES (39, 'Kimberly Tyler', '8975239462', 'tylerrobinson@example.net', 'M', '6939697982', 39);
INSERT INTO CUSTOMER (ID_Customer, CustomerName, PhoneNumber, Email, Gender, SSID, ID_Card) VALUES (40, 'Victoria Bailey', '3843593382', 'nreyes@example.org', 'M', '1219024521', 40);
INSERT INTO CUSTOMER (ID_Customer, CustomerName, PhoneNumber, Email, Gender, SSID, ID_Card) VALUES (41, 'Joy Trevino', '0269530037', 'joshua96@example.net', 'F', '0115308974', 41);
INSERT INTO CUSTOMER (ID_Customer, CustomerName, PhoneNumber, Email, Gender, SSID, ID_Card) VALUES (42, 'Gary Martin', '2998245328', 'kristinandersen@example.com', 'M', '8954076081', 42);
INSERT INTO CUSTOMER (ID_Customer, CustomerName, PhoneNumber, Email, Gender, SSID, ID_Card) VALUES (43, 'George Wagner', '2287635522', 'lramirez@example.com', 'F', '6454236899', 43);
INSERT INTO CUSTOMER (ID_Customer, CustomerName, PhoneNumber, Email, Gender, SSID, ID_Card) VALUES (44, 'Caitlin Campbell', '9323581899', 'elizabeth40@example.org', 'F', '0907238480', 44);
INSERT INTO CUSTOMER (ID_Customer, CustomerName, PhoneNumber, Email, Gender, SSID, ID_Card) VALUES (45, 'Michael Mitchell', '2863592202', 'richardfrazier@example.net', 'F', '1020472586', 45);
INSERT INTO CUSTOMER (ID_Customer, CustomerName, PhoneNumber, Email, Gender, SSID, ID_Card) VALUES (46, 'Jorge Mitchell', '5098690348', 'rgarcia@example.net', 'M', '0130717438', 46);
INSERT INTO CUSTOMER (ID_Customer, CustomerName, PhoneNumber, Email, Gender, SSID, ID_Card) VALUES (47, 'Victoria Hart', '3631161572', 'michellewalker@example.org', 'M', '4547715835', 47);
INSERT INTO CUSTOMER (ID_Customer, CustomerName, PhoneNumber, Email, Gender, SSID, ID_Card) VALUES (48, 'Christopher Smith', '9338992413', 'robertadavis@example.com', 'F', '0137939780', 48);
INSERT INTO CUSTOMER (ID_Customer, CustomerName, PhoneNumber, Email, Gender, SSID, ID_Card) VALUES (49, 'Susan Mercado', '1453972336', 'amberharris@example.org', 'F', '4863754323', 49);
INSERT INTO CUSTOMER (ID_Customer, CustomerName, PhoneNumber, Email, Gender, SSID, ID_Card) VALUES (50, 'Walter Shaw', '2493859026', 'philip74@example.net', 'F', '8937927636', 50);
INSERT INTO CUSTOMER (ID_Customer, CustomerName, PhoneNumber, Email, Gender, SSID, ID_Card) VALUES (51, 'Michael Tanner', '7149337035', 'michelle26@example.com', 'F', '5053684446', 51);
INSERT INTO CUSTOMER (ID_Customer, CustomerName, PhoneNumber, Email, Gender, SSID, ID_Card) VALUES (52, 'Lindsay Montoya', '0278259336', 'bishopmegan@example.org', 'F', '5301037866', 52);
INSERT INTO CUSTOMER (ID_Customer, CustomerName, PhoneNumber, Email, Gender, SSID, ID_Card) VALUES (53, 'Ruth Burnett', '7795490667', 'robert64@example.com', 'F', '2989052917', 53);
INSERT INTO CUSTOMER (ID_Customer, CustomerName, PhoneNumber, Email, Gender, SSID, ID_Card) VALUES (54, 'Mark Johnson', '1303907567', 'mary26@example.org', 'M', '8849065835', 54);
INSERT INTO CUSTOMER (ID_Customer, CustomerName, PhoneNumber, Email, Gender, SSID, ID_Card) VALUES (55, 'Garrett Medina', '3178622369', 'jenniferhenry@example.net', 'F', '7495876375', 55);
INSERT INTO CUSTOMER (ID_Customer, CustomerName, PhoneNumber, Email, Gender, SSID, ID_Card) VALUES (56, 'Stephanie Thomas', '7057753650', 'scott16@example.org', 'M', '8469970945', 56);
INSERT INTO CUSTOMER (ID_Customer, CustomerName, PhoneNumber, Email, Gender, SSID, ID_Card) VALUES (57, 'Kimberly Douglas', '7529649409', 'carsonsandra@example.net', 'F', '3225679455', 57);
INSERT INTO CUSTOMER (ID_Customer, CustomerName, PhoneNumber, Email, Gender, SSID, ID_Card) VALUES (58, 'Leslie Davidson', '1635332820', 'cherrydana@example.com', 'F', '0151582686', 58);
INSERT INTO CUSTOMER (ID_Customer, CustomerName, PhoneNumber, Email, Gender, SSID, ID_Card) VALUES (59, 'Bridget Morse', '3988491428', 'dylanhansen@example.org', 'M', '2322191705', 59);
INSERT INTO CUSTOMER (ID_Customer, CustomerName, PhoneNumber, Email, Gender, SSID, ID_Card) VALUES (60, 'Joshua Wilkinson', '7468429740', 'wwilliams@example.org', 'M', '6897249073', 60);
INSERT INTO CUSTOMER (ID_Customer, CustomerName, PhoneNumber, Email, Gender, SSID, ID_Card) VALUES (61, 'Robert Hardin', '2740221736', 'chaserebecca@example.org', 'F', '6512497709', 61);
INSERT INTO CUSTOMER (ID_Customer, CustomerName, PhoneNumber, Email, Gender, SSID, ID_Card) VALUES (62, 'Lauren Quinn', '4854114429', 'amanda72@example.com', 'F', '3527518379', 62);
INSERT INTO CUSTOMER (ID_Customer, CustomerName, PhoneNumber, Email, Gender, SSID, ID_Card) VALUES (63, 'Kevin Mcclain', '2898459243', 'kelly48@example.com', 'F', '2434664457', 63);
INSERT INTO CUSTOMER (ID_Customer, CustomerName, PhoneNumber, Email, Gender, SSID, ID_Card) VALUES (64, 'Christopher Huang', '9372115630', 'maryyoung@example.com', 'F', '1839209563', 64);
INSERT INTO CUSTOMER (ID_Customer, CustomerName, PhoneNumber, Email, Gender, SSID, ID_Card) VALUES (65, 'Elaine Sanders', '4731943624', 'steven85@example.org', 'M', '4572149962', 65);
INSERT INTO CUSTOMER (ID_Customer, CustomerName, PhoneNumber, Email, Gender, SSID, ID_Card) VALUES (66, 'Chelsea Douglas', '4393168204', 'drivera@example.net', 'M', '0053904663', 66);
INSERT INTO CUSTOMER (ID_Customer, CustomerName, PhoneNumber, Email, Gender, SSID, ID_Card) VALUES (67, 'Cassandra Weiss', '1354748553', 'richardjones@example.net', 'M', '3996184451', 67);
INSERT INTO CUSTOMER (ID_Customer, CustomerName, PhoneNumber, Email, Gender, SSID, ID_Card) VALUES (68, 'Autumn Nguyen', '5430409446', 'mariaturner@example.com', 'M', '2773862609', 68);
INSERT INTO CUSTOMER (ID_Customer, CustomerName, PhoneNumber, Email, Gender, SSID, ID_Card) VALUES (69, 'Jenna Vincent', '7424133795', 'emily22@example.net', 'M', '1916215351', 69);
INSERT INTO CUSTOMER (ID_Customer, CustomerName, PhoneNumber, Email, Gender, SSID, ID_Card) VALUES (70, 'Christopher Meyer', '4340542761', 'morrislisa@example.net', 'F', '6105757070', 70);
INSERT INTO CUSTOMER (ID_Customer, CustomerName, PhoneNumber, Email, Gender, SSID, ID_Card) VALUES (71, 'Tara Stark', '5720009623', 'xsteele@example.org', 'F', '4641913442', 71);
INSERT INTO CUSTOMER (ID_Customer, CustomerName, PhoneNumber, Email, Gender, SSID, ID_Card) VALUES (72, 'Keith Ferguson', '4235620827', 'brooke98@example.net', 'M', '6318752168', 72);
INSERT INTO CUSTOMER (ID_Customer, CustomerName, PhoneNumber, Email, Gender, SSID, ID_Card) VALUES (73, 'James Ritter', '1759726555', 'nponce@example.com', 'F', '7474796841', 73);
INSERT INTO CUSTOMER (ID_Customer, CustomerName, PhoneNumber, Email, Gender, SSID, ID_Card) VALUES (74, 'Lisa Rivas', '9332024855', 'jthomas@example.org', 'M', '9332239682', 74);
INSERT INTO CUSTOMER (ID_Customer, CustomerName, PhoneNumber, Email, Gender, SSID, ID_Card) VALUES (75, 'Meredith Robinson', '8132529075', 'shawnjones@example.com', 'F', '8604671421', 75);
INSERT INTO CUSTOMER (ID_Customer, CustomerName, PhoneNumber, Email, Gender, SSID, ID_Card) VALUES (76, 'Tyler Johns', '1144943549', 'nicholashernandez@example.net', 'M', '5095385261', 76);
INSERT INTO CUSTOMER (ID_Customer, CustomerName, PhoneNumber, Email, Gender, SSID, ID_Card) VALUES (77, 'Erik Hall', '5860415742', 'michaelpetersen@example.com', 'M', '6197289515', 77);
INSERT INTO CUSTOMER (ID_Customer, CustomerName, PhoneNumber, Email, Gender, SSID, ID_Card) VALUES (78, 'Kimberly Perry', '9217655986', 'jasminejimenez@example.com', 'F', '2311617906', 78);
INSERT INTO CUSTOMER (ID_Customer, CustomerName, PhoneNumber, Email, Gender, SSID, ID_Card) VALUES (79, 'Matthew Cortez', '4620446129', 'bryanstewart@example.com', 'F', '5497587936', 79);
INSERT INTO CUSTOMER (ID_Customer, CustomerName, PhoneNumber, Email, Gender, SSID, ID_Card) VALUES (80, 'Cody Spencer', '0252588423', 'dustin18@example.org', 'M', '3286279262', 80);
INSERT INTO CUSTOMER (ID_Customer, CustomerName, PhoneNumber, Email, Gender, SSID, ID_Card) VALUES (81, 'Christopher Carter', '1760803091', 'hdavis@example.net', 'F', '4132788128', 81);
INSERT INTO CUSTOMER (ID_Customer, CustomerName, PhoneNumber, Email, Gender, SSID, ID_Card) VALUES (82, 'Kelly Mccall', '8008030656', 'hancockscott@example.org', 'M', '6199836086', 82);
INSERT INTO CUSTOMER (ID_Customer, CustomerName, PhoneNumber, Email, Gender, SSID, ID_Card) VALUES (83, 'Randy Perkins', '1128240000', 'aaronwilliams@example.net', 'F', '0552717721', 83);
INSERT INTO CUSTOMER (ID_Customer, CustomerName, PhoneNumber, Email, Gender, SSID, ID_Card) VALUES (84, 'Frank Newman', '6866380854', 'greerlisa@example.com', 'F', '3276065880', 84);
INSERT INTO CUSTOMER (ID_Customer, CustomerName, PhoneNumber, Email, Gender, SSID, ID_Card) VALUES (85, 'Scott Singleton', '9716747650', 'mdawson@example.com', 'M', '5207175288', 85);
INSERT INTO CUSTOMER (ID_Customer, CustomerName, PhoneNumber, Email, Gender, SSID, ID_Card) VALUES (86, 'Alyssa Richardson', '7917326878', 'paul03@example.com', 'F', '8236834279', 86);
INSERT INTO CUSTOMER (ID_Customer, CustomerName, PhoneNumber, Email, Gender, SSID, ID_Card) VALUES (87, 'Stacey Castro', '4674291733', 'arthur98@example.com', 'F', '0879339701', 87);
INSERT INTO CUSTOMER (ID_Customer, CustomerName, PhoneNumber, Email, Gender, SSID, ID_Card) VALUES (88, 'Lori Johnson', '2254987203', 'hannah79@example.net', 'F', '1628169472', 88);
INSERT INTO CUSTOMER (ID_Customer, CustomerName, PhoneNumber, Email, Gender, SSID, ID_Card) VALUES (89, 'Colton Flynn', '9826795039', 'jonathan15@example.net', 'M', '8524081094', 89);
INSERT INTO CUSTOMER (ID_Customer, CustomerName, PhoneNumber, Email, Gender, SSID, ID_Card) VALUES (90, 'Danielle Roberts', '0390324916', 'costathomas@example.org', 'F', '9940222354', 90);
INSERT INTO CUSTOMER (ID_Customer, CustomerName, PhoneNumber, Email, Gender, SSID, ID_Card) VALUES (91, 'Elizabeth Phillips', '2732050698', 'richardsonbryce@example.net', 'M', '0130012838', 91);
INSERT INTO CUSTOMER (ID_Customer, CustomerName, PhoneNumber, Email, Gender, SSID, ID_Card) VALUES (92, 'Andrea Andrade', '9510613711', 'amy66@example.org', 'M', '5760988678', 92);
INSERT INTO CUSTOMER (ID_Customer, CustomerName, PhoneNumber, Email, Gender, SSID, ID_Card) VALUES (93, 'Jennifer Perkins', '2172589870', 'vellis@example.net', 'F', '4416277123', 93);
INSERT INTO CUSTOMER (ID_Customer, CustomerName, PhoneNumber, Email, Gender, SSID, ID_Card) VALUES (94, 'Patricia Lee', '3388578682', 'millsbradley@example.org', 'M', '6841974820', 94);
INSERT INTO CUSTOMER (ID_Customer, CustomerName, PhoneNumber, Email, Gender, SSID, ID_Card) VALUES (95, 'Jason Norris', '4953483763', 'william99@example.com', 'F', '0764336433', 95);
INSERT INTO CUSTOMER (ID_Customer, CustomerName, PhoneNumber, Email, Gender, SSID, ID_Card) VALUES (96, 'Sandra Stevens', '6187775252', 'mckeechristopher@example.com', 'F', '3264740109', 96);
INSERT INTO CUSTOMER (ID_Customer, CustomerName, PhoneNumber, Email, Gender, SSID, ID_Card) VALUES (97, 'Megan Johnson', '6346996954', 'egarrison@example.org', 'F', '5354985716', 97);
INSERT INTO CUSTOMER (ID_Customer, CustomerName, PhoneNumber, Email, Gender, SSID, ID_Card) VALUES (98, 'Sarah Wright', '2497413678', 'ryansmith@example.com', 'F', '6048904633', 98);
INSERT INTO CUSTOMER (ID_Customer, CustomerName, PhoneNumber, Email, Gender, SSID, ID_Card) VALUES (99, 'Terri Garcia', '6963714762', 'sluna@example.com', 'M', '6496328124', 99);
INSERT INTO CUSTOMER (ID_Customer, CustomerName, PhoneNumber, Email, Gender, SSID, ID_Card) VALUES (100, 'Nicole Coffey', '1262611288', 'lisaellis@example.net', 'M', '7416321406', 100);
INSERT INTO CUSTOMER (ID_Customer, CustomerName, PhoneNumber, Email, Gender, SSID, ID_Card) VALUES (101, 'Elizabeth Cross', '7631441529', 'robertskatherine@example.org', 'F', '2593028352', 101);
INSERT INTO CUSTOMER (ID_Customer, CustomerName, PhoneNumber, Email, Gender, SSID, ID_Card) VALUES (102, 'Reginald Lopez', '5640164995', 'pittsjason@example.org', 'F', '3690116021', 102);
INSERT INTO CUSTOMER (ID_Customer, CustomerName, PhoneNumber, Email, Gender, SSID, ID_Card) VALUES (103, 'David Guzman', '2265334855', 'brewerann@example.org', 'M', '6252217909', 103);
INSERT INTO CUSTOMER (ID_Customer, CustomerName, PhoneNumber, Email, Gender, SSID, ID_Card) VALUES (104, 'Michael Dunn', '4629726869', 'anitafloyd@example.com', 'M', '5777337164', 104);
INSERT INTO CUSTOMER (ID_Customer, CustomerName, PhoneNumber, Email, Gender, SSID, ID_Card) VALUES (105, 'Bryce Mitchell', '0890407972', 'yesenia34@example.org', 'F', '5128733615', 105);
INSERT INTO CUSTOMER (ID_Customer, CustomerName, PhoneNumber, Email, Gender, SSID, ID_Card) VALUES (106, 'Daniel Lee', '8240387189', 'bleon@example.net', 'M', '6913884279', 106);
INSERT INTO CUSTOMER (ID_Customer, CustomerName, PhoneNumber, Email, Gender, SSID, ID_Card) VALUES (107, 'Colleen Horn', '8734213083', 'serranodanielle@example.com', 'M', '9585821899', 107);
INSERT INTO CUSTOMER (ID_Customer, CustomerName, PhoneNumber, Email, Gender, SSID, ID_Card) VALUES (108, 'Carrie Webster', '7581101145', 'ktaylor@example.com', 'F', '1134427792', 108);
INSERT INTO CUSTOMER (ID_Customer, CustomerName, PhoneNumber, Email, Gender, SSID, ID_Card) VALUES (109, 'Nancy Foster', '3316456364', 'chanthomas@example.net', 'M', '3682045856', 109);
INSERT INTO CUSTOMER (ID_Customer, CustomerName, PhoneNumber, Email, Gender, SSID, ID_Card) VALUES (110, 'Judith Miller', '4616401048', 'transtacey@example.com', 'M', '2198528980', 110);
INSERT INTO CUSTOMER (ID_Customer, CustomerName, PhoneNumber, Email, Gender, SSID, ID_Card) VALUES (111, 'Erin Ferrell', '2990138560', 'dhoward@example.com', 'F', '4024600779', 111);
INSERT INTO CUSTOMER (ID_Customer, CustomerName, PhoneNumber, Email, Gender, SSID, ID_Card) VALUES (112, 'David Barrett', '8080681966', 'brian60@example.com', 'M', '6665821635', 112);
INSERT INTO CUSTOMER (ID_Customer, CustomerName, PhoneNumber, Email, Gender, SSID, ID_Card) VALUES (113, 'Scott Powell', '7304742891', 'victoria28@example.com', 'F', '5372341893', 113);
INSERT INTO CUSTOMER (ID_Customer, CustomerName, PhoneNumber, Email, Gender, SSID, ID_Card) VALUES (114, 'Teresa Howard', '3048356281', 'umiller@example.com', 'F', '0279384732', 114);
INSERT INTO CUSTOMER (ID_Customer, CustomerName, PhoneNumber, Email, Gender, SSID, ID_Card) VALUES (115, 'Terry Thompson', '1158210978', 'johnsontammy@example.net', 'F', '4347842020', 115);
INSERT INTO CUSTOMER (ID_Customer, CustomerName, PhoneNumber, Email, Gender, SSID, ID_Card) VALUES (116, 'Megan Thomas', '7296342909', 'wadkins@example.net', 'M', '3107184727', 116);
INSERT INTO CUSTOMER (ID_Customer, CustomerName, PhoneNumber, Email, Gender, SSID, ID_Card) VALUES (117, 'Judy Miller', '2966233535', 'mhuffman@example.net', 'F', '9537296913', 117);
INSERT INTO CUSTOMER (ID_Customer, CustomerName, PhoneNumber, Email, Gender, SSID, ID_Card) VALUES (118, 'Andres Smith', '1710933279', 'thomasjenkins@example.com', 'F', '9676313292', 118);
INSERT INTO CUSTOMER (ID_Customer, CustomerName, PhoneNumber, Email, Gender, SSID, ID_Card) VALUES (119, 'Alicia Young', '4164511901', 'christopher21@example.com', 'F', '3255332851', 119);
INSERT INTO CUSTOMER (ID_Customer, CustomerName, PhoneNumber, Email, Gender, SSID, ID_Card) VALUES (120, 'Shannon Anderson', '1445720286', 'aaron53@example.net', 'M', '0818227705', 120);
INSERT INTO CUSTOMER (ID_Customer, CustomerName, PhoneNumber, Email, Gender, SSID, ID_Card) VALUES (121, 'Gary Orozco', '9106165280', 'diazharold@example.net', 'F', '0467552140', 121);
INSERT INTO CUSTOMER (ID_Customer, CustomerName, PhoneNumber, Email, Gender, SSID, ID_Card) VALUES (122, 'Vincent Duran', '4640959255', 'nnoble@example.com', 'F', '2516759690', 122);
INSERT INTO CUSTOMER (ID_Customer, CustomerName, PhoneNumber, Email, Gender, SSID, ID_Card) VALUES (123, 'Karen Butler', '4443780928', 'andrew96@example.net', 'M', '8496804544', 123);
INSERT INTO CUSTOMER (ID_Customer, CustomerName, PhoneNumber, Email, Gender, SSID, ID_Card) VALUES (124, 'James Robertson', '2300287707', 'rwatson@example.net', 'M', '0115323742', 124);
INSERT INTO CUSTOMER (ID_Customer, CustomerName, PhoneNumber, Email, Gender, SSID, ID_Card) VALUES (125, 'Bianca Keith', '0369980993', 'laurendunn@example.net', 'F', '2977594348', 125);
INSERT INTO CUSTOMER (ID_Customer, CustomerName, PhoneNumber, Email, Gender, SSID, ID_Card) VALUES (126, 'Katelyn Williamson', '8330987713', 'pgonzalez@example.net', 'F', '6811827896', 126);
INSERT INTO CUSTOMER (ID_Customer, CustomerName, PhoneNumber, Email, Gender, SSID, ID_Card) VALUES (127, 'Timothy Jacobs', '3344498067', 'melissa50@example.org', 'M', '6445074784', 127);
INSERT INTO CUSTOMER (ID_Customer, CustomerName, PhoneNumber, Email, Gender, SSID, ID_Card) VALUES (128, 'Mary Sellers', '8049924620', 'saragonzalez@example.org', 'M', '8768748587', 128);
INSERT INTO CUSTOMER (ID_Customer, CustomerName, PhoneNumber, Email, Gender, SSID, ID_Card) VALUES (129, 'Hunter Griffin', '9901346754', 'arthur30@example.org', 'M', '2683454933', 129);
INSERT INTO CUSTOMER (ID_Customer, CustomerName, PhoneNumber, Email, Gender, SSID, ID_Card) VALUES (130, 'Tammy Rosales', '1682356128', 'james79@example.net', 'M', '0542809119', 130);
INSERT INTO CUSTOMER (ID_Customer, CustomerName, PhoneNumber, Email, Gender, SSID, ID_Card) VALUES (131, 'Katherine Garcia', '3112495705', 'valerie88@example.net', 'M', '8031224581', 131);
INSERT INTO CUSTOMER (ID_Customer, CustomerName, PhoneNumber, Email, Gender, SSID, ID_Card) VALUES (132, 'Diana Allen', '3238162332', 'barneswilliam@example.com', 'M', '5444920918', 132);
INSERT INTO CUSTOMER (ID_Customer, CustomerName, PhoneNumber, Email, Gender, SSID, ID_Card) VALUES (133, 'Christopher Garza', '0119505140', 'shelbyyoung@example.org', 'M', '6417720219', 133);
INSERT INTO CUSTOMER (ID_Customer, CustomerName, PhoneNumber, Email, Gender, SSID, ID_Card) VALUES (134, 'Troy Taylor', '8297299517', 'angierandolph@example.org', 'M', '3999671774', 134);
INSERT INTO CUSTOMER (ID_Customer, CustomerName, PhoneNumber, Email, Gender, SSID, ID_Card) VALUES (135, 'Mark Fernandez', '3025460408', 'michele17@example.net', 'F', '1161757789', 135);
INSERT INTO CUSTOMER (ID_Customer, CustomerName, PhoneNumber, Email, Gender, SSID, ID_Card) VALUES (136, 'David Aguilar', '1713222838', 'jatkinson@example.org', 'M', '7584374887', 136);
INSERT INTO CUSTOMER (ID_Customer, CustomerName, PhoneNumber, Email, Gender, SSID, ID_Card) VALUES (137, 'Lisa Stone', '5321096851', 'scottsanders@example.net', 'M', '9517233275', 137);
INSERT INTO CUSTOMER (ID_Customer, CustomerName, PhoneNumber, Email, Gender, SSID, ID_Card) VALUES (138, 'Robert Richardson', '3412453089', 'stricklandricardo@example.org', 'M', '9058549539', 138);
INSERT INTO CUSTOMER (ID_Customer, CustomerName, PhoneNumber, Email, Gender, SSID, ID_Card) VALUES (139, 'Jonathan Hanson', '7563631836', 'marywheeler@example.net', 'M', '1202408011', 139);
INSERT INTO CUSTOMER (ID_Customer, CustomerName, PhoneNumber, Email, Gender, SSID, ID_Card) VALUES (140, 'Paul Cooper', '1774774256', 'rachel89@example.com', 'M', '9227728741', 140);
INSERT INTO CUSTOMER (ID_Customer, CustomerName, PhoneNumber, Email, Gender, SSID, ID_Card) VALUES (141, 'Marisa Holland', '3910111517', 'arieljordan@example.org', 'M', '0436771063', 141);
INSERT INTO CUSTOMER (ID_Customer, CustomerName, PhoneNumber, Email, Gender, SSID, ID_Card) VALUES (142, 'Edwin Martinez', '2016356132', 'brittany46@example.net', 'M', '4144843571', 142);
INSERT INTO CUSTOMER (ID_Customer, CustomerName, PhoneNumber, Email, Gender, SSID, ID_Card) VALUES (143, 'Eric Rodriguez', '2567295947', 'eric19@example.com', 'M', '4377573982', 143);
INSERT INTO CUSTOMER (ID_Customer, CustomerName, PhoneNumber, Email, Gender, SSID, ID_Card) VALUES (144, 'Rebecca Lee', '4221013135', 'barbermelissa@example.com', 'M', '1536389016', 144);
INSERT INTO CUSTOMER (ID_Customer, CustomerName, PhoneNumber, Email, Gender, SSID, ID_Card) VALUES (145, 'Gabriel Jackson', '8851925505', 'vanessacox@example.org', 'F', '7932630464', 145);
INSERT INTO CUSTOMER (ID_Customer, CustomerName, PhoneNumber, Email, Gender, SSID, ID_Card) VALUES (146, 'Ryan Evans', '2870802121', 'kristin90@example.net', 'F', '5210617527', 146);
INSERT INTO CUSTOMER (ID_Customer, CustomerName, PhoneNumber, Email, Gender, SSID, ID_Card) VALUES (147, 'Ariel Delgado', '7135899415', 'zhorn@example.net', 'F', '2094818740', 147);
INSERT INTO CUSTOMER (ID_Customer, CustomerName, PhoneNumber, Email, Gender, SSID, ID_Card) VALUES (148, 'Tiffany Olson', '6761053432', 'cortezsamantha@example.net', 'M', '8772952211', 148);
INSERT INTO CUSTOMER (ID_Customer, CustomerName, PhoneNumber, Email, Gender, SSID, ID_Card) VALUES (149, 'Jill Richards', '1654069840', 'jessica41@example.com', 'M', '1608172397', 149);
INSERT INTO CUSTOMER (ID_Customer, CustomerName, PhoneNumber, Email, Gender, SSID, ID_Card) VALUES (150, 'Amber Shelton', '5957343794', 'sharon64@example.org', 'M', '7191390464', 150);
INSERT INTO CUSTOMER (ID_Customer, CustomerName, PhoneNumber, Email, Gender, SSID, ID_Card) VALUES (151, 'Jessica Martinez', '3920314239', 'annahays@example.com', 'M', '0851937936', 151);
INSERT INTO CUSTOMER (ID_Customer, CustomerName, PhoneNumber, Email, Gender, SSID, ID_Card) VALUES (152, 'Yesenia Brewer', '2319505829', 'lowejennifer@example.com', 'F', '8452773883', 152);
INSERT INTO CUSTOMER (ID_Customer, CustomerName, PhoneNumber, Email, Gender, SSID, ID_Card) VALUES (153, 'Dustin Mckenzie', '2292910919', 'robert85@example.org', 'M', '0121974445', 153);
INSERT INTO CUSTOMER (ID_Customer, CustomerName, PhoneNumber, Email, Gender, SSID, ID_Card) VALUES (154, 'Matthew Smith', '6660875784', 'phillipsolivia@example.org', 'F', '6434190459', 154);
INSERT INTO CUSTOMER (ID_Customer, CustomerName, PhoneNumber, Email, Gender, SSID, ID_Card) VALUES (155, 'Morgan Poole', '2374493614', 'scott98@example.net', 'M', '6295799972', 155);
INSERT INTO CUSTOMER (ID_Customer, CustomerName, PhoneNumber, Email, Gender, SSID, ID_Card) VALUES (156, 'Christopher Hill', '2553666071', 'davidmiller@example.net', 'F', '0071223159', 156);
INSERT INTO CUSTOMER (ID_Customer, CustomerName, PhoneNumber, Email, Gender, SSID, ID_Card) VALUES (157, 'Melinda Casey', '8063092745', 'juliecox@example.com', 'M', '4320531115', 157);
INSERT INTO CUSTOMER (ID_Customer, CustomerName, PhoneNumber, Email, Gender, SSID, ID_Card) VALUES (158, 'Sarah White', '9479550615', 'ilarson@example.net', 'F', '7881499392', 158);
INSERT INTO CUSTOMER (ID_Customer, CustomerName, PhoneNumber, Email, Gender, SSID, ID_Card) VALUES (159, 'Andrea Ferguson', '4563430737', 'rachelwoods@example.org', 'F', '5484876783', 159);
INSERT INTO CUSTOMER (ID_Customer, CustomerName, PhoneNumber, Email, Gender, SSID, ID_Card) VALUES (160, 'Philip Rose', '1977567942', 'mramsey@example.org', 'F', '0140170187', 160);
INSERT INTO CUSTOMER (ID_Customer, CustomerName, PhoneNumber, Email, Gender, SSID, ID_Card) VALUES (161, 'Andrew Chase', '9841488391', 'diana59@example.net', 'M', '6498707194', 161);
INSERT INTO CUSTOMER (ID_Customer, CustomerName, PhoneNumber, Email, Gender, SSID, ID_Card) VALUES (162, 'Scott Armstrong', '2525147331', 'francisco52@example.net', 'F', '5165889673', 162);
INSERT INTO CUSTOMER (ID_Customer, CustomerName, PhoneNumber, Email, Gender, SSID, ID_Card) VALUES (163, 'Susan Moore', '0784805079', 'robinsonlisa@example.org', 'M', '8098496606', 163);
INSERT INTO CUSTOMER (ID_Customer, CustomerName, PhoneNumber, Email, Gender, SSID, ID_Card) VALUES (164, 'Chris Meza', '8506955809', 'maciasisabella@example.org', 'M', '4490073822', 164);
INSERT INTO CUSTOMER (ID_Customer, CustomerName, PhoneNumber, Email, Gender, SSID, ID_Card) VALUES (165, 'Kelly Foster', '5006417676', 'gonzalezkristin@example.net', 'M', '2253270107', 165);
INSERT INTO CUSTOMER (ID_Customer, CustomerName, PhoneNumber, Email, Gender, SSID, ID_Card) VALUES (166, 'Thomas Harrington', '6776761104', 'courtneymontgomery@example.net', 'F', '8327063957', 166);
INSERT INTO CUSTOMER (ID_Customer, CustomerName, PhoneNumber, Email, Gender, SSID, ID_Card) VALUES (167, 'Jose Jackson', '0484920539', 'barbaramoore@example.com', 'M', '9031957470', 167);
INSERT INTO CUSTOMER (ID_Customer, CustomerName, PhoneNumber, Email, Gender, SSID, ID_Card) VALUES (168, 'Nicole Riley', '0075370013', 'orozcokeith@example.net', 'M', '2163201479', 168);
INSERT INTO CUSTOMER (ID_Customer, CustomerName, PhoneNumber, Email, Gender, SSID, ID_Card) VALUES (169, 'Roberta Newton', '1951532285', 'nicole46@example.org', 'M', '6259044002', 169);
INSERT INTO CUSTOMER (ID_Customer, CustomerName, PhoneNumber, Email, Gender, SSID, ID_Card) VALUES (170, 'Ashley Sanchez', '8184393548', 'rachel74@example.com', 'F', '4280121679', 170);
INSERT INTO CUSTOMER (ID_Customer, CustomerName, PhoneNumber, Email, Gender, SSID, ID_Card) VALUES (171, 'Patrick Jackson', '3423399512', 'anthonyanderson@example.net', 'M', '1185396437', 171);
INSERT INTO CUSTOMER (ID_Customer, CustomerName, PhoneNumber, Email, Gender, SSID, ID_Card) VALUES (172, 'Frank Ward', '6050146213', 'brian10@example.com', 'F', '2745912183', 172);
INSERT INTO CUSTOMER (ID_Customer, CustomerName, PhoneNumber, Email, Gender, SSID, ID_Card) VALUES (173, 'Clifford Gomez', '4014725888', 'richardsonwilliam@example.com', 'F', '3581166510', 173);
INSERT INTO CUSTOMER (ID_Customer, CustomerName, PhoneNumber, Email, Gender, SSID, ID_Card) VALUES (174, 'Richard Harrison', '9099346337', 'jodi61@example.net', 'M', '0482557298', 174);
INSERT INTO CUSTOMER (ID_Customer, CustomerName, PhoneNumber, Email, Gender, SSID, ID_Card) VALUES (175, 'Mr. Gregory Smith Jr.', '2609944059', 'smithkendra@example.net', 'M', '4107196600', 175);
INSERT INTO CUSTOMER (ID_Customer, CustomerName, PhoneNumber, Email, Gender, SSID, ID_Card) VALUES (176, 'Kyle Kramer', '4816101105', 'garzajessica@example.net', 'M', '7426221069', 176);
INSERT INTO CUSTOMER (ID_Customer, CustomerName, PhoneNumber, Email, Gender, SSID, ID_Card) VALUES (177, 'Sherri Mendoza', '6737051032', 'simpsonpaul@example.net', 'M', '7991946146', 177);
INSERT INTO CUSTOMER (ID_Customer, CustomerName, PhoneNumber, Email, Gender, SSID, ID_Card) VALUES (178, 'Rick Bradley', '1547574699', 'gmueller@example.com', 'M', '0897959552', 178);
INSERT INTO CUSTOMER (ID_Customer, CustomerName, PhoneNumber, Email, Gender, SSID, ID_Card) VALUES (179, 'Michael Davis DDS', '0147503125', 'jrichards@example.net', 'F', '4181851646', 179);
INSERT INTO CUSTOMER (ID_Customer, CustomerName, PhoneNumber, Email, Gender, SSID, ID_Card) VALUES (180, 'Alejandro Fuller', '8959583219', 'kaylarobinson@example.net', 'M', '1971149588', 180);
INSERT INTO CUSTOMER (ID_Customer, CustomerName, PhoneNumber, Email, Gender, SSID, ID_Card) VALUES (181, 'Isaac Hill', '5099964662', 'hunterkelly@example.net', 'F', '6017182228', 181);
INSERT INTO CUSTOMER (ID_Customer, CustomerName, PhoneNumber, Email, Gender, SSID, ID_Card) VALUES (182, 'Heather Wade', '9184121609', 'djones@example.org', 'M', '9188302014', 182);
INSERT INTO CUSTOMER (ID_Customer, CustomerName, PhoneNumber, Email, Gender, SSID, ID_Card) VALUES (183, 'Rachel Davis', '5986289529', 'randylogan@example.net', 'F', '1382699403', 183);
INSERT INTO CUSTOMER (ID_Customer, CustomerName, PhoneNumber, Email, Gender, SSID, ID_Card) VALUES (184, 'Dr. Joel Scott MD', '7081801822', 'efowler@example.com', 'M', '4503448302', 184);
INSERT INTO CUSTOMER (ID_Customer, CustomerName, PhoneNumber, Email, Gender, SSID, ID_Card) VALUES (185, 'William Wright', '4362362727', 'craigherrera@example.com', 'F', '4819099108', 185);
INSERT INTO CUSTOMER (ID_Customer, CustomerName, PhoneNumber, Email, Gender, SSID, ID_Card) VALUES (186, 'Elizabeth Brown', '5420810879', 'shannon86@example.com', 'M', '2105792353', 186);
INSERT INTO CUSTOMER (ID_Customer, CustomerName, PhoneNumber, Email, Gender, SSID, ID_Card) VALUES (187, 'Donna Webster', '2063074658', 'mchase@example.net', 'F', '5976249946', 187);
INSERT INTO CUSTOMER (ID_Customer, CustomerName, PhoneNumber, Email, Gender, SSID, ID_Card) VALUES (188, 'Andrea Ochoa', '8363679745', 'kennedycheryl@example.org', 'M', '4317444087', 188);
INSERT INTO CUSTOMER (ID_Customer, CustomerName, PhoneNumber, Email, Gender, SSID, ID_Card) VALUES (189, 'Caitlin Clarke', '5994443627', 'vguzman@example.org', 'M', '2257486070', 189);
INSERT INTO CUSTOMER (ID_Customer, CustomerName, PhoneNumber, Email, Gender, SSID, ID_Card) VALUES (190, 'Misty Ortiz', '3682095507', 'kramirez@example.org', 'M', '1874204545', 190);
INSERT INTO CUSTOMER (ID_Customer, CustomerName, PhoneNumber, Email, Gender, SSID, ID_Card) VALUES (191, 'Ronnie Landry', '4785324930', 'ynash@example.com', 'M', '7515122490', 191);
INSERT INTO CUSTOMER (ID_Customer, CustomerName, PhoneNumber, Email, Gender, SSID, ID_Card) VALUES (192, 'Maria Cox', '2451226029', 'scott88@example.com', 'F', '6470737062', 192);
INSERT INTO CUSTOMER (ID_Customer, CustomerName, PhoneNumber, Email, Gender, SSID, ID_Card) VALUES (193, 'Jay Mitchell', '1677355249', 'michaelpeters@example.net', 'F', '6100677159', 193);
INSERT INTO CUSTOMER (ID_Customer, CustomerName, PhoneNumber, Email, Gender, SSID, ID_Card) VALUES (194, 'Maria Ortiz', '9566439042', 'tmorales@example.com', 'F', '2471557384', 194);
INSERT INTO CUSTOMER (ID_Customer, CustomerName, PhoneNumber, Email, Gender, SSID, ID_Card) VALUES (195, 'Paul Williams', '3785418094', 'higginsjennifer@example.net', 'M', '5286348732', 195);
INSERT INTO CUSTOMER (ID_Customer, CustomerName, PhoneNumber, Email, Gender, SSID, ID_Card) VALUES (196, 'Brandon Molina', '9535213499', 'snydermonique@example.org', 'M', '9246025797', 196);
INSERT INTO CUSTOMER (ID_Customer, CustomerName, PhoneNumber, Email, Gender, SSID, ID_Card) VALUES (197, 'Christopher Hernandez', '8944173919', 'qallen@example.org', 'M', '3283886772', 197);
INSERT INTO CUSTOMER (ID_Customer, CustomerName, PhoneNumber, Email, Gender, SSID, ID_Card) VALUES (198, 'Vincent Sanders', '8618586013', 'garrettmark@example.net', 'F', '5693189049', 198);
INSERT INTO CUSTOMER (ID_Customer, CustomerName, PhoneNumber, Email, Gender, SSID, ID_Card) VALUES (199, 'Stacy Romero', '6401986533', 'zcampbell@example.com', 'F', '6796279118', 199);
INSERT INTO CUSTOMER (ID_Customer, CustomerName, PhoneNumber, Email, Gender, SSID, ID_Card) VALUES (200, 'Tara Arnold', '1773469246', 'martha04@example.net', 'M', '4564153387', 200);
INSERT INTO CUSTOMER (ID_Customer, CustomerName, PhoneNumber, Email, Gender, SSID, ID_Card) VALUES (201, 'Lisa Robertson', '7125342904', 'usimmons@example.org', 'M', '0062795139', 201);
INSERT INTO CUSTOMER (ID_Customer, CustomerName, PhoneNumber, Email, Gender, SSID, ID_Card) VALUES (202, 'Vanessa Robinson', '7226187407', 'matthewporter@example.com', 'F', '2210401584', 202);
INSERT INTO CUSTOMER (ID_Customer, CustomerName, PhoneNumber, Email, Gender, SSID, ID_Card) VALUES (203, 'Mary Tate', '1160165390', 'christy97@example.org', 'M', '6563982316', 203);
INSERT INTO CUSTOMER (ID_Customer, CustomerName, PhoneNumber, Email, Gender, SSID, ID_Card) VALUES (204, 'Tiffany Calderon', '6474776626', 'nharmon@example.net', 'F', '6567666498', 204);
INSERT INTO CUSTOMER (ID_Customer, CustomerName, PhoneNumber, Email, Gender, SSID, ID_Card) VALUES (205, 'William Morgan', '2926803051', 'levyjo@example.com', 'M', '5492951887', 205);
INSERT INTO CUSTOMER (ID_Customer, CustomerName, PhoneNumber, Email, Gender, SSID, ID_Card) VALUES (206, 'Micheal Gray', '2020320962', 'contrerasdaniel@example.org', 'F', '4394459832', 206);
INSERT INTO CUSTOMER (ID_Customer, CustomerName, PhoneNumber, Email, Gender, SSID, ID_Card) VALUES (207, 'Taylor Deleon', '0210268338', 'jswanson@example.net', 'F', '9444762683', 207);
INSERT INTO CUSTOMER (ID_Customer, CustomerName, PhoneNumber, Email, Gender, SSID, ID_Card) VALUES (208, 'Wendy Alvarez', '6634611478', 'wunderwood@example.com', 'F', '9984729251', 208);
INSERT INTO CUSTOMER (ID_Customer, CustomerName, PhoneNumber, Email, Gender, SSID, ID_Card) VALUES (209, 'Katelyn Washington', '0336232244', 'ryantheresa@example.org', 'M', '9387242038', 209);
INSERT INTO CUSTOMER (ID_Customer, CustomerName, PhoneNumber, Email, Gender, SSID, ID_Card) VALUES (210, 'Michelle Green', '3354430215', 'morganstevens@example.com', 'M', '8530936918', 210);
INSERT INTO CUSTOMER (ID_Customer, CustomerName, PhoneNumber, Email, Gender, SSID, ID_Card) VALUES (211, 'Kyle Martin', '3320975041', 'joseph87@example.org', 'M', '5100969143', 211);
INSERT INTO CUSTOMER (ID_Customer, CustomerName, PhoneNumber, Email, Gender, SSID, ID_Card) VALUES (212, 'Philip Jones', '7948310256', 'joshua67@example.com', 'M', '8022040833', 212);
INSERT INTO CUSTOMER (ID_Customer, CustomerName, PhoneNumber, Email, Gender, SSID, ID_Card) VALUES (213, 'Stacy Velasquez', '6646996725', 'gallowayanna@example.net', 'M', '7127929912', 213);
INSERT INTO CUSTOMER (ID_Customer, CustomerName, PhoneNumber, Email, Gender, SSID, ID_Card) VALUES (214, 'Benjamin Hunt', '1525608270', 'mmiller@example.org', 'M', '2786465386', 214);
INSERT INTO CUSTOMER (ID_Customer, CustomerName, PhoneNumber, Email, Gender, SSID, ID_Card) VALUES (215, 'Mark Koch', '5399941712', 'dakotasanders@example.net', 'M', '2823365729', 215);
INSERT INTO CUSTOMER (ID_Customer, CustomerName, PhoneNumber, Email, Gender, SSID, ID_Card) VALUES (216, 'Parker Long', '1042526293', 'caitlynmartinez@example.net', 'F', '0859818331', 216);
INSERT INTO CUSTOMER (ID_Customer, CustomerName, PhoneNumber, Email, Gender, SSID, ID_Card) VALUES (217, 'Robert Fleming', '1605416269', 'kedwards@example.net', 'F', '6047732592', 217);
INSERT INTO CUSTOMER (ID_Customer, CustomerName, PhoneNumber, Email, Gender, SSID, ID_Card) VALUES (218, 'Martha Wells', '0810097993', 'sdixon@example.org', 'M', '7777774902', 218);
INSERT INTO CUSTOMER (ID_Customer, CustomerName, PhoneNumber, Email, Gender, SSID, ID_Card) VALUES (219, 'Edward Lozano', '5996614913', 'zali@example.com', 'M', '3517316056', 219);
INSERT INTO CUSTOMER (ID_Customer, CustomerName, PhoneNumber, Email, Gender, SSID, ID_Card) VALUES (220, 'Jeffrey Taylor', '9800950250', 'desireethomas@example.com', 'M', '6828065252', 220);
INSERT INTO CUSTOMER (ID_Customer, CustomerName, PhoneNumber, Email, Gender, SSID, ID_Card) VALUES (221, 'Jacqueline Smith', '5171275902', 'chayden@example.com', 'F', '0462605577', 221);
INSERT INTO CUSTOMER (ID_Customer, CustomerName, PhoneNumber, Email, Gender, SSID, ID_Card) VALUES (222, 'Steven Leonard', '4046346397', 'sperez@example.org', 'M', '8047062210', 222);
INSERT INTO CUSTOMER (ID_Customer, CustomerName, PhoneNumber, Email, Gender, SSID, ID_Card) VALUES (223, 'Linda Sanders', '1726453044', 'alexandra99@example.com', 'F', '6679930129', 223);
INSERT INTO CUSTOMER (ID_Customer, CustomerName, PhoneNumber, Email, Gender, SSID, ID_Card) VALUES (224, 'Michael Jones', '4800526309', 'david45@example.net', 'F', '9659484398', 224);
INSERT INTO CUSTOMER (ID_Customer, CustomerName, PhoneNumber, Email, Gender, SSID, ID_Card) VALUES (225, 'Danielle Huff', '5505762500', 'deborah52@example.net', 'M', '9426780729', 225);
INSERT INTO CUSTOMER (ID_Customer, CustomerName, PhoneNumber, Email, Gender, SSID, ID_Card) VALUES (226, 'Gregory Russell', '5096358829', 'hamiltonmichele@example.org', 'M', '1057774936', 226);
INSERT INTO CUSTOMER (ID_Customer, CustomerName, PhoneNumber, Email, Gender, SSID, ID_Card) VALUES (227, 'James Lopez', '7729900501', 'zmcgrath@example.com', 'M', '1850144200', 227);
INSERT INTO CUSTOMER (ID_Customer, CustomerName, PhoneNumber, Email, Gender, SSID, ID_Card) VALUES (228, 'Shannon Hale', '7031122917', 'ryankara@example.org', 'F', '7766644379', 228);
INSERT INTO CUSTOMER (ID_Customer, CustomerName, PhoneNumber, Email, Gender, SSID, ID_Card) VALUES (229, 'Jeff Andersen', '3706735789', 'joshuabennett@example.net', 'M', '8383357909', 229);
INSERT INTO CUSTOMER (ID_Customer, CustomerName, PhoneNumber, Email, Gender, SSID, ID_Card) VALUES (230, 'Jennifer Johnson', '5012249100', 'shawnwagner@example.org', 'F', '3549715561', 230);
INSERT INTO CUSTOMER (ID_Customer, CustomerName, PhoneNumber, Email, Gender, SSID, ID_Card) VALUES (231, 'Marcia Ward', '2470081739', 'andersonrebecca@example.org', 'F', '5017088178', 231);
INSERT INTO CUSTOMER (ID_Customer, CustomerName, PhoneNumber, Email, Gender, SSID, ID_Card) VALUES (232, 'Charles Mills', '7269597525', 'karen91@example.com', 'M', '8273622429', 232);
INSERT INTO CUSTOMER (ID_Customer, CustomerName, PhoneNumber, Email, Gender, SSID, ID_Card) VALUES (233, 'Felicia Kelly', '6516119738', 'jacobssusan@example.com', 'M', '7840878617', 233);
INSERT INTO CUSTOMER (ID_Customer, CustomerName, PhoneNumber, Email, Gender, SSID, ID_Card) VALUES (234, 'Michael Molina', '4044708023', 'casey41@example.org', 'F', '2476543929', 234);
INSERT INTO CUSTOMER (ID_Customer, CustomerName, PhoneNumber, Email, Gender, SSID, ID_Card) VALUES (235, 'James Stewart', '8434913688', 'welcholivia@example.org', 'F', '3042088859', 235);
INSERT INTO CUSTOMER (ID_Customer, CustomerName, PhoneNumber, Email, Gender, SSID, ID_Card) VALUES (236, 'Christopher Gonzales', '1531641452', 'stephen07@example.com', 'M', '4257177983', 236);
INSERT INTO CUSTOMER (ID_Customer, CustomerName, PhoneNumber, Email, Gender, SSID, ID_Card) VALUES (237, 'Clayton Wallace', '1582052421', 'matthew14@example.net', 'M', '9107000074', 237);
INSERT INTO CUSTOMER (ID_Customer, CustomerName, PhoneNumber, Email, Gender, SSID, ID_Card) VALUES (238, 'John Wiley', '9056717863', 'andrea61@example.net', 'M', '3440656970', 238);
INSERT INTO CUSTOMER (ID_Customer, CustomerName, PhoneNumber, Email, Gender, SSID, ID_Card) VALUES (239, 'Dwayne Martinez', '3717065439', 'lmeyer@example.net', 'F', '0262762301', 239);
INSERT INTO CUSTOMER (ID_Customer, CustomerName, PhoneNumber, Email, Gender, SSID, ID_Card) VALUES (240, 'Jasmin Hale', '1189003574', 'perrylindsay@example.com', 'M', '5614521013', 240);
INSERT INTO CUSTOMER (ID_Customer, CustomerName, PhoneNumber, Email, Gender, SSID, ID_Card) VALUES (241, 'Angela Clements', '2675138576', 'kaylee00@example.net', 'F', '3938409098', 241);
INSERT INTO CUSTOMER (ID_Customer, CustomerName, PhoneNumber, Email, Gender, SSID, ID_Card) VALUES (242, 'Kevin Cox', '1929072124', 'carlos42@example.net', 'M', '2747024427', 242);
INSERT INTO CUSTOMER (ID_Customer, CustomerName, PhoneNumber, Email, Gender, SSID, ID_Card) VALUES (243, 'Gregory Carter', '3873659492', 'matthew77@example.net', 'F', '2527848183', 243);
INSERT INTO CUSTOMER (ID_Customer, CustomerName, PhoneNumber, Email, Gender, SSID, ID_Card) VALUES (244, 'Beth Hill', '9031541342', 'jonesann@example.com', 'M', '5325724596', 244);
INSERT INTO CUSTOMER (ID_Customer, CustomerName, PhoneNumber, Email, Gender, SSID, ID_Card) VALUES (245, 'John Garcia', '0158221642', 'jasonkirby@example.org', 'M', '5630040116', 245);
INSERT INTO CUSTOMER (ID_Customer, CustomerName, PhoneNumber, Email, Gender, SSID, ID_Card) VALUES (246, 'Mike Morales', '9716526450', 'ggriffith@example.org', 'F', '5651668596', 246);
INSERT INTO CUSTOMER (ID_Customer, CustomerName, PhoneNumber, Email, Gender, SSID, ID_Card) VALUES (247, 'Dana Bates', '0298759617', 'matthew45@example.com', 'F', '2578037187', 247);
INSERT INTO CUSTOMER (ID_Customer, CustomerName, PhoneNumber, Email, Gender, SSID, ID_Card) VALUES (248, 'Anthony Moreno DDS', '1837049564', 'bhughes@example.net', 'F', '3291358099', 248);
INSERT INTO CUSTOMER (ID_Customer, CustomerName, PhoneNumber, Email, Gender, SSID, ID_Card) VALUES (249, 'Karen Warner', '0074766082', 'jonessarah@example.com', 'F', '1176906399', 249);
INSERT INTO CUSTOMER (ID_Customer, CustomerName, PhoneNumber, Email, Gender, SSID, ID_Card) VALUES (250, 'Cheryl Leach', '5803393586', 'carsonbrent@example.net', 'M', '0324635878', 250);
INSERT INTO REVIEW (ID_Review, ServiceScore, FoodScore, BranchScore, PriceScore, Comment) VALUES (1, 2, 4, 3, 3, 'Course example story marriage.');
INSERT INTO REVIEW (ID_Review, ServiceScore, FoodScore, BranchScore, PriceScore, Comment) VALUES (2, 3, 3, 4, 1, 'Body change wind.');
INSERT INTO REVIEW (ID_Review, ServiceScore, FoodScore, BranchScore, PriceScore, Comment) VALUES (3, 4, 4, 3, 3, 'Population blood treatment herself.');
INSERT INTO REVIEW (ID_Review, ServiceScore, FoodScore, BranchScore, PriceScore, Comment) VALUES (4, 4, 4, 4, 2, 'Difference two class.');
INSERT INTO REVIEW (ID_Review, ServiceScore, FoodScore, BranchScore, PriceScore, Comment) VALUES (5, 1, 4, 5, 3, 'Letter else kid tax benefit build.');
INSERT INTO REVIEW (ID_Review, ServiceScore, FoodScore, BranchScore, PriceScore, Comment) VALUES (6, 5, 4, 5, 4, 'Serious available between watch it treatment.');
INSERT INTO REVIEW (ID_Review, ServiceScore, FoodScore, BranchScore, PriceScore, Comment) VALUES (7, 2, 3, 1, 1, 'Generation serve take again nearly market pass.');
INSERT INTO REVIEW (ID_Review, ServiceScore, FoodScore, BranchScore, PriceScore, Comment) VALUES (8, 3, 3, 2, 1, 'Run main born human letter party future.');
INSERT INTO REVIEW (ID_Review, ServiceScore, FoodScore, BranchScore, PriceScore, Comment) VALUES (9, 1, 2, 4, 2, 'But of really want.');
INSERT INTO REVIEW (ID_Review, ServiceScore, FoodScore, BranchScore, PriceScore, Comment) VALUES (10, 4, 4, 3, 3, 'Single thought capital consider.');
INSERT INTO REVIEW (ID_Review, ServiceScore, FoodScore, BranchScore, PriceScore, Comment) VALUES (11, 4, 4, 4, 4, 'Model star to less thought movie.');
INSERT INTO REVIEW (ID_Review, ServiceScore, FoodScore, BranchScore, PriceScore, Comment) VALUES (12, 5, 1, 5, 1, 'Serious thus threat about.');
INSERT INTO REVIEW (ID_Review, ServiceScore, FoodScore, BranchScore, PriceScore, Comment) VALUES (13, 4, 3, 4, 4, 'Money movement fast marriage suggest decade senior.');
INSERT INTO REVIEW (ID_Review, ServiceScore, FoodScore, BranchScore, PriceScore, Comment) VALUES (14, 2, 4, 4, 1, 'Plan yourself stock forget north.');
INSERT INTO REVIEW (ID_Review, ServiceScore, FoodScore, BranchScore, PriceScore, Comment) VALUES (15, 2, 1, 3, 1, 'Hair generation offer source board onto often.');
INSERT INTO REVIEW (ID_Review, ServiceScore, FoodScore, BranchScore, PriceScore, Comment) VALUES (16, 2, 3, 1, 5, 'Main head now level.');
INSERT INTO REVIEW (ID_Review, ServiceScore, FoodScore, BranchScore, PriceScore, Comment) VALUES (17, 3, 2, 1, 5, 'Research whose interesting identify.');
INSERT INTO REVIEW (ID_Review, ServiceScore, FoodScore, BranchScore, PriceScore, Comment) VALUES (18, 4, 2, 1, 3, 'Just interview medical candidate director indicate with.');
INSERT INTO REVIEW (ID_Review, ServiceScore, FoodScore, BranchScore, PriceScore, Comment) VALUES (19, 1, 1, 1, 1, 'Purpose child stop return growth.');
INSERT INTO REVIEW (ID_Review, ServiceScore, FoodScore, BranchScore, PriceScore, Comment) VALUES (20, 4, 2, 1, 2, 'Western ago others glass military field task provide.');
INSERT INTO REVIEW (ID_Review, ServiceScore, FoodScore, BranchScore, PriceScore, Comment) VALUES (21, 3, 4, 4, 2, 'Almost oil own commercial sister.');
INSERT INTO REVIEW (ID_Review, ServiceScore, FoodScore, BranchScore, PriceScore, Comment) VALUES (22, 2, 3, 4, 5, 'Commercial easy necessary thought realize resource building.');
INSERT INTO REVIEW (ID_Review, ServiceScore, FoodScore, BranchScore, PriceScore, Comment) VALUES (23, 5, 2, 2, 4, 'Benefit generation edge yard where.');
INSERT INTO REVIEW (ID_Review, ServiceScore, FoodScore, BranchScore, PriceScore, Comment) VALUES (24, 4, 5, 2, 1, 'Majority who serious crime fight letter drug.');
INSERT INTO REVIEW (ID_Review, ServiceScore, FoodScore, BranchScore, PriceScore, Comment) VALUES (25, 4, 2, 4, 1, 'Hospital down much relationship reach suddenly weight.');
INSERT INTO REVIEW (ID_Review, ServiceScore, FoodScore, BranchScore, PriceScore, Comment) VALUES (26, 2, 5, 4, 5, 'What exist camera.');
INSERT INTO REVIEW (ID_Review, ServiceScore, FoodScore, BranchScore, PriceScore, Comment) VALUES (27, 5, 3, 1, 3, 'System anyone lead event.');
INSERT INTO REVIEW (ID_Review, ServiceScore, FoodScore, BranchScore, PriceScore, Comment) VALUES (28, 2, 4, 5, 2, 'Item doctor discuss author agent civil.');
INSERT INTO REVIEW (ID_Review, ServiceScore, FoodScore, BranchScore, PriceScore, Comment) VALUES (29, 4, 5, 5, 2, 'Blood number chance show three.');
INSERT INTO REVIEW (ID_Review, ServiceScore, FoodScore, BranchScore, PriceScore, Comment) VALUES (30, 3, 2, 5, 2, 'Great production mean another can role.');
INSERT INTO REVIEW (ID_Review, ServiceScore, FoodScore, BranchScore, PriceScore, Comment) VALUES (31, 4, 2, 4, 4, 'Lot measure officer late number employee.');
INSERT INTO REVIEW (ID_Review, ServiceScore, FoodScore, BranchScore, PriceScore, Comment) VALUES (32, 1, 4, 1, 3, 'Return foot onto choose simple body beat.');
INSERT INTO REVIEW (ID_Review, ServiceScore, FoodScore, BranchScore, PriceScore, Comment) VALUES (33, 4, 3, 4, 5, 'Trouble fear public compare.');
INSERT INTO REVIEW (ID_Review, ServiceScore, FoodScore, BranchScore, PriceScore, Comment) VALUES (34, 4, 3, 1, 3, 'Read rest walk her.');
INSERT INTO REVIEW (ID_Review, ServiceScore, FoodScore, BranchScore, PriceScore, Comment) VALUES (35, 3, 4, 1, 3, 'Art end phone meeting future agree natural.');
INSERT INTO REVIEW (ID_Review, ServiceScore, FoodScore, BranchScore, PriceScore, Comment) VALUES (36, 4, 5, 2, 1, 'Born to pull shake message shoulder plan mouth.');
INSERT INTO REVIEW (ID_Review, ServiceScore, FoodScore, BranchScore, PriceScore, Comment) VALUES (37, 4, 3, 2, 3, 'Agreement factor probably identify religious.');
INSERT INTO REVIEW (ID_Review, ServiceScore, FoodScore, BranchScore, PriceScore, Comment) VALUES (38, 4, 4, 4, 5, 'Story southern couple tend sea argue station.');
INSERT INTO REVIEW (ID_Review, ServiceScore, FoodScore, BranchScore, PriceScore, Comment) VALUES (39, 4, 1, 5, 1, 'Knowledge director year class medical especially all current.');
INSERT INTO REVIEW (ID_Review, ServiceScore, FoodScore, BranchScore, PriceScore, Comment) VALUES (40, 1, 3, 5, 3, 'Air relate never treatment scene off near.');
INSERT INTO REVIEW (ID_Review, ServiceScore, FoodScore, BranchScore, PriceScore, Comment) VALUES (41, 2, 2, 5, 5, 'Today finish strong raise only image.');
INSERT INTO REVIEW (ID_Review, ServiceScore, FoodScore, BranchScore, PriceScore, Comment) VALUES (42, 4, 3, 2, 4, 'Investment actually doctor offer expert exist television.');
INSERT INTO REVIEW (ID_Review, ServiceScore, FoodScore, BranchScore, PriceScore, Comment) VALUES (43, 1, 2, 4, 3, 'Seven fight sort hard.');
INSERT INTO REVIEW (ID_Review, ServiceScore, FoodScore, BranchScore, PriceScore, Comment) VALUES (44, 1, 1, 1, 5, 'City manager interesting south type community cultural.');
INSERT INTO REVIEW (ID_Review, ServiceScore, FoodScore, BranchScore, PriceScore, Comment) VALUES (45, 1, 1, 3, 1, 'Worry class far benefit sure TV.');
INSERT INTO [ORDER] (ID_Order, ID_Table, OrderDate, TotalPrice, ActualPrice, ID_Customer, ID_Review, ID_Employee, ID_Branch) VALUES (1, 186, '2024-12-18', 0, 0, 17, 1, 153, 7);
INSERT INTO [ORDER] (ID_Order, ID_Table, OrderDate, TotalPrice, ActualPrice, ID_Customer, ID_Review, ID_Employee, ID_Branch) VALUES (2, 164, '2024-08-08', 0, 0, 31, 2, 107, 7);
INSERT INTO [ORDER] (ID_Order, ID_Table, OrderDate, TotalPrice, ActualPrice, ID_Customer, ID_Review, ID_Employee, ID_Branch) VALUES (3, 363, '2024-10-23', 0, 0, 36, 3, 71, 14);
INSERT INTO [ORDER] (ID_Order, ID_Table, OrderDate, TotalPrice, ActualPrice, ID_Customer, ID_Review, ID_Employee, ID_Branch) VALUES (4, 376, '2023-10-20', 0, 0, 29, 4, 196, 15);
INSERT INTO [ORDER] (ID_Order, ID_Table, OrderDate, TotalPrice, ActualPrice, ID_Customer, ID_Review, ID_Employee, ID_Branch) VALUES (5, 117, '2024-03-11', 0, 0, 19, 5, 52, 5);
INSERT INTO [ORDER] (ID_Order, ID_Table, OrderDate, TotalPrice, ActualPrice, ID_Customer, ID_Review, ID_Employee, ID_Branch) VALUES (6, 165, '2024-06-24', 0, 0, 42, 6, 83, 7);
INSERT INTO [ORDER] (ID_Order, ID_Table, OrderDate, TotalPrice, ActualPrice, ID_Customer, ID_Review, ID_Employee, ID_Branch) VALUES (7, 233, '2023-03-01', 0, 0, 26, 7, 75, 9);
INSERT INTO [ORDER] (ID_Order, ID_Table, OrderDate, TotalPrice, ActualPrice, ID_Customer, ID_Review, ID_Employee, ID_Branch) VALUES (8, 61, '2024-02-25', 0, 0, 37, 8, 129, 3);
INSERT INTO [ORDER] (ID_Order, ID_Table, OrderDate, TotalPrice, ActualPrice, ID_Customer, ID_Review, ID_Employee, ID_Branch) VALUES (9, 93, '2023-07-09', 0, 0, 22, 9, 190, 4);
INSERT INTO [ORDER] (ID_Order, ID_Table, OrderDate, TotalPrice, ActualPrice, ID_Customer, ID_Review, ID_Employee, ID_Branch) VALUES (10, 297, '2023-10-24', 0, 0, 4, 10, 110, 12);
INSERT INTO [ORDER] (ID_Order, ID_Table, OrderDate, TotalPrice, ActualPrice, ID_Customer, ID_Review, ID_Employee, ID_Branch) VALUES (11, 320, '2024-02-20', 0, 0, 6, 11, 108, 12);
INSERT INTO [ORDER] (ID_Order, ID_Table, OrderDate, TotalPrice, ActualPrice, ID_Customer, ID_Review, ID_Employee, ID_Branch) VALUES (12, 150, '2024-02-08', 0, 0, 18, 12, 88, 6);
INSERT INTO [ORDER] (ID_Order, ID_Table, OrderDate, TotalPrice, ActualPrice, ID_Customer, ID_Review, ID_Employee, ID_Branch) VALUES (13, 222, '2023-05-10', 0, 0, 9, 13, 148, 9);
INSERT INTO [ORDER] (ID_Order, ID_Table, OrderDate, TotalPrice, ActualPrice, ID_Customer, ID_Review, ID_Employee, ID_Branch) VALUES (14, 109, '2024-06-01', 0, 0, 37, 14, 4, 4);
INSERT INTO [ORDER] (ID_Order, ID_Table, OrderDate, TotalPrice, ActualPrice, ID_Customer, ID_Review, ID_Employee, ID_Branch) VALUES (15, 341, '2024-09-29', 0, 0, 11, 15, 114, 13);
INSERT INTO [ORDER] (ID_Order, ID_Table, OrderDate, TotalPrice, ActualPrice, ID_Customer, ID_Review, ID_Employee, ID_Branch) VALUES (16, 239, '2023-09-16', 0, 0, 35, 16, 51, 10);
INSERT INTO [ORDER] (ID_Order, ID_Table, OrderDate, TotalPrice, ActualPrice, ID_Customer, ID_Review, ID_Employee, ID_Branch) VALUES (17, 154, '2023-02-12', 0, 0, 46, 17, 26, 6);
INSERT INTO [ORDER] (ID_Order, ID_Table, OrderDate, TotalPrice, ActualPrice, ID_Customer, ID_Review, ID_Employee, ID_Branch) VALUES (18, 107, '2024-01-06', 0, 0, 39, 18, 73, 4);
INSERT INTO [ORDER] (ID_Order, ID_Table, OrderDate, TotalPrice, ActualPrice, ID_Customer, ID_Review, ID_Employee, ID_Branch) VALUES (19, 179, '2023-11-29', 0, 0, 28, 19, 80, 7);
INSERT INTO [ORDER] (ID_Order, ID_Table, OrderDate, TotalPrice, ActualPrice, ID_Customer, ID_Review, ID_Employee, ID_Branch) VALUES (20, 58, '2024-10-08', 0, 0, 45, 20, 10, 3);
INSERT INTO [ORDER] (ID_Order, ID_Table, OrderDate, TotalPrice, ActualPrice, ID_Customer, ID_Review, ID_Employee, ID_Branch) VALUES (21, 338, '2023-03-17', 0, 0, 17, 21, 64, 13);
INSERT INTO [ORDER] (ID_Order, ID_Table, OrderDate, TotalPrice, ActualPrice, ID_Customer, ID_Review, ID_Employee, ID_Branch) VALUES (22, 118, '2023-11-05', 0, 0, 10, 22, 56, 5);
INSERT INTO [ORDER] (ID_Order, ID_Table, OrderDate, TotalPrice, ActualPrice, ID_Customer, ID_Review, ID_Employee, ID_Branch) VALUES (23, 138, '2024-05-08', 0, 0, 21, 23, 13, 6);
INSERT INTO [ORDER] (ID_Order, ID_Table, OrderDate, TotalPrice, ActualPrice, ID_Customer, ID_Review, ID_Employee, ID_Branch) VALUES (24, 8, '2024-02-09', 0, 0, 15, 24, 87, 1);
INSERT INTO [ORDER] (ID_Order, ID_Table, OrderDate, TotalPrice, ActualPrice, ID_Customer, ID_Review, ID_Employee, ID_Branch) VALUES (25, 152, '2023-07-04', 0, 0, 5, 25, 26, 6);
INSERT INTO [ORDER] (ID_Order, ID_Table, OrderDate, TotalPrice, ActualPrice, ID_Customer, ID_Review, ID_Employee, ID_Branch) VALUES (26, 22, '2022-12-26', 0, 0, 43, 26, 74, 1);
INSERT INTO [ORDER] (ID_Order, ID_Table, OrderDate, TotalPrice, ActualPrice, ID_Customer, ID_Review, ID_Employee, ID_Branch) VALUES (27, 157, '2024-08-15', 0, 0, 23, 27, 87, 6);
INSERT INTO [ORDER] (ID_Order, ID_Table, OrderDate, TotalPrice, ActualPrice, ID_Customer, ID_Review, ID_Employee, ID_Branch) VALUES (28, 34, '2024-04-28', 0, 0, 35, 28, 161, 2);
INSERT INTO [ORDER] (ID_Order, ID_Table, OrderDate, TotalPrice, ActualPrice, ID_Customer, ID_Review, ID_Employee, ID_Branch) VALUES (29, 48, '2024-10-06', 0, 0, 32, 29, 175, 2);
INSERT INTO [ORDER] (ID_Order, ID_Table, OrderDate, TotalPrice, ActualPrice, ID_Customer, ID_Review, ID_Employee, ID_Branch) VALUES (30, 339, '2023-05-09', 0, 0, 22, 30, 188, 13);
INSERT INTO [ORDER] (ID_Order, ID_Table, OrderDate, TotalPrice, ActualPrice, ID_Customer, ID_Review, ID_Employee, ID_Branch) VALUES (31, 381, '2023-10-18', 0, 0, 14, 31, 162, 15);
INSERT INTO [ORDER] (ID_Order, ID_Table, OrderDate, TotalPrice, ActualPrice, ID_Customer, ID_Review, ID_Employee, ID_Branch) VALUES (32, 400, '2024-04-10', 0, 0, 25, 32, 30, 15);
INSERT INTO [ORDER] (ID_Order, ID_Table, OrderDate, TotalPrice, ActualPrice, ID_Customer, ID_Review, ID_Employee, ID_Branch) VALUES (33, 138, '2024-05-14', 0, 0, 12, 33, 199, 6);
INSERT INTO [ORDER] (ID_Order, ID_Table, OrderDate, TotalPrice, ActualPrice, ID_Customer, ID_Review, ID_Employee, ID_Branch) VALUES (34, 182, '2024-03-25', 0, 0, 1, 34, 110, 7);
INSERT INTO [ORDER] (ID_Order, ID_Table, OrderDate, TotalPrice, ActualPrice, ID_Customer, ID_Review, ID_Employee, ID_Branch) VALUES (35, 285, '2023-03-30', 0, 0, 5, 35, 39, 11);
INSERT INTO [ORDER] (ID_Order, ID_Table, OrderDate, TotalPrice, ActualPrice, ID_Customer, ID_Review, ID_Employee, ID_Branch) VALUES (36, NULL, '2023-10-06', 0, 0, 43, 36, 13, 8);
INSERT INTO [ORDER] (ID_Order, ID_Table, OrderDate, TotalPrice, ActualPrice, ID_Customer, ID_Review, ID_Employee, ID_Branch) VALUES (37, NULL, '2023-08-18', 0, 0, 46, 37, 156, 11);
INSERT INTO [ORDER] (ID_Order, ID_Table, OrderDate, TotalPrice, ActualPrice, ID_Customer, ID_Review, ID_Employee, ID_Branch) VALUES (38, NULL, '2024-11-19', 0, 0, 19, 38, 178, 2);
INSERT INTO [ORDER] (ID_Order, ID_Table, OrderDate, TotalPrice, ActualPrice, ID_Customer, ID_Review, ID_Employee, ID_Branch) VALUES (39, NULL, '2023-08-10', 0, 0, 38, 39, 98, 8);
INSERT INTO [ORDER] (ID_Order, ID_Table, OrderDate, TotalPrice, ActualPrice, ID_Customer, ID_Review, ID_Employee, ID_Branch) VALUES (40, NULL, '2024-05-03', 0, 0, 14, 40, 198, 11);
INSERT INTO [ORDER] (ID_Order, ID_Table, OrderDate, TotalPrice, ActualPrice, ID_Customer, ID_Review, ID_Employee, ID_Branch) VALUES (41, NULL, '2024-02-12', 0, 0, 19, 41, 149, 5);
INSERT INTO [ORDER] (ID_Order, ID_Table, OrderDate, TotalPrice, ActualPrice, ID_Customer, ID_Review, ID_Employee, ID_Branch) VALUES (42, NULL, '2023-09-05', 0, 0, 40, 42, 164, 3);
INSERT INTO [ORDER] (ID_Order, ID_Table, OrderDate, TotalPrice, ActualPrice, ID_Customer, ID_Review, ID_Employee, ID_Branch) VALUES (43, NULL, '2024-02-15', 0, 0, 34, 43, 151, 1);
INSERT INTO [ORDER] (ID_Order, ID_Table, OrderDate, TotalPrice, ActualPrice, ID_Customer, ID_Review, ID_Employee, ID_Branch) VALUES (44, NULL, '2022-12-31', 0, 0, 17, 44, 52, 5);
INSERT INTO [ORDER] (ID_Order, ID_Table, OrderDate, TotalPrice, ActualPrice, ID_Customer, ID_Review, ID_Employee, ID_Branch) VALUES (45, NULL, '2024-06-29', 0, 0, 37, 45, 172, 8);
EXEC dbo.INSERT_ORDER_FOOD 302, 1, 5;
EXEC dbo.INSERT_ORDER_FOOD 265, 1, 3;
EXEC dbo.INSERT_ORDER_FOOD 265, 1, 4;
EXEC dbo.INSERT_ORDER_FOOD 205, 1, 1;
EXEC dbo.INSERT_ORDER_FOOD 165, 2, 5;
EXEC dbo.INSERT_ORDER_FOOD 588, 2, 5;
EXEC dbo.INSERT_ORDER_FOOD 71, 2, 1;
EXEC dbo.INSERT_ORDER_FOOD 478, 2, 1;
EXEC dbo.INSERT_ORDER_FOOD 370, 2, 2;
EXEC dbo.INSERT_ORDER_FOOD 370, 2, 3;
EXEC dbo.INSERT_ORDER_FOOD 9, 2, 2;
EXEC dbo.INSERT_ORDER_FOOD 421, 3, 2;
EXEC dbo.INSERT_ORDER_FOOD 586, 3, 2;
EXEC dbo.INSERT_ORDER_FOOD 63, 3, 2;
EXEC dbo.INSERT_ORDER_FOOD 126, 3, 5;
EXEC dbo.INSERT_ORDER_FOOD 300, 3, 3;
EXEC dbo.INSERT_ORDER_FOOD 145, 3, 3;
EXEC dbo.INSERT_ORDER_FOOD 170, 4, 4;
EXEC dbo.INSERT_ORDER_FOOD 231, 4, 5;
EXEC dbo.INSERT_ORDER_FOOD 471, 4, 1;
EXEC dbo.INSERT_ORDER_FOOD 392, 4, 5;
EXEC dbo.INSERT_ORDER_FOOD 170, 4, 3;
EXEC dbo.INSERT_ORDER_FOOD 461, 4, 5;
EXEC dbo.INSERT_ORDER_FOOD 171, 4, 1;
EXEC dbo.INSERT_ORDER_FOOD 263, 5, 3;
EXEC dbo.INSERT_ORDER_FOOD 263, 5, 4;
EXEC dbo.INSERT_ORDER_FOOD 291, 5, 5;
EXEC dbo.INSERT_ORDER_FOOD 229, 6, 1;
EXEC dbo.INSERT_ORDER_FOOD 309, 6, 3;
EXEC dbo.INSERT_ORDER_FOOD 487, 6, 3;
EXEC dbo.INSERT_ORDER_FOOD 212, 6, 3;
EXEC dbo.INSERT_ORDER_FOOD 9, 6, 2;
EXEC dbo.INSERT_ORDER_FOOD 403, 7, 3;
EXEC dbo.INSERT_ORDER_FOOD 325, 7, 2;
EXEC dbo.INSERT_ORDER_FOOD 17, 7, 4;
EXEC dbo.INSERT_ORDER_FOOD 345, 7, 2;
EXEC dbo.INSERT_ORDER_FOOD 536, 7, 2;
EXEC dbo.INSERT_ORDER_FOOD 536, 7, 4;
EXEC dbo.INSERT_ORDER_FOOD 346, 8, 1;
EXEC dbo.INSERT_ORDER_FOOD 64, 8, 5;
EXEC dbo.INSERT_ORDER_FOOD 438, 8, 2;
EXEC dbo.INSERT_ORDER_FOOD 179, 8, 1;
EXEC dbo.INSERT_ORDER_FOOD 393, 8, 3;
EXEC dbo.INSERT_ORDER_FOOD 438, 8, 3;
EXEC dbo.INSERT_ORDER_FOOD 253, 8, 3;
EXEC dbo.INSERT_ORDER_FOOD 346, 8, 4;
EXEC dbo.INSERT_ORDER_FOOD 274, 9, 3;
EXEC dbo.INSERT_ORDER_FOOD 596, 9, 1;
EXEC dbo.INSERT_ORDER_FOOD 232, 9, 4;
EXEC dbo.INSERT_ORDER_FOOD 46, 10, 3;
EXEC dbo.INSERT_ORDER_FOOD 287, 10, 1;
EXEC dbo.INSERT_ORDER_FOOD 202, 10, 3;
EXEC dbo.INSERT_ORDER_FOOD 415, 10, 4;
EXEC dbo.INSERT_ORDER_FOOD 377, 10, 5;
EXEC dbo.INSERT_ORDER_FOOD 43, 10, 3;
EXEC dbo.INSERT_ORDER_FOOD 183, 10, 4;
EXEC dbo.INSERT_ORDER_FOOD 339, 10, 5;
EXEC dbo.INSERT_ORDER_FOOD 24, 11, 3;
EXEC dbo.INSERT_ORDER_FOOD 172, 12, 3;
EXEC dbo.INSERT_ORDER_FOOD 538, 12, 5;
EXEC dbo.INSERT_ORDER_FOOD 419, 12, 5;
EXEC dbo.INSERT_ORDER_FOOD 466, 13, 3;
EXEC dbo.INSERT_ORDER_FOOD 251, 13, 1;
EXEC dbo.INSERT_ORDER_FOOD 273, 13, 3;
EXEC dbo.INSERT_ORDER_FOOD 204, 14, 5;
EXEC dbo.INSERT_ORDER_FOOD 306, 14, 1;
EXEC dbo.INSERT_ORDER_FOOD 364, 15, 1;
EXEC dbo.INSERT_ORDER_FOOD 457, 15, 5;
EXEC dbo.INSERT_ORDER_FOOD 221, 15, 3;
EXEC dbo.INSERT_ORDER_FOOD 442, 15, 1;
EXEC dbo.INSERT_ORDER_FOOD 315, 15, 1;
EXEC dbo.INSERT_ORDER_FOOD 272, 15, 5;
EXEC dbo.INSERT_ORDER_FOOD 457, 15, 1;
EXEC dbo.INSERT_ORDER_FOOD 442, 15, 3;
EXEC dbo.INSERT_ORDER_FOOD 233, 15, 4;
EXEC dbo.INSERT_ORDER_FOOD 275, 16, 4;
EXEC dbo.INSERT_ORDER_FOOD 275, 16, 5;
EXEC dbo.INSERT_ORDER_FOOD 569, 16, 3;
EXEC dbo.INSERT_ORDER_FOOD 584, 16, 4;
EXEC dbo.INSERT_ORDER_FOOD 62, 16, 2;
EXEC dbo.INSERT_ORDER_FOOD 390, 16, 1;
EXEC dbo.INSERT_ORDER_FOOD 502, 16, 2;
EXEC dbo.INSERT_ORDER_FOOD 72, 16, 4;
EXEC dbo.INSERT_ORDER_FOOD 511, 17, 2;
EXEC dbo.INSERT_ORDER_FOOD 127, 17, 4;
EXEC dbo.INSERT_ORDER_FOOD 419, 17, 5;
EXEC dbo.INSERT_ORDER_FOOD 570, 17, 4;
EXEC dbo.INSERT_ORDER_FOOD 137, 17, 4;
EXEC dbo.INSERT_ORDER_FOOD 388, 17, 2;
EXEC dbo.INSERT_ORDER_FOOD 424, 17, 3;
EXEC dbo.INSERT_ORDER_FOOD 270, 18, 2;
EXEC dbo.INSERT_ORDER_FOOD 370, 19, 5;
EXEC dbo.INSERT_ORDER_FOOD 229, 19, 3;
EXEC dbo.INSERT_ORDER_FOOD 60, 19, 3;
EXEC dbo.INSERT_ORDER_FOOD 571, 19, 1;
EXEC dbo.INSERT_ORDER_FOOD 74, 19, 1;
EXEC dbo.INSERT_ORDER_FOOD 141, 19, 2;
EXEC dbo.INSERT_ORDER_FOOD 212, 19, 2;
EXEC dbo.INSERT_ORDER_FOOD 393, 20, 1;
EXEC dbo.INSERT_ORDER_FOOD 116, 21, 1;
EXEC dbo.INSERT_ORDER_FOOD 448, 21, 3;
EXEC dbo.INSERT_ORDER_FOOD 36, 21, 2;
EXEC dbo.INSERT_ORDER_FOOD 221, 21, 4;
EXEC dbo.INSERT_ORDER_FOOD 414, 21, 4;
EXEC dbo.INSERT_ORDER_FOOD 206, 21, 5;
EXEC dbo.INSERT_ORDER_FOOD 383, 21, 3;
EXEC dbo.INSERT_ORDER_FOOD 182, 22, 1;
EXEC dbo.INSERT_ORDER_FOOD 224, 22, 2;
EXEC dbo.INSERT_ORDER_FOOD 21, 22, 3;
EXEC dbo.INSERT_ORDER_FOOD 8, 22, 1;
EXEC dbo.INSERT_ORDER_FOOD 363, 22, 1;
EXEC dbo.INSERT_ORDER_FOOD 578, 22, 5;
EXEC dbo.INSERT_ORDER_FOOD 176, 22, 1;
EXEC dbo.INSERT_ORDER_FOOD 68, 23, 4;
EXEC dbo.INSERT_ORDER_FOOD 172, 23, 5;
EXEC dbo.INSERT_ORDER_FOOD 597, 23, 5;
EXEC dbo.INSERT_ORDER_FOOD 172, 23, 1;
EXEC dbo.INSERT_ORDER_FOOD 570, 23, 4;
EXEC dbo.INSERT_ORDER_FOOD 172, 23, 3;
EXEC dbo.INSERT_ORDER_FOOD 469, 23, 1;
EXEC dbo.INSERT_ORDER_FOOD 485, 23, 1;
EXEC dbo.INSERT_ORDER_FOOD 371, 23, 3;
EXEC dbo.INSERT_ORDER_FOOD 543, 23, 2;
EXEC dbo.INSERT_ORDER_FOOD 149, 24, 5;
EXEC dbo.INSERT_ORDER_FOOD 391, 24, 4;
EXEC dbo.INSERT_ORDER_FOOD 52, 24, 4;
EXEC dbo.INSERT_ORDER_FOOD 388, 25, 4;
EXEC dbo.INSERT_ORDER_FOOD 508, 25, 3;
EXEC dbo.INSERT_ORDER_FOOD 517, 25, 5;
EXEC dbo.INSERT_ORDER_FOOD 104, 25, 5;
EXEC dbo.INSERT_ORDER_FOOD 61, 26, 2;
EXEC dbo.INSERT_ORDER_FOOD 52, 26, 2;
EXEC dbo.INSERT_ORDER_FOOD 530, 26, 3;
EXEC dbo.INSERT_ORDER_FOOD 495, 26, 2;
EXEC dbo.INSERT_ORDER_FOOD 511, 27, 3;
EXEC dbo.INSERT_ORDER_FOOD 327, 27, 5;
EXEC dbo.INSERT_ORDER_FOOD 570, 27, 4;
EXEC dbo.INSERT_ORDER_FOOD 401, 27, 2;
EXEC dbo.INSERT_ORDER_FOOD 282, 28, 1;
EXEC dbo.INSERT_ORDER_FOOD 555, 28, 1;
EXEC dbo.INSERT_ORDER_FOOD 348, 28, 3;
EXEC dbo.INSERT_ORDER_FOOD 358, 29, 4;
EXEC dbo.INSERT_ORDER_FOOD 101, 29, 5;
EXEC dbo.INSERT_ORDER_FOOD 256, 29, 1;
EXEC dbo.INSERT_ORDER_FOOD 82, 29, 2;
EXEC dbo.INSERT_ORDER_FOOD 389, 30, 5;
EXEC dbo.INSERT_ORDER_FOOD 79, 30, 1;
EXEC dbo.INSERT_ORDER_FOOD 121, 31, 5;
EXEC dbo.INSERT_ORDER_FOOD 381, 31, 3;
EXEC dbo.INSERT_ORDER_FOOD 385, 31, 5;
EXEC dbo.INSERT_ORDER_FOOD 171, 31, 1;
EXEC dbo.INSERT_ORDER_FOOD 369, 31, 4;
EXEC dbo.INSERT_ORDER_FOOD 115, 31, 5;
EXEC dbo.INSERT_ORDER_FOOD 471, 32, 1;
EXEC dbo.INSERT_ORDER_FOOD 171, 32, 4;
EXEC dbo.INSERT_ORDER_FOOD 381, 32, 3;
EXEC dbo.INSERT_ORDER_FOOD 392, 32, 1;
EXEC dbo.INSERT_ORDER_FOOD 103, 32, 2;
EXEC dbo.INSERT_ORDER_FOOD 115, 32, 5;
EXEC dbo.INSERT_ORDER_FOOD 570, 33, 1;
EXEC dbo.INSERT_ORDER_FOOD 485, 33, 5;
EXEC dbo.INSERT_ORDER_FOOD 570, 33, 3;
EXEC dbo.INSERT_ORDER_FOOD 66, 33, 4;
EXEC dbo.INSERT_ORDER_FOOD 371, 33, 5;
EXEC dbo.INSERT_ORDER_FOOD 189, 33, 1;
EXEC dbo.INSERT_ORDER_FOOD 93, 33, 4;
EXEC dbo.INSERT_ORDER_FOOD 104, 33, 2;
EXEC dbo.INSERT_ORDER_FOOD 517, 33, 1;
EXEC dbo.INSERT_ORDER_FOOD 545, 34, 2;
EXEC dbo.INSERT_ORDER_FOOD 416, 35, 1;
EXEC dbo.INSERT_ORDER_FOOD 452, 35, 1;
EXEC dbo.INSERT_ORDER_FOOD 226, 36, 2;
EXEC dbo.INSERT_ORDER_FOOD 308, 36, 1;
EXEC dbo.INSERT_ORDER_FOOD 311, 36, 5;
EXEC dbo.INSERT_ORDER_FOOD 69, 36, 3;
EXEC dbo.INSERT_ORDER_FOOD 41, 36, 3;
EXEC dbo.INSERT_ORDER_FOOD 541, 37, 4;
EXEC dbo.INSERT_ORDER_FOOD 180, 37, 2;
EXEC dbo.INSERT_ORDER_FOOD 373, 37, 5;
EXEC dbo.INSERT_ORDER_FOOD 452, 37, 1;
EXEC dbo.INSERT_ORDER_FOOD 344, 37, 3;
EXEC dbo.INSERT_ORDER_FOOD 223, 37, 1;
EXEC dbo.INSERT_ORDER_FOOD 96, 37, 1;
EXEC dbo.INSERT_ORDER_FOOD 180, 37, 5;
EXEC dbo.INSERT_ORDER_FOOD 418, 37, 2;
EXEC dbo.INSERT_ORDER_FOOD 2, 38, 4;
EXEC dbo.INSERT_ORDER_FOOD 387, 38, 5;
EXEC dbo.INSERT_ORDER_FOOD 57, 38, 5;
EXEC dbo.INSERT_ORDER_FOOD 358, 38, 5;
EXEC dbo.INSERT_ORDER_FOOD 110, 38, 1;
EXEC dbo.INSERT_ORDER_FOOD 408, 38, 2;
EXEC dbo.INSERT_ORDER_FOOD 321, 38, 3;
EXEC dbo.INSERT_ORDER_FOOD 85, 38, 5;
EXEC dbo.INSERT_ORDER_FOOD 256, 38, 4;
EXEC dbo.INSERT_ORDER_FOOD 41, 39, 5;
EXEC dbo.INSERT_ORDER_FOOD 264, 39, 3;
EXEC dbo.INSERT_ORDER_FOOD 65, 39, 1;
EXEC dbo.INSERT_ORDER_FOOD 240, 39, 5;
EXEC dbo.INSERT_ORDER_FOOD 32, 40, 3;
EXEC dbo.INSERT_ORDER_FOOD 109, 40, 2;
EXEC dbo.INSERT_ORDER_FOOD 48, 40, 5;
EXEC dbo.INSERT_ORDER_FOOD 67, 40, 2;
EXEC dbo.INSERT_ORDER_FOOD 305, 40, 1;
EXEC dbo.INSERT_ORDER_FOOD 289, 40, 5;
EXEC dbo.INSERT_ORDER_FOOD 289, 40, 2;
EXEC dbo.INSERT_ORDER_FOOD 20, 40, 4;
EXEC dbo.INSERT_ORDER_FOOD 565, 41, 1;
EXEC dbo.INSERT_ORDER_FOOD 19, 41, 2;
EXEC dbo.INSERT_ORDER_FOOD 286, 41, 3;
EXEC dbo.INSERT_ORDER_FOOD 186, 41, 1;
EXEC dbo.INSERT_ORDER_FOOD 207, 41, 4;
EXEC dbo.INSERT_ORDER_FOOD 331, 41, 4;
EXEC dbo.INSERT_ORDER_FOOD 155, 42, 4;
EXEC dbo.INSERT_ORDER_FOOD 147, 42, 3;
EXEC dbo.INSERT_ORDER_FOOD 549, 42, 2;
EXEC dbo.INSERT_ORDER_FOOD 236, 42, 1;
EXEC dbo.INSERT_ORDER_FOOD 187, 43, 5;
EXEC dbo.INSERT_ORDER_FOOD 468, 43, 3;
EXEC dbo.INSERT_ORDER_FOOD 527, 44, 1;
EXEC dbo.INSERT_ORDER_FOOD 437, 45, 2;
EXEC dbo.INSERT_ORDER_FOOD 3, 45, 5;
EXEC dbo.INSERT_ORDER_FOOD 130, 45, 2;
EXEC dbo.INSERT_ORDER_FOOD 357, 45, 4;
EXEC dbo.INSERT_ORDER_FOOD 136, 45, 5;
EXEC dbo.INSERT_ORDER_FOOD 65, 45, 5;
INSERT INTO ONLINE_ORDER (ID_Online, TimeOrder) VALUES (36, '07:07:09');
INSERT INTO ONLINE_ORDER (ID_Online, TimeOrder) VALUES (37, '16:08:06');
INSERT INTO ONLINE_ORDER (ID_Online, TimeOrder) VALUES (38, '20:44:20');
INSERT INTO ONLINE_ORDER (ID_Online, TimeOrder) VALUES (39, '19:58:52');
INSERT INTO ONLINE_ORDER (ID_Online, TimeOrder) VALUES (40, '15:31:15');
INSERT INTO ONLINE_ORDER (ID_Online, TimeOrder) VALUES (41, '02:54:32');
INSERT INTO ONLINE_ORDER (ID_Online, TimeOrder) VALUES (42, '01:05:23');
INSERT INTO ONLINE_ORDER (ID_Online, TimeOrder) VALUES (43, '02:54:31');
INSERT INTO ONLINE_ORDER (ID_Online, TimeOrder) VALUES (44, '06:18:50');
INSERT INTO ONLINE_ORDER (ID_Online, TimeOrder) VALUES (45, '11:09:58');
INSERT INTO RESERVATION_ORDER (ID_Reservation, ID_Table, ArrivalTime, NumberOfPeople, Notes) VALUES (1, 186, '06:09:32', 1, NULL);
INSERT INTO RESERVATION_ORDER (ID_Reservation, ID_Table, ArrivalTime, NumberOfPeople, Notes) VALUES (2, 164, '16:18:08', 4, NULL);
INSERT INTO RESERVATION_ORDER (ID_Reservation, ID_Table, ArrivalTime, NumberOfPeople, Notes) VALUES (3, 363, '19:07:40', 7, NULL);
INSERT INTO RESERVATION_ORDER (ID_Reservation, ID_Table, ArrivalTime, NumberOfPeople, Notes) VALUES (4, 376, '04:56:58', 5, NULL);
INSERT INTO RESERVATION_ORDER (ID_Reservation, ID_Table, ArrivalTime, NumberOfPeople, Notes) VALUES (5, 117, '11:38:07', 7, NULL);
INSERT INTO RESERVATION_ORDER (ID_Reservation, ID_Table, ArrivalTime, NumberOfPeople, Notes) VALUES (6, 165, '15:04:33', 1, NULL);
INSERT INTO RESERVATION_ORDER (ID_Reservation, ID_Table, ArrivalTime, NumberOfPeople, Notes) VALUES (7, 233, '01:19:09', 7, NULL);
INSERT INTO RESERVATION_ORDER (ID_Reservation, ID_Table, ArrivalTime, NumberOfPeople, Notes) VALUES (8, 61, '17:08:51', 4, NULL);
INSERT INTO RESERVATION_ORDER (ID_Reservation, ID_Table, ArrivalTime, NumberOfPeople, Notes) VALUES (9, 93, '03:16:24', 8, NULL);
INSERT INTO RESERVATION_ORDER (ID_Reservation, ID_Table, ArrivalTime, NumberOfPeople, Notes) VALUES (10, 297, '17:18:38', 2, NULL);
INSERT INTO RESERVATION_ORDER (ID_Reservation, ID_Table, ArrivalTime, NumberOfPeople, Notes) VALUES (11, 320, '08:53:09', 3, NULL);
INSERT INTO RESERVATION_ORDER (ID_Reservation, ID_Table, ArrivalTime, NumberOfPeople, Notes) VALUES (12, 150, '19:18:56', 4, NULL);
INSERT INTO RESERVATION_ORDER (ID_Reservation, ID_Table, ArrivalTime, NumberOfPeople, Notes) VALUES (13, 222, '00:26:51', 4, NULL);
INSERT INTO RESERVATION_ORDER (ID_Reservation, ID_Table, ArrivalTime, NumberOfPeople, Notes) VALUES (14, 109, '18:28:57', 2, NULL);
INSERT INTO RESERVATION_ORDER (ID_Reservation, ID_Table, ArrivalTime, NumberOfPeople, Notes) VALUES (15, 341, '15:28:13', 3, NULL);
INSERT INTO RESERVATION_ORDER (ID_Reservation, ID_Table, ArrivalTime, NumberOfPeople, Notes) VALUES (16, 239, '12:33:41', 3, NULL);
INSERT INTO RESERVATION_ORDER (ID_Reservation, ID_Table, ArrivalTime, NumberOfPeople, Notes) VALUES (17, 154, '12:29:05', 1, NULL);
