INSERT INTO AREA (ID_Area, AreaName) VALUES ('1', 'Nicholstown');
INSERT INTO AREA (ID_Area, AreaName) VALUES ('2', 'East Cheryl');
INSERT INTO AREA (ID_Area, AreaName) VALUES ('3', 'Williamstad');
INSERT INTO AREA (ID_Area, AreaName) VALUES ('4', 'Port Jaimeborough');
INSERT INTO AREA (ID_Area, AreaName) VALUES ('5', 'New Thomasborough');
INSERT INTO DEPARTMENT (ID_Department, DepartmentName, Salary) VALUES (1, 'Management', 15000000);
INSERT INTO DEPARTMENT (ID_Department, DepartmentName, Salary) VALUES (2, 'Kitchen', 15000000);
INSERT INTO DEPARTMENT (ID_Department, DepartmentName, Salary) VALUES (3, 'Cleaning', 13000000);
INSERT INTO DEPARTMENT (ID_Department, DepartmentName, Salary) VALUES (4, 'Security', 12500000);
INSERT INTO DEPARTMENT (ID_Department, DepartmentName, Salary) VALUES (5, 'Reception', 7500000);
INSERT INTO DEPARTMENT (ID_Department, DepartmentName, Salary) VALUES (6, 'Accounting', 11500000);
INSERT INTO DEPARTMENT (ID_Department, DepartmentName, Salary) VALUES (7, 'Service', 18000000);
INSERT INTO EMPLOYEE (ID_Employee, EmployeeName, DoB, PhoneNumber, Gender, ID_Department) VALUES (1, 'Douglas Phillips', '1997-10-21', '6393873167', 'F', 1);
INSERT INTO EMPLOYEE (ID_Employee, EmployeeName, DoB, PhoneNumber, Gender, ID_Department) VALUES (2, 'Christopher Morris', '1999-11-23', '6345233310', 'F', 1);
INSERT INTO EMPLOYEE (ID_Employee, EmployeeName, DoB, PhoneNumber, Gender, ID_Department) VALUES (3, 'Michael Thompson', '1964-04-06', '8144960835', 'M', 1);
INSERT INTO EMPLOYEE (ID_Employee, EmployeeName, DoB, PhoneNumber, Gender, ID_Department) VALUES (4, 'Brad Mitchell', '2000-06-06', '0449827286', 'F', 1);
INSERT INTO EMPLOYEE (ID_Employee, EmployeeName, DoB, PhoneNumber, Gender, ID_Department) VALUES (5, 'Robin Smith', '1977-10-26', '1548819553', 'F', 1);
INSERT INTO EMPLOYEE (ID_Employee, EmployeeName, DoB, PhoneNumber, Gender, ID_Department) VALUES (6, 'Bradley Rowland', '1970-01-21', '1924521078', 'F', 1);
INSERT INTO EMPLOYEE (ID_Employee, EmployeeName, DoB, PhoneNumber, Gender, ID_Department) VALUES (7, 'Dr. Rose Anderson', '1984-06-14', '7847387984', 'F', 1);
INSERT INTO EMPLOYEE (ID_Employee, EmployeeName, DoB, PhoneNumber, Gender, ID_Department) VALUES (8, 'Jamie Arnold', '2002-06-28', '1589960460', 'F', 1);
INSERT INTO EMPLOYEE (ID_Employee, EmployeeName, DoB, PhoneNumber, Gender, ID_Department) VALUES (9, 'Mary Long', '1978-11-30', '1249152498', 'F', 1);
INSERT INTO EMPLOYEE (ID_Employee, EmployeeName, DoB, PhoneNumber, Gender, ID_Department) VALUES (10, 'Kelly Nguyen', '1987-10-10', '6735513821', 'M', 1);
INSERT INTO EMPLOYEE (ID_Employee, EmployeeName, DoB, PhoneNumber, Gender, ID_Department) VALUES (11, 'Luke Black', '1995-10-02', '1186130843', 'M', 1);
INSERT INTO EMPLOYEE (ID_Employee, EmployeeName, DoB, PhoneNumber, Gender, ID_Department) VALUES (12, 'Brandon Cunningham', '1996-12-11', '9203383244', 'F', 1);
INSERT INTO EMPLOYEE (ID_Employee, EmployeeName, DoB, PhoneNumber, Gender, ID_Department) VALUES (13, 'John Johnson', '1986-03-12', '1419327811', 'F', 1);
INSERT INTO EMPLOYEE (ID_Employee, EmployeeName, DoB, PhoneNumber, Gender, ID_Department) VALUES (14, 'Eric Yang', '1989-04-03', '5488592257', 'F', 1);
INSERT INTO EMPLOYEE (ID_Employee, EmployeeName, DoB, PhoneNumber, Gender, ID_Department) VALUES (15, 'Stefanie Holmes', '1972-07-26', '8969828316', 'F', 1);
INSERT INTO EMPLOYEE (ID_Employee, EmployeeName, DoB, PhoneNumber, Gender, ID_Department) VALUES (16, 'Anita Perry', '1991-05-06', '4839044901', 'F', 7);
INSERT INTO EMPLOYEE (ID_Employee, EmployeeName, DoB, PhoneNumber, Gender, ID_Department) VALUES (17, 'Dennis Rodgers', '1960-03-25', '8144872156', 'F', 5);
INSERT INTO EMPLOYEE (ID_Employee, EmployeeName, DoB, PhoneNumber, Gender, ID_Department) VALUES (18, 'Christopher Singleton', '1991-05-26', '2322347063', 'F', 2);
INSERT INTO EMPLOYEE (ID_Employee, EmployeeName, DoB, PhoneNumber, Gender, ID_Department) VALUES (19, 'Justin Walker', '1963-06-02', '9555406687', 'F', 2);
INSERT INTO EMPLOYEE (ID_Employee, EmployeeName, DoB, PhoneNumber, Gender, ID_Department) VALUES (20, 'Joseph Shaw', '1972-05-09', '1961288001', 'M', 6);
INSERT INTO EMPLOYEE (ID_Employee, EmployeeName, DoB, PhoneNumber, Gender, ID_Department) VALUES (21, 'William Schmidt', '1970-12-24', '5056823853', 'F', 3);
INSERT INTO EMPLOYEE (ID_Employee, EmployeeName, DoB, PhoneNumber, Gender, ID_Department) VALUES (22, 'Jeremy Singh', '1967-02-17', '6934810232', 'F', 2);
INSERT INTO EMPLOYEE (ID_Employee, EmployeeName, DoB, PhoneNumber, Gender, ID_Department) VALUES (23, 'Jack Leonard', '2006-02-28', '7168729723', 'F', 4);
INSERT INTO EMPLOYEE (ID_Employee, EmployeeName, DoB, PhoneNumber, Gender, ID_Department) VALUES (24, 'Brenda Wood', '2004-02-04', '6900603906', 'F', 3);
INSERT INTO EMPLOYEE (ID_Employee, EmployeeName, DoB, PhoneNumber, Gender, ID_Department) VALUES (25, 'Derek Smith', '1979-12-26', '0040390150', 'M', 7);
INSERT INTO EMPLOYEE (ID_Employee, EmployeeName, DoB, PhoneNumber, Gender, ID_Department) VALUES (26, 'John Martin', '1996-09-21', '1767495916', 'F', 5);
INSERT INTO EMPLOYEE (ID_Employee, EmployeeName, DoB, PhoneNumber, Gender, ID_Department) VALUES (27, 'Kathryn Herring', '1969-11-08', '2804326854', 'M', 2);
INSERT INTO EMPLOYEE (ID_Employee, EmployeeName, DoB, PhoneNumber, Gender, ID_Department) VALUES (28, 'Valerie Anderson', '1960-07-15', '6316951907', 'M', 6);
INSERT INTO EMPLOYEE (ID_Employee, EmployeeName, DoB, PhoneNumber, Gender, ID_Department) VALUES (29, 'Heidi Reyes', '1987-05-10', '0697339863', 'F', 2);
INSERT INTO EMPLOYEE (ID_Employee, EmployeeName, DoB, PhoneNumber, Gender, ID_Department) VALUES (30, 'Daniel Gordon', '1979-10-10', '8631690079', 'F', 3);
INSERT INTO EMPLOYEE (ID_Employee, EmployeeName, DoB, PhoneNumber, Gender, ID_Department) VALUES (31, 'Charles Thompson', '1969-02-16', '9164889576', 'M', 7);
INSERT INTO EMPLOYEE (ID_Employee, EmployeeName, DoB, PhoneNumber, Gender, ID_Department) VALUES (32, 'Mark Barton', '1982-09-18', '7530762142', 'F', 3);
INSERT INTO EMPLOYEE (ID_Employee, EmployeeName, DoB, PhoneNumber, Gender, ID_Department) VALUES (33, 'James Martin', '1991-07-08', '8059609509', 'M', 2);
INSERT INTO EMPLOYEE (ID_Employee, EmployeeName, DoB, PhoneNumber, Gender, ID_Department) VALUES (34, 'Carlos Moon', '1981-05-26', '7362022503', 'M', 5);
INSERT INTO EMPLOYEE (ID_Employee, EmployeeName, DoB, PhoneNumber, Gender, ID_Department) VALUES (35, 'Beverly Hamilton', '1978-06-28', '6813830341', 'F', 4);
INSERT INTO EMPLOYEE (ID_Employee, EmployeeName, DoB, PhoneNumber, Gender, ID_Department) VALUES (36, 'Ashley Vasquez', '2006-06-13', '6369263109', 'F', 5);
INSERT INTO EMPLOYEE (ID_Employee, EmployeeName, DoB, PhoneNumber, Gender, ID_Department) VALUES (37, 'Allen Hutchinson', '1983-07-05', '0551329564', 'M', 5);
INSERT INTO EMPLOYEE (ID_Employee, EmployeeName, DoB, PhoneNumber, Gender, ID_Department) VALUES (38, 'Bryan Harris', '1968-06-25', '5668023713', 'M', 2);
INSERT INTO EMPLOYEE (ID_Employee, EmployeeName, DoB, PhoneNumber, Gender, ID_Department) VALUES (39, 'Kristen Russo', '1993-12-23', '5759119057', 'F', 3);
INSERT INTO EMPLOYEE (ID_Employee, EmployeeName, DoB, PhoneNumber, Gender, ID_Department) VALUES (40, 'Diane Gentry', '1986-12-26', '3655474431', 'F', 7);
INSERT INTO EMPLOYEE (ID_Employee, EmployeeName, DoB, PhoneNumber, Gender, ID_Department) VALUES (41, 'Sheila Thomas', '1964-04-09', '8426239839', 'F', 3);
INSERT INTO EMPLOYEE (ID_Employee, EmployeeName, DoB, PhoneNumber, Gender, ID_Department) VALUES (42, 'Richard Thomas', '1966-05-27', '0300747186', 'F', 2);
INSERT INTO EMPLOYEE (ID_Employee, EmployeeName, DoB, PhoneNumber, Gender, ID_Department) VALUES (43, 'Jennifer Grant', '1960-03-07', '1446902454', 'M', 5);
INSERT INTO EMPLOYEE (ID_Employee, EmployeeName, DoB, PhoneNumber, Gender, ID_Department) VALUES (44, 'Jenna Davenport', '1984-02-15', '6236400148', 'F', 2);
INSERT INTO EMPLOYEE (ID_Employee, EmployeeName, DoB, PhoneNumber, Gender, ID_Department) VALUES (45, 'Kyle Patterson', '1965-03-17', '5449045888', 'M', 4);
INSERT INTO EMPLOYEE (ID_Employee, EmployeeName, DoB, PhoneNumber, Gender, ID_Department) VALUES (46, 'Angela Thomas', '1976-07-31', '9546605055', 'F', 3);
INSERT INTO EMPLOYEE (ID_Employee, EmployeeName, DoB, PhoneNumber, Gender, ID_Department) VALUES (47, 'Melanie Glover', '2002-09-06', '8595650972', 'F', 5);
INSERT INTO EMPLOYEE (ID_Employee, EmployeeName, DoB, PhoneNumber, Gender, ID_Department) VALUES (48, 'Ronald Garza', '2000-05-29', '0010636200', 'F', 5);
INSERT INTO EMPLOYEE (ID_Employee, EmployeeName, DoB, PhoneNumber, Gender, ID_Department) VALUES (49, 'Alan Ward', '1977-08-31', '1049988215', 'F', 3);
INSERT INTO EMPLOYEE (ID_Employee, EmployeeName, DoB, PhoneNumber, Gender, ID_Department) VALUES (50, 'Michael Bray', '1990-11-24', '6155916466', 'F', 5);
INSERT INTO EMPLOYEE (ID_Employee, EmployeeName, DoB, PhoneNumber, Gender, ID_Department) VALUES (51, 'Brandy Anderson', '1993-04-04', '3235203992', 'M', 7);
INSERT INTO EMPLOYEE (ID_Employee, EmployeeName, DoB, PhoneNumber, Gender, ID_Department) VALUES (52, 'Jill Arnold', '1976-03-04', '4459312044', 'M', 5);
INSERT INTO EMPLOYEE (ID_Employee, EmployeeName, DoB, PhoneNumber, Gender, ID_Department) VALUES (53, 'Anthony Cunningham', '2004-11-06', '9465637825', 'F', 7);
INSERT INTO EMPLOYEE (ID_Employee, EmployeeName, DoB, PhoneNumber, Gender, ID_Department) VALUES (54, 'Robert Johnson', '1978-03-13', '8616337647', 'M', 5);
INSERT INTO EMPLOYEE (ID_Employee, EmployeeName, DoB, PhoneNumber, Gender, ID_Department) VALUES (55, 'Holly Shaw', '1999-10-12', '1043232227', 'F', 2);
INSERT INTO EMPLOYEE (ID_Employee, EmployeeName, DoB, PhoneNumber, Gender, ID_Department) VALUES (56, 'Andres Hancock', '1998-05-06', '3258893095', 'M', 3);
INSERT INTO EMPLOYEE (ID_Employee, EmployeeName, DoB, PhoneNumber, Gender, ID_Department) VALUES (57, 'Alexis Boone', '1967-10-01', '3541271989', 'M', 2);
INSERT INTO EMPLOYEE (ID_Employee, EmployeeName, DoB, PhoneNumber, Gender, ID_Department) VALUES (58, 'Cynthia Booth', '1967-02-15', '8601038595', 'M', 6);
INSERT INTO EMPLOYEE (ID_Employee, EmployeeName, DoB, PhoneNumber, Gender, ID_Department) VALUES (59, 'Grace Harmon', '1997-06-09', '5238298840', 'M', 7);
INSERT INTO EMPLOYEE (ID_Employee, EmployeeName, DoB, PhoneNumber, Gender, ID_Department) VALUES (60, 'Jacob Wright', '1962-05-22', '3542649881', 'M', 7);
INSERT INTO EMPLOYEE (ID_Employee, EmployeeName, DoB, PhoneNumber, Gender, ID_Department) VALUES (61, 'Angela Cuevas', '1999-04-13', '5260832174', 'M', 2);
INSERT INTO EMPLOYEE (ID_Employee, EmployeeName, DoB, PhoneNumber, Gender, ID_Department) VALUES (62, 'Bryan Castillo', '2000-01-20', '8775661889', 'M', 3);
INSERT INTO EMPLOYEE (ID_Employee, EmployeeName, DoB, PhoneNumber, Gender, ID_Department) VALUES (63, 'Jeremy Bishop', '1964-06-09', '0502533963', 'M', 7);
INSERT INTO EMPLOYEE (ID_Employee, EmployeeName, DoB, PhoneNumber, Gender, ID_Department) VALUES (64, 'Tony Christensen', '1982-10-04', '4598555682', 'F', 4);
INSERT INTO EMPLOYEE (ID_Employee, EmployeeName, DoB, PhoneNumber, Gender, ID_Department) VALUES (65, 'April Rangel', '1971-01-30', '6653208841', 'F', 7);
INSERT INTO EMPLOYEE (ID_Employee, EmployeeName, DoB, PhoneNumber, Gender, ID_Department) VALUES (66, 'Sharon Rodriguez', '1980-11-21', '3224393930', 'F', 2);
INSERT INTO EMPLOYEE (ID_Employee, EmployeeName, DoB, PhoneNumber, Gender, ID_Department) VALUES (67, 'Keith Quinn', '1976-12-22', '3172469311', 'M', 6);
INSERT INTO EMPLOYEE (ID_Employee, EmployeeName, DoB, PhoneNumber, Gender, ID_Department) VALUES (68, 'Margaret Hicks', '1973-09-09', '4585461921', 'F', 3);
INSERT INTO EMPLOYEE (ID_Employee, EmployeeName, DoB, PhoneNumber, Gender, ID_Department) VALUES (69, 'Cory Carlson', '1973-11-15', '3744165101', 'M', 2);
INSERT INTO EMPLOYEE (ID_Employee, EmployeeName, DoB, PhoneNumber, Gender, ID_Department) VALUES (70, 'Stephanie Howell', '1990-02-08', '0977934592', 'M', 2);
INSERT INTO EMPLOYEE (ID_Employee, EmployeeName, DoB, PhoneNumber, Gender, ID_Department) VALUES (71, 'Linda Andrews', '1992-02-11', '4591194778', 'M', 4);
INSERT INTO EMPLOYEE (ID_Employee, EmployeeName, DoB, PhoneNumber, Gender, ID_Department) VALUES (72, 'Julie Gutierrez', '1962-09-06', '9980420217', 'F', 7);
INSERT INTO EMPLOYEE (ID_Employee, EmployeeName, DoB, PhoneNumber, Gender, ID_Department) VALUES (73, 'Leslie Johnson', '1969-05-27', '8333276321', 'F', 6);
INSERT INTO EMPLOYEE (ID_Employee, EmployeeName, DoB, PhoneNumber, Gender, ID_Department) VALUES (74, 'Nicole Barrett', '1997-08-01', '1630993052', 'M', 7);
INSERT INTO EMPLOYEE (ID_Employee, EmployeeName, DoB, PhoneNumber, Gender, ID_Department) VALUES (75, 'Susan Sanchez', '1976-04-06', '0310392114', 'M', 7);
INSERT INTO EMPLOYEE (ID_Employee, EmployeeName, DoB, PhoneNumber, Gender, ID_Department) VALUES (76, 'Jacqueline King', '1975-11-29', '5444937119', 'M', 4);
INSERT INTO EMPLOYEE (ID_Employee, EmployeeName, DoB, PhoneNumber, Gender, ID_Department) VALUES (77, 'Dr. David Carpenter MD', '1969-11-12', '5205696316', 'F', 7);
INSERT INTO EMPLOYEE (ID_Employee, EmployeeName, DoB, PhoneNumber, Gender, ID_Department) VALUES (78, 'Jenny Martin', '1977-02-07', '1548660211', 'F', 2);
INSERT INTO EMPLOYEE (ID_Employee, EmployeeName, DoB, PhoneNumber, Gender, ID_Department) VALUES (79, 'John Harris', '1985-03-19', '8512372457', 'F', 5);
INSERT INTO EMPLOYEE (ID_Employee, EmployeeName, DoB, PhoneNumber, Gender, ID_Department) VALUES (80, 'Stephen Boone', '2001-01-30', '1995050944', 'F', 6);
INSERT INTO EMPLOYEE (ID_Employee, EmployeeName, DoB, PhoneNumber, Gender, ID_Department) VALUES (81, 'Carla Ellis', '1995-06-11', '9608922774', 'M', 2);
INSERT INTO EMPLOYEE (ID_Employee, EmployeeName, DoB, PhoneNumber, Gender, ID_Department) VALUES (82, 'Thomas Russell', '1972-05-18', '4189729323', 'M', 7);
INSERT INTO EMPLOYEE (ID_Employee, EmployeeName, DoB, PhoneNumber, Gender, ID_Department) VALUES (83, 'Scott Cruz', '1963-02-24', '7774654704', 'F', 4);
INSERT INTO EMPLOYEE (ID_Employee, EmployeeName, DoB, PhoneNumber, Gender, ID_Department) VALUES (84, 'Jose Wheeler DDS', '1963-05-07', '7362303347', 'M', 7);
INSERT INTO EMPLOYEE (ID_Employee, EmployeeName, DoB, PhoneNumber, Gender, ID_Department) VALUES (85, 'Emily Perry', '1980-03-25', '5167622776', 'F', 4);
INSERT INTO EMPLOYEE (ID_Employee, EmployeeName, DoB, PhoneNumber, Gender, ID_Department) VALUES (86, 'Jerry Vazquez', '1963-10-19', '1702723583', 'M', 5);
INSERT INTO EMPLOYEE (ID_Employee, EmployeeName, DoB, PhoneNumber, Gender, ID_Department) VALUES (87, 'Jerry Allen', '1995-12-07', '6891616416', 'M', 5);
INSERT INTO EMPLOYEE (ID_Employee, EmployeeName, DoB, PhoneNumber, Gender, ID_Department) VALUES (88, 'Dennis Garrett', '1961-03-03', '0269512075', 'M', 2);
INSERT INTO EMPLOYEE (ID_Employee, EmployeeName, DoB, PhoneNumber, Gender, ID_Department) VALUES (89, 'Cynthia Williams', '1991-03-15', '0898844545', 'M', 6);
INSERT INTO EMPLOYEE (ID_Employee, EmployeeName, DoB, PhoneNumber, Gender, ID_Department) VALUES (90, 'Amanda Holder', '1988-09-11', '6996442843', 'F', 4);
INSERT INTO EMPLOYEE (ID_Employee, EmployeeName, DoB, PhoneNumber, Gender, ID_Department) VALUES (91, 'Joshua Morris', '1971-08-04', '8807939110', 'M', 5);
INSERT INTO EMPLOYEE (ID_Employee, EmployeeName, DoB, PhoneNumber, Gender, ID_Department) VALUES (92, 'Jason Webster', '1966-04-06', '7404124788', 'M', 2);
INSERT INTO EMPLOYEE (ID_Employee, EmployeeName, DoB, PhoneNumber, Gender, ID_Department) VALUES (93, 'Johnny Ford', '1999-02-27', '5910053884', 'F', 2);
INSERT INTO EMPLOYEE (ID_Employee, EmployeeName, DoB, PhoneNumber, Gender, ID_Department) VALUES (94, 'Zachary Warren', '1981-12-13', '7754426119', 'F', 2);
INSERT INTO EMPLOYEE (ID_Employee, EmployeeName, DoB, PhoneNumber, Gender, ID_Department) VALUES (95, 'Elizabeth Allen', '1960-10-16', '6426085532', 'F', 3);
INSERT INTO EMPLOYEE (ID_Employee, EmployeeName, DoB, PhoneNumber, Gender, ID_Department) VALUES (96, 'Shelly Gibson', '2002-08-12', '6399448946', 'F', 7);
INSERT INTO EMPLOYEE (ID_Employee, EmployeeName, DoB, PhoneNumber, Gender, ID_Department) VALUES (97, 'Dr. Sara Henderson DDS', '1978-07-20', '5794747109', 'F', 2);
INSERT INTO EMPLOYEE (ID_Employee, EmployeeName, DoB, PhoneNumber, Gender, ID_Department) VALUES (98, 'Jason Griffin', '1983-01-30', '0425811287', 'F', 5);
INSERT INTO EMPLOYEE (ID_Employee, EmployeeName, DoB, PhoneNumber, Gender, ID_Department) VALUES (99, 'Kylie Weaver', '1985-05-29', '7261038451', 'M', 3);
INSERT INTO EMPLOYEE (ID_Employee, EmployeeName, DoB, PhoneNumber, Gender, ID_Department) VALUES (100, 'Julia Stephenson', '1960-02-28', '7524126911', 'F', 4);
INSERT INTO EMPLOYEE (ID_Employee, EmployeeName, DoB, PhoneNumber, Gender, ID_Department) VALUES (101, 'Rachel Dean', '1981-06-14', '9039972986', 'F', 3);
INSERT INTO EMPLOYEE (ID_Employee, EmployeeName, DoB, PhoneNumber, Gender, ID_Department) VALUES (102, 'Christopher Lara', '1994-11-02', '5838426399', 'F', 3);
INSERT INTO EMPLOYEE (ID_Employee, EmployeeName, DoB, PhoneNumber, Gender, ID_Department) VALUES (103, 'Erica Green', '1960-03-29', '3032408014', 'M', 2);
INSERT INTO EMPLOYEE (ID_Employee, EmployeeName, DoB, PhoneNumber, Gender, ID_Department) VALUES (104, 'Chris Pratt', '1959-03-21', '8606340234', 'M', 7);
INSERT INTO EMPLOYEE (ID_Employee, EmployeeName, DoB, PhoneNumber, Gender, ID_Department) VALUES (105, 'Michael Anderson', '2002-11-25', '8266808162', 'F', 2);
INSERT INTO EMPLOYEE (ID_Employee, EmployeeName, DoB, PhoneNumber, Gender, ID_Department) VALUES (106, 'Trevor Turner', '2003-07-08', '7303415295', 'F', 6);
INSERT INTO EMPLOYEE (ID_Employee, EmployeeName, DoB, PhoneNumber, Gender, ID_Department) VALUES (107, 'Leslie Stevens', '1980-05-15', '3632301995', 'M', 7);
INSERT INTO EMPLOYEE (ID_Employee, EmployeeName, DoB, PhoneNumber, Gender, ID_Department) VALUES (108, 'Lucas Davis', '1993-01-02', '9660033387', 'M', 5);
INSERT INTO EMPLOYEE (ID_Employee, EmployeeName, DoB, PhoneNumber, Gender, ID_Department) VALUES (109, 'Jessica Beck', '1978-05-14', '2242852706', 'M', 5);
INSERT INTO EMPLOYEE (ID_Employee, EmployeeName, DoB, PhoneNumber, Gender, ID_Department) VALUES (110, 'Shelley Perry', '1967-11-09', '9086823131', 'M', 3);
INSERT INTO EMPLOYEE (ID_Employee, EmployeeName, DoB, PhoneNumber, Gender, ID_Department) VALUES (111, 'Jacqueline Gonzalez', '1994-05-28', '5985197247', 'M', 2);
INSERT INTO EMPLOYEE (ID_Employee, EmployeeName, DoB, PhoneNumber, Gender, ID_Department) VALUES (112, 'Timothy Henry', '1989-05-18', '9348497638', 'F', 4);
INSERT INTO EMPLOYEE (ID_Employee, EmployeeName, DoB, PhoneNumber, Gender, ID_Department) VALUES (113, 'Matthew Perry', '1996-02-08', '2752992531', 'F', 4);
INSERT INTO EMPLOYEE (ID_Employee, EmployeeName, DoB, PhoneNumber, Gender, ID_Department) VALUES (114, 'Larry Shaw', '1959-06-11', '8371786979', 'F', 6);
INSERT INTO EMPLOYEE (ID_Employee, EmployeeName, DoB, PhoneNumber, Gender, ID_Department) VALUES (115, 'Andrea Torres', '1970-02-16', '2189061087', 'F', 5);
INSERT INTO EMPLOYEE (ID_Employee, EmployeeName, DoB, PhoneNumber, Gender, ID_Department) VALUES (116, 'Emily Decker', '2004-11-13', '1530056191', 'F', 2);
INSERT INTO EMPLOYEE (ID_Employee, EmployeeName, DoB, PhoneNumber, Gender, ID_Department) VALUES (117, 'Joshua Mcguire', '1991-02-26', '6904421702', 'F', 7);
INSERT INTO EMPLOYEE (ID_Employee, EmployeeName, DoB, PhoneNumber, Gender, ID_Department) VALUES (118, 'Brenda Perkins', '1998-10-16', '8289088936', 'M', 5);
INSERT INTO EMPLOYEE (ID_Employee, EmployeeName, DoB, PhoneNumber, Gender, ID_Department) VALUES (119, 'Andrew Knox', '1979-06-18', '7971090270', 'M', 5);
INSERT INTO EMPLOYEE (ID_Employee, EmployeeName, DoB, PhoneNumber, Gender, ID_Department) VALUES (120, 'John Murphy', '1989-01-17', '6892436056', 'M', 5);
INSERT INTO EMPLOYEE (ID_Employee, EmployeeName, DoB, PhoneNumber, Gender, ID_Department) VALUES (121, 'Sara Allen', '2005-08-17', '7300956299', 'F', 2);
INSERT INTO EMPLOYEE (ID_Employee, EmployeeName, DoB, PhoneNumber, Gender, ID_Department) VALUES (122, 'Kimberly Howell', '1979-04-05', '8399667321', 'M', 2);
INSERT INTO EMPLOYEE (ID_Employee, EmployeeName, DoB, PhoneNumber, Gender, ID_Department) VALUES (123, 'Tim Robbins', '1970-12-27', '0510977566', 'M', 4);
INSERT INTO EMPLOYEE (ID_Employee, EmployeeName, DoB, PhoneNumber, Gender, ID_Department) VALUES (124, 'Andrew Hernandez', '1990-03-28', '9898948833', 'F', 6);
INSERT INTO EMPLOYEE (ID_Employee, EmployeeName, DoB, PhoneNumber, Gender, ID_Department) VALUES (125, 'Timothy Khan', '1961-02-12', '8010666348', 'M', 7);
INSERT INTO EMPLOYEE (ID_Employee, EmployeeName, DoB, PhoneNumber, Gender, ID_Department) VALUES (126, 'Kimberly Schmidt', '1985-04-25', '3310964327', 'M', 4);
INSERT INTO EMPLOYEE (ID_Employee, EmployeeName, DoB, PhoneNumber, Gender, ID_Department) VALUES (127, 'Teresa Hanna', '1963-08-14', '9130650491', 'M', 5);
INSERT INTO EMPLOYEE (ID_Employee, EmployeeName, DoB, PhoneNumber, Gender, ID_Department) VALUES (128, 'Andrew Thomas', '1964-03-19', '1257826730', 'F', 4);
INSERT INTO EMPLOYEE (ID_Employee, EmployeeName, DoB, PhoneNumber, Gender, ID_Department) VALUES (129, 'Carla Norman', '1991-08-13', '0145787494', 'M', 3);
INSERT INTO EMPLOYEE (ID_Employee, EmployeeName, DoB, PhoneNumber, Gender, ID_Department) VALUES (130, 'Charles Graham', '1974-07-01', '3383366128', 'M', 4);
INSERT INTO EMPLOYEE (ID_Employee, EmployeeName, DoB, PhoneNumber, Gender, ID_Department) VALUES (131, 'Vanessa Reynolds', '1971-05-04', '0677795880', 'F', 2);
INSERT INTO EMPLOYEE (ID_Employee, EmployeeName, DoB, PhoneNumber, Gender, ID_Department) VALUES (132, 'Shawn Lee', '2000-11-21', '9240664949', 'F', 5);
INSERT INTO EMPLOYEE (ID_Employee, EmployeeName, DoB, PhoneNumber, Gender, ID_Department) VALUES (133, 'Andrew Walker', '1982-12-19', '6546190108', 'F', 4);
INSERT INTO EMPLOYEE (ID_Employee, EmployeeName, DoB, PhoneNumber, Gender, ID_Department) VALUES (134, 'Jessica Ray', '2005-09-03', '3870692672', 'F', 5);
INSERT INTO EMPLOYEE (ID_Employee, EmployeeName, DoB, PhoneNumber, Gender, ID_Department) VALUES (135, 'Andrew Jimenez', '1978-05-05', '2064233709', 'F', 4);
INSERT INTO EMPLOYEE (ID_Employee, EmployeeName, DoB, PhoneNumber, Gender, ID_Department) VALUES (136, 'John Willis', '1964-06-23', '3327863095', 'F', 2);
INSERT INTO EMPLOYEE (ID_Employee, EmployeeName, DoB, PhoneNumber, Gender, ID_Department) VALUES (137, 'Shawna Williams', '2003-09-20', '1717549490', 'M', 2);
INSERT INTO EMPLOYEE (ID_Employee, EmployeeName, DoB, PhoneNumber, Gender, ID_Department) VALUES (138, 'Stephanie Johnson', '1974-03-09', '4921384603', 'M', 7);
INSERT INTO EMPLOYEE (ID_Employee, EmployeeName, DoB, PhoneNumber, Gender, ID_Department) VALUES (139, 'Curtis Miller', '1988-06-06', '4263129295', 'M', 6);
INSERT INTO EMPLOYEE (ID_Employee, EmployeeName, DoB, PhoneNumber, Gender, ID_Department) VALUES (140, 'Christopher Bell', '1959-09-06', '4831630725', 'M', 3);
INSERT INTO EMPLOYEE (ID_Employee, EmployeeName, DoB, PhoneNumber, Gender, ID_Department) VALUES (141, 'Edward Scott', '1978-01-21', '9160587423', 'M', 3);
INSERT INTO EMPLOYEE (ID_Employee, EmployeeName, DoB, PhoneNumber, Gender, ID_Department) VALUES (142, 'Thomas Kirby', '1978-11-11', '5857554295', 'F', 4);
INSERT INTO EMPLOYEE (ID_Employee, EmployeeName, DoB, PhoneNumber, Gender, ID_Department) VALUES (143, 'Dr. Jason Kennedy', '1969-03-07', '3399121926', 'F', 5);
INSERT INTO EMPLOYEE (ID_Employee, EmployeeName, DoB, PhoneNumber, Gender, ID_Department) VALUES (144, 'Charles Hayes', '2006-12-02', '3790165655', 'M', 6);
INSERT INTO EMPLOYEE (ID_Employee, EmployeeName, DoB, PhoneNumber, Gender, ID_Department) VALUES (145, 'Julie Cook', '1978-07-16', '4691652983', 'M', 5);
INSERT INTO EMPLOYEE (ID_Employee, EmployeeName, DoB, PhoneNumber, Gender, ID_Department) VALUES (146, 'Richard Smith', '1961-02-25', '3132359962', 'M', 7);
INSERT INTO EMPLOYEE (ID_Employee, EmployeeName, DoB, PhoneNumber, Gender, ID_Department) VALUES (147, 'Alejandro Thomas', '1970-06-14', '5136557274', 'M', 7);
INSERT INTO EMPLOYEE (ID_Employee, EmployeeName, DoB, PhoneNumber, Gender, ID_Department) VALUES (148, 'Colin Young', '1982-06-28', '5547558098', 'F', 7);
INSERT INTO EMPLOYEE (ID_Employee, EmployeeName, DoB, PhoneNumber, Gender, ID_Department) VALUES (149, 'Russell Wood', '1973-02-25', '6687655031', 'M', 5);
INSERT INTO EMPLOYEE (ID_Employee, EmployeeName, DoB, PhoneNumber, Gender, ID_Department) VALUES (150, 'Steven Mosley', '1960-04-18', '0498232256', 'M', 4);
INSERT INTO EMPLOYEE (ID_Employee, EmployeeName, DoB, PhoneNumber, Gender, ID_Department) VALUES (151, 'Brandi Chaney', '1993-04-09', '4520806028', 'F', 6);
INSERT INTO EMPLOYEE (ID_Employee, EmployeeName, DoB, PhoneNumber, Gender, ID_Department) VALUES (152, 'Michael Norris', '2002-11-14', '8620326309', 'F', 2);
INSERT INTO EMPLOYEE (ID_Employee, EmployeeName, DoB, PhoneNumber, Gender, ID_Department) VALUES (153, 'Anthony Klein', '1963-07-30', '9066991124', 'F', 7);
INSERT INTO EMPLOYEE (ID_Employee, EmployeeName, DoB, PhoneNumber, Gender, ID_Department) VALUES (154, 'Miguel Fields Jr.', '1974-11-28', '7046580093', 'M', 3);
INSERT INTO EMPLOYEE (ID_Employee, EmployeeName, DoB, PhoneNumber, Gender, ID_Department) VALUES (155, 'Lisa Graham', '1976-08-14', '2710758767', 'M', 3);
INSERT INTO EMPLOYEE (ID_Employee, EmployeeName, DoB, PhoneNumber, Gender, ID_Department) VALUES (156, 'Rodney Patton', '1966-01-29', '7601648115', 'M', 6);
INSERT INTO EMPLOYEE (ID_Employee, EmployeeName, DoB, PhoneNumber, Gender, ID_Department) VALUES (157, 'Elizabeth Campbell', '1969-04-24', '4212526846', 'M', 2);
INSERT INTO EMPLOYEE (ID_Employee, EmployeeName, DoB, PhoneNumber, Gender, ID_Department) VALUES (158, 'Randy Burns', '1978-05-23', '4477047920', 'F', 4);
INSERT INTO EMPLOYEE (ID_Employee, EmployeeName, DoB, PhoneNumber, Gender, ID_Department) VALUES (159, 'Troy Smith', '2004-06-08', '4354613799', 'F', 5);
INSERT INTO EMPLOYEE (ID_Employee, EmployeeName, DoB, PhoneNumber, Gender, ID_Department) VALUES (160, 'Dustin Silva', '2000-12-10', '9875309416', 'M', 2);
INSERT INTO EMPLOYEE (ID_Employee, EmployeeName, DoB, PhoneNumber, Gender, ID_Department) VALUES (161, 'Andrew Buchanan', '1982-06-21', '4335442501', 'M', 2);
INSERT INTO EMPLOYEE (ID_Employee, EmployeeName, DoB, PhoneNumber, Gender, ID_Department) VALUES (162, 'Brian Chambers', '1976-03-16', '6733477966', 'F', 7);
INSERT INTO EMPLOYEE (ID_Employee, EmployeeName, DoB, PhoneNumber, Gender, ID_Department) VALUES (163, 'Keith Farrell', '1991-08-27', '2070585218', 'F', 5);
INSERT INTO EMPLOYEE (ID_Employee, EmployeeName, DoB, PhoneNumber, Gender, ID_Department) VALUES (164, 'Donald White', '1974-01-26', '6524908880', 'M', 5);
INSERT INTO EMPLOYEE (ID_Employee, EmployeeName, DoB, PhoneNumber, Gender, ID_Department) VALUES (165, 'Mrs. Mary Mitchell', '1967-07-15', '0395861687', 'F', 5);
INSERT INTO EMPLOYEE (ID_Employee, EmployeeName, DoB, PhoneNumber, Gender, ID_Department) VALUES (166, 'James Swanson DVM', '1983-06-13', '6627898506', 'M', 7);
INSERT INTO EMPLOYEE (ID_Employee, EmployeeName, DoB, PhoneNumber, Gender, ID_Department) VALUES (167, 'Francis Blackburn', '1967-06-09', '7251116314', 'F', 5);
INSERT INTO EMPLOYEE (ID_Employee, EmployeeName, DoB, PhoneNumber, Gender, ID_Department) VALUES (168, 'Kimberly Williams', '1973-03-16', '0587248150', 'M', 5);
INSERT INTO EMPLOYEE (ID_Employee, EmployeeName, DoB, PhoneNumber, Gender, ID_Department) VALUES (169, 'Denise Barker', '2005-11-02', '7643832657', 'M', 7);
INSERT INTO EMPLOYEE (ID_Employee, EmployeeName, DoB, PhoneNumber, Gender, ID_Department) VALUES (170, 'Bonnie Williams', '1984-01-08', '2265109598', 'F', 4);
INSERT INTO EMPLOYEE (ID_Employee, EmployeeName, DoB, PhoneNumber, Gender, ID_Department) VALUES (171, 'Barry Wiley', '1961-12-12', '3154408270', 'F', 4);
INSERT INTO EMPLOYEE (ID_Employee, EmployeeName, DoB, PhoneNumber, Gender, ID_Department) VALUES (172, 'Michelle Ballard', '2001-02-20', '4549730285', 'F', 6);
INSERT INTO EMPLOYEE (ID_Employee, EmployeeName, DoB, PhoneNumber, Gender, ID_Department) VALUES (173, 'Mrs. Jennifer Lewis', '1971-05-06', '3913584463', 'F', 5);
INSERT INTO EMPLOYEE (ID_Employee, EmployeeName, DoB, PhoneNumber, Gender, ID_Department) VALUES (174, 'Marie Palmer', '1978-08-25', '3792475714', 'F', 6);
INSERT INTO EMPLOYEE (ID_Employee, EmployeeName, DoB, PhoneNumber, Gender, ID_Department) VALUES (175, 'Brenda Lopez', '1976-09-06', '3065298684', 'M', 3);
INSERT INTO EMPLOYEE (ID_Employee, EmployeeName, DoB, PhoneNumber, Gender, ID_Department) VALUES (176, 'Megan Stewart', '1969-12-01', '9181401331', 'F', 5);
INSERT INTO EMPLOYEE (ID_Employee, EmployeeName, DoB, PhoneNumber, Gender, ID_Department) VALUES (177, 'Diane Walker', '1980-02-27', '7480873385', 'F', 2);
INSERT INTO EMPLOYEE (ID_Employee, EmployeeName, DoB, PhoneNumber, Gender, ID_Department) VALUES (178, 'David Gonzales', '1982-12-12', '3702657490', 'F', 2);
INSERT INTO EMPLOYEE (ID_Employee, EmployeeName, DoB, PhoneNumber, Gender, ID_Department) VALUES (179, 'Maria Lee', '1958-12-29', '1028350082', 'M', 3);
INSERT INTO EMPLOYEE (ID_Employee, EmployeeName, DoB, PhoneNumber, Gender, ID_Department) VALUES (180, 'Carlos Haley', '1979-01-21', '9572329765', 'F', 6);
INSERT INTO EMPLOYEE (ID_Employee, EmployeeName, DoB, PhoneNumber, Gender, ID_Department) VALUES (181, 'Johnny Alvarez', '1972-02-23', '5490712485', 'F', 4);
INSERT INTO EMPLOYEE (ID_Employee, EmployeeName, DoB, PhoneNumber, Gender, ID_Department) VALUES (182, 'Melanie Harris', '1967-04-19', '9545249104', 'M', 5);
INSERT INTO EMPLOYEE (ID_Employee, EmployeeName, DoB, PhoneNumber, Gender, ID_Department) VALUES (183, 'Jonathan Harris', '1984-10-04', '4036717589', 'M', 5);
INSERT INTO EMPLOYEE (ID_Employee, EmployeeName, DoB, PhoneNumber, Gender, ID_Department) VALUES (184, 'Robert Davidson', '1991-02-24', '6097666844', 'M', 2);
INSERT INTO EMPLOYEE (ID_Employee, EmployeeName, DoB, PhoneNumber, Gender, ID_Department) VALUES (185, 'Amy Contreras', '1970-01-14', '0165765912', 'M', 5);
INSERT INTO EMPLOYEE (ID_Employee, EmployeeName, DoB, PhoneNumber, Gender, ID_Department) VALUES (186, 'Darius Lee', '1982-02-23', '4248732142', 'F', 4);
INSERT INTO EMPLOYEE (ID_Employee, EmployeeName, DoB, PhoneNumber, Gender, ID_Department) VALUES (187, 'Taylor Campbell', '2001-10-20', '4102690270', 'F', 3);
INSERT INTO EMPLOYEE (ID_Employee, EmployeeName, DoB, PhoneNumber, Gender, ID_Department) VALUES (188, 'Shawn Long', '2002-12-28', '3671732102', 'F', 2);
INSERT INTO EMPLOYEE (ID_Employee, EmployeeName, DoB, PhoneNumber, Gender, ID_Department) VALUES (189, 'Michelle House', '1964-12-06', '1265701889', 'F', 5);
INSERT INTO EMPLOYEE (ID_Employee, EmployeeName, DoB, PhoneNumber, Gender, ID_Department) VALUES (190, 'Mario Leblanc', '1974-07-09', '3038874180', 'M', 4);
INSERT INTO EMPLOYEE (ID_Employee, EmployeeName, DoB, PhoneNumber, Gender, ID_Department) VALUES (191, 'Christian Morgan', '1974-01-05', '2940167513', 'F', 7);
INSERT INTO EMPLOYEE (ID_Employee, EmployeeName, DoB, PhoneNumber, Gender, ID_Department) VALUES (192, 'Marie Hayes', '1964-10-30', '2364053335', 'F', 7);
INSERT INTO EMPLOYEE (ID_Employee, EmployeeName, DoB, PhoneNumber, Gender, ID_Department) VALUES (193, 'Michelle Tyler', '1981-04-15', '6917834947', 'M', 5);
INSERT INTO EMPLOYEE (ID_Employee, EmployeeName, DoB, PhoneNumber, Gender, ID_Department) VALUES (194, 'Joshua Jones', '1990-04-15', '2515239889', 'M', 4);
INSERT INTO EMPLOYEE (ID_Employee, EmployeeName, DoB, PhoneNumber, Gender, ID_Department) VALUES (195, 'Melissa Thompson', '1982-07-31', '9242961186', 'M', 5);
INSERT INTO EMPLOYEE (ID_Employee, EmployeeName, DoB, PhoneNumber, Gender, ID_Department) VALUES (196, 'Ryan Ortiz', '1992-11-05', '5052403695', 'M', 5);
INSERT INTO EMPLOYEE (ID_Employee, EmployeeName, DoB, PhoneNumber, Gender, ID_Department) VALUES (197, 'Ryan Lee', '1994-11-13', '2985263120', 'M', 7);
INSERT INTO EMPLOYEE (ID_Employee, EmployeeName, DoB, PhoneNumber, Gender, ID_Department) VALUES (198, 'Lindsey Adams', '2005-02-19', '7339973790', 'F', 5);
INSERT INTO EMPLOYEE (ID_Employee, EmployeeName, DoB, PhoneNumber, Gender, ID_Department) VALUES (199, 'Jacob Curry', '2004-08-24', '1341676619', 'F', 5);
INSERT INTO EMPLOYEE (ID_Employee, EmployeeName, DoB, PhoneNumber, Gender, ID_Department) VALUES (200, 'William Johnson', '1971-06-19', '6775402273', 'M', 4);
INSERT INTO EMPLOYEE (ID_Employee, EmployeeName, DoB, PhoneNumber, Gender, ID_Department) VALUES (201, 'Blake White', '1992-11-14', '2270157719', 'F', 3);
INSERT INTO EMPLOYEE (ID_Employee, EmployeeName, DoB, PhoneNumber, Gender, ID_Department) VALUES (202, 'John Stevenson', '1989-08-22', '5525868591', 'F', 7);
INSERT INTO EMPLOYEE (ID_Employee, EmployeeName, DoB, PhoneNumber, Gender, ID_Department) VALUES (203, 'Walter Anderson', '1963-09-14', '3903060230', 'F', 3);
INSERT INTO EMPLOYEE (ID_Employee, EmployeeName, DoB, PhoneNumber, Gender, ID_Department) VALUES (204, 'Betty Rodriguez', '2001-08-18', '9116550179', 'M', 5);
INSERT INTO EMPLOYEE (ID_Employee, EmployeeName, DoB, PhoneNumber, Gender, ID_Department) VALUES (205, 'Alexis Brady', '1977-01-24', '0294716064', 'F', 5);
INSERT INTO EMPLOYEE (ID_Employee, EmployeeName, DoB, PhoneNumber, Gender, ID_Department) VALUES (206, 'Laura Williams', '1993-03-06', '5760877987', 'F', 7);
INSERT INTO EMPLOYEE (ID_Employee, EmployeeName, DoB, PhoneNumber, Gender, ID_Department) VALUES (207, 'Pamela Riley', '1998-06-27', '9395222844', 'M', 5);
INSERT INTO EMPLOYEE (ID_Employee, EmployeeName, DoB, PhoneNumber, Gender, ID_Department) VALUES (208, 'Gina Morris', '1991-10-31', '3900795769', 'M', 3);
INSERT INTO EMPLOYEE (ID_Employee, EmployeeName, DoB, PhoneNumber, Gender, ID_Department) VALUES (209, 'Lauren Allen', '1985-05-07', '1536588984', 'M', 2);
INSERT INTO EMPLOYEE (ID_Employee, EmployeeName, DoB, PhoneNumber, Gender, ID_Department) VALUES (210, 'Christopher Martin', '1986-11-14', '0874291251', 'F', 5);
INSERT INTO EMPLOYEE (ID_Employee, EmployeeName, DoB, PhoneNumber, Gender, ID_Department) VALUES (211, 'Jesus Ward', '1994-08-16', '1648016607', 'F', 5);
INSERT INTO EMPLOYEE (ID_Employee, EmployeeName, DoB, PhoneNumber, Gender, ID_Department) VALUES (212, 'Brooke Sandoval', '1989-05-18', '2421302908', 'F', 6);
INSERT INTO EMPLOYEE (ID_Employee, EmployeeName, DoB, PhoneNumber, Gender, ID_Department) VALUES (213, 'Michelle Williams', '1978-05-15', '0241514636', 'F', 2);
INSERT INTO EMPLOYEE (ID_Employee, EmployeeName, DoB, PhoneNumber, Gender, ID_Department) VALUES (214, 'Thomas Reyes', '1964-07-11', '9708952805', 'M', 2);
INSERT INTO EMPLOYEE (ID_Employee, EmployeeName, DoB, PhoneNumber, Gender, ID_Department) VALUES (215, 'Noah Ramsey', '1974-11-05', '1631018768', 'M', 4);
INSERT INTO EMPLOYEE (ID_Employee, EmployeeName, DoB, PhoneNumber, Gender, ID_Department) VALUES (216, 'Heather Anderson', '1989-07-29', '9440252288', 'F', 2);
INSERT INTO EMPLOYEE (ID_Employee, EmployeeName, DoB, PhoneNumber, Gender, ID_Department) VALUES (217, 'Christopher Burke', '1990-09-25', '9528769018', 'M', 3);
INSERT INTO EMPLOYEE (ID_Employee, EmployeeName, DoB, PhoneNumber, Gender, ID_Department) VALUES (218, 'John James', '1963-03-11', '6549492378', 'M', 3);
INSERT INTO EMPLOYEE (ID_Employee, EmployeeName, DoB, PhoneNumber, Gender, ID_Department) VALUES (219, 'John Freeman', '1966-03-22', '2468542170', 'M', 5);
INSERT INTO EMPLOYEE (ID_Employee, EmployeeName, DoB, PhoneNumber, Gender, ID_Department) VALUES (220, 'Patricia Conley', '1976-02-21', '7618195688', 'M', 3);
INSERT INTO EMPLOYEE (ID_Employee, EmployeeName, DoB, PhoneNumber, Gender, ID_Department) VALUES (221, 'Jeremy Johnson', '1986-01-05', '8278815604', 'M', 2);
INSERT INTO EMPLOYEE (ID_Employee, EmployeeName, DoB, PhoneNumber, Gender, ID_Department) VALUES (222, 'Andrew Terry', '1978-01-16', '1609640650', 'M', 6);
INSERT INTO EMPLOYEE (ID_Employee, EmployeeName, DoB, PhoneNumber, Gender, ID_Department) VALUES (223, 'Jeffrey Holden', '1960-06-14', '4462811429', 'F', 4);
INSERT INTO EMPLOYEE (ID_Employee, EmployeeName, DoB, PhoneNumber, Gender, ID_Department) VALUES (224, 'Amy Bauer', '1965-04-05', '3082194787', 'M', 7);
INSERT INTO EMPLOYEE (ID_Employee, EmployeeName, DoB, PhoneNumber, Gender, ID_Department) VALUES (225, 'Toni Lee', '1970-08-01', '8976459269', 'F', 2);
INSERT INTO EMPLOYEE_LEAVE_BALANCE (ID_Employee) VALUES (1);
INSERT INTO EMPLOYEE_LEAVE_BALANCE (ID_Employee) VALUES (2);
INSERT INTO EMPLOYEE_LEAVE_BALANCE (ID_Employee) VALUES (3);
INSERT INTO EMPLOYEE_LEAVE_BALANCE (ID_Employee) VALUES (4);
INSERT INTO EMPLOYEE_LEAVE_BALANCE (ID_Employee) VALUES (5);
INSERT INTO EMPLOYEE_LEAVE_BALANCE (ID_Employee) VALUES (6);
INSERT INTO EMPLOYEE_LEAVE_BALANCE (ID_Employee) VALUES (7);
INSERT INTO EMPLOYEE_LEAVE_BALANCE (ID_Employee) VALUES (8);
INSERT INTO EMPLOYEE_LEAVE_BALANCE (ID_Employee) VALUES (9);
INSERT INTO EMPLOYEE_LEAVE_BALANCE (ID_Employee) VALUES (10);
INSERT INTO EMPLOYEE_LEAVE_BALANCE (ID_Employee) VALUES (11);
INSERT INTO EMPLOYEE_LEAVE_BALANCE (ID_Employee) VALUES (12);
INSERT INTO EMPLOYEE_LEAVE_BALANCE (ID_Employee) VALUES (13);
INSERT INTO EMPLOYEE_LEAVE_BALANCE (ID_Employee) VALUES (14);
INSERT INTO EMPLOYEE_LEAVE_BALANCE (ID_Employee) VALUES (15);
INSERT INTO EMPLOYEE_LEAVE_BALANCE (ID_Employee) VALUES (16);
INSERT INTO EMPLOYEE_LEAVE_BALANCE (ID_Employee) VALUES (17);
INSERT INTO EMPLOYEE_LEAVE_BALANCE (ID_Employee) VALUES (18);
INSERT INTO EMPLOYEE_LEAVE_BALANCE (ID_Employee) VALUES (19);
INSERT INTO EMPLOYEE_LEAVE_BALANCE (ID_Employee) VALUES (20);
INSERT INTO EMPLOYEE_LEAVE_BALANCE (ID_Employee) VALUES (21);
INSERT INTO EMPLOYEE_LEAVE_BALANCE (ID_Employee) VALUES (22);
INSERT INTO EMPLOYEE_LEAVE_BALANCE (ID_Employee) VALUES (23);
INSERT INTO EMPLOYEE_LEAVE_BALANCE (ID_Employee) VALUES (24);
INSERT INTO EMPLOYEE_LEAVE_BALANCE (ID_Employee) VALUES (25);
INSERT INTO EMPLOYEE_LEAVE_BALANCE (ID_Employee) VALUES (26);
INSERT INTO EMPLOYEE_LEAVE_BALANCE (ID_Employee) VALUES (27);
INSERT INTO EMPLOYEE_LEAVE_BALANCE (ID_Employee) VALUES (28);
INSERT INTO EMPLOYEE_LEAVE_BALANCE (ID_Employee) VALUES (29);
INSERT INTO EMPLOYEE_LEAVE_BALANCE (ID_Employee) VALUES (30);
INSERT INTO EMPLOYEE_LEAVE_BALANCE (ID_Employee) VALUES (31);
INSERT INTO EMPLOYEE_LEAVE_BALANCE (ID_Employee) VALUES (32);
INSERT INTO EMPLOYEE_LEAVE_BALANCE (ID_Employee) VALUES (33);
INSERT INTO EMPLOYEE_LEAVE_BALANCE (ID_Employee) VALUES (34);
INSERT INTO EMPLOYEE_LEAVE_BALANCE (ID_Employee) VALUES (35);
INSERT INTO EMPLOYEE_LEAVE_BALANCE (ID_Employee) VALUES (36);
INSERT INTO EMPLOYEE_LEAVE_BALANCE (ID_Employee) VALUES (37);
INSERT INTO EMPLOYEE_LEAVE_BALANCE (ID_Employee) VALUES (38);
INSERT INTO EMPLOYEE_LEAVE_BALANCE (ID_Employee) VALUES (39);
INSERT INTO EMPLOYEE_LEAVE_BALANCE (ID_Employee) VALUES (40);
INSERT INTO EMPLOYEE_LEAVE_BALANCE (ID_Employee) VALUES (41);
INSERT INTO EMPLOYEE_LEAVE_BALANCE (ID_Employee) VALUES (42);
INSERT INTO EMPLOYEE_LEAVE_BALANCE (ID_Employee) VALUES (43);
INSERT INTO EMPLOYEE_LEAVE_BALANCE (ID_Employee) VALUES (44);
INSERT INTO EMPLOYEE_LEAVE_BALANCE (ID_Employee) VALUES (45);
INSERT INTO EMPLOYEE_LEAVE_BALANCE (ID_Employee) VALUES (46);
INSERT INTO EMPLOYEE_LEAVE_BALANCE (ID_Employee) VALUES (47);
INSERT INTO EMPLOYEE_LEAVE_BALANCE (ID_Employee) VALUES (48);
INSERT INTO EMPLOYEE_LEAVE_BALANCE (ID_Employee) VALUES (49);
INSERT INTO EMPLOYEE_LEAVE_BALANCE (ID_Employee) VALUES (50);
INSERT INTO EMPLOYEE_LEAVE_BALANCE (ID_Employee) VALUES (51);
INSERT INTO EMPLOYEE_LEAVE_BALANCE (ID_Employee) VALUES (52);
INSERT INTO EMPLOYEE_LEAVE_BALANCE (ID_Employee) VALUES (53);
INSERT INTO EMPLOYEE_LEAVE_BALANCE (ID_Employee) VALUES (54);
INSERT INTO EMPLOYEE_LEAVE_BALANCE (ID_Employee) VALUES (55);
INSERT INTO EMPLOYEE_LEAVE_BALANCE (ID_Employee) VALUES (56);
INSERT INTO EMPLOYEE_LEAVE_BALANCE (ID_Employee) VALUES (57);
INSERT INTO EMPLOYEE_LEAVE_BALANCE (ID_Employee) VALUES (58);
INSERT INTO EMPLOYEE_LEAVE_BALANCE (ID_Employee) VALUES (59);
INSERT INTO EMPLOYEE_LEAVE_BALANCE (ID_Employee) VALUES (60);
INSERT INTO EMPLOYEE_LEAVE_BALANCE (ID_Employee) VALUES (61);
INSERT INTO EMPLOYEE_LEAVE_BALANCE (ID_Employee) VALUES (62);
INSERT INTO EMPLOYEE_LEAVE_BALANCE (ID_Employee) VALUES (63);
INSERT INTO EMPLOYEE_LEAVE_BALANCE (ID_Employee) VALUES (64);
INSERT INTO EMPLOYEE_LEAVE_BALANCE (ID_Employee) VALUES (65);
INSERT INTO EMPLOYEE_LEAVE_BALANCE (ID_Employee) VALUES (66);
INSERT INTO EMPLOYEE_LEAVE_BALANCE (ID_Employee) VALUES (67);
INSERT INTO EMPLOYEE_LEAVE_BALANCE (ID_Employee) VALUES (68);
INSERT INTO EMPLOYEE_LEAVE_BALANCE (ID_Employee) VALUES (69);
INSERT INTO EMPLOYEE_LEAVE_BALANCE (ID_Employee) VALUES (70);
INSERT INTO EMPLOYEE_LEAVE_BALANCE (ID_Employee) VALUES (71);
INSERT INTO EMPLOYEE_LEAVE_BALANCE (ID_Employee) VALUES (72);
INSERT INTO EMPLOYEE_LEAVE_BALANCE (ID_Employee) VALUES (73);
INSERT INTO EMPLOYEE_LEAVE_BALANCE (ID_Employee) VALUES (74);
INSERT INTO EMPLOYEE_LEAVE_BALANCE (ID_Employee) VALUES (75);
INSERT INTO EMPLOYEE_LEAVE_BALANCE (ID_Employee) VALUES (76);
INSERT INTO EMPLOYEE_LEAVE_BALANCE (ID_Employee) VALUES (77);
INSERT INTO EMPLOYEE_LEAVE_BALANCE (ID_Employee) VALUES (78);
INSERT INTO EMPLOYEE_LEAVE_BALANCE (ID_Employee) VALUES (79);
INSERT INTO EMPLOYEE_LEAVE_BALANCE (ID_Employee) VALUES (80);
INSERT INTO EMPLOYEE_LEAVE_BALANCE (ID_Employee) VALUES (81);
INSERT INTO EMPLOYEE_LEAVE_BALANCE (ID_Employee) VALUES (82);
INSERT INTO EMPLOYEE_LEAVE_BALANCE (ID_Employee) VALUES (83);
INSERT INTO EMPLOYEE_LEAVE_BALANCE (ID_Employee) VALUES (84);
INSERT INTO EMPLOYEE_LEAVE_BALANCE (ID_Employee) VALUES (85);
INSERT INTO EMPLOYEE_LEAVE_BALANCE (ID_Employee) VALUES (86);
INSERT INTO EMPLOYEE_LEAVE_BALANCE (ID_Employee) VALUES (87);
INSERT INTO EMPLOYEE_LEAVE_BALANCE (ID_Employee) VALUES (88);
INSERT INTO EMPLOYEE_LEAVE_BALANCE (ID_Employee) VALUES (89);
INSERT INTO EMPLOYEE_LEAVE_BALANCE (ID_Employee) VALUES (90);
INSERT INTO EMPLOYEE_LEAVE_BALANCE (ID_Employee) VALUES (91);
INSERT INTO EMPLOYEE_LEAVE_BALANCE (ID_Employee) VALUES (92);
INSERT INTO EMPLOYEE_LEAVE_BALANCE (ID_Employee) VALUES (93);
INSERT INTO EMPLOYEE_LEAVE_BALANCE (ID_Employee) VALUES (94);
INSERT INTO EMPLOYEE_LEAVE_BALANCE (ID_Employee) VALUES (95);
INSERT INTO EMPLOYEE_LEAVE_BALANCE (ID_Employee) VALUES (96);
INSERT INTO EMPLOYEE_LEAVE_BALANCE (ID_Employee) VALUES (97);
INSERT INTO EMPLOYEE_LEAVE_BALANCE (ID_Employee) VALUES (98);
INSERT INTO EMPLOYEE_LEAVE_BALANCE (ID_Employee) VALUES (99);
INSERT INTO EMPLOYEE_LEAVE_BALANCE (ID_Employee) VALUES (100);
INSERT INTO EMPLOYEE_LEAVE_BALANCE (ID_Employee) VALUES (101);
INSERT INTO EMPLOYEE_LEAVE_BALANCE (ID_Employee) VALUES (102);
INSERT INTO EMPLOYEE_LEAVE_BALANCE (ID_Employee) VALUES (103);
INSERT INTO EMPLOYEE_LEAVE_BALANCE (ID_Employee) VALUES (104);
INSERT INTO EMPLOYEE_LEAVE_BALANCE (ID_Employee) VALUES (105);
INSERT INTO EMPLOYEE_LEAVE_BALANCE (ID_Employee) VALUES (106);
INSERT INTO EMPLOYEE_LEAVE_BALANCE (ID_Employee) VALUES (107);
INSERT INTO EMPLOYEE_LEAVE_BALANCE (ID_Employee) VALUES (108);
INSERT INTO EMPLOYEE_LEAVE_BALANCE (ID_Employee) VALUES (109);
INSERT INTO EMPLOYEE_LEAVE_BALANCE (ID_Employee) VALUES (110);
INSERT INTO EMPLOYEE_LEAVE_BALANCE (ID_Employee) VALUES (111);
INSERT INTO EMPLOYEE_LEAVE_BALANCE (ID_Employee) VALUES (112);
INSERT INTO EMPLOYEE_LEAVE_BALANCE (ID_Employee) VALUES (113);
INSERT INTO EMPLOYEE_LEAVE_BALANCE (ID_Employee) VALUES (114);
INSERT INTO EMPLOYEE_LEAVE_BALANCE (ID_Employee) VALUES (115);
INSERT INTO EMPLOYEE_LEAVE_BALANCE (ID_Employee) VALUES (116);
INSERT INTO EMPLOYEE_LEAVE_BALANCE (ID_Employee) VALUES (117);
INSERT INTO EMPLOYEE_LEAVE_BALANCE (ID_Employee) VALUES (118);
INSERT INTO EMPLOYEE_LEAVE_BALANCE (ID_Employee) VALUES (119);
INSERT INTO EMPLOYEE_LEAVE_BALANCE (ID_Employee) VALUES (120);
INSERT INTO EMPLOYEE_LEAVE_BALANCE (ID_Employee) VALUES (121);
INSERT INTO EMPLOYEE_LEAVE_BALANCE (ID_Employee) VALUES (122);
INSERT INTO EMPLOYEE_LEAVE_BALANCE (ID_Employee) VALUES (123);
INSERT INTO EMPLOYEE_LEAVE_BALANCE (ID_Employee) VALUES (124);
INSERT INTO EMPLOYEE_LEAVE_BALANCE (ID_Employee) VALUES (125);
INSERT INTO EMPLOYEE_LEAVE_BALANCE (ID_Employee) VALUES (126);
INSERT INTO EMPLOYEE_LEAVE_BALANCE (ID_Employee) VALUES (127);
INSERT INTO EMPLOYEE_LEAVE_BALANCE (ID_Employee) VALUES (128);
INSERT INTO EMPLOYEE_LEAVE_BALANCE (ID_Employee) VALUES (129);
INSERT INTO EMPLOYEE_LEAVE_BALANCE (ID_Employee) VALUES (130);
INSERT INTO EMPLOYEE_LEAVE_BALANCE (ID_Employee) VALUES (131);
INSERT INTO EMPLOYEE_LEAVE_BALANCE (ID_Employee) VALUES (132);
INSERT INTO EMPLOYEE_LEAVE_BALANCE (ID_Employee) VALUES (133);
INSERT INTO EMPLOYEE_LEAVE_BALANCE (ID_Employee) VALUES (134);
INSERT INTO EMPLOYEE_LEAVE_BALANCE (ID_Employee) VALUES (135);
INSERT INTO EMPLOYEE_LEAVE_BALANCE (ID_Employee) VALUES (136);
INSERT INTO EMPLOYEE_LEAVE_BALANCE (ID_Employee) VALUES (137);
INSERT INTO EMPLOYEE_LEAVE_BALANCE (ID_Employee) VALUES (138);
INSERT INTO EMPLOYEE_LEAVE_BALANCE (ID_Employee) VALUES (139);
INSERT INTO EMPLOYEE_LEAVE_BALANCE (ID_Employee) VALUES (140);
INSERT INTO EMPLOYEE_LEAVE_BALANCE (ID_Employee) VALUES (141);
INSERT INTO EMPLOYEE_LEAVE_BALANCE (ID_Employee) VALUES (142);
INSERT INTO EMPLOYEE_LEAVE_BALANCE (ID_Employee) VALUES (143);
INSERT INTO EMPLOYEE_LEAVE_BALANCE (ID_Employee) VALUES (144);
INSERT INTO EMPLOYEE_LEAVE_BALANCE (ID_Employee) VALUES (145);
INSERT INTO EMPLOYEE_LEAVE_BALANCE (ID_Employee) VALUES (146);
INSERT INTO EMPLOYEE_LEAVE_BALANCE (ID_Employee) VALUES (147);
INSERT INTO EMPLOYEE_LEAVE_BALANCE (ID_Employee) VALUES (148);
INSERT INTO EMPLOYEE_LEAVE_BALANCE (ID_Employee) VALUES (149);
INSERT INTO EMPLOYEE_LEAVE_BALANCE (ID_Employee) VALUES (150);
INSERT INTO EMPLOYEE_LEAVE_BALANCE (ID_Employee) VALUES (151);
INSERT INTO EMPLOYEE_LEAVE_BALANCE (ID_Employee) VALUES (152);
INSERT INTO EMPLOYEE_LEAVE_BALANCE (ID_Employee) VALUES (153);
INSERT INTO EMPLOYEE_LEAVE_BALANCE (ID_Employee) VALUES (154);
INSERT INTO EMPLOYEE_LEAVE_BALANCE (ID_Employee) VALUES (155);
INSERT INTO EMPLOYEE_LEAVE_BALANCE (ID_Employee) VALUES (156);
INSERT INTO EMPLOYEE_LEAVE_BALANCE (ID_Employee) VALUES (157);
INSERT INTO EMPLOYEE_LEAVE_BALANCE (ID_Employee) VALUES (158);
INSERT INTO EMPLOYEE_LEAVE_BALANCE (ID_Employee) VALUES (159);
INSERT INTO EMPLOYEE_LEAVE_BALANCE (ID_Employee) VALUES (160);
INSERT INTO EMPLOYEE_LEAVE_BALANCE (ID_Employee) VALUES (161);
INSERT INTO EMPLOYEE_LEAVE_BALANCE (ID_Employee) VALUES (162);
INSERT INTO EMPLOYEE_LEAVE_BALANCE (ID_Employee) VALUES (163);
INSERT INTO EMPLOYEE_LEAVE_BALANCE (ID_Employee) VALUES (164);
INSERT INTO EMPLOYEE_LEAVE_BALANCE (ID_Employee) VALUES (165);
INSERT INTO EMPLOYEE_LEAVE_BALANCE (ID_Employee) VALUES (166);
INSERT INTO EMPLOYEE_LEAVE_BALANCE (ID_Employee) VALUES (167);
INSERT INTO EMPLOYEE_LEAVE_BALANCE (ID_Employee) VALUES (168);
INSERT INTO EMPLOYEE_LEAVE_BALANCE (ID_Employee) VALUES (169);
INSERT INTO EMPLOYEE_LEAVE_BALANCE (ID_Employee) VALUES (170);
INSERT INTO EMPLOYEE_LEAVE_BALANCE (ID_Employee) VALUES (171);
INSERT INTO EMPLOYEE_LEAVE_BALANCE (ID_Employee) VALUES (172);
INSERT INTO EMPLOYEE_LEAVE_BALANCE (ID_Employee) VALUES (173);
INSERT INTO EMPLOYEE_LEAVE_BALANCE (ID_Employee) VALUES (174);
INSERT INTO EMPLOYEE_LEAVE_BALANCE (ID_Employee) VALUES (175);
INSERT INTO EMPLOYEE_LEAVE_BALANCE (ID_Employee) VALUES (176);
INSERT INTO EMPLOYEE_LEAVE_BALANCE (ID_Employee) VALUES (177);
INSERT INTO EMPLOYEE_LEAVE_BALANCE (ID_Employee) VALUES (178);
INSERT INTO EMPLOYEE_LEAVE_BALANCE (ID_Employee) VALUES (179);
INSERT INTO EMPLOYEE_LEAVE_BALANCE (ID_Employee) VALUES (180);
INSERT INTO EMPLOYEE_LEAVE_BALANCE (ID_Employee) VALUES (181);
INSERT INTO EMPLOYEE_LEAVE_BALANCE (ID_Employee) VALUES (182);
INSERT INTO EMPLOYEE_LEAVE_BALANCE (ID_Employee) VALUES (183);
INSERT INTO EMPLOYEE_LEAVE_BALANCE (ID_Employee) VALUES (184);
INSERT INTO EMPLOYEE_LEAVE_BALANCE (ID_Employee) VALUES (185);
INSERT INTO EMPLOYEE_LEAVE_BALANCE (ID_Employee) VALUES (186);
INSERT INTO EMPLOYEE_LEAVE_BALANCE (ID_Employee) VALUES (187);
INSERT INTO EMPLOYEE_LEAVE_BALANCE (ID_Employee) VALUES (188);
INSERT INTO EMPLOYEE_LEAVE_BALANCE (ID_Employee) VALUES (189);
INSERT INTO EMPLOYEE_LEAVE_BALANCE (ID_Employee) VALUES (190);
INSERT INTO EMPLOYEE_LEAVE_BALANCE (ID_Employee) VALUES (191);
INSERT INTO EMPLOYEE_LEAVE_BALANCE (ID_Employee) VALUES (192);
INSERT INTO EMPLOYEE_LEAVE_BALANCE (ID_Employee) VALUES (193);
INSERT INTO EMPLOYEE_LEAVE_BALANCE (ID_Employee) VALUES (194);
INSERT INTO EMPLOYEE_LEAVE_BALANCE (ID_Employee) VALUES (195);
INSERT INTO EMPLOYEE_LEAVE_BALANCE (ID_Employee) VALUES (196);
INSERT INTO EMPLOYEE_LEAVE_BALANCE (ID_Employee) VALUES (197);
INSERT INTO EMPLOYEE_LEAVE_BALANCE (ID_Employee) VALUES (198);
INSERT INTO EMPLOYEE_LEAVE_BALANCE (ID_Employee) VALUES (199);
INSERT INTO EMPLOYEE_LEAVE_BALANCE (ID_Employee) VALUES (200);
INSERT INTO EMPLOYEE_LEAVE_BALANCE (ID_Employee) VALUES (201);
INSERT INTO EMPLOYEE_LEAVE_BALANCE (ID_Employee) VALUES (202);
INSERT INTO EMPLOYEE_LEAVE_BALANCE (ID_Employee) VALUES (203);
INSERT INTO EMPLOYEE_LEAVE_BALANCE (ID_Employee) VALUES (204);
INSERT INTO EMPLOYEE_LEAVE_BALANCE (ID_Employee) VALUES (205);
INSERT INTO EMPLOYEE_LEAVE_BALANCE (ID_Employee) VALUES (206);
INSERT INTO EMPLOYEE_LEAVE_BALANCE (ID_Employee) VALUES (207);
INSERT INTO EMPLOYEE_LEAVE_BALANCE (ID_Employee) VALUES (208);
INSERT INTO EMPLOYEE_LEAVE_BALANCE (ID_Employee) VALUES (209);
INSERT INTO EMPLOYEE_LEAVE_BALANCE (ID_Employee) VALUES (210);
INSERT INTO EMPLOYEE_LEAVE_BALANCE (ID_Employee) VALUES (211);
INSERT INTO EMPLOYEE_LEAVE_BALANCE (ID_Employee) VALUES (212);
INSERT INTO EMPLOYEE_LEAVE_BALANCE (ID_Employee) VALUES (213);
INSERT INTO EMPLOYEE_LEAVE_BALANCE (ID_Employee) VALUES (214);
INSERT INTO EMPLOYEE_LEAVE_BALANCE (ID_Employee) VALUES (215);
INSERT INTO EMPLOYEE_LEAVE_BALANCE (ID_Employee) VALUES (216);
INSERT INTO EMPLOYEE_LEAVE_BALANCE (ID_Employee) VALUES (217);
INSERT INTO EMPLOYEE_LEAVE_BALANCE (ID_Employee) VALUES (218);
INSERT INTO EMPLOYEE_LEAVE_BALANCE (ID_Employee) VALUES (219);
INSERT INTO EMPLOYEE_LEAVE_BALANCE (ID_Employee) VALUES (220);
INSERT INTO EMPLOYEE_LEAVE_BALANCE (ID_Employee) VALUES (221);
INSERT INTO EMPLOYEE_LEAVE_BALANCE (ID_Employee) VALUES (222);
INSERT INTO EMPLOYEE_LEAVE_BALANCE (ID_Employee) VALUES (223);
INSERT INTO EMPLOYEE_LEAVE_BALANCE (ID_Employee) VALUES (224);
INSERT INTO EMPLOYEE_LEAVE_BALANCE (ID_Employee) VALUES (225);
INSERT INTO BRANCH (ID_Branch, BranchName, Address, PhoneNumber, OpeningHour, CloseHour, ID_Area, ID_Employee) VALUES (1, 'Avoid Sushi Garden', '704 Derek Way', '6712748072', '08:00:00', '19:00:00', 4, 14);
INSERT INTO BRANCH (ID_Branch, BranchName, Address, PhoneNumber, OpeningHour, CloseHour, ID_Area, ID_Employee) VALUES (2, 'Yard Sushi Bay', '2714 Best Key', '8072869925', '07:00:00', '20:00:00', 2, 9);
INSERT INTO BRANCH (ID_Branch, BranchName, Address, PhoneNumber, OpeningHour, CloseHour, ID_Area, ID_Employee) VALUES (3, 'Tax Sushi Bar', '55873 Jones Pines', '0156224629', '12:00:00', '18:00:00', 4, 3);
INSERT INTO BRANCH (ID_Branch, BranchName, Address, PhoneNumber, OpeningHour, CloseHour, ID_Area, ID_Employee) VALUES (4, 'Assume Sushi Island', '58174 Zachary Mountain', '3988547145', '10:00:00', '22:00:00', 1, 1);
INSERT INTO BRANCH (ID_Branch, BranchName, Address, PhoneNumber, OpeningHour, CloseHour, ID_Area, ID_Employee) VALUES (5, 'Section Sushi Hub', '9490 King Harbor Suite 138', '5185481118', '09:00:00', '21:00:00', 4, 5);
INSERT INTO BRANCH (ID_Branch, BranchName, Address, PhoneNumber, OpeningHour, CloseHour, ID_Area, ID_Employee) VALUES (6, 'Audience Sushi Haven', '9027 Warren Isle Suite 490', '2933351975', '08:00:00', '21:00:00', 1, 10);
INSERT INTO BRANCH (ID_Branch, BranchName, Address, PhoneNumber, OpeningHour, CloseHour, ID_Area, ID_Employee) VALUES (7, 'Include Sushi Bar', '0328 Deborah Key Apt. 268', '3224302098', '09:00:00', '22:00:00', 4, 12);
INSERT INTO BRANCH (ID_Branch, BranchName, Address, PhoneNumber, OpeningHour, CloseHour, ID_Area, ID_Employee) VALUES (8, 'Avoid Sushi World', '88078 Trevino Squares', '3097610604', '08:00:00', '18:00:00', 1, 11);
INSERT INTO BRANCH (ID_Branch, BranchName, Address, PhoneNumber, OpeningHour, CloseHour, ID_Area, ID_Employee) VALUES (9, 'Step Sushi Palace', '74298 Blackwell Drive', '0195668635', '06:00:00', '21:00:00', 3, 2);
INSERT INTO BRANCH (ID_Branch, BranchName, Address, PhoneNumber, OpeningHour, CloseHour, ID_Area, ID_Employee) VALUES (10, 'Woman Sushi Island', '688 Robert River Suite 853', '2914354840', '08:00:00', '22:00:00', 5, 6);
INSERT INTO BRANCH (ID_Branch, BranchName, Address, PhoneNumber, OpeningHour, CloseHour, ID_Area, ID_Employee) VALUES (11, 'Paper Sushi Garden', '59975 Walters Meadow Suite 205', '5890614113', '09:00:00', '23:00:00', 3, 4);
INSERT INTO BRANCH (ID_Branch, BranchName, Address, PhoneNumber, OpeningHour, CloseHour, ID_Area, ID_Employee) VALUES (12, 'Finish Sushi Hub', '463 Timothy Gardens Apt. 198', '5534677496', '07:00:00', '18:00:00', 3, 7);
INSERT INTO BRANCH (ID_Branch, BranchName, Address, PhoneNumber, OpeningHour, CloseHour, ID_Area, ID_Employee) VALUES (13, 'Successful Sushi Bay', '6145 Monroe Ridges Apt. 021', '0047367264', '09:00:00', '23:00:00', 4, 8);
INSERT INTO BRANCH (ID_Branch, BranchName, Address, PhoneNumber, OpeningHour, CloseHour, ID_Area, ID_Employee) VALUES (14, 'Other Sushi Bar', '14027 Alex Brooks Suite 436', '7989674766', '09:00:00', '21:00:00', 2, 15);
INSERT INTO BRANCH (ID_Branch, BranchName, Address, PhoneNumber, OpeningHour, CloseHour, ID_Area, ID_Employee) VALUES (15, 'Party Sushi Corner', '056 Long Villages Apt. 290', '8225222373', '10:00:00', '18:00:00', 2, 13);
INSERT INTO EMP_BRANCH_HISTORY (ID_Employee, ID_Branch, StartDate, EndDate) VALUES (9, 1, '2024-09-29', NULL);
INSERT INTO EMP_BRANCH_HISTORY (ID_Employee, ID_Branch, StartDate, EndDate) VALUES (185, 4, '2023-12-15', NULL);
INSERT INTO EMP_BRANCH_HISTORY (ID_Employee, ID_Branch, StartDate, EndDate) VALUES (37, 6, '2024-11-03', NULL);
INSERT INTO EMP_BRANCH_HISTORY (ID_Employee, ID_Branch, StartDate, EndDate) VALUES (59, 14, '2024-06-05', NULL);
INSERT INTO EMP_BRANCH_HISTORY (ID_Employee, ID_Branch, StartDate, EndDate) VALUES (7, 10, '2024-07-27', NULL);
INSERT INTO EMP_BRANCH_HISTORY (ID_Employee, ID_Branch, StartDate, EndDate) VALUES (15, 2, '2023-03-12', '2024-12-18');
INSERT INTO EMP_BRANCH_HISTORY (ID_Employee, ID_Branch, StartDate, EndDate) VALUES (54, 14, '2024-09-04', NULL);
INSERT INTO EMP_BRANCH_HISTORY (ID_Employee, ID_Branch, StartDate, EndDate) VALUES (137, 11, '2024-04-29', NULL);
INSERT INTO EMP_BRANCH_HISTORY (ID_Employee, ID_Branch, StartDate, EndDate) VALUES (150, 12, '2024-06-23', NULL);
INSERT INTO EMP_BRANCH_HISTORY (ID_Employee, ID_Branch, StartDate, EndDate) VALUES (47, 8, '2024-11-03', NULL);
INSERT INTO EMP_BRANCH_HISTORY (ID_Employee, ID_Branch, StartDate, EndDate) VALUES (140, 1, '2023-04-17', NULL);
INSERT INTO EMP_BRANCH_HISTORY (ID_Employee, ID_Branch, StartDate, EndDate) VALUES (145, 2, '2024-01-18', NULL);
INSERT INTO EMP_BRANCH_HISTORY (ID_Employee, ID_Branch, StartDate, EndDate) VALUES (19, 13, '2023-04-10', NULL);
INSERT INTO EMP_BRANCH_HISTORY (ID_Employee, ID_Branch, StartDate, EndDate) VALUES (52, 15, '2024-02-26', NULL);
INSERT INTO EMP_BRANCH_HISTORY (ID_Employee, ID_Branch, StartDate, EndDate) VALUES (128, 13, '2024-10-07', NULL);
INSERT INTO EMP_BRANCH_HISTORY (ID_Employee, ID_Branch, StartDate, EndDate) VALUES (72, 1, '2023-05-09', NULL);
INSERT INTO EMP_BRANCH_HISTORY (ID_Employee, ID_Branch, StartDate, EndDate) VALUES (187, 8, '2023-03-21', NULL);
INSERT INTO EMP_BRANCH_HISTORY (ID_Employee, ID_Branch, StartDate, EndDate) VALUES (113, 3, '2024-03-29', NULL);
INSERT INTO EMP_BRANCH_HISTORY (ID_Employee, ID_Branch, StartDate, EndDate) VALUES (209, 13, '2024-06-25', '2024-12-18');
INSERT INTO EMP_BRANCH_HISTORY (ID_Employee, ID_Branch, StartDate, EndDate) VALUES (213, 9, '2024-07-29', NULL);
INSERT INTO EMP_BRANCH_HISTORY (ID_Employee, ID_Branch, StartDate, EndDate) VALUES (194, 13, '2023-02-03', NULL);
INSERT INTO EMP_BRANCH_HISTORY (ID_Employee, ID_Branch, StartDate, EndDate) VALUES (24, 4, '2024-05-02', '2024-12-18');
INSERT INTO EMP_BRANCH_HISTORY (ID_Employee, ID_Branch, StartDate, EndDate) VALUES (125, 9, '2023-02-13', NULL);
INSERT INTO EMP_BRANCH_HISTORY (ID_Employee, ID_Branch, StartDate, EndDate) VALUES (5, 6, '2024-11-03', NULL);
INSERT INTO EMP_BRANCH_HISTORY (ID_Employee, ID_Branch, StartDate, EndDate) VALUES (80, 4, '2023-12-01', '2024-12-18');
INSERT INTO EMP_BRANCH_HISTORY (ID_Employee, ID_Branch, StartDate, EndDate) VALUES (17, 12, '2024-02-07', NULL);
INSERT INTO EMP_BRANCH_HISTORY (ID_Employee, ID_Branch, StartDate, EndDate) VALUES (70, 2, '2024-09-12', NULL);
INSERT INTO EMP_BRANCH_HISTORY (ID_Employee, ID_Branch, StartDate, EndDate) VALUES (168, 10, '2023-07-31', NULL);
INSERT INTO EMP_BRANCH_HISTORY (ID_Employee, ID_Branch, StartDate, EndDate) VALUES (31, 9, '2023-07-12', NULL);
INSERT INTO EMP_BRANCH_HISTORY (ID_Employee, ID_Branch, StartDate, EndDate) VALUES (56, 11, '2024-10-13', NULL);
INSERT INTO EMP_BRANCH_HISTORY (ID_Employee, ID_Branch, StartDate, EndDate) VALUES (34, 1, '2023-09-29', NULL);
INSERT INTO EMP_BRANCH_HISTORY (ID_Employee, ID_Branch, StartDate, EndDate) VALUES (10, 10, '2023-04-11', NULL);
INSERT INTO EMP_BRANCH_HISTORY (ID_Employee, ID_Branch, StartDate, EndDate) VALUES (6, 4, '2023-03-20', '2024-12-18');
INSERT INTO EMP_BRANCH_HISTORY (ID_Employee, ID_Branch, StartDate, EndDate) VALUES (15, 1, '2023-08-12', '2024-12-18');
INSERT INTO EMP_BRANCH_HISTORY (ID_Employee, ID_Branch, StartDate, EndDate) VALUES (170, 12, '2023-06-10', NULL);
INSERT INTO EMP_BRANCH_HISTORY (ID_Employee, ID_Branch, StartDate, EndDate) VALUES (145, 9, '2023-12-30', NULL);
INSERT INTO EMP_BRANCH_HISTORY (ID_Employee, ID_Branch, StartDate, EndDate) VALUES (217, 2, '2023-05-29', NULL);
INSERT INTO EMP_BRANCH_HISTORY (ID_Employee, ID_Branch, StartDate, EndDate) VALUES (214, 9, '2023-12-02', NULL);
INSERT INTO EMP_BRANCH_HISTORY (ID_Employee, ID_Branch, StartDate, EndDate) VALUES (173, 3, '2024-04-06', NULL);
INSERT INTO EMP_BRANCH_HISTORY (ID_Employee, ID_Branch, StartDate, EndDate) VALUES (86, 1, '2023-10-06', NULL);
INSERT INTO EMP_BRANCH_HISTORY (ID_Employee, ID_Branch, StartDate, EndDate) VALUES (201, 1, '2023-03-09', NULL);
INSERT INTO EMP_BRANCH_HISTORY (ID_Employee, ID_Branch, StartDate, EndDate) VALUES (212, 6, '2024-05-12', NULL);
INSERT INTO EMP_BRANCH_HISTORY (ID_Employee, ID_Branch, StartDate, EndDate) VALUES (165, 15, '2023-10-29', NULL);
INSERT INTO EMP_BRANCH_HISTORY (ID_Employee, ID_Branch, StartDate, EndDate) VALUES (127, 14, '2024-12-05', NULL);
INSERT INTO EMP_BRANCH_HISTORY (ID_Employee, ID_Branch, StartDate, EndDate) VALUES (125, 5, '2023-02-12', NULL);
INSERT INTO EMP_BRANCH_HISTORY (ID_Employee, ID_Branch, StartDate, EndDate) VALUES (88, 9, '2023-01-22', NULL);
INSERT INTO EMP_BRANCH_HISTORY (ID_Employee, ID_Branch, StartDate, EndDate) VALUES (131, 5, '2024-03-04', NULL);
INSERT INTO EMP_BRANCH_HISTORY (ID_Employee, ID_Branch, StartDate, EndDate) VALUES (85, 15, '2022-12-21', NULL);
INSERT INTO EMP_BRANCH_HISTORY (ID_Employee, ID_Branch, StartDate, EndDate) VALUES (127, 4, '2024-03-30', NULL);
INSERT INTO EMP_BRANCH_HISTORY (ID_Employee, ID_Branch, StartDate, EndDate) VALUES (223, 10, '2024-03-14', '2024-12-18');
INSERT INTO EMP_BRANCH_HISTORY (ID_Employee, ID_Branch, StartDate, EndDate) VALUES (64, 15, '2024-08-19', NULL);
INSERT INTO EMP_BRANCH_HISTORY (ID_Employee, ID_Branch, StartDate, EndDate) VALUES (103, 1, '2024-04-12', NULL);
INSERT INTO EMP_BRANCH_HISTORY (ID_Employee, ID_Branch, StartDate, EndDate) VALUES (97, 11, '2023-04-21', NULL);
INSERT INTO EMP_BRANCH_HISTORY (ID_Employee, ID_Branch, StartDate, EndDate) VALUES (5, 9, '2023-01-22', NULL);
INSERT INTO EMP_BRANCH_HISTORY (ID_Employee, ID_Branch, StartDate, EndDate) VALUES (57, 3, '2024-11-16', NULL);
INSERT INTO EMP_BRANCH_HISTORY (ID_Employee, ID_Branch, StartDate, EndDate) VALUES (159, 13, '2024-07-19', NULL);
INSERT INTO EMP_BRANCH_HISTORY (ID_Employee, ID_Branch, StartDate, EndDate) VALUES (207, 4, '2024-07-27', NULL);
INSERT INTO EMP_BRANCH_HISTORY (ID_Employee, ID_Branch, StartDate, EndDate) VALUES (213, 14, '2023-05-05', NULL);
INSERT INTO EMP_BRANCH_HISTORY (ID_Employee, ID_Branch, StartDate, EndDate) VALUES (77, 15, '2023-01-09', NULL);
INSERT INTO EMP_BRANCH_HISTORY (ID_Employee, ID_Branch, StartDate, EndDate) VALUES (202, 3, '2023-11-09', NULL);
INSERT INTO EMP_BRANCH_HISTORY (ID_Employee, ID_Branch, StartDate, EndDate) VALUES (207, 5, '2024-08-16', NULL);
INSERT INTO EMP_BRANCH_HISTORY (ID_Employee, ID_Branch, StartDate, EndDate) VALUES (106, 15, '2023-09-24', NULL);
INSERT INTO EMP_BRANCH_HISTORY (ID_Employee, ID_Branch, StartDate, EndDate) VALUES (47, 13, '2024-03-20', NULL);
INSERT INTO EMP_BRANCH_HISTORY (ID_Employee, ID_Branch, StartDate, EndDate) VALUES (95, 11, '2023-06-27', NULL);
INSERT INTO EMP_BRANCH_HISTORY (ID_Employee, ID_Branch, StartDate, EndDate) VALUES (36, 5, '2024-11-27', NULL);
INSERT INTO EMP_BRANCH_HISTORY (ID_Employee, ID_Branch, StartDate, EndDate) VALUES (19, 14, '2023-01-20', NULL);
INSERT INTO EMP_BRANCH_HISTORY (ID_Employee, ID_Branch, StartDate, EndDate) VALUES (66, 14, '2024-02-16', NULL);
INSERT INTO EMP_BRANCH_HISTORY (ID_Employee, ID_Branch, StartDate, EndDate) VALUES (218, 12, '2024-04-15', NULL);
INSERT INTO EMP_BRANCH_HISTORY (ID_Employee, ID_Branch, StartDate, EndDate) VALUES (186, 13, '2024-02-04', NULL);
INSERT INTO EMP_BRANCH_HISTORY (ID_Employee, ID_Branch, StartDate, EndDate) VALUES (96, 2, '2024-09-19', NULL);
INSERT INTO EMP_BRANCH_HISTORY (ID_Employee, ID_Branch, StartDate, EndDate) VALUES (56, 14, '2023-03-15', '2024-12-18');
INSERT INTO EMP_BRANCH_HISTORY (ID_Employee, ID_Branch, StartDate, EndDate) VALUES (135, 10, '2024-04-20', NULL);
INSERT INTO EMP_BRANCH_HISTORY (ID_Employee, ID_Branch, StartDate, EndDate) VALUES (60, 8, '2024-08-25', NULL);
INSERT INTO EMP_BRANCH_HISTORY (ID_Employee, ID_Branch, StartDate, EndDate) VALUES (193, 3, '2024-03-10', NULL);
INSERT INTO EMP_BRANCH_HISTORY (ID_Employee, ID_Branch, StartDate, EndDate) VALUES (101, 5, '2023-12-21', NULL);
INSERT INTO EMP_BRANCH_HISTORY (ID_Employee, ID_Branch, StartDate, EndDate) VALUES (22, 14, '2023-08-18', NULL);
INSERT INTO EMP_BRANCH_HISTORY (ID_Employee, ID_Branch, StartDate, EndDate) VALUES (124, 6, '2023-09-15', NULL);
INSERT INTO EMP_BRANCH_HISTORY (ID_Employee, ID_Branch, StartDate, EndDate) VALUES (11, 11, '2024-03-24', NULL);
INSERT INTO EMP_BRANCH_HISTORY (ID_Employee, ID_Branch, StartDate, EndDate) VALUES (82, 5, '2023-04-16', NULL);
INSERT INTO EMP_BRANCH_HISTORY (ID_Employee, ID_Branch, StartDate, EndDate) VALUES (18, 11, '2023-04-18', NULL);
INSERT INTO EMP_BRANCH_HISTORY (ID_Employee, ID_Branch, StartDate, EndDate) VALUES (191, 6, '2023-10-05', NULL);
INSERT INTO EMP_BRANCH_HISTORY (ID_Employee, ID_Branch, StartDate, EndDate) VALUES (82, 14, '2024-06-09', NULL);
INSERT INTO EMP_BRANCH_HISTORY (ID_Employee, ID_Branch, StartDate, EndDate) VALUES (84, 11, '2023-06-08', NULL);
INSERT INTO EMP_BRANCH_HISTORY (ID_Employee, ID_Branch, StartDate, EndDate) VALUES (162, 6, '2023-11-13', NULL);
INSERT INTO EMP_BRANCH_HISTORY (ID_Employee, ID_Branch, StartDate, EndDate) VALUES (195, 2, '2024-12-14', NULL);
INSERT INTO EMP_BRANCH_HISTORY (ID_Employee, ID_Branch, StartDate, EndDate) VALUES (191, 15, '2024-04-29', NULL);
INSERT INTO EMP_BRANCH_HISTORY (ID_Employee, ID_Branch, StartDate, EndDate) VALUES (2, 12, '2024-06-13', NULL);
INSERT INTO EMP_BRANCH_HISTORY (ID_Employee, ID_Branch, StartDate, EndDate) VALUES (103, 15, '2023-10-21', '2024-12-18');
INSERT INTO EMP_BRANCH_HISTORY (ID_Employee, ID_Branch, StartDate, EndDate) VALUES (150, 9, '2023-11-03', NULL);
INSERT INTO EMP_BRANCH_HISTORY (ID_Employee, ID_Branch, StartDate, EndDate) VALUES (157, 10, '2023-07-18', NULL);
INSERT INTO EMP_BRANCH_HISTORY (ID_Employee, ID_Branch, StartDate, EndDate) VALUES (113, 15, '2024-05-25', NULL);
INSERT INTO EMP_BRANCH_HISTORY (ID_Employee, ID_Branch, StartDate, EndDate) VALUES (37, 11, '2023-09-10', NULL);
INSERT INTO EMP_BRANCH_HISTORY (ID_Employee, ID_Branch, StartDate, EndDate) VALUES (14, 13, '2023-03-17', NULL);
INSERT INTO EMP_BRANCH_HISTORY (ID_Employee, ID_Branch, StartDate, EndDate) VALUES (166, 13, '2023-09-15', NULL);
INSERT INTO EMP_BRANCH_HISTORY (ID_Employee, ID_Branch, StartDate, EndDate) VALUES (164, 11, '2023-09-18', NULL);
INSERT INTO EMP_BRANCH_HISTORY (ID_Employee, ID_Branch, StartDate, EndDate) VALUES (89, 1, '2023-05-04', '2024-12-18');
INSERT INTO EMP_BRANCH_HISTORY (ID_Employee, ID_Branch, StartDate, EndDate) VALUES (176, 9, '2024-04-07', '2024-12-18');
INSERT INTO EMP_BRANCH_HISTORY (ID_Employee, ID_Branch, StartDate, EndDate) VALUES (60, 7, '2023-04-12', NULL);
INSERT INTO EMP_BRANCH_HISTORY (ID_Employee, ID_Branch, StartDate, EndDate) VALUES (116, 12, '2023-09-12', NULL);
INSERT INTO EMP_BRANCH_HISTORY (ID_Employee, ID_Branch, StartDate, EndDate) VALUES (117, 7, '2024-03-03', NULL);
INSERT INTO EMP_BRANCH_HISTORY (ID_Employee, ID_Branch, StartDate, EndDate) VALUES (193, 9, '2024-06-10', NULL);
INSERT INTO EMP_BRANCH_HISTORY (ID_Employee, ID_Branch, StartDate, EndDate) VALUES (52, 9, '2023-06-15', NULL);
INSERT INTO EMP_BRANCH_HISTORY (ID_Employee, ID_Branch, StartDate, EndDate) VALUES (21, 14, '2024-01-27', NULL);
INSERT INTO EMP_BRANCH_HISTORY (ID_Employee, ID_Branch, StartDate, EndDate) VALUES (139, 7, '2024-08-11', NULL);
INSERT INTO EMP_BRANCH_HISTORY (ID_Employee, ID_Branch, StartDate, EndDate) VALUES (150, 13, '2024-12-09', '2024-12-18');
INSERT INTO EMP_BRANCH_HISTORY (ID_Employee, ID_Branch, StartDate, EndDate) VALUES (150, 4, '2024-12-12', '2024-12-18');
INSERT INTO EMP_BRANCH_HISTORY (ID_Employee, ID_Branch, StartDate, EndDate) VALUES (20, 2, '2023-05-21', NULL);
INSERT INTO EMP_BRANCH_HISTORY (ID_Employee, ID_Branch, StartDate, EndDate) VALUES (34, 2, '2024-04-16', NULL);
INSERT INTO EMP_BRANCH_HISTORY (ID_Employee, ID_Branch, StartDate, EndDate) VALUES (13, 10, '2024-08-17', NULL);
INSERT INTO EMP_BRANCH_HISTORY (ID_Employee, ID_Branch, StartDate, EndDate) VALUES (51, 11, '2023-02-25', NULL);
INSERT INTO EMP_BRANCH_HISTORY (ID_Employee, ID_Branch, StartDate, EndDate) VALUES (137, 1, '2024-03-18', NULL);
INSERT INTO EMP_BRANCH_HISTORY (ID_Employee, ID_Branch, StartDate, EndDate) VALUES (41, 7, '2024-07-13', NULL);
INSERT INTO EMP_BRANCH_HISTORY (ID_Employee, ID_Branch, StartDate, EndDate) VALUES (174, 11, '2024-08-27', '2024-12-18');
INSERT INTO EMP_BRANCH_HISTORY (ID_Employee, ID_Branch, StartDate, EndDate) VALUES (182, 9, '2024-06-07', NULL);
INSERT INTO EMP_BRANCH_HISTORY (ID_Employee, ID_Branch, StartDate, EndDate) VALUES (204, 4, '2023-11-18', NULL);
INSERT INTO EMP_BRANCH_HISTORY (ID_Employee, ID_Branch, StartDate, EndDate) VALUES (142, 9, '2024-01-01', NULL);
INSERT INTO EMP_BRANCH_HISTORY (ID_Employee, ID_Branch, StartDate, EndDate) VALUES (147, 7, '2024-02-12', '2024-12-18');
INSERT INTO EMP_BRANCH_HISTORY (ID_Employee, ID_Branch, StartDate, EndDate) VALUES (85, 3, '2023-01-18', NULL);
INSERT INTO EMP_BRANCH_HISTORY (ID_Employee, ID_Branch, StartDate, EndDate) VALUES (100, 3, '2024-09-22', NULL);
INSERT INTO EMP_BRANCH_HISTORY (ID_Employee, ID_Branch, StartDate, EndDate) VALUES (58, 7, '2023-06-04', '2024-12-18');
INSERT INTO EMP_BRANCH_HISTORY (ID_Employee, ID_Branch, StartDate, EndDate) VALUES (61, 7, '2024-06-11', NULL);
INSERT INTO EMP_BRANCH_HISTORY (ID_Employee, ID_Branch, StartDate, EndDate) VALUES (86, 15, '2023-04-15', NULL);
INSERT INTO EMP_BRANCH_HISTORY (ID_Employee, ID_Branch, StartDate, EndDate) VALUES (212, 4, '2023-04-07', NULL);
INSERT INTO EMP_BRANCH_HISTORY (ID_Employee, ID_Branch, StartDate, EndDate) VALUES (154, 8, '2024-07-04', NULL);
INSERT INTO EMP_BRANCH_HISTORY (ID_Employee, ID_Branch, StartDate, EndDate) VALUES (33, 5, '2023-07-10', NULL);
INSERT INTO EMP_BRANCH_HISTORY (ID_Employee, ID_Branch, StartDate, EndDate) VALUES (207, 14, '2024-07-07', NULL);
INSERT INTO EMP_BRANCH_HISTORY (ID_Employee, ID_Branch, StartDate, EndDate) VALUES (88, 12, '2023-05-08', '2024-12-18');
INSERT INTO EMP_BRANCH_HISTORY (ID_Employee, ID_Branch, StartDate, EndDate) VALUES (184, 5, '2023-02-16', NULL);
INSERT INTO EMP_BRANCH_HISTORY (ID_Employee, ID_Branch, StartDate, EndDate) VALUES (81, 5, '2024-08-05', NULL);
INSERT INTO EMP_BRANCH_HISTORY (ID_Employee, ID_Branch, StartDate, EndDate) VALUES (138, 13, '2023-06-26', NULL);
INSERT INTO EMP_BRANCH_HISTORY (ID_Employee, ID_Branch, StartDate, EndDate) VALUES (218, 4, '2023-06-23', NULL);
INSERT INTO EMP_BRANCH_HISTORY (ID_Employee, ID_Branch, StartDate, EndDate) VALUES (199, 2, '2023-06-07', NULL);
INSERT INTO EMP_BRANCH_HISTORY (ID_Employee, ID_Branch, StartDate, EndDate) VALUES (217, 15, '2024-07-16', NULL);
INSERT INTO EMP_BRANCH_HISTORY (ID_Employee, ID_Branch, StartDate, EndDate) VALUES (140, 6, '2024-03-19', '2024-12-18');
INSERT INTO EMP_BRANCH_HISTORY (ID_Employee, ID_Branch, StartDate, EndDate) VALUES (32, 15, '2024-11-13', NULL);
INSERT INTO EMP_BRANCH_HISTORY (ID_Employee, ID_Branch, StartDate, EndDate) VALUES (20, 5, '2023-09-18', NULL);
INSERT INTO EMP_BRANCH_HISTORY (ID_Employee, ID_Branch, StartDate, EndDate) VALUES (43, 10, '2024-04-07', NULL);
INSERT INTO EMP_BRANCH_HISTORY (ID_Employee, ID_Branch, StartDate, EndDate) VALUES (91, 12, '2024-08-13', '2024-12-18');
INSERT INTO EMP_BRANCH_HISTORY (ID_Employee, ID_Branch, StartDate, EndDate) VALUES (19, 4, '2024-10-16', NULL);
INSERT INTO EMP_BRANCH_HISTORY (ID_Employee, ID_Branch, StartDate, EndDate) VALUES (200, 1, '2024-12-16', NULL);
INSERT INTO EMP_BRANCH_HISTORY (ID_Employee, ID_Branch, StartDate, EndDate) VALUES (127, 13, '2024-11-07', NULL);
INSERT INTO EMP_BRANCH_HISTORY (ID_Employee, ID_Branch, StartDate, EndDate) VALUES (134, 8, '2023-03-09', NULL);
INSERT INTO EMP_BRANCH_HISTORY (ID_Employee, ID_Branch, StartDate, EndDate) VALUES (61, 8, '2023-11-07', NULL);
INSERT INTO EMP_BRANCH_HISTORY (ID_Employee, ID_Branch, StartDate, EndDate) VALUES (185, 5, '2023-02-28', NULL);
INSERT INTO EMP_BRANCH_HISTORY (ID_Employee, ID_Branch, StartDate, EndDate) VALUES (165, 11, '2023-05-25', NULL);
INSERT INTO EMP_BRANCH_HISTORY (ID_Employee, ID_Branch, StartDate, EndDate) VALUES (193, 5, '2023-11-06', NULL);
INSERT INTO EMP_BRANCH_HISTORY (ID_Employee, ID_Branch, StartDate, EndDate) VALUES (7, 13, '2024-06-10', NULL);
INSERT INTO EMP_BRANCH_HISTORY (ID_Employee, ID_Branch, StartDate, EndDate) VALUES (3, 11, '2024-01-24', NULL);
INSERT INTO EMP_BRANCH_HISTORY (ID_Employee, ID_Branch, StartDate, EndDate) VALUES (116, 4, '2024-07-05', NULL);
INSERT INTO EMP_BRANCH_HISTORY (ID_Employee, ID_Branch, StartDate, EndDate) VALUES (189, 12, '2023-10-06', NULL);
INSERT INTO EMP_BRANCH_HISTORY (ID_Employee, ID_Branch, StartDate, EndDate) VALUES (138, 9, '2024-02-23', NULL);
INSERT INTO EMP_BRANCH_HISTORY (ID_Employee, ID_Branch, StartDate, EndDate) VALUES (41, 5, '2023-06-17', NULL);
INSERT INTO EMP_BRANCH_HISTORY (ID_Employee, ID_Branch, StartDate, EndDate) VALUES (95, 3, '2024-04-11', NULL);
INSERT INTO EMP_BRANCH_HISTORY (ID_Employee, ID_Branch, StartDate, EndDate) VALUES (166, 15, '2024-08-18', NULL);
INSERT INTO EMP_BRANCH_HISTORY (ID_Employee, ID_Branch, StartDate, EndDate) VALUES (67, 5, '2024-03-12', NULL);
INSERT INTO EMP_BRANCH_HISTORY (ID_Employee, ID_Branch, StartDate, EndDate) VALUES (202, 9, '2024-02-28', NULL);
INSERT INTO EMP_BRANCH_HISTORY (ID_Employee, ID_Branch, StartDate, EndDate) VALUES (175, 9, '2023-12-24', NULL);
INSERT INTO EMP_BRANCH_HISTORY (ID_Employee, ID_Branch, StartDate, EndDate) VALUES (37, 14, '2023-03-01', NULL);
INSERT INTO EMP_BRANCH_HISTORY (ID_Employee, ID_Branch, StartDate, EndDate) VALUES (136, 6, '2023-06-09', NULL);
INSERT INTO EMP_BRANCH_HISTORY (ID_Employee, ID_Branch, StartDate, EndDate) VALUES (51, 8, '2024-09-19', NULL);
INSERT INTO EMP_BRANCH_HISTORY (ID_Employee, ID_Branch, StartDate, EndDate) VALUES (116, 13, '2024-11-21', NULL);
INSERT INTO EMP_BRANCH_HISTORY (ID_Employee, ID_Branch, StartDate, EndDate) VALUES (23, 3, '2023-11-25', NULL);
INSERT INTO EMP_BRANCH_HISTORY (ID_Employee, ID_Branch, StartDate, EndDate) VALUES (222, 6, '2024-01-03', NULL);
INSERT INTO EMP_BRANCH_HISTORY (ID_Employee, ID_Branch, StartDate, EndDate) VALUES (175, 11, '2024-06-01', NULL);
INSERT INTO EMP_BRANCH_HISTORY (ID_Employee, ID_Branch, StartDate, EndDate) VALUES (102, 9, '2023-09-17', NULL);
INSERT INTO EMP_BRANCH_HISTORY (ID_Employee, ID_Branch, StartDate, EndDate) VALUES (112, 3, '2023-11-25', NULL);
INSERT INTO EMP_BRANCH_HISTORY (ID_Employee, ID_Branch, StartDate, EndDate) VALUES (214, 4, '2023-07-03', NULL);
INSERT INTO EMP_BRANCH_HISTORY (ID_Employee, ID_Branch, StartDate, EndDate) VALUES (182, 13, '2024-01-04', NULL);
INSERT INTO EMP_BRANCH_HISTORY (ID_Employee, ID_Branch, StartDate, EndDate) VALUES (48, 13, '2023-09-08', NULL);
INSERT INTO EMP_BRANCH_HISTORY (ID_Employee, ID_Branch, StartDate, EndDate) VALUES (82, 9, '2023-12-22', NULL);
INSERT INTO EMP_BRANCH_HISTORY (ID_Employee, ID_Branch, StartDate, EndDate) VALUES (46, 9, '2024-11-08', '2024-12-18');
INSERT INTO EMP_BRANCH_HISTORY (ID_Employee, ID_Branch, StartDate, EndDate) VALUES (5, 5, '2023-04-28', NULL);
INSERT INTO EMP_BRANCH_HISTORY (ID_Employee, ID_Branch, StartDate, EndDate) VALUES (220, 3, '2024-01-30', NULL);
INSERT INTO EMP_BRANCH_HISTORY (ID_Employee, ID_Branch, StartDate, EndDate) VALUES (204, 12, '2023-05-25', NULL);
INSERT INTO EMP_BRANCH_HISTORY (ID_Employee, ID_Branch, StartDate, EndDate) VALUES (173, 1, '2024-04-02', NULL);
INSERT INTO EMP_BRANCH_HISTORY (ID_Employee, ID_Branch, StartDate, EndDate) VALUES (118, 12, '2024-05-03', '2024-12-18');
INSERT INTO EMP_BRANCH_HISTORY (ID_Employee, ID_Branch, StartDate, EndDate) VALUES (224, 2, '2023-10-02', NULL);
INSERT INTO EMP_BRANCH_HISTORY (ID_Employee, ID_Branch, StartDate, EndDate) VALUES (132, 11, '2023-07-26', NULL);
INSERT INTO EMP_BRANCH_HISTORY (ID_Employee, ID_Branch, StartDate, EndDate) VALUES (37, 2, '2024-01-22', NULL);
INSERT INTO EMP_BRANCH_HISTORY (ID_Employee, ID_Branch, StartDate, EndDate) VALUES (219, 2, '2023-04-05', NULL);
INSERT INTO EMP_BRANCH_HISTORY (ID_Employee, ID_Branch, StartDate, EndDate) VALUES (113, 4, '2023-10-19', NULL);
INSERT INTO EMP_BRANCH_HISTORY (ID_Employee, ID_Branch, StartDate, EndDate) VALUES (172, 1, '2024-03-11', NULL);
INSERT INTO EMP_BRANCH_HISTORY (ID_Employee, ID_Branch, StartDate, EndDate) VALUES (17, 10, '2023-11-17', NULL);
INSERT INTO EMP_BRANCH_HISTORY (ID_Employee, ID_Branch, StartDate, EndDate) VALUES (92, 13, '2023-11-23', NULL);
INSERT INTO EMP_BRANCH_HISTORY (ID_Employee, ID_Branch, StartDate, EndDate) VALUES (180, 15, '2023-08-31', NULL);
INSERT INTO EMP_BRANCH_HISTORY (ID_Employee, ID_Branch, StartDate, EndDate) VALUES (2, 5, '2023-12-26', NULL);
INSERT INTO EMP_BRANCH_HISTORY (ID_Employee, ID_Branch, StartDate, EndDate) VALUES (147, 10, '2023-01-08', NULL);
INSERT INTO EMP_BRANCH_HISTORY (ID_Employee, ID_Branch, StartDate, EndDate) VALUES (130, 4, '2023-01-17', NULL);
INSERT INTO EMP_BRANCH_HISTORY (ID_Employee, ID_Branch, StartDate, EndDate) VALUES (179, 3, '2023-04-06', NULL);
INSERT INTO EMP_BRANCH_HISTORY (ID_Employee, ID_Branch, StartDate, EndDate) VALUES (174, 7, '2023-03-09', NULL);
INSERT INTO EMP_BRANCH_HISTORY (ID_Employee, ID_Branch, StartDate, EndDate) VALUES (92, 6, '2023-01-07', NULL);
INSERT INTO EMP_BRANCH_HISTORY (ID_Employee, ID_Branch, StartDate, EndDate) VALUES (118, 5, '2024-04-10', NULL);
INSERT INTO EMP_BRANCH_HISTORY (ID_Employee, ID_Branch, StartDate, EndDate) VALUES (76, 2, '2022-12-29', NULL);
INSERT INTO EMP_BRANCH_HISTORY (ID_Employee, ID_Branch, StartDate, EndDate) VALUES (51, 7, '2023-03-12', NULL);
INSERT INTO EMP_BRANCH_HISTORY (ID_Employee, ID_Branch, StartDate, EndDate) VALUES (123, 7, '2023-09-08', NULL);
INSERT INTO EMP_BRANCH_HISTORY (ID_Employee, ID_Branch, StartDate, EndDate) VALUES (57, 15, '2023-09-09', NULL);
INSERT INTO EMP_BRANCH_HISTORY (ID_Employee, ID_Branch, StartDate, EndDate) VALUES (161, 5, '2024-07-25', NULL);
INSERT INTO EMP_BRANCH_HISTORY (ID_Employee, ID_Branch, StartDate, EndDate) VALUES (5, 15, '2024-07-11', '2024-12-18');
INSERT INTO EMP_BRANCH_HISTORY (ID_Employee, ID_Branch, StartDate, EndDate) VALUES (6, 13, '2023-07-26', NULL);
INSERT INTO EMP_BRANCH_HISTORY (ID_Employee, ID_Branch, StartDate, EndDate) VALUES (68, 5, '2024-08-17', NULL);
INSERT INTO EMP_BRANCH_HISTORY (ID_Employee, ID_Branch, StartDate, EndDate) VALUES (125, 6, '2024-12-06', NULL);
INSERT INTO EMP_BRANCH_HISTORY (ID_Employee, ID_Branch, StartDate, EndDate) VALUES (41, 13, '2024-07-06', NULL);
INSERT INTO EMP_BRANCH_HISTORY (ID_Employee, ID_Branch, StartDate, EndDate) VALUES (161, 4, '2023-12-05', NULL);
INSERT INTO EMP_BRANCH_HISTORY (ID_Employee, ID_Branch, StartDate, EndDate) VALUES (96, 5, '2024-05-21', NULL);
INSERT INTO EMP_BRANCH_HISTORY (ID_Employee, ID_Branch, StartDate, EndDate) VALUES (109, 5, '2023-05-07', '2024-12-18');
INSERT INTO EMP_BRANCH_HISTORY (ID_Employee, ID_Branch, StartDate, EndDate) VALUES (71, 7, '2023-01-26', NULL);
INSERT INTO EMP_BRANCH_HISTORY (ID_Employee, ID_Branch, StartDate, EndDate) VALUES (37, 10, '2024-07-13', NULL);
INSERT INTO EMP_BRANCH_HISTORY (ID_Employee, ID_Branch, StartDate, EndDate) VALUES (66, 5, '2024-10-03', NULL);
INSERT INTO EMP_BRANCH_HISTORY (ID_Employee, ID_Branch, StartDate, EndDate) VALUES (89, 7, '2024-11-14', '2024-12-18');
INSERT INTO EMP_BRANCH_HISTORY (ID_Employee, ID_Branch, StartDate, EndDate) VALUES (193, 8, '2024-04-25', NULL);
INSERT INTO EMP_BRANCH_HISTORY (ID_Employee, ID_Branch, StartDate, EndDate) VALUES (216, 14, '2023-05-30', NULL);
INSERT INTO EMP_BRANCH_HISTORY (ID_Employee, ID_Branch, StartDate, EndDate) VALUES (77, 10, '2024-08-25', NULL);
INSERT INTO EMP_BRANCH_HISTORY (ID_Employee, ID_Branch, StartDate, EndDate) VALUES (187, 11, '2024-02-23', NULL);
INSERT INTO EMP_BRANCH_HISTORY (ID_Employee, ID_Branch, StartDate, EndDate) VALUES (223, 14, '2023-05-01', NULL);
INSERT INTO EMP_BRANCH_HISTORY (ID_Employee, ID_Branch, StartDate, EndDate) VALUES (40, 12, '2024-02-29', NULL);
INSERT INTO EMP_BRANCH_HISTORY (ID_Employee, ID_Branch, StartDate, EndDate) VALUES (94, 10, '2023-06-12', NULL);
INSERT INTO EMP_BRANCH_HISTORY (ID_Employee, ID_Branch, StartDate, EndDate) VALUES (209, 12, '2024-09-23', NULL);
INSERT INTO EMP_BRANCH_HISTORY (ID_Employee, ID_Branch, StartDate, EndDate) VALUES (85, 5, '2024-10-17', NULL);
INSERT INTO EMP_BRANCH_HISTORY (ID_Employee, ID_Branch, StartDate, EndDate) VALUES (92, 14, '2023-04-20', NULL);
INSERT INTO EMP_BRANCH_HISTORY (ID_Employee, ID_Branch, StartDate, EndDate) VALUES (47, 7, '2023-09-06', NULL);
INSERT INTO EMP_BRANCH_HISTORY (ID_Employee, ID_Branch, StartDate, EndDate) VALUES (14, 3, '2024-05-24', NULL);
INSERT INTO EMP_BRANCH_HISTORY (ID_Employee, ID_Branch, StartDate, EndDate) VALUES (199, 4, '2024-05-18', NULL);
INSERT INTO EMP_BRANCH_HISTORY (ID_Employee, ID_Branch, StartDate, EndDate) VALUES (81, 12, '2023-01-20', NULL);
INSERT INTO EMP_BRANCH_HISTORY (ID_Employee, ID_Branch, StartDate, EndDate) VALUES (60, 1, '2023-08-21', NULL);
INSERT INTO EMP_BRANCH_HISTORY (ID_Employee, ID_Branch, StartDate, EndDate) VALUES (48, 7, '2024-03-16', NULL);
INSERT INTO EMP_BRANCH_HISTORY (ID_Employee, ID_Branch, StartDate, EndDate) VALUES (152, 1, '2024-05-18', NULL);
INSERT INTO EMP_BRANCH_HISTORY (ID_Employee, ID_Branch, StartDate, EndDate) VALUES (93, 13, '2023-04-16', NULL);
INSERT INTO EMP_BRANCH_HISTORY (ID_Employee, ID_Branch, StartDate, EndDate) VALUES (166, 10, '2024-02-14', NULL);
INSERT INTO EMP_BRANCH_HISTORY (ID_Employee, ID_Branch, StartDate, EndDate) VALUES (157, 8, '2024-11-02', NULL);
INSERT INTO EMP_BRANCH_HISTORY (ID_Employee, ID_Branch, StartDate, EndDate) VALUES (140, 11, '2024-02-10', NULL);
INSERT INTO EMP_BRANCH_HISTORY (ID_Employee, ID_Branch, StartDate, EndDate) VALUES (61, 4, '2024-07-15', NULL);
INSERT INTO EMP_BRANCH_HISTORY (ID_Employee, ID_Branch, StartDate, EndDate) VALUES (129, 5, '2023-11-05', NULL);
INSERT INTO EMP_BRANCH_HISTORY (ID_Employee, ID_Branch, StartDate, EndDate) VALUES (19, 5, '2024-10-07', NULL);
INSERT INTO EMP_BRANCH_HISTORY (ID_Employee, ID_Branch, StartDate, EndDate) VALUES (125, 7, '2024-02-01', NULL);
INSERT INTO EMP_BRANCH_HISTORY (ID_Employee, ID_Branch, StartDate, EndDate) VALUES (157, 9, '2022-12-21', NULL);
INSERT INTO EMP_BRANCH_HISTORY (ID_Employee, ID_Branch, StartDate, EndDate) VALUES (75, 11, '2024-12-08', NULL);
INSERT INTO EMP_BRANCH_HISTORY (ID_Employee, ID_Branch, StartDate, EndDate) VALUES (135, 13, '2023-04-30', '2024-12-18');
INSERT INTO EMP_BRANCH_HISTORY (ID_Employee, ID_Branch, StartDate, EndDate) VALUES (163, 6, '2024-04-01', NULL);
INSERT INTO EMP_BRANCH_HISTORY (ID_Employee, ID_Branch, StartDate, EndDate) VALUES (165, 10, '2023-05-17', NULL);
INSERT INTO EMP_BRANCH_HISTORY (ID_Employee, ID_Branch, StartDate, EndDate) VALUES (109, 14, '2023-04-02', NULL);
INSERT INTO EMP_BRANCH_HISTORY (ID_Employee, ID_Branch, StartDate, EndDate) VALUES (176, 14, '2023-02-13', NULL);
INSERT INTO EMP_BRANCH_HISTORY (ID_Employee, ID_Branch, StartDate, EndDate) VALUES (205, 14, '2024-11-09', NULL);
INSERT INTO EMP_BRANCH_HISTORY (ID_Employee, ID_Branch, StartDate, EndDate) VALUES (192, 14, '2023-01-25', NULL);
INSERT INTO EMP_BRANCH_HISTORY (ID_Employee, ID_Branch, StartDate, EndDate) VALUES (210, 11, '2023-04-07', NULL);
INSERT INTO EMP_BRANCH_HISTORY (ID_Employee, ID_Branch, StartDate, EndDate) VALUES (160, 15, '2023-01-24', NULL);
INSERT INTO EMP_BRANCH_HISTORY (ID_Employee, ID_Branch, StartDate, EndDate) VALUES (25, 2, '2024-02-25', NULL);
INSERT INTO EMP_BRANCH_HISTORY (ID_Employee, ID_Branch, StartDate, EndDate) VALUES (23, 12, '2023-07-07', NULL);
INSERT INTO EMP_BRANCH_HISTORY (ID_Employee, ID_Branch, StartDate, EndDate) VALUES (206, 9, '2023-10-27', NULL);
INSERT INTO EMP_BRANCH_HISTORY (ID_Employee, ID_Branch, StartDate, EndDate) VALUES (146, 12, '2023-02-05', NULL);
INSERT INTO EMP_BRANCH_HISTORY (ID_Employee, ID_Branch, StartDate, EndDate) VALUES (215, 3, '2024-02-24', NULL);
INSERT INTO EMP_BRANCH_HISTORY (ID_Employee, ID_Branch, StartDate, EndDate) VALUES (192, 8, '2024-10-26', NULL);
INSERT INTO EMP_BRANCH_HISTORY (ID_Employee, ID_Branch, StartDate, EndDate) VALUES (181, 12, '2024-06-15', NULL);
INSERT INTO EMP_BRANCH_HISTORY (ID_Employee, ID_Branch, StartDate, EndDate) VALUES (141, 4, '2024-07-24', '2024-12-18');
INSERT INTO EMP_BRANCH_HISTORY (ID_Employee, ID_Branch, StartDate, EndDate) VALUES (168, 12, '2023-08-26', NULL);
INSERT INTO EMP_BRANCH_HISTORY (ID_Employee, ID_Branch, StartDate, EndDate) VALUES (72, 9, '2024-08-26', NULL);
INSERT INTO EMP_BRANCH_HISTORY (ID_Employee, ID_Branch, StartDate, EndDate) VALUES (200, 10, '2024-04-25', NULL);
INSERT INTO EMP_BRANCH_HISTORY (ID_Employee, ID_Branch, StartDate, EndDate) VALUES (197, 1, '2024-01-07', NULL);
INSERT INTO EMP_BRANCH_HISTORY (ID_Employee, ID_Branch, StartDate, EndDate) VALUES (199, 14, '2023-06-23', NULL);
INSERT INTO EMP_BRANCH_HISTORY (ID_Employee, ID_Branch, StartDate, EndDate) VALUES (155, 9, '2024-12-13', NULL);
INSERT INTO EMP_BRANCH_HISTORY (ID_Employee, ID_Branch, StartDate, EndDate) VALUES (109, 1, '2023-10-28', NULL);
INSERT INTO EMP_BRANCH_HISTORY (ID_Employee, ID_Branch, StartDate, EndDate) VALUES (198, 15, '2024-05-24', NULL);
INSERT INTO EMP_BRANCH_HISTORY (ID_Employee, ID_Branch, StartDate, EndDate) VALUES (169, 4, '2023-11-23', NULL);
INSERT INTO EMP_BRANCH_HISTORY (ID_Employee, ID_Branch, StartDate, EndDate) VALUES (139, 6, '2024-12-02', NULL);
INSERT INTO EMP_BRANCH_HISTORY (ID_Employee, ID_Branch, StartDate, EndDate) VALUES (173, 10, '2023-05-02', NULL);
INSERT INTO EMP_BRANCH_HISTORY (ID_Employee, ID_Branch, StartDate, EndDate) VALUES (106, 3, '2024-09-17', NULL);
INSERT INTO EMP_BRANCH_HISTORY (ID_Employee, ID_Branch, StartDate, EndDate) VALUES (185, 6, '2024-03-12', NULL);
INSERT INTO EMP_BRANCH_HISTORY (ID_Employee, ID_Branch, StartDate, EndDate) VALUES (215, 6, '2024-08-07', NULL);
INSERT INTO EMP_BRANCH_HISTORY (ID_Employee, ID_Branch, StartDate, EndDate) VALUES (30, 1, '2024-11-01', NULL);
INSERT INTO EMP_BRANCH_HISTORY (ID_Employee, ID_Branch, StartDate, EndDate) VALUES (29, 11, '2023-01-29', NULL);
INSERT INTO EMP_BRANCH_HISTORY (ID_Employee, ID_Branch, StartDate, EndDate) VALUES (220, 9, '2023-03-26', NULL);
INSERT INTO EMP_BRANCH_HISTORY (ID_Employee, ID_Branch, StartDate, EndDate) VALUES (26, 11, '2024-01-15', NULL);
INSERT INTO EMP_BRANCH_HISTORY (ID_Employee, ID_Branch, StartDate, EndDate) VALUES (65, 4, '2023-06-01', NULL);
INSERT INTO EMP_BRANCH_HISTORY (ID_Employee, ID_Branch, StartDate, EndDate) VALUES (63, 7, '2023-08-11', NULL);
INSERT INTO EMP_BRANCH_HISTORY (ID_Employee, ID_Branch, StartDate, EndDate) VALUES (39, 6, '2024-09-11', NULL);
INSERT INTO EMP_BRANCH_HISTORY (ID_Employee, ID_Branch, StartDate, EndDate) VALUES (36, 13, '2023-11-20', NULL);
INSERT INTO EMP_BRANCH_HISTORY (ID_Employee, ID_Branch, StartDate, EndDate) VALUES (224, 8, '2023-05-24', NULL);
INSERT INTO EMP_BRANCH_HISTORY (ID_Employee, ID_Branch, StartDate, EndDate) VALUES (112, 5, '2024-08-02', NULL);
INSERT INTO EMP_BRANCH_HISTORY (ID_Employee, ID_Branch, StartDate, EndDate) VALUES (11, 14, '2024-12-04', NULL);
INSERT INTO EMP_BRANCH_HISTORY (ID_Employee, ID_Branch, StartDate, EndDate) VALUES (67, 9, '2024-02-10', '2024-12-18');
INSERT INTO EMP_BRANCH_HISTORY (ID_Employee, ID_Branch, StartDate, EndDate) VALUES (53, 14, '2024-01-01', NULL);
INSERT INTO EMP_BRANCH_HISTORY (ID_Employee, ID_Branch, StartDate, EndDate) VALUES (182, 4, '2023-10-27', NULL);
INSERT INTO EMP_BRANCH_HISTORY (ID_Employee, ID_Branch, StartDate, EndDate) VALUES (58, 9, '2023-07-08', NULL);
INSERT INTO EMP_BRANCH_HISTORY (ID_Employee, ID_Branch, StartDate, EndDate) VALUES (209, 8, '2023-08-10', NULL);
INSERT INTO EMP_BRANCH_HISTORY (ID_Employee, ID_Branch, StartDate, EndDate) VALUES (187, 10, '2024-12-16', NULL);
INSERT INTO EMP_BRANCH_HISTORY (ID_Employee, ID_Branch, StartDate, EndDate) VALUES (130, 15, '2024-03-17', NULL);
INSERT INTO EMP_BRANCH_HISTORY (ID_Employee, ID_Branch, StartDate, EndDate) VALUES (151, 7, '2024-04-13', NULL);
INSERT INTO EMP_BRANCH_HISTORY (ID_Employee, ID_Branch, StartDate, EndDate) VALUES (213, 13, '2023-09-02', NULL);
INSERT INTO EMP_BRANCH_HISTORY (ID_Employee, ID_Branch, StartDate, EndDate) VALUES (180, 4, '2023-03-23', NULL);
INSERT INTO EMP_BRANCH_HISTORY (ID_Employee, ID_Branch, StartDate, EndDate) VALUES (220, 11, '2024-04-12', NULL);
INSERT INTO EMP_BRANCH_HISTORY (ID_Employee, ID_Branch, StartDate, EndDate) VALUES (216, 3, '2024-07-05', NULL);
INSERT INTO EMP_BRANCH_HISTORY (ID_Employee, ID_Branch, StartDate, EndDate) VALUES (198, 3, '2024-06-30', NULL);
INSERT INTO EMP_BRANCH_HISTORY (ID_Employee, ID_Branch, StartDate, EndDate) VALUES (198, 4, '2024-06-10', NULL);
INSERT INTO EMP_BRANCH_HISTORY (ID_Employee, ID_Branch, StartDate, EndDate) VALUES (32, 3, '2023-10-09', NULL);
INSERT INTO EMP_BRANCH_HISTORY (ID_Employee, ID_Branch, StartDate, EndDate) VALUES (103, 3, '2024-05-06', NULL);
INSERT INTO EMP_BRANCH_HISTORY (ID_Employee, ID_Branch, StartDate, EndDate) VALUES (79, 15, '2023-11-06', NULL);
INSERT INTO EMP_BRANCH_HISTORY (ID_Employee, ID_Branch, StartDate, EndDate) VALUES (107, 14, '2023-01-24', NULL);
INSERT INTO EMP_BRANCH_HISTORY (ID_Employee, ID_Branch, StartDate, EndDate) VALUES (200, 13, '2023-04-28', NULL);
INSERT INTO EMP_BRANCH_HISTORY (ID_Employee, ID_Branch, StartDate, EndDate) VALUES (96, 10, '2024-06-10', NULL);
INSERT INTO EMP_BRANCH_HISTORY (ID_Employee, ID_Branch, StartDate, EndDate) VALUES (29, 1, '2023-03-05', NULL);
INSERT INTO EMP_BRANCH_HISTORY (ID_Employee, ID_Branch, StartDate, EndDate) VALUES (118, 7, '2023-09-29', NULL);
INSERT INTO EMP_BRANCH_HISTORY (ID_Employee, ID_Branch, StartDate, EndDate) VALUES (174, 3, '2024-09-10', NULL);
INSERT INTO EMP_BRANCH_HISTORY (ID_Employee, ID_Branch, StartDate, EndDate) VALUES (88, 2, '2023-10-23', NULL);
INSERT INTO EMP_BRANCH_HISTORY (ID_Employee, ID_Branch, StartDate, EndDate) VALUES (135, 14, '2024-05-09', NULL);
INSERT INTO EMP_BRANCH_HISTORY (ID_Employee, ID_Branch, StartDate, EndDate) VALUES (188, 4, '2023-02-02', NULL);
INSERT INTO EMP_BRANCH_HISTORY (ID_Employee, ID_Branch, StartDate, EndDate) VALUES (85, 11, '2024-12-18', NULL);
INSERT INTO EMP_BRANCH_HISTORY (ID_Employee, ID_Branch, StartDate, EndDate) VALUES (129, 14, '2023-09-17', NULL);
INSERT INTO EMP_BRANCH_HISTORY (ID_Employee, ID_Branch, StartDate, EndDate) VALUES (63, 11, '2024-11-17', NULL);
INSERT INTO EMP_BRANCH_HISTORY (ID_Employee, ID_Branch, StartDate, EndDate) VALUES (164, 10, '2023-06-06', '2024-12-18');
INSERT INTO EMP_BRANCH_HISTORY (ID_Employee, ID_Branch, StartDate, EndDate) VALUES (121, 9, '2023-02-01', NULL);
INSERT INTO EMP_BRANCH_HISTORY (ID_Employee, ID_Branch, StartDate, EndDate) VALUES (159, 7, '2024-08-04', NULL);
INSERT INTO EMP_BRANCH_HISTORY (ID_Employee, ID_Branch, StartDate, EndDate) VALUES (182, 5, '2024-02-18', NULL);
INSERT INTO EMP_BRANCH_HISTORY (ID_Employee, ID_Branch, StartDate, EndDate) VALUES (69, 7, '2024-09-19', NULL);
INSERT INTO EMP_BRANCH_HISTORY (ID_Employee, ID_Branch, StartDate, EndDate) VALUES (126, 5, '2024-06-27', NULL);
INSERT INTO EMP_BRANCH_HISTORY (ID_Employee, ID_Branch, StartDate, EndDate) VALUES (103, 5, '2023-10-22', NULL);
INSERT INTO EMP_BRANCH_HISTORY (ID_Employee, ID_Branch, StartDate, EndDate) VALUES (49, 12, '2024-05-04', NULL);
INSERT INTO EMP_BRANCH_HISTORY (ID_Employee, ID_Branch, StartDate, EndDate) VALUES (37, 12, '2023-08-20', NULL);
INSERT INTO EMP_BRANCH_HISTORY (ID_Employee, ID_Branch, StartDate, EndDate) VALUES (25, 1, '2023-10-26', NULL);
INSERT INTO EMP_BRANCH_HISTORY (ID_Employee, ID_Branch, StartDate, EndDate) VALUES (161, 3, '2023-02-16', NULL);
INSERT INTO EMP_BRANCH_HISTORY (ID_Employee, ID_Branch, StartDate, EndDate) VALUES (188, 10, '2023-02-20', '2024-12-18');
INSERT INTO EMP_BRANCH_HISTORY (ID_Employee, ID_Branch, StartDate, EndDate) VALUES (225, 15, '2023-05-03', NULL);
INSERT INTO EMP_BRANCH_HISTORY (ID_Employee, ID_Branch, StartDate, EndDate) VALUES (75, 13, '2023-09-13', NULL);
INSERT INTO EMP_BRANCH_HISTORY (ID_Employee, ID_Branch, StartDate, EndDate) VALUES (111, 1, '2023-05-08', NULL);
INSERT INTO EMP_BRANCH_HISTORY (ID_Employee, ID_Branch, StartDate, EndDate) VALUES (35, 3, '2024-11-18', NULL);
INSERT INTO EMP_BRANCH_HISTORY (ID_Employee, ID_Branch, StartDate, EndDate) VALUES (161, 6, '2024-07-05', NULL);
INSERT INTO EMP_BRANCH_HISTORY (ID_Employee, ID_Branch, StartDate, EndDate) VALUES (187, 12, '2023-07-04', NULL);
INSERT INTO EMP_BRANCH_HISTORY (ID_Employee, ID_Branch, StartDate, EndDate) VALUES (88, 3, '2023-02-08', NULL);
INSERT INTO EMP_BRANCH_HISTORY (ID_Employee, ID_Branch, StartDate, EndDate) VALUES (211, 1, '2024-08-06', '2024-12-18');
INSERT INTO EMP_BRANCH_HISTORY (ID_Employee, ID_Branch, StartDate, EndDate) VALUES (143, 11, '2023-01-04', NULL);
INSERT INTO EMP_BRANCH_HISTORY (ID_Employee, ID_Branch, StartDate, EndDate) VALUES (139, 12, '2023-03-16', NULL);
INSERT INTO EMP_BRANCH_HISTORY (ID_Employee, ID_Branch, StartDate, EndDate) VALUES (27, 14, '2023-07-04', NULL);
INSERT INTO EMP_BRANCH_HISTORY (ID_Employee, ID_Branch, StartDate, EndDate) VALUES (134, 10, '2024-01-08', NULL);
INSERT INTO EMP_BRANCH_HISTORY (ID_Employee, ID_Branch, StartDate, EndDate) VALUES (120, 5, '2024-09-03', '2024-12-18');
INSERT INTO EMP_BRANCH_HISTORY (ID_Employee, ID_Branch, StartDate, EndDate) VALUES (136, 1, '2024-08-20', NULL);
INSERT INTO EMP_BRANCH_HISTORY (ID_Employee, ID_Branch, StartDate, EndDate) VALUES (192, 13, '2023-12-04', NULL);
INSERT INTO EMP_BRANCH_HISTORY (ID_Employee, ID_Branch, StartDate, EndDate) VALUES (184, 8, '2023-01-09', NULL);
INSERT INTO EMP_BRANCH_HISTORY (ID_Employee, ID_Branch, StartDate, EndDate) VALUES (135, 12, '2023-03-09', '2024-12-18');
INSERT INTO EMP_BRANCH_HISTORY (ID_Employee, ID_Branch, StartDate, EndDate) VALUES (180, 7, '2023-07-10', '2024-12-18');
INSERT INTO EMP_BRANCH_HISTORY (ID_Employee, ID_Branch, StartDate, EndDate) VALUES (143, 7, '2023-08-14', '2024-12-18');
INSERT INTO EMP_BRANCH_HISTORY (ID_Employee, ID_Branch, StartDate, EndDate) VALUES (224, 5, '2024-01-20', NULL);
INSERT INTO EMP_BRANCH_HISTORY (ID_Employee, ID_Branch, StartDate, EndDate) VALUES (149, 15, '2023-07-20', NULL);
INSERT INTO EMP_BRANCH_HISTORY (ID_Employee, ID_Branch, StartDate, EndDate) VALUES (130, 12, '2024-12-18', NULL);
INSERT INTO EMP_BRANCH_HISTORY (ID_Employee, ID_Branch, StartDate, EndDate) VALUES (70, 1, '2023-08-19', NULL);
INSERT INTO EMP_BRANCH_HISTORY (ID_Employee, ID_Branch, StartDate, EndDate) VALUES (6, 12, '2024-02-15', '2024-12-18');
INSERT INTO EMP_BRANCH_HISTORY (ID_Employee, ID_Branch, StartDate, EndDate) VALUES (215, 13, '2023-12-15', NULL);
INSERT INTO EMP_BRANCH_HISTORY (ID_Employee, ID_Branch, StartDate, EndDate) VALUES (192, 4, '2023-04-26', NULL);
INSERT INTO EMP_BRANCH_HISTORY (ID_Employee, ID_Branch, StartDate, EndDate) VALUES (144, 4, '2023-12-23', NULL);
INSERT INTO EMP_BRANCH_HISTORY (ID_Employee, ID_Branch, StartDate, EndDate) VALUES (95, 9, '2023-02-21', NULL);
INSERT INTO EMP_BRANCH_HISTORY (ID_Employee, ID_Branch, StartDate, EndDate) VALUES (196, 9, '2023-06-05', NULL);
INSERT INTO EMP_BRANCH_HISTORY (ID_Employee, ID_Branch, StartDate, EndDate) VALUES (16, 7, '2024-07-11', NULL);
INSERT INTO EMP_BRANCH_HISTORY (ID_Employee, ID_Branch, StartDate, EndDate) VALUES (54, 15, '2024-03-30', NULL);
INSERT INTO EMP_BRANCH_HISTORY (ID_Employee, ID_Branch, StartDate, EndDate) VALUES (57, 12, '2023-06-06', NULL);
INSERT INTO EMP_BRANCH_HISTORY (ID_Employee, ID_Branch, StartDate, EndDate) VALUES (10, 2, '2024-01-01', NULL);
INSERT INTO EMP_BRANCH_HISTORY (ID_Employee, ID_Branch, StartDate, EndDate) VALUES (145, 6, '2023-11-13', NULL);
INSERT INTO EMP_BRANCH_HISTORY (ID_Employee, ID_Branch, StartDate, EndDate) VALUES (124, 8, '2023-05-12', NULL);
INSERT INTO EMP_BRANCH_HISTORY (ID_Employee, ID_Branch, StartDate, EndDate) VALUES (119, 10, '2023-08-30', NULL);
INSERT INTO EMP_BRANCH_HISTORY (ID_Employee, ID_Branch, StartDate, EndDate) VALUES (164, 12, '2023-07-06', NULL);
INSERT INTO EMP_BRANCH_HISTORY (ID_Employee, ID_Branch, StartDate, EndDate) VALUES (114, 3, '2023-09-16', '2024-12-18');
INSERT INTO EMP_BRANCH_HISTORY (ID_Employee, ID_Branch, StartDate, EndDate) VALUES (78, 6, '2023-08-12', NULL);
INSERT INTO EMP_BRANCH_HISTORY (ID_Employee, ID_Branch, StartDate, EndDate) VALUES (102, 11, '2023-04-17', NULL);
INSERT INTO EMP_BRANCH_HISTORY (ID_Employee, ID_Branch, StartDate, EndDate) VALUES (139, 10, '2024-11-27', NULL);
INSERT INTO EMP_BRANCH_HISTORY (ID_Employee, ID_Branch, StartDate, EndDate) VALUES (189, 15, '2024-01-24', NULL);
INSERT INTO EMP_BRANCH_HISTORY (ID_Employee, ID_Branch, StartDate, EndDate) VALUES (158, 2, '2023-07-25', NULL);
INSERT INTO EMP_BRANCH_HISTORY (ID_Employee, ID_Branch, StartDate, EndDate) VALUES (190, 6, '2024-07-03', '2024-12-18');
INSERT INTO EMP_BRANCH_HISTORY (ID_Employee, ID_Branch, StartDate, EndDate) VALUES (208, 13, '2024-10-06', NULL);
INSERT INTO EMP_BRANCH_HISTORY (ID_Employee, ID_Branch, StartDate, EndDate) VALUES (87, 13, '2023-10-21', NULL);
INSERT INTO EMP_BRANCH_HISTORY (ID_Employee, ID_Branch, StartDate, EndDate) VALUES (146, 14, '2023-07-25', NULL);
INSERT INTO EMP_BRANCH_HISTORY (ID_Employee, ID_Branch, StartDate, EndDate) VALUES (91, 6, '2023-06-29', NULL);
INSERT INTO EMP_BRANCH_HISTORY (ID_Employee, ID_Branch, StartDate, EndDate) VALUES (71, 10, '2023-03-05', NULL);
INSERT INTO EMP_BRANCH_HISTORY (ID_Employee, ID_Branch, StartDate, EndDate) VALUES (27, 7, '2024-05-09', '2024-12-18');
INSERT INTO EMP_BRANCH_HISTORY (ID_Employee, ID_Branch, StartDate, EndDate) VALUES (188, 6, '2024-11-09', NULL);
INSERT INTO EMP_BRANCH_HISTORY (ID_Employee, ID_Branch, StartDate, EndDate) VALUES (71, 14, '2023-01-26', '2024-12-18');
INSERT INTO EMP_BRANCH_HISTORY (ID_Employee, ID_Branch, StartDate, EndDate) VALUES (221, 13, '2024-10-04', NULL);
INSERT INTO EMP_BRANCH_HISTORY (ID_Employee, ID_Branch, StartDate, EndDate) VALUES (190, 3, '2024-03-20', NULL);
INSERT INTO EMP_BRANCH_HISTORY (ID_Employee, ID_Branch, StartDate, EndDate) VALUES (30, 5, '2023-08-07', NULL);
INSERT INTO EMP_BRANCH_HISTORY (ID_Employee, ID_Branch, StartDate, EndDate) VALUES (96, 1, '2023-10-24', NULL);
INSERT INTO EMP_BRANCH_HISTORY (ID_Employee, ID_Branch, StartDate, EndDate) VALUES (8, 15, '2024-03-10', NULL);
INSERT INTO EMP_BRANCH_HISTORY (ID_Employee, ID_Branch, StartDate, EndDate) VALUES (89, 8, '2024-06-22', NULL);
INSERT INTO EMP_BRANCH_HISTORY (ID_Employee, ID_Branch, StartDate, EndDate) VALUES (119, 1, '2022-12-26', NULL);
INSERT INTO EMP_BRANCH_HISTORY (ID_Employee, ID_Branch, StartDate, EndDate) VALUES (69, 9, '2023-06-30', NULL);
INSERT INTO EMP_BRANCH_HISTORY (ID_Employee, ID_Branch, StartDate, EndDate) VALUES (215, 4, '2023-11-20', '2024-12-18');
INSERT INTO EMP_BRANCH_HISTORY (ID_Employee, ID_Branch, StartDate, EndDate) VALUES (57, 4, '2024-11-05', NULL);
INSERT INTO EMP_BRANCH_HISTORY (ID_Employee, ID_Branch, StartDate, EndDate) VALUES (1, 2, '2023-08-19', NULL);
INSERT INTO EMP_BRANCH_HISTORY (ID_Employee, ID_Branch, StartDate, EndDate) VALUES (120, 2, '2023-06-11', NULL);
INSERT INTO EMP_BRANCH_HISTORY (ID_Employee, ID_Branch, StartDate, EndDate) VALUES (181, 11, '2024-01-08', NULL);
INSERT INTO EMP_BRANCH_HISTORY (ID_Employee, ID_Branch, StartDate, EndDate) VALUES (58, 14, '2024-05-06', NULL);
INSERT INTO EMP_BRANCH_HISTORY (ID_Employee, ID_Branch, StartDate, EndDate) VALUES (69, 6, '2024-01-23', NULL);
INSERT INTO EMP_BRANCH_HISTORY (ID_Employee, ID_Branch, StartDate, EndDate) VALUES (130, 2, '2024-08-21', NULL);
INSERT INTO EMP_BRANCH_HISTORY (ID_Employee, ID_Branch, StartDate, EndDate) VALUES (40, 11, '2024-05-22', NULL);
INSERT INTO EMP_BRANCH_HISTORY (ID_Employee, ID_Branch, StartDate, EndDate) VALUES (184, 6, '2023-06-08', NULL);
INSERT INTO EMP_BRANCH_HISTORY (ID_Employee, ID_Branch, StartDate, EndDate) VALUES (140, 2, '2023-06-18', NULL);
INSERT INTO EMP_BRANCH_HISTORY (ID_Employee, ID_Branch, StartDate, EndDate) VALUES (70, 4, '2024-04-06', NULL);
INSERT INTO EMP_BRANCH_HISTORY (ID_Employee, ID_Branch, StartDate, EndDate) VALUES (205, 11, '2023-10-29', NULL);
INSERT INTO EMP_BRANCH_HISTORY (ID_Employee, ID_Branch, StartDate, EndDate) VALUES (155, 2, '2023-01-30', NULL);
INSERT INTO EMP_BRANCH_HISTORY (ID_Employee, ID_Branch, StartDate, EndDate) VALUES (133, 1, '2023-03-13', NULL);
INSERT INTO EMP_BRANCH_HISTORY (ID_Employee, ID_Branch, StartDate, EndDate) VALUES (99, 4, '2023-01-18', '2024-12-18');
INSERT INTO EMP_BRANCH_HISTORY (ID_Employee, ID_Branch, StartDate, EndDate) VALUES (202, 5, '2024-02-23', NULL);
INSERT INTO EMP_BRANCH_HISTORY (ID_Employee, ID_Branch, StartDate, EndDate) VALUES (103, 9, '2023-03-12', NULL);
INSERT INTO EMP_BRANCH_HISTORY (ID_Employee, ID_Branch, StartDate, EndDate) VALUES (111, 9, '2023-08-19', NULL);
INSERT INTO EMP_BRANCH_HISTORY (ID_Employee, ID_Branch, StartDate, EndDate) VALUES (220, 5, '2023-02-19', NULL);
INSERT INTO EMP_BRANCH_HISTORY (ID_Employee, ID_Branch, StartDate, EndDate) VALUES (192, 11, '2024-11-07', NULL);
INSERT INTO EMP_BRANCH_HISTORY (ID_Employee, ID_Branch, StartDate, EndDate) VALUES (26, 1, '2023-10-19', NULL);
INSERT INTO EMP_BRANCH_HISTORY (ID_Employee, ID_Branch, StartDate, EndDate) VALUES (200, 15, '2024-10-14', NULL);
INSERT INTO EMP_BRANCH_HISTORY (ID_Employee, ID_Branch, StartDate, EndDate) VALUES (33, 7, '2024-03-03', NULL);
INSERT INTO EMP_BRANCH_HISTORY (ID_Employee, ID_Branch, StartDate, EndDate) VALUES (26, 10, '2024-08-29', NULL);
INSERT INTO EMP_BRANCH_HISTORY (ID_Employee, ID_Branch, StartDate, EndDate) VALUES (4, 8, '2024-11-17', NULL);
INSERT INTO EMP_BRANCH_HISTORY (ID_Employee, ID_Branch, StartDate, EndDate) VALUES (83, 5, '2023-01-06', NULL);
INSERT INTO EMP_BRANCH_HISTORY (ID_Employee, ID_Branch, StartDate, EndDate) VALUES (58, 5, '2023-02-28', NULL);
INSERT INTO EMP_BRANCH_HISTORY (ID_Employee, ID_Branch, StartDate, EndDate) VALUES (42, 15, '2024-07-07', '2024-12-18');
INSERT INTO EMP_BRANCH_HISTORY (ID_Employee, ID_Branch, StartDate, EndDate) VALUES (123, 11, '2024-03-22', NULL);
INSERT INTO EMP_BRANCH_HISTORY (ID_Employee, ID_Branch, StartDate, EndDate) VALUES (55, 8, '2024-04-01', NULL);
INSERT INTO EMP_BRANCH_HISTORY (ID_Employee, ID_Branch, StartDate, EndDate) VALUES (152, 15, '2023-12-23', NULL);
INSERT INTO EMP_BRANCH_HISTORY (ID_Employee, ID_Branch, StartDate, EndDate) VALUES (177, 14, '2024-10-29', NULL);
INSERT INTO EMP_BRANCH_HISTORY (ID_Employee, ID_Branch, StartDate, EndDate) VALUES (180, 14, '2023-01-30', NULL);
INSERT INTO EMP_BRANCH_HISTORY (ID_Employee, ID_Branch, StartDate, EndDate) VALUES (153, 10, '2023-08-24', NULL);
INSERT INTO EMP_BRANCH_HISTORY (ID_Employee, ID_Branch, StartDate, EndDate) VALUES (214, 13, '2024-07-16', '2024-12-18');
INSERT INTO EMP_BRANCH_HISTORY (ID_Employee, ID_Branch, StartDate, EndDate) VALUES (181, 6, '2024-08-19', NULL);
INSERT INTO EMP_BRANCH_HISTORY (ID_Employee, ID_Branch, StartDate, EndDate) VALUES (180, 13, '2023-12-04', NULL);
INSERT INTO EMP_BRANCH_HISTORY (ID_Employee, ID_Branch, StartDate, EndDate) VALUES (149, 5, '2024-07-23', '2024-12-18');
INSERT INTO EMP_BRANCH_HISTORY (ID_Employee, ID_Branch, StartDate, EndDate) VALUES (28, 10, '2023-05-29', NULL);
INSERT INTO EMP_BRANCH_HISTORY (ID_Employee, ID_Branch, StartDate, EndDate) VALUES (185, 11, '2023-11-09', NULL);
INSERT INTO EMP_BRANCH_HISTORY (ID_Employee, ID_Branch, StartDate, EndDate) VALUES (21, 4, '2024-03-31', NULL);
INSERT INTO EMP_BRANCH_HISTORY (ID_Employee, ID_Branch, StartDate, EndDate) VALUES (157, 12, '2024-07-05', NULL);
INSERT INTO EMP_BRANCH_HISTORY (ID_Employee, ID_Branch, StartDate, EndDate) VALUES (173, 2, '2024-07-17', '2024-12-18');
INSERT INTO EMP_BRANCH_HISTORY (ID_Employee, ID_Branch, StartDate, EndDate) VALUES (37, 3, '2024-06-12', NULL);
INSERT INTO EMP_BRANCH_HISTORY (ID_Employee, ID_Branch, StartDate, EndDate) VALUES (158, 3, '2023-05-08', NULL);
INSERT INTO EMP_BRANCH_HISTORY (ID_Employee, ID_Branch, StartDate, EndDate) VALUES (108, 7, '2024-07-06', NULL);
INSERT INTO EMP_BRANCH_HISTORY (ID_Employee, ID_Branch, StartDate, EndDate) VALUES (201, 3, '2023-12-04', NULL);
INSERT INTO EMP_BRANCH_HISTORY (ID_Employee, ID_Branch, StartDate, EndDate) VALUES (169, 12, '2023-02-18', NULL);
INSERT INTO EMP_BRANCH_HISTORY (ID_Employee, ID_Branch, StartDate, EndDate) VALUES (106, 14, '2024-03-05', NULL);
INSERT INTO EMP_BRANCH_HISTORY (ID_Employee, ID_Branch, StartDate, EndDate) VALUES (114, 8, '2023-03-22', NULL);
INSERT INTO EMP_BRANCH_HISTORY (ID_Employee, ID_Branch, StartDate, EndDate) VALUES (139, 3, '2023-06-13', NULL);
INSERT INTO EMP_BRANCH_HISTORY (ID_Employee, ID_Branch, StartDate, EndDate) VALUES (172, 14, '2024-06-17', NULL);
INSERT INTO EMP_BRANCH_HISTORY (ID_Employee, ID_Branch, StartDate, EndDate) VALUES (202, 4, '2023-03-04', NULL);
INSERT INTO EMP_BRANCH_HISTORY (ID_Employee, ID_Branch, StartDate, EndDate) VALUES (203, 5, '2024-04-06', '2024-12-18');
INSERT INTO EMP_BRANCH_HISTORY (ID_Employee, ID_Branch, StartDate, EndDate) VALUES (56, 12, '2023-07-16', '2024-12-18');
INSERT INTO EMP_BRANCH_HISTORY (ID_Employee, ID_Branch, StartDate, EndDate) VALUES (32, 9, '2023-05-11', NULL);
INSERT INTO EMP_BRANCH_HISTORY (ID_Employee, ID_Branch, StartDate, EndDate) VALUES (42, 5, '2023-08-04', NULL);
INSERT INTO EMP_BRANCH_HISTORY (ID_Employee, ID_Branch, StartDate, EndDate) VALUES (174, 15, '2023-03-30', NULL);
INSERT INTO EMP_BRANCH_HISTORY (ID_Employee, ID_Branch, StartDate, EndDate) VALUES (18, 5, '2024-02-21', NULL);
INSERT INTO EMP_BRANCH_HISTORY (ID_Employee, ID_Branch, StartDate, EndDate) VALUES (107, 4, '2024-06-27', NULL);
INSERT INTO EMP_BRANCH_HISTORY (ID_Employee, ID_Branch, StartDate, EndDate) VALUES (125, 2, '2024-04-26', NULL);
INSERT INTO EMP_BRANCH_HISTORY (ID_Employee, ID_Branch, StartDate, EndDate) VALUES (166, 6, '2024-05-03', NULL);
INSERT INTO EMP_BRANCH_HISTORY (ID_Employee, ID_Branch, StartDate, EndDate) VALUES (209, 10, '2022-12-20', NULL);
INSERT INTO EMP_BRANCH_HISTORY (ID_Employee, ID_Branch, StartDate, EndDate) VALUES (101, 12, '2023-07-18', NULL);
INSERT INTO EMP_BRANCH_HISTORY (ID_Employee, ID_Branch, StartDate, EndDate) VALUES (39, 14, '2024-08-28', NULL);
INSERT INTO EMP_BRANCH_HISTORY (ID_Employee, ID_Branch, StartDate, EndDate) VALUES (61, 13, '2024-02-07', NULL);
INSERT INTO EMP_BRANCH_HISTORY (ID_Employee, ID_Branch, StartDate, EndDate) VALUES (28, 1, '2022-12-31', NULL);
INSERT INTO EMP_BRANCH_HISTORY (ID_Employee, ID_Branch, StartDate, EndDate) VALUES (105, 2, '2023-01-11', NULL);
INSERT INTO EMP_BRANCH_HISTORY (ID_Employee, ID_Branch, StartDate, EndDate) VALUES (133, 10, '2023-07-04', '2024-12-18');
INSERT INTO EMP_BRANCH_HISTORY (ID_Employee, ID_Branch, StartDate, EndDate) VALUES (105, 10, '2023-11-14', NULL);
INSERT INTO EMP_BRANCH_HISTORY (ID_Employee, ID_Branch, StartDate, EndDate) VALUES (19, 1, '2024-07-17', '2024-12-18');
INSERT INTO EMP_BRANCH_HISTORY (ID_Employee, ID_Branch, StartDate, EndDate) VALUES (47, 6, '2023-02-22', NULL);
INSERT INTO EMP_BRANCH_HISTORY (ID_Employee, ID_Branch, StartDate, EndDate) VALUES (140, 15, '2023-07-12', NULL);
INSERT INTO EMP_BRANCH_HISTORY (ID_Employee, ID_Branch, StartDate, EndDate) VALUES (73, 5, '2023-11-17', NULL);
INSERT INTO EMP_BRANCH_HISTORY (ID_Employee, ID_Branch, StartDate, EndDate) VALUES (97, 6, '2024-11-14', NULL);
INSERT INTO EMP_BRANCH_HISTORY (ID_Employee, ID_Branch, StartDate, EndDate) VALUES (2, 3, '2023-03-04', NULL);
INSERT INTO EMP_BRANCH_HISTORY (ID_Employee, ID_Branch, StartDate, EndDate) VALUES (149, 1, '2024-03-18', NULL);
INSERT INTO EMP_BRANCH_HISTORY (ID_Employee, ID_Branch, StartDate, EndDate) VALUES (13, 4, '2024-04-10', NULL);
INSERT INTO EMP_BRANCH_HISTORY (ID_Employee, ID_Branch, StartDate, EndDate) VALUES (198, 8, '2024-05-19', NULL);
INSERT INTO EMP_BRANCH_HISTORY (ID_Employee, ID_Branch, StartDate, EndDate) VALUES (18, 9, '2024-02-12', NULL);
INSERT INTO EMP_BRANCH_HISTORY (ID_Employee, ID_Branch, StartDate, EndDate) VALUES (23, 6, '2024-05-29', NULL);
INSERT INTO EMP_BRANCH_HISTORY (ID_Employee, ID_Branch, StartDate, EndDate) VALUES (76, 7, '2023-10-01', NULL);
INSERT INTO EMP_BRANCH_HISTORY (ID_Employee, ID_Branch, StartDate, EndDate) VALUES (194, 7, '2023-03-10', NULL);
INSERT INTO EMP_BRANCH_HISTORY (ID_Employee, ID_Branch, StartDate, EndDate) VALUES (173, 13, '2023-03-11', NULL);
INSERT INTO EMP_BRANCH_HISTORY (ID_Employee, ID_Branch, StartDate, EndDate) VALUES (23, 11, '2023-05-15', NULL);
INSERT INTO EMP_BRANCH_HISTORY (ID_Employee, ID_Branch, StartDate, EndDate) VALUES (3, 3, '2023-08-30', NULL);
INSERT INTO EMP_BRANCH_HISTORY (ID_Employee, ID_Branch, StartDate, EndDate) VALUES (190, 15, '2024-03-16', NULL);
INSERT INTO EMP_BRANCH_HISTORY (ID_Employee, ID_Branch, StartDate, EndDate) VALUES (199, 11, '2024-12-08', NULL);
INSERT INTO EMP_BRANCH_HISTORY (ID_Employee, ID_Branch, StartDate, EndDate) VALUES (1, 8, '2023-11-28', NULL);
INSERT INTO EMP_BRANCH_HISTORY (ID_Employee, ID_Branch, StartDate, EndDate) VALUES (123, 5, '2024-10-06', NULL);
INSERT INTO EMP_BRANCH_HISTORY (ID_Employee, ID_Branch, StartDate, EndDate) VALUES (158, 1, '2023-06-30', NULL);
INSERT INTO EMP_BRANCH_HISTORY (ID_Employee, ID_Branch, StartDate, EndDate) VALUES (224, 11, '2023-12-11', '2024-12-18');
INSERT INTO EMP_BRANCH_HISTORY (ID_Employee, ID_Branch, StartDate, EndDate) VALUES (23, 1, '2024-10-02', '2024-12-18');
INSERT INTO EMP_BRANCH_HISTORY (ID_Employee, ID_Branch, StartDate, EndDate) VALUES (160, 4, '2023-08-26', NULL);
INSERT INTO EMP_BRANCH_HISTORY (ID_Employee, ID_Branch, StartDate, EndDate) VALUES (63, 13, '2023-11-17', NULL);
INSERT INTO EMP_BRANCH_HISTORY (ID_Employee, ID_Branch, StartDate, EndDate) VALUES (206, 7, '2024-03-23', NULL);
INSERT INTO EMP_BRANCH_HISTORY (ID_Employee, ID_Branch, StartDate, EndDate) VALUES (168, 13, '2024-11-20', NULL);
INSERT INTO EMP_BRANCH_HISTORY (ID_Employee, ID_Branch, StartDate, EndDate) VALUES (36, 12, '2023-09-26', NULL);
INSERT INTO EMP_BRANCH_HISTORY (ID_Employee, ID_Branch, StartDate, EndDate) VALUES (142, 15, '2023-07-17', NULL);
INSERT INTO EMP_BRANCH_HISTORY (ID_Employee, ID_Branch, StartDate, EndDate) VALUES (9, 7, '2024-10-24', NULL);
INSERT INTO EMP_BRANCH_HISTORY (ID_Employee, ID_Branch, StartDate, EndDate) VALUES (110, 6, '2024-11-27', NULL);
INSERT INTO EMP_BRANCH_HISTORY (ID_Employee, ID_Branch, StartDate, EndDate) VALUES (144, 15, '2023-04-28', NULL);
INSERT INTO EMP_BRANCH_HISTORY (ID_Employee, ID_Branch, StartDate, EndDate) VALUES (65, 5, '2023-08-05', NULL);
INSERT INTO EMP_BRANCH_HISTORY (ID_Employee, ID_Branch, StartDate, EndDate) VALUES (8, 3, '2023-04-02', NULL);
INSERT INTO EMP_BRANCH_HISTORY (ID_Employee, ID_Branch, StartDate, EndDate) VALUES (203, 6, '2024-03-06', NULL);
INSERT INTO EMP_BRANCH_HISTORY (ID_Employee, ID_Branch, StartDate, EndDate) VALUES (128, 2, '2024-09-23', NULL);
INSERT INTO EMP_BRANCH_HISTORY (ID_Employee, ID_Branch, StartDate, EndDate) VALUES (207, 2, '2024-04-10', NULL);
INSERT INTO EMP_BRANCH_HISTORY (ID_Employee, ID_Branch, StartDate, EndDate) VALUES (76, 14, '2024-10-29', NULL);
INSERT INTO EMP_BRANCH_HISTORY (ID_Employee, ID_Branch, StartDate, EndDate) VALUES (144, 10, '2023-10-28', NULL);
INSERT INTO EMP_BRANCH_HISTORY (ID_Employee, ID_Branch, StartDate, EndDate) VALUES (198, 1, '2024-02-24', NULL);
INSERT INTO EMP_BRANCH_HISTORY (ID_Employee, ID_Branch, StartDate, EndDate) VALUES (219, 11, '2023-08-21', NULL);
INSERT INTO EMP_BRANCH_HISTORY (ID_Employee, ID_Branch, StartDate, EndDate) VALUES (159, 4, '2024-10-06', NULL);
INSERT INTO EMP_BRANCH_HISTORY (ID_Employee, ID_Branch, StartDate, EndDate) VALUES (131, 2, '2023-03-15', NULL);
INSERT INTO EMP_BRANCH_HISTORY (ID_Employee, ID_Branch, StartDate, EndDate) VALUES (142, 14, '2024-08-26', '2024-12-18');
INSERT INTO EMP_BRANCH_HISTORY (ID_Employee, ID_Branch, StartDate, EndDate) VALUES (225, 1, '2023-06-20', NULL);
INSERT INTO EMP_BRANCH_HISTORY (ID_Employee, ID_Branch, StartDate, EndDate) VALUES (124, 11, '2024-12-07', NULL);
INSERT INTO EMP_BRANCH_HISTORY (ID_Employee, ID_Branch, StartDate, EndDate) VALUES (36, 7, '2024-12-16', NULL);
INSERT INTO EMP_BRANCH_HISTORY (ID_Employee, ID_Branch, StartDate, EndDate) VALUES (118, 4, '2023-09-14', NULL);
INSERT INTO EMP_BRANCH_HISTORY (ID_Employee, ID_Branch, StartDate, EndDate) VALUES (3, 15, '2023-01-06', NULL);
INSERT INTO EMP_BRANCH_HISTORY (ID_Employee, ID_Branch, StartDate, EndDate) VALUES (122, 9, '2023-08-11', NULL);
INSERT INTO EMP_BRANCH_HISTORY (ID_Employee, ID_Branch, StartDate, EndDate) VALUES (158, 5, '2022-12-26', NULL);
INSERT INTO EMP_BRANCH_HISTORY (ID_Employee, ID_Branch, StartDate, EndDate) VALUES (111, 5, '2024-06-24', NULL);
INSERT INTO EMP_BRANCH_HISTORY (ID_Employee, ID_Branch, StartDate, EndDate) VALUES (185, 2, '2024-04-21', NULL);
INSERT INTO EMP_BRANCH_HISTORY (ID_Employee, ID_Branch, StartDate, EndDate) VALUES (177, 13, '2023-12-27', NULL);
INSERT INTO EMP_BRANCH_HISTORY (ID_Employee, ID_Branch, StartDate, EndDate) VALUES (40, 2, '2024-08-23', NULL);
INSERT INTO EMP_BRANCH_HISTORY (ID_Employee, ID_Branch, StartDate, EndDate) VALUES (195, 8, '2023-04-10', NULL);
INSERT INTO EMP_BRANCH_HISTORY (ID_Employee, ID_Branch, StartDate, EndDate) VALUES (215, 9, '2024-04-18', NULL);
INSERT INTO EMP_BRANCH_HISTORY (ID_Employee, ID_Branch, StartDate, EndDate) VALUES (6, 1, '2023-06-15', NULL);
INSERT INTO EMP_BRANCH_HISTORY (ID_Employee, ID_Branch, StartDate, EndDate) VALUES (7, 15, '2024-01-16', NULL);
INSERT INTO EMP_BRANCH_HISTORY (ID_Employee, ID_Branch, StartDate, EndDate) VALUES (157, 11, '2023-09-16', NULL);
INSERT INTO EMP_BRANCH_HISTORY (ID_Employee, ID_Branch, StartDate, EndDate) VALUES (158, 7, '2024-03-22', NULL);
INSERT INTO EMP_BRANCH_HISTORY (ID_Employee, ID_Branch, StartDate, EndDate) VALUES (128, 14, '2024-07-19', NULL);
INSERT INTO EMP_BRANCH_HISTORY (ID_Employee, ID_Branch, StartDate, EndDate) VALUES (96, 8, '2024-02-23', NULL);
INSERT INTO EMP_BRANCH_HISTORY (ID_Employee, ID_Branch, StartDate, EndDate) VALUES (48, 2, '2023-03-31', NULL);
INSERT INTO EMP_BRANCH_HISTORY (ID_Employee, ID_Branch, StartDate, EndDate) VALUES (85, 10, '2024-03-30', NULL);
INSERT INTO EMP_BRANCH_HISTORY (ID_Employee, ID_Branch, StartDate, EndDate) VALUES (10, 12, '2023-04-11', NULL);
INSERT INTO EMP_BRANCH_HISTORY (ID_Employee, ID_Branch, StartDate, EndDate) VALUES (201, 12, '2024-08-28', NULL);
INSERT INTO EMP_BRANCH_HISTORY (ID_Employee, ID_Branch, StartDate, EndDate) VALUES (98, 7, '2023-07-06', NULL);
INSERT INTO EMP_BRANCH_HISTORY (ID_Employee, ID_Branch, StartDate, EndDate) VALUES (102, 3, '2023-05-12', NULL);
INSERT INTO EMP_BRANCH_HISTORY (ID_Employee, ID_Branch, StartDate, EndDate) VALUES (2, 1, '2024-10-03', NULL);
INSERT INTO EMP_BRANCH_HISTORY (ID_Employee, ID_Branch, StartDate, EndDate) VALUES (132, 9, '2023-12-05', NULL);
INSERT INTO EMP_BRANCH_HISTORY (ID_Employee, ID_Branch, StartDate, EndDate) VALUES (179, 15, '2024-05-26', NULL);
INSERT INTO EMP_BRANCH_HISTORY (ID_Employee, ID_Branch, StartDate, EndDate) VALUES (68, 9, '2023-06-22', '2024-12-18');
INSERT INTO EMP_BRANCH_HISTORY (ID_Employee, ID_Branch, StartDate, EndDate) VALUES (105, 8, '2023-11-29', NULL);
INSERT INTO EMP_BRANCH_HISTORY (ID_Employee, ID_Branch, StartDate, EndDate) VALUES (172, 9, '2024-02-29', NULL);
INSERT INTO EMP_BRANCH_HISTORY (ID_Employee, ID_Branch, StartDate, EndDate) VALUES (6, 11, '2023-06-15', NULL);
INSERT INTO EMP_BRANCH_HISTORY (ID_Employee, ID_Branch, StartDate, EndDate) VALUES (162, 13, '2024-05-10', NULL);
INSERT INTO EMP_BRANCH_HISTORY (ID_Employee, ID_Branch, StartDate, EndDate) VALUES (14, 5, '2023-07-29', NULL);
INSERT INTO EMP_BRANCH_HISTORY (ID_Employee, ID_Branch, StartDate, EndDate) VALUES (77, 1, '2024-02-19', NULL);
INSERT INTO EMP_BRANCH_HISTORY (ID_Employee, ID_Branch, StartDate, EndDate) VALUES (84, 14, '2024-03-05', NULL);
INSERT INTO EMP_BRANCH_HISTORY (ID_Employee, ID_Branch, StartDate, EndDate) VALUES (143, 8, '2024-08-28', NULL);
INSERT INTO EMP_BRANCH_HISTORY (ID_Employee, ID_Branch, StartDate, EndDate) VALUES (144, 7, '2023-07-14', NULL);
INSERT INTO EMP_BRANCH_HISTORY (ID_Employee, ID_Branch, StartDate, EndDate) VALUES (56, 15, '2024-06-06', NULL);
INSERT INTO EMP_BRANCH_HISTORY (ID_Employee, ID_Branch, StartDate, EndDate) VALUES (49, 6, '2023-06-08', NULL);
INSERT INTO EMP_BRANCH_HISTORY (ID_Employee, ID_Branch, StartDate, EndDate) VALUES (88, 7, '2024-04-27', NULL);
INSERT INTO EMP_BRANCH_HISTORY (ID_Employee, ID_Branch, StartDate, EndDate) VALUES (31, 13, '2023-03-16', NULL);
INSERT INTO EMP_BRANCH_HISTORY (ID_Employee, ID_Branch, StartDate, EndDate) VALUES (122, 6, '2024-12-14', NULL);
INSERT INTO EMP_BRANCH_HISTORY (ID_Employee, ID_Branch, StartDate, EndDate) VALUES (105, 11, '2024-10-05', '2024-12-18');
INSERT INTO EMP_BRANCH_HISTORY (ID_Employee, ID_Branch, StartDate, EndDate) VALUES (65, 1, '2023-02-17', NULL);
INSERT INTO EMP_BRANCH_HISTORY (ID_Employee, ID_Branch, StartDate, EndDate) VALUES (55, 1, '2023-03-09', '2024-12-18');
INSERT INTO EMP_BRANCH_HISTORY (ID_Employee, ID_Branch, StartDate, EndDate) VALUES (117, 10, '2023-12-15', NULL);
INSERT INTO EMP_BRANCH_HISTORY (ID_Employee, ID_Branch, StartDate, EndDate) VALUES (172, 10, '2024-01-22', NULL);
INSERT INTO EMP_BRANCH_HISTORY (ID_Employee, ID_Branch, StartDate, EndDate) VALUES (10, 11, '2023-12-14', NULL);
INSERT INTO EMP_BRANCH_HISTORY (ID_Employee, ID_Branch, StartDate, EndDate) VALUES (66, 4, '2023-03-07', NULL);
INSERT INTO EMP_BRANCH_HISTORY (ID_Employee, ID_Branch, StartDate, EndDate) VALUES (155, 10, '2023-09-05', NULL);
INSERT INTO EMP_BRANCH_HISTORY (ID_Employee, ID_Branch, StartDate, EndDate) VALUES (28, 14, '2023-04-11', NULL);
INSERT INTO EMP_BRANCH_HISTORY (ID_Employee, ID_Branch, StartDate, EndDate) VALUES (225, 11, '2023-01-25', NULL);
INSERT INTO EMP_BRANCH_HISTORY (ID_Employee, ID_Branch, StartDate, EndDate) VALUES (204, 1, '2024-05-26', NULL);
INSERT INTO EMP_BRANCH_HISTORY (ID_Employee, ID_Branch, StartDate, EndDate) VALUES (208, 2, '2024-06-28', NULL);
INSERT INTO EMP_BRANCH_HISTORY (ID_Employee, ID_Branch, StartDate, EndDate) VALUES (56, 4, '2024-04-09', '2024-12-18');
INSERT INTO EMP_BRANCH_HISTORY (ID_Employee, ID_Branch, StartDate, EndDate) VALUES (64, 11, '2023-12-31', '2024-12-18');
INSERT INTO EMP_BRANCH_HISTORY (ID_Employee, ID_Branch, StartDate, EndDate) VALUES (131, 3, '2023-04-11', NULL);
INSERT INTO EMP_BRANCH_HISTORY (ID_Employee, ID_Branch, StartDate, EndDate) VALUES (190, 10, '2024-07-24', NULL);
INSERT INTO EMP_BRANCH_HISTORY (ID_Employee, ID_Branch, StartDate, EndDate) VALUES (147, 2, '2024-08-04', NULL);
INSERT INTO EMP_BRANCH_HISTORY (ID_Employee, ID_Branch, StartDate, EndDate) VALUES (164, 4, '2024-05-30', NULL);
INSERT INTO EMP_BRANCH_HISTORY (ID_Employee, ID_Branch, StartDate, EndDate) VALUES (220, 6, '2024-04-17', NULL);
INSERT INTO EMP_BRANCH_HISTORY (ID_Employee, ID_Branch, StartDate, EndDate) VALUES (28, 4, '2024-02-21', NULL);
INSERT INTO EMP_BRANCH_HISTORY (ID_Employee, ID_Branch, StartDate, EndDate) VALUES (68, 6, '2023-07-14', NULL);
INSERT INTO EMP_BRANCH_HISTORY (ID_Employee, ID_Branch, StartDate, EndDate) VALUES (177, 3, '2024-08-12', NULL);
INSERT INTO EMP_BRANCH_HISTORY (ID_Employee, ID_Branch, StartDate, EndDate) VALUES (173, 8, '2023-08-13', NULL);
INSERT INTO EMP_BRANCH_HISTORY (ID_Employee, ID_Branch, StartDate, EndDate) VALUES (27, 11, '2023-12-04', NULL);
INSERT INTO EMP_BRANCH_HISTORY (ID_Employee, ID_Branch, StartDate, EndDate) VALUES (53, 6, '2023-12-02', '2024-12-18');
INSERT INTO EMP_BRANCH_HISTORY (ID_Employee, ID_Branch, StartDate, EndDate) VALUES (98, 10, '2023-07-29', NULL);
INSERT INTO EMP_BRANCH_HISTORY (ID_Employee, ID_Branch, StartDate, EndDate) VALUES (114, 1, '2024-03-25', NULL);
INSERT INTO EMP_BRANCH_HISTORY (ID_Employee, ID_Branch, StartDate, EndDate) VALUES (148, 13, '2024-01-18', NULL);
INSERT INTO EMP_BRANCH_HISTORY (ID_Employee, ID_Branch, StartDate, EndDate) VALUES (123, 15, '2023-07-20', NULL);
INSERT INTO EMP_BRANCH_HISTORY (ID_Employee, ID_Branch, StartDate, EndDate) VALUES (72, 5, '2023-02-02', NULL);
INSERT INTO EMP_BRANCH_HISTORY (ID_Employee, ID_Branch, StartDate, EndDate) VALUES (166, 3, '2023-08-04', NULL);
INSERT INTO EMP_BRANCH_HISTORY (ID_Employee, ID_Branch, StartDate, EndDate) VALUES (141, 11, '2024-06-02', NULL);
INSERT INTO EMP_BRANCH_HISTORY (ID_Employee, ID_Branch, StartDate, EndDate) VALUES (75, 4, '2024-04-11', NULL);
INSERT INTO EMP_BRANCH_HISTORY (ID_Employee, ID_Branch, StartDate, EndDate) VALUES (84, 13, '2023-03-14', NULL);
INSERT INTO EMP_BRANCH_HISTORY (ID_Employee, ID_Branch, StartDate, EndDate) VALUES (40, 4, '2024-03-29', NULL);
INSERT INTO EMP_BRANCH_HISTORY (ID_Employee, ID_Branch, StartDate, EndDate) VALUES (164, 1, '2023-09-03', NULL);
INSERT INTO EMP_BRANCH_HISTORY (ID_Employee, ID_Branch, StartDate, EndDate) VALUES (94, 7, '2023-02-14', NULL);
INSERT INTO EMP_BRANCH_HISTORY (ID_Employee, ID_Branch, StartDate, EndDate) VALUES (200, 11, '2023-05-18', NULL);
INSERT INTO EMP_BRANCH_HISTORY (ID_Employee, ID_Branch, StartDate, EndDate) VALUES (73, 14, '2023-06-29', NULL);
INSERT INTO EMP_BRANCH_HISTORY (ID_Employee, ID_Branch, StartDate, EndDate) VALUES (4, 15, '2024-06-16', NULL);
INSERT INTO EMP_BRANCH_HISTORY (ID_Employee, ID_Branch, StartDate, EndDate) VALUES (160, 12, '2023-06-06', NULL);
INSERT INTO EMP_BRANCH_HISTORY (ID_Employee, ID_Branch, StartDate, EndDate) VALUES (109, 4, '2024-01-11', NULL);
INSERT INTO EMP_BRANCH_HISTORY (ID_Employee, ID_Branch, StartDate, EndDate) VALUES (64, 2, '2023-02-26', NULL);
INSERT INTO EMP_BRANCH_HISTORY (ID_Employee, ID_Branch, StartDate, EndDate) VALUES (71, 12, '2023-01-07', NULL);
INSERT INTO EMP_BRANCH_HISTORY (ID_Employee, ID_Branch, StartDate, EndDate) VALUES (32, 13, '2023-03-26', NULL);
INSERT INTO EMP_BRANCH_HISTORY (ID_Employee, ID_Branch, StartDate, EndDate) VALUES (153, 11, '2024-03-02', NULL);
INSERT INTO EMP_BRANCH_HISTORY (ID_Employee, ID_Branch, StartDate, EndDate) VALUES (83, 12, '2024-06-24', NULL);
INSERT INTO EMP_BRANCH_HISTORY (ID_Employee, ID_Branch, StartDate, EndDate) VALUES (173, 5, '2024-11-19', NULL);
INSERT INTO EMP_BRANCH_HISTORY (ID_Employee, ID_Branch, StartDate, EndDate) VALUES (220, 2, '2024-06-27', NULL);
INSERT INTO EMP_BRANCH_HISTORY (ID_Employee, ID_Branch, StartDate, EndDate) VALUES (203, 11, '2023-09-09', NULL);
INSERT INTO EMP_BRANCH_HISTORY (ID_Employee, ID_Branch, StartDate, EndDate) VALUES (192, 10, '2023-12-02', NULL);
INSERT INTO EMP_BRANCH_HISTORY (ID_Employee, ID_Branch, StartDate, EndDate) VALUES (124, 2, '2024-08-09', NULL);
INSERT INTO EMP_BRANCH_HISTORY (ID_Employee, ID_Branch, StartDate, EndDate) VALUES (91, 4, '2023-08-18', NULL);
INSERT INTO EMP_BRANCH_HISTORY (ID_Employee, ID_Branch, StartDate, EndDate) VALUES (151, 9, '2023-07-02', NULL);
INSERT INTO EMP_BRANCH_HISTORY (ID_Employee, ID_Branch, StartDate, EndDate) VALUES (125, 13, '2024-04-12', NULL);
INSERT INTO EMP_BRANCH_HISTORY (ID_Employee, ID_Branch, StartDate, EndDate) VALUES (29, 7, '2023-09-18', '2024-12-18');
INSERT INTO EMP_BRANCH_HISTORY (ID_Employee, ID_Branch, StartDate, EndDate) VALUES (17, 11, '2024-01-05', NULL);
INSERT INTO EMP_BRANCH_HISTORY (ID_Employee, ID_Branch, StartDate, EndDate) VALUES (178, 1, '2023-12-31', NULL);
INSERT INTO EMP_BRANCH_HISTORY (ID_Employee, ID_Branch, StartDate, EndDate) VALUES (215, 12, '2024-11-05', NULL);
INSERT INTO EMP_BRANCH_HISTORY (ID_Employee, ID_Branch, StartDate, EndDate) VALUES (136, 7, '2024-10-01', NULL);
INSERT INTO EMP_BRANCH_HISTORY (ID_Employee, ID_Branch, StartDate, EndDate) VALUES (115, 7, '2023-08-18', NULL);
INSERT INTO EMP_BRANCH_HISTORY (ID_Employee, ID_Branch, StartDate, EndDate) VALUES (43, 4, '2023-11-17', NULL);
INSERT INTO EMP_BRANCH_HISTORY (ID_Employee, ID_Branch, StartDate, EndDate) VALUES (95, 5, '2024-12-04', NULL);
INSERT INTO EMP_BRANCH_HISTORY (ID_Employee, ID_Branch, StartDate, EndDate) VALUES (126, 11, '2024-01-31', NULL);
INSERT INTO EMP_BRANCH_HISTORY (ID_Employee, ID_Branch, StartDate, EndDate) VALUES (201, 10, '2024-10-12', NULL);
INSERT INTO EMP_BRANCH_HISTORY (ID_Employee, ID_Branch, StartDate, EndDate) VALUES (23, 10, '2023-12-23', NULL);
INSERT INTO EMP_BRANCH_HISTORY (ID_Employee, ID_Branch, StartDate, EndDate) VALUES (101, 9, '2024-11-19', NULL);
INSERT INTO EMP_BRANCH_HISTORY (ID_Employee, ID_Branch, StartDate, EndDate) VALUES (40, 8, '2024-10-13', NULL);
INSERT INTO EMP_BRANCH_HISTORY (ID_Employee, ID_Branch, StartDate, EndDate) VALUES (77, 5, '2024-10-02', NULL);
INSERT INTO EMP_BRANCH_HISTORY (ID_Employee, ID_Branch, StartDate, EndDate) VALUES (98, 2, '2023-12-09', NULL);
INSERT INTO EMP_BRANCH_HISTORY (ID_Employee, ID_Branch, StartDate, EndDate) VALUES (211, 6, '2024-04-03', NULL);
INSERT INTO EMP_BRANCH_HISTORY (ID_Employee, ID_Branch, StartDate, EndDate) VALUES (40, 5, '2024-05-05', NULL);
INSERT INTO EMP_BRANCH_HISTORY (ID_Employee, ID_Branch, StartDate, EndDate) VALUES (191, 9, '2023-01-30', NULL);
INSERT INTO EMP_BRANCH_HISTORY (ID_Employee, ID_Branch, StartDate, EndDate) VALUES (181, 10, '2024-09-30', '2024-12-18');
INSERT INTO EMP_BRANCH_HISTORY (ID_Employee, ID_Branch, StartDate, EndDate) VALUES (179, 12, '2023-02-04', '2024-12-18');
INSERT INTO EMP_BRANCH_HISTORY (ID_Employee, ID_Branch, StartDate, EndDate) VALUES (181, 3, '2024-08-25', '2024-12-18');
INSERT INTO EMP_BRANCH_HISTORY (ID_Employee, ID_Branch, StartDate, EndDate) VALUES (103, 4, '2024-11-19', NULL);
INSERT INTO EMP_BRANCH_HISTORY (ID_Employee, ID_Branch, StartDate, EndDate) VALUES (4, 6, '2024-05-12', NULL);
INSERT INTO EMP_BRANCH_HISTORY (ID_Employee, ID_Branch, StartDate, EndDate) VALUES (146, 3, '2024-05-24', NULL);
INSERT INTO EMP_BRANCH_HISTORY (ID_Employee, ID_Branch, StartDate, EndDate) VALUES (189, 9, '2023-07-12', NULL);
INSERT INTO EMP_BRANCH_HISTORY (ID_Employee, ID_Branch, StartDate, EndDate) VALUES (44, 5, '2024-10-22', NULL);
INSERT INTO EMP_BRANCH_HISTORY (ID_Employee, ID_Branch, StartDate, EndDate) VALUES (27, 10, '2024-02-29', '2024-12-18');
INSERT INTO EMP_BRANCH_HISTORY (ID_Employee, ID_Branch, StartDate, EndDate) VALUES (62, 4, '2024-02-03', '2024-12-18');
INSERT INTO EMP_BRANCH_HISTORY (ID_Employee, ID_Branch, StartDate, EndDate) VALUES (121, 1, '2023-10-17', NULL);
INSERT INTO EMP_BRANCH_HISTORY (ID_Employee, ID_Branch, StartDate, EndDate) VALUES (22, 12, '2024-01-08', NULL);
INSERT INTO EMP_BRANCH_HISTORY (ID_Employee, ID_Branch, StartDate, EndDate) VALUES (4, 7, '2023-05-07', NULL);
INSERT INTO EMP_BRANCH_HISTORY (ID_Employee, ID_Branch, StartDate, EndDate) VALUES (177, 9, '2023-11-04', NULL);
INSERT INTO EMP_BRANCH_HISTORY (ID_Employee, ID_Branch, StartDate, EndDate) VALUES (198, 14, '2024-10-16', NULL);
INSERT INTO EMP_BRANCH_HISTORY (ID_Employee, ID_Branch, StartDate, EndDate) VALUES (14, 2, '2023-09-07', NULL);
INSERT INTO EMP_BRANCH_HISTORY (ID_Employee, ID_Branch, StartDate, EndDate) VALUES (59, 7, '2023-07-17', NULL);
INSERT INTO EMP_BRANCH_HISTORY (ID_Employee, ID_Branch, StartDate, EndDate) VALUES (142, 10, '2024-02-09', NULL);
INSERT INTO EMP_BRANCH_HISTORY (ID_Employee, ID_Branch, StartDate, EndDate) VALUES (16, 10, '2024-02-09', NULL);
INSERT INTO EMP_BRANCH_HISTORY (ID_Employee, ID_Branch, StartDate, EndDate) VALUES (2, 2, '2024-01-04', NULL);
INSERT INTO EMP_BRANCH_HISTORY (ID_Employee, ID_Branch, StartDate, EndDate) VALUES (96, 14, '2024-04-29', NULL);
INSERT INTO EMP_BRANCH_HISTORY (ID_Employee, ID_Branch, StartDate, EndDate) VALUES (108, 10, '2024-05-28', NULL);
INSERT INTO EMP_BRANCH_HISTORY (ID_Employee, ID_Branch, StartDate, EndDate) VALUES (161, 2, '2023-01-22', NULL);
INSERT INTO EMP_BRANCH_HISTORY (ID_Employee, ID_Branch, StartDate, EndDate) VALUES (158, 15, '2024-10-25', NULL);
INSERT INTO EMP_BRANCH_HISTORY (ID_Employee, ID_Branch, StartDate, EndDate) VALUES (133, 12, '2024-05-04', NULL);
INSERT INTO EMP_BRANCH_HISTORY (ID_Employee, ID_Branch, StartDate, EndDate) VALUES (208, 6, '2023-01-22', NULL);
INSERT INTO EMP_BRANCH_HISTORY (ID_Employee, ID_Branch, StartDate, EndDate) VALUES (208, 10, '2024-08-03', '2024-12-18');
INSERT INTO EMP_BRANCH_HISTORY (ID_Employee, ID_Branch, StartDate, EndDate) VALUES (192, 6, '2023-11-26', NULL);
INSERT INTO EMP_BRANCH_HISTORY (ID_Employee, ID_Branch, StartDate, EndDate) VALUES (108, 11, '2023-06-14', NULL);
INSERT INTO EMP_BRANCH_HISTORY (ID_Employee, ID_Branch, StartDate, EndDate) VALUES (92, 5, '2023-03-19', NULL);
INSERT INTO EMP_BRANCH_HISTORY (ID_Employee, ID_Branch, StartDate, EndDate) VALUES (82, 8, '2023-06-19', NULL);
INSERT INTO EMP_BRANCH_HISTORY (ID_Employee, ID_Branch, StartDate, EndDate) VALUES (84, 3, '2024-04-28', NULL);
INSERT INTO EMP_BRANCH_HISTORY (ID_Employee, ID_Branch, StartDate, EndDate) VALUES (57, 6, '2024-12-09', NULL);
INSERT INTO EMP_BRANCH_HISTORY (ID_Employee, ID_Branch, StartDate, EndDate) VALUES (96, 9, '2023-07-19', NULL);
INSERT INTO EMP_BRANCH_HISTORY (ID_Employee, ID_Branch, StartDate, EndDate) VALUES (50, 3, '2023-09-19', NULL);
INSERT INTO EMP_BRANCH_HISTORY (ID_Employee, ID_Branch, StartDate, EndDate) VALUES (92, 2, '2023-07-10', NULL);
INSERT INTO EMP_BRANCH_HISTORY (ID_Employee, ID_Branch, StartDate, EndDate) VALUES (115, 11, '2023-10-29', '2024-12-18');
INSERT INTO EMP_BRANCH_HISTORY (ID_Employee, ID_Branch, StartDate, EndDate) VALUES (60, 14, '2024-05-05', NULL);
INSERT INTO EMP_BRANCH_HISTORY (ID_Employee, ID_Branch, StartDate, EndDate) VALUES (142, 2, '2024-07-29', NULL);
INSERT INTO EMP_BRANCH_HISTORY (ID_Employee, ID_Branch, StartDate, EndDate) VALUES (132, 14, '2023-03-30', NULL);
INSERT INTO EMP_BRANCH_HISTORY (ID_Employee, ID_Branch, StartDate, EndDate) VALUES (146, 5, '2023-11-10', NULL);
INSERT INTO EMP_BRANCH_HISTORY (ID_Employee, ID_Branch, StartDate, EndDate) VALUES (140, 8, '2023-09-07', NULL);
INSERT INTO EMP_BRANCH_HISTORY (ID_Employee, ID_Branch, StartDate, EndDate) VALUES (150, 11, '2023-04-24', NULL);
INSERT INTO EMP_BRANCH_HISTORY (ID_Employee, ID_Branch, StartDate, EndDate) VALUES (76, 11, '2024-08-01', NULL);
INSERT INTO EMP_BRANCH_HISTORY (ID_Employee, ID_Branch, StartDate, EndDate) VALUES (5, 10, '2023-10-27', '2024-12-18');
INSERT INTO EMP_BRANCH_HISTORY (ID_Employee, ID_Branch, StartDate, EndDate) VALUES (162, 9, '2024-02-10', NULL);
INSERT INTO EMP_BRANCH_HISTORY (ID_Employee, ID_Branch, StartDate, EndDate) VALUES (98, 5, '2023-06-19', NULL);
INSERT INTO EMP_BRANCH_HISTORY (ID_Employee, ID_Branch, StartDate, EndDate) VALUES (223, 2, '2024-11-15', '2024-12-18');
INSERT INTO EMP_BRANCH_HISTORY (ID_Employee, ID_Branch, StartDate, EndDate) VALUES (100, 12, '2024-02-19', NULL);
INSERT INTO EMP_BRANCH_HISTORY (ID_Employee, ID_Branch, StartDate, EndDate) VALUES (64, 5, '2024-08-09', NULL);
INSERT INTO EMP_BRANCH_HISTORY (ID_Employee, ID_Branch, StartDate, EndDate) VALUES (62, 9, '2023-11-05', NULL);
INSERT INTO EMP_BRANCH_HISTORY (ID_Employee, ID_Branch, StartDate, EndDate) VALUES (127, 1, '2024-01-17', NULL);
INSERT INTO EMP_BRANCH_HISTORY (ID_Employee, ID_Branch, StartDate, EndDate) VALUES (216, 4, '2024-12-11', NULL);
INSERT INTO EMP_BRANCH_HISTORY (ID_Employee, ID_Branch, StartDate, EndDate) VALUES (42, 14, '2024-08-01', NULL);
INSERT INTO EMP_BRANCH_HISTORY (ID_Employee, ID_Branch, StartDate, EndDate) VALUES (89, 12, '2023-12-01', NULL);
INSERT INTO EMP_BRANCH_HISTORY (ID_Employee, ID_Branch, StartDate, EndDate) VALUES (225, 4, '2023-04-08', NULL);
INSERT INTO EMP_BRANCH_HISTORY (ID_Employee, ID_Branch, StartDate, EndDate) VALUES (65, 3, '2023-11-07', NULL);
INSERT INTO EMP_BRANCH_HISTORY (ID_Employee, ID_Branch, StartDate, EndDate) VALUES (134, 9, '2024-03-02', NULL);
INSERT INTO EMP_BRANCH_HISTORY (ID_Employee, ID_Branch, StartDate, EndDate) VALUES (12, 4, '2023-12-08', '2024-12-18');
INSERT INTO EMP_BRANCH_HISTORY (ID_Employee, ID_Branch, StartDate, EndDate) VALUES (115, 8, '2023-12-27', NULL);
INSERT INTO EMP_BRANCH_HISTORY (ID_Employee, ID_Branch, StartDate, EndDate) VALUES (109, 10, '2023-03-31', NULL);
INSERT INTO EMP_BRANCH_HISTORY (ID_Employee, ID_Branch, StartDate, EndDate) VALUES (146, 4, '2024-01-31', NULL);
INSERT INTO EMP_BRANCH_HISTORY (ID_Employee, ID_Branch, StartDate, EndDate) VALUES (71, 11, '2023-05-06', NULL);
INSERT INTO EMP_BRANCH_HISTORY (ID_Employee, ID_Branch, StartDate, EndDate) VALUES (120, 8, '2023-10-24', NULL);
INSERT INTO EMP_BRANCH_HISTORY (ID_Employee, ID_Branch, StartDate, EndDate) VALUES (181, 14, '2024-12-08', NULL);
INSERT INTO EMP_BRANCH_HISTORY (ID_Employee, ID_Branch, StartDate, EndDate) VALUES (98, 9, '2024-09-08', '2024-12-18');
INSERT INTO EMP_BRANCH_HISTORY (ID_Employee, ID_Branch, StartDate, EndDate) VALUES (128, 11, '2024-01-09', NULL);
INSERT INTO EMP_BRANCH_HISTORY (ID_Employee, ID_Branch, StartDate, EndDate) VALUES (113, 5, '2024-03-04', NULL);
INSERT INTO EMP_BRANCH_HISTORY (ID_Employee, ID_Branch, StartDate, EndDate) VALUES (126, 15, '2024-02-22', '2024-12-18');
INSERT INTO EMP_BRANCH_HISTORY (ID_Employee, ID_Branch, StartDate, EndDate) VALUES (60, 10, '2023-12-21', NULL);
INSERT INTO EMP_BRANCH_HISTORY (ID_Employee, ID_Branch, StartDate, EndDate) VALUES (133, 9, '2023-05-23', NULL);
INSERT INTO EMP_BRANCH_HISTORY (ID_Employee, ID_Branch, StartDate, EndDate) VALUES (71, 15, '2023-12-08', NULL);
INSERT INTO EMP_BRANCH_HISTORY (ID_Employee, ID_Branch, StartDate, EndDate) VALUES (217, 4, '2024-09-08', NULL);
INSERT INTO EMP_BRANCH_HISTORY (ID_Employee, ID_Branch, StartDate, EndDate) VALUES (79, 10, '2024-06-12', NULL);
INSERT INTO EMP_BRANCH_HISTORY (ID_Employee, ID_Branch, StartDate, EndDate) VALUES (75, 15, '2023-06-16', '2024-12-18');
INSERT INTO EMP_BRANCH_HISTORY (ID_Employee, ID_Branch, StartDate, EndDate) VALUES (55, 2, '2024-01-17', NULL);
INSERT INTO EMP_BRANCH_HISTORY (ID_Employee, ID_Branch, StartDate, EndDate) VALUES (203, 3, '2024-06-25', NULL);
INSERT INTO EMP_BRANCH_HISTORY (ID_Employee, ID_Branch, StartDate, EndDate) VALUES (176, 1, '2024-09-23', NULL);
INSERT INTO EMP_BRANCH_HISTORY (ID_Employee, ID_Branch, StartDate, EndDate) VALUES (148, 9, '2024-02-01', NULL);
INSERT INTO EMP_BRANCH_HISTORY (ID_Employee, ID_Branch, StartDate, EndDate) VALUES (98, 14, '2023-11-01', '2024-12-18');
INSERT INTO EMP_BRANCH_HISTORY (ID_Employee, ID_Branch, StartDate, EndDate) VALUES (89, 15, '2024-12-05', '2024-12-18');
INSERT INTO EMP_BRANCH_HISTORY (ID_Employee, ID_Branch, StartDate, EndDate) VALUES (122, 14, '2023-09-05', NULL);
INSERT INTO EMP_BRANCH_HISTORY (ID_Employee, ID_Branch, StartDate, EndDate) VALUES (167, 5, '2024-08-18', NULL);
INSERT INTO EMP_BRANCH_HISTORY (ID_Employee, ID_Branch, StartDate, EndDate) VALUES (62, 2, '2023-02-27', NULL);
INSERT INTO EMP_BRANCH_HISTORY (ID_Employee, ID_Branch, StartDate, EndDate) VALUES (117, 15, '2023-12-02', NULL);
INSERT INTO EMP_BRANCH_HISTORY (ID_Employee, ID_Branch, StartDate, EndDate) VALUES (41, 11, '2023-04-16', NULL);
INSERT INTO EMP_BRANCH_HISTORY (ID_Employee, ID_Branch, StartDate, EndDate) VALUES (82, 15, '2023-07-30', NULL);
INSERT INTO EMP_BRANCH_HISTORY (ID_Employee, ID_Branch, StartDate, EndDate) VALUES (116, 14, '2024-04-04', '2024-12-18');
INSERT INTO EMP_BRANCH_HISTORY (ID_Employee, ID_Branch, StartDate, EndDate) VALUES (111, 15, '2023-05-14', NULL);
INSERT INTO EMP_BRANCH_HISTORY (ID_Employee, ID_Branch, StartDate, EndDate) VALUES (145, 5, '2023-06-02', NULL);
INSERT INTO EMP_BRANCH_HISTORY (ID_Employee, ID_Branch, StartDate, EndDate) VALUES (210, 5, '2024-10-03', NULL);
INSERT INTO EMP_BRANCH_HISTORY (ID_Employee, ID_Branch, StartDate, EndDate) VALUES (60, 12, '2024-02-25', NULL);
INSERT INTO EMP_BRANCH_HISTORY (ID_Employee, ID_Branch, StartDate, EndDate) VALUES (46, 8, '2023-03-31', '2024-12-18');
INSERT INTO EMP_BRANCH_HISTORY (ID_Employee, ID_Branch, StartDate, EndDate) VALUES (19, 6, '2023-04-07', NULL);
INSERT INTO EMP_BRANCH_HISTORY (ID_Employee, ID_Branch, StartDate, EndDate) VALUES (213, 5, '2023-06-01', NULL);
INSERT INTO EMP_BRANCH_HISTORY (ID_Employee, ID_Branch, StartDate, EndDate) VALUES (215, 8, '2023-07-28', NULL);
INSERT INTO EMP_BRANCH_HISTORY (ID_Employee, ID_Branch, StartDate, EndDate) VALUES (25, 7, '2023-02-24', NULL);
INSERT INTO EMP_BRANCH_HISTORY (ID_Employee, ID_Branch, StartDate, EndDate) VALUES (120, 10, '2024-04-28', NULL);
INSERT INTO EMP_BRANCH_HISTORY (ID_Employee, ID_Branch, StartDate, EndDate) VALUES (206, 2, '2024-08-19', '2024-12-18');
INSERT INTO EMP_BRANCH_HISTORY (ID_Employee, ID_Branch, StartDate, EndDate) VALUES (133, 11, '2024-08-31', NULL);
INSERT INTO EMP_BRANCH_HISTORY (ID_Employee, ID_Branch, StartDate, EndDate) VALUES (211, 13, '2023-11-02', NULL);
INSERT INTO EMP_BRANCH_HISTORY (ID_Employee, ID_Branch, StartDate, EndDate) VALUES (180, 5, '2023-11-26', NULL);
INSERT INTO EMP_BRANCH_HISTORY (ID_Employee, ID_Branch, StartDate, EndDate) VALUES (183, 14, '2024-09-07', NULL);
INSERT INTO EMP_BRANCH_HISTORY (ID_Employee, ID_Branch, StartDate, EndDate) VALUES (23, 15, '2024-10-02', NULL);
INSERT INTO EMP_BRANCH_HISTORY (ID_Employee, ID_Branch, StartDate, EndDate) VALUES (216, 9, '2024-05-08', '2024-12-18');
INSERT INTO EMP_BRANCH_HISTORY (ID_Employee, ID_Branch, StartDate, EndDate) VALUES (61, 1, '2023-02-28', NULL);
INSERT INTO EMP_BRANCH_HISTORY (ID_Employee, ID_Branch, StartDate, EndDate) VALUES (13, 12, '2024-12-13', NULL);
INSERT INTO EMP_BRANCH_HISTORY (ID_Employee, ID_Branch, StartDate, EndDate) VALUES (21, 6, '2024-03-15', NULL);
INSERT INTO EMP_BRANCH_HISTORY (ID_Employee, ID_Branch, StartDate, EndDate) VALUES (11, 8, '2023-09-05', NULL);
INSERT INTO EMP_BRANCH_HISTORY (ID_Employee, ID_Branch, StartDate, EndDate) VALUES (99, 3, '2024-05-21', NULL);
INSERT INTO EMP_BRANCH_HISTORY (ID_Employee, ID_Branch, StartDate, EndDate) VALUES (93, 1, '2024-03-26', NULL);
INSERT INTO EMP_BRANCH_HISTORY (ID_Employee, ID_Branch, StartDate, EndDate) VALUES (41, 1, '2024-07-06', NULL);
INSERT INTO EMP_BRANCH_HISTORY (ID_Employee, ID_Branch, StartDate, EndDate) VALUES (184, 11, '2023-12-23', NULL);
INSERT INTO EMP_BRANCH_HISTORY (ID_Employee, ID_Branch, StartDate, EndDate) VALUES (167, 11, '2024-01-21', NULL);
INSERT INTO EMP_BRANCH_HISTORY (ID_Employee, ID_Branch, StartDate, EndDate) VALUES (171, 3, '2023-04-24', NULL);
INSERT INTO EMP_BRANCH_HISTORY (ID_Employee, ID_Branch, StartDate, EndDate) VALUES (28, 8, '2024-12-13', NULL);
INSERT INTO EMP_BRANCH_HISTORY (ID_Employee, ID_Branch, StartDate, EndDate) VALUES (201, 13, '2023-02-07', NULL);
INSERT INTO EMP_BRANCH_HISTORY (ID_Employee, ID_Branch, StartDate, EndDate) VALUES (185, 3, '2023-01-04', NULL);
INSERT INTO EMP_BRANCH_HISTORY (ID_Employee, ID_Branch, StartDate, EndDate) VALUES (128, 6, '2024-04-13', NULL);
INSERT INTO EMP_BRANCH_HISTORY (ID_Employee, ID_Branch, StartDate, EndDate) VALUES (118, 3, '2023-12-23', NULL);
INSERT INTO EMP_BRANCH_HISTORY (ID_Employee, ID_Branch, StartDate, EndDate) VALUES (211, 2, '2024-03-31', NULL);
INSERT INTO EMP_BRANCH_HISTORY (ID_Employee, ID_Branch, StartDate, EndDate) VALUES (199, 6, '2024-05-05', '2024-12-18');
INSERT INTO EMP_BRANCH_HISTORY (ID_Employee, ID_Branch, StartDate, EndDate) VALUES (169, 11, '2023-06-13', NULL);
INSERT INTO EMP_BRANCH_HISTORY (ID_Employee, ID_Branch, StartDate, EndDate) VALUES (125, 4, '2024-10-29', NULL);
INSERT INTO EMP_BRANCH_HISTORY (ID_Employee, ID_Branch, StartDate, EndDate) VALUES (117, 9, '2024-07-21', NULL);
INSERT INTO EMP_BRANCH_HISTORY (ID_Employee, ID_Branch, StartDate, EndDate) VALUES (78, 12, '2024-07-22', NULL);
INSERT INTO EMP_BRANCH_HISTORY (ID_Employee, ID_Branch, StartDate, EndDate) VALUES (74, 9, '2024-12-02', '2024-12-18');
INSERT INTO EMP_BRANCH_HISTORY (ID_Employee, ID_Branch, StartDate, EndDate) VALUES (25, 11, '2023-03-03', NULL);
INSERT INTO EMP_BRANCH_HISTORY (ID_Employee, ID_Branch, StartDate, EndDate) VALUES (172, 5, '2024-03-26', NULL);
INSERT INTO EMP_BRANCH_HISTORY (ID_Employee, ID_Branch, StartDate, EndDate) VALUES (100, 11, '2024-08-14', NULL);
INSERT INTO EMP_BRANCH_HISTORY (ID_Employee, ID_Branch, StartDate, EndDate) VALUES (199, 1, '2024-11-07', NULL);
INSERT INTO EMP_BRANCH_HISTORY (ID_Employee, ID_Branch, StartDate, EndDate) VALUES (110, 1, '2024-08-02', NULL);
INSERT INTO EMP_BRANCH_HISTORY (ID_Employee, ID_Branch, StartDate, EndDate) VALUES (143, 6, '2024-04-29', NULL);
INSERT INTO EMP_BRANCH_HISTORY (ID_Employee, ID_Branch, StartDate, EndDate) VALUES (138, 5, '2023-07-25', NULL);
INSERT INTO EMP_BRANCH_HISTORY (ID_Employee, ID_Branch, StartDate, EndDate) VALUES (119, 8, '2023-08-24', NULL);
INSERT INTO EMP_BRANCH_HISTORY (ID_Employee, ID_Branch, StartDate, EndDate) VALUES (1, 15, '2024-05-09', NULL);
INSERT INTO EMP_BRANCH_HISTORY (ID_Employee, ID_Branch, StartDate, EndDate) VALUES (61, 3, '2024-04-18', NULL);
INSERT INTO EMP_BRANCH_HISTORY (ID_Employee, ID_Branch, StartDate, EndDate) VALUES (135, 6, '2023-09-16', NULL);
INSERT INTO EMP_BRANCH_HISTORY (ID_Employee, ID_Branch, StartDate, EndDate) VALUES (124, 14, '2023-12-21', NULL);
INSERT INTO EMP_BRANCH_HISTORY (ID_Employee, ID_Branch, StartDate, EndDate) VALUES (114, 10, '2024-07-11', NULL);
INSERT INTO EMP_BRANCH_HISTORY (ID_Employee, ID_Branch, StartDate, EndDate) VALUES (55, 12, '2023-08-14', NULL);
INSERT INTO EMP_BRANCH_HISTORY (ID_Employee, ID_Branch, StartDate, EndDate) VALUES (219, 9, '2023-02-25', NULL);
INSERT INTO EMP_BRANCH_HISTORY (ID_Employee, ID_Branch, StartDate, EndDate) VALUES (30, 8, '2023-10-04', NULL);
INSERT INTO EMP_BRANCH_HISTORY (ID_Employee, ID_Branch, StartDate, EndDate) VALUES (63, 10, '2023-11-09', NULL);
INSERT INTO EMP_BRANCH_HISTORY (ID_Employee, ID_Branch, StartDate, EndDate) VALUES (137, 2, '2023-07-26', NULL);
INSERT INTO EMP_BRANCH_HISTORY (ID_Employee, ID_Branch, StartDate, EndDate) VALUES (85, 7, '2023-01-25', '2024-12-18');
INSERT INTO EMP_BRANCH_HISTORY (ID_Employee, ID_Branch, StartDate, EndDate) VALUES (207, 3, '2023-12-19', NULL);
INSERT INTO EMP_BRANCH_HISTORY (ID_Employee, ID_Branch, StartDate, EndDate) VALUES (115, 14, '2023-11-30', NULL);
INSERT INTO EMP_BRANCH_HISTORY (ID_Employee, ID_Branch, StartDate, EndDate) VALUES (131, 4, '2024-02-12', NULL);
INSERT INTO EMP_BRANCH_HISTORY (ID_Employee, ID_Branch, StartDate, EndDate) VALUES (12, 9, '2023-05-22', NULL);
INSERT INTO EMP_BRANCH_HISTORY (ID_Employee, ID_Branch, StartDate, EndDate) VALUES (202, 8, '2023-04-09', NULL);
INSERT INTO EMP_BRANCH_HISTORY (ID_Employee, ID_Branch, StartDate, EndDate) VALUES (144, 8, '2023-08-18', NULL);
INSERT INTO EMP_BRANCH_HISTORY (ID_Employee, ID_Branch, StartDate, EndDate) VALUES (44, 11, '2023-03-17', NULL);
INSERT INTO EMP_BRANCH_HISTORY (ID_Employee, ID_Branch, StartDate, EndDate) VALUES (222, 3, '2024-04-27', NULL);
INSERT INTO EMP_BRANCH_HISTORY (ID_Employee, ID_Branch, StartDate, EndDate) VALUES (74, 6, '2024-10-18', NULL);
INSERT INTO EMP_BRANCH_HISTORY (ID_Employee, ID_Branch, StartDate, EndDate) VALUES (177, 8, '2024-01-07', '2024-12-18');
INSERT INTO EMP_BRANCH_HISTORY (ID_Employee, ID_Branch, StartDate, EndDate) VALUES (13, 15, '2023-04-16', NULL);
INSERT INTO EMP_BRANCH_HISTORY (ID_Employee, ID_Branch, StartDate, EndDate) VALUES (54, 5, '2024-02-25', NULL);
INSERT INTO EMP_BRANCH_HISTORY (ID_Employee, ID_Branch, StartDate, EndDate) VALUES (48, 14, '2024-11-23', NULL);
INSERT INTO EMP_BRANCH_HISTORY (ID_Employee, ID_Branch, StartDate, EndDate) VALUES (198, 2, '2023-05-06', '2024-12-18');
INSERT INTO EMP_BRANCH_HISTORY (ID_Employee, ID_Branch, StartDate, EndDate) VALUES (204, 2, '2024-03-30', NULL);
INSERT INTO EMP_BRANCH_HISTORY (ID_Employee, ID_Branch, StartDate, EndDate) VALUES (182, 10, '2023-12-31', NULL);
INSERT INTO EMP_BRANCH_HISTORY (ID_Employee, ID_Branch, StartDate, EndDate) VALUES (191, 11, '2023-11-26', '2024-12-18');
INSERT INTO EMP_BRANCH_HISTORY (ID_Employee, ID_Branch, StartDate, EndDate) VALUES (43, 5, '2024-07-20', NULL);
INSERT INTO EMP_BRANCH_HISTORY (ID_Employee, ID_Branch, StartDate, EndDate) VALUES (186, 12, '2023-06-11', NULL);
INSERT INTO EMP_BRANCH_HISTORY (ID_Employee, ID_Branch, StartDate, EndDate) VALUES (46, 1, '2023-12-03', NULL);
INSERT INTO EMP_BRANCH_HISTORY (ID_Employee, ID_Branch, StartDate, EndDate) VALUES (45, 5, '2024-08-02', NULL);
INSERT INTO EMP_BRANCH_HISTORY (ID_Employee, ID_Branch, StartDate, EndDate) VALUES (161, 14, '2024-10-08', NULL);
INSERT INTO EMP_BRANCH_HISTORY (ID_Employee, ID_Branch, StartDate, EndDate) VALUES (68, 12, '2023-06-04', NULL);
INSERT INTO EMP_BRANCH_HISTORY (ID_Employee, ID_Branch, StartDate, EndDate) VALUES (121, 15, '2024-09-25', NULL);
INSERT INTO EMP_BRANCH_HISTORY (ID_Employee, ID_Branch, StartDate, EndDate) VALUES (42, 6, '2023-08-20', NULL);
INSERT INTO EMP_BRANCH_HISTORY (ID_Employee, ID_Branch, StartDate, EndDate) VALUES (172, 12, '2024-05-21', '2024-12-18');
INSERT INTO EMP_BRANCH_HISTORY (ID_Employee, ID_Branch, StartDate, EndDate) VALUES (84, 2, '2024-02-13', NULL);
INSERT INTO EMP_BRANCH_HISTORY (ID_Employee, ID_Branch, StartDate, EndDate) VALUES (31, 1, '2024-10-09', NULL);
INSERT INTO EMP_BRANCH_HISTORY (ID_Employee, ID_Branch, StartDate, EndDate) VALUES (74, 7, '2024-09-22', NULL);
INSERT INTO EMP_BRANCH_HISTORY (ID_Employee, ID_Branch, StartDate, EndDate) VALUES (205, 5, '2023-12-28', NULL);
INSERT INTO EMP_BRANCH_HISTORY (ID_Employee, ID_Branch, StartDate, EndDate) VALUES (127, 15, '2023-05-21', NULL);
INSERT INTO EMP_BRANCH_HISTORY (ID_Employee, ID_Branch, StartDate, EndDate) VALUES (122, 2, '2023-02-24', '2024-12-18');
INSERT INTO EMP_BRANCH_HISTORY (ID_Employee, ID_Branch, StartDate, EndDate) VALUES (52, 2, '2023-07-16', NULL);
INSERT INTO EMP_BRANCH_HISTORY (ID_Employee, ID_Branch, StartDate, EndDate) VALUES (146, 15, '2023-05-31', '2024-12-18');
INSERT INTO EMP_BRANCH_HISTORY (ID_Employee, ID_Branch, StartDate, EndDate) VALUES (12, 5, '2024-03-30', NULL);
INSERT INTO EMP_BRANCH_HISTORY (ID_Employee, ID_Branch, StartDate, EndDate) VALUES (46, 7, '2024-04-12', NULL);
INSERT INTO EMP_BRANCH_HISTORY (ID_Employee, ID_Branch, StartDate, EndDate) VALUES (143, 5, '2024-10-17', NULL);
INSERT INTO EMP_BRANCH_HISTORY (ID_Employee, ID_Branch, StartDate, EndDate) VALUES (93, 7, '2024-01-04', NULL);
INSERT INTO EMP_BRANCH_HISTORY (ID_Employee, ID_Branch, StartDate, EndDate) VALUES (70, 13, '2023-04-04', NULL);
INSERT INTO EMP_BRANCH_HISTORY (ID_Employee, ID_Branch, StartDate, EndDate) VALUES (139, 15, '2024-01-30', NULL);
INSERT INTO EMP_BRANCH_HISTORY (ID_Employee, ID_Branch, StartDate, EndDate) VALUES (3, 2, '2023-01-09', '2024-12-18');
INSERT INTO EMP_BRANCH_HISTORY (ID_Employee, ID_Branch, StartDate, EndDate) VALUES (172, 4, '2023-12-24', NULL);
INSERT INTO EMP_BRANCH_HISTORY (ID_Employee, ID_Branch, StartDate, EndDate) VALUES (54, 3, '2024-12-13', NULL);
INSERT INTO EMP_BRANCH_HISTORY (ID_Employee, ID_Branch, StartDate, EndDate) VALUES (132, 2, '2023-10-08', NULL);
INSERT INTO EMP_BRANCH_HISTORY (ID_Employee, ID_Branch, StartDate, EndDate) VALUES (6, 6, '2024-03-01', '2024-12-18');
INSERT INTO EMP_BRANCH_HISTORY (ID_Employee, ID_Branch, StartDate, EndDate) VALUES (9, 2, '2024-09-15', NULL);
INSERT INTO EMP_BRANCH_HISTORY (ID_Employee, ID_Branch, StartDate, EndDate) VALUES (31, 4, '2023-03-29', NULL);
INSERT INTO EMP_BRANCH_HISTORY (ID_Employee, ID_Branch, StartDate, EndDate) VALUES (72, 8, '2023-12-27', NULL);
INSERT INTO EMP_BRANCH_HISTORY (ID_Employee, ID_Branch, StartDate, EndDate) VALUES (197, 3, '2023-07-09', '2024-12-18');
INSERT INTO EMP_BRANCH_HISTORY (ID_Employee, ID_Branch, StartDate, EndDate) VALUES (107, 6, '2023-08-16', NULL);
INSERT INTO EMP_BRANCH_HISTORY (ID_Employee, ID_Branch, StartDate, EndDate) VALUES (78, 7, '2023-11-04', NULL);
INSERT INTO EMP_BRANCH_HISTORY (ID_Employee, ID_Branch, StartDate, EndDate) VALUES (154, 13, '2024-09-21', NULL);
INSERT INTO EMP_BRANCH_HISTORY (ID_Employee, ID_Branch, StartDate, EndDate) VALUES (8, 8, '2024-01-08', NULL);
INSERT INTO EMP_BRANCH_HISTORY (ID_Employee, ID_Branch, StartDate, EndDate) VALUES (219, 12, '2024-03-04', NULL);
INSERT INTO EMP_BRANCH_HISTORY (ID_Employee, ID_Branch, StartDate, EndDate) VALUES (222, 14, '2024-04-06', NULL);
INSERT INTO EMP_BRANCH_HISTORY (ID_Employee, ID_Branch, StartDate, EndDate) VALUES (100, 13, '2024-07-27', NULL);
INSERT INTO EMP_BRANCH_HISTORY (ID_Employee, ID_Branch, StartDate, EndDate) VALUES (15, 7, '2023-11-19', NULL);
INSERT INTO EMP_BRANCH_HISTORY (ID_Employee, ID_Branch, StartDate, EndDate) VALUES (82, 11, '2024-12-03', NULL);
INSERT INTO EMP_BRANCH_HISTORY (ID_Employee, ID_Branch, StartDate, EndDate) VALUES (171, 8, '2024-09-23', NULL);
INSERT INTO EMP_BRANCH_HISTORY (ID_Employee, ID_Branch, StartDate, EndDate) VALUES (179, 10, '2024-09-14', NULL);
INSERT INTO EMP_BRANCH_HISTORY (ID_Employee, ID_Branch, StartDate, EndDate) VALUES (166, 5, '2023-04-20', NULL);
INSERT INTO EMP_BRANCH_HISTORY (ID_Employee, ID_Branch, StartDate, EndDate) VALUES (221, 5, '2023-01-23', NULL);
INSERT INTO EMP_BRANCH_HISTORY (ID_Employee, ID_Branch, StartDate, EndDate) VALUES (134, 14, '2024-05-27', NULL);
INSERT INTO EMP_BRANCH_HISTORY (ID_Employee, ID_Branch, StartDate, EndDate) VALUES (91, 3, '2024-11-22', '2024-12-18');
INSERT INTO EMP_BRANCH_HISTORY (ID_Employee, ID_Branch, StartDate, EndDate) VALUES (13, 6, '2024-11-16', NULL);
INSERT INTO EMP_BRANCH_HISTORY (ID_Employee, ID_Branch, StartDate, EndDate) VALUES (32, 8, '2023-01-26', NULL);
INSERT INTO EMP_BRANCH_HISTORY (ID_Employee, ID_Branch, StartDate, EndDate) VALUES (113, 14, '2023-01-17', NULL);
INSERT INTO EMP_BRANCH_HISTORY (ID_Employee, ID_Branch, StartDate, EndDate) VALUES (67, 3, '2023-06-13', NULL);
INSERT INTO EMP_BRANCH_HISTORY (ID_Employee, ID_Branch, StartDate, EndDate) VALUES (211, 9, '2023-07-12', NULL);
INSERT INTO EMP_BRANCH_HISTORY (ID_Employee, ID_Branch, StartDate, EndDate) VALUES (123, 14, '2024-05-01', NULL);
INSERT INTO EMP_BRANCH_HISTORY (ID_Employee, ID_Branch, StartDate, EndDate) VALUES (186, 9, '2024-11-25', NULL);
INSERT INTO EMP_BRANCH_HISTORY (ID_Employee, ID_Branch, StartDate, EndDate) VALUES (10, 3, '2023-08-05', NULL);
INSERT INTO EMP_BRANCH_HISTORY (ID_Employee, ID_Branch, StartDate, EndDate) VALUES (168, 1, '2023-09-11', NULL);
INSERT INTO EMP_BRANCH_HISTORY (ID_Employee, ID_Branch, StartDate, EndDate) VALUES (129, 6, '2023-04-19', NULL);
INSERT INTO EMP_BRANCH_HISTORY (ID_Employee, ID_Branch, StartDate, EndDate) VALUES (165, 13, '2023-07-19', NULL);
INSERT INTO EMP_BRANCH_HISTORY (ID_Employee, ID_Branch, StartDate, EndDate) VALUES (130, 3, '2024-06-16', NULL);
INSERT INTO EMP_BRANCH_HISTORY (ID_Employee, ID_Branch, StartDate, EndDate) VALUES (9, 5, '2023-10-25', NULL);
INSERT INTO EMP_BRANCH_HISTORY (ID_Employee, ID_Branch, StartDate, EndDate) VALUES (132, 10, '2024-01-03', NULL);
INSERT INTO EMP_BRANCH_HISTORY (ID_Employee, ID_Branch, StartDate, EndDate) VALUES (127, 5, '2023-08-12', NULL);
INSERT INTO EMP_BRANCH_HISTORY (ID_Employee, ID_Branch, StartDate, EndDate) VALUES (143, 10, '2024-04-16', NULL);
INSERT INTO EMP_BRANCH_HISTORY (ID_Employee, ID_Branch, StartDate, EndDate) VALUES (64, 8, '2023-07-20', NULL);
INSERT INTO EMP_BRANCH_HISTORY (ID_Employee, ID_Branch, StartDate, EndDate) VALUES (66, 2, '2024-03-31', NULL);
INSERT INTO EMP_BRANCH_HISTORY (ID_Employee, ID_Branch, StartDate, EndDate) VALUES (201, 7, '2023-06-18', NULL);
INSERT INTO EMP_BRANCH_HISTORY (ID_Employee, ID_Branch, StartDate, EndDate) VALUES (149, 3, '2024-05-12', NULL);
INSERT INTO EMP_BRANCH_HISTORY (ID_Employee, ID_Branch, StartDate, EndDate) VALUES (193, 6, '2024-06-13', NULL);
INSERT INTO EMP_BRANCH_HISTORY (ID_Employee, ID_Branch, StartDate, EndDate) VALUES (31, 3, '2024-12-13', NULL);
INSERT INTO EMP_BRANCH_HISTORY (ID_Employee, ID_Branch, StartDate, EndDate) VALUES (32, 11, '2024-04-09', NULL);
INSERT INTO EMP_BRANCH_HISTORY (ID_Employee, ID_Branch, StartDate, EndDate) VALUES (176, 7, '2024-08-28', NULL);
INSERT INTO EMP_BRANCH_HISTORY (ID_Employee, ID_Branch, StartDate, EndDate) VALUES (180, 8, '2022-12-25', NULL);
INSERT INTO EMP_BRANCH_HISTORY (ID_Employee, ID_Branch, StartDate, EndDate) VALUES (162, 4, '2024-10-03', NULL);
INSERT INTO EMP_BRANCH_HISTORY (ID_Employee, ID_Branch, StartDate, EndDate) VALUES (20, 7, '2023-01-16', NULL);
INSERT INTO EMP_BRANCH_HISTORY (ID_Employee, ID_Branch, StartDate, EndDate) VALUES (210, 12, '2024-09-23', NULL);
INSERT INTO EMP_BRANCH_HISTORY (ID_Employee, ID_Branch, StartDate, EndDate) VALUES (137, 7, '2024-12-08', NULL);
INSERT INTO EMP_BRANCH_HISTORY (ID_Employee, ID_Branch, StartDate, EndDate) VALUES (90, 1, '2023-01-10', NULL);
INSERT INTO EMP_BRANCH_HISTORY (ID_Employee, ID_Branch, StartDate, EndDate) VALUES (80, 2, '2023-09-27', NULL);
INSERT INTO EMP_BRANCH_HISTORY (ID_Employee, ID_Branch, StartDate, EndDate) VALUES (92, 8, '2024-11-25', '2024-12-18');
INSERT INTO EMP_BRANCH_HISTORY (ID_Employee, ID_Branch, StartDate, EndDate) VALUES (165, 1, '2024-02-24', NULL);
INSERT INTO EMP_BRANCH_HISTORY (ID_Employee, ID_Branch, StartDate, EndDate) VALUES (203, 8, '2024-11-28', NULL);
INSERT INTO EMP_BRANCH_HISTORY (ID_Employee, ID_Branch, StartDate, EndDate) VALUES (4, 9, '2024-11-10', NULL);
INSERT INTO EMP_BRANCH_HISTORY (ID_Employee, ID_Branch, StartDate, EndDate) VALUES (103, 6, '2023-09-18', NULL);
INSERT INTO EMP_BRANCH_HISTORY (ID_Employee, ID_Branch, StartDate, EndDate) VALUES (205, 8, '2024-04-16', NULL);
INSERT INTO EMP_BRANCH_HISTORY (ID_Employee, ID_Branch, StartDate, EndDate) VALUES (110, 3, '2024-04-08', NULL);
INSERT INTO EMP_BRANCH_HISTORY (ID_Employee, ID_Branch, StartDate, EndDate) VALUES (59, 2, '2024-09-13', NULL);
INSERT INTO EMP_BRANCH_HISTORY (ID_Employee, ID_Branch, StartDate, EndDate) VALUES (197, 9, '2022-12-30', NULL);
INSERT INTO EMP_BRANCH_HISTORY (ID_Employee, ID_Branch, StartDate, EndDate) VALUES (38, 4, '2024-11-14', NULL);
INSERT INTO EMP_BRANCH_HISTORY (ID_Employee, ID_Branch, StartDate, EndDate) VALUES (129, 4, '2024-10-16', '2024-12-18');
INSERT INTO EMP_BRANCH_HISTORY (ID_Employee, ID_Branch, StartDate, EndDate) VALUES (157, 7, '2024-01-06', NULL);
INSERT INTO EMP_BRANCH_HISTORY (ID_Employee, ID_Branch, StartDate, EndDate) VALUES (167, 15, '2024-06-05', NULL);
INSERT INTO EMP_BRANCH_HISTORY (ID_Employee, ID_Branch, StartDate, EndDate) VALUES (156, 2, '2024-01-21', NULL);
INSERT INTO EMP_BRANCH_HISTORY (ID_Employee, ID_Branch, StartDate, EndDate) VALUES (220, 4, '2023-07-25', NULL);
INSERT INTO EMP_BRANCH_HISTORY (ID_Employee, ID_Branch, StartDate, EndDate) VALUES (224, 12, '2024-04-08', NULL);
INSERT INTO EMP_BRANCH_HISTORY (ID_Employee, ID_Branch, StartDate, EndDate) VALUES (95, 13, '2024-08-05', '2024-12-18');
INSERT INTO EMP_BRANCH_HISTORY (ID_Employee, ID_Branch, StartDate, EndDate) VALUES (21, 8, '2024-11-12', NULL);
INSERT INTO EMP_BRANCH_HISTORY (ID_Employee, ID_Branch, StartDate, EndDate) VALUES (55, 5, '2023-11-11', NULL);
INSERT INTO EMP_BRANCH_HISTORY (ID_Employee, ID_Branch, StartDate, EndDate) VALUES (216, 1, '2023-01-12', NULL);
INSERT INTO EMP_BRANCH_HISTORY (ID_Employee, ID_Branch, StartDate, EndDate) VALUES (72, 15, '2023-07-18', NULL);
INSERT INTO EMP_BRANCH_HISTORY (ID_Employee, ID_Branch, StartDate, EndDate) VALUES (156, 15, '2023-04-12', NULL);
INSERT INTO EMP_BRANCH_HISTORY (ID_Employee, ID_Branch, StartDate, EndDate) VALUES (137, 15, '2023-02-23', NULL);
INSERT INTO EMP_BRANCH_HISTORY (ID_Employee, ID_Branch, StartDate, EndDate) VALUES (175, 1, '2023-05-22', NULL);
INSERT INTO EMP_BRANCH_HISTORY (ID_Employee, ID_Branch, StartDate, EndDate) VALUES (167, 8, '2023-11-19', NULL);
INSERT INTO EMP_BRANCH_HISTORY (ID_Employee, ID_Branch, StartDate, EndDate) VALUES (222, 13, '2024-08-02', NULL);
INSERT INTO EMP_BRANCH_HISTORY (ID_Employee, ID_Branch, StartDate, EndDate) VALUES (180, 9, '2024-05-27', '2024-12-18');
INSERT INTO EMP_BRANCH_HISTORY (ID_Employee, ID_Branch, StartDate, EndDate) VALUES (43, 8, '2023-07-14', NULL);
INSERT INTO EMP_BRANCH_HISTORY (ID_Employee, ID_Branch, StartDate, EndDate) VALUES (78, 2, '2023-05-15', NULL);
INSERT INTO EMP_BRANCH_HISTORY (ID_Employee, ID_Branch, StartDate, EndDate) VALUES (3, 5, '2024-05-01', NULL);
INSERT INTO EMP_BRANCH_HISTORY (ID_Employee, ID_Branch, StartDate, EndDate) VALUES (198, 7, '2024-05-15', NULL);
INSERT INTO EMP_BRANCH_HISTORY (ID_Employee, ID_Branch, StartDate, EndDate) VALUES (189, 3, '2023-09-05', NULL);
INSERT INTO EMP_BRANCH_HISTORY (ID_Employee, ID_Branch, StartDate, EndDate) VALUES (107, 15, '2023-03-12', NULL);
INSERT INTO EMP_BRANCH_HISTORY (ID_Employee, ID_Branch, StartDate, EndDate) VALUES (41, 12, '2023-09-17', NULL);
INSERT INTO EMP_BRANCH_HISTORY (ID_Employee, ID_Branch, StartDate, EndDate) VALUES (19, 11, '2024-01-20', NULL);
INSERT INTO EMP_BRANCH_HISTORY (ID_Employee, ID_Branch, StartDate, EndDate) VALUES (49, 2, '2023-02-11', NULL);
INSERT INTO EMP_BRANCH_HISTORY (ID_Employee, ID_Branch, StartDate, EndDate) VALUES (117, 1, '2024-05-18', NULL);
INSERT INTO EMP_BRANCH_HISTORY (ID_Employee, ID_Branch, StartDate, EndDate) VALUES (211, 4, '2024-06-02', '2024-12-18');
INSERT INTO EMP_BRANCH_HISTORY (ID_Employee, ID_Branch, StartDate, EndDate) VALUES (86, 13, '2023-05-09', NULL);
INSERT INTO EMP_BRANCH_HISTORY (ID_Employee, ID_Branch, StartDate, EndDate) VALUES (178, 11, '2023-07-23', '2024-12-18');
INSERT INTO EMP_BRANCH_HISTORY (ID_Employee, ID_Branch, StartDate, EndDate) VALUES (5, 1, '2024-07-25', '2024-12-18');
INSERT INTO EMP_BRANCH_HISTORY (ID_Employee, ID_Branch, StartDate, EndDate) VALUES (188, 2, '2024-08-06', NULL);
INSERT INTO EMP_BRANCH_HISTORY (ID_Employee, ID_Branch, StartDate, EndDate) VALUES (189, 2, '2023-07-12', '2024-12-18');
INSERT INTO EMP_BRANCH_HISTORY (ID_Employee, ID_Branch, StartDate, EndDate) VALUES (183, 1, '2023-12-14', NULL);
INSERT INTO EMP_BRANCH_HISTORY (ID_Employee, ID_Branch, StartDate, EndDate) VALUES (124, 13, '2024-09-16', NULL);
INSERT INTO EMP_BRANCH_HISTORY (ID_Employee, ID_Branch, StartDate, EndDate) VALUES (18, 12, '2023-04-22', NULL);
INSERT INTO EMP_BRANCH_HISTORY (ID_Employee, ID_Branch, StartDate, EndDate) VALUES (170, 1, '2024-11-11', NULL);
INSERT INTO EMP_BRANCH_HISTORY (ID_Employee, ID_Branch, StartDate, EndDate) VALUES (183, 9, '2024-11-12', NULL);
INSERT INTO EMP_BRANCH_HISTORY (ID_Employee, ID_Branch, StartDate, EndDate) VALUES (137, 6, '2023-05-08', NULL);
INSERT INTO EMP_BRANCH_HISTORY (ID_Employee, ID_Branch, StartDate, EndDate) VALUES (17, 15, '2023-02-23', NULL);
INSERT INTO EMP_BRANCH_HISTORY (ID_Employee, ID_Branch, StartDate, EndDate) VALUES (194, 8, '2024-08-18', NULL);
INSERT INTO EMP_BRANCH_HISTORY (ID_Employee, ID_Branch, StartDate, EndDate) VALUES (113, 10, '2024-05-12', NULL);
INSERT INTO EMP_BRANCH_HISTORY (ID_Employee, ID_Branch, StartDate, EndDate) VALUES (50, 13, '2024-12-03', NULL);
INSERT INTO EMP_BRANCH_HISTORY (ID_Employee, ID_Branch, StartDate, EndDate) VALUES (36, 10, '2024-09-14', NULL);
INSERT INTO EMP_BRANCH_HISTORY (ID_Employee, ID_Branch, StartDate, EndDate) VALUES (162, 15, '2024-09-21', NULL);
INSERT INTO EMP_BRANCH_HISTORY (ID_Employee, ID_Branch, StartDate, EndDate) VALUES (88, 11, '2023-04-28', NULL);
INSERT INTO EMP_BRANCH_HISTORY (ID_Employee, ID_Branch, StartDate, EndDate) VALUES (173, 14, '2024-06-10', NULL);
INSERT INTO EMP_BRANCH_HISTORY (ID_Employee, ID_Branch, StartDate, EndDate) VALUES (174, 4, '2023-08-23', NULL);
INSERT INTO EMP_BRANCH_HISTORY (ID_Employee, ID_Branch, StartDate, EndDate) VALUES (128, 5, '2023-06-18', NULL);
INSERT INTO EMP_BRANCH_HISTORY (ID_Employee, ID_Branch, StartDate, EndDate) VALUES (110, 8, '2024-02-21', '2024-12-18');
INSERT INTO EMP_BRANCH_HISTORY (ID_Employee, ID_Branch, StartDate, EndDate) VALUES (4, 4, '2023-08-07', NULL);
INSERT INTO EMP_BRANCH_HISTORY (ID_Employee, ID_Branch, StartDate, EndDate) VALUES (49, 14, '2023-07-12', NULL);
INSERT INTO EMP_BRANCH_HISTORY (ID_Employee, ID_Branch, StartDate, EndDate) VALUES (223, 4, '2024-09-10', NULL);
INSERT INTO EMP_BRANCH_HISTORY (ID_Employee, ID_Branch, StartDate, EndDate) VALUES (37, 15, '2024-03-22', NULL);
INSERT INTO EMP_BRANCH_HISTORY (ID_Employee, ID_Branch, StartDate, EndDate) VALUES (71, 9, '2024-08-01', NULL);
INSERT INTO EMP_BRANCH_HISTORY (ID_Employee, ID_Branch, StartDate, EndDate) VALUES (103, 12, '2023-06-27', '2024-12-18');
INSERT INTO EMP_BRANCH_HISTORY (ID_Employee, ID_Branch, StartDate, EndDate) VALUES (52, 13, '2024-06-28', NULL);
INSERT INTO EMP_BRANCH_HISTORY (ID_Employee, ID_Branch, StartDate, EndDate) VALUES (224, 7, '2024-08-30', NULL);
INSERT INTO EMP_BRANCH_HISTORY (ID_Employee, ID_Branch, StartDate, EndDate) VALUES (194, 1, '2024-09-26', NULL);
INSERT INTO EMP_BRANCH_HISTORY (ID_Employee, ID_Branch, StartDate, EndDate) VALUES (77, 13, '2023-01-24', NULL);
INSERT INTO EMP_BRANCH_HISTORY (ID_Employee, ID_Branch, StartDate, EndDate) VALUES (221, 12, '2024-12-08', NULL);
INSERT INTO EMP_BRANCH_HISTORY (ID_Employee, ID_Branch, StartDate, EndDate) VALUES (181, 9, '2024-10-05', NULL);
INSERT INTO EMP_BRANCH_HISTORY (ID_Employee, ID_Branch, StartDate, EndDate) VALUES (196, 4, '2024-04-17', '2024-12-18');
INSERT INTO EMP_BRANCH_HISTORY (ID_Employee, ID_Branch, StartDate, EndDate) VALUES (217, 1, '2022-12-26', NULL);
INSERT INTO EMP_BRANCH_HISTORY (ID_Employee, ID_Branch, StartDate, EndDate) VALUES (91, 14, '2023-07-14', NULL);
INSERT INTO EMP_BRANCH_HISTORY (ID_Employee, ID_Branch, StartDate, EndDate) VALUES (13, 9, '2024-10-06', NULL);
INSERT INTO EMP_BRANCH_HISTORY (ID_Employee, ID_Branch, StartDate, EndDate) VALUES (156, 10, '2024-12-12', NULL);
INSERT INTO EMP_BRANCH_HISTORY (ID_Employee, ID_Branch, StartDate, EndDate) VALUES (148, 12, '2022-12-26', NULL);
INSERT INTO EMP_BRANCH_HISTORY (ID_Employee, ID_Branch, StartDate, EndDate) VALUES (69, 1, '2023-03-07', NULL);
INSERT INTO EMP_BRANCH_HISTORY (ID_Employee, ID_Branch, StartDate, EndDate) VALUES (53, 1, '2023-07-20', NULL);
INSERT INTO EMP_BRANCH_HISTORY (ID_Employee, ID_Branch, StartDate, EndDate) VALUES (170, 2, '2023-11-16', NULL);
INSERT INTO EMP_BRANCH_HISTORY (ID_Employee, ID_Branch, StartDate, EndDate) VALUES (201, 11, '2023-11-03', NULL);
INSERT INTO EMP_BRANCH_HISTORY (ID_Employee, ID_Branch, StartDate, EndDate) VALUES (95, 14, '2023-01-11', NULL);
INSERT INTO EMP_BRANCH_HISTORY (ID_Employee, ID_Branch, StartDate, EndDate) VALUES (192, 12, '2024-02-04', NULL);
INSERT INTO EMP_BRANCH_HISTORY (ID_Employee, ID_Branch, StartDate, EndDate) VALUES (155, 3, '2023-12-10', '2024-12-18');
INSERT INTO EMP_BRANCH_HISTORY (ID_Employee, ID_Branch, StartDate, EndDate) VALUES (208, 4, '2023-08-30', NULL);
INSERT INTO EMP_BRANCH_HISTORY (ID_Employee, ID_Branch, StartDate, EndDate) VALUES (138, 10, '2024-03-17', NULL);
INSERT INTO EMP_BRANCH_HISTORY (ID_Employee, ID_Branch, StartDate, EndDate) VALUES (64, 13, '2023-12-19', NULL);
INSERT INTO EMP_BRANCH_HISTORY (ID_Employee, ID_Branch, StartDate, EndDate) VALUES (219, 13, '2024-10-29', NULL);
INSERT INTO EMP_BRANCH_HISTORY (ID_Employee, ID_Branch, StartDate, EndDate) VALUES (100, 2, '2023-11-15', NULL);
INSERT INTO EMP_BRANCH_HISTORY (ID_Employee, ID_Branch, StartDate, EndDate) VALUES (177, 4, '2023-11-17', NULL);
INSERT INTO EMP_BRANCH_HISTORY (ID_Employee, ID_Branch, StartDate, EndDate) VALUES (120, 9, '2023-04-05', NULL);
INSERT INTO EMP_BRANCH_HISTORY (ID_Employee, ID_Branch, StartDate, EndDate) VALUES (151, 11, '2024-08-13', NULL);
INSERT INTO EMP_BRANCH_HISTORY (ID_Employee, ID_Branch, StartDate, EndDate) VALUES (177, 5, '2023-03-27', NULL);
INSERT INTO EMP_BRANCH_HISTORY (ID_Employee, ID_Branch, StartDate, EndDate) VALUES (187, 5, '2024-03-15', NULL);
INSERT INTO EMP_BRANCH_HISTORY (ID_Employee, ID_Branch, StartDate, EndDate) VALUES (209, 7, '2024-10-02', '2024-12-18');
INSERT INTO EMP_BRANCH_HISTORY (ID_Employee, ID_Branch, StartDate, EndDate) VALUES (123, 1, '2024-09-28', NULL);
INSERT INTO EMP_BRANCH_HISTORY (ID_Employee, ID_Branch, StartDate, EndDate) VALUES (166, 11, '2024-10-08', NULL);
INSERT INTO EMP_BRANCH_HISTORY (ID_Employee, ID_Branch, StartDate, EndDate) VALUES (76, 9, '2023-01-22', NULL);
INSERT INTO EMP_BRANCH_HISTORY (ID_Employee, ID_Branch, StartDate, EndDate) VALUES (159, 5, '2023-02-23', NULL);
INSERT INTO EMP_BRANCH_HISTORY (ID_Employee, ID_Branch, StartDate, EndDate) VALUES (14, 10, '2024-07-20', NULL);
INSERT INTO EMP_BRANCH_HISTORY (ID_Employee, ID_Branch, StartDate, EndDate) VALUES (205, 9, '2024-03-12', NULL);
INSERT INTO EMP_BRANCH_HISTORY (ID_Employee, ID_Branch, StartDate, EndDate) VALUES (74, 2, '2024-09-16', NULL);
INSERT INTO EMP_BRANCH_HISTORY (ID_Employee, ID_Branch, StartDate, EndDate) VALUES (156, 5, '2024-09-25', NULL);
INSERT INTO EMP_BRANCH_HISTORY (ID_Employee, ID_Branch, StartDate, EndDate) VALUES (37, 5, '2023-11-05', NULL);
INSERT INTO EMP_BRANCH_HISTORY (ID_Employee, ID_Branch, StartDate, EndDate) VALUES (195, 15, '2023-08-08', NULL);
INSERT INTO EMP_BRANCH_HISTORY (ID_Employee, ID_Branch, StartDate, EndDate) VALUES (191, 4, '2023-04-27', NULL);
INSERT INTO EMP_BRANCH_HISTORY (ID_Employee, ID_Branch, StartDate, EndDate) VALUES (87, 14, '2024-09-21', NULL);
INSERT INTO EMP_BRANCH_HISTORY (ID_Employee, ID_Branch, StartDate, EndDate) VALUES (11, 9, '2024-10-02', '2024-12-18');
INSERT INTO EMP_BRANCH_HISTORY (ID_Employee, ID_Branch, StartDate, EndDate) VALUES (24, 8, '2024-03-28', '2024-12-18');
INSERT INTO EMP_BRANCH_HISTORY (ID_Employee, ID_Branch, StartDate, EndDate) VALUES (51, 6, '2024-12-07', NULL);
INSERT INTO EMP_BRANCH_HISTORY (ID_Employee, ID_Branch, StartDate, EndDate) VALUES (169, 15, '2023-10-15', '2024-12-18');
INSERT INTO EMP_BRANCH_HISTORY (ID_Employee, ID_Branch, StartDate, EndDate) VALUES (30, 3, '2024-03-13', NULL);
INSERT INTO EMP_BRANCH_HISTORY (ID_Employee, ID_Branch, StartDate, EndDate) VALUES (137, 9, '2023-09-27', NULL);
INSERT INTO EMP_BRANCH_HISTORY (ID_Employee, ID_Branch, StartDate, EndDate) VALUES (200, 8, '2024-11-26', '2024-12-18');
INSERT INTO EMP_BRANCH_HISTORY (ID_Employee, ID_Branch, StartDate, EndDate) VALUES (206, 1, '2024-03-07', NULL);
INSERT INTO EMP_BRANCH_HISTORY (ID_Employee, ID_Branch, StartDate, EndDate) VALUES (183, 11, '2024-09-08', NULL);
INSERT INTO EMP_BRANCH_HISTORY (ID_Employee, ID_Branch, StartDate, EndDate) VALUES (108, 9, '2024-07-08', NULL);
INSERT INTO EMP_BRANCH_HISTORY (ID_Employee, ID_Branch, StartDate, EndDate) VALUES (7, 9, '2023-09-30', NULL);
INSERT INTO EMP_BRANCH_HISTORY (ID_Employee, ID_Branch, StartDate, EndDate) VALUES (128, 7, '2023-02-06', NULL);
INSERT INTO EMP_BRANCH_HISTORY (ID_Employee, ID_Branch, StartDate, EndDate) VALUES (59, 3, '2024-03-08', NULL);
INSERT INTO EMP_BRANCH_HISTORY (ID_Employee, ID_Branch, StartDate, EndDate) VALUES (172, 3, '2023-12-07', NULL);
INSERT INTO EMP_BRANCH_HISTORY (ID_Employee, ID_Branch, StartDate, EndDate) VALUES (198, 10, '2023-12-26', NULL);
INSERT INTO EMP_BRANCH_HISTORY (ID_Employee, ID_Branch, StartDate, EndDate) VALUES (85, 13, '2023-08-19', NULL);
INSERT INTO EMP_BRANCH_HISTORY (ID_Employee, ID_Branch, StartDate, EndDate) VALUES (47, 3, '2023-11-19', NULL);
INSERT INTO EMP_BRANCH_HISTORY (ID_Employee, ID_Branch, StartDate, EndDate) VALUES (208, 8, '2024-01-17', NULL);
INSERT INTO EMP_BRANCH_HISTORY (ID_Employee, ID_Branch, StartDate, EndDate) VALUES (89, 14, '2023-12-28', NULL);
INSERT INTO EMP_BRANCH_HISTORY (ID_Employee, ID_Branch, StartDate, EndDate) VALUES (219, 3, '2024-07-10', NULL);
INSERT INTO EMP_BRANCH_HISTORY (ID_Employee, ID_Branch, StartDate, EndDate) VALUES (115, 3, '2023-11-07', NULL);
INSERT INTO EMP_BRANCH_HISTORY (ID_Employee, ID_Branch, StartDate, EndDate) VALUES (85, 4, '2024-11-27', NULL);
INSERT INTO EMP_BRANCH_HISTORY (ID_Employee, ID_Branch, StartDate, EndDate) VALUES (47, 2, '2023-08-14', NULL);
INSERT INTO EMP_BRANCH_HISTORY (ID_Employee, ID_Branch, StartDate, EndDate) VALUES (35, 11, '2024-11-12', NULL);
INSERT INTO EMP_BRANCH_HISTORY (ID_Employee, ID_Branch, StartDate, EndDate) VALUES (32, 14, '2023-12-02', '2024-12-18');
INSERT INTO EMP_BRANCH_HISTORY (ID_Employee, ID_Branch, StartDate, EndDate) VALUES (189, 1, '2023-12-10', NULL);
INSERT INTO EMP_BRANCH_HISTORY (ID_Employee, ID_Branch, StartDate, EndDate) VALUES (50, 7, '2023-07-16', NULL);
INSERT INTO EMP_BRANCH_HISTORY (ID_Employee, ID_Branch, StartDate, EndDate) VALUES (83, 11, '2023-02-28', '2024-12-18');
INSERT INTO EMP_BRANCH_HISTORY (ID_Employee, ID_Branch, StartDate, EndDate) VALUES (152, 10, '2024-07-08', NULL);
INSERT INTO EMP_BRANCH_HISTORY (ID_Employee, ID_Branch, StartDate, EndDate) VALUES (224, 3, '2023-09-29', NULL);
INSERT INTO EMP_BRANCH_HISTORY (ID_Employee, ID_Branch, StartDate, EndDate) VALUES (181, 1, '2024-11-23', NULL);
INSERT INTO EMP_BRANCH_HISTORY (ID_Employee, ID_Branch, StartDate, EndDate) VALUES (208, 14, '2023-11-02', NULL);
INSERT INTO EMP_BRANCH_HISTORY (ID_Employee, ID_Branch, StartDate, EndDate) VALUES (160, 6, '2024-10-30', NULL);
INSERT INTO EMP_BRANCH_HISTORY (ID_Employee, ID_Branch, StartDate, EndDate) VALUES (222, 9, '2024-10-16', NULL);
INSERT INTO EMP_BRANCH_HISTORY (ID_Employee, ID_Branch, StartDate, EndDate) VALUES (217, 3, '2024-07-18', NULL);
INSERT INTO EMP_BRANCH_HISTORY (ID_Employee, ID_Branch, StartDate, EndDate) VALUES (188, 14, '2024-11-01', NULL);
INSERT INTO EMP_BRANCH_HISTORY (ID_Employee, ID_Branch, StartDate, EndDate) VALUES (218, 9, '2024-06-29', NULL);
INSERT INTO EMP_BRANCH_HISTORY (ID_Employee, ID_Branch, StartDate, EndDate) VALUES (145, 8, '2024-04-05', NULL);
INSERT INTO EMP_BRANCH_HISTORY (ID_Employee, ID_Branch, StartDate, EndDate) VALUES (86, 2, '2022-12-28', NULL);
INSERT INTO EMP_BRANCH_HISTORY (ID_Employee, ID_Branch, StartDate, EndDate) VALUES (67, 4, '2023-02-22', NULL);
INSERT INTO EMP_BRANCH_HISTORY (ID_Employee, ID_Branch, StartDate, EndDate) VALUES (203, 15, '2023-02-27', NULL);
INSERT INTO PARKING (ID_Parking, Address, OpeningHour, CloseHour, ParkingType, ID_Branch) VALUES (1, '5475 Castillo Trail Suite 389', '09:00:00', '23:00:00', 1, 12);
INSERT INTO PARKING (ID_Parking, Address, OpeningHour, CloseHour, ParkingType, ID_Branch) VALUES (2, '088 Jacqueline Drive Suite 555', '10:00:00', '19:00:00', 0, 13);
INSERT INTO PARKING (ID_Parking, Address, OpeningHour, CloseHour, ParkingType, ID_Branch) VALUES (3, '787 Christine Walks', '09:00:00', '23:00:00', 1, 13);
INSERT INTO PARKING (ID_Parking, Address, OpeningHour, CloseHour, ParkingType, ID_Branch) VALUES (4, '29759 Christopher Loop', '10:00:00', '23:00:00', 0, 1);
INSERT INTO PARKING (ID_Parking, Address, OpeningHour, CloseHour, ParkingType, ID_Branch) VALUES (5, '549 Jennifer Extension Suite 356', '11:00:00', '21:00:00', 0, 5);
INSERT INTO PARKING (ID_Parking, Address, OpeningHour, CloseHour, ParkingType, ID_Branch) VALUES (6, '6907 Duane River Suite 349', '12:00:00', '21:00:00', 0, 6);
INSERT INTO PARKING (ID_Parking, Address, OpeningHour, CloseHour, ParkingType, ID_Branch) VALUES (7, '698 Roger Stream Suite 758', '08:00:00', '18:00:00', 1, 8);
INSERT INTO PARKING (ID_Parking, Address, OpeningHour, CloseHour, ParkingType, ID_Branch) VALUES (8, '50880 Hall Cape Suite 059', '09:00:00', '19:00:00', 0, 11);
INSERT INTO PARKING (ID_Parking, Address, OpeningHour, CloseHour, ParkingType, ID_Branch) VALUES (9, '5823 Brewer Mountains Apt. 330', '10:00:00', '22:00:00', 0, 11);
INSERT INTO PARKING (ID_Parking, Address, OpeningHour, CloseHour, ParkingType, ID_Branch) VALUES (10, '524 Martinez Knoll Suite 171', '12:00:00', '20:00:00', 0, 7);
INSERT INTO PARKING (ID_Parking, Address, OpeningHour, CloseHour, ParkingType, ID_Branch) VALUES (11, '442 Johnson Crossing Suite 455', '07:00:00', '23:00:00', 0, 14);
INSERT INTO PARKING (ID_Parking, Address, OpeningHour, CloseHour, ParkingType, ID_Branch) VALUES (12, '6191 Ashley Ports Suite 811', '07:00:00', '23:00:00', 0, 10);
INSERT INTO PARKING (ID_Parking, Address, OpeningHour, CloseHour, ParkingType, ID_Branch) VALUES (13, '60305 Dana Square Apt. 382', '06:00:00', '21:00:00', 1, 3);
INSERT INTO PARKING (ID_Parking, Address, OpeningHour, CloseHour, ParkingType, ID_Branch) VALUES (14, '808 Andrea Roads Suite 072', '10:00:00', '19:00:00', 0, 9);
INSERT INTO PARKING (ID_Parking, Address, OpeningHour, CloseHour, ParkingType, ID_Branch) VALUES (15, '151 Williamson Field Suite 009', '10:00:00', '20:00:00', 0, 7);
INSERT INTO FOOD_TYPE (ID_Type, TypeName) VALUES (1, 'Rolls');
INSERT INTO FOOD_TYPE (ID_Type, TypeName) VALUES (2, 'Sashimi');
INSERT INTO FOOD_TYPE (ID_Type, TypeName) VALUES (3, 'Nigiri');
INSERT INTO FOOD_TYPE (ID_Type, TypeName) VALUES (4, 'Hand Rolls');
INSERT INTO FOOD_TYPE (ID_Type, TypeName) VALUES (5, 'Bento');
INSERT INTO FOOD_TYPE (ID_Type, TypeName) VALUES (6, 'Appetizers');
INSERT INTO FOOD_TYPE (ID_Type, TypeName) VALUES (7, 'Desserts');
INSERT INTO FOOD_TYPE (ID_Type, TypeName) VALUES (8, 'Beverages');
INSERT INTO FOOD_TYPE (ID_Type, TypeName) VALUES (9, 'Ramen');
INSERT INTO FOOD_TYPE (ID_Type, TypeName) VALUES (10, 'Donburi');
INSERT INTO FOOD_ITEM (ID_Food, FoodName, Price, isAreaRestricted, DeliverySafe, ID_Type) VALUES (1, 'California Roll', 535000, 0, 1, 1);
INSERT INTO FOOD_ITEM (ID_Food, FoodName, Price, isAreaRestricted, DeliverySafe, ID_Type) VALUES (2, 'Spicy Tuna Roll', 371000, 0, 1, 1);
INSERT INTO FOOD_ITEM (ID_Food, FoodName, Price, isAreaRestricted, DeliverySafe, ID_Type) VALUES (3, 'Dragon Roll', 297000, 0, 1, 1);
INSERT INTO FOOD_ITEM (ID_Food, FoodName, Price, isAreaRestricted, DeliverySafe, ID_Type) VALUES (4, 'Rainbow Roll', 507000, 0, 1, 1);
INSERT INTO FOOD_ITEM (ID_Food, FoodName, Price, isAreaRestricted, DeliverySafe, ID_Type) VALUES (5, 'Philadelphia Roll', 411000, 0, 1, 1);
INSERT INTO FOOD_ITEM (ID_Food, FoodName, Price, isAreaRestricted, DeliverySafe, ID_Type) VALUES (6, 'Tempura Roll', 422000, 0, 1, 1);
INSERT INTO FOOD_ITEM (ID_Food, FoodName, Price, isAreaRestricted, DeliverySafe, ID_Type) VALUES (7, 'Vegetarian Roll', 386000, 0, 0, 1);
INSERT INTO FOOD_ITEM (ID_Food, FoodName, Price, isAreaRestricted, DeliverySafe, ID_Type) VALUES (8, 'Salmon Sashimi', 937000, 0, 1, 2);
INSERT INTO FOOD_ITEM (ID_Food, FoodName, Price, isAreaRestricted, DeliverySafe, ID_Type) VALUES (9, 'Tuna Sashimi', 425000, 0, 0, 2);
INSERT INTO FOOD_ITEM (ID_Food, FoodName, Price, isAreaRestricted, DeliverySafe, ID_Type) VALUES (10, 'Yellowtail Sashimi', 800000, 0, 0, 2);
INSERT INTO FOOD_ITEM (ID_Food, FoodName, Price, isAreaRestricted, DeliverySafe, ID_Type) VALUES (11, 'Octopus Sashimi', 261000, 1, 1, 2);
INSERT INTO FOOD_ITEM (ID_Food, FoodName, Price, isAreaRestricted, DeliverySafe, ID_Type) VALUES (12, 'Snapper Sashimi', 684000, 1, 1, 2);
INSERT INTO FOOD_ITEM (ID_Food, FoodName, Price, isAreaRestricted, DeliverySafe, ID_Type) VALUES (13, 'Mackerel Sashimi', 529000, 0, 1, 2);
INSERT INTO FOOD_ITEM (ID_Food, FoodName, Price, isAreaRestricted, DeliverySafe, ID_Type) VALUES (14, 'Salmon Nigiri', 499000, 0, 0, 3);
INSERT INTO FOOD_ITEM (ID_Food, FoodName, Price, isAreaRestricted, DeliverySafe, ID_Type) VALUES (15, 'Tuna Nigiri', 791000, 1, 1, 3);
INSERT INTO FOOD_ITEM (ID_Food, FoodName, Price, isAreaRestricted, DeliverySafe, ID_Type) VALUES (16, 'Eel Nigiri', 777000, 0, 1, 3);
INSERT INTO FOOD_ITEM (ID_Food, FoodName, Price, isAreaRestricted, DeliverySafe, ID_Type) VALUES (17, 'Shrimp Nigiri', 594000, 0, 1, 3);
INSERT INTO FOOD_ITEM (ID_Food, FoodName, Price, isAreaRestricted, DeliverySafe, ID_Type) VALUES (18, 'Egg Nigiri', 119000, 0, 1, 3);
INSERT INTO FOOD_ITEM (ID_Food, FoodName, Price, isAreaRestricted, DeliverySafe, ID_Type) VALUES (19, 'Crab Nigiri', 323000, 1, 1, 3);
INSERT INTO FOOD_ITEM (ID_Food, FoodName, Price, isAreaRestricted, DeliverySafe, ID_Type) VALUES (20, 'Spicy Tuna Hand Roll', 752000, 1, 1, 4);
INSERT INTO FOOD_ITEM (ID_Food, FoodName, Price, isAreaRestricted, DeliverySafe, ID_Type) VALUES (21, 'California Hand Roll', 713000, 0, 1, 4);
INSERT INTO FOOD_ITEM (ID_Food, FoodName, Price, isAreaRestricted, DeliverySafe, ID_Type) VALUES (22, 'Salmon Avocado Hand Roll', 785000, 0, 1, 4);
INSERT INTO FOOD_ITEM (ID_Food, FoodName, Price, isAreaRestricted, DeliverySafe, ID_Type) VALUES (23, 'Vegetable Hand Roll', 591000, 0, 1, 4);
INSERT INTO FOOD_ITEM (ID_Food, FoodName, Price, isAreaRestricted, DeliverySafe, ID_Type) VALUES (24, 'Shrimp Tempura Hand Roll', 693000, 0, 1, 4);
INSERT INTO FOOD_ITEM (ID_Food, FoodName, Price, isAreaRestricted, DeliverySafe, ID_Type) VALUES (25, 'Chicken Teriyaki Bento', 201000, 0, 1, 5);
INSERT INTO FOOD_ITEM (ID_Food, FoodName, Price, isAreaRestricted, DeliverySafe, ID_Type) VALUES (26, 'Salmon Teriyaki Bento', 1000000, 0, 0, 5);
INSERT INTO FOOD_ITEM (ID_Food, FoodName, Price, isAreaRestricted, DeliverySafe, ID_Type) VALUES (27, 'Beef Bulgogi Bento', 785000, 0, 0, 5);
INSERT INTO FOOD_ITEM (ID_Food, FoodName, Price, isAreaRestricted, DeliverySafe, ID_Type) VALUES (28, 'Vegetarian Bento', 956000, 0, 1, 5);
INSERT INTO FOOD_ITEM (ID_Food, FoodName, Price, isAreaRestricted, DeliverySafe, ID_Type) VALUES (29, 'Edamame', 269000, 0, 1, 6);
INSERT INTO FOOD_ITEM (ID_Food, FoodName, Price, isAreaRestricted, DeliverySafe, ID_Type) VALUES (30, 'Gyoza', 568000, 0, 1, 6);
INSERT INTO FOOD_ITEM (ID_Food, FoodName, Price, isAreaRestricted, DeliverySafe, ID_Type) VALUES (31, 'Seaweed Salad', 423000, 0, 1, 6);
INSERT INTO FOOD_ITEM (ID_Food, FoodName, Price, isAreaRestricted, DeliverySafe, ID_Type) VALUES (32, 'Takoyaki', 946000, 0, 1, 6);
INSERT INTO FOOD_ITEM (ID_Food, FoodName, Price, isAreaRestricted, DeliverySafe, ID_Type) VALUES (33, 'Agedashi Tofu', 719000, 0, 1, 6);
INSERT INTO FOOD_ITEM (ID_Food, FoodName, Price, isAreaRestricted, DeliverySafe, ID_Type) VALUES (34, 'Miso Soup', 271000, 0, 1, 6);
INSERT INTO FOOD_ITEM (ID_Food, FoodName, Price, isAreaRestricted, DeliverySafe, ID_Type) VALUES (35, 'Spring Rolls', 721000, 0, 1, 6);
INSERT INTO FOOD_ITEM (ID_Food, FoodName, Price, isAreaRestricted, DeliverySafe, ID_Type) VALUES (36, 'Mochi Ice Cream', 596000, 1, 1, 7);
INSERT INTO FOOD_ITEM (ID_Food, FoodName, Price, isAreaRestricted, DeliverySafe, ID_Type) VALUES (37, 'Green Tea Cheesecake', 375000, 0, 1, 7);
INSERT INTO FOOD_ITEM (ID_Food, FoodName, Price, isAreaRestricted, DeliverySafe, ID_Type) VALUES (38, 'Dorayaki', 301000, 1, 1, 7);
INSERT INTO FOOD_ITEM (ID_Food, FoodName, Price, isAreaRestricted, DeliverySafe, ID_Type) VALUES (39, 'Matcha Panna Cotta', 187000, 1, 1, 7);
INSERT INTO FOOD_ITEM (ID_Food, FoodName, Price, isAreaRestricted, DeliverySafe, ID_Type) VALUES (40, 'Sesame Balls', 884000, 0, 1, 7);
INSERT INTO FOOD_ITEM (ID_Food, FoodName, Price, isAreaRestricted, DeliverySafe, ID_Type) VALUES (41, 'Green Tea', 174000, 0, 0, 8);
INSERT INTO FOOD_ITEM (ID_Food, FoodName, Price, isAreaRestricted, DeliverySafe, ID_Type) VALUES (42, 'Sake', 914000, 0, 1, 8);
INSERT INTO FOOD_ITEM (ID_Food, FoodName, Price, isAreaRestricted, DeliverySafe, ID_Type) VALUES (43, 'Plum Wine', 863000, 0, 1, 8);
INSERT INTO FOOD_ITEM (ID_Food, FoodName, Price, isAreaRestricted, DeliverySafe, ID_Type) VALUES (44, 'Ramune Soda', 191000, 0, 1, 8);
INSERT INTO FOOD_ITEM (ID_Food, FoodName, Price, isAreaRestricted, DeliverySafe, ID_Type) VALUES (45, 'Matcha Latte', 217000, 1, 1, 8);
INSERT INTO FOOD_ITEM (ID_Food, FoodName, Price, isAreaRestricted, DeliverySafe, ID_Type) VALUES (46, 'Iced Oolong Tea', 316000, 0, 1, 8);
INSERT INTO FOOD_ITEM (ID_Food, FoodName, Price, isAreaRestricted, DeliverySafe, ID_Type) VALUES (47, 'Shoyu Ramen', 640000, 0, 1, 9);
INSERT INTO FOOD_ITEM (ID_Food, FoodName, Price, isAreaRestricted, DeliverySafe, ID_Type) VALUES (48, 'Miso Ramen', 355000, 1, 1, 9);
INSERT INTO FOOD_ITEM (ID_Food, FoodName, Price, isAreaRestricted, DeliverySafe, ID_Type) VALUES (49, 'Tonkotsu Ramen', 541000, 1, 1, 9);
INSERT INTO FOOD_ITEM (ID_Food, FoodName, Price, isAreaRestricted, DeliverySafe, ID_Type) VALUES (50, 'Spicy Chicken Ramen', 372000, 0, 1, 9);
INSERT INTO FOOD_ITEM (ID_Food, FoodName, Price, isAreaRestricted, DeliverySafe, ID_Type) VALUES (51, 'Vegetable Ramen', 623000, 0, 0, 9);
INSERT INTO FOOD_ITEM (ID_Food, FoodName, Price, isAreaRestricted, DeliverySafe, ID_Type) VALUES (52, 'Seafood Ramen', 651000, 0, 1, 9);
INSERT INTO FOOD_ITEM (ID_Food, FoodName, Price, isAreaRestricted, DeliverySafe, ID_Type) VALUES (53, 'Gyudon (Beef Bowl)', 741000, 1, 0, 10);
INSERT INTO FOOD_ITEM (ID_Food, FoodName, Price, isAreaRestricted, DeliverySafe, ID_Type) VALUES (54, 'Katsudon (Pork Cutlet Bowl)', 806000, 0, 0, 10);
INSERT INTO FOOD_ITEM (ID_Food, FoodName, Price, isAreaRestricted, DeliverySafe, ID_Type) VALUES (55, 'Oyakodon (Chicken and Egg Bowl)', 327000, 0, 1, 10);
INSERT INTO FOOD_ITEM (ID_Food, FoodName, Price, isAreaRestricted, DeliverySafe, ID_Type) VALUES (56, 'Unadon (Eel Bowl)', 695000, 0, 0, 10);
INSERT INTO FOOD_ITEM (ID_Food, FoodName, Price, isAreaRestricted, DeliverySafe, ID_Type) VALUES (57, 'Tekka Don (Tuna Bowl)', 989000, 0, 1, 10);
INSERT INTO FOOD_ITEM (ID_Food, FoodName, Price, isAreaRestricted, DeliverySafe, ID_Type) VALUES (58, 'Chirashi Don (Scattered Sushi Bowl)', 244000, 0, 1, 10);
INSERT INTO AREA_SPECIFIC_FOOD (ID_Area, ID_Food) VALUES (4, 12);
INSERT INTO AREA_SPECIFIC_FOOD (ID_Area, ID_Food) VALUES (2, 12);
INSERT INTO AREA_SPECIFIC_FOOD (ID_Area, ID_Food) VALUES (5, 20);
INSERT INTO AREA_SPECIFIC_FOOD (ID_Area, ID_Food) VALUES (1, 19);
INSERT INTO AREA_SPECIFIC_FOOD (ID_Area, ID_Food) VALUES (5, 11);
INSERT INTO AREA_SPECIFIC_FOOD (ID_Area, ID_Food) VALUES (3, 48);
INSERT INTO AREA_SPECIFIC_FOOD (ID_Area, ID_Food) VALUES (4, 39);
INSERT INTO AREA_SPECIFIC_FOOD (ID_Area, ID_Food) VALUES (3, 19);
INSERT INTO AREA_SPECIFIC_FOOD (ID_Area, ID_Food) VALUES (5, 48);
INSERT INTO AREA_SPECIFIC_FOOD (ID_Area, ID_Food) VALUES (1, 15);
INSERT INTO AREA_SPECIFIC_FOOD (ID_Area, ID_Food) VALUES (4, 38);
INSERT INTO AREA_SPECIFIC_FOOD (ID_Area, ID_Food) VALUES (4, 20);
INSERT INTO AREA_SPECIFIC_FOOD (ID_Area, ID_Food) VALUES (5, 19);
INSERT INTO AREA_SPECIFIC_FOOD (ID_Area, ID_Food) VALUES (2, 15);
INSERT INTO AREA_SPECIFIC_FOOD (ID_Area, ID_Food) VALUES (4, 49);
INSERT INTO AREA_SPECIFIC_FOOD (ID_Area, ID_Food) VALUES (4, 36);
INSERT INTO AREA_SPECIFIC_FOOD (ID_Area, ID_Food) VALUES (3, 45);
INSERT INTO AREA_SPECIFIC_FOOD (ID_Area, ID_Food) VALUES (1, 53);
INSERT INTO AREA_SPECIFIC_FOOD (ID_Area, ID_Food) VALUES (2, 49);
INSERT INTO AREA_SPECIFIC_FOOD (ID_Area, ID_Food) VALUES (4, 48);
INSERT INTO AREA_SPECIFIC_FOOD (ID_Area, ID_Food) VALUES (2, 11);
INSERT INTO AREA_SPECIFIC_FOOD (ID_Area, ID_Food) VALUES (1, 45);
INSERT INTO AREA_SPECIFIC_FOOD (ID_Area, ID_Food) VALUES (2, 39);
INSERT INTO AREA_SPECIFIC_FOOD (ID_Area, ID_Food) VALUES (4, 15);
INSERT INTO AREA_SPECIFIC_FOOD (ID_Area, ID_Food) VALUES (5, 45);
INSERT INTO AREA_SPECIFIC_FOOD (ID_Area, ID_Food) VALUES (1, 49);
INSERT INTO AREA_SPECIFIC_FOOD (ID_Area, ID_Food) VALUES (3, 20);
INSERT INTO AREA_SPECIFIC_FOOD (ID_Area, ID_Food) VALUES (5, 12);
INSERT INTO AREA_SPECIFIC_FOOD (ID_Area, ID_Food) VALUES (5, 49);
INSERT INTO AREA_SPECIFIC_FOOD (ID_Area, ID_Food) VALUES (1, 39);
INSERT INTO AREA_SPECIFIC_FOOD (ID_Area, ID_Food) VALUES (1, 38);
INSERT INTO AREA_SPECIFIC_FOOD (ID_Area, ID_Food) VALUES (2, 36);
INSERT INTO AREA_SPECIFIC_FOOD (ID_Area, ID_Food) VALUES (2, 53);
INSERT INTO AREA_SPECIFIC_FOOD (ID_Area, ID_Food) VALUES (3, 12);
INSERT INTO AREA_SPECIFIC_FOOD (ID_Area, ID_Food) VALUES (5, 39);
INSERT INTO AREA_SPECIFIC_FOOD (ID_Area, ID_Food) VALUES (3, 49);
INSERT INTO AREA_SPECIFIC_FOOD (ID_Area, ID_Food) VALUES (3, 11);
INSERT INTO AREA_SPECIFIC_FOOD (ID_Area, ID_Food) VALUES (1, 36);
INSERT INTO AREA_SPECIFIC_FOOD (ID_Area, ID_Food) VALUES (2, 48);
INSERT INTO AREA_SPECIFIC_FOOD (ID_Area, ID_Food) VALUES (4, 11);
INSERT INTO BRANCH_FOOD (ID_BranchFood, Available, ID_Branch, ID_Food) VALUES (1, 1, 13, 47);
INSERT INTO BRANCH_FOOD (ID_BranchFood, Available, ID_Branch, ID_Food) VALUES (2, 1, 8, 49);
INSERT INTO BRANCH_FOOD (ID_BranchFood, Available, ID_Branch, ID_Food) VALUES (3, 0, 7, 11);
INSERT INTO BRANCH_FOOD (ID_BranchFood, Available, ID_Branch, ID_Food) VALUES (4, 1, 7, 13);
INSERT INTO BRANCH_FOOD (ID_BranchFood, Available, ID_Branch, ID_Food) VALUES (5, 0, 9, 40);
INSERT INTO BRANCH_FOOD (ID_BranchFood, Available, ID_Branch, ID_Food) VALUES (6, 1, 15, 2);
INSERT INTO BRANCH_FOOD (ID_BranchFood, Available, ID_Branch, ID_Food) VALUES (7, 1, 4, 23);
INSERT INTO BRANCH_FOOD (ID_BranchFood, Available, ID_Branch, ID_Food) VALUES (8, 1, 1, 5);
INSERT INTO BRANCH_FOOD (ID_BranchFood, Available, ID_Branch, ID_Food) VALUES (9, 1, 3, 57);
INSERT INTO BRANCH_FOOD (ID_BranchFood, Available, ID_Branch, ID_Food) VALUES (10, 1, 3, 38);
INSERT INTO BRANCH_FOOD (ID_BranchFood, Available, ID_Branch, ID_Food) VALUES (11, 0, 2, 22);
INSERT INTO BRANCH_FOOD (ID_BranchFood, Available, ID_Branch, ID_Food) VALUES (12, 1, 7, 40);
INSERT INTO BRANCH_FOOD (ID_BranchFood, Available, ID_Branch, ID_Food) VALUES (13, 1, 4, 27);
INSERT INTO BRANCH_FOOD (ID_BranchFood, Available, ID_Branch, ID_Food) VALUES (14, 1, 9, 52);
INSERT INTO BRANCH_FOOD (ID_BranchFood, Available, ID_Branch, ID_Food) VALUES (15, 1, 4, 19);
INSERT INTO BRANCH_FOOD (ID_BranchFood, Available, ID_Branch, ID_Food) VALUES (16, 0, 15, 36);
INSERT INTO BRANCH_FOOD (ID_BranchFood, Available, ID_Branch, ID_Food) VALUES (17, 1, 1, 43);
INSERT INTO BRANCH_FOOD (ID_BranchFood, Available, ID_Branch, ID_Food) VALUES (18, 1, 2, 41);
INSERT INTO BRANCH_FOOD (ID_BranchFood, Available, ID_Branch, ID_Food) VALUES (19, 1, 3, 1);
INSERT INTO BRANCH_FOOD (ID_BranchFood, Available, ID_Branch, ID_Food) VALUES (20, 1, 9, 22);
INSERT INTO BRANCH_FOOD (ID_BranchFood, Available, ID_Branch, ID_Food) VALUES (21, 1, 14, 31);
INSERT INTO BRANCH_FOOD (ID_BranchFood, Available, ID_Branch, ID_Food) VALUES (22, 1, 1, 7);
INSERT INTO BRANCH_FOOD (ID_BranchFood, Available, ID_Branch, ID_Food) VALUES (23, 1, 9, 57);
INSERT INTO BRANCH_FOOD (ID_BranchFood, Available, ID_Branch, ID_Food) VALUES (24, 1, 4, 33);
INSERT INTO BRANCH_FOOD (ID_BranchFood, Available, ID_Branch, ID_Food) VALUES (25, 1, 12, 22);
INSERT INTO BRANCH_FOOD (ID_BranchFood, Available, ID_Branch, ID_Food) VALUES (26, 1, 5, 50);
INSERT INTO BRANCH_FOOD (ID_BranchFood, Available, ID_Branch, ID_Food) VALUES (27, 1, 10, 25);
INSERT INTO BRANCH_FOOD (ID_BranchFood, Available, ID_Branch, ID_Food) VALUES (28, 1, 10, 43);
INSERT INTO BRANCH_FOOD (ID_BranchFood, Available, ID_Branch, ID_Food) VALUES (29, 1, 11, 27);
INSERT INTO BRANCH_FOOD (ID_BranchFood, Available, ID_Branch, ID_Food) VALUES (30, 1, 1, 57);
INSERT INTO BRANCH_FOOD (ID_BranchFood, Available, ID_Branch, ID_Food) VALUES (31, 0, 12, 57);
INSERT INTO BRANCH_FOOD (ID_BranchFood, Available, ID_Branch, ID_Food) VALUES (32, 0, 12, 55);
INSERT INTO BRANCH_FOOD (ID_BranchFood, Available, ID_Branch, ID_Food) VALUES (33, 0, 1, 50);
INSERT INTO BRANCH_FOOD (ID_BranchFood, Available, ID_Branch, ID_Food) VALUES (34, 1, 3, 29);
INSERT INTO BRANCH_FOOD (ID_BranchFood, Available, ID_Branch, ID_Food) VALUES (35, 0, 8, 24);
INSERT INTO BRANCH_FOOD (ID_BranchFood, Available, ID_Branch, ID_Food) VALUES (36, 1, 10, 18);
INSERT INTO BRANCH_FOOD (ID_BranchFood, Available, ID_Branch, ID_Food) VALUES (37, 1, 11, 26);
INSERT INTO BRANCH_FOOD (ID_BranchFood, Available, ID_Branch, ID_Food) VALUES (38, 1, 11, 33);
INSERT INTO BRANCH_FOOD (ID_BranchFood, Available, ID_Branch, ID_Food) VALUES (39, 0, 3, 44);
INSERT INTO BRANCH_FOOD (ID_BranchFood, Available, ID_Branch, ID_Food) VALUES (40, 0, 12, 37);
INSERT INTO BRANCH_FOOD (ID_BranchFood, Available, ID_Branch, ID_Food) VALUES (41, 1, 6, 35);
INSERT INTO BRANCH_FOOD (ID_BranchFood, Available, ID_Branch, ID_Food) VALUES (42, 1, 9, 43);
INSERT INTO BRANCH_FOOD (ID_BranchFood, Available, ID_Branch, ID_Food) VALUES (43, 1, 5, 42);
INSERT INTO BRANCH_FOOD (ID_BranchFood, Available, ID_Branch, ID_Food) VALUES (44, 1, 15, 32);
INSERT INTO BRANCH_FOOD (ID_BranchFood, Available, ID_Branch, ID_Food) VALUES (45, 0, 11, 50);
INSERT INTO BRANCH_FOOD (ID_BranchFood, Available, ID_Branch, ID_Food) VALUES (46, 0, 4, 10);
INSERT INTO BRANCH_FOOD (ID_BranchFood, Available, ID_Branch, ID_Food) VALUES (47, 1, 10, 12);
INSERT INTO BRANCH_FOOD (ID_BranchFood, Available, ID_Branch, ID_Food) VALUES (48, 1, 2, 54);
INSERT INTO BRANCH_FOOD (ID_BranchFood, Available, ID_Branch, ID_Food) VALUES (49, 1, 14, 54);
INSERT INTO BRANCH_FOOD (ID_BranchFood, Available, ID_Branch, ID_Food) VALUES (50, 1, 6, 56);
INSERT INTO BRANCH_FOOD (ID_BranchFood, Available, ID_Branch, ID_Food) VALUES (51, 1, 4, 54);
INSERT INTO BRANCH_FOOD (ID_BranchFood, Available, ID_Branch, ID_Food) VALUES (52, 1, 4, 28);
INSERT INTO BRANCH_FOOD (ID_BranchFood, Available, ID_Branch, ID_Food) VALUES (53, 1, 9, 20);
INSERT INTO BRANCH_FOOD (ID_BranchFood, Available, ID_Branch, ID_Food) VALUES (54, 1, 11, 7);
INSERT INTO BRANCH_FOOD (ID_BranchFood, Available, ID_Branch, ID_Food) VALUES (55, 1, 14, 29);
INSERT INTO BRANCH_FOOD (ID_BranchFood, Available, ID_Branch, ID_Food) VALUES (56, 1, 4, 2);
INSERT INTO BRANCH_FOOD (ID_BranchFood, Available, ID_Branch, ID_Food) VALUES (57, 1, 1, 54);
INSERT INTO BRANCH_FOOD (ID_BranchFood, Available, ID_Branch, ID_Food) VALUES (58, 1, 2, 36);
INSERT INTO BRANCH_FOOD (ID_BranchFood, Available, ID_Branch, ID_Food) VALUES (59, 1, 3, 10);
INSERT INTO BRANCH_FOOD (ID_BranchFood, Available, ID_Branch, ID_Food) VALUES (60, 1, 3, 50);
INSERT INTO BRANCH_FOOD (ID_BranchFood, Available, ID_Branch, ID_Food) VALUES (61, 1, 14, 58);
INSERT INTO BRANCH_FOOD (ID_BranchFood, Available, ID_Branch, ID_Food) VALUES (62, 1, 7, 31);
INSERT INTO BRANCH_FOOD (ID_BranchFood, Available, ID_Branch, ID_Food) VALUES (63, 1, 9, 14);
INSERT INTO BRANCH_FOOD (ID_BranchFood, Available, ID_Branch, ID_Food) VALUES (64, 1, 2, 58);
INSERT INTO BRANCH_FOOD (ID_BranchFood, Available, ID_Branch, ID_Food) VALUES (65, 1, 8, 46);
INSERT INTO BRANCH_FOOD (ID_BranchFood, Available, ID_Branch, ID_Food) VALUES (66, 1, 8, 37);
INSERT INTO BRANCH_FOOD (ID_BranchFood, Available, ID_Branch, ID_Food) VALUES (67, 1, 3, 7);
INSERT INTO BRANCH_FOOD (ID_BranchFood, Available, ID_Branch, ID_Food) VALUES (68, 1, 8, 40);
INSERT INTO BRANCH_FOOD (ID_BranchFood, Available, ID_Branch, ID_Food) VALUES (69, 1, 2, 10);
INSERT INTO BRANCH_FOOD (ID_BranchFood, Available, ID_Branch, ID_Food) VALUES (70, 1, 1, 41);
INSERT INTO BRANCH_FOOD (ID_BranchFood, Available, ID_Branch, ID_Food) VALUES (71, 0, 4, 9);
INSERT INTO BRANCH_FOOD (ID_BranchFood, Available, ID_Branch, ID_Food) VALUES (72, 1, 14, 23);
INSERT INTO BRANCH_FOOD (ID_BranchFood, Available, ID_Branch, ID_Food) VALUES (73, 1, 8, 30);
INSERT INTO BRANCH_FOOD (ID_BranchFood, Available, ID_Branch, ID_Food) VALUES (74, 1, 6, 16);
INSERT INTO BRANCH_FOOD (ID_BranchFood, Available, ID_Branch, ID_Food) VALUES (75, 1, 13, 34);
INSERT INTO BRANCH_FOOD (ID_BranchFood, Available, ID_Branch, ID_Food) VALUES (76, 1, 9, 31);
INSERT INTO BRANCH_FOOD (ID_BranchFood, Available, ID_Branch, ID_Food) VALUES (77, 0, 6, 2);
INSERT INTO BRANCH_FOOD (ID_BranchFood, Available, ID_Branch, ID_Food) VALUES (78, 1, 12, 50);
INSERT INTO BRANCH_FOOD (ID_BranchFood, Available, ID_Branch, ID_Food) VALUES (79, 0, 4, 47);
INSERT INTO BRANCH_FOOD (ID_BranchFood, Available, ID_Branch, ID_Food) VALUES (80, 1, 15, 3);
INSERT INTO BRANCH_FOOD (ID_BranchFood, Available, ID_Branch, ID_Food) VALUES (81, 1, 8, 26);
INSERT INTO BRANCH_FOOD (ID_BranchFood, Available, ID_Branch, ID_Food) VALUES (82, 1, 3, 35);
INSERT INTO BRANCH_FOOD (ID_BranchFood, Available, ID_Branch, ID_Food) VALUES (83, 1, 10, 16);
INSERT INTO BRANCH_FOOD (ID_BranchFood, Available, ID_Branch, ID_Food) VALUES (84, 1, 9, 12);
INSERT INTO BRANCH_FOOD (ID_BranchFood, Available, ID_Branch, ID_Food) VALUES (85, 0, 3, 9);
INSERT INTO BRANCH_FOOD (ID_BranchFood, Available, ID_Branch, ID_Food) VALUES (86, 1, 6, 25);
INSERT INTO BRANCH_FOOD (ID_BranchFood, Available, ID_Branch, ID_Food) VALUES (87, 1, 3, 43);
INSERT INTO BRANCH_FOOD (ID_BranchFood, Available, ID_Branch, ID_Food) VALUES (88, 1, 6, 40);
INSERT INTO BRANCH_FOOD (ID_BranchFood, Available, ID_Branch, ID_Food) VALUES (89, 1, 8, 13);
INSERT INTO BRANCH_FOOD (ID_BranchFood, Available, ID_Branch, ID_Food) VALUES (90, 1, 9, 48);
INSERT INTO BRANCH_FOOD (ID_BranchFood, Available, ID_Branch, ID_Food) VALUES (91, 1, 7, 25);
INSERT INTO BRANCH_FOOD (ID_BranchFood, Available, ID_Branch, ID_Food) VALUES (92, 1, 5, 11);
INSERT INTO BRANCH_FOOD (ID_BranchFood, Available, ID_Branch, ID_Food) VALUES (93, 1, 1, 12);
INSERT INTO BRANCH_FOOD (ID_BranchFood, Available, ID_Branch, ID_Food) VALUES (94, 1, 5, 4);
INSERT INTO BRANCH_FOOD (ID_BranchFood, Available, ID_Branch, ID_Food) VALUES (95, 1, 6, 49);
INSERT INTO BRANCH_FOOD (ID_BranchFood, Available, ID_Branch, ID_Food) VALUES (96, 1, 10, 14);
INSERT INTO BRANCH_FOOD (ID_BranchFood, Available, ID_Branch, ID_Food) VALUES (97, 1, 7, 43);
INSERT INTO BRANCH_FOOD (ID_BranchFood, Available, ID_Branch, ID_Food) VALUES (98, 1, 6, 8);
INSERT INTO BRANCH_FOOD (ID_BranchFood, Available, ID_Branch, ID_Food) VALUES (99, 0, 11, 28);
INSERT INTO BRANCH_FOOD (ID_BranchFood, Available, ID_Branch, ID_Food) VALUES (100, 1, 13, 43);
INSERT INTO BRANCH_FOOD (ID_BranchFood, Available, ID_Branch, ID_Food) VALUES (101, 1, 12, 49);
INSERT INTO BRANCH_FOOD (ID_BranchFood, Available, ID_Branch, ID_Food) VALUES (102, 1, 15, 22);
INSERT INTO BRANCH_FOOD (ID_BranchFood, Available, ID_Branch, ID_Food) VALUES (103, 0, 11, 29);
INSERT INTO BRANCH_FOOD (ID_BranchFood, Available, ID_Branch, ID_Food) VALUES (104, 1, 9, 25);
INSERT INTO BRANCH_FOOD (ID_BranchFood, Available, ID_Branch, ID_Food) VALUES (105, 0, 8, 15);
INSERT INTO BRANCH_FOOD (ID_BranchFood, Available, ID_Branch, ID_Food) VALUES (106, 0, 15, 21);
INSERT INTO BRANCH_FOOD (ID_BranchFood, Available, ID_Branch, ID_Food) VALUES (107, 1, 10, 42);
INSERT INTO BRANCH_FOOD (ID_BranchFood, Available, ID_Branch, ID_Food) VALUES (108, 1, 3, 46);
INSERT INTO BRANCH_FOOD (ID_BranchFood, Available, ID_Branch, ID_Food) VALUES (109, 1, 12, 24);
INSERT INTO BRANCH_FOOD (ID_BranchFood, Available, ID_Branch, ID_Food) VALUES (110, 1, 1, 23);
INSERT INTO BRANCH_FOOD (ID_BranchFood, Available, ID_Branch, ID_Food) VALUES (111, 1, 13, 29);
INSERT INTO BRANCH_FOOD (ID_BranchFood, Available, ID_Branch, ID_Food) VALUES (112, 0, 2, 26);
INSERT INTO BRANCH_FOOD (ID_BranchFood, Available, ID_Branch, ID_Food) VALUES (113, 1, 14, 4);
INSERT INTO BRANCH_FOOD (ID_BranchFood, Available, ID_Branch, ID_Food) VALUES (114, 1, 6, 26);
INSERT INTO BRANCH_FOOD (ID_BranchFood, Available, ID_Branch, ID_Food) VALUES (115, 1, 5, 6);
INSERT INTO BRANCH_FOOD (ID_BranchFood, Available, ID_Branch, ID_Food) VALUES (116, 0, 4, 58);
INSERT INTO BRANCH_FOOD (ID_BranchFood, Available, ID_Branch, ID_Food) VALUES (117, 1, 14, 8);
INSERT INTO BRANCH_FOOD (ID_BranchFood, Available, ID_Branch, ID_Food) VALUES (118, 1, 10, 13);
INSERT INTO BRANCH_FOOD (ID_BranchFood, Available, ID_Branch, ID_Food) VALUES (119, 1, 4, 26);
INSERT INTO BRANCH_FOOD (ID_BranchFood, Available, ID_Branch, ID_Food) VALUES (120, 0, 15, 16);
INSERT INTO BRANCH_FOOD (ID_BranchFood, Available, ID_Branch, ID_Food) VALUES (121, 1, 9, 4);
INSERT INTO BRANCH_FOOD (ID_BranchFood, Available, ID_Branch, ID_Food) VALUES (122, 1, 3, 4);
INSERT INTO BRANCH_FOOD (ID_BranchFood, Available, ID_Branch, ID_Food) VALUES (123, 1, 12, 43);
INSERT INTO BRANCH_FOOD (ID_BranchFood, Available, ID_Branch, ID_Food) VALUES (124, 0, 6, 44);
INSERT INTO BRANCH_FOOD (ID_BranchFood, Available, ID_Branch, ID_Food) VALUES (125, 1, 8, 36);
INSERT INTO BRANCH_FOOD (ID_BranchFood, Available, ID_Branch, ID_Food) VALUES (126, 1, 14, 6);
INSERT INTO BRANCH_FOOD (ID_BranchFood, Available, ID_Branch, ID_Food) VALUES (127, 1, 15, 53);
INSERT INTO BRANCH_FOOD (ID_BranchFood, Available, ID_Branch, ID_Food) VALUES (128, 1, 15, 1);
INSERT INTO BRANCH_FOOD (ID_BranchFood, Available, ID_Branch, ID_Food) VALUES (129, 1, 9, 11);
INSERT INTO BRANCH_FOOD (ID_BranchFood, Available, ID_Branch, ID_Food) VALUES (130, 1, 2, 13);
INSERT INTO BRANCH_FOOD (ID_BranchFood, Available, ID_Branch, ID_Food) VALUES (131, 1, 7, 8);
INSERT INTO BRANCH_FOOD (ID_BranchFood, Available, ID_Branch, ID_Food) VALUES (132, 1, 2, 12);
INSERT INTO BRANCH_FOOD (ID_BranchFood, Available, ID_Branch, ID_Food) VALUES (133, 1, 6, 9);
INSERT INTO BRANCH_FOOD (ID_BranchFood, Available, ID_Branch, ID_Food) VALUES (134, 1, 1, 51);
INSERT INTO BRANCH_FOOD (ID_BranchFood, Available, ID_Branch, ID_Food) VALUES (135, 0, 4, 37);
INSERT INTO BRANCH_FOOD (ID_BranchFood, Available, ID_Branch, ID_Food) VALUES (136, 1, 15, 18);
INSERT INTO BRANCH_FOOD (ID_BranchFood, Available, ID_Branch, ID_Food) VALUES (137, 1, 11, 20);
INSERT INTO BRANCH_FOOD (ID_BranchFood, Available, ID_Branch, ID_Food) VALUES (138, 0, 5, 3);
INSERT INTO BRANCH_FOOD (ID_BranchFood, Available, ID_Branch, ID_Food) VALUES (139, 1, 12, 29);
INSERT INTO BRANCH_FOOD (ID_BranchFood, Available, ID_Branch, ID_Food) VALUES (140, 0, 10, 55);
INSERT INTO BRANCH_FOOD (ID_BranchFood, Available, ID_Branch, ID_Food) VALUES (141, 0, 3, 51);
INSERT INTO BRANCH_FOOD (ID_BranchFood, Available, ID_Branch, ID_Food) VALUES (142, 1, 9, 24);
INSERT INTO BRANCH_FOOD (ID_BranchFood, Available, ID_Branch, ID_Food) VALUES (143, 0, 13, 51);
INSERT INTO BRANCH_FOOD (ID_BranchFood, Available, ID_Branch, ID_Food) VALUES (144, 0, 3, 22);
INSERT INTO BRANCH_FOOD (ID_BranchFood, Available, ID_Branch, ID_Food) VALUES (145, 0, 12, 35);
INSERT INTO BRANCH_FOOD (ID_BranchFood, Available, ID_Branch, ID_Food) VALUES (146, 0, 4, 15);
INSERT INTO BRANCH_FOOD (ID_BranchFood, Available, ID_Branch, ID_Food) VALUES (147, 1, 14, 56);
INSERT INTO BRANCH_FOOD (ID_BranchFood, Available, ID_Branch, ID_Food) VALUES (148, 1, 1, 14);
INSERT INTO BRANCH_FOOD (ID_BranchFood, Available, ID_Branch, ID_Food) VALUES (149, 1, 5, 33);
INSERT INTO BRANCH_FOOD (ID_BranchFood, Available, ID_Branch, ID_Food) VALUES (150, 1, 9, 41);
INSERT INTO BRANCH_FOOD (ID_BranchFood, Available, ID_Branch, ID_Food) VALUES (151, 1, 15, 30);
INSERT INTO BRANCH_FOOD (ID_BranchFood, Available, ID_Branch, ID_Food) VALUES (152, 0, 15, 31);
INSERT INTO BRANCH_FOOD (ID_BranchFood, Available, ID_Branch, ID_Food) VALUES (153, 0, 11, 35);
INSERT INTO BRANCH_FOOD (ID_BranchFood, Available, ID_Branch, ID_Food) VALUES (154, 1, 15, 8);
INSERT INTO BRANCH_FOOD (ID_BranchFood, Available, ID_Branch, ID_Food) VALUES (155, 1, 9, 32);
INSERT INTO BRANCH_FOOD (ID_BranchFood, Available, ID_Branch, ID_Food) VALUES (156, 0, 9, 19);
INSERT INTO BRANCH_FOOD (ID_BranchFood, Available, ID_Branch, ID_Food) VALUES (157, 1, 7, 3);
INSERT INTO BRANCH_FOOD (ID_BranchFood, Available, ID_Branch, ID_Food) VALUES (158, 1, 15, 33);
INSERT INTO BRANCH_FOOD (ID_BranchFood, Available, ID_Branch, ID_Food) VALUES (159, 1, 6, 5);
INSERT INTO BRANCH_FOOD (ID_BranchFood, Available, ID_Branch, ID_Food) VALUES (160, 1, 6, 53);
INSERT INTO BRANCH_FOOD (ID_BranchFood, Available, ID_Branch, ID_Food) VALUES (161, 1, 15, 55);
INSERT INTO BRANCH_FOOD (ID_BranchFood, Available, ID_Branch, ID_Food) VALUES (162, 0, 11, 43);
INSERT INTO BRANCH_FOOD (ID_BranchFood, Available, ID_Branch, ID_Food) VALUES (163, 1, 1, 21);
INSERT INTO BRANCH_FOOD (ID_BranchFood, Available, ID_Branch, ID_Food) VALUES (164, 1, 2, 14);
INSERT INTO BRANCH_FOOD (ID_BranchFood, Available, ID_Branch, ID_Food) VALUES (165, 1, 3, 37);
INSERT INTO BRANCH_FOOD (ID_BranchFood, Available, ID_Branch, ID_Food) VALUES (166, 0, 13, 13);
INSERT INTO BRANCH_FOOD (ID_BranchFood, Available, ID_Branch, ID_Food) VALUES (167, 1, 5, 35);
INSERT INTO BRANCH_FOOD (ID_BranchFood, Available, ID_Branch, ID_Food) VALUES (168, 1, 6, 42);
INSERT INTO BRANCH_FOOD (ID_BranchFood, Available, ID_Branch, ID_Food) VALUES (169, 1, 6, 58);
INSERT INTO BRANCH_FOOD (ID_BranchFood, Available, ID_Branch, ID_Food) VALUES (170, 1, 2, 32);
INSERT INTO BRANCH_FOOD (ID_BranchFood, Available, ID_Branch, ID_Food) VALUES (171, 1, 10, 50);
INSERT INTO BRANCH_FOOD (ID_BranchFood, Available, ID_Branch, ID_Food) VALUES (172, 1, 15, 11);
INSERT INTO BRANCH_FOOD (ID_BranchFood, Available, ID_Branch, ID_Food) VALUES (173, 0, 10, 58);
INSERT INTO BRANCH_FOOD (ID_BranchFood, Available, ID_Branch, ID_Food) VALUES (174, 0, 12, 48);
INSERT INTO BRANCH_FOOD (ID_BranchFood, Available, ID_Branch, ID_Food) VALUES (175, 1, 11, 10);
INSERT INTO BRANCH_FOOD (ID_BranchFood, Available, ID_Branch, ID_Food) VALUES (176, 1, 3, 56);
INSERT INTO BRANCH_FOOD (ID_BranchFood, Available, ID_Branch, ID_Food) VALUES (177, 1, 14, 11);
INSERT INTO BRANCH_FOOD (ID_BranchFood, Available, ID_Branch, ID_Food) VALUES (178, 1, 6, 4);
INSERT INTO BRANCH_FOOD (ID_BranchFood, Available, ID_Branch, ID_Food) VALUES (179, 1, 13, 46);
INSERT INTO BRANCH_FOOD (ID_BranchFood, Available, ID_Branch, ID_Food) VALUES (180, 1, 1, 32);
INSERT INTO BRANCH_FOOD (ID_BranchFood, Available, ID_Branch, ID_Food) VALUES (181, 1, 5, 44);
INSERT INTO BRANCH_FOOD (ID_BranchFood, Available, ID_Branch, ID_Food) VALUES (182, 0, 12, 28);
INSERT INTO BRANCH_FOOD (ID_BranchFood, Available, ID_Branch, ID_Food) VALUES (183, 1, 5, 46);
INSERT INTO BRANCH_FOOD (ID_BranchFood, Available, ID_Branch, ID_Food) VALUES (184, 1, 10, 8);
INSERT INTO BRANCH_FOOD (ID_BranchFood, Available, ID_Branch, ID_Food) VALUES (185, 1, 8, 14);
INSERT INTO BRANCH_FOOD (ID_BranchFood, Available, ID_Branch, ID_Food) VALUES (186, 1, 7, 49);
INSERT INTO BRANCH_FOOD (ID_BranchFood, Available, ID_Branch, ID_Food) VALUES (187, 1, 14, 24);
INSERT INTO BRANCH_FOOD (ID_BranchFood, Available, ID_Branch, ID_Food) VALUES (188, 1, 5, 52);
INSERT INTO BRANCH_FOOD (ID_BranchFood, Available, ID_Branch, ID_Food) VALUES (189, 1, 13, 30);
INSERT INTO BRANCH_FOOD (ID_BranchFood, Available, ID_Branch, ID_Food) VALUES (190, 1, 9, 5);
INSERT INTO BRANCH_FOOD (ID_BranchFood, Available, ID_Branch, ID_Food) VALUES (191, 1, 14, 18);
INSERT INTO BRANCH_FOOD (ID_BranchFood, Available, ID_Branch, ID_Food) VALUES (192, 1, 2, 53);
INSERT INTO BRANCH_FOOD (ID_BranchFood, Available, ID_Branch, ID_Food) VALUES (193, 1, 15, 56);
INSERT INTO BRANCH_FOOD (ID_BranchFood, Available, ID_Branch, ID_Food) VALUES (194, 0, 15, 49);
INSERT INTO BRANCH_FOOD (ID_BranchFood, Available, ID_Branch, ID_Food) VALUES (195, 1, 12, 6);
INSERT INTO BRANCH_FOOD (ID_BranchFood, Available, ID_Branch, ID_Food) VALUES (196, 1, 1, 9);
INSERT INTO BRANCH_FOOD (ID_BranchFood, Available, ID_Branch, ID_Food) VALUES (197, 0, 2, 50);
INSERT INTO BRANCH_FOOD (ID_BranchFood, Available, ID_Branch, ID_Food) VALUES (198, 1, 11, 23);
INSERT INTO BRANCH_FOOD (ID_BranchFood, Available, ID_Branch, ID_Food) VALUES (199, 1, 8, 2);
INSERT INTO BRANCH_FOOD (ID_BranchFood, Available, ID_Branch, ID_Food) VALUES (200, 1, 15, 40);
INSERT INTO BRANCH_FOOD (ID_BranchFood, Available, ID_Branch, ID_Food) VALUES (201, 1, 9, 27);
INSERT INTO BRANCH_FOOD (ID_BranchFood, Available, ID_Branch, ID_Food) VALUES (202, 1, 13, 5);
INSERT INTO BRANCH_FOOD (ID_BranchFood, Available, ID_Branch, ID_Food) VALUES (203, 0, 13, 24);
INSERT INTO BRANCH_FOOD (ID_BranchFood, Available, ID_Branch, ID_Food) VALUES (204, 1, 5, 31);
INSERT INTO BRANCH_FOOD (ID_BranchFood, Available, ID_Branch, ID_Food) VALUES (205, 1, 10, 19);
INSERT INTO BRANCH_FOOD (ID_BranchFood, Available, ID_Branch, ID_Food) VALUES (206, 1, 11, 45);
INSERT INTO BRANCH_FOOD (ID_BranchFood, Available, ID_Branch, ID_Food) VALUES (207, 1, 15, 37);
INSERT INTO BRANCH_FOOD (ID_BranchFood, Available, ID_Branch, ID_Food) VALUES (208, 0, 11, 48);
INSERT INTO BRANCH_FOOD (ID_BranchFood, Available, ID_Branch, ID_Food) VALUES (209, 1, 12, 56);
INSERT INTO BRANCH_FOOD (ID_BranchFood, Available, ID_Branch, ID_Food) VALUES (210, 1, 14, 12);
INSERT INTO BRANCH_FOOD (ID_BranchFood, Available, ID_Branch, ID_Food) VALUES (211, 1, 5, 24);
INSERT INTO BRANCH_FOOD (ID_BranchFood, Available, ID_Branch, ID_Food) VALUES (212, 1, 13, 31);
INSERT INTO BRANCH_FOOD (ID_BranchFood, Available, ID_Branch, ID_Food) VALUES (213, 1, 9, 47);
INSERT INTO BRANCH_FOOD (ID_BranchFood, Available, ID_Branch, ID_Food) VALUES (214, 1, 7, 9);
INSERT INTO BRANCH_FOOD (ID_BranchFood, Available, ID_Branch, ID_Food) VALUES (215, 1, 7, 37);
INSERT INTO BRANCH_FOOD (ID_BranchFood, Available, ID_Branch, ID_Food) VALUES (216, 1, 10, 22);
INSERT INTO BRANCH_FOOD (ID_BranchFood, Available, ID_Branch, ID_Food) VALUES (217, 1, 9, 2);
INSERT INTO BRANCH_FOOD (ID_BranchFood, Available, ID_Branch, ID_Food) VALUES (218, 1, 4, 22);
INSERT INTO BRANCH_FOOD (ID_BranchFood, Available, ID_Branch, ID_Food) VALUES (219, 0, 1, 10);
INSERT INTO BRANCH_FOOD (ID_BranchFood, Available, ID_Branch, ID_Food) VALUES (220, 1, 2, 3);
INSERT INTO BRANCH_FOOD (ID_BranchFood, Available, ID_Branch, ID_Food) VALUES (221, 1, 4, 45);
INSERT INTO BRANCH_FOOD (ID_BranchFood, Available, ID_Branch, ID_Food) VALUES (222, 1, 3, 18);
INSERT INTO BRANCH_FOOD (ID_BranchFood, Available, ID_Branch, ID_Food) VALUES (223, 1, 14, 26);
INSERT INTO BRANCH_FOOD (ID_BranchFood, Available, ID_Branch, ID_Food) VALUES (224, 1, 8, 45);
INSERT INTO BRANCH_FOOD (ID_BranchFood, Available, ID_Branch, ID_Food) VALUES (225, 0, 8, 5);
INSERT INTO BRANCH_FOOD (ID_BranchFood, Available, ID_Branch, ID_Food) VALUES (226, 1, 14, 48);
INSERT INTO BRANCH_FOOD (ID_BranchFood, Available, ID_Branch, ID_Food) VALUES (227, 1, 10, 2);
INSERT INTO BRANCH_FOOD (ID_BranchFood, Available, ID_Branch, ID_Food) VALUES (228, 1, 7, 26);
INSERT INTO BRANCH_FOOD (ID_BranchFood, Available, ID_Branch, ID_Food) VALUES (229, 0, 10, 35);
INSERT INTO BRANCH_FOOD (ID_BranchFood, Available, ID_Branch, ID_Food) VALUES (230, 1, 2, 56);
INSERT INTO BRANCH_FOOD (ID_BranchFood, Available, ID_Branch, ID_Food) VALUES (231, 1, 10, 52);
INSERT INTO BRANCH_FOOD (ID_BranchFood, Available, ID_Branch, ID_Food) VALUES (232, 0, 9, 18);
INSERT INTO BRANCH_FOOD (ID_BranchFood, Available, ID_Branch, ID_Food) VALUES (233, 1, 1, 47);
INSERT INTO BRANCH_FOOD (ID_BranchFood, Available, ID_Branch, ID_Food) VALUES (234, 1, 13, 20);
INSERT INTO BRANCH_FOOD (ID_BranchFood, Available, ID_Branch, ID_Food) VALUES (235, 1, 5, 51);
INSERT INTO BRANCH_FOOD (ID_BranchFood, Available, ID_Branch, ID_Food) VALUES (236, 1, 9, 33);
INSERT INTO BRANCH_FOOD (ID_BranchFood, Available, ID_Branch, ID_Food) VALUES (237, 1, 4, 17);
INSERT INTO BRANCH_FOOD (ID_BranchFood, Available, ID_Branch, ID_Food) VALUES (238, 1, 15, 48);
INSERT INTO BRANCH_FOOD (ID_BranchFood, Available, ID_Branch, ID_Food) VALUES (239, 1, 1, 56);
INSERT INTO BRANCH_FOOD (ID_BranchFood, Available, ID_Branch, ID_Food) VALUES (240, 1, 2, 11);
INSERT INTO BRANCH_FOOD (ID_BranchFood, Available, ID_Branch, ID_Food) VALUES (241, 0, 7, 57);
INSERT INTO BRANCH_FOOD (ID_BranchFood, Available, ID_Branch, ID_Food) VALUES (242, 0, 6, 33);
INSERT INTO BRANCH_FOOD (ID_BranchFood, Available, ID_Branch, ID_Food) VALUES (243, 1, 7, 33);
INSERT INTO BRANCH_FOOD (ID_BranchFood, Available, ID_Branch, ID_Food) VALUES (244, 1, 8, 8);
INSERT INTO BRANCH_FOOD (ID_BranchFood, Available, ID_Branch, ID_Food) VALUES (245, 1, 14, 2);
INSERT INTO BRANCH_FOOD (ID_BranchFood, Available, ID_Branch, ID_Food) VALUES (246, 0, 1, 35);
INSERT INTO BRANCH_FOOD (ID_BranchFood, Available, ID_Branch, ID_Food) VALUES (247, 1, 13, 40);
INSERT INTO BRANCH_FOOD (ID_BranchFood, Available, ID_Branch, ID_Food) VALUES (248, 1, 11, 51);
INSERT INTO BRANCH_FOOD (ID_BranchFood, Available, ID_Branch, ID_Food) VALUES (249, 1, 12, 46);
INSERT INTO BRANCH_FOOD (ID_BranchFood, Available, ID_Branch, ID_Food) VALUES (250, 1, 14, 57);
INSERT INTO BRANCH_FOOD (ID_BranchFood, Available, ID_Branch, ID_Food) VALUES (251, 1, 8, 4);
INSERT INTO BRANCH_FOOD (ID_BranchFood, Available, ID_Branch, ID_Food) VALUES (252, 0, 14, 55);
INSERT INTO BRANCH_FOOD (ID_BranchFood, Available, ID_Branch, ID_Food) VALUES (253, 1, 14, 15);
INSERT INTO BRANCH_FOOD (ID_BranchFood, Available, ID_Branch, ID_Food) VALUES (254, 1, 15, 43);
INSERT INTO BRANCH_FOOD (ID_BranchFood, Available, ID_Branch, ID_Food) VALUES (255, 1, 10, 47);
INSERT INTO BRANCH_FOOD (ID_BranchFood, Available, ID_Branch, ID_Food) VALUES (256, 1, 1, 27);
INSERT INTO BRANCH_FOOD (ID_BranchFood, Available, ID_Branch, ID_Food) VALUES (257, 0, 5, 23);
INSERT INTO BRANCH_FOOD (ID_BranchFood, Available, ID_Branch, ID_Food) VALUES (258, 1, 5, 36);
INSERT INTO BRANCH_FOOD (ID_BranchFood, Available, ID_Branch, ID_Food) VALUES (259, 1, 10, 29);
INSERT INTO BRANCH_FOOD (ID_BranchFood, Available, ID_Branch, ID_Food) VALUES (260, 0, 3, 25);
INSERT INTO BRANCH_FOOD (ID_BranchFood, Available, ID_Branch, ID_Food) VALUES (261, 1, 1, 30);
INSERT INTO BRANCH_FOOD (ID_BranchFood, Available, ID_Branch, ID_Food) VALUES (262, 1, 9, 34);
INSERT INTO BRANCH_FOOD (ID_BranchFood, Available, ID_Branch, ID_Food) VALUES (263, 1, 1, 2);
INSERT INTO BRANCH_FOOD (ID_BranchFood, Available, ID_Branch, ID_Food) VALUES (264, 1, 2, 18);
INSERT INTO BRANCH_FOOD (ID_BranchFood, Available, ID_Branch, ID_Food) VALUES (265, 1, 4, 41);
INSERT INTO BRANCH_FOOD (ID_BranchFood, Available, ID_Branch, ID_Food) VALUES (266, 1, 7, 2);
INSERT INTO BRANCH_FOOD (ID_BranchFood, Available, ID_Branch, ID_Food) VALUES (267, 0, 14, 53);
INSERT INTO BRANCH_FOOD (ID_BranchFood, Available, ID_Branch, ID_Food) VALUES (268, 1, 8, 6);
INSERT INTO BRANCH_FOOD (ID_BranchFood, Available, ID_Branch, ID_Food) VALUES (269, 1, 6, 14);
INSERT INTO BRANCH_FOOD (ID_BranchFood, Available, ID_Branch, ID_Food) VALUES (270, 0, 2, 29);
INSERT INTO BRANCH_FOOD (ID_BranchFood, Available, ID_Branch, ID_Food) VALUES (271, 1, 13, 15);
INSERT INTO BRANCH_FOOD (ID_BranchFood, Available, ID_Branch, ID_Food) VALUES (272, 0, 13, 11);
INSERT INTO BRANCH_FOOD (ID_BranchFood, Available, ID_Branch, ID_Food) VALUES (273, 1, 6, 54);
INSERT INTO BRANCH_FOOD (ID_BranchFood, Available, ID_Branch, ID_Food) VALUES (274, 1, 14, 37);
INSERT INTO BRANCH_FOOD (ID_BranchFood, Available, ID_Branch, ID_Food) VALUES (275, 1, 10, 48);
INSERT INTO BRANCH_FOOD (ID_BranchFood, Available, ID_Branch, ID_Food) VALUES (276, 1, 10, 57);
INSERT INTO BRANCH_FOOD (ID_BranchFood, Available, ID_Branch, ID_Food) VALUES (277, 1, 8, 31);
INSERT INTO BRANCH_FOOD (ID_BranchFood, Available, ID_Branch, ID_Food) VALUES (278, 0, 10, 26);
INSERT INTO BRANCH_FOOD (ID_BranchFood, Available, ID_Branch, ID_Food) VALUES (279, 1, 8, 21);
INSERT INTO BRANCH_FOOD (ID_BranchFood, Available, ID_Branch, ID_Food) VALUES (280, 1, 2, 17);
INSERT INTO BRANCH_FOOD (ID_BranchFood, Available, ID_Branch, ID_Food) VALUES (281, 1, 5, 16);
INSERT INTO BRANCH_FOOD (ID_BranchFood, Available, ID_Branch, ID_Food) VALUES (282, 1, 7, 50);
INSERT INTO BRANCH_FOOD (ID_BranchFood, Available, ID_Branch, ID_Food) VALUES (283, 1, 14, 3);
INSERT INTO BRANCH_FOOD (ID_BranchFood, Available, ID_Branch, ID_Food) VALUES (284, 1, 10, 51);
INSERT INTO BRANCH_FOOD (ID_BranchFood, Available, ID_Branch, ID_Food) VALUES (285, 1, 14, 35);
INSERT INTO BRANCH_FOOD (ID_BranchFood, Available, ID_Branch, ID_Food) VALUES (286, 1, 13, 22);
INSERT INTO BRANCH_FOOD (ID_BranchFood, Available, ID_Branch, ID_Food) VALUES (287, 0, 15, 46);
INSERT INTO BRANCH_FOOD (ID_BranchFood, Available, ID_Branch, ID_Food) VALUES (288, 1, 5, 8);
INSERT INTO BRANCH_FOOD (ID_BranchFood, Available, ID_Branch, ID_Food) VALUES (289, 1, 14, 30);
INSERT INTO BRANCH_FOOD (ID_BranchFood, Available, ID_Branch, ID_Food) VALUES (290, 1, 8, 44);
INSERT INTO BRANCH_FOOD (ID_BranchFood, Available, ID_Branch, ID_Food) VALUES (291, 1, 6, 43);
INSERT INTO BRANCH_FOOD (ID_BranchFood, Available, ID_Branch, ID_Food) VALUES (292, 1, 9, 13);
INSERT INTO BRANCH_FOOD (ID_BranchFood, Available, ID_Branch, ID_Food) VALUES (293, 0, 12, 1);
INSERT INTO BRANCH_FOOD (ID_BranchFood, Available, ID_Branch, ID_Food) VALUES (294, 1, 11, 17);
INSERT INTO BRANCH_FOOD (ID_BranchFood, Available, ID_Branch, ID_Food) VALUES (295, 1, 8, 10);
INSERT INTO BRANCH_FOOD (ID_BranchFood, Available, ID_Branch, ID_Food) VALUES (296, 1, 7, 15);
INSERT INTO BRANCH_FOOD (ID_BranchFood, Available, ID_Branch, ID_Food) VALUES (297, 1, 13, 54);
INSERT INTO BRANCH_FOOD (ID_BranchFood, Available, ID_Branch, ID_Food) VALUES (298, 0, 8, 1);
INSERT INTO BRANCH_FOOD (ID_BranchFood, Available, ID_Branch, ID_Food) VALUES (299, 1, 7, 42);
INSERT INTO BRANCH_FOOD (ID_BranchFood, Available, ID_Branch, ID_Food) VALUES (300, 1, 9, 6);
INSERT INTO BRANCH_FOOD (ID_BranchFood, Available, ID_Branch, ID_Food) VALUES (301, 1, 7, 54);
INSERT INTO BRANCH_FOOD (ID_BranchFood, Available, ID_Branch, ID_Food) VALUES (302, 1, 6, 57);
INSERT INTO BRANCH_FOOD (ID_BranchFood, Available, ID_Branch, ID_Food) VALUES (303, 1, 12, 12);
INSERT INTO BRANCH_FOOD (ID_BranchFood, Available, ID_Branch, ID_Food) VALUES (304, 1, 2, 42);
INSERT INTO BRANCH_FOOD (ID_BranchFood, Available, ID_Branch, ID_Food) VALUES (305, 1, 8, 7);
INSERT INTO BRANCH_FOOD (ID_BranchFood, Available, ID_Branch, ID_Food) VALUES (306, 1, 3, 5);
INSERT INTO BRANCH_FOOD (ID_BranchFood, Available, ID_Branch, ID_Food) VALUES (307, 1, 5, 5);
INSERT INTO BRANCH_FOOD (ID_BranchFood, Available, ID_Branch, ID_Food) VALUES (308, 1, 15, 44);
INSERT INTO BRANCH_FOOD (ID_BranchFood, Available, ID_Branch, ID_Food) VALUES (309, 1, 9, 9);
INSERT INTO BRANCH_FOOD (ID_BranchFood, Available, ID_Branch, ID_Food) VALUES (310, 1, 9, 37);
INSERT INTO BRANCH_FOOD (ID_BranchFood, Available, ID_Branch, ID_Food) VALUES (311, 1, 7, 52);
INSERT INTO BRANCH_FOOD (ID_BranchFood, Available, ID_Branch, ID_Food) VALUES (312, 1, 2, 46);
INSERT INTO BRANCH_FOOD (ID_BranchFood, Available, ID_Branch, ID_Food) VALUES (313, 1, 12, 32);
INSERT INTO BRANCH_FOOD (ID_BranchFood, Available, ID_Branch, ID_Food) VALUES (314, 1, 9, 44);
INSERT INTO BRANCH_FOOD (ID_BranchFood, Available, ID_Branch, ID_Food) VALUES (315, 1, 14, 22);
INSERT INTO BRANCH_FOOD (ID_BranchFood, Available, ID_Branch, ID_Food) VALUES (316, 1, 4, 53);
INSERT INTO BRANCH_FOOD (ID_BranchFood, Available, ID_Branch, ID_Food) VALUES (317, 1, 4, 38);
INSERT INTO BRANCH_FOOD (ID_BranchFood, Available, ID_Branch, ID_Food) VALUES (318, 1, 11, 37);
INSERT INTO BRANCH_FOOD (ID_BranchFood, Available, ID_Branch, ID_Food) VALUES (319, 1, 5, 30);
INSERT INTO BRANCH_FOOD (ID_BranchFood, Available, ID_Branch, ID_Food) VALUES (320, 1, 13, 36);
INSERT INTO BRANCH_FOOD (ID_BranchFood, Available, ID_Branch, ID_Food) VALUES (321, 1, 13, 44);
INSERT INTO BRANCH_FOOD (ID_BranchFood, Available, ID_Branch, ID_Food) VALUES (322, 0, 14, 50);
INSERT INTO BRANCH_FOOD (ID_BranchFood, Available, ID_Branch, ID_Food) VALUES (323, 1, 11, 8);
INSERT INTO BRANCH_FOOD (ID_BranchFood, Available, ID_Branch, ID_Food) VALUES (324, 1, 1, 40);
INSERT INTO BRANCH_FOOD (ID_BranchFood, Available, ID_Branch, ID_Food) VALUES (325, 1, 8, 38);
INSERT INTO BRANCH_FOOD (ID_BranchFood, Available, ID_Branch, ID_Food) VALUES (326, 0, 3, 58);
INSERT INTO BRANCH_FOOD (ID_BranchFood, Available, ID_Branch, ID_Food) VALUES (327, 1, 13, 28);
INSERT INTO BRANCH_FOOD (ID_BranchFood, Available, ID_Branch, ID_Food) VALUES (328, 1, 15, 7);
INSERT INTO BRANCH_FOOD (ID_BranchFood, Available, ID_Branch, ID_Food) VALUES (329, 1, 10, 46);
INSERT INTO BRANCH_FOOD (ID_BranchFood, Available, ID_Branch, ID_Food) VALUES (330, 1, 1, 17);
INSERT INTO BRANCH_FOOD (ID_BranchFood, Available, ID_Branch, ID_Food) VALUES (331, 1, 11, 18);
INSERT INTO BRANCH_FOOD (ID_BranchFood, Available, ID_Branch, ID_Food) VALUES (332, 1, 9, 7);
INSERT INTO BRANCH_FOOD (ID_BranchFood, Available, ID_Branch, ID_Food) VALUES (333, 1, 15, 17);
INSERT INTO BRANCH_FOOD (ID_BranchFood, Available, ID_Branch, ID_Food) VALUES (334, 1, 12, 17);
INSERT INTO BRANCH_FOOD (ID_BranchFood, Available, ID_Branch, ID_Food) VALUES (335, 1, 7, 44);
INSERT INTO BRANCH_FOOD (ID_BranchFood, Available, ID_Branch, ID_Food) VALUES (336, 1, 2, 6);
INSERT INTO BRANCH_FOOD (ID_BranchFood, Available, ID_Branch, ID_Food) VALUES (337, 1, 6, 41);
INSERT INTO BRANCH_FOOD (ID_BranchFood, Available, ID_Branch, ID_Food) VALUES (338, 0, 11, 52);
INSERT INTO BRANCH_FOOD (ID_BranchFood, Available, ID_Branch, ID_Food) VALUES (339, 1, 13, 8);
INSERT INTO BRANCH_FOOD (ID_BranchFood, Available, ID_Branch, ID_Food) VALUES (340, 1, 1, 8);
INSERT INTO BRANCH_FOOD (ID_BranchFood, Available, ID_Branch, ID_Food) VALUES (341, 1, 15, 27);
INSERT INTO BRANCH_FOOD (ID_BranchFood, Available, ID_Branch, ID_Food) VALUES (342, 1, 6, 29);
INSERT INTO BRANCH_FOOD (ID_BranchFood, Available, ID_Branch, ID_Food) VALUES (343, 1, 10, 56);
INSERT INTO BRANCH_FOOD (ID_BranchFood, Available, ID_Branch, ID_Food) VALUES (344, 1, 13, 2);
INSERT INTO BRANCH_FOOD (ID_BranchFood, Available, ID_Branch, ID_Food) VALUES (345, 0, 1, 4);
INSERT INTO BRANCH_FOOD (ID_BranchFood, Available, ID_Branch, ID_Food) VALUES (346, 1, 7, 55);
INSERT INTO BRANCH_FOOD (ID_BranchFood, Available, ID_Branch, ID_Food) VALUES (347, 1, 3, 24);
INSERT INTO BRANCH_FOOD (ID_BranchFood, Available, ID_Branch, ID_Food) VALUES (348, 1, 8, 18);
INSERT INTO BRANCH_FOOD (ID_BranchFood, Available, ID_Branch, ID_Food) VALUES (349, 1, 6, 50);
INSERT INTO BRANCH_FOOD (ID_BranchFood, Available, ID_Branch, ID_Food) VALUES (350, 1, 5, 55);
INSERT INTO BRANCH_FOOD (ID_BranchFood, Available, ID_Branch, ID_Food) VALUES (351, 1, 1, 38);
INSERT INTO BRANCH_FOOD (ID_BranchFood, Available, ID_Branch, ID_Food) VALUES (352, 1, 4, 55);
INSERT INTO BRANCH_FOOD (ID_BranchFood, Available, ID_Branch, ID_Food) VALUES (353, 1, 12, 25);
INSERT INTO BRANCH_FOOD (ID_BranchFood, Available, ID_Branch, ID_Food) VALUES (354, 1, 11, 34);
INSERT INTO BRANCH_FOOD (ID_BranchFood, Available, ID_Branch, ID_Food) VALUES (355, 0, 4, 46);
INSERT INTO BRANCH_FOOD (ID_BranchFood, Available, ID_Branch, ID_Food) VALUES (356, 1, 3, 15);
INSERT INTO BRANCH_FOOD (ID_BranchFood, Available, ID_Branch, ID_Food) VALUES (357, 1, 14, 14);
INSERT INTO BRANCH_FOOD (ID_BranchFood, Available, ID_Branch, ID_Food) VALUES (358, 1, 5, 41);
INSERT INTO BRANCH_FOOD (ID_BranchFood, Available, ID_Branch, ID_Food) VALUES (359, 1, 6, 38);
INSERT INTO BRANCH_FOOD (ID_BranchFood, Available, ID_Branch, ID_Food) VALUES (360, 1, 14, 13);
INSERT INTO BRANCH_FOOD (ID_BranchFood, Available, ID_Branch, ID_Food) VALUES (361, 1, 2, 57);
INSERT INTO BRANCH_FOOD (ID_BranchFood, Available, ID_Branch, ID_Food) VALUES (362, 0, 3, 12);
INSERT INTO BRANCH_FOOD (ID_BranchFood, Available, ID_Branch, ID_Food) VALUES (363, 0, 7, 16);
INSERT INTO BRANCH_FOOD (ID_BranchFood, Available, ID_Branch, ID_Food) VALUES (364, 1, 3, 11);
INSERT INTO BRANCH_FOOD (ID_BranchFood, Available, ID_Branch, ID_Food) VALUES (365, 1, 6, 47);
INSERT INTO BRANCH_FOOD (ID_BranchFood, Available, ID_Branch, ID_Food) VALUES (366, 1, 12, 21);
INSERT INTO BRANCH_FOOD (ID_BranchFood, Available, ID_Branch, ID_Food) VALUES (367, 1, 13, 50);
INSERT INTO BRANCH_FOOD (ID_BranchFood, Available, ID_Branch, ID_Food) VALUES (368, 1, 10, 45);
INSERT INTO BRANCH_FOOD (ID_BranchFood, Available, ID_Branch, ID_Food) VALUES (369, 0, 13, 1);
INSERT INTO BRANCH_FOOD (ID_BranchFood, Available, ID_Branch, ID_Food) VALUES (370, 0, 4, 3);
INSERT INTO BRANCH_FOOD (ID_BranchFood, Available, ID_Branch, ID_Food) VALUES (371, 0, 9, 28);
INSERT INTO BRANCH_FOOD (ID_BranchFood, Available, ID_Branch, ID_Food) VALUES (372, 1, 7, 38);
INSERT INTO BRANCH_FOOD (ID_BranchFood, Available, ID_Branch, ID_Food) VALUES (373, 1, 12, 10);
INSERT INTO BRANCH_FOOD (ID_BranchFood, Available, ID_Branch, ID_Food) VALUES (374, 1, 1, 6);
INSERT INTO BRANCH_FOOD (ID_BranchFood, Available, ID_Branch, ID_Food) VALUES (375, 1, 8, 58);
INSERT INTO BRANCH_FOOD (ID_BranchFood, Available, ID_Branch, ID_Food) VALUES (376, 1, 1, 31);
INSERT INTO BRANCH_FOOD (ID_BranchFood, Available, ID_Branch, ID_Food) VALUES (377, 0, 5, 29);
INSERT INTO BRANCH_FOOD (ID_BranchFood, Available, ID_Branch, ID_Food) VALUES (378, 1, 12, 20);
INSERT INTO BRANCH_FOOD (ID_BranchFood, Available, ID_Branch, ID_Food) VALUES (379, 1, 14, 41);
INSERT INTO BRANCH_FOOD (ID_BranchFood, Available, ID_Branch, ID_Food) VALUES (380, 1, 6, 32);
INSERT INTO BRANCH_FOOD (ID_BranchFood, Available, ID_Branch, ID_Food) VALUES (381, 1, 5, 37);
INSERT INTO BRANCH_FOOD (ID_BranchFood, Available, ID_Branch, ID_Food) VALUES (382, 1, 2, 24);
INSERT INTO BRANCH_FOOD (ID_BranchFood, Available, ID_Branch, ID_Food) VALUES (383, 1, 5, 13);
INSERT INTO BRANCH_FOOD (ID_BranchFood, Available, ID_Branch, ID_Food) VALUES (384, 1, 1, 33);
INSERT INTO BRANCH_FOOD (ID_BranchFood, Available, ID_Branch, ID_Food) VALUES (385, 1, 3, 54);
INSERT INTO BRANCH_FOOD (ID_BranchFood, Available, ID_Branch, ID_Food) VALUES (386, 1, 7, 58);
INSERT INTO BRANCH_FOOD (ID_BranchFood, Available, ID_Branch, ID_Food) VALUES (387, 1, 3, 30);
INSERT INTO BRANCH_FOOD (ID_BranchFood, Available, ID_Branch, ID_Food) VALUES (388, 1, 13, 39);
INSERT INTO BRANCH_FOOD (ID_BranchFood, Available, ID_Branch, ID_Food) VALUES (389, 0, 12, 58);
INSERT INTO BRANCH_FOOD (ID_BranchFood, Available, ID_Branch, ID_Food) VALUES (390, 1, 7, 46);
INSERT INTO BRANCH_FOOD (ID_BranchFood, Available, ID_Branch, ID_Food) VALUES (391, 1, 9, 26);
INSERT INTO BRANCH_FOOD (ID_BranchFood, Available, ID_Branch, ID_Food) VALUES (392, 1, 14, 16);
INSERT INTO BRANCH_FOOD (ID_BranchFood, Available, ID_Branch, ID_Food) VALUES (393, 1, 5, 18);
INSERT INTO BRANCH_FOOD (ID_BranchFood, Available, ID_Branch, ID_Food) VALUES (394, 0, 3, 26);
INSERT INTO BRANCH_FOOD (ID_BranchFood, Available, ID_Branch, ID_Food) VALUES (395, 1, 14, 25);
INSERT INTO BRANCH_FOOD (ID_BranchFood, Available, ID_Branch, ID_Food) VALUES (396, 0, 1, 13);
INSERT INTO BRANCH_FOOD (ID_BranchFood, Available, ID_Branch, ID_Food) VALUES (397, 1, 9, 50);
INSERT INTO BRANCH_FOOD (ID_BranchFood, Available, ID_Branch, ID_Food) VALUES (398, 1, 2, 31);
INSERT INTO BRANCH_FOOD (ID_BranchFood, Available, ID_Branch, ID_Food) VALUES (399, 1, 10, 17);
INSERT INTO BRANCH_FOOD (ID_BranchFood, Available, ID_Branch, ID_Food) VALUES (400, 1, 2, 49);
INSERT INTO BRANCH_FOOD (ID_BranchFood, Available, ID_Branch, ID_Food) VALUES (401, 0, 10, 21);
INSERT INTO BRANCH_FOOD (ID_BranchFood, Available, ID_Branch, ID_Food) VALUES (402, 0, 4, 34);
INSERT INTO BRANCH_FOOD (ID_BranchFood, Available, ID_Branch, ID_Food) VALUES (403, 1, 2, 34);
INSERT INTO BRANCH_FOOD (ID_BranchFood, Available, ID_Branch, ID_Food) VALUES (404, 1, 5, 1);
INSERT INTO BRANCH_FOOD (ID_BranchFood, Available, ID_Branch, ID_Food) VALUES (405, 1, 12, 40);
INSERT INTO BRANCH_FOOD (ID_BranchFood, Available, ID_Branch, ID_Food) VALUES (406, 1, 9, 8);
INSERT INTO BRANCH_FOOD (ID_BranchFood, Available, ID_Branch, ID_Food) VALUES (407, 1, 4, 8);
INSERT INTO BRANCH_FOOD (ID_BranchFood, Available, ID_Branch, ID_Food) VALUES (408, 0, 2, 4);
INSERT INTO BRANCH_FOOD (ID_BranchFood, Available, ID_Branch, ID_Food) VALUES (409, 0, 11, 1);
INSERT INTO BRANCH_FOOD (ID_BranchFood, Available, ID_Branch, ID_Food) VALUES (410, 1, 3, 13);
INSERT INTO BRANCH_FOOD (ID_BranchFood, Available, ID_Branch, ID_Food) VALUES (411, 1, 2, 55);
INSERT INTO BRANCH_FOOD (ID_BranchFood, Available, ID_Branch, ID_Food) VALUES (412, 1, 7, 17);
INSERT INTO BRANCH_FOOD (ID_BranchFood, Available, ID_Branch, ID_Food) VALUES (413, 1, 8, 56);
INSERT INTO BRANCH_FOOD (ID_BranchFood, Available, ID_Branch, ID_Food) VALUES (414, 1, 2, 21);
INSERT INTO BRANCH_FOOD (ID_BranchFood, Available, ID_Branch, ID_Food) VALUES (415, 1, 6, 23);
INSERT INTO BRANCH_FOOD (ID_BranchFood, Available, ID_Branch, ID_Food) VALUES (416, 1, 3, 36);
INSERT INTO BRANCH_FOOD (ID_BranchFood, Available, ID_Branch, ID_Food) VALUES (417, 0, 7, 22);
INSERT INTO BRANCH_FOOD (ID_BranchFood, Available, ID_Branch, ID_Food) VALUES (418, 1, 14, 33);
INSERT INTO BRANCH_FOOD (ID_BranchFood, Available, ID_Branch, ID_Food) VALUES (419, 1, 10, 9);
INSERT INTO BRANCH_FOOD (ID_BranchFood, Available, ID_Branch, ID_Food) VALUES (420, 0, 2, 44);
INSERT INTO BRANCH_FOOD (ID_BranchFood, Available, ID_Branch, ID_Food) VALUES (421, 1, 9, 54);
INSERT INTO BRANCH_FOOD (ID_BranchFood, Available, ID_Branch, ID_Food) VALUES (422, 1, 5, 2);
INSERT INTO BRANCH_FOOD (ID_BranchFood, Available, ID_Branch, ID_Food) VALUES (423, 1, 11, 46);
INSERT INTO BRANCH_FOOD (ID_BranchFood, Available, ID_Branch, ID_Food) VALUES (424, 1, 1, 25);
INSERT INTO BRANCH_FOOD (ID_BranchFood, Available, ID_Branch, ID_Food) VALUES (425, 1, 11, 2);
INSERT INTO BRANCH_FOOD (ID_BranchFood, Available, ID_Branch, ID_Food) VALUES (426, 1, 15, 54);
INSERT INTO BRANCH_FOOD (ID_BranchFood, Available, ID_Branch, ID_Food) VALUES (427, 1, 12, 30);
INSERT INTO BRANCH_FOOD (ID_BranchFood, Available, ID_Branch, ID_Food) VALUES (428, 0, 1, 42);
INSERT INTO BRANCH_FOOD (ID_BranchFood, Available, ID_Branch, ID_Food) VALUES (429, 1, 15, 34);
INSERT INTO BRANCH_FOOD (ID_BranchFood, Available, ID_Branch, ID_Food) VALUES (430, 1, 2, 2);
INSERT INTO BRANCH_FOOD (ID_BranchFood, Available, ID_Branch, ID_Food) VALUES (431, 1, 8, 23);
INSERT INTO BRANCH_FOOD (ID_BranchFood, Available, ID_Branch, ID_Food) VALUES (432, 0, 12, 18);
INSERT INTO BRANCH_FOOD (ID_BranchFood, Available, ID_Branch, ID_Food) VALUES (433, 1, 12, 54);
INSERT INTO BRANCH_FOOD (ID_BranchFood, Available, ID_Branch, ID_Food) VALUES (434, 0, 14, 51);
INSERT INTO BRANCH_FOOD (ID_BranchFood, Available, ID_Branch, ID_Food) VALUES (435, 1, 14, 21);
INSERT INTO BRANCH_FOOD (ID_BranchFood, Available, ID_Branch, ID_Food) VALUES (436, 1, 3, 31);
INSERT INTO BRANCH_FOOD (ID_BranchFood, Available, ID_Branch, ID_Food) VALUES (437, 1, 14, 32);
INSERT INTO BRANCH_FOOD (ID_BranchFood, Available, ID_Branch, ID_Food) VALUES (438, 0, 11, 47);
INSERT INTO BRANCH_FOOD (ID_BranchFood, Available, ID_Branch, ID_Food) VALUES (439, 0, 4, 16);
INSERT INTO BRANCH_FOOD (ID_BranchFood, Available, ID_Branch, ID_Food) VALUES (440, 1, 3, 42);
INSERT INTO BRANCH_FOOD (ID_BranchFood, Available, ID_Branch, ID_Food) VALUES (441, 1, 4, 24);
INSERT INTO BRANCH_FOOD (ID_BranchFood, Available, ID_Branch, ID_Food) VALUES (442, 1, 5, 12);
INSERT INTO BRANCH_FOOD (ID_BranchFood, Available, ID_Branch, ID_Food) VALUES (443, 1, 13, 48);
INSERT INTO BRANCH_FOOD (ID_BranchFood, Available, ID_Branch, ID_Food) VALUES (444, 1, 1, 52);
INSERT INTO BRANCH_FOOD (ID_BranchFood, Available, ID_Branch, ID_Food) VALUES (445, 1, 9, 46);
INSERT INTO BRANCH_FOOD (ID_BranchFood, Available, ID_Branch, ID_Food) VALUES (446, 0, 10, 3);
INSERT INTO BRANCH_FOOD (ID_BranchFood, Available, ID_Branch, ID_Food) VALUES (447, 1, 6, 19);
INSERT INTO BRANCH_FOOD (ID_BranchFood, Available, ID_Branch, ID_Food) VALUES (448, 0, 13, 14);
INSERT INTO BRANCH_FOOD (ID_BranchFood, Available, ID_Branch, ID_Food) VALUES (449, 1, 13, 27);
INSERT INTO BRANCH_FOOD (ID_BranchFood, Available, ID_Branch, ID_Food) VALUES (450, 1, 9, 55);
INSERT INTO BRANCH_FOOD (ID_BranchFood, Available, ID_Branch, ID_Food) VALUES (451, 1, 13, 25);
INSERT INTO BRANCH_FOOD (ID_BranchFood, Available, ID_Branch, ID_Food) VALUES (452, 1, 8, 25);
INSERT INTO BRANCH_FOOD (ID_BranchFood, Available, ID_Branch, ID_Food) VALUES (453, 1, 12, 14);
INSERT INTO BRANCH_FOOD (ID_BranchFood, Available, ID_Branch, ID_Food) VALUES (454, 1, 7, 35);
INSERT INTO BRANCH_FOOD (ID_BranchFood, Available, ID_Branch, ID_Food) VALUES (455, 0, 8, 32);
INSERT INTO BRANCH_FOOD (ID_BranchFood, Available, ID_Branch, ID_Food) VALUES (456, 1, 7, 6);
INSERT INTO BRANCH_FOOD (ID_BranchFood, Available, ID_Branch, ID_Food) VALUES (457, 1, 6, 21);
INSERT INTO BRANCH_FOOD (ID_BranchFood, Available, ID_Branch, ID_Food) VALUES (458, 1, 11, 32);
INSERT INTO BRANCH_FOOD (ID_BranchFood, Available, ID_Branch, ID_Food) VALUES (459, 1, 15, 24);
INSERT INTO BRANCH_FOOD (ID_BranchFood, Available, ID_Branch, ID_Food) VALUES (460, 1, 14, 46);
INSERT INTO BRANCH_FOOD (ID_BranchFood, Available, ID_Branch, ID_Food) VALUES (461, 1, 14, 34);
INSERT INTO BRANCH_FOOD (ID_BranchFood, Available, ID_Branch, ID_Food) VALUES (462, 1, 14, 36);
INSERT INTO BRANCH_FOOD (ID_BranchFood, Available, ID_Branch, ID_Food) VALUES (463, 1, 9, 42);
INSERT INTO BRANCH_FOOD (ID_BranchFood, Available, ID_Branch, ID_Food) VALUES (464, 0, 6, 51);
INSERT INTO BRANCH_FOOD (ID_BranchFood, Available, ID_Branch, ID_Food) VALUES (465, 0, 3, 20);
INSERT INTO BRANCH_FOOD (ID_BranchFood, Available, ID_Branch, ID_Food) VALUES (466, 1, 12, 8);
INSERT INTO BRANCH_FOOD (ID_BranchFood, Available, ID_Branch, ID_Food) VALUES (467, 1, 8, 33);
INSERT INTO BRANCH_FOOD (ID_BranchFood, Available, ID_Branch, ID_Food) VALUES (468, 1, 15, 9);
INSERT INTO BRANCH_FOOD (ID_BranchFood, Available, ID_Branch, ID_Food) VALUES (469, 1, 1, 44);
INSERT INTO BRANCH_FOOD (ID_BranchFood, Available, ID_Branch, ID_Food) VALUES (470, 1, 7, 10);
INSERT INTO BRANCH_FOOD (ID_BranchFood, Available, ID_Branch, ID_Food) VALUES (471, 0, 13, 32);
INSERT INTO BRANCH_FOOD (ID_BranchFood, Available, ID_Branch, ID_Food) VALUES (472, 1, 12, 45);
INSERT INTO BRANCH_FOOD (ID_BranchFood, Available, ID_Branch, ID_Food) VALUES (473, 1, 6, 31);
INSERT INTO BRANCH_FOOD (ID_BranchFood, Available, ID_Branch, ID_Food) VALUES (474, 1, 5, 28);
INSERT INTO BRANCH_FOOD (ID_BranchFood, Available, ID_Branch, ID_Food) VALUES (475, 1, 14, 5);
INSERT INTO BRANCH_FOOD (ID_BranchFood, Available, ID_Branch, ID_Food) VALUES (476, 1, 3, 48);
INSERT INTO BRANCH_FOOD (ID_BranchFood, Available, ID_Branch, ID_Food) VALUES (477, 1, 3, 33);
INSERT INTO BRANCH_FOOD (ID_BranchFood, Available, ID_Branch, ID_Food) VALUES (478, 1, 4, 13);
INSERT INTO BRANCH_FOOD (ID_BranchFood, Available, ID_Branch, ID_Food) VALUES (479, 1, 5, 14);
INSERT INTO BRANCH_FOOD (ID_BranchFood, Available, ID_Branch, ID_Food) VALUES (480, 0, 2, 7);
INSERT INTO BRANCH_FOOD (ID_BranchFood, Available, ID_Branch, ID_Food) VALUES (481, 1, 4, 5);
INSERT INTO BRANCH_FOOD (ID_BranchFood, Available, ID_Branch, ID_Food) VALUES (482, 1, 11, 55);
INSERT INTO BRANCH_FOOD (ID_BranchFood, Available, ID_Branch, ID_Food) VALUES (483, 1, 12, 23);
INSERT INTO BRANCH_FOOD (ID_BranchFood, Available, ID_Branch, ID_Food) VALUES (484, 0, 1, 24);
INSERT INTO BRANCH_FOOD (ID_BranchFood, Available, ID_Branch, ID_Food) VALUES (485, 1, 1, 48);
INSERT INTO BRANCH_FOOD (ID_BranchFood, Available, ID_Branch, ID_Food) VALUES (486, 0, 9, 17);
INSERT INTO BRANCH_FOOD (ID_BranchFood, Available, ID_Branch, ID_Food) VALUES (487, 1, 9, 16);
INSERT INTO BRANCH_FOOD (ID_BranchFood, Available, ID_Branch, ID_Food) VALUES (488, 1, 7, 39);
INSERT INTO BRANCH_FOOD (ID_BranchFood, Available, ID_Branch, ID_Food) VALUES (489, 1, 11, 4);
INSERT INTO BRANCH_FOOD (ID_BranchFood, Available, ID_Branch, ID_Food) VALUES (490, 1, 11, 56);
INSERT INTO BRANCH_FOOD (ID_BranchFood, Available, ID_Branch, ID_Food) VALUES (491, 0, 5, 20);
INSERT INTO BRANCH_FOOD (ID_BranchFood, Available, ID_Branch, ID_Food) VALUES (492, 1, 11, 12);
INSERT INTO BRANCH_FOOD (ID_BranchFood, Available, ID_Branch, ID_Food) VALUES (493, 1, 1, 34);
INSERT INTO BRANCH_FOOD (ID_BranchFood, Available, ID_Branch, ID_Food) VALUES (494, 1, 12, 42);
INSERT INTO BRANCH_FOOD (ID_BranchFood, Available, ID_Branch, ID_Food) VALUES (495, 1, 1, 58);
INSERT INTO BRANCH_FOOD (ID_BranchFood, Available, ID_Branch, ID_Food) VALUES (496, 1, 8, 27);
INSERT INTO BRANCH_FOOD (ID_BranchFood, Available, ID_Branch, ID_Food) VALUES (497, 0, 1, 37);
INSERT INTO BRANCH_FOOD (ID_BranchFood, Available, ID_Branch, ID_Food) VALUES (498, 1, 13, 6);
INSERT INTO BRANCH_FOOD (ID_BranchFood, Available, ID_Branch, ID_Food) VALUES (499, 1, 3, 52);
INSERT INTO BRANCH_FOOD (ID_BranchFood, Available, ID_Branch, ID_Food) VALUES (500, 1, 14, 9);
INSERT INTO BRANCH_FOOD (ID_BranchFood, Available, ID_Branch, ID_Food) VALUES (501, 0, 4, 14);
INSERT INTO BRANCH_FOOD (ID_BranchFood, Available, ID_Branch, ID_Food) VALUES (502, 1, 2, 16);
INSERT INTO BRANCH_FOOD (ID_BranchFood, Available, ID_Branch, ID_Food) VALUES (503, 0, 6, 37);
INSERT INTO BRANCH_FOOD (ID_BranchFood, Available, ID_Branch, ID_Food) VALUES (504, 1, 12, 52);
INSERT INTO BRANCH_FOOD (ID_BranchFood, Available, ID_Branch, ID_Food) VALUES (505, 1, 13, 41);
INSERT INTO BRANCH_FOOD (ID_BranchFood, Available, ID_Branch, ID_Food) VALUES (506, 1, 4, 39);
INSERT INTO BRANCH_FOOD (ID_BranchFood, Available, ID_Branch, ID_Food) VALUES (507, 0, 2, 8);
INSERT INTO BRANCH_FOOD (ID_BranchFood, Available, ID_Branch, ID_Food) VALUES (508, 1, 2, 48);
INSERT INTO BRANCH_FOOD (ID_BranchFood, Available, ID_Branch, ID_Food) VALUES (509, 1, 13, 57);
INSERT INTO BRANCH_FOOD (ID_BranchFood, Available, ID_Branch, ID_Food) VALUES (510, 0, 12, 2);
INSERT INTO BRANCH_FOOD (ID_BranchFood, Available, ID_Branch, ID_Food) VALUES (511, 1, 4, 50);
INSERT INTO BRANCH_FOOD (ID_BranchFood, Available, ID_Branch, ID_Food) VALUES (512, 1, 13, 16);
INSERT INTO BRANCH_FOOD (ID_BranchFood, Available, ID_Branch, ID_Food) VALUES (513, 1, 12, 27);
INSERT INTO BRANCH_FOOD (ID_BranchFood, Available, ID_Branch, ID_Food) VALUES (514, 0, 14, 17);
INSERT INTO BRANCH_FOOD (ID_BranchFood, Available, ID_Branch, ID_Food) VALUES (515, 1, 7, 32);
INSERT INTO BRANCH_FOOD (ID_BranchFood, Available, ID_Branch, ID_Food) VALUES (516, 1, 13, 23);
INSERT INTO BRANCH_FOOD (ID_BranchFood, Available, ID_Branch, ID_Food) VALUES (517, 1, 4, 4);
INSERT INTO BRANCH_FOOD (ID_BranchFood, Available, ID_Branch, ID_Food) VALUES (518, 1, 8, 54);
INSERT INTO BRANCH_FOOD (ID_BranchFood, Available, ID_Branch, ID_Food) VALUES (519, 1, 4, 6);
INSERT INTO BRANCH_FOOD (ID_BranchFood, Available, ID_Branch, ID_Food) VALUES (520, 1, 15, 14);
INSERT INTO BRANCH_FOOD (ID_BranchFood, Available, ID_Branch, ID_Food) VALUES (521, 1, 1, 39);
INSERT INTO BRANCH_FOOD (ID_BranchFood, Available, ID_Branch, ID_Food) VALUES (522, 1, 9, 3);
INSERT INTO BRANCH_FOOD (ID_BranchFood, Available, ID_Branch, ID_Food) VALUES (523, 1, 14, 49);
INSERT INTO BRANCH_FOOD (ID_BranchFood, Available, ID_Branch, ID_Food) VALUES (524, 1, 10, 44);
INSERT INTO BRANCH_FOOD (ID_BranchFood, Available, ID_Branch, ID_Food) VALUES (525, 1, 15, 26);
INSERT INTO BRANCH_FOOD (ID_BranchFood, Available, ID_Branch, ID_Food) VALUES (526, 1, 2, 25);
INSERT INTO BRANCH_FOOD (ID_BranchFood, Available, ID_Branch, ID_Food) VALUES (527, 1, 12, 47);
INSERT INTO BRANCH_FOOD (ID_BranchFood, Available, ID_Branch, ID_Food) VALUES (528, 1, 10, 7);
INSERT INTO BRANCH_FOOD (ID_BranchFood, Available, ID_Branch, ID_Food) VALUES (529, 1, 8, 3);
INSERT INTO BRANCH_FOOD (ID_BranchFood, Available, ID_Branch, ID_Food) VALUES (530, 1, 5, 9);
INSERT INTO BRANCH_FOOD (ID_BranchFood, Available, ID_Branch, ID_Food) VALUES (531, 1, 4, 30);
INSERT INTO BRANCH_FOOD (ID_BranchFood, Available, ID_Branch, ID_Food) VALUES (532, 1, 12, 13);
INSERT INTO BRANCH_FOOD (ID_BranchFood, Available, ID_Branch, ID_Food) VALUES (533, 1, 13, 10);
INSERT INTO BRANCH_FOOD (ID_BranchFood, Available, ID_Branch, ID_Food) VALUES (534, 1, 5, 49);
INSERT INTO BRANCH_FOOD (ID_BranchFood, Available, ID_Branch, ID_Food) VALUES (535, 1, 8, 52);
INSERT INTO BRANCH_FOOD (ID_BranchFood, Available, ID_Branch, ID_Food) VALUES (536, 0, 5, 17);
INSERT INTO BRANCH_FOOD (ID_BranchFood, Available, ID_Branch, ID_Food) VALUES (537, 1, 15, 10);
INSERT INTO BRANCH_FOOD (ID_BranchFood, Available, ID_Branch, ID_Food) VALUES (538, 1, 13, 26);
INSERT INTO BRANCH_FOOD (ID_BranchFood, Available, ID_Branch, ID_Food) VALUES (539, 1, 1, 36);
INSERT INTO BRANCH_FOOD (ID_BranchFood, Available, ID_Branch, ID_Food) VALUES (540, 1, 2, 47);
INSERT INTO BRANCH_FOOD (ID_BranchFood, Available, ID_Branch, ID_Food) VALUES (541, 1, 13, 38);
INSERT INTO BRANCH_FOOD (ID_BranchFood, Available, ID_Branch, ID_Food) VALUES (542, 1, 7, 27);
INSERT INTO BRANCH_FOOD (ID_BranchFood, Available, ID_Branch, ID_Food) VALUES (543, 0, 15, 51);
INSERT INTO BRANCH_FOOD (ID_BranchFood, Available, ID_Branch, ID_Food) VALUES (544, 0, 10, 20);
INSERT INTO BRANCH_FOOD (ID_BranchFood, Available, ID_Branch, ID_Food) VALUES (545, 1, 3, 41);
INSERT INTO BRANCH_FOOD (ID_BranchFood, Available, ID_Branch, ID_Food) VALUES (546, 1, 13, 33);
INSERT INTO BRANCH_FOOD (ID_BranchFood, Available, ID_Branch, ID_Food) VALUES (547, 1, 3, 34);
INSERT INTO BRANCH_FOOD (ID_BranchFood, Available, ID_Branch, ID_Food) VALUES (548, 1, 7, 48);
INSERT INTO BRANCH_FOOD (ID_BranchFood, Available, ID_Branch, ID_Food) VALUES (549, 1, 1, 29);
INSERT INTO BRANCH_FOOD (ID_BranchFood, Available, ID_Branch, ID_Food) VALUES (550, 1, 15, 42);
INSERT INTO BRANCH_FOOD (ID_BranchFood, Available, ID_Branch, ID_Food) VALUES (551, 1, 1, 15);
INSERT INTO BRANCH_FOOD (ID_BranchFood, Available, ID_Branch, ID_Food) VALUES (552, 1, 7, 41);
INSERT INTO BRANCH_FOOD (ID_BranchFood, Available, ID_Branch, ID_Food) VALUES (553, 1, 9, 58);
INSERT INTO BRANCH_FOOD (ID_BranchFood, Available, ID_Branch, ID_Food) VALUES (554, 1, 14, 28);
INSERT INTO BRANCH_FOOD (ID_BranchFood, Available, ID_Branch, ID_Food) VALUES (555, 0, 2, 33);
INSERT INTO BRANCH_FOOD (ID_BranchFood, Available, ID_Branch, ID_Food) VALUES (556, 0, 4, 29);
INSERT INTO BRANCH_FOOD (ID_BranchFood, Available, ID_Branch, ID_Food) VALUES (557, 0, 8, 57);
INSERT INTO BRANCH_FOOD (ID_BranchFood, Available, ID_Branch, ID_Food) VALUES (558, 1, 7, 24);
INSERT INTO BRANCH_FOOD (ID_BranchFood, Available, ID_Branch, ID_Food) VALUES (559, 1, 1, 18);
INSERT INTO BRANCH_FOOD (ID_BranchFood, Available, ID_Branch, ID_Food) VALUES (560, 1, 15, 25);
INSERT INTO BRANCH_FOOD (ID_BranchFood, Available, ID_Branch, ID_Food) VALUES (561, 0, 1, 26);
INSERT INTO BRANCH_FOOD (ID_BranchFood, Available, ID_Branch, ID_Food) VALUES (562, 1, 15, 5);
INSERT INTO BRANCH_FOOD (ID_BranchFood, Available, ID_Branch, ID_Food) VALUES (563, 1, 11, 41);
INSERT INTO BRANCH_FOOD (ID_BranchFood, Available, ID_Branch, ID_Food) VALUES (564, 1, 10, 30);
INSERT INTO BRANCH_FOOD (ID_BranchFood, Available, ID_Branch, ID_Food) VALUES (565, 1, 5, 22);
INSERT INTO BRANCH_FOOD (ID_BranchFood, Available, ID_Branch, ID_Food) VALUES (566, 0, 7, 28);
INSERT INTO BRANCH_FOOD (ID_BranchFood, Available, ID_Branch, ID_Food) VALUES (567, 1, 9, 30);
INSERT INTO BRANCH_FOOD (ID_BranchFood, Available, ID_Branch, ID_Food) VALUES (568, 1, 13, 9);
INSERT INTO BRANCH_FOOD (ID_BranchFood, Available, ID_Branch, ID_Food) VALUES (569, 1, 8, 53);
INSERT INTO BRANCH_FOOD (ID_BranchFood, Available, ID_Branch, ID_Food) VALUES (570, 1, 11, 9);
INSERT INTO BRANCH_FOOD (ID_BranchFood, Available, ID_Branch, ID_Food) VALUES (571, 1, 15, 52);
INSERT INTO BRANCH_FOOD (ID_BranchFood, Available, ID_Branch, ID_Food) VALUES (572, 1, 12, 16);
INSERT INTO BRANCH_FOOD (ID_BranchFood, Available, ID_Branch, ID_Food) VALUES (573, 1, 2, 52);
INSERT INTO BRANCH_FOOD (ID_BranchFood, Available, ID_Branch, ID_Food) VALUES (574, 1, 13, 3);
INSERT INTO BRANCH_FOOD (ID_BranchFood, Available, ID_Branch, ID_Food) VALUES (575, 1, 6, 45);
INSERT INTO BRANCH_FOOD (ID_BranchFood, Available, ID_Branch, ID_Food) VALUES (576, 1, 4, 40);
INSERT INTO BRANCH_FOOD (ID_BranchFood, Available, ID_Branch, ID_Food) VALUES (577, 1, 1, 20);
INSERT INTO BRANCH_FOOD (ID_BranchFood, Available, ID_Branch, ID_Food) VALUES (578, 1, 1, 28);
INSERT INTO BRANCH_FOOD (ID_BranchFood, Available, ID_Branch, ID_Food) VALUES (579, 1, 4, 56);
INSERT INTO BRANCH_FOOD (ID_BranchFood, Available, ID_Branch, ID_Food) VALUES (580, 1, 10, 6);
INSERT INTO BRANCH_FOOD (ID_BranchFood, Available, ID_Branch, ID_Food) VALUES (581, 1, 13, 49);
INSERT INTO BRANCH_FOOD (ID_BranchFood, Available, ID_Branch, ID_Food) VALUES (582, 1, 15, 6);
INSERT INTO BRANCH_FOOD (ID_BranchFood, Available, ID_Branch, ID_Food) VALUES (583, 1, 9, 23);
INSERT INTO BRANCH_FOOD (ID_BranchFood, Available, ID_Branch, ID_Food) VALUES (584, 1, 8, 22);
INSERT INTO BRANCH_FOOD (ID_BranchFood, Available, ID_Branch, ID_Food) VALUES (585, 1, 11, 19);
INSERT INTO BRANCH_FOOD (ID_BranchFood, Available, ID_Branch, ID_Food) VALUES (586, 1, 8, 17);
INSERT INTO BRANCH_FOOD (ID_BranchFood, Available, ID_Branch, ID_Food) VALUES (587, 1, 12, 3);
INSERT INTO BRANCH_FOOD (ID_BranchFood, Available, ID_Branch, ID_Food) VALUES (588, 0, 6, 13);
INSERT INTO BRANCH_FOOD (ID_BranchFood, Available, ID_Branch, ID_Food) VALUES (589, 1, 2, 1);
INSERT INTO BRANCH_FOOD (ID_BranchFood, Available, ID_Branch, ID_Food) VALUES (590, 1, 12, 44);
INSERT INTO BRANCH_FOOD (ID_BranchFood, Available, ID_Branch, ID_Food) VALUES (591, 1, 5, 32);
INSERT INTO BRANCH_FOOD (ID_BranchFood, Available, ID_Branch, ID_Food) VALUES (592, 1, 10, 28);
INSERT INTO BRANCH_FOOD (ID_BranchFood, Available, ID_Branch, ID_Food) VALUES (593, 1, 6, 28);
INSERT INTO BRANCH_FOOD (ID_BranchFood, Available, ID_Branch, ID_Food) VALUES (594, 0, 2, 43);
INSERT INTO BRANCH_FOOD (ID_BranchFood, Available, ID_Branch, ID_Food) VALUES (595, 1, 2, 35);
INSERT INTO BRANCH_FOOD (ID_BranchFood, Available, ID_Branch, ID_Food) VALUES (596, 1, 5, 27);
INSERT INTO BRANCH_FOOD (ID_BranchFood, Available, ID_Branch, ID_Food) VALUES (597, 1, 14, 42);
INSERT INTO BRANCH_FOOD (ID_BranchFood, Available, ID_Branch, ID_Food) VALUES (598, 1, 7, 23);
INSERT INTO BRANCH_FOOD (ID_BranchFood, Available, ID_Branch, ID_Food) VALUES (599, 1, 6, 1);
INSERT INTO BRANCH_FOOD (ID_BranchFood, Available, ID_Branch, ID_Food) VALUES (600, 1, 2, 9);
INSERT INTO [TABLE] (ID_Table, NumberOfSeats, StatusTable, ID_Branch) VALUES (1, 8, 0, 1);
INSERT INTO [TABLE] (ID_Table, NumberOfSeats, StatusTable, ID_Branch) VALUES (2, 6, 1, 1);
INSERT INTO [TABLE] (ID_Table, NumberOfSeats, StatusTable, ID_Branch) VALUES (3, 4, 0, 1);
INSERT INTO [TABLE] (ID_Table, NumberOfSeats, StatusTable, ID_Branch) VALUES (4, 8, 1, 1);
INSERT INTO [TABLE] (ID_Table, NumberOfSeats, StatusTable, ID_Branch) VALUES (5, 2, 0, 1);
INSERT INTO [TABLE] (ID_Table, NumberOfSeats, StatusTable, ID_Branch) VALUES (6, 6, 0, 1);
INSERT INTO [TABLE] (ID_Table, NumberOfSeats, StatusTable, ID_Branch) VALUES (7, 8, 1, 1);
INSERT INTO [TABLE] (ID_Table, NumberOfSeats, StatusTable, ID_Branch) VALUES (8, 4, 1, 1);
INSERT INTO [TABLE] (ID_Table, NumberOfSeats, StatusTable, ID_Branch) VALUES (9, 4, 0, 1);
INSERT INTO [TABLE] (ID_Table, NumberOfSeats, StatusTable, ID_Branch) VALUES (10, 4, 1, 1);
INSERT INTO [TABLE] (ID_Table, NumberOfSeats, StatusTable, ID_Branch) VALUES (11, 6, 1, 1);
INSERT INTO [TABLE] (ID_Table, NumberOfSeats, StatusTable, ID_Branch) VALUES (12, 8, 0, 1);
INSERT INTO [TABLE] (ID_Table, NumberOfSeats, StatusTable, ID_Branch) VALUES (13, 4, 1, 1);
INSERT INTO [TABLE] (ID_Table, NumberOfSeats, StatusTable, ID_Branch) VALUES (14, 8, 0, 1);
INSERT INTO [TABLE] (ID_Table, NumberOfSeats, StatusTable, ID_Branch) VALUES (15, 2, 0, 1);
INSERT INTO [TABLE] (ID_Table, NumberOfSeats, StatusTable, ID_Branch) VALUES (16, 8, 1, 1);
INSERT INTO [TABLE] (ID_Table, NumberOfSeats, StatusTable, ID_Branch) VALUES (17, 4, 1, 1);
INSERT INTO [TABLE] (ID_Table, NumberOfSeats, StatusTable, ID_Branch) VALUES (18, 6, 0, 1);
INSERT INTO [TABLE] (ID_Table, NumberOfSeats, StatusTable, ID_Branch) VALUES (19, 4, 0, 1);
INSERT INTO [TABLE] (ID_Table, NumberOfSeats, StatusTable, ID_Branch) VALUES (20, 4, 1, 1);
INSERT INTO [TABLE] (ID_Table, NumberOfSeats, StatusTable, ID_Branch) VALUES (21, 4, 0, 2);
INSERT INTO [TABLE] (ID_Table, NumberOfSeats, StatusTable, ID_Branch) VALUES (22, 4, 1, 2);
INSERT INTO [TABLE] (ID_Table, NumberOfSeats, StatusTable, ID_Branch) VALUES (23, 2, 1, 2);
INSERT INTO [TABLE] (ID_Table, NumberOfSeats, StatusTable, ID_Branch) VALUES (24, 2, 1, 2);
INSERT INTO [TABLE] (ID_Table, NumberOfSeats, StatusTable, ID_Branch) VALUES (25, 8, 0, 2);
INSERT INTO [TABLE] (ID_Table, NumberOfSeats, StatusTable, ID_Branch) VALUES (26, 2, 1, 2);
INSERT INTO [TABLE] (ID_Table, NumberOfSeats, StatusTable, ID_Branch) VALUES (27, 2, 1, 2);
INSERT INTO [TABLE] (ID_Table, NumberOfSeats, StatusTable, ID_Branch) VALUES (28, 8, 0, 2);
INSERT INTO [TABLE] (ID_Table, NumberOfSeats, StatusTable, ID_Branch) VALUES (29, 6, 1, 2);
INSERT INTO [TABLE] (ID_Table, NumberOfSeats, StatusTable, ID_Branch) VALUES (30, 2, 0, 2);
INSERT INTO [TABLE] (ID_Table, NumberOfSeats, StatusTable, ID_Branch) VALUES (31, 8, 0, 2);
INSERT INTO [TABLE] (ID_Table, NumberOfSeats, StatusTable, ID_Branch) VALUES (32, 2, 1, 2);
INSERT INTO [TABLE] (ID_Table, NumberOfSeats, StatusTable, ID_Branch) VALUES (33, 4, 1, 2);
INSERT INTO [TABLE] (ID_Table, NumberOfSeats, StatusTable, ID_Branch) VALUES (34, 4, 1, 2);
INSERT INTO [TABLE] (ID_Table, NumberOfSeats, StatusTable, ID_Branch) VALUES (35, 2, 1, 2);
INSERT INTO [TABLE] (ID_Table, NumberOfSeats, StatusTable, ID_Branch) VALUES (36, 8, 1, 2);
INSERT INTO [TABLE] (ID_Table, NumberOfSeats, StatusTable, ID_Branch) VALUES (37, 6, 0, 2);
INSERT INTO [TABLE] (ID_Table, NumberOfSeats, StatusTable, ID_Branch) VALUES (38, 6, 0, 2);
INSERT INTO [TABLE] (ID_Table, NumberOfSeats, StatusTable, ID_Branch) VALUES (39, 6, 1, 2);
INSERT INTO [TABLE] (ID_Table, NumberOfSeats, StatusTable, ID_Branch) VALUES (40, 2, 1, 2);
INSERT INTO [TABLE] (ID_Table, NumberOfSeats, StatusTable, ID_Branch) VALUES (41, 4, 0, 3);
INSERT INTO [TABLE] (ID_Table, NumberOfSeats, StatusTable, ID_Branch) VALUES (42, 4, 1, 3);
INSERT INTO [TABLE] (ID_Table, NumberOfSeats, StatusTable, ID_Branch) VALUES (43, 4, 0, 3);
INSERT INTO [TABLE] (ID_Table, NumberOfSeats, StatusTable, ID_Branch) VALUES (44, 6, 0, 3);
INSERT INTO [TABLE] (ID_Table, NumberOfSeats, StatusTable, ID_Branch) VALUES (45, 8, 1, 3);
INSERT INTO [TABLE] (ID_Table, NumberOfSeats, StatusTable, ID_Branch) VALUES (46, 8, 0, 3);
INSERT INTO [TABLE] (ID_Table, NumberOfSeats, StatusTable, ID_Branch) VALUES (47, 4, 0, 3);
INSERT INTO [TABLE] (ID_Table, NumberOfSeats, StatusTable, ID_Branch) VALUES (48, 4, 0, 3);
INSERT INTO [TABLE] (ID_Table, NumberOfSeats, StatusTable, ID_Branch) VALUES (49, 6, 0, 3);
INSERT INTO [TABLE] (ID_Table, NumberOfSeats, StatusTable, ID_Branch) VALUES (50, 6, 0, 3);
INSERT INTO [TABLE] (ID_Table, NumberOfSeats, StatusTable, ID_Branch) VALUES (51, 2, 0, 3);
INSERT INTO [TABLE] (ID_Table, NumberOfSeats, StatusTable, ID_Branch) VALUES (52, 8, 1, 3);
INSERT INTO [TABLE] (ID_Table, NumberOfSeats, StatusTable, ID_Branch) VALUES (53, 8, 0, 3);
INSERT INTO [TABLE] (ID_Table, NumberOfSeats, StatusTable, ID_Branch) VALUES (54, 8, 1, 3);
INSERT INTO [TABLE] (ID_Table, NumberOfSeats, StatusTable, ID_Branch) VALUES (55, 8, 0, 3);
INSERT INTO [TABLE] (ID_Table, NumberOfSeats, StatusTable, ID_Branch) VALUES (56, 4, 1, 3);
INSERT INTO [TABLE] (ID_Table, NumberOfSeats, StatusTable, ID_Branch) VALUES (57, 4, 0, 3);
INSERT INTO [TABLE] (ID_Table, NumberOfSeats, StatusTable, ID_Branch) VALUES (58, 6, 0, 3);
INSERT INTO [TABLE] (ID_Table, NumberOfSeats, StatusTable, ID_Branch) VALUES (59, 4, 1, 3);
INSERT INTO [TABLE] (ID_Table, NumberOfSeats, StatusTable, ID_Branch) VALUES (60, 6, 1, 3);
INSERT INTO [TABLE] (ID_Table, NumberOfSeats, StatusTable, ID_Branch) VALUES (61, 6, 1, 3);
INSERT INTO [TABLE] (ID_Table, NumberOfSeats, StatusTable, ID_Branch) VALUES (62, 2, 1, 4);
INSERT INTO [TABLE] (ID_Table, NumberOfSeats, StatusTable, ID_Branch) VALUES (63, 4, 1, 4);
INSERT INTO [TABLE] (ID_Table, NumberOfSeats, StatusTable, ID_Branch) VALUES (64, 4, 1, 4);
INSERT INTO [TABLE] (ID_Table, NumberOfSeats, StatusTable, ID_Branch) VALUES (65, 6, 0, 4);
INSERT INTO [TABLE] (ID_Table, NumberOfSeats, StatusTable, ID_Branch) VALUES (66, 4, 1, 4);
INSERT INTO [TABLE] (ID_Table, NumberOfSeats, StatusTable, ID_Branch) VALUES (67, 2, 0, 4);
INSERT INTO [TABLE] (ID_Table, NumberOfSeats, StatusTable, ID_Branch) VALUES (68, 6, 0, 4);
INSERT INTO [TABLE] (ID_Table, NumberOfSeats, StatusTable, ID_Branch) VALUES (69, 8, 0, 4);
INSERT INTO [TABLE] (ID_Table, NumberOfSeats, StatusTable, ID_Branch) VALUES (70, 2, 1, 4);
INSERT INTO [TABLE] (ID_Table, NumberOfSeats, StatusTable, ID_Branch) VALUES (71, 6, 0, 4);
INSERT INTO [TABLE] (ID_Table, NumberOfSeats, StatusTable, ID_Branch) VALUES (72, 4, 0, 4);
INSERT INTO [TABLE] (ID_Table, NumberOfSeats, StatusTable, ID_Branch) VALUES (73, 8, 0, 4);
INSERT INTO [TABLE] (ID_Table, NumberOfSeats, StatusTable, ID_Branch) VALUES (74, 2, 1, 4);
INSERT INTO [TABLE] (ID_Table, NumberOfSeats, StatusTable, ID_Branch) VALUES (75, 2, 1, 4);
INSERT INTO [TABLE] (ID_Table, NumberOfSeats, StatusTable, ID_Branch) VALUES (76, 4, 0, 4);
INSERT INTO [TABLE] (ID_Table, NumberOfSeats, StatusTable, ID_Branch) VALUES (77, 4, 0, 4);
INSERT INTO [TABLE] (ID_Table, NumberOfSeats, StatusTable, ID_Branch) VALUES (78, 2, 0, 4);
INSERT INTO [TABLE] (ID_Table, NumberOfSeats, StatusTable, ID_Branch) VALUES (79, 4, 0, 4);
INSERT INTO [TABLE] (ID_Table, NumberOfSeats, StatusTable, ID_Branch) VALUES (80, 2, 1, 4);
INSERT INTO [TABLE] (ID_Table, NumberOfSeats, StatusTable, ID_Branch) VALUES (81, 8, 1, 4);
INSERT INTO [TABLE] (ID_Table, NumberOfSeats, StatusTable, ID_Branch) VALUES (82, 8, 0, 4);
INSERT INTO [TABLE] (ID_Table, NumberOfSeats, StatusTable, ID_Branch) VALUES (83, 2, 1, 4);
INSERT INTO [TABLE] (ID_Table, NumberOfSeats, StatusTable, ID_Branch) VALUES (84, 6, 1, 4);
INSERT INTO [TABLE] (ID_Table, NumberOfSeats, StatusTable, ID_Branch) VALUES (85, 6, 0, 4);
INSERT INTO [TABLE] (ID_Table, NumberOfSeats, StatusTable, ID_Branch) VALUES (86, 4, 0, 5);
INSERT INTO [TABLE] (ID_Table, NumberOfSeats, StatusTable, ID_Branch) VALUES (87, 6, 1, 5);
INSERT INTO [TABLE] (ID_Table, NumberOfSeats, StatusTable, ID_Branch) VALUES (88, 2, 0, 5);
INSERT INTO [TABLE] (ID_Table, NumberOfSeats, StatusTable, ID_Branch) VALUES (89, 4, 0, 5);
INSERT INTO [TABLE] (ID_Table, NumberOfSeats, StatusTable, ID_Branch) VALUES (90, 6, 1, 5);
INSERT INTO [TABLE] (ID_Table, NumberOfSeats, StatusTable, ID_Branch) VALUES (91, 2, 0, 5);
INSERT INTO [TABLE] (ID_Table, NumberOfSeats, StatusTable, ID_Branch) VALUES (92, 6, 0, 5);
INSERT INTO [TABLE] (ID_Table, NumberOfSeats, StatusTable, ID_Branch) VALUES (93, 6, 1, 5);
INSERT INTO [TABLE] (ID_Table, NumberOfSeats, StatusTable, ID_Branch) VALUES (94, 8, 0, 5);
INSERT INTO [TABLE] (ID_Table, NumberOfSeats, StatusTable, ID_Branch) VALUES (95, 2, 1, 5);
INSERT INTO [TABLE] (ID_Table, NumberOfSeats, StatusTable, ID_Branch) VALUES (96, 8, 1, 5);
INSERT INTO [TABLE] (ID_Table, NumberOfSeats, StatusTable, ID_Branch) VALUES (97, 8, 1, 5);
INSERT INTO [TABLE] (ID_Table, NumberOfSeats, StatusTable, ID_Branch) VALUES (98, 2, 1, 5);
INSERT INTO [TABLE] (ID_Table, NumberOfSeats, StatusTable, ID_Branch) VALUES (99, 8, 0, 5);
INSERT INTO [TABLE] (ID_Table, NumberOfSeats, StatusTable, ID_Branch) VALUES (100, 2, 1, 5);
INSERT INTO [TABLE] (ID_Table, NumberOfSeats, StatusTable, ID_Branch) VALUES (101, 6, 0, 5);
INSERT INTO [TABLE] (ID_Table, NumberOfSeats, StatusTable, ID_Branch) VALUES (102, 6, 0, 5);
INSERT INTO [TABLE] (ID_Table, NumberOfSeats, StatusTable, ID_Branch) VALUES (103, 4, 1, 5);
INSERT INTO [TABLE] (ID_Table, NumberOfSeats, StatusTable, ID_Branch) VALUES (104, 2, 0, 5);
INSERT INTO [TABLE] (ID_Table, NumberOfSeats, StatusTable, ID_Branch) VALUES (105, 2, 1, 5);
INSERT INTO [TABLE] (ID_Table, NumberOfSeats, StatusTable, ID_Branch) VALUES (106, 4, 1, 5);
INSERT INTO [TABLE] (ID_Table, NumberOfSeats, StatusTable, ID_Branch) VALUES (107, 8, 1, 5);
INSERT INTO [TABLE] (ID_Table, NumberOfSeats, StatusTable, ID_Branch) VALUES (108, 6, 1, 5);
INSERT INTO [TABLE] (ID_Table, NumberOfSeats, StatusTable, ID_Branch) VALUES (109, 2, 1, 5);
INSERT INTO [TABLE] (ID_Table, NumberOfSeats, StatusTable, ID_Branch) VALUES (110, 2, 0, 5);
INSERT INTO [TABLE] (ID_Table, NumberOfSeats, StatusTable, ID_Branch) VALUES (111, 8, 1, 5);
INSERT INTO [TABLE] (ID_Table, NumberOfSeats, StatusTable, ID_Branch) VALUES (112, 8, 0, 5);
INSERT INTO [TABLE] (ID_Table, NumberOfSeats, StatusTable, ID_Branch) VALUES (113, 4, 1, 6);
INSERT INTO [TABLE] (ID_Table, NumberOfSeats, StatusTable, ID_Branch) VALUES (114, 6, 1, 6);
INSERT INTO [TABLE] (ID_Table, NumberOfSeats, StatusTable, ID_Branch) VALUES (115, 4, 1, 6);
INSERT INTO [TABLE] (ID_Table, NumberOfSeats, StatusTable, ID_Branch) VALUES (116, 6, 0, 6);
INSERT INTO [TABLE] (ID_Table, NumberOfSeats, StatusTable, ID_Branch) VALUES (117, 8, 0, 6);
INSERT INTO [TABLE] (ID_Table, NumberOfSeats, StatusTable, ID_Branch) VALUES (118, 2, 0, 6);
INSERT INTO [TABLE] (ID_Table, NumberOfSeats, StatusTable, ID_Branch) VALUES (119, 8, 0, 6);
INSERT INTO [TABLE] (ID_Table, NumberOfSeats, StatusTable, ID_Branch) VALUES (120, 2, 0, 6);
INSERT INTO [TABLE] (ID_Table, NumberOfSeats, StatusTable, ID_Branch) VALUES (121, 8, 1, 6);
INSERT INTO [TABLE] (ID_Table, NumberOfSeats, StatusTable, ID_Branch) VALUES (122, 2, 0, 6);
INSERT INTO [TABLE] (ID_Table, NumberOfSeats, StatusTable, ID_Branch) VALUES (123, 4, 0, 6);
INSERT INTO [TABLE] (ID_Table, NumberOfSeats, StatusTable, ID_Branch) VALUES (124, 6, 0, 6);
INSERT INTO [TABLE] (ID_Table, NumberOfSeats, StatusTable, ID_Branch) VALUES (125, 6, 1, 6);
INSERT INTO [TABLE] (ID_Table, NumberOfSeats, StatusTable, ID_Branch) VALUES (126, 8, 1, 6);
INSERT INTO [TABLE] (ID_Table, NumberOfSeats, StatusTable, ID_Branch) VALUES (127, 4, 1, 6);
INSERT INTO [TABLE] (ID_Table, NumberOfSeats, StatusTable, ID_Branch) VALUES (128, 2, 0, 6);
INSERT INTO [TABLE] (ID_Table, NumberOfSeats, StatusTable, ID_Branch) VALUES (129, 8, 1, 6);
INSERT INTO [TABLE] (ID_Table, NumberOfSeats, StatusTable, ID_Branch) VALUES (130, 8, 1, 6);
INSERT INTO [TABLE] (ID_Table, NumberOfSeats, StatusTable, ID_Branch) VALUES (131, 2, 0, 6);
INSERT INTO [TABLE] (ID_Table, NumberOfSeats, StatusTable, ID_Branch) VALUES (132, 8, 1, 6);
INSERT INTO [TABLE] (ID_Table, NumberOfSeats, StatusTable, ID_Branch) VALUES (133, 4, 1, 6);
INSERT INTO [TABLE] (ID_Table, NumberOfSeats, StatusTable, ID_Branch) VALUES (134, 6, 0, 6);
INSERT INTO [TABLE] (ID_Table, NumberOfSeats, StatusTable, ID_Branch) VALUES (135, 6, 0, 7);
INSERT INTO [TABLE] (ID_Table, NumberOfSeats, StatusTable, ID_Branch) VALUES (136, 4, 1, 7);
INSERT INTO [TABLE] (ID_Table, NumberOfSeats, StatusTable, ID_Branch) VALUES (137, 4, 1, 7);
INSERT INTO [TABLE] (ID_Table, NumberOfSeats, StatusTable, ID_Branch) VALUES (138, 8, 1, 7);
INSERT INTO [TABLE] (ID_Table, NumberOfSeats, StatusTable, ID_Branch) VALUES (139, 2, 0, 7);
INSERT INTO [TABLE] (ID_Table, NumberOfSeats, StatusTable, ID_Branch) VALUES (140, 2, 1, 7);
INSERT INTO [TABLE] (ID_Table, NumberOfSeats, StatusTable, ID_Branch) VALUES (141, 4, 0, 7);
INSERT INTO [TABLE] (ID_Table, NumberOfSeats, StatusTable, ID_Branch) VALUES (142, 6, 0, 7);
INSERT INTO [TABLE] (ID_Table, NumberOfSeats, StatusTable, ID_Branch) VALUES (143, 4, 1, 7);
INSERT INTO [TABLE] (ID_Table, NumberOfSeats, StatusTable, ID_Branch) VALUES (144, 8, 0, 7);
INSERT INTO [TABLE] (ID_Table, NumberOfSeats, StatusTable, ID_Branch) VALUES (145, 8, 1, 7);
INSERT INTO [TABLE] (ID_Table, NumberOfSeats, StatusTable, ID_Branch) VALUES (146, 2, 1, 7);
INSERT INTO [TABLE] (ID_Table, NumberOfSeats, StatusTable, ID_Branch) VALUES (147, 6, 1, 7);
INSERT INTO [TABLE] (ID_Table, NumberOfSeats, StatusTable, ID_Branch) VALUES (148, 6, 0, 7);
INSERT INTO [TABLE] (ID_Table, NumberOfSeats, StatusTable, ID_Branch) VALUES (149, 4, 0, 7);
INSERT INTO [TABLE] (ID_Table, NumberOfSeats, StatusTable, ID_Branch) VALUES (150, 6, 1, 7);
INSERT INTO [TABLE] (ID_Table, NumberOfSeats, StatusTable, ID_Branch) VALUES (151, 8, 0, 7);
INSERT INTO [TABLE] (ID_Table, NumberOfSeats, StatusTable, ID_Branch) VALUES (152, 4, 1, 7);
INSERT INTO [TABLE] (ID_Table, NumberOfSeats, StatusTable, ID_Branch) VALUES (153, 8, 1, 7);
INSERT INTO [TABLE] (ID_Table, NumberOfSeats, StatusTable, ID_Branch) VALUES (154, 8, 1, 7);
INSERT INTO [TABLE] (ID_Table, NumberOfSeats, StatusTable, ID_Branch) VALUES (155, 4, 0, 7);
INSERT INTO [TABLE] (ID_Table, NumberOfSeats, StatusTable, ID_Branch) VALUES (156, 8, 1, 7);
INSERT INTO [TABLE] (ID_Table, NumberOfSeats, StatusTable, ID_Branch) VALUES (157, 2, 1, 8);
INSERT INTO [TABLE] (ID_Table, NumberOfSeats, StatusTable, ID_Branch) VALUES (158, 6, 1, 8);
INSERT INTO [TABLE] (ID_Table, NumberOfSeats, StatusTable, ID_Branch) VALUES (159, 6, 1, 8);
INSERT INTO [TABLE] (ID_Table, NumberOfSeats, StatusTable, ID_Branch) VALUES (160, 6, 0, 8);
INSERT INTO [TABLE] (ID_Table, NumberOfSeats, StatusTable, ID_Branch) VALUES (161, 2, 0, 8);
INSERT INTO [TABLE] (ID_Table, NumberOfSeats, StatusTable, ID_Branch) VALUES (162, 4, 0, 8);
INSERT INTO [TABLE] (ID_Table, NumberOfSeats, StatusTable, ID_Branch) VALUES (163, 4, 1, 8);
INSERT INTO [TABLE] (ID_Table, NumberOfSeats, StatusTable, ID_Branch) VALUES (164, 6, 0, 8);
INSERT INTO [TABLE] (ID_Table, NumberOfSeats, StatusTable, ID_Branch) VALUES (165, 4, 0, 8);
INSERT INTO [TABLE] (ID_Table, NumberOfSeats, StatusTable, ID_Branch) VALUES (166, 6, 0, 8);
INSERT INTO [TABLE] (ID_Table, NumberOfSeats, StatusTable, ID_Branch) VALUES (167, 8, 0, 8);
INSERT INTO [TABLE] (ID_Table, NumberOfSeats, StatusTable, ID_Branch) VALUES (168, 4, 0, 8);
INSERT INTO [TABLE] (ID_Table, NumberOfSeats, StatusTable, ID_Branch) VALUES (169, 6, 1, 8);
INSERT INTO [TABLE] (ID_Table, NumberOfSeats, StatusTable, ID_Branch) VALUES (170, 6, 1, 8);
INSERT INTO [TABLE] (ID_Table, NumberOfSeats, StatusTable, ID_Branch) VALUES (171, 8, 1, 8);
INSERT INTO [TABLE] (ID_Table, NumberOfSeats, StatusTable, ID_Branch) VALUES (172, 2, 0, 8);
INSERT INTO [TABLE] (ID_Table, NumberOfSeats, StatusTable, ID_Branch) VALUES (173, 8, 0, 8);
INSERT INTO [TABLE] (ID_Table, NumberOfSeats, StatusTable, ID_Branch) VALUES (174, 6, 0, 8);
INSERT INTO [TABLE] (ID_Table, NumberOfSeats, StatusTable, ID_Branch) VALUES (175, 6, 1, 8);
INSERT INTO [TABLE] (ID_Table, NumberOfSeats, StatusTable, ID_Branch) VALUES (176, 2, 0, 8);
INSERT INTO [TABLE] (ID_Table, NumberOfSeats, StatusTable, ID_Branch) VALUES (177, 2, 1, 8);
INSERT INTO [TABLE] (ID_Table, NumberOfSeats, StatusTable, ID_Branch) VALUES (178, 6, 1, 8);
INSERT INTO [TABLE] (ID_Table, NumberOfSeats, StatusTable, ID_Branch) VALUES (179, 6, 0, 8);
INSERT INTO [TABLE] (ID_Table, NumberOfSeats, StatusTable, ID_Branch) VALUES (180, 2, 0, 8);
INSERT INTO [TABLE] (ID_Table, NumberOfSeats, StatusTable, ID_Branch) VALUES (181, 8, 0, 8);
INSERT INTO [TABLE] (ID_Table, NumberOfSeats, StatusTable, ID_Branch) VALUES (182, 2, 0, 9);
INSERT INTO [TABLE] (ID_Table, NumberOfSeats, StatusTable, ID_Branch) VALUES (183, 6, 1, 9);
INSERT INTO [TABLE] (ID_Table, NumberOfSeats, StatusTable, ID_Branch) VALUES (184, 4, 1, 9);
INSERT INTO [TABLE] (ID_Table, NumberOfSeats, StatusTable, ID_Branch) VALUES (185, 4, 1, 9);
INSERT INTO [TABLE] (ID_Table, NumberOfSeats, StatusTable, ID_Branch) VALUES (186, 2, 0, 9);
INSERT INTO [TABLE] (ID_Table, NumberOfSeats, StatusTable, ID_Branch) VALUES (187, 6, 0, 9);
INSERT INTO [TABLE] (ID_Table, NumberOfSeats, StatusTable, ID_Branch) VALUES (188, 2, 1, 9);
INSERT INTO [TABLE] (ID_Table, NumberOfSeats, StatusTable, ID_Branch) VALUES (189, 4, 1, 9);
INSERT INTO [TABLE] (ID_Table, NumberOfSeats, StatusTable, ID_Branch) VALUES (190, 8, 0, 9);
INSERT INTO [TABLE] (ID_Table, NumberOfSeats, StatusTable, ID_Branch) VALUES (191, 6, 0, 9);
INSERT INTO [TABLE] (ID_Table, NumberOfSeats, StatusTable, ID_Branch) VALUES (192, 2, 0, 9);
INSERT INTO [TABLE] (ID_Table, NumberOfSeats, StatusTable, ID_Branch) VALUES (193, 6, 0, 9);
INSERT INTO [TABLE] (ID_Table, NumberOfSeats, StatusTable, ID_Branch) VALUES (194, 8, 0, 9);
INSERT INTO [TABLE] (ID_Table, NumberOfSeats, StatusTable, ID_Branch) VALUES (195, 4, 1, 9);
INSERT INTO [TABLE] (ID_Table, NumberOfSeats, StatusTable, ID_Branch) VALUES (196, 8, 0, 9);
INSERT INTO [TABLE] (ID_Table, NumberOfSeats, StatusTable, ID_Branch) VALUES (197, 4, 0, 9);
INSERT INTO [TABLE] (ID_Table, NumberOfSeats, StatusTable, ID_Branch) VALUES (198, 6, 0, 9);
INSERT INTO [TABLE] (ID_Table, NumberOfSeats, StatusTable, ID_Branch) VALUES (199, 4, 0, 9);
INSERT INTO [TABLE] (ID_Table, NumberOfSeats, StatusTable, ID_Branch) VALUES (200, 4, 1, 9);
INSERT INTO [TABLE] (ID_Table, NumberOfSeats, StatusTable, ID_Branch) VALUES (201, 2, 1, 9);
INSERT INTO [TABLE] (ID_Table, NumberOfSeats, StatusTable, ID_Branch) VALUES (202, 8, 1, 9);
INSERT INTO [TABLE] (ID_Table, NumberOfSeats, StatusTable, ID_Branch) VALUES (203, 4, 0, 9);
INSERT INTO [TABLE] (ID_Table, NumberOfSeats, StatusTable, ID_Branch) VALUES (204, 8, 1, 9);
INSERT INTO [TABLE] (ID_Table, NumberOfSeats, StatusTable, ID_Branch) VALUES (205, 2, 1, 9);
INSERT INTO [TABLE] (ID_Table, NumberOfSeats, StatusTable, ID_Branch) VALUES (206, 4, 1, 9);
INSERT INTO [TABLE] (ID_Table, NumberOfSeats, StatusTable, ID_Branch) VALUES (207, 6, 1, 9);
INSERT INTO [TABLE] (ID_Table, NumberOfSeats, StatusTable, ID_Branch) VALUES (208, 6, 0, 9);
INSERT INTO [TABLE] (ID_Table, NumberOfSeats, StatusTable, ID_Branch) VALUES (209, 2, 0, 9);
INSERT INTO [TABLE] (ID_Table, NumberOfSeats, StatusTable, ID_Branch) VALUES (210, 2, 1, 9);
INSERT INTO [TABLE] (ID_Table, NumberOfSeats, StatusTable, ID_Branch) VALUES (211, 2, 0, 10);
INSERT INTO [TABLE] (ID_Table, NumberOfSeats, StatusTable, ID_Branch) VALUES (212, 6, 0, 10);
INSERT INTO [TABLE] (ID_Table, NumberOfSeats, StatusTable, ID_Branch) VALUES (213, 4, 0, 10);
INSERT INTO [TABLE] (ID_Table, NumberOfSeats, StatusTable, ID_Branch) VALUES (214, 2, 0, 10);
INSERT INTO [TABLE] (ID_Table, NumberOfSeats, StatusTable, ID_Branch) VALUES (215, 2, 0, 10);
INSERT INTO [TABLE] (ID_Table, NumberOfSeats, StatusTable, ID_Branch) VALUES (216, 2, 1, 10);
INSERT INTO [TABLE] (ID_Table, NumberOfSeats, StatusTable, ID_Branch) VALUES (217, 8, 0, 10);
INSERT INTO [TABLE] (ID_Table, NumberOfSeats, StatusTable, ID_Branch) VALUES (218, 6, 1, 10);
INSERT INTO [TABLE] (ID_Table, NumberOfSeats, StatusTable, ID_Branch) VALUES (219, 4, 1, 10);
INSERT INTO [TABLE] (ID_Table, NumberOfSeats, StatusTable, ID_Branch) VALUES (220, 8, 1, 10);
INSERT INTO [TABLE] (ID_Table, NumberOfSeats, StatusTable, ID_Branch) VALUES (221, 2, 0, 10);
INSERT INTO [TABLE] (ID_Table, NumberOfSeats, StatusTable, ID_Branch) VALUES (222, 8, 1, 10);
INSERT INTO [TABLE] (ID_Table, NumberOfSeats, StatusTable, ID_Branch) VALUES (223, 4, 1, 10);
INSERT INTO [TABLE] (ID_Table, NumberOfSeats, StatusTable, ID_Branch) VALUES (224, 4, 1, 10);
INSERT INTO [TABLE] (ID_Table, NumberOfSeats, StatusTable, ID_Branch) VALUES (225, 8, 0, 10);
INSERT INTO [TABLE] (ID_Table, NumberOfSeats, StatusTable, ID_Branch) VALUES (226, 6, 0, 10);
INSERT INTO [TABLE] (ID_Table, NumberOfSeats, StatusTable, ID_Branch) VALUES (227, 6, 0, 10);
INSERT INTO [TABLE] (ID_Table, NumberOfSeats, StatusTable, ID_Branch) VALUES (228, 4, 1, 10);
INSERT INTO [TABLE] (ID_Table, NumberOfSeats, StatusTable, ID_Branch) VALUES (229, 2, 1, 10);
INSERT INTO [TABLE] (ID_Table, NumberOfSeats, StatusTable, ID_Branch) VALUES (230, 6, 0, 10);
INSERT INTO [TABLE] (ID_Table, NumberOfSeats, StatusTable, ID_Branch) VALUES (231, 6, 0, 10);
INSERT INTO [TABLE] (ID_Table, NumberOfSeats, StatusTable, ID_Branch) VALUES (232, 4, 1, 10);
INSERT INTO [TABLE] (ID_Table, NumberOfSeats, StatusTable, ID_Branch) VALUES (233, 8, 0, 10);
INSERT INTO [TABLE] (ID_Table, NumberOfSeats, StatusTable, ID_Branch) VALUES (234, 2, 0, 11);
INSERT INTO [TABLE] (ID_Table, NumberOfSeats, StatusTable, ID_Branch) VALUES (235, 8, 0, 11);
INSERT INTO [TABLE] (ID_Table, NumberOfSeats, StatusTable, ID_Branch) VALUES (236, 2, 1, 11);
INSERT INTO [TABLE] (ID_Table, NumberOfSeats, StatusTable, ID_Branch) VALUES (237, 8, 0, 11);
INSERT INTO [TABLE] (ID_Table, NumberOfSeats, StatusTable, ID_Branch) VALUES (238, 6, 1, 11);
INSERT INTO [TABLE] (ID_Table, NumberOfSeats, StatusTable, ID_Branch) VALUES (239, 2, 1, 11);
INSERT INTO [TABLE] (ID_Table, NumberOfSeats, StatusTable, ID_Branch) VALUES (240, 6, 0, 11);
INSERT INTO [TABLE] (ID_Table, NumberOfSeats, StatusTable, ID_Branch) VALUES (241, 8, 1, 11);
INSERT INTO [TABLE] (ID_Table, NumberOfSeats, StatusTable, ID_Branch) VALUES (242, 6, 1, 11);
INSERT INTO [TABLE] (ID_Table, NumberOfSeats, StatusTable, ID_Branch) VALUES (243, 2, 1, 11);
INSERT INTO [TABLE] (ID_Table, NumberOfSeats, StatusTable, ID_Branch) VALUES (244, 4, 1, 11);
INSERT INTO [TABLE] (ID_Table, NumberOfSeats, StatusTable, ID_Branch) VALUES (245, 2, 1, 11);
INSERT INTO [TABLE] (ID_Table, NumberOfSeats, StatusTable, ID_Branch) VALUES (246, 8, 0, 11);
INSERT INTO [TABLE] (ID_Table, NumberOfSeats, StatusTable, ID_Branch) VALUES (247, 6, 0, 11);
INSERT INTO [TABLE] (ID_Table, NumberOfSeats, StatusTable, ID_Branch) VALUES (248, 2, 1, 11);
INSERT INTO [TABLE] (ID_Table, NumberOfSeats, StatusTable, ID_Branch) VALUES (249, 8, 0, 11);
INSERT INTO [TABLE] (ID_Table, NumberOfSeats, StatusTable, ID_Branch) VALUES (250, 4, 1, 11);
INSERT INTO [TABLE] (ID_Table, NumberOfSeats, StatusTable, ID_Branch) VALUES (251, 2, 0, 11);
INSERT INTO [TABLE] (ID_Table, NumberOfSeats, StatusTable, ID_Branch) VALUES (252, 8, 1, 11);
INSERT INTO [TABLE] (ID_Table, NumberOfSeats, StatusTable, ID_Branch) VALUES (253, 6, 0, 11);
INSERT INTO [TABLE] (ID_Table, NumberOfSeats, StatusTable, ID_Branch) VALUES (254, 8, 1, 11);
INSERT INTO [TABLE] (ID_Table, NumberOfSeats, StatusTable, ID_Branch) VALUES (255, 8, 1, 11);
INSERT INTO [TABLE] (ID_Table, NumberOfSeats, StatusTable, ID_Branch) VALUES (256, 6, 0, 12);
INSERT INTO [TABLE] (ID_Table, NumberOfSeats, StatusTable, ID_Branch) VALUES (257, 6, 1, 12);
INSERT INTO [TABLE] (ID_Table, NumberOfSeats, StatusTable, ID_Branch) VALUES (258, 8, 0, 12);
INSERT INTO [TABLE] (ID_Table, NumberOfSeats, StatusTable, ID_Branch) VALUES (259, 6, 0, 12);
INSERT INTO [TABLE] (ID_Table, NumberOfSeats, StatusTable, ID_Branch) VALUES (260, 6, 0, 12);
INSERT INTO [TABLE] (ID_Table, NumberOfSeats, StatusTable, ID_Branch) VALUES (261, 6, 0, 12);
INSERT INTO [TABLE] (ID_Table, NumberOfSeats, StatusTable, ID_Branch) VALUES (262, 8, 1, 12);
INSERT INTO [TABLE] (ID_Table, NumberOfSeats, StatusTable, ID_Branch) VALUES (263, 6, 1, 12);
INSERT INTO [TABLE] (ID_Table, NumberOfSeats, StatusTable, ID_Branch) VALUES (264, 8, 0, 12);
INSERT INTO [TABLE] (ID_Table, NumberOfSeats, StatusTable, ID_Branch) VALUES (265, 6, 1, 12);
INSERT INTO [TABLE] (ID_Table, NumberOfSeats, StatusTable, ID_Branch) VALUES (266, 8, 0, 12);
INSERT INTO [TABLE] (ID_Table, NumberOfSeats, StatusTable, ID_Branch) VALUES (267, 8, 0, 12);
INSERT INTO [TABLE] (ID_Table, NumberOfSeats, StatusTable, ID_Branch) VALUES (268, 4, 0, 12);
INSERT INTO [TABLE] (ID_Table, NumberOfSeats, StatusTable, ID_Branch) VALUES (269, 2, 0, 12);
INSERT INTO [TABLE] (ID_Table, NumberOfSeats, StatusTable, ID_Branch) VALUES (270, 4, 1, 12);
INSERT INTO [TABLE] (ID_Table, NumberOfSeats, StatusTable, ID_Branch) VALUES (271, 4, 0, 12);
INSERT INTO [TABLE] (ID_Table, NumberOfSeats, StatusTable, ID_Branch) VALUES (272, 4, 1, 12);
INSERT INTO [TABLE] (ID_Table, NumberOfSeats, StatusTable, ID_Branch) VALUES (273, 2, 0, 12);
INSERT INTO [TABLE] (ID_Table, NumberOfSeats, StatusTable, ID_Branch) VALUES (274, 8, 0, 12);
INSERT INTO [TABLE] (ID_Table, NumberOfSeats, StatusTable, ID_Branch) VALUES (275, 6, 0, 12);
INSERT INTO [TABLE] (ID_Table, NumberOfSeats, StatusTable, ID_Branch) VALUES (276, 6, 0, 12);
INSERT INTO [TABLE] (ID_Table, NumberOfSeats, StatusTable, ID_Branch) VALUES (277, 8, 1, 13);
INSERT INTO [TABLE] (ID_Table, NumberOfSeats, StatusTable, ID_Branch) VALUES (278, 2, 1, 13);
INSERT INTO [TABLE] (ID_Table, NumberOfSeats, StatusTable, ID_Branch) VALUES (279, 6, 0, 13);
INSERT INTO [TABLE] (ID_Table, NumberOfSeats, StatusTable, ID_Branch) VALUES (280, 6, 1, 13);
INSERT INTO [TABLE] (ID_Table, NumberOfSeats, StatusTable, ID_Branch) VALUES (281, 4, 1, 13);
INSERT INTO [TABLE] (ID_Table, NumberOfSeats, StatusTable, ID_Branch) VALUES (282, 6, 0, 13);
INSERT INTO [TABLE] (ID_Table, NumberOfSeats, StatusTable, ID_Branch) VALUES (283, 2, 0, 13);
INSERT INTO [TABLE] (ID_Table, NumberOfSeats, StatusTable, ID_Branch) VALUES (284, 4, 0, 13);
INSERT INTO [TABLE] (ID_Table, NumberOfSeats, StatusTable, ID_Branch) VALUES (285, 6, 1, 13);
INSERT INTO [TABLE] (ID_Table, NumberOfSeats, StatusTable, ID_Branch) VALUES (286, 2, 0, 13);
INSERT INTO [TABLE] (ID_Table, NumberOfSeats, StatusTable, ID_Branch) VALUES (287, 2, 0, 13);
INSERT INTO [TABLE] (ID_Table, NumberOfSeats, StatusTable, ID_Branch) VALUES (288, 6, 0, 13);
INSERT INTO [TABLE] (ID_Table, NumberOfSeats, StatusTable, ID_Branch) VALUES (289, 4, 0, 13);
INSERT INTO [TABLE] (ID_Table, NumberOfSeats, StatusTable, ID_Branch) VALUES (290, 4, 1, 13);
INSERT INTO [TABLE] (ID_Table, NumberOfSeats, StatusTable, ID_Branch) VALUES (291, 4, 1, 13);
INSERT INTO [TABLE] (ID_Table, NumberOfSeats, StatusTable, ID_Branch) VALUES (292, 6, 1, 13);
INSERT INTO [TABLE] (ID_Table, NumberOfSeats, StatusTable, ID_Branch) VALUES (293, 6, 1, 13);
INSERT INTO [TABLE] (ID_Table, NumberOfSeats, StatusTable, ID_Branch) VALUES (294, 6, 1, 13);
INSERT INTO [TABLE] (ID_Table, NumberOfSeats, StatusTable, ID_Branch) VALUES (295, 4, 0, 13);
INSERT INTO [TABLE] (ID_Table, NumberOfSeats, StatusTable, ID_Branch) VALUES (296, 2, 1, 13);
INSERT INTO [TABLE] (ID_Table, NumberOfSeats, StatusTable, ID_Branch) VALUES (297, 6, 1, 13);
INSERT INTO [TABLE] (ID_Table, NumberOfSeats, StatusTable, ID_Branch) VALUES (298, 8, 0, 13);
INSERT INTO [TABLE] (ID_Table, NumberOfSeats, StatusTable, ID_Branch) VALUES (299, 8, 0, 13);
INSERT INTO [TABLE] (ID_Table, NumberOfSeats, StatusTable, ID_Branch) VALUES (300, 2, 0, 13);
INSERT INTO [TABLE] (ID_Table, NumberOfSeats, StatusTable, ID_Branch) VALUES (301, 2, 0, 13);
INSERT INTO [TABLE] (ID_Table, NumberOfSeats, StatusTable, ID_Branch) VALUES (302, 4, 1, 13);
INSERT INTO [TABLE] (ID_Table, NumberOfSeats, StatusTable, ID_Branch) VALUES (303, 4, 1, 14);
INSERT INTO [TABLE] (ID_Table, NumberOfSeats, StatusTable, ID_Branch) VALUES (304, 2, 0, 14);
INSERT INTO [TABLE] (ID_Table, NumberOfSeats, StatusTable, ID_Branch) VALUES (305, 4, 0, 14);
INSERT INTO [TABLE] (ID_Table, NumberOfSeats, StatusTable, ID_Branch) VALUES (306, 8, 0, 14);
INSERT INTO [TABLE] (ID_Table, NumberOfSeats, StatusTable, ID_Branch) VALUES (307, 8, 0, 14);
INSERT INTO [TABLE] (ID_Table, NumberOfSeats, StatusTable, ID_Branch) VALUES (308, 6, 1, 14);
INSERT INTO [TABLE] (ID_Table, NumberOfSeats, StatusTable, ID_Branch) VALUES (309, 6, 1, 14);
INSERT INTO [TABLE] (ID_Table, NumberOfSeats, StatusTable, ID_Branch) VALUES (310, 8, 1, 14);
INSERT INTO [TABLE] (ID_Table, NumberOfSeats, StatusTable, ID_Branch) VALUES (311, 6, 1, 14);
INSERT INTO [TABLE] (ID_Table, NumberOfSeats, StatusTable, ID_Branch) VALUES (312, 8, 0, 14);
INSERT INTO [TABLE] (ID_Table, NumberOfSeats, StatusTable, ID_Branch) VALUES (313, 6, 1, 14);
INSERT INTO [TABLE] (ID_Table, NumberOfSeats, StatusTable, ID_Branch) VALUES (314, 6, 1, 14);
INSERT INTO [TABLE] (ID_Table, NumberOfSeats, StatusTable, ID_Branch) VALUES (315, 8, 0, 14);
INSERT INTO [TABLE] (ID_Table, NumberOfSeats, StatusTable, ID_Branch) VALUES (316, 6, 1, 14);
INSERT INTO [TABLE] (ID_Table, NumberOfSeats, StatusTable, ID_Branch) VALUES (317, 2, 1, 14);
INSERT INTO [TABLE] (ID_Table, NumberOfSeats, StatusTable, ID_Branch) VALUES (318, 2, 0, 14);
INSERT INTO [TABLE] (ID_Table, NumberOfSeats, StatusTable, ID_Branch) VALUES (319, 8, 0, 14);
INSERT INTO [TABLE] (ID_Table, NumberOfSeats, StatusTable, ID_Branch) VALUES (320, 4, 0, 14);
INSERT INTO [TABLE] (ID_Table, NumberOfSeats, StatusTable, ID_Branch) VALUES (321, 2, 0, 14);
INSERT INTO [TABLE] (ID_Table, NumberOfSeats, StatusTable, ID_Branch) VALUES (322, 6, 1, 14);
INSERT INTO [TABLE] (ID_Table, NumberOfSeats, StatusTable, ID_Branch) VALUES (323, 4, 1, 14);
INSERT INTO [TABLE] (ID_Table, NumberOfSeats, StatusTable, ID_Branch) VALUES (324, 8, 1, 14);
INSERT INTO [TABLE] (ID_Table, NumberOfSeats, StatusTable, ID_Branch) VALUES (325, 6, 1, 14);
INSERT INTO [TABLE] (ID_Table, NumberOfSeats, StatusTable, ID_Branch) VALUES (326, 4, 1, 14);
INSERT INTO [TABLE] (ID_Table, NumberOfSeats, StatusTable, ID_Branch) VALUES (327, 2, 0, 14);
INSERT INTO [TABLE] (ID_Table, NumberOfSeats, StatusTable, ID_Branch) VALUES (328, 6, 1, 14);
INSERT INTO [TABLE] (ID_Table, NumberOfSeats, StatusTable, ID_Branch) VALUES (329, 6, 0, 14);
INSERT INTO [TABLE] (ID_Table, NumberOfSeats, StatusTable, ID_Branch) VALUES (330, 4, 0, 14);
INSERT INTO [TABLE] (ID_Table, NumberOfSeats, StatusTable, ID_Branch) VALUES (331, 4, 1, 15);
INSERT INTO [TABLE] (ID_Table, NumberOfSeats, StatusTable, ID_Branch) VALUES (332, 4, 1, 15);
INSERT INTO [TABLE] (ID_Table, NumberOfSeats, StatusTable, ID_Branch) VALUES (333, 6, 1, 15);
INSERT INTO [TABLE] (ID_Table, NumberOfSeats, StatusTable, ID_Branch) VALUES (334, 8, 0, 15);
INSERT INTO [TABLE] (ID_Table, NumberOfSeats, StatusTable, ID_Branch) VALUES (335, 8, 1, 15);
INSERT INTO [TABLE] (ID_Table, NumberOfSeats, StatusTable, ID_Branch) VALUES (336, 6, 1, 15);
INSERT INTO [TABLE] (ID_Table, NumberOfSeats, StatusTable, ID_Branch) VALUES (337, 6, 1, 15);
INSERT INTO [TABLE] (ID_Table, NumberOfSeats, StatusTable, ID_Branch) VALUES (338, 4, 0, 15);
INSERT INTO [TABLE] (ID_Table, NumberOfSeats, StatusTable, ID_Branch) VALUES (339, 2, 1, 15);
INSERT INTO [TABLE] (ID_Table, NumberOfSeats, StatusTable, ID_Branch) VALUES (340, 8, 1, 15);
INSERT INTO [TABLE] (ID_Table, NumberOfSeats, StatusTable, ID_Branch) VALUES (341, 4, 0, 15);
INSERT INTO [TABLE] (ID_Table, NumberOfSeats, StatusTable, ID_Branch) VALUES (342, 4, 1, 15);
INSERT INTO [TABLE] (ID_Table, NumberOfSeats, StatusTable, ID_Branch) VALUES (343, 8, 0, 15);
INSERT INTO [TABLE] (ID_Table, NumberOfSeats, StatusTable, ID_Branch) VALUES (344, 8, 1, 15);
INSERT INTO [TABLE] (ID_Table, NumberOfSeats, StatusTable, ID_Branch) VALUES (345, 8, 0, 15);
INSERT INTO [TABLE] (ID_Table, NumberOfSeats, StatusTable, ID_Branch) VALUES (346, 2, 1, 15);
INSERT INTO [TABLE] (ID_Table, NumberOfSeats, StatusTable, ID_Branch) VALUES (347, 6, 0, 15);
INSERT INTO [TABLE] (ID_Table, NumberOfSeats, StatusTable, ID_Branch) VALUES (348, 2, 1, 15);
INSERT INTO [TABLE] (ID_Table, NumberOfSeats, StatusTable, ID_Branch) VALUES (349, 2, 1, 15);
INSERT INTO [TABLE] (ID_Table, NumberOfSeats, StatusTable, ID_Branch) VALUES (350, 8, 1, 15);
INSERT INTO [TABLE] (ID_Table, NumberOfSeats, StatusTable, ID_Branch) VALUES (351, 6, 1, 15);
INSERT INTO [TABLE] (ID_Table, NumberOfSeats, StatusTable, ID_Branch) VALUES (352, 6, 0, 15);
INSERT INTO [TABLE] (ID_Table, NumberOfSeats, StatusTable, ID_Branch) VALUES (353, 2, 0, 15);
INSERT INTO [TABLE] (ID_Table, NumberOfSeats, StatusTable, ID_Branch) VALUES (354, 6, 0, 15);
INSERT INTO [TABLE] (ID_Table, NumberOfSeats, StatusTable, ID_Branch) VALUES (355, 2, 0, 15);
INSERT INTO [TABLE] (ID_Table, NumberOfSeats, StatusTable, ID_Branch) VALUES (356, 2, 1, 15);
INSERT INTO MEM_LEVEL (ID_Level, LevelName, DiscountPercentages) VALUES (1, 'Bronze', 20);
INSERT INTO MEM_LEVEL (ID_Level, LevelName, DiscountPercentages) VALUES (2, 'Silver', 19);
INSERT INTO MEM_LEVEL (ID_Level, LevelName, DiscountPercentages) VALUES (3, 'Gold', 8);
INSERT INTO MEMBERSHIP (ID_Card, [Status], DateCreated, Point, ID_Level) VALUES (1, 1, '2024-01-23', 0, 1);
INSERT INTO MEMBERSHIP (ID_Card, [Status], DateCreated, Point, ID_Level) VALUES (2, 1, '2024-11-10', 0, 1);
INSERT INTO MEMBERSHIP (ID_Card, [Status], DateCreated, Point, ID_Level) VALUES (3, 1, '2024-11-07', 0, 1);
INSERT INTO MEMBERSHIP (ID_Card, [Status], DateCreated, Point, ID_Level) VALUES (4, 1, '2024-04-03', 0, 1);
INSERT INTO MEMBERSHIP (ID_Card, [Status], DateCreated, Point, ID_Level) VALUES (5, 1, '2024-04-09', 0, 1);
INSERT INTO MEMBERSHIP (ID_Card, [Status], DateCreated, Point, ID_Level) VALUES (6, 1, '2024-11-28', 0, 1);
INSERT INTO MEMBERSHIP (ID_Card, [Status], DateCreated, Point, ID_Level) VALUES (7, 1, '2024-11-10', 0, 1);
INSERT INTO MEMBERSHIP (ID_Card, [Status], DateCreated, Point, ID_Level) VALUES (8, 1, '2024-06-04', 0, 1);
INSERT INTO MEMBERSHIP (ID_Card, [Status], DateCreated, Point, ID_Level) VALUES (9, 1, '2024-05-07', 0, 1);
INSERT INTO MEMBERSHIP (ID_Card, [Status], DateCreated, Point, ID_Level) VALUES (10, 1, '2024-08-19', 0, 1);
INSERT INTO MEMBERSHIP (ID_Card, [Status], DateCreated, Point, ID_Level) VALUES (11, 1, '2024-01-04', 0, 1);
INSERT INTO MEMBERSHIP (ID_Card, [Status], DateCreated, Point, ID_Level) VALUES (12, 1, '2024-03-29', 0, 1);
INSERT INTO MEMBERSHIP (ID_Card, [Status], DateCreated, Point, ID_Level) VALUES (13, 1, '2024-05-18', 0, 1);
INSERT INTO MEMBERSHIP (ID_Card, [Status], DateCreated, Point, ID_Level) VALUES (14, 1, '2024-07-22', 0, 1);
INSERT INTO MEMBERSHIP (ID_Card, [Status], DateCreated, Point, ID_Level) VALUES (15, 1, '2024-10-21', 0, 1);
INSERT INTO MEMBERSHIP (ID_Card, [Status], DateCreated, Point, ID_Level) VALUES (16, 1, '2024-10-20', 0, 1);
INSERT INTO MEMBERSHIP (ID_Card, [Status], DateCreated, Point, ID_Level) VALUES (17, 1, '2024-04-03', 0, 1);
INSERT INTO MEMBERSHIP (ID_Card, [Status], DateCreated, Point, ID_Level) VALUES (18, 1, '2024-02-22', 0, 1);
INSERT INTO MEMBERSHIP (ID_Card, [Status], DateCreated, Point, ID_Level) VALUES (19, 1, '2024-04-28', 0, 1);
INSERT INTO MEMBERSHIP (ID_Card, [Status], DateCreated, Point, ID_Level) VALUES (20, 1, '2024-09-26', 0, 1);
INSERT INTO MEMBERSHIP (ID_Card, [Status], DateCreated, Point, ID_Level) VALUES (21, 1, '2024-07-14', 0, 1);
INSERT INTO MEMBERSHIP (ID_Card, [Status], DateCreated, Point, ID_Level) VALUES (22, 1, '2024-07-12', 0, 1);
INSERT INTO MEMBERSHIP (ID_Card, [Status], DateCreated, Point, ID_Level) VALUES (23, 1, '2024-06-29', 0, 1);
INSERT INTO MEMBERSHIP (ID_Card, [Status], DateCreated, Point, ID_Level) VALUES (24, 1, '2024-09-02', 0, 1);
INSERT INTO MEMBERSHIP (ID_Card, [Status], DateCreated, Point, ID_Level) VALUES (25, 1, '2024-02-05', 0, 1);
INSERT INTO MEMBERSHIP (ID_Card, [Status], DateCreated, Point, ID_Level) VALUES (26, 1, '2024-02-21', 0, 1);
INSERT INTO MEMBERSHIP (ID_Card, [Status], DateCreated, Point, ID_Level) VALUES (27, 1, '2024-06-19', 0, 1);
INSERT INTO MEMBERSHIP (ID_Card, [Status], DateCreated, Point, ID_Level) VALUES (28, 1, '2024-12-13', 0, 1);
INSERT INTO MEMBERSHIP (ID_Card, [Status], DateCreated, Point, ID_Level) VALUES (29, 1, '2024-10-10', 0, 1);
INSERT INTO MEMBERSHIP (ID_Card, [Status], DateCreated, Point, ID_Level) VALUES (30, 1, '2024-02-26', 0, 1);
INSERT INTO MEMBERSHIP (ID_Card, [Status], DateCreated, Point, ID_Level) VALUES (31, 1, '2024-08-05', 0, 1);
INSERT INTO MEMBERSHIP (ID_Card, [Status], DateCreated, Point, ID_Level) VALUES (32, 1, '2024-10-01', 0, 1);
INSERT INTO MEMBERSHIP (ID_Card, [Status], DateCreated, Point, ID_Level) VALUES (33, 1, '2024-01-15', 0, 1);
INSERT INTO MEMBERSHIP (ID_Card, [Status], DateCreated, Point, ID_Level) VALUES (34, 1, '2024-06-22', 0, 1);
INSERT INTO MEMBERSHIP (ID_Card, [Status], DateCreated, Point, ID_Level) VALUES (35, 1, '2024-01-28', 0, 1);
INSERT INTO MEMBERSHIP (ID_Card, [Status], DateCreated, Point, ID_Level) VALUES (36, 1, '2024-01-16', 0, 1);
INSERT INTO MEMBERSHIP (ID_Card, [Status], DateCreated, Point, ID_Level) VALUES (37, 1, '2024-03-01', 0, 1);
INSERT INTO MEMBERSHIP (ID_Card, [Status], DateCreated, Point, ID_Level) VALUES (38, 1, '2024-08-18', 0, 1);
INSERT INTO MEMBERSHIP (ID_Card, [Status], DateCreated, Point, ID_Level) VALUES (39, 1, '2024-01-23', 0, 1);
INSERT INTO MEMBERSHIP (ID_Card, [Status], DateCreated, Point, ID_Level) VALUES (40, 1, '2024-01-06', 0, 1);
INSERT INTO MEMBERSHIP (ID_Card, [Status], DateCreated, Point, ID_Level) VALUES (41, 1, '2024-07-31', 0, 1);
INSERT INTO MEMBERSHIP (ID_Card, [Status], DateCreated, Point, ID_Level) VALUES (42, 1, '2024-12-18', 0, 1);
INSERT INTO MEMBERSHIP (ID_Card, [Status], DateCreated, Point, ID_Level) VALUES (43, 1, '2024-07-08', 0, 1);
INSERT INTO MEMBERSHIP (ID_Card, [Status], DateCreated, Point, ID_Level) VALUES (44, 1, '2024-05-24', 0, 1);
INSERT INTO MEMBERSHIP (ID_Card, [Status], DateCreated, Point, ID_Level) VALUES (45, 1, '2024-05-28', 0, 1);
INSERT INTO MEMBERSHIP (ID_Card, [Status], DateCreated, Point, ID_Level) VALUES (46, 1, '2024-08-25', 0, 1);
INSERT INTO MEMBERSHIP (ID_Card, [Status], DateCreated, Point, ID_Level) VALUES (47, 1, '2024-11-19', 0, 1);
INSERT INTO MEMBERSHIP (ID_Card, [Status], DateCreated, Point, ID_Level) VALUES (48, 1, '2024-01-03', 0, 1);
INSERT INTO MEMBERSHIP (ID_Card, [Status], DateCreated, Point, ID_Level) VALUES (49, 1, '2024-09-14', 0, 1);
INSERT INTO MEMBERSHIP (ID_Card, [Status], DateCreated, Point, ID_Level) VALUES (50, 1, '2024-07-17', 0, 1);
INSERT INTO MEMBERSHIP (ID_Card, [Status], DateCreated, Point, ID_Level) VALUES (51, 1, '2024-07-11', 0, 1);
INSERT INTO MEMBERSHIP (ID_Card, [Status], DateCreated, Point, ID_Level) VALUES (52, 1, '2024-04-14', 0, 1);
INSERT INTO MEMBERSHIP (ID_Card, [Status], DateCreated, Point, ID_Level) VALUES (53, 1, '2024-03-03', 0, 1);
INSERT INTO MEMBERSHIP (ID_Card, [Status], DateCreated, Point, ID_Level) VALUES (54, 1, '2024-06-09', 0, 1);
INSERT INTO MEMBERSHIP (ID_Card, [Status], DateCreated, Point, ID_Level) VALUES (55, 1, '2024-04-14', 0, 1);
INSERT INTO MEMBERSHIP (ID_Card, [Status], DateCreated, Point, ID_Level) VALUES (56, 1, '2024-11-24', 0, 1);
INSERT INTO MEMBERSHIP (ID_Card, [Status], DateCreated, Point, ID_Level) VALUES (57, 1, '2024-12-13', 0, 1);
INSERT INTO MEMBERSHIP (ID_Card, [Status], DateCreated, Point, ID_Level) VALUES (58, 1, '2024-12-07', 0, 1);
INSERT INTO MEMBERSHIP (ID_Card, [Status], DateCreated, Point, ID_Level) VALUES (59, 1, '2024-07-04', 0, 1);
INSERT INTO MEMBERSHIP (ID_Card, [Status], DateCreated, Point, ID_Level) VALUES (60, 1, '2024-08-07', 0, 1);
INSERT INTO MEMBERSHIP (ID_Card, [Status], DateCreated, Point, ID_Level) VALUES (61, 1, '2024-12-17', 0, 1);
INSERT INTO MEMBERSHIP (ID_Card, [Status], DateCreated, Point, ID_Level) VALUES (62, 1, '2024-10-20', 0, 1);
INSERT INTO MEMBERSHIP (ID_Card, [Status], DateCreated, Point, ID_Level) VALUES (63, 1, '2024-09-26', 0, 1);
INSERT INTO MEMBERSHIP (ID_Card, [Status], DateCreated, Point, ID_Level) VALUES (64, 1, '2024-12-01', 0, 1);
INSERT INTO MEMBERSHIP (ID_Card, [Status], DateCreated, Point, ID_Level) VALUES (65, 1, '2024-11-20', 0, 1);
INSERT INTO MEMBERSHIP (ID_Card, [Status], DateCreated, Point, ID_Level) VALUES (66, 1, '2024-06-01', 0, 1);
INSERT INTO MEMBERSHIP (ID_Card, [Status], DateCreated, Point, ID_Level) VALUES (67, 1, '2024-04-24', 0, 1);
INSERT INTO MEMBERSHIP (ID_Card, [Status], DateCreated, Point, ID_Level) VALUES (68, 1, '2024-11-24', 0, 1);
INSERT INTO MEMBERSHIP (ID_Card, [Status], DateCreated, Point, ID_Level) VALUES (69, 1, '2024-08-04', 0, 1);
INSERT INTO MEMBERSHIP (ID_Card, [Status], DateCreated, Point, ID_Level) VALUES (70, 1, '2024-12-04', 0, 1);
INSERT INTO MEMBERSHIP (ID_Card, [Status], DateCreated, Point, ID_Level) VALUES (71, 1, '2024-03-04', 0, 1);
INSERT INTO MEMBERSHIP (ID_Card, [Status], DateCreated, Point, ID_Level) VALUES (72, 1, '2024-03-30', 0, 1);
INSERT INTO MEMBERSHIP (ID_Card, [Status], DateCreated, Point, ID_Level) VALUES (73, 1, '2024-03-05', 0, 1);
INSERT INTO MEMBERSHIP (ID_Card, [Status], DateCreated, Point, ID_Level) VALUES (74, 1, '2024-11-15', 0, 1);
INSERT INTO MEMBERSHIP (ID_Card, [Status], DateCreated, Point, ID_Level) VALUES (75, 1, '2024-03-19', 0, 1);
INSERT INTO MEMBERSHIP (ID_Card, [Status], DateCreated, Point, ID_Level) VALUES (76, 1, '2024-05-24', 0, 1);
INSERT INTO MEMBERSHIP (ID_Card, [Status], DateCreated, Point, ID_Level) VALUES (77, 1, '2024-11-29', 0, 1);
INSERT INTO MEMBERSHIP (ID_Card, [Status], DateCreated, Point, ID_Level) VALUES (78, 1, '2024-10-18', 0, 1);
INSERT INTO MEMBERSHIP (ID_Card, [Status], DateCreated, Point, ID_Level) VALUES (79, 1, '2024-05-18', 0, 1);
INSERT INTO MEMBERSHIP (ID_Card, [Status], DateCreated, Point, ID_Level) VALUES (80, 1, '2024-11-20', 0, 1);
INSERT INTO MEMBERSHIP (ID_Card, [Status], DateCreated, Point, ID_Level) VALUES (81, 1, '2024-05-28', 0, 1);
INSERT INTO MEMBERSHIP (ID_Card, [Status], DateCreated, Point, ID_Level) VALUES (82, 1, '2024-05-03', 0, 1);
INSERT INTO MEMBERSHIP (ID_Card, [Status], DateCreated, Point, ID_Level) VALUES (83, 1, '2024-06-18', 0, 1);
INSERT INTO MEMBERSHIP (ID_Card, [Status], DateCreated, Point, ID_Level) VALUES (84, 1, '2024-07-13', 0, 1);
INSERT INTO MEMBERSHIP (ID_Card, [Status], DateCreated, Point, ID_Level) VALUES (85, 1, '2024-04-26', 0, 1);
INSERT INTO MEMBERSHIP (ID_Card, [Status], DateCreated, Point, ID_Level) VALUES (86, 1, '2024-06-30', 0, 1);
INSERT INTO MEMBERSHIP (ID_Card, [Status], DateCreated, Point, ID_Level) VALUES (87, 1, '2024-11-28', 0, 1);
INSERT INTO MEMBERSHIP (ID_Card, [Status], DateCreated, Point, ID_Level) VALUES (88, 1, '2024-02-10', 0, 1);
INSERT INTO MEMBERSHIP (ID_Card, [Status], DateCreated, Point, ID_Level) VALUES (89, 1, '2024-01-11', 0, 1);
INSERT INTO MEMBERSHIP (ID_Card, [Status], DateCreated, Point, ID_Level) VALUES (90, 1, '2024-10-07', 0, 1);
INSERT INTO MEMBERSHIP (ID_Card, [Status], DateCreated, Point, ID_Level) VALUES (91, 1, '2024-10-30', 0, 1);
INSERT INTO MEMBERSHIP (ID_Card, [Status], DateCreated, Point, ID_Level) VALUES (92, 1, '2024-03-10', 0, 1);
INSERT INTO MEMBERSHIP (ID_Card, [Status], DateCreated, Point, ID_Level) VALUES (93, 1, '2024-08-22', 0, 1);
INSERT INTO MEMBERSHIP (ID_Card, [Status], DateCreated, Point, ID_Level) VALUES (94, 1, '2024-02-20', 0, 1);
INSERT INTO MEMBERSHIP (ID_Card, [Status], DateCreated, Point, ID_Level) VALUES (95, 1, '2024-05-06', 0, 1);
INSERT INTO MEMBERSHIP (ID_Card, [Status], DateCreated, Point, ID_Level) VALUES (96, 1, '2024-01-13', 0, 1);
INSERT INTO MEMBERSHIP (ID_Card, [Status], DateCreated, Point, ID_Level) VALUES (97, 1, '2024-05-22', 0, 1);
INSERT INTO MEMBERSHIP (ID_Card, [Status], DateCreated, Point, ID_Level) VALUES (98, 1, '2024-05-22', 0, 1);
INSERT INTO MEMBERSHIP (ID_Card, [Status], DateCreated, Point, ID_Level) VALUES (99, 1, '2024-04-13', 0, 1);
INSERT INTO MEMBERSHIP (ID_Card, [Status], DateCreated, Point, ID_Level) VALUES (100, 1, '2024-03-13', 0, 1);
INSERT INTO MEMBERSHIP (ID_Card, [Status], DateCreated, Point, ID_Level) VALUES (101, 1, '2024-09-17', 0, 1);
INSERT INTO MEMBERSHIP (ID_Card, [Status], DateCreated, Point, ID_Level) VALUES (102, 1, '2024-07-28', 0, 1);
INSERT INTO MEMBERSHIP (ID_Card, [Status], DateCreated, Point, ID_Level) VALUES (103, 1, '2024-07-17', 0, 1);
INSERT INTO MEMBERSHIP (ID_Card, [Status], DateCreated, Point, ID_Level) VALUES (104, 1, '2024-11-20', 0, 1);
INSERT INTO MEMBERSHIP (ID_Card, [Status], DateCreated, Point, ID_Level) VALUES (105, 1, '2024-09-26', 0, 1);
INSERT INTO MEMBERSHIP (ID_Card, [Status], DateCreated, Point, ID_Level) VALUES (106, 1, '2024-03-15', 0, 1);
INSERT INTO MEMBERSHIP (ID_Card, [Status], DateCreated, Point, ID_Level) VALUES (107, 1, '2024-09-26', 0, 1);
INSERT INTO MEMBERSHIP (ID_Card, [Status], DateCreated, Point, ID_Level) VALUES (108, 1, '2024-01-28', 0, 1);
INSERT INTO MEMBERSHIP (ID_Card, [Status], DateCreated, Point, ID_Level) VALUES (109, 1, '2024-03-30', 0, 1);
INSERT INTO MEMBERSHIP (ID_Card, [Status], DateCreated, Point, ID_Level) VALUES (110, 1, '2024-02-04', 0, 1);
INSERT INTO MEMBERSHIP (ID_Card, [Status], DateCreated, Point, ID_Level) VALUES (111, 1, '2024-01-27', 0, 1);
INSERT INTO MEMBERSHIP (ID_Card, [Status], DateCreated, Point, ID_Level) VALUES (112, 1, '2024-08-27', 0, 1);
INSERT INTO MEMBERSHIP (ID_Card, [Status], DateCreated, Point, ID_Level) VALUES (113, 1, '2024-04-09', 0, 1);
INSERT INTO MEMBERSHIP (ID_Card, [Status], DateCreated, Point, ID_Level) VALUES (114, 1, '2024-08-10', 0, 1);
INSERT INTO MEMBERSHIP (ID_Card, [Status], DateCreated, Point, ID_Level) VALUES (115, 1, '2024-11-04', 0, 1);
INSERT INTO MEMBERSHIP (ID_Card, [Status], DateCreated, Point, ID_Level) VALUES (116, 1, '2024-09-16', 0, 1);
INSERT INTO MEMBERSHIP (ID_Card, [Status], DateCreated, Point, ID_Level) VALUES (117, 1, '2024-07-02', 0, 1);
INSERT INTO MEMBERSHIP (ID_Card, [Status], DateCreated, Point, ID_Level) VALUES (118, 1, '2024-09-07', 0, 1);
INSERT INTO MEMBERSHIP (ID_Card, [Status], DateCreated, Point, ID_Level) VALUES (119, 1, '2024-08-07', 0, 1);
INSERT INTO MEMBERSHIP (ID_Card, [Status], DateCreated, Point, ID_Level) VALUES (120, 1, '2024-04-26', 0, 1);
INSERT INTO MEMBERSHIP (ID_Card, [Status], DateCreated, Point, ID_Level) VALUES (121, 1, '2024-10-25', 0, 1);
INSERT INTO MEMBERSHIP (ID_Card, [Status], DateCreated, Point, ID_Level) VALUES (122, 1, '2024-01-07', 0, 1);
INSERT INTO MEMBERSHIP (ID_Card, [Status], DateCreated, Point, ID_Level) VALUES (123, 1, '2024-09-24', 0, 1);
INSERT INTO MEMBERSHIP (ID_Card, [Status], DateCreated, Point, ID_Level) VALUES (124, 1, '2024-07-09', 0, 1);
INSERT INTO MEMBERSHIP (ID_Card, [Status], DateCreated, Point, ID_Level) VALUES (125, 1, '2024-07-11', 0, 1);
INSERT INTO MEMBERSHIP (ID_Card, [Status], DateCreated, Point, ID_Level) VALUES (126, 1, '2024-01-30', 0, 1);
INSERT INTO MEMBERSHIP (ID_Card, [Status], DateCreated, Point, ID_Level) VALUES (127, 1, '2024-11-24', 0, 1);
INSERT INTO MEMBERSHIP (ID_Card, [Status], DateCreated, Point, ID_Level) VALUES (128, 1, '2024-09-21', 0, 1);
INSERT INTO MEMBERSHIP (ID_Card, [Status], DateCreated, Point, ID_Level) VALUES (129, 1, '2024-08-05', 0, 1);
INSERT INTO MEMBERSHIP (ID_Card, [Status], DateCreated, Point, ID_Level) VALUES (130, 1, '2024-03-12', 0, 1);
INSERT INTO MEMBERSHIP (ID_Card, [Status], DateCreated, Point, ID_Level) VALUES (131, 1, '2024-10-12', 0, 1);
INSERT INTO MEMBERSHIP (ID_Card, [Status], DateCreated, Point, ID_Level) VALUES (132, 1, '2024-11-08', 0, 1);
INSERT INTO MEMBERSHIP (ID_Card, [Status], DateCreated, Point, ID_Level) VALUES (133, 1, '2024-11-29', 0, 1);
INSERT INTO MEMBERSHIP (ID_Card, [Status], DateCreated, Point, ID_Level) VALUES (134, 1, '2024-04-27', 0, 1);
INSERT INTO MEMBERSHIP (ID_Card, [Status], DateCreated, Point, ID_Level) VALUES (135, 1, '2024-08-25', 0, 1);
INSERT INTO MEMBERSHIP (ID_Card, [Status], DateCreated, Point, ID_Level) VALUES (136, 1, '2024-12-02', 0, 1);
INSERT INTO MEMBERSHIP (ID_Card, [Status], DateCreated, Point, ID_Level) VALUES (137, 1, '2024-02-05', 0, 1);
INSERT INTO MEMBERSHIP (ID_Card, [Status], DateCreated, Point, ID_Level) VALUES (138, 1, '2024-09-27', 0, 1);
INSERT INTO MEMBERSHIP (ID_Card, [Status], DateCreated, Point, ID_Level) VALUES (139, 1, '2024-08-05', 0, 1);
INSERT INTO MEMBERSHIP (ID_Card, [Status], DateCreated, Point, ID_Level) VALUES (140, 1, '2024-01-15', 0, 1);
INSERT INTO MEMBERSHIP (ID_Card, [Status], DateCreated, Point, ID_Level) VALUES (141, 1, '2024-04-04', 0, 1);
INSERT INTO MEMBERSHIP (ID_Card, [Status], DateCreated, Point, ID_Level) VALUES (142, 1, '2024-09-12', 0, 1);
INSERT INTO MEMBERSHIP (ID_Card, [Status], DateCreated, Point, ID_Level) VALUES (143, 1, '2024-06-15', 0, 1);
INSERT INTO MEMBERSHIP (ID_Card, [Status], DateCreated, Point, ID_Level) VALUES (144, 1, '2024-04-17', 0, 1);
INSERT INTO MEMBERSHIP (ID_Card, [Status], DateCreated, Point, ID_Level) VALUES (145, 1, '2024-04-01', 0, 1);
INSERT INTO MEMBERSHIP (ID_Card, [Status], DateCreated, Point, ID_Level) VALUES (146, 1, '2024-03-19', 0, 1);
INSERT INTO MEMBERSHIP (ID_Card, [Status], DateCreated, Point, ID_Level) VALUES (147, 1, '2024-03-05', 0, 1);
INSERT INTO MEMBERSHIP (ID_Card, [Status], DateCreated, Point, ID_Level) VALUES (148, 1, '2024-05-02', 0, 1);
INSERT INTO MEMBERSHIP (ID_Card, [Status], DateCreated, Point, ID_Level) VALUES (149, 1, '2024-03-08', 0, 1);
INSERT INTO MEMBERSHIP (ID_Card, [Status], DateCreated, Point, ID_Level) VALUES (150, 1, '2024-01-06', 0, 1);
INSERT INTO MEMBERSHIP (ID_Card, [Status], DateCreated, Point, ID_Level) VALUES (151, 1, '2024-06-01', 0, 1);
INSERT INTO MEMBERSHIP (ID_Card, [Status], DateCreated, Point, ID_Level) VALUES (152, 1, '2024-04-09', 0, 1);
INSERT INTO MEMBERSHIP (ID_Card, [Status], DateCreated, Point, ID_Level) VALUES (153, 1, '2024-07-02', 0, 1);
INSERT INTO MEMBERSHIP (ID_Card, [Status], DateCreated, Point, ID_Level) VALUES (154, 1, '2024-03-19', 0, 1);
INSERT INTO MEMBERSHIP (ID_Card, [Status], DateCreated, Point, ID_Level) VALUES (155, 1, '2024-07-03', 0, 1);
INSERT INTO MEMBERSHIP (ID_Card, [Status], DateCreated, Point, ID_Level) VALUES (156, 1, '2024-12-12', 0, 1);
INSERT INTO MEMBERSHIP (ID_Card, [Status], DateCreated, Point, ID_Level) VALUES (157, 1, '2024-04-27', 0, 1);
INSERT INTO MEMBERSHIP (ID_Card, [Status], DateCreated, Point, ID_Level) VALUES (158, 1, '2024-08-12', 0, 1);
INSERT INTO MEMBERSHIP (ID_Card, [Status], DateCreated, Point, ID_Level) VALUES (159, 1, '2024-07-13', 0, 1);
INSERT INTO MEMBERSHIP (ID_Card, [Status], DateCreated, Point, ID_Level) VALUES (160, 1, '2024-05-17', 0, 1);
INSERT INTO MEMBERSHIP (ID_Card, [Status], DateCreated, Point, ID_Level) VALUES (161, 1, '2024-07-31', 0, 1);
INSERT INTO MEMBERSHIP (ID_Card, [Status], DateCreated, Point, ID_Level) VALUES (162, 1, '2024-08-18', 0, 1);
INSERT INTO MEMBERSHIP (ID_Card, [Status], DateCreated, Point, ID_Level) VALUES (163, 1, '2024-03-19', 0, 1);
INSERT INTO MEMBERSHIP (ID_Card, [Status], DateCreated, Point, ID_Level) VALUES (164, 1, '2024-11-15', 0, 1);
INSERT INTO MEMBERSHIP (ID_Card, [Status], DateCreated, Point, ID_Level) VALUES (165, 1, '2024-09-15', 0, 1);
INSERT INTO MEMBERSHIP (ID_Card, [Status], DateCreated, Point, ID_Level) VALUES (166, 1, '2024-06-15', 0, 1);
INSERT INTO MEMBERSHIP (ID_Card, [Status], DateCreated, Point, ID_Level) VALUES (167, 1, '2024-01-25', 0, 1);
INSERT INTO MEMBERSHIP (ID_Card, [Status], DateCreated, Point, ID_Level) VALUES (168, 1, '2024-06-24', 0, 1);
INSERT INTO MEMBERSHIP (ID_Card, [Status], DateCreated, Point, ID_Level) VALUES (169, 1, '2024-10-23', 0, 1);
INSERT INTO MEMBERSHIP (ID_Card, [Status], DateCreated, Point, ID_Level) VALUES (170, 1, '2024-02-10', 0, 1);
INSERT INTO MEMBERSHIP (ID_Card, [Status], DateCreated, Point, ID_Level) VALUES (171, 1, '2024-10-29', 0, 1);
INSERT INTO MEMBERSHIP (ID_Card, [Status], DateCreated, Point, ID_Level) VALUES (172, 1, '2024-07-16', 0, 1);
INSERT INTO MEMBERSHIP (ID_Card, [Status], DateCreated, Point, ID_Level) VALUES (173, 1, '2024-10-08', 0, 1);
INSERT INTO MEMBERSHIP (ID_Card, [Status], DateCreated, Point, ID_Level) VALUES (174, 1, '2024-02-15', 0, 1);
INSERT INTO MEMBERSHIP (ID_Card, [Status], DateCreated, Point, ID_Level) VALUES (175, 1, '2024-03-09', 0, 1);
INSERT INTO MEMBERSHIP (ID_Card, [Status], DateCreated, Point, ID_Level) VALUES (176, 1, '2024-02-29', 0, 1);
INSERT INTO MEMBERSHIP (ID_Card, [Status], DateCreated, Point, ID_Level) VALUES (177, 1, '2024-03-15', 0, 1);
INSERT INTO MEMBERSHIP (ID_Card, [Status], DateCreated, Point, ID_Level) VALUES (178, 1, '2024-08-23', 0, 1);
INSERT INTO MEMBERSHIP (ID_Card, [Status], DateCreated, Point, ID_Level) VALUES (179, 1, '2024-02-04', 0, 1);
INSERT INTO MEMBERSHIP (ID_Card, [Status], DateCreated, Point, ID_Level) VALUES (180, 1, '2024-04-09', 0, 1);
INSERT INTO MEMBERSHIP (ID_Card, [Status], DateCreated, Point, ID_Level) VALUES (181, 1, '2024-06-12', 0, 1);
INSERT INTO MEMBERSHIP (ID_Card, [Status], DateCreated, Point, ID_Level) VALUES (182, 1, '2024-02-28', 0, 1);
INSERT INTO MEMBERSHIP (ID_Card, [Status], DateCreated, Point, ID_Level) VALUES (183, 1, '2024-02-25', 0, 1);
INSERT INTO MEMBERSHIP (ID_Card, [Status], DateCreated, Point, ID_Level) VALUES (184, 1, '2024-09-10', 0, 1);
INSERT INTO MEMBERSHIP (ID_Card, [Status], DateCreated, Point, ID_Level) VALUES (185, 1, '2024-03-25', 0, 1);
INSERT INTO MEMBERSHIP (ID_Card, [Status], DateCreated, Point, ID_Level) VALUES (186, 1, '2024-11-13', 0, 1);
INSERT INTO MEMBERSHIP (ID_Card, [Status], DateCreated, Point, ID_Level) VALUES (187, 1, '2024-09-22', 0, 1);
INSERT INTO MEMBERSHIP (ID_Card, [Status], DateCreated, Point, ID_Level) VALUES (188, 1, '2024-08-16', 0, 1);
INSERT INTO MEMBERSHIP (ID_Card, [Status], DateCreated, Point, ID_Level) VALUES (189, 1, '2024-07-18', 0, 1);
INSERT INTO MEMBERSHIP (ID_Card, [Status], DateCreated, Point, ID_Level) VALUES (190, 1, '2024-02-06', 0, 1);
INSERT INTO MEMBERSHIP (ID_Card, [Status], DateCreated, Point, ID_Level) VALUES (191, 1, '2024-11-14', 0, 1);
INSERT INTO MEMBERSHIP (ID_Card, [Status], DateCreated, Point, ID_Level) VALUES (192, 1, '2024-07-25', 0, 1);
INSERT INTO MEMBERSHIP (ID_Card, [Status], DateCreated, Point, ID_Level) VALUES (193, 1, '2024-07-13', 0, 1);
INSERT INTO MEMBERSHIP (ID_Card, [Status], DateCreated, Point, ID_Level) VALUES (194, 1, '2024-08-05', 0, 1);
INSERT INTO MEMBERSHIP (ID_Card, [Status], DateCreated, Point, ID_Level) VALUES (195, 1, '2024-01-11', 0, 1);
INSERT INTO MEMBERSHIP (ID_Card, [Status], DateCreated, Point, ID_Level) VALUES (196, 1, '2024-05-19', 0, 1);
INSERT INTO MEMBERSHIP (ID_Card, [Status], DateCreated, Point, ID_Level) VALUES (197, 1, '2024-06-13', 0, 1);
INSERT INTO MEMBERSHIP (ID_Card, [Status], DateCreated, Point, ID_Level) VALUES (198, 1, '2024-04-24', 0, 1);
INSERT INTO MEMBERSHIP (ID_Card, [Status], DateCreated, Point, ID_Level) VALUES (199, 1, '2024-11-08', 0, 1);
INSERT INTO MEMBERSHIP (ID_Card, [Status], DateCreated, Point, ID_Level) VALUES (200, 1, '2024-12-11', 0, 1);
INSERT INTO MEMBERSHIP (ID_Card, [Status], DateCreated, Point, ID_Level) VALUES (201, 1, '2024-08-08', 0, 1);
INSERT INTO MEMBERSHIP (ID_Card, [Status], DateCreated, Point, ID_Level) VALUES (202, 1, '2024-06-25', 0, 1);
INSERT INTO MEMBERSHIP (ID_Card, [Status], DateCreated, Point, ID_Level) VALUES (203, 1, '2024-07-31', 0, 1);
INSERT INTO MEMBERSHIP (ID_Card, [Status], DateCreated, Point, ID_Level) VALUES (204, 1, '2024-05-13', 0, 1);
INSERT INTO MEMBERSHIP (ID_Card, [Status], DateCreated, Point, ID_Level) VALUES (205, 1, '2024-03-05', 0, 1);
INSERT INTO MEMBERSHIP (ID_Card, [Status], DateCreated, Point, ID_Level) VALUES (206, 1, '2024-07-27', 0, 1);
INSERT INTO MEMBERSHIP (ID_Card, [Status], DateCreated, Point, ID_Level) VALUES (207, 1, '2024-02-28', 0, 1);
INSERT INTO MEMBERSHIP (ID_Card, [Status], DateCreated, Point, ID_Level) VALUES (208, 1, '2024-03-30', 0, 1);
INSERT INTO MEMBERSHIP (ID_Card, [Status], DateCreated, Point, ID_Level) VALUES (209, 1, '2024-12-09', 0, 1);
INSERT INTO MEMBERSHIP (ID_Card, [Status], DateCreated, Point, ID_Level) VALUES (210, 1, '2024-05-15', 0, 1);
INSERT INTO MEMBERSHIP (ID_Card, [Status], DateCreated, Point, ID_Level) VALUES (211, 1, '2024-04-20', 0, 1);
INSERT INTO MEMBERSHIP (ID_Card, [Status], DateCreated, Point, ID_Level) VALUES (212, 1, '2024-08-09', 0, 1);
INSERT INTO MEMBERSHIP (ID_Card, [Status], DateCreated, Point, ID_Level) VALUES (213, 1, '2024-11-24', 0, 1);
INSERT INTO MEMBERSHIP (ID_Card, [Status], DateCreated, Point, ID_Level) VALUES (214, 1, '2024-12-02', 0, 1);
INSERT INTO MEMBERSHIP (ID_Card, [Status], DateCreated, Point, ID_Level) VALUES (215, 1, '2024-09-05', 0, 1);
INSERT INTO MEMBERSHIP (ID_Card, [Status], DateCreated, Point, ID_Level) VALUES (216, 1, '2024-08-26', 0, 1);
INSERT INTO MEMBERSHIP (ID_Card, [Status], DateCreated, Point, ID_Level) VALUES (217, 1, '2024-05-24', 0, 1);
INSERT INTO MEMBERSHIP (ID_Card, [Status], DateCreated, Point, ID_Level) VALUES (218, 1, '2024-02-24', 0, 1);
INSERT INTO MEMBERSHIP (ID_Card, [Status], DateCreated, Point, ID_Level) VALUES (219, 1, '2024-03-09', 0, 1);
INSERT INTO MEMBERSHIP (ID_Card, [Status], DateCreated, Point, ID_Level) VALUES (220, 1, '2024-03-04', 0, 1);
INSERT INTO MEMBERSHIP (ID_Card, [Status], DateCreated, Point, ID_Level) VALUES (221, 1, '2024-02-02', 0, 1);
INSERT INTO MEMBERSHIP (ID_Card, [Status], DateCreated, Point, ID_Level) VALUES (222, 1, '2024-12-15', 0, 1);
INSERT INTO MEMBERSHIP (ID_Card, [Status], DateCreated, Point, ID_Level) VALUES (223, 1, '2024-11-10', 0, 1);
INSERT INTO MEMBERSHIP (ID_Card, [Status], DateCreated, Point, ID_Level) VALUES (224, 1, '2024-09-25', 0, 1);
INSERT INTO MEMBERSHIP (ID_Card, [Status], DateCreated, Point, ID_Level) VALUES (225, 1, '2024-12-10', 0, 1);
INSERT INTO MEMBERSHIP (ID_Card, [Status], DateCreated, Point, ID_Level) VALUES (226, 1, '2024-01-25', 0, 1);
INSERT INTO MEMBERSHIP (ID_Card, [Status], DateCreated, Point, ID_Level) VALUES (227, 1, '2024-11-05', 0, 1);
INSERT INTO MEMBERSHIP (ID_Card, [Status], DateCreated, Point, ID_Level) VALUES (228, 1, '2024-10-06', 0, 1);
INSERT INTO MEMBERSHIP (ID_Card, [Status], DateCreated, Point, ID_Level) VALUES (229, 1, '2024-12-02', 0, 1);
INSERT INTO MEMBERSHIP (ID_Card, [Status], DateCreated, Point, ID_Level) VALUES (230, 1, '2024-04-12', 0, 1);
INSERT INTO MEMBERSHIP (ID_Card, [Status], DateCreated, Point, ID_Level) VALUES (231, 1, '2024-05-24', 0, 1);
INSERT INTO MEMBERSHIP (ID_Card, [Status], DateCreated, Point, ID_Level) VALUES (232, 1, '2024-10-07', 0, 1);
INSERT INTO MEMBERSHIP (ID_Card, [Status], DateCreated, Point, ID_Level) VALUES (233, 1, '2024-02-11', 0, 1);
INSERT INTO MEMBERSHIP (ID_Card, [Status], DateCreated, Point, ID_Level) VALUES (234, 1, '2024-11-24', 0, 1);
INSERT INTO MEMBERSHIP (ID_Card, [Status], DateCreated, Point, ID_Level) VALUES (235, 1, '2024-10-21', 0, 1);
INSERT INTO MEMBERSHIP (ID_Card, [Status], DateCreated, Point, ID_Level) VALUES (236, 1, '2024-09-14', 0, 1);
INSERT INTO MEMBERSHIP (ID_Card, [Status], DateCreated, Point, ID_Level) VALUES (237, 1, '2024-01-23', 0, 1);
INSERT INTO MEMBERSHIP (ID_Card, [Status], DateCreated, Point, ID_Level) VALUES (238, 1, '2024-04-15', 0, 1);
INSERT INTO MEMBERSHIP (ID_Card, [Status], DateCreated, Point, ID_Level) VALUES (239, 1, '2024-10-03', 0, 1);
INSERT INTO MEMBERSHIP (ID_Card, [Status], DateCreated, Point, ID_Level) VALUES (240, 1, '2024-03-13', 0, 1);
INSERT INTO MEMBERSHIP (ID_Card, [Status], DateCreated, Point, ID_Level) VALUES (241, 1, '2024-06-03', 0, 1);
INSERT INTO MEMBERSHIP (ID_Card, [Status], DateCreated, Point, ID_Level) VALUES (242, 1, '2024-03-29', 0, 1);
INSERT INTO MEMBERSHIP (ID_Card, [Status], DateCreated, Point, ID_Level) VALUES (243, 1, '2024-11-27', 0, 1);
INSERT INTO MEMBERSHIP (ID_Card, [Status], DateCreated, Point, ID_Level) VALUES (244, 1, '2024-12-02', 0, 1);
INSERT INTO MEMBERSHIP (ID_Card, [Status], DateCreated, Point, ID_Level) VALUES (245, 1, '2024-10-28', 0, 1);
INSERT INTO MEMBERSHIP (ID_Card, [Status], DateCreated, Point, ID_Level) VALUES (246, 1, '2024-08-05', 0, 1);
INSERT INTO MEMBERSHIP (ID_Card, [Status], DateCreated, Point, ID_Level) VALUES (247, 1, '2024-12-11', 0, 1);
INSERT INTO MEMBERSHIP (ID_Card, [Status], DateCreated, Point, ID_Level) VALUES (248, 1, '2024-03-31', 0, 1);
INSERT INTO MEMBERSHIP (ID_Card, [Status], DateCreated, Point, ID_Level) VALUES (249, 1, '2024-02-22', 0, 1);
INSERT INTO MEMBERSHIP (ID_Card, [Status], DateCreated, Point, ID_Level) VALUES (250, 1, '2024-04-12', 0, 1);
INSERT INTO CUSTOMER (ID_Customer, CustomerName, PhoneNumber, Email, Gender, SSID, ID_Card) VALUES (1, 'Adam Johnson', '5121937063', 'marybarber@example.org', 'M', '6165302968', 1);
INSERT INTO CUSTOMER (ID_Customer, CustomerName, PhoneNumber, Email, Gender, SSID, ID_Card) VALUES (2, 'Brian Boyd', '3878715300', 'leechristopher@example.com', 'F', '8606739117', 2);
INSERT INTO CUSTOMER (ID_Customer, CustomerName, PhoneNumber, Email, Gender, SSID, ID_Card) VALUES (3, 'Eric Garcia', '0281835226', 'barnettvictoria@example.net', 'M', '8154434033', 3);
INSERT INTO CUSTOMER (ID_Customer, CustomerName, PhoneNumber, Email, Gender, SSID, ID_Card) VALUES (4, 'Joseph Cordova', '4702785246', 'danielpetty@example.net', 'M', '2464151511', 4);
INSERT INTO CUSTOMER (ID_Customer, CustomerName, PhoneNumber, Email, Gender, SSID, ID_Card) VALUES (5, 'Keith Andrews', '7770248161', 'jacqueline64@example.com', 'M', '8895538290', 5);
INSERT INTO CUSTOMER (ID_Customer, CustomerName, PhoneNumber, Email, Gender, SSID, ID_Card) VALUES (6, 'Kelly Brooks', '9786512677', 'bjones@example.org', 'F', '5936699006', 6);
INSERT INTO CUSTOMER (ID_Customer, CustomerName, PhoneNumber, Email, Gender, SSID, ID_Card) VALUES (7, 'Kyle Kramer', '5427514895', 'davidlee@example.org', 'F', '3295517276', 7);
INSERT INTO CUSTOMER (ID_Customer, CustomerName, PhoneNumber, Email, Gender, SSID, ID_Card) VALUES (8, 'Rachel Wise', '9938550617', 'brooksvictor@example.com', 'M', '6994872303', 8);
INSERT INTO CUSTOMER (ID_Customer, CustomerName, PhoneNumber, Email, Gender, SSID, ID_Card) VALUES (9, 'Connie Contreras', '9704467879', 'pamela33@example.com', 'M', '4851466800', 9);
INSERT INTO CUSTOMER (ID_Customer, CustomerName, PhoneNumber, Email, Gender, SSID, ID_Card) VALUES (10, 'Brent Taylor', '8082038904', 'pricejillian@example.com', 'M', '0882729475', 10);
INSERT INTO CUSTOMER (ID_Customer, CustomerName, PhoneNumber, Email, Gender, SSID, ID_Card) VALUES (11, 'Anthony Sullivan', '8709900653', 'tamara78@example.net', 'M', '7864437212', 11);
INSERT INTO CUSTOMER (ID_Customer, CustomerName, PhoneNumber, Email, Gender, SSID, ID_Card) VALUES (12, 'Amy Castillo', '0257107120', 'shane93@example.net', 'M', '6593278623', 12);
INSERT INTO CUSTOMER (ID_Customer, CustomerName, PhoneNumber, Email, Gender, SSID, ID_Card) VALUES (13, 'Annette Horne', '7262289413', 'kevin48@example.com', 'M', '2892899498', 13);
INSERT INTO CUSTOMER (ID_Customer, CustomerName, PhoneNumber, Email, Gender, SSID, ID_Card) VALUES (14, 'Phillip Murphy', '6248487238', 'ogarner@example.org', 'M', '8010479784', 14);
INSERT INTO CUSTOMER (ID_Customer, CustomerName, PhoneNumber, Email, Gender, SSID, ID_Card) VALUES (15, 'David Robinson MD', '8108272679', 'hmiller@example.net', 'F', '8636624160', 15);
INSERT INTO CUSTOMER (ID_Customer, CustomerName, PhoneNumber, Email, Gender, SSID, ID_Card) VALUES (16, 'Susan Lee', '9122146898', 'mark27@example.com', 'M', '4091616794', 16);
INSERT INTO CUSTOMER (ID_Customer, CustomerName, PhoneNumber, Email, Gender, SSID, ID_Card) VALUES (17, 'Jaclyn Mahoney', '0200187817', 'chandlerchristina@example.org', 'M', '1783194995', 17);
INSERT INTO CUSTOMER (ID_Customer, CustomerName, PhoneNumber, Email, Gender, SSID, ID_Card) VALUES (18, 'Samantha Christian', '2936113294', 'ogeorge@example.org', 'M', '0838458344', 18);
INSERT INTO CUSTOMER (ID_Customer, CustomerName, PhoneNumber, Email, Gender, SSID, ID_Card) VALUES (19, 'Gina Mitchell', '4930261542', 'bellcraig@example.net', 'M', '9737733058', 19);
INSERT INTO CUSTOMER (ID_Customer, CustomerName, PhoneNumber, Email, Gender, SSID, ID_Card) VALUES (20, 'Andrew Robles', '7937441629', 'jenniferhayden@example.com', 'F', '4976295961', 20);
INSERT INTO CUSTOMER (ID_Customer, CustomerName, PhoneNumber, Email, Gender, SSID, ID_Card) VALUES (21, 'Kenneth Thompson', '7127713818', 'elliottrobert@example.org', 'M', '6633543122', 21);
INSERT INTO CUSTOMER (ID_Customer, CustomerName, PhoneNumber, Email, Gender, SSID, ID_Card) VALUES (22, 'David Howard', '1603861065', 'izamora@example.net', 'F', '8535610559', 22);
INSERT INTO CUSTOMER (ID_Customer, CustomerName, PhoneNumber, Email, Gender, SSID, ID_Card) VALUES (23, 'Kimberly Porter', '8804358013', 'brentstokes@example.net', 'F', '5488657456', 23);
INSERT INTO CUSTOMER (ID_Customer, CustomerName, PhoneNumber, Email, Gender, SSID, ID_Card) VALUES (24, 'Paul Harrison', '2971706958', 'qmercado@example.net', 'M', '9959593660', 24);
INSERT INTO CUSTOMER (ID_Customer, CustomerName, PhoneNumber, Email, Gender, SSID, ID_Card) VALUES (25, 'Ryan Ewing', '8925287140', 'eric08@example.com', 'F', '7241390070', 25);
INSERT INTO CUSTOMER (ID_Customer, CustomerName, PhoneNumber, Email, Gender, SSID, ID_Card) VALUES (26, 'James Vasquez', '8850624546', 'wheelershannon@example.org', 'M', '0542248483', 26);
INSERT INTO CUSTOMER (ID_Customer, CustomerName, PhoneNumber, Email, Gender, SSID, ID_Card) VALUES (27, 'Chad Carlson', '5589288028', 'paul88@example.com', 'F', '3919448888', 27);
INSERT INTO CUSTOMER (ID_Customer, CustomerName, PhoneNumber, Email, Gender, SSID, ID_Card) VALUES (28, 'Mike Banks', '4298144777', 'egonzalez@example.com', 'M', '3341083979', 28);
INSERT INTO CUSTOMER (ID_Customer, CustomerName, PhoneNumber, Email, Gender, SSID, ID_Card) VALUES (29, 'Joshua Gill', '0416189112', 'dixonmegan@example.org', 'F', '4393018684', 29);
INSERT INTO CUSTOMER (ID_Customer, CustomerName, PhoneNumber, Email, Gender, SSID, ID_Card) VALUES (30, 'Natalie Peterson', '4594201224', 'fergusonmary@example.org', 'M', '3522505658', 30);
INSERT INTO CUSTOMER (ID_Customer, CustomerName, PhoneNumber, Email, Gender, SSID, ID_Card) VALUES (31, 'Natalie Ortiz', '4917214480', 'myerslorraine@example.org', 'M', '5483322958', 31);
INSERT INTO CUSTOMER (ID_Customer, CustomerName, PhoneNumber, Email, Gender, SSID, ID_Card) VALUES (32, 'Donna Santos', '8933284034', 'perkinskatherine@example.net', 'M', '1408150404', 32);
INSERT INTO CUSTOMER (ID_Customer, CustomerName, PhoneNumber, Email, Gender, SSID, ID_Card) VALUES (33, 'Shawn Simmons', '2958992858', 'tiffanyzimmerman@example.com', 'M', '6880268326', 33);
INSERT INTO CUSTOMER (ID_Customer, CustomerName, PhoneNumber, Email, Gender, SSID, ID_Card) VALUES (34, 'Michele Walton', '5009129710', 'scott53@example.com', 'M', '4488153529', 34);
INSERT INTO CUSTOMER (ID_Customer, CustomerName, PhoneNumber, Email, Gender, SSID, ID_Card) VALUES (35, 'Cory Ward', '6738579502', 'mmartin@example.com', 'M', '4402280570', 35);
INSERT INTO CUSTOMER (ID_Customer, CustomerName, PhoneNumber, Email, Gender, SSID, ID_Card) VALUES (36, 'William Kent', '7344718493', 'jacob24@example.com', 'M', '8312237086', 36);
INSERT INTO CUSTOMER (ID_Customer, CustomerName, PhoneNumber, Email, Gender, SSID, ID_Card) VALUES (37, 'Christopher York', '7814651040', 'kristy28@example.net', 'F', '8040420806', 37);
INSERT INTO CUSTOMER (ID_Customer, CustomerName, PhoneNumber, Email, Gender, SSID, ID_Card) VALUES (38, 'Bryan Pearson', '0181192844', 'brad83@example.net', 'M', '5938477392', 38);
INSERT INTO CUSTOMER (ID_Customer, CustomerName, PhoneNumber, Email, Gender, SSID, ID_Card) VALUES (39, 'Sabrina Wells', '4651586112', 'ryanbilly@example.com', 'M', '5857595265', 39);
INSERT INTO CUSTOMER (ID_Customer, CustomerName, PhoneNumber, Email, Gender, SSID, ID_Card) VALUES (40, 'Tyler Porter', '0603530885', 'montgomerycory@example.net', 'M', '8575791551', 40);
INSERT INTO CUSTOMER (ID_Customer, CustomerName, PhoneNumber, Email, Gender, SSID, ID_Card) VALUES (41, 'Teresa Huff', '3878558318', 'elamb@example.com', 'F', '0137470207', 41);
INSERT INTO CUSTOMER (ID_Customer, CustomerName, PhoneNumber, Email, Gender, SSID, ID_Card) VALUES (42, 'Ana Tran', '5237032818', 'erichardson@example.org', 'F', '2680853545', 42);
INSERT INTO CUSTOMER (ID_Customer, CustomerName, PhoneNumber, Email, Gender, SSID, ID_Card) VALUES (43, 'Jessica Schmidt', '0162638291', 'mary24@example.org', 'F', '2374515352', 43);
INSERT INTO CUSTOMER (ID_Customer, CustomerName, PhoneNumber, Email, Gender, SSID, ID_Card) VALUES (44, 'Edward Lee', '9500801821', 'zimmermanmatthew@example.com', 'M', '9726472357', 44);
INSERT INTO CUSTOMER (ID_Customer, CustomerName, PhoneNumber, Email, Gender, SSID, ID_Card) VALUES (45, 'James Gamble', '7571226296', 'pamelaramos@example.com', 'M', '5666047857', 45);
INSERT INTO CUSTOMER (ID_Customer, CustomerName, PhoneNumber, Email, Gender, SSID, ID_Card) VALUES (46, 'Kathryn Thomas', '5137848219', 'cookstephen@example.com', 'M', '7262544378', 46);
INSERT INTO CUSTOMER (ID_Customer, CustomerName, PhoneNumber, Email, Gender, SSID, ID_Card) VALUES (47, 'Jonathan Miller', '6024221818', 'molinakevin@example.com', 'F', '8863297217', 47);
INSERT INTO CUSTOMER (ID_Customer, CustomerName, PhoneNumber, Email, Gender, SSID, ID_Card) VALUES (48, 'Sandra Green', '9792639959', 'chernandez@example.org', 'F', '9716430592', 48);
INSERT INTO CUSTOMER (ID_Customer, CustomerName, PhoneNumber, Email, Gender, SSID, ID_Card) VALUES (49, 'Brandon Gonzalez', '4713495914', 'ortizashley@example.org', 'M', '5721229685', 49);
INSERT INTO CUSTOMER (ID_Customer, CustomerName, PhoneNumber, Email, Gender, SSID, ID_Card) VALUES (50, 'Kevin Roberts', '8347108318', 'bianca15@example.org', 'F', '4459679874', 50);
INSERT INTO CUSTOMER (ID_Customer, CustomerName, PhoneNumber, Email, Gender, SSID, ID_Card) VALUES (51, 'Lauren Valdez', '4641937376', 'brianellis@example.org', 'M', '9777165328', 51);
INSERT INTO CUSTOMER (ID_Customer, CustomerName, PhoneNumber, Email, Gender, SSID, ID_Card) VALUES (52, 'Kimberly Woodward', '5874044123', 'tina81@example.com', 'F', '1692450091', 52);
INSERT INTO CUSTOMER (ID_Customer, CustomerName, PhoneNumber, Email, Gender, SSID, ID_Card) VALUES (53, 'Joshua Strickland', '6214629893', 'wilcoxpeter@example.org', 'M', '2321304616', 53);
INSERT INTO CUSTOMER (ID_Customer, CustomerName, PhoneNumber, Email, Gender, SSID, ID_Card) VALUES (54, 'Christopher Hood', '7865872269', 'sawyermolly@example.org', 'M', '7286999980', 54);
INSERT INTO CUSTOMER (ID_Customer, CustomerName, PhoneNumber, Email, Gender, SSID, ID_Card) VALUES (55, 'Christopher Moore', '9118327770', 'jessica56@example.com', 'F', '7152816894', 55);
INSERT INTO CUSTOMER (ID_Customer, CustomerName, PhoneNumber, Email, Gender, SSID, ID_Card) VALUES (56, 'Brian Perry', '1994234720', 'gwong@example.com', 'F', '5723447403', 56);
INSERT INTO CUSTOMER (ID_Customer, CustomerName, PhoneNumber, Email, Gender, SSID, ID_Card) VALUES (57, 'Ronald Hall', '9087146339', 'bryanbrandon@example.org', 'F', '5543980790', 57);
INSERT INTO CUSTOMER (ID_Customer, CustomerName, PhoneNumber, Email, Gender, SSID, ID_Card) VALUES (58, 'Rachel Kennedy', '3961117640', 'jessica43@example.com', 'M', '9996550669', 58);
INSERT INTO CUSTOMER (ID_Customer, CustomerName, PhoneNumber, Email, Gender, SSID, ID_Card) VALUES (59, 'Thomas Pearson', '6897430526', 'stephen83@example.com', 'F', '1641917273', 59);
INSERT INTO CUSTOMER (ID_Customer, CustomerName, PhoneNumber, Email, Gender, SSID, ID_Card) VALUES (60, 'Dr. Kimberly Green', '5985312147', 'veronica93@example.net', 'F', '0055187978', 60);
INSERT INTO CUSTOMER (ID_Customer, CustomerName, PhoneNumber, Email, Gender, SSID, ID_Card) VALUES (61, 'Samantha Sullivan', '8780827671', 'martin71@example.com', 'M', '3948880926', 61);
INSERT INTO CUSTOMER (ID_Customer, CustomerName, PhoneNumber, Email, Gender, SSID, ID_Card) VALUES (62, 'Mark Trujillo', '9142757856', 'williammiller@example.net', 'F', '7141675156', 62);
INSERT INTO CUSTOMER (ID_Customer, CustomerName, PhoneNumber, Email, Gender, SSID, ID_Card) VALUES (63, 'Paula White', '8728280796', 'joseph78@example.com', 'M', '5776779991', 63);
INSERT INTO CUSTOMER (ID_Customer, CustomerName, PhoneNumber, Email, Gender, SSID, ID_Card) VALUES (64, 'Stephen Shelton', '9750057633', 'qgonzalez@example.org', 'F', '4268399696', 64);
INSERT INTO CUSTOMER (ID_Customer, CustomerName, PhoneNumber, Email, Gender, SSID, ID_Card) VALUES (65, 'Dr. Madison Reyes', '2785036925', 'bwilson@example.net', 'F', '9043031059', 65);
INSERT INTO CUSTOMER (ID_Customer, CustomerName, PhoneNumber, Email, Gender, SSID, ID_Card) VALUES (66, 'Stephanie Walton', '2126403043', 'smithjohn@example.net', 'F', '3551028778', 66);
INSERT INTO CUSTOMER (ID_Customer, CustomerName, PhoneNumber, Email, Gender, SSID, ID_Card) VALUES (67, 'Pamela Mccullough', '7026693282', 'heather50@example.org', 'F', '9340593667', 67);
INSERT INTO CUSTOMER (ID_Customer, CustomerName, PhoneNumber, Email, Gender, SSID, ID_Card) VALUES (68, 'Bernard Fisher', '2300070764', 'dylanmiller@example.com', 'M', '5878046781', 68);
INSERT INTO CUSTOMER (ID_Customer, CustomerName, PhoneNumber, Email, Gender, SSID, ID_Card) VALUES (69, 'Joe Jackson', '6465431248', 'qdeleon@example.com', 'F', '4647496157', 69);
INSERT INTO CUSTOMER (ID_Customer, CustomerName, PhoneNumber, Email, Gender, SSID, ID_Card) VALUES (70, 'Mark Pittman', '2866376472', 'kellygonzalez@example.net', 'F', '7428803985', 70);
INSERT INTO CUSTOMER (ID_Customer, CustomerName, PhoneNumber, Email, Gender, SSID, ID_Card) VALUES (71, 'Jennifer Sanchez', '9230886696', 'pfletcher@example.com', 'F', '6526333123', 71);
INSERT INTO CUSTOMER (ID_Customer, CustomerName, PhoneNumber, Email, Gender, SSID, ID_Card) VALUES (72, 'Kari Taylor', '7958443485', 'troytaylor@example.net', 'M', '0230656810', 72);
INSERT INTO CUSTOMER (ID_Customer, CustomerName, PhoneNumber, Email, Gender, SSID, ID_Card) VALUES (73, 'Joseph Osborn', '7560898693', 'ptaylor@example.org', 'F', '3021123082', 73);
INSERT INTO CUSTOMER (ID_Customer, CustomerName, PhoneNumber, Email, Gender, SSID, ID_Card) VALUES (74, 'Jessica Nelson', '3028690637', 'bmaxwell@example.org', 'F', '5883958302', 74);
INSERT INTO CUSTOMER (ID_Customer, CustomerName, PhoneNumber, Email, Gender, SSID, ID_Card) VALUES (75, 'Jessica Friedman', '8463216351', 'rasmussenabigail@example.net', 'M', '0988164449', 75);
INSERT INTO CUSTOMER (ID_Customer, CustomerName, PhoneNumber, Email, Gender, SSID, ID_Card) VALUES (76, 'Julie Mills', '6665828348', 'abauer@example.net', 'F', '0347475394', 76);
INSERT INTO CUSTOMER (ID_Customer, CustomerName, PhoneNumber, Email, Gender, SSID, ID_Card) VALUES (77, 'Gregory Wolfe', '7841479000', 'jacobsonpaul@example.org', 'M', '1028648948', 77);
INSERT INTO CUSTOMER (ID_Customer, CustomerName, PhoneNumber, Email, Gender, SSID, ID_Card) VALUES (78, 'Ricardo Johnson', '7276380552', 'colleen58@example.com', 'F', '5177431922', 78);
INSERT INTO CUSTOMER (ID_Customer, CustomerName, PhoneNumber, Email, Gender, SSID, ID_Card) VALUES (79, 'Jake Miller', '3256680143', 'martinwilliam@example.org', 'M', '0594485590', 79);
INSERT INTO CUSTOMER (ID_Customer, CustomerName, PhoneNumber, Email, Gender, SSID, ID_Card) VALUES (80, 'Nancy Craig', '4173762972', 'landrylisa@example.net', 'M', '4769482282', 80);
INSERT INTO CUSTOMER (ID_Customer, CustomerName, PhoneNumber, Email, Gender, SSID, ID_Card) VALUES (81, 'John Dudley', '4269801720', 'justin69@example.net', 'M', '7629523073', 81);
INSERT INTO CUSTOMER (ID_Customer, CustomerName, PhoneNumber, Email, Gender, SSID, ID_Card) VALUES (82, 'James Smith', '8589166530', 'mflores@example.org', 'M', '2648791211', 82);
INSERT INTO CUSTOMER (ID_Customer, CustomerName, PhoneNumber, Email, Gender, SSID, ID_Card) VALUES (83, 'Vanessa Wilson DVM', '5969442395', 'uhiggins@example.com', 'F', '1498983826', 83);
INSERT INTO CUSTOMER (ID_Customer, CustomerName, PhoneNumber, Email, Gender, SSID, ID_Card) VALUES (84, 'Megan Bradley', '3856756651', 'jayperez@example.net', 'F', '5045441884', 84);
INSERT INTO CUSTOMER (ID_Customer, CustomerName, PhoneNumber, Email, Gender, SSID, ID_Card) VALUES (85, 'Janice Davis', '4245104010', 'ddunlap@example.org', 'M', '7486943126', 85);
INSERT INTO CUSTOMER (ID_Customer, CustomerName, PhoneNumber, Email, Gender, SSID, ID_Card) VALUES (86, 'Emily Young', '2221666138', 'andrewbuchanan@example.org', 'M', '1046229597', 86);
INSERT INTO CUSTOMER (ID_Customer, CustomerName, PhoneNumber, Email, Gender, SSID, ID_Card) VALUES (87, 'Kelly Hart', '2683586869', 'danieltricia@example.net', 'F', '3581628583', 87);
INSERT INTO CUSTOMER (ID_Customer, CustomerName, PhoneNumber, Email, Gender, SSID, ID_Card) VALUES (88, 'Brittany Hernandez', '3574564931', 'timothy64@example.com', 'M', '1802984559', 88);
INSERT INTO CUSTOMER (ID_Customer, CustomerName, PhoneNumber, Email, Gender, SSID, ID_Card) VALUES (89, 'John Edwards', '7624054577', 'jacobmaldonado@example.org', 'M', '0730688675', 89);
INSERT INTO CUSTOMER (ID_Customer, CustomerName, PhoneNumber, Email, Gender, SSID, ID_Card) VALUES (90, 'Allison Mccormick DVM', '1659026229', 'davenportbryce@example.com', 'F', '5515963643', 90);
INSERT INTO CUSTOMER (ID_Customer, CustomerName, PhoneNumber, Email, Gender, SSID, ID_Card) VALUES (91, 'Thomas Phillips', '4432747401', 'crawfordanthony@example.com', 'F', '2488398612', 91);
INSERT INTO CUSTOMER (ID_Customer, CustomerName, PhoneNumber, Email, Gender, SSID, ID_Card) VALUES (92, 'Joshua Bennett', '8209885409', 'russellburns@example.net', 'F', '4121552275', 92);
INSERT INTO CUSTOMER (ID_Customer, CustomerName, PhoneNumber, Email, Gender, SSID, ID_Card) VALUES (93, 'Charles Mcdonald', '1532389716', 'zpatrick@example.org', 'F', '5626395506', 93);
INSERT INTO CUSTOMER (ID_Customer, CustomerName, PhoneNumber, Email, Gender, SSID, ID_Card) VALUES (94, 'Matthew Smith', '7531277945', 'cynthiawilliams@example.org', 'F', '6503352198', 94);
INSERT INTO CUSTOMER (ID_Customer, CustomerName, PhoneNumber, Email, Gender, SSID, ID_Card) VALUES (95, 'Derek Olsen', '2227517299', 'gregoryespinoza@example.com', 'M', '5483098446', 95);
INSERT INTO CUSTOMER (ID_Customer, CustomerName, PhoneNumber, Email, Gender, SSID, ID_Card) VALUES (96, 'Jennifer Oliver', '3539175641', 'woodmichael@example.net', 'F', '9366550979', 96);
INSERT INTO CUSTOMER (ID_Customer, CustomerName, PhoneNumber, Email, Gender, SSID, ID_Card) VALUES (97, 'Erica Davis', '6157952669', 'angelapoole@example.org', 'F', '7266098236', 97);
INSERT INTO CUSTOMER (ID_Customer, CustomerName, PhoneNumber, Email, Gender, SSID, ID_Card) VALUES (98, 'Stephanie Fisher', '0947885262', 'aochoa@example.com', 'F', '8429984203', 98);
INSERT INTO CUSTOMER (ID_Customer, CustomerName, PhoneNumber, Email, Gender, SSID, ID_Card) VALUES (99, 'Theresa Leonard', '3480916600', 'ritastanley@example.net', 'M', '2229021679', 99);
INSERT INTO CUSTOMER (ID_Customer, CustomerName, PhoneNumber, Email, Gender, SSID, ID_Card) VALUES (100, 'Andrew Parker', '1646303755', 'colleenmeyer@example.net', 'M', '5310689586', 100);
INSERT INTO CUSTOMER (ID_Customer, CustomerName, PhoneNumber, Email, Gender, SSID, ID_Card) VALUES (101, 'Jerry Spencer', '2692276006', 'rachel49@example.com', 'M', '1592134740', 101);
INSERT INTO CUSTOMER (ID_Customer, CustomerName, PhoneNumber, Email, Gender, SSID, ID_Card) VALUES (102, 'Colton Martinez', '5359494844', 'aaronfisher@example.org', 'F', '1244668412', 102);
INSERT INTO CUSTOMER (ID_Customer, CustomerName, PhoneNumber, Email, Gender, SSID, ID_Card) VALUES (103, 'Andrew Martinez', '2255544878', 'nancy23@example.com', 'F', '0431206266', 103);
INSERT INTO CUSTOMER (ID_Customer, CustomerName, PhoneNumber, Email, Gender, SSID, ID_Card) VALUES (104, 'Amanda Pearson', '1400627315', 'danielroberson@example.net', 'M', '9238546340', 104);
INSERT INTO CUSTOMER (ID_Customer, CustomerName, PhoneNumber, Email, Gender, SSID, ID_Card) VALUES (105, 'Tiffany Mendez', '4708730027', 'dprice@example.com', 'M', '8524278343', 105);
INSERT INTO CUSTOMER (ID_Customer, CustomerName, PhoneNumber, Email, Gender, SSID, ID_Card) VALUES (106, 'Amanda Dominguez', '0164664997', 'millerphilip@example.com', 'F', '2033095304', 106);
INSERT INTO CUSTOMER (ID_Customer, CustomerName, PhoneNumber, Email, Gender, SSID, ID_Card) VALUES (107, 'Tracy Williams', '5328795716', 'lauraeverett@example.com', 'M', '2354148164', 107);
INSERT INTO CUSTOMER (ID_Customer, CustomerName, PhoneNumber, Email, Gender, SSID, ID_Card) VALUES (108, 'Lori Silva', '1097455248', 'fleon@example.net', 'M', '7085387537', 108);
INSERT INTO CUSTOMER (ID_Customer, CustomerName, PhoneNumber, Email, Gender, SSID, ID_Card) VALUES (109, 'Mark Reynolds', '8768914025', 'alicehinton@example.com', 'F', '0462237882', 109);
INSERT INTO CUSTOMER (ID_Customer, CustomerName, PhoneNumber, Email, Gender, SSID, ID_Card) VALUES (110, 'Amy Foley', '2350037304', 'jessica78@example.com', 'M', '6286842582', 110);
INSERT INTO CUSTOMER (ID_Customer, CustomerName, PhoneNumber, Email, Gender, SSID, ID_Card) VALUES (111, 'Annette Miller', '1467985338', 'smithcrystal@example.org', 'M', '9202568045', 111);
INSERT INTO CUSTOMER (ID_Customer, CustomerName, PhoneNumber, Email, Gender, SSID, ID_Card) VALUES (112, 'Shawn Davis', '6035238124', 'qbaker@example.org', 'M', '7494914235', 112);
INSERT INTO CUSTOMER (ID_Customer, CustomerName, PhoneNumber, Email, Gender, SSID, ID_Card) VALUES (113, 'Felicia Turner', '4108487413', 'brandi49@example.org', 'M', '1376443353', 113);
INSERT INTO CUSTOMER (ID_Customer, CustomerName, PhoneNumber, Email, Gender, SSID, ID_Card) VALUES (114, 'Timothy Gonzalez', '6135979365', 'francisco63@example.net', 'F', '7525353962', 114);
INSERT INTO CUSTOMER (ID_Customer, CustomerName, PhoneNumber, Email, Gender, SSID, ID_Card) VALUES (115, 'Rebecca Hanson', '4332152626', 'deborah79@example.net', 'F', '3474723913', 115);
INSERT INTO CUSTOMER (ID_Customer, CustomerName, PhoneNumber, Email, Gender, SSID, ID_Card) VALUES (116, 'Jonathan Harrison', '7807307236', 'hamiltonsusan@example.com', 'F', '7309473832', 116);
INSERT INTO CUSTOMER (ID_Customer, CustomerName, PhoneNumber, Email, Gender, SSID, ID_Card) VALUES (117, 'Peter Smith', '6367759567', 'gabrielle29@example.net', 'F', '9392974710', 117);
INSERT INTO CUSTOMER (ID_Customer, CustomerName, PhoneNumber, Email, Gender, SSID, ID_Card) VALUES (118, 'Samantha Torres', '9001902798', 'andrew72@example.org', 'F', '8701798520', 118);
INSERT INTO CUSTOMER (ID_Customer, CustomerName, PhoneNumber, Email, Gender, SSID, ID_Card) VALUES (119, 'Isabel Burke', '4848913074', 'ylopez@example.com', 'F', '7628716087', 119);
INSERT INTO CUSTOMER (ID_Customer, CustomerName, PhoneNumber, Email, Gender, SSID, ID_Card) VALUES (120, 'Lance Barnes', '4744884600', 'dpowell@example.net', 'F', '4983533642', 120);
INSERT INTO CUSTOMER (ID_Customer, CustomerName, PhoneNumber, Email, Gender, SSID, ID_Card) VALUES (121, 'Richard Ruiz', '0098609086', 'emilyward@example.net', 'F', '9135676513', 121);
INSERT INTO CUSTOMER (ID_Customer, CustomerName, PhoneNumber, Email, Gender, SSID, ID_Card) VALUES (122, 'James Underwood', '0451925890', 'esantana@example.com', 'M', '8585849577', 122);
INSERT INTO CUSTOMER (ID_Customer, CustomerName, PhoneNumber, Email, Gender, SSID, ID_Card) VALUES (123, 'Chris Nelson', '0434145974', 'michaelrichardson@example.org', 'M', '4337843880', 123);
INSERT INTO CUSTOMER (ID_Customer, CustomerName, PhoneNumber, Email, Gender, SSID, ID_Card) VALUES (124, 'James Braun', '8128258056', 'dpierce@example.com', 'M', '9698514864', 124);
INSERT INTO CUSTOMER (ID_Customer, CustomerName, PhoneNumber, Email, Gender, SSID, ID_Card) VALUES (125, 'Valerie Cohen', '1704364989', 'carloswells@example.com', 'M', '3515589988', 125);
INSERT INTO CUSTOMER (ID_Customer, CustomerName, PhoneNumber, Email, Gender, SSID, ID_Card) VALUES (126, 'Christian Howard', '4064024617', 'thomasprice@example.com', 'M', '3180732606', 126);
INSERT INTO CUSTOMER (ID_Customer, CustomerName, PhoneNumber, Email, Gender, SSID, ID_Card) VALUES (127, 'Garrett Horne', '6275558537', 'aaronrosario@example.org', 'M', '7571668576', 127);
INSERT INTO CUSTOMER (ID_Customer, CustomerName, PhoneNumber, Email, Gender, SSID, ID_Card) VALUES (128, 'Susan Turner', '9969361038', 'cervantespatrick@example.org', 'F', '3619874510', 128);
INSERT INTO CUSTOMER (ID_Customer, CustomerName, PhoneNumber, Email, Gender, SSID, ID_Card) VALUES (129, 'Amy Williams', '6371793918', 'alexandrastephens@example.com', 'F', '3422400833', 129);
INSERT INTO CUSTOMER (ID_Customer, CustomerName, PhoneNumber, Email, Gender, SSID, ID_Card) VALUES (130, 'Jonathan Keller', '9672038673', 'ynelson@example.org', 'M', '4662903082', 130);
INSERT INTO CUSTOMER (ID_Customer, CustomerName, PhoneNumber, Email, Gender, SSID, ID_Card) VALUES (131, 'Jaime Graves', '6427081664', 'dhutchinson@example.org', 'M', '2329476345', 131);
INSERT INTO CUSTOMER (ID_Customer, CustomerName, PhoneNumber, Email, Gender, SSID, ID_Card) VALUES (132, 'Jeffrey Barr', '6978689165', 'zdavid@example.org', 'M', '3928446740', 132);
INSERT INTO CUSTOMER (ID_Customer, CustomerName, PhoneNumber, Email, Gender, SSID, ID_Card) VALUES (133, 'Marc Phillips', '0278233895', 'zhernandez@example.com', 'F', '4367273982', 133);
INSERT INTO CUSTOMER (ID_Customer, CustomerName, PhoneNumber, Email, Gender, SSID, ID_Card) VALUES (134, 'Gary Huff', '4635158907', 'wernermichael@example.com', 'F', '0087935018', 134);
INSERT INTO CUSTOMER (ID_Customer, CustomerName, PhoneNumber, Email, Gender, SSID, ID_Card) VALUES (135, 'Miss Tiffany Brown', '9902852059', 'emma48@example.org', 'M', '1408564491', 135);
INSERT INTO CUSTOMER (ID_Customer, CustomerName, PhoneNumber, Email, Gender, SSID, ID_Card) VALUES (136, 'Denise Smith', '7392981821', 'karentorres@example.org', 'F', '4041914524', 136);
INSERT INTO CUSTOMER (ID_Customer, CustomerName, PhoneNumber, Email, Gender, SSID, ID_Card) VALUES (137, 'Brenda Brown', '6952260624', 'michael64@example.com', 'M', '0113092428', 137);
INSERT INTO CUSTOMER (ID_Customer, CustomerName, PhoneNumber, Email, Gender, SSID, ID_Card) VALUES (138, 'Natasha Finley', '3731633622', 'brianchen@example.org', 'M', '1063788515', 138);
INSERT INTO CUSTOMER (ID_Customer, CustomerName, PhoneNumber, Email, Gender, SSID, ID_Card) VALUES (139, 'Robert Smith', '8699232654', 'christopher20@example.org', 'F', '2603504490', 139);
INSERT INTO CUSTOMER (ID_Customer, CustomerName, PhoneNumber, Email, Gender, SSID, ID_Card) VALUES (140, 'Catherine Barajas', '3247446248', 'asellers@example.net', 'M', '8249490004', 140);
INSERT INTO CUSTOMER (ID_Customer, CustomerName, PhoneNumber, Email, Gender, SSID, ID_Card) VALUES (141, 'Todd Romero', '6368834884', 'michael38@example.com', 'F', '8440309974', 141);
INSERT INTO CUSTOMER (ID_Customer, CustomerName, PhoneNumber, Email, Gender, SSID, ID_Card) VALUES (142, 'Katherine Stevens', '2944558386', 'bakerrichard@example.net', 'F', '4732533580', 142);
INSERT INTO CUSTOMER (ID_Customer, CustomerName, PhoneNumber, Email, Gender, SSID, ID_Card) VALUES (143, 'Jennifer Bennett', '9532572311', 'lboone@example.net', 'F', '6107094563', 143);
INSERT INTO CUSTOMER (ID_Customer, CustomerName, PhoneNumber, Email, Gender, SSID, ID_Card) VALUES (144, 'Jacob Jones', '5389893138', 'qnewman@example.net', 'F', '6401462379', 144);
INSERT INTO CUSTOMER (ID_Customer, CustomerName, PhoneNumber, Email, Gender, SSID, ID_Card) VALUES (145, 'Jillian Cardenas', '2388291862', 'xharris@example.net', 'F', '5723224599', 145);
INSERT INTO CUSTOMER (ID_Customer, CustomerName, PhoneNumber, Email, Gender, SSID, ID_Card) VALUES (146, 'Bradley Cox', '7186083362', 'kristy65@example.org', 'F', '9155352790', 146);
INSERT INTO CUSTOMER (ID_Customer, CustomerName, PhoneNumber, Email, Gender, SSID, ID_Card) VALUES (147, 'Bailey Richardson', '3861502722', 'floreslaurie@example.org', 'M', '1163946114', 147);
INSERT INTO CUSTOMER (ID_Customer, CustomerName, PhoneNumber, Email, Gender, SSID, ID_Card) VALUES (148, 'Timothy Rose', '4188984582', 'eray@example.net', 'M', '5990625181', 148);
INSERT INTO CUSTOMER (ID_Customer, CustomerName, PhoneNumber, Email, Gender, SSID, ID_Card) VALUES (149, 'Shannon Parker', '9543020510', 'lucas72@example.com', 'F', '2191840994', 149);
INSERT INTO CUSTOMER (ID_Customer, CustomerName, PhoneNumber, Email, Gender, SSID, ID_Card) VALUES (150, 'Kenneth Baldwin', '9483233859', 'jonathan37@example.net', 'F', '3824675094', 150);
INSERT INTO CUSTOMER (ID_Customer, CustomerName, PhoneNumber, Email, Gender, SSID, ID_Card) VALUES (151, 'Brandon Decker', '4515070277', 'alfred15@example.org', 'M', '9885605824', 151);
INSERT INTO CUSTOMER (ID_Customer, CustomerName, PhoneNumber, Email, Gender, SSID, ID_Card) VALUES (152, 'Kevin Calhoun', '4713937549', 'hunterjeffrey@example.org', 'F', '1302434166', 152);
INSERT INTO CUSTOMER (ID_Customer, CustomerName, PhoneNumber, Email, Gender, SSID, ID_Card) VALUES (153, 'Desiree Parsons', '4212653189', 'andrew22@example.net', 'M', '4552917553', 153);
INSERT INTO CUSTOMER (ID_Customer, CustomerName, PhoneNumber, Email, Gender, SSID, ID_Card) VALUES (154, 'Mark Mcbride', '5391806318', 'jheath@example.org', 'M', '4155514663', 154);
INSERT INTO CUSTOMER (ID_Customer, CustomerName, PhoneNumber, Email, Gender, SSID, ID_Card) VALUES (155, 'Mrs. Kristin Price MD', '5554307579', 'vanessa25@example.net', 'M', '6137589325', 155);
INSERT INTO CUSTOMER (ID_Customer, CustomerName, PhoneNumber, Email, Gender, SSID, ID_Card) VALUES (156, 'Brandon Mathews', '8727274136', 'terrywanda@example.net', 'F', '2288214183', 156);
INSERT INTO CUSTOMER (ID_Customer, CustomerName, PhoneNumber, Email, Gender, SSID, ID_Card) VALUES (157, 'Ashley Porter DDS', '9746796358', 'faithpatton@example.net', 'M', '0183812977', 157);
INSERT INTO CUSTOMER (ID_Customer, CustomerName, PhoneNumber, Email, Gender, SSID, ID_Card) VALUES (158, 'Courtney Cross', '1800123972', 'deborah23@example.org', 'F', '0828635796', 158);
INSERT INTO CUSTOMER (ID_Customer, CustomerName, PhoneNumber, Email, Gender, SSID, ID_Card) VALUES (159, 'Alexa Bell', '6777062566', 'amandaevans@example.net', 'F', '0777134416', 159);
INSERT INTO CUSTOMER (ID_Customer, CustomerName, PhoneNumber, Email, Gender, SSID, ID_Card) VALUES (160, 'Brittany Fernandez', '1118039685', 'donald36@example.net', 'M', '2840540629', 160);
INSERT INTO CUSTOMER (ID_Customer, CustomerName, PhoneNumber, Email, Gender, SSID, ID_Card) VALUES (161, 'Joseph Dennis', '6769471885', 'jessica80@example.org', 'M', '4914502277', 161);
INSERT INTO CUSTOMER (ID_Customer, CustomerName, PhoneNumber, Email, Gender, SSID, ID_Card) VALUES (162, 'Erika Bell', '8459458270', 'cherrera@example.org', 'F', '3786834183', 162);
INSERT INTO CUSTOMER (ID_Customer, CustomerName, PhoneNumber, Email, Gender, SSID, ID_Card) VALUES (163, 'Mrs. Danielle Reid', '9983874245', 'jessica33@example.com', 'M', '8897431625', 163);
INSERT INTO CUSTOMER (ID_Customer, CustomerName, PhoneNumber, Email, Gender, SSID, ID_Card) VALUES (164, 'Thomas Cooper', '8573758618', 'gcooper@example.net', 'F', '5247845032', 164);
INSERT INTO CUSTOMER (ID_Customer, CustomerName, PhoneNumber, Email, Gender, SSID, ID_Card) VALUES (165, 'Kevin Cohen', '2879073603', 'bushrachel@example.net', 'F', '9904920594', 165);
INSERT INTO CUSTOMER (ID_Customer, CustomerName, PhoneNumber, Email, Gender, SSID, ID_Card) VALUES (166, 'Julie Hopkins', '3271759798', 'uwilson@example.org', 'F', '3946620920', 166);
INSERT INTO CUSTOMER (ID_Customer, CustomerName, PhoneNumber, Email, Gender, SSID, ID_Card) VALUES (167, 'Morgan Hamilton', '9865873908', 'chris38@example.com', 'F', '1431690162', 167);
INSERT INTO CUSTOMER (ID_Customer, CustomerName, PhoneNumber, Email, Gender, SSID, ID_Card) VALUES (168, 'Laura Cobb', '3027368957', 'jasonarnold@example.net', 'F', '5610516717', 168);
INSERT INTO CUSTOMER (ID_Customer, CustomerName, PhoneNumber, Email, Gender, SSID, ID_Card) VALUES (169, 'Dustin Watkins', '4243638460', 'jason21@example.org', 'M', '4138593322', 169);
INSERT INTO CUSTOMER (ID_Customer, CustomerName, PhoneNumber, Email, Gender, SSID, ID_Card) VALUES (170, 'Dorothy Morris', '5309960730', 'newtonrachel@example.org', 'F', '0137574803', 170);
INSERT INTO CUSTOMER (ID_Customer, CustomerName, PhoneNumber, Email, Gender, SSID, ID_Card) VALUES (171, 'Bradley Perkins', '6104940567', 'hernandezelijah@example.net', 'F', '7014038407', 171);
INSERT INTO CUSTOMER (ID_Customer, CustomerName, PhoneNumber, Email, Gender, SSID, ID_Card) VALUES (172, 'Allison Mcdonald', '4406482984', 'adam64@example.net', 'M', '7743010293', 172);
INSERT INTO CUSTOMER (ID_Customer, CustomerName, PhoneNumber, Email, Gender, SSID, ID_Card) VALUES (173, 'Sarah Beck', '6508033449', 'kristindelgado@example.com', 'M', '0817655184', 173);
INSERT INTO CUSTOMER (ID_Customer, CustomerName, PhoneNumber, Email, Gender, SSID, ID_Card) VALUES (174, 'David Williams', '5627195001', 'dlong@example.net', 'F', '0649838109', 174);
INSERT INTO CUSTOMER (ID_Customer, CustomerName, PhoneNumber, Email, Gender, SSID, ID_Card) VALUES (175, 'Tiffany Nunez', '0587664435', 'pcalderon@example.net', 'F', '1157891329', 175);
INSERT INTO CUSTOMER (ID_Customer, CustomerName, PhoneNumber, Email, Gender, SSID, ID_Card) VALUES (176, 'Victoria Blanchard', '1569930395', 'samantha64@example.net', 'F', '4243309651', 176);
INSERT INTO CUSTOMER (ID_Customer, CustomerName, PhoneNumber, Email, Gender, SSID, ID_Card) VALUES (177, 'Seth Kennedy', '4525579607', 'bonnie53@example.com', 'M', '7623075233', 177);
INSERT INTO CUSTOMER (ID_Customer, CustomerName, PhoneNumber, Email, Gender, SSID, ID_Card) VALUES (178, 'Jessica Mckee', '5197350643', 'james06@example.net', 'F', '3322242747', 178);
INSERT INTO CUSTOMER (ID_Customer, CustomerName, PhoneNumber, Email, Gender, SSID, ID_Card) VALUES (179, 'Michael Morris', '7390249393', 'zacharystephens@example.net', 'M', '6238936879', 179);
INSERT INTO CUSTOMER (ID_Customer, CustomerName, PhoneNumber, Email, Gender, SSID, ID_Card) VALUES (180, 'Sara Hurst', '8883038664', 'pattersonrachel@example.org', 'M', '2616499156', 180);
INSERT INTO CUSTOMER (ID_Customer, CustomerName, PhoneNumber, Email, Gender, SSID, ID_Card) VALUES (181, 'Sean Murphy', '4742373649', 'mcclaincharles@example.net', 'F', '5785336543', 181);
INSERT INTO CUSTOMER (ID_Customer, CustomerName, PhoneNumber, Email, Gender, SSID, ID_Card) VALUES (182, 'Erin Young', '1863189273', 'tschultz@example.com', 'F', '0389283163', 182);
INSERT INTO CUSTOMER (ID_Customer, CustomerName, PhoneNumber, Email, Gender, SSID, ID_Card) VALUES (183, 'David Little', '9958823037', 'andrew39@example.org', 'F', '9825440338', 183);
INSERT INTO CUSTOMER (ID_Customer, CustomerName, PhoneNumber, Email, Gender, SSID, ID_Card) VALUES (184, 'Sarah Lewis', '2118529513', 'kjohnson@example.org', 'M', '3650960993', 184);
INSERT INTO CUSTOMER (ID_Customer, CustomerName, PhoneNumber, Email, Gender, SSID, ID_Card) VALUES (185, 'Ricky Thompson', '7521530241', 'sbaker@example.org', 'M', '9839470223', 185);
INSERT INTO CUSTOMER (ID_Customer, CustomerName, PhoneNumber, Email, Gender, SSID, ID_Card) VALUES (186, 'Bryan Miller', '8178327239', 'sarah62@example.org', 'M', '9562210005', 186);
INSERT INTO CUSTOMER (ID_Customer, CustomerName, PhoneNumber, Email, Gender, SSID, ID_Card) VALUES (187, 'Micheal Walters', '7872820499', 'elizabethzimmerman@example.com', 'F', '3679484142', 187);
INSERT INTO CUSTOMER (ID_Customer, CustomerName, PhoneNumber, Email, Gender, SSID, ID_Card) VALUES (188, 'Veronica Wiley', '5588638916', 'mitchellchristine@example.net', 'F', '0932563616', 188);
INSERT INTO CUSTOMER (ID_Customer, CustomerName, PhoneNumber, Email, Gender, SSID, ID_Card) VALUES (189, 'Kendra Hill', '6332511576', 'jeffreyvega@example.net', 'M', '8724027821', 189);
INSERT INTO CUSTOMER (ID_Customer, CustomerName, PhoneNumber, Email, Gender, SSID, ID_Card) VALUES (190, 'Robert Avery', '3422081520', 'drakejoel@example.com', 'M', '5704219538', 190);
INSERT INTO CUSTOMER (ID_Customer, CustomerName, PhoneNumber, Email, Gender, SSID, ID_Card) VALUES (191, 'Jared Johnson', '1475834008', 'zsanford@example.org', 'F', '3785973267', 191);
INSERT INTO CUSTOMER (ID_Customer, CustomerName, PhoneNumber, Email, Gender, SSID, ID_Card) VALUES (192, 'Jeremy Brady', '3591558546', 'dicksonjennifer@example.net', 'M', '3985377960', 192);
INSERT INTO CUSTOMER (ID_Customer, CustomerName, PhoneNumber, Email, Gender, SSID, ID_Card) VALUES (193, 'Logan Gentry DDS', '2279795627', 'harpereugene@example.net', 'F', '0049556768', 193);
INSERT INTO CUSTOMER (ID_Customer, CustomerName, PhoneNumber, Email, Gender, SSID, ID_Card) VALUES (194, 'Crystal Sherman', '6092112483', 'brentevans@example.com', 'F', '6248595025', 194);
INSERT INTO CUSTOMER (ID_Customer, CustomerName, PhoneNumber, Email, Gender, SSID, ID_Card) VALUES (195, 'Robert Larson', '8711704820', 'heathergibbs@example.net', 'F', '9853086441', 195);
INSERT INTO CUSTOMER (ID_Customer, CustomerName, PhoneNumber, Email, Gender, SSID, ID_Card) VALUES (196, 'Christine Mendoza', '4961587899', 'ymorse@example.com', 'F', '6243894908', 196);
INSERT INTO CUSTOMER (ID_Customer, CustomerName, PhoneNumber, Email, Gender, SSID, ID_Card) VALUES (197, 'Brittany Walsh', '4217457852', 'ltrevino@example.net', 'M', '8246309162', 197);
INSERT INTO CUSTOMER (ID_Customer, CustomerName, PhoneNumber, Email, Gender, SSID, ID_Card) VALUES (198, 'Lisa Montgomery', '6719859817', 'hollywatson@example.org', 'F', '8425580891', 198);
INSERT INTO CUSTOMER (ID_Customer, CustomerName, PhoneNumber, Email, Gender, SSID, ID_Card) VALUES (199, 'Jessica Hendricks', '2024460127', 'isabeldavis@example.net', 'M', '2478390319', 199);
INSERT INTO CUSTOMER (ID_Customer, CustomerName, PhoneNumber, Email, Gender, SSID, ID_Card) VALUES (200, 'Alejandro Allen', '0924427517', 'craigcassidy@example.net', 'F', '9522260168', 200);
INSERT INTO CUSTOMER (ID_Customer, CustomerName, PhoneNumber, Email, Gender, SSID, ID_Card) VALUES (201, 'Lorraine Foster', '0313641306', 'linda72@example.org', 'F', '3718122325', 201);
INSERT INTO CUSTOMER (ID_Customer, CustomerName, PhoneNumber, Email, Gender, SSID, ID_Card) VALUES (202, 'Katelyn Jordan', '1930807854', 'cbrock@example.org', 'M', '4336045016', 202);
INSERT INTO CUSTOMER (ID_Customer, CustomerName, PhoneNumber, Email, Gender, SSID, ID_Card) VALUES (203, 'Austin Adams', '8207596692', 'tracy40@example.org', 'F', '4365745268', 203);
INSERT INTO CUSTOMER (ID_Customer, CustomerName, PhoneNumber, Email, Gender, SSID, ID_Card) VALUES (204, 'Courtney James', '5946327056', 'johnwatts@example.com', 'F', '8657919485', 204);
INSERT INTO CUSTOMER (ID_Customer, CustomerName, PhoneNumber, Email, Gender, SSID, ID_Card) VALUES (205, 'Kristina Ochoa', '1660852637', 'wilsonerica@example.net', 'F', '0114524813', 205);
INSERT INTO CUSTOMER (ID_Customer, CustomerName, PhoneNumber, Email, Gender, SSID, ID_Card) VALUES (206, 'Jesse Miller', '0402584401', 'ubenitez@example.org', 'F', '5537283799', 206);
INSERT INTO CUSTOMER (ID_Customer, CustomerName, PhoneNumber, Email, Gender, SSID, ID_Card) VALUES (207, 'Dylan Wiggins', '0243618881', 'andrew88@example.net', 'M', '0033669265', 207);
INSERT INTO CUSTOMER (ID_Customer, CustomerName, PhoneNumber, Email, Gender, SSID, ID_Card) VALUES (208, 'Miss Anna Ray', '0168105867', 'allison44@example.com', 'F', '4241235995', 208);
INSERT INTO CUSTOMER (ID_Customer, CustomerName, PhoneNumber, Email, Gender, SSID, ID_Card) VALUES (209, 'Donald Roberson', '2259343725', 'philip29@example.com', 'F', '4214821453', 209);
INSERT INTO CUSTOMER (ID_Customer, CustomerName, PhoneNumber, Email, Gender, SSID, ID_Card) VALUES (210, 'Tonya Marquez', '3626577854', 'mcneilamy@example.com', 'F', '2775216012', 210);
INSERT INTO CUSTOMER (ID_Customer, CustomerName, PhoneNumber, Email, Gender, SSID, ID_Card) VALUES (211, 'Matthew Jenkins', '4323946420', 'richard74@example.org', 'M', '7105165780', 211);
INSERT INTO CUSTOMER (ID_Customer, CustomerName, PhoneNumber, Email, Gender, SSID, ID_Card) VALUES (212, 'Eric Myers', '6325298318', 'davidholt@example.com', 'F', '8164498956', 212);
INSERT INTO CUSTOMER (ID_Customer, CustomerName, PhoneNumber, Email, Gender, SSID, ID_Card) VALUES (213, 'Michael Brown', '6284172006', 'jeremy30@example.net', 'M', '5338976479', 213);
INSERT INTO CUSTOMER (ID_Customer, CustomerName, PhoneNumber, Email, Gender, SSID, ID_Card) VALUES (214, 'Jason York', '4188664449', 'zsmith@example.org', 'F', '4505554179', 214);
INSERT INTO CUSTOMER (ID_Customer, CustomerName, PhoneNumber, Email, Gender, SSID, ID_Card) VALUES (215, 'Christian Hodge', '7752517407', 'cartermarie@example.com', 'M', '6605367213', 215);
INSERT INTO CUSTOMER (ID_Customer, CustomerName, PhoneNumber, Email, Gender, SSID, ID_Card) VALUES (216, 'Michelle Reynolds', '4412573909', 'andrewgarner@example.com', 'F', '1357034891', 216);
INSERT INTO CUSTOMER (ID_Customer, CustomerName, PhoneNumber, Email, Gender, SSID, ID_Card) VALUES (217, 'Cassandra Dorsey', '1798937223', 'geraldlester@example.org', 'F', '1211323746', 217);
INSERT INTO CUSTOMER (ID_Customer, CustomerName, PhoneNumber, Email, Gender, SSID, ID_Card) VALUES (218, 'Richard Morales', '3766129054', 'nicholaswilson@example.com', 'M', '1673583469', 218);
INSERT INTO CUSTOMER (ID_Customer, CustomerName, PhoneNumber, Email, Gender, SSID, ID_Card) VALUES (219, 'Ian Decker', '5195639546', 'wesleysampson@example.com', 'F', '6765988953', 219);
INSERT INTO CUSTOMER (ID_Customer, CustomerName, PhoneNumber, Email, Gender, SSID, ID_Card) VALUES (220, 'Aaron Brooks', '8191796475', 'haley42@example.org', 'F', '9055948598', 220);
INSERT INTO CUSTOMER (ID_Customer, CustomerName, PhoneNumber, Email, Gender, SSID, ID_Card) VALUES (221, 'Drew Smith', '1720876300', 'gwilliams@example.net', 'F', '3483538557', 221);
INSERT INTO CUSTOMER (ID_Customer, CustomerName, PhoneNumber, Email, Gender, SSID, ID_Card) VALUES (222, 'James Ware', '8974634515', 'ndodson@example.org', 'F', '2439055401', 222);
INSERT INTO CUSTOMER (ID_Customer, CustomerName, PhoneNumber, Email, Gender, SSID, ID_Card) VALUES (223, 'Dr. Brenda Torres', '3425772980', 'lisa42@example.org', 'M', '0574005668', 223);
INSERT INTO CUSTOMER (ID_Customer, CustomerName, PhoneNumber, Email, Gender, SSID, ID_Card) VALUES (224, 'Nicholas Williams', '9781582837', 'donna16@example.com', 'F', '7140740731', 224);
INSERT INTO CUSTOMER (ID_Customer, CustomerName, PhoneNumber, Email, Gender, SSID, ID_Card) VALUES (225, 'Theresa Torres', '7787592831', 'jeffreyjackson@example.net', 'M', '5204371459', 225);
INSERT INTO CUSTOMER (ID_Customer, CustomerName, PhoneNumber, Email, Gender, SSID, ID_Card) VALUES (226, 'Heidi Smith', '4473222464', 'pwoods@example.org', 'F', '1663151105', 226);
INSERT INTO CUSTOMER (ID_Customer, CustomerName, PhoneNumber, Email, Gender, SSID, ID_Card) VALUES (227, 'Mark Morrison MD', '8708122900', 'nbenjamin@example.com', 'M', '7658471613', 227);
INSERT INTO CUSTOMER (ID_Customer, CustomerName, PhoneNumber, Email, Gender, SSID, ID_Card) VALUES (228, 'Debra Adkins', '8420529998', 'btaylor@example.org', 'M', '3293593013', 228);
INSERT INTO CUSTOMER (ID_Customer, CustomerName, PhoneNumber, Email, Gender, SSID, ID_Card) VALUES (229, 'Maria Dominguez', '4260304934', 'frances81@example.com', 'M', '2776257654', 229);
INSERT INTO CUSTOMER (ID_Customer, CustomerName, PhoneNumber, Email, Gender, SSID, ID_Card) VALUES (230, 'Brian Allen', '8149282837', 'hperez@example.org', 'F', '8811104973', 230);
INSERT INTO CUSTOMER (ID_Customer, CustomerName, PhoneNumber, Email, Gender, SSID, ID_Card) VALUES (231, 'Miss Dana Jones', '1404628738', 'robbinssarah@example.com', 'M', '8306175554', 231);
INSERT INTO CUSTOMER (ID_Customer, CustomerName, PhoneNumber, Email, Gender, SSID, ID_Card) VALUES (232, 'Kara Thomas', '0100763149', 'alexandermartinez@example.org', 'M', '1627021211', 232);
INSERT INTO CUSTOMER (ID_Customer, CustomerName, PhoneNumber, Email, Gender, SSID, ID_Card) VALUES (233, 'Linda Bailey', '7027249961', 'mahoneykathryn@example.org', 'F', '7634599088', 233);
INSERT INTO CUSTOMER (ID_Customer, CustomerName, PhoneNumber, Email, Gender, SSID, ID_Card) VALUES (234, 'Jonathan Martinez', '0725329040', 'john97@example.net', 'M', '2820038312', 234);
INSERT INTO CUSTOMER (ID_Customer, CustomerName, PhoneNumber, Email, Gender, SSID, ID_Card) VALUES (235, 'Felicia Thompson', '5397522777', 'terri43@example.com', 'M', '7972012310', 235);
INSERT INTO CUSTOMER (ID_Customer, CustomerName, PhoneNumber, Email, Gender, SSID, ID_Card) VALUES (236, 'Samantha Bond', '5047034349', 'ckennedy@example.org', 'F', '1598620015', 236);
INSERT INTO CUSTOMER (ID_Customer, CustomerName, PhoneNumber, Email, Gender, SSID, ID_Card) VALUES (237, 'Phillip Weiss PhD', '8197013513', 'atkinsthomas@example.com', 'M', '1739181642', 237);
INSERT INTO CUSTOMER (ID_Customer, CustomerName, PhoneNumber, Email, Gender, SSID, ID_Card) VALUES (238, 'Katherine Freeman', '4642061982', 'april16@example.org', 'M', '7892010983', 238);
INSERT INTO CUSTOMER (ID_Customer, CustomerName, PhoneNumber, Email, Gender, SSID, ID_Card) VALUES (239, 'Glen Johnson', '8189418686', 'kimberly98@example.net', 'M', '0531581819', 239);
INSERT INTO CUSTOMER (ID_Customer, CustomerName, PhoneNumber, Email, Gender, SSID, ID_Card) VALUES (240, 'Cody Malone', '3986039990', 'tphillips@example.net', 'M', '9153123192', 240);
INSERT INTO CUSTOMER (ID_Customer, CustomerName, PhoneNumber, Email, Gender, SSID, ID_Card) VALUES (241, 'Tracy Brooks', '8570279494', 'nthomas@example.com', 'F', '4250900425', 241);
INSERT INTO CUSTOMER (ID_Customer, CustomerName, PhoneNumber, Email, Gender, SSID, ID_Card) VALUES (242, 'Leslie Carpenter', '2169537925', 'kimberlymoore@example.net', 'M', '4556826522', 242);
INSERT INTO CUSTOMER (ID_Customer, CustomerName, PhoneNumber, Email, Gender, SSID, ID_Card) VALUES (243, 'Marcia Downs', '2161348649', 'schroederangela@example.com', 'M', '1899825837', 243);
INSERT INTO CUSTOMER (ID_Customer, CustomerName, PhoneNumber, Email, Gender, SSID, ID_Card) VALUES (244, 'Kimberly Shah', '4589498116', 'ghicks@example.org', 'F', '7402268218', 244);
INSERT INTO CUSTOMER (ID_Customer, CustomerName, PhoneNumber, Email, Gender, SSID, ID_Card) VALUES (245, 'Angela Shelton', '3896902796', 'kevin68@example.com', 'F', '9402416500', 245);
INSERT INTO CUSTOMER (ID_Customer, CustomerName, PhoneNumber, Email, Gender, SSID, ID_Card) VALUES (246, 'Mitchell Mann', '9525584386', 'ginaanderson@example.org', 'F', '9275019875', 246);
INSERT INTO CUSTOMER (ID_Customer, CustomerName, PhoneNumber, Email, Gender, SSID, ID_Card) VALUES (247, 'Anthony Gardner', '6362821348', 'jennifer08@example.net', 'M', '6501356363', 247);
INSERT INTO CUSTOMER (ID_Customer, CustomerName, PhoneNumber, Email, Gender, SSID, ID_Card) VALUES (248, 'Patricia Serrano', '0266130311', 'donaldlester@example.org', 'M', '1024373612', 248);
INSERT INTO CUSTOMER (ID_Customer, CustomerName, PhoneNumber, Email, Gender, SSID, ID_Card) VALUES (249, 'Laura Fisher', '0598539222', 'ericgarcia@example.org', 'F', '9044103546', 249);
INSERT INTO CUSTOMER (ID_Customer, CustomerName, PhoneNumber, Email, Gender, SSID, ID_Card) VALUES (250, 'Sarah Jenkins', '5035713623', 'juangonzalez@example.org', 'F', '9500559943', 250);
INSERT INTO REVIEW (ID_Review, ServiceScore, FoodScore, BranchScore, PriceScore, Comment) VALUES (35, 1, 4, 2, 4, 'City source to right that.');
INSERT INTO REVIEW (ID_Review, ServiceScore, FoodScore, BranchScore, PriceScore, Comment) VALUES (22, 5, 2, 4, 1, 'Training hospital week arm why girl door.');
INSERT INTO REVIEW (ID_Review, ServiceScore, FoodScore, BranchScore, PriceScore, Comment) VALUES (39, 3, 1, 5, 1, 'Per cup although.');
INSERT INTO REVIEW (ID_Review, ServiceScore, FoodScore, BranchScore, PriceScore, Comment) VALUES (37, 5, 2, 4, 5, 'Theory production most usually.');
INSERT INTO REVIEW (ID_Review, ServiceScore, FoodScore, BranchScore, PriceScore, Comment) VALUES (21, 4, 3, 1, 3, 'Game partner test audience.');
INSERT INTO REVIEW (ID_Review, ServiceScore, FoodScore, BranchScore, PriceScore, Comment) VALUES (3, 5, 5, 1, 1, 'Ago spring send adult.');
INSERT INTO REVIEW (ID_Review, ServiceScore, FoodScore, BranchScore, PriceScore, Comment) VALUES (29, 2, 2, 5, 4, 'Particular would program style pick artist pass participant.');
INSERT INTO REVIEW (ID_Review, ServiceScore, FoodScore, BranchScore, PriceScore, Comment) VALUES (7, 3, 2, 2, 2, 'Ground raise billion project for environment.');
INSERT INTO REVIEW (ID_Review, ServiceScore, FoodScore, BranchScore, PriceScore, Comment) VALUES (32, 5, 5, 4, 5, 'Interview medical magazine realize be audience seat.');
INSERT INTO REVIEW (ID_Review, ServiceScore, FoodScore, BranchScore, PriceScore, Comment) VALUES (8, 1, 2, 4, 4, 'Realize simply his school two professional able.');
INSERT INTO REVIEW (ID_Review, ServiceScore, FoodScore, BranchScore, PriceScore, Comment) VALUES (36, 1, 3, 1, 5, 'Join camera guess poor job thousand.');
INSERT INTO REVIEW (ID_Review, ServiceScore, FoodScore, BranchScore, PriceScore, Comment) VALUES (18, 4, 1, 5, 3, 'Why less turn thousand.');
INSERT INTO REVIEW (ID_Review, ServiceScore, FoodScore, BranchScore, PriceScore, Comment) VALUES (10, 2, 3, 5, 4, 'Life drug attack your continue want.');
INSERT INTO REVIEW (ID_Review, ServiceScore, FoodScore, BranchScore, PriceScore, Comment) VALUES (23, 1, 1, 1, 3, 'Congress bar exist cell impact develop fear stop.');
INSERT INTO REVIEW (ID_Review, ServiceScore, FoodScore, BranchScore, PriceScore, Comment) VALUES (31, 5, 5, 1, 2, 'Idea artist economy here behind sound.');
INSERT INTO REVIEW (ID_Review, ServiceScore, FoodScore, BranchScore, PriceScore, Comment) VALUES (17, 4, 1, 1, 1, 'Own especially might cost which their institution.');
INSERT INTO REVIEW (ID_Review, ServiceScore, FoodScore, BranchScore, PriceScore, Comment) VALUES (30, 4, 2, 1, 3, 'Who name little common kind attention.');
INSERT INTO REVIEW (ID_Review, ServiceScore, FoodScore, BranchScore, PriceScore, Comment) VALUES (1, 2, 5, 4, 3, 'Different of know general of physical.');
INSERT INTO REVIEW (ID_Review, ServiceScore, FoodScore, BranchScore, PriceScore, Comment) VALUES (4, 1, 3, 5, 4, 'Friend although hear government.');
INSERT INTO REVIEW (ID_Review, ServiceScore, FoodScore, BranchScore, PriceScore, Comment) VALUES (5, 3, 2, 4, 3, 'Agent task authority go.');
INSERT INTO REVIEW (ID_Review, ServiceScore, FoodScore, BranchScore, PriceScore, Comment) VALUES (20, 3, 2, 4, 2, 'Finish affect price special.');
INSERT INTO REVIEW (ID_Review, ServiceScore, FoodScore, BranchScore, PriceScore, Comment) VALUES (11, 5, 3, 2, 2, 'On firm age without since production ten.');
INSERT INTO REVIEW (ID_Review, ServiceScore, FoodScore, BranchScore, PriceScore, Comment) VALUES (41, 1, 2, 3, 2, 'Crime surface maintain technology trip wait.');
INSERT INTO REVIEW (ID_Review, ServiceScore, FoodScore, BranchScore, PriceScore, Comment) VALUES (26, 1, 4, 5, 1, 'Small boy career deep cause administration.');
INSERT INTO REVIEW (ID_Review, ServiceScore, FoodScore, BranchScore, PriceScore, Comment) VALUES (34, 4, 1, 4, 1, 'Glass respond lead rule quite.');
INSERT INTO REVIEW (ID_Review, ServiceScore, FoodScore, BranchScore, PriceScore, Comment) VALUES (6, 1, 5, 5, 3, 'Success country end skill whose weight pull me.');
INSERT INTO REVIEW (ID_Review, ServiceScore, FoodScore, BranchScore, PriceScore, Comment) VALUES (9, 3, 5, 3, 4, 'Treat less chance artist majority.');
INSERT INTO REVIEW (ID_Review, ServiceScore, FoodScore, BranchScore, PriceScore, Comment) VALUES (27, 4, 2, 4, 2, 'So tell war reflect threat.');
INSERT INTO REVIEW (ID_Review, ServiceScore, FoodScore, BranchScore, PriceScore, Comment) VALUES (19, 2, 5, 5, 1, 'White huge station.');
INSERT INTO REVIEW (ID_Review, ServiceScore, FoodScore, BranchScore, PriceScore, Comment) VALUES (14, 3, 2, 3, 5, 'Top road morning.');
INSERT INTO REVIEW (ID_Review, ServiceScore, FoodScore, BranchScore, PriceScore, Comment) VALUES (40, 1, 5, 3, 2, 'Material wind leave.');
INSERT INTO REVIEW (ID_Review, ServiceScore, FoodScore, BranchScore, PriceScore, Comment) VALUES (16, 4, 2, 1, 3, 'Certain response require somebody approach.');
INSERT INTO REVIEW (ID_Review, ServiceScore, FoodScore, BranchScore, PriceScore, Comment) VALUES (2, 1, 3, 4, 5, 'Effect trouble fact likely officer.');
INSERT INTO REVIEW (ID_Review, ServiceScore, FoodScore, BranchScore, PriceScore, Comment) VALUES (28, 5, 5, 2, 5, 'Really nice analysis unit reveal four speech.');
INSERT INTO REVIEW (ID_Review, ServiceScore, FoodScore, BranchScore, PriceScore, Comment) VALUES (12, 2, 4, 3, 5, 'War meet everybody social staff.');
INSERT INTO REVIEW (ID_Review, ServiceScore, FoodScore, BranchScore, PriceScore, Comment) VALUES (13, 1, 1, 4, 4, 'Business by wonder that character rule.');
INSERT INTO REVIEW (ID_Review, ServiceScore, FoodScore, BranchScore, PriceScore, Comment) VALUES (33, 5, 4, 5, 1, 'Behind along support media focus necessary measure.');
INSERT INTO REVIEW (ID_Review, ServiceScore, FoodScore, BranchScore, PriceScore, Comment) VALUES (24, 5, 4, 1, 4, 'His send fly think easy product.');
INSERT INTO REVIEW (ID_Review, ServiceScore, FoodScore, BranchScore, PriceScore, Comment) VALUES (15, 1, 4, 3, 4, 'Song answer wide fear.');
INSERT INTO REVIEW (ID_Review, ServiceScore, FoodScore, BranchScore, PriceScore, Comment) VALUES (38, 4, 1, 1, 2, 'Baby central mention ground power job yet.');
INSERT INTO REVIEW (ID_Review, ServiceScore, FoodScore, BranchScore, PriceScore, Comment) VALUES (36, 5, 5, 1, 1, 'Evening behavior camera order view list.');
INSERT INTO REVIEW (ID_Review, ServiceScore, FoodScore, BranchScore, PriceScore, Comment) VALUES (32, 2, 1, 1, 2, 'Kind skill take detail town forget.');
INSERT INTO REVIEW (ID_Review, ServiceScore, FoodScore, BranchScore, PriceScore, Comment) VALUES (29, 4, 5, 1, 1, 'Respond add six lay turn economy including.');
INSERT INTO REVIEW (ID_Review, ServiceScore, FoodScore, BranchScore, PriceScore, Comment) VALUES (8, 3, 2, 3, 1, 'Central body why support issue word.');
INSERT INTO REVIEW (ID_Review, ServiceScore, FoodScore, BranchScore, PriceScore, Comment) VALUES (17, 5, 2, 1, 4, 'Loss near know actually night watch who.');
INSERT INTO REVIEW (ID_Review, ServiceScore, FoodScore, BranchScore, PriceScore, Comment) VALUES (33, 2, 2, 4, 5, 'Would sense month offer.');
INSERT INTO REVIEW (ID_Review, ServiceScore, FoodScore, BranchScore, PriceScore, Comment) VALUES (5, 4, 4, 5, 4, 'South factor week establish already hour special.');
INSERT INTO REVIEW (ID_Review, ServiceScore, FoodScore, BranchScore, PriceScore, Comment) VALUES (12, 2, 5, 2, 2, 'This act drug.');
INSERT INTO REVIEW (ID_Review, ServiceScore, FoodScore, BranchScore, PriceScore, Comment) VALUES (41, 2, 1, 5, 3, 'Single doctor according lead success resource star.');
INSERT INTO REVIEW (ID_Review, ServiceScore, FoodScore, BranchScore, PriceScore, Comment) VALUES (6, 4, 3, 1, 4, 'Remain manager yard I yeah every record.');
INSERT INTO REVIEW (ID_Review, ServiceScore, FoodScore, BranchScore, PriceScore, Comment) VALUES (7, 4, 5, 4, 5, 'Shake officer these film develop determine.');
INSERT INTO REVIEW (ID_Review, ServiceScore, FoodScore, BranchScore, PriceScore, Comment) VALUES (13, 3, 4, 2, 3, 'Notice ability answer approach him character.');
INSERT INTO REVIEW (ID_Review, ServiceScore, FoodScore, BranchScore, PriceScore, Comment) VALUES (10, 1, 2, 3, 2, 'Reduce fire still clearly civil.');
INSERT INTO REVIEW (ID_Review, ServiceScore, FoodScore, BranchScore, PriceScore, Comment) VALUES (38, 2, 2, 1, 1, 'Trade her church.');
INSERT INTO REVIEW (ID_Review, ServiceScore, FoodScore, BranchScore, PriceScore, Comment) VALUES (23, 4, 1, 5, 3, 'Ten child despite seven friend.');
INSERT INTO REVIEW (ID_Review, ServiceScore, FoodScore, BranchScore, PriceScore, Comment) VALUES (9, 3, 4, 4, 1, 'Most several side report here.');
INSERT INTO REVIEW (ID_Review, ServiceScore, FoodScore, BranchScore, PriceScore, Comment) VALUES (4, 2, 4, 2, 2, 'Music which close play.');
INSERT INTO REVIEW (ID_Review, ServiceScore, FoodScore, BranchScore, PriceScore, Comment) VALUES (1, 1, 1, 1, 4, 'Including much attorney city significant probably.');
INSERT INTO REVIEW (ID_Review, ServiceScore, FoodScore, BranchScore, PriceScore, Comment) VALUES (20, 4, 3, 5, 3, 'Doctor machine true forget return.');
INSERT INTO REVIEW (ID_Review, ServiceScore, FoodScore, BranchScore, PriceScore, Comment) VALUES (2, 2, 3, 3, 2, 'Direction big radio light window politics physical.');
INSERT INTO REVIEW (ID_Review, ServiceScore, FoodScore, BranchScore, PriceScore, Comment) VALUES (18, 5, 1, 3, 2, 'Consumer cold such offer name growth able movie.');
INSERT INTO REVIEW (ID_Review, ServiceScore, FoodScore, BranchScore, PriceScore, Comment) VALUES (26, 3, 4, 1, 1, 'Employee main mother water husband analysis off discussion.');
INSERT INTO REVIEW (ID_Review, ServiceScore, FoodScore, BranchScore, PriceScore, Comment) VALUES (40, 3, 2, 3, 5, 'Have skill window value wind task.');
INSERT INTO REVIEW (ID_Review, ServiceScore, FoodScore, BranchScore, PriceScore, Comment) VALUES (27, 3, 4, 2, 5, 'Where national several none relationship need country.');
INSERT INTO REVIEW (ID_Review, ServiceScore, FoodScore, BranchScore, PriceScore, Comment) VALUES (25, 3, 2, 1, 5, 'Current test cut none miss indicate.');
INSERT INTO REVIEW (ID_Review, ServiceScore, FoodScore, BranchScore, PriceScore, Comment) VALUES (11, 2, 3, 2, 2, 'Test see relate.');
INSERT INTO REVIEW (ID_Review, ServiceScore, FoodScore, BranchScore, PriceScore, Comment) VALUES (3, 2, 2, 2, 3, 'Buy listen able again hit daughter two.');
INSERT INTO REVIEW (ID_Review, ServiceScore, FoodScore, BranchScore, PriceScore, Comment) VALUES (24, 3, 4, 2, 1, 'Rock learn likely.');
INSERT INTO REVIEW (ID_Review, ServiceScore, FoodScore, BranchScore, PriceScore, Comment) VALUES (21, 1, 2, 3, 4, 'Between opportunity night feel expert.');
INSERT INTO REVIEW (ID_Review, ServiceScore, FoodScore, BranchScore, PriceScore, Comment) VALUES (31, 2, 5, 5, 4, 'Bag wall direction imagine program word financial.');
INSERT INTO REVIEW (ID_Review, ServiceScore, FoodScore, BranchScore, PriceScore, Comment) VALUES (34, 1, 2, 2, 1, 'Month determine break cup dinner.');
INSERT INTO REVIEW (ID_Review, ServiceScore, FoodScore, BranchScore, PriceScore, Comment) VALUES (28, 1, 4, 2, 1, 'Do beat area program.');
INSERT INTO REVIEW (ID_Review, ServiceScore, FoodScore, BranchScore, PriceScore, Comment) VALUES (37, 4, 1, 4, 2, 'Though speech same think some student return.');
INSERT INTO REVIEW (ID_Review, ServiceScore, FoodScore, BranchScore, PriceScore, Comment) VALUES (14, 1, 5, 3, 4, 'Window sense partner single test peace.');
INSERT INTO REVIEW (ID_Review, ServiceScore, FoodScore, BranchScore, PriceScore, Comment) VALUES (16, 3, 2, 4, 1, 'Smile standard raise someone.');
INSERT INTO REVIEW (ID_Review, ServiceScore, FoodScore, BranchScore, PriceScore, Comment) VALUES (30, 5, 3, 2, 2, 'Life past arm management.');
INSERT INTO REVIEW (ID_Review, ServiceScore, FoodScore, BranchScore, PriceScore, Comment) VALUES (39, 2, 2, 1, 2, 'One police paper task focus.');
INSERT INTO REVIEW (ID_Review, ServiceScore, FoodScore, BranchScore, PriceScore, Comment) VALUES (19, 5, 4, 2, 5, 'There arm through remain war television.');
INSERT INTO REVIEW (ID_Review, ServiceScore, FoodScore, BranchScore, PriceScore, Comment) VALUES (35, 4, 4, 2, 1, 'Collection force current evidence type get.');
INSERT INTO REVIEW (ID_Review, ServiceScore, FoodScore, BranchScore, PriceScore, Comment) VALUES (22, 1, 2, 1, 3, 'Fund job factor product wonder.');
INSERT INTO REVIEW (ID_Review, ServiceScore, FoodScore, BranchScore, PriceScore, Comment) VALUES (7, 4, 5, 3, 5, 'Age special chair law above college man.');
INSERT INTO REVIEW (ID_Review, ServiceScore, FoodScore, BranchScore, PriceScore, Comment) VALUES (13, 2, 2, 4, 5, 'Campaign whom trouble.');
INSERT INTO REVIEW (ID_Review, ServiceScore, FoodScore, BranchScore, PriceScore, Comment) VALUES (20, 4, 3, 5, 4, 'Environment since force win somebody religious out.');
INSERT INTO REVIEW (ID_Review, ServiceScore, FoodScore, BranchScore, PriceScore, Comment) VALUES (4, 1, 4, 1, 2, 'Work worry natural compare center tend indicate.');
INSERT INTO REVIEW (ID_Review, ServiceScore, FoodScore, BranchScore, PriceScore, Comment) VALUES (9, 1, 2, 2, 4, 'Yeah some office effect yourself.');
INSERT INTO REVIEW (ID_Review, ServiceScore, FoodScore, BranchScore, PriceScore, Comment) VALUES (38, 3, 1, 4, 1, 'Too including clear suddenly address beautiful.');
INSERT INTO REVIEW (ID_Review, ServiceScore, FoodScore, BranchScore, PriceScore, Comment) VALUES (37, 1, 5, 5, 5, 'Represent particularly control hand treatment usually.');
INSERT INTO REVIEW (ID_Review, ServiceScore, FoodScore, BranchScore, PriceScore, Comment) VALUES (32, 1, 3, 4, 1, 'Others strong may want.');
INSERT INTO REVIEW (ID_Review, ServiceScore, FoodScore, BranchScore, PriceScore, Comment) VALUES (24, 5, 1, 4, 4, 'Tell feeling open design paper worker.');
INSERT INTO REVIEW (ID_Review, ServiceScore, FoodScore, BranchScore, PriceScore, Comment) VALUES (22, 3, 1, 5, 1, 'Degree serve item nor science successful.');
INSERT INTO REVIEW (ID_Review, ServiceScore, FoodScore, BranchScore, PriceScore, Comment) VALUES (29, 3, 5, 1, 2, 'Experience approach list year seem.');
INSERT INTO REVIEW (ID_Review, ServiceScore, FoodScore, BranchScore, PriceScore, Comment) VALUES (11, 1, 1, 5, 2, 'Fund far answer particularly doctor say hard.');
INSERT INTO REVIEW (ID_Review, ServiceScore, FoodScore, BranchScore, PriceScore, Comment) VALUES (1, 5, 5, 3, 3, 'Nearly stuff hair fight.');
INSERT INTO REVIEW (ID_Review, ServiceScore, FoodScore, BranchScore, PriceScore, Comment) VALUES (18, 1, 1, 1, 5, 'Wife beat clearly condition important customer baby.');
INSERT INTO REVIEW (ID_Review, ServiceScore, FoodScore, BranchScore, PriceScore, Comment) VALUES (21, 5, 1, 1, 4, 'Head experience art live.');
INSERT INTO REVIEW (ID_Review, ServiceScore, FoodScore, BranchScore, PriceScore, Comment) VALUES (5, 3, 1, 5, 5, 'Later professor break several she.');
INSERT INTO REVIEW (ID_Review, ServiceScore, FoodScore, BranchScore, PriceScore, Comment) VALUES (25, 2, 4, 5, 4, 'Star now effect week dinner part.');
INSERT INTO REVIEW (ID_Review, ServiceScore, FoodScore, BranchScore, PriceScore, Comment) VALUES (31, 3, 1, 1, 2, 'Anyone something significant reach list.');
INSERT INTO REVIEW (ID_Review, ServiceScore, FoodScore, BranchScore, PriceScore, Comment) VALUES (6, 4, 5, 5, 5, 'Out policy agreement exist whom strategy box.');
INSERT INTO REVIEW (ID_Review, ServiceScore, FoodScore, BranchScore, PriceScore, Comment) VALUES (33, 2, 3, 3, 2, 'Customer different follow these great.');
INSERT INTO REVIEW (ID_Review, ServiceScore, FoodScore, BranchScore, PriceScore, Comment) VALUES (23, 1, 3, 1, 3, 'Success eight coach true walk response enough adult.');
INSERT INTO REVIEW (ID_Review, ServiceScore, FoodScore, BranchScore, PriceScore, Comment) VALUES (36, 5, 4, 2, 2, 'Say deep himself for put foreign.');
INSERT INTO REVIEW (ID_Review, ServiceScore, FoodScore, BranchScore, PriceScore, Comment) VALUES (14, 5, 4, 3, 5, 'Economic brother dark first whether.');
INSERT INTO REVIEW (ID_Review, ServiceScore, FoodScore, BranchScore, PriceScore, Comment) VALUES (39, 1, 3, 1, 1, 'Detail little along yourself firm recognize huge.');
INSERT INTO REVIEW (ID_Review, ServiceScore, FoodScore, BranchScore, PriceScore, Comment) VALUES (8, 3, 1, 5, 5, 'Such case stage character worry bring.');
INSERT INTO REVIEW (ID_Review, ServiceScore, FoodScore, BranchScore, PriceScore, Comment) VALUES (15, 2, 5, 1, 1, 'Even son hundred ten old million.');
INSERT INTO REVIEW (ID_Review, ServiceScore, FoodScore, BranchScore, PriceScore, Comment) VALUES (17, 2, 3, 3, 2, 'Hard sort respond quality lot buy sea.');
INSERT INTO REVIEW (ID_Review, ServiceScore, FoodScore, BranchScore, PriceScore, Comment) VALUES (30, 2, 3, 3, 2, 'Start produce south man member parent approach owner.');
INSERT INTO REVIEW (ID_Review, ServiceScore, FoodScore, BranchScore, PriceScore, Comment) VALUES (26, 1, 2, 5, 2, 'Center method memory site structure computer.');
INSERT INTO REVIEW (ID_Review, ServiceScore, FoodScore, BranchScore, PriceScore, Comment) VALUES (27, 4, 2, 3, 5, 'Into worry big arm chance sister.');
INSERT INTO REVIEW (ID_Review, ServiceScore, FoodScore, BranchScore, PriceScore, Comment) VALUES (12, 3, 3, 5, 3, 'Political list career what.');
INSERT INTO REVIEW (ID_Review, ServiceScore, FoodScore, BranchScore, PriceScore, Comment) VALUES (28, 2, 2, 1, 5, 'Near suddenly history night environmental.');
INSERT INTO REVIEW (ID_Review, ServiceScore, FoodScore, BranchScore, PriceScore, Comment) VALUES (3, 3, 1, 5, 5, 'Example site leave speech.');
INSERT INTO REVIEW (ID_Review, ServiceScore, FoodScore, BranchScore, PriceScore, Comment) VALUES (10, 5, 3, 3, 2, 'Visit book if energy prevent store movement eye.');
INSERT INTO REVIEW (ID_Review, ServiceScore, FoodScore, BranchScore, PriceScore, Comment) VALUES (34, 4, 1, 3, 1, 'Interesting actually leader matter.');
INSERT INTO REVIEW (ID_Review, ServiceScore, FoodScore, BranchScore, PriceScore, Comment) VALUES (16, 1, 2, 3, 1, 'Offer dinner could itself budget son.');
INSERT INTO REVIEW (ID_Review, ServiceScore, FoodScore, BranchScore, PriceScore, Comment) VALUES (40, 2, 4, 5, 4, 'Meet despite population entire choice.');
INSERT INTO REVIEW (ID_Review, ServiceScore, FoodScore, BranchScore, PriceScore, Comment) VALUES (19, 1, 5, 1, 1, 'Myself important early dog region almost seat.');
INSERT INTO REVIEW (ID_Review, ServiceScore, FoodScore, BranchScore, PriceScore, Comment) VALUES (2, 1, 1, 1, 1, 'Recent upon while hit include view rock.');
INSERT INTO REVIEW (ID_Review, ServiceScore, FoodScore, BranchScore, PriceScore, Comment) VALUES (41, 2, 3, 3, 5, 'Professional baby bill hear.');
INSERT INTO REVIEW (ID_Review, ServiceScore, FoodScore, BranchScore, PriceScore, Comment) VALUES (8, 1, 5, 1, 4, 'Affect phone help admit buy you.');
INSERT INTO REVIEW (ID_Review, ServiceScore, FoodScore, BranchScore, PriceScore, Comment) VALUES (1, 4, 4, 3, 1, 'Month school hotel same six.');
INSERT INTO REVIEW (ID_Review, ServiceScore, FoodScore, BranchScore, PriceScore, Comment) VALUES (11, 4, 2, 5, 2, 'Line claim expect policy fish do.');
INSERT INTO REVIEW (ID_Review, ServiceScore, FoodScore, BranchScore, PriceScore, Comment) VALUES (28, 3, 4, 5, 3, 'Rise wear view feeling fast.');
INSERT INTO REVIEW (ID_Review, ServiceScore, FoodScore, BranchScore, PriceScore, Comment) VALUES (19, 4, 5, 4, 5, 'Food attack from main about determine.');
INSERT INTO REVIEW (ID_Review, ServiceScore, FoodScore, BranchScore, PriceScore, Comment) VALUES (36, 4, 5, 2, 1, 'Dog as security full.');
INSERT INTO REVIEW (ID_Review, ServiceScore, FoodScore, BranchScore, PriceScore, Comment) VALUES (40, 4, 1, 3, 2, 'Art fall prevent.');
INSERT INTO REVIEW (ID_Review, ServiceScore, FoodScore, BranchScore, PriceScore, Comment) VALUES (20, 5, 2, 1, 4, 'Dinner management ask treat act wide pattern.');
INSERT INTO REVIEW (ID_Review, ServiceScore, FoodScore, BranchScore, PriceScore, Comment) VALUES (21, 4, 1, 2, 2, 'Early character well police single local me.');
INSERT INTO REVIEW (ID_Review, ServiceScore, FoodScore, BranchScore, PriceScore, Comment) VALUES (33, 2, 2, 4, 5, 'Chance policy clearly big election consumer.');
INSERT INTO REVIEW (ID_Review, ServiceScore, FoodScore, BranchScore, PriceScore, Comment) VALUES (30, 5, 3, 1, 4, 'Term no whole throughout produce.');
INSERT INTO REVIEW (ID_Review, ServiceScore, FoodScore, BranchScore, PriceScore, Comment) VALUES (3, 4, 5, 5, 5, 'Strategy administration manager drop.');
INSERT INTO REVIEW (ID_Review, ServiceScore, FoodScore, BranchScore, PriceScore, Comment) VALUES (2, 5, 3, 3, 2, 'She tell include none deep.');
INSERT INTO REVIEW (ID_Review, ServiceScore, FoodScore, BranchScore, PriceScore, Comment) VALUES (26, 4, 5, 1, 2, 'Camera brother computer feeling important almost old.');
INSERT INTO REVIEW (ID_Review, ServiceScore, FoodScore, BranchScore, PriceScore, Comment) VALUES (9, 5, 2, 2, 3, 'Whose soldier style year green right.');
INSERT INTO REVIEW (ID_Review, ServiceScore, FoodScore, BranchScore, PriceScore, Comment) VALUES (16, 5, 2, 3, 2, 'Want spring challenge movement grow level region crime.');
INSERT INTO REVIEW (ID_Review, ServiceScore, FoodScore, BranchScore, PriceScore, Comment) VALUES (7, 4, 1, 2, 2, 'Key live group upon.');
INSERT INTO REVIEW (ID_Review, ServiceScore, FoodScore, BranchScore, PriceScore, Comment) VALUES (10, 3, 5, 4, 2, 'Southern cold the example.');
INSERT INTO REVIEW (ID_Review, ServiceScore, FoodScore, BranchScore, PriceScore, Comment) VALUES (17, 3, 4, 2, 2, 'Blue while tax.');
INSERT INTO REVIEW (ID_Review, ServiceScore, FoodScore, BranchScore, PriceScore, Comment) VALUES (39, 4, 5, 2, 5, 'Two bank amount.');
INSERT INTO REVIEW (ID_Review, ServiceScore, FoodScore, BranchScore, PriceScore, Comment) VALUES (37, 4, 1, 2, 1, 'Spend than leg gas phone unit half.');
INSERT INTO REVIEW (ID_Review, ServiceScore, FoodScore, BranchScore, PriceScore, Comment) VALUES (31, 1, 4, 2, 3, 'Miss begin explain order recent any.');
INSERT INTO REVIEW (ID_Review, ServiceScore, FoodScore, BranchScore, PriceScore, Comment) VALUES (29, 5, 2, 1, 4, 'Per wonder small.');
INSERT INTO REVIEW (ID_Review, ServiceScore, FoodScore, BranchScore, PriceScore, Comment) VALUES (25, 5, 5, 3, 1, 'Tax scene much present goal Democrat.');
INSERT INTO REVIEW (ID_Review, ServiceScore, FoodScore, BranchScore, PriceScore, Comment) VALUES (23, 2, 5, 3, 2, 'Coach both produce.');
INSERT INTO REVIEW (ID_Review, ServiceScore, FoodScore, BranchScore, PriceScore, Comment) VALUES (14, 1, 1, 5, 3, 'Bit all after treat several first determine.');
INSERT INTO REVIEW (ID_Review, ServiceScore, FoodScore, BranchScore, PriceScore, Comment) VALUES (13, 4, 1, 1, 3, 'Break answer this serious foreign accept head.');
INSERT INTO REVIEW (ID_Review, ServiceScore, FoodScore, BranchScore, PriceScore, Comment) VALUES (15, 4, 3, 1, 3, 'Unit happen speech southern various option.');
INSERT INTO REVIEW (ID_Review, ServiceScore, FoodScore, BranchScore, PriceScore, Comment) VALUES (24, 2, 4, 5, 4, 'Team specific magazine property again west which threat.');
INSERT INTO REVIEW (ID_Review, ServiceScore, FoodScore, BranchScore, PriceScore, Comment) VALUES (4, 4, 2, 4, 5, 'Hundred police whether fire learn likely.');
INSERT INTO REVIEW (ID_Review, ServiceScore, FoodScore, BranchScore, PriceScore, Comment) VALUES (27, 1, 1, 3, 4, 'Camera stay conference sense more.');
INSERT INTO REVIEW (ID_Review, ServiceScore, FoodScore, BranchScore, PriceScore, Comment) VALUES (32, 1, 1, 3, 3, 'Sit try throughout fine world citizen act.');
INSERT INTO REVIEW (ID_Review, ServiceScore, FoodScore, BranchScore, PriceScore, Comment) VALUES (38, 1, 3, 5, 2, 'Doctor western already history newspaper.');
INSERT INTO REVIEW (ID_Review, ServiceScore, FoodScore, BranchScore, PriceScore, Comment) VALUES (35, 1, 5, 5, 2, 'Owner clearly let alone growth.');
INSERT INTO REVIEW (ID_Review, ServiceScore, FoodScore, BranchScore, PriceScore, Comment) VALUES (6, 1, 4, 1, 4, 'Consumer machine skin every.');
INSERT INTO REVIEW (ID_Review, ServiceScore, FoodScore, BranchScore, PriceScore, Comment) VALUES (22, 4, 1, 3, 5, 'Style civil game whom.');
INSERT INTO REVIEW (ID_Review, ServiceScore, FoodScore, BranchScore, PriceScore, Comment) VALUES (34, 5, 1, 3, 3, 'She ready day care sing most quality vote.');
INSERT INTO REVIEW (ID_Review, ServiceScore, FoodScore, BranchScore, PriceScore, Comment) VALUES (5, 3, 3, 3, 4, 'Whatever identify feel prevent tree baby film.');
INSERT INTO REVIEW (ID_Review, ServiceScore, FoodScore, BranchScore, PriceScore, Comment) VALUES (41, 5, 4, 5, 3, 'Article their I student.');
INSERT INTO REVIEW (ID_Review, ServiceScore, FoodScore, BranchScore, PriceScore, Comment) VALUES (12, 5, 1, 2, 2, 'Age analysis bed star drug place.');
INSERT INTO REVIEW (ID_Review, ServiceScore, FoodScore, BranchScore, PriceScore, Comment) VALUES (21, 1, 5, 1, 3, 'Crime also decide bit boy newspaper.');
INSERT INTO REVIEW (ID_Review, ServiceScore, FoodScore, BranchScore, PriceScore, Comment) VALUES (33, 3, 5, 2, 5, 'Authority catch value book to head compare.');
INSERT INTO REVIEW (ID_Review, ServiceScore, FoodScore, BranchScore, PriceScore, Comment) VALUES (19, 5, 1, 1, 1, 'Loss network degree account suddenly.');
INSERT INTO REVIEW (ID_Review, ServiceScore, FoodScore, BranchScore, PriceScore, Comment) VALUES (31, 4, 5, 3, 2, 'Less while increase themselves gas worker.');
INSERT INTO REVIEW (ID_Review, ServiceScore, FoodScore, BranchScore, PriceScore, Comment) VALUES (23, 3, 5, 4, 5, 'Mention role read challenge foreign business.');
INSERT INTO REVIEW (ID_Review, ServiceScore, FoodScore, BranchScore, PriceScore, Comment) VALUES (29, 3, 1, 4, 5, 'Set agreement speak television cup quite history.');
INSERT INTO REVIEW (ID_Review, ServiceScore, FoodScore, BranchScore, PriceScore, Comment) VALUES (12, 3, 1, 3, 5, 'Quality help outside top relate single.');
INSERT INTO REVIEW (ID_Review, ServiceScore, FoodScore, BranchScore, PriceScore, Comment) VALUES (3, 3, 4, 1, 3, 'Image Republican hotel wind investment myself.');
INSERT INTO REVIEW (ID_Review, ServiceScore, FoodScore, BranchScore, PriceScore, Comment) VALUES (41, 4, 5, 1, 5, 'Interesting help control these star view early.');
INSERT INTO REVIEW (ID_Review, ServiceScore, FoodScore, BranchScore, PriceScore, Comment) VALUES (28, 5, 1, 4, 3, 'Next security very bank night major family PM.');
INSERT INTO REVIEW (ID_Review, ServiceScore, FoodScore, BranchScore, PriceScore, Comment) VALUES (30, 3, 3, 1, 4, 'Notice right upon effort.');
INSERT INTO REVIEW (ID_Review, ServiceScore, FoodScore, BranchScore, PriceScore, Comment) VALUES (20, 1, 2, 4, 2, 'Continue finally foreign young.');
INSERT INTO REVIEW (ID_Review, ServiceScore, FoodScore, BranchScore, PriceScore, Comment) VALUES (22, 2, 4, 1, 1, 'Themselves every case simply.');
INSERT INTO REVIEW (ID_Review, ServiceScore, FoodScore, BranchScore, PriceScore, Comment) VALUES (24, 1, 5, 5, 2, 'Structure rather executive however important.');
INSERT INTO REVIEW (ID_Review, ServiceScore, FoodScore, BranchScore, PriceScore, Comment) VALUES (37, 1, 5, 2, 3, 'Degree total crime hundred indicate success.');
INSERT INTO REVIEW (ID_Review, ServiceScore, FoodScore, BranchScore, PriceScore, Comment) VALUES (17, 2, 4, 3, 2, 'Cell thing good light crime.');
INSERT INTO REVIEW (ID_Review, ServiceScore, FoodScore, BranchScore, PriceScore, Comment) VALUES (8, 4, 4, 2, 3, 'Than anything worry find pretty.');
INSERT INTO REVIEW (ID_Review, ServiceScore, FoodScore, BranchScore, PriceScore, Comment) VALUES (1, 4, 2, 4, 4, 'Still same wonder.');
INSERT INTO REVIEW (ID_Review, ServiceScore, FoodScore, BranchScore, PriceScore, Comment) VALUES (14, 3, 4, 5, 5, 'Street world reach great inside agent service.');
INSERT INTO REVIEW (ID_Review, ServiceScore, FoodScore, BranchScore, PriceScore, Comment) VALUES (16, 4, 1, 5, 1, 'Gas manage east sister different.');
INSERT INTO REVIEW (ID_Review, ServiceScore, FoodScore, BranchScore, PriceScore, Comment) VALUES (35, 1, 2, 3, 3, 'Teach hear agency debate mission let.');
INSERT INTO REVIEW (ID_Review, ServiceScore, FoodScore, BranchScore, PriceScore, Comment) VALUES (2, 5, 3, 2, 4, 'Police close lot truth.');
INSERT INTO REVIEW (ID_Review, ServiceScore, FoodScore, BranchScore, PriceScore, Comment) VALUES (11, 5, 1, 1, 3, 'Take leg pressure black race.');
INSERT INTO REVIEW (ID_Review, ServiceScore, FoodScore, BranchScore, PriceScore, Comment) VALUES (36, 2, 5, 5, 3, 'Far trade bad knowledge store.');
INSERT INTO REVIEW (ID_Review, ServiceScore, FoodScore, BranchScore, PriceScore, Comment) VALUES (18, 2, 1, 1, 4, 'Marriage speech media green billion drive inside.');
INSERT INTO REVIEW (ID_Review, ServiceScore, FoodScore, BranchScore, PriceScore, Comment) VALUES (15, 5, 4, 1, 2, 'By church kid financial.');
INSERT INTO REVIEW (ID_Review, ServiceScore, FoodScore, BranchScore, PriceScore, Comment) VALUES (9, 5, 3, 4, 1, 'International seat front bar value simple.');
INSERT INTO REVIEW (ID_Review, ServiceScore, FoodScore, BranchScore, PriceScore, Comment) VALUES (4, 3, 1, 3, 3, 'Condition within development down question week.');
INSERT INTO REVIEW (ID_Review, ServiceScore, FoodScore, BranchScore, PriceScore, Comment) VALUES (5, 3, 5, 2, 5, 'Mr difference particularly store political soon move site.');
INSERT INTO REVIEW (ID_Review, ServiceScore, FoodScore, BranchScore, PriceScore, Comment) VALUES (38, 2, 4, 3, 2, 'Break husband now magazine.');
INSERT INTO REVIEW (ID_Review, ServiceScore, FoodScore, BranchScore, PriceScore, Comment) VALUES (34, 2, 3, 2, 3, 'Many do everyone husband cell.');
INSERT INTO REVIEW (ID_Review, ServiceScore, FoodScore, BranchScore, PriceScore, Comment) VALUES (26, 4, 5, 1, 5, 'Program support attorney upon name tough safe.');
INSERT INTO REVIEW (ID_Review, ServiceScore, FoodScore, BranchScore, PriceScore, Comment) VALUES (40, 5, 2, 4, 1, 'Step interesting clear policy fight.');
INSERT INTO REVIEW (ID_Review, ServiceScore, FoodScore, BranchScore, PriceScore, Comment) VALUES (10, 4, 4, 3, 2, 'Question go impact fast.');
INSERT INTO REVIEW (ID_Review, ServiceScore, FoodScore, BranchScore, PriceScore, Comment) VALUES (13, 5, 2, 4, 5, 'Home record daughter pattern control computer card.');
INSERT INTO REVIEW (ID_Review, ServiceScore, FoodScore, BranchScore, PriceScore, Comment) VALUES (7, 3, 1, 4, 2, 'Sell apply movement.');
INSERT INTO REVIEW (ID_Review, ServiceScore, FoodScore, BranchScore, PriceScore, Comment) VALUES (25, 5, 1, 4, 5, 'Job significant maybe trial remember.');
INSERT INTO REVIEW (ID_Review, ServiceScore, FoodScore, BranchScore, PriceScore, Comment) VALUES (6, 2, 4, 4, 5, 'Outside kind concern couple another.');
INSERT INTO REVIEW (ID_Review, ServiceScore, FoodScore, BranchScore, PriceScore, Comment) VALUES (27, 3, 1, 1, 2, 'Manage property customer then office test chair.');
INSERT INTO REVIEW (ID_Review, ServiceScore, FoodScore, BranchScore, PriceScore, Comment) VALUES (32, 4, 5, 2, 3, 'Window side blue any.');
INSERT INTO REVIEW (ID_Review, ServiceScore, FoodScore, BranchScore, PriceScore, Comment) VALUES (19, 5, 2, 5, 5, 'Paper easy where claim all improve chance.');
INSERT INTO REVIEW (ID_Review, ServiceScore, FoodScore, BranchScore, PriceScore, Comment) VALUES (16, 3, 3, 2, 1, 'Once billion party face.');
INSERT INTO REVIEW (ID_Review, ServiceScore, FoodScore, BranchScore, PriceScore, Comment) VALUES (31, 1, 4, 2, 2, 'But recognize citizen offer everyone.');
INSERT INTO REVIEW (ID_Review, ServiceScore, FoodScore, BranchScore, PriceScore, Comment) VALUES (9, 1, 4, 1, 2, 'Day against since task computer.');
INSERT INTO REVIEW (ID_Review, ServiceScore, FoodScore, BranchScore, PriceScore, Comment) VALUES (30, 5, 1, 2, 5, 'Player within new phone war leave.');
INSERT INTO REVIEW (ID_Review, ServiceScore, FoodScore, BranchScore, PriceScore, Comment) VALUES (18, 4, 2, 2, 1, 'Several half doctor draw actually let.');
INSERT INTO REVIEW (ID_Review, ServiceScore, FoodScore, BranchScore, PriceScore, Comment) VALUES (32, 3, 1, 4, 4, 'Adult whole agree despite stop create.');
INSERT INTO REVIEW (ID_Review, ServiceScore, FoodScore, BranchScore, PriceScore, Comment) VALUES (25, 1, 2, 5, 4, 'View brother ability cultural not approach.');
INSERT INTO REVIEW (ID_Review, ServiceScore, FoodScore, BranchScore, PriceScore, Comment) VALUES (24, 1, 2, 5, 2, 'Plant century half space.');
INSERT INTO REVIEW (ID_Review, ServiceScore, FoodScore, BranchScore, PriceScore, Comment) VALUES (22, 3, 2, 1, 3, 'Another here worry soon.');
INSERT INTO REVIEW (ID_Review, ServiceScore, FoodScore, BranchScore, PriceScore, Comment) VALUES (14, 3, 2, 2, 3, 'Population now people.');
INSERT INTO REVIEW (ID_Review, ServiceScore, FoodScore, BranchScore, PriceScore, Comment) VALUES (40, 2, 5, 4, 5, 'Growth feel drop brother.');
INSERT INTO REVIEW (ID_Review, ServiceScore, FoodScore, BranchScore, PriceScore, Comment) VALUES (3, 2, 4, 4, 3, 'Tell child prove toward.');
INSERT INTO REVIEW (ID_Review, ServiceScore, FoodScore, BranchScore, PriceScore, Comment) VALUES (29, 1, 4, 5, 2, 'Standard artist describe.');
INSERT INTO REVIEW (ID_Review, ServiceScore, FoodScore, BranchScore, PriceScore, Comment) VALUES (7, 2, 3, 3, 3, 'Indicate TV admit rest car.');
INSERT INTO REVIEW (ID_Review, ServiceScore, FoodScore, BranchScore, PriceScore, Comment) VALUES (39, 5, 1, 3, 4, 'Development accept month teach former or.');
INSERT INTO REVIEW (ID_Review, ServiceScore, FoodScore, BranchScore, PriceScore, Comment) VALUES (38, 3, 1, 1, 4, 'Bed wall center front allow.');
INSERT INTO REVIEW (ID_Review, ServiceScore, FoodScore, BranchScore, PriceScore, Comment) VALUES (4, 1, 3, 5, 1, 'Minute fine record important sell member two.');
INSERT INTO REVIEW (ID_Review, ServiceScore, FoodScore, BranchScore, PriceScore, Comment) VALUES (11, 4, 4, 1, 5, 'Deep already opportunity billion deal bank.');
INSERT INTO REVIEW (ID_Review, ServiceScore, FoodScore, BranchScore, PriceScore, Comment) VALUES (35, 2, 3, 1, 2, 'Give safe note concern focus ground make.');
INSERT INTO REVIEW (ID_Review, ServiceScore, FoodScore, BranchScore, PriceScore, Comment) VALUES (17, 5, 2, 3, 2, 'Idea unit future money.');
INSERT INTO REVIEW (ID_Review, ServiceScore, FoodScore, BranchScore, PriceScore, Comment) VALUES (6, 3, 5, 3, 4, 'Tonight single common.');
INSERT INTO REVIEW (ID_Review, ServiceScore, FoodScore, BranchScore, PriceScore, Comment) VALUES (33, 2, 5, 2, 2, 'Director rate blue.');
INSERT INTO REVIEW (ID_Review, ServiceScore, FoodScore, BranchScore, PriceScore, Comment) VALUES (34, 4, 1, 2, 3, 'Student loss mean.');
INSERT INTO REVIEW (ID_Review, ServiceScore, FoodScore, BranchScore, PriceScore, Comment) VALUES (28, 5, 3, 5, 2, 'Special myself movement manage tree cell.');
INSERT INTO REVIEW (ID_Review, ServiceScore, FoodScore, BranchScore, PriceScore, Comment) VALUES (23, 4, 5, 3, 5, 'Century court knowledge note.');
INSERT INTO REVIEW (ID_Review, ServiceScore, FoodScore, BranchScore, PriceScore, Comment) VALUES (27, 3, 1, 2, 5, 'Floor everybody minute.');
INSERT INTO REVIEW (ID_Review, ServiceScore, FoodScore, BranchScore, PriceScore, Comment) VALUES (2, 4, 4, 5, 1, 'Language into economy say force threat.');
INSERT INTO REVIEW (ID_Review, ServiceScore, FoodScore, BranchScore, PriceScore, Comment) VALUES (8, 4, 5, 4, 1, 'Gun north risk itself value sister book forget.');
INSERT INTO REVIEW (ID_Review, ServiceScore, FoodScore, BranchScore, PriceScore, Comment) VALUES (41, 3, 1, 4, 2, 'Change environment theory.');
INSERT INTO REVIEW (ID_Review, ServiceScore, FoodScore, BranchScore, PriceScore, Comment) VALUES (36, 2, 3, 2, 4, 'Morning become body play number form keep.');
INSERT INTO REVIEW (ID_Review, ServiceScore, FoodScore, BranchScore, PriceScore, Comment) VALUES (5, 4, 3, 3, 1, 'Discuss wrong election we audience society friend.');
INSERT INTO REVIEW (ID_Review, ServiceScore, FoodScore, BranchScore, PriceScore, Comment) VALUES (20, 1, 1, 1, 3, 'Song vote scene back magazine find.');
INSERT INTO REVIEW (ID_Review, ServiceScore, FoodScore, BranchScore, PriceScore, Comment) VALUES (1, 2, 2, 2, 4, 'Challenge wind require along.');
INSERT INTO REVIEW (ID_Review, ServiceScore, FoodScore, BranchScore, PriceScore, Comment) VALUES (10, 2, 2, 5, 4, 'Wrong job effort speak ok.');
INSERT INTO REVIEW (ID_Review, ServiceScore, FoodScore, BranchScore, PriceScore, Comment) VALUES (37, 4, 1, 2, 3, 'Little activity season final exactly though laugh.');
INSERT INTO REVIEW (ID_Review, ServiceScore, FoodScore, BranchScore, PriceScore, Comment) VALUES (13, 1, 5, 2, 5, 'Media age three body machine.');
INSERT INTO REVIEW (ID_Review, ServiceScore, FoodScore, BranchScore, PriceScore, Comment) VALUES (12, 4, 2, 4, 1, 'Physical last almost yes Congress list.');
INSERT INTO REVIEW (ID_Review, ServiceScore, FoodScore, BranchScore, PriceScore, Comment) VALUES (26, 1, 1, 5, 1, 'Of training value require.');
INSERT INTO REVIEW (ID_Review, ServiceScore, FoodScore, BranchScore, PriceScore, Comment) VALUES (15, 4, 3, 1, 2, 'Institution week beat.');
INSERT INTO REVIEW (ID_Review, ServiceScore, FoodScore, BranchScore, PriceScore, Comment) VALUES (11, 3, 1, 3, 3, 'None air natural sometimes west down.');
INSERT INTO REVIEW (ID_Review, ServiceScore, FoodScore, BranchScore, PriceScore, Comment) VALUES (22, 2, 2, 3, 2, 'High police office life door should per method.');
INSERT INTO REVIEW (ID_Review, ServiceScore, FoodScore, BranchScore, PriceScore, Comment) VALUES (17, 3, 4, 2, 2, 'Media answer smile choice organization.');
INSERT INTO REVIEW (ID_Review, ServiceScore, FoodScore, BranchScore, PriceScore, Comment) VALUES (36, 3, 3, 5, 1, 'Most picture miss behind.');
INSERT INTO REVIEW (ID_Review, ServiceScore, FoodScore, BranchScore, PriceScore, Comment) VALUES (35, 2, 2, 3, 5, 'Remember wait ahead social available dark address face.');
INSERT INTO REVIEW (ID_Review, ServiceScore, FoodScore, BranchScore, PriceScore, Comment) VALUES (18, 5, 3, 1, 2, 'Arrive however country hospital friend create yard.');
INSERT INTO REVIEW (ID_Review, ServiceScore, FoodScore, BranchScore, PriceScore, Comment) VALUES (2, 4, 3, 2, 3, 'Apply financial discuss myself growth which.');
INSERT INTO REVIEW (ID_Review, ServiceScore, FoodScore, BranchScore, PriceScore, Comment) VALUES (14, 1, 5, 1, 5, 'Simple say trouble debate live.');
INSERT INTO REVIEW (ID_Review, ServiceScore, FoodScore, BranchScore, PriceScore, Comment) VALUES (33, 3, 4, 1, 3, 'Miss city include feel.');
INSERT INTO REVIEW (ID_Review, ServiceScore, FoodScore, BranchScore, PriceScore, Comment) VALUES (28, 5, 3, 4, 1, 'West fight opportunity economy party action.');
INSERT INTO REVIEW (ID_Review, ServiceScore, FoodScore, BranchScore, PriceScore, Comment) VALUES (12, 3, 2, 3, 5, 'East left remain several method notice.');
INSERT INTO REVIEW (ID_Review, ServiceScore, FoodScore, BranchScore, PriceScore, Comment) VALUES (26, 1, 1, 1, 2, 'Later maybe everyone stand win fill.');
INSERT INTO REVIEW (ID_Review, ServiceScore, FoodScore, BranchScore, PriceScore, Comment) VALUES (32, 3, 5, 2, 5, 'Top do necessary stuff.');
INSERT INTO REVIEW (ID_Review, ServiceScore, FoodScore, BranchScore, PriceScore, Comment) VALUES (1, 2, 1, 5, 5, 'Truth whatever idea subject leg include scene.');
INSERT INTO REVIEW (ID_Review, ServiceScore, FoodScore, BranchScore, PriceScore, Comment) VALUES (10, 5, 4, 5, 2, 'Carry movement say.');
INSERT INTO REVIEW (ID_Review, ServiceScore, FoodScore, BranchScore, PriceScore, Comment) VALUES (23, 5, 2, 1, 5, 'Late behavior manager expert.');
INSERT INTO REVIEW (ID_Review, ServiceScore, FoodScore, BranchScore, PriceScore, Comment) VALUES (8, 3, 1, 4, 1, 'Future lose political whole certainly.');
INSERT INTO REVIEW (ID_Review, ServiceScore, FoodScore, BranchScore, PriceScore, Comment) VALUES (37, 3, 2, 1, 5, 'Power rock perhaps hospital through point same.');
INSERT INTO REVIEW (ID_Review, ServiceScore, FoodScore, BranchScore, PriceScore, Comment) VALUES (4, 4, 5, 2, 4, 'Fish here prove.');
INSERT INTO REVIEW (ID_Review, ServiceScore, FoodScore, BranchScore, PriceScore, Comment) VALUES (5, 5, 5, 5, 5, 'Individual young practice hour him keep.');
INSERT INTO REVIEW (ID_Review, ServiceScore, FoodScore, BranchScore, PriceScore, Comment) VALUES (13, 1, 2, 1, 2, 'Military grow similar produce short.');
INSERT INTO REVIEW (ID_Review, ServiceScore, FoodScore, BranchScore, PriceScore, Comment) VALUES (9, 5, 5, 5, 4, 'Expect later stand.');
INSERT INTO REVIEW (ID_Review, ServiceScore, FoodScore, BranchScore, PriceScore, Comment) VALUES (16, 3, 2, 3, 1, 'Bring your play likely.');
INSERT INTO REVIEW (ID_Review, ServiceScore, FoodScore, BranchScore, PriceScore, Comment) VALUES (38, 3, 5, 3, 2, 'Address whole add able.');
INSERT INTO REVIEW (ID_Review, ServiceScore, FoodScore, BranchScore, PriceScore, Comment) VALUES (39, 4, 5, 5, 2, 'Risk when follow down system difficult peace.');
INSERT INTO REVIEW (ID_Review, ServiceScore, FoodScore, BranchScore, PriceScore, Comment) VALUES (30, 3, 2, 2, 4, 'Work theory give now relate firm.');
INSERT INTO REVIEW (ID_Review, ServiceScore, FoodScore, BranchScore, PriceScore, Comment) VALUES (21, 5, 2, 3, 3, 'Start reveal middle artist.');
INSERT INTO REVIEW (ID_Review, ServiceScore, FoodScore, BranchScore, PriceScore, Comment) VALUES (29, 5, 3, 1, 2, 'Own data suffer.');
INSERT INTO REVIEW (ID_Review, ServiceScore, FoodScore, BranchScore, PriceScore, Comment) VALUES (34, 4, 3, 5, 4, 'West health though apply.');
INSERT INTO REVIEW (ID_Review, ServiceScore, FoodScore, BranchScore, PriceScore, Comment) VALUES (25, 5, 3, 4, 1, 'Various forward travel.');
INSERT INTO REVIEW (ID_Review, ServiceScore, FoodScore, BranchScore, PriceScore, Comment) VALUES (31, 2, 4, 2, 2, 'People election person stuff history take.');
INSERT INTO REVIEW (ID_Review, ServiceScore, FoodScore, BranchScore, PriceScore, Comment) VALUES (40, 2, 4, 5, 1, 'Chair sister public brother image window.');
INSERT INTO REVIEW (ID_Review, ServiceScore, FoodScore, BranchScore, PriceScore, Comment) VALUES (3, 1, 1, 5, 2, 'Although professor nor something more mention many out.');
INSERT INTO REVIEW (ID_Review, ServiceScore, FoodScore, BranchScore, PriceScore, Comment) VALUES (24, 5, 2, 5, 5, 'Where television anything television include.');
INSERT INTO REVIEW (ID_Review, ServiceScore, FoodScore, BranchScore, PriceScore, Comment) VALUES (20, 2, 2, 2, 3, 'Worry standard for year professional film.');
INSERT INTO REVIEW (ID_Review, ServiceScore, FoodScore, BranchScore, PriceScore, Comment) VALUES (41, 2, 4, 2, 4, 'Away to friend determine hair main.');
INSERT INTO REVIEW (ID_Review, ServiceScore, FoodScore, BranchScore, PriceScore, Comment) VALUES (19, 2, 3, 3, 4, 'Number color none response central some.');
INSERT INTO REVIEW (ID_Review, ServiceScore, FoodScore, BranchScore, PriceScore, Comment) VALUES (6, 1, 2, 1, 3, 'Financial challenge agreement realize parent wish modern.');
INSERT INTO REVIEW (ID_Review, ServiceScore, FoodScore, BranchScore, PriceScore, Comment) VALUES (7, 4, 5, 2, 4, 'Future provide market about floor team short.');
INSERT INTO REVIEW (ID_Review, ServiceScore, FoodScore, BranchScore, PriceScore, Comment) VALUES (15, 4, 1, 2, 4, 'Every pressure your opportunity individual.');
INSERT INTO REVIEW (ID_Review, ServiceScore, FoodScore, BranchScore, PriceScore, Comment) VALUES (40, 2, 3, 2, 2, 'Among former yet race hundred this.');
INSERT INTO REVIEW (ID_Review, ServiceScore, FoodScore, BranchScore, PriceScore, Comment) VALUES (3, 1, 3, 5, 4, 'Democratic line these down including smile this.');
INSERT INTO REVIEW (ID_Review, ServiceScore, FoodScore, BranchScore, PriceScore, Comment) VALUES (37, 2, 3, 1, 5, 'Customer indeed but under impact.');
INSERT INTO REVIEW (ID_Review, ServiceScore, FoodScore, BranchScore, PriceScore, Comment) VALUES (2, 2, 3, 5, 1, 'Camera pretty whose sit we make town.');
INSERT INTO REVIEW (ID_Review, ServiceScore, FoodScore, BranchScore, PriceScore, Comment) VALUES (31, 1, 5, 3, 1, 'Share even national whether reflect them customer.');
INSERT INTO REVIEW (ID_Review, ServiceScore, FoodScore, BranchScore, PriceScore, Comment) VALUES (6, 4, 1, 4, 5, 'Out people central any then.');
INSERT INTO REVIEW (ID_Review, ServiceScore, FoodScore, BranchScore, PriceScore, Comment) VALUES (34, 3, 4, 1, 5, 'Personal hundred return turn administration.');
INSERT INTO REVIEW (ID_Review, ServiceScore, FoodScore, BranchScore, PriceScore, Comment) VALUES (12, 5, 1, 5, 1, 'Both explain wear should soon.');
INSERT INTO REVIEW (ID_Review, ServiceScore, FoodScore, BranchScore, PriceScore, Comment) VALUES (5, 5, 5, 1, 3, 'Face deal PM question majority seek.');
INSERT INTO REVIEW (ID_Review, ServiceScore, FoodScore, BranchScore, PriceScore, Comment) VALUES (29, 3, 1, 3, 3, 'Tv phone attorney spring behavior player true property.');
INSERT INTO REVIEW (ID_Review, ServiceScore, FoodScore, BranchScore, PriceScore, Comment) VALUES (1, 1, 4, 3, 2, 'Effort economic as loss pretty investment set.');
INSERT INTO REVIEW (ID_Review, ServiceScore, FoodScore, BranchScore, PriceScore, Comment) VALUES (36, 4, 1, 3, 2, 'Show land score ground treatment early.');
INSERT INTO REVIEW (ID_Review, ServiceScore, FoodScore, BranchScore, PriceScore, Comment) VALUES (33, 4, 3, 2, 4, 'News line receive lot Mrs trade.');
INSERT INTO REVIEW (ID_Review, ServiceScore, FoodScore, BranchScore, PriceScore, Comment) VALUES (25, 5, 3, 4, 4, 'Begin mother once your some blood develop.');
INSERT INTO REVIEW (ID_Review, ServiceScore, FoodScore, BranchScore, PriceScore, Comment) VALUES (23, 3, 2, 4, 2, 'Again why side rate its international make office.');
INSERT INTO REVIEW (ID_Review, ServiceScore, FoodScore, BranchScore, PriceScore, Comment) VALUES (14, 3, 3, 3, 4, 'Letter event statement pull born.');
INSERT INTO REVIEW (ID_Review, ServiceScore, FoodScore, BranchScore, PriceScore, Comment) VALUES (26, 5, 5, 2, 5, 'Shoulder process trial name free.');
INSERT INTO REVIEW (ID_Review, ServiceScore, FoodScore, BranchScore, PriceScore, Comment) VALUES (13, 2, 2, 5, 1, 'Note likely turn huge myself.');
INSERT INTO REVIEW (ID_Review, ServiceScore, FoodScore, BranchScore, PriceScore, Comment) VALUES (20, 4, 1, 5, 4, 'They tonight brother positive ready.');
INSERT INTO REVIEW (ID_Review, ServiceScore, FoodScore, BranchScore, PriceScore, Comment) VALUES (8, 2, 5, 4, 4, 'I store series sign strong opportunity white.');
INSERT INTO REVIEW (ID_Review, ServiceScore, FoodScore, BranchScore, PriceScore, Comment) VALUES (32, 5, 4, 2, 5, 'Produce rest necessary wish responsibility discover computer.');
INSERT INTO REVIEW (ID_Review, ServiceScore, FoodScore, BranchScore, PriceScore, Comment) VALUES (16, 5, 1, 1, 3, 'Half subject above task question great.');
INSERT INTO REVIEW (ID_Review, ServiceScore, FoodScore, BranchScore, PriceScore, Comment) VALUES (15, 3, 2, 3, 2, 'More when series effort rock anyone family.');
INSERT INTO REVIEW (ID_Review, ServiceScore, FoodScore, BranchScore, PriceScore, Comment) VALUES (28, 2, 2, 2, 1, 'Democrat name scene perform economic.');
INSERT INTO REVIEW (ID_Review, ServiceScore, FoodScore, BranchScore, PriceScore, Comment) VALUES (18, 5, 5, 3, 3, 'Suffer peace be defense plan door official list.');
INSERT INTO REVIEW (ID_Review, ServiceScore, FoodScore, BranchScore, PriceScore, Comment) VALUES (22, 1, 2, 3, 5, 'Really house of military win.');
INSERT INTO REVIEW (ID_Review, ServiceScore, FoodScore, BranchScore, PriceScore, Comment) VALUES (27, 5, 4, 3, 3, 'Write increase none various account.');
INSERT INTO REVIEW (ID_Review, ServiceScore, FoodScore, BranchScore, PriceScore, Comment) VALUES (9, 4, 1, 1, 2, 'Customer we knowledge painting.');
INSERT INTO REVIEW (ID_Review, ServiceScore, FoodScore, BranchScore, PriceScore, Comment) VALUES (19, 5, 2, 1, 1, 'Skill imagine nice memory instead long beyond.');
INSERT INTO REVIEW (ID_Review, ServiceScore, FoodScore, BranchScore, PriceScore, Comment) VALUES (24, 3, 2, 4, 5, 'Hear few difficult five alone outside body.');
INSERT INTO REVIEW (ID_Review, ServiceScore, FoodScore, BranchScore, PriceScore, Comment) VALUES (21, 1, 3, 1, 2, 'May clear morning special.');
INSERT INTO REVIEW (ID_Review, ServiceScore, FoodScore, BranchScore, PriceScore, Comment) VALUES (41, 1, 1, 2, 1, 'Store there type east least.');
INSERT INTO REVIEW (ID_Review, ServiceScore, FoodScore, BranchScore, PriceScore, Comment) VALUES (10, 2, 5, 3, 4, 'Within in million loss almost age fund.');
INSERT INTO REVIEW (ID_Review, ServiceScore, FoodScore, BranchScore, PriceScore, Comment) VALUES (35, 5, 1, 2, 2, 'All walk he consumer student letter production return.');
INSERT INTO REVIEW (ID_Review, ServiceScore, FoodScore, BranchScore, PriceScore, Comment) VALUES (11, 1, 1, 2, 2, 'Story break music weight stand next attention.');
INSERT INTO REVIEW (ID_Review, ServiceScore, FoodScore, BranchScore, PriceScore, Comment) VALUES (30, 3, 1, 2, 2, 'Federal store paper standard eye simple part.');
INSERT INTO REVIEW (ID_Review, ServiceScore, FoodScore, BranchScore, PriceScore, Comment) VALUES (4, 2, 1, 3, 1, 'Than with condition mention article win leave production.');
INSERT INTO REVIEW (ID_Review, ServiceScore, FoodScore, BranchScore, PriceScore, Comment) VALUES (17, 1, 1, 3, 2, 'Store pick top task add gun.');
INSERT INTO REVIEW (ID_Review, ServiceScore, FoodScore, BranchScore, PriceScore, Comment) VALUES (39, 2, 3, 3, 3, 'Business church mission simple dark for maybe.');
INSERT INTO REVIEW (ID_Review, ServiceScore, FoodScore, BranchScore, PriceScore, Comment) VALUES (7, 1, 4, 3, 4, 'American protect collection.');
INSERT INTO REVIEW (ID_Review, ServiceScore, FoodScore, BranchScore, PriceScore, Comment) VALUES (41, 2, 2, 2, 2, 'Man reduce operation political reason day probably.');
INSERT INTO REVIEW (ID_Review, ServiceScore, FoodScore, BranchScore, PriceScore, Comment) VALUES (20, 4, 4, 5, 4, 'President news nothing analysis small happy.');
INSERT INTO REVIEW (ID_Review, ServiceScore, FoodScore, BranchScore, PriceScore, Comment) VALUES (11, 1, 2, 4, 5, 'Friend she whose responsibility name trial.');
INSERT INTO REVIEW (ID_Review, ServiceScore, FoodScore, BranchScore, PriceScore, Comment) VALUES (10, 5, 3, 3, 3, 'Key decision word land cup tree could.');
INSERT INTO REVIEW (ID_Review, ServiceScore, FoodScore, BranchScore, PriceScore, Comment) VALUES (27, 5, 5, 5, 3, 'Continue write light.');
INSERT INTO REVIEW (ID_Review, ServiceScore, FoodScore, BranchScore, PriceScore, Comment) VALUES (2, 2, 1, 4, 4, 'Court different look five wall science.');
INSERT INTO REVIEW (ID_Review, ServiceScore, FoodScore, BranchScore, PriceScore, Comment) VALUES (1, 3, 3, 2, 1, 'Woman everyone how international.');
INSERT INTO REVIEW (ID_Review, ServiceScore, FoodScore, BranchScore, PriceScore, Comment) VALUES (7, 2, 4, 1, 3, 'Order town run why one.');
INSERT INTO REVIEW (ID_Review, ServiceScore, FoodScore, BranchScore, PriceScore, Comment) VALUES (23, 4, 1, 5, 5, 'Paper choice official issue card.');
INSERT INTO REVIEW (ID_Review, ServiceScore, FoodScore, BranchScore, PriceScore, Comment) VALUES (8, 4, 4, 4, 1, 'Court fight father table fear.');
INSERT INTO REVIEW (ID_Review, ServiceScore, FoodScore, BranchScore, PriceScore, Comment) VALUES (17, 4, 5, 3, 4, 'Public establish impact open just certain president decision.');
INSERT INTO REVIEW (ID_Review, ServiceScore, FoodScore, BranchScore, PriceScore, Comment) VALUES (36, 5, 1, 2, 3, 'Condition series improve wind mission so.');
INSERT INTO REVIEW (ID_Review, ServiceScore, FoodScore, BranchScore, PriceScore, Comment) VALUES (5, 3, 4, 1, 4, 'Company policy paper.');
INSERT INTO REVIEW (ID_Review, ServiceScore, FoodScore, BranchScore, PriceScore, Comment) VALUES (37, 4, 5, 2, 5, 'Fish relationship any who focus.');
INSERT INTO REVIEW (ID_Review, ServiceScore, FoodScore, BranchScore, PriceScore, Comment) VALUES (9, 4, 2, 3, 3, 'Wall camera design.');
INSERT INTO REVIEW (ID_Review, ServiceScore, FoodScore, BranchScore, PriceScore, Comment) VALUES (18, 4, 4, 5, 2, 'That ground report such partner half whose.');
INSERT INTO REVIEW (ID_Review, ServiceScore, FoodScore, BranchScore, PriceScore, Comment) VALUES (38, 4, 2, 3, 2, 'Discussion sea camera vote.');
INSERT INTO REVIEW (ID_Review, ServiceScore, FoodScore, BranchScore, PriceScore, Comment) VALUES (15, 1, 5, 2, 3, 'Team traditional direction hour.');
INSERT INTO REVIEW (ID_Review, ServiceScore, FoodScore, BranchScore, PriceScore, Comment) VALUES (28, 3, 2, 5, 1, 'And level one why dark media whom.');
INSERT INTO REVIEW (ID_Review, ServiceScore, FoodScore, BranchScore, PriceScore, Comment) VALUES (30, 1, 2, 3, 1, 'Class heart prepare this stock tax.');
INSERT INTO REVIEW (ID_Review, ServiceScore, FoodScore, BranchScore, PriceScore, Comment) VALUES (29, 4, 1, 2, 2, 'Policy six not tell food less trip.');
INSERT INTO REVIEW (ID_Review, ServiceScore, FoodScore, BranchScore, PriceScore, Comment) VALUES (12, 5, 4, 3, 4, 'Offer chair source form necessary TV culture.');
INSERT INTO REVIEW (ID_Review, ServiceScore, FoodScore, BranchScore, PriceScore, Comment) VALUES (34, 5, 4, 1, 1, 'Choice would nor include sound factor.');
INSERT INTO REVIEW (ID_Review, ServiceScore, FoodScore, BranchScore, PriceScore, Comment) VALUES (39, 3, 1, 1, 5, 'Manager young ask could trade.');
INSERT INTO REVIEW (ID_Review, ServiceScore, FoodScore, BranchScore, PriceScore, Comment) VALUES (31, 3, 4, 2, 5, 'Where television different clear nor society dog.');
INSERT INTO REVIEW (ID_Review, ServiceScore, FoodScore, BranchScore, PriceScore, Comment) VALUES (6, 3, 3, 1, 4, 'Everything other put part.');
INSERT INTO REVIEW (ID_Review, ServiceScore, FoodScore, BranchScore, PriceScore, Comment) VALUES (16, 2, 2, 1, 4, 'Produce score party Republican threat campaign both.');
INSERT INTO REVIEW (ID_Review, ServiceScore, FoodScore, BranchScore, PriceScore, Comment) VALUES (40, 2, 3, 5, 2, 'Try religious popular yet expert later.');
INSERT INTO REVIEW (ID_Review, ServiceScore, FoodScore, BranchScore, PriceScore, Comment) VALUES (35, 1, 2, 4, 3, 'Bit PM first sense.');
INSERT INTO REVIEW (ID_Review, ServiceScore, FoodScore, BranchScore, PriceScore, Comment) VALUES (4, 4, 3, 4, 1, 'Gun hit quality weight hear voice.');
INSERT INTO REVIEW (ID_Review, ServiceScore, FoodScore, BranchScore, PriceScore, Comment) VALUES (22, 1, 2, 5, 5, 'Share possible also father south light energy how.');
INSERT INTO REVIEW (ID_Review, ServiceScore, FoodScore, BranchScore, PriceScore, Comment) VALUES (26, 1, 3, 3, 3, 'Rise help drop say article open right.');
INSERT INTO REVIEW (ID_Review, ServiceScore, FoodScore, BranchScore, PriceScore, Comment) VALUES (24, 1, 3, 1, 2, 'Another decade hit point head save morning none.');
INSERT INTO REVIEW (ID_Review, ServiceScore, FoodScore, BranchScore, PriceScore, Comment) VALUES (14, 4, 3, 5, 5, 'Adult former treat staff.');
INSERT INTO REVIEW (ID_Review, ServiceScore, FoodScore, BranchScore, PriceScore, Comment) VALUES (3, 1, 3, 5, 5, 'School among I weight.');
INSERT INTO REVIEW (ID_Review, ServiceScore, FoodScore, BranchScore, PriceScore, Comment) VALUES (32, 5, 2, 3, 1, 'Win she price develop seat.');
INSERT INTO REVIEW (ID_Review, ServiceScore, FoodScore, BranchScore, PriceScore, Comment) VALUES (25, 5, 4, 4, 2, 'Gas strong write left operation ready organization ask.');
INSERT INTO REVIEW (ID_Review, ServiceScore, FoodScore, BranchScore, PriceScore, Comment) VALUES (13, 1, 3, 1, 4, 'Certainly prove that never chance.');
INSERT INTO REVIEW (ID_Review, ServiceScore, FoodScore, BranchScore, PriceScore, Comment) VALUES (19, 5, 2, 5, 5, 'Not under such boy could note lead.');
INSERT INTO REVIEW (ID_Review, ServiceScore, FoodScore, BranchScore, PriceScore, Comment) VALUES (33, 2, 4, 2, 5, 'Food month use anything study soldier fine scene.');
INSERT INTO REVIEW (ID_Review, ServiceScore, FoodScore, BranchScore, PriceScore, Comment) VALUES (19, 2, 4, 3, 4, 'Piece act hair follow indicate.');
INSERT INTO REVIEW (ID_Review, ServiceScore, FoodScore, BranchScore, PriceScore, Comment) VALUES (8, 1, 1, 3, 3, 'Bring example board goal military rate.');
INSERT INTO REVIEW (ID_Review, ServiceScore, FoodScore, BranchScore, PriceScore, Comment) VALUES (38, 1, 1, 3, 2, 'Argue difference sure organization.');
INSERT INTO REVIEW (ID_Review, ServiceScore, FoodScore, BranchScore, PriceScore, Comment) VALUES (12, 1, 5, 5, 2, 'Newspaper couple manager under letter environmental.');
INSERT INTO REVIEW (ID_Review, ServiceScore, FoodScore, BranchScore, PriceScore, Comment) VALUES (2, 3, 1, 1, 1, 'Continue part by hotel resource.');
INSERT INTO REVIEW (ID_Review, ServiceScore, FoodScore, BranchScore, PriceScore, Comment) VALUES (26, 3, 4, 5, 4, 'Improve truth purpose every stock.');
INSERT INTO REVIEW (ID_Review, ServiceScore, FoodScore, BranchScore, PriceScore, Comment) VALUES (5, 3, 2, 3, 1, 'Exactly group far.');
INSERT INTO REVIEW (ID_Review, ServiceScore, FoodScore, BranchScore, PriceScore, Comment) VALUES (25, 5, 3, 1, 4, 'Site director necessary prove against.');
INSERT INTO REVIEW (ID_Review, ServiceScore, FoodScore, BranchScore, PriceScore, Comment) VALUES (35, 4, 4, 2, 4, 'Discover agency once method agree likely.');
INSERT INTO REVIEW (ID_Review, ServiceScore, FoodScore, BranchScore, PriceScore, Comment) VALUES (27, 3, 1, 3, 2, 'May scene let.');
INSERT INTO REVIEW (ID_Review, ServiceScore, FoodScore, BranchScore, PriceScore, Comment) VALUES (29, 2, 1, 1, 5, 'Inside treatment floor other item manager.');
INSERT INTO REVIEW (ID_Review, ServiceScore, FoodScore, BranchScore, PriceScore, Comment) VALUES (40, 5, 3, 4, 2, 'Behind control someone.');
INSERT INTO REVIEW (ID_Review, ServiceScore, FoodScore, BranchScore, PriceScore, Comment) VALUES (16, 1, 3, 5, 5, 'Character southern reduce.');
INSERT INTO REVIEW (ID_Review, ServiceScore, FoodScore, BranchScore, PriceScore, Comment) VALUES (34, 2, 4, 4, 2, 'Prepare notice pull six tree.');
INSERT INTO REVIEW (ID_Review, ServiceScore, FoodScore, BranchScore, PriceScore, Comment) VALUES (30, 3, 3, 4, 1, 'Goal very money security support season.');
INSERT INTO REVIEW (ID_Review, ServiceScore, FoodScore, BranchScore, PriceScore, Comment) VALUES (37, 4, 1, 3, 1, 'Debate performance according report whose.');
INSERT INTO REVIEW (ID_Review, ServiceScore, FoodScore, BranchScore, PriceScore, Comment) VALUES (13, 5, 1, 4, 3, 'Write business world movie.');
INSERT INTO REVIEW (ID_Review, ServiceScore, FoodScore, BranchScore, PriceScore, Comment) VALUES (33, 2, 3, 2, 2, 'Easy certainly political other factor responsibility.');
INSERT INTO REVIEW (ID_Review, ServiceScore, FoodScore, BranchScore, PriceScore, Comment) VALUES (23, 4, 1, 2, 2, 'Suddenly great think myself program physical interest.');
INSERT INTO REVIEW (ID_Review, ServiceScore, FoodScore, BranchScore, PriceScore, Comment) VALUES (6, 2, 5, 1, 1, 'Heart tough local safe blood may gun.');
INSERT INTO REVIEW (ID_Review, ServiceScore, FoodScore, BranchScore, PriceScore, Comment) VALUES (31, 1, 3, 1, 2, 'Whom other court call.');
INSERT INTO REVIEW (ID_Review, ServiceScore, FoodScore, BranchScore, PriceScore, Comment) VALUES (21, 3, 5, 2, 2, 'Send guy music common eat.');
INSERT INTO REVIEW (ID_Review, ServiceScore, FoodScore, BranchScore, PriceScore, Comment) VALUES (9, 3, 3, 5, 5, 'Beat near receive most these.');
INSERT INTO REVIEW (ID_Review, ServiceScore, FoodScore, BranchScore, PriceScore, Comment) VALUES (10, 4, 5, 3, 2, 'Military future style wear key.');
INSERT INTO REVIEW (ID_Review, ServiceScore, FoodScore, BranchScore, PriceScore, Comment) VALUES (20, 4, 3, 2, 3, 'Point sister enter hundred though up.');
INSERT INTO REVIEW (ID_Review, ServiceScore, FoodScore, BranchScore, PriceScore, Comment) VALUES (15, 5, 3, 1, 1, 'Very set top weight born daughter economy.');
INSERT INTO REVIEW (ID_Review, ServiceScore, FoodScore, BranchScore, PriceScore, Comment) VALUES (14, 3, 5, 5, 4, 'White like sort player space Congress.');
INSERT INTO REVIEW (ID_Review, ServiceScore, FoodScore, BranchScore, PriceScore, Comment) VALUES (17, 4, 5, 4, 3, 'Impact skin weight note actually without.');
INSERT INTO REVIEW (ID_Review, ServiceScore, FoodScore, BranchScore, PriceScore, Comment) VALUES (11, 3, 4, 4, 4, 'Machine its ask Democrat.');
INSERT INTO REVIEW (ID_Review, ServiceScore, FoodScore, BranchScore, PriceScore, Comment) VALUES (1, 4, 2, 1, 3, 'Chair throw agent style machine again.');
INSERT INTO REVIEW (ID_Review, ServiceScore, FoodScore, BranchScore, PriceScore, Comment) VALUES (41, 4, 2, 5, 4, 'She southern second happen study could sign some.');
INSERT INTO REVIEW (ID_Review, ServiceScore, FoodScore, BranchScore, PriceScore, Comment) VALUES (7, 3, 5, 5, 5, 'However arrive resource best.');
INSERT INTO REVIEW (ID_Review, ServiceScore, FoodScore, BranchScore, PriceScore, Comment) VALUES (4, 1, 1, 4, 4, 'Site tend north thank middle.');
INSERT INTO REVIEW (ID_Review, ServiceScore, FoodScore, BranchScore, PriceScore, Comment) VALUES (32, 2, 5, 5, 5, 'Individual responsibility surface.');
INSERT INTO REVIEW (ID_Review, ServiceScore, FoodScore, BranchScore, PriceScore, Comment) VALUES (22, 4, 5, 5, 2, 'Do I respond forget image.');
INSERT INTO REVIEW (ID_Review, ServiceScore, FoodScore, BranchScore, PriceScore, Comment) VALUES (18, 1, 5, 1, 5, 'Interesting cultural tough picture world away.');
INSERT INTO REVIEW (ID_Review, ServiceScore, FoodScore, BranchScore, PriceScore, Comment) VALUES (39, 1, 4, 3, 4, 'Realize offer Republican home.');
INSERT INTO REVIEW (ID_Review, ServiceScore, FoodScore, BranchScore, PriceScore, Comment) VALUES (3, 4, 4, 4, 2, 'Fine piece move.');
INSERT INTO REVIEW (ID_Review, ServiceScore, FoodScore, BranchScore, PriceScore, Comment) VALUES (36, 5, 4, 4, 3, 'Join point everybody wait.');
INSERT INTO REVIEW (ID_Review, ServiceScore, FoodScore, BranchScore, PriceScore, Comment) VALUES (24, 1, 4, 1, 3, 'Almost month dinner dog.');
INSERT INTO REVIEW (ID_Review, ServiceScore, FoodScore, BranchScore, PriceScore, Comment) VALUES (10, 5, 3, 1, 1, 'Word could expect its break quite throughout.');
INSERT INTO REVIEW (ID_Review, ServiceScore, FoodScore, BranchScore, PriceScore, Comment) VALUES (18, 3, 2, 1, 3, 'International the guy.');
INSERT INTO REVIEW (ID_Review, ServiceScore, FoodScore, BranchScore, PriceScore, Comment) VALUES (28, 3, 1, 5, 1, 'Drug military player support include her center cause.');
INSERT INTO REVIEW (ID_Review, ServiceScore, FoodScore, BranchScore, PriceScore, Comment) VALUES (20, 2, 2, 2, 2, 'Mean nor glass me.');
INSERT INTO REVIEW (ID_Review, ServiceScore, FoodScore, BranchScore, PriceScore, Comment) VALUES (5, 2, 4, 4, 5, 'Focus section gun image.');
INSERT INTO REVIEW (ID_Review, ServiceScore, FoodScore, BranchScore, PriceScore, Comment) VALUES (8, 2, 1, 2, 5, 'Teacher yet my how.');
INSERT INTO REVIEW (ID_Review, ServiceScore, FoodScore, BranchScore, PriceScore, Comment) VALUES (12, 2, 4, 3, 1, 'Meeting rise case thus.');
INSERT INTO REVIEW (ID_Review, ServiceScore, FoodScore, BranchScore, PriceScore, Comment) VALUES (23, 1, 4, 4, 5, 'Recognize yeah night movie a.');
INSERT INTO REVIEW (ID_Review, ServiceScore, FoodScore, BranchScore, PriceScore, Comment) VALUES (14, 5, 2, 4, 3, 'Adult his my recent account set life.');
INSERT INTO REVIEW (ID_Review, ServiceScore, FoodScore, BranchScore, PriceScore, Comment) VALUES (1, 5, 5, 5, 4, 'Buy responsibility strong eight whom student treatment number.');
INSERT INTO REVIEW (ID_Review, ServiceScore, FoodScore, BranchScore, PriceScore, Comment) VALUES (9, 2, 2, 1, 5, 'Among future play north interest whom low available.');
INSERT INTO REVIEW (ID_Review, ServiceScore, FoodScore, BranchScore, PriceScore, Comment) VALUES (35, 5, 2, 3, 3, 'Modern discuss responsibility possible brother child agent.');
INSERT INTO REVIEW (ID_Review, ServiceScore, FoodScore, BranchScore, PriceScore, Comment) VALUES (36, 2, 3, 5, 2, 'Data back officer although but everybody wear born.');
INSERT INTO REVIEW (ID_Review, ServiceScore, FoodScore, BranchScore, PriceScore, Comment) VALUES (21, 5, 5, 2, 3, 'Event senior time energy rate.');
INSERT INTO REVIEW (ID_Review, ServiceScore, FoodScore, BranchScore, PriceScore, Comment) VALUES (27, 5, 5, 4, 5, 'Magazine physical prepare civil.');
INSERT INTO REVIEW (ID_Review, ServiceScore, FoodScore, BranchScore, PriceScore, Comment) VALUES (25, 3, 2, 2, 1, 'Story movement pull business do career.');
INSERT INTO REVIEW (ID_Review, ServiceScore, FoodScore, BranchScore, PriceScore, Comment) VALUES (31, 4, 2, 4, 4, 'Leave happy mean write organization century likely dog.');
INSERT INTO REVIEW (ID_Review, ServiceScore, FoodScore, BranchScore, PriceScore, Comment) VALUES (4, 2, 3, 1, 5, 'Cost call teach same.');
INSERT INTO REVIEW (ID_Review, ServiceScore, FoodScore, BranchScore, PriceScore, Comment) VALUES (3, 5, 2, 4, 1, 'Administration enter him.');
INSERT INTO REVIEW (ID_Review, ServiceScore, FoodScore, BranchScore, PriceScore, Comment) VALUES (17, 4, 3, 2, 1, 'Up officer pay instead capital.');
INSERT INTO REVIEW (ID_Review, ServiceScore, FoodScore, BranchScore, PriceScore, Comment) VALUES (6, 4, 4, 1, 2, 'Wind room force wide newspaper amount when.');
INSERT INTO REVIEW (ID_Review, ServiceScore, FoodScore, BranchScore, PriceScore, Comment) VALUES (33, 5, 5, 2, 3, 'Particular arrive receive final act many.');
INSERT INTO REVIEW (ID_Review, ServiceScore, FoodScore, BranchScore, PriceScore, Comment) VALUES (7, 4, 3, 1, 4, 'It person be able.');
INSERT INTO REVIEW (ID_Review, ServiceScore, FoodScore, BranchScore, PriceScore, Comment) VALUES (41, 4, 4, 4, 5, 'Value thing future audience buy suddenly.');
INSERT INTO REVIEW (ID_Review, ServiceScore, FoodScore, BranchScore, PriceScore, Comment) VALUES (2, 5, 1, 3, 4, 'Open hand city protect day.');
INSERT INTO REVIEW (ID_Review, ServiceScore, FoodScore, BranchScore, PriceScore, Comment) VALUES (19, 4, 3, 5, 1, 'Official company wrong political painting.');
INSERT INTO REVIEW (ID_Review, ServiceScore, FoodScore, BranchScore, PriceScore, Comment) VALUES (24, 1, 1, 4, 3, 'Somebody four media response.');
INSERT INTO REVIEW (ID_Review, ServiceScore, FoodScore, BranchScore, PriceScore, Comment) VALUES (39, 2, 2, 1, 4, 'Reach play herself.');
INSERT INTO REVIEW (ID_Review, ServiceScore, FoodScore, BranchScore, PriceScore, Comment) VALUES (13, 3, 4, 1, 1, 'Writer trip foot financial remember management only.');
INSERT INTO REVIEW (ID_Review, ServiceScore, FoodScore, BranchScore, PriceScore, Comment) VALUES (26, 4, 2, 3, 1, 'Drug itself you read see lead seven nearly.');
INSERT INTO REVIEW (ID_Review, ServiceScore, FoodScore, BranchScore, PriceScore, Comment) VALUES (38, 5, 3, 5, 2, 'Positive among here type national.');
INSERT INTO REVIEW (ID_Review, ServiceScore, FoodScore, BranchScore, PriceScore, Comment) VALUES (15, 1, 3, 2, 2, 'Street suggest listen arrive arm.');
INSERT INTO REVIEW (ID_Review, ServiceScore, FoodScore, BranchScore, PriceScore, Comment) VALUES (32, 4, 1, 5, 3, 'Modern name story car radio.');
INSERT INTO REVIEW (ID_Review, ServiceScore, FoodScore, BranchScore, PriceScore, Comment) VALUES (30, 5, 2, 2, 4, 'Probably too always sense serve century back reveal.');
INSERT INTO REVIEW (ID_Review, ServiceScore, FoodScore, BranchScore, PriceScore, Comment) VALUES (22, 1, 2, 1, 3, 'Church friend degree level thought.');
INSERT INTO REVIEW (ID_Review, ServiceScore, FoodScore, BranchScore, PriceScore, Comment) VALUES (16, 1, 4, 1, 2, 'Science development amount much.');
INSERT INTO REVIEW (ID_Review, ServiceScore, FoodScore, BranchScore, PriceScore, Comment) VALUES (29, 1, 1, 5, 2, 'Structure blue so sea serve we.');
INSERT INTO REVIEW (ID_Review, ServiceScore, FoodScore, BranchScore, PriceScore, Comment) VALUES (37, 2, 1, 2, 3, 'Quickly ability place build hundred best.');
INSERT INTO REVIEW (ID_Review, ServiceScore, FoodScore, BranchScore, PriceScore, Comment) VALUES (34, 1, 4, 4, 4, 'Less set enjoy staff guess specific.');
INSERT INTO REVIEW (ID_Review, ServiceScore, FoodScore, BranchScore, PriceScore, Comment) VALUES (11, 5, 3, 3, 2, 'Very six which certain.');
INSERT INTO REVIEW (ID_Review, ServiceScore, FoodScore, BranchScore, PriceScore, Comment) VALUES (11, 3, 2, 5, 3, 'Onto exactly realize out case father four.');
INSERT INTO REVIEW (ID_Review, ServiceScore, FoodScore, BranchScore, PriceScore, Comment) VALUES (8, 2, 3, 2, 3, 'Interview method ok reality PM trial research.');
INSERT INTO REVIEW (ID_Review, ServiceScore, FoodScore, BranchScore, PriceScore, Comment) VALUES (21, 3, 4, 1, 4, 'Build beat sometimes hospital pattern.');
INSERT INTO REVIEW (ID_Review, ServiceScore, FoodScore, BranchScore, PriceScore, Comment) VALUES (38, 2, 4, 4, 4, 'Fast door central who.');
INSERT INTO REVIEW (ID_Review, ServiceScore, FoodScore, BranchScore, PriceScore, Comment) VALUES (27, 4, 3, 2, 2, 'Knowledge bag machine hair something consider police future.');
INSERT INTO REVIEW (ID_Review, ServiceScore, FoodScore, BranchScore, PriceScore, Comment) VALUES (35, 4, 1, 4, 1, 'Always accept social key without them green.');
INSERT INTO REVIEW (ID_Review, ServiceScore, FoodScore, BranchScore, PriceScore, Comment) VALUES (34, 1, 4, 1, 2, 'Once threat continue.');
INSERT INTO REVIEW (ID_Review, ServiceScore, FoodScore, BranchScore, PriceScore, Comment) VALUES (1, 4, 1, 3, 5, 'Plan subject fly blood help.');
INSERT INTO REVIEW (ID_Review, ServiceScore, FoodScore, BranchScore, PriceScore, Comment) VALUES (4, 3, 4, 3, 2, 'Both American road daughter.');
INSERT INTO REVIEW (ID_Review, ServiceScore, FoodScore, BranchScore, PriceScore, Comment) VALUES (19, 4, 3, 1, 3, 'Interview director understand window western color certain.');
INSERT INTO REVIEW (ID_Review, ServiceScore, FoodScore, BranchScore, PriceScore, Comment) VALUES (5, 1, 5, 1, 3, 'Ground good his fish purpose.');
INSERT INTO REVIEW (ID_Review, ServiceScore, FoodScore, BranchScore, PriceScore, Comment) VALUES (17, 4, 1, 1, 4, 'Today issue number great choose able performance.');
INSERT INTO REVIEW (ID_Review, ServiceScore, FoodScore, BranchScore, PriceScore, Comment) VALUES (41, 1, 2, 4, 2, 'Interesting condition small represent growth between return nor.');
INSERT INTO REVIEW (ID_Review, ServiceScore, FoodScore, BranchScore, PriceScore, Comment) VALUES (29, 4, 5, 4, 2, 'Type yourself authority four environment.');
INSERT INTO REVIEW (ID_Review, ServiceScore, FoodScore, BranchScore, PriceScore, Comment) VALUES (36, 5, 5, 3, 4, 'Great cover cost push our choose.');
INSERT INTO REVIEW (ID_Review, ServiceScore, FoodScore, BranchScore, PriceScore, Comment) VALUES (23, 4, 4, 3, 4, 'Man food community region.');
INSERT INTO REVIEW (ID_Review, ServiceScore, FoodScore, BranchScore, PriceScore, Comment) VALUES (26, 4, 4, 5, 5, 'Star first war decide kid resource.');
INSERT INTO REVIEW (ID_Review, ServiceScore, FoodScore, BranchScore, PriceScore, Comment) VALUES (13, 2, 2, 4, 5, 'Item send something rich.');
INSERT INTO REVIEW (ID_Review, ServiceScore, FoodScore, BranchScore, PriceScore, Comment) VALUES (30, 4, 3, 5, 5, 'Vote fire though edge energy.');
INSERT INTO REVIEW (ID_Review, ServiceScore, FoodScore, BranchScore, PriceScore, Comment) VALUES (40, 4, 4, 5, 1, 'Her other final just final certain well.');
INSERT INTO REVIEW (ID_Review, ServiceScore, FoodScore, BranchScore, PriceScore, Comment) VALUES (16, 2, 4, 1, 1, 'Resource parent professional relate medical section.');
INSERT INTO REVIEW (ID_Review, ServiceScore, FoodScore, BranchScore, PriceScore, Comment) VALUES (28, 5, 5, 4, 1, 'Reach everything wish population executive.');
INSERT INTO REVIEW (ID_Review, ServiceScore, FoodScore, BranchScore, PriceScore, Comment) VALUES (6, 1, 4, 2, 5, 'Interest example work family each board while bad.');
INSERT INTO REVIEW (ID_Review, ServiceScore, FoodScore, BranchScore, PriceScore, Comment) VALUES (31, 5, 1, 1, 4, 'General operation could yard if.');
INSERT INTO REVIEW (ID_Review, ServiceScore, FoodScore, BranchScore, PriceScore, Comment) VALUES (33, 2, 1, 2, 4, 'General suggest above first.');
INSERT INTO REVIEW (ID_Review, ServiceScore, FoodScore, BranchScore, PriceScore, Comment) VALUES (32, 4, 5, 2, 3, 'Quickly institution when already east president.');
INSERT INTO REVIEW (ID_Review, ServiceScore, FoodScore, BranchScore, PriceScore, Comment) VALUES (14, 1, 1, 3, 3, 'Sound weight behavior voice.');
INSERT INTO REVIEW (ID_Review, ServiceScore, FoodScore, BranchScore, PriceScore, Comment) VALUES (7, 1, 4, 4, 3, 'Team well leg quickly.');
INSERT INTO REVIEW (ID_Review, ServiceScore, FoodScore, BranchScore, PriceScore, Comment) VALUES (20, 3, 3, 3, 1, 'Year general despite fast.');
INSERT INTO REVIEW (ID_Review, ServiceScore, FoodScore, BranchScore, PriceScore, Comment) VALUES (24, 3, 4, 4, 4, 'After program to third onto show.');
INSERT INTO REVIEW (ID_Review, ServiceScore, FoodScore, BranchScore, PriceScore, Comment) VALUES (39, 2, 5, 2, 5, 'Hold water back baby growth.');
INSERT INTO REVIEW (ID_Review, ServiceScore, FoodScore, BranchScore, PriceScore, Comment) VALUES (10, 4, 2, 4, 5, 'Several than rise turn right there bar.');
INSERT INTO REVIEW (ID_Review, ServiceScore, FoodScore, BranchScore, PriceScore, Comment) VALUES (2, 5, 5, 2, 3, 'Back sing store method south.');
INSERT INTO REVIEW (ID_Review, ServiceScore, FoodScore, BranchScore, PriceScore, Comment) VALUES (22, 4, 3, 5, 4, 'Charge sort keep.');
INSERT INTO REVIEW (ID_Review, ServiceScore, FoodScore, BranchScore, PriceScore, Comment) VALUES (15, 5, 2, 1, 2, 'Around long course center.');
INSERT INTO REVIEW (ID_Review, ServiceScore, FoodScore, BranchScore, PriceScore, Comment) VALUES (37, 1, 3, 4, 3, 'In follow level left its.');
INSERT INTO REVIEW (ID_Review, ServiceScore, FoodScore, BranchScore, PriceScore, Comment) VALUES (25, 2, 2, 2, 1, 'World environment true million.');
INSERT INTO REVIEW (ID_Review, ServiceScore, FoodScore, BranchScore, PriceScore, Comment) VALUES (9, 1, 1, 2, 4, 'Budget foot represent control.');
INSERT INTO REVIEW (ID_Review, ServiceScore, FoodScore, BranchScore, PriceScore, Comment) VALUES (3, 5, 5, 4, 1, 'Difficult full authority range note not thousand to.');
INSERT INTO REVIEW (ID_Review, ServiceScore, FoodScore, BranchScore, PriceScore, Comment) VALUES (12, 2, 2, 3, 5, 'Realize natural unit mention live most play.');
INSERT INTO REVIEW (ID_Review, ServiceScore, FoodScore, BranchScore, PriceScore, Comment) VALUES (12, 3, 2, 5, 4, 'Situation too worry power rock agreement get.');
INSERT INTO REVIEW (ID_Review, ServiceScore, FoodScore, BranchScore, PriceScore, Comment) VALUES (27, 2, 3, 2, 4, 'Guy account organization series finally along.');
INSERT INTO REVIEW (ID_Review, ServiceScore, FoodScore, BranchScore, PriceScore, Comment) VALUES (20, 1, 1, 5, 4, 'Choose direction should national significant wonder out.');
INSERT INTO REVIEW (ID_Review, ServiceScore, FoodScore, BranchScore, PriceScore, Comment) VALUES (22, 3, 3, 2, 5, 'Firm human fear PM.');
INSERT INTO REVIEW (ID_Review, ServiceScore, FoodScore, BranchScore, PriceScore, Comment) VALUES (25, 2, 3, 3, 2, 'Reach almost place research.');
INSERT INTO REVIEW (ID_Review, ServiceScore, FoodScore, BranchScore, PriceScore, Comment) VALUES (10, 1, 1, 3, 4, 'About action agent myself organization community.');
INSERT INTO REVIEW (ID_Review, ServiceScore, FoodScore, BranchScore, PriceScore, Comment) VALUES (2, 2, 1, 2, 5, 'Concern stay avoid machine read kitchen see fact.');
INSERT INTO REVIEW (ID_Review, ServiceScore, FoodScore, BranchScore, PriceScore, Comment) VALUES (36, 5, 4, 1, 3, 'Skill from involve discussion.');
INSERT INTO REVIEW (ID_Review, ServiceScore, FoodScore, BranchScore, PriceScore, Comment) VALUES (8, 2, 1, 3, 1, 'Home measure as poor.');
INSERT INTO REVIEW (ID_Review, ServiceScore, FoodScore, BranchScore, PriceScore, Comment) VALUES (4, 5, 4, 2, 3, 'Hear any become page often.');
INSERT INTO REVIEW (ID_Review, ServiceScore, FoodScore, BranchScore, PriceScore, Comment) VALUES (5, 3, 3, 4, 2, 'Life least ok arm none television like mention.');
INSERT INTO REVIEW (ID_Review, ServiceScore, FoodScore, BranchScore, PriceScore, Comment) VALUES (7, 2, 1, 1, 4, 'Cold affect media life talk.');
INSERT INTO REVIEW (ID_Review, ServiceScore, FoodScore, BranchScore, PriceScore, Comment) VALUES (1, 2, 4, 5, 5, 'Fill recently space decide today.');
INSERT INTO REVIEW (ID_Review, ServiceScore, FoodScore, BranchScore, PriceScore, Comment) VALUES (30, 3, 2, 2, 4, 'Machine same note before realize.');
INSERT INTO REVIEW (ID_Review, ServiceScore, FoodScore, BranchScore, PriceScore, Comment) VALUES (15, 2, 4, 5, 2, 'Fish near woman.');
INSERT INTO REVIEW (ID_Review, ServiceScore, FoodScore, BranchScore, PriceScore, Comment) VALUES (26, 1, 3, 4, 1, 'Tree collection name store join clearly.');
INSERT INTO REVIEW (ID_Review, ServiceScore, FoodScore, BranchScore, PriceScore, Comment) VALUES (37, 4, 2, 4, 5, 'Score expect four case Congress.');
INSERT INTO REVIEW (ID_Review, ServiceScore, FoodScore, BranchScore, PriceScore, Comment) VALUES (16, 3, 3, 3, 3, 'Before add speak full evidence kitchen although.');
INSERT INTO REVIEW (ID_Review, ServiceScore, FoodScore, BranchScore, PriceScore, Comment) VALUES (28, 1, 1, 3, 1, 'Station from including along scientist such past.');
INSERT INTO REVIEW (ID_Review, ServiceScore, FoodScore, BranchScore, PriceScore, Comment) VALUES (33, 2, 3, 3, 4, 'Must worry consumer none officer sometimes low.');
INSERT INTO REVIEW (ID_Review, ServiceScore, FoodScore, BranchScore, PriceScore, Comment) VALUES (38, 2, 1, 4, 3, 'New charge safe response artist sing.');
INSERT INTO REVIEW (ID_Review, ServiceScore, FoodScore, BranchScore, PriceScore, Comment) VALUES (9, 5, 4, 3, 3, 'Structure deep ask perhaps might.');
INSERT INTO REVIEW (ID_Review, ServiceScore, FoodScore, BranchScore, PriceScore, Comment) VALUES (35, 3, 5, 2, 2, 'Discover foot soldier main money simply already.');
INSERT INTO REVIEW (ID_Review, ServiceScore, FoodScore, BranchScore, PriceScore, Comment) VALUES (29, 2, 5, 2, 4, 'Generation because nation high.');
INSERT INTO REVIEW (ID_Review, ServiceScore, FoodScore, BranchScore, PriceScore, Comment) VALUES (18, 4, 5, 3, 3, 'Investment news degree Congress piece now.');
INSERT INTO REVIEW (ID_Review, ServiceScore, FoodScore, BranchScore, PriceScore, Comment) VALUES (19, 2, 2, 3, 1, 'Huge method increase.');
INSERT INTO REVIEW (ID_Review, ServiceScore, FoodScore, BranchScore, PriceScore, Comment) VALUES (13, 1, 2, 3, 5, 'Have policy issue treatment catch good.');
INSERT INTO REVIEW (ID_Review, ServiceScore, FoodScore, BranchScore, PriceScore, Comment) VALUES (3, 2, 5, 2, 1, 'Bank town detail good account unit while.');
INSERT INTO REVIEW (ID_Review, ServiceScore, FoodScore, BranchScore, PriceScore, Comment) VALUES (40, 3, 4, 2, 1, 'Mind something return return detail tax relate.');
INSERT INTO REVIEW (ID_Review, ServiceScore, FoodScore, BranchScore, PriceScore, Comment) VALUES (14, 2, 1, 1, 4, 'Eight apply visit near young off police tell.');
INSERT INTO REVIEW (ID_Review, ServiceScore, FoodScore, BranchScore, PriceScore, Comment) VALUES (23, 1, 5, 4, 3, 'Analysis read treat physical science reduce.');
INSERT INTO REVIEW (ID_Review, ServiceScore, FoodScore, BranchScore, PriceScore, Comment) VALUES (24, 4, 3, 1, 4, 'Right same civil great agreement.');
INSERT INTO REVIEW (ID_Review, ServiceScore, FoodScore, BranchScore, PriceScore, Comment) VALUES (32, 1, 1, 5, 2, 'Foreign difference treat significant test measure.');
INSERT INTO REVIEW (ID_Review, ServiceScore, FoodScore, BranchScore, PriceScore, Comment) VALUES (6, 2, 5, 1, 5, 'Realize crime care outside main build just.');
INSERT INTO REVIEW (ID_Review, ServiceScore, FoodScore, BranchScore, PriceScore, Comment) VALUES (17, 1, 3, 4, 3, 'Ahead law develop adult senior.');
INSERT INTO REVIEW (ID_Review, ServiceScore, FoodScore, BranchScore, PriceScore, Comment) VALUES (31, 1, 4, 5, 1, 'With evening every detail radio style me dream.');
INSERT INTO REVIEW (ID_Review, ServiceScore, FoodScore, BranchScore, PriceScore, Comment) VALUES (39, 3, 3, 3, 2, 'Than international hundred goal drug security research.');
INSERT INTO REVIEW (ID_Review, ServiceScore, FoodScore, BranchScore, PriceScore, Comment) VALUES (21, 5, 1, 4, 2, 'Himself sister tonight do dog break factor.');
INSERT INTO REVIEW (ID_Review, ServiceScore, FoodScore, BranchScore, PriceScore, Comment) VALUES (11, 4, 3, 2, 1, 'Notice enter money forget break education item again.');
INSERT INTO REVIEW (ID_Review, ServiceScore, FoodScore, BranchScore, PriceScore, Comment) VALUES (34, 1, 5, 3, 3, 'Nice talk understand increase toward nor affect.');
INSERT INTO REVIEW (ID_Review, ServiceScore, FoodScore, BranchScore, PriceScore, Comment) VALUES (35, 4, 3, 5, 1, 'Camera push best enter.');
INSERT INTO REVIEW (ID_Review, ServiceScore, FoodScore, BranchScore, PriceScore, Comment) VALUES (1, 3, 1, 5, 4, 'Probably represent technology over.');
INSERT INTO REVIEW (ID_Review, ServiceScore, FoodScore, BranchScore, PriceScore, Comment) VALUES (41, 3, 1, 5, 2, 'Myself learn as.');
INSERT INTO REVIEW (ID_Review, ServiceScore, FoodScore, BranchScore, PriceScore, Comment) VALUES (31, 1, 3, 2, 1, 'Area couple avoid push manager.');
INSERT INTO REVIEW (ID_Review, ServiceScore, FoodScore, BranchScore, PriceScore, Comment) VALUES (4, 1, 4, 3, 4, 'Peace father president wonder.');
INSERT INTO REVIEW (ID_Review, ServiceScore, FoodScore, BranchScore, PriceScore, Comment) VALUES (26, 3, 1, 5, 1, 'Show protect boy be discuss tonight value.');
INSERT INTO REVIEW (ID_Review, ServiceScore, FoodScore, BranchScore, PriceScore, Comment) VALUES (22, 5, 3, 4, 4, 'Pattern economy result blue page reflect.');
INSERT INTO REVIEW (ID_Review, ServiceScore, FoodScore, BranchScore, PriceScore, Comment) VALUES (38, 2, 3, 5, 4, 'Pick usually bit she gas loss read.');
INSERT INTO REVIEW (ID_Review, ServiceScore, FoodScore, BranchScore, PriceScore, Comment) VALUES (2, 1, 1, 3, 5, 'Degree artist notice network relationship opportunity feel.');
INSERT INTO REVIEW (ID_Review, ServiceScore, FoodScore, BranchScore, PriceScore, Comment) VALUES (21, 4, 2, 4, 3, 'Firm like hope adult explain audience specific.');
INSERT INTO REVIEW (ID_Review, ServiceScore, FoodScore, BranchScore, PriceScore, Comment) VALUES (23, 5, 2, 5, 4, 'Travel deal lawyer TV remain activity.');
INSERT INTO REVIEW (ID_Review, ServiceScore, FoodScore, BranchScore, PriceScore, Comment) VALUES (7, 2, 2, 2, 2, 'Matter side finally southern audience poor law.');
INSERT INTO REVIEW (ID_Review, ServiceScore, FoodScore, BranchScore, PriceScore, Comment) VALUES (33, 1, 4, 2, 2, 'Clear paper American night.');
INSERT INTO REVIEW (ID_Review, ServiceScore, FoodScore, BranchScore, PriceScore, Comment) VALUES (10, 5, 4, 2, 2, 'See decade sit alone herself fish beat of.');
INSERT INTO REVIEW (ID_Review, ServiceScore, FoodScore, BranchScore, PriceScore, Comment) VALUES (16, 2, 2, 4, 4, 'His physical food open main read.');
INSERT INTO REVIEW (ID_Review, ServiceScore, FoodScore, BranchScore, PriceScore, Comment) VALUES (5, 4, 2, 2, 4, 'Culture detail week blood unit.');
INSERT INTO REVIEW (ID_Review, ServiceScore, FoodScore, BranchScore, PriceScore, Comment) VALUES (11, 5, 5, 3, 3, 'Wonder white sound.');
INSERT INTO REVIEW (ID_Review, ServiceScore, FoodScore, BranchScore, PriceScore, Comment) VALUES (25, 1, 2, 5, 3, 'Certain investment short fight cost.');
INSERT INTO REVIEW (ID_Review, ServiceScore, FoodScore, BranchScore, PriceScore, Comment) VALUES (30, 1, 2, 2, 1, 'Attention somebody trip especially.');
INSERT INTO REVIEW (ID_Review, ServiceScore, FoodScore, BranchScore, PriceScore, Comment) VALUES (3, 3, 3, 1, 1, 'Forward power see occur art represent.');
INSERT INTO REVIEW (ID_Review, ServiceScore, FoodScore, BranchScore, PriceScore, Comment) VALUES (28, 3, 2, 4, 1, 'Value billion beat administration different foreign.');
INSERT INTO REVIEW (ID_Review, ServiceScore, FoodScore, BranchScore, PriceScore, Comment) VALUES (27, 4, 2, 2, 5, 'Church human participant or modern.');
INSERT INTO REVIEW (ID_Review, ServiceScore, FoodScore, BranchScore, PriceScore, Comment) VALUES (32, 3, 4, 2, 2, 'Degree note avoid language water.');
INSERT INTO REVIEW (ID_Review, ServiceScore, FoodScore, BranchScore, PriceScore, Comment) VALUES (9, 5, 3, 4, 4, 'Building others particular movie lot game.');
INSERT INTO REVIEW (ID_Review, ServiceScore, FoodScore, BranchScore, PriceScore, Comment) VALUES (19, 5, 5, 5, 4, 'Report during anyone water soldier likely.');
INSERT INTO REVIEW (ID_Review, ServiceScore, FoodScore, BranchScore, PriceScore, Comment) VALUES (34, 3, 3, 2, 4, 'Science usually continue bed.');
INSERT INTO REVIEW (ID_Review, ServiceScore, FoodScore, BranchScore, PriceScore, Comment) VALUES (8, 4, 1, 5, 5, 'Model often whose be two admit while thus.');
INSERT INTO REVIEW (ID_Review, ServiceScore, FoodScore, BranchScore, PriceScore, Comment) VALUES (17, 3, 5, 1, 1, 'Image consumer land opportunity artist.');
INSERT INTO REVIEW (ID_Review, ServiceScore, FoodScore, BranchScore, PriceScore, Comment) VALUES (20, 2, 3, 5, 4, 'Leave blue our any artist base community.');
INSERT INTO REVIEW (ID_Review, ServiceScore, FoodScore, BranchScore, PriceScore, Comment) VALUES (40, 1, 4, 4, 5, 'Technology rate ok energy.');
INSERT INTO REVIEW (ID_Review, ServiceScore, FoodScore, BranchScore, PriceScore, Comment) VALUES (24, 2, 2, 4, 4, 'Focus surface laugh sure police.');
INSERT INTO REVIEW (ID_Review, ServiceScore, FoodScore, BranchScore, PriceScore, Comment) VALUES (12, 4, 1, 5, 3, 'Same available difficult commercial partner statement.');
INSERT INTO REVIEW (ID_Review, ServiceScore, FoodScore, BranchScore, PriceScore, Comment) VALUES (6, 1, 3, 5, 1, 'Everybody determine risk way out defense positive.');
INSERT INTO REVIEW (ID_Review, ServiceScore, FoodScore, BranchScore, PriceScore, Comment) VALUES (29, 5, 4, 2, 3, 'Maybe window story role maybe else.');
INSERT INTO REVIEW (ID_Review, ServiceScore, FoodScore, BranchScore, PriceScore, Comment) VALUES (36, 3, 4, 4, 4, 'Value your their sense tree project.');
INSERT INTO REVIEW (ID_Review, ServiceScore, FoodScore, BranchScore, PriceScore, Comment) VALUES (13, 3, 5, 3, 5, 'Whom culture choice stage put yet.');
INSERT INTO REVIEW (ID_Review, ServiceScore, FoodScore, BranchScore, PriceScore, Comment) VALUES (37, 3, 1, 1, 4, 'Yourself a themselves remain share along.');
INSERT INTO REVIEW (ID_Review, ServiceScore, FoodScore, BranchScore, PriceScore, Comment) VALUES (18, 1, 4, 3, 1, 'Heart class Republican night message.');
INSERT INTO REVIEW (ID_Review, ServiceScore, FoodScore, BranchScore, PriceScore, Comment) VALUES (15, 4, 4, 3, 3, 'General decision course save then fly.');
INSERT INTO REVIEW (ID_Review, ServiceScore, FoodScore, BranchScore, PriceScore, Comment) VALUES (14, 5, 2, 4, 4, 'Recent standard community manage experience baby pick.');
INSERT INTO REVIEW (ID_Review, ServiceScore, FoodScore, BranchScore, PriceScore, Comment) VALUES (35, 3, 4, 2, 2, 'Year value focus star hot pretty organization.');
INSERT INTO REVIEW (ID_Review, ServiceScore, FoodScore, BranchScore, PriceScore, Comment) VALUES (27, 4, 3, 5, 1, 'Nearly success themselves arm rather piece.');
INSERT INTO REVIEW (ID_Review, ServiceScore, FoodScore, BranchScore, PriceScore, Comment) VALUES (29, 5, 1, 2, 2, 'Eat keep leader ball because entire beyond goal.');
INSERT INTO REVIEW (ID_Review, ServiceScore, FoodScore, BranchScore, PriceScore, Comment) VALUES (10, 3, 4, 5, 5, 'Everyone score than game small magazine choice population.');
INSERT INTO REVIEW (ID_Review, ServiceScore, FoodScore, BranchScore, PriceScore, Comment) VALUES (3, 2, 1, 5, 2, 'Maybe guess sound build response.');
INSERT INTO REVIEW (ID_Review, ServiceScore, FoodScore, BranchScore, PriceScore, Comment) VALUES (24, 4, 3, 5, 1, 'Movement number entire option human interest.');
INSERT INTO REVIEW (ID_Review, ServiceScore, FoodScore, BranchScore, PriceScore, Comment) VALUES (21, 4, 3, 2, 4, 'College from fall building.');
INSERT INTO REVIEW (ID_Review, ServiceScore, FoodScore, BranchScore, PriceScore, Comment) VALUES (26, 4, 4, 3, 2, 'Onto world morning decision claim.');
INSERT INTO REVIEW (ID_Review, ServiceScore, FoodScore, BranchScore, PriceScore, Comment) VALUES (18, 2, 1, 4, 4, 'Single return drop however wrong.');
INSERT INTO REVIEW (ID_Review, ServiceScore, FoodScore, BranchScore, PriceScore, Comment) VALUES (39, 5, 5, 5, 4, 'State relationship treatment less phone long culture.');
INSERT INTO REVIEW (ID_Review, ServiceScore, FoodScore, BranchScore, PriceScore, Comment) VALUES (19, 5, 3, 1, 2, 'Arrive follow visit democratic easy song.');
INSERT INTO REVIEW (ID_Review, ServiceScore, FoodScore, BranchScore, PriceScore, Comment) VALUES (14, 2, 3, 4, 3, 'Teach free actually cold six.');
INSERT INTO REVIEW (ID_Review, ServiceScore, FoodScore, BranchScore, PriceScore, Comment) VALUES (34, 3, 3, 2, 4, 'Account contain story take.');
INSERT INTO REVIEW (ID_Review, ServiceScore, FoodScore, BranchScore, PriceScore, Comment) VALUES (5, 3, 3, 5, 3, 'For people foot onto school camera become.');
INSERT INTO REVIEW (ID_Review, ServiceScore, FoodScore, BranchScore, PriceScore, Comment) VALUES (36, 1, 2, 5, 2, 'Much close once size edge.');
INSERT INTO REVIEW (ID_Review, ServiceScore, FoodScore, BranchScore, PriceScore, Comment) VALUES (37, 2, 5, 5, 1, 'Site serve since so.');
INSERT INTO REVIEW (ID_Review, ServiceScore, FoodScore, BranchScore, PriceScore, Comment) VALUES (25, 3, 3, 5, 4, 'Nation program campaign anything skill pick recognize.');
INSERT INTO REVIEW (ID_Review, ServiceScore, FoodScore, BranchScore, PriceScore, Comment) VALUES (15, 1, 3, 1, 1, 'Few mouth my.');
INSERT INTO REVIEW (ID_Review, ServiceScore, FoodScore, BranchScore, PriceScore, Comment) VALUES (32, 4, 1, 4, 3, 'Require we station future.');
INSERT INTO REVIEW (ID_Review, ServiceScore, FoodScore, BranchScore, PriceScore, Comment) VALUES (1, 3, 4, 1, 5, 'Late data great soldier.');
INSERT INTO REVIEW (ID_Review, ServiceScore, FoodScore, BranchScore, PriceScore, Comment) VALUES (22, 1, 4, 5, 1, 'Feeling physical could room could for firm threat.');
INSERT INTO REVIEW (ID_Review, ServiceScore, FoodScore, BranchScore, PriceScore, Comment) VALUES (9, 5, 3, 1, 3, 'Same machine his any occur.');
INSERT INTO REVIEW (ID_Review, ServiceScore, FoodScore, BranchScore, PriceScore, Comment) VALUES (2, 4, 3, 2, 2, 'Necessary short picture often skin future media.');
INSERT INTO REVIEW (ID_Review, ServiceScore, FoodScore, BranchScore, PriceScore, Comment) VALUES (41, 1, 4, 3, 4, 'Safe six true push.');
INSERT INTO REVIEW (ID_Review, ServiceScore, FoodScore, BranchScore, PriceScore, Comment) VALUES (23, 4, 4, 4, 4, 'From thus civil serve picture offer.');
INSERT INTO REVIEW (ID_Review, ServiceScore, FoodScore, BranchScore, PriceScore, Comment) VALUES (40, 2, 2, 4, 3, 'Stand institution middle ability dog glass threat.');
INSERT INTO REVIEW (ID_Review, ServiceScore, FoodScore, BranchScore, PriceScore, Comment) VALUES (11, 2, 1, 3, 5, 'Political partner policy on sit.');
INSERT INTO REVIEW (ID_Review, ServiceScore, FoodScore, BranchScore, PriceScore, Comment) VALUES (20, 5, 2, 5, 2, 'Eight themselves community book.');
INSERT INTO REVIEW (ID_Review, ServiceScore, FoodScore, BranchScore, PriceScore, Comment) VALUES (30, 1, 3, 3, 5, 'Little better wish four.');
INSERT INTO REVIEW (ID_Review, ServiceScore, FoodScore, BranchScore, PriceScore, Comment) VALUES (12, 1, 3, 4, 1, 'Add type toward many continue economy woman.');
INSERT INTO REVIEW (ID_Review, ServiceScore, FoodScore, BranchScore, PriceScore, Comment) VALUES (16, 3, 2, 2, 5, 'Also remember member say identify time.');
INSERT INTO REVIEW (ID_Review, ServiceScore, FoodScore, BranchScore, PriceScore, Comment) VALUES (7, 1, 5, 3, 4, 'Small drug leader think your.');
INSERT INTO REVIEW (ID_Review, ServiceScore, FoodScore, BranchScore, PriceScore, Comment) VALUES (8, 4, 1, 5, 3, 'Whether expect baby exist operation price.');
INSERT INTO REVIEW (ID_Review, ServiceScore, FoodScore, BranchScore, PriceScore, Comment) VALUES (6, 1, 1, 2, 1, 'Who score return town man myself.');
INSERT INTO REVIEW (ID_Review, ServiceScore, FoodScore, BranchScore, PriceScore, Comment) VALUES (38, 5, 3, 3, 4, 'Cold health cold everyone garden from serve.');
INSERT INTO REVIEW (ID_Review, ServiceScore, FoodScore, BranchScore, PriceScore, Comment) VALUES (31, 1, 1, 4, 5, 'Or minute town deep heavy far.');
INSERT INTO REVIEW (ID_Review, ServiceScore, FoodScore, BranchScore, PriceScore, Comment) VALUES (4, 5, 5, 5, 1, 'Race behavior forget inside floor exactly.');
INSERT INTO REVIEW (ID_Review, ServiceScore, FoodScore, BranchScore, PriceScore, Comment) VALUES (28, 1, 2, 1, 2, 'Notice point approach.');
INSERT INTO REVIEW (ID_Review, ServiceScore, FoodScore, BranchScore, PriceScore, Comment) VALUES (13, 5, 1, 1, 3, 'And tonight language collection floor wonder.');
INSERT INTO REVIEW (ID_Review, ServiceScore, FoodScore, BranchScore, PriceScore, Comment) VALUES (33, 5, 3, 3, 2, 'Prove mean side who several.');
INSERT INTO [ORDER] (ID_Order, ID_Table, OrderDate, TotalPrice, ActualPrice, ID_Customer, ID_Review, ID_Employee, ID_Branch) VALUES (1, 19, '2023-07-06', 0, 0, 35, 35, 72, 1);
INSERT INTO [ORDER] (ID_Order, ID_Table, OrderDate, TotalPrice, ActualPrice, ID_Customer, ID_Review, ID_Employee, ID_Branch) VALUES (2, 15, '2023-03-02', 0, 0, 40, 22, 19, 1);
INSERT INTO [ORDER] (ID_Order, ID_Table, OrderDate, TotalPrice, ActualPrice, ID_Customer, ID_Review, ID_Employee, ID_Branch) VALUES (3, 19, '2024-08-12', 0, 0, 38, 39, 200, 1);
INSERT INTO [ORDER] (ID_Order, ID_Table, OrderDate, TotalPrice, ActualPrice, ID_Customer, ID_Review, ID_Employee, ID_Branch) VALUES (4, 16, '2023-08-31', 0, 0, 41, 37, 137, 1);
INSERT INTO [ORDER] (ID_Order, ID_Table, OrderDate, TotalPrice, ActualPrice, ID_Customer, ID_Review, ID_Employee, ID_Branch) VALUES (5, 19, '2022-12-22', 0, 0, 9, 21, 204, 1);
INSERT INTO [ORDER] (ID_Order, ID_Table, OrderDate, TotalPrice, ActualPrice, ID_Customer, ID_Review, ID_Employee, ID_Branch) VALUES (6, 18, '2024-08-02', 0, 0, 6, 3, 183, 1);
INSERT INTO [ORDER] (ID_Order, ID_Table, OrderDate, TotalPrice, ActualPrice, ID_Customer, ID_Review, ID_Employee, ID_Branch) VALUES (7, 2, '2024-11-17', 0, 0, 39, 29, 133, 1);
INSERT INTO [ORDER] (ID_Order, ID_Table, OrderDate, TotalPrice, ActualPrice, ID_Customer, ID_Review, ID_Employee, ID_Branch) VALUES (8, 19, '2023-03-10', 0, 0, 40, 7, 183, 1);
INSERT INTO [ORDER] (ID_Order, ID_Table, OrderDate, TotalPrice, ActualPrice, ID_Customer, ID_Review, ID_Employee, ID_Branch) VALUES (9, 20, '2024-04-07', 0, 0, 17, 32, 168, 1);
INSERT INTO [ORDER] (ID_Order, ID_Table, OrderDate, TotalPrice, ActualPrice, ID_Customer, ID_Review, ID_Employee, ID_Branch) VALUES (10, 1, '2024-04-13', 0, 0, 38, 8, 172, 1);
INSERT INTO [ORDER] (ID_Order, ID_Table, OrderDate, TotalPrice, ActualPrice, ID_Customer, ID_Review, ID_Employee, ID_Branch) VALUES (11, 17, '2024-05-25', 0, 0, 13, 36, 31, 1);
INSERT INTO [ORDER] (ID_Order, ID_Table, OrderDate, TotalPrice, ActualPrice, ID_Customer, ID_Review, ID_Employee, ID_Branch) VALUES (12, 7, '2023-02-18', 0, 0, 39, 18, 34, 1);
INSERT INTO [ORDER] (ID_Order, ID_Table, OrderDate, TotalPrice, ActualPrice, ID_Customer, ID_Review, ID_Employee, ID_Branch) VALUES (13, 3, '2024-07-27', 0, 0, 34, 10, 197, 1);
INSERT INTO [ORDER] (ID_Order, ID_Table, OrderDate, TotalPrice, ActualPrice, ID_Customer, ID_Review, ID_Employee, ID_Branch) VALUES (14, 10, '2023-08-31', 0, 0, 40, 23, 110, 1);
INSERT INTO [ORDER] (ID_Order, ID_Table, OrderDate, TotalPrice, ActualPrice, ID_Customer, ID_Review, ID_Employee, ID_Branch) VALUES (15, 16, '2024-04-09', 0, 0, 9, 31, 178, 1);
INSERT INTO [ORDER] (ID_Order, ID_Table, OrderDate, TotalPrice, ActualPrice, ID_Customer, ID_Review, ID_Employee, ID_Branch) VALUES (16, 7, '2023-03-05', 0, 0, 1, 17, 204, 1);
INSERT INTO [ORDER] (ID_Order, ID_Table, OrderDate, TotalPrice, ActualPrice, ID_Customer, ID_Review, ID_Employee, ID_Branch) VALUES (17, 5, '2023-12-26', 0, 0, 23, 30, 225, 1);
INSERT INTO [ORDER] (ID_Order, ID_Table, OrderDate, TotalPrice, ActualPrice, ID_Customer, ID_Review, ID_Employee, ID_Branch) VALUES (18, 12, '2023-11-07', 0, 0, 40, 1, 69, 1);
INSERT INTO [ORDER] (ID_Order, ID_Table, OrderDate, TotalPrice, ActualPrice, ID_Customer, ID_Review, ID_Employee, ID_Branch) VALUES (19, 13, '2023-12-26', 0, 0, 30, 4, 200, 1);
INSERT INTO [ORDER] (ID_Order, ID_Table, OrderDate, TotalPrice, ActualPrice, ID_Customer, ID_Review, ID_Employee, ID_Branch) VALUES (20, 14, '2023-01-08', 0, 0, 17, 5, 173, 1);
INSERT INTO [ORDER] (ID_Order, ID_Table, OrderDate, TotalPrice, ActualPrice, ID_Customer, ID_Review, ID_Employee, ID_Branch) VALUES (21, 3, '2024-11-25', 0, 0, 36, 20, 93, 1);
INSERT INTO [ORDER] (ID_Order, ID_Table, OrderDate, TotalPrice, ActualPrice, ID_Customer, ID_Review, ID_Employee, ID_Branch) VALUES (22, 16, '2024-11-03', 0, 0, 14, 11, 183, 1);
INSERT INTO [ORDER] (ID_Order, ID_Table, OrderDate, TotalPrice, ActualPrice, ID_Customer, ID_Review, ID_Employee, ID_Branch) VALUES (23, 20, '2023-01-30', 0, 0, 13, 41, 25, 1);
INSERT INTO [ORDER] (ID_Order, ID_Table, OrderDate, TotalPrice, ActualPrice, ID_Customer, ID_Review, ID_Employee, ID_Branch) VALUES (24, 4, '2023-02-02', 0, 0, 19, 26, 200, 1);
INSERT INTO [ORDER] (ID_Order, ID_Table, OrderDate, TotalPrice, ActualPrice, ID_Customer, ID_Review, ID_Employee, ID_Branch) VALUES (25, 6, '2024-10-22', 0, 0, 40, 34, 65, 1);
INSERT INTO [ORDER] (ID_Order, ID_Table, OrderDate, TotalPrice, ActualPrice, ID_Customer, ID_Review, ID_Employee, ID_Branch) VALUES (26, 7, '2022-12-27', 0, 0, 39, 6, 123, 1);
INSERT INTO [ORDER] (ID_Order, ID_Table, OrderDate, TotalPrice, ActualPrice, ID_Customer, ID_Review, ID_Employee, ID_Branch) VALUES (27, 16, '2023-07-12', 0, 0, 6, 9, 217, 1);
INSERT INTO [ORDER] (ID_Order, ID_Table, OrderDate, TotalPrice, ActualPrice, ID_Customer, ID_Review, ID_Employee, ID_Branch) VALUES (28, 6, '2024-11-15', 0, 0, 31, 27, 137, 1);
INSERT INTO [ORDER] (ID_Order, ID_Table, OrderDate, TotalPrice, ActualPrice, ID_Customer, ID_Review, ID_Employee, ID_Branch) VALUES (29, 8, '2024-11-23', 0, 0, 4, 19, 34, 1);
INSERT INTO [ORDER] (ID_Order, ID_Table, OrderDate, TotalPrice, ActualPrice, ID_Customer, ID_Review, ID_Employee, ID_Branch) VALUES (30, 17, '2024-09-11', 0, 0, 27, 14, 198, 1);
INSERT INTO [ORDER] (ID_Order, ID_Table, OrderDate, TotalPrice, ActualPrice, ID_Customer, ID_Review, ID_Employee, ID_Branch) VALUES (31, 18, '2024-04-17', 0, 0, 8, 40, 46, 1);
INSERT INTO [ORDER] (ID_Order, ID_Table, OrderDate, TotalPrice, ActualPrice, ID_Customer, ID_Review, ID_Employee, ID_Branch) VALUES (32, NULL, '2024-12-04', 0, 0, 4, 16, 114, 1);
INSERT INTO [ORDER] (ID_Order, ID_Table, OrderDate, TotalPrice, ActualPrice, ID_Customer, ID_Review, ID_Employee, ID_Branch) VALUES (33, NULL, '2023-12-16', 0, 0, 9, 2, 140, 1);
INSERT INTO [ORDER] (ID_Order, ID_Table, OrderDate, TotalPrice, ActualPrice, ID_Customer, ID_Review, ID_Employee, ID_Branch) VALUES (34, NULL, '2024-08-29', 0, 0, 22, 28, 225, 1);
INSERT INTO [ORDER] (ID_Order, ID_Table, OrderDate, TotalPrice, ActualPrice, ID_Customer, ID_Review, ID_Employee, ID_Branch) VALUES (35, NULL, '2023-04-18', 0, 0, 19, 12, 28, 1);
INSERT INTO [ORDER] (ID_Order, ID_Table, OrderDate, TotalPrice, ActualPrice, ID_Customer, ID_Review, ID_Employee, ID_Branch) VALUES (36, NULL, '2024-07-06', 0, 0, 35, 13, 69, 1);
INSERT INTO [ORDER] (ID_Order, ID_Table, OrderDate, TotalPrice, ActualPrice, ID_Customer, ID_Review, ID_Employee, ID_Branch) VALUES (37, NULL, '2023-05-09', 0, 0, 31, 33, 28, 1);
INSERT INTO [ORDER] (ID_Order, ID_Table, OrderDate, TotalPrice, ActualPrice, ID_Customer, ID_Review, ID_Employee, ID_Branch) VALUES (38, NULL, '2023-07-13', 0, 0, 40, 24, 28, 1);
INSERT INTO [ORDER] (ID_Order, ID_Table, OrderDate, TotalPrice, ActualPrice, ID_Customer, ID_Review, ID_Employee, ID_Branch) VALUES (39, NULL, '2023-11-06', 0, 0, 19, 15, 109, 1);
INSERT INTO [ORDER] (ID_Order, ID_Table, OrderDate, TotalPrice, ActualPrice, ID_Customer, ID_Review, ID_Employee, ID_Branch) VALUES (40, NULL, '2023-05-18', 0, 0, 37, 38, 19, 1);
INSERT INTO [ORDER] (ID_Order, ID_Table, OrderDate, TotalPrice, ActualPrice, ID_Customer, ID_Review, ID_Employee, ID_Branch) VALUES (1, 22, '2024-10-23', 0, 0, 7, 36, 48, 2);
INSERT INTO [ORDER] (ID_Order, ID_Table, OrderDate, TotalPrice, ActualPrice, ID_Customer, ID_Review, ID_Employee, ID_Branch) VALUES (2, 23, '2023-09-19', 0, 0, 10, 32, 128, 2);
INSERT INTO [ORDER] (ID_Order, ID_Table, OrderDate, TotalPrice, ActualPrice, ID_Customer, ID_Review, ID_Employee, ID_Branch) VALUES (3, 34, '2023-12-09', 0, 0, 12, 29, 2, 2);
INSERT INTO [ORDER] (ID_Order, ID_Table, OrderDate, TotalPrice, ActualPrice, ID_Customer, ID_Review, ID_Employee, ID_Branch) VALUES (4, 35, '2024-02-13', 0, 0, 17, 8, 1, 2);
INSERT INTO [ORDER] (ID_Order, ID_Table, OrderDate, TotalPrice, ActualPrice, ID_Customer, ID_Review, ID_Employee, ID_Branch) VALUES (5, 30, '2024-08-18', 0, 0, 11, 17, 132, 2);
INSERT INTO [ORDER] (ID_Order, ID_Table, OrderDate, TotalPrice, ActualPrice, ID_Customer, ID_Review, ID_Employee, ID_Branch) VALUES (6, 37, '2024-09-14', 0, 0, 13, 33, 185, 2);
INSERT INTO [ORDER] (ID_Order, ID_Table, OrderDate, TotalPrice, ActualPrice, ID_Customer, ID_Review, ID_Employee, ID_Branch) VALUES (7, 34, '2024-07-20', 0, 0, 24, 5, 145, 2);
INSERT INTO [ORDER] (ID_Order, ID_Table, OrderDate, TotalPrice, ActualPrice, ID_Customer, ID_Review, ID_Employee, ID_Branch) VALUES (8, 25, '2024-08-12', 0, 0, 21, 12, 105, 2);
INSERT INTO [ORDER] (ID_Order, ID_Table, OrderDate, TotalPrice, ActualPrice, ID_Customer, ID_Review, ID_Employee, ID_Branch) VALUES (9, 22, '2023-10-22', 0, 0, 20, 41, 1, 2);
INSERT INTO [ORDER] (ID_Order, ID_Table, OrderDate, TotalPrice, ActualPrice, ID_Customer, ID_Review, ID_Employee, ID_Branch) VALUES (10, 27, '2023-10-02', 0, 0, 20, 6, 185, 2);
INSERT INTO [ORDER] (ID_Order, ID_Table, OrderDate, TotalPrice, ActualPrice, ID_Customer, ID_Review, ID_Employee, ID_Branch) VALUES (11, 29, '2022-12-20', 0, 0, 24, 7, 9, 2);
INSERT INTO [ORDER] (ID_Order, ID_Table, OrderDate, TotalPrice, ActualPrice, ID_Customer, ID_Review, ID_Employee, ID_Branch) VALUES (12, 35, '2024-11-30', 0, 0, 18, 13, 59, 2);
INSERT INTO [ORDER] (ID_Order, ID_Table, OrderDate, TotalPrice, ActualPrice, ID_Customer, ID_Review, ID_Employee, ID_Branch) VALUES (13, 25, '2023-09-24', 0, 0, 34, 10, 86, 2);
INSERT INTO [ORDER] (ID_Order, ID_Table, OrderDate, TotalPrice, ActualPrice, ID_Customer, ID_Review, ID_Employee, ID_Branch) VALUES (14, 29, '2024-08-05', 0, 0, 6, 38, 142, 2);
INSERT INTO [ORDER] (ID_Order, ID_Table, OrderDate, TotalPrice, ActualPrice, ID_Customer, ID_Review, ID_Employee, ID_Branch) VALUES (15, 30, '2024-10-18', 0, 0, 8, 23, 217, 2);
INSERT INTO [ORDER] (ID_Order, ID_Table, OrderDate, TotalPrice, ActualPrice, ID_Customer, ID_Review, ID_Employee, ID_Branch) VALUES (16, 40, '2024-11-30', 0, 0, 12, 9, 96, 2);
INSERT INTO [ORDER] (ID_Order, ID_Table, OrderDate, TotalPrice, ActualPrice, ID_Customer, ID_Review, ID_Employee, ID_Branch) VALUES (17, 22, '2023-12-23', 0, 0, 38, 4, 105, 2);
INSERT INTO [ORDER] (ID_Order, ID_Table, OrderDate, TotalPrice, ActualPrice, ID_Customer, ID_Review, ID_Employee, ID_Branch) VALUES (18, 26, '2024-03-11', 0, 0, 40, 1, 2, 2);
INSERT INTO [ORDER] (ID_Order, ID_Table, OrderDate, TotalPrice, ActualPrice, ID_Customer, ID_Review, ID_Employee, ID_Branch) VALUES (19, 31, '2024-01-01', 0, 0, 18, 20, 98, 2);
INSERT INTO [ORDER] (ID_Order, ID_Table, OrderDate, TotalPrice, ActualPrice, ID_Customer, ID_Review, ID_Employee, ID_Branch) VALUES (20, 35, '2024-02-10', 0, 0, 37, 2, 173, 2);
INSERT INTO [ORDER] (ID_Order, ID_Table, OrderDate, TotalPrice, ActualPrice, ID_Customer, ID_Review, ID_Employee, ID_Branch) VALUES (21, 24, '2023-06-21', 0, 0, 1, 18, 3, 2);
INSERT INTO [ORDER] (ID_Order, ID_Table, OrderDate, TotalPrice, ActualPrice, ID_Customer, ID_Review, ID_Employee, ID_Branch) VALUES (22, 27, '2024-08-11', 0, 0, 24, 26, 80, 2);
INSERT INTO [ORDER] (ID_Order, ID_Table, OrderDate, TotalPrice, ActualPrice, ID_Customer, ID_Review, ID_Employee, ID_Branch) VALUES (23, 24, '2023-10-26', 0, 0, 21, 40, 20, 2);
INSERT INTO [ORDER] (ID_Order, ID_Table, OrderDate, TotalPrice, ActualPrice, ID_Customer, ID_Review, ID_Employee, ID_Branch) VALUES (24, 29, '2023-12-28', 0, 0, 16, 27, 158, 2);
INSERT INTO [ORDER] (ID_Order, ID_Table, OrderDate, TotalPrice, ActualPrice, ID_Customer, ID_Review, ID_Employee, ID_Branch) VALUES (25, 31, '2024-01-01', 0, 0, 34, 25, 147, 2);
INSERT INTO [ORDER] (ID_Order, ID_Table, OrderDate, TotalPrice, ActualPrice, ID_Customer, ID_Review, ID_Employee, ID_Branch) VALUES (26, 33, '2023-09-06', 0, 0, 17, 11, 125, 2);
INSERT INTO [ORDER] (ID_Order, ID_Table, OrderDate, TotalPrice, ActualPrice, ID_Customer, ID_Review, ID_Employee, ID_Branch) VALUES (27, 39, '2023-06-23', 0, 0, 40, 3, 15, 2);
INSERT INTO [ORDER] (ID_Order, ID_Table, OrderDate, TotalPrice, ActualPrice, ID_Customer, ID_Review, ID_Employee, ID_Branch) VALUES (28, 32, '2023-09-14', 0, 0, 26, 24, 76, 2);
INSERT INTO [ORDER] (ID_Order, ID_Table, OrderDate, TotalPrice, ActualPrice, ID_Customer, ID_Review, ID_Employee, ID_Branch) VALUES (29, 25, '2023-02-06', 0, 0, 7, 21, 161, 2);
INSERT INTO [ORDER] (ID_Order, ID_Table, OrderDate, TotalPrice, ActualPrice, ID_Customer, ID_Review, ID_Employee, ID_Branch) VALUES (30, 24, '2023-05-02', 0, 0, 30, 31, 204, 2);
INSERT INTO [ORDER] (ID_Order, ID_Table, OrderDate, TotalPrice, ActualPrice, ID_Customer, ID_Review, ID_Employee, ID_Branch) VALUES (31, 26, '2023-01-15', 0, 0, 38, 34, 25, 2);
INSERT INTO [ORDER] (ID_Order, ID_Table, OrderDate, TotalPrice, ActualPrice, ID_Customer, ID_Review, ID_Employee, ID_Branch) VALUES (32, NULL, '2023-03-03', 0, 0, 40, 28, 92, 2);
INSERT INTO [ORDER] (ID_Order, ID_Table, OrderDate, TotalPrice, ActualPrice, ID_Customer, ID_Review, ID_Employee, ID_Branch) VALUES (33, NULL, '2024-01-16', 0, 0, 2, 37, 1, 2);
INSERT INTO [ORDER] (ID_Order, ID_Table, OrderDate, TotalPrice, ActualPrice, ID_Customer, ID_Review, ID_Employee, ID_Branch) VALUES (34, NULL, '2024-03-17', 0, 0, 10, 14, 76, 2);
INSERT INTO [ORDER] (ID_Order, ID_Table, OrderDate, TotalPrice, ActualPrice, ID_Customer, ID_Review, ID_Employee, ID_Branch) VALUES (35, NULL, '2023-10-05', 0, 0, 35, 16, 189, 2);
INSERT INTO [ORDER] (ID_Order, ID_Table, OrderDate, TotalPrice, ActualPrice, ID_Customer, ID_Review, ID_Employee, ID_Branch) VALUES (36, NULL, '2023-06-11', 0, 0, 38, 30, 62, 2);
INSERT INTO [ORDER] (ID_Order, ID_Table, OrderDate, TotalPrice, ActualPrice, ID_Customer, ID_Review, ID_Employee, ID_Branch) VALUES (37, NULL, '2023-05-07', 0, 0, 14, 39, 170, 2);
INSERT INTO [ORDER] (ID_Order, ID_Table, OrderDate, TotalPrice, ActualPrice, ID_Customer, ID_Review, ID_Employee, ID_Branch) VALUES (38, NULL, '2024-02-18', 0, 0, 2, 19, 80, 2);
INSERT INTO [ORDER] (ID_Order, ID_Table, OrderDate, TotalPrice, ActualPrice, ID_Customer, ID_Review, ID_Employee, ID_Branch) VALUES (39, NULL, '2023-02-28', 0, 0, 33, 35, 131, 2);
INSERT INTO [ORDER] (ID_Order, ID_Table, OrderDate, TotalPrice, ActualPrice, ID_Customer, ID_Review, ID_Employee, ID_Branch) VALUES (40, NULL, '2023-01-24', 0, 0, 31, 22, 80, 2);
INSERT INTO [ORDER] (ID_Order, ID_Table, OrderDate, TotalPrice, ActualPrice, ID_Customer, ID_Review, ID_Employee, ID_Branch) VALUES (1, 55, '2023-01-16', 0, 0, 21, 7, 224, 3);
INSERT INTO [ORDER] (ID_Order, ID_Table, OrderDate, TotalPrice, ActualPrice, ID_Customer, ID_Review, ID_Employee, ID_Branch) VALUES (2, 56, '2023-10-27', 0, 0, 37, 13, 130, 3);
INSERT INTO [ORDER] (ID_Order, ID_Table, OrderDate, TotalPrice, ActualPrice, ID_Customer, ID_Review, ID_Employee, ID_Branch) VALUES (3, 45, '2024-04-05', 0, 0, 4, 20, 131, 3);
INSERT INTO [ORDER] (ID_Order, ID_Table, OrderDate, TotalPrice, ActualPrice, ID_Customer, ID_Review, ID_Employee, ID_Branch) VALUES (4, 48, '2024-08-21', 0, 0, 3, 4, 146, 3);
INSERT INTO [ORDER] (ID_Order, ID_Table, OrderDate, TotalPrice, ActualPrice, ID_Customer, ID_Review, ID_Employee, ID_Branch) VALUES (5, 61, '2023-08-11', 0, 0, 37, 9, 32, 3);
INSERT INTO [ORDER] (ID_Order, ID_Table, OrderDate, TotalPrice, ActualPrice, ID_Customer, ID_Review, ID_Employee, ID_Branch) VALUES (6, 47, '2023-05-26', 0, 0, 27, 38, 91, 3);
INSERT INTO [ORDER] (ID_Order, ID_Table, OrderDate, TotalPrice, ActualPrice, ID_Customer, ID_Review, ID_Employee, ID_Branch) VALUES (7, 43, '2023-06-27', 0, 0, 18, 37, 130, 3);
INSERT INTO [ORDER] (ID_Order, ID_Table, OrderDate, TotalPrice, ActualPrice, ID_Customer, ID_Review, ID_Employee, ID_Branch) VALUES (8, 49, '2024-01-07', 0, 0, 5, 32, 203, 3);
INSERT INTO [ORDER] (ID_Order, ID_Table, OrderDate, TotalPrice, ActualPrice, ID_Customer, ID_Review, ID_Employee, ID_Branch) VALUES (9, 61, '2024-10-13', 0, 0, 14, 24, 102, 3);
INSERT INTO [ORDER] (ID_Order, ID_Table, OrderDate, TotalPrice, ActualPrice, ID_Customer, ID_Review, ID_Employee, ID_Branch) VALUES (10, 45, '2024-05-11', 0, 0, 1, 22, 203, 3);
INSERT INTO [ORDER] (ID_Order, ID_Table, OrderDate, TotalPrice, ActualPrice, ID_Customer, ID_Review, ID_Employee, ID_Branch) VALUES (11, 47, '2023-06-21', 0, 0, 30, 29, 222, 3);
INSERT INTO [ORDER] (ID_Order, ID_Table, OrderDate, TotalPrice, ActualPrice, ID_Customer, ID_Review, ID_Employee, ID_Branch) VALUES (12, 50, '2023-07-26', 0, 0, 41, 11, 112, 3);
INSERT INTO [ORDER] (ID_Order, ID_Table, OrderDate, TotalPrice, ActualPrice, ID_Customer, ID_Review, ID_Employee, ID_Branch) VALUES (13, 47, '2024-12-09', 0, 0, 23, 1, 102, 3);
INSERT INTO [ORDER] (ID_Order, ID_Table, OrderDate, TotalPrice, ActualPrice, ID_Customer, ID_Review, ID_Employee, ID_Branch) VALUES (14, 55, '2024-11-13', 0, 0, 36, 18, 85, 3);
INSERT INTO [ORDER] (ID_Order, ID_Table, OrderDate, TotalPrice, ActualPrice, ID_Customer, ID_Review, ID_Employee, ID_Branch) VALUES (15, 50, '2024-02-14', 0, 0, 30, 21, 130, 3);
INSERT INTO [ORDER] (ID_Order, ID_Table, OrderDate, TotalPrice, ActualPrice, ID_Customer, ID_Review, ID_Employee, ID_Branch) VALUES (16, 44, '2024-07-18', 0, 0, 3, 5, 220, 3);
INSERT INTO [ORDER] (ID_Order, ID_Table, OrderDate, TotalPrice, ActualPrice, ID_Customer, ID_Review, ID_Employee, ID_Branch) VALUES (17, 51, '2024-09-06', 0, 0, 30, 25, 146, 3);
INSERT INTO [ORDER] (ID_Order, ID_Table, OrderDate, TotalPrice, ActualPrice, ID_Customer, ID_Review, ID_Employee, ID_Branch) VALUES (18, 59, '2023-03-08', 0, 0, 10, 31, 115, 3);
INSERT INTO [ORDER] (ID_Order, ID_Table, OrderDate, TotalPrice, ActualPrice, ID_Customer, ID_Review, ID_Employee, ID_Branch) VALUES (19, 51, '2023-08-17', 0, 0, 3, 6, 91, 3);
INSERT INTO [ORDER] (ID_Order, ID_Table, OrderDate, TotalPrice, ActualPrice, ID_Customer, ID_Review, ID_Employee, ID_Branch) VALUES (20, 55, '2023-12-08', 0, 0, 11, 33, 47, 3);
INSERT INTO [ORDER] (ID_Order, ID_Table, OrderDate, TotalPrice, ActualPrice, ID_Customer, ID_Review, ID_Employee, ID_Branch) VALUES (21, 47, '2023-07-11', 0, 0, 39, 23, 57, 3);
INSERT INTO [ORDER] (ID_Order, ID_Table, OrderDate, TotalPrice, ActualPrice, ID_Customer, ID_Review, ID_Employee, ID_Branch) VALUES (22, 53, '2023-02-10', 0, 0, 7, 36, 190, 3);
INSERT INTO [ORDER] (ID_Order, ID_Table, OrderDate, TotalPrice, ActualPrice, ID_Customer, ID_Review, ID_Employee, ID_Branch) VALUES (23, 53, '2023-12-01', 0, 0, 7, 14, 103, 3);
INSERT INTO [ORDER] (ID_Order, ID_Table, OrderDate, TotalPrice, ActualPrice, ID_Customer, ID_Review, ID_Employee, ID_Branch) VALUES (24, 50, '2023-07-23', 0, 0, 4, 39, 172, 3);
INSERT INTO [ORDER] (ID_Order, ID_Table, OrderDate, TotalPrice, ActualPrice, ID_Customer, ID_Review, ID_Employee, ID_Branch) VALUES (25, 44, '2024-12-09', 0, 0, 9, 8, 106, 3);
INSERT INTO [ORDER] (ID_Order, ID_Table, OrderDate, TotalPrice, ActualPrice, ID_Customer, ID_Review, ID_Employee, ID_Branch) VALUES (26, 48, '2024-01-16', 0, 0, 14, 15, 131, 3);
INSERT INTO [ORDER] (ID_Order, ID_Table, OrderDate, TotalPrice, ActualPrice, ID_Customer, ID_Review, ID_Employee, ID_Branch) VALUES (27, 41, '2024-09-23', 0, 0, 37, 17, 222, 3);
INSERT INTO [ORDER] (ID_Order, ID_Table, OrderDate, TotalPrice, ActualPrice, ID_Customer, ID_Review, ID_Employee, ID_Branch) VALUES (28, 47, '2023-01-16', 0, 0, 20, 30, 106, 3);
INSERT INTO [ORDER] (ID_Order, ID_Table, OrderDate, TotalPrice, ActualPrice, ID_Customer, ID_Review, ID_Employee, ID_Branch) VALUES (29, 57, '2024-01-28', 0, 0, 25, 26, 155, 3);
INSERT INTO [ORDER] (ID_Order, ID_Table, OrderDate, TotalPrice, ActualPrice, ID_Customer, ID_Review, ID_Employee, ID_Branch) VALUES (30, 43, '2024-08-29', 0, 0, 5, 27, 216, 3);
INSERT INTO [ORDER] (ID_Order, ID_Table, OrderDate, TotalPrice, ActualPrice, ID_Customer, ID_Review, ID_Employee, ID_Branch) VALUES (31, 49, '2023-10-12', 0, 0, 29, 12, 106, 3);
INSERT INTO [ORDER] (ID_Order, ID_Table, OrderDate, TotalPrice, ActualPrice, ID_Customer, ID_Review, ID_Employee, ID_Branch) VALUES (32, NULL, '2023-12-04', 0, 0, 16, 28, 54, 3);
INSERT INTO [ORDER] (ID_Order, ID_Table, OrderDate, TotalPrice, ActualPrice, ID_Customer, ID_Review, ID_Employee, ID_Branch) VALUES (33, NULL, '2023-08-24', 0, 0, 31, 3, 158, 3);
INSERT INTO [ORDER] (ID_Order, ID_Table, OrderDate, TotalPrice, ActualPrice, ID_Customer, ID_Review, ID_Employee, ID_Branch) VALUES (34, NULL, '2024-02-08', 0, 0, 38, 10, 215, 3);
INSERT INTO [ORDER] (ID_Order, ID_Table, OrderDate, TotalPrice, ActualPrice, ID_Customer, ID_Review, ID_Employee, ID_Branch) VALUES (35, NULL, '2024-07-17', 0, 0, 18, 34, 32, 3);
INSERT INTO [ORDER] (ID_Order, ID_Table, OrderDate, TotalPrice, ActualPrice, ID_Customer, ID_Review, ID_Employee, ID_Branch) VALUES (36, NULL, '2024-04-28', 0, 0, 16, 16, 166, 3);
INSERT INTO [ORDER] (ID_Order, ID_Table, OrderDate, TotalPrice, ActualPrice, ID_Customer, ID_Review, ID_Employee, ID_Branch) VALUES (37, NULL, '2023-07-13', 0, 0, 2, 40, 10, 3);
INSERT INTO [ORDER] (ID_Order, ID_Table, OrderDate, TotalPrice, ActualPrice, ID_Customer, ID_Review, ID_Employee, ID_Branch) VALUES (38, NULL, '2024-06-24', 0, 0, 11, 19, 84, 3);
INSERT INTO [ORDER] (ID_Order, ID_Table, OrderDate, TotalPrice, ActualPrice, ID_Customer, ID_Review, ID_Employee, ID_Branch) VALUES (39, NULL, '2024-07-30', 0, 0, 36, 2, 103, 3);
INSERT INTO [ORDER] (ID_Order, ID_Table, OrderDate, TotalPrice, ActualPrice, ID_Customer, ID_Review, ID_Employee, ID_Branch) VALUES (40, NULL, '2023-07-19', 0, 0, 12, 41, 61, 3);
INSERT INTO [ORDER] (ID_Order, ID_Table, OrderDate, TotalPrice, ActualPrice, ID_Customer, ID_Review, ID_Employee, ID_Branch) VALUES (1, 63, '2024-05-24', 0, 0, 6, 8, 164, 4);
INSERT INTO [ORDER] (ID_Order, ID_Table, OrderDate, TotalPrice, ActualPrice, ID_Customer, ID_Review, ID_Employee, ID_Branch) VALUES (2, 71, '2024-09-07', 0, 0, 13, 1, 192, 4);
INSERT INTO [ORDER] (ID_Order, ID_Table, OrderDate, TotalPrice, ActualPrice, ID_Customer, ID_Review, ID_Employee, ID_Branch) VALUES (3, 66, '2024-02-02', 0, 0, 14, 11, 129, 4);
INSERT INTO [ORDER] (ID_Order, ID_Table, OrderDate, TotalPrice, ActualPrice, ID_Customer, ID_Review, ID_Employee, ID_Branch) VALUES (4, 65, '2023-09-23', 0, 0, 31, 28, 43, 4);
INSERT INTO [ORDER] (ID_Order, ID_Table, OrderDate, TotalPrice, ActualPrice, ID_Customer, ID_Review, ID_Employee, ID_Branch) VALUES (5, 64, '2024-04-13', 0, 0, 35, 19, 218, 4);
INSERT INTO [ORDER] (ID_Order, ID_Table, OrderDate, TotalPrice, ActualPrice, ID_Customer, ID_Review, ID_Employee, ID_Branch) VALUES (6, 74, '2024-09-10', 0, 0, 18, 36, 160, 4);
INSERT INTO [ORDER] (ID_Order, ID_Table, OrderDate, TotalPrice, ActualPrice, ID_Customer, ID_Review, ID_Employee, ID_Branch) VALUES (7, 84, '2023-07-31', 0, 0, 6, 40, 196, 4);
INSERT INTO [ORDER] (ID_Order, ID_Table, OrderDate, TotalPrice, ActualPrice, ID_Customer, ID_Review, ID_Employee, ID_Branch) VALUES (8, 83, '2023-03-26', 0, 0, 21, 20, 164, 4);
INSERT INTO [ORDER] (ID_Order, ID_Table, OrderDate, TotalPrice, ActualPrice, ID_Customer, ID_Review, ID_Employee, ID_Branch) VALUES (9, 65, '2024-08-28', 0, 0, 18, 21, 56, 4);
INSERT INTO [ORDER] (ID_Order, ID_Table, OrderDate, TotalPrice, ActualPrice, ID_Customer, ID_Review, ID_Employee, ID_Branch) VALUES (10, 82, '2023-12-02', 0, 0, 18, 33, 182, 4);
INSERT INTO [ORDER] (ID_Order, ID_Table, OrderDate, TotalPrice, ActualPrice, ID_Customer, ID_Review, ID_Employee, ID_Branch) VALUES (11, 67, '2024-03-03', 0, 0, 13, 30, 13, 4);
INSERT INTO [ORDER] (ID_Order, ID_Table, OrderDate, TotalPrice, ActualPrice, ID_Customer, ID_Review, ID_Employee, ID_Branch) VALUES (12, 79, '2023-05-19', 0, 0, 1, 3, 13, 4);
INSERT INTO [ORDER] (ID_Order, ID_Table, OrderDate, TotalPrice, ActualPrice, ID_Customer, ID_Review, ID_Employee, ID_Branch) VALUES (13, 79, '2023-08-26', 0, 0, 25, 2, 19, 4);
INSERT INTO [ORDER] (ID_Order, ID_Table, OrderDate, TotalPrice, ActualPrice, ID_Customer, ID_Review, ID_Employee, ID_Branch) VALUES (14, 65, '2024-04-17', 0, 0, 34, 26, 164, 4);
INSERT INTO [ORDER] (ID_Order, ID_Table, OrderDate, TotalPrice, ActualPrice, ID_Customer, ID_Review, ID_Employee, ID_Branch) VALUES (15, 73, '2023-05-22', 0, 0, 9, 9, 40, 4);
INSERT INTO [ORDER] (ID_Order, ID_Table, OrderDate, TotalPrice, ActualPrice, ID_Customer, ID_Review, ID_Employee, ID_Branch) VALUES (16, 72, '2024-10-27', 0, 0, 8, 16, 28, 4);
INSERT INTO [ORDER] (ID_Order, ID_Table, OrderDate, TotalPrice, ActualPrice, ID_Customer, ID_Review, ID_Employee, ID_Branch) VALUES (17, 83, '2024-10-10', 0, 0, 7, 7, 129, 4);
INSERT INTO [ORDER] (ID_Order, ID_Table, OrderDate, TotalPrice, ActualPrice, ID_Customer, ID_Review, ID_Employee, ID_Branch) VALUES (18, 66, '2024-09-04', 0, 0, 24, 10, 223, 4);
INSERT INTO [ORDER] (ID_Order, ID_Table, OrderDate, TotalPrice, ActualPrice, ID_Customer, ID_Review, ID_Employee, ID_Branch) VALUES (19, 82, '2023-12-16', 0, 0, 16, 17, 40, 4);
INSERT INTO [ORDER] (ID_Order, ID_Table, OrderDate, TotalPrice, ActualPrice, ID_Customer, ID_Review, ID_Employee, ID_Branch) VALUES (20, 62, '2024-01-02', 0, 0, 5, 39, 208, 4);
INSERT INTO [ORDER] (ID_Order, ID_Table, OrderDate, TotalPrice, ActualPrice, ID_Customer, ID_Review, ID_Employee, ID_Branch) VALUES (21, 73, '2023-12-21', 0, 0, 35, 37, 141, 4);
INSERT INTO [ORDER] (ID_Order, ID_Table, OrderDate, TotalPrice, ActualPrice, ID_Customer, ID_Review, ID_Employee, ID_Branch) VALUES (22, 79, '2023-10-16', 0, 0, 10, 31, 162, 4);
INSERT INTO [ORDER] (ID_Order, ID_Table, OrderDate, TotalPrice, ActualPrice, ID_Customer, ID_Review, ID_Employee, ID_Branch) VALUES (23, 73, '2023-12-01', 0, 0, 6, 29, 150, 4);
INSERT INTO [ORDER] (ID_Order, ID_Table, OrderDate, TotalPrice, ActualPrice, ID_Customer, ID_Review, ID_Employee, ID_Branch) VALUES (24, 70, '2023-11-30', 0, 0, 14, 25, 218, 4);
INSERT INTO [ORDER] (ID_Order, ID_Table, OrderDate, TotalPrice, ActualPrice, ID_Customer, ID_Review, ID_Employee, ID_Branch) VALUES (25, 70, '2024-10-21', 0, 0, 14, 23, 21, 4);
INSERT INTO [ORDER] (ID_Order, ID_Table, OrderDate, TotalPrice, ActualPrice, ID_Customer, ID_Review, ID_Employee, ID_Branch) VALUES (26, 85, '2023-01-26', 0, 0, 39, 14, 177, 4);
INSERT INTO [ORDER] (ID_Order, ID_Table, OrderDate, TotalPrice, ActualPrice, ID_Customer, ID_Review, ID_Employee, ID_Branch) VALUES (27, 63, '2024-06-30', 0, 0, 9, 13, 214, 4);
INSERT INTO [ORDER] (ID_Order, ID_Table, OrderDate, TotalPrice, ActualPrice, ID_Customer, ID_Review, ID_Employee, ID_Branch) VALUES (28, 78, '2023-10-04', 0, 0, 34, 15, 159, 4);
INSERT INTO [ORDER] (ID_Order, ID_Table, OrderDate, TotalPrice, ActualPrice, ID_Customer, ID_Review, ID_Employee, ID_Branch) VALUES (29, 73, '2024-01-18', 0, 0, 4, 24, 66, 4);
INSERT INTO [ORDER] (ID_Order, ID_Table, OrderDate, TotalPrice, ActualPrice, ID_Customer, ID_Review, ID_Employee, ID_Branch) VALUES (30, 72, '2024-11-27', 0, 0, 26, 4, 191, 4);
INSERT INTO [ORDER] (ID_Order, ID_Table, OrderDate, TotalPrice, ActualPrice, ID_Customer, ID_Review, ID_Employee, ID_Branch) VALUES (31, 81, '2024-07-04', 0, 0, 12, 27, 191, 4);
INSERT INTO [ORDER] (ID_Order, ID_Table, OrderDate, TotalPrice, ActualPrice, ID_Customer, ID_Review, ID_Employee, ID_Branch) VALUES (32, NULL, '2024-08-16', 0, 0, 12, 32, 118, 4);
INSERT INTO [ORDER] (ID_Order, ID_Table, OrderDate, TotalPrice, ActualPrice, ID_Customer, ID_Review, ID_Employee, ID_Branch) VALUES (33, NULL, '2023-08-18', 0, 0, 32, 38, 13, 4);
INSERT INTO [ORDER] (ID_Order, ID_Table, OrderDate, TotalPrice, ActualPrice, ID_Customer, ID_Review, ID_Employee, ID_Branch) VALUES (34, NULL, '2024-06-27', 0, 0, 5, 35, 185, 4);
INSERT INTO [ORDER] (ID_Order, ID_Table, OrderDate, TotalPrice, ActualPrice, ID_Customer, ID_Review, ID_Employee, ID_Branch) VALUES (35, NULL, '2023-03-25', 0, 0, 2, 6, 28, 4);
INSERT INTO [ORDER] (ID_Order, ID_Table, OrderDate, TotalPrice, ActualPrice, ID_Customer, ID_Review, ID_Employee, ID_Branch) VALUES (36, NULL, '2023-04-21', 0, 0, 9, 22, 160, 4);
INSERT INTO [ORDER] (ID_Order, ID_Table, OrderDate, TotalPrice, ActualPrice, ID_Customer, ID_Review, ID_Employee, ID_Branch) VALUES (37, NULL, '2024-05-12', 0, 0, 13, 34, 198, 4);
INSERT INTO [ORDER] (ID_Order, ID_Table, OrderDate, TotalPrice, ActualPrice, ID_Customer, ID_Review, ID_Employee, ID_Branch) VALUES (38, NULL, '2024-11-02', 0, 0, 9, 5, 164, 4);
INSERT INTO [ORDER] (ID_Order, ID_Table, OrderDate, TotalPrice, ActualPrice, ID_Customer, ID_Review, ID_Employee, ID_Branch) VALUES (39, NULL, '2023-12-24', 0, 0, 8, 41, 31, 4);
INSERT INTO [ORDER] (ID_Order, ID_Table, OrderDate, TotalPrice, ActualPrice, ID_Customer, ID_Review, ID_Employee, ID_Branch) VALUES (40, NULL, '2023-02-03', 0, 0, 4, 12, 80, 4);
INSERT INTO [ORDER] (ID_Order, ID_Table, OrderDate, TotalPrice, ActualPrice, ID_Customer, ID_Review, ID_Employee, ID_Branch) VALUES (1, 103, '2024-07-16', 0, 0, 1, 21, 40, 5);
INSERT INTO [ORDER] (ID_Order, ID_Table, OrderDate, TotalPrice, ActualPrice, ID_Customer, ID_Review, ID_Employee, ID_Branch) VALUES (2, 107, '2024-02-13', 0, 0, 6, 33, 118, 5);
INSERT INTO [ORDER] (ID_Order, ID_Table, OrderDate, TotalPrice, ActualPrice, ID_Customer, ID_Review, ID_Employee, ID_Branch) VALUES (3, 93, '2024-03-09', 0, 0, 31, 19, 167, 5);
INSERT INTO [ORDER] (ID_Order, ID_Table, OrderDate, TotalPrice, ActualPrice, ID_Customer, ID_Review, ID_Employee, ID_Branch) VALUES (4, 110, '2023-11-30', 0, 0, 24, 31, 111, 5);
INSERT INTO [ORDER] (ID_Order, ID_Table, OrderDate, TotalPrice, ActualPrice, ID_Customer, ID_Review, ID_Employee, ID_Branch) VALUES (5, 97, '2023-04-24', 0, 0, 14, 23, 167, 5);
INSERT INTO [ORDER] (ID_Order, ID_Table, OrderDate, TotalPrice, ActualPrice, ID_Customer, ID_Review, ID_Employee, ID_Branch) VALUES (6, 91, '2023-07-05', 0, 0, 38, 29, 45, 5);
INSERT INTO [ORDER] (ID_Order, ID_Table, OrderDate, TotalPrice, ActualPrice, ID_Customer, ID_Review, ID_Employee, ID_Branch) VALUES (7, 102, '2023-12-25', 0, 0, 23, 12, 112, 5);
INSERT INTO [ORDER] (ID_Order, ID_Table, OrderDate, TotalPrice, ActualPrice, ID_Customer, ID_Review, ID_Employee, ID_Branch) VALUES (8, 88, '2023-02-28', 0, 0, 16, 3, 42, 5);
INSERT INTO [ORDER] (ID_Order, ID_Table, OrderDate, TotalPrice, ActualPrice, ID_Customer, ID_Review, ID_Employee, ID_Branch) VALUES (9, 111, '2024-02-16', 0, 0, 13, 41, 72, 5);
INSERT INTO [ORDER] (ID_Order, ID_Table, OrderDate, TotalPrice, ActualPrice, ID_Customer, ID_Review, ID_Employee, ID_Branch) VALUES (10, 108, '2024-08-09', 0, 0, 40, 28, 58, 5);
INSERT INTO [ORDER] (ID_Order, ID_Table, OrderDate, TotalPrice, ActualPrice, ID_Customer, ID_Review, ID_Employee, ID_Branch) VALUES (11, 108, '2023-07-26', 0, 0, 35, 30, 131, 5);
INSERT INTO [ORDER] (ID_Order, ID_Table, OrderDate, TotalPrice, ActualPrice, ID_Customer, ID_Review, ID_Employee, ID_Branch) VALUES (12, 112, '2023-06-20', 0, 0, 37, 20, 220, 5);
INSERT INTO [ORDER] (ID_Order, ID_Table, OrderDate, TotalPrice, ActualPrice, ID_Customer, ID_Review, ID_Employee, ID_Branch) VALUES (13, 97, '2024-08-15', 0, 0, 16, 22, 72, 5);
INSERT INTO [ORDER] (ID_Order, ID_Table, OrderDate, TotalPrice, ActualPrice, ID_Customer, ID_Review, ID_Employee, ID_Branch) VALUES (14, 97, '2024-05-17', 0, 0, 22, 24, 68, 5);
INSERT INTO [ORDER] (ID_Order, ID_Table, OrderDate, TotalPrice, ActualPrice, ID_Customer, ID_Review, ID_Employee, ID_Branch) VALUES (15, 102, '2023-02-27', 0, 0, 8, 37, 120, 5);
INSERT INTO [ORDER] (ID_Order, ID_Table, OrderDate, TotalPrice, ActualPrice, ID_Customer, ID_Review, ID_Employee, ID_Branch) VALUES (16, 102, '2023-03-02', 0, 0, 18, 17, 18, 5);
INSERT INTO [ORDER] (ID_Order, ID_Table, OrderDate, TotalPrice, ActualPrice, ID_Customer, ID_Review, ID_Employee, ID_Branch) VALUES (17, 97, '2023-09-13', 0, 0, 24, 8, 41, 5);
INSERT INTO [ORDER] (ID_Order, ID_Table, OrderDate, TotalPrice, ActualPrice, ID_Customer, ID_Review, ID_Employee, ID_Branch) VALUES (18, 90, '2023-11-17', 0, 0, 18, 1, 173, 5);
INSERT INTO [ORDER] (ID_Order, ID_Table, OrderDate, TotalPrice, ActualPrice, ID_Customer, ID_Review, ID_Employee, ID_Branch) VALUES (19, 101, '2023-12-25', 0, 0, 35, 14, 30, 5);
INSERT INTO [ORDER] (ID_Order, ID_Table, OrderDate, TotalPrice, ActualPrice, ID_Customer, ID_Review, ID_Employee, ID_Branch) VALUES (20, 89, '2024-01-30', 0, 0, 28, 16, 128, 5);
INSERT INTO [ORDER] (ID_Order, ID_Table, OrderDate, TotalPrice, ActualPrice, ID_Customer, ID_Review, ID_Employee, ID_Branch) VALUES (21, 107, '2023-01-05', 0, 0, 32, 35, 109, 5);
INSERT INTO [ORDER] (ID_Order, ID_Table, OrderDate, TotalPrice, ActualPrice, ID_Customer, ID_Review, ID_Employee, ID_Branch) VALUES (22, 109, '2024-01-28', 0, 0, 11, 2, 9, 5);
INSERT INTO [ORDER] (ID_Order, ID_Table, OrderDate, TotalPrice, ActualPrice, ID_Customer, ID_Review, ID_Employee, ID_Branch) VALUES (23, 94, '2024-01-28', 0, 0, 30, 11, 44, 5);
INSERT INTO [ORDER] (ID_Order, ID_Table, OrderDate, TotalPrice, ActualPrice, ID_Customer, ID_Review, ID_Employee, ID_Branch) VALUES (24, 104, '2023-09-26', 0, 0, 20, 36, 224, 5);
INSERT INTO [ORDER] (ID_Order, ID_Table, OrderDate, TotalPrice, ActualPrice, ID_Customer, ID_Review, ID_Employee, ID_Branch) VALUES (25, 94, '2024-09-08', 0, 0, 34, 18, 159, 5);
INSERT INTO [ORDER] (ID_Order, ID_Table, OrderDate, TotalPrice, ActualPrice, ID_Customer, ID_Review, ID_Employee, ID_Branch) VALUES (26, 95, '2023-11-20', 0, 0, 6, 15, 149, 5);
INSERT INTO [ORDER] (ID_Order, ID_Table, OrderDate, TotalPrice, ActualPrice, ID_Customer, ID_Review, ID_Employee, ID_Branch) VALUES (27, 98, '2024-03-10', 0, 0, 20, 9, 161, 5);
INSERT INTO [ORDER] (ID_Order, ID_Table, OrderDate, TotalPrice, ActualPrice, ID_Customer, ID_Review, ID_Employee, ID_Branch) VALUES (28, 97, '2024-03-21', 0, 0, 15, 4, 143, 5);
INSERT INTO [ORDER] (ID_Order, ID_Table, OrderDate, TotalPrice, ActualPrice, ID_Customer, ID_Review, ID_Employee, ID_Branch) VALUES (29, 105, '2023-06-17', 0, 0, 18, 5, 123, 5);
INSERT INTO [ORDER] (ID_Order, ID_Table, OrderDate, TotalPrice, ActualPrice, ID_Customer, ID_Review, ID_Employee, ID_Branch) VALUES (30, 111, '2023-04-10', 0, 0, 3, 38, 118, 5);
INSERT INTO [ORDER] (ID_Order, ID_Table, OrderDate, TotalPrice, ActualPrice, ID_Customer, ID_Review, ID_Employee, ID_Branch) VALUES (31, 92, '2023-01-08', 0, 0, 13, 34, 98, 5);
INSERT INTO [ORDER] (ID_Order, ID_Table, OrderDate, TotalPrice, ActualPrice, ID_Customer, ID_Review, ID_Employee, ID_Branch) VALUES (32, NULL, '2023-12-08', 0, 0, 23, 26, 19, 5);
INSERT INTO [ORDER] (ID_Order, ID_Table, OrderDate, TotalPrice, ActualPrice, ID_Customer, ID_Review, ID_Employee, ID_Branch) VALUES (33, NULL, '2024-09-20', 0, 0, 36, 40, 120, 5);
INSERT INTO [ORDER] (ID_Order, ID_Table, OrderDate, TotalPrice, ActualPrice, ID_Customer, ID_Review, ID_Employee, ID_Branch) VALUES (34, NULL, '2024-11-06', 0, 0, 38, 10, 182, 5);
INSERT INTO [ORDER] (ID_Order, ID_Table, OrderDate, TotalPrice, ActualPrice, ID_Customer, ID_Review, ID_Employee, ID_Branch) VALUES (35, NULL, '2023-04-22', 0, 0, 36, 13, 43, 5);
INSERT INTO [ORDER] (ID_Order, ID_Table, OrderDate, TotalPrice, ActualPrice, ID_Customer, ID_Review, ID_Employee, ID_Branch) VALUES (36, NULL, '2023-09-26', 0, 0, 9, 7, 85, 5);
INSERT INTO [ORDER] (ID_Order, ID_Table, OrderDate, TotalPrice, ActualPrice, ID_Customer, ID_Review, ID_Employee, ID_Branch) VALUES (37, NULL, '2024-05-25', 0, 0, 16, 25, 101, 5);
INSERT INTO [ORDER] (ID_Order, ID_Table, OrderDate, TotalPrice, ActualPrice, ID_Customer, ID_Review, ID_Employee, ID_Branch) VALUES (38, NULL, '2024-05-06', 0, 0, 25, 6, 45, 5);
INSERT INTO [ORDER] (ID_Order, ID_Table, OrderDate, TotalPrice, ActualPrice, ID_Customer, ID_Review, ID_Employee, ID_Branch) VALUES (39, NULL, '2023-08-06', 0, 0, 12, 27, 185, 5);
INSERT INTO [ORDER] (ID_Order, ID_Table, OrderDate, TotalPrice, ActualPrice, ID_Customer, ID_Review, ID_Employee, ID_Branch) VALUES (40, NULL, '2024-09-23', 0, 0, 16, 32, 187, 5);
INSERT INTO [ORDER] (ID_Order, ID_Table, OrderDate, TotalPrice, ActualPrice, ID_Customer, ID_Review, ID_Employee, ID_Branch) VALUES (1, 129, '2024-07-23', 0, 0, 24, 19, 110, 6);
INSERT INTO [ORDER] (ID_Order, ID_Table, OrderDate, TotalPrice, ActualPrice, ID_Customer, ID_Review, ID_Employee, ID_Branch) VALUES (2, 133, '2023-09-03', 0, 0, 8, 16, 19, 6);
INSERT INTO [ORDER] (ID_Order, ID_Table, OrderDate, TotalPrice, ActualPrice, ID_Customer, ID_Review, ID_Employee, ID_Branch) VALUES (3, 120, '2024-05-01', 0, 0, 8, 31, 190, 6);
INSERT INTO [ORDER] (ID_Order, ID_Table, OrderDate, TotalPrice, ActualPrice, ID_Customer, ID_Review, ID_Employee, ID_Branch) VALUES (4, 124, '2023-12-22', 0, 0, 34, 9, 92, 6);
INSERT INTO [ORDER] (ID_Order, ID_Table, OrderDate, TotalPrice, ActualPrice, ID_Customer, ID_Review, ID_Employee, ID_Branch) VALUES (5, 120, '2024-04-11', 0, 0, 20, 30, 13, 6);
INSERT INTO [ORDER] (ID_Order, ID_Table, OrderDate, TotalPrice, ActualPrice, ID_Customer, ID_Review, ID_Employee, ID_Branch) VALUES (6, 117, '2023-04-08', 0, 0, 28, 18, 69, 6);
INSERT INTO [ORDER] (ID_Order, ID_Table, OrderDate, TotalPrice, ActualPrice, ID_Customer, ID_Review, ID_Employee, ID_Branch) VALUES (7, 124, '2024-08-03', 0, 0, 40, 32, 53, 6);
INSERT INTO [ORDER] (ID_Order, ID_Table, OrderDate, TotalPrice, ActualPrice, ID_Customer, ID_Review, ID_Employee, ID_Branch) VALUES (8, 133, '2023-11-02', 0, 0, 40, 25, 49, 6);
INSERT INTO [ORDER] (ID_Order, ID_Table, OrderDate, TotalPrice, ActualPrice, ID_Customer, ID_Review, ID_Employee, ID_Branch) VALUES (9, 134, '2024-09-27', 0, 0, 24, 24, 53, 6);
INSERT INTO [ORDER] (ID_Order, ID_Table, OrderDate, TotalPrice, ActualPrice, ID_Customer, ID_Review, ID_Employee, ID_Branch) VALUES (10, 129, '2023-04-20', 0, 0, 25, 22, 161, 6);
INSERT INTO [ORDER] (ID_Order, ID_Table, OrderDate, TotalPrice, ActualPrice, ID_Customer, ID_Review, ID_Employee, ID_Branch) VALUES (11, 125, '2023-10-15', 0, 0, 21, 14, 4, 6);
INSERT INTO [ORDER] (ID_Order, ID_Table, OrderDate, TotalPrice, ActualPrice, ID_Customer, ID_Review, ID_Employee, ID_Branch) VALUES (12, 130, '2024-10-21', 0, 0, 6, 40, 190, 6);
INSERT INTO [ORDER] (ID_Order, ID_Table, OrderDate, TotalPrice, ActualPrice, ID_Customer, ID_Review, ID_Employee, ID_Branch) VALUES (13, 133, '2024-06-16', 0, 0, 16, 3, 103, 6);
INSERT INTO [ORDER] (ID_Order, ID_Table, OrderDate, TotalPrice, ActualPrice, ID_Customer, ID_Review, ID_Employee, ID_Branch) VALUES (14, 125, '2023-09-14', 0, 0, 26, 29, 143, 6);
INSERT INTO [ORDER] (ID_Order, ID_Table, OrderDate, TotalPrice, ActualPrice, ID_Customer, ID_Review, ID_Employee, ID_Branch) VALUES (15, 126, '2024-03-27', 0, 0, 10, 7, 199, 6);
INSERT INTO [ORDER] (ID_Order, ID_Table, OrderDate, TotalPrice, ActualPrice, ID_Customer, ID_Review, ID_Employee, ID_Branch) VALUES (16, 126, '2023-12-12', 0, 0, 40, 39, 13, 6);
INSERT INTO [ORDER] (ID_Order, ID_Table, OrderDate, TotalPrice, ActualPrice, ID_Customer, ID_Review, ID_Employee, ID_Branch) VALUES (17, 128, '2023-05-19', 0, 0, 14, 38, 53, 6);
INSERT INTO [ORDER] (ID_Order, ID_Table, OrderDate, TotalPrice, ActualPrice, ID_Customer, ID_Review, ID_Employee, ID_Branch) VALUES (18, 118, '2024-10-05', 0, 0, 41, 4, 166, 6);
INSERT INTO [ORDER] (ID_Order, ID_Table, OrderDate, TotalPrice, ActualPrice, ID_Customer, ID_Review, ID_Employee, ID_Branch) VALUES (19, 123, '2024-05-23', 0, 0, 31, 11, 163, 6);
INSERT INTO [ORDER] (ID_Order, ID_Table, OrderDate, TotalPrice, ActualPrice, ID_Customer, ID_Review, ID_Employee, ID_Branch) VALUES (20, 126, '2023-09-04', 0, 0, 12, 35, 145, 6);
INSERT INTO [ORDER] (ID_Order, ID_Table, OrderDate, TotalPrice, ActualPrice, ID_Customer, ID_Review, ID_Employee, ID_Branch) VALUES (21, 121, '2024-06-15', 0, 0, 37, 17, 163, 6);
INSERT INTO [ORDER] (ID_Order, ID_Table, OrderDate, TotalPrice, ActualPrice, ID_Customer, ID_Review, ID_Employee, ID_Branch) VALUES (22, 119, '2023-09-04', 0, 0, 8, 6, 51, 6);
INSERT INTO [ORDER] (ID_Order, ID_Table, OrderDate, TotalPrice, ActualPrice, ID_Customer, ID_Review, ID_Employee, ID_Branch) VALUES (23, 116, '2024-10-29', 0, 0, 21, 33, 78, 6);
INSERT INTO [ORDER] (ID_Order, ID_Table, OrderDate, TotalPrice, ActualPrice, ID_Customer, ID_Review, ID_Employee, ID_Branch) VALUES (24, 119, '2024-08-04', 0, 0, 2, 34, 47, 6);
INSERT INTO [ORDER] (ID_Order, ID_Table, OrderDate, TotalPrice, ActualPrice, ID_Customer, ID_Review, ID_Employee, ID_Branch) VALUES (25, 119, '2024-12-01', 0, 0, 22, 28, 193, 6);
INSERT INTO [ORDER] (ID_Order, ID_Table, OrderDate, TotalPrice, ActualPrice, ID_Customer, ID_Review, ID_Employee, ID_Branch) VALUES (26, 116, '2023-11-21', 0, 0, 2, 23, 137, 6);
INSERT INTO [ORDER] (ID_Order, ID_Table, OrderDate, TotalPrice, ActualPrice, ID_Customer, ID_Review, ID_Employee, ID_Branch) VALUES (27, 115, '2024-11-21', 0, 0, 22, 27, 110, 6);
INSERT INTO [ORDER] (ID_Order, ID_Table, OrderDate, TotalPrice, ActualPrice, ID_Customer, ID_Review, ID_Employee, ID_Branch) VALUES (28, 120, '2022-12-24', 0, 0, 14, 2, 78, 6);
INSERT INTO [ORDER] (ID_Order, ID_Table, OrderDate, TotalPrice, ActualPrice, ID_Customer, ID_Review, ID_Employee, ID_Branch) VALUES (29, 134, '2023-12-19', 0, 0, 21, 8, 92, 6);
INSERT INTO [ORDER] (ID_Order, ID_Table, OrderDate, TotalPrice, ActualPrice, ID_Customer, ID_Review, ID_Employee, ID_Branch) VALUES (30, 121, '2024-10-31', 0, 0, 11, 41, 188, 6);
INSERT INTO [ORDER] (ID_Order, ID_Table, OrderDate, TotalPrice, ActualPrice, ID_Customer, ID_Review, ID_Employee, ID_Branch) VALUES (31, 114, '2023-05-05', 0, 0, 35, 36, 5, 6);
INSERT INTO [ORDER] (ID_Order, ID_Table, OrderDate, TotalPrice, ActualPrice, ID_Customer, ID_Review, ID_Employee, ID_Branch) VALUES (32, NULL, '2024-07-30', 0, 0, 22, 5, 137, 6);
INSERT INTO [ORDER] (ID_Order, ID_Table, OrderDate, TotalPrice, ActualPrice, ID_Customer, ID_Review, ID_Employee, ID_Branch) VALUES (33, NULL, '2023-08-23', 0, 0, 6, 20, 191, 6);
INSERT INTO [ORDER] (ID_Order, ID_Table, OrderDate, TotalPrice, ActualPrice, ID_Customer, ID_Review, ID_Employee, ID_Branch) VALUES (34, NULL, '2024-12-12', 0, 0, 1, 1, 23, 6);
INSERT INTO [ORDER] (ID_Order, ID_Table, OrderDate, TotalPrice, ActualPrice, ID_Customer, ID_Review, ID_Employee, ID_Branch) VALUES (35, NULL, '2023-04-28', 0, 0, 27, 10, 190, 6);
INSERT INTO [ORDER] (ID_Order, ID_Table, OrderDate, TotalPrice, ActualPrice, ID_Customer, ID_Review, ID_Employee, ID_Branch) VALUES (36, NULL, '2023-03-16', 0, 0, 8, 37, 162, 6);
INSERT INTO [ORDER] (ID_Order, ID_Table, OrderDate, TotalPrice, ActualPrice, ID_Customer, ID_Review, ID_Employee, ID_Branch) VALUES (37, NULL, '2024-08-15', 0, 0, 31, 13, 6, 6);
INSERT INTO [ORDER] (ID_Order, ID_Table, OrderDate, TotalPrice, ActualPrice, ID_Customer, ID_Review, ID_Employee, ID_Branch) VALUES (38, NULL, '2023-10-11', 0, 0, 3, 12, 212, 6);
INSERT INTO [ORDER] (ID_Order, ID_Table, OrderDate, TotalPrice, ActualPrice, ID_Customer, ID_Review, ID_Employee, ID_Branch) VALUES (39, NULL, '2023-06-15', 0, 0, 1, 26, 110, 6);
INSERT INTO [ORDER] (ID_Order, ID_Table, OrderDate, TotalPrice, ActualPrice, ID_Customer, ID_Review, ID_Employee, ID_Branch) VALUES (40, NULL, '2023-04-22', 0, 0, 17, 15, 193, 6);
INSERT INTO [ORDER] (ID_Order, ID_Table, OrderDate, TotalPrice, ActualPrice, ID_Customer, ID_Review, ID_Employee, ID_Branch) VALUES (1, 138, '2023-09-08', 0, 0, 5, 11, 158, 7);
INSERT INTO [ORDER] (ID_Order, ID_Table, OrderDate, TotalPrice, ActualPrice, ID_Customer, ID_Review, ID_Employee, ID_Branch) VALUES (2, 151, '2023-07-02', 0, 0, 11, 22, 128, 7);
INSERT INTO [ORDER] (ID_Order, ID_Table, OrderDate, TotalPrice, ActualPrice, ID_Customer, ID_Review, ID_Employee, ID_Branch) VALUES (3, 155, '2023-02-08', 0, 0, 2, 17, 33, 7);
INSERT INTO [ORDER] (ID_Order, ID_Table, OrderDate, TotalPrice, ActualPrice, ID_Customer, ID_Review, ID_Employee, ID_Branch) VALUES (4, 138, '2023-12-19', 0, 0, 12, 36, 50, 7);
INSERT INTO [ORDER] (ID_Order, ID_Table, OrderDate, TotalPrice, ActualPrice, ID_Customer, ID_Review, ID_Employee, ID_Branch) VALUES (5, 135, '2023-05-21', 0, 0, 37, 35, 9, 7);
INSERT INTO [ORDER] (ID_Order, ID_Table, OrderDate, TotalPrice, ActualPrice, ID_Customer, ID_Review, ID_Employee, ID_Branch) VALUES (6, 138, '2023-03-19', 0, 0, 30, 18, 50, 7);
INSERT INTO [ORDER] (ID_Order, ID_Table, OrderDate, TotalPrice, ActualPrice, ID_Customer, ID_Review, ID_Employee, ID_Branch) VALUES (7, 135, '2023-05-18', 0, 0, 10, 2, 76, 7);
INSERT INTO [ORDER] (ID_Order, ID_Table, OrderDate, TotalPrice, ActualPrice, ID_Customer, ID_Review, ID_Employee, ID_Branch) VALUES (8, 147, '2023-01-30', 0, 0, 12, 14, 61, 7);
INSERT INTO [ORDER] (ID_Order, ID_Table, OrderDate, TotalPrice, ActualPrice, ID_Customer, ID_Review, ID_Employee, ID_Branch) VALUES (9, 154, '2023-10-25', 0, 0, 24, 33, 157, 7);
INSERT INTO [ORDER] (ID_Order, ID_Table, OrderDate, TotalPrice, ActualPrice, ID_Customer, ID_Review, ID_Employee, ID_Branch) VALUES (10, 155, '2023-06-17', 0, 0, 19, 28, 143, 7);
INSERT INTO [ORDER] (ID_Order, ID_Table, OrderDate, TotalPrice, ActualPrice, ID_Customer, ID_Review, ID_Employee, ID_Branch) VALUES (11, 145, '2024-08-29', 0, 0, 8, 12, 158, 7);
INSERT INTO [ORDER] (ID_Order, ID_Table, OrderDate, TotalPrice, ActualPrice, ID_Customer, ID_Review, ID_Employee, ID_Branch) VALUES (12, 152, '2023-09-03', 0, 0, 21, 26, 94, 7);
INSERT INTO [ORDER] (ID_Order, ID_Table, OrderDate, TotalPrice, ActualPrice, ID_Customer, ID_Review, ID_Employee, ID_Branch) VALUES (13, 149, '2024-01-23', 0, 0, 41, 32, 123, 7);
INSERT INTO [ORDER] (ID_Order, ID_Table, OrderDate, TotalPrice, ActualPrice, ID_Customer, ID_Review, ID_Employee, ID_Branch) VALUES (14, 156, '2023-11-04', 0, 0, 41, 1, 15, 7);
INSERT INTO [ORDER] (ID_Order, ID_Table, OrderDate, TotalPrice, ActualPrice, ID_Customer, ID_Review, ID_Employee, ID_Branch) VALUES (15, 141, '2024-11-23', 0, 0, 20, 10, 33, 7);
INSERT INTO [ORDER] (ID_Order, ID_Table, OrderDate, TotalPrice, ActualPrice, ID_Customer, ID_Review, ID_Employee, ID_Branch) VALUES (16, 137, '2024-07-16', 0, 0, 39, 23, 147, 7);
INSERT INTO [ORDER] (ID_Order, ID_Table, OrderDate, TotalPrice, ActualPrice, ID_Customer, ID_Review, ID_Employee, ID_Branch) VALUES (17, 145, '2024-06-24', 0, 0, 21, 8, 157, 7);
INSERT INTO [ORDER] (ID_Order, ID_Table, OrderDate, TotalPrice, ActualPrice, ID_Customer, ID_Review, ID_Employee, ID_Branch) VALUES (18, 141, '2023-01-10', 0, 0, 34, 37, 108, 7);
INSERT INTO [ORDER] (ID_Order, ID_Table, OrderDate, TotalPrice, ActualPrice, ID_Customer, ID_Review, ID_Employee, ID_Branch) VALUES (19, 150, '2023-06-09', 0, 0, 9, 4, 147, 7);
INSERT INTO [ORDER] (ID_Order, ID_Table, OrderDate, TotalPrice, ActualPrice, ID_Customer, ID_Review, ID_Employee, ID_Branch) VALUES (20, 144, '2024-11-20', 0, 0, 39, 5, 93, 7);
INSERT INTO [ORDER] (ID_Order, ID_Table, OrderDate, TotalPrice, ActualPrice, ID_Customer, ID_Review, ID_Employee, ID_Branch) VALUES (21, 144, '2023-03-14', 0, 0, 1, 13, 94, 7);
INSERT INTO [ORDER] (ID_Order, ID_Table, OrderDate, TotalPrice, ActualPrice, ID_Customer, ID_Review, ID_Employee, ID_Branch) VALUES (22, 156, '2023-10-27', 0, 0, 23, 9, 209, 7);
INSERT INTO [ORDER] (ID_Order, ID_Table, OrderDate, TotalPrice, ActualPrice, ID_Customer, ID_Review, ID_Employee, ID_Branch) VALUES (23, 152, '2024-04-16', 0, 0, 26, 16, 115, 7);
INSERT INTO [ORDER] (ID_Order, ID_Table, OrderDate, TotalPrice, ActualPrice, ID_Customer, ID_Review, ID_Employee, ID_Branch) VALUES (24, 154, '2023-07-11', 0, 0, 7, 38, 128, 7);
INSERT INTO [ORDER] (ID_Order, ID_Table, OrderDate, TotalPrice, ActualPrice, ID_Customer, ID_Review, ID_Employee, ID_Branch) VALUES (25, 141, '2023-12-28', 0, 0, 12, 39, 46, 7);
INSERT INTO [ORDER] (ID_Order, ID_Table, OrderDate, TotalPrice, ActualPrice, ID_Customer, ID_Review, ID_Employee, ID_Branch) VALUES (26, 147, '2024-05-14', 0, 0, 18, 30, 61, 7);
INSERT INTO [ORDER] (ID_Order, ID_Table, OrderDate, TotalPrice, ActualPrice, ID_Customer, ID_Review, ID_Employee, ID_Branch) VALUES (27, 149, '2024-07-06', 0, 0, 10, 21, 89, 7);
INSERT INTO [ORDER] (ID_Order, ID_Table, OrderDate, TotalPrice, ActualPrice, ID_Customer, ID_Review, ID_Employee, ID_Branch) VALUES (28, 146, '2023-01-20', 0, 0, 31, 29, 41, 7);
INSERT INTO [ORDER] (ID_Order, ID_Table, OrderDate, TotalPrice, ActualPrice, ID_Customer, ID_Review, ID_Employee, ID_Branch) VALUES (29, 148, '2024-09-18', 0, 0, 9, 34, 157, 7);
INSERT INTO [ORDER] (ID_Order, ID_Table, OrderDate, TotalPrice, ActualPrice, ID_Customer, ID_Review, ID_Employee, ID_Branch) VALUES (30, 142, '2024-12-17', 0, 0, 33, 25, 117, 7);
INSERT INTO [ORDER] (ID_Order, ID_Table, OrderDate, TotalPrice, ActualPrice, ID_Customer, ID_Review, ID_Employee, ID_Branch) VALUES (31, 151, '2024-12-01', 0, 0, 20, 31, 74, 7);
INSERT INTO [ORDER] (ID_Order, ID_Table, OrderDate, TotalPrice, ActualPrice, ID_Customer, ID_Review, ID_Employee, ID_Branch) VALUES (32, NULL, '2022-12-29', 0, 0, 11, 40, 33, 7);
INSERT INTO [ORDER] (ID_Order, ID_Table, OrderDate, TotalPrice, ActualPrice, ID_Customer, ID_Review, ID_Employee, ID_Branch) VALUES (33, NULL, '2023-09-09', 0, 0, 40, 3, 143, 7);
INSERT INTO [ORDER] (ID_Order, ID_Table, OrderDate, TotalPrice, ActualPrice, ID_Customer, ID_Review, ID_Employee, ID_Branch) VALUES (34, NULL, '2023-05-19', 0, 0, 14, 24, 63, 7);
INSERT INTO [ORDER] (ID_Order, ID_Table, OrderDate, TotalPrice, ActualPrice, ID_Customer, ID_Review, ID_Employee, ID_Branch) VALUES (35, NULL, '2024-04-24', 0, 0, 4, 20, 206, 7);
INSERT INTO [ORDER] (ID_Order, ID_Table, OrderDate, TotalPrice, ActualPrice, ID_Customer, ID_Review, ID_Employee, ID_Branch) VALUES (36, NULL, '2024-05-02', 0, 0, 4, 41, 198, 7);
INSERT INTO [ORDER] (ID_Order, ID_Table, OrderDate, TotalPrice, ActualPrice, ID_Customer, ID_Review, ID_Employee, ID_Branch) VALUES (37, NULL, '2024-02-13', 0, 0, 6, 19, 15, 7);
INSERT INTO [ORDER] (ID_Order, ID_Table, OrderDate, TotalPrice, ActualPrice, ID_Customer, ID_Review, ID_Employee, ID_Branch) VALUES (38, NULL, '2023-07-13', 0, 0, 30, 6, 74, 7);
INSERT INTO [ORDER] (ID_Order, ID_Table, OrderDate, TotalPrice, ActualPrice, ID_Customer, ID_Review, ID_Employee, ID_Branch) VALUES (39, NULL, '2024-08-12', 0, 0, 22, 7, 60, 7);
INSERT INTO [ORDER] (ID_Order, ID_Table, OrderDate, TotalPrice, ActualPrice, ID_Customer, ID_Review, ID_Employee, ID_Branch) VALUES (40, NULL, '2024-08-17', 0, 0, 5, 15, 46, 7);
INSERT INTO [ORDER] (ID_Order, ID_Table, OrderDate, TotalPrice, ActualPrice, ID_Customer, ID_Review, ID_Employee, ID_Branch) VALUES (1, 164, '2023-09-15', 0, 0, 34, 40, 32, 8);
INSERT INTO [ORDER] (ID_Order, ID_Table, OrderDate, TotalPrice, ActualPrice, ID_Customer, ID_Review, ID_Employee, ID_Branch) VALUES (2, 170, '2024-01-10', 0, 0, 18, 3, 134, 8);
INSERT INTO [ORDER] (ID_Order, ID_Table, OrderDate, TotalPrice, ActualPrice, ID_Customer, ID_Review, ID_Employee, ID_Branch) VALUES (3, 174, '2023-05-19', 0, 0, 15, 37, 194, 8);
INSERT INTO [ORDER] (ID_Order, ID_Table, OrderDate, TotalPrice, ActualPrice, ID_Customer, ID_Review, ID_Employee, ID_Branch) VALUES (4, 161, '2024-04-19', 0, 0, 33, 2, 200, 8);
INSERT INTO [ORDER] (ID_Order, ID_Table, OrderDate, TotalPrice, ActualPrice, ID_Customer, ID_Review, ID_Employee, ID_Branch) VALUES (5, 166, '2024-09-06', 0, 0, 38, 31, 120, 8);
INSERT INTO [ORDER] (ID_Order, ID_Table, OrderDate, TotalPrice, ActualPrice, ID_Customer, ID_Review, ID_Employee, ID_Branch) VALUES (6, 164, '2023-02-10', 0, 0, 28, 6, 192, 8);
INSERT INTO [ORDER] (ID_Order, ID_Table, OrderDate, TotalPrice, ActualPrice, ID_Customer, ID_Review, ID_Employee, ID_Branch) VALUES (7, 171, '2023-06-12', 0, 0, 8, 34, 40, 8);
INSERT INTO [ORDER] (ID_Order, ID_Table, OrderDate, TotalPrice, ActualPrice, ID_Customer, ID_Review, ID_Employee, ID_Branch) VALUES (8, 175, '2023-09-09', 0, 0, 10, 12, 173, 8);
INSERT INTO [ORDER] (ID_Order, ID_Table, OrderDate, TotalPrice, ActualPrice, ID_Customer, ID_Review, ID_Employee, ID_Branch) VALUES (9, 181, '2023-10-07', 0, 0, 7, 5, 55, 8);
INSERT INTO [ORDER] (ID_Order, ID_Table, OrderDate, TotalPrice, ActualPrice, ID_Customer, ID_Review, ID_Employee, ID_Branch) VALUES (10, 169, '2024-02-10', 0, 0, 40, 29, 4, 8);
INSERT INTO [ORDER] (ID_Order, ID_Table, OrderDate, TotalPrice, ActualPrice, ID_Customer, ID_Review, ID_Employee, ID_Branch) VALUES (11, 160, '2024-07-20', 0, 0, 30, 1, 224, 8);
INSERT INTO [ORDER] (ID_Order, ID_Table, OrderDate, TotalPrice, ActualPrice, ID_Customer, ID_Review, ID_Employee, ID_Branch) VALUES (12, 179, '2023-10-17', 0, 0, 12, 36, 8, 8);
INSERT INTO [ORDER] (ID_Order, ID_Table, OrderDate, TotalPrice, ActualPrice, ID_Customer, ID_Review, ID_Employee, ID_Branch) VALUES (13, 177, '2024-03-04', 0, 0, 40, 33, 110, 8);
INSERT INTO [ORDER] (ID_Order, ID_Table, OrderDate, TotalPrice, ActualPrice, ID_Customer, ID_Review, ID_Employee, ID_Branch) VALUES (14, 160, '2024-11-16', 0, 0, 3, 25, 209, 8);
INSERT INTO [ORDER] (ID_Order, ID_Table, OrderDate, TotalPrice, ActualPrice, ID_Customer, ID_Review, ID_Employee, ID_Branch) VALUES (15, 165, '2024-03-13', 0, 0, 31, 23, 124, 8);
INSERT INTO [ORDER] (ID_Order, ID_Table, OrderDate, TotalPrice, ActualPrice, ID_Customer, ID_Review, ID_Employee, ID_Branch) VALUES (16, 172, '2023-02-16', 0, 0, 14, 14, 173, 8);
INSERT INTO [ORDER] (ID_Order, ID_Table, OrderDate, TotalPrice, ActualPrice, ID_Customer, ID_Review, ID_Employee, ID_Branch) VALUES (17, 175, '2023-09-05', 0, 0, 35, 26, 28, 8);
INSERT INTO [ORDER] (ID_Order, ID_Table, OrderDate, TotalPrice, ActualPrice, ID_Customer, ID_Review, ID_Employee, ID_Branch) VALUES (18, 172, '2024-02-07', 0, 0, 4, 13, 124, 8);
INSERT INTO [ORDER] (ID_Order, ID_Table, OrderDate, TotalPrice, ActualPrice, ID_Customer, ID_Review, ID_Employee, ID_Branch) VALUES (19, 158, '2024-03-22', 0, 0, 10, 20, 124, 8);
INSERT INTO [ORDER] (ID_Order, ID_Table, OrderDate, TotalPrice, ActualPrice, ID_Customer, ID_Review, ID_Employee, ID_Branch) VALUES (20, 175, '2024-05-19', 0, 0, 25, 8, 1, 8);
INSERT INTO [ORDER] (ID_Order, ID_Table, OrderDate, TotalPrice, ActualPrice, ID_Customer, ID_Review, ID_Employee, ID_Branch) VALUES (21, 163, '2023-07-04', 0, 0, 13, 32, 51, 8);
INSERT INTO [ORDER] (ID_Order, ID_Table, OrderDate, TotalPrice, ActualPrice, ID_Customer, ID_Review, ID_Employee, ID_Branch) VALUES (22, 161, '2023-06-03', 0, 0, 1, 16, 145, 8);
INSERT INTO [ORDER] (ID_Order, ID_Table, OrderDate, TotalPrice, ActualPrice, ID_Customer, ID_Review, ID_Employee, ID_Branch) VALUES (23, 161, '2023-08-09', 0, 0, 7, 15, 24, 8);
INSERT INTO [ORDER] (ID_Order, ID_Table, OrderDate, TotalPrice, ActualPrice, ID_Customer, ID_Review, ID_Employee, ID_Branch) VALUES (24, 171, '2024-04-09', 0, 0, 18, 28, 124, 8);
INSERT INTO [ORDER] (ID_Order, ID_Table, OrderDate, TotalPrice, ActualPrice, ID_Customer, ID_Review, ID_Employee, ID_Branch) VALUES (25, 164, '2024-06-08', 0, 0, 7, 18, 157, 8);
INSERT INTO [ORDER] (ID_Order, ID_Table, OrderDate, TotalPrice, ActualPrice, ID_Customer, ID_Review, ID_Employee, ID_Branch) VALUES (26, 177, '2024-05-22', 0, 0, 10, 22, 60, 8);
INSERT INTO [ORDER] (ID_Order, ID_Table, OrderDate, TotalPrice, ActualPrice, ID_Customer, ID_Review, ID_Employee, ID_Branch) VALUES (27, 165, '2024-04-15', 0, 0, 8, 27, 180, 8);
INSERT INTO [ORDER] (ID_Order, ID_Table, OrderDate, TotalPrice, ActualPrice, ID_Customer, ID_Review, ID_Employee, ID_Branch) VALUES (28, 172, '2024-02-27', 0, 0, 16, 9, 167, 8);
INSERT INTO [ORDER] (ID_Order, ID_Table, OrderDate, TotalPrice, ActualPrice, ID_Customer, ID_Review, ID_Employee, ID_Branch) VALUES (29, 163, '2022-12-25', 0, 0, 20, 19, 115, 8);
INSERT INTO [ORDER] (ID_Order, ID_Table, OrderDate, TotalPrice, ActualPrice, ID_Customer, ID_Review, ID_Employee, ID_Branch) VALUES (30, 167, '2023-08-29', 0, 0, 21, 24, 140, 8);
INSERT INTO [ORDER] (ID_Order, ID_Table, OrderDate, TotalPrice, ActualPrice, ID_Customer, ID_Review, ID_Employee, ID_Branch) VALUES (31, 159, '2024-03-18', 0, 0, 28, 21, 143, 8);
INSERT INTO [ORDER] (ID_Order, ID_Table, OrderDate, TotalPrice, ActualPrice, ID_Customer, ID_Review, ID_Employee, ID_Branch) VALUES (32, NULL, '2024-05-05', 0, 0, 31, 41, 114, 8);
INSERT INTO [ORDER] (ID_Order, ID_Table, OrderDate, TotalPrice, ActualPrice, ID_Customer, ID_Review, ID_Employee, ID_Branch) VALUES (33, NULL, '2023-08-15', 0, 0, 33, 10, 208, 8);
INSERT INTO [ORDER] (ID_Order, ID_Table, OrderDate, TotalPrice, ActualPrice, ID_Customer, ID_Review, ID_Employee, ID_Branch) VALUES (34, NULL, '2023-05-27', 0, 0, 33, 35, 195, 8);
INSERT INTO [ORDER] (ID_Order, ID_Table, OrderDate, TotalPrice, ActualPrice, ID_Customer, ID_Review, ID_Employee, ID_Branch) VALUES (35, NULL, '2023-09-27', 0, 0, 34, 11, 119, 8);
INSERT INTO [ORDER] (ID_Order, ID_Table, OrderDate, TotalPrice, ActualPrice, ID_Customer, ID_Review, ID_Employee, ID_Branch) VALUES (36, NULL, '2023-03-14', 0, 0, 5, 30, 47, 8);
INSERT INTO [ORDER] (ID_Order, ID_Table, OrderDate, TotalPrice, ActualPrice, ID_Customer, ID_Review, ID_Employee, ID_Branch) VALUES (37, NULL, '2024-01-25', 0, 0, 11, 4, 55, 8);
INSERT INTO [ORDER] (ID_Order, ID_Table, OrderDate, TotalPrice, ActualPrice, ID_Customer, ID_Review, ID_Employee, ID_Branch) VALUES (38, NULL, '2023-09-05', 0, 0, 1, 17, 96, 8);
INSERT INTO [ORDER] (ID_Order, ID_Table, OrderDate, TotalPrice, ActualPrice, ID_Customer, ID_Review, ID_Employee, ID_Branch) VALUES (39, NULL, '2024-09-21', 0, 0, 24, 39, 47, 8);
INSERT INTO [ORDER] (ID_Order, ID_Table, OrderDate, TotalPrice, ActualPrice, ID_Customer, ID_Review, ID_Employee, ID_Branch) VALUES (40, NULL, '2024-02-22', 0, 0, 24, 7, 177, 8);
INSERT INTO [ORDER] (ID_Order, ID_Table, OrderDate, TotalPrice, ActualPrice, ID_Customer, ID_Review, ID_Employee, ID_Branch) VALUES (1, 193, '2023-11-21', 0, 0, 24, 41, 111, 9);
INSERT INTO [ORDER] (ID_Order, ID_Table, OrderDate, TotalPrice, ActualPrice, ID_Customer, ID_Review, ID_Employee, ID_Branch) VALUES (2, 189, '2023-01-12', 0, 0, 20, 20, 103, 9);
INSERT INTO [ORDER] (ID_Order, ID_Table, OrderDate, TotalPrice, ActualPrice, ID_Customer, ID_Review, ID_Employee, ID_Branch) VALUES (3, 193, '2024-03-02', 0, 0, 6, 11, 151, 9);
INSERT INTO [ORDER] (ID_Order, ID_Table, OrderDate, TotalPrice, ActualPrice, ID_Customer, ID_Review, ID_Employee, ID_Branch) VALUES (4, 202, '2023-03-07', 0, 0, 8, 10, 76, 9);
INSERT INTO [ORDER] (ID_Order, ID_Table, OrderDate, TotalPrice, ActualPrice, ID_Customer, ID_Review, ID_Employee, ID_Branch) VALUES (5, 205, '2024-02-10', 0, 0, 17, 27, 103, 9);
INSERT INTO [ORDER] (ID_Order, ID_Table, OrderDate, TotalPrice, ActualPrice, ID_Customer, ID_Review, ID_Employee, ID_Branch) VALUES (6, 185, '2023-09-13', 0, 0, 33, 2, 98, 9);
INSERT INTO [ORDER] (ID_Order, ID_Table, OrderDate, TotalPrice, ActualPrice, ID_Customer, ID_Review, ID_Employee, ID_Branch) VALUES (7, 183, '2024-09-18', 0, 0, 13, 1, 120, 9);
INSERT INTO [ORDER] (ID_Order, ID_Table, OrderDate, TotalPrice, ActualPrice, ID_Customer, ID_Review, ID_Employee, ID_Branch) VALUES (8, 208, '2024-06-24', 0, 0, 41, 7, 183, 9);
INSERT INTO [ORDER] (ID_Order, ID_Table, OrderDate, TotalPrice, ActualPrice, ID_Customer, ID_Review, ID_Employee, ID_Branch) VALUES (9, 200, '2023-08-31', 0, 0, 25, 23, 197, 9);
INSERT INTO [ORDER] (ID_Order, ID_Table, OrderDate, TotalPrice, ActualPrice, ID_Customer, ID_Review, ID_Employee, ID_Branch) VALUES (10, 194, '2023-02-02', 0, 0, 22, 8, 189, 9);
INSERT INTO [ORDER] (ID_Order, ID_Table, OrderDate, TotalPrice, ActualPrice, ID_Customer, ID_Review, ID_Employee, ID_Branch) VALUES (11, 189, '2024-02-05', 0, 0, 38, 17, 71, 9);
INSERT INTO [ORDER] (ID_Order, ID_Table, OrderDate, TotalPrice, ActualPrice, ID_Customer, ID_Review, ID_Employee, ID_Branch) VALUES (12, 197, '2024-02-29', 0, 0, 2, 36, 12, 9);
INSERT INTO [ORDER] (ID_Order, ID_Table, OrderDate, TotalPrice, ActualPrice, ID_Customer, ID_Review, ID_Employee, ID_Branch) VALUES (13, 194, '2023-06-30', 0, 0, 10, 5, 172, 9);
INSERT INTO [ORDER] (ID_Order, ID_Table, OrderDate, TotalPrice, ActualPrice, ID_Customer, ID_Review, ID_Employee, ID_Branch) VALUES (14, 203, '2023-01-01', 0, 0, 16, 37, 205, 9);
INSERT INTO [ORDER] (ID_Order, ID_Table, OrderDate, TotalPrice, ActualPrice, ID_Customer, ID_Review, ID_Employee, ID_Branch) VALUES (15, 206, '2024-08-31', 0, 0, 36, 9, 186, 9);
INSERT INTO [ORDER] (ID_Order, ID_Table, OrderDate, TotalPrice, ActualPrice, ID_Customer, ID_Review, ID_Employee, ID_Branch) VALUES (16, 207, '2023-04-11', 0, 0, 24, 18, 206, 9);
INSERT INTO [ORDER] (ID_Order, ID_Table, OrderDate, TotalPrice, ActualPrice, ID_Customer, ID_Review, ID_Employee, ID_Branch) VALUES (17, 196, '2024-10-02', 0, 0, 24, 38, 96, 9);
INSERT INTO [ORDER] (ID_Order, ID_Table, OrderDate, TotalPrice, ActualPrice, ID_Customer, ID_Review, ID_Employee, ID_Branch) VALUES (18, 195, '2023-04-27', 0, 0, 29, 15, 145, 9);
INSERT INTO [ORDER] (ID_Order, ID_Table, OrderDate, TotalPrice, ActualPrice, ID_Customer, ID_Review, ID_Employee, ID_Branch) VALUES (19, 189, '2023-06-25', 0, 0, 32, 28, 31, 9);
INSERT INTO [ORDER] (ID_Order, ID_Table, OrderDate, TotalPrice, ActualPrice, ID_Customer, ID_Review, ID_Employee, ID_Branch) VALUES (20, 184, '2024-04-20', 0, 0, 32, 30, 82, 9);
INSERT INTO [ORDER] (ID_Order, ID_Table, OrderDate, TotalPrice, ActualPrice, ID_Customer, ID_Review, ID_Employee, ID_Branch) VALUES (21, 182, '2023-08-02', 0, 0, 22, 29, 180, 9);
INSERT INTO [ORDER] (ID_Order, ID_Table, OrderDate, TotalPrice, ActualPrice, ID_Customer, ID_Review, ID_Employee, ID_Branch) VALUES (22, 197, '2023-09-21', 0, 0, 35, 12, 151, 9);
INSERT INTO [ORDER] (ID_Order, ID_Table, OrderDate, TotalPrice, ActualPrice, ID_Customer, ID_Review, ID_Employee, ID_Branch) VALUES (23, 208, '2024-10-04', 0, 0, 29, 34, 150, 9);
INSERT INTO [ORDER] (ID_Order, ID_Table, OrderDate, TotalPrice, ActualPrice, ID_Customer, ID_Review, ID_Employee, ID_Branch) VALUES (24, 189, '2023-07-31', 0, 0, 27, 39, 12, 9);
INSERT INTO [ORDER] (ID_Order, ID_Table, OrderDate, TotalPrice, ActualPrice, ID_Customer, ID_Review, ID_Employee, ID_Branch) VALUES (25, 202, '2023-01-14', 0, 0, 23, 31, 205, 9);
INSERT INTO [ORDER] (ID_Order, ID_Table, OrderDate, TotalPrice, ActualPrice, ID_Customer, ID_Review, ID_Employee, ID_Branch) VALUES (26, 182, '2024-03-14', 0, 0, 1, 6, 193, 9);
INSERT INTO [ORDER] (ID_Order, ID_Table, OrderDate, TotalPrice, ActualPrice, ID_Customer, ID_Review, ID_Employee, ID_Branch) VALUES (27, 203, '2024-08-29', 0, 0, 31, 16, 137, 9);
INSERT INTO [ORDER] (ID_Order, ID_Table, OrderDate, TotalPrice, ActualPrice, ID_Customer, ID_Review, ID_Employee, ID_Branch) VALUES (28, 190, '2024-10-01', 0, 0, 14, 40, 214, 9);
INSERT INTO [ORDER] (ID_Order, ID_Table, OrderDate, TotalPrice, ActualPrice, ID_Customer, ID_Review, ID_Employee, ID_Branch) VALUES (29, 210, '2024-08-02', 0, 0, 21, 35, 138, 9);
INSERT INTO [ORDER] (ID_Order, ID_Table, OrderDate, TotalPrice, ActualPrice, ID_Customer, ID_Review, ID_Employee, ID_Branch) VALUES (30, 197, '2023-03-30', 0, 0, 34, 4, 31, 9);
INSERT INTO [ORDER] (ID_Order, ID_Table, OrderDate, TotalPrice, ActualPrice, ID_Customer, ID_Review, ID_Employee, ID_Branch) VALUES (31, 186, '2024-10-19', 0, 0, 22, 22, 205, 9);
INSERT INTO [ORDER] (ID_Order, ID_Table, OrderDate, TotalPrice, ActualPrice, ID_Customer, ID_Review, ID_Employee, ID_Branch) VALUES (32, NULL, '2024-01-03', 0, 0, 3, 26, 189, 9);
INSERT INTO [ORDER] (ID_Order, ID_Table, OrderDate, TotalPrice, ActualPrice, ID_Customer, ID_Review, ID_Employee, ID_Branch) VALUES (33, NULL, '2023-01-13', 0, 0, 25, 24, 180, 9);
INSERT INTO [ORDER] (ID_Order, ID_Table, OrderDate, TotalPrice, ActualPrice, ID_Customer, ID_Review, ID_Employee, ID_Branch) VALUES (34, NULL, '2024-04-30', 0, 0, 31, 14, 206, 9);
INSERT INTO [ORDER] (ID_Order, ID_Table, OrderDate, TotalPrice, ActualPrice, ID_Customer, ID_Review, ID_Employee, ID_Branch) VALUES (35, NULL, '2024-03-23', 0, 0, 40, 3, 197, 9);
INSERT INTO [ORDER] (ID_Order, ID_Table, OrderDate, TotalPrice, ActualPrice, ID_Customer, ID_Review, ID_Employee, ID_Branch) VALUES (36, NULL, '2024-08-19', 0, 0, 5, 32, 180, 9);
INSERT INTO [ORDER] (ID_Order, ID_Table, OrderDate, TotalPrice, ActualPrice, ID_Customer, ID_Review, ID_Employee, ID_Branch) VALUES (37, NULL, '2024-12-10', 0, 0, 1, 25, 72, 9);
INSERT INTO [ORDER] (ID_Order, ID_Table, OrderDate, TotalPrice, ActualPrice, ID_Customer, ID_Review, ID_Employee, ID_Branch) VALUES (38, NULL, '2023-11-03', 0, 0, 13, 13, 220, 9);
INSERT INTO [ORDER] (ID_Order, ID_Table, OrderDate, TotalPrice, ActualPrice, ID_Customer, ID_Review, ID_Employee, ID_Branch) VALUES (39, NULL, '2024-02-03', 0, 0, 33, 19, 132, 9);
INSERT INTO [ORDER] (ID_Order, ID_Table, OrderDate, TotalPrice, ActualPrice, ID_Customer, ID_Review, ID_Employee, ID_Branch) VALUES (40, NULL, '2024-03-10', 0, 0, 12, 33, 191, 9);
INSERT INTO [ORDER] (ID_Order, ID_Table, OrderDate, TotalPrice, ActualPrice, ID_Customer, ID_Review, ID_Employee, ID_Branch) VALUES (1, 217, '2023-08-26', 0, 0, 40, 19, 142, 10);
INSERT INTO [ORDER] (ID_Order, ID_Table, OrderDate, TotalPrice, ActualPrice, ID_Customer, ID_Review, ID_Employee, ID_Branch) VALUES (2, 211, '2024-03-05', 0, 0, 4, 8, 200, 10);
INSERT INTO [ORDER] (ID_Order, ID_Table, OrderDate, TotalPrice, ActualPrice, ID_Customer, ID_Review, ID_Employee, ID_Branch) VALUES (3, 213, '2024-01-23', 0, 0, 4, 38, 96, 10);
INSERT INTO [ORDER] (ID_Order, ID_Table, OrderDate, TotalPrice, ActualPrice, ID_Customer, ID_Review, ID_Employee, ID_Branch) VALUES (4, 225, '2024-06-09', 0, 0, 20, 12, 173, 10);
INSERT INTO [ORDER] (ID_Order, ID_Table, OrderDate, TotalPrice, ActualPrice, ID_Customer, ID_Review, ID_Employee, ID_Branch) VALUES (5, 231, '2023-03-30', 0, 0, 7, 2, 168, 10);
INSERT INTO [ORDER] (ID_Order, ID_Table, OrderDate, TotalPrice, ActualPrice, ID_Customer, ID_Review, ID_Employee, ID_Branch) VALUES (6, 211, '2024-09-07', 0, 0, 41, 26, 23, 10);
INSERT INTO [ORDER] (ID_Order, ID_Table, OrderDate, TotalPrice, ActualPrice, ID_Customer, ID_Review, ID_Employee, ID_Branch) VALUES (7, 220, '2024-09-03', 0, 0, 38, 5, 114, 10);
INSERT INTO [ORDER] (ID_Order, ID_Table, OrderDate, TotalPrice, ActualPrice, ID_Customer, ID_Review, ID_Employee, ID_Branch) VALUES (8, 228, '2024-10-19', 0, 0, 10, 25, 120, 10);
INSERT INTO [ORDER] (ID_Order, ID_Table, OrderDate, TotalPrice, ActualPrice, ID_Customer, ID_Review, ID_Employee, ID_Branch) VALUES (9, 224, '2023-03-14', 0, 0, 15, 35, 79, 10);
INSERT INTO [ORDER] (ID_Order, ID_Table, OrderDate, TotalPrice, ActualPrice, ID_Customer, ID_Review, ID_Employee, ID_Branch) VALUES (10, 229, '2024-03-03', 0, 0, 20, 27, 153, 10);
INSERT INTO [ORDER] (ID_Order, ID_Table, OrderDate, TotalPrice, ActualPrice, ID_Customer, ID_Review, ID_Employee, ID_Branch) VALUES (11, 232, '2024-07-11', 0, 0, 34, 29, 144, 10);
INSERT INTO [ORDER] (ID_Order, ID_Table, OrderDate, TotalPrice, ActualPrice, ID_Customer, ID_Review, ID_Employee, ID_Branch) VALUES (12, 225, '2024-10-09', 0, 0, 28, 40, 23, 10);
INSERT INTO [ORDER] (ID_Order, ID_Table, OrderDate, TotalPrice, ActualPrice, ID_Customer, ID_Review, ID_Employee, ID_Branch) VALUES (13, 223, '2024-10-06', 0, 0, 20, 16, 133, 10);
INSERT INTO [ORDER] (ID_Order, ID_Table, OrderDate, TotalPrice, ActualPrice, ID_Customer, ID_Review, ID_Employee, ID_Branch) VALUES (14, 221, '2023-08-11', 0, 0, 29, 34, 28, 10);
INSERT INTO [ORDER] (ID_Order, ID_Table, OrderDate, TotalPrice, ActualPrice, ID_Customer, ID_Review, ID_Employee, ID_Branch) VALUES (15, 225, '2024-01-15', 0, 0, 1, 30, 7, 10);
INSERT INTO [ORDER] (ID_Order, ID_Table, OrderDate, TotalPrice, ActualPrice, ID_Customer, ID_Review, ID_Employee, ID_Branch) VALUES (16, 221, '2023-07-21', 0, 0, 27, 37, 60, 10);
INSERT INTO [ORDER] (ID_Order, ID_Table, OrderDate, TotalPrice, ActualPrice, ID_Customer, ID_Review, ID_Employee, ID_Branch) VALUES (17, 213, '2023-08-19', 0, 0, 14, 13, 119, 10);
INSERT INTO [ORDER] (ID_Order, ID_Table, OrderDate, TotalPrice, ActualPrice, ID_Customer, ID_Review, ID_Employee, ID_Branch) VALUES (18, 212, '2024-07-04', 0, 0, 7, 33, 133, 10);
INSERT INTO [ORDER] (ID_Order, ID_Table, OrderDate, TotalPrice, ActualPrice, ID_Customer, ID_Review, ID_Employee, ID_Branch) VALUES (19, 214, '2024-05-02', 0, 0, 2, 23, 168, 10);
INSERT INTO [ORDER] (ID_Order, ID_Table, OrderDate, TotalPrice, ActualPrice, ID_Customer, ID_Review, ID_Employee, ID_Branch) VALUES (20, 224, '2024-04-15', 0, 0, 35, 6, 60, 10);
INSERT INTO [ORDER] (ID_Order, ID_Table, OrderDate, TotalPrice, ActualPrice, ID_Customer, ID_Review, ID_Employee, ID_Branch) VALUES (21, 215, '2023-12-07', 0, 0, 27, 31, 165, 10);
INSERT INTO [ORDER] (ID_Order, ID_Table, OrderDate, TotalPrice, ActualPrice, ID_Customer, ID_Review, ID_Employee, ID_Branch) VALUES (22, 214, '2023-10-31', 0, 0, 22, 21, 63, 10);
INSERT INTO [ORDER] (ID_Order, ID_Table, OrderDate, TotalPrice, ActualPrice, ID_Customer, ID_Review, ID_Employee, ID_Branch) VALUES (23, 214, '2024-10-20', 0, 0, 24, 9, 14, 10);
INSERT INTO [ORDER] (ID_Order, ID_Table, OrderDate, TotalPrice, ActualPrice, ID_Customer, ID_Review, ID_Employee, ID_Branch) VALUES (24, 211, '2024-03-18', 0, 0, 41, 10, 157, 10);
INSERT INTO [ORDER] (ID_Order, ID_Table, OrderDate, TotalPrice, ActualPrice, ID_Customer, ID_Review, ID_Employee, ID_Branch) VALUES (25, 221, '2023-02-06', 0, 0, 33, 20, 37, 10);
INSERT INTO [ORDER] (ID_Order, ID_Table, OrderDate, TotalPrice, ActualPrice, ID_Customer, ID_Review, ID_Employee, ID_Branch) VALUES (26, 223, '2022-12-21', 0, 0, 27, 15, 192, 10);
INSERT INTO [ORDER] (ID_Order, ID_Table, OrderDate, TotalPrice, ActualPrice, ID_Customer, ID_Review, ID_Employee, ID_Branch) VALUES (27, 218, '2024-07-31', 0, 0, 36, 14, 105, 10);
INSERT INTO [ORDER] (ID_Order, ID_Table, OrderDate, TotalPrice, ActualPrice, ID_Customer, ID_Review, ID_Employee, ID_Branch) VALUES (28, 227, '2023-02-02', 0, 0, 30, 17, 71, 10);
INSERT INTO [ORDER] (ID_Order, ID_Table, OrderDate, TotalPrice, ActualPrice, ID_Customer, ID_Review, ID_Employee, ID_Branch) VALUES (29, 222, '2024-12-07', 0, 0, 20, 11, 157, 10);
INSERT INTO [ORDER] (ID_Order, ID_Table, OrderDate, TotalPrice, ActualPrice, ID_Customer, ID_Review, ID_Employee, ID_Branch) VALUES (30, 227, '2024-03-09', 0, 0, 10, 1, 28, 10);
INSERT INTO [ORDER] (ID_Order, ID_Table, OrderDate, TotalPrice, ActualPrice, ID_Customer, ID_Review, ID_Employee, ID_Branch) VALUES (31, 211, '2024-09-04', 0, 0, 41, 41, 156, 10);
INSERT INTO [ORDER] (ID_Order, ID_Table, OrderDate, TotalPrice, ActualPrice, ID_Customer, ID_Review, ID_Employee, ID_Branch) VALUES (32, NULL, '2023-01-22', 0, 0, 30, 7, 200, 10);
INSERT INTO [ORDER] (ID_Order, ID_Table, OrderDate, TotalPrice, ActualPrice, ID_Customer, ID_Review, ID_Employee, ID_Branch) VALUES (33, NULL, '2024-06-18', 0, 0, 35, 4, 156, 10);
INSERT INTO [ORDER] (ID_Order, ID_Table, OrderDate, TotalPrice, ActualPrice, ID_Customer, ID_Review, ID_Employee, ID_Branch) VALUES (34, NULL, '2023-09-10', 0, 0, 4, 32, 132, 10);
INSERT INTO [ORDER] (ID_Order, ID_Table, OrderDate, TotalPrice, ActualPrice, ID_Customer, ID_Review, ID_Employee, ID_Branch) VALUES (35, NULL, '2024-08-10', 0, 0, 4, 22, 198, 10);
INSERT INTO [ORDER] (ID_Order, ID_Table, OrderDate, TotalPrice, ActualPrice, ID_Customer, ID_Review, ID_Employee, ID_Branch) VALUES (36, NULL, '2023-11-23', 0, 0, 23, 18, 157, 10);
INSERT INTO [ORDER] (ID_Order, ID_Table, OrderDate, TotalPrice, ActualPrice, ID_Customer, ID_Review, ID_Employee, ID_Branch) VALUES (37, NULL, '2023-08-02', 0, 0, 16, 39, 71, 10);
INSERT INTO [ORDER] (ID_Order, ID_Table, OrderDate, TotalPrice, ActualPrice, ID_Customer, ID_Review, ID_Employee, ID_Branch) VALUES (38, NULL, '2023-05-09', 0, 0, 37, 3, 132, 10);
INSERT INTO [ORDER] (ID_Order, ID_Table, OrderDate, TotalPrice, ActualPrice, ID_Customer, ID_Review, ID_Employee, ID_Branch) VALUES (39, NULL, '2024-04-30', 0, 0, 36, 36, 187, 10);
INSERT INTO [ORDER] (ID_Order, ID_Table, OrderDate, TotalPrice, ActualPrice, ID_Customer, ID_Review, ID_Employee, ID_Branch) VALUES (40, NULL, '2023-04-29', 0, 0, 6, 24, 168, 10);
INSERT INTO [ORDER] (ID_Order, ID_Table, OrderDate, TotalPrice, ActualPrice, ID_Customer, ID_Review, ID_Employee, ID_Branch) VALUES (1, 242, '2024-01-04', 0, 0, 37, 10, 151, 11);
INSERT INTO [ORDER] (ID_Order, ID_Table, OrderDate, TotalPrice, ActualPrice, ID_Customer, ID_Review, ID_Employee, ID_Branch) VALUES (2, 243, '2024-01-04', 0, 0, 28, 18, 175, 11);
INSERT INTO [ORDER] (ID_Order, ID_Table, OrderDate, TotalPrice, ActualPrice, ID_Customer, ID_Review, ID_Employee, ID_Branch) VALUES (3, 255, '2023-09-22', 0, 0, 25, 28, 140, 11);
INSERT INTO [ORDER] (ID_Order, ID_Table, OrderDate, TotalPrice, ActualPrice, ID_Customer, ID_Review, ID_Employee, ID_Branch) VALUES (4, 240, '2023-09-23', 0, 0, 22, 20, 141, 11);
INSERT INTO [ORDER] (ID_Order, ID_Table, OrderDate, TotalPrice, ActualPrice, ID_Customer, ID_Review, ID_Employee, ID_Branch) VALUES (5, 247, '2024-05-29', 0, 0, 15, 5, 27, 11);
INSERT INTO [ORDER] (ID_Order, ID_Table, OrderDate, TotalPrice, ActualPrice, ID_Customer, ID_Review, ID_Employee, ID_Branch) VALUES (6, 234, '2024-04-01', 0, 0, 27, 8, 35, 11);
INSERT INTO [ORDER] (ID_Order, ID_Table, OrderDate, TotalPrice, ActualPrice, ID_Customer, ID_Review, ID_Employee, ID_Branch) VALUES (7, 249, '2023-06-21', 0, 0, 31, 12, 128, 11);
INSERT INTO [ORDER] (ID_Order, ID_Table, OrderDate, TotalPrice, ActualPrice, ID_Customer, ID_Review, ID_Employee, ID_Branch) VALUES (8, 240, '2023-03-26', 0, 0, 38, 23, 41, 11);
INSERT INTO [ORDER] (ID_Order, ID_Table, OrderDate, TotalPrice, ActualPrice, ID_Customer, ID_Review, ID_Employee, ID_Branch) VALUES (9, 239, '2023-06-25', 0, 0, 37, 14, 126, 11);
INSERT INTO [ORDER] (ID_Order, ID_Table, OrderDate, TotalPrice, ActualPrice, ID_Customer, ID_Review, ID_Employee, ID_Branch) VALUES (10, 239, '2023-01-09', 0, 0, 41, 1, 166, 11);
INSERT INTO [ORDER] (ID_Order, ID_Table, OrderDate, TotalPrice, ActualPrice, ID_Customer, ID_Review, ID_Employee, ID_Branch) VALUES (11, 241, '2024-04-12', 0, 0, 30, 9, 140, 11);
INSERT INTO [ORDER] (ID_Order, ID_Table, OrderDate, TotalPrice, ActualPrice, ID_Customer, ID_Review, ID_Employee, ID_Branch) VALUES (12, 245, '2023-09-06', 0, 0, 36, 35, 167, 11);
INSERT INTO [ORDER] (ID_Order, ID_Table, OrderDate, TotalPrice, ActualPrice, ID_Customer, ID_Review, ID_Employee, ID_Branch) VALUES (13, 243, '2023-12-13', 0, 0, 41, 36, 25, 11);
INSERT INTO [ORDER] (ID_Order, ID_Table, OrderDate, TotalPrice, ActualPrice, ID_Customer, ID_Review, ID_Employee, ID_Branch) VALUES (14, 244, '2024-02-13', 0, 0, 32, 21, 175, 11);
INSERT INTO [ORDER] (ID_Order, ID_Table, OrderDate, TotalPrice, ActualPrice, ID_Customer, ID_Review, ID_Employee, ID_Branch) VALUES (15, 252, '2024-06-25', 0, 0, 33, 27, 167, 11);
INSERT INTO [ORDER] (ID_Order, ID_Table, OrderDate, TotalPrice, ActualPrice, ID_Customer, ID_Review, ID_Employee, ID_Branch) VALUES (16, 251, '2024-03-06', 0, 0, 16, 25, 105, 11);
INSERT INTO [ORDER] (ID_Order, ID_Table, OrderDate, TotalPrice, ActualPrice, ID_Customer, ID_Review, ID_Employee, ID_Branch) VALUES (17, 237, '2023-06-04', 0, 0, 5, 31, 51, 11);
INSERT INTO [ORDER] (ID_Order, ID_Table, OrderDate, TotalPrice, ActualPrice, ID_Customer, ID_Review, ID_Employee, ID_Branch) VALUES (18, 236, '2024-07-17', 0, 0, 37, 4, 95, 11);
INSERT INTO [ORDER] (ID_Order, ID_Table, OrderDate, TotalPrice, ActualPrice, ID_Customer, ID_Review, ID_Employee, ID_Branch) VALUES (19, 239, '2023-10-17', 0, 0, 3, 3, 37, 11);
INSERT INTO [ORDER] (ID_Order, ID_Table, OrderDate, TotalPrice, ActualPrice, ID_Customer, ID_Review, ID_Employee, ID_Branch) VALUES (20, 242, '2024-06-18', 0, 0, 28, 17, 124, 11);
INSERT INTO [ORDER] (ID_Order, ID_Table, OrderDate, TotalPrice, ActualPrice, ID_Customer, ID_Review, ID_Employee, ID_Branch) VALUES (21, 235, '2024-04-18', 0, 0, 18, 6, 64, 11);
INSERT INTO [ORDER] (ID_Order, ID_Table, OrderDate, TotalPrice, ActualPrice, ID_Customer, ID_Review, ID_Employee, ID_Branch) VALUES (22, 253, '2024-11-21', 0, 0, 1, 33, 224, 11);
INSERT INTO [ORDER] (ID_Order, ID_Table, OrderDate, TotalPrice, ActualPrice, ID_Customer, ID_Review, ID_Employee, ID_Branch) VALUES (23, 237, '2024-09-19', 0, 0, 32, 7, 200, 11);
INSERT INTO [ORDER] (ID_Order, ID_Table, OrderDate, TotalPrice, ActualPrice, ID_Customer, ID_Review, ID_Employee, ID_Branch) VALUES (24, 244, '2023-09-08', 0, 0, 1, 41, 18, 11);
INSERT INTO [ORDER] (ID_Order, ID_Table, OrderDate, TotalPrice, ActualPrice, ID_Customer, ID_Review, ID_Employee, ID_Branch) VALUES (25, 238, '2024-02-06', 0, 0, 29, 2, 157, 11);
INSERT INTO [ORDER] (ID_Order, ID_Table, OrderDate, TotalPrice, ActualPrice, ID_Customer, ID_Review, ID_Employee, ID_Branch) VALUES (26, 237, '2024-06-10', 0, 0, 1, 19, 183, 11);
INSERT INTO [ORDER] (ID_Order, ID_Table, OrderDate, TotalPrice, ActualPrice, ID_Customer, ID_Review, ID_Employee, ID_Branch) VALUES (27, 238, '2024-09-16', 0, 0, 14, 24, 3, 11);
INSERT INTO [ORDER] (ID_Order, ID_Table, OrderDate, TotalPrice, ActualPrice, ID_Customer, ID_Review, ID_Employee, ID_Branch) VALUES (28, 241, '2023-12-29', 0, 0, 36, 39, 219, 11);
INSERT INTO [ORDER] (ID_Order, ID_Table, OrderDate, TotalPrice, ActualPrice, ID_Customer, ID_Review, ID_Employee, ID_Branch) VALUES (29, 249, '2023-10-11', 0, 0, 22, 13, 174, 11);
INSERT INTO [ORDER] (ID_Order, ID_Table, OrderDate, TotalPrice, ActualPrice, ID_Customer, ID_Review, ID_Employee, ID_Branch) VALUES (30, 240, '2023-06-21', 0, 0, 5, 26, 205, 11);
INSERT INTO [ORDER] (ID_Order, ID_Table, OrderDate, TotalPrice, ActualPrice, ID_Customer, ID_Review, ID_Employee, ID_Branch) VALUES (31, 238, '2023-11-11', 0, 0, 40, 38, 164, 11);
INSERT INTO [ORDER] (ID_Order, ID_Table, OrderDate, TotalPrice, ActualPrice, ID_Customer, ID_Review, ID_Employee, ID_Branch) VALUES (32, NULL, '2024-07-22', 0, 0, 16, 15, 19, 11);
INSERT INTO [ORDER] (ID_Order, ID_Table, OrderDate, TotalPrice, ActualPrice, ID_Customer, ID_Review, ID_Employee, ID_Branch) VALUES (33, NULL, '2023-05-09', 0, 0, 11, 32, 187, 11);
INSERT INTO [ORDER] (ID_Order, ID_Table, OrderDate, TotalPrice, ActualPrice, ID_Customer, ID_Review, ID_Employee, ID_Branch) VALUES (34, NULL, '2023-11-25', 0, 0, 30, 30, 175, 11);
INSERT INTO [ORDER] (ID_Order, ID_Table, OrderDate, TotalPrice, ActualPrice, ID_Customer, ID_Review, ID_Employee, ID_Branch) VALUES (35, NULL, '2024-05-10', 0, 0, 37, 22, 123, 11);
INSERT INTO [ORDER] (ID_Order, ID_Table, OrderDate, TotalPrice, ActualPrice, ID_Customer, ID_Review, ID_Employee, ID_Branch) VALUES (36, NULL, '2023-09-18', 0, 0, 16, 16, 124, 11);
INSERT INTO [ORDER] (ID_Order, ID_Table, OrderDate, TotalPrice, ActualPrice, ID_Customer, ID_Review, ID_Employee, ID_Branch) VALUES (37, NULL, '2023-01-11', 0, 0, 2, 29, 164, 11);
INSERT INTO [ORDER] (ID_Order, ID_Table, OrderDate, TotalPrice, ActualPrice, ID_Customer, ID_Review, ID_Employee, ID_Branch) VALUES (38, NULL, '2024-06-29', 0, 0, 21, 37, 29, 11);
INSERT INTO [ORDER] (ID_Order, ID_Table, OrderDate, TotalPrice, ActualPrice, ID_Customer, ID_Review, ID_Employee, ID_Branch) VALUES (39, NULL, '2023-07-17', 0, 0, 11, 34, 95, 11);
INSERT INTO [ORDER] (ID_Order, ID_Table, OrderDate, TotalPrice, ActualPrice, ID_Customer, ID_Review, ID_Employee, ID_Branch) VALUES (40, NULL, '2024-06-09', 0, 0, 26, 11, 97, 11);
INSERT INTO [ORDER] (ID_Order, ID_Table, OrderDate, TotalPrice, ActualPrice, ID_Customer, ID_Review, ID_Employee, ID_Branch) VALUES (1, 271, '2024-10-29', 0, 0, 35, 11, 224, 12);
INSERT INTO [ORDER] (ID_Order, ID_Table, OrderDate, TotalPrice, ActualPrice, ID_Customer, ID_Review, ID_Employee, ID_Branch) VALUES (2, 271, '2023-08-13', 0, 0, 27, 8, 57, 12);
INSERT INTO [ORDER] (ID_Order, ID_Table, OrderDate, TotalPrice, ActualPrice, ID_Customer, ID_Review, ID_Employee, ID_Branch) VALUES (3, 260, '2024-09-02', 0, 0, 29, 21, 150, 12);
INSERT INTO [ORDER] (ID_Order, ID_Table, OrderDate, TotalPrice, ActualPrice, ID_Customer, ID_Review, ID_Employee, ID_Branch) VALUES (4, 266, '2023-10-18', 0, 0, 36, 38, 13, 12);
INSERT INTO [ORDER] (ID_Order, ID_Table, OrderDate, TotalPrice, ActualPrice, ID_Customer, ID_Review, ID_Employee, ID_Branch) VALUES (5, 273, '2024-03-31', 0, 0, 26, 27, 88, 12);
INSERT INTO [ORDER] (ID_Order, ID_Table, OrderDate, TotalPrice, ActualPrice, ID_Customer, ID_Review, ID_Employee, ID_Branch) VALUES (6, 260, '2024-04-01', 0, 0, 35, 35, 91, 12);
INSERT INTO [ORDER] (ID_Order, ID_Table, OrderDate, TotalPrice, ActualPrice, ID_Customer, ID_Review, ID_Employee, ID_Branch) VALUES (7, 265, '2024-08-18', 0, 0, 32, 34, 221, 12);
INSERT INTO [ORDER] (ID_Order, ID_Table, OrderDate, TotalPrice, ActualPrice, ID_Customer, ID_Review, ID_Employee, ID_Branch) VALUES (8, 273, '2024-12-04', 0, 0, 41, 1, 218, 12);
INSERT INTO [ORDER] (ID_Order, ID_Table, OrderDate, TotalPrice, ActualPrice, ID_Customer, ID_Review, ID_Employee, ID_Branch) VALUES (9, 261, '2024-08-16', 0, 0, 4, 4, 168, 12);
INSERT INTO [ORDER] (ID_Order, ID_Table, OrderDate, TotalPrice, ActualPrice, ID_Customer, ID_Review, ID_Employee, ID_Branch) VALUES (10, 263, '2023-07-31', 0, 0, 31, 19, 187, 12);
INSERT INTO [ORDER] (ID_Order, ID_Table, OrderDate, TotalPrice, ActualPrice, ID_Customer, ID_Review, ID_Employee, ID_Branch) VALUES (11, 259, '2024-04-27', 0, 0, 28, 5, 209, 12);
INSERT INTO [ORDER] (ID_Order, ID_Table, OrderDate, TotalPrice, ActualPrice, ID_Customer, ID_Review, ID_Employee, ID_Branch) VALUES (12, 261, '2024-05-14', 0, 0, 40, 17, 88, 12);
INSERT INTO [ORDER] (ID_Order, ID_Table, OrderDate, TotalPrice, ActualPrice, ID_Customer, ID_Review, ID_Employee, ID_Branch) VALUES (13, 273, '2023-08-21', 0, 0, 17, 41, 88, 12);
INSERT INTO [ORDER] (ID_Order, ID_Table, OrderDate, TotalPrice, ActualPrice, ID_Customer, ID_Review, ID_Employee, ID_Branch) VALUES (14, 258, '2023-02-15', 0, 0, 27, 29, 36, 12);
INSERT INTO [ORDER] (ID_Order, ID_Table, OrderDate, TotalPrice, ActualPrice, ID_Customer, ID_Review, ID_Employee, ID_Branch) VALUES (15, 269, '2024-09-02', 0, 0, 15, 36, 88, 12);
INSERT INTO [ORDER] (ID_Order, ID_Table, OrderDate, TotalPrice, ActualPrice, ID_Customer, ID_Review, ID_Employee, ID_Branch) VALUES (16, 258, '2023-12-11', 0, 0, 24, 23, 148, 12);
INSERT INTO [ORDER] (ID_Order, ID_Table, OrderDate, TotalPrice, ActualPrice, ID_Customer, ID_Review, ID_Employee, ID_Branch) VALUES (17, 272, '2023-09-17', 0, 0, 23, 26, 210, 12);
INSERT INTO [ORDER] (ID_Order, ID_Table, OrderDate, TotalPrice, ActualPrice, ID_Customer, ID_Review, ID_Employee, ID_Branch) VALUES (18, 269, '2024-11-10', 0, 0, 5, 13, 71, 12);
INSERT INTO [ORDER] (ID_Order, ID_Table, OrderDate, TotalPrice, ActualPrice, ID_Customer, ID_Review, ID_Employee, ID_Branch) VALUES (19, 272, '2024-01-05', 0, 0, 38, 30, 78, 12);
INSERT INTO [ORDER] (ID_Order, ID_Table, OrderDate, TotalPrice, ActualPrice, ID_Customer, ID_Review, ID_Employee, ID_Branch) VALUES (20, 267, '2024-09-09', 0, 0, 6, 40, 10, 12);
INSERT INTO [ORDER] (ID_Order, ID_Table, OrderDate, TotalPrice, ActualPrice, ID_Customer, ID_Review, ID_Employee, ID_Branch) VALUES (21, 268, '2023-07-19', 0, 0, 23, 16, 40, 12);
INSERT INTO [ORDER] (ID_Order, ID_Table, OrderDate, TotalPrice, ActualPrice, ID_Customer, ID_Review, ID_Employee, ID_Branch) VALUES (22, 258, '2023-01-19', 0, 0, 32, 28, 118, 12);
INSERT INTO [ORDER] (ID_Order, ID_Table, OrderDate, TotalPrice, ActualPrice, ID_Customer, ID_Review, ID_Employee, ID_Branch) VALUES (23, 268, '2023-08-26', 0, 0, 21, 6, 148, 12);
INSERT INTO [ORDER] (ID_Order, ID_Table, OrderDate, TotalPrice, ActualPrice, ID_Customer, ID_Review, ID_Employee, ID_Branch) VALUES (24, 259, '2024-07-14', 0, 0, 22, 31, 18, 12);
INSERT INTO [ORDER] (ID_Order, ID_Table, OrderDate, TotalPrice, ActualPrice, ID_Customer, ID_Review, ID_Employee, ID_Branch) VALUES (25, 272, '2024-04-26', 0, 0, 22, 33, 49, 12);
INSERT INTO [ORDER] (ID_Order, ID_Table, OrderDate, TotalPrice, ActualPrice, ID_Customer, ID_Review, ID_Employee, ID_Branch) VALUES (26, 264, '2024-11-24', 0, 0, 39, 32, 181, 12);
INSERT INTO [ORDER] (ID_Order, ID_Table, OrderDate, TotalPrice, ActualPrice, ID_Customer, ID_Review, ID_Employee, ID_Branch) VALUES (27, 261, '2023-04-23', 0, 0, 1, 14, 18, 12);
INSERT INTO [ORDER] (ID_Order, ID_Table, OrderDate, TotalPrice, ActualPrice, ID_Customer, ID_Review, ID_Employee, ID_Branch) VALUES (28, 260, '2024-05-15', 0, 0, 3, 7, 23, 12);
INSERT INTO [ORDER] (ID_Order, ID_Table, OrderDate, TotalPrice, ActualPrice, ID_Customer, ID_Review, ID_Employee, ID_Branch) VALUES (29, 272, '2024-06-02', 0, 0, 31, 20, 201, 12);
INSERT INTO [ORDER] (ID_Order, ID_Table, OrderDate, TotalPrice, ActualPrice, ID_Customer, ID_Review, ID_Employee, ID_Branch) VALUES (30, 272, '2023-02-22', 0, 0, 34, 24, 103, 12);
INSERT INTO [ORDER] (ID_Order, ID_Table, OrderDate, TotalPrice, ActualPrice, ID_Customer, ID_Review, ID_Employee, ID_Branch) VALUES (31, 269, '2023-11-13', 0, 0, 27, 39, 100, 12);
INSERT INTO [ORDER] (ID_Order, ID_Table, OrderDate, TotalPrice, ActualPrice, ID_Customer, ID_Review, ID_Employee, ID_Branch) VALUES (32, NULL, '2023-10-20', 0, 0, 9, 10, 187, 12);
INSERT INTO [ORDER] (ID_Order, ID_Table, OrderDate, TotalPrice, ActualPrice, ID_Customer, ID_Review, ID_Employee, ID_Branch) VALUES (33, NULL, '2024-10-12', 0, 0, 41, 2, 49, 12);
INSERT INTO [ORDER] (ID_Order, ID_Table, OrderDate, TotalPrice, ActualPrice, ID_Customer, ID_Review, ID_Employee, ID_Branch) VALUES (34, NULL, '2023-03-18', 0, 0, 14, 22, 55, 12);
INSERT INTO [ORDER] (ID_Order, ID_Table, OrderDate, TotalPrice, ActualPrice, ID_Customer, ID_Review, ID_Employee, ID_Branch) VALUES (35, NULL, '2024-09-06', 0, 0, 2, 15, 88, 12);
INSERT INTO [ORDER] (ID_Order, ID_Table, OrderDate, TotalPrice, ActualPrice, ID_Customer, ID_Review, ID_Employee, ID_Branch) VALUES (36, NULL, '2023-05-07', 0, 0, 7, 37, 88, 12);
INSERT INTO [ORDER] (ID_Order, ID_Table, OrderDate, TotalPrice, ActualPrice, ID_Customer, ID_Review, ID_Employee, ID_Branch) VALUES (37, NULL, '2023-01-01', 0, 0, 11, 25, 187, 12);
INSERT INTO [ORDER] (ID_Order, ID_Table, OrderDate, TotalPrice, ActualPrice, ID_Customer, ID_Review, ID_Employee, ID_Branch) VALUES (38, NULL, '2024-03-09', 0, 0, 34, 9, 49, 12);
INSERT INTO [ORDER] (ID_Order, ID_Table, OrderDate, TotalPrice, ActualPrice, ID_Customer, ID_Review, ID_Employee, ID_Branch) VALUES (39, NULL, '2024-09-03', 0, 0, 28, 3, 146, 12);
INSERT INTO [ORDER] (ID_Order, ID_Table, OrderDate, TotalPrice, ActualPrice, ID_Customer, ID_Review, ID_Employee, ID_Branch) VALUES (40, NULL, '2024-10-29', 0, 0, 30, 12, 157, 12);
INSERT INTO [ORDER] (ID_Order, ID_Table, OrderDate, TotalPrice, ActualPrice, ID_Customer, ID_Review, ID_Employee, ID_Branch) VALUES (1, 285, '2024-03-27', 0, 0, 35, 12, 61, 13);
INSERT INTO [ORDER] (ID_Order, ID_Table, OrderDate, TotalPrice, ActualPrice, ID_Customer, ID_Review, ID_Employee, ID_Branch) VALUES (2, 283, '2024-10-28', 0, 0, 31, 27, 201, 13);
INSERT INTO [ORDER] (ID_Order, ID_Table, OrderDate, TotalPrice, ActualPrice, ID_Customer, ID_Review, ID_Employee, ID_Branch) VALUES (3, 279, '2023-03-06', 0, 0, 40, 20, 47, 13);
INSERT INTO [ORDER] (ID_Order, ID_Table, OrderDate, TotalPrice, ActualPrice, ID_Customer, ID_Review, ID_Employee, ID_Branch) VALUES (4, 298, '2023-08-23', 0, 0, 33, 22, 100, 13);
INSERT INTO [ORDER] (ID_Order, ID_Table, OrderDate, TotalPrice, ActualPrice, ID_Customer, ID_Review, ID_Employee, ID_Branch) VALUES (5, 284, '2024-10-14', 0, 0, 19, 25, 36, 13);
INSERT INTO [ORDER] (ID_Order, ID_Table, OrderDate, TotalPrice, ActualPrice, ID_Customer, ID_Review, ID_Employee, ID_Branch) VALUES (6, 292, '2024-11-05', 0, 0, 1, 10, 221, 13);
INSERT INTO [ORDER] (ID_Order, ID_Table, OrderDate, TotalPrice, ActualPrice, ID_Customer, ID_Review, ID_Employee, ID_Branch) VALUES (7, 298, '2023-08-16', 0, 0, 14, 2, 168, 13);
INSERT INTO [ORDER] (ID_Order, ID_Table, OrderDate, TotalPrice, ActualPrice, ID_Customer, ID_Review, ID_Employee, ID_Branch) VALUES (8, 297, '2024-09-21', 0, 0, 8, 36, 86, 13);
INSERT INTO [ORDER] (ID_Order, ID_Table, OrderDate, TotalPrice, ActualPrice, ID_Customer, ID_Review, ID_Employee, ID_Branch) VALUES (9, 278, '2023-05-12', 0, 0, 25, 8, 92, 13);
INSERT INTO [ORDER] (ID_Order, ID_Table, OrderDate, TotalPrice, ActualPrice, ID_Customer, ID_Review, ID_Employee, ID_Branch) VALUES (10, 293, '2023-04-28', 0, 0, 40, 4, 162, 13);
INSERT INTO [ORDER] (ID_Order, ID_Table, OrderDate, TotalPrice, ActualPrice, ID_Customer, ID_Review, ID_Employee, ID_Branch) VALUES (11, 289, '2024-03-25', 0, 0, 30, 5, 93, 13);
INSERT INTO [ORDER] (ID_Order, ID_Table, OrderDate, TotalPrice, ActualPrice, ID_Customer, ID_Review, ID_Employee, ID_Branch) VALUES (12, 280, '2024-03-20', 0, 0, 32, 7, 19, 13);
INSERT INTO [ORDER] (ID_Order, ID_Table, OrderDate, TotalPrice, ActualPrice, ID_Customer, ID_Review, ID_Employee, ID_Branch) VALUES (13, 288, '2024-12-10', 0, 0, 24, 1, 180, 13);
INSERT INTO [ORDER] (ID_Order, ID_Table, OrderDate, TotalPrice, ActualPrice, ID_Customer, ID_Review, ID_Employee, ID_Branch) VALUES (14, 301, '2024-02-22', 0, 0, 33, 30, 209, 13);
INSERT INTO [ORDER] (ID_Order, ID_Table, OrderDate, TotalPrice, ActualPrice, ID_Customer, ID_Review, ID_Employee, ID_Branch) VALUES (15, 280, '2023-08-24', 0, 0, 41, 15, 7, 13);
INSERT INTO [ORDER] (ID_Order, ID_Table, OrderDate, TotalPrice, ActualPrice, ID_Customer, ID_Review, ID_Employee, ID_Branch) VALUES (16, 278, '2023-12-25', 0, 0, 35, 26, 211, 13);
INSERT INTO [ORDER] (ID_Order, ID_Table, OrderDate, TotalPrice, ActualPrice, ID_Customer, ID_Review, ID_Employee, ID_Branch) VALUES (17, 290, '2023-02-22', 0, 0, 31, 37, 166, 13);
INSERT INTO [ORDER] (ID_Order, ID_Table, OrderDate, TotalPrice, ActualPrice, ID_Customer, ID_Review, ID_Employee, ID_Branch) VALUES (18, 282, '2023-09-25', 0, 0, 7, 16, 186, 13);
INSERT INTO [ORDER] (ID_Order, ID_Table, OrderDate, TotalPrice, ActualPrice, ID_Customer, ID_Review, ID_Employee, ID_Branch) VALUES (19, 282, '2023-01-31', 0, 0, 20, 28, 6, 13);
INSERT INTO [ORDER] (ID_Order, ID_Table, OrderDate, TotalPrice, ActualPrice, ID_Customer, ID_Review, ID_Employee, ID_Branch) VALUES (20, 297, '2023-11-03', 0, 0, 8, 33, 52, 13);
INSERT INTO [ORDER] (ID_Order, ID_Table, OrderDate, TotalPrice, ActualPrice, ID_Customer, ID_Review, ID_Employee, ID_Branch) VALUES (21, 284, '2024-08-19', 0, 0, 32, 38, 19, 13);
INSERT INTO [ORDER] (ID_Order, ID_Table, OrderDate, TotalPrice, ActualPrice, ID_Customer, ID_Review, ID_Employee, ID_Branch) VALUES (22, 287, '2023-02-06', 0, 0, 21, 9, 125, 13);
INSERT INTO [ORDER] (ID_Order, ID_Table, OrderDate, TotalPrice, ActualPrice, ID_Customer, ID_Review, ID_Employee, ID_Branch) VALUES (23, 284, '2024-08-04', 0, 0, 2, 35, 208, 13);
INSERT INTO [ORDER] (ID_Order, ID_Table, OrderDate, TotalPrice, ActualPrice, ID_Customer, ID_Review, ID_Employee, ID_Branch) VALUES (24, 289, '2023-05-23', 0, 0, 1, 29, 52, 13);
INSERT INTO [ORDER] (ID_Order, ID_Table, OrderDate, TotalPrice, ActualPrice, ID_Customer, ID_Review, ID_Employee, ID_Branch) VALUES (25, 294, '2023-07-28', 0, 0, 40, 18, 221, 13);
INSERT INTO [ORDER] (ID_Order, ID_Table, OrderDate, TotalPrice, ActualPrice, ID_Customer, ID_Review, ID_Employee, ID_Branch) VALUES (26, 285, '2023-03-27', 0, 0, 19, 19, 222, 13);
INSERT INTO [ORDER] (ID_Order, ID_Table, OrderDate, TotalPrice, ActualPrice, ID_Customer, ID_Review, ID_Employee, ID_Branch) VALUES (27, 298, '2023-01-25', 0, 0, 7, 13, 75, 13);
INSERT INTO [ORDER] (ID_Order, ID_Table, OrderDate, TotalPrice, ActualPrice, ID_Customer, ID_Review, ID_Employee, ID_Branch) VALUES (28, 277, '2023-11-13', 0, 0, 12, 3, 162, 13);
INSERT INTO [ORDER] (ID_Order, ID_Table, OrderDate, TotalPrice, ActualPrice, ID_Customer, ID_Review, ID_Employee, ID_Branch) VALUES (29, 301, '2024-01-12', 0, 0, 27, 40, 92, 13);
INSERT INTO [ORDER] (ID_Order, ID_Table, OrderDate, TotalPrice, ActualPrice, ID_Customer, ID_Review, ID_Employee, ID_Branch) VALUES (30, 301, '2024-08-23', 0, 0, 7, 14, 215, 13);
INSERT INTO [ORDER] (ID_Order, ID_Table, OrderDate, TotalPrice, ActualPrice, ID_Customer, ID_Review, ID_Employee, ID_Branch) VALUES (31, 298, '2023-08-25', 0, 0, 24, 23, 200, 13);
INSERT INTO [ORDER] (ID_Order, ID_Table, OrderDate, TotalPrice, ActualPrice, ID_Customer, ID_Review, ID_Employee, ID_Branch) VALUES (32, NULL, '2024-07-02', 0, 0, 24, 24, 14, 13);
INSERT INTO [ORDER] (ID_Order, ID_Table, OrderDate, TotalPrice, ActualPrice, ID_Customer, ID_Review, ID_Employee, ID_Branch) VALUES (33, NULL, '2024-12-02', 0, 0, 4, 32, 219, 13);
INSERT INTO [ORDER] (ID_Order, ID_Table, OrderDate, TotalPrice, ActualPrice, ID_Customer, ID_Review, ID_Employee, ID_Branch) VALUES (34, NULL, '2023-05-03', 0, 0, 11, 6, 162, 13);
INSERT INTO [ORDER] (ID_Order, ID_Table, OrderDate, TotalPrice, ActualPrice, ID_Customer, ID_Review, ID_Employee, ID_Branch) VALUES (35, NULL, '2023-04-16', 0, 0, 10, 17, 162, 13);
INSERT INTO [ORDER] (ID_Order, ID_Table, OrderDate, TotalPrice, ActualPrice, ID_Customer, ID_Review, ID_Employee, ID_Branch) VALUES (36, NULL, '2023-08-17', 0, 0, 13, 31, 200, 13);
INSERT INTO [ORDER] (ID_Order, ID_Table, OrderDate, TotalPrice, ActualPrice, ID_Customer, ID_Review, ID_Employee, ID_Branch) VALUES (37, NULL, '2023-05-21', 0, 0, 7, 39, 214, 13);
INSERT INTO [ORDER] (ID_Order, ID_Table, OrderDate, TotalPrice, ActualPrice, ID_Customer, ID_Review, ID_Employee, ID_Branch) VALUES (38, NULL, '2024-05-07', 0, 0, 17, 21, 180, 13);
INSERT INTO [ORDER] (ID_Order, ID_Table, OrderDate, TotalPrice, ActualPrice, ID_Customer, ID_Review, ID_Employee, ID_Branch) VALUES (39, NULL, '2024-05-12', 0, 0, 20, 11, 48, 13);
INSERT INTO [ORDER] (ID_Order, ID_Table, OrderDate, TotalPrice, ActualPrice, ID_Customer, ID_Review, ID_Employee, ID_Branch) VALUES (40, NULL, '2023-11-16', 0, 0, 23, 34, 93, 13);
INSERT INTO [ORDER] (ID_Order, ID_Table, OrderDate, TotalPrice, ActualPrice, ID_Customer, ID_Review, ID_Employee, ID_Branch) VALUES (1, 324, '2024-02-21', 0, 0, 41, 35, 106, 14);
INSERT INTO [ORDER] (ID_Order, ID_Table, OrderDate, TotalPrice, ActualPrice, ID_Customer, ID_Review, ID_Employee, ID_Branch) VALUES (2, 313, '2024-10-28', 0, 0, 21, 1, 222, 14);
INSERT INTO [ORDER] (ID_Order, ID_Table, OrderDate, TotalPrice, ActualPrice, ID_Customer, ID_Review, ID_Employee, ID_Branch) VALUES (3, 322, '2024-09-07', 0, 0, 30, 41, 76, 14);
INSERT INTO [ORDER] (ID_Order, ID_Table, OrderDate, TotalPrice, ActualPrice, ID_Customer, ID_Review, ID_Employee, ID_Branch) VALUES (4, 307, '2023-03-01', 0, 0, 9, 31, 129, 14);
INSERT INTO [ORDER] (ID_Order, ID_Table, OrderDate, TotalPrice, ActualPrice, ID_Customer, ID_Review, ID_Employee, ID_Branch) VALUES (5, 324, '2023-12-24', 0, 0, 23, 4, 42, 14);
INSERT INTO [ORDER] (ID_Order, ID_Table, OrderDate, TotalPrice, ActualPrice, ID_Customer, ID_Review, ID_Employee, ID_Branch) VALUES (6, 327, '2024-10-28', 0, 0, 9, 26, 146, 14);
INSERT INTO [ORDER] (ID_Order, ID_Table, OrderDate, TotalPrice, ActualPrice, ID_Customer, ID_Review, ID_Employee, ID_Branch) VALUES (7, 303, '2024-09-25', 0, 0, 27, 22, 11, 14);
INSERT INTO [ORDER] (ID_Order, ID_Table, OrderDate, TotalPrice, ActualPrice, ID_Customer, ID_Review, ID_Employee, ID_Branch) VALUES (8, 315, '2023-04-16', 0, 0, 35, 38, 11, 14);
INSERT INTO [ORDER] (ID_Order, ID_Table, OrderDate, TotalPrice, ActualPrice, ID_Customer, ID_Review, ID_Employee, ID_Branch) VALUES (9, 305, '2023-07-07', 0, 0, 15, 2, 177, 14);
INSERT INTO [ORDER] (ID_Order, ID_Table, OrderDate, TotalPrice, ActualPrice, ID_Customer, ID_Review, ID_Employee, ID_Branch) VALUES (10, 304, '2023-03-21', 0, 0, 23, 21, 28, 14);
INSERT INTO [ORDER] (ID_Order, ID_Table, OrderDate, TotalPrice, ActualPrice, ID_Customer, ID_Review, ID_Employee, ID_Branch) VALUES (11, 303, '2024-12-18', 0, 0, 14, 23, 208, 14);
INSERT INTO [ORDER] (ID_Order, ID_Table, OrderDate, TotalPrice, ActualPrice, ID_Customer, ID_Review, ID_Employee, ID_Branch) VALUES (12, 303, '2023-05-09', 0, 0, 11, 7, 129, 14);
INSERT INTO [ORDER] (ID_Order, ID_Table, OrderDate, TotalPrice, ActualPrice, ID_Customer, ID_Review, ID_Employee, ID_Branch) VALUES (13, 320, '2022-12-28', 0, 0, 36, 33, 198, 14);
INSERT INTO [ORDER] (ID_Order, ID_Table, OrderDate, TotalPrice, ActualPrice, ID_Customer, ID_Review, ID_Employee, ID_Branch) VALUES (14, 315, '2024-05-06', 0, 0, 18, 10, 84, 14);
INSERT INTO [ORDER] (ID_Order, ID_Table, OrderDate, TotalPrice, ActualPrice, ID_Customer, ID_Review, ID_Employee, ID_Branch) VALUES (15, 318, '2024-06-05', 0, 0, 11, 16, 181, 14);
INSERT INTO [ORDER] (ID_Order, ID_Table, OrderDate, TotalPrice, ActualPrice, ID_Customer, ID_Review, ID_Employee, ID_Branch) VALUES (16, 308, '2024-04-25', 0, 0, 9, 5, 173, 14);
INSERT INTO [ORDER] (ID_Order, ID_Table, OrderDate, TotalPrice, ActualPrice, ID_Customer, ID_Review, ID_Employee, ID_Branch) VALUES (17, 306, '2023-11-14', 0, 0, 23, 11, 216, 14);
INSERT INTO [ORDER] (ID_Order, ID_Table, OrderDate, TotalPrice, ActualPrice, ID_Customer, ID_Review, ID_Employee, ID_Branch) VALUES (18, 325, '2024-05-21', 0, 0, 16, 25, 113, 14);
INSERT INTO [ORDER] (ID_Order, ID_Table, OrderDate, TotalPrice, ActualPrice, ID_Customer, ID_Review, ID_Employee, ID_Branch) VALUES (19, 319, '2024-05-03', 0, 0, 8, 30, 84, 14);
INSERT INTO [ORDER] (ID_Order, ID_Table, OrderDate, TotalPrice, ActualPrice, ID_Customer, ID_Review, ID_Employee, ID_Branch) VALUES (20, 303, '2023-01-31', 0, 0, 34, 3, 28, 14);
INSERT INTO [ORDER] (ID_Order, ID_Table, OrderDate, TotalPrice, ActualPrice, ID_Customer, ID_Review, ID_Employee, ID_Branch) VALUES (21, 326, '2024-09-04', 0, 0, 37, 28, 84, 14);
INSERT INTO [ORDER] (ID_Order, ID_Table, OrderDate, TotalPrice, ActualPrice, ID_Customer, ID_Review, ID_Employee, ID_Branch) VALUES (22, 328, '2024-03-29', 0, 0, 25, 27, 213, 14);
INSERT INTO [ORDER] (ID_Order, ID_Table, OrderDate, TotalPrice, ActualPrice, ID_Customer, ID_Review, ID_Employee, ID_Branch) VALUES (23, 309, '2023-03-26', 0, 0, 6, 32, 123, 14);
INSERT INTO [ORDER] (ID_Order, ID_Table, OrderDate, TotalPrice, ActualPrice, ID_Customer, ID_Review, ID_Employee, ID_Branch) VALUES (24, 311, '2023-07-28', 0, 0, 21, 9, 161, 14);
INSERT INTO [ORDER] (ID_Order, ID_Table, OrderDate, TotalPrice, ActualPrice, ID_Customer, ID_Review, ID_Employee, ID_Branch) VALUES (25, 327, '2024-01-18', 0, 0, 14, 19, 27, 14);
INSERT INTO [ORDER] (ID_Order, ID_Table, OrderDate, TotalPrice, ActualPrice, ID_Customer, ID_Review, ID_Employee, ID_Branch) VALUES (26, 319, '2023-12-29', 0, 0, 17, 34, 127, 14);
INSERT INTO [ORDER] (ID_Order, ID_Table, OrderDate, TotalPrice, ActualPrice, ID_Customer, ID_Review, ID_Employee, ID_Branch) VALUES (27, 313, '2022-12-21', 0, 0, 15, 8, 37, 14);
INSERT INTO [ORDER] (ID_Order, ID_Table, OrderDate, TotalPrice, ActualPrice, ID_Customer, ID_Review, ID_Employee, ID_Branch) VALUES (28, 324, '2023-03-25', 0, 0, 21, 17, 107, 14);
INSERT INTO [ORDER] (ID_Order, ID_Table, OrderDate, TotalPrice, ActualPrice, ID_Customer, ID_Review, ID_Employee, ID_Branch) VALUES (29, 320, '2024-06-16', 0, 0, 34, 20, 124, 14);
INSERT INTO [ORDER] (ID_Order, ID_Table, OrderDate, TotalPrice, ActualPrice, ID_Customer, ID_Review, ID_Employee, ID_Branch) VALUES (30, 321, '2024-04-27', 0, 0, 8, 40, 213, 14);
INSERT INTO [ORDER] (ID_Order, ID_Table, OrderDate, TotalPrice, ActualPrice, ID_Customer, ID_Review, ID_Employee, ID_Branch) VALUES (31, 319, '2024-04-09', 0, 0, 26, 24, 115, 14);
INSERT INTO [ORDER] (ID_Order, ID_Table, OrderDate, TotalPrice, ActualPrice, ID_Customer, ID_Review, ID_Employee, ID_Branch) VALUES (32, NULL, '2023-06-24', 0, 0, 4, 12, 181, 14);
INSERT INTO [ORDER] (ID_Order, ID_Table, OrderDate, TotalPrice, ActualPrice, ID_Customer, ID_Review, ID_Employee, ID_Branch) VALUES (33, NULL, '2023-07-29', 0, 0, 32, 6, 205, 14);
INSERT INTO [ORDER] (ID_Order, ID_Table, OrderDate, TotalPrice, ActualPrice, ID_Customer, ID_Review, ID_Employee, ID_Branch) VALUES (34, NULL, '2024-09-18', 0, 0, 19, 29, 58, 14);
INSERT INTO [ORDER] (ID_Order, ID_Table, OrderDate, TotalPrice, ActualPrice, ID_Customer, ID_Review, ID_Employee, ID_Branch) VALUES (35, NULL, '2024-07-11', 0, 0, 3, 36, 199, 14);
INSERT INTO [ORDER] (ID_Order, ID_Table, OrderDate, TotalPrice, ActualPrice, ID_Customer, ID_Review, ID_Employee, ID_Branch) VALUES (36, NULL, '2024-12-17', 0, 0, 40, 13, 82, 14);
INSERT INTO [ORDER] (ID_Order, ID_Table, OrderDate, TotalPrice, ActualPrice, ID_Customer, ID_Review, ID_Employee, ID_Branch) VALUES (37, NULL, '2023-07-08', 0, 0, 16, 37, 142, 14);
INSERT INTO [ORDER] (ID_Order, ID_Table, OrderDate, TotalPrice, ActualPrice, ID_Customer, ID_Review, ID_Employee, ID_Branch) VALUES (38, NULL, '2024-10-14', 0, 0, 24, 18, 188, 14);
INSERT INTO [ORDER] (ID_Order, ID_Table, OrderDate, TotalPrice, ActualPrice, ID_Customer, ID_Review, ID_Employee, ID_Branch) VALUES (39, NULL, '2023-01-25', 0, 0, 13, 15, 53, 14);
INSERT INTO [ORDER] (ID_Order, ID_Table, OrderDate, TotalPrice, ActualPrice, ID_Customer, ID_Review, ID_Employee, ID_Branch) VALUES (40, NULL, '2023-10-07', 0, 0, 8, 14, 42, 14);
INSERT INTO [ORDER] (ID_Order, ID_Table, OrderDate, TotalPrice, ActualPrice, ID_Customer, ID_Review, ID_Employee, ID_Branch) VALUES (1, 352, '2023-02-15', 0, 0, 13, 35, 107, 15);
INSERT INTO [ORDER] (ID_Order, ID_Table, OrderDate, TotalPrice, ActualPrice, ID_Customer, ID_Review, ID_Employee, ID_Branch) VALUES (2, 336, '2023-03-16', 0, 0, 38, 27, 137, 15);
INSERT INTO [ORDER] (ID_Order, ID_Table, OrderDate, TotalPrice, ActualPrice, ID_Customer, ID_Review, ID_Employee, ID_Branch) VALUES (3, 336, '2023-11-30', 0, 0, 18, 29, 169, 15);
INSERT INTO [ORDER] (ID_Order, ID_Table, OrderDate, TotalPrice, ActualPrice, ID_Customer, ID_Review, ID_Employee, ID_Branch) VALUES (4, 356, '2024-07-18', 0, 0, 37, 10, 140, 15);
INSERT INTO [ORDER] (ID_Order, ID_Table, OrderDate, TotalPrice, ActualPrice, ID_Customer, ID_Review, ID_Employee, ID_Branch) VALUES (5, 339, '2023-04-10', 0, 0, 39, 3, 7, 15);
INSERT INTO [ORDER] (ID_Order, ID_Table, OrderDate, TotalPrice, ActualPrice, ID_Customer, ID_Review, ID_Employee, ID_Branch) VALUES (6, 354, '2024-07-16', 0, 0, 21, 24, 5, 15);
INSERT INTO [ORDER] (ID_Order, ID_Table, OrderDate, TotalPrice, ActualPrice, ID_Customer, ID_Review, ID_Employee, ID_Branch) VALUES (7, 338, '2024-07-23', 0, 0, 41, 21, 169, 15);
INSERT INTO [ORDER] (ID_Order, ID_Table, OrderDate, TotalPrice, ActualPrice, ID_Customer, ID_Review, ID_Employee, ID_Branch) VALUES (8, 348, '2023-02-26', 0, 0, 24, 26, 180, 15);
INSERT INTO [ORDER] (ID_Order, ID_Table, OrderDate, TotalPrice, ActualPrice, ID_Customer, ID_Review, ID_Employee, ID_Branch) VALUES (9, 356, '2024-08-01', 0, 0, 10, 18, 195, 15);
INSERT INTO [ORDER] (ID_Order, ID_Table, OrderDate, TotalPrice, ActualPrice, ID_Customer, ID_Review, ID_Employee, ID_Branch) VALUES (10, 340, '2024-07-30', 0, 0, 37, 39, 23, 15);
INSERT INTO [ORDER] (ID_Order, ID_Table, OrderDate, TotalPrice, ActualPrice, ID_Customer, ID_Review, ID_Employee, ID_Branch) VALUES (11, 356, '2024-12-05', 0, 0, 14, 19, 174, 15);
INSERT INTO [ORDER] (ID_Order, ID_Table, OrderDate, TotalPrice, ActualPrice, ID_Customer, ID_Review, ID_Employee, ID_Branch) VALUES (12, 347, '2023-01-12', 0, 0, 14, 14, 72, 15);
INSERT INTO [ORDER] (ID_Order, ID_Table, OrderDate, TotalPrice, ActualPrice, ID_Customer, ID_Review, ID_Employee, ID_Branch) VALUES (13, 343, '2024-05-20', 0, 0, 39, 34, 190, 15);
INSERT INTO [ORDER] (ID_Order, ID_Table, OrderDate, TotalPrice, ActualPrice, ID_Customer, ID_Review, ID_Employee, ID_Branch) VALUES (14, 355, '2023-05-12', 0, 0, 6, 5, 149, 15);
INSERT INTO [ORDER] (ID_Order, ID_Table, OrderDate, TotalPrice, ActualPrice, ID_Customer, ID_Review, ID_Employee, ID_Branch) VALUES (15, 345, '2024-05-03', 0, 0, 12, 36, 179, 15);
INSERT INTO [ORDER] (ID_Order, ID_Table, OrderDate, TotalPrice, ActualPrice, ID_Customer, ID_Review, ID_Employee, ID_Branch) VALUES (16, 336, '2024-02-18', 0, 0, 9, 37, 72, 15);
INSERT INTO [ORDER] (ID_Order, ID_Table, OrderDate, TotalPrice, ActualPrice, ID_Customer, ID_Review, ID_Employee, ID_Branch) VALUES (17, 349, '2023-05-27', 0, 0, 26, 25, 137, 15);
INSERT INTO [ORDER] (ID_Order, ID_Table, OrderDate, TotalPrice, ActualPrice, ID_Customer, ID_Review, ID_Employee, ID_Branch) VALUES (18, 355, '2023-06-12', 0, 0, 1, 15, 142, 15);
INSERT INTO [ORDER] (ID_Order, ID_Table, OrderDate, TotalPrice, ActualPrice, ID_Customer, ID_Review, ID_Employee, ID_Branch) VALUES (19, 339, '2023-07-07', 0, 0, 39, 32, 180, 15);
INSERT INTO [ORDER] (ID_Order, ID_Table, OrderDate, TotalPrice, ActualPrice, ID_Customer, ID_Review, ID_Employee, ID_Branch) VALUES (20, 343, '2024-11-27', 0, 0, 7, 1, 4, 15);
INSERT INTO [ORDER] (ID_Order, ID_Table, OrderDate, TotalPrice, ActualPrice, ID_Customer, ID_Review, ID_Employee, ID_Branch) VALUES (21, 352, '2024-10-20', 0, 0, 23, 22, 13, 15);
INSERT INTO [ORDER] (ID_Order, ID_Table, OrderDate, TotalPrice, ActualPrice, ID_Customer, ID_Review, ID_Employee, ID_Branch) VALUES (22, 335, '2024-10-08', 0, 0, 25, 9, 5, 15);
INSERT INTO [ORDER] (ID_Order, ID_Table, OrderDate, TotalPrice, ActualPrice, ID_Customer, ID_Review, ID_Employee, ID_Branch) VALUES (23, 346, '2023-01-16', 0, 0, 18, 2, 23, 15);
INSERT INTO [ORDER] (ID_Order, ID_Table, OrderDate, TotalPrice, ActualPrice, ID_Customer, ID_Review, ID_Employee, ID_Branch) VALUES (24, 341, '2024-10-22', 0, 0, 13, 41, 111, 15);
INSERT INTO [ORDER] (ID_Order, ID_Table, OrderDate, TotalPrice, ActualPrice, ID_Customer, ID_Review, ID_Employee, ID_Branch) VALUES (25, 337, '2024-12-05', 0, 0, 25, 23, 103, 15);
INSERT INTO [ORDER] (ID_Order, ID_Table, OrderDate, TotalPrice, ActualPrice, ID_Customer, ID_Review, ID_Employee, ID_Branch) VALUES (26, 332, '2024-01-02', 0, 0, 24, 40, 123, 15);
INSERT INTO [ORDER] (ID_Order, ID_Table, OrderDate, TotalPrice, ActualPrice, ID_Customer, ID_Review, ID_Employee, ID_Branch) VALUES (27, 351, '2023-03-27', 0, 0, 18, 11, 123, 15);
INSERT INTO [ORDER] (ID_Order, ID_Table, OrderDate, TotalPrice, ActualPrice, ID_Customer, ID_Review, ID_Employee, ID_Branch) VALUES (28, 343, '2024-11-14', 0, 0, 8, 20, 77, 15);
INSERT INTO [ORDER] (ID_Order, ID_Table, OrderDate, TotalPrice, ActualPrice, ID_Customer, ID_Review, ID_Employee, ID_Branch) VALUES (29, 337, '2023-08-14', 0, 0, 9, 30, 149, 15);
INSERT INTO [ORDER] (ID_Order, ID_Table, OrderDate, TotalPrice, ActualPrice, ID_Customer, ID_Review, ID_Employee, ID_Branch) VALUES (30, 353, '2024-06-28', 0, 0, 20, 12, 71, 15);
INSERT INTO [ORDER] (ID_Order, ID_Table, OrderDate, TotalPrice, ActualPrice, ID_Customer, ID_Review, ID_Employee, ID_Branch) VALUES (31, 340, '2024-08-28', 0, 0, 25, 16, 166, 15);
INSERT INTO [ORDER] (ID_Order, ID_Table, OrderDate, TotalPrice, ActualPrice, ID_Customer, ID_Review, ID_Employee, ID_Branch) VALUES (32, NULL, '2023-04-28', 0, 0, 33, 7, 5, 15);
INSERT INTO [ORDER] (ID_Order, ID_Table, OrderDate, TotalPrice, ActualPrice, ID_Customer, ID_Review, ID_Employee, ID_Branch) VALUES (33, NULL, '2024-01-05', 0, 0, 26, 8, 217, 15);
INSERT INTO [ORDER] (ID_Order, ID_Table, OrderDate, TotalPrice, ActualPrice, ID_Customer, ID_Review, ID_Employee, ID_Branch) VALUES (34, NULL, '2024-02-21', 0, 0, 11, 6, 152, 15);
INSERT INTO [ORDER] (ID_Order, ID_Table, OrderDate, TotalPrice, ActualPrice, ID_Customer, ID_Review, ID_Employee, ID_Branch) VALUES (35, NULL, '2023-07-07', 0, 0, 10, 38, 169, 15);
INSERT INTO [ORDER] (ID_Order, ID_Table, OrderDate, TotalPrice, ActualPrice, ID_Customer, ID_Review, ID_Employee, ID_Branch) VALUES (36, NULL, '2024-09-29', 0, 0, 37, 31, 103, 15);
INSERT INTO [ORDER] (ID_Order, ID_Table, OrderDate, TotalPrice, ActualPrice, ID_Customer, ID_Review, ID_Employee, ID_Branch) VALUES (37, NULL, '2023-07-03', 0, 0, 21, 4, 144, 15);
INSERT INTO [ORDER] (ID_Order, ID_Table, OrderDate, TotalPrice, ActualPrice, ID_Customer, ID_Review, ID_Employee, ID_Branch) VALUES (38, NULL, '2023-03-06', 0, 0, 14, 28, 198, 15);
INSERT INTO [ORDER] (ID_Order, ID_Table, OrderDate, TotalPrice, ActualPrice, ID_Customer, ID_Review, ID_Employee, ID_Branch) VALUES (39, NULL, '2024-11-25', 0, 0, 10, 13, 130, 15);
INSERT INTO [ORDER] (ID_Order, ID_Table, OrderDate, TotalPrice, ActualPrice, ID_Customer, ID_Review, ID_Employee, ID_Branch) VALUES (40, NULL, '2023-12-05', 0, 0, 31, 33, 86, 15);
EXEC dbo.INSERT_ORDER_FOOD 578, 1, 1;
EXEC dbo.INSERT_ORDER_FOOD 196, 1, 5;
EXEC dbo.INSERT_ORDER_FOOD 340, 1, 2;
EXEC dbo.INSERT_ORDER_FOOD 521, 1, 4;
EXEC dbo.INSERT_ORDER_FOOD 70, 2, 3;
EXEC dbo.INSERT_ORDER_FOOD 324, 2, 1;
EXEC dbo.INSERT_ORDER_FOOD 196, 2, 3;
EXEC dbo.INSERT_ORDER_FOOD 93, 3, 2;
EXEC dbo.INSERT_ORDER_FOOD 384, 3, 3;
EXEC dbo.INSERT_ORDER_FOOD 246, 3, 5;
EXEC dbo.INSERT_ORDER_FOOD 539, 3, 1;
EXEC dbo.INSERT_ORDER_FOOD 163, 3, 3;
EXEC dbo.INSERT_ORDER_FOOD 484, 3, 3;
EXEC dbo.INSERT_ORDER_FOOD 345, 3, 5;
EXEC dbo.INSERT_ORDER_FOOD 521, 4, 1;
EXEC dbo.INSERT_ORDER_FOOD 559, 4, 1;
EXEC dbo.INSERT_ORDER_FOOD 324, 4, 3;
EXEC dbo.INSERT_ORDER_FOOD 351, 4, 1;
EXEC dbo.INSERT_ORDER_FOOD 495, 5, 1;
EXEC dbo.INSERT_ORDER_FOOD 33, 5, 4;
EXEC dbo.INSERT_ORDER_FOOD 233, 5, 4;
EXEC dbo.INSERT_ORDER_FOOD 180, 5, 1;
EXEC dbo.INSERT_ORDER_FOOD 374, 6, 3;
EXEC dbo.INSERT_ORDER_FOOD 345, 6, 5;
EXEC dbo.INSERT_ORDER_FOOD 70, 6, 1;
EXEC dbo.INSERT_ORDER_FOOD 549, 6, 2;
EXEC dbo.INSERT_ORDER_FOOD 351, 6, 3;
EXEC dbo.INSERT_ORDER_FOOD 330, 6, 1;
EXEC dbo.INSERT_ORDER_FOOD 428, 6, 2;
EXEC dbo.INSERT_ORDER_FOOD 330, 6, 1;
EXEC dbo.INSERT_ORDER_FOOD 163, 7, 2;
EXEC dbo.INSERT_ORDER_FOOD 110, 7, 5;
EXEC dbo.INSERT_ORDER_FOOD 396, 7, 3;
EXEC dbo.INSERT_ORDER_FOOD 263, 7, 5;
EXEC dbo.INSERT_ORDER_FOOD 424, 7, 5;
EXEC dbo.INSERT_ORDER_FOOD 70, 7, 2;
EXEC dbo.INSERT_ORDER_FOOD 148, 7, 5;
EXEC dbo.INSERT_ORDER_FOOD 493, 7, 4;
EXEC dbo.INSERT_ORDER_FOOD 551, 7, 3;
EXEC dbo.INSERT_ORDER_FOOD 495, 8, 1;
EXEC dbo.INSERT_ORDER_FOOD 180, 8, 3;
EXEC dbo.INSERT_ORDER_FOOD 110, 8, 4;
EXEC dbo.INSERT_ORDER_FOOD 444, 8, 4;
EXEC dbo.INSERT_ORDER_FOOD 493, 8, 4;
EXEC dbo.INSERT_ORDER_FOOD 246, 9, 3;
EXEC dbo.INSERT_ORDER_FOOD 578, 9, 4;
EXEC dbo.INSERT_ORDER_FOOD 549, 9, 2;
EXEC dbo.INSERT_ORDER_FOOD 219, 9, 2;
EXEC dbo.INSERT_ORDER_FOOD 163, 9, 1;
EXEC dbo.INSERT_ORDER_FOOD 345, 9, 5;
EXEC dbo.INSERT_ORDER_FOOD 17, 9, 2;
EXEC dbo.INSERT_ORDER_FOOD 424, 9, 3;
EXEC dbo.INSERT_ORDER_FOOD 345, 10, 5;
EXEC dbo.INSERT_ORDER_FOOD 376, 10, 5;
EXEC dbo.INSERT_ORDER_FOOD 180, 10, 3;
EXEC dbo.INSERT_ORDER_FOOD 549, 10, 1;
EXEC dbo.INSERT_ORDER_FOOD 521, 10, 1;
EXEC dbo.INSERT_ORDER_FOOD 559, 10, 2;
EXEC dbo.INSERT_ORDER_FOOD 233, 10, 4;
EXEC dbo.INSERT_ORDER_FOOD 134, 10, 1;
EXEC dbo.INSERT_ORDER_FOOD 261, 10, 1;
EXEC dbo.INSERT_ORDER_FOOD 8, 11, 4;
EXEC dbo.INSERT_ORDER_FOOD 577, 11, 5;
EXEC dbo.INSERT_ORDER_FOOD 376, 11, 3;
EXEC dbo.INSERT_ORDER_FOOD 233, 11, 5;
EXEC dbo.INSERT_ORDER_FOOD 163, 11, 3;
EXEC dbo.INSERT_ORDER_FOOD 559, 12, 3;
EXEC dbo.INSERT_ORDER_FOOD 330, 12, 5;
EXEC dbo.INSERT_ORDER_FOOD 17, 12, 5;
EXEC dbo.INSERT_ORDER_FOOD 444, 12, 2;
EXEC dbo.INSERT_ORDER_FOOD 219, 12, 4;
EXEC dbo.INSERT_ORDER_FOOD 376, 13, 4;
EXEC dbo.INSERT_ORDER_FOOD 8, 13, 1;
EXEC dbo.INSERT_ORDER_FOOD 70, 13, 5;
EXEC dbo.INSERT_ORDER_FOOD 219, 13, 1;
EXEC dbo.INSERT_ORDER_FOOD 469, 14, 4;
EXEC dbo.INSERT_ORDER_FOOD 549, 14, 2;
EXEC dbo.INSERT_ORDER_FOOD 561, 14, 3;
EXEC dbo.INSERT_ORDER_FOOD 444, 14, 4;
EXEC dbo.INSERT_ORDER_FOOD 444, 14, 5;
EXEC dbo.INSERT_ORDER_FOOD 134, 14, 4;
EXEC dbo.INSERT_ORDER_FOOD 57, 14, 3;
EXEC dbo.INSERT_ORDER_FOOD 70, 14, 3;
EXEC dbo.INSERT_ORDER_FOOD 577, 14, 2;
EXEC dbo.INSERT_ORDER_FOOD 196, 15, 1;
EXEC dbo.INSERT_ORDER_FOOD 539, 16, 4;
EXEC dbo.INSERT_ORDER_FOOD 549, 16, 1;
EXEC dbo.INSERT_ORDER_FOOD 578, 16, 2;
EXEC dbo.INSERT_ORDER_FOOD 263, 16, 3;
EXEC dbo.INSERT_ORDER_FOOD 30, 17, 2;
EXEC dbo.INSERT_ORDER_FOOD 376, 18, 2;
EXEC dbo.INSERT_ORDER_FOOD 424, 18, 3;
EXEC dbo.INSERT_ORDER_FOOD 256, 18, 1;
EXEC dbo.INSERT_ORDER_FOOD 233, 18, 5;
EXEC dbo.INSERT_ORDER_FOOD 561, 19, 3;
EXEC dbo.INSERT_ORDER_FOOD 340, 19, 2;
EXEC dbo.INSERT_ORDER_FOOD 70, 19, 5;
EXEC dbo.INSERT_ORDER_FOOD 376, 19, 3;
EXEC dbo.INSERT_ORDER_FOOD 578, 19, 2;
EXEC dbo.INSERT_ORDER_FOOD 396, 19, 1;
EXEC dbo.INSERT_ORDER_FOOD 57, 19, 1;
EXEC dbo.INSERT_ORDER_FOOD 384, 19, 5;
EXEC dbo.INSERT_ORDER_FOOD 484, 19, 4;
EXEC dbo.INSERT_ORDER_FOOD 30, 19, 4;
EXEC dbo.INSERT_ORDER_FOOD 539, 20, 1;
EXEC dbo.INSERT_ORDER_FOOD 577, 20, 1;
EXEC dbo.INSERT_ORDER_FOOD 561, 20, 4;
EXEC dbo.INSERT_ORDER_FOOD 110, 20, 1;
EXEC dbo.INSERT_ORDER_FOOD 551, 20, 5;
EXEC dbo.INSERT_ORDER_FOOD 384, 21, 3;
EXEC dbo.INSERT_ORDER_FOOD 495, 21, 2;
EXEC dbo.INSERT_ORDER_FOOD 180, 21, 1;
EXEC dbo.INSERT_ORDER_FOOD 33, 21, 4;
EXEC dbo.INSERT_ORDER_FOOD 134, 21, 1;
EXEC dbo.INSERT_ORDER_FOOD 17, 21, 5;
EXEC dbo.INSERT_ORDER_FOOD 233, 21, 1;
EXEC dbo.INSERT_ORDER_FOOD 578, 21, 4;
EXEC dbo.INSERT_ORDER_FOOD 484, 21, 4;
EXEC dbo.INSERT_ORDER_FOOD 351, 22, 1;
EXEC dbo.INSERT_ORDER_FOOD 340, 22, 3;
EXEC dbo.INSERT_ORDER_FOOD 239, 22, 1;
EXEC dbo.INSERT_ORDER_FOOD 539, 22, 3;
EXEC dbo.INSERT_ORDER_FOOD 559, 22, 3;
EXEC dbo.INSERT_ORDER_FOOD 493, 23, 1;
EXEC dbo.INSERT_ORDER_FOOD 551, 23, 4;
EXEC dbo.INSERT_ORDER_FOOD 484, 23, 3;
EXEC dbo.INSERT_ORDER_FOOD 8, 23, 4;
EXEC dbo.INSERT_ORDER_FOOD 374, 23, 5;
EXEC dbo.INSERT_ORDER_FOOD 239, 24, 3;
EXEC dbo.INSERT_ORDER_FOOD 549, 24, 5;
EXEC dbo.INSERT_ORDER_FOOD 340, 25, 1;
EXEC dbo.INSERT_ORDER_FOOD 256, 25, 5;
EXEC dbo.INSERT_ORDER_FOOD 559, 25, 2;
EXEC dbo.INSERT_ORDER_FOOD 345, 26, 5;
EXEC dbo.INSERT_ORDER_FOOD 551, 26, 3;
EXEC dbo.INSERT_ORDER_FOOD 256, 27, 4;
EXEC dbo.INSERT_ORDER_FOOD 384, 28, 3;
EXEC dbo.INSERT_ORDER_FOOD 163, 28, 4;
EXEC dbo.INSERT_ORDER_FOOD 497, 29, 4;
EXEC dbo.INSERT_ORDER_FOOD 57, 29, 1;
EXEC dbo.INSERT_ORDER_FOOD 444, 29, 5;
EXEC dbo.INSERT_ORDER_FOOD 497, 29, 1;
EXEC dbo.INSERT_ORDER_FOOD 549, 29, 2;
EXEC dbo.INSERT_ORDER_FOOD 497, 29, 2;
EXEC dbo.INSERT_ORDER_FOOD 493, 29, 5;
EXEC dbo.INSERT_ORDER_FOOD 559, 29, 1;
EXEC dbo.INSERT_ORDER_FOOD 424, 30, 4;
EXEC dbo.INSERT_ORDER_FOOD 444, 30, 5;
EXEC dbo.INSERT_ORDER_FOOD 549, 30, 3;
EXEC dbo.INSERT_ORDER_FOOD 559, 30, 5;
EXEC dbo.INSERT_ORDER_FOOD 33, 30, 2;
EXEC dbo.INSERT_ORDER_FOOD 57, 30, 3;
EXEC dbo.INSERT_ORDER_FOOD 497, 30, 2;
EXEC dbo.INSERT_ORDER_FOOD 163, 30, 1;
EXEC dbo.INSERT_ORDER_FOOD 561, 31, 5;
EXEC dbo.INSERT_ORDER_FOOD 70, 31, 4;
EXEC dbo.INSERT_ORDER_FOOD 444, 31, 1;
EXEC dbo.INSERT_ORDER_FOOD 17, 31, 3;
EXEC dbo.INSERT_ORDER_FOOD 22, 31, 5;
EXEC dbo.INSERT_ORDER_FOOD 219, 31, 4;
EXEC dbo.INSERT_ORDER_FOOD 110, 31, 4;
EXEC dbo.INSERT_ORDER_FOOD 469, 31, 2;
EXEC dbo.INSERT_ORDER_FOOD 396, 32, 5;
EXEC dbo.INSERT_ORDER_FOOD 261, 32, 3;
EXEC dbo.INSERT_ORDER_FOOD 384, 32, 3;
EXEC dbo.INSERT_ORDER_FOOD 495, 32, 4;
EXEC dbo.INSERT_ORDER_FOOD 559, 32, 1;
EXEC dbo.INSERT_ORDER_FOOD 559, 32, 1;
EXEC dbo.INSERT_ORDER_FOOD 521, 33, 1;
EXEC dbo.INSERT_ORDER_FOOD 549, 33, 4;
EXEC dbo.INSERT_ORDER_FOOD 330, 33, 4;
EXEC dbo.INSERT_ORDER_FOOD 424, 33, 1;
EXEC dbo.INSERT_ORDER_FOOD 256, 33, 1;
EXEC dbo.INSERT_ORDER_FOOD 340, 33, 2;
EXEC dbo.INSERT_ORDER_FOOD 33, 33, 3;
EXEC dbo.INSERT_ORDER_FOOD 495, 33, 2;
EXEC dbo.INSERT_ORDER_FOOD 163, 33, 4;
EXEC dbo.INSERT_ORDER_FOOD 539, 33, 1;
EXEC dbo.INSERT_ORDER_FOOD 134, 34, 2;
EXEC dbo.INSERT_ORDER_FOOD 469, 34, 4;
EXEC dbo.INSERT_ORDER_FOOD 539, 34, 2;
EXEC dbo.INSERT_ORDER_FOOD 345, 34, 2;
EXEC dbo.INSERT_ORDER_FOOD 8, 34, 5;
EXEC dbo.INSERT_ORDER_FOOD 345, 34, 3;
EXEC dbo.INSERT_ORDER_FOOD 22, 34, 2;
EXEC dbo.INSERT_ORDER_FOOD 239, 34, 5;
EXEC dbo.INSERT_ORDER_FOOD 239, 34, 2;
EXEC dbo.INSERT_ORDER_FOOD 148, 34, 5;
EXEC dbo.INSERT_ORDER_FOOD 134, 35, 1;
EXEC dbo.INSERT_ORDER_FOOD 351, 35, 5;
EXEC dbo.INSERT_ORDER_FOOD 261, 35, 3;
EXEC dbo.INSERT_ORDER_FOOD 148, 35, 4;
EXEC dbo.INSERT_ORDER_FOOD 384, 35, 1;
EXEC dbo.INSERT_ORDER_FOOD 239, 35, 1;
EXEC dbo.INSERT_ORDER_FOOD 246, 36, 3;
EXEC dbo.INSERT_ORDER_FOOD 256, 36, 3;
EXEC dbo.INSERT_ORDER_FOOD 469, 36, 4;
EXEC dbo.INSERT_ORDER_FOOD 110, 36, 4;
EXEC dbo.INSERT_ORDER_FOOD 22, 36, 2;
EXEC dbo.INSERT_ORDER_FOOD 324, 36, 2;
EXEC dbo.INSERT_ORDER_FOOD 263, 36, 1;
EXEC dbo.INSERT_ORDER_FOOD 495, 36, 2;
EXEC dbo.INSERT_ORDER_FOOD 376, 36, 1;
EXEC dbo.INSERT_ORDER_FOOD 351, 37, 1;
EXEC dbo.INSERT_ORDER_FOOD 396, 37, 5;
EXEC dbo.INSERT_ORDER_FOOD 324, 37, 3;
EXEC dbo.INSERT_ORDER_FOOD 539, 37, 2;
EXEC dbo.INSERT_ORDER_FOOD 485, 37, 4;
EXEC dbo.INSERT_ORDER_FOOD 180, 37, 4;
EXEC dbo.INSERT_ORDER_FOOD 22, 38, 1;
EXEC dbo.INSERT_ORDER_FOOD 469, 38, 2;
EXEC dbo.INSERT_ORDER_FOOD 148, 38, 1;
EXEC dbo.INSERT_ORDER_FOOD 233, 38, 2;
EXEC dbo.INSERT_ORDER_FOOD 424, 39, 3;
EXEC dbo.INSERT_ORDER_FOOD 549, 39, 2;
EXEC dbo.INSERT_ORDER_FOOD 22, 40, 3;
EXEC dbo.INSERT_ORDER_FOOD 345, 40, 3;
EXEC dbo.INSERT_ORDER_FOOD 444, 40, 1;
EXEC dbo.INSERT_ORDER_FOOD 577, 40, 2;
EXEC dbo.INSERT_ORDER_FOOD 561, 40, 1;
EXEC dbo.INSERT_ORDER_FOOD 324, 40, 5;
EXEC dbo.INSERT_ORDER_FOOD 340, 40, 2;
EXEC dbo.INSERT_ORDER_FOOD 508, 1, 2;
EXEC dbo.INSERT_ORDER_FOOD 220, 1, 3;
EXEC dbo.INSERT_ORDER_FOOD 197, 1, 5;
EXEC dbo.INSERT_ORDER_FOOD 197, 1, 3;
EXEC dbo.INSERT_ORDER_FOOD 555, 1, 5;
EXEC dbo.INSERT_ORDER_FOOD 502, 1, 4;
EXEC dbo.INSERT_ORDER_FOOD 361, 1, 1;
EXEC dbo.INSERT_ORDER_FOOD 130, 1, 3;
EXEC dbo.INSERT_ORDER_FOOD 408, 1, 4;
EXEC dbo.INSERT_ORDER_FOOD 132, 2, 4;
EXEC dbo.INSERT_ORDER_FOOD 594, 2, 2;
EXEC dbo.INSERT_ORDER_FOOD 526, 2, 1;
EXEC dbo.INSERT_ORDER_FOOD 280, 2, 4;
EXEC dbo.INSERT_ORDER_FOOD 69, 3, 3;
EXEC dbo.INSERT_ORDER_FOOD 526, 3, 4;
EXEC dbo.INSERT_ORDER_FOOD 192, 3, 5;
EXEC dbo.INSERT_ORDER_FOOD 398, 3, 3;
EXEC dbo.INSERT_ORDER_FOOD 312, 3, 2;
EXEC dbo.INSERT_ORDER_FOOD 502, 3, 4;
EXEC dbo.INSERT_ORDER_FOOD 164, 3, 5;
EXEC dbo.INSERT_ORDER_FOOD 507, 3, 3;
EXEC dbo.INSERT_ORDER_FOOD 398, 4, 4;
EXEC dbo.INSERT_ORDER_FOOD 336, 4, 2;
EXEC dbo.INSERT_ORDER_FOOD 130, 4, 3;
EXEC dbo.INSERT_ORDER_FOOD 197, 4, 2;
EXEC dbo.INSERT_ORDER_FOOD 400, 4, 4;
EXEC dbo.INSERT_ORDER_FOOD 420, 4, 5;
EXEC dbo.INSERT_ORDER_FOOD 170, 4, 2;
EXEC dbo.INSERT_ORDER_FOOD 508, 4, 5;
EXEC dbo.INSERT_ORDER_FOOD 555, 4, 2;
EXEC dbo.INSERT_ORDER_FOOD 403, 4, 1;
EXEC dbo.INSERT_ORDER_FOOD 502, 5, 5;
EXEC dbo.INSERT_ORDER_FOOD 382, 5, 4;
EXEC dbo.INSERT_ORDER_FOOD 508, 5, 5;
EXEC dbo.INSERT_ORDER_FOOD 48, 5, 2;
EXEC dbo.INSERT_ORDER_FOOD 130, 5, 2;
EXEC dbo.INSERT_ORDER_FOOD 361, 5, 5;
EXEC dbo.INSERT_ORDER_FOOD 411, 5, 2;
EXEC dbo.INSERT_ORDER_FOOD 230, 5, 1;
EXEC dbo.INSERT_ORDER_FOOD 304, 5, 5;
EXEC dbo.INSERT_ORDER_FOOD 430, 5, 5;
EXEC dbo.INSERT_ORDER_FOOD 414, 6, 5;
EXEC dbo.INSERT_ORDER_FOOD 64, 6, 3;
EXEC dbo.INSERT_ORDER_FOOD 304, 6, 2;
EXEC dbo.INSERT_ORDER_FOOD 430, 6, 5;
EXEC dbo.INSERT_ORDER_FOOD 312, 6, 4;
EXEC dbo.INSERT_ORDER_FOOD 408, 6, 5;
EXEC dbo.INSERT_ORDER_FOOD 526, 7, 1;
EXEC dbo.INSERT_ORDER_FOOD 411, 7, 2;
EXEC dbo.INSERT_ORDER_FOOD 58, 7, 1;
EXEC dbo.INSERT_ORDER_FOOD 304, 7, 4;
EXEC dbo.INSERT_ORDER_FOOD 589, 7, 2;
EXEC dbo.INSERT_ORDER_FOOD 170, 7, 2;
EXEC dbo.INSERT_ORDER_FOOD 480, 7, 2;
EXEC dbo.INSERT_ORDER_FOOD 270, 7, 2;
EXEC dbo.INSERT_ORDER_FOOD 573, 8, 4;
EXEC dbo.INSERT_ORDER_FOOD 312, 8, 1;
EXEC dbo.INSERT_ORDER_FOOD 130, 9, 5;
EXEC dbo.INSERT_ORDER_FOOD 414, 9, 5;
EXEC dbo.INSERT_ORDER_FOOD 312, 9, 5;
EXEC dbo.INSERT_ORDER_FOOD 400, 9, 4;
EXEC dbo.INSERT_ORDER_FOOD 594, 9, 4;
EXEC dbo.INSERT_ORDER_FOOD 480, 9, 5;
EXEC dbo.INSERT_ORDER_FOOD 130, 9, 4;
EXEC dbo.INSERT_ORDER_FOOD 280, 9, 2;
EXEC dbo.INSERT_ORDER_FOOD 264, 10, 5;
EXEC dbo.INSERT_ORDER_FOOD 240, 10, 4;
EXEC dbo.INSERT_ORDER_FOOD 197, 10, 1;
EXEC dbo.INSERT_ORDER_FOOD 336, 10, 1;
EXEC dbo.INSERT_ORDER_FOOD 526, 11, 5;
EXEC dbo.INSERT_ORDER_FOOD 382, 11, 4;
EXEC dbo.INSERT_ORDER_FOOD 197, 11, 4;
EXEC dbo.INSERT_ORDER_FOOD 414, 12, 2;
EXEC dbo.INSERT_ORDER_FOOD 361, 12, 5;
EXEC dbo.INSERT_ORDER_FOOD 507, 12, 1;
EXEC dbo.INSERT_ORDER_FOOD 64, 12, 1;
EXEC dbo.INSERT_ORDER_FOOD 420, 12, 2;
EXEC dbo.INSERT_ORDER_FOOD 170, 12, 3;
EXEC dbo.INSERT_ORDER_FOOD 589, 12, 2;
EXEC dbo.INSERT_ORDER_FOOD 414, 13, 4;
EXEC dbo.INSERT_ORDER_FOOD 230, 13, 3;
EXEC dbo.INSERT_ORDER_FOOD 502, 13, 4;
EXEC dbo.INSERT_ORDER_FOOD 112, 13, 4;
EXEC dbo.INSERT_ORDER_FOOD 361, 13, 2;
EXEC dbo.INSERT_ORDER_FOOD 430, 14, 4;
EXEC dbo.INSERT_ORDER_FOOD 64, 14, 3;
EXEC dbo.INSERT_ORDER_FOOD 132, 14, 5;
EXEC dbo.INSERT_ORDER_FOOD 69, 14, 4;
EXEC dbo.INSERT_ORDER_FOOD 112, 14, 5;
EXEC dbo.INSERT_ORDER_FOOD 164, 14, 3;
EXEC dbo.INSERT_ORDER_FOOD 430, 15, 1;
EXEC dbo.INSERT_ORDER_FOOD 48, 15, 3;
EXEC dbo.INSERT_ORDER_FOOD 573, 15, 4;
EXEC dbo.INSERT_ORDER_FOOD 526, 15, 2;
EXEC dbo.INSERT_ORDER_FOOD 192, 15, 2;
EXEC dbo.INSERT_ORDER_FOOD 230, 15, 4;
EXEC dbo.INSERT_ORDER_FOOD 414, 15, 4;
EXEC dbo.INSERT_ORDER_FOOD 507, 15, 5;
EXEC dbo.INSERT_ORDER_FOOD 64, 15, 2;
EXEC dbo.INSERT_ORDER_FOOD 414, 16, 2;
EXEC dbo.INSERT_ORDER_FOOD 112, 16, 1;
EXEC dbo.INSERT_ORDER_FOOD 192, 17, 3;
EXEC dbo.INSERT_ORDER_FOOD 361, 17, 5;
EXEC dbo.INSERT_ORDER_FOOD 540, 17, 1;
EXEC dbo.INSERT_ORDER_FOOD 595, 17, 2;
EXEC dbo.INSERT_ORDER_FOOD 600, 17, 5;
EXEC dbo.INSERT_ORDER_FOOD 361, 17, 1;
EXEC dbo.INSERT_ORDER_FOOD 280, 18, 3;
EXEC dbo.INSERT_ORDER_FOOD 11, 18, 3;
EXEC dbo.INSERT_ORDER_FOOD 540, 18, 5;
EXEC dbo.INSERT_ORDER_FOOD 408, 19, 2;
EXEC dbo.INSERT_ORDER_FOOD 11, 19, 3;
EXEC dbo.INSERT_ORDER_FOOD 398, 19, 2;
EXEC dbo.INSERT_ORDER_FOOD 58, 19, 2;
EXEC dbo.INSERT_ORDER_FOOD 411, 19, 2;
EXEC dbo.INSERT_ORDER_FOOD 58, 19, 4;
EXEC dbo.INSERT_ORDER_FOOD 264, 20, 1;
EXEC dbo.INSERT_ORDER_FOOD 11, 20, 2;
EXEC dbo.INSERT_ORDER_FOOD 555, 20, 2;
EXEC dbo.INSERT_ORDER_FOOD 112, 20, 4;
EXEC dbo.INSERT_ORDER_FOOD 69, 20, 1;
EXEC dbo.INSERT_ORDER_FOOD 420, 20, 2;
EXEC dbo.INSERT_ORDER_FOOD 420, 21, 4;
EXEC dbo.INSERT_ORDER_FOOD 420, 21, 1;
EXEC dbo.INSERT_ORDER_FOOD 600, 21, 3;
EXEC dbo.INSERT_ORDER_FOOD 240, 21, 4;
EXEC dbo.INSERT_ORDER_FOOD 508, 21, 1;
EXEC dbo.INSERT_ORDER_FOOD 408, 21, 2;
EXEC dbo.INSERT_ORDER_FOOD 192, 22, 1;
EXEC dbo.INSERT_ORDER_FOOD 336, 22, 4;
EXEC dbo.INSERT_ORDER_FOOD 240, 22, 4;
EXEC dbo.INSERT_ORDER_FOOD 411, 22, 3;
EXEC dbo.INSERT_ORDER_FOOD 408, 22, 1;
EXEC dbo.INSERT_ORDER_FOOD 270, 22, 2;
EXEC dbo.INSERT_ORDER_FOOD 197, 22, 3;
EXEC dbo.INSERT_ORDER_FOOD 400, 22, 5;
EXEC dbo.INSERT_ORDER_FOOD 270, 23, 5;
EXEC dbo.INSERT_ORDER_FOOD 398, 24, 1;
EXEC dbo.INSERT_ORDER_FOOD 420, 24, 5;
EXEC dbo.INSERT_ORDER_FOOD 240, 24, 4;
EXEC dbo.INSERT_ORDER_FOOD 197, 24, 4;
EXEC dbo.INSERT_ORDER_FOOD 280, 24, 4;
EXEC dbo.INSERT_ORDER_FOOD 411, 24, 1;
EXEC dbo.INSERT_ORDER_FOOD 192, 24, 2;
EXEC dbo.INSERT_ORDER_FOOD 11, 24, 1;
EXEC dbo.INSERT_ORDER_FOOD 502, 24, 2;
EXEC dbo.INSERT_ORDER_FOOD 220, 24, 2;
EXEC dbo.INSERT_ORDER_FOOD 336, 25, 4;
EXEC dbo.INSERT_ORDER_FOOD 112, 25, 2;
EXEC dbo.INSERT_ORDER_FOOD 361, 25, 5;
EXEC dbo.INSERT_ORDER_FOOD 398, 25, 2;
EXEC dbo.INSERT_ORDER_FOOD 170, 25, 3;
EXEC dbo.INSERT_ORDER_FOOD 197, 25, 1;
EXEC dbo.INSERT_ORDER_FOOD 480, 25, 3;
EXEC dbo.INSERT_ORDER_FOOD 411, 25, 1;
EXEC dbo.INSERT_ORDER_FOOD 411, 25, 5;
EXEC dbo.INSERT_ORDER_FOOD 280, 25, 2;
EXEC dbo.INSERT_ORDER_FOOD 192, 26, 5;
EXEC dbo.INSERT_ORDER_FOOD 132, 26, 5;
EXEC dbo.INSERT_ORDER_FOOD 164, 26, 5;
EXEC dbo.INSERT_ORDER_FOOD 540, 26, 1;
EXEC dbo.INSERT_ORDER_FOOD 411, 26, 4;
EXEC dbo.INSERT_ORDER_FOOD 264, 26, 5;
EXEC dbo.INSERT_ORDER_FOOD 304, 26, 2;
EXEC dbo.INSERT_ORDER_FOOD 400, 26, 1;
EXEC dbo.INSERT_ORDER_FOOD 230, 27, 2;
EXEC dbo.INSERT_ORDER_FOOD 112, 27, 2;
EXEC dbo.INSERT_ORDER_FOOD 280, 28, 2;
EXEC dbo.INSERT_ORDER_FOOD 526, 28, 3;
EXEC dbo.INSERT_ORDER_FOOD 526, 28, 3;
EXEC dbo.INSERT_ORDER_FOOD 555, 29, 4;
EXEC dbo.INSERT_ORDER_FOOD 170, 29, 2;
EXEC dbo.INSERT_ORDER_FOOD 170, 30, 5;
EXEC dbo.INSERT_ORDER_FOOD 18, 30, 4;
EXEC dbo.INSERT_ORDER_FOOD 361, 30, 3;
EXEC dbo.INSERT_ORDER_FOOD 270, 30, 5;
EXEC dbo.INSERT_ORDER_FOOD 411, 30, 5;
EXEC dbo.INSERT_ORDER_FOOD 58, 30, 2;
EXEC dbo.INSERT_ORDER_FOOD 170, 30, 3;
EXEC dbo.INSERT_ORDER_FOOD 382, 30, 1;
EXEC dbo.INSERT_ORDER_FOOD 132, 30, 1;
EXEC dbo.INSERT_ORDER_FOOD 132, 30, 5;
EXEC dbo.INSERT_ORDER_FOOD 220, 31, 5;
EXEC dbo.INSERT_ORDER_FOOD 69, 31, 3;
EXEC dbo.INSERT_ORDER_FOOD 280, 31, 5;
EXEC dbo.INSERT_ORDER_FOOD 508, 31, 3;
EXEC dbo.INSERT_ORDER_FOOD 408, 32, 1;
EXEC dbo.INSERT_ORDER_FOOD 280, 32, 5;
EXEC dbo.INSERT_ORDER_FOOD 502, 33, 5;
EXEC dbo.INSERT_ORDER_FOOD 430, 34, 5;
EXEC dbo.INSERT_ORDER_FOOD 414, 34, 1;
EXEC dbo.INSERT_ORDER_FOOD 594, 34, 2;
EXEC dbo.INSERT_ORDER_FOOD 64, 34, 5;
EXEC dbo.INSERT_ORDER_FOOD 64, 34, 4;
EXEC dbo.INSERT_ORDER_FOOD 555, 34, 1;
EXEC dbo.INSERT_ORDER_FOOD 197, 35, 3;
EXEC dbo.INSERT_ORDER_FOOD 48, 35, 3;
EXEC dbo.INSERT_ORDER_FOOD 112, 35, 3;
EXEC dbo.INSERT_ORDER_FOOD 170, 35, 1;
EXEC dbo.INSERT_ORDER_FOOD 480, 35, 2;
EXEC dbo.INSERT_ORDER_FOOD 600, 36, 3;
EXEC dbo.INSERT_ORDER_FOOD 420, 36, 5;
EXEC dbo.INSERT_ORDER_FOOD 270, 36, 4;
EXEC dbo.INSERT_ORDER_FOOD 240, 36, 4;
EXEC dbo.INSERT_ORDER_FOOD 361, 36, 3;
EXEC dbo.INSERT_ORDER_FOOD 507, 36, 2;
EXEC dbo.INSERT_ORDER_FOOD 192, 36, 2;
EXEC dbo.INSERT_ORDER_FOOD 64, 36, 2;
EXEC dbo.INSERT_ORDER_FOOD 398, 36, 4;
EXEC dbo.INSERT_ORDER_FOOD 240, 37, 5;
EXEC dbo.INSERT_ORDER_FOOD 430, 37, 1;
EXEC dbo.INSERT_ORDER_FOOD 132, 37, 3;
EXEC dbo.INSERT_ORDER_FOOD 304, 37, 4;
EXEC dbo.INSERT_ORDER_FOOD 573, 37, 1;
EXEC dbo.INSERT_ORDER_FOOD 170, 37, 2;
EXEC dbo.INSERT_ORDER_FOOD 361, 38, 1;
EXEC dbo.INSERT_ORDER_FOOD 130, 38, 5;
EXEC dbo.INSERT_ORDER_FOOD 197, 38, 1;
EXEC dbo.INSERT_ORDER_FOOD 480, 38, 3;
EXEC dbo.INSERT_ORDER_FOOD 400, 38, 1;
EXEC dbo.INSERT_ORDER_FOOD 420, 38, 3;
EXEC dbo.INSERT_ORDER_FOOD 508, 39, 5;
EXEC dbo.INSERT_ORDER_FOOD 312, 39, 5;
EXEC dbo.INSERT_ORDER_FOOD 382, 39, 5;
EXEC dbo.INSERT_ORDER_FOOD 164, 40, 1;
EXEC dbo.INSERT_ORDER_FOOD 280, 40, 1;
EXEC dbo.INSERT_ORDER_FOOD 398, 40, 4;
EXEC dbo.INSERT_ORDER_FOOD 264, 40, 3;
EXEC dbo.INSERT_ORDER_FOOD 132, 40, 1;
EXEC dbo.INSERT_ORDER_FOOD 280, 40, 3;
EXEC dbo.INSERT_ORDER_FOOD 411, 40, 3;
EXEC dbo.INSERT_ORDER_FOOD 197, 40, 5;
EXEC dbo.INSERT_ORDER_FOOD 573, 40, 2;
EXEC dbo.INSERT_ORDER_FOOD 164, 40, 3;
EXEC dbo.INSERT_ORDER_FOOD 306, 1, 1;
EXEC dbo.INSERT_ORDER_FOOD 60, 1, 2;
EXEC dbo.INSERT_ORDER_FOOD 34, 1, 4;
EXEC dbo.INSERT_ORDER_FOOD 260, 2, 4;
EXEC dbo.INSERT_ORDER_FOOD 39, 2, 1;
EXEC dbo.INSERT_ORDER_FOOD 10, 3, 1;
EXEC dbo.INSERT_ORDER_FOOD 410, 3, 3;
EXEC dbo.INSERT_ORDER_FOOD 165, 3, 2;
EXEC dbo.INSERT_ORDER_FOOD 440, 3, 4;
EXEC dbo.INSERT_ORDER_FOOD 476, 3, 3;
EXEC dbo.INSERT_ORDER_FOOD 410, 3, 3;
EXEC dbo.INSERT_ORDER_FOOD 499, 3, 4;
EXEC dbo.INSERT_ORDER_FOOD 545, 3, 4;
EXEC dbo.INSERT_ORDER_FOOD 394, 3, 4;
EXEC dbo.INSERT_ORDER_FOOD 222, 3, 4;
EXEC dbo.INSERT_ORDER_FOOD 416, 4, 2;
EXEC dbo.INSERT_ORDER_FOOD 9, 4, 3;
EXEC dbo.INSERT_ORDER_FOOD 416, 4, 5;
EXEC dbo.INSERT_ORDER_FOOD 477, 5, 5;
EXEC dbo.INSERT_ORDER_FOOD 410, 6, 1;
EXEC dbo.INSERT_ORDER_FOOD 436, 6, 1;
EXEC dbo.INSERT_ORDER_FOOD 144, 6, 4;
EXEC dbo.INSERT_ORDER_FOOD 385, 6, 3;
EXEC dbo.INSERT_ORDER_FOOD 476, 6, 5;
EXEC dbo.INSERT_ORDER_FOOD 385, 6, 3;
EXEC dbo.INSERT_ORDER_FOOD 364, 7, 4;
EXEC dbo.INSERT_ORDER_FOOD 545, 7, 1;
EXEC dbo.INSERT_ORDER_FOOD 547, 7, 2;
EXEC dbo.INSERT_ORDER_FOOD 499, 7, 1;
EXEC dbo.INSERT_ORDER_FOOD 476, 7, 5;
EXEC dbo.INSERT_ORDER_FOOD 59, 7, 3;
EXEC dbo.INSERT_ORDER_FOOD 499, 7, 4;
EXEC dbo.INSERT_ORDER_FOOD 87, 7, 5;
EXEC dbo.INSERT_ORDER_FOOD 362, 7, 3;
EXEC dbo.INSERT_ORDER_FOOD 440, 7, 5;
EXEC dbo.INSERT_ORDER_FOOD 347, 8, 2;
EXEC dbo.INSERT_ORDER_FOOD 60, 8, 4;
EXEC dbo.INSERT_ORDER_FOOD 356, 8, 5;
EXEC dbo.INSERT_ORDER_FOOD 499, 8, 5;
EXEC dbo.INSERT_ORDER_FOOD 545, 8, 1;
EXEC dbo.INSERT_ORDER_FOOD 347, 8, 5;
EXEC dbo.INSERT_ORDER_FOOD 122, 8, 3;
EXEC dbo.INSERT_ORDER_FOOD 306, 8, 2;
EXEC dbo.INSERT_ORDER_FOOD 545, 8, 1;
EXEC dbo.INSERT_ORDER_FOOD 385, 8, 2;
EXEC dbo.INSERT_ORDER_FOOD 108, 9, 1;
EXEC dbo.INSERT_ORDER_FOOD 82, 9, 1;
EXEC dbo.INSERT_ORDER_FOOD 436, 9, 3;
EXEC dbo.INSERT_ORDER_FOOD 165, 9, 5;
EXEC dbo.INSERT_ORDER_FOOD 410, 9, 3;
EXEC dbo.INSERT_ORDER_FOOD 387, 10, 3;
EXEC dbo.INSERT_ORDER_FOOD 108, 10, 2;
EXEC dbo.INSERT_ORDER_FOOD 416, 10, 3;
EXEC dbo.INSERT_ORDER_FOOD 394, 10, 5;
EXEC dbo.INSERT_ORDER_FOOD 60, 10, 2;
EXEC dbo.INSERT_ORDER_FOOD 416, 11, 1;
EXEC dbo.INSERT_ORDER_FOOD 476, 11, 5;
EXEC dbo.INSERT_ORDER_FOOD 10, 11, 5;
EXEC dbo.INSERT_ORDER_FOOD 394, 12, 4;
EXEC dbo.INSERT_ORDER_FOOD 39, 12, 3;
EXEC dbo.INSERT_ORDER_FOOD 108, 12, 5;
EXEC dbo.INSERT_ORDER_FOOD 85, 12, 5;
EXEC dbo.INSERT_ORDER_FOOD 34, 12, 4;
EXEC dbo.INSERT_ORDER_FOOD 362, 12, 5;
EXEC dbo.INSERT_ORDER_FOOD 60, 12, 3;
EXEC dbo.INSERT_ORDER_FOOD 67, 12, 4;
EXEC dbo.INSERT_ORDER_FOOD 547, 13, 1;
EXEC dbo.INSERT_ORDER_FOOD 440, 13, 3;
EXEC dbo.INSERT_ORDER_FOOD 364, 13, 3;
EXEC dbo.INSERT_ORDER_FOOD 326, 13, 2;
EXEC dbo.INSERT_ORDER_FOOD 60, 14, 2;
EXEC dbo.INSERT_ORDER_FOOD 85, 15, 1;
EXEC dbo.INSERT_ORDER_FOOD 141, 16, 1;
EXEC dbo.INSERT_ORDER_FOOD 122, 16, 4;
EXEC dbo.INSERT_ORDER_FOOD 67, 16, 1;
EXEC dbo.INSERT_ORDER_FOOD 356, 16, 4;
EXEC dbo.INSERT_ORDER_FOOD 436, 16, 1;
EXEC dbo.INSERT_ORDER_FOOD 364, 17, 3;
EXEC dbo.INSERT_ORDER_FOOD 122, 17, 4;
EXEC dbo.INSERT_ORDER_FOOD 222, 17, 5;
EXEC dbo.INSERT_ORDER_FOOD 385, 17, 1;
EXEC dbo.INSERT_ORDER_FOOD 477, 17, 3;
EXEC dbo.INSERT_ORDER_FOOD 165, 17, 4;
EXEC dbo.INSERT_ORDER_FOOD 387, 18, 5;
EXEC dbo.INSERT_ORDER_FOOD 222, 18, 1;
EXEC dbo.INSERT_ORDER_FOOD 60, 18, 2;
EXEC dbo.INSERT_ORDER_FOOD 416, 18, 1;
EXEC dbo.INSERT_ORDER_FOOD 260, 19, 2;
EXEC dbo.INSERT_ORDER_FOOD 144, 19, 1;
EXEC dbo.INSERT_ORDER_FOOD 440, 20, 5;
EXEC dbo.INSERT_ORDER_FOOD 60, 20, 2;
EXEC dbo.INSERT_ORDER_FOOD 356, 21, 5;
EXEC dbo.INSERT_ORDER_FOOD 436, 21, 5;
EXEC dbo.INSERT_ORDER_FOOD 67, 21, 1;
EXEC dbo.INSERT_ORDER_FOOD 108, 21, 3;
EXEC dbo.INSERT_ORDER_FOOD 356, 21, 3;
EXEC dbo.INSERT_ORDER_FOOD 141, 21, 1;
EXEC dbo.INSERT_ORDER_FOOD 364, 21, 4;
EXEC dbo.INSERT_ORDER_FOOD 547, 21, 4;
EXEC dbo.INSERT_ORDER_FOOD 9, 22, 3;
EXEC dbo.INSERT_ORDER_FOOD 362, 22, 2;
EXEC dbo.INSERT_ORDER_FOOD 222, 22, 4;
EXEC dbo.INSERT_ORDER_FOOD 465, 22, 4;
EXEC dbo.INSERT_ORDER_FOOD 34, 22, 5;
EXEC dbo.INSERT_ORDER_FOOD 410, 22, 4;
EXEC dbo.INSERT_ORDER_FOOD 34, 23, 4;
EXEC dbo.INSERT_ORDER_FOOD 356, 23, 4;
EXEC dbo.INSERT_ORDER_FOOD 477, 23, 3;
EXEC dbo.INSERT_ORDER_FOOD 465, 23, 4;
EXEC dbo.INSERT_ORDER_FOOD 9, 23, 5;
EXEC dbo.INSERT_ORDER_FOOD 306, 23, 5;
EXEC dbo.INSERT_ORDER_FOOD 547, 24, 5;
EXEC dbo.INSERT_ORDER_FOOD 141, 24, 2;
EXEC dbo.INSERT_ORDER_FOOD 108, 24, 3;
EXEC dbo.INSERT_ORDER_FOOD 108, 24, 4;
EXEC dbo.INSERT_ORDER_FOOD 122, 24, 1;
EXEC dbo.INSERT_ORDER_FOOD 60, 24, 5;
EXEC dbo.INSERT_ORDER_FOOD 465, 24, 5;
EXEC dbo.INSERT_ORDER_FOOD 476, 24, 5;
EXEC dbo.INSERT_ORDER_FOOD 476, 25, 1;
EXEC dbo.INSERT_ORDER_FOOD 9, 26, 3;
EXEC dbo.INSERT_ORDER_FOOD 362, 26, 1;
EXEC dbo.INSERT_ORDER_FOOD 260, 26, 5;
EXEC dbo.INSERT_ORDER_FOOD 82, 26, 2;
EXEC dbo.INSERT_ORDER_FOOD 34, 27, 2;
EXEC dbo.INSERT_ORDER_FOOD 440, 27, 2;
EXEC dbo.INSERT_ORDER_FOOD 19, 27, 3;
EXEC dbo.INSERT_ORDER_FOOD 222, 27, 4;
EXEC dbo.INSERT_ORDER_FOOD 39, 28, 1;
EXEC dbo.INSERT_ORDER_FOOD 122, 28, 1;
EXEC dbo.INSERT_ORDER_FOOD 9, 28, 2;
EXEC dbo.INSERT_ORDER_FOOD 436, 28, 4;
EXEC dbo.INSERT_ORDER_FOOD 82, 28, 5;
EXEC dbo.INSERT_ORDER_FOOD 144, 28, 1;
EXEC dbo.INSERT_ORDER_FOOD 440, 28, 2;
EXEC dbo.INSERT_ORDER_FOOD 122, 28, 4;
EXEC dbo.INSERT_ORDER_FOOD 306, 28, 1;
EXEC dbo.INSERT_ORDER_FOOD 547, 28, 5;
EXEC dbo.INSERT_ORDER_FOOD 465, 29, 2;
EXEC dbo.INSERT_ORDER_FOOD 34, 29, 3;
EXEC dbo.INSERT_ORDER_FOOD 141, 29, 2;
EXEC dbo.INSERT_ORDER_FOOD 394, 29, 2;
EXEC dbo.INSERT_ORDER_FOOD 347, 30, 1;
EXEC dbo.INSERT_ORDER_FOOD 34, 30, 3;
EXEC dbo.INSERT_ORDER_FOOD 87, 30, 5;
EXEC dbo.INSERT_ORDER_FOOD 19, 30, 5;
EXEC dbo.INSERT_ORDER_FOOD 144, 30, 5;
EXEC dbo.INSERT_ORDER_FOOD 165, 30, 1;
EXEC dbo.INSERT_ORDER_FOOD 465, 31, 3;
EXEC dbo.INSERT_ORDER_FOOD 19, 31, 4;
EXEC dbo.INSERT_ORDER_FOOD 476, 31, 2;
EXEC dbo.INSERT_ORDER_FOOD 176, 31, 4;
EXEC dbo.INSERT_ORDER_FOOD 385, 31, 1;
EXEC dbo.INSERT_ORDER_FOOD 165, 31, 2;
EXEC dbo.INSERT_ORDER_FOOD 326, 31, 3;
EXEC dbo.INSERT_ORDER_FOOD 141, 31, 5;
EXEC dbo.INSERT_ORDER_FOOD 347, 31, 1;
EXEC dbo.INSERT_ORDER_FOOD 108, 32, 4;
EXEC dbo.INSERT_ORDER_FOOD 364, 32, 3;
EXEC dbo.INSERT_ORDER_FOOD 416, 32, 5;
EXEC dbo.INSERT_ORDER_FOOD 347, 33, 2;
EXEC dbo.INSERT_ORDER_FOOD 85, 33, 5;
EXEC dbo.INSERT_ORDER_FOOD 410, 33, 3;
EXEC dbo.INSERT_ORDER_FOOD 465, 33, 4;
EXEC dbo.INSERT_ORDER_FOOD 499, 33, 5;
EXEC dbo.INSERT_ORDER_FOOD 436, 33, 2;
EXEC dbo.INSERT_ORDER_FOOD 347, 34, 2;
EXEC dbo.INSERT_ORDER_FOOD 222, 34, 5;
EXEC dbo.INSERT_ORDER_FOOD 9, 34, 1;
EXEC dbo.INSERT_ORDER_FOOD 410, 34, 4;
EXEC dbo.INSERT_ORDER_FOOD 362, 34, 5;
EXEC dbo.INSERT_ORDER_FOOD 387, 35, 1;
EXEC dbo.INSERT_ORDER_FOOD 476, 35, 3;
EXEC dbo.INSERT_ORDER_FOOD 347, 35, 2;
EXEC dbo.INSERT_ORDER_FOOD 39, 35, 3;
EXEC dbo.INSERT_ORDER_FOOD 477, 35, 1;
EXEC dbo.INSERT_ORDER_FOOD 347, 35, 3;
EXEC dbo.INSERT_ORDER_FOOD 477, 35, 4;
EXEC dbo.INSERT_ORDER_FOOD 82, 35, 3;
EXEC dbo.INSERT_ORDER_FOOD 477, 36, 2;
EXEC dbo.INSERT_ORDER_FOOD 39, 36, 1;
EXEC dbo.INSERT_ORDER_FOOD 326, 36, 5;
EXEC dbo.INSERT_ORDER_FOOD 476, 36, 2;
EXEC dbo.INSERT_ORDER_FOOD 85, 36, 5;
EXEC dbo.INSERT_ORDER_FOOD 476, 36, 1;
EXEC dbo.INSERT_ORDER_FOOD 347, 36, 5;
EXEC dbo.INSERT_ORDER_FOOD 362, 37, 1;
EXEC dbo.INSERT_ORDER_FOOD 477, 37, 2;
EXEC dbo.INSERT_ORDER_FOOD 39, 37, 2;
EXEC dbo.INSERT_ORDER_FOOD 82, 38, 3;
EXEC dbo.INSERT_ORDER_FOOD 410, 38, 1;
EXEC dbo.INSERT_ORDER_FOOD 385, 38, 2;
EXEC dbo.INSERT_ORDER_FOOD 108, 38, 2;
EXEC dbo.INSERT_ORDER_FOOD 499, 38, 4;
EXEC dbo.INSERT_ORDER_FOOD 222, 38, 3;
EXEC dbo.INSERT_ORDER_FOOD 176, 39, 3;
EXEC dbo.INSERT_ORDER_FOOD 39, 39, 3;
EXEC dbo.INSERT_ORDER_FOOD 465, 39, 5;
EXEC dbo.INSERT_ORDER_FOOD 144, 39, 3;
EXEC dbo.INSERT_ORDER_FOOD 85, 39, 4;
EXEC dbo.INSERT_ORDER_FOOD 394, 39, 2;
EXEC dbo.INSERT_ORDER_FOOD 144, 40, 5;
EXEC dbo.INSERT_ORDER_FOOD 545, 40, 1;
EXEC dbo.INSERT_ORDER_FOOD 385, 40, 1;
EXEC dbo.INSERT_ORDER_FOOD 436, 40, 3;
EXEC dbo.INSERT_ORDER_FOOD 440, 40, 4;
EXEC dbo.INSERT_ORDER_FOOD 10, 40, 5;
EXEC dbo.INSERT_ORDER_FOOD 317, 1, 4;
EXEC dbo.INSERT_ORDER_FOOD 71, 1, 5;
EXEC dbo.INSERT_ORDER_FOOD 355, 1, 1;
EXEC dbo.INSERT_ORDER_FOOD 441, 1, 5;
EXEC dbo.INSERT_ORDER_FOOD 317, 1, 1;
EXEC dbo.INSERT_ORDER_FOOD 116, 2, 5;
EXEC dbo.INSERT_ORDER_FOOD 218, 2, 3;
EXEC dbo.INSERT_ORDER_FOOD 7, 2, 4;
EXEC dbo.INSERT_ORDER_FOOD 501, 2, 2;
EXEC dbo.INSERT_ORDER_FOOD 316, 2, 4;
EXEC dbo.INSERT_ORDER_FOOD 15, 2, 2;
EXEC dbo.INSERT_ORDER_FOOD 221, 2, 3;
EXEC dbo.INSERT_ORDER_FOOD 579, 2, 2;
EXEC dbo.INSERT_ORDER_FOOD 501, 3, 5;
EXEC dbo.INSERT_ORDER_FOOD 79, 3, 3;
EXEC dbo.INSERT_ORDER_FOOD 317, 4, 3;
EXEC dbo.INSERT_ORDER_FOOD 51, 5, 2;
EXEC dbo.INSERT_ORDER_FOOD 441, 5, 5;
EXEC dbo.INSERT_ORDER_FOOD 135, 5, 1;
EXEC dbo.INSERT_ORDER_FOOD 478, 5, 4;
EXEC dbo.INSERT_ORDER_FOOD 13, 5, 3;
EXEC dbo.INSERT_ORDER_FOOD 370, 5, 2;
EXEC dbo.INSERT_ORDER_FOOD 576, 6, 2;
EXEC dbo.INSERT_ORDER_FOOD 317, 6, 2;
EXEC dbo.INSERT_ORDER_FOOD 506, 7, 5;
EXEC dbo.INSERT_ORDER_FOOD 517, 7, 2;
EXEC dbo.INSERT_ORDER_FOOD 221, 7, 5;
EXEC dbo.INSERT_ORDER_FOOD 218, 7, 3;
EXEC dbo.INSERT_ORDER_FOOD 79, 7, 5;
EXEC dbo.INSERT_ORDER_FOOD 519, 7, 3;
EXEC dbo.INSERT_ORDER_FOOD 402, 7, 2;
EXEC dbo.INSERT_ORDER_FOOD 576, 7, 3;
EXEC dbo.INSERT_ORDER_FOOD 511, 7, 3;
EXEC dbo.INSERT_ORDER_FOOD 119, 8, 4;
EXEC dbo.INSERT_ORDER_FOOD 71, 8, 4;
EXEC dbo.INSERT_ORDER_FOOD 15, 8, 2;
EXEC dbo.INSERT_ORDER_FOOD 7, 8, 5;
EXEC dbo.INSERT_ORDER_FOOD 15, 9, 3;
EXEC dbo.INSERT_ORDER_FOOD 352, 9, 1;
EXEC dbo.INSERT_ORDER_FOOD 506, 9, 5;
EXEC dbo.INSERT_ORDER_FOOD 519, 9, 1;
EXEC dbo.INSERT_ORDER_FOOD 146, 9, 4;
EXEC dbo.INSERT_ORDER_FOOD 24, 9, 3;
EXEC dbo.INSERT_ORDER_FOOD 370, 9, 5;
EXEC dbo.INSERT_ORDER_FOOD 146, 9, 4;
EXEC dbo.INSERT_ORDER_FOOD 15, 9, 3;
EXEC dbo.INSERT_ORDER_FOOD 576, 9, 2;
EXEC dbo.INSERT_ORDER_FOOD 13, 10, 3;
EXEC dbo.INSERT_ORDER_FOOD 146, 10, 3;
EXEC dbo.INSERT_ORDER_FOOD 56, 10, 1;
EXEC dbo.INSERT_ORDER_FOOD 51, 11, 3;
EXEC dbo.INSERT_ORDER_FOOD 478, 11, 1;
EXEC dbo.INSERT_ORDER_FOOD 407, 11, 3;
EXEC dbo.INSERT_ORDER_FOOD 7, 11, 2;
EXEC dbo.INSERT_ORDER_FOOD 439, 11, 4;
EXEC dbo.INSERT_ORDER_FOOD 46, 11, 3;
EXEC dbo.INSERT_ORDER_FOOD 402, 12, 2;
EXEC dbo.INSERT_ORDER_FOOD 46, 13, 3;
EXEC dbo.INSERT_ORDER_FOOD 15, 13, 5;
EXEC dbo.INSERT_ORDER_FOOD 24, 13, 5;
EXEC dbo.INSERT_ORDER_FOOD 407, 13, 4;
EXEC dbo.INSERT_ORDER_FOOD 531, 13, 1;
EXEC dbo.INSERT_ORDER_FOOD 407, 13, 1;
EXEC dbo.INSERT_ORDER_FOOD 317, 13, 2;
EXEC dbo.INSERT_ORDER_FOOD 51, 13, 2;
EXEC dbo.INSERT_ORDER_FOOD 576, 13, 4;
EXEC dbo.INSERT_ORDER_FOOD 439, 14, 4;
EXEC dbo.INSERT_ORDER_FOOD 506, 14, 5;
EXEC dbo.INSERT_ORDER_FOOD 316, 15, 5;
EXEC dbo.INSERT_ORDER_FOOD 265, 15, 2;
EXEC dbo.INSERT_ORDER_FOOD 135, 15, 5;
EXEC dbo.INSERT_ORDER_FOOD 517, 15, 4;
EXEC dbo.INSERT_ORDER_FOOD 317, 15, 2;
EXEC dbo.INSERT_ORDER_FOOD 221, 15, 4;
EXEC dbo.INSERT_ORDER_FOOD 46, 15, 2;
EXEC dbo.INSERT_ORDER_FOOD 556, 15, 2;
EXEC dbo.INSERT_ORDER_FOOD 506, 16, 1;
EXEC dbo.INSERT_ORDER_FOOD 24, 16, 1;
EXEC dbo.INSERT_ORDER_FOOD 441, 16, 5;
EXEC dbo.INSERT_ORDER_FOOD 24, 16, 5;
EXEC dbo.INSERT_ORDER_FOOD 501, 16, 4;
EXEC dbo.INSERT_ORDER_FOOD 478, 16, 4;
EXEC dbo.INSERT_ORDER_FOOD 15, 17, 3;
EXEC dbo.INSERT_ORDER_FOOD 441, 17, 4;
EXEC dbo.INSERT_ORDER_FOOD 370, 17, 2;
EXEC dbo.INSERT_ORDER_FOOD 576, 17, 3;
EXEC dbo.INSERT_ORDER_FOOD 71, 17, 1;
EXEC dbo.INSERT_ORDER_FOOD 13, 17, 2;
EXEC dbo.INSERT_ORDER_FOOD 579, 17, 5;
EXEC dbo.INSERT_ORDER_FOOD 24, 17, 5;
EXEC dbo.INSERT_ORDER_FOOD 135, 18, 3;
EXEC dbo.INSERT_ORDER_FOOD 46, 19, 3;
EXEC dbo.INSERT_ORDER_FOOD 402, 19, 2;
EXEC dbo.INSERT_ORDER_FOOD 316, 20, 1;
EXEC dbo.INSERT_ORDER_FOOD 579, 20, 5;
EXEC dbo.INSERT_ORDER_FOOD 119, 20, 1;
EXEC dbo.INSERT_ORDER_FOOD 119, 20, 4;
EXEC dbo.INSERT_ORDER_FOOD 517, 20, 2;
EXEC dbo.INSERT_ORDER_FOOD 355, 20, 2;
EXEC dbo.INSERT_ORDER_FOOD 352, 20, 2;
EXEC dbo.INSERT_ORDER_FOOD 218, 20, 1;
EXEC dbo.INSERT_ORDER_FOOD 119, 21, 4;
EXEC dbo.INSERT_ORDER_FOOD 478, 21, 2;
EXEC dbo.INSERT_ORDER_FOOD 501, 21, 3;
EXEC dbo.INSERT_ORDER_FOOD 237, 21, 1;
EXEC dbo.INSERT_ORDER_FOOD 218, 21, 3;
EXEC dbo.INSERT_ORDER_FOOD 478, 21, 1;
EXEC dbo.INSERT_ORDER_FOOD 439, 21, 3;
EXEC dbo.INSERT_ORDER_FOOD 441, 21, 5;
EXEC dbo.INSERT_ORDER_FOOD 135, 22, 4;
EXEC dbo.INSERT_ORDER_FOOD 221, 22, 4;
EXEC dbo.INSERT_ORDER_FOOD 7, 22, 1;
EXEC dbo.INSERT_ORDER_FOOD 531, 22, 2;
EXEC dbo.INSERT_ORDER_FOOD 579, 22, 1;
EXEC dbo.INSERT_ORDER_FOOD 352, 22, 2;
EXEC dbo.INSERT_ORDER_FOOD 506, 22, 1;
EXEC dbo.INSERT_ORDER_FOOD 517, 22, 3;
EXEC dbo.INSERT_ORDER_FOOD 531, 22, 5;
EXEC dbo.INSERT_ORDER_FOOD 517, 23, 3;
EXEC dbo.INSERT_ORDER_FOOD 556, 23, 1;
EXEC dbo.INSERT_ORDER_FOOD 316, 23, 5;
EXEC dbo.INSERT_ORDER_FOOD 13, 23, 2;
EXEC dbo.INSERT_ORDER_FOOD 7, 23, 1;
EXEC dbo.INSERT_ORDER_FOOD 135, 23, 4;
EXEC dbo.INSERT_ORDER_FOOD 24, 23, 4;
EXEC dbo.INSERT_ORDER_FOOD 56, 23, 2;
EXEC dbo.INSERT_ORDER_FOOD 407, 23, 4;
EXEC dbo.INSERT_ORDER_FOOD 79, 24, 5;
EXEC dbo.INSERT_ORDER_FOOD 370, 24, 5;
EXEC dbo.INSERT_ORDER_FOOD 576, 24, 4;
EXEC dbo.INSERT_ORDER_FOOD 119, 24, 3;
EXEC dbo.INSERT_ORDER_FOOD 265, 24, 4;
EXEC dbo.INSERT_ORDER_FOOD 511, 24, 3;
EXEC dbo.INSERT_ORDER_FOOD 265, 24, 1;
EXEC dbo.INSERT_ORDER_FOOD 317, 24, 4;
EXEC dbo.INSERT_ORDER_FOOD 478, 24, 1;
EXEC dbo.INSERT_ORDER_FOOD 135, 24, 1;
EXEC dbo.INSERT_ORDER_FOOD 407, 25, 5;
EXEC dbo.INSERT_ORDER_FOOD 7, 25, 3;
EXEC dbo.INSERT_ORDER_FOOD 24, 26, 1;
EXEC dbo.INSERT_ORDER_FOOD 265, 27, 5;
EXEC dbo.INSERT_ORDER_FOOD 218, 27, 1;
EXEC dbo.INSERT_ORDER_FOOD 517, 27, 5;
EXEC dbo.INSERT_ORDER_FOOD 407, 27, 2;
EXEC dbo.INSERT_ORDER_FOOD 441, 27, 1;
EXEC dbo.INSERT_ORDER_FOOD 517, 27, 3;
EXEC dbo.INSERT_ORDER_FOOD 355, 27, 3;
EXEC dbo.INSERT_ORDER_FOOD 135, 27, 1;
EXEC dbo.INSERT_ORDER_FOOD 478, 28, 5;
EXEC dbo.INSERT_ORDER_FOOD 556, 28, 3;
EXEC dbo.INSERT_ORDER_FOOD 556, 28, 1;
EXEC dbo.INSERT_ORDER_FOOD 13, 28, 2;
EXEC dbo.INSERT_ORDER_FOOD 116, 29, 2;
EXEC dbo.INSERT_ORDER_FOOD 52, 29, 5;
EXEC dbo.INSERT_ORDER_FOOD 317, 30, 5;
EXEC dbo.INSERT_ORDER_FOOD 51, 31, 1;
EXEC dbo.INSERT_ORDER_FOOD 576, 31, 5;
EXEC dbo.INSERT_ORDER_FOOD 24, 31, 5;
EXEC dbo.INSERT_ORDER_FOOD 481, 31, 4;
EXEC dbo.INSERT_ORDER_FOOD 51, 31, 5;
EXEC dbo.INSERT_ORDER_FOOD 116, 31, 1;
EXEC dbo.INSERT_ORDER_FOOD 370, 31, 4;
EXEC dbo.INSERT_ORDER_FOOD 402, 31, 4;
EXEC dbo.INSERT_ORDER_FOOD 501, 31, 5;
EXEC dbo.INSERT_ORDER_FOOD 13, 31, 4;
EXEC dbo.INSERT_ORDER_FOOD 576, 32, 2;
EXEC dbo.INSERT_ORDER_FOOD 355, 32, 5;
EXEC dbo.INSERT_ORDER_FOOD 46, 33, 1;
EXEC dbo.INSERT_ORDER_FOOD 13, 33, 3;
EXEC dbo.INSERT_ORDER_FOOD 355, 33, 2;
EXEC dbo.INSERT_ORDER_FOOD 506, 33, 5;
EXEC dbo.INSERT_ORDER_FOOD 237, 34, 4;
EXEC dbo.INSERT_ORDER_FOOD 478, 34, 5;
EXEC dbo.INSERT_ORDER_FOOD 135, 34, 5;
EXEC dbo.INSERT_ORDER_FOOD 119, 34, 3;
EXEC dbo.INSERT_ORDER_FOOD 116, 34, 4;
EXEC dbo.INSERT_ORDER_FOOD 402, 34, 5;
EXEC dbo.INSERT_ORDER_FOOD 13, 34, 2;
EXEC dbo.INSERT_ORDER_FOOD 116, 35, 1;
EXEC dbo.INSERT_ORDER_FOOD 506, 35, 4;
EXEC dbo.INSERT_ORDER_FOOD 7, 35, 2;
EXEC dbo.INSERT_ORDER_FOOD 221, 35, 1;
EXEC dbo.INSERT_ORDER_FOOD 579, 35, 3;
EXEC dbo.INSERT_ORDER_FOOD 135, 35, 1;
EXEC dbo.INSERT_ORDER_FOOD 218, 35, 4;
EXEC dbo.INSERT_ORDER_FOOD 579, 35, 3;
EXEC dbo.INSERT_ORDER_FOOD 481, 35, 5;
EXEC dbo.INSERT_ORDER_FOOD 52, 35, 3;
EXEC dbo.INSERT_ORDER_FOOD 56, 36, 3;
EXEC dbo.INSERT_ORDER_FOOD 79, 36, 1;
EXEC dbo.INSERT_ORDER_FOOD 531, 36, 4;
EXEC dbo.INSERT_ORDER_FOOD 265, 36, 1;
EXEC dbo.INSERT_ORDER_FOOD 501, 37, 4;
EXEC dbo.INSERT_ORDER_FOOD 402, 37, 3;
EXEC dbo.INSERT_ORDER_FOOD 218, 37, 1;
EXEC dbo.INSERT_ORDER_FOOD 52, 37, 1;
EXEC dbo.INSERT_ORDER_FOOD 51, 38, 2;
EXEC dbo.INSERT_ORDER_FOOD 370, 38, 4;
EXEC dbo.INSERT_ORDER_FOOD 370, 38, 1;
EXEC dbo.INSERT_ORDER_FOOD 24, 38, 3;
EXEC dbo.INSERT_ORDER_FOOD 402, 38, 1;
EXEC dbo.INSERT_ORDER_FOOD 501, 38, 3;
EXEC dbo.INSERT_ORDER_FOOD 24, 38, 5;
EXEC dbo.INSERT_ORDER_FOOD 46, 38, 2;
EXEC dbo.INSERT_ORDER_FOOD 46, 39, 4;
EXEC dbo.INSERT_ORDER_FOOD 265, 39, 4;
EXEC dbo.INSERT_ORDER_FOOD 116, 39, 2;
EXEC dbo.INSERT_ORDER_FOOD 146, 39, 5;
EXEC dbo.INSERT_ORDER_FOOD 7, 39, 5;
EXEC dbo.INSERT_ORDER_FOOD 481, 39, 1;
EXEC dbo.INSERT_ORDER_FOOD 370, 40, 4;
EXEC dbo.INSERT_ORDER_FOOD 56, 40, 4;
EXEC dbo.INSERT_ORDER_FOOD 52, 40, 5;
EXEC dbo.INSERT_ORDER_FOOD 265, 40, 4;
EXEC dbo.INSERT_ORDER_FOOD 370, 40, 3;
EXEC dbo.INSERT_ORDER_FOOD 135, 40, 1;
EXEC dbo.INSERT_ORDER_FOOD 481, 40, 3;
EXEC dbo.INSERT_ORDER_FOOD 135, 40, 4;
EXEC dbo.INSERT_ORDER_FOOD 221, 40, 2;
EXEC dbo.INSERT_ORDER_FOOD 211, 1, 2;
EXEC dbo.INSERT_ORDER_FOOD 188, 2, 1;
EXEC dbo.INSERT_ORDER_FOOD 235, 2, 5;
EXEC dbo.INSERT_ORDER_FOOD 474, 2, 3;
EXEC dbo.INSERT_ORDER_FOOD 404, 3, 5;
EXEC dbo.INSERT_ORDER_FOOD 377, 3, 3;
EXEC dbo.INSERT_ORDER_FOOD 115, 3, 3;
EXEC dbo.INSERT_ORDER_FOOD 381, 4, 2;
EXEC dbo.INSERT_ORDER_FOOD 534, 4, 1;
EXEC dbo.INSERT_ORDER_FOOD 204, 5, 4;
EXEC dbo.INSERT_ORDER_FOOD 235, 5, 5;
EXEC dbo.INSERT_ORDER_FOOD 358, 6, 3;
EXEC dbo.INSERT_ORDER_FOOD 319, 6, 5;
EXEC dbo.INSERT_ORDER_FOOD 258, 6, 3;
EXEC dbo.INSERT_ORDER_FOOD 92, 6, 4;
EXEC dbo.INSERT_ORDER_FOOD 138, 6, 1;
EXEC dbo.INSERT_ORDER_FOOD 358, 6, 2;
EXEC dbo.INSERT_ORDER_FOOD 257, 7, 4;
EXEC dbo.INSERT_ORDER_FOOD 377, 7, 2;
EXEC dbo.INSERT_ORDER_FOOD 530, 7, 4;
EXEC dbo.INSERT_ORDER_FOOD 393, 7, 4;
EXEC dbo.INSERT_ORDER_FOOD 404, 7, 1;
EXEC dbo.INSERT_ORDER_FOOD 307, 7, 5;
EXEC dbo.INSERT_ORDER_FOOD 442, 7, 3;
EXEC dbo.INSERT_ORDER_FOOD 115, 7, 2;
EXEC dbo.INSERT_ORDER_FOOD 235, 8, 5;
EXEC dbo.INSERT_ORDER_FOOD 149, 8, 2;
EXEC dbo.INSERT_ORDER_FOOD 211, 8, 5;
EXEC dbo.INSERT_ORDER_FOOD 358, 8, 5;
EXEC dbo.INSERT_ORDER_FOOD 381, 8, 3;
EXEC dbo.INSERT_ORDER_FOOD 350, 8, 4;
EXEC dbo.INSERT_ORDER_FOOD 530, 9, 3;
EXEC dbo.INSERT_ORDER_FOOD 26, 9, 5;
EXEC dbo.INSERT_ORDER_FOOD 138, 9, 1;
EXEC dbo.INSERT_ORDER_FOOD 591, 9, 2;
EXEC dbo.INSERT_ORDER_FOOD 138, 9, 1;
EXEC dbo.INSERT_ORDER_FOOD 404, 9, 5;
EXEC dbo.INSERT_ORDER_FOOD 393, 9, 3;
EXEC dbo.INSERT_ORDER_FOOD 381, 10, 4;
EXEC dbo.INSERT_ORDER_FOOD 115, 10, 3;
EXEC dbo.INSERT_ORDER_FOOD 404, 10, 4;
EXEC dbo.INSERT_ORDER_FOOD 377, 10, 3;
EXEC dbo.INSERT_ORDER_FOOD 181, 10, 1;
EXEC dbo.INSERT_ORDER_FOOD 204, 11, 1;
EXEC dbo.INSERT_ORDER_FOOD 319, 11, 4;
EXEC dbo.INSERT_ORDER_FOOD 591, 11, 2;
EXEC dbo.INSERT_ORDER_FOOD 377, 11, 4;
EXEC dbo.INSERT_ORDER_FOOD 188, 11, 1;
EXEC dbo.INSERT_ORDER_FOOD 536, 11, 4;
EXEC dbo.INSERT_ORDER_FOOD 491, 12, 1;
EXEC dbo.INSERT_ORDER_FOOD 596, 12, 5;
EXEC dbo.INSERT_ORDER_FOOD 491, 12, 1;
EXEC dbo.INSERT_ORDER_FOOD 257, 12, 5;
EXEC dbo.INSERT_ORDER_FOOD 211, 12, 2;
EXEC dbo.INSERT_ORDER_FOOD 288, 12, 1;
EXEC dbo.INSERT_ORDER_FOOD 404, 13, 2;
EXEC dbo.INSERT_ORDER_FOOD 281, 13, 5;
EXEC dbo.INSERT_ORDER_FOOD 565, 13, 1;
EXEC dbo.INSERT_ORDER_FOOD 491, 13, 3;
EXEC dbo.INSERT_ORDER_FOOD 422, 13, 1;
EXEC dbo.INSERT_ORDER_FOOD 319, 13, 4;
EXEC dbo.INSERT_ORDER_FOOD 188, 13, 2;
EXEC dbo.INSERT_ORDER_FOOD 377, 13, 4;
EXEC dbo.INSERT_ORDER_FOOD 235, 14, 1;
EXEC dbo.INSERT_ORDER_FOOD 115, 14, 3;
EXEC dbo.INSERT_ORDER_FOOD 92, 15, 5;
EXEC dbo.INSERT_ORDER_FOOD 381, 15, 3;
EXEC dbo.INSERT_ORDER_FOOD 235, 15, 2;
EXEC dbo.INSERT_ORDER_FOOD 281, 15, 1;
EXEC dbo.INSERT_ORDER_FOOD 393, 15, 1;
EXEC dbo.INSERT_ORDER_FOOD 43, 15, 1;
EXEC dbo.INSERT_ORDER_FOOD 181, 15, 1;
EXEC dbo.INSERT_ORDER_FOOD 381, 16, 2;
EXEC dbo.INSERT_ORDER_FOOD 211, 16, 4;
EXEC dbo.INSERT_ORDER_FOOD 381, 16, 1;
EXEC dbo.INSERT_ORDER_FOOD 188, 16, 1;
EXEC dbo.INSERT_ORDER_FOOD 257, 16, 2;
EXEC dbo.INSERT_ORDER_FOOD 26, 17, 2;
EXEC dbo.INSERT_ORDER_FOOD 288, 18, 5;
EXEC dbo.INSERT_ORDER_FOOD 479, 18, 2;
EXEC dbo.INSERT_ORDER_FOOD 393, 18, 5;
EXEC dbo.INSERT_ORDER_FOOD 257, 18, 1;
EXEC dbo.INSERT_ORDER_FOOD 94, 18, 2;
EXEC dbo.INSERT_ORDER_FOOD 530, 19, 2;
EXEC dbo.INSERT_ORDER_FOOD 235, 20, 1;
EXEC dbo.INSERT_ORDER_FOOD 530, 21, 5;
EXEC dbo.INSERT_ORDER_FOOD 235, 21, 2;
EXEC dbo.INSERT_ORDER_FOOD 183, 21, 4;
EXEC dbo.INSERT_ORDER_FOOD 377, 21, 1;
EXEC dbo.INSERT_ORDER_FOOD 530, 22, 4;
EXEC dbo.INSERT_ORDER_FOOD 565, 22, 5;
EXEC dbo.INSERT_ORDER_FOOD 534, 22, 2;
EXEC dbo.INSERT_ORDER_FOOD 258, 22, 3;
EXEC dbo.INSERT_ORDER_FOOD 404, 22, 3;
EXEC dbo.INSERT_ORDER_FOOD 358, 22, 4;
EXEC dbo.INSERT_ORDER_FOOD 211, 22, 1;
EXEC dbo.INSERT_ORDER_FOOD 491, 22, 3;
EXEC dbo.INSERT_ORDER_FOOD 479, 22, 2;
EXEC dbo.INSERT_ORDER_FOOD 536, 22, 2;
EXEC dbo.INSERT_ORDER_FOOD 491, 23, 5;
EXEC dbo.INSERT_ORDER_FOOD 115, 23, 4;
EXEC dbo.INSERT_ORDER_FOOD 167, 23, 1;
EXEC dbo.INSERT_ORDER_FOOD 474, 23, 2;
EXEC dbo.INSERT_ORDER_FOOD 43, 24, 2;
EXEC dbo.INSERT_ORDER_FOOD 204, 24, 2;
EXEC dbo.INSERT_ORDER_FOOD 288, 25, 4;
EXEC dbo.INSERT_ORDER_FOOD 377, 25, 2;
EXEC dbo.INSERT_ORDER_FOOD 491, 25, 2;
EXEC dbo.INSERT_ORDER_FOOD 393, 25, 3;
EXEC dbo.INSERT_ORDER_FOOD 381, 25, 5;
EXEC dbo.INSERT_ORDER_FOOD 167, 25, 4;
EXEC dbo.INSERT_ORDER_FOOD 204, 25, 5;
EXEC dbo.INSERT_ORDER_FOOD 26, 25, 1;
EXEC dbo.INSERT_ORDER_FOOD 211, 25, 2;
EXEC dbo.INSERT_ORDER_FOOD 377, 25, 2;
EXEC dbo.INSERT_ORDER_FOOD 358, 26, 1;
EXEC dbo.INSERT_ORDER_FOOD 204, 26, 1;
EXEC dbo.INSERT_ORDER_FOOD 167, 26, 5;
EXEC dbo.INSERT_ORDER_FOOD 188, 27, 4;
EXEC dbo.INSERT_ORDER_FOOD 596, 27, 4;
EXEC dbo.INSERT_ORDER_FOOD 257, 27, 5;
EXEC dbo.INSERT_ORDER_FOOD 358, 27, 1;
EXEC dbo.INSERT_ORDER_FOOD 258, 27, 3;
EXEC dbo.INSERT_ORDER_FOOD 381, 27, 4;
EXEC dbo.INSERT_ORDER_FOOD 474, 27, 1;
EXEC dbo.INSERT_ORDER_FOOD 596, 28, 1;
EXEC dbo.INSERT_ORDER_FOOD 350, 28, 5;
EXEC dbo.INSERT_ORDER_FOOD 422, 28, 5;
EXEC dbo.INSERT_ORDER_FOOD 377, 28, 1;
EXEC dbo.INSERT_ORDER_FOOD 149, 29, 1;
EXEC dbo.INSERT_ORDER_FOOD 393, 29, 2;
EXEC dbo.INSERT_ORDER_FOOD 393, 29, 1;
EXEC dbo.INSERT_ORDER_FOOD 491, 29, 2;
EXEC dbo.INSERT_ORDER_FOOD 204, 29, 4;
EXEC dbo.INSERT_ORDER_FOOD 181, 29, 4;
EXEC dbo.INSERT_ORDER_FOOD 204, 29, 3;
EXEC dbo.INSERT_ORDER_FOOD 115, 30, 4;
EXEC dbo.INSERT_ORDER_FOOD 204, 30, 5;
EXEC dbo.INSERT_ORDER_FOOD 530, 30, 5;
EXEC dbo.INSERT_ORDER_FOOD 288, 31, 3;
EXEC dbo.INSERT_ORDER_FOOD 358, 31, 4;
EXEC dbo.INSERT_ORDER_FOOD 474, 31, 2;
EXEC dbo.INSERT_ORDER_FOOD 534, 31, 3;
EXEC dbo.INSERT_ORDER_FOOD 377, 31, 4;
EXEC dbo.INSERT_ORDER_FOOD 204, 31, 1;
EXEC dbo.INSERT_ORDER_FOOD 115, 31, 5;
EXEC dbo.INSERT_ORDER_FOOD 479, 32, 3;
EXEC dbo.INSERT_ORDER_FOOD 26, 32, 4;
EXEC dbo.INSERT_ORDER_FOOD 350, 32, 1;
EXEC dbo.INSERT_ORDER_FOOD 115, 32, 1;
EXEC dbo.INSERT_ORDER_FOOD 211, 32, 4;
EXEC dbo.INSERT_ORDER_FOOD 393, 33, 3;
EXEC dbo.INSERT_ORDER_FOOD 188, 33, 1;
EXEC dbo.INSERT_ORDER_FOOD 204, 33, 2;
EXEC dbo.INSERT_ORDER_FOOD 377, 34, 4;
EXEC dbo.INSERT_ORDER_FOOD 288, 34, 3;
EXEC dbo.INSERT_ORDER_FOOD 350, 34, 3;
EXEC dbo.INSERT_ORDER_FOOD 393, 34, 1;
EXEC dbo.INSERT_ORDER_FOOD 307, 34, 4;
EXEC dbo.INSERT_ORDER_FOOD 442, 34, 4;
EXEC dbo.INSERT_ORDER_FOOD 442, 35, 5;
EXEC dbo.INSERT_ORDER_FOOD 281, 35, 5;
EXEC dbo.INSERT_ORDER_FOOD 350, 35, 2;
EXEC dbo.INSERT_ORDER_FOOD 138, 35, 3;
EXEC dbo.INSERT_ORDER_FOOD 377, 35, 2;
EXEC dbo.INSERT_ORDER_FOOD 377, 35, 4;
EXEC dbo.INSERT_ORDER_FOOD 596, 35, 3;
EXEC dbo.INSERT_ORDER_FOOD 404, 36, 1;
EXEC dbo.INSERT_ORDER_FOOD 188, 36, 5;
EXEC dbo.INSERT_ORDER_FOOD 381, 36, 5;
EXEC dbo.INSERT_ORDER_FOOD 491, 36, 2;
EXEC dbo.INSERT_ORDER_FOOD 442, 36, 2;
EXEC dbo.INSERT_ORDER_FOOD 235, 36, 3;
EXEC dbo.INSERT_ORDER_FOOD 281, 36, 4;
EXEC dbo.INSERT_ORDER_FOOD 257, 36, 2;
EXEC dbo.INSERT_ORDER_FOOD 43, 36, 4;
EXEC dbo.INSERT_ORDER_FOOD 26, 36, 5;
EXEC dbo.INSERT_ORDER_FOOD 204, 37, 1;
EXEC dbo.INSERT_ORDER_FOOD 383, 37, 1;
EXEC dbo.INSERT_ORDER_FOOD 319, 37, 4;
EXEC dbo.INSERT_ORDER_FOOD 479, 37, 2;
EXEC dbo.INSERT_ORDER_FOOD 536, 38, 2;
EXEC dbo.INSERT_ORDER_FOOD 377, 38, 5;
EXEC dbo.INSERT_ORDER_FOOD 257, 39, 4;
EXEC dbo.INSERT_ORDER_FOOD 26, 39, 1;
EXEC dbo.INSERT_ORDER_FOOD 258, 39, 3;
EXEC dbo.INSERT_ORDER_FOOD 358, 39, 5;
EXEC dbo.INSERT_ORDER_FOOD 181, 39, 3;
EXEC dbo.INSERT_ORDER_FOOD 530, 39, 5;
EXEC dbo.INSERT_ORDER_FOOD 442, 39, 2;
EXEC dbo.INSERT_ORDER_FOOD 422, 40, 5;
EXEC dbo.INSERT_ORDER_FOOD 94, 40, 4;
EXEC dbo.INSERT_ORDER_FOOD 95, 1, 3;
EXEC dbo.INSERT_ORDER_FOOD 41, 1, 2;
EXEC dbo.INSERT_ORDER_FOOD 464, 1, 4;
EXEC dbo.INSERT_ORDER_FOOD 593, 1, 4;
EXEC dbo.INSERT_ORDER_FOOD 86, 1, 3;
EXEC dbo.INSERT_ORDER_FOOD 86, 1, 5;
EXEC dbo.INSERT_ORDER_FOOD 588, 1, 5;
EXEC dbo.INSERT_ORDER_FOOD 169, 1, 1;
EXEC dbo.INSERT_ORDER_FOOD 349, 1, 3;
EXEC dbo.INSERT_ORDER_FOOD 114, 2, 2;
EXEC dbo.INSERT_ORDER_FOOD 457, 2, 3;
EXEC dbo.INSERT_ORDER_FOOD 380, 2, 2;
EXEC dbo.INSERT_ORDER_FOOD 168, 2, 2;
EXEC dbo.INSERT_ORDER_FOOD 98, 2, 1;
EXEC dbo.INSERT_ORDER_FOOD 359, 2, 3;
EXEC dbo.INSERT_ORDER_FOOD 74, 2, 3;
EXEC dbo.INSERT_ORDER_FOOD 242, 3, 3;
EXEC dbo.INSERT_ORDER_FOOD 337, 3, 3;
EXEC dbo.INSERT_ORDER_FOOD 365, 3, 4;
EXEC dbo.INSERT_ORDER_FOOD 593, 3, 5;
EXEC dbo.INSERT_ORDER_FOOD 95, 3, 4;
EXEC dbo.INSERT_ORDER_FOOD 77, 3, 4;
EXEC dbo.INSERT_ORDER_FOOD 273, 3, 5;
EXEC dbo.INSERT_ORDER_FOOD 160, 3, 3;
EXEC dbo.INSERT_ORDER_FOOD 114, 4, 3;
EXEC dbo.INSERT_ORDER_FOOD 88, 4, 2;
EXEC dbo.INSERT_ORDER_FOOD 415, 4, 4;
EXEC dbo.INSERT_ORDER_FOOD 464, 4, 1;
EXEC dbo.INSERT_ORDER_FOOD 114, 4, 4;
EXEC dbo.INSERT_ORDER_FOOD 380, 4, 2;
EXEC dbo.INSERT_ORDER_FOOD 242, 4, 5;
EXEC dbo.INSERT_ORDER_FOOD 337, 4, 3;
EXEC dbo.INSERT_ORDER_FOOD 447, 4, 1;
EXEC dbo.INSERT_ORDER_FOOD 342, 5, 2;
EXEC dbo.INSERT_ORDER_FOOD 342, 5, 5;
EXEC dbo.INSERT_ORDER_FOOD 359, 5, 4;
EXEC dbo.INSERT_ORDER_FOOD 159, 5, 1;
EXEC dbo.INSERT_ORDER_FOOD 88, 5, 4;
EXEC dbo.INSERT_ORDER_FOOD 41, 5, 4;
EXEC dbo.INSERT_ORDER_FOOD 124, 6, 3;
EXEC dbo.INSERT_ORDER_FOOD 575, 6, 2;
EXEC dbo.INSERT_ORDER_FOOD 169, 6, 5;
EXEC dbo.INSERT_ORDER_FOOD 133, 6, 2;
EXEC dbo.INSERT_ORDER_FOOD 269, 6, 4;
EXEC dbo.INSERT_ORDER_FOOD 291, 6, 3;
EXEC dbo.INSERT_ORDER_FOOD 342, 6, 5;
EXEC dbo.INSERT_ORDER_FOOD 337, 6, 1;
EXEC dbo.INSERT_ORDER_FOOD 273, 6, 4;
EXEC dbo.INSERT_ORDER_FOOD 464, 7, 4;
EXEC dbo.INSERT_ORDER_FOOD 74, 7, 3;
EXEC dbo.INSERT_ORDER_FOOD 178, 7, 5;
EXEC dbo.INSERT_ORDER_FOOD 593, 7, 4;
EXEC dbo.INSERT_ORDER_FOOD 95, 7, 3;
EXEC dbo.INSERT_ORDER_FOOD 291, 7, 1;
EXEC dbo.INSERT_ORDER_FOOD 50, 7, 4;
EXEC dbo.INSERT_ORDER_FOOD 133, 7, 3;
EXEC dbo.INSERT_ORDER_FOOD 342, 7, 2;
EXEC dbo.INSERT_ORDER_FOOD 159, 7, 4;
EXEC dbo.INSERT_ORDER_FOOD 74, 8, 3;
EXEC dbo.INSERT_ORDER_FOOD 95, 8, 1;
EXEC dbo.INSERT_ORDER_FOOD 77, 9, 3;
EXEC dbo.INSERT_ORDER_FOOD 41, 9, 3;
EXEC dbo.INSERT_ORDER_FOOD 242, 9, 5;
EXEC dbo.INSERT_ORDER_FOOD 273, 9, 5;
EXEC dbo.INSERT_ORDER_FOOD 349, 10, 2;
EXEC dbo.INSERT_ORDER_FOOD 168, 10, 5;
EXEC dbo.INSERT_ORDER_FOOD 273, 10, 2;
EXEC dbo.INSERT_ORDER_FOOD 160, 11, 1;
EXEC dbo.INSERT_ORDER_FOOD 599, 11, 5;
EXEC dbo.INSERT_ORDER_FOOD 95, 12, 1;
EXEC dbo.INSERT_ORDER_FOOD 98, 12, 1;
EXEC dbo.INSERT_ORDER_FOOD 337, 13, 4;
EXEC dbo.INSERT_ORDER_FOOD 242, 13, 3;
EXEC dbo.INSERT_ORDER_FOOD 342, 13, 5;
EXEC dbo.INSERT_ORDER_FOOD 114, 14, 3;
EXEC dbo.INSERT_ORDER_FOOD 302, 14, 4;
EXEC dbo.INSERT_ORDER_FOOD 291, 14, 1;
EXEC dbo.INSERT_ORDER_FOOD 88, 14, 3;
EXEC dbo.INSERT_ORDER_FOOD 342, 14, 4;
EXEC dbo.INSERT_ORDER_FOOD 273, 15, 3;
EXEC dbo.INSERT_ORDER_FOOD 349, 15, 4;
EXEC dbo.INSERT_ORDER_FOOD 291, 15, 5;
EXEC dbo.INSERT_ORDER_FOOD 380, 15, 5;
EXEC dbo.INSERT_ORDER_FOOD 503, 15, 2;
EXEC dbo.INSERT_ORDER_FOOD 302, 15, 3;
EXEC dbo.INSERT_ORDER_FOOD 575, 15, 5;
EXEC dbo.INSERT_ORDER_FOOD 169, 15, 4;
EXEC dbo.INSERT_ORDER_FOOD 503, 16, 1;
EXEC dbo.INSERT_ORDER_FOOD 124, 16, 1;
EXEC dbo.INSERT_ORDER_FOOD 415, 16, 3;
EXEC dbo.INSERT_ORDER_FOOD 291, 16, 4;
EXEC dbo.INSERT_ORDER_FOOD 380, 16, 3;
EXEC dbo.INSERT_ORDER_FOOD 114, 16, 1;
EXEC dbo.INSERT_ORDER_FOOD 169, 16, 5;
EXEC dbo.INSERT_ORDER_FOOD 588, 17, 1;
EXEC dbo.INSERT_ORDER_FOOD 41, 17, 4;
EXEC dbo.INSERT_ORDER_FOOD 349, 17, 3;
EXEC dbo.INSERT_ORDER_FOOD 599, 17, 2;
EXEC dbo.INSERT_ORDER_FOOD 41, 17, 4;
EXEC dbo.INSERT_ORDER_FOOD 41, 18, 3;
EXEC dbo.INSERT_ORDER_FOOD 159, 18, 2;
EXEC dbo.INSERT_ORDER_FOOD 503, 18, 5;
EXEC dbo.INSERT_ORDER_FOOD 169, 18, 5;
EXEC dbo.INSERT_ORDER_FOOD 380, 18, 1;
EXEC dbo.INSERT_ORDER_FOOD 159, 19, 3;
EXEC dbo.INSERT_ORDER_FOOD 380, 19, 5;
EXEC dbo.INSERT_ORDER_FOOD 242, 19, 5;
EXEC dbo.INSERT_ORDER_FOOD 447, 19, 2;
EXEC dbo.INSERT_ORDER_FOOD 415, 19, 2;
EXEC dbo.INSERT_ORDER_FOOD 349, 19, 4;
EXEC dbo.INSERT_ORDER_FOOD 242, 19, 2;
EXEC dbo.INSERT_ORDER_FOOD 575, 19, 4;
EXEC dbo.INSERT_ORDER_FOOD 77, 19, 2;
EXEC dbo.INSERT_ORDER_FOOD 588, 20, 3;
EXEC dbo.INSERT_ORDER_FOOD 342, 20, 1;
EXEC dbo.INSERT_ORDER_FOOD 337, 20, 1;
EXEC dbo.INSERT_ORDER_FOOD 593, 20, 2;
EXEC dbo.INSERT_ORDER_FOOD 447, 20, 5;
EXEC dbo.INSERT_ORDER_FOOD 464, 20, 4;
EXEC dbo.INSERT_ORDER_FOOD 337, 20, 5;
EXEC dbo.INSERT_ORDER_FOOD 77, 20, 5;
EXEC dbo.INSERT_ORDER_FOOD 575, 21, 2;
EXEC dbo.INSERT_ORDER_FOOD 159, 21, 4;
EXEC dbo.INSERT_ORDER_FOOD 447, 21, 5;
EXEC dbo.INSERT_ORDER_FOOD 365, 21, 1;
EXEC dbo.INSERT_ORDER_FOOD 74, 21, 5;
EXEC dbo.INSERT_ORDER_FOOD 464, 21, 5;
EXEC dbo.INSERT_ORDER_FOOD 86, 21, 5;
EXEC dbo.INSERT_ORDER_FOOD 98, 21, 4;
EXEC dbo.INSERT_ORDER_FOOD 415, 21, 1;
EXEC dbo.INSERT_ORDER_FOOD 359, 21, 2;
EXEC dbo.INSERT_ORDER_FOOD 291, 22, 3;
EXEC dbo.INSERT_ORDER_FOOD 269, 22, 2;
EXEC dbo.INSERT_ORDER_FOOD 599, 22, 4;
EXEC dbo.INSERT_ORDER_FOOD 380, 22, 4;
EXEC dbo.INSERT_ORDER_FOOD 50, 22, 3;
EXEC dbo.INSERT_ORDER_FOOD 95, 22, 1;
EXEC dbo.INSERT_ORDER_FOOD 169, 22, 2;
EXEC dbo.INSERT_ORDER_FOOD 98, 23, 1;
EXEC dbo.INSERT_ORDER_FOOD 464, 23, 1;
EXEC dbo.INSERT_ORDER_FOOD 178, 23, 5;
EXEC dbo.INSERT_ORDER_FOOD 41, 23, 4;
EXEC dbo.INSERT_ORDER_FOOD 588, 23, 1;
EXEC dbo.INSERT_ORDER_FOOD 159, 23, 5;
EXEC dbo.INSERT_ORDER_FOOD 503, 23, 1;
EXEC dbo.INSERT_ORDER_FOOD 269, 23, 3;
EXEC dbo.INSERT_ORDER_FOOD 359, 23, 1;
EXEC dbo.INSERT_ORDER_FOOD 365, 24, 2;
EXEC dbo.INSERT_ORDER_FOOD 447, 24, 2;
EXEC dbo.INSERT_ORDER_FOOD 365, 24, 1;
EXEC dbo.INSERT_ORDER_FOOD 349, 24, 5;
EXEC dbo.INSERT_ORDER_FOOD 365, 24, 3;
EXEC dbo.INSERT_ORDER_FOOD 302, 24, 5;
EXEC dbo.INSERT_ORDER_FOOD 86, 25, 3;
EXEC dbo.INSERT_ORDER_FOOD 365, 25, 4;
EXEC dbo.INSERT_ORDER_FOOD 588, 26, 3;
EXEC dbo.INSERT_ORDER_FOOD 86, 26, 5;
EXEC dbo.INSERT_ORDER_FOOD 159, 26, 3;
EXEC dbo.INSERT_ORDER_FOOD 380, 27, 1;
EXEC dbo.INSERT_ORDER_FOOD 88, 27, 2;
EXEC dbo.INSERT_ORDER_FOOD 168, 27, 1;
EXEC dbo.INSERT_ORDER_FOOD 473, 27, 1;
EXEC dbo.INSERT_ORDER_FOOD 98, 27, 3;
EXEC dbo.INSERT_ORDER_FOOD 269, 27, 5;
EXEC dbo.INSERT_ORDER_FOOD 291, 27, 3;
EXEC dbo.INSERT_ORDER_FOOD 242, 27, 1;
EXEC dbo.INSERT_ORDER_FOOD 599, 27, 2;
EXEC dbo.INSERT_ORDER_FOOD 269, 27, 2;
EXEC dbo.INSERT_ORDER_FOOD 88, 28, 3;
EXEC dbo.INSERT_ORDER_FOOD 41, 28, 2;
EXEC dbo.INSERT_ORDER_FOOD 457, 28, 5;
EXEC dbo.INSERT_ORDER_FOOD 86, 28, 1;
EXEC dbo.INSERT_ORDER_FOOD 503, 28, 5;
EXEC dbo.INSERT_ORDER_FOOD 291, 28, 1;
EXEC dbo.INSERT_ORDER_FOOD 86, 29, 4;
EXEC dbo.INSERT_ORDER_FOOD 503, 29, 1;
EXEC dbo.INSERT_ORDER_FOOD 457, 29, 1;
EXEC dbo.INSERT_ORDER_FOOD 95, 29, 4;
EXEC dbo.INSERT_ORDER_FOOD 503, 29, 1;
EXEC dbo.INSERT_ORDER_FOOD 50, 29, 4;
EXEC dbo.INSERT_ORDER_FOOD 342, 29, 2;
EXEC dbo.INSERT_ORDER_FOOD 415, 30, 2;
EXEC dbo.INSERT_ORDER_FOOD 133, 30, 2;
EXEC dbo.INSERT_ORDER_FOOD 457, 30, 5;
EXEC dbo.INSERT_ORDER_FOOD 503, 30, 5;
EXEC dbo.INSERT_ORDER_FOOD 160, 30, 3;
EXEC dbo.INSERT_ORDER_FOOD 95, 31, 2;
EXEC dbo.INSERT_ORDER_FOOD 273, 31, 1;
EXEC dbo.INSERT_ORDER_FOOD 114, 31, 5;
EXEC dbo.INSERT_ORDER_FOOD 41, 31, 4;
EXEC dbo.INSERT_ORDER_FOOD 95, 31, 4;
EXEC dbo.INSERT_ORDER_FOOD 169, 31, 2;
EXEC dbo.INSERT_ORDER_FOOD 337, 31, 4;
EXEC dbo.INSERT_ORDER_FOOD 242, 31, 4;
EXEC dbo.INSERT_ORDER_FOOD 447, 31, 2;
EXEC dbo.INSERT_ORDER_FOOD 178, 32, 5;
EXEC dbo.INSERT_ORDER_FOOD 447, 32, 1;
EXEC dbo.INSERT_ORDER_FOOD 359, 32, 4;
EXEC dbo.INSERT_ORDER_FOOD 98, 32, 1;
EXEC dbo.INSERT_ORDER_FOOD 77, 32, 1;
EXEC dbo.INSERT_ORDER_FOOD 77, 33, 2;
EXEC dbo.INSERT_ORDER_FOOD 86, 33, 5;
EXEC dbo.INSERT_ORDER_FOOD 349, 33, 3;
EXEC dbo.INSERT_ORDER_FOOD 349, 33, 2;
EXEC dbo.INSERT_ORDER_FOOD 86, 33, 4;
EXEC dbo.INSERT_ORDER_FOOD 503, 34, 5;
EXEC dbo.INSERT_ORDER_FOOD 337, 34, 1;
EXEC dbo.INSERT_ORDER_FOOD 74, 34, 5;
EXEC dbo.INSERT_ORDER_FOOD 178, 35, 2;
EXEC dbo.INSERT_ORDER_FOOD 273, 36, 2;
EXEC dbo.INSERT_ORDER_FOOD 380, 36, 5;
EXEC dbo.INSERT_ORDER_FOOD 503, 36, 4;
EXEC dbo.INSERT_ORDER_FOOD 599, 36, 2;
EXEC dbo.INSERT_ORDER_FOOD 77, 36, 3;
EXEC dbo.INSERT_ORDER_FOOD 114, 36, 3;
EXEC dbo.INSERT_ORDER_FOOD 593, 36, 4;
EXEC dbo.INSERT_ORDER_FOOD 503, 37, 5;
EXEC dbo.INSERT_ORDER_FOOD 86, 37, 3;
EXEC dbo.INSERT_ORDER_FOOD 342, 37, 5;
EXEC dbo.INSERT_ORDER_FOOD 464, 37, 4;
EXEC dbo.INSERT_ORDER_FOOD 593, 37, 3;
EXEC dbo.INSERT_ORDER_FOOD 447, 37, 3;
EXEC dbo.INSERT_ORDER_FOOD 50, 37, 1;
EXEC dbo.INSERT_ORDER_FOOD 74, 37, 1;
EXEC dbo.INSERT_ORDER_FOOD 168, 37, 4;
EXEC dbo.INSERT_ORDER_FOOD 273, 38, 3;
EXEC dbo.INSERT_ORDER_FOOD 169, 38, 1;
EXEC dbo.INSERT_ORDER_FOOD 88, 39, 1;
EXEC dbo.INSERT_ORDER_FOOD 74, 39, 5;
EXEC dbo.INSERT_ORDER_FOOD 457, 39, 5;
EXEC dbo.INSERT_ORDER_FOOD 160, 39, 5;
EXEC dbo.INSERT_ORDER_FOOD 159, 40, 3;
EXEC dbo.INSERT_ORDER_FOOD 98, 40, 1;
EXEC dbo.INSERT_ORDER_FOOD 342, 40, 1;
EXEC dbo.INSERT_ORDER_FOOD 133, 40, 2;
EXEC dbo.INSERT_ORDER_FOOD 447, 40, 2;
EXEC dbo.INSERT_ORDER_FOOD 363, 1, 1;
EXEC dbo.INSERT_ORDER_FOOD 243, 1, 3;
EXEC dbo.INSERT_ORDER_FOOD 241, 1, 1;
EXEC dbo.INSERT_ORDER_FOOD 335, 2, 2;
EXEC dbo.INSERT_ORDER_FOOD 552, 3, 3;
EXEC dbo.INSERT_ORDER_FOOD 228, 3, 5;
EXEC dbo.INSERT_ORDER_FOOD 301, 3, 5;
EXEC dbo.INSERT_ORDER_FOOD 566, 3, 3;
EXEC dbo.INSERT_ORDER_FOOD 552, 3, 5;
EXEC dbo.INSERT_ORDER_FOOD 386, 3, 5;
EXEC dbo.INSERT_ORDER_FOOD 311, 3, 5;
EXEC dbo.INSERT_ORDER_FOOD 243, 3, 1;
EXEC dbo.INSERT_ORDER_FOOD 417, 3, 1;
EXEC dbo.INSERT_ORDER_FOOD 282, 3, 3;
EXEC dbo.INSERT_ORDER_FOOD 470, 4, 3;
EXEC dbo.INSERT_ORDER_FOOD 552, 4, 1;
EXEC dbo.INSERT_ORDER_FOOD 417, 4, 2;
EXEC dbo.INSERT_ORDER_FOOD 62, 4, 4;
EXEC dbo.INSERT_ORDER_FOOD 228, 5, 1;
EXEC dbo.INSERT_ORDER_FOOD 3, 5, 2;
EXEC dbo.INSERT_ORDER_FOOD 4, 5, 5;
EXEC dbo.INSERT_ORDER_FOOD 598, 5, 4;
EXEC dbo.INSERT_ORDER_FOOD 412, 6, 1;
EXEC dbo.INSERT_ORDER_FOOD 417, 6, 4;
EXEC dbo.INSERT_ORDER_FOOD 299, 6, 1;
EXEC dbo.INSERT_ORDER_FOOD 412, 7, 1;
EXEC dbo.INSERT_ORDER_FOOD 215, 7, 5;
EXEC dbo.INSERT_ORDER_FOOD 552, 7, 4;
EXEC dbo.INSERT_ORDER_FOOD 299, 7, 4;
EXEC dbo.INSERT_ORDER_FOOD 241, 7, 2;
EXEC dbo.INSERT_ORDER_FOOD 548, 7, 4;
EXEC dbo.INSERT_ORDER_FOOD 97, 7, 3;
EXEC dbo.INSERT_ORDER_FOOD 186, 7, 2;
EXEC dbo.INSERT_ORDER_FOOD 62, 7, 5;
EXEC dbo.INSERT_ORDER_FOOD 131, 8, 5;
EXEC dbo.INSERT_ORDER_FOOD 97, 8, 2;
EXEC dbo.INSERT_ORDER_FOOD 214, 8, 3;
EXEC dbo.INSERT_ORDER_FOOD 335, 8, 2;
EXEC dbo.INSERT_ORDER_FOOD 390, 8, 5;
EXEC dbo.INSERT_ORDER_FOOD 566, 8, 5;
EXEC dbo.INSERT_ORDER_FOOD 243, 8, 5;
EXEC dbo.INSERT_ORDER_FOOD 214, 8, 5;
EXEC dbo.INSERT_ORDER_FOOD 488, 9, 2;
EXEC dbo.INSERT_ORDER_FOOD 386, 9, 1;
EXEC dbo.INSERT_ORDER_FOOD 311, 9, 4;
EXEC dbo.INSERT_ORDER_FOOD 335, 9, 3;
EXEC dbo.INSERT_ORDER_FOOD 488, 9, 1;
EXEC dbo.INSERT_ORDER_FOOD 335, 10, 4;
EXEC dbo.INSERT_ORDER_FOOD 548, 10, 5;
EXEC dbo.INSERT_ORDER_FOOD 454, 10, 2;
EXEC dbo.INSERT_ORDER_FOOD 243, 10, 4;
EXEC dbo.INSERT_ORDER_FOOD 548, 10, 2;
EXEC dbo.INSERT_ORDER_FOOD 266, 10, 2;
EXEC dbo.INSERT_ORDER_FOOD 470, 10, 1;
EXEC dbo.INSERT_ORDER_FOOD 266, 11, 5;
EXEC dbo.INSERT_ORDER_FOOD 215, 11, 3;
EXEC dbo.INSERT_ORDER_FOOD 301, 11, 2;
EXEC dbo.INSERT_ORDER_FOOD 157, 11, 5;
EXEC dbo.INSERT_ORDER_FOOD 558, 11, 1;
EXEC dbo.INSERT_ORDER_FOOD 282, 11, 2;
EXEC dbo.INSERT_ORDER_FOOD 157, 11, 2;
EXEC dbo.INSERT_ORDER_FOOD 515, 12, 4;
EXEC dbo.INSERT_ORDER_FOOD 12, 12, 4;
EXEC dbo.INSERT_ORDER_FOOD 542, 12, 3;
EXEC dbo.INSERT_ORDER_FOOD 372, 12, 1;
EXEC dbo.INSERT_ORDER_FOOD 390, 12, 2;
EXEC dbo.INSERT_ORDER_FOOD 598, 12, 3;
EXEC dbo.INSERT_ORDER_FOOD 412, 12, 1;
EXEC dbo.INSERT_ORDER_FOOD 335, 13, 5;
EXEC dbo.INSERT_ORDER_FOOD 470, 13, 1;
EXEC dbo.INSERT_ORDER_FOOD 346, 13, 5;
EXEC dbo.INSERT_ORDER_FOOD 282, 14, 3;
EXEC dbo.INSERT_ORDER_FOOD 311, 14, 4;
EXEC dbo.INSERT_ORDER_FOOD 131, 14, 3;
EXEC dbo.INSERT_ORDER_FOOD 311, 14, 2;
EXEC dbo.INSERT_ORDER_FOOD 412, 14, 3;
EXEC dbo.INSERT_ORDER_FOOD 266, 14, 3;
EXEC dbo.INSERT_ORDER_FOOD 346, 14, 2;
EXEC dbo.INSERT_ORDER_FOOD 598, 14, 4;
EXEC dbo.INSERT_ORDER_FOOD 266, 14, 4;
EXEC dbo.INSERT_ORDER_FOOD 488, 14, 1;
EXEC dbo.INSERT_ORDER_FOOD 598, 15, 1;
EXEC dbo.INSERT_ORDER_FOOD 157, 16, 5;
EXEC dbo.INSERT_ORDER_FOOD 552, 16, 4;
EXEC dbo.INSERT_ORDER_FOOD 186, 16, 3;
EXEC dbo.INSERT_ORDER_FOOD 97, 17, 2;
EXEC dbo.INSERT_ORDER_FOOD 296, 17, 1;
EXEC dbo.INSERT_ORDER_FOOD 243, 17, 1;
EXEC dbo.INSERT_ORDER_FOOD 542, 17, 4;
EXEC dbo.INSERT_ORDER_FOOD 548, 17, 4;
EXEC dbo.INSERT_ORDER_FOOD 417, 17, 1;
EXEC dbo.INSERT_ORDER_FOOD 417, 17, 1;
EXEC dbo.INSERT_ORDER_FOOD 228, 17, 3;
EXEC dbo.INSERT_ORDER_FOOD 157, 17, 3;
EXEC dbo.INSERT_ORDER_FOOD 417, 18, 4;
EXEC dbo.INSERT_ORDER_FOOD 228, 18, 3;
EXEC dbo.INSERT_ORDER_FOOD 598, 18, 4;
EXEC dbo.INSERT_ORDER_FOOD 456, 18, 1;
EXEC dbo.INSERT_ORDER_FOOD 346, 18, 5;
EXEC dbo.INSERT_ORDER_FOOD 412, 18, 2;
EXEC dbo.INSERT_ORDER_FOOD 266, 18, 5;
EXEC dbo.INSERT_ORDER_FOOD 566, 18, 3;
EXEC dbo.INSERT_ORDER_FOOD 266, 19, 5;
EXEC dbo.INSERT_ORDER_FOOD 515, 20, 1;
EXEC dbo.INSERT_ORDER_FOOD 542, 20, 5;
EXEC dbo.INSERT_ORDER_FOOD 131, 21, 5;
EXEC dbo.INSERT_ORDER_FOOD 386, 21, 1;
EXEC dbo.INSERT_ORDER_FOOD 386, 21, 4;
EXEC dbo.INSERT_ORDER_FOOD 299, 21, 2;
EXEC dbo.INSERT_ORDER_FOOD 363, 21, 3;
EXEC dbo.INSERT_ORDER_FOOD 296, 21, 3;
EXEC dbo.INSERT_ORDER_FOOD 243, 21, 5;
EXEC dbo.INSERT_ORDER_FOOD 62, 21, 2;
EXEC dbo.INSERT_ORDER_FOOD 598, 21, 3;
EXEC dbo.INSERT_ORDER_FOOD 282, 21, 3;
EXEC dbo.INSERT_ORDER_FOOD 548, 22, 3;
EXEC dbo.INSERT_ORDER_FOOD 215, 23, 1;
EXEC dbo.INSERT_ORDER_FOOD 299, 23, 5;
EXEC dbo.INSERT_ORDER_FOOD 186, 23, 4;
EXEC dbo.INSERT_ORDER_FOOD 97, 23, 3;
EXEC dbo.INSERT_ORDER_FOOD 386, 23, 2;
EXEC dbo.INSERT_ORDER_FOOD 296, 23, 1;
EXEC dbo.INSERT_ORDER_FOOD 598, 24, 3;
EXEC dbo.INSERT_ORDER_FOOD 470, 24, 1;
EXEC dbo.INSERT_ORDER_FOOD 266, 25, 3;
EXEC dbo.INSERT_ORDER_FOOD 241, 25, 4;
EXEC dbo.INSERT_ORDER_FOOD 470, 25, 3;
EXEC dbo.INSERT_ORDER_FOOD 542, 25, 2;
EXEC dbo.INSERT_ORDER_FOOD 412, 25, 5;
EXEC dbo.INSERT_ORDER_FOOD 548, 26, 4;
EXEC dbo.INSERT_ORDER_FOOD 488, 26, 4;
EXEC dbo.INSERT_ORDER_FOOD 12, 26, 2;
EXEC dbo.INSERT_ORDER_FOOD 558, 26, 5;
EXEC dbo.INSERT_ORDER_FOOD 363, 26, 3;
EXEC dbo.INSERT_ORDER_FOOD 515, 26, 5;
EXEC dbo.INSERT_ORDER_FOOD 454, 27, 4;
EXEC dbo.INSERT_ORDER_FOOD 241, 27, 4;
EXEC dbo.INSERT_ORDER_FOOD 243, 27, 1;
EXEC dbo.INSERT_ORDER_FOOD 386, 28, 5;
EXEC dbo.INSERT_ORDER_FOOD 266, 28, 4;
EXEC dbo.INSERT_ORDER_FOOD 598, 28, 5;
EXEC dbo.INSERT_ORDER_FOOD 186, 28, 5;
EXEC dbo.INSERT_ORDER_FOOD 62, 28, 2;
EXEC dbo.INSERT_ORDER_FOOD 548, 28, 3;
EXEC dbo.INSERT_ORDER_FOOD 131, 28, 5;
EXEC dbo.INSERT_ORDER_FOOD 488, 28, 5;
EXEC dbo.INSERT_ORDER_FOOD 488, 29, 4;
EXEC dbo.INSERT_ORDER_FOOD 301, 29, 3;
EXEC dbo.INSERT_ORDER_FOOD 157, 29, 5;
EXEC dbo.INSERT_ORDER_FOOD 266, 30, 4;
EXEC dbo.INSERT_ORDER_FOOD 552, 30, 5;
EXEC dbo.INSERT_ORDER_FOOD 215, 30, 3;
EXEC dbo.INSERT_ORDER_FOOD 186, 30, 4;
EXEC dbo.INSERT_ORDER_FOOD 62, 31, 5;
EXEC dbo.INSERT_ORDER_FOOD 299, 32, 4;
EXEC dbo.INSERT_ORDER_FOOD 214, 32, 1;
EXEC dbo.INSERT_ORDER_FOOD 131, 32, 3;
EXEC dbo.INSERT_ORDER_FOOD 186, 32, 1;
EXEC dbo.INSERT_ORDER_FOOD 131, 32, 2;
EXEC dbo.INSERT_ORDER_FOOD 566, 32, 4;
EXEC dbo.INSERT_ORDER_FOOD 372, 32, 5;
EXEC dbo.INSERT_ORDER_FOOD 97, 32, 3;
EXEC dbo.INSERT_ORDER_FOOD 363, 32, 3;
EXEC dbo.INSERT_ORDER_FOOD 566, 33, 5;
EXEC dbo.INSERT_ORDER_FOOD 417, 33, 5;
EXEC dbo.INSERT_ORDER_FOOD 62, 33, 3;
EXEC dbo.INSERT_ORDER_FOOD 412, 33, 4;
EXEC dbo.INSERT_ORDER_FOOD 91, 33, 2;
EXEC dbo.INSERT_ORDER_FOOD 243, 34, 2;
EXEC dbo.INSERT_ORDER_FOOD 186, 35, 2;
EXEC dbo.INSERT_ORDER_FOOD 372, 35, 4;
EXEC dbo.INSERT_ORDER_FOOD 97, 35, 4;
EXEC dbo.INSERT_ORDER_FOOD 515, 35, 4;
EXEC dbo.INSERT_ORDER_FOOD 214, 35, 4;
EXEC dbo.INSERT_ORDER_FOOD 62, 35, 5;
EXEC dbo.INSERT_ORDER_FOOD 243, 35, 1;
EXEC dbo.INSERT_ORDER_FOOD 346, 35, 4;
EXEC dbo.INSERT_ORDER_FOOD 214, 35, 2;
EXEC dbo.INSERT_ORDER_FOOD 412, 35, 1;
EXEC dbo.INSERT_ORDER_FOOD 558, 36, 5;
EXEC dbo.INSERT_ORDER_FOOD 552, 36, 2;
EXEC dbo.INSERT_ORDER_FOOD 299, 36, 5;
EXEC dbo.INSERT_ORDER_FOOD 157, 37, 3;
EXEC dbo.INSERT_ORDER_FOOD 558, 37, 5;
EXEC dbo.INSERT_ORDER_FOOD 228, 37, 4;
EXEC dbo.INSERT_ORDER_FOOD 243, 37, 2;
EXEC dbo.INSERT_ORDER_FOOD 488, 37, 1;
EXEC dbo.INSERT_ORDER_FOOD 4, 37, 2;
EXEC dbo.INSERT_ORDER_FOOD 454, 37, 3;
EXEC dbo.INSERT_ORDER_FOOD 299, 38, 2;
EXEC dbo.INSERT_ORDER_FOOD 296, 39, 3;
EXEC dbo.INSERT_ORDER_FOOD 12, 39, 3;
EXEC dbo.INSERT_ORDER_FOOD 346, 39, 2;
EXEC dbo.INSERT_ORDER_FOOD 186, 39, 3;
EXEC dbo.INSERT_ORDER_FOOD 417, 39, 5;
EXEC dbo.INSERT_ORDER_FOOD 186, 39, 1;
EXEC dbo.INSERT_ORDER_FOOD 214, 39, 4;
EXEC dbo.INSERT_ORDER_FOOD 417, 39, 1;
EXEC dbo.INSERT_ORDER_FOOD 266, 39, 5;
EXEC dbo.INSERT_ORDER_FOOD 363, 39, 5;
EXEC dbo.INSERT_ORDER_FOOD 4, 40, 4;
EXEC dbo.INSERT_ORDER_FOOD 215, 40, 1;
EXEC dbo.INSERT_ORDER_FOOD 552, 40, 5;
EXEC dbo.INSERT_ORDER_FOOD 266, 40, 3;
EXEC dbo.INSERT_ORDER_FOOD 488, 40, 4;
EXEC dbo.INSERT_ORDER_FOOD 266, 40, 1;
EXEC dbo.INSERT_ORDER_FOOD 186, 40, 4;
EXEC dbo.INSERT_ORDER_FOOD 311, 40, 3;
EXEC dbo.INSERT_ORDER_FOOD 488, 40, 4;
EXEC dbo.INSERT_ORDER_FOOD 81, 1, 4;
EXEC dbo.INSERT_ORDER_FOOD 455, 1, 4;
EXEC dbo.INSERT_ORDER_FOOD 244, 1, 5;
EXEC dbo.INSERT_ORDER_FOOD 496, 1, 4;
EXEC dbo.INSERT_ORDER_FOOD 298, 1, 5;
EXEC dbo.INSERT_ORDER_FOOD 35, 1, 5;
EXEC dbo.INSERT_ORDER_FOOD 65, 1, 1;
EXEC dbo.INSERT_ORDER_FOOD 325, 1, 3;
EXEC dbo.INSERT_ORDER_FOOD 467, 2, 4;
EXEC dbo.INSERT_ORDER_FOOD 305, 2, 1;
EXEC dbo.INSERT_ORDER_FOOD 557, 2, 3;
EXEC dbo.INSERT_ORDER_FOOD 431, 2, 4;
EXEC dbo.INSERT_ORDER_FOOD 305, 2, 3;
EXEC dbo.INSERT_ORDER_FOOD 431, 2, 5;
EXEC dbo.INSERT_ORDER_FOOD 325, 2, 5;
EXEC dbo.INSERT_ORDER_FOOD 244, 2, 1;
EXEC dbo.INSERT_ORDER_FOOD 455, 3, 3;
EXEC dbo.INSERT_ORDER_FOOD 496, 3, 4;
EXEC dbo.INSERT_ORDER_FOOD 251, 3, 4;
EXEC dbo.INSERT_ORDER_FOOD 586, 3, 3;
EXEC dbo.INSERT_ORDER_FOOD 467, 3, 1;
EXEC dbo.INSERT_ORDER_FOOD 125, 3, 5;
EXEC dbo.INSERT_ORDER_FOOD 535, 3, 5;
EXEC dbo.INSERT_ORDER_FOOD 35, 3, 3;
EXEC dbo.INSERT_ORDER_FOOD 413, 3, 3;
EXEC dbo.INSERT_ORDER_FOOD 305, 3, 3;
EXEC dbo.INSERT_ORDER_FOOD 455, 4, 4;
EXEC dbo.INSERT_ORDER_FOOD 224, 4, 4;
EXEC dbo.INSERT_ORDER_FOOD 569, 4, 3;
EXEC dbo.INSERT_ORDER_FOOD 535, 4, 5;
EXEC dbo.INSERT_ORDER_FOOD 68, 4, 4;
EXEC dbo.INSERT_ORDER_FOOD 2, 4, 2;
EXEC dbo.INSERT_ORDER_FOOD 125, 4, 3;
EXEC dbo.INSERT_ORDER_FOOD 89, 4, 1;
EXEC dbo.INSERT_ORDER_FOOD 431, 5, 4;
EXEC dbo.INSERT_ORDER_FOOD 413, 5, 3;
EXEC dbo.INSERT_ORDER_FOOD 557, 5, 1;
EXEC dbo.INSERT_ORDER_FOOD 224, 5, 3;
EXEC dbo.INSERT_ORDER_FOOD 569, 6, 4;
EXEC dbo.INSERT_ORDER_FOOD 529, 6, 5;
EXEC dbo.INSERT_ORDER_FOOD 557, 6, 1;
EXEC dbo.INSERT_ORDER_FOOD 529, 6, 4;
EXEC dbo.INSERT_ORDER_FOOD 105, 6, 3;
EXEC dbo.INSERT_ORDER_FOOD 455, 6, 3;
EXEC dbo.INSERT_ORDER_FOOD 268, 6, 3;
EXEC dbo.INSERT_ORDER_FOOD 35, 6, 3;
EXEC dbo.INSERT_ORDER_FOOD 467, 6, 2;
EXEC dbo.INSERT_ORDER_FOOD 225, 7, 5;
EXEC dbo.INSERT_ORDER_FOOD 199, 7, 4;
EXEC dbo.INSERT_ORDER_FOOD 105, 8, 5;
EXEC dbo.INSERT_ORDER_FOOD 348, 8, 2;
EXEC dbo.INSERT_ORDER_FOOD 557, 9, 2;
EXEC dbo.INSERT_ORDER_FOOD 125, 10, 3;
EXEC dbo.INSERT_ORDER_FOOD 325, 10, 3;
EXEC dbo.INSERT_ORDER_FOOD 375, 10, 4;
EXEC dbo.INSERT_ORDER_FOOD 89, 10, 5;
EXEC dbo.INSERT_ORDER_FOOD 125, 10, 4;
EXEC dbo.INSERT_ORDER_FOOD 348, 10, 3;
EXEC dbo.INSERT_ORDER_FOOD 68, 10, 1;
EXEC dbo.INSERT_ORDER_FOOD 529, 10, 5;
EXEC dbo.INSERT_ORDER_FOOD 2, 10, 4;
EXEC dbo.INSERT_ORDER_FOOD 35, 10, 1;
EXEC dbo.INSERT_ORDER_FOOD 325, 11, 3;
EXEC dbo.INSERT_ORDER_FOOD 467, 11, 1;
EXEC dbo.INSERT_ORDER_FOOD 2, 11, 2;
EXEC dbo.INSERT_ORDER_FOOD 66, 11, 1;
EXEC dbo.INSERT_ORDER_FOOD 375, 11, 3;
EXEC dbo.INSERT_ORDER_FOOD 518, 11, 4;
EXEC dbo.INSERT_ORDER_FOOD 89, 11, 2;
EXEC dbo.INSERT_ORDER_FOOD 65, 11, 1;
EXEC dbo.INSERT_ORDER_FOOD 305, 11, 5;
EXEC dbo.INSERT_ORDER_FOOD 81, 11, 1;
EXEC dbo.INSERT_ORDER_FOOD 348, 12, 5;
EXEC dbo.INSERT_ORDER_FOOD 66, 12, 5;
EXEC dbo.INSERT_ORDER_FOOD 305, 12, 5;
EXEC dbo.INSERT_ORDER_FOOD 2, 12, 1;
EXEC dbo.INSERT_ORDER_FOOD 35, 12, 5;
EXEC dbo.INSERT_ORDER_FOOD 455, 12, 5;
EXEC dbo.INSERT_ORDER_FOOD 244, 12, 1;
EXEC dbo.INSERT_ORDER_FOOD 569, 13, 4;
EXEC dbo.INSERT_ORDER_FOOD 225, 13, 1;
EXEC dbo.INSERT_ORDER_FOOD 290, 13, 1;
EXEC dbo.INSERT_ORDER_FOOD 413, 13, 4;
EXEC dbo.INSERT_ORDER_FOOD 431, 13, 4;
EXEC dbo.INSERT_ORDER_FOOD 557, 13, 2;
EXEC dbo.INSERT_ORDER_FOOD 290, 14, 4;
EXEC dbo.INSERT_ORDER_FOOD 277, 14, 2;
EXEC dbo.INSERT_ORDER_FOOD 325, 14, 2;
EXEC dbo.INSERT_ORDER_FOOD 224, 14, 3;
EXEC dbo.INSERT_ORDER_FOOD 535, 15, 1;
EXEC dbo.INSERT_ORDER_FOOD 535, 15, 1;
EXEC dbo.INSERT_ORDER_FOOD 244, 16, 4;
EXEC dbo.INSERT_ORDER_FOOD 496, 16, 5;
EXEC dbo.INSERT_ORDER_FOOD 295, 16, 2;
EXEC dbo.INSERT_ORDER_FOOD 244, 17, 3;
EXEC dbo.INSERT_ORDER_FOOD 105, 17, 2;
EXEC dbo.INSERT_ORDER_FOOD 298, 17, 5;
EXEC dbo.INSERT_ORDER_FOOD 251, 17, 4;
EXEC dbo.INSERT_ORDER_FOOD 325, 17, 4;
EXEC dbo.INSERT_ORDER_FOOD 586, 17, 2;
EXEC dbo.INSERT_ORDER_FOOD 225, 17, 5;
EXEC dbo.INSERT_ORDER_FOOD 455, 17, 5;
EXEC dbo.INSERT_ORDER_FOOD 290, 17, 4;
EXEC dbo.INSERT_ORDER_FOOD 66, 18, 3;
EXEC dbo.INSERT_ORDER_FOOD 66, 19, 3;
EXEC dbo.INSERT_ORDER_FOOD 557, 19, 2;
EXEC dbo.INSERT_ORDER_FOOD 557, 19, 1;
EXEC dbo.INSERT_ORDER_FOOD 225, 19, 2;
EXEC dbo.INSERT_ORDER_FOOD 66, 19, 3;
EXEC dbo.INSERT_ORDER_FOOD 225, 19, 2;
EXEC dbo.INSERT_ORDER_FOOD 295, 19, 5;
EXEC dbo.INSERT_ORDER_FOOD 225, 20, 4;
EXEC dbo.INSERT_ORDER_FOOD 277, 20, 1;
EXEC dbo.INSERT_ORDER_FOOD 225, 20, 5;
EXEC dbo.INSERT_ORDER_FOOD 375, 20, 5;
EXEC dbo.INSERT_ORDER_FOOD 224, 20, 3;
EXEC dbo.INSERT_ORDER_FOOD 413, 20, 4;
EXEC dbo.INSERT_ORDER_FOOD 65, 20, 1;
EXEC dbo.INSERT_ORDER_FOOD 81, 20, 4;
EXEC dbo.INSERT_ORDER_FOOD 66, 20, 3;
EXEC dbo.INSERT_ORDER_FOOD 305, 20, 5;
EXEC dbo.INSERT_ORDER_FOOD 348, 21, 3;
EXEC dbo.INSERT_ORDER_FOOD 586, 21, 4;
EXEC dbo.INSERT_ORDER_FOOD 290, 21, 3;
EXEC dbo.INSERT_ORDER_FOOD 199, 21, 4;
EXEC dbo.INSERT_ORDER_FOOD 467, 21, 2;
EXEC dbo.INSERT_ORDER_FOOD 375, 21, 1;
EXEC dbo.INSERT_ORDER_FOOD 224, 21, 4;
EXEC dbo.INSERT_ORDER_FOOD 225, 21, 4;
EXEC dbo.INSERT_ORDER_FOOD 295, 22, 5;
EXEC dbo.INSERT_ORDER_FOOD 518, 22, 5;
EXEC dbo.INSERT_ORDER_FOOD 277, 22, 1;
EXEC dbo.INSERT_ORDER_FOOD 66, 23, 3;
EXEC dbo.INSERT_ORDER_FOOD 467, 24, 5;
EXEC dbo.INSERT_ORDER_FOOD 279, 24, 4;
EXEC dbo.INSERT_ORDER_FOOD 529, 24, 2;
EXEC dbo.INSERT_ORDER_FOOD 81, 24, 4;
EXEC dbo.INSERT_ORDER_FOOD 586, 24, 2;
EXEC dbo.INSERT_ORDER_FOOD 68, 24, 3;
EXEC dbo.INSERT_ORDER_FOOD 584, 24, 4;
EXEC dbo.INSERT_ORDER_FOOD 2, 24, 4;
EXEC dbo.INSERT_ORDER_FOOD 251, 24, 5;
EXEC dbo.INSERT_ORDER_FOOD 569, 24, 5;
EXEC dbo.INSERT_ORDER_FOOD 225, 25, 4;
EXEC dbo.INSERT_ORDER_FOOD 185, 25, 5;
EXEC dbo.INSERT_ORDER_FOOD 295, 25, 5;
EXEC dbo.INSERT_ORDER_FOOD 305, 25, 2;
EXEC dbo.INSERT_ORDER_FOOD 586, 25, 5;
EXEC dbo.INSERT_ORDER_FOOD 2, 25, 1;
EXEC dbo.INSERT_ORDER_FOOD 65, 25, 4;
EXEC dbo.INSERT_ORDER_FOOD 569, 25, 1;
EXEC dbo.INSERT_ORDER_FOOD 244, 25, 4;
EXEC dbo.INSERT_ORDER_FOOD 105, 25, 5;
EXEC dbo.INSERT_ORDER_FOOD 557, 26, 3;
EXEC dbo.INSERT_ORDER_FOOD 586, 26, 5;
EXEC dbo.INSERT_ORDER_FOOD 268, 27, 1;
EXEC dbo.INSERT_ORDER_FOOD 325, 27, 4;
EXEC dbo.INSERT_ORDER_FOOD 298, 27, 5;
EXEC dbo.INSERT_ORDER_FOOD 89, 27, 3;
EXEC dbo.INSERT_ORDER_FOOD 125, 27, 5;
EXEC dbo.INSERT_ORDER_FOOD 295, 27, 3;
EXEC dbo.INSERT_ORDER_FOOD 251, 27, 1;
EXEC dbo.INSERT_ORDER_FOOD 89, 27, 2;
EXEC dbo.INSERT_ORDER_FOOD 65, 27, 5;
EXEC dbo.INSERT_ORDER_FOOD 496, 28, 4;
EXEC dbo.INSERT_ORDER_FOOD 452, 28, 1;
EXEC dbo.INSERT_ORDER_FOOD 557, 28, 2;
EXEC dbo.INSERT_ORDER_FOOD 225, 28, 4;
EXEC dbo.INSERT_ORDER_FOOD 375, 28, 5;
EXEC dbo.INSERT_ORDER_FOOD 2, 28, 3;
EXEC dbo.INSERT_ORDER_FOOD 225, 28, 5;
EXEC dbo.INSERT_ORDER_FOOD 584, 29, 4;
EXEC dbo.INSERT_ORDER_FOOD 586, 29, 2;
EXEC dbo.INSERT_ORDER_FOOD 518, 29, 4;
EXEC dbo.INSERT_ORDER_FOOD 452, 29, 3;
EXEC dbo.INSERT_ORDER_FOOD 295, 30, 5;
EXEC dbo.INSERT_ORDER_FOOD 325, 30, 1;
EXEC dbo.INSERT_ORDER_FOOD 535, 30, 2;
EXEC dbo.INSERT_ORDER_FOOD 535, 31, 4;
EXEC dbo.INSERT_ORDER_FOOD 455, 32, 5;
EXEC dbo.INSERT_ORDER_FOOD 244, 32, 3;
EXEC dbo.INSERT_ORDER_FOOD 455, 32, 4;
EXEC dbo.INSERT_ORDER_FOOD 325, 32, 4;
EXEC dbo.INSERT_ORDER_FOOD 66, 32, 1;
EXEC dbo.INSERT_ORDER_FOOD 535, 32, 5;
EXEC dbo.INSERT_ORDER_FOOD 413, 32, 4;
EXEC dbo.INSERT_ORDER_FOOD 518, 32, 2;
EXEC dbo.INSERT_ORDER_FOOD 569, 33, 2;
EXEC dbo.INSERT_ORDER_FOOD 125, 33, 2;
EXEC dbo.INSERT_ORDER_FOOD 557, 33, 4;
EXEC dbo.INSERT_ORDER_FOOD 224, 33, 1;
EXEC dbo.INSERT_ORDER_FOOD 375, 33, 4;
EXEC dbo.INSERT_ORDER_FOOD 81, 33, 5;
EXEC dbo.INSERT_ORDER_FOOD 518, 33, 4;
EXEC dbo.INSERT_ORDER_FOOD 529, 33, 4;
EXEC dbo.INSERT_ORDER_FOOD 66, 34, 5;
EXEC dbo.INSERT_ORDER_FOOD 105, 34, 4;
EXEC dbo.INSERT_ORDER_FOOD 73, 34, 1;
EXEC dbo.INSERT_ORDER_FOOD 535, 34, 2;
EXEC dbo.INSERT_ORDER_FOOD 65, 35, 2;
EXEC dbo.INSERT_ORDER_FOOD 68, 35, 1;
EXEC dbo.INSERT_ORDER_FOOD 375, 35, 1;
EXEC dbo.INSERT_ORDER_FOOD 73, 35, 3;
EXEC dbo.INSERT_ORDER_FOOD 199, 35, 2;
EXEC dbo.INSERT_ORDER_FOOD 413, 35, 2;
EXEC dbo.INSERT_ORDER_FOOD 467, 35, 3;
EXEC dbo.INSERT_ORDER_FOOD 496, 35, 5;
EXEC dbo.INSERT_ORDER_FOOD 586, 36, 1;
EXEC dbo.INSERT_ORDER_FOOD 467, 36, 3;
EXEC dbo.INSERT_ORDER_FOOD 348, 36, 3;
EXEC dbo.INSERT_ORDER_FOOD 277, 37, 3;
EXEC dbo.INSERT_ORDER_FOOD 496, 37, 4;
EXEC dbo.INSERT_ORDER_FOOD 413, 37, 5;
EXEC dbo.INSERT_ORDER_FOOD 375, 37, 1;
EXEC dbo.INSERT_ORDER_FOOD 569, 37, 3;
EXEC dbo.INSERT_ORDER_FOOD 290, 37, 4;
EXEC dbo.INSERT_ORDER_FOOD 496, 37, 5;
EXEC dbo.INSERT_ORDER_FOOD 325, 37, 3;
EXEC dbo.INSERT_ORDER_FOOD 529, 37, 2;
EXEC dbo.INSERT_ORDER_FOOD 268, 37, 1;
EXEC dbo.INSERT_ORDER_FOOD 295, 38, 2;
EXEC dbo.INSERT_ORDER_FOOD 452, 38, 2;
EXEC dbo.INSERT_ORDER_FOOD 65, 38, 2;
EXEC dbo.INSERT_ORDER_FOOD 375, 38, 4;
EXEC dbo.INSERT_ORDER_FOOD 244, 38, 5;
EXEC dbo.INSERT_ORDER_FOOD 225, 38, 3;
EXEC dbo.INSERT_ORDER_FOOD 455, 38, 4;
EXEC dbo.INSERT_ORDER_FOOD 535, 38, 2;
EXEC dbo.INSERT_ORDER_FOOD 65, 38, 1;
EXEC dbo.INSERT_ORDER_FOOD 89, 38, 1;
EXEC dbo.INSERT_ORDER_FOOD 73, 39, 3;
EXEC dbo.INSERT_ORDER_FOOD 348, 39, 4;
EXEC dbo.INSERT_ORDER_FOOD 298, 39, 4;
EXEC dbo.INSERT_ORDER_FOOD 185, 39, 3;
EXEC dbo.INSERT_ORDER_FOOD 251, 39, 1;
EXEC dbo.INSERT_ORDER_FOOD 224, 39, 2;
EXEC dbo.INSERT_ORDER_FOOD 586, 40, 2;
EXEC dbo.INSERT_ORDER_FOOD 452, 40, 5;
EXEC dbo.INSERT_ORDER_FOOD 105, 40, 5;
EXEC dbo.INSERT_ORDER_FOOD 199, 40, 3;
EXEC dbo.INSERT_ORDER_FOOD 35, 40, 2;
EXEC dbo.INSERT_ORDER_FOOD 348, 40, 2;
EXEC dbo.INSERT_ORDER_FOOD 277, 40, 3;
EXEC dbo.INSERT_ORDER_FOOD 348, 40, 2;
EXEC dbo.INSERT_ORDER_FOOD 5, 1, 2;
EXEC dbo.INSERT_ORDER_FOOD 332, 1, 3;
EXEC dbo.INSERT_ORDER_FOOD 583, 1, 4;
EXEC dbo.INSERT_ORDER_FOOD 371, 1, 3;
EXEC dbo.INSERT_ORDER_FOOD 76, 2, 5;
EXEC dbo.INSERT_ORDER_FOOD 23, 2, 3;
EXEC dbo.INSERT_ORDER_FOOD 314, 3, 5;
EXEC dbo.INSERT_ORDER_FOOD 309, 3, 1;
EXEC dbo.INSERT_ORDER_FOOD 332, 3, 5;
EXEC dbo.INSERT_ORDER_FOOD 463, 3, 1;
EXEC dbo.INSERT_ORDER_FOOD 309, 3, 1;
EXEC dbo.INSERT_ORDER_FOOD 371, 3, 3;
EXEC dbo.INSERT_ORDER_FOOD 201, 3, 3;
EXEC dbo.INSERT_ORDER_FOOD 406, 3, 1;
EXEC dbo.INSERT_ORDER_FOOD 300, 3, 1;
EXEC dbo.INSERT_ORDER_FOOD 292, 3, 5;
EXEC dbo.INSERT_ORDER_FOOD 262, 4, 1;
EXEC dbo.INSERT_ORDER_FOOD 406, 4, 5;
EXEC dbo.INSERT_ORDER_FOOD 5, 4, 4;
EXEC dbo.INSERT_ORDER_FOOD 90, 4, 2;
EXEC dbo.INSERT_ORDER_FOOD 150, 4, 5;
EXEC dbo.INSERT_ORDER_FOOD 262, 4, 3;
EXEC dbo.INSERT_ORDER_FOOD 332, 4, 2;
EXEC dbo.INSERT_ORDER_FOOD 104, 4, 3;
EXEC dbo.INSERT_ORDER_FOOD 332, 4, 5;
EXEC dbo.INSERT_ORDER_FOOD 332, 4, 4;
EXEC dbo.INSERT_ORDER_FOOD 232, 5, 2;
EXEC dbo.INSERT_ORDER_FOOD 217, 5, 2;
EXEC dbo.INSERT_ORDER_FOOD 553, 5, 1;
EXEC dbo.INSERT_ORDER_FOOD 567, 5, 4;
EXEC dbo.INSERT_ORDER_FOOD 63, 5, 4;
EXEC dbo.INSERT_ORDER_FOOD 84, 6, 3;
EXEC dbo.INSERT_ORDER_FOOD 553, 7, 2;
EXEC dbo.INSERT_ORDER_FOOD 421, 7, 5;
EXEC dbo.INSERT_ORDER_FOOD 42, 8, 1;
EXEC dbo.INSERT_ORDER_FOOD 450, 8, 5;
EXEC dbo.INSERT_ORDER_FOOD 76, 8, 2;
EXEC dbo.INSERT_ORDER_FOOD 567, 8, 1;
EXEC dbo.INSERT_ORDER_FOOD 486, 8, 1;
EXEC dbo.INSERT_ORDER_FOOD 104, 8, 5;
EXEC dbo.INSERT_ORDER_FOOD 310, 8, 2;
EXEC dbo.INSERT_ORDER_FOOD 486, 8, 1;
EXEC dbo.INSERT_ORDER_FOOD 121, 8, 5;
EXEC dbo.INSERT_ORDER_FOOD 201, 8, 5;
EXEC dbo.INSERT_ORDER_FOOD 487, 9, 4;
EXEC dbo.INSERT_ORDER_FOOD 406, 9, 5;
EXEC dbo.INSERT_ORDER_FOOD 567, 9, 5;
EXEC dbo.INSERT_ORDER_FOOD 487, 9, 2;
EXEC dbo.INSERT_ORDER_FOOD 583, 9, 1;
EXEC dbo.INSERT_ORDER_FOOD 397, 9, 1;
EXEC dbo.INSERT_ORDER_FOOD 522, 9, 2;
EXEC dbo.INSERT_ORDER_FOOD 63, 9, 2;
EXEC dbo.INSERT_ORDER_FOOD 42, 10, 4;
EXEC dbo.INSERT_ORDER_FOOD 213, 10, 5;
EXEC dbo.INSERT_ORDER_FOOD 84, 10, 1;
EXEC dbo.INSERT_ORDER_FOOD 213, 10, 3;
EXEC dbo.INSERT_ORDER_FOOD 262, 10, 4;
EXEC dbo.INSERT_ORDER_FOOD 121, 10, 1;
EXEC dbo.INSERT_ORDER_FOOD 371, 10, 3;
EXEC dbo.INSERT_ORDER_FOOD 314, 11, 4;
EXEC dbo.INSERT_ORDER_FOOD 104, 11, 2;
EXEC dbo.INSERT_ORDER_FOOD 190, 11, 2;
EXEC dbo.INSERT_ORDER_FOOD 142, 11, 3;
EXEC dbo.INSERT_ORDER_FOOD 232, 11, 2;
EXEC dbo.INSERT_ORDER_FOOD 421, 11, 5;
EXEC dbo.INSERT_ORDER_FOOD 76, 11, 2;
EXEC dbo.INSERT_ORDER_FOOD 232, 11, 2;
EXEC dbo.INSERT_ORDER_FOOD 487, 11, 2;
EXEC dbo.INSERT_ORDER_FOOD 553, 11, 1;
EXEC dbo.INSERT_ORDER_FOOD 42, 12, 3;
EXEC dbo.INSERT_ORDER_FOOD 486, 12, 4;
EXEC dbo.INSERT_ORDER_FOOD 156, 12, 3;
EXEC dbo.INSERT_ORDER_FOOD 150, 12, 5;
EXEC dbo.INSERT_ORDER_FOOD 567, 12, 4;
EXEC dbo.INSERT_ORDER_FOOD 142, 12, 1;
EXEC dbo.INSERT_ORDER_FOOD 104, 12, 1;
EXEC dbo.INSERT_ORDER_FOOD 121, 12, 2;
EXEC dbo.INSERT_ORDER_FOOD 486, 12, 3;
EXEC dbo.INSERT_ORDER_FOOD 262, 13, 4;
EXEC dbo.INSERT_ORDER_FOOD 23, 14, 5;
EXEC dbo.INSERT_ORDER_FOOD 583, 14, 2;
EXEC dbo.INSERT_ORDER_FOOD 553, 14, 3;
EXEC dbo.INSERT_ORDER_FOOD 450, 14, 3;
EXEC dbo.INSERT_ORDER_FOOD 421, 14, 5;
EXEC dbo.INSERT_ORDER_FOOD 300, 14, 1;
EXEC dbo.INSERT_ORDER_FOOD 332, 14, 4;
EXEC dbo.INSERT_ORDER_FOOD 553, 14, 2;
EXEC dbo.INSERT_ORDER_FOOD 76, 14, 2;
EXEC dbo.INSERT_ORDER_FOOD 292, 15, 3;
EXEC dbo.INSERT_ORDER_FOOD 445, 15, 3;
EXEC dbo.INSERT_ORDER_FOOD 217, 15, 4;
EXEC dbo.INSERT_ORDER_FOOD 53, 15, 4;
EXEC dbo.INSERT_ORDER_FOOD 463, 15, 5;
EXEC dbo.INSERT_ORDER_FOOD 445, 15, 2;
EXEC dbo.INSERT_ORDER_FOOD 522, 15, 3;
EXEC dbo.INSERT_ORDER_FOOD 129, 16, 3;
EXEC dbo.INSERT_ORDER_FOOD 150, 16, 1;
EXEC dbo.INSERT_ORDER_FOOD 121, 17, 4;
EXEC dbo.INSERT_ORDER_FOOD 20, 17, 2;
EXEC dbo.INSERT_ORDER_FOOD 104, 17, 3;
EXEC dbo.INSERT_ORDER_FOOD 486, 17, 2;
EXEC dbo.INSERT_ORDER_FOOD 583, 17, 1;
EXEC dbo.INSERT_ORDER_FOOD 371, 17, 2;
EXEC dbo.INSERT_ORDER_FOOD 486, 17, 3;
EXEC dbo.INSERT_ORDER_FOOD 371, 17, 1;
EXEC dbo.INSERT_ORDER_FOOD 23, 18, 5;
EXEC dbo.INSERT_ORDER_FOOD 445, 18, 5;
EXEC dbo.INSERT_ORDER_FOOD 155, 18, 5;
EXEC dbo.INSERT_ORDER_FOOD 309, 18, 2;
EXEC dbo.INSERT_ORDER_FOOD 90, 19, 2;
EXEC dbo.INSERT_ORDER_FOOD 63, 19, 1;
EXEC dbo.INSERT_ORDER_FOOD 156, 19, 5;
EXEC dbo.INSERT_ORDER_FOOD 583, 19, 2;
EXEC dbo.INSERT_ORDER_FOOD 309, 20, 2;
EXEC dbo.INSERT_ORDER_FOOD 236, 20, 3;
EXEC dbo.INSERT_ORDER_FOOD 53, 20, 5;
EXEC dbo.INSERT_ORDER_FOOD 486, 20, 4;
EXEC dbo.INSERT_ORDER_FOOD 14, 20, 1;
EXEC dbo.INSERT_ORDER_FOOD 150, 20, 1;
EXEC dbo.INSERT_ORDER_FOOD 522, 20, 2;
EXEC dbo.INSERT_ORDER_FOOD 310, 20, 3;
EXEC dbo.INSERT_ORDER_FOOD 421, 20, 3;
EXEC dbo.INSERT_ORDER_FOOD 156, 21, 2;
EXEC dbo.INSERT_ORDER_FOOD 150, 21, 2;
EXEC dbo.INSERT_ORDER_FOOD 292, 22, 3;
EXEC dbo.INSERT_ORDER_FOOD 156, 22, 3;
EXEC dbo.INSERT_ORDER_FOOD 371, 22, 2;
EXEC dbo.INSERT_ORDER_FOOD 314, 22, 1;
EXEC dbo.INSERT_ORDER_FOOD 53, 22, 5;
EXEC dbo.INSERT_ORDER_FOOD 20, 22, 4;
EXEC dbo.INSERT_ORDER_FOOD 121, 22, 4;
EXEC dbo.INSERT_ORDER_FOOD 332, 23, 3;
EXEC dbo.INSERT_ORDER_FOOD 42, 23, 4;
EXEC dbo.INSERT_ORDER_FOOD 217, 24, 1;
EXEC dbo.INSERT_ORDER_FOOD 262, 24, 5;
EXEC dbo.INSERT_ORDER_FOOD 232, 25, 1;
EXEC dbo.INSERT_ORDER_FOOD 90, 25, 2;
EXEC dbo.INSERT_ORDER_FOOD 84, 25, 1;
EXEC dbo.INSERT_ORDER_FOOD 42, 25, 5;
EXEC dbo.INSERT_ORDER_FOOD 190, 25, 5;
EXEC dbo.INSERT_ORDER_FOOD 5, 25, 1;
EXEC dbo.INSERT_ORDER_FOOD 84, 25, 5;
EXEC dbo.INSERT_ORDER_FOOD 463, 25, 2;
EXEC dbo.INSERT_ORDER_FOOD 583, 26, 1;
EXEC dbo.INSERT_ORDER_FOOD 104, 26, 5;
EXEC dbo.INSERT_ORDER_FOOD 213, 26, 2;
EXEC dbo.INSERT_ORDER_FOOD 391, 26, 4;
EXEC dbo.INSERT_ORDER_FOOD 421, 26, 5;
EXEC dbo.INSERT_ORDER_FOOD 553, 26, 1;
EXEC dbo.INSERT_ORDER_FOOD 553, 26, 3;
EXEC dbo.INSERT_ORDER_FOOD 201, 26, 3;
EXEC dbo.INSERT_ORDER_FOOD 310, 26, 3;
EXEC dbo.INSERT_ORDER_FOOD 142, 26, 3;
EXEC dbo.INSERT_ORDER_FOOD 300, 27, 5;
EXEC dbo.INSERT_ORDER_FOOD 63, 27, 4;
EXEC dbo.INSERT_ORDER_FOOD 262, 27, 4;
EXEC dbo.INSERT_ORDER_FOOD 63, 27, 2;
EXEC dbo.INSERT_ORDER_FOOD 104, 27, 1;
EXEC dbo.INSERT_ORDER_FOOD 332, 27, 1;
EXEC dbo.INSERT_ORDER_FOOD 190, 27, 1;
EXEC dbo.INSERT_ORDER_FOOD 522, 28, 1;
EXEC dbo.INSERT_ORDER_FOOD 142, 28, 2;
EXEC dbo.INSERT_ORDER_FOOD 142, 28, 3;
EXEC dbo.INSERT_ORDER_FOOD 63, 28, 2;
EXEC dbo.INSERT_ORDER_FOOD 14, 28, 1;
EXEC dbo.INSERT_ORDER_FOOD 309, 28, 5;
EXEC dbo.INSERT_ORDER_FOOD 23, 28, 4;
EXEC dbo.INSERT_ORDER_FOOD 129, 28, 3;
EXEC dbo.INSERT_ORDER_FOOD 121, 28, 4;
EXEC dbo.INSERT_ORDER_FOOD 121, 29, 2;
EXEC dbo.INSERT_ORDER_FOOD 371, 29, 2;
EXEC dbo.INSERT_ORDER_FOOD 450, 30, 2;
EXEC dbo.INSERT_ORDER_FOOD 553, 31, 3;
EXEC dbo.INSERT_ORDER_FOOD 76, 31, 4;
EXEC dbo.INSERT_ORDER_FOOD 371, 31, 1;
EXEC dbo.INSERT_ORDER_FOOD 201, 31, 3;
EXEC dbo.INSERT_ORDER_FOOD 150, 31, 4;
EXEC dbo.INSERT_ORDER_FOOD 314, 31, 4;
EXEC dbo.INSERT_ORDER_FOOD 309, 31, 2;
EXEC dbo.INSERT_ORDER_FOOD 190, 31, 5;
EXEC dbo.INSERT_ORDER_FOOD 310, 31, 2;
EXEC dbo.INSERT_ORDER_FOOD 262, 32, 5;
EXEC dbo.INSERT_ORDER_FOOD 42, 33, 4;
EXEC dbo.INSERT_ORDER_FOOD 300, 33, 5;
EXEC dbo.INSERT_ORDER_FOOD 42, 33, 3;
EXEC dbo.INSERT_ORDER_FOOD 445, 33, 5;
EXEC dbo.INSERT_ORDER_FOOD 156, 33, 1;
EXEC dbo.INSERT_ORDER_FOOD 309, 33, 4;
EXEC dbo.INSERT_ORDER_FOOD 90, 33, 1;
EXEC dbo.INSERT_ORDER_FOOD 309, 33, 3;
EXEC dbo.INSERT_ORDER_FOOD 463, 33, 3;
EXEC dbo.INSERT_ORDER_FOOD 76, 34, 1;
EXEC dbo.INSERT_ORDER_FOOD 150, 34, 2;
EXEC dbo.INSERT_ORDER_FOOD 23, 34, 3;
EXEC dbo.INSERT_ORDER_FOOD 292, 34, 2;
EXEC dbo.INSERT_ORDER_FOOD 292, 34, 2;
EXEC dbo.INSERT_ORDER_FOOD 53, 34, 5;
EXEC dbo.INSERT_ORDER_FOOD 142, 34, 5;
EXEC dbo.INSERT_ORDER_FOOD 53, 34, 5;
EXEC dbo.INSERT_ORDER_FOOD 104, 35, 4;
EXEC dbo.INSERT_ORDER_FOOD 20, 35, 1;
EXEC dbo.INSERT_ORDER_FOOD 155, 35, 1;
EXEC dbo.INSERT_ORDER_FOOD 142, 35, 3;
EXEC dbo.INSERT_ORDER_FOOD 20, 35, 3;
EXEC dbo.INSERT_ORDER_FOOD 391, 35, 2;
EXEC dbo.INSERT_ORDER_FOOD 522, 35, 4;
EXEC dbo.INSERT_ORDER_FOOD 522, 36, 2;
EXEC dbo.INSERT_ORDER_FOOD 332, 36, 4;
EXEC dbo.INSERT_ORDER_FOOD 53, 37, 5;
EXEC dbo.INSERT_ORDER_FOOD 553, 37, 4;
EXEC dbo.INSERT_ORDER_FOOD 391, 38, 1;
EXEC dbo.INSERT_ORDER_FOOD 332, 39, 2;
EXEC dbo.INSERT_ORDER_FOOD 314, 39, 1;
EXEC dbo.INSERT_ORDER_FOOD 522, 39, 2;
EXEC dbo.INSERT_ORDER_FOOD 553, 39, 5;
EXEC dbo.INSERT_ORDER_FOOD 150, 39, 4;
EXEC dbo.INSERT_ORDER_FOOD 76, 40, 3;
EXEC dbo.INSERT_ORDER_FOOD 391, 40, 1;
EXEC dbo.INSERT_ORDER_FOOD 421, 40, 4;
EXEC dbo.INSERT_ORDER_FOOD 63, 40, 4;
EXEC dbo.INSERT_ORDER_FOOD 553, 40, 1;
EXEC dbo.INSERT_ORDER_FOOD 421, 40, 2;
EXEC dbo.INSERT_ORDER_FOOD 236, 40, 1;
EXEC dbo.INSERT_ORDER_FOOD 201, 40, 2;
EXEC dbo.INSERT_ORDER_FOOD 450, 40, 1;
EXEC dbo.INSERT_ORDER_FOOD 463, 40, 5;
EXEC dbo.INSERT_ORDER_FOOD 229, 1, 2;
EXEC dbo.INSERT_ORDER_FOOD 544, 1, 5;
EXEC dbo.INSERT_ORDER_FOOD 564, 1, 4;
EXEC dbo.INSERT_ORDER_FOOD 564, 1, 1;
EXEC dbo.INSERT_ORDER_FOOD 528, 1, 5;
EXEC dbo.INSERT_ORDER_FOOD 173, 1, 1;
EXEC dbo.INSERT_ORDER_FOOD 216, 1, 1;
EXEC dbo.INSERT_ORDER_FOOD 231, 1, 1;
EXEC dbo.INSERT_ORDER_FOOD 171, 1, 2;
EXEC dbo.INSERT_ORDER_FOOD 259, 1, 4;
EXEC dbo.INSERT_ORDER_FOOD 446, 2, 1;
EXEC dbo.INSERT_ORDER_FOOD 140, 3, 5;
EXEC dbo.INSERT_ORDER_FOOD 205, 3, 3;
EXEC dbo.INSERT_ORDER_FOOD 368, 4, 3;
EXEC dbo.INSERT_ORDER_FOOD 83, 4, 2;
EXEC dbo.INSERT_ORDER_FOOD 419, 5, 1;
EXEC dbo.INSERT_ORDER_FOOD 173, 5, 1;
EXEC dbo.INSERT_ORDER_FOOD 284, 5, 2;
EXEC dbo.INSERT_ORDER_FOOD 544, 5, 4;
EXEC dbo.INSERT_ORDER_FOOD 140, 5, 2;
EXEC dbo.INSERT_ORDER_FOOD 118, 5, 1;
EXEC dbo.INSERT_ORDER_FOOD 446, 5, 4;
EXEC dbo.INSERT_ORDER_FOOD 216, 5, 4;
EXEC dbo.INSERT_ORDER_FOOD 284, 5, 1;
EXEC dbo.INSERT_ORDER_FOOD 343, 6, 1;
EXEC dbo.INSERT_ORDER_FOOD 276, 6, 1;
EXEC dbo.INSERT_ORDER_FOOD 284, 6, 5;
EXEC dbo.INSERT_ORDER_FOOD 184, 6, 5;
EXEC dbo.INSERT_ORDER_FOOD 278, 6, 2;
EXEC dbo.INSERT_ORDER_FOOD 227, 6, 3;
EXEC dbo.INSERT_ORDER_FOOD 36, 6, 5;
EXEC dbo.INSERT_ORDER_FOOD 227, 6, 3;
EXEC dbo.INSERT_ORDER_FOOD 524, 7, 5;
EXEC dbo.INSERT_ORDER_FOOD 580, 7, 4;
EXEC dbo.INSERT_ORDER_FOOD 544, 7, 4;
EXEC dbo.INSERT_ORDER_FOOD 524, 7, 2;
EXEC dbo.INSERT_ORDER_FOOD 231, 7, 1;
EXEC dbo.INSERT_ORDER_FOOD 419, 7, 1;
EXEC dbo.INSERT_ORDER_FOOD 83, 7, 2;
EXEC dbo.INSERT_ORDER_FOOD 276, 7, 3;
EXEC dbo.INSERT_ORDER_FOOD 140, 8, 3;
EXEC dbo.INSERT_ORDER_FOOD 118, 8, 3;
EXEC dbo.INSERT_ORDER_FOOD 401, 8, 1;
EXEC dbo.INSERT_ORDER_FOOD 227, 8, 2;
EXEC dbo.INSERT_ORDER_FOOD 173, 8, 5;
EXEC dbo.INSERT_ORDER_FOOD 118, 8, 4;
EXEC dbo.INSERT_ORDER_FOOD 205, 8, 5;
EXEC dbo.INSERT_ORDER_FOOD 216, 8, 5;
EXEC dbo.INSERT_ORDER_FOOD 419, 9, 2;
EXEC dbo.INSERT_ORDER_FOOD 140, 9, 2;
EXEC dbo.INSERT_ORDER_FOOD 205, 9, 3;
EXEC dbo.INSERT_ORDER_FOOD 83, 9, 1;
EXEC dbo.INSERT_ORDER_FOOD 275, 9, 2;
EXEC dbo.INSERT_ORDER_FOOD 229, 10, 4;
EXEC dbo.INSERT_ORDER_FOOD 276, 10, 2;
EXEC dbo.INSERT_ORDER_FOOD 83, 10, 3;
EXEC dbo.INSERT_ORDER_FOOD 580, 10, 5;
EXEC dbo.INSERT_ORDER_FOOD 368, 11, 1;
EXEC dbo.INSERT_ORDER_FOOD 107, 11, 2;
EXEC dbo.INSERT_ORDER_FOOD 118, 11, 4;
EXEC dbo.INSERT_ORDER_FOOD 446, 11, 1;
EXEC dbo.INSERT_ORDER_FOOD 524, 11, 3;
EXEC dbo.INSERT_ORDER_FOOD 140, 11, 3;
EXEC dbo.INSERT_ORDER_FOOD 171, 11, 1;
EXEC dbo.INSERT_ORDER_FOOD 419, 11, 1;
EXEC dbo.INSERT_ORDER_FOOD 231, 12, 1;
EXEC dbo.INSERT_ORDER_FOOD 419, 12, 3;
EXEC dbo.INSERT_ORDER_FOOD 564, 12, 5;
EXEC dbo.INSERT_ORDER_FOOD 184, 12, 2;
EXEC dbo.INSERT_ORDER_FOOD 401, 12, 4;
EXEC dbo.INSERT_ORDER_FOOD 96, 12, 4;
EXEC dbo.INSERT_ORDER_FOOD 580, 12, 3;
EXEC dbo.INSERT_ORDER_FOOD 419, 12, 5;
EXEC dbo.INSERT_ORDER_FOOD 216, 12, 4;
EXEC dbo.INSERT_ORDER_FOOD 255, 13, 5;
EXEC dbo.INSERT_ORDER_FOOD 229, 13, 2;
EXEC dbo.INSERT_ORDER_FOOD 368, 13, 5;
EXEC dbo.INSERT_ORDER_FOOD 401, 13, 2;
EXEC dbo.INSERT_ORDER_FOOD 544, 13, 4;
EXEC dbo.INSERT_ORDER_FOOD 419, 13, 4;
EXEC dbo.INSERT_ORDER_FOOD 284, 13, 1;
EXEC dbo.INSERT_ORDER_FOOD 278, 13, 1;
EXEC dbo.INSERT_ORDER_FOOD 140, 14, 3;
EXEC dbo.INSERT_ORDER_FOOD 231, 14, 4;
EXEC dbo.INSERT_ORDER_FOOD 592, 14, 2;
EXEC dbo.INSERT_ORDER_FOOD 171, 14, 1;
EXEC dbo.INSERT_ORDER_FOOD 205, 14, 4;
EXEC dbo.INSERT_ORDER_FOOD 343, 14, 2;
EXEC dbo.INSERT_ORDER_FOOD 184, 15, 3;
EXEC dbo.INSERT_ORDER_FOOD 107, 15, 4;
EXEC dbo.INSERT_ORDER_FOOD 446, 15, 2;
EXEC dbo.INSERT_ORDER_FOOD 544, 15, 3;
EXEC dbo.INSERT_ORDER_FOOD 47, 15, 4;
EXEC dbo.INSERT_ORDER_FOOD 544, 15, 5;
EXEC dbo.INSERT_ORDER_FOOD 276, 15, 4;
EXEC dbo.INSERT_ORDER_FOOD 227, 15, 4;
EXEC dbo.INSERT_ORDER_FOOD 27, 16, 2;
EXEC dbo.INSERT_ORDER_FOOD 36, 16, 5;
EXEC dbo.INSERT_ORDER_FOOD 419, 16, 4;
EXEC dbo.INSERT_ORDER_FOOD 216, 16, 4;
EXEC dbo.INSERT_ORDER_FOOD 47, 16, 3;
EXEC dbo.INSERT_ORDER_FOOD 229, 16, 1;
EXEC dbo.INSERT_ORDER_FOOD 118, 16, 5;
EXEC dbo.INSERT_ORDER_FOOD 544, 16, 2;
EXEC dbo.INSERT_ORDER_FOOD 171, 17, 2;
EXEC dbo.INSERT_ORDER_FOOD 171, 17, 4;
EXEC dbo.INSERT_ORDER_FOOD 140, 17, 4;
EXEC dbo.INSERT_ORDER_FOOD 343, 17, 5;
EXEC dbo.INSERT_ORDER_FOOD 419, 17, 5;
EXEC dbo.INSERT_ORDER_FOOD 446, 17, 2;
EXEC dbo.INSERT_ORDER_FOOD 173, 17, 1;
EXEC dbo.INSERT_ORDER_FOOD 329, 17, 5;
EXEC dbo.INSERT_ORDER_FOOD 171, 17, 3;
EXEC dbo.INSERT_ORDER_FOOD 524, 17, 2;
EXEC dbo.INSERT_ORDER_FOOD 399, 18, 1;
EXEC dbo.INSERT_ORDER_FOOD 368, 18, 5;
EXEC dbo.INSERT_ORDER_FOOD 592, 18, 3;
EXEC dbo.INSERT_ORDER_FOOD 216, 18, 5;
EXEC dbo.INSERT_ORDER_FOOD 28, 18, 5;
EXEC dbo.INSERT_ORDER_FOOD 96, 18, 4;
EXEC dbo.INSERT_ORDER_FOOD 368, 18, 3;
EXEC dbo.INSERT_ORDER_FOOD 231, 19, 4;
EXEC dbo.INSERT_ORDER_FOOD 528, 19, 2;
EXEC dbo.INSERT_ORDER_FOOD 580, 19, 5;
EXEC dbo.INSERT_ORDER_FOOD 592, 19, 1;
EXEC dbo.INSERT_ORDER_FOOD 368, 19, 1;
EXEC dbo.INSERT_ORDER_FOOD 184, 19, 1;
EXEC dbo.INSERT_ORDER_FOOD 171, 19, 4;
EXEC dbo.INSERT_ORDER_FOOD 343, 19, 2;
EXEC dbo.INSERT_ORDER_FOOD 107, 19, 2;
EXEC dbo.INSERT_ORDER_FOOD 528, 19, 5;
EXEC dbo.INSERT_ORDER_FOOD 419, 20, 3;
EXEC dbo.INSERT_ORDER_FOOD 28, 20, 1;
EXEC dbo.INSERT_ORDER_FOOD 255, 20, 4;
EXEC dbo.INSERT_ORDER_FOOD 96, 20, 1;
EXEC dbo.INSERT_ORDER_FOOD 216, 20, 1;
EXEC dbo.INSERT_ORDER_FOOD 419, 21, 4;
EXEC dbo.INSERT_ORDER_FOOD 27, 21, 1;
EXEC dbo.INSERT_ORDER_FOOD 47, 21, 3;
EXEC dbo.INSERT_ORDER_FOOD 259, 21, 2;
EXEC dbo.INSERT_ORDER_FOOD 564, 21, 5;
EXEC dbo.INSERT_ORDER_FOOD 368, 21, 4;
EXEC dbo.INSERT_ORDER_FOOD 446, 21, 5;
EXEC dbo.INSERT_ORDER_FOOD 580, 22, 1;
EXEC dbo.INSERT_ORDER_FOOD 184, 23, 4;
EXEC dbo.INSERT_ORDER_FOOD 27, 23, 5;
EXEC dbo.INSERT_ORDER_FOOD 343, 23, 2;
EXEC dbo.INSERT_ORDER_FOOD 592, 24, 3;
EXEC dbo.INSERT_ORDER_FOOD 592, 24, 1;
EXEC dbo.INSERT_ORDER_FOOD 255, 24, 2;
EXEC dbo.INSERT_ORDER_FOOD 47, 25, 5;
EXEC dbo.INSERT_ORDER_FOOD 259, 25, 5;
EXEC dbo.INSERT_ORDER_FOOD 544, 25, 4;
EXEC dbo.INSERT_ORDER_FOOD 278, 25, 2;
EXEC dbo.INSERT_ORDER_FOOD 96, 25, 5;
EXEC dbo.INSERT_ORDER_FOOD 184, 25, 4;
EXEC dbo.INSERT_ORDER_FOOD 255, 25, 3;
EXEC dbo.INSERT_ORDER_FOOD 524, 25, 2;
EXEC dbo.INSERT_ORDER_FOOD 36, 25, 3;
EXEC dbo.INSERT_ORDER_FOOD 284, 26, 3;
EXEC dbo.INSERT_ORDER_FOOD 173, 26, 3;
EXEC dbo.INSERT_ORDER_FOOD 278, 26, 1;
EXEC dbo.INSERT_ORDER_FOOD 140, 26, 5;
EXEC dbo.INSERT_ORDER_FOOD 259, 26, 4;
EXEC dbo.INSERT_ORDER_FOOD 231, 26, 4;
EXEC dbo.INSERT_ORDER_FOOD 528, 26, 4;
EXEC dbo.INSERT_ORDER_FOOD 401, 26, 2;
EXEC dbo.INSERT_ORDER_FOOD 184, 27, 4;
EXEC dbo.INSERT_ORDER_FOOD 259, 27, 5;
EXEC dbo.INSERT_ORDER_FOOD 229, 28, 4;
EXEC dbo.INSERT_ORDER_FOOD 329, 28, 1;
EXEC dbo.INSERT_ORDER_FOOD 27, 28, 2;
EXEC dbo.INSERT_ORDER_FOOD 528, 28, 2;
EXEC dbo.INSERT_ORDER_FOOD 36, 28, 3;
EXEC dbo.INSERT_ORDER_FOOD 524, 28, 4;
EXEC dbo.INSERT_ORDER_FOOD 255, 28, 4;
EXEC dbo.INSERT_ORDER_FOOD 399, 28, 3;
EXEC dbo.INSERT_ORDER_FOOD 107, 28, 5;
EXEC dbo.INSERT_ORDER_FOOD 329, 29, 1;
EXEC dbo.INSERT_ORDER_FOOD 278, 29, 4;
EXEC dbo.INSERT_ORDER_FOOD 36, 29, 5;
EXEC dbo.INSERT_ORDER_FOOD 592, 29, 1;
EXEC dbo.INSERT_ORDER_FOOD 140, 29, 4;
EXEC dbo.INSERT_ORDER_FOOD 96, 29, 1;
EXEC dbo.INSERT_ORDER_FOOD 564, 30, 1;
EXEC dbo.INSERT_ORDER_FOOD 118, 30, 2;
EXEC dbo.INSERT_ORDER_FOOD 564, 30, 3;
EXEC dbo.INSERT_ORDER_FOOD 205, 30, 4;
EXEC dbo.INSERT_ORDER_FOOD 47, 30, 2;
EXEC dbo.INSERT_ORDER_FOOD 205, 30, 4;
EXEC dbo.INSERT_ORDER_FOOD 528, 30, 1;
EXEC dbo.INSERT_ORDER_FOOD 118, 30, 3;
EXEC dbo.INSERT_ORDER_FOOD 140, 30, 4;
EXEC dbo.INSERT_ORDER_FOOD 564, 31, 1;
EXEC dbo.INSERT_ORDER_FOOD 36, 31, 3;
EXEC dbo.INSERT_ORDER_FOOD 205, 31, 1;
EXEC dbo.INSERT_ORDER_FOOD 275, 31, 5;
EXEC dbo.INSERT_ORDER_FOOD 343, 31, 1;
EXEC dbo.INSERT_ORDER_FOOD 399, 31, 1;
EXEC dbo.INSERT_ORDER_FOOD 329, 31, 5;
EXEC dbo.INSERT_ORDER_FOOD 255, 31, 3;
EXEC dbo.INSERT_ORDER_FOOD 276, 31, 4;
EXEC dbo.INSERT_ORDER_FOOD 227, 31, 3;
EXEC dbo.INSERT_ORDER_FOOD 96, 32, 1;
EXEC dbo.INSERT_ORDER_FOOD 275, 32, 5;
EXEC dbo.INSERT_ORDER_FOOD 184, 32, 5;
EXEC dbo.INSERT_ORDER_FOOD 36, 32, 1;
EXEC dbo.INSERT_ORDER_FOOD 580, 32, 2;
EXEC dbo.INSERT_ORDER_FOOD 544, 32, 5;
EXEC dbo.INSERT_ORDER_FOOD 205, 32, 1;
EXEC dbo.INSERT_ORDER_FOOD 564, 33, 1;
EXEC dbo.INSERT_ORDER_FOOD 419, 33, 2;
EXEC dbo.INSERT_ORDER_FOOD 171, 33, 5;
EXEC dbo.INSERT_ORDER_FOOD 368, 34, 3;
EXEC dbo.INSERT_ORDER_FOOD 229, 34, 5;
EXEC dbo.INSERT_ORDER_FOOD 580, 34, 4;
EXEC dbo.INSERT_ORDER_FOOD 205, 34, 5;
EXEC dbo.INSERT_ORDER_FOOD 419, 34, 5;
EXEC dbo.INSERT_ORDER_FOOD 107, 34, 4;
EXEC dbo.INSERT_ORDER_FOOD 173, 34, 2;
EXEC dbo.INSERT_ORDER_FOOD 401, 34, 2;
EXEC dbo.INSERT_ORDER_FOOD 592, 34, 2;
EXEC dbo.INSERT_ORDER_FOOD 107, 35, 3;
EXEC dbo.INSERT_ORDER_FOOD 544, 36, 3;
EXEC dbo.INSERT_ORDER_FOOD 278, 36, 3;
EXEC dbo.INSERT_ORDER_FOOD 118, 36, 4;
EXEC dbo.INSERT_ORDER_FOOD 276, 36, 2;
EXEC dbo.INSERT_ORDER_FOOD 47, 37, 3;
EXEC dbo.INSERT_ORDER_FOOD 118, 37, 5;
EXEC dbo.INSERT_ORDER_FOOD 446, 37, 4;
EXEC dbo.INSERT_ORDER_FOOD 83, 37, 4;
EXEC dbo.INSERT_ORDER_FOOD 227, 37, 2;
EXEC dbo.INSERT_ORDER_FOOD 83, 37, 2;
EXEC dbo.INSERT_ORDER_FOOD 171, 38, 2;
EXEC dbo.INSERT_ORDER_FOOD 275, 38, 1;
EXEC dbo.INSERT_ORDER_FOOD 28, 38, 4;
EXEC dbo.INSERT_ORDER_FOOD 399, 38, 2;
EXEC dbo.INSERT_ORDER_FOOD 329, 38, 1;
EXEC dbo.INSERT_ORDER_FOOD 276, 38, 3;
EXEC dbo.INSERT_ORDER_FOOD 36, 38, 4;
EXEC dbo.INSERT_ORDER_FOOD 368, 38, 5;
EXEC dbo.INSERT_ORDER_FOOD 107, 38, 2;
EXEC dbo.INSERT_ORDER_FOOD 229, 39, 3;
EXEC dbo.INSERT_ORDER_FOOD 544, 39, 5;
EXEC dbo.INSERT_ORDER_FOOD 118, 39, 1;
EXEC dbo.INSERT_ORDER_FOOD 140, 39, 3;
EXEC dbo.INSERT_ORDER_FOOD 276, 39, 2;
EXEC dbo.INSERT_ORDER_FOOD 284, 40, 3;
EXEC dbo.INSERT_ORDER_FOOD 28, 40, 4;
EXEC dbo.INSERT_ORDER_FOOD 96, 40, 4;
EXEC dbo.INSERT_ORDER_FOOD 96, 40, 5;
EXEC dbo.INSERT_ORDER_FOOD 99, 1, 2;
EXEC dbo.INSERT_ORDER_FOOD 492, 1, 1;
EXEC dbo.INSERT_ORDER_FOOD 354, 1, 4;
EXEC dbo.INSERT_ORDER_FOOD 338, 2, 5;
EXEC dbo.INSERT_ORDER_FOOD 490, 2, 5;
EXEC dbo.INSERT_ORDER_FOOD 318, 2, 4;
EXEC dbo.INSERT_ORDER_FOOD 490, 2, 2;
EXEC dbo.INSERT_ORDER_FOOD 323, 2, 4;
EXEC dbo.INSERT_ORDER_FOOD 198, 2, 5;
EXEC dbo.INSERT_ORDER_FOOD 490, 2, 2;
EXEC dbo.INSERT_ORDER_FOOD 175, 2, 3;
EXEC dbo.INSERT_ORDER_FOOD 198, 2, 3;
EXEC dbo.INSERT_ORDER_FOOD 338, 2, 3;
EXEC dbo.INSERT_ORDER_FOOD 323, 3, 4;
EXEC dbo.INSERT_ORDER_FOOD 54, 3, 2;
EXEC dbo.INSERT_ORDER_FOOD 489, 3, 5;
EXEC dbo.INSERT_ORDER_FOOD 331, 3, 1;
EXEC dbo.INSERT_ORDER_FOOD 99, 3, 5;
EXEC dbo.INSERT_ORDER_FOOD 54, 3, 4;
EXEC dbo.INSERT_ORDER_FOOD 423, 3, 3;
EXEC dbo.INSERT_ORDER_FOOD 208, 4, 4;
EXEC dbo.INSERT_ORDER_FOOD 153, 4, 1;
EXEC dbo.INSERT_ORDER_FOOD 206, 4, 5;
EXEC dbo.INSERT_ORDER_FOOD 38, 4, 4;
EXEC dbo.INSERT_ORDER_FOOD 489, 4, 4;
EXEC dbo.INSERT_ORDER_FOOD 294, 4, 4;
EXEC dbo.INSERT_ORDER_FOOD 38, 5, 4;
EXEC dbo.INSERT_ORDER_FOOD 563, 5, 5;
EXEC dbo.INSERT_ORDER_FOOD 208, 5, 4;
EXEC dbo.INSERT_ORDER_FOOD 490, 5, 4;
EXEC dbo.INSERT_ORDER_FOOD 585, 5, 3;
EXEC dbo.INSERT_ORDER_FOOD 438, 5, 5;
EXEC dbo.INSERT_ORDER_FOOD 338, 6, 4;
EXEC dbo.INSERT_ORDER_FOOD 338, 6, 3;
EXEC dbo.INSERT_ORDER_FOOD 338, 7, 2;
EXEC dbo.INSERT_ORDER_FOOD 206, 7, 1;
EXEC dbo.INSERT_ORDER_FOOD 490, 8, 4;
EXEC dbo.INSERT_ORDER_FOOD 323, 8, 1;
EXEC dbo.INSERT_ORDER_FOOD 331, 8, 2;
EXEC dbo.INSERT_ORDER_FOOD 37, 8, 4;
EXEC dbo.INSERT_ORDER_FOOD 585, 8, 3;
EXEC dbo.INSERT_ORDER_FOOD 323, 8, 2;
EXEC dbo.INSERT_ORDER_FOOD 54, 8, 2;
EXEC dbo.INSERT_ORDER_FOOD 323, 8, 1;
EXEC dbo.INSERT_ORDER_FOOD 570, 8, 2;
EXEC dbo.INSERT_ORDER_FOOD 323, 8, 2;
EXEC dbo.INSERT_ORDER_FOOD 585, 9, 5;
EXEC dbo.INSERT_ORDER_FOOD 162, 9, 5;
EXEC dbo.INSERT_ORDER_FOOD 198, 10, 1;
EXEC dbo.INSERT_ORDER_FOOD 438, 10, 5;
EXEC dbo.INSERT_ORDER_FOOD 423, 10, 4;
EXEC dbo.INSERT_ORDER_FOOD 206, 10, 1;
EXEC dbo.INSERT_ORDER_FOOD 489, 10, 5;
EXEC dbo.INSERT_ORDER_FOOD 37, 10, 3;
EXEC dbo.INSERT_ORDER_FOOD 585, 10, 2;
EXEC dbo.INSERT_ORDER_FOOD 409, 10, 5;
EXEC dbo.INSERT_ORDER_FOOD 338, 10, 1;
EXEC dbo.INSERT_ORDER_FOOD 331, 11, 5;
EXEC dbo.INSERT_ORDER_FOOD 423, 12, 2;
EXEC dbo.INSERT_ORDER_FOOD 54, 12, 2;
EXEC dbo.INSERT_ORDER_FOOD 438, 12, 2;
EXEC dbo.INSERT_ORDER_FOOD 99, 12, 5;
EXEC dbo.INSERT_ORDER_FOOD 175, 12, 4;
EXEC dbo.INSERT_ORDER_FOOD 175, 12, 1;
EXEC dbo.INSERT_ORDER_FOOD 458, 12, 2;
EXEC dbo.INSERT_ORDER_FOOD 137, 12, 5;
EXEC dbo.INSERT_ORDER_FOOD 137, 12, 3;
EXEC dbo.INSERT_ORDER_FOOD 294, 13, 5;
EXEC dbo.INSERT_ORDER_FOOD 331, 13, 1;
EXEC dbo.INSERT_ORDER_FOOD 318, 13, 5;
EXEC dbo.INSERT_ORDER_FOOD 153, 13, 3;
EXEC dbo.INSERT_ORDER_FOOD 438, 13, 2;
EXEC dbo.INSERT_ORDER_FOOD 99, 13, 1;
EXEC dbo.INSERT_ORDER_FOOD 198, 13, 1;
EXEC dbo.INSERT_ORDER_FOOD 99, 13, 2;
EXEC dbo.INSERT_ORDER_FOOD 208, 14, 3;
EXEC dbo.INSERT_ORDER_FOOD 54, 14, 2;
EXEC dbo.INSERT_ORDER_FOOD 99, 14, 2;
EXEC dbo.INSERT_ORDER_FOOD 331, 14, 2;
EXEC dbo.INSERT_ORDER_FOOD 137, 14, 5;
EXEC dbo.INSERT_ORDER_FOOD 198, 14, 2;
EXEC dbo.INSERT_ORDER_FOOD 206, 14, 2;
EXEC dbo.INSERT_ORDER_FOOD 175, 14, 4;
EXEC dbo.INSERT_ORDER_FOOD 208, 15, 5;
EXEC dbo.INSERT_ORDER_FOOD 248, 16, 3;
EXEC dbo.INSERT_ORDER_FOOD 323, 16, 2;
EXEC dbo.INSERT_ORDER_FOOD 294, 16, 4;
EXEC dbo.INSERT_ORDER_FOOD 438, 16, 2;
EXEC dbo.INSERT_ORDER_FOOD 99, 16, 2;
EXEC dbo.INSERT_ORDER_FOOD 492, 16, 2;
EXEC dbo.INSERT_ORDER_FOOD 331, 17, 4;
EXEC dbo.INSERT_ORDER_FOOD 585, 17, 5;
EXEC dbo.INSERT_ORDER_FOOD 570, 17, 5;
EXEC dbo.INSERT_ORDER_FOOD 338, 18, 1;
EXEC dbo.INSERT_ORDER_FOOD 318, 18, 1;
EXEC dbo.INSERT_ORDER_FOOD 103, 18, 1;
EXEC dbo.INSERT_ORDER_FOOD 354, 18, 4;
EXEC dbo.INSERT_ORDER_FOOD 198, 18, 5;
EXEC dbo.INSERT_ORDER_FOOD 492, 18, 1;
EXEC dbo.INSERT_ORDER_FOOD 206, 19, 2;
EXEC dbo.INSERT_ORDER_FOOD 137, 20, 3;
EXEC dbo.INSERT_ORDER_FOOD 409, 20, 5;
EXEC dbo.INSERT_ORDER_FOOD 489, 20, 5;
EXEC dbo.INSERT_ORDER_FOOD 338, 20, 5;
EXEC dbo.INSERT_ORDER_FOOD 175, 20, 2;
EXEC dbo.INSERT_ORDER_FOOD 438, 20, 1;
EXEC dbo.INSERT_ORDER_FOOD 409, 20, 3;
EXEC dbo.INSERT_ORDER_FOOD 248, 20, 5;
EXEC dbo.INSERT_ORDER_FOOD 425, 20, 2;
EXEC dbo.INSERT_ORDER_FOOD 206, 20, 2;
EXEC dbo.INSERT_ORDER_FOOD 37, 21, 4;
EXEC dbo.INSERT_ORDER_FOOD 294, 21, 5;
EXEC dbo.INSERT_ORDER_FOOD 323, 21, 5;
EXEC dbo.INSERT_ORDER_FOOD 153, 21, 3;
EXEC dbo.INSERT_ORDER_FOOD 248, 21, 5;
EXEC dbo.INSERT_ORDER_FOOD 492, 22, 3;
EXEC dbo.INSERT_ORDER_FOOD 585, 22, 2;
EXEC dbo.INSERT_ORDER_FOOD 423, 22, 4;
EXEC dbo.INSERT_ORDER_FOOD 409, 22, 2;
EXEC dbo.INSERT_ORDER_FOOD 198, 22, 3;
EXEC dbo.INSERT_ORDER_FOOD 323, 23, 4;
EXEC dbo.INSERT_ORDER_FOOD 425, 23, 5;
EXEC dbo.INSERT_ORDER_FOOD 409, 23, 1;
EXEC dbo.INSERT_ORDER_FOOD 248, 23, 3;
EXEC dbo.INSERT_ORDER_FOOD 37, 23, 3;
EXEC dbo.INSERT_ORDER_FOOD 338, 24, 4;
EXEC dbo.INSERT_ORDER_FOOD 354, 24, 4;
EXEC dbo.INSERT_ORDER_FOOD 54, 24, 2;
EXEC dbo.INSERT_ORDER_FOOD 425, 24, 2;
EXEC dbo.INSERT_ORDER_FOOD 198, 24, 4;
EXEC dbo.INSERT_ORDER_FOOD 175, 24, 1;
EXEC dbo.INSERT_ORDER_FOOD 489, 24, 4;
EXEC dbo.INSERT_ORDER_FOOD 198, 24, 1;
EXEC dbo.INSERT_ORDER_FOOD 409, 25, 2;
EXEC dbo.INSERT_ORDER_FOOD 208, 25, 1;
EXEC dbo.INSERT_ORDER_FOOD 438, 25, 2;
EXEC dbo.INSERT_ORDER_FOOD 153, 25, 2;
EXEC dbo.INSERT_ORDER_FOOD 103, 25, 1;
EXEC dbo.INSERT_ORDER_FOOD 354, 25, 5;
EXEC dbo.INSERT_ORDER_FOOD 438, 25, 4;
EXEC dbo.INSERT_ORDER_FOOD 153, 26, 5;
EXEC dbo.INSERT_ORDER_FOOD 354, 26, 4;
EXEC dbo.INSERT_ORDER_FOOD 585, 26, 3;
EXEC dbo.INSERT_ORDER_FOOD 354, 27, 2;
EXEC dbo.INSERT_ORDER_FOOD 175, 27, 1;
EXEC dbo.INSERT_ORDER_FOOD 206, 28, 5;
EXEC dbo.INSERT_ORDER_FOOD 99, 28, 5;
EXEC dbo.INSERT_ORDER_FOOD 198, 28, 1;
EXEC dbo.INSERT_ORDER_FOOD 198, 28, 5;
EXEC dbo.INSERT_ORDER_FOOD 490, 28, 5;
EXEC dbo.INSERT_ORDER_FOOD 585, 28, 3;
EXEC dbo.INSERT_ORDER_FOOD 489, 29, 1;
EXEC dbo.INSERT_ORDER_FOOD 438, 29, 1;
EXEC dbo.INSERT_ORDER_FOOD 409, 29, 3;
EXEC dbo.INSERT_ORDER_FOOD 29, 30, 5;
EXEC dbo.INSERT_ORDER_FOOD 570, 30, 3;
EXEC dbo.INSERT_ORDER_FOOD 458, 30, 2;
EXEC dbo.INSERT_ORDER_FOOD 99, 30, 4;
EXEC dbo.INSERT_ORDER_FOOD 585, 30, 4;
EXEC dbo.INSERT_ORDER_FOOD 489, 30, 3;
EXEC dbo.INSERT_ORDER_FOOD 29, 30, 3;
EXEC dbo.INSERT_ORDER_FOOD 354, 30, 3;
EXEC dbo.INSERT_ORDER_FOOD 354, 30, 4;
EXEC dbo.INSERT_ORDER_FOOD 29, 30, 5;
EXEC dbo.INSERT_ORDER_FOOD 54, 31, 3;
EXEC dbo.INSERT_ORDER_FOOD 198, 31, 4;
EXEC dbo.INSERT_ORDER_FOOD 490, 31, 3;
EXEC dbo.INSERT_ORDER_FOOD 54, 31, 5;
EXEC dbo.INSERT_ORDER_FOOD 490, 31, 1;
EXEC dbo.INSERT_ORDER_FOOD 489, 31, 1;
EXEC dbo.INSERT_ORDER_FOOD 153, 31, 4;
EXEC dbo.INSERT_ORDER_FOOD 206, 31, 3;
EXEC dbo.INSERT_ORDER_FOOD 425, 31, 5;
EXEC dbo.INSERT_ORDER_FOOD 423, 31, 3;
EXEC dbo.INSERT_ORDER_FOOD 37, 32, 1;
EXEC dbo.INSERT_ORDER_FOOD 354, 33, 4;
EXEC dbo.INSERT_ORDER_FOOD 489, 33, 2;
EXEC dbo.INSERT_ORDER_FOOD 338, 33, 5;
EXEC dbo.INSERT_ORDER_FOOD 338, 33, 2;
EXEC dbo.INSERT_ORDER_FOOD 29, 33, 1;
EXEC dbo.INSERT_ORDER_FOOD 198, 33, 3;
EXEC dbo.INSERT_ORDER_FOOD 137, 33, 3;
EXEC dbo.INSERT_ORDER_FOOD 563, 33, 4;
EXEC dbo.INSERT_ORDER_FOOD 318, 33, 1;
EXEC dbo.INSERT_ORDER_FOOD 103, 33, 3;
EXEC dbo.INSERT_ORDER_FOOD 99, 34, 2;
EXEC dbo.INSERT_ORDER_FOOD 490, 34, 2;
EXEC dbo.INSERT_ORDER_FOOD 409, 35, 2;
EXEC dbo.INSERT_ORDER_FOOD 29, 35, 5;
EXEC dbo.INSERT_ORDER_FOOD 206, 35, 2;
EXEC dbo.INSERT_ORDER_FOOD 425, 35, 3;
EXEC dbo.INSERT_ORDER_FOOD 409, 36, 1;
EXEC dbo.INSERT_ORDER_FOOD 37, 36, 5;
EXEC dbo.INSERT_ORDER_FOOD 208, 36, 3;
EXEC dbo.INSERT_ORDER_FOOD 38, 36, 5;
EXEC dbo.INSERT_ORDER_FOOD 409, 36, 5;
EXEC dbo.INSERT_ORDER_FOOD 45, 37, 4;
EXEC dbo.INSERT_ORDER_FOOD 490, 37, 5;
EXEC dbo.INSERT_ORDER_FOOD 248, 37, 5;
EXEC dbo.INSERT_ORDER_FOOD 585, 37, 1;
EXEC dbo.INSERT_ORDER_FOOD 338, 37, 2;
EXEC dbo.INSERT_ORDER_FOOD 294, 38, 4;
EXEC dbo.INSERT_ORDER_FOOD 318, 38, 1;
EXEC dbo.INSERT_ORDER_FOOD 103, 38, 4;
EXEC dbo.INSERT_ORDER_FOOD 198, 38, 2;
EXEC dbo.INSERT_ORDER_FOOD 54, 38, 2;
EXEC dbo.INSERT_ORDER_FOOD 492, 39, 2;
EXEC dbo.INSERT_ORDER_FOOD 103, 39, 1;
EXEC dbo.INSERT_ORDER_FOOD 354, 39, 2;
EXEC dbo.INSERT_ORDER_FOOD 208, 40, 3;
EXEC dbo.INSERT_ORDER_FOOD 492, 40, 4;
EXEC dbo.INSERT_ORDER_FOOD 103, 40, 3;
EXEC dbo.INSERT_ORDER_FOOD 585, 40, 2;
EXEC dbo.INSERT_ORDER_FOOD 248, 40, 4;
EXEC dbo.INSERT_ORDER_FOOD 162, 40, 3;
EXEC dbo.INSERT_ORDER_FOOD 137, 40, 5;
EXEC dbo.INSERT_ORDER_FOOD 101, 1, 2;
EXEC dbo.INSERT_ORDER_FOOD 293, 1, 1;
EXEC dbo.INSERT_ORDER_FOOD 32, 1, 4;
EXEC dbo.INSERT_ORDER_FOOD 209, 1, 5;
EXEC dbo.INSERT_ORDER_FOOD 373, 1, 1;
EXEC dbo.INSERT_ORDER_FOOD 25, 1, 5;
EXEC dbo.INSERT_ORDER_FOOD 293, 1, 1;
EXEC dbo.INSERT_ORDER_FOOD 25, 1, 3;
EXEC dbo.INSERT_ORDER_FOOD 303, 1, 4;
EXEC dbo.INSERT_ORDER_FOOD 432, 1, 4;
EXEC dbo.INSERT_ORDER_FOOD 123, 2, 3;
EXEC dbo.INSERT_ORDER_FOOD 527, 3, 4;
EXEC dbo.INSERT_ORDER_FOOD 433, 3, 3;
EXEC dbo.INSERT_ORDER_FOOD 25, 3, 3;
EXEC dbo.INSERT_ORDER_FOOD 293, 3, 2;
EXEC dbo.INSERT_ORDER_FOOD 195, 3, 5;
EXEC dbo.INSERT_ORDER_FOOD 504, 3, 4;
EXEC dbo.INSERT_ORDER_FOOD 78, 3, 5;
EXEC dbo.INSERT_ORDER_FOOD 334, 3, 4;
EXEC dbo.INSERT_ORDER_FOOD 209, 3, 5;
EXEC dbo.INSERT_ORDER_FOOD 182, 3, 5;
EXEC dbo.INSERT_ORDER_FOOD 472, 4, 5;
EXEC dbo.INSERT_ORDER_FOOD 145, 5, 1;
EXEC dbo.INSERT_ORDER_FOOD 40, 5, 1;
EXEC dbo.INSERT_ORDER_FOOD 195, 5, 1;
EXEC dbo.INSERT_ORDER_FOOD 139, 5, 5;
EXEC dbo.INSERT_ORDER_FOOD 494, 5, 5;
EXEC dbo.INSERT_ORDER_FOOD 389, 5, 1;
EXEC dbo.INSERT_ORDER_FOOD 101, 5, 4;
EXEC dbo.INSERT_ORDER_FOOD 303, 5, 2;
EXEC dbo.INSERT_ORDER_FOOD 209, 5, 3;
EXEC dbo.INSERT_ORDER_FOOD 587, 5, 2;
EXEC dbo.INSERT_ORDER_FOOD 373, 6, 5;
EXEC dbo.INSERT_ORDER_FOOD 195, 6, 5;
EXEC dbo.INSERT_ORDER_FOOD 504, 6, 2;
EXEC dbo.INSERT_ORDER_FOOD 293, 7, 4;
EXEC dbo.INSERT_ORDER_FOOD 31, 7, 2;
EXEC dbo.INSERT_ORDER_FOOD 293, 7, 4;
EXEC dbo.INSERT_ORDER_FOOD 466, 7, 5;
EXEC dbo.INSERT_ORDER_FOOD 389, 7, 5;
EXEC dbo.INSERT_ORDER_FOOD 373, 8, 3;
EXEC dbo.INSERT_ORDER_FOOD 78, 8, 1;
EXEC dbo.INSERT_ORDER_FOOD 174, 9, 5;
EXEC dbo.INSERT_ORDER_FOOD 303, 9, 3;
EXEC dbo.INSERT_ORDER_FOOD 483, 10, 3;
EXEC dbo.INSERT_ORDER_FOOD 31, 10, 5;
EXEC dbo.INSERT_ORDER_FOOD 527, 10, 2;
EXEC dbo.INSERT_ORDER_FOOD 195, 10, 4;
EXEC dbo.INSERT_ORDER_FOOD 466, 10, 3;
EXEC dbo.INSERT_ORDER_FOOD 145, 10, 1;
EXEC dbo.INSERT_ORDER_FOOD 510, 11, 2;
EXEC dbo.INSERT_ORDER_FOOD 101, 11, 2;
EXEC dbo.INSERT_ORDER_FOOD 510, 11, 5;
EXEC dbo.INSERT_ORDER_FOOD 513, 11, 3;
EXEC dbo.INSERT_ORDER_FOOD 101, 12, 5;
EXEC dbo.INSERT_ORDER_FOOD 101, 12, 1;
EXEC dbo.INSERT_ORDER_FOOD 366, 12, 3;
EXEC dbo.INSERT_ORDER_FOOD 109, 12, 4;
EXEC dbo.INSERT_ORDER_FOOD 587, 13, 1;
EXEC dbo.INSERT_ORDER_FOOD 389, 13, 4;
EXEC dbo.INSERT_ORDER_FOOD 195, 13, 2;
EXEC dbo.INSERT_ORDER_FOOD 353, 13, 3;
EXEC dbo.INSERT_ORDER_FOOD 145, 13, 2;
EXEC dbo.INSERT_ORDER_FOOD 389, 13, 3;
EXEC dbo.INSERT_ORDER_FOOD 303, 13, 2;
EXEC dbo.INSERT_ORDER_FOOD 432, 14, 1;
EXEC dbo.INSERT_ORDER_FOOD 510, 14, 2;
EXEC dbo.INSERT_ORDER_FOOD 182, 14, 4;
EXEC dbo.INSERT_ORDER_FOOD 145, 14, 4;
EXEC dbo.INSERT_ORDER_FOOD 513, 14, 3;
EXEC dbo.INSERT_ORDER_FOOD 31, 14, 1;
EXEC dbo.INSERT_ORDER_FOOD 123, 14, 3;
EXEC dbo.INSERT_ORDER_FOOD 78, 14, 5;
EXEC dbo.INSERT_ORDER_FOOD 209, 14, 3;
EXEC dbo.INSERT_ORDER_FOOD 389, 15, 2;
EXEC dbo.INSERT_ORDER_FOOD 366, 15, 3;
EXEC dbo.INSERT_ORDER_FOOD 510, 15, 4;
EXEC dbo.INSERT_ORDER_FOOD 572, 15, 2;
EXEC dbo.INSERT_ORDER_FOOD 453, 15, 5;
EXEC dbo.INSERT_ORDER_FOOD 373, 15, 4;
EXEC dbo.INSERT_ORDER_FOOD 78, 15, 1;
EXEC dbo.INSERT_ORDER_FOOD 145, 15, 3;
EXEC dbo.INSERT_ORDER_FOOD 32, 16, 1;
EXEC dbo.INSERT_ORDER_FOOD 373, 16, 4;
EXEC dbo.INSERT_ORDER_FOOD 293, 16, 2;
EXEC dbo.INSERT_ORDER_FOOD 405, 16, 4;
EXEC dbo.INSERT_ORDER_FOOD 353, 16, 4;
EXEC dbo.INSERT_ORDER_FOOD 466, 16, 2;
EXEC dbo.INSERT_ORDER_FOOD 389, 16, 3;
EXEC dbo.INSERT_ORDER_FOOD 587, 16, 5;
EXEC dbo.INSERT_ORDER_FOOD 182, 16, 3;
EXEC dbo.INSERT_ORDER_FOOD 31, 17, 4;
EXEC dbo.INSERT_ORDER_FOOD 353, 17, 2;
EXEC dbo.INSERT_ORDER_FOOD 353, 17, 1;
EXEC dbo.INSERT_ORDER_FOOD 466, 18, 2;
EXEC dbo.INSERT_ORDER_FOOD 453, 19, 3;
EXEC dbo.INSERT_ORDER_FOOD 527, 19, 5;
EXEC dbo.INSERT_ORDER_FOOD 174, 19, 2;
EXEC dbo.INSERT_ORDER_FOOD 195, 19, 1;
EXEC dbo.INSERT_ORDER_FOOD 31, 19, 3;
EXEC dbo.INSERT_ORDER_FOOD 405, 19, 1;
EXEC dbo.INSERT_ORDER_FOOD 32, 19, 3;
EXEC dbo.INSERT_ORDER_FOOD 504, 19, 5;
EXEC dbo.INSERT_ORDER_FOOD 494, 19, 2;
EXEC dbo.INSERT_ORDER_FOOD 366, 19, 5;
EXEC dbo.INSERT_ORDER_FOOD 373, 20, 1;
EXEC dbo.INSERT_ORDER_FOOD 378, 20, 2;
EXEC dbo.INSERT_ORDER_FOOD 587, 20, 3;
EXEC dbo.INSERT_ORDER_FOOD 405, 20, 5;
EXEC dbo.INSERT_ORDER_FOOD 587, 21, 1;
EXEC dbo.INSERT_ORDER_FOOD 32, 21, 4;
EXEC dbo.INSERT_ORDER_FOOD 293, 21, 2;
EXEC dbo.INSERT_ORDER_FOOD 101, 21, 4;
EXEC dbo.INSERT_ORDER_FOOD 25, 21, 3;
EXEC dbo.INSERT_ORDER_FOOD 504, 21, 3;
EXEC dbo.INSERT_ORDER_FOOD 527, 21, 4;
EXEC dbo.INSERT_ORDER_FOOD 182, 21, 3;
EXEC dbo.INSERT_ORDER_FOOD 293, 21, 3;
EXEC dbo.INSERT_ORDER_FOOD 433, 22, 1;
EXEC dbo.INSERT_ORDER_FOOD 249, 22, 5;
EXEC dbo.INSERT_ORDER_FOOD 572, 22, 3;
EXEC dbo.INSERT_ORDER_FOOD 433, 22, 1;
EXEC dbo.INSERT_ORDER_FOOD 504, 22, 3;
EXEC dbo.INSERT_ORDER_FOOD 532, 22, 1;
EXEC dbo.INSERT_ORDER_FOOD 527, 22, 1;
EXEC dbo.INSERT_ORDER_FOOD 195, 22, 4;
EXEC dbo.INSERT_ORDER_FOOD 433, 23, 2;
EXEC dbo.INSERT_ORDER_FOOD 483, 23, 5;
EXEC dbo.INSERT_ORDER_FOOD 209, 23, 3;
EXEC dbo.INSERT_ORDER_FOOD 532, 23, 1;
EXEC dbo.INSERT_ORDER_FOOD 182, 24, 5;
EXEC dbo.INSERT_ORDER_FOOD 532, 24, 2;
EXEC dbo.INSERT_ORDER_FOOD 101, 24, 4;
EXEC dbo.INSERT_ORDER_FOOD 378, 24, 1;
EXEC dbo.INSERT_ORDER_FOOD 373, 24, 1;
EXEC dbo.INSERT_ORDER_FOOD 427, 24, 1;
EXEC dbo.INSERT_ORDER_FOOD 466, 24, 3;
EXEC dbo.INSERT_ORDER_FOOD 504, 24, 1;
EXEC dbo.INSERT_ORDER_FOOD 353, 25, 1;
EXEC dbo.INSERT_ORDER_FOOD 527, 25, 5;
EXEC dbo.INSERT_ORDER_FOOD 472, 25, 2;
EXEC dbo.INSERT_ORDER_FOOD 182, 26, 5;
EXEC dbo.INSERT_ORDER_FOOD 123, 26, 5;
EXEC dbo.INSERT_ORDER_FOOD 466, 26, 4;
EXEC dbo.INSERT_ORDER_FOOD 590, 26, 4;
EXEC dbo.INSERT_ORDER_FOOD 466, 26, 3;
EXEC dbo.INSERT_ORDER_FOOD 313, 26, 1;
EXEC dbo.INSERT_ORDER_FOOD 532, 27, 4;
EXEC dbo.INSERT_ORDER_FOOD 405, 27, 1;
EXEC dbo.INSERT_ORDER_FOOD 527, 27, 3;
EXEC dbo.INSERT_ORDER_FOOD 31, 28, 3;
EXEC dbo.INSERT_ORDER_FOOD 366, 28, 3;
EXEC dbo.INSERT_ORDER_FOOD 378, 28, 2;
EXEC dbo.INSERT_ORDER_FOOD 432, 28, 2;
EXEC dbo.INSERT_ORDER_FOOD 123, 28, 5;
EXEC dbo.INSERT_ORDER_FOOD 366, 28, 1;
EXEC dbo.INSERT_ORDER_FOOD 101, 29, 1;
EXEC dbo.INSERT_ORDER_FOOD 334, 29, 4;
EXEC dbo.INSERT_ORDER_FOOD 293, 29, 2;
EXEC dbo.INSERT_ORDER_FOOD 513, 29, 2;
EXEC dbo.INSERT_ORDER_FOOD 405, 29, 2;
EXEC dbo.INSERT_ORDER_FOOD 587, 29, 2;
EXEC dbo.INSERT_ORDER_FOOD 123, 30, 4;
EXEC dbo.INSERT_ORDER_FOOD 513, 30, 2;
EXEC dbo.INSERT_ORDER_FOOD 572, 30, 2;
EXEC dbo.INSERT_ORDER_FOOD 432, 31, 4;
EXEC dbo.INSERT_ORDER_FOOD 590, 32, 2;
EXEC dbo.INSERT_ORDER_FOOD 572, 32, 1;
EXEC dbo.INSERT_ORDER_FOOD 494, 33, 2;
EXEC dbo.INSERT_ORDER_FOOD 483, 33, 4;
EXEC dbo.INSERT_ORDER_FOOD 31, 33, 4;
EXEC dbo.INSERT_ORDER_FOOD 373, 33, 4;
EXEC dbo.INSERT_ORDER_FOOD 504, 33, 4;
EXEC dbo.INSERT_ORDER_FOOD 472, 33, 5;
EXEC dbo.INSERT_ORDER_FOOD 101, 33, 3;
EXEC dbo.INSERT_ORDER_FOOD 378, 34, 3;
EXEC dbo.INSERT_ORDER_FOOD 334, 34, 2;
EXEC dbo.INSERT_ORDER_FOOD 249, 34, 1;
EXEC dbo.INSERT_ORDER_FOOD 334, 34, 1;
EXEC dbo.INSERT_ORDER_FOOD 532, 34, 3;
EXEC dbo.INSERT_ORDER_FOOD 504, 34, 4;
EXEC dbo.INSERT_ORDER_FOOD 32, 34, 4;
EXEC dbo.INSERT_ORDER_FOOD 483, 34, 5;
EXEC dbo.INSERT_ORDER_FOOD 504, 34, 5;
EXEC dbo.INSERT_ORDER_FOOD 145, 34, 4;
EXEC dbo.INSERT_ORDER_FOOD 532, 35, 4;
EXEC dbo.INSERT_ORDER_FOOD 405, 35, 3;
EXEC dbo.INSERT_ORDER_FOOD 483, 35, 2;
EXEC dbo.INSERT_ORDER_FOOD 590, 35, 5;
EXEC dbo.INSERT_ORDER_FOOD 427, 36, 2;
EXEC dbo.INSERT_ORDER_FOOD 145, 37, 2;
EXEC dbo.INSERT_ORDER_FOOD 572, 37, 5;
EXEC dbo.INSERT_ORDER_FOOD 334, 37, 3;
EXEC dbo.INSERT_ORDER_FOOD 433, 37, 5;
EXEC dbo.INSERT_ORDER_FOOD 378, 37, 3;
EXEC dbo.INSERT_ORDER_FOOD 353, 37, 4;
EXEC dbo.INSERT_ORDER_FOOD 123, 38, 1;
EXEC dbo.INSERT_ORDER_FOOD 313, 38, 2;
EXEC dbo.INSERT_ORDER_FOOD 590, 38, 2;
EXEC dbo.INSERT_ORDER_FOOD 510, 38, 1;
EXEC dbo.INSERT_ORDER_FOOD 427, 39, 5;
EXEC dbo.INSERT_ORDER_FOOD 466, 40, 1;
EXEC dbo.INSERT_ORDER_FOOD 249, 40, 5;
EXEC dbo.INSERT_ORDER_FOOD 432, 40, 3;
EXEC dbo.INSERT_ORDER_FOOD 145, 40, 2;
EXEC dbo.INSERT_ORDER_FOOD 353, 40, 3;
EXEC dbo.INSERT_ORDER_FOOD 504, 40, 4;
EXEC dbo.INSERT_ORDER_FOOD 572, 40, 4;
EXEC dbo.INSERT_ORDER_FOOD 202, 1, 4;
EXEC dbo.INSERT_ORDER_FOOD 516, 1, 2;
EXEC dbo.INSERT_ORDER_FOOD 272, 1, 1;
EXEC dbo.INSERT_ORDER_FOOD 179, 1, 5;
EXEC dbo.INSERT_ORDER_FOOD 75, 1, 3;
EXEC dbo.INSERT_ORDER_FOOD 203, 1, 5;
EXEC dbo.INSERT_ORDER_FOOD 166, 1, 1;
EXEC dbo.INSERT_ORDER_FOOD 143, 1, 2;
EXEC dbo.INSERT_ORDER_FOOD 203, 1, 5;
EXEC dbo.INSERT_ORDER_FOOD 541, 1, 2;
EXEC dbo.INSERT_ORDER_FOOD 166, 2, 5;
EXEC dbo.INSERT_ORDER_FOOD 509, 2, 1;
EXEC dbo.INSERT_ORDER_FOOD 189, 3, 1;
EXEC dbo.INSERT_ORDER_FOOD 234, 3, 1;
EXEC dbo.INSERT_ORDER_FOOD 451, 3, 4;
EXEC dbo.INSERT_ORDER_FOOD 568, 3, 4;
EXEC dbo.INSERT_ORDER_FOOD 546, 3, 4;
EXEC dbo.INSERT_ORDER_FOOD 546, 3, 4;
EXEC dbo.INSERT_ORDER_FOOD 1, 3, 1;
EXEC dbo.INSERT_ORDER_FOOD 286, 3, 5;
EXEC dbo.INSERT_ORDER_FOOD 344, 3, 4;
EXEC dbo.INSERT_ORDER_FOOD 286, 4, 2;
EXEC dbo.INSERT_ORDER_FOOD 189, 4, 5;
EXEC dbo.INSERT_ORDER_FOOD 320, 4, 5;
EXEC dbo.INSERT_ORDER_FOOD 471, 5, 5;
EXEC dbo.INSERT_ORDER_FOOD 189, 5, 4;
EXEC dbo.INSERT_ORDER_FOOD 271, 5, 4;
EXEC dbo.INSERT_ORDER_FOOD 327, 5, 2;
EXEC dbo.INSERT_ORDER_FOOD 297, 5, 4;
EXEC dbo.INSERT_ORDER_FOOD 451, 5, 2;
EXEC dbo.INSERT_ORDER_FOOD 367, 5, 2;
EXEC dbo.INSERT_ORDER_FOOD 234, 5, 3;
EXEC dbo.INSERT_ORDER_FOOD 448, 6, 4;
EXEC dbo.INSERT_ORDER_FOOD 247, 6, 3;
EXEC dbo.INSERT_ORDER_FOOD 339, 6, 1;
EXEC dbo.INSERT_ORDER_FOOD 1, 6, 1;
EXEC dbo.INSERT_ORDER_FOOD 344, 7, 3;
EXEC dbo.INSERT_ORDER_FOOD 166, 7, 4;
EXEC dbo.INSERT_ORDER_FOOD 272, 7, 4;
EXEC dbo.INSERT_ORDER_FOOD 471, 7, 5;
EXEC dbo.INSERT_ORDER_FOOD 247, 7, 3;
EXEC dbo.INSERT_ORDER_FOOD 297, 7, 5;
EXEC dbo.INSERT_ORDER_FOOD 581, 7, 5;
EXEC dbo.INSERT_ORDER_FOOD 339, 7, 1;
EXEC dbo.INSERT_ORDER_FOOD 111, 7, 2;
EXEC dbo.INSERT_ORDER_FOOD 388, 8, 3;
EXEC dbo.INSERT_ORDER_FOOD 498, 8, 5;
EXEC dbo.INSERT_ORDER_FOOD 388, 8, 1;
EXEC dbo.INSERT_ORDER_FOOD 100, 8, 3;
EXEC dbo.INSERT_ORDER_FOOD 498, 9, 2;
EXEC dbo.INSERT_ORDER_FOOD 286, 9, 3;
EXEC dbo.INSERT_ORDER_FOOD 234, 9, 3;
EXEC dbo.INSERT_ORDER_FOOD 166, 9, 4;
EXEC dbo.INSERT_ORDER_FOOD 286, 9, 1;
EXEC dbo.INSERT_ORDER_FOOD 203, 9, 5;
EXEC dbo.INSERT_ORDER_FOOD 143, 9, 1;
EXEC dbo.INSERT_ORDER_FOOD 166, 9, 3;
EXEC dbo.INSERT_ORDER_FOOD 320, 9, 5;
EXEC dbo.INSERT_ORDER_FOOD 449, 10, 1;
EXEC dbo.INSERT_ORDER_FOOD 449, 10, 1;
EXEC dbo.INSERT_ORDER_FOOD 498, 11, 5;
EXEC dbo.INSERT_ORDER_FOOD 509, 11, 2;
EXEC dbo.INSERT_ORDER_FOOD 321, 11, 1;
EXEC dbo.INSERT_ORDER_FOOD 203, 11, 2;
EXEC dbo.INSERT_ORDER_FOOD 546, 11, 2;
EXEC dbo.INSERT_ORDER_FOOD 212, 11, 4;
EXEC dbo.INSERT_ORDER_FOOD 443, 12, 4;
EXEC dbo.INSERT_ORDER_FOOD 369, 12, 2;
EXEC dbo.INSERT_ORDER_FOOD 286, 12, 4;
EXEC dbo.INSERT_ORDER_FOOD 179, 13, 4;
EXEC dbo.INSERT_ORDER_FOOD 568, 13, 4;
EXEC dbo.INSERT_ORDER_FOOD 100, 13, 2;
EXEC dbo.INSERT_ORDER_FOOD 451, 13, 4;
EXEC dbo.INSERT_ORDER_FOOD 344, 13, 3;
EXEC dbo.INSERT_ORDER_FOOD 321, 13, 4;
EXEC dbo.INSERT_ORDER_FOOD 203, 13, 1;
EXEC dbo.INSERT_ORDER_FOOD 471, 13, 2;
EXEC dbo.INSERT_ORDER_FOOD 581, 13, 1;
EXEC dbo.INSERT_ORDER_FOOD 533, 14, 3;
EXEC dbo.INSERT_ORDER_FOOD 498, 14, 4;
EXEC dbo.INSERT_ORDER_FOOD 509, 14, 3;
EXEC dbo.INSERT_ORDER_FOOD 498, 14, 1;
EXEC dbo.INSERT_ORDER_FOOD 581, 15, 4;
EXEC dbo.INSERT_ORDER_FOOD 533, 15, 4;
EXEC dbo.INSERT_ORDER_FOOD 203, 15, 1;
EXEC dbo.INSERT_ORDER_FOOD 448, 15, 1;
EXEC dbo.INSERT_ORDER_FOOD 546, 15, 2;
EXEC dbo.INSERT_ORDER_FOOD 451, 15, 5;
EXEC dbo.INSERT_ORDER_FOOD 203, 15, 2;
EXEC dbo.INSERT_ORDER_FOOD 581, 15, 4;
EXEC dbo.INSERT_ORDER_FOOD 234, 15, 1;
EXEC dbo.INSERT_ORDER_FOOD 344, 15, 4;
EXEC dbo.INSERT_ORDER_FOOD 297, 16, 1;
EXEC dbo.INSERT_ORDER_FOOD 541, 16, 1;
EXEC dbo.INSERT_ORDER_FOOD 471, 16, 2;
EXEC dbo.INSERT_ORDER_FOOD 321, 16, 4;
EXEC dbo.INSERT_ORDER_FOOD 538, 17, 1;
EXEC dbo.INSERT_ORDER_FOOD 1, 17, 2;
EXEC dbo.INSERT_ORDER_FOOD 1, 17, 3;
EXEC dbo.INSERT_ORDER_FOOD 286, 17, 1;
EXEC dbo.INSERT_ORDER_FOOD 327, 17, 5;
EXEC dbo.INSERT_ORDER_FOOD 581, 18, 5;
EXEC dbo.INSERT_ORDER_FOOD 286, 18, 5;
EXEC dbo.INSERT_ORDER_FOOD 272, 18, 1;
EXEC dbo.INSERT_ORDER_FOOD 512, 18, 4;
EXEC dbo.INSERT_ORDER_FOOD 546, 19, 5;
EXEC dbo.INSERT_ORDER_FOOD 581, 19, 5;
EXEC dbo.INSERT_ORDER_FOOD 212, 19, 1;
EXEC dbo.INSERT_ORDER_FOOD 449, 19, 1;
EXEC dbo.INSERT_ORDER_FOOD 574, 19, 5;
EXEC dbo.INSERT_ORDER_FOOD 471, 19, 1;
EXEC dbo.INSERT_ORDER_FOOD 546, 20, 1;
EXEC dbo.INSERT_ORDER_FOOD 451, 20, 1;
EXEC dbo.INSERT_ORDER_FOOD 320, 20, 2;
EXEC dbo.INSERT_ORDER_FOOD 75, 20, 1;
EXEC dbo.INSERT_ORDER_FOOD 388, 21, 2;
EXEC dbo.INSERT_ORDER_FOOD 272, 21, 3;
EXEC dbo.INSERT_ORDER_FOOD 212, 21, 3;
EXEC dbo.INSERT_ORDER_FOOD 321, 21, 3;
EXEC dbo.INSERT_ORDER_FOOD 451, 21, 3;
EXEC dbo.INSERT_ORDER_FOOD 498, 21, 5;
EXEC dbo.INSERT_ORDER_FOOD 449, 22, 4;
EXEC dbo.INSERT_ORDER_FOOD 143, 22, 5;
EXEC dbo.INSERT_ORDER_FOOD 286, 23, 5;
EXEC dbo.INSERT_ORDER_FOOD 247, 23, 3;
EXEC dbo.INSERT_ORDER_FOOD 189, 23, 2;
EXEC dbo.INSERT_ORDER_FOOD 505, 23, 1;
EXEC dbo.INSERT_ORDER_FOOD 100, 23, 5;
EXEC dbo.INSERT_ORDER_FOOD 189, 23, 1;
EXEC dbo.INSERT_ORDER_FOOD 538, 23, 3;
EXEC dbo.INSERT_ORDER_FOOD 286, 23, 4;
EXEC dbo.INSERT_ORDER_FOOD 581, 23, 1;
EXEC dbo.INSERT_ORDER_FOOD 286, 24, 5;
EXEC dbo.INSERT_ORDER_FOOD 247, 24, 4;
EXEC dbo.INSERT_ORDER_FOOD 166, 24, 1;
EXEC dbo.INSERT_ORDER_FOOD 111, 24, 4;
EXEC dbo.INSERT_ORDER_FOOD 100, 24, 1;
EXEC dbo.INSERT_ORDER_FOOD 574, 24, 4;
EXEC dbo.INSERT_ORDER_FOOD 509, 24, 5;
EXEC dbo.INSERT_ORDER_FOOD 568, 25, 3;
EXEC dbo.INSERT_ORDER_FOOD 286, 25, 1;
EXEC dbo.INSERT_ORDER_FOOD 247, 25, 1;
EXEC dbo.INSERT_ORDER_FOOD 321, 25, 2;
EXEC dbo.INSERT_ORDER_FOOD 212, 25, 2;
EXEC dbo.INSERT_ORDER_FOOD 541, 25, 5;
EXEC dbo.INSERT_ORDER_FOOD 574, 25, 4;
EXEC dbo.INSERT_ORDER_FOOD 320, 25, 4;
EXEC dbo.INSERT_ORDER_FOOD 1, 25, 4;
EXEC dbo.INSERT_ORDER_FOOD 538, 26, 1;
EXEC dbo.INSERT_ORDER_FOOD 533, 27, 2;
EXEC dbo.INSERT_ORDER_FOOD 388, 27, 5;
EXEC dbo.INSERT_ORDER_FOOD 143, 27, 3;
EXEC dbo.INSERT_ORDER_FOOD 498, 27, 5;
EXEC dbo.INSERT_ORDER_FOOD 581, 27, 5;
EXEC dbo.INSERT_ORDER_FOOD 202, 27, 3;
EXEC dbo.INSERT_ORDER_FOOD 189, 27, 1;
EXEC dbo.INSERT_ORDER_FOOD 367, 27, 3;
EXEC dbo.INSERT_ORDER_FOOD 344, 27, 2;
EXEC dbo.INSERT_ORDER_FOOD 369, 28, 4;
EXEC dbo.INSERT_ORDER_FOOD 448, 28, 4;
EXEC dbo.INSERT_ORDER_FOOD 574, 28, 1;
EXEC dbo.INSERT_ORDER_FOOD 271, 29, 5;
EXEC dbo.INSERT_ORDER_FOOD 344, 29, 3;
EXEC dbo.INSERT_ORDER_FOOD 212, 29, 2;
EXEC dbo.INSERT_ORDER_FOOD 369, 30, 3;
EXEC dbo.INSERT_ORDER_FOOD 327, 30, 4;
EXEC dbo.INSERT_ORDER_FOOD 202, 30, 4;
EXEC dbo.INSERT_ORDER_FOOD 272, 30, 3;
EXEC dbo.INSERT_ORDER_FOOD 286, 31, 2;
EXEC dbo.INSERT_ORDER_FOOD 297, 31, 2;
EXEC dbo.INSERT_ORDER_FOOD 143, 31, 5;
EXEC dbo.INSERT_ORDER_FOOD 471, 31, 1;
EXEC dbo.INSERT_ORDER_FOOD 448, 32, 4;
EXEC dbo.INSERT_ORDER_FOOD 247, 32, 5;
EXEC dbo.INSERT_ORDER_FOOD 443, 32, 1;
EXEC dbo.INSERT_ORDER_FOOD 516, 32, 1;
EXEC dbo.INSERT_ORDER_FOOD 568, 32, 2;
EXEC dbo.INSERT_ORDER_FOOD 505, 33, 4;
EXEC dbo.INSERT_ORDER_FOOD 388, 33, 4;
EXEC dbo.INSERT_ORDER_FOOD 1, 33, 4;
EXEC dbo.INSERT_ORDER_FOOD 533, 33, 3;
EXEC dbo.INSERT_ORDER_FOOD 498, 34, 5;
EXEC dbo.INSERT_ORDER_FOOD 505, 34, 3;
EXEC dbo.INSERT_ORDER_FOOD 568, 34, 3;
EXEC dbo.INSERT_ORDER_FOOD 505, 34, 5;
EXEC dbo.INSERT_ORDER_FOOD 320, 34, 1;
EXEC dbo.INSERT_ORDER_FOOD 541, 35, 1;
EXEC dbo.INSERT_ORDER_FOOD 234, 35, 1;
EXEC dbo.INSERT_ORDER_FOOD 443, 35, 5;
EXEC dbo.INSERT_ORDER_FOOD 369, 35, 1;
EXEC dbo.INSERT_ORDER_FOOD 286, 35, 3;
EXEC dbo.INSERT_ORDER_FOOD 516, 35, 2;
EXEC dbo.INSERT_ORDER_FOOD 203, 35, 4;
EXEC dbo.INSERT_ORDER_FOOD 286, 36, 2;
EXEC dbo.INSERT_ORDER_FOOD 533, 36, 3;
EXEC dbo.INSERT_ORDER_FOOD 471, 36, 2;
EXEC dbo.INSERT_ORDER_FOOD 179, 36, 3;
EXEC dbo.INSERT_ORDER_FOOD 212, 36, 4;
EXEC dbo.INSERT_ORDER_FOOD 75, 36, 1;
EXEC dbo.INSERT_ORDER_FOOD 538, 36, 2;
EXEC dbo.INSERT_ORDER_FOOD 443, 36, 3;
EXEC dbo.INSERT_ORDER_FOOD 568, 36, 3;
EXEC dbo.INSERT_ORDER_FOOD 297, 37, 5;
EXEC dbo.INSERT_ORDER_FOOD 339, 37, 3;
EXEC dbo.INSERT_ORDER_FOOD 505, 38, 2;
EXEC dbo.INSERT_ORDER_FOOD 369, 38, 1;
EXEC dbo.INSERT_ORDER_FOOD 344, 38, 5;
EXEC dbo.INSERT_ORDER_FOOD 339, 38, 3;
EXEC dbo.INSERT_ORDER_FOOD 202, 38, 2;
EXEC dbo.INSERT_ORDER_FOOD 179, 38, 1;
EXEC dbo.INSERT_ORDER_FOOD 327, 38, 5;
EXEC dbo.INSERT_ORDER_FOOD 512, 39, 2;
EXEC dbo.INSERT_ORDER_FOOD 516, 39, 5;
EXEC dbo.INSERT_ORDER_FOOD 272, 39, 5;
EXEC dbo.INSERT_ORDER_FOOD 546, 39, 4;
EXEC dbo.INSERT_ORDER_FOOD 234, 39, 4;
EXEC dbo.INSERT_ORDER_FOOD 1, 39, 1;
EXEC dbo.INSERT_ORDER_FOOD 247, 39, 3;
EXEC dbo.INSERT_ORDER_FOOD 367, 39, 2;
EXEC dbo.INSERT_ORDER_FOOD 327, 40, 1;
EXEC dbo.INSERT_ORDER_FOOD 546, 40, 2;
EXEC dbo.INSERT_ORDER_FOOD 505, 40, 2;
EXEC dbo.INSERT_ORDER_FOOD 509, 40, 2;
EXEC dbo.INSERT_ORDER_FOOD 143, 40, 1;
EXEC dbo.INSERT_ORDER_FOOD 461, 1, 3;
EXEC dbo.INSERT_ORDER_FOOD 285, 1, 3;
EXEC dbo.INSERT_ORDER_FOOD 191, 1, 3;
EXEC dbo.INSERT_ORDER_FOOD 475, 2, 2;
EXEC dbo.INSERT_ORDER_FOOD 395, 2, 4;
EXEC dbo.INSERT_ORDER_FOOD 285, 2, 1;
EXEC dbo.INSERT_ORDER_FOOD 147, 2, 4;
EXEC dbo.INSERT_ORDER_FOOD 61, 2, 3;
EXEC dbo.INSERT_ORDER_FOOD 434, 2, 4;
EXEC dbo.INSERT_ORDER_FOOD 554, 2, 5;
EXEC dbo.INSERT_ORDER_FOOD 252, 2, 4;
EXEC dbo.INSERT_ORDER_FOOD 274, 2, 1;
EXEC dbo.INSERT_ORDER_FOOD 434, 3, 5;
EXEC dbo.INSERT_ORDER_FOOD 187, 3, 3;
EXEC dbo.INSERT_ORDER_FOOD 226, 4, 5;
EXEC dbo.INSERT_ORDER_FOOD 177, 4, 1;
EXEC dbo.INSERT_ORDER_FOOD 252, 5, 1;
EXEC dbo.INSERT_ORDER_FOOD 462, 6, 1;
EXEC dbo.INSERT_ORDER_FOOD 223, 6, 4;
EXEC dbo.INSERT_ORDER_FOOD 253, 6, 4;
EXEC dbo.INSERT_ORDER_FOOD 49, 6, 3;
EXEC dbo.INSERT_ORDER_FOOD 250, 7, 4;
EXEC dbo.INSERT_ORDER_FOOD 523, 7, 5;
EXEC dbo.INSERT_ORDER_FOOD 460, 7, 3;
EXEC dbo.INSERT_ORDER_FOOD 554, 8, 4;
EXEC dbo.INSERT_ORDER_FOOD 392, 8, 5;
EXEC dbo.INSERT_ORDER_FOOD 315, 8, 2;
EXEC dbo.INSERT_ORDER_FOOD 191, 8, 5;
EXEC dbo.INSERT_ORDER_FOOD 191, 8, 1;
EXEC dbo.INSERT_ORDER_FOOD 55, 8, 5;
EXEC dbo.INSERT_ORDER_FOOD 435, 8, 2;
EXEC dbo.INSERT_ORDER_FOOD 187, 8, 4;
EXEC dbo.INSERT_ORDER_FOOD 283, 8, 4;
EXEC dbo.INSERT_ORDER_FOOD 267, 8, 2;
EXEC dbo.INSERT_ORDER_FOOD 434, 9, 3;
EXEC dbo.INSERT_ORDER_FOOD 500, 9, 1;
EXEC dbo.INSERT_ORDER_FOOD 437, 9, 4;
EXEC dbo.INSERT_ORDER_FOOD 113, 9, 1;
EXEC dbo.INSERT_ORDER_FOOD 462, 9, 5;
EXEC dbo.INSERT_ORDER_FOOD 72, 10, 3;
EXEC dbo.INSERT_ORDER_FOOD 274, 11, 1;
EXEC dbo.INSERT_ORDER_FOOD 187, 11, 4;
EXEC dbo.INSERT_ORDER_FOOD 379, 11, 3;
EXEC dbo.INSERT_ORDER_FOOD 285, 11, 3;
EXEC dbo.INSERT_ORDER_FOOD 379, 12, 3;
EXEC dbo.INSERT_ORDER_FOOD 187, 12, 3;
EXEC dbo.INSERT_ORDER_FOOD 61, 12, 4;
EXEC dbo.INSERT_ORDER_FOOD 597, 13, 1;
EXEC dbo.INSERT_ORDER_FOOD 523, 13, 3;
EXEC dbo.INSERT_ORDER_FOOD 283, 13, 2;
EXEC dbo.INSERT_ORDER_FOOD 253, 13, 2;
EXEC dbo.INSERT_ORDER_FOOD 245, 13, 2;
EXEC dbo.INSERT_ORDER_FOOD 226, 13, 3;
EXEC dbo.INSERT_ORDER_FOOD 395, 14, 4;
EXEC dbo.INSERT_ORDER_FOOD 461, 14, 3;
EXEC dbo.INSERT_ORDER_FOOD 461, 14, 1;
EXEC dbo.INSERT_ORDER_FOOD 597, 14, 5;
EXEC dbo.INSERT_ORDER_FOOD 434, 15, 5;
EXEC dbo.INSERT_ORDER_FOOD 252, 15, 4;
EXEC dbo.INSERT_ORDER_FOOD 395, 15, 1;
EXEC dbo.INSERT_ORDER_FOOD 554, 16, 4;
EXEC dbo.INSERT_ORDER_FOOD 418, 16, 2;
EXEC dbo.INSERT_ORDER_FOOD 21, 16, 1;
EXEC dbo.INSERT_ORDER_FOOD 514, 16, 3;
EXEC dbo.INSERT_ORDER_FOOD 126, 17, 1;
EXEC dbo.INSERT_ORDER_FOOD 437, 18, 5;
EXEC dbo.INSERT_ORDER_FOOD 147, 18, 2;
EXEC dbo.INSERT_ORDER_FOOD 283, 18, 1;
EXEC dbo.INSERT_ORDER_FOOD 113, 18, 3;
EXEC dbo.INSERT_ORDER_FOOD 226, 18, 3;
EXEC dbo.INSERT_ORDER_FOOD 126, 19, 5;
EXEC dbo.INSERT_ORDER_FOOD 360, 19, 4;
EXEC dbo.INSERT_ORDER_FOOD 113, 19, 4;
EXEC dbo.INSERT_ORDER_FOOD 379, 19, 4;
EXEC dbo.INSERT_ORDER_FOOD 475, 19, 4;
EXEC dbo.INSERT_ORDER_FOOD 55, 20, 5;
EXEC dbo.INSERT_ORDER_FOOD 289, 20, 4;
EXEC dbo.INSERT_ORDER_FOOD 72, 20, 4;
EXEC dbo.INSERT_ORDER_FOOD 21, 20, 3;
EXEC dbo.INSERT_ORDER_FOOD 461, 20, 1;
EXEC dbo.INSERT_ORDER_FOOD 250, 20, 1;
EXEC dbo.INSERT_ORDER_FOOD 226, 20, 1;
EXEC dbo.INSERT_ORDER_FOOD 72, 20, 5;
EXEC dbo.INSERT_ORDER_FOOD 461, 20, 4;
EXEC dbo.INSERT_ORDER_FOOD 267, 21, 4;
EXEC dbo.INSERT_ORDER_FOOD 191, 21, 1;
EXEC dbo.INSERT_ORDER_FOOD 210, 21, 2;
EXEC dbo.INSERT_ORDER_FOOD 418, 21, 1;
EXEC dbo.INSERT_ORDER_FOOD 395, 21, 3;
EXEC dbo.INSERT_ORDER_FOOD 223, 21, 2;
EXEC dbo.INSERT_ORDER_FOOD 267, 21, 5;
EXEC dbo.INSERT_ORDER_FOOD 267, 21, 3;
EXEC dbo.INSERT_ORDER_FOOD 55, 22, 2;
EXEC dbo.INSERT_ORDER_FOOD 322, 22, 3;
EXEC dbo.INSERT_ORDER_FOOD 597, 22, 5;
EXEC dbo.INSERT_ORDER_FOOD 210, 22, 3;
EXEC dbo.INSERT_ORDER_FOOD 223, 23, 5;
EXEC dbo.INSERT_ORDER_FOOD 283, 23, 2;
EXEC dbo.INSERT_ORDER_FOOD 126, 24, 4;
EXEC dbo.INSERT_ORDER_FOOD 475, 24, 3;
EXEC dbo.INSERT_ORDER_FOOD 226, 24, 1;
EXEC dbo.INSERT_ORDER_FOOD 267, 24, 5;
EXEC dbo.INSERT_ORDER_FOOD 418, 24, 1;
EXEC dbo.INSERT_ORDER_FOOD 187, 24, 2;
EXEC dbo.INSERT_ORDER_FOOD 72, 24, 4;
EXEC dbo.INSERT_ORDER_FOOD 475, 24, 5;
EXEC dbo.INSERT_ORDER_FOOD 147, 24, 2;
EXEC dbo.INSERT_ORDER_FOOD 223, 25, 5;
EXEC dbo.INSERT_ORDER_FOOD 357, 25, 4;
EXEC dbo.INSERT_ORDER_FOOD 117, 25, 2;
EXEC dbo.INSERT_ORDER_FOOD 357, 25, 4;
EXEC dbo.INSERT_ORDER_FOOD 250, 25, 3;
EXEC dbo.INSERT_ORDER_FOOD 554, 25, 1;
EXEC dbo.INSERT_ORDER_FOOD 523, 25, 3;
EXEC dbo.INSERT_ORDER_FOOD 117, 25, 1;
EXEC dbo.INSERT_ORDER_FOOD 597, 25, 2;
EXEC dbo.INSERT_ORDER_FOOD 191, 25, 1;
EXEC dbo.INSERT_ORDER_FOOD 21, 26, 4;
EXEC dbo.INSERT_ORDER_FOOD 61, 26, 1;
EXEC dbo.INSERT_ORDER_FOOD 274, 26, 4;
EXEC dbo.INSERT_ORDER_FOOD 49, 26, 4;
EXEC dbo.INSERT_ORDER_FOOD 274, 27, 5;
EXEC dbo.INSERT_ORDER_FOOD 461, 27, 1;
EXEC dbo.INSERT_ORDER_FOOD 187, 27, 2;
EXEC dbo.INSERT_ORDER_FOOD 289, 27, 1;
EXEC dbo.INSERT_ORDER_FOOD 21, 27, 2;
EXEC dbo.INSERT_ORDER_FOOD 191, 28, 1;
EXEC dbo.INSERT_ORDER_FOOD 418, 28, 3;
EXEC dbo.INSERT_ORDER_FOOD 322, 28, 5;
EXEC dbo.INSERT_ORDER_FOOD 289, 28, 3;
EXEC dbo.INSERT_ORDER_FOOD 514, 28, 1;
EXEC dbo.INSERT_ORDER_FOOD 245, 29, 5;
EXEC dbo.INSERT_ORDER_FOOD 113, 29, 5;
EXEC dbo.INSERT_ORDER_FOOD 210, 29, 5;
EXEC dbo.INSERT_ORDER_FOOD 523, 29, 3;
EXEC dbo.INSERT_ORDER_FOOD 418, 29, 3;
EXEC dbo.INSERT_ORDER_FOOD 177, 29, 5;
EXEC dbo.INSERT_ORDER_FOOD 274, 29, 1;
EXEC dbo.INSERT_ORDER_FOOD 418, 29, 3;
EXEC dbo.INSERT_ORDER_FOOD 226, 30, 4;
EXEC dbo.INSERT_ORDER_FOOD 392, 30, 2;
EXEC dbo.INSERT_ORDER_FOOD 274, 30, 2;
EXEC dbo.INSERT_ORDER_FOOD 357, 30, 5;
EXEC dbo.INSERT_ORDER_FOOD 435, 30, 5;
EXEC dbo.INSERT_ORDER_FOOD 461, 30, 1;
EXEC dbo.INSERT_ORDER_FOOD 437, 30, 4;
EXEC dbo.INSERT_ORDER_FOOD 418, 30, 3;
EXEC dbo.INSERT_ORDER_FOOD 461, 31, 5;
EXEC dbo.INSERT_ORDER_FOOD 223, 31, 4;
EXEC dbo.INSERT_ORDER_FOOD 187, 31, 5;
EXEC dbo.INSERT_ORDER_FOOD 434, 32, 1;
EXEC dbo.INSERT_ORDER_FOOD 597, 32, 4;
EXEC dbo.INSERT_ORDER_FOOD 514, 32, 2;
EXEC dbo.INSERT_ORDER_FOOD 274, 33, 4;
EXEC dbo.INSERT_ORDER_FOOD 379, 34, 4;
EXEC dbo.INSERT_ORDER_FOOD 322, 34, 4;
EXEC dbo.INSERT_ORDER_FOOD 315, 34, 2;
EXEC dbo.INSERT_ORDER_FOOD 435, 35, 2;
EXEC dbo.INSERT_ORDER_FOOD 597, 35, 5;
EXEC dbo.INSERT_ORDER_FOOD 49, 35, 5;
EXEC dbo.INSERT_ORDER_FOOD 191, 35, 4;
EXEC dbo.INSERT_ORDER_FOOD 500, 35, 4;
EXEC dbo.INSERT_ORDER_FOOD 55, 35, 3;
EXEC dbo.INSERT_ORDER_FOOD 250, 35, 1;
EXEC dbo.INSERT_ORDER_FOOD 461, 35, 5;
EXEC dbo.INSERT_ORDER_FOOD 597, 35, 4;
EXEC dbo.INSERT_ORDER_FOOD 461, 35, 2;
EXEC dbo.INSERT_ORDER_FOOD 252, 36, 5;
EXEC dbo.INSERT_ORDER_FOOD 283, 36, 2;
EXEC dbo.INSERT_ORDER_FOOD 253, 36, 4;
EXEC dbo.INSERT_ORDER_FOOD 250, 36, 5;
EXEC dbo.INSERT_ORDER_FOOD 435, 36, 1;
EXEC dbo.INSERT_ORDER_FOOD 113, 36, 1;
EXEC dbo.INSERT_ORDER_FOOD 461, 36, 4;
EXEC dbo.INSERT_ORDER_FOOD 117, 37, 1;
EXEC dbo.INSERT_ORDER_FOOD 126, 37, 1;
EXEC dbo.INSERT_ORDER_FOOD 250, 37, 4;
EXEC dbo.INSERT_ORDER_FOOD 226, 37, 4;
EXEC dbo.INSERT_ORDER_FOOD 523, 37, 3;
EXEC dbo.INSERT_ORDER_FOOD 117, 38, 1;
EXEC dbo.INSERT_ORDER_FOOD 462, 38, 1;
EXEC dbo.INSERT_ORDER_FOOD 357, 38, 3;
EXEC dbo.INSERT_ORDER_FOOD 187, 38, 1;
EXEC dbo.INSERT_ORDER_FOOD 523, 38, 2;
EXEC dbo.INSERT_ORDER_FOOD 191, 38, 4;
EXEC dbo.INSERT_ORDER_FOOD 434, 38, 4;
EXEC dbo.INSERT_ORDER_FOOD 55, 38, 2;
EXEC dbo.INSERT_ORDER_FOOD 267, 38, 4;
EXEC dbo.INSERT_ORDER_FOOD 500, 39, 5;
EXEC dbo.INSERT_ORDER_FOOD 523, 39, 3;
EXEC dbo.INSERT_ORDER_FOOD 500, 39, 2;
EXEC dbo.INSERT_ORDER_FOOD 289, 39, 1;
EXEC dbo.INSERT_ORDER_FOOD 226, 39, 4;
EXEC dbo.INSERT_ORDER_FOOD 395, 39, 5;
EXEC dbo.INSERT_ORDER_FOOD 460, 39, 4;
EXEC dbo.INSERT_ORDER_FOOD 357, 39, 1;
EXEC dbo.INSERT_ORDER_FOOD 223, 39, 4;
EXEC dbo.INSERT_ORDER_FOOD 267, 39, 3;
EXEC dbo.INSERT_ORDER_FOOD 113, 40, 2;
EXEC dbo.INSERT_ORDER_FOOD 379, 40, 4;
EXEC dbo.INSERT_ORDER_FOOD 500, 40, 1;
EXEC dbo.INSERT_ORDER_FOOD 523, 40, 3;
EXEC dbo.INSERT_ORDER_FOOD 360, 40, 2;
EXEC dbo.INSERT_ORDER_FOOD 223, 40, 2;
EXEC dbo.INSERT_ORDER_FOOD 106, 1, 1;
EXEC dbo.INSERT_ORDER_FOOD 429, 1, 2;
EXEC dbo.INSERT_ORDER_FOOD 328, 1, 5;
EXEC dbo.INSERT_ORDER_FOOD 128, 2, 4;
EXEC dbo.INSERT_ORDER_FOOD 127, 2, 5;
EXEC dbo.INSERT_ORDER_FOOD 459, 2, 5;
EXEC dbo.INSERT_ORDER_FOOD 550, 2, 1;
EXEC dbo.INSERT_ORDER_FOOD 582, 2, 2;
EXEC dbo.INSERT_ORDER_FOOD 152, 2, 3;
EXEC dbo.INSERT_ORDER_FOOD 207, 2, 1;
EXEC dbo.INSERT_ORDER_FOOD 127, 2, 4;
EXEC dbo.INSERT_ORDER_FOOD 120, 2, 5;
EXEC dbo.INSERT_ORDER_FOOD 44, 2, 4;
EXEC dbo.INSERT_ORDER_FOOD 537, 3, 5;
EXEC dbo.INSERT_ORDER_FOOD 308, 3, 5;
EXEC dbo.INSERT_ORDER_FOOD 582, 3, 1;
EXEC dbo.INSERT_ORDER_FOOD 44, 3, 1;
EXEC dbo.INSERT_ORDER_FOOD 333, 3, 5;
EXEC dbo.INSERT_ORDER_FOOD 254, 4, 4;
EXEC dbo.INSERT_ORDER_FOOD 6, 4, 4;
EXEC dbo.INSERT_ORDER_FOOD 193, 4, 1;
EXEC dbo.INSERT_ORDER_FOOD 582, 4, 3;
EXEC dbo.INSERT_ORDER_FOOD 80, 4, 3;
EXEC dbo.INSERT_ORDER_FOOD 154, 4, 3;
EXEC dbo.INSERT_ORDER_FOOD 194, 5, 4;
EXEC dbo.INSERT_ORDER_FOOD 537, 5, 3;
EXEC dbo.INSERT_ORDER_FOOD 341, 5, 4;
EXEC dbo.INSERT_ORDER_FOOD 193, 6, 4;
EXEC dbo.INSERT_ORDER_FOOD 200, 6, 2;
EXEC dbo.INSERT_ORDER_FOOD 106, 6, 2;
EXEC dbo.INSERT_ORDER_FOOD 120, 6, 2;
EXEC dbo.INSERT_ORDER_FOOD 161, 6, 5;
EXEC dbo.INSERT_ORDER_FOOD 136, 6, 5;
EXEC dbo.INSERT_ORDER_FOOD 537, 6, 3;
EXEC dbo.INSERT_ORDER_FOOD 6, 6, 5;
EXEC dbo.INSERT_ORDER_FOOD 172, 7, 5;
EXEC dbo.INSERT_ORDER_FOOD 207, 7, 1;
EXEC dbo.INSERT_ORDER_FOOD 102, 7, 5;
EXEC dbo.INSERT_ORDER_FOOD 341, 7, 4;
EXEC dbo.INSERT_ORDER_FOOD 194, 8, 3;
EXEC dbo.INSERT_ORDER_FOOD 80, 8, 2;
EXEC dbo.INSERT_ORDER_FOOD 80, 8, 3;
EXEC dbo.INSERT_ORDER_FOOD 537, 8, 2;
EXEC dbo.INSERT_ORDER_FOOD 543, 8, 1;
EXEC dbo.INSERT_ORDER_FOOD 287, 8, 4;
EXEC dbo.INSERT_ORDER_FOOD 16, 8, 1;
EXEC dbo.INSERT_ORDER_FOOD 333, 8, 2;
EXEC dbo.INSERT_ORDER_FOOD 207, 8, 1;
EXEC dbo.INSERT_ORDER_FOOD 520, 9, 5;
EXEC dbo.INSERT_ORDER_FOOD 571, 9, 1;
EXEC dbo.INSERT_ORDER_FOOD 341, 9, 1;
EXEC dbo.INSERT_ORDER_FOOD 151, 9, 5;
EXEC dbo.INSERT_ORDER_FOOD 429, 9, 5;
EXEC dbo.INSERT_ORDER_FOOD 80, 9, 2;
EXEC dbo.INSERT_ORDER_FOOD 571, 9, 4;
EXEC dbo.INSERT_ORDER_FOOD 520, 10, 2;
EXEC dbo.INSERT_ORDER_FOOD 154, 10, 3;
EXEC dbo.INSERT_ORDER_FOOD 127, 10, 4;
EXEC dbo.INSERT_ORDER_FOOD 136, 10, 1;
EXEC dbo.INSERT_ORDER_FOOD 128, 11, 1;
EXEC dbo.INSERT_ORDER_FOOD 550, 11, 3;
EXEC dbo.INSERT_ORDER_FOOD 194, 11, 1;
EXEC dbo.INSERT_ORDER_FOOD 102, 11, 1;
EXEC dbo.INSERT_ORDER_FOOD 543, 11, 4;
EXEC dbo.INSERT_ORDER_FOOD 44, 11, 3;
EXEC dbo.INSERT_ORDER_FOOD 172, 11, 3;
EXEC dbo.INSERT_ORDER_FOOD 550, 11, 2;
EXEC dbo.INSERT_ORDER_FOOD 550, 12, 2;
EXEC dbo.INSERT_ORDER_FOOD 254, 12, 1;
EXEC dbo.INSERT_ORDER_FOOD 341, 12, 2;
EXEC dbo.INSERT_ORDER_FOOD 459, 12, 2;
EXEC dbo.INSERT_ORDER_FOOD 525, 12, 5;
EXEC dbo.INSERT_ORDER_FOOD 550, 12, 2;
EXEC dbo.INSERT_ORDER_FOOD 560, 12, 5;
EXEC dbo.INSERT_ORDER_FOOD 128, 12, 4;
EXEC dbo.INSERT_ORDER_FOOD 152, 13, 1;
EXEC dbo.INSERT_ORDER_FOOD 287, 13, 5;
EXEC dbo.INSERT_ORDER_FOOD 102, 13, 5;
EXEC dbo.INSERT_ORDER_FOOD 550, 13, 5;
EXEC dbo.INSERT_ORDER_FOOD 194, 13, 1;
EXEC dbo.INSERT_ORDER_FOOD 151, 14, 1;
EXEC dbo.INSERT_ORDER_FOOD 80, 14, 2;
EXEC dbo.INSERT_ORDER_FOOD 520, 15, 3;
EXEC dbo.INSERT_ORDER_FOOD 6, 15, 4;
EXEC dbo.INSERT_ORDER_FOOD 333, 15, 3;
EXEC dbo.INSERT_ORDER_FOOD 582, 16, 5;
EXEC dbo.INSERT_ORDER_FOOD 571, 16, 1;
EXEC dbo.INSERT_ORDER_FOOD 158, 16, 4;
EXEC dbo.INSERT_ORDER_FOOD 525, 16, 5;
EXEC dbo.INSERT_ORDER_FOOD 154, 16, 1;
EXEC dbo.INSERT_ORDER_FOOD 136, 16, 5;
EXEC dbo.INSERT_ORDER_FOOD 80, 16, 5;
EXEC dbo.INSERT_ORDER_FOOD 560, 16, 5;
EXEC dbo.INSERT_ORDER_FOOD 106, 17, 5;
EXEC dbo.INSERT_ORDER_FOOD 560, 17, 3;
EXEC dbo.INSERT_ORDER_FOOD 128, 17, 4;
EXEC dbo.INSERT_ORDER_FOOD 136, 17, 4;
EXEC dbo.INSERT_ORDER_FOOD 127, 17, 1;
EXEC dbo.INSERT_ORDER_FOOD 341, 18, 5;
EXEC dbo.INSERT_ORDER_FOOD 200, 18, 5;
EXEC dbo.INSERT_ORDER_FOOD 151, 18, 1;
EXEC dbo.INSERT_ORDER_FOOD 543, 18, 4;
EXEC dbo.INSERT_ORDER_FOOD 254, 18, 5;
EXEC dbo.INSERT_ORDER_FOOD 333, 18, 1;
EXEC dbo.INSERT_ORDER_FOOD 328, 18, 3;
EXEC dbo.INSERT_ORDER_FOOD 341, 18, 4;
EXEC dbo.INSERT_ORDER_FOOD 429, 18, 2;
EXEC dbo.INSERT_ORDER_FOOD 151, 18, 3;
EXEC dbo.INSERT_ORDER_FOOD 582, 19, 2;
EXEC dbo.INSERT_ORDER_FOOD 172, 19, 2;
EXEC dbo.INSERT_ORDER_FOOD 333, 19, 5;
EXEC dbo.INSERT_ORDER_FOOD 328, 19, 1;
EXEC dbo.INSERT_ORDER_FOOD 161, 19, 3;
EXEC dbo.INSERT_ORDER_FOOD 328, 19, 2;
EXEC dbo.INSERT_ORDER_FOOD 152, 19, 3;
EXEC dbo.INSERT_ORDER_FOOD 333, 20, 2;
EXEC dbo.INSERT_ORDER_FOOD 562, 20, 4;
EXEC dbo.INSERT_ORDER_FOOD 172, 20, 3;
EXEC dbo.INSERT_ORDER_FOOD 106, 20, 1;
EXEC dbo.INSERT_ORDER_FOOD 520, 20, 3;
EXEC dbo.INSERT_ORDER_FOOD 207, 20, 1;
EXEC dbo.INSERT_ORDER_FOOD 194, 20, 2;
EXEC dbo.INSERT_ORDER_FOOD 520, 20, 1;
EXEC dbo.INSERT_ORDER_FOOD 136, 20, 5;
EXEC dbo.INSERT_ORDER_FOOD 543, 21, 2;
EXEC dbo.INSERT_ORDER_FOOD 562, 21, 1;
EXEC dbo.INSERT_ORDER_FOOD 550, 21, 3;
EXEC dbo.INSERT_ORDER_FOOD 120, 21, 2;
EXEC dbo.INSERT_ORDER_FOOD 341, 21, 4;
EXEC dbo.INSERT_ORDER_FOOD 328, 21, 4;
EXEC dbo.INSERT_ORDER_FOOD 102, 22, 3;
EXEC dbo.INSERT_ORDER_FOOD 200, 23, 5;
EXEC dbo.INSERT_ORDER_FOOD 468, 23, 1;
EXEC dbo.INSERT_ORDER_FOOD 562, 23, 4;
EXEC dbo.INSERT_ORDER_FOOD 106, 23, 5;
EXEC dbo.INSERT_ORDER_FOOD 44, 24, 2;
EXEC dbo.INSERT_ORDER_FOOD 106, 24, 3;
EXEC dbo.INSERT_ORDER_FOOD 207, 24, 5;
EXEC dbo.INSERT_ORDER_FOOD 328, 24, 5;
EXEC dbo.INSERT_ORDER_FOOD 582, 24, 5;
EXEC dbo.INSERT_ORDER_FOOD 560, 25, 3;
EXEC dbo.INSERT_ORDER_FOOD 525, 25, 3;
EXEC dbo.INSERT_ORDER_FOOD 151, 25, 1;
EXEC dbo.INSERT_ORDER_FOOD 287, 25, 4;
EXEC dbo.INSERT_ORDER_FOOD 571, 26, 5;
EXEC dbo.INSERT_ORDER_FOOD 459, 26, 5;
EXEC dbo.INSERT_ORDER_FOOD 6, 26, 1;
EXEC dbo.INSERT_ORDER_FOOD 562, 26, 1;
EXEC dbo.INSERT_ORDER_FOOD 254, 27, 4;
EXEC dbo.INSERT_ORDER_FOOD 158, 27, 2;
EXEC dbo.INSERT_ORDER_FOOD 151, 27, 2;
EXEC dbo.INSERT_ORDER_FOOD 6, 27, 2;
EXEC dbo.INSERT_ORDER_FOOD 120, 27, 3;
EXEC dbo.INSERT_ORDER_FOOD 194, 28, 3;
EXEC dbo.INSERT_ORDER_FOOD 172, 28, 2;
EXEC dbo.INSERT_ORDER_FOOD 543, 28, 2;
EXEC dbo.INSERT_ORDER_FOOD 571, 28, 3;
EXEC dbo.INSERT_ORDER_FOOD 287, 28, 5;
EXEC dbo.INSERT_ORDER_FOOD 152, 28, 5;
EXEC dbo.INSERT_ORDER_FOOD 106, 29, 1;
EXEC dbo.INSERT_ORDER_FOOD 172, 29, 4;
EXEC dbo.INSERT_ORDER_FOOD 16, 29, 5;
EXEC dbo.INSERT_ORDER_FOOD 341, 29, 3;
EXEC dbo.INSERT_ORDER_FOOD 161, 29, 3;
EXEC dbo.INSERT_ORDER_FOOD 426, 29, 1;
EXEC dbo.INSERT_ORDER_FOOD 172, 30, 5;
EXEC dbo.INSERT_ORDER_FOOD 120, 30, 4;
EXEC dbo.INSERT_ORDER_FOOD 560, 30, 1;
EXEC dbo.INSERT_ORDER_FOOD 106, 30, 4;
EXEC dbo.INSERT_ORDER_FOOD 254, 30, 5;
EXEC dbo.INSERT_ORDER_FOOD 582, 30, 3;
EXEC dbo.INSERT_ORDER_FOOD 238, 30, 4;
EXEC dbo.INSERT_ORDER_FOOD 154, 30, 2;
EXEC dbo.INSERT_ORDER_FOOD 550, 30, 5;
EXEC dbo.INSERT_ORDER_FOOD 194, 30, 3;
EXEC dbo.INSERT_ORDER_FOOD 200, 31, 3;
EXEC dbo.INSERT_ORDER_FOOD 560, 31, 3;
EXEC dbo.INSERT_ORDER_FOOD 426, 31, 3;
EXEC dbo.INSERT_ORDER_FOOD 328, 32, 2;
EXEC dbo.INSERT_ORDER_FOOD 333, 32, 5;
EXEC dbo.INSERT_ORDER_FOOD 308, 32, 4;
EXEC dbo.INSERT_ORDER_FOOD 151, 32, 5;
EXEC dbo.INSERT_ORDER_FOOD 459, 32, 4;
EXEC dbo.INSERT_ORDER_FOOD 16, 32, 1;
EXEC dbo.INSERT_ORDER_FOOD 193, 32, 4;
EXEC dbo.INSERT_ORDER_FOOD 154, 32, 2;
EXEC dbo.INSERT_ORDER_FOOD 151, 32, 4;
EXEC dbo.INSERT_ORDER_FOOD 172, 33, 4;
EXEC dbo.INSERT_ORDER_FOOD 328, 33, 2;
EXEC dbo.INSERT_ORDER_FOOD 154, 33, 2;
EXEC dbo.INSERT_ORDER_FOOD 194, 33, 5;
EXEC dbo.INSERT_ORDER_FOOD 193, 33, 3;
EXEC dbo.INSERT_ORDER_FOOD 537, 33, 1;
EXEC dbo.INSERT_ORDER_FOOD 207, 33, 1;
EXEC dbo.INSERT_ORDER_FOOD 341, 33, 1;
EXEC dbo.INSERT_ORDER_FOOD 429, 34, 1;
EXEC dbo.INSERT_ORDER_FOOD 308, 34, 4;
EXEC dbo.INSERT_ORDER_FOOD 429, 34, 4;
EXEC dbo.INSERT_ORDER_FOOD 152, 35, 2;
EXEC dbo.INSERT_ORDER_FOOD 560, 35, 5;
EXEC dbo.INSERT_ORDER_FOOD 120, 35, 2;
EXEC dbo.INSERT_ORDER_FOOD 537, 35, 5;
EXEC dbo.INSERT_ORDER_FOOD 459, 35, 2;
EXEC dbo.INSERT_ORDER_FOOD 429, 35, 1;
EXEC dbo.INSERT_ORDER_FOOD 207, 35, 2;
EXEC dbo.INSERT_ORDER_FOOD 106, 35, 4;
EXEC dbo.INSERT_ORDER_FOOD 525, 35, 3;
EXEC dbo.INSERT_ORDER_FOOD 127, 36, 2;
EXEC dbo.INSERT_ORDER_FOOD 16, 36, 3;
EXEC dbo.INSERT_ORDER_FOOD 102, 36, 3;
EXEC dbo.INSERT_ORDER_FOOD 106, 37, 1;
EXEC dbo.INSERT_ORDER_FOOD 537, 37, 4;
EXEC dbo.INSERT_ORDER_FOOD 16, 37, 2;
EXEC dbo.INSERT_ORDER_FOOD 193, 37, 4;
EXEC dbo.INSERT_ORDER_FOOD 80, 37, 5;
EXEC dbo.INSERT_ORDER_FOOD 562, 37, 2;
EXEC dbo.INSERT_ORDER_FOOD 106, 37, 3;
EXEC dbo.INSERT_ORDER_FOOD 520, 37, 1;
EXEC dbo.INSERT_ORDER_FOOD 193, 37, 2;
EXEC dbo.INSERT_ORDER_FOOD 136, 38, 3;
EXEC dbo.INSERT_ORDER_FOOD 520, 38, 5;
EXEC dbo.INSERT_ORDER_FOOD 333, 39, 2;
EXEC dbo.INSERT_ORDER_FOOD 550, 39, 1;
EXEC dbo.INSERT_ORDER_FOOD 537, 39, 1;
EXEC dbo.INSERT_ORDER_FOOD 193, 39, 5;
EXEC dbo.INSERT_ORDER_FOOD 468, 39, 2;
EXEC dbo.INSERT_ORDER_FOOD 333, 40, 3;
EXEC dbo.INSERT_ORDER_FOOD 520, 40, 3;
EXEC dbo.INSERT_ORDER_FOOD 426, 40, 5;
EXEC dbo.INSERT_ORDER_FOOD 287, 40, 2;
EXEC dbo.INSERT_ORDER_FOOD 16, 40, 4;
INSERT INTO ONLINE_ORDER (ID_Online, TimeOrder) VALUES (1, '05:56:26');
INSERT INTO ONLINE_ORDER (ID_Online, TimeOrder) VALUES (2, '23:16:58');
INSERT INTO ONLINE_ORDER (ID_Online, TimeOrder) VALUES (3, '06:34:42');
INSERT INTO ONLINE_ORDER (ID_Online, TimeOrder) VALUES (4, '12:12:27');
INSERT INTO ONLINE_ORDER (ID_Online, TimeOrder) VALUES (5, '17:12:16');
INSERT INTO ONLINE_ORDER (ID_Online, TimeOrder) VALUES (6, '12:42:41');
INSERT INTO ONLINE_ORDER (ID_Online, TimeOrder) VALUES (7, '09:54:01');
INSERT INTO ONLINE_ORDER (ID_Online, TimeOrder) VALUES (8, '11:17:13');
INSERT INTO ONLINE_ORDER (ID_Online, TimeOrder) VALUES (9, '08:31:26');
INSERT INTO ONLINE_ORDER (ID_Online, TimeOrder) VALUES (10, '00:15:44');
INSERT INTO ONLINE_ORDER (ID_Online, TimeOrder) VALUES (11, '00:16:51');
INSERT INTO ONLINE_ORDER (ID_Online, TimeOrder) VALUES (12, '04:08:49');
INSERT INTO ONLINE_ORDER (ID_Online, TimeOrder) VALUES (13, '10:02:43');
INSERT INTO ONLINE_ORDER (ID_Online, TimeOrder) VALUES (14, '13:29:06');
INSERT INTO ONLINE_ORDER (ID_Online, TimeOrder) VALUES (15, '15:15:13');
INSERT INTO ONLINE_ORDER (ID_Online, TimeOrder) VALUES (16, '15:40:23');
INSERT INTO ONLINE_ORDER (ID_Online, TimeOrder) VALUES (17, '19:14:11');
INSERT INTO ONLINE_ORDER (ID_Online, TimeOrder) VALUES (18, '06:33:24');
INSERT INTO ONLINE_ORDER (ID_Online, TimeOrder) VALUES (19, '17:45:34');
INSERT INTO ONLINE_ORDER (ID_Online, TimeOrder) VALUES (20, '16:30:49');
INSERT INTO ONLINE_ORDER (ID_Online, TimeOrder) VALUES (21, '20:13:37');
INSERT INTO ONLINE_ORDER (ID_Online, TimeOrder) VALUES (22, '12:10:01');
INSERT INTO ONLINE_ORDER (ID_Online, TimeOrder) VALUES (23, '06:05:49');
INSERT INTO ONLINE_ORDER (ID_Online, TimeOrder) VALUES (24, '05:12:25');
INSERT INTO ONLINE_ORDER (ID_Online, TimeOrder) VALUES (25, '04:03:36');
INSERT INTO ONLINE_ORDER (ID_Online, TimeOrder) VALUES (26, '16:07:58');
INSERT INTO ONLINE_ORDER (ID_Online, TimeOrder) VALUES (27, '03:35:21');
INSERT INTO ONLINE_ORDER (ID_Online, TimeOrder) VALUES (28, '09:36:22');
INSERT INTO ONLINE_ORDER (ID_Online, TimeOrder) VALUES (29, '05:20:00');
INSERT INTO ONLINE_ORDER (ID_Online, TimeOrder) VALUES (30, '15:01:12');
INSERT INTO ONLINE_ORDER (ID_Online, TimeOrder) VALUES (31, '02:00:22');
INSERT INTO RESERVATION_ORDER (ID_Reservation, ID_Table, ArrivalTime, NumberOfPeople, Notes) VALUES (7, 2, '19:51:23', 1, NULL);
INSERT INTO RESERVATION_ORDER (ID_Reservation, ID_Table, ArrivalTime, NumberOfPeople, Notes) VALUES (8, 19, '22:32:07', 5, NULL);
INSERT INTO RESERVATION_ORDER (ID_Reservation, ID_Table, ArrivalTime, NumberOfPeople, Notes) VALUES (9, 20, '09:56:33', 7, NULL);
INSERT INTO RESERVATION_ORDER (ID_Reservation, ID_Table, ArrivalTime, NumberOfPeople, Notes) VALUES (10, 1, '17:52:52', 5, NULL);
INSERT INTO RESERVATION_ORDER (ID_Reservation, ID_Table, ArrivalTime, NumberOfPeople, Notes) VALUES (11, 17, '15:11:00', 5, NULL);
INSERT INTO RESERVATION_ORDER (ID_Reservation, ID_Table, ArrivalTime, NumberOfPeople, Notes) VALUES (12, 7, '18:58:37', 6, NULL);
INSERT INTO RESERVATION_ORDER (ID_Reservation, ID_Table, ArrivalTime, NumberOfPeople, Notes) VALUES (13, 3, '20:01:37', 2, NULL);
INSERT INTO RESERVATION_ORDER (ID_Reservation, ID_Table, ArrivalTime, NumberOfPeople, Notes) VALUES (14, 10, '00:28:32', 8, NULL);
INSERT INTO RESERVATION_ORDER (ID_Reservation, ID_Table, ArrivalTime, NumberOfPeople, Notes) VALUES (15, 16, '00:07:46', 8, NULL);
INSERT INTO RESERVATION_ORDER (ID_Reservation, ID_Table, ArrivalTime, NumberOfPeople, Notes) VALUES (16, 7, '12:22:31', 6, NULL);
INSERT INTO RESERVATION_ORDER (ID_Reservation, ID_Table, ArrivalTime, NumberOfPeople, Notes) VALUES (17, 5, '01:41:07', 3, NULL);
INSERT INTO RESERVATION_ORDER (ID_Reservation, ID_Table, ArrivalTime, NumberOfPeople, Notes) VALUES (18, 12, '12:06:04', 4, NULL);
INSERT INTO RESERVATION_ORDER (ID_Reservation, ID_Table, ArrivalTime, NumberOfPeople, Notes) VALUES (19, 13, '15:38:10', 6, NULL);
INSERT INTO RESERVATION_ORDER (ID_Reservation, ID_Table, ArrivalTime, NumberOfPeople, Notes) VALUES (20, 14, '23:21:07', 7, NULL);
INSERT INTO RESERVATION_ORDER (ID_Reservation, ID_Table, ArrivalTime, NumberOfPeople, Notes) VALUES (21, 3, '11:17:05', 2, NULL);
INSERT INTO RESERVATION_ORDER (ID_Reservation, ID_Table, ArrivalTime, NumberOfPeople, Notes) VALUES (22, 16, '17:39:09', 7, NULL);
INSERT INTO RESERVATION_ORDER (ID_Reservation, ID_Table, ArrivalTime, NumberOfPeople, Notes) VALUES (23, 20, '10:58:32', 2, NULL);
INSERT INTO RESERVATION_ORDER (ID_Reservation, ID_Table, ArrivalTime, NumberOfPeople, Notes) VALUES (24, 4, '09:39:23', 5, NULL);
INSERT INTO RESERVATION_ORDER (ID_Reservation, ID_Table, ArrivalTime, NumberOfPeople, Notes) VALUES (25, 6, '10:04:14', 7, NULL);
INSERT INTO RESERVATION_ORDER (ID_Reservation, ID_Table, ArrivalTime, NumberOfPeople, Notes) VALUES (26, 7, '19:52:28', 1, NULL);
INSERT INTO RESERVATION_ORDER (ID_Reservation, ID_Table, ArrivalTime, NumberOfPeople, Notes) VALUES (27, 16, '02:48:09', 6, NULL);
INSERT INTO RESERVATION_ORDER (ID_Reservation, ID_Table, ArrivalTime, NumberOfPeople, Notes) VALUES (28, 6, '02:40:32', 2, NULL);
INSERT INTO RESERVATION_ORDER (ID_Reservation, ID_Table, ArrivalTime, NumberOfPeople, Notes) VALUES (29, 8, '02:53:07', 7, NULL);
INSERT INTO RESERVATION_ORDER (ID_Reservation, ID_Table, ArrivalTime, NumberOfPeople, Notes) VALUES (30, 17, '04:14:02', 5, NULL);
INSERT INTO RESERVATION_ORDER (ID_Reservation, ID_Table, ArrivalTime, NumberOfPeople, Notes) VALUES (31, 18, '23:05:43', 5, NULL);
INSERT INTO RESERVATION_ORDER (ID_Reservation, ID_Table, ArrivalTime, NumberOfPeople, Notes) VALUES (32, NULL, '22:10:00', 8, NULL);
INSERT INTO RESERVATION_ORDER (ID_Reservation, ID_Table, ArrivalTime, NumberOfPeople, Notes) VALUES (33, NULL, '23:54:52', 8, NULL);
INSERT INTO RESERVATION_ORDER (ID_Reservation, ID_Table, ArrivalTime, NumberOfPeople, Notes) VALUES (34, NULL, '18:03:50', 3, NULL);
INSERT INTO RESERVATION_ORDER (ID_Reservation, ID_Table, ArrivalTime, NumberOfPeople, Notes) VALUES (35, NULL, '22:00:50', 2, NULL);
INSERT INTO RESERVATION_ORDER (ID_Reservation, ID_Table, ArrivalTime, NumberOfPeople, Notes) VALUES (36, NULL, '07:04:04', 2, NULL);
INSERT INTO RESERVATION_ORDER (ID_Reservation, ID_Table, ArrivalTime, NumberOfPeople, Notes) VALUES (37, NULL, '00:26:03', 5, NULL);
INSERT INTO RESERVATION_ORDER (ID_Reservation, ID_Table, ArrivalTime, NumberOfPeople, Notes) VALUES (38, NULL, '13:18:13', 3, NULL);
INSERT INTO RESERVATION_ORDER (ID_Reservation, ID_Table, ArrivalTime, NumberOfPeople, Notes) VALUES (39, NULL, '20:16:17', 2, NULL);
INSERT INTO RESERVATION_ORDER (ID_Reservation, ID_Table, ArrivalTime, NumberOfPeople, Notes) VALUES (40, NULL, '21:17:35', 7, NULL);
INSERT INTO RESERVATION_ORDER (ID_Reservation, ID_Table, ArrivalTime, NumberOfPeople, Notes) VALUES (1, 22, '06:12:38', 8, NULL);
INSERT INTO RESERVATION_ORDER (ID_Reservation, ID_Table, ArrivalTime, NumberOfPeople, Notes) VALUES (2, 23, '06:49:29', 3, NULL);
INSERT INTO RESERVATION_ORDER (ID_Reservation, ID_Table, ArrivalTime, NumberOfPeople, Notes) VALUES (3, 34, '16:13:56', 6, NULL);
INSERT INTO RESERVATION_ORDER (ID_Reservation, ID_Table, ArrivalTime, NumberOfPeople, Notes) VALUES (4, 35, '07:45:36', 8, NULL);
INSERT INTO RESERVATION_ORDER (ID_Reservation, ID_Table, ArrivalTime, NumberOfPeople, Notes) VALUES (5, 30, '15:16:59', 5, NULL);
INSERT INTO RESERVATION_ORDER (ID_Reservation, ID_Table, ArrivalTime, NumberOfPeople, Notes) VALUES (6, 37, '20:31:45', 1, NULL);
INSERT INTO RESERVATION_ORDER (ID_Reservation, ID_Table, ArrivalTime, NumberOfPeople, Notes) VALUES (7, 34, '22:04:30', 4, NULL);
INSERT INTO RESERVATION_ORDER (ID_Reservation, ID_Table, ArrivalTime, NumberOfPeople, Notes) VALUES (8, 25, '03:14:13', 8, NULL);
INSERT INTO RESERVATION_ORDER (ID_Reservation, ID_Table, ArrivalTime, NumberOfPeople, Notes) VALUES (9, 22, '21:58:06', 3, NULL);
INSERT INTO RESERVATION_ORDER (ID_Reservation, ID_Table, ArrivalTime, NumberOfPeople, Notes) VALUES (10, 27, '17:41:43', 7, NULL);
INSERT INTO RESERVATION_ORDER (ID_Reservation, ID_Table, ArrivalTime, NumberOfPeople, Notes) VALUES (11, 29, '10:16:55', 5, NULL);
INSERT INTO RESERVATION_ORDER (ID_Reservation, ID_Table, ArrivalTime, NumberOfPeople, Notes) VALUES (12, 35, '06:57:48', 3, NULL);
INSERT INTO RESERVATION_ORDER (ID_Reservation, ID_Table, ArrivalTime, NumberOfPeople, Notes) VALUES (13, 25, '21:14:31', 1, NULL);
INSERT INTO RESERVATION_ORDER (ID_Reservation, ID_Table, ArrivalTime, NumberOfPeople, Notes) VALUES (14, 29, '15:17:48', 8, NULL);
INSERT INTO RESERVATION_ORDER (ID_Reservation, ID_Table, ArrivalTime, NumberOfPeople, Notes) VALUES (15, 30, '19:27:44', 5, NULL);
INSERT INTO RESERVATION_ORDER (ID_Reservation, ID_Table, ArrivalTime, NumberOfPeople, Notes) VALUES (16, 40, '04:24:31', 4, NULL);
INSERT INTO RESERVATION_ORDER (ID_Reservation, ID_Table, ArrivalTime, NumberOfPeople, Notes) VALUES (17, 22, '11:54:18', 1, NULL);
INSERT INTO RESERVATION_ORDER (ID_Reservation, ID_Table, ArrivalTime, NumberOfPeople, Notes) VALUES (18, 26, '00:19:37', 6, NULL);
INSERT INTO RESERVATION_ORDER (ID_Reservation, ID_Table, ArrivalTime, NumberOfPeople, Notes) VALUES (19, 31, '11:43:01', 1, NULL);
INSERT INTO RESERVATION_ORDER (ID_Reservation, ID_Table, ArrivalTime, NumberOfPeople, Notes) VALUES (20, 35, '17:22:59', 1, NULL);
INSERT INTO RESERVATION_ORDER (ID_Reservation, ID_Table, ArrivalTime, NumberOfPeople, Notes) VALUES (21, 24, '18:44:22', 6, NULL);
INSERT INTO RESERVATION_ORDER (ID_Reservation, ID_Table, ArrivalTime, NumberOfPeople, Notes) VALUES (22, 27, '06:52:44', 7, NULL);
INSERT INTO RESERVATION_ORDER (ID_Reservation, ID_Table, ArrivalTime, NumberOfPeople, Notes) VALUES (23, 24, '05:34:23', 6, NULL);
INSERT INTO RESERVATION_ORDER (ID_Reservation, ID_Table, ArrivalTime, NumberOfPeople, Notes) VALUES (24, 29, '21:26:04', 5, NULL);
INSERT INTO RESERVATION_ORDER (ID_Reservation, ID_Table, ArrivalTime, NumberOfPeople, Notes) VALUES (25, 31, '15:19:33', 5, NULL);
INSERT INTO RESERVATION_ORDER (ID_Reservation, ID_Table, ArrivalTime, NumberOfPeople, Notes) VALUES (26, 33, '07:51:25', 3, NULL);
INSERT INTO RESERVATION_ORDER (ID_Reservation, ID_Table, ArrivalTime, NumberOfPeople, Notes) VALUES (27, 39, '05:00:50', 4, NULL);
INSERT INTO RESERVATION_ORDER (ID_Reservation, ID_Table, ArrivalTime, NumberOfPeople, Notes) VALUES (28, 32, '22:37:44', 4, NULL);
INSERT INTO RESERVATION_ORDER (ID_Reservation, ID_Table, ArrivalTime, NumberOfPeople, Notes) VALUES (29, 25, '14:57:23', 2, NULL);
INSERT INTO RESERVATION_ORDER (ID_Reservation, ID_Table, ArrivalTime, NumberOfPeople, Notes) VALUES (30, 24, '01:27:12', 2, NULL);
INSERT INTO RESERVATION_ORDER (ID_Reservation, ID_Table, ArrivalTime, NumberOfPeople, Notes) VALUES (31, 26, '02:10:17', 3, NULL);
INSERT INTO RESERVATION_ORDER (ID_Reservation, ID_Table, ArrivalTime, NumberOfPeople, Notes) VALUES (32, NULL, '12:08:48', 2, NULL);
INSERT INTO RESERVATION_ORDER (ID_Reservation, ID_Table, ArrivalTime, NumberOfPeople, Notes) VALUES (33, NULL, '04:22:10', 1, NULL);
INSERT INTO RESERVATION_ORDER (ID_Reservation, ID_Table, ArrivalTime, NumberOfPeople, Notes) VALUES (34, NULL, '11:54:48', 4, NULL);
INSERT INTO RESERVATION_ORDER (ID_Reservation, ID_Table, ArrivalTime, NumberOfPeople, Notes) VALUES (35, NULL, '08:43:26', 6, NULL);
INSERT INTO RESERVATION_ORDER (ID_Reservation, ID_Table, ArrivalTime, NumberOfPeople, Notes) VALUES (36, NULL, '20:32:09', 2, NULL);
INSERT INTO RESERVATION_ORDER (ID_Reservation, ID_Table, ArrivalTime, NumberOfPeople, Notes) VALUES (37, NULL, '06:45:15', 3, NULL);
INSERT INTO RESERVATION_ORDER (ID_Reservation, ID_Table, ArrivalTime, NumberOfPeople, Notes) VALUES (38, NULL, '10:59:36', 7, NULL);
INSERT INTO RESERVATION_ORDER (ID_Reservation, ID_Table, ArrivalTime, NumberOfPeople, Notes) VALUES (39, NULL, '22:01:18', 3, NULL);
INSERT INTO RESERVATION_ORDER (ID_Reservation, ID_Table, ArrivalTime, NumberOfPeople, Notes) VALUES (40, NULL, '08:56:57', 3, NULL);
INSERT INTO RESERVATION_ORDER (ID_Reservation, ID_Table, ArrivalTime, NumberOfPeople, Notes) VALUES (1, 55, '14:14:58', 1, NULL);
INSERT INTO RESERVATION_ORDER (ID_Reservation, ID_Table, ArrivalTime, NumberOfPeople, Notes) VALUES (2, 56, '02:36:07', 7, NULL);
INSERT INTO RESERVATION_ORDER (ID_Reservation, ID_Table, ArrivalTime, NumberOfPeople, Notes) VALUES (3, 45, '03:37:55', 8, NULL);
INSERT INTO RESERVATION_ORDER (ID_Reservation, ID_Table, ArrivalTime, NumberOfPeople, Notes) VALUES (4, 48, '13:53:42', 5, NULL);
INSERT INTO RESERVATION_ORDER (ID_Reservation, ID_Table, ArrivalTime, NumberOfPeople, Notes) VALUES (5, 61, '09:20:31', 1, NULL);
INSERT INTO RESERVATION_ORDER (ID_Reservation, ID_Table, ArrivalTime, NumberOfPeople, Notes) VALUES (6, 47, '18:34:29', 1, NULL);
INSERT INTO RESERVATION_ORDER (ID_Reservation, ID_Table, ArrivalTime, NumberOfPeople, Notes) VALUES (7, 43, '13:43:56', 7, NULL);
INSERT INTO RESERVATION_ORDER (ID_Reservation, ID_Table, ArrivalTime, NumberOfPeople, Notes) VALUES (8, 49, '15:41:46', 8, NULL);
INSERT INTO RESERVATION_ORDER (ID_Reservation, ID_Table, ArrivalTime, NumberOfPeople, Notes) VALUES (9, 61, '11:39:35', 3, NULL);
INSERT INTO RESERVATION_ORDER (ID_Reservation, ID_Table, ArrivalTime, NumberOfPeople, Notes) VALUES (10, 45, '14:56:30', 4, NULL);
INSERT INTO RESERVATION_ORDER (ID_Reservation, ID_Table, ArrivalTime, NumberOfPeople, Notes) VALUES (11, 47, '09:01:22', 7, NULL);
INSERT INTO RESERVATION_ORDER (ID_Reservation, ID_Table, ArrivalTime, NumberOfPeople, Notes) VALUES (12, 50, '12:41:44', 1, NULL);
INSERT INTO RESERVATION_ORDER (ID_Reservation, ID_Table, ArrivalTime, NumberOfPeople, Notes) VALUES (13, 47, '17:23:46', 4, NULL);
INSERT INTO RESERVATION_ORDER (ID_Reservation, ID_Table, ArrivalTime, NumberOfPeople, Notes) VALUES (14, 55, '21:36:37', 5, NULL);
INSERT INTO RESERVATION_ORDER (ID_Reservation, ID_Table, ArrivalTime, NumberOfPeople, Notes) VALUES (15, 50, '09:43:30', 1, NULL);
INSERT INTO RESERVATION_ORDER (ID_Reservation, ID_Table, ArrivalTime, NumberOfPeople, Notes) VALUES (16, 44, '01:10:27', 4, NULL);
INSERT INTO RESERVATION_ORDER (ID_Reservation, ID_Table, ArrivalTime, NumberOfPeople, Notes) VALUES (17, 51, '10:08:48', 2, NULL);
INSERT INTO RESERVATION_ORDER (ID_Reservation, ID_Table, ArrivalTime, NumberOfPeople, Notes) VALUES (18, 59, '00:32:12', 8, NULL);
INSERT INTO RESERVATION_ORDER (ID_Reservation, ID_Table, ArrivalTime, NumberOfPeople, Notes) VALUES (19, 51, '08:57:28', 2, NULL);
INSERT INTO RESERVATION_ORDER (ID_Reservation, ID_Table, ArrivalTime, NumberOfPeople, Notes) VALUES (20, 55, '02:46:55', 7, NULL);
INSERT INTO RESERVATION_ORDER (ID_Reservation, ID_Table, ArrivalTime, NumberOfPeople, Notes) VALUES (21, 47, '14:33:52', 5, NULL);
INSERT INTO RESERVATION_ORDER (ID_Reservation, ID_Table, ArrivalTime, NumberOfPeople, Notes) VALUES (22, 53, '01:10:54', 7, NULL);
INSERT INTO RESERVATION_ORDER (ID_Reservation, ID_Table, ArrivalTime, NumberOfPeople, Notes) VALUES (23, 53, '16:14:55', 8, NULL);
INSERT INTO RESERVATION_ORDER (ID_Reservation, ID_Table, ArrivalTime, NumberOfPeople, Notes) VALUES (24, 50, '19:34:15', 5, NULL);
INSERT INTO RESERVATION_ORDER (ID_Reservation, ID_Table, ArrivalTime, NumberOfPeople, Notes) VALUES (25, 44, '15:25:49', 4, NULL);
INSERT INTO RESERVATION_ORDER (ID_Reservation, ID_Table, ArrivalTime, NumberOfPeople, Notes) VALUES (26, 48, '05:40:49', 5, NULL);
INSERT INTO RESERVATION_ORDER (ID_Reservation, ID_Table, ArrivalTime, NumberOfPeople, Notes) VALUES (27, 41, '08:06:26', 1, NULL);
INSERT INTO RESERVATION_ORDER (ID_Reservation, ID_Table, ArrivalTime, NumberOfPeople, Notes) VALUES (28, 47, '05:51:45', 3, NULL);
INSERT INTO RESERVATION_ORDER (ID_Reservation, ID_Table, ArrivalTime, NumberOfPeople, Notes) VALUES (29, 57, '00:40:25', 6, NULL);
INSERT INTO RESERVATION_ORDER (ID_Reservation, ID_Table, ArrivalTime, NumberOfPeople, Notes) VALUES (30, 43, '05:39:37', 4, NULL);
INSERT INTO RESERVATION_ORDER (ID_Reservation, ID_Table, ArrivalTime, NumberOfPeople, Notes) VALUES (31, 49, '16:39:27', 1, NULL);
INSERT INTO RESERVATION_ORDER (ID_Reservation, ID_Table, ArrivalTime, NumberOfPeople, Notes) VALUES (32, NULL, '22:15:23', 2, NULL);
INSERT INTO RESERVATION_ORDER (ID_Reservation, ID_Table, ArrivalTime, NumberOfPeople, Notes) VALUES (33, NULL, '12:36:24', 5, NULL);
INSERT INTO RESERVATION_ORDER (ID_Reservation, ID_Table, ArrivalTime, NumberOfPeople, Notes) VALUES (34, NULL, '23:03:49', 6, NULL);
INSERT INTO RESERVATION_ORDER (ID_Reservation, ID_Table, ArrivalTime, NumberOfPeople, Notes) VALUES (35, NULL, '07:53:32', 6, NULL);
INSERT INTO RESERVATION_ORDER (ID_Reservation, ID_Table, ArrivalTime, NumberOfPeople, Notes) VALUES (36, NULL, '17:21:25', 6, NULL);
INSERT INTO RESERVATION_ORDER (ID_Reservation, ID_Table, ArrivalTime, NumberOfPeople, Notes) VALUES (37, NULL, '13:18:35', 7, NULL);
INSERT INTO RESERVATION_ORDER (ID_Reservation, ID_Table, ArrivalTime, NumberOfPeople, Notes) VALUES (38, NULL, '23:18:50', 4, NULL);
INSERT INTO RESERVATION_ORDER (ID_Reservation, ID_Table, ArrivalTime, NumberOfPeople, Notes) VALUES (39, NULL, '22:20:51', 6, NULL);
INSERT INTO RESERVATION_ORDER (ID_Reservation, ID_Table, ArrivalTime, NumberOfPeople, Notes) VALUES (40, NULL, '17:04:04', 1, NULL);
INSERT INTO RESERVATION_ORDER (ID_Reservation, ID_Table, ArrivalTime, NumberOfPeople, Notes) VALUES (1, 63, '03:47:10', 2, NULL);
INSERT INTO RESERVATION_ORDER (ID_Reservation, ID_Table, ArrivalTime, NumberOfPeople, Notes) VALUES (2, 71, '01:07:08', 3, NULL);
INSERT INTO RESERVATION_ORDER (ID_Reservation, ID_Table, ArrivalTime, NumberOfPeople, Notes) VALUES (3, 66, '21:11:01', 3, NULL);
INSERT INTO RESERVATION_ORDER (ID_Reservation, ID_Table, ArrivalTime, NumberOfPeople, Notes) VALUES (4, 65, '12:09:40', 3, NULL);
INSERT INTO RESERVATION_ORDER (ID_Reservation, ID_Table, ArrivalTime, NumberOfPeople, Notes) VALUES (5, 64, '01:18:31', 2, NULL);
INSERT INTO RESERVATION_ORDER (ID_Reservation, ID_Table, ArrivalTime, NumberOfPeople, Notes) VALUES (6, 74, '04:11:39', 1, NULL);
INSERT INTO RESERVATION_ORDER (ID_Reservation, ID_Table, ArrivalTime, NumberOfPeople, Notes) VALUES (7, 84, '21:25:52', 5, NULL);
INSERT INTO RESERVATION_ORDER (ID_Reservation, ID_Table, ArrivalTime, NumberOfPeople, Notes) VALUES (8, 83, '06:53:38', 5, NULL);
INSERT INTO RESERVATION_ORDER (ID_Reservation, ID_Table, ArrivalTime, NumberOfPeople, Notes) VALUES (9, 65, '20:05:43', 2, NULL);
INSERT INTO RESERVATION_ORDER (ID_Reservation, ID_Table, ArrivalTime, NumberOfPeople, Notes) VALUES (10, 82, '20:30:13', 6, NULL);
INSERT INTO RESERVATION_ORDER (ID_Reservation, ID_Table, ArrivalTime, NumberOfPeople, Notes) VALUES (11, 67, '04:36:07', 4, NULL);
INSERT INTO RESERVATION_ORDER (ID_Reservation, ID_Table, ArrivalTime, NumberOfPeople, Notes) VALUES (12, 79, '12:35:35', 2, NULL);
INSERT INTO RESERVATION_ORDER (ID_Reservation, ID_Table, ArrivalTime, NumberOfPeople, Notes) VALUES (13, 79, '06:22:26', 6, NULL);
INSERT INTO RESERVATION_ORDER (ID_Reservation, ID_Table, ArrivalTime, NumberOfPeople, Notes) VALUES (14, 65, '22:19:59', 7, NULL);
INSERT INTO RESERVATION_ORDER (ID_Reservation, ID_Table, ArrivalTime, NumberOfPeople, Notes) VALUES (15, 73, '08:11:59', 5, NULL);
INSERT INTO RESERVATION_ORDER (ID_Reservation, ID_Table, ArrivalTime, NumberOfPeople, Notes) VALUES (16, 72, '12:42:59', 3, NULL);
INSERT INTO RESERVATION_ORDER (ID_Reservation, ID_Table, ArrivalTime, NumberOfPeople, Notes) VALUES (17, 83, '15:58:45', 7, NULL);
INSERT INTO RESERVATION_ORDER (ID_Reservation, ID_Table, ArrivalTime, NumberOfPeople, Notes) VALUES (18, 66, '02:34:11', 7, NULL);
INSERT INTO RESERVATION_ORDER (ID_Reservation, ID_Table, ArrivalTime, NumberOfPeople, Notes) VALUES (19, 82, '16:58:50', 1, NULL);
INSERT INTO RESERVATION_ORDER (ID_Reservation, ID_Table, ArrivalTime, NumberOfPeople, Notes) VALUES (20, 62, '18:00:28', 2, NULL);
INSERT INTO RESERVATION_ORDER (ID_Reservation, ID_Table, ArrivalTime, NumberOfPeople, Notes) VALUES (21, 73, '13:39:59', 4, NULL);
INSERT INTO RESERVATION_ORDER (ID_Reservation, ID_Table, ArrivalTime, NumberOfPeople, Notes) VALUES (22, 79, '04:07:16', 7, NULL);
INSERT INTO RESERVATION_ORDER (ID_Reservation, ID_Table, ArrivalTime, NumberOfPeople, Notes) VALUES (23, 73, '23:28:53', 6, NULL);
INSERT INTO RESERVATION_ORDER (ID_Reservation, ID_Table, ArrivalTime, NumberOfPeople, Notes) VALUES (24, 70, '21:34:30', 3, NULL);
INSERT INTO RESERVATION_ORDER (ID_Reservation, ID_Table, ArrivalTime, NumberOfPeople, Notes) VALUES (25, 70, '09:32:22', 8, NULL);
INSERT INTO RESERVATION_ORDER (ID_Reservation, ID_Table, ArrivalTime, NumberOfPeople, Notes) VALUES (26, 85, '22:25:21', 1, NULL);
INSERT INTO RESERVATION_ORDER (ID_Reservation, ID_Table, ArrivalTime, NumberOfPeople, Notes) VALUES (27, 63, '15:51:46', 4, NULL);
INSERT INTO RESERVATION_ORDER (ID_Reservation, ID_Table, ArrivalTime, NumberOfPeople, Notes) VALUES (28, 78, '05:20:40', 2, NULL);
INSERT INTO RESERVATION_ORDER (ID_Reservation, ID_Table, ArrivalTime, NumberOfPeople, Notes) VALUES (29, 73, '09:15:41', 3, NULL);
INSERT INTO RESERVATION_ORDER (ID_Reservation, ID_Table, ArrivalTime, NumberOfPeople, Notes) VALUES (30, 72, '16:34:29', 2, NULL);
INSERT INTO RESERVATION_ORDER (ID_Reservation, ID_Table, ArrivalTime, NumberOfPeople, Notes) VALUES (31, 81, '14:02:37', 6, NULL);
INSERT INTO RESERVATION_ORDER (ID_Reservation, ID_Table, ArrivalTime, NumberOfPeople, Notes) VALUES (32, NULL, '00:31:35', 4, NULL);
INSERT INTO RESERVATION_ORDER (ID_Reservation, ID_Table, ArrivalTime, NumberOfPeople, Notes) VALUES (33, NULL, '03:51:52', 2, NULL);
INSERT INTO RESERVATION_ORDER (ID_Reservation, ID_Table, ArrivalTime, NumberOfPeople, Notes) VALUES (34, NULL, '19:59:44', 5, NULL);
INSERT INTO RESERVATION_ORDER (ID_Reservation, ID_Table, ArrivalTime, NumberOfPeople, Notes) VALUES (35, NULL, '21:55:31', 8, NULL);
INSERT INTO RESERVATION_ORDER (ID_Reservation, ID_Table, ArrivalTime, NumberOfPeople, Notes) VALUES (36, NULL, '21:01:17', 8, NULL);
INSERT INTO RESERVATION_ORDER (ID_Reservation, ID_Table, ArrivalTime, NumberOfPeople, Notes) VALUES (37, NULL, '10:01:42', 5, NULL);
INSERT INTO RESERVATION_ORDER (ID_Reservation, ID_Table, ArrivalTime, NumberOfPeople, Notes) VALUES (38, NULL, '05:43:45', 4, NULL);
INSERT INTO RESERVATION_ORDER (ID_Reservation, ID_Table, ArrivalTime, NumberOfPeople, Notes) VALUES (39, NULL, '19:02:30', 3, NULL);
INSERT INTO RESERVATION_ORDER (ID_Reservation, ID_Table, ArrivalTime, NumberOfPeople, Notes) VALUES (40, NULL, '09:55:09', 4, NULL);
INSERT INTO RESERVATION_ORDER (ID_Reservation, ID_Table, ArrivalTime, NumberOfPeople, Notes) VALUES (1, 103, '03:11:18', 5, NULL);
INSERT INTO RESERVATION_ORDER (ID_Reservation, ID_Table, ArrivalTime, NumberOfPeople, Notes) VALUES (2, 107, '01:26:38', 1, NULL);
INSERT INTO RESERVATION_ORDER (ID_Reservation, ID_Table, ArrivalTime, NumberOfPeople, Notes) VALUES (3, 93, '00:28:03', 1, NULL);
INSERT INTO RESERVATION_ORDER (ID_Reservation, ID_Table, ArrivalTime, NumberOfPeople, Notes) VALUES (4, 110, '19:46:04', 3, NULL);
INSERT INTO RESERVATION_ORDER (ID_Reservation, ID_Table, ArrivalTime, NumberOfPeople, Notes) VALUES (5, 97, '16:47:09', 2, NULL);
INSERT INTO RESERVATION_ORDER (ID_Reservation, ID_Table, ArrivalTime, NumberOfPeople, Notes) VALUES (6, 91, '17:53:13', 8, NULL);
INSERT INTO RESERVATION_ORDER (ID_Reservation, ID_Table, ArrivalTime, NumberOfPeople, Notes) VALUES (7, 102, '22:04:25', 3, NULL);
INSERT INTO RESERVATION_ORDER (ID_Reservation, ID_Table, ArrivalTime, NumberOfPeople, Notes) VALUES (8, 88, '06:16:51', 8, NULL);
INSERT INTO RESERVATION_ORDER (ID_Reservation, ID_Table, ArrivalTime, NumberOfPeople, Notes) VALUES (9, 111, '00:07:07', 4, NULL);
INSERT INTO RESERVATION_ORDER (ID_Reservation, ID_Table, ArrivalTime, NumberOfPeople, Notes) VALUES (10, 108, '18:56:42', 2, NULL);
INSERT INTO RESERVATION_ORDER (ID_Reservation, ID_Table, ArrivalTime, NumberOfPeople, Notes) VALUES (11, 108, '20:01:12', 8, NULL);
INSERT INTO RESERVATION_ORDER (ID_Reservation, ID_Table, ArrivalTime, NumberOfPeople, Notes) VALUES (12, 112, '13:12:54', 2, NULL);
INSERT INTO RESERVATION_ORDER (ID_Reservation, ID_Table, ArrivalTime, NumberOfPeople, Notes) VALUES (13, 97, '01:45:32', 1, NULL);
INSERT INTO RESERVATION_ORDER (ID_Reservation, ID_Table, ArrivalTime, NumberOfPeople, Notes) VALUES (14, 97, '16:34:08', 6, NULL);
INSERT INTO RESERVATION_ORDER (ID_Reservation, ID_Table, ArrivalTime, NumberOfPeople, Notes) VALUES (15, 102, '11:43:53', 2, NULL);
INSERT INTO RESERVATION_ORDER (ID_Reservation, ID_Table, ArrivalTime, NumberOfPeople, Notes) VALUES (16, 102, '04:54:57', 4, NULL);
INSERT INTO RESERVATION_ORDER (ID_Reservation, ID_Table, ArrivalTime, NumberOfPeople, Notes) VALUES (17, 97, '13:03:46', 8, NULL);
INSERT INTO RESERVATION_ORDER (ID_Reservation, ID_Table, ArrivalTime, NumberOfPeople, Notes) VALUES (18, 90, '16:49:21', 1, NULL);
INSERT INTO RESERVATION_ORDER (ID_Reservation, ID_Table, ArrivalTime, NumberOfPeople, Notes) VALUES (19, 101, '04:35:11', 3, NULL);
INSERT INTO RESERVATION_ORDER (ID_Reservation, ID_Table, ArrivalTime, NumberOfPeople, Notes) VALUES (20, 89, '16:54:55', 3, NULL);
INSERT INTO RESERVATION_ORDER (ID_Reservation, ID_Table, ArrivalTime, NumberOfPeople, Notes) VALUES (21, 107, '12:24:25', 1, NULL);
INSERT INTO RESERVATION_ORDER (ID_Reservation, ID_Table, ArrivalTime, NumberOfPeople, Notes) VALUES (22, 109, '16:05:35', 1, NULL);
INSERT INTO RESERVATION_ORDER (ID_Reservation, ID_Table, ArrivalTime, NumberOfPeople, Notes) VALUES (23, 94, '16:58:52', 1, NULL);
INSERT INTO RESERVATION_ORDER (ID_Reservation, ID_Table, ArrivalTime, NumberOfPeople, Notes) VALUES (24, 104, '19:48:44', 8, NULL);
INSERT INTO RESERVATION_ORDER (ID_Reservation, ID_Table, ArrivalTime, NumberOfPeople, Notes) VALUES (25, 94, '15:34:41', 3, NULL);
INSERT INTO RESERVATION_ORDER (ID_Reservation, ID_Table, ArrivalTime, NumberOfPeople, Notes) VALUES (26, 95, '19:18:22', 3, NULL);
INSERT INTO RESERVATION_ORDER (ID_Reservation, ID_Table, ArrivalTime, NumberOfPeople, Notes) VALUES (27, 98, '07:55:32', 4, NULL);
INSERT INTO RESERVATION_ORDER (ID_Reservation, ID_Table, ArrivalTime, NumberOfPeople, Notes) VALUES (28, 97, '12:59:21', 3, NULL);
INSERT INTO RESERVATION_ORDER (ID_Reservation, ID_Table, ArrivalTime, NumberOfPeople, Notes) VALUES (29, 105, '15:09:24', 6, NULL);
INSERT INTO RESERVATION_ORDER (ID_Reservation, ID_Table, ArrivalTime, NumberOfPeople, Notes) VALUES (30, 111, '00:58:44', 1, NULL);
INSERT INTO RESERVATION_ORDER (ID_Reservation, ID_Table, ArrivalTime, NumberOfPeople, Notes) VALUES (31, 92, '04:45:43', 4, NULL);
INSERT INTO RESERVATION_ORDER (ID_Reservation, ID_Table, ArrivalTime, NumberOfPeople, Notes) VALUES (32, NULL, '12:18:41', 6, NULL);
INSERT INTO RESERVATION_ORDER (ID_Reservation, ID_Table, ArrivalTime, NumberOfPeople, Notes) VALUES (33, NULL, '13:59:03', 4, NULL);
INSERT INTO RESERVATION_ORDER (ID_Reservation, ID_Table, ArrivalTime, NumberOfPeople, Notes) VALUES (34, NULL, '03:56:23', 4, NULL);
INSERT INTO RESERVATION_ORDER (ID_Reservation, ID_Table, ArrivalTime, NumberOfPeople, Notes) VALUES (35, NULL, '13:51:50', 3, NULL);
INSERT INTO RESERVATION_ORDER (ID_Reservation, ID_Table, ArrivalTime, NumberOfPeople, Notes) VALUES (36, NULL, '07:50:29', 5, NULL);
INSERT INTO RESERVATION_ORDER (ID_Reservation, ID_Table, ArrivalTime, NumberOfPeople, Notes) VALUES (37, NULL, '19:11:41', 2, NULL);
INSERT INTO RESERVATION_ORDER (ID_Reservation, ID_Table, ArrivalTime, NumberOfPeople, Notes) VALUES (38, NULL, '10:58:06', 5, NULL);
INSERT INTO RESERVATION_ORDER (ID_Reservation, ID_Table, ArrivalTime, NumberOfPeople, Notes) VALUES (39, NULL, '19:13:55', 6, NULL);
INSERT INTO RESERVATION_ORDER (ID_Reservation, ID_Table, ArrivalTime, NumberOfPeople, Notes) VALUES (40, NULL, '23:20:51', 7, NULL);
INSERT INTO RESERVATION_ORDER (ID_Reservation, ID_Table, ArrivalTime, NumberOfPeople, Notes) VALUES (1, 129, '02:10:24', 3, NULL);
INSERT INTO RESERVATION_ORDER (ID_Reservation, ID_Table, ArrivalTime, NumberOfPeople, Notes) VALUES (2, 133, '16:50:39', 5, NULL);
INSERT INTO RESERVATION_ORDER (ID_Reservation, ID_Table, ArrivalTime, NumberOfPeople, Notes) VALUES (3, 120, '18:41:46', 4, NULL);
INSERT INTO RESERVATION_ORDER (ID_Reservation, ID_Table, ArrivalTime, NumberOfPeople, Notes) VALUES (4, 124, '01:06:22', 5, NULL);
INSERT INTO RESERVATION_ORDER (ID_Reservation, ID_Table, ArrivalTime, NumberOfPeople, Notes) VALUES (5, 120, '16:04:11', 1, NULL);
INSERT INTO RESERVATION_ORDER (ID_Reservation, ID_Table, ArrivalTime, NumberOfPeople, Notes) VALUES (6, 117, '10:26:07', 2, NULL);
INSERT INTO RESERVATION_ORDER (ID_Reservation, ID_Table, ArrivalTime, NumberOfPeople, Notes) VALUES (7, 124, '09:14:35', 2, NULL);
INSERT INTO RESERVATION_ORDER (ID_Reservation, ID_Table, ArrivalTime, NumberOfPeople, Notes) VALUES (8, 133, '17:05:13', 1, NULL);
INSERT INTO RESERVATION_ORDER (ID_Reservation, ID_Table, ArrivalTime, NumberOfPeople, Notes) VALUES (9, 134, '09:37:39', 6, NULL);
INSERT INTO RESERVATION_ORDER (ID_Reservation, ID_Table, ArrivalTime, NumberOfPeople, Notes) VALUES (10, 129, '11:29:21', 8, NULL);
INSERT INTO RESERVATION_ORDER (ID_Reservation, ID_Table, ArrivalTime, NumberOfPeople, Notes) VALUES (11, 125, '01:33:37', 5, NULL);
INSERT INTO RESERVATION_ORDER (ID_Reservation, ID_Table, ArrivalTime, NumberOfPeople, Notes) VALUES (12, 130, '08:32:53', 7, NULL);
INSERT INTO RESERVATION_ORDER (ID_Reservation, ID_Table, ArrivalTime, NumberOfPeople, Notes) VALUES (13, 133, '18:39:36', 8, NULL);
INSERT INTO RESERVATION_ORDER (ID_Reservation, ID_Table, ArrivalTime, NumberOfPeople, Notes) VALUES (14, 125, '05:04:53', 2, NULL);
INSERT INTO RESERVATION_ORDER (ID_Reservation, ID_Table, ArrivalTime, NumberOfPeople, Notes) VALUES (15, 126, '03:05:55', 4, NULL);
INSERT INTO RESERVATION_ORDER (ID_Reservation, ID_Table, ArrivalTime, NumberOfPeople, Notes) VALUES (16, 126, '16:02:56', 4, NULL);
INSERT INTO RESERVATION_ORDER (ID_Reservation, ID_Table, ArrivalTime, NumberOfPeople, Notes) VALUES (17, 128, '14:17:23', 6, NULL);
INSERT INTO RESERVATION_ORDER (ID_Reservation, ID_Table, ArrivalTime, NumberOfPeople, Notes) VALUES (18, 118, '07:55:50', 8, NULL);
INSERT INTO RESERVATION_ORDER (ID_Reservation, ID_Table, ArrivalTime, NumberOfPeople, Notes) VALUES (19, 123, '06:38:26', 6, NULL);
INSERT INTO RESERVATION_ORDER (ID_Reservation, ID_Table, ArrivalTime, NumberOfPeople, Notes) VALUES (20, 126, '04:41:56', 4, NULL);
INSERT INTO RESERVATION_ORDER (ID_Reservation, ID_Table, ArrivalTime, NumberOfPeople, Notes) VALUES (21, 121, '23:47:49', 2, NULL);
INSERT INTO RESERVATION_ORDER (ID_Reservation, ID_Table, ArrivalTime, NumberOfPeople, Notes) VALUES (22, 119, '21:20:49', 5, NULL);
INSERT INTO RESERVATION_ORDER (ID_Reservation, ID_Table, ArrivalTime, NumberOfPeople, Notes) VALUES (23, 116, '02:15:55', 8, NULL);
INSERT INTO RESERVATION_ORDER (ID_Reservation, ID_Table, ArrivalTime, NumberOfPeople, Notes) VALUES (24, 119, '09:01:02', 7, NULL);
INSERT INTO RESERVATION_ORDER (ID_Reservation, ID_Table, ArrivalTime, NumberOfPeople, Notes) VALUES (25, 119, '01:21:02', 1, NULL);
INSERT INTO RESERVATION_ORDER (ID_Reservation, ID_Table, ArrivalTime, NumberOfPeople, Notes) VALUES (26, 116, '07:49:06', 2, NULL);
INSERT INTO RESERVATION_ORDER (ID_Reservation, ID_Table, ArrivalTime, NumberOfPeople, Notes) VALUES (27, 115, '17:00:22', 5, NULL);
INSERT INTO RESERVATION_ORDER (ID_Reservation, ID_Table, ArrivalTime, NumberOfPeople, Notes) VALUES (28, 120, '21:26:24', 6, NULL);
INSERT INTO RESERVATION_ORDER (ID_Reservation, ID_Table, ArrivalTime, NumberOfPeople, Notes) VALUES (29, 134, '09:31:11', 6, NULL);
INSERT INTO RESERVATION_ORDER (ID_Reservation, ID_Table, ArrivalTime, NumberOfPeople, Notes) VALUES (30, 121, '23:29:16', 8, NULL);
INSERT INTO RESERVATION_ORDER (ID_Reservation, ID_Table, ArrivalTime, NumberOfPeople, Notes) VALUES (31, 114, '04:37:49', 4, NULL);
INSERT INTO RESERVATION_ORDER (ID_Reservation, ID_Table, ArrivalTime, NumberOfPeople, Notes) VALUES (32, NULL, '21:22:09', 8, NULL);
INSERT INTO RESERVATION_ORDER (ID_Reservation, ID_Table, ArrivalTime, NumberOfPeople, Notes) VALUES (33, NULL, '22:55:08', 8, NULL);
INSERT INTO RESERVATION_ORDER (ID_Reservation, ID_Table, ArrivalTime, NumberOfPeople, Notes) VALUES (34, NULL, '21:12:38', 7, NULL);
INSERT INTO RESERVATION_ORDER (ID_Reservation, ID_Table, ArrivalTime, NumberOfPeople, Notes) VALUES (35, NULL, '00:07:10', 8, NULL);
INSERT INTO RESERVATION_ORDER (ID_Reservation, ID_Table, ArrivalTime, NumberOfPeople, Notes) VALUES (36, NULL, '16:04:03', 7, NULL);
INSERT INTO RESERVATION_ORDER (ID_Reservation, ID_Table, ArrivalTime, NumberOfPeople, Notes) VALUES (37, NULL, '14:20:15', 8, NULL);
INSERT INTO RESERVATION_ORDER (ID_Reservation, ID_Table, ArrivalTime, NumberOfPeople, Notes) VALUES (38, NULL, '15:48:46', 3, NULL);
INSERT INTO RESERVATION_ORDER (ID_Reservation, ID_Table, ArrivalTime, NumberOfPeople, Notes) VALUES (39, NULL, '00:00:39', 3, NULL);
INSERT INTO RESERVATION_ORDER (ID_Reservation, ID_Table, ArrivalTime, NumberOfPeople, Notes) VALUES (40, NULL, '03:23:09', 5, NULL);
INSERT INTO RESERVATION_ORDER (ID_Reservation, ID_Table, ArrivalTime, NumberOfPeople, Notes) VALUES (1, 138, '11:50:11', 8, NULL);
INSERT INTO RESERVATION_ORDER (ID_Reservation, ID_Table, ArrivalTime, NumberOfPeople, Notes) VALUES (2, 151, '05:38:02', 1, NULL);
INSERT INTO RESERVATION_ORDER (ID_Reservation, ID_Table, ArrivalTime, NumberOfPeople, Notes) VALUES (3, 155, '04:19:34', 5, NULL);
INSERT INTO RESERVATION_ORDER (ID_Reservation, ID_Table, ArrivalTime, NumberOfPeople, Notes) VALUES (4, 138, '22:37:15', 5, NULL);
INSERT INTO RESERVATION_ORDER (ID_Reservation, ID_Table, ArrivalTime, NumberOfPeople, Notes) VALUES (5, 135, '04:27:21', 8, NULL);
INSERT INTO RESERVATION_ORDER (ID_Reservation, ID_Table, ArrivalTime, NumberOfPeople, Notes) VALUES (6, 138, '06:06:29', 2, NULL);
INSERT INTO RESERVATION_ORDER (ID_Reservation, ID_Table, ArrivalTime, NumberOfPeople, Notes) VALUES (7, 135, '16:59:46', 3, NULL);
INSERT INTO RESERVATION_ORDER (ID_Reservation, ID_Table, ArrivalTime, NumberOfPeople, Notes) VALUES (8, 147, '01:15:08', 3, NULL);
INSERT INTO RESERVATION_ORDER (ID_Reservation, ID_Table, ArrivalTime, NumberOfPeople, Notes) VALUES (9, 154, '16:32:47', 1, NULL);
INSERT INTO RESERVATION_ORDER (ID_Reservation, ID_Table, ArrivalTime, NumberOfPeople, Notes) VALUES (10, 155, '12:53:03', 4, NULL);
INSERT INTO RESERVATION_ORDER (ID_Reservation, ID_Table, ArrivalTime, NumberOfPeople, Notes) VALUES (11, 145, '17:12:23', 7, NULL);
INSERT INTO RESERVATION_ORDER (ID_Reservation, ID_Table, ArrivalTime, NumberOfPeople, Notes) VALUES (12, 152, '16:28:51', 4, NULL);
INSERT INTO RESERVATION_ORDER (ID_Reservation, ID_Table, ArrivalTime, NumberOfPeople, Notes) VALUES (13, 149, '02:55:56', 3, NULL);
INSERT INTO RESERVATION_ORDER (ID_Reservation, ID_Table, ArrivalTime, NumberOfPeople, Notes) VALUES (14, 156, '20:36:24', 8, NULL);
INSERT INTO RESERVATION_ORDER (ID_Reservation, ID_Table, ArrivalTime, NumberOfPeople, Notes) VALUES (15, 141, '06:40:05', 3, NULL);
INSERT INTO RESERVATION_ORDER (ID_Reservation, ID_Table, ArrivalTime, NumberOfPeople, Notes) VALUES (16, 137, '15:43:26', 6, NULL);
INSERT INTO RESERVATION_ORDER (ID_Reservation, ID_Table, ArrivalTime, NumberOfPeople, Notes) VALUES (17, 145, '14:35:19', 3, NULL);
INSERT INTO RESERVATION_ORDER (ID_Reservation, ID_Table, ArrivalTime, NumberOfPeople, Notes) VALUES (18, 141, '09:21:09', 3, NULL);
INSERT INTO RESERVATION_ORDER (ID_Reservation, ID_Table, ArrivalTime, NumberOfPeople, Notes) VALUES (19, 150, '09:07:38', 2, NULL);
INSERT INTO RESERVATION_ORDER (ID_Reservation, ID_Table, ArrivalTime, NumberOfPeople, Notes) VALUES (20, 144, '08:56:42', 1, NULL);
INSERT INTO RESERVATION_ORDER (ID_Reservation, ID_Table, ArrivalTime, NumberOfPeople, Notes) VALUES (21, 144, '06:02:08', 5, NULL);
INSERT INTO RESERVATION_ORDER (ID_Reservation, ID_Table, ArrivalTime, NumberOfPeople, Notes) VALUES (22, 156, '04:26:38', 8, NULL);
INSERT INTO RESERVATION_ORDER (ID_Reservation, ID_Table, ArrivalTime, NumberOfPeople, Notes) VALUES (23, 152, '01:12:34', 2, NULL);
INSERT INTO RESERVATION_ORDER (ID_Reservation, ID_Table, ArrivalTime, NumberOfPeople, Notes) VALUES (24, 154, '16:55:16', 4, NULL);
INSERT INTO RESERVATION_ORDER (ID_Reservation, ID_Table, ArrivalTime, NumberOfPeople, Notes) VALUES (25, 141, '12:27:47', 1, NULL);
INSERT INTO RESERVATION_ORDER (ID_Reservation, ID_Table, ArrivalTime, NumberOfPeople, Notes) VALUES (26, 147, '05:45:40', 7, NULL);
INSERT INTO RESERVATION_ORDER (ID_Reservation, ID_Table, ArrivalTime, NumberOfPeople, Notes) VALUES (27, 149, '14:14:59', 8, NULL);
INSERT INTO RESERVATION_ORDER (ID_Reservation, ID_Table, ArrivalTime, NumberOfPeople, Notes) VALUES (28, 146, '04:35:17', 2, NULL);
INSERT INTO RESERVATION_ORDER (ID_Reservation, ID_Table, ArrivalTime, NumberOfPeople, Notes) VALUES (29, 148, '23:22:22', 3, NULL);
INSERT INTO RESERVATION_ORDER (ID_Reservation, ID_Table, ArrivalTime, NumberOfPeople, Notes) VALUES (30, 142, '07:55:59', 6, NULL);
INSERT INTO RESERVATION_ORDER (ID_Reservation, ID_Table, ArrivalTime, NumberOfPeople, Notes) VALUES (31, 151, '05:39:39', 1, NULL);
INSERT INTO RESERVATION_ORDER (ID_Reservation, ID_Table, ArrivalTime, NumberOfPeople, Notes) VALUES (32, NULL, '15:17:10', 7, NULL);
INSERT INTO RESERVATION_ORDER (ID_Reservation, ID_Table, ArrivalTime, NumberOfPeople, Notes) VALUES (33, NULL, '15:34:18', 4, NULL);
INSERT INTO RESERVATION_ORDER (ID_Reservation, ID_Table, ArrivalTime, NumberOfPeople, Notes) VALUES (34, NULL, '15:09:53', 5, NULL);
INSERT INTO RESERVATION_ORDER (ID_Reservation, ID_Table, ArrivalTime, NumberOfPeople, Notes) VALUES (35, NULL, '11:04:55', 7, NULL);
INSERT INTO RESERVATION_ORDER (ID_Reservation, ID_Table, ArrivalTime, NumberOfPeople, Notes) VALUES (36, NULL, '21:54:44', 8, NULL);
INSERT INTO RESERVATION_ORDER (ID_Reservation, ID_Table, ArrivalTime, NumberOfPeople, Notes) VALUES (37, NULL, '10:44:59', 8, NULL);
INSERT INTO RESERVATION_ORDER (ID_Reservation, ID_Table, ArrivalTime, NumberOfPeople, Notes) VALUES (38, NULL, '02:22:56', 8, NULL);
INSERT INTO RESERVATION_ORDER (ID_Reservation, ID_Table, ArrivalTime, NumberOfPeople, Notes) VALUES (39, NULL, '06:36:53', 5, NULL);
INSERT INTO RESERVATION_ORDER (ID_Reservation, ID_Table, ArrivalTime, NumberOfPeople, Notes) VALUES (40, NULL, '03:55:34', 7, NULL);
INSERT INTO RESERVATION_ORDER (ID_Reservation, ID_Table, ArrivalTime, NumberOfPeople, Notes) VALUES (1, 164, '07:59:55', 8, NULL);
INSERT INTO RESERVATION_ORDER (ID_Reservation, ID_Table, ArrivalTime, NumberOfPeople, Notes) VALUES (2, 170, '16:19:37', 6, NULL);
INSERT INTO RESERVATION_ORDER (ID_Reservation, ID_Table, ArrivalTime, NumberOfPeople, Notes) VALUES (3, 174, '12:35:21', 8, NULL);
INSERT INTO RESERVATION_ORDER (ID_Reservation, ID_Table, ArrivalTime, NumberOfPeople, Notes) VALUES (4, 161, '00:27:05', 4, NULL);
INSERT INTO RESERVATION_ORDER (ID_Reservation, ID_Table, ArrivalTime, NumberOfPeople, Notes) VALUES (5, 166, '19:51:42', 4, NULL);
INSERT INTO RESERVATION_ORDER (ID_Reservation, ID_Table, ArrivalTime, NumberOfPeople, Notes) VALUES (6, 164, '09:47:22', 8, NULL);
INSERT INTO RESERVATION_ORDER (ID_Reservation, ID_Table, ArrivalTime, NumberOfPeople, Notes) VALUES (7, 171, '08:27:25', 4, NULL);
INSERT INTO RESERVATION_ORDER (ID_Reservation, ID_Table, ArrivalTime, NumberOfPeople, Notes) VALUES (8, 175, '10:29:27', 8, NULL);
INSERT INTO RESERVATION_ORDER (ID_Reservation, ID_Table, ArrivalTime, NumberOfPeople, Notes) VALUES (9, 181, '14:53:30', 7, NULL);
INSERT INTO RESERVATION_ORDER (ID_Reservation, ID_Table, ArrivalTime, NumberOfPeople, Notes) VALUES (10, 169, '21:08:25', 8, NULL);
INSERT INTO RESERVATION_ORDER (ID_Reservation, ID_Table, ArrivalTime, NumberOfPeople, Notes) VALUES (11, 160, '19:27:17', 6, NULL);
INSERT INTO RESERVATION_ORDER (ID_Reservation, ID_Table, ArrivalTime, NumberOfPeople, Notes) VALUES (12, 179, '02:08:49', 4, NULL);
INSERT INTO RESERVATION_ORDER (ID_Reservation, ID_Table, ArrivalTime, NumberOfPeople, Notes) VALUES (13, 177, '06:07:10', 3, NULL);
INSERT INTO RESERVATION_ORDER (ID_Reservation, ID_Table, ArrivalTime, NumberOfPeople, Notes) VALUES (14, 160, '18:01:30', 8, NULL);
INSERT INTO RESERVATION_ORDER (ID_Reservation, ID_Table, ArrivalTime, NumberOfPeople, Notes) VALUES (15, 165, '04:53:29', 7, NULL);
INSERT INTO RESERVATION_ORDER (ID_Reservation, ID_Table, ArrivalTime, NumberOfPeople, Notes) VALUES (16, 172, '18:08:58', 8, NULL);
INSERT INTO RESERVATION_ORDER (ID_Reservation, ID_Table, ArrivalTime, NumberOfPeople, Notes) VALUES (17, 175, '20:19:50', 6, NULL);
INSERT INTO RESERVATION_ORDER (ID_Reservation, ID_Table, ArrivalTime, NumberOfPeople, Notes) VALUES (18, 172, '08:05:05', 5, NULL);
INSERT INTO RESERVATION_ORDER (ID_Reservation, ID_Table, ArrivalTime, NumberOfPeople, Notes) VALUES (19, 158, '17:48:09', 3, NULL);
INSERT INTO RESERVATION_ORDER (ID_Reservation, ID_Table, ArrivalTime, NumberOfPeople, Notes) VALUES (20, 175, '11:25:19', 7, NULL);
INSERT INTO RESERVATION_ORDER (ID_Reservation, ID_Table, ArrivalTime, NumberOfPeople, Notes) VALUES (21, 163, '03:42:38', 5, NULL);
INSERT INTO RESERVATION_ORDER (ID_Reservation, ID_Table, ArrivalTime, NumberOfPeople, Notes) VALUES (22, 161, '23:55:02', 8, NULL);
INSERT INTO RESERVATION_ORDER (ID_Reservation, ID_Table, ArrivalTime, NumberOfPeople, Notes) VALUES (23, 161, '19:40:47', 2, NULL);
INSERT INTO RESERVATION_ORDER (ID_Reservation, ID_Table, ArrivalTime, NumberOfPeople, Notes) VALUES (24, 171, '10:20:46', 3, NULL);
INSERT INTO RESERVATION_ORDER (ID_Reservation, ID_Table, ArrivalTime, NumberOfPeople, Notes) VALUES (25, 164, '19:34:08', 2, NULL);
INSERT INTO RESERVATION_ORDER (ID_Reservation, ID_Table, ArrivalTime, NumberOfPeople, Notes) VALUES (26, 177, '15:17:10', 8, NULL);
INSERT INTO RESERVATION_ORDER (ID_Reservation, ID_Table, ArrivalTime, NumberOfPeople, Notes) VALUES (27, 165, '10:40:56', 2, NULL);
INSERT INTO RESERVATION_ORDER (ID_Reservation, ID_Table, ArrivalTime, NumberOfPeople, Notes) VALUES (28, 172, '07:56:50', 5, NULL);
INSERT INTO RESERVATION_ORDER (ID_Reservation, ID_Table, ArrivalTime, NumberOfPeople, Notes) VALUES (29, 163, '09:41:04', 4, NULL);
INSERT INTO RESERVATION_ORDER (ID_Reservation, ID_Table, ArrivalTime, NumberOfPeople, Notes) VALUES (30, 167, '18:47:46', 5, NULL);
INSERT INTO RESERVATION_ORDER (ID_Reservation, ID_Table, ArrivalTime, NumberOfPeople, Notes) VALUES (31, 159, '04:20:21', 3, NULL);
INSERT INTO RESERVATION_ORDER (ID_Reservation, ID_Table, ArrivalTime, NumberOfPeople, Notes) VALUES (32, NULL, '16:12:31', 2, NULL);
INSERT INTO RESERVATION_ORDER (ID_Reservation, ID_Table, ArrivalTime, NumberOfPeople, Notes) VALUES (33, NULL, '02:43:00', 7, NULL);
INSERT INTO RESERVATION_ORDER (ID_Reservation, ID_Table, ArrivalTime, NumberOfPeople, Notes) VALUES (34, NULL, '00:32:43', 6, NULL);
INSERT INTO RESERVATION_ORDER (ID_Reservation, ID_Table, ArrivalTime, NumberOfPeople, Notes) VALUES (35, NULL, '13:26:32', 3, NULL);
INSERT INTO RESERVATION_ORDER (ID_Reservation, ID_Table, ArrivalTime, NumberOfPeople, Notes) VALUES (36, NULL, '16:41:40', 8, NULL);
INSERT INTO RESERVATION_ORDER (ID_Reservation, ID_Table, ArrivalTime, NumberOfPeople, Notes) VALUES (37, NULL, '05:53:11', 2, NULL);
INSERT INTO RESERVATION_ORDER (ID_Reservation, ID_Table, ArrivalTime, NumberOfPeople, Notes) VALUES (38, NULL, '10:19:00', 7, NULL);
INSERT INTO RESERVATION_ORDER (ID_Reservation, ID_Table, ArrivalTime, NumberOfPeople, Notes) VALUES (39, NULL, '13:52:11', 4, NULL);
INSERT INTO RESERVATION_ORDER (ID_Reservation, ID_Table, ArrivalTime, NumberOfPeople, Notes) VALUES (40, NULL, '17:15:40', 5, NULL);
INSERT INTO RESERVATION_ORDER (ID_Reservation, ID_Table, ArrivalTime, NumberOfPeople, Notes) VALUES (1, 193, '15:34:08', 1, NULL);
INSERT INTO RESERVATION_ORDER (ID_Reservation, ID_Table, ArrivalTime, NumberOfPeople, Notes) VALUES (2, 189, '07:49:19', 5, NULL);
INSERT INTO RESERVATION_ORDER (ID_Reservation, ID_Table, ArrivalTime, NumberOfPeople, Notes) VALUES (3, 193, '21:35:11', 8, NULL);
INSERT INTO RESERVATION_ORDER (ID_Reservation, ID_Table, ArrivalTime, NumberOfPeople, Notes) VALUES (4, 202, '17:54:27', 1, NULL);
INSERT INTO RESERVATION_ORDER (ID_Reservation, ID_Table, ArrivalTime, NumberOfPeople, Notes) VALUES (5, 205, '23:21:55', 2, NULL);
INSERT INTO RESERVATION_ORDER (ID_Reservation, ID_Table, ArrivalTime, NumberOfPeople, Notes) VALUES (6, 185, '19:06:14', 1, NULL);
INSERT INTO RESERVATION_ORDER (ID_Reservation, ID_Table, ArrivalTime, NumberOfPeople, Notes) VALUES (7, 183, '01:05:56', 2, NULL);
INSERT INTO RESERVATION_ORDER (ID_Reservation, ID_Table, ArrivalTime, NumberOfPeople, Notes) VALUES (8, 208, '08:42:24', 8, NULL);
INSERT INTO RESERVATION_ORDER (ID_Reservation, ID_Table, ArrivalTime, NumberOfPeople, Notes) VALUES (9, 200, '06:16:31', 8, NULL);
INSERT INTO RESERVATION_ORDER (ID_Reservation, ID_Table, ArrivalTime, NumberOfPeople, Notes) VALUES (10, 194, '20:57:01', 2, NULL);
INSERT INTO RESERVATION_ORDER (ID_Reservation, ID_Table, ArrivalTime, NumberOfPeople, Notes) VALUES (11, 189, '15:07:08', 8, NULL);
INSERT INTO RESERVATION_ORDER (ID_Reservation, ID_Table, ArrivalTime, NumberOfPeople, Notes) VALUES (12, 197, '01:49:36', 8, NULL);
INSERT INTO RESERVATION_ORDER (ID_Reservation, ID_Table, ArrivalTime, NumberOfPeople, Notes) VALUES (13, 194, '09:26:58', 7, NULL);
INSERT INTO RESERVATION_ORDER (ID_Reservation, ID_Table, ArrivalTime, NumberOfPeople, Notes) VALUES (14, 203, '21:37:07', 5, NULL);
INSERT INTO RESERVATION_ORDER (ID_Reservation, ID_Table, ArrivalTime, NumberOfPeople, Notes) VALUES (15, 206, '17:43:15', 1, NULL);
INSERT INTO RESERVATION_ORDER (ID_Reservation, ID_Table, ArrivalTime, NumberOfPeople, Notes) VALUES (16, 207, '09:41:29', 5, NULL);
INSERT INTO RESERVATION_ORDER (ID_Reservation, ID_Table, ArrivalTime, NumberOfPeople, Notes) VALUES (17, 196, '04:21:25', 8, NULL);
INSERT INTO RESERVATION_ORDER (ID_Reservation, ID_Table, ArrivalTime, NumberOfPeople, Notes) VALUES (18, 195, '09:55:48', 5, NULL);
INSERT INTO RESERVATION_ORDER (ID_Reservation, ID_Table, ArrivalTime, NumberOfPeople, Notes) VALUES (19, 189, '19:57:39', 1, NULL);
INSERT INTO RESERVATION_ORDER (ID_Reservation, ID_Table, ArrivalTime, NumberOfPeople, Notes) VALUES (20, 184, '01:09:53', 3, NULL);
INSERT INTO RESERVATION_ORDER (ID_Reservation, ID_Table, ArrivalTime, NumberOfPeople, Notes) VALUES (21, 182, '05:50:28', 4, NULL);
INSERT INTO RESERVATION_ORDER (ID_Reservation, ID_Table, ArrivalTime, NumberOfPeople, Notes) VALUES (22, 197, '18:35:10', 3, NULL);
INSERT INTO RESERVATION_ORDER (ID_Reservation, ID_Table, ArrivalTime, NumberOfPeople, Notes) VALUES (23, 208, '12:39:17', 4, NULL);
INSERT INTO RESERVATION_ORDER (ID_Reservation, ID_Table, ArrivalTime, NumberOfPeople, Notes) VALUES (24, 189, '16:51:55', 5, NULL);
INSERT INTO RESERVATION_ORDER (ID_Reservation, ID_Table, ArrivalTime, NumberOfPeople, Notes) VALUES (25, 202, '01:48:52', 3, NULL);
INSERT INTO RESERVATION_ORDER (ID_Reservation, ID_Table, ArrivalTime, NumberOfPeople, Notes) VALUES (26, 182, '21:12:18', 3, NULL);
INSERT INTO RESERVATION_ORDER (ID_Reservation, ID_Table, ArrivalTime, NumberOfPeople, Notes) VALUES (27, 203, '17:01:09', 4, NULL);
INSERT INTO RESERVATION_ORDER (ID_Reservation, ID_Table, ArrivalTime, NumberOfPeople, Notes) VALUES (28, 190, '15:01:50', 8, NULL);
INSERT INTO RESERVATION_ORDER (ID_Reservation, ID_Table, ArrivalTime, NumberOfPeople, Notes) VALUES (29, 210, '17:18:38', 6, NULL);
INSERT INTO RESERVATION_ORDER (ID_Reservation, ID_Table, ArrivalTime, NumberOfPeople, Notes) VALUES (30, 197, '06:11:03', 4, NULL);
INSERT INTO RESERVATION_ORDER (ID_Reservation, ID_Table, ArrivalTime, NumberOfPeople, Notes) VALUES (31, 186, '05:57:51', 3, NULL);
INSERT INTO RESERVATION_ORDER (ID_Reservation, ID_Table, ArrivalTime, NumberOfPeople, Notes) VALUES (32, NULL, '00:31:13', 2, NULL);
INSERT INTO RESERVATION_ORDER (ID_Reservation, ID_Table, ArrivalTime, NumberOfPeople, Notes) VALUES (33, NULL, '02:04:28', 7, NULL);
INSERT INTO RESERVATION_ORDER (ID_Reservation, ID_Table, ArrivalTime, NumberOfPeople, Notes) VALUES (34, NULL, '16:32:06', 7, NULL);
INSERT INTO RESERVATION_ORDER (ID_Reservation, ID_Table, ArrivalTime, NumberOfPeople, Notes) VALUES (35, NULL, '08:30:43', 2, NULL);
INSERT INTO RESERVATION_ORDER (ID_Reservation, ID_Table, ArrivalTime, NumberOfPeople, Notes) VALUES (36, NULL, '15:25:15', 1, NULL);
INSERT INTO RESERVATION_ORDER (ID_Reservation, ID_Table, ArrivalTime, NumberOfPeople, Notes) VALUES (37, NULL, '23:50:48', 1, NULL);
INSERT INTO RESERVATION_ORDER (ID_Reservation, ID_Table, ArrivalTime, NumberOfPeople, Notes) VALUES (38, NULL, '12:56:18', 5, NULL);
INSERT INTO RESERVATION_ORDER (ID_Reservation, ID_Table, ArrivalTime, NumberOfPeople, Notes) VALUES (39, NULL, '15:05:21', 6, NULL);
INSERT INTO RESERVATION_ORDER (ID_Reservation, ID_Table, ArrivalTime, NumberOfPeople, Notes) VALUES (40, NULL, '08:08:44', 2, NULL);
INSERT INTO RESERVATION_ORDER (ID_Reservation, ID_Table, ArrivalTime, NumberOfPeople, Notes) VALUES (1, 217, '13:48:06', 1, NULL);
INSERT INTO RESERVATION_ORDER (ID_Reservation, ID_Table, ArrivalTime, NumberOfPeople, Notes) VALUES (2, 211, '11:20:54', 2, NULL);
INSERT INTO RESERVATION_ORDER (ID_Reservation, ID_Table, ArrivalTime, NumberOfPeople, Notes) VALUES (3, 213, '20:02:13', 1, NULL);
INSERT INTO RESERVATION_ORDER (ID_Reservation, ID_Table, ArrivalTime, NumberOfPeople, Notes) VALUES (4, 225, '15:02:27', 3, NULL);
INSERT INTO RESERVATION_ORDER (ID_Reservation, ID_Table, ArrivalTime, NumberOfPeople, Notes) VALUES (5, 231, '06:28:13', 3, NULL);
INSERT INTO RESERVATION_ORDER (ID_Reservation, ID_Table, ArrivalTime, NumberOfPeople, Notes) VALUES (6, 211, '15:04:19', 2, NULL);
INSERT INTO RESERVATION_ORDER (ID_Reservation, ID_Table, ArrivalTime, NumberOfPeople, Notes) VALUES (7, 220, '22:55:04', 1, NULL);
INSERT INTO RESERVATION_ORDER (ID_Reservation, ID_Table, ArrivalTime, NumberOfPeople, Notes) VALUES (8, 228, '17:55:53', 1, NULL);
INSERT INTO RESERVATION_ORDER (ID_Reservation, ID_Table, ArrivalTime, NumberOfPeople, Notes) VALUES (9, 224, '20:15:51', 1, NULL);
INSERT INTO RESERVATION_ORDER (ID_Reservation, ID_Table, ArrivalTime, NumberOfPeople, Notes) VALUES (10, 229, '10:52:36', 3, NULL);
INSERT INTO RESERVATION_ORDER (ID_Reservation, ID_Table, ArrivalTime, NumberOfPeople, Notes) VALUES (11, 232, '19:55:51', 6, NULL);
INSERT INTO RESERVATION_ORDER (ID_Reservation, ID_Table, ArrivalTime, NumberOfPeople, Notes) VALUES (12, 225, '05:57:33', 4, NULL);
INSERT INTO RESERVATION_ORDER (ID_Reservation, ID_Table, ArrivalTime, NumberOfPeople, Notes) VALUES (13, 223, '07:02:08', 7, NULL);
INSERT INTO RESERVATION_ORDER (ID_Reservation, ID_Table, ArrivalTime, NumberOfPeople, Notes) VALUES (14, 221, '13:46:31', 4, NULL);
INSERT INTO RESERVATION_ORDER (ID_Reservation, ID_Table, ArrivalTime, NumberOfPeople, Notes) VALUES (15, 225, '15:48:52', 7, NULL);
INSERT INTO RESERVATION_ORDER (ID_Reservation, ID_Table, ArrivalTime, NumberOfPeople, Notes) VALUES (16, 221, '16:08:30', 6, NULL);
INSERT INTO RESERVATION_ORDER (ID_Reservation, ID_Table, ArrivalTime, NumberOfPeople, Notes) VALUES (17, 213, '03:42:24', 7, NULL);
INSERT INTO RESERVATION_ORDER (ID_Reservation, ID_Table, ArrivalTime, NumberOfPeople, Notes) VALUES (18, 212, '13:58:19', 5, NULL);
INSERT INTO RESERVATION_ORDER (ID_Reservation, ID_Table, ArrivalTime, NumberOfPeople, Notes) VALUES (19, 214, '18:09:22', 3, NULL);
INSERT INTO RESERVATION_ORDER (ID_Reservation, ID_Table, ArrivalTime, NumberOfPeople, Notes) VALUES (20, 224, '22:54:57', 4, NULL);
INSERT INTO RESERVATION_ORDER (ID_Reservation, ID_Table, ArrivalTime, NumberOfPeople, Notes) VALUES (21, 215, '05:53:04', 3, NULL);
INSERT INTO RESERVATION_ORDER (ID_Reservation, ID_Table, ArrivalTime, NumberOfPeople, Notes) VALUES (22, 214, '05:30:05', 6, NULL);
INSERT INTO RESERVATION_ORDER (ID_Reservation, ID_Table, ArrivalTime, NumberOfPeople, Notes) VALUES (23, 214, '02:21:43', 2, NULL);
INSERT INTO RESERVATION_ORDER (ID_Reservation, ID_Table, ArrivalTime, NumberOfPeople, Notes) VALUES (24, 211, '15:14:28', 7, NULL);
INSERT INTO RESERVATION_ORDER (ID_Reservation, ID_Table, ArrivalTime, NumberOfPeople, Notes) VALUES (25, 221, '23:11:29', 4, NULL);
INSERT INTO RESERVATION_ORDER (ID_Reservation, ID_Table, ArrivalTime, NumberOfPeople, Notes) VALUES (26, 223, '01:12:39', 6, NULL);
INSERT INTO RESERVATION_ORDER (ID_Reservation, ID_Table, ArrivalTime, NumberOfPeople, Notes) VALUES (27, 218, '14:58:47', 5, NULL);
INSERT INTO RESERVATION_ORDER (ID_Reservation, ID_Table, ArrivalTime, NumberOfPeople, Notes) VALUES (28, 227, '06:30:44', 4, NULL);
INSERT INTO RESERVATION_ORDER (ID_Reservation, ID_Table, ArrivalTime, NumberOfPeople, Notes) VALUES (29, 222, '11:34:19', 8, NULL);
INSERT INTO RESERVATION_ORDER (ID_Reservation, ID_Table, ArrivalTime, NumberOfPeople, Notes) VALUES (30, 227, '17:56:21', 6, NULL);
INSERT INTO RESERVATION_ORDER (ID_Reservation, ID_Table, ArrivalTime, NumberOfPeople, Notes) VALUES (31, 211, '01:04:03', 5, NULL);
INSERT INTO RESERVATION_ORDER (ID_Reservation, ID_Table, ArrivalTime, NumberOfPeople, Notes) VALUES (32, NULL, '03:15:35', 5, NULL);
INSERT INTO RESERVATION_ORDER (ID_Reservation, ID_Table, ArrivalTime, NumberOfPeople, Notes) VALUES (33, NULL, '16:58:48', 6, NULL);
INSERT INTO RESERVATION_ORDER (ID_Reservation, ID_Table, ArrivalTime, NumberOfPeople, Notes) VALUES (34, NULL, '02:59:41', 1, NULL);
INSERT INTO RESERVATION_ORDER (ID_Reservation, ID_Table, ArrivalTime, NumberOfPeople, Notes) VALUES (35, NULL, '04:35:30', 2, NULL);
INSERT INTO RESERVATION_ORDER (ID_Reservation, ID_Table, ArrivalTime, NumberOfPeople, Notes) VALUES (36, NULL, '14:01:15', 7, NULL);
INSERT INTO RESERVATION_ORDER (ID_Reservation, ID_Table, ArrivalTime, NumberOfPeople, Notes) VALUES (37, NULL, '00:38:20', 7, NULL);
INSERT INTO RESERVATION_ORDER (ID_Reservation, ID_Table, ArrivalTime, NumberOfPeople, Notes) VALUES (38, NULL, '03:12:25', 8, NULL);
INSERT INTO RESERVATION_ORDER (ID_Reservation, ID_Table, ArrivalTime, NumberOfPeople, Notes) VALUES (39, NULL, '18:16:16', 5, NULL);
INSERT INTO RESERVATION_ORDER (ID_Reservation, ID_Table, ArrivalTime, NumberOfPeople, Notes) VALUES (40, NULL, '11:47:21', 7, NULL);
INSERT INTO RESERVATION_ORDER (ID_Reservation, ID_Table, ArrivalTime, NumberOfPeople, Notes) VALUES (1, 242, '18:58:28', 7, NULL);
INSERT INTO RESERVATION_ORDER (ID_Reservation, ID_Table, ArrivalTime, NumberOfPeople, Notes) VALUES (2, 243, '07:29:00', 5, NULL);
INSERT INTO RESERVATION_ORDER (ID_Reservation, ID_Table, ArrivalTime, NumberOfPeople, Notes) VALUES (3, 255, '10:34:50', 4, NULL);
INSERT INTO RESERVATION_ORDER (ID_Reservation, ID_Table, ArrivalTime, NumberOfPeople, Notes) VALUES (4, 240, '19:00:46', 1, NULL);
INSERT INTO RESERVATION_ORDER (ID_Reservation, ID_Table, ArrivalTime, NumberOfPeople, Notes) VALUES (5, 247, '13:33:04', 8, NULL);
INSERT INTO RESERVATION_ORDER (ID_Reservation, ID_Table, ArrivalTime, NumberOfPeople, Notes) VALUES (6, 234, '09:45:20', 1, NULL);
INSERT INTO RESERVATION_ORDER (ID_Reservation, ID_Table, ArrivalTime, NumberOfPeople, Notes) VALUES (7, 249, '07:08:55', 1, NULL);
INSERT INTO RESERVATION_ORDER (ID_Reservation, ID_Table, ArrivalTime, NumberOfPeople, Notes) VALUES (8, 240, '13:30:11', 4, NULL);
INSERT INTO RESERVATION_ORDER (ID_Reservation, ID_Table, ArrivalTime, NumberOfPeople, Notes) VALUES (9, 239, '11:12:34', 7, NULL);
INSERT INTO RESERVATION_ORDER (ID_Reservation, ID_Table, ArrivalTime, NumberOfPeople, Notes) VALUES (10, 239, '06:31:36', 8, NULL);
INSERT INTO RESERVATION_ORDER (ID_Reservation, ID_Table, ArrivalTime, NumberOfPeople, Notes) VALUES (11, 241, '09:54:02', 2, NULL);
INSERT INTO RESERVATION_ORDER (ID_Reservation, ID_Table, ArrivalTime, NumberOfPeople, Notes) VALUES (12, 245, '10:02:24', 2, NULL);
INSERT INTO RESERVATION_ORDER (ID_Reservation, ID_Table, ArrivalTime, NumberOfPeople, Notes) VALUES (13, 243, '16:15:24', 8, NULL);
INSERT INTO RESERVATION_ORDER (ID_Reservation, ID_Table, ArrivalTime, NumberOfPeople, Notes) VALUES (14, 244, '00:38:18', 2, NULL);
INSERT INTO RESERVATION_ORDER (ID_Reservation, ID_Table, ArrivalTime, NumberOfPeople, Notes) VALUES (15, 252, '09:34:36', 6, NULL);
INSERT INTO RESERVATION_ORDER (ID_Reservation, ID_Table, ArrivalTime, NumberOfPeople, Notes) VALUES (16, 251, '21:31:39', 5, NULL);
INSERT INTO RESERVATION_ORDER (ID_Reservation, ID_Table, ArrivalTime, NumberOfPeople, Notes) VALUES (17, 237, '22:54:40', 4, NULL);
INSERT INTO RESERVATION_ORDER (ID_Reservation, ID_Table, ArrivalTime, NumberOfPeople, Notes) VALUES (18, 236, '12:24:47', 6, NULL);
INSERT INTO RESERVATION_ORDER (ID_Reservation, ID_Table, ArrivalTime, NumberOfPeople, Notes) VALUES (19, 239, '10:57:22', 3, NULL);
INSERT INTO RESERVATION_ORDER (ID_Reservation, ID_Table, ArrivalTime, NumberOfPeople, Notes) VALUES (20, 242, '13:37:59', 3, NULL);
INSERT INTO RESERVATION_ORDER (ID_Reservation, ID_Table, ArrivalTime, NumberOfPeople, Notes) VALUES (21, 235, '15:47:08', 7, NULL);
INSERT INTO RESERVATION_ORDER (ID_Reservation, ID_Table, ArrivalTime, NumberOfPeople, Notes) VALUES (22, 253, '02:58:53', 8, NULL);
INSERT INTO RESERVATION_ORDER (ID_Reservation, ID_Table, ArrivalTime, NumberOfPeople, Notes) VALUES (23, 237, '01:15:54', 4, NULL);
INSERT INTO RESERVATION_ORDER (ID_Reservation, ID_Table, ArrivalTime, NumberOfPeople, Notes) VALUES (24, 244, '10:21:43', 3, NULL);
INSERT INTO RESERVATION_ORDER (ID_Reservation, ID_Table, ArrivalTime, NumberOfPeople, Notes) VALUES (25, 238, '00:24:51', 7, NULL);
INSERT INTO RESERVATION_ORDER (ID_Reservation, ID_Table, ArrivalTime, NumberOfPeople, Notes) VALUES (26, 237, '20:11:48', 4, NULL);
INSERT INTO RESERVATION_ORDER (ID_Reservation, ID_Table, ArrivalTime, NumberOfPeople, Notes) VALUES (27, 238, '03:42:07', 2, NULL);
INSERT INTO RESERVATION_ORDER (ID_Reservation, ID_Table, ArrivalTime, NumberOfPeople, Notes) VALUES (28, 241, '00:38:47', 2, NULL);
INSERT INTO RESERVATION_ORDER (ID_Reservation, ID_Table, ArrivalTime, NumberOfPeople, Notes) VALUES (29, 249, '17:33:05', 1, NULL);
INSERT INTO RESERVATION_ORDER (ID_Reservation, ID_Table, ArrivalTime, NumberOfPeople, Notes) VALUES (30, 240, '13:03:33', 8, NULL);
INSERT INTO RESERVATION_ORDER (ID_Reservation, ID_Table, ArrivalTime, NumberOfPeople, Notes) VALUES (31, 238, '05:35:46', 7, NULL);
INSERT INTO RESERVATION_ORDER (ID_Reservation, ID_Table, ArrivalTime, NumberOfPeople, Notes) VALUES (32, NULL, '19:07:14', 5, NULL);
INSERT INTO RESERVATION_ORDER (ID_Reservation, ID_Table, ArrivalTime, NumberOfPeople, Notes) VALUES (33, NULL, '21:50:21', 6, NULL);
INSERT INTO RESERVATION_ORDER (ID_Reservation, ID_Table, ArrivalTime, NumberOfPeople, Notes) VALUES (34, NULL, '11:14:04', 8, NULL);
INSERT INTO RESERVATION_ORDER (ID_Reservation, ID_Table, ArrivalTime, NumberOfPeople, Notes) VALUES (35, NULL, '21:51:06', 6, NULL);
INSERT INTO RESERVATION_ORDER (ID_Reservation, ID_Table, ArrivalTime, NumberOfPeople, Notes) VALUES (36, NULL, '16:08:55', 5, NULL);
INSERT INTO RESERVATION_ORDER (ID_Reservation, ID_Table, ArrivalTime, NumberOfPeople, Notes) VALUES (37, NULL, '23:40:17', 6, NULL);
INSERT INTO RESERVATION_ORDER (ID_Reservation, ID_Table, ArrivalTime, NumberOfPeople, Notes) VALUES (38, NULL, '05:12:47', 2, NULL);
INSERT INTO RESERVATION_ORDER (ID_Reservation, ID_Table, ArrivalTime, NumberOfPeople, Notes) VALUES (39, NULL, '09:19:44', 3, NULL);
INSERT INTO RESERVATION_ORDER (ID_Reservation, ID_Table, ArrivalTime, NumberOfPeople, Notes) VALUES (40, NULL, '21:28:11', 1, NULL);
INSERT INTO RESERVATION_ORDER (ID_Reservation, ID_Table, ArrivalTime, NumberOfPeople, Notes) VALUES (1, 271, '00:58:18', 5, NULL);
INSERT INTO RESERVATION_ORDER (ID_Reservation, ID_Table, ArrivalTime, NumberOfPeople, Notes) VALUES (2, 271, '16:52:42', 6, NULL);
INSERT INTO RESERVATION_ORDER (ID_Reservation, ID_Table, ArrivalTime, NumberOfPeople, Notes) VALUES (3, 260, '15:05:52', 6, NULL);
INSERT INTO RESERVATION_ORDER (ID_Reservation, ID_Table, ArrivalTime, NumberOfPeople, Notes) VALUES (4, 266, '16:02:58', 5, NULL);
INSERT INTO RESERVATION_ORDER (ID_Reservation, ID_Table, ArrivalTime, NumberOfPeople, Notes) VALUES (5, 273, '14:57:13', 6, NULL);
INSERT INTO RESERVATION_ORDER (ID_Reservation, ID_Table, ArrivalTime, NumberOfPeople, Notes) VALUES (6, 260, '06:52:59', 8, NULL);
INSERT INTO RESERVATION_ORDER (ID_Reservation, ID_Table, ArrivalTime, NumberOfPeople, Notes) VALUES (7, 265, '09:58:24', 3, NULL);
INSERT INTO RESERVATION_ORDER (ID_Reservation, ID_Table, ArrivalTime, NumberOfPeople, Notes) VALUES (8, 273, '08:28:03', 1, NULL);
INSERT INTO RESERVATION_ORDER (ID_Reservation, ID_Table, ArrivalTime, NumberOfPeople, Notes) VALUES (9, 261, '00:57:46', 1, NULL);
INSERT INTO RESERVATION_ORDER (ID_Reservation, ID_Table, ArrivalTime, NumberOfPeople, Notes) VALUES (10, 263, '01:00:48', 2, NULL);
INSERT INTO RESERVATION_ORDER (ID_Reservation, ID_Table, ArrivalTime, NumberOfPeople, Notes) VALUES (11, 259, '10:40:24', 6, NULL);
INSERT INTO RESERVATION_ORDER (ID_Reservation, ID_Table, ArrivalTime, NumberOfPeople, Notes) VALUES (12, 261, '06:24:28', 7, NULL);
INSERT INTO RESERVATION_ORDER (ID_Reservation, ID_Table, ArrivalTime, NumberOfPeople, Notes) VALUES (13, 273, '10:33:40', 6, NULL);
INSERT INTO RESERVATION_ORDER (ID_Reservation, ID_Table, ArrivalTime, NumberOfPeople, Notes) VALUES (14, 258, '04:53:29', 8, NULL);
INSERT INTO RESERVATION_ORDER (ID_Reservation, ID_Table, ArrivalTime, NumberOfPeople, Notes) VALUES (15, 269, '01:53:41', 8, NULL);
INSERT INTO RESERVATION_ORDER (ID_Reservation, ID_Table, ArrivalTime, NumberOfPeople, Notes) VALUES (16, 258, '19:13:23', 5, NULL);
INSERT INTO RESERVATION_ORDER (ID_Reservation, ID_Table, ArrivalTime, NumberOfPeople, Notes) VALUES (17, 272, '14:34:02', 6, NULL);
INSERT INTO RESERVATION_ORDER (ID_Reservation, ID_Table, ArrivalTime, NumberOfPeople, Notes) VALUES (18, 269, '08:16:07', 6, NULL);
INSERT INTO RESERVATION_ORDER (ID_Reservation, ID_Table, ArrivalTime, NumberOfPeople, Notes) VALUES (19, 272, '01:46:48', 6, NULL);
INSERT INTO RESERVATION_ORDER (ID_Reservation, ID_Table, ArrivalTime, NumberOfPeople, Notes) VALUES (20, 267, '07:46:35', 5, NULL);
INSERT INTO RESERVATION_ORDER (ID_Reservation, ID_Table, ArrivalTime, NumberOfPeople, Notes) VALUES (21, 268, '04:55:20', 8, NULL);
INSERT INTO RESERVATION_ORDER (ID_Reservation, ID_Table, ArrivalTime, NumberOfPeople, Notes) VALUES (22, 258, '12:25:03', 2, NULL);
INSERT INTO RESERVATION_ORDER (ID_Reservation, ID_Table, ArrivalTime, NumberOfPeople, Notes) VALUES (23, 268, '01:07:51', 6, NULL);
INSERT INTO RESERVATION_ORDER (ID_Reservation, ID_Table, ArrivalTime, NumberOfPeople, Notes) VALUES (24, 259, '04:19:31', 3, NULL);
INSERT INTO RESERVATION_ORDER (ID_Reservation, ID_Table, ArrivalTime, NumberOfPeople, Notes) VALUES (25, 272, '07:56:59', 6, NULL);
INSERT INTO RESERVATION_ORDER (ID_Reservation, ID_Table, ArrivalTime, NumberOfPeople, Notes) VALUES (26, 264, '14:37:29', 1, NULL);
INSERT INTO RESERVATION_ORDER (ID_Reservation, ID_Table, ArrivalTime, NumberOfPeople, Notes) VALUES (27, 261, '15:07:10', 8, NULL);
INSERT INTO RESERVATION_ORDER (ID_Reservation, ID_Table, ArrivalTime, NumberOfPeople, Notes) VALUES (28, 260, '00:08:36', 5, NULL);
INSERT INTO RESERVATION_ORDER (ID_Reservation, ID_Table, ArrivalTime, NumberOfPeople, Notes) VALUES (29, 272, '18:06:47', 5, NULL);
INSERT INTO RESERVATION_ORDER (ID_Reservation, ID_Table, ArrivalTime, NumberOfPeople, Notes) VALUES (30, 272, '04:51:47', 5, NULL);
INSERT INTO RESERVATION_ORDER (ID_Reservation, ID_Table, ArrivalTime, NumberOfPeople, Notes) VALUES (31, 269, '09:33:48', 6, NULL);
INSERT INTO RESERVATION_ORDER (ID_Reservation, ID_Table, ArrivalTime, NumberOfPeople, Notes) VALUES (32, NULL, '06:11:31', 1, NULL);
INSERT INTO RESERVATION_ORDER (ID_Reservation, ID_Table, ArrivalTime, NumberOfPeople, Notes) VALUES (33, NULL, '09:11:36', 1, NULL);
INSERT INTO RESERVATION_ORDER (ID_Reservation, ID_Table, ArrivalTime, NumberOfPeople, Notes) VALUES (34, NULL, '03:08:02', 4, NULL);
INSERT INTO RESERVATION_ORDER (ID_Reservation, ID_Table, ArrivalTime, NumberOfPeople, Notes) VALUES (35, NULL, '02:41:49', 4, NULL);
INSERT INTO RESERVATION_ORDER (ID_Reservation, ID_Table, ArrivalTime, NumberOfPeople, Notes) VALUES (36, NULL, '06:36:39', 3, NULL);
INSERT INTO RESERVATION_ORDER (ID_Reservation, ID_Table, ArrivalTime, NumberOfPeople, Notes) VALUES (37, NULL, '06:17:54', 8, NULL);
INSERT INTO RESERVATION_ORDER (ID_Reservation, ID_Table, ArrivalTime, NumberOfPeople, Notes) VALUES (38, NULL, '19:00:33', 3, NULL);
INSERT INTO RESERVATION_ORDER (ID_Reservation, ID_Table, ArrivalTime, NumberOfPeople, Notes) VALUES (39, NULL, '11:52:59', 1, NULL);
INSERT INTO RESERVATION_ORDER (ID_Reservation, ID_Table, ArrivalTime, NumberOfPeople, Notes) VALUES (40, NULL, '18:12:52', 5, NULL);
INSERT INTO RESERVATION_ORDER (ID_Reservation, ID_Table, ArrivalTime, NumberOfPeople, Notes) VALUES (1, 285, '08:12:34', 5, NULL);
INSERT INTO RESERVATION_ORDER (ID_Reservation, ID_Table, ArrivalTime, NumberOfPeople, Notes) VALUES (2, 283, '23:02:25', 8, NULL);
INSERT INTO RESERVATION_ORDER (ID_Reservation, ID_Table, ArrivalTime, NumberOfPeople, Notes) VALUES (3, 279, '15:51:45', 1, NULL);
INSERT INTO RESERVATION_ORDER (ID_Reservation, ID_Table, ArrivalTime, NumberOfPeople, Notes) VALUES (4, 298, '14:24:30', 4, NULL);
INSERT INTO RESERVATION_ORDER (ID_Reservation, ID_Table, ArrivalTime, NumberOfPeople, Notes) VALUES (5, 284, '12:55:06', 7, NULL);
INSERT INTO RESERVATION_ORDER (ID_Reservation, ID_Table, ArrivalTime, NumberOfPeople, Notes) VALUES (6, 292, '05:13:46', 6, NULL);
INSERT INTO RESERVATION_ORDER (ID_Reservation, ID_Table, ArrivalTime, NumberOfPeople, Notes) VALUES (7, 298, '09:00:41', 8, NULL);
INSERT INTO RESERVATION_ORDER (ID_Reservation, ID_Table, ArrivalTime, NumberOfPeople, Notes) VALUES (8, 297, '08:10:58', 8, NULL);
INSERT INTO RESERVATION_ORDER (ID_Reservation, ID_Table, ArrivalTime, NumberOfPeople, Notes) VALUES (9, 278, '16:14:56', 1, NULL);
INSERT INTO RESERVATION_ORDER (ID_Reservation, ID_Table, ArrivalTime, NumberOfPeople, Notes) VALUES (10, 293, '00:53:49', 7, NULL);
INSERT INTO RESERVATION_ORDER (ID_Reservation, ID_Table, ArrivalTime, NumberOfPeople, Notes) VALUES (11, 289, '00:48:29', 4, NULL);
INSERT INTO RESERVATION_ORDER (ID_Reservation, ID_Table, ArrivalTime, NumberOfPeople, Notes) VALUES (12, 280, '05:12:42', 1, NULL);
INSERT INTO RESERVATION_ORDER (ID_Reservation, ID_Table, ArrivalTime, NumberOfPeople, Notes) VALUES (13, 288, '09:28:42', 2, NULL);
INSERT INTO RESERVATION_ORDER (ID_Reservation, ID_Table, ArrivalTime, NumberOfPeople, Notes) VALUES (14, 301, '10:23:44', 8, NULL);
INSERT INTO RESERVATION_ORDER (ID_Reservation, ID_Table, ArrivalTime, NumberOfPeople, Notes) VALUES (15, 280, '14:20:25', 8, NULL);
INSERT INTO RESERVATION_ORDER (ID_Reservation, ID_Table, ArrivalTime, NumberOfPeople, Notes) VALUES (16, 278, '18:51:27', 7, NULL);
INSERT INTO RESERVATION_ORDER (ID_Reservation, ID_Table, ArrivalTime, NumberOfPeople, Notes) VALUES (17, 290, '09:26:51', 5, NULL);
INSERT INTO RESERVATION_ORDER (ID_Reservation, ID_Table, ArrivalTime, NumberOfPeople, Notes) VALUES (18, 282, '03:46:49', 8, NULL);
INSERT INTO RESERVATION_ORDER (ID_Reservation, ID_Table, ArrivalTime, NumberOfPeople, Notes) VALUES (19, 282, '13:48:31', 2, NULL);
INSERT INTO RESERVATION_ORDER (ID_Reservation, ID_Table, ArrivalTime, NumberOfPeople, Notes) VALUES (20, 297, '22:31:30', 1, NULL);
INSERT INTO RESERVATION_ORDER (ID_Reservation, ID_Table, ArrivalTime, NumberOfPeople, Notes) VALUES (21, 284, '01:52:21', 2, NULL);
INSERT INTO RESERVATION_ORDER (ID_Reservation, ID_Table, ArrivalTime, NumberOfPeople, Notes) VALUES (22, 287, '04:55:08', 3, NULL);
INSERT INTO RESERVATION_ORDER (ID_Reservation, ID_Table, ArrivalTime, NumberOfPeople, Notes) VALUES (23, 284, '21:26:59', 1, NULL);
INSERT INTO RESERVATION_ORDER (ID_Reservation, ID_Table, ArrivalTime, NumberOfPeople, Notes) VALUES (24, 289, '01:27:28', 6, NULL);
INSERT INTO RESERVATION_ORDER (ID_Reservation, ID_Table, ArrivalTime, NumberOfPeople, Notes) VALUES (25, 294, '13:33:03', 3, NULL);
INSERT INTO RESERVATION_ORDER (ID_Reservation, ID_Table, ArrivalTime, NumberOfPeople, Notes) VALUES (26, 285, '00:10:45', 4, NULL);
INSERT INTO RESERVATION_ORDER (ID_Reservation, ID_Table, ArrivalTime, NumberOfPeople, Notes) VALUES (27, 298, '01:32:45', 1, NULL);
INSERT INTO RESERVATION_ORDER (ID_Reservation, ID_Table, ArrivalTime, NumberOfPeople, Notes) VALUES (28, 277, '04:10:32', 6, NULL);
INSERT INTO RESERVATION_ORDER (ID_Reservation, ID_Table, ArrivalTime, NumberOfPeople, Notes) VALUES (29, 301, '15:43:24', 7, NULL);
INSERT INTO RESERVATION_ORDER (ID_Reservation, ID_Table, ArrivalTime, NumberOfPeople, Notes) VALUES (30, 301, '05:51:05', 7, NULL);
INSERT INTO RESERVATION_ORDER (ID_Reservation, ID_Table, ArrivalTime, NumberOfPeople, Notes) VALUES (31, 298, '07:17:45', 6, NULL);
INSERT INTO RESERVATION_ORDER (ID_Reservation, ID_Table, ArrivalTime, NumberOfPeople, Notes) VALUES (32, NULL, '12:25:08', 3, NULL);
INSERT INTO RESERVATION_ORDER (ID_Reservation, ID_Table, ArrivalTime, NumberOfPeople, Notes) VALUES (33, NULL, '01:32:19', 5, NULL);
INSERT INTO RESERVATION_ORDER (ID_Reservation, ID_Table, ArrivalTime, NumberOfPeople, Notes) VALUES (34, NULL, '22:26:24', 6, NULL);
INSERT INTO RESERVATION_ORDER (ID_Reservation, ID_Table, ArrivalTime, NumberOfPeople, Notes) VALUES (35, NULL, '14:43:38', 8, NULL);
INSERT INTO RESERVATION_ORDER (ID_Reservation, ID_Table, ArrivalTime, NumberOfPeople, Notes) VALUES (36, NULL, '13:54:14', 8, NULL);
INSERT INTO RESERVATION_ORDER (ID_Reservation, ID_Table, ArrivalTime, NumberOfPeople, Notes) VALUES (37, NULL, '17:15:28', 3, NULL);
INSERT INTO RESERVATION_ORDER (ID_Reservation, ID_Table, ArrivalTime, NumberOfPeople, Notes) VALUES (38, NULL, '21:12:13', 3, NULL);
INSERT INTO RESERVATION_ORDER (ID_Reservation, ID_Table, ArrivalTime, NumberOfPeople, Notes) VALUES (39, NULL, '14:40:42', 5, NULL);
INSERT INTO RESERVATION_ORDER (ID_Reservation, ID_Table, ArrivalTime, NumberOfPeople, Notes) VALUES (40, NULL, '21:10:38', 5, NULL);
INSERT INTO RESERVATION_ORDER (ID_Reservation, ID_Table, ArrivalTime, NumberOfPeople, Notes) VALUES (1, 324, '22:47:55', 4, NULL);
INSERT INTO RESERVATION_ORDER (ID_Reservation, ID_Table, ArrivalTime, NumberOfPeople, Notes) VALUES (2, 313, '01:46:46', 5, NULL);
INSERT INTO RESERVATION_ORDER (ID_Reservation, ID_Table, ArrivalTime, NumberOfPeople, Notes) VALUES (3, 322, '12:16:47', 1, NULL);
INSERT INTO RESERVATION_ORDER (ID_Reservation, ID_Table, ArrivalTime, NumberOfPeople, Notes) VALUES (4, 307, '06:33:53', 8, NULL);
INSERT INTO RESERVATION_ORDER (ID_Reservation, ID_Table, ArrivalTime, NumberOfPeople, Notes) VALUES (5, 324, '17:11:21', 3, NULL);
INSERT INTO RESERVATION_ORDER (ID_Reservation, ID_Table, ArrivalTime, NumberOfPeople, Notes) VALUES (6, 327, '13:26:23', 5, NULL);
INSERT INTO RESERVATION_ORDER (ID_Reservation, ID_Table, ArrivalTime, NumberOfPeople, Notes) VALUES (7, 303, '16:04:00', 5, NULL);
INSERT INTO RESERVATION_ORDER (ID_Reservation, ID_Table, ArrivalTime, NumberOfPeople, Notes) VALUES (8, 315, '00:59:31', 3, NULL);
INSERT INTO RESERVATION_ORDER (ID_Reservation, ID_Table, ArrivalTime, NumberOfPeople, Notes) VALUES (9, 305, '02:56:21', 2, NULL);
INSERT INTO RESERVATION_ORDER (ID_Reservation, ID_Table, ArrivalTime, NumberOfPeople, Notes) VALUES (10, 304, '03:05:55', 6, NULL);
INSERT INTO RESERVATION_ORDER (ID_Reservation, ID_Table, ArrivalTime, NumberOfPeople, Notes) VALUES (11, 303, '08:38:29', 2, NULL);
INSERT INTO RESERVATION_ORDER (ID_Reservation, ID_Table, ArrivalTime, NumberOfPeople, Notes) VALUES (12, 303, '22:21:15', 3, NULL);
INSERT INTO RESERVATION_ORDER (ID_Reservation, ID_Table, ArrivalTime, NumberOfPeople, Notes) VALUES (13, 320, '02:39:01', 5, NULL);
INSERT INTO RESERVATION_ORDER (ID_Reservation, ID_Table, ArrivalTime, NumberOfPeople, Notes) VALUES (14, 315, '17:16:45', 5, NULL);
INSERT INTO RESERVATION_ORDER (ID_Reservation, ID_Table, ArrivalTime, NumberOfPeople, Notes) VALUES (15, 318, '14:13:56', 8, NULL);
INSERT INTO RESERVATION_ORDER (ID_Reservation, ID_Table, ArrivalTime, NumberOfPeople, Notes) VALUES (16, 308, '12:34:00', 3, NULL);
INSERT INTO RESERVATION_ORDER (ID_Reservation, ID_Table, ArrivalTime, NumberOfPeople, Notes) VALUES (17, 306, '00:31:08', 1, NULL);
INSERT INTO RESERVATION_ORDER (ID_Reservation, ID_Table, ArrivalTime, NumberOfPeople, Notes) VALUES (18, 325, '03:23:51', 4, NULL);
INSERT INTO RESERVATION_ORDER (ID_Reservation, ID_Table, ArrivalTime, NumberOfPeople, Notes) VALUES (19, 319, '08:19:57', 8, NULL);
INSERT INTO RESERVATION_ORDER (ID_Reservation, ID_Table, ArrivalTime, NumberOfPeople, Notes) VALUES (20, 303, '13:41:52', 6, NULL);
INSERT INTO RESERVATION_ORDER (ID_Reservation, ID_Table, ArrivalTime, NumberOfPeople, Notes) VALUES (21, 326, '03:48:25', 6, NULL);
INSERT INTO RESERVATION_ORDER (ID_Reservation, ID_Table, ArrivalTime, NumberOfPeople, Notes) VALUES (22, 328, '22:06:18', 2, NULL);
INSERT INTO RESERVATION_ORDER (ID_Reservation, ID_Table, ArrivalTime, NumberOfPeople, Notes) VALUES (23, 309, '03:33:20', 5, NULL);
INSERT INTO RESERVATION_ORDER (ID_Reservation, ID_Table, ArrivalTime, NumberOfPeople, Notes) VALUES (24, 311, '21:02:54', 3, NULL);
INSERT INTO RESERVATION_ORDER (ID_Reservation, ID_Table, ArrivalTime, NumberOfPeople, Notes) VALUES (25, 327, '13:33:56', 4, NULL);
INSERT INTO RESERVATION_ORDER (ID_Reservation, ID_Table, ArrivalTime, NumberOfPeople, Notes) VALUES (26, 319, '12:55:00', 6, NULL);
INSERT INTO RESERVATION_ORDER (ID_Reservation, ID_Table, ArrivalTime, NumberOfPeople, Notes) VALUES (27, 313, '16:24:49', 1, NULL);
INSERT INTO RESERVATION_ORDER (ID_Reservation, ID_Table, ArrivalTime, NumberOfPeople, Notes) VALUES (28, 324, '00:11:00', 5, NULL);
INSERT INTO RESERVATION_ORDER (ID_Reservation, ID_Table, ArrivalTime, NumberOfPeople, Notes) VALUES (29, 320, '23:12:51', 7, NULL);
INSERT INTO RESERVATION_ORDER (ID_Reservation, ID_Table, ArrivalTime, NumberOfPeople, Notes) VALUES (30, 321, '15:46:04', 2, NULL);
INSERT INTO RESERVATION_ORDER (ID_Reservation, ID_Table, ArrivalTime, NumberOfPeople, Notes) VALUES (31, 319, '17:37:11', 5, NULL);
INSERT INTO RESERVATION_ORDER (ID_Reservation, ID_Table, ArrivalTime, NumberOfPeople, Notes) VALUES (32, NULL, '12:37:24', 7, NULL);
INSERT INTO RESERVATION_ORDER (ID_Reservation, ID_Table, ArrivalTime, NumberOfPeople, Notes) VALUES (33, NULL, '01:59:05', 1, NULL);
INSERT INTO RESERVATION_ORDER (ID_Reservation, ID_Table, ArrivalTime, NumberOfPeople, Notes) VALUES (34, NULL, '21:18:46', 5, NULL);
INSERT INTO RESERVATION_ORDER (ID_Reservation, ID_Table, ArrivalTime, NumberOfPeople, Notes) VALUES (35, NULL, '10:37:32', 7, NULL);
INSERT INTO RESERVATION_ORDER (ID_Reservation, ID_Table, ArrivalTime, NumberOfPeople, Notes) VALUES (36, NULL, '21:49:51', 7, NULL);
INSERT INTO RESERVATION_ORDER (ID_Reservation, ID_Table, ArrivalTime, NumberOfPeople, Notes) VALUES (37, NULL, '03:37:44', 8, NULL);
INSERT INTO RESERVATION_ORDER (ID_Reservation, ID_Table, ArrivalTime, NumberOfPeople, Notes) VALUES (38, NULL, '18:51:07', 3, NULL);
INSERT INTO RESERVATION_ORDER (ID_Reservation, ID_Table, ArrivalTime, NumberOfPeople, Notes) VALUES (39, NULL, '21:35:53', 5, NULL);
INSERT INTO RESERVATION_ORDER (ID_Reservation, ID_Table, ArrivalTime, NumberOfPeople, Notes) VALUES (40, NULL, '14:13:04', 2, NULL);
INSERT INTO RESERVATION_ORDER (ID_Reservation, ID_Table, ArrivalTime, NumberOfPeople, Notes) VALUES (1, 352, '04:56:18', 8, NULL);
INSERT INTO RESERVATION_ORDER (ID_Reservation, ID_Table, ArrivalTime, NumberOfPeople, Notes) VALUES (2, 336, '12:52:17', 1, NULL);
INSERT INTO RESERVATION_ORDER (ID_Reservation, ID_Table, ArrivalTime, NumberOfPeople, Notes) VALUES (3, 336, '18:32:52', 2, NULL);
INSERT INTO RESERVATION_ORDER (ID_Reservation, ID_Table, ArrivalTime, NumberOfPeople, Notes) VALUES (4, 356, '23:52:26', 8, NULL);
INSERT INTO RESERVATION_ORDER (ID_Reservation, ID_Table, ArrivalTime, NumberOfPeople, Notes) VALUES (5, 339, '11:35:47', 4, NULL);
INSERT INTO RESERVATION_ORDER (ID_Reservation, ID_Table, ArrivalTime, NumberOfPeople, Notes) VALUES (6, 354, '09:30:45', 2, NULL);
INSERT INTO RESERVATION_ORDER (ID_Reservation, ID_Table, ArrivalTime, NumberOfPeople, Notes) VALUES (7, 338, '13:02:34', 2, NULL);
INSERT INTO RESERVATION_ORDER (ID_Reservation, ID_Table, ArrivalTime, NumberOfPeople, Notes) VALUES (8, 348, '06:27:20', 8, NULL);
INSERT INTO RESERVATION_ORDER (ID_Reservation, ID_Table, ArrivalTime, NumberOfPeople, Notes) VALUES (9, 356, '01:38:08', 3, NULL);
INSERT INTO RESERVATION_ORDER (ID_Reservation, ID_Table, ArrivalTime, NumberOfPeople, Notes) VALUES (10, 340, '01:00:44', 1, NULL);
INSERT INTO RESERVATION_ORDER (ID_Reservation, ID_Table, ArrivalTime, NumberOfPeople, Notes) VALUES (11, 356, '10:31:09', 5, NULL);
INSERT INTO RESERVATION_ORDER (ID_Reservation, ID_Table, ArrivalTime, NumberOfPeople, Notes) VALUES (12, 347, '14:43:36', 7, NULL);
INSERT INTO RESERVATION_ORDER (ID_Reservation, ID_Table, ArrivalTime, NumberOfPeople, Notes) VALUES (13, 343, '03:57:19', 1, NULL);
INSERT INTO RESERVATION_ORDER (ID_Reservation, ID_Table, ArrivalTime, NumberOfPeople, Notes) VALUES (14, 355, '00:45:32', 5, NULL);
INSERT INTO RESERVATION_ORDER (ID_Reservation, ID_Table, ArrivalTime, NumberOfPeople, Notes) VALUES (15, 345, '00:57:18', 2, NULL);
INSERT INTO RESERVATION_ORDER (ID_Reservation, ID_Table, ArrivalTime, NumberOfPeople, Notes) VALUES (16, 336, '02:11:09', 8, NULL);
INSERT INTO RESERVATION_ORDER (ID_Reservation, ID_Table, ArrivalTime, NumberOfPeople, Notes) VALUES (17, 349, '10:39:20', 4, NULL);
INSERT INTO RESERVATION_ORDER (ID_Reservation, ID_Table, ArrivalTime, NumberOfPeople, Notes) VALUES (18, 355, '01:52:07', 1, NULL);
INSERT INTO RESERVATION_ORDER (ID_Reservation, ID_Table, ArrivalTime, NumberOfPeople, Notes) VALUES (19, 339, '03:44:28', 6, NULL);
INSERT INTO RESERVATION_ORDER (ID_Reservation, ID_Table, ArrivalTime, NumberOfPeople, Notes) VALUES (20, 343, '13:39:38', 7, NULL);
INSERT INTO RESERVATION_ORDER (ID_Reservation, ID_Table, ArrivalTime, NumberOfPeople, Notes) VALUES (21, 352, '03:02:57', 3, NULL);
INSERT INTO RESERVATION_ORDER (ID_Reservation, ID_Table, ArrivalTime, NumberOfPeople, Notes) VALUES (22, 335, '22:53:13', 8, NULL);
INSERT INTO RESERVATION_ORDER (ID_Reservation, ID_Table, ArrivalTime, NumberOfPeople, Notes) VALUES (23, 346, '06:58:23', 8, NULL);
INSERT INTO RESERVATION_ORDER (ID_Reservation, ID_Table, ArrivalTime, NumberOfPeople, Notes) VALUES (24, 341, '23:29:11', 8, NULL);
INSERT INTO RESERVATION_ORDER (ID_Reservation, ID_Table, ArrivalTime, NumberOfPeople, Notes) VALUES (25, 337, '03:31:11', 3, NULL);
INSERT INTO RESERVATION_ORDER (ID_Reservation, ID_Table, ArrivalTime, NumberOfPeople, Notes) VALUES (26, 332, '14:16:39', 1, NULL);
INSERT INTO RESERVATION_ORDER (ID_Reservation, ID_Table, ArrivalTime, NumberOfPeople, Notes) VALUES (27, 351, '07:57:55', 6, NULL);
INSERT INTO RESERVATION_ORDER (ID_Reservation, ID_Table, ArrivalTime, NumberOfPeople, Notes) VALUES (28, 343, '12:53:11', 6, NULL);
INSERT INTO RESERVATION_ORDER (ID_Reservation, ID_Table, ArrivalTime, NumberOfPeople, Notes) VALUES (29, 337, '09:30:07', 2, NULL);
INSERT INTO RESERVATION_ORDER (ID_Reservation, ID_Table, ArrivalTime, NumberOfPeople, Notes) VALUES (30, 353, '01:06:12', 7, NULL);
INSERT INTO RESERVATION_ORDER (ID_Reservation, ID_Table, ArrivalTime, NumberOfPeople, Notes) VALUES (31, 340, '11:54:02', 7, NULL);
INSERT INTO RESERVATION_ORDER (ID_Reservation, ID_Table, ArrivalTime, NumberOfPeople, Notes) VALUES (32, NULL, '06:20:09', 8, NULL);
INSERT INTO RESERVATION_ORDER (ID_Reservation, ID_Table, ArrivalTime, NumberOfPeople, Notes) VALUES (33, NULL, '01:05:21', 2, NULL);
INSERT INTO RESERVATION_ORDER (ID_Reservation, ID_Table, ArrivalTime, NumberOfPeople, Notes) VALUES (34, NULL, '23:54:10', 5, NULL);
INSERT INTO RESERVATION_ORDER (ID_Reservation, ID_Table, ArrivalTime, NumberOfPeople, Notes) VALUES (35, NULL, '12:48:23', 6, NULL);
INSERT INTO RESERVATION_ORDER (ID_Reservation, ID_Table, ArrivalTime, NumberOfPeople, Notes) VALUES (36, NULL, '05:25:29', 3, NULL);
INSERT INTO RESERVATION_ORDER (ID_Reservation, ID_Table, ArrivalTime, NumberOfPeople, Notes) VALUES (37, NULL, '13:13:43', 4, NULL);
INSERT INTO RESERVATION_ORDER (ID_Reservation, ID_Table, ArrivalTime, NumberOfPeople, Notes) VALUES (38, NULL, '17:22:41', 7, NULL);
INSERT INTO RESERVATION_ORDER (ID_Reservation, ID_Table, ArrivalTime, NumberOfPeople, Notes) VALUES (39, NULL, '11:55:19', 4, NULL);
INSERT INTO RESERVATION_ORDER (ID_Reservation, ID_Table, ArrivalTime, NumberOfPeople, Notes) VALUES (40, NULL, '11:06:59', 4, NULL);
