INSERT INTO AREA (ID_Area, AreaName) VALUES ('1', 'Marcusfort');
INSERT INTO AREA (ID_Area, AreaName) VALUES ('2', 'West Ashleyton');
INSERT INTO AREA (ID_Area, AreaName) VALUES ('3', 'North Debra');
INSERT INTO AREA (ID_Area, AreaName) VALUES ('4', 'Moyerhaven');
INSERT INTO AREA (ID_Area, AreaName) VALUES ('5', 'Carlaland');
INSERT INTO DEPARTMENT (ID_Department, DepartmentName, Salary) VALUES (1, 'Management', 10000000);
INSERT INTO DEPARTMENT (ID_Department, DepartmentName, Salary) VALUES (2, 'Kitchen', 17500000);
INSERT INTO DEPARTMENT (ID_Department, DepartmentName, Salary) VALUES (3, 'Cleaning', 20000000);
INSERT INTO DEPARTMENT (ID_Department, DepartmentName, Salary) VALUES (4, 'Security', 10000000);
INSERT INTO DEPARTMENT (ID_Department, DepartmentName, Salary) VALUES (5, 'Reception', 15000000);
INSERT INTO DEPARTMENT (ID_Department, DepartmentName, Salary) VALUES (6, 'Accounting', 16500000);
INSERT INTO DEPARTMENT (ID_Department, DepartmentName, Salary) VALUES (7, 'Service', 11000000);
INSERT INTO EMPLOYEE (ID_Employee, EmployeeName, DoB, PhoneNumber, Gender, ID_Department) VALUES (1, 'Dave Blackwell', '2005-04-10', '5504778352', 'M', 1);
INSERT INTO EMPLOYEE (ID_Employee, EmployeeName, DoB, PhoneNumber, Gender, ID_Department) VALUES (2, 'Amber Nichols', '1979-08-18', '0240616868', 'F', 1);
INSERT INTO EMPLOYEE (ID_Employee, EmployeeName, DoB, PhoneNumber, Gender, ID_Department) VALUES (3, 'Tracy Howard', '1978-07-13', '8623755559', 'F', 1);
INSERT INTO EMPLOYEE (ID_Employee, EmployeeName, DoB, PhoneNumber, Gender, ID_Department) VALUES (4, 'Laura Thompson', '1992-10-06', '0776658255', 'M', 1);
INSERT INTO EMPLOYEE (ID_Employee, EmployeeName, DoB, PhoneNumber, Gender, ID_Department) VALUES (5, 'David Norris', '1999-10-30', '4232402792', 'M', 1);
INSERT INTO EMPLOYEE (ID_Employee, EmployeeName, DoB, PhoneNumber, Gender, ID_Department) VALUES (6, 'Dalton Martinez', '1967-11-26', '2601101967', 'F', 1);
INSERT INTO EMPLOYEE (ID_Employee, EmployeeName, DoB, PhoneNumber, Gender, ID_Department) VALUES (7, 'Randall Cox', '1990-09-02', '8561822209', 'F', 1);
INSERT INTO EMPLOYEE (ID_Employee, EmployeeName, DoB, PhoneNumber, Gender, ID_Department) VALUES (8, 'Veronica Rangel', '1988-02-23', '8958091946', 'M', 1);
INSERT INTO EMPLOYEE (ID_Employee, EmployeeName, DoB, PhoneNumber, Gender, ID_Department) VALUES (9, 'Patricia Carpenter', '1961-10-21', '5079035972', 'F', 1);
INSERT INTO EMPLOYEE (ID_Employee, EmployeeName, DoB, PhoneNumber, Gender, ID_Department) VALUES (10, 'Kelsey Brown', '1986-02-20', '5167814432', 'F', 1);
INSERT INTO EMPLOYEE (ID_Employee, EmployeeName, DoB, PhoneNumber, Gender, ID_Department) VALUES (11, 'Nicholas Duffy', '1960-06-14', '9733329203', 'F', 1);
INSERT INTO EMPLOYEE (ID_Employee, EmployeeName, DoB, PhoneNumber, Gender, ID_Department) VALUES (12, 'James Brown', '1980-11-22', '7339260782', 'F', 1);
INSERT INTO EMPLOYEE (ID_Employee, EmployeeName, DoB, PhoneNumber, Gender, ID_Department) VALUES (13, 'Jared Brown', '1963-07-30', '3984045807', 'M', 1);
INSERT INTO EMPLOYEE (ID_Employee, EmployeeName, DoB, PhoneNumber, Gender, ID_Department) VALUES (14, 'Allison Wilson', '1964-12-20', '2318907486', 'M', 1);
INSERT INTO EMPLOYEE (ID_Employee, EmployeeName, DoB, PhoneNumber, Gender, ID_Department) VALUES (15, 'Kimberly Hughes', '1965-09-19', '5295437748', 'F', 1);
INSERT INTO EMPLOYEE (ID_Employee, EmployeeName, DoB, PhoneNumber, Gender, ID_Department) VALUES (16, 'Jesus Weber', '2001-01-26', '4370779221', 'F', 6);
INSERT INTO EMPLOYEE (ID_Employee, EmployeeName, DoB, PhoneNumber, Gender, ID_Department) VALUES (17, 'Emily Ortiz', '1966-03-11', '6051293201', 'M', 4);
INSERT INTO EMPLOYEE (ID_Employee, EmployeeName, DoB, PhoneNumber, Gender, ID_Department) VALUES (18, 'Kevin Morris', '1988-06-24', '6202350715', 'M', 3);
INSERT INTO EMPLOYEE (ID_Employee, EmployeeName, DoB, PhoneNumber, Gender, ID_Department) VALUES (19, 'Vicki Cabrera', '1992-10-28', '4916028502', 'M', 4);
INSERT INTO EMPLOYEE (ID_Employee, EmployeeName, DoB, PhoneNumber, Gender, ID_Department) VALUES (20, 'Kevin Green', '1989-08-31', '0237993093', 'M', 4);
INSERT INTO EMPLOYEE (ID_Employee, EmployeeName, DoB, PhoneNumber, Gender, ID_Department) VALUES (21, 'Victor Hansen', '1962-12-05', '4792243634', 'F', 3);
INSERT INTO EMPLOYEE (ID_Employee, EmployeeName, DoB, PhoneNumber, Gender, ID_Department) VALUES (22, 'Todd Bray', '1969-11-11', '2926031532', 'M', 5);
INSERT INTO EMPLOYEE (ID_Employee, EmployeeName, DoB, PhoneNumber, Gender, ID_Department) VALUES (23, 'Lance Ruiz', '1994-07-30', '5872502354', 'F', 5);
INSERT INTO EMPLOYEE (ID_Employee, EmployeeName, DoB, PhoneNumber, Gender, ID_Department) VALUES (24, 'Frank Rodriguez', '1959-05-04', '1060630489', 'M', 6);
INSERT INTO EMPLOYEE (ID_Employee, EmployeeName, DoB, PhoneNumber, Gender, ID_Department) VALUES (25, 'Jonathan Mckenzie', '1980-07-02', '2257236098', 'F', 6);
INSERT INTO EMPLOYEE (ID_Employee, EmployeeName, DoB, PhoneNumber, Gender, ID_Department) VALUES (26, 'Tammy Johnson', '1995-05-12', '5195496047', 'F', 4);
INSERT INTO EMPLOYEE (ID_Employee, EmployeeName, DoB, PhoneNumber, Gender, ID_Department) VALUES (27, 'William Gordon', '1985-07-03', '4983705789', 'F', 4);
INSERT INTO EMPLOYEE (ID_Employee, EmployeeName, DoB, PhoneNumber, Gender, ID_Department) VALUES (28, 'Eric Ruiz', '1961-08-08', '0208980059', 'M', 5);
INSERT INTO EMPLOYEE (ID_Employee, EmployeeName, DoB, PhoneNumber, Gender, ID_Department) VALUES (29, 'Spencer Fisher', '1999-09-03', '5265184505', 'F', 4);
INSERT INTO EMPLOYEE (ID_Employee, EmployeeName, DoB, PhoneNumber, Gender, ID_Department) VALUES (30, 'Marcus Klein', '1989-02-04', '1479774803', 'M', 7);
INSERT INTO EMPLOYEE (ID_Employee, EmployeeName, DoB, PhoneNumber, Gender, ID_Department) VALUES (31, 'Adrienne Galvan', '1966-02-13', '6623497943', 'M', 5);
INSERT INTO EMPLOYEE (ID_Employee, EmployeeName, DoB, PhoneNumber, Gender, ID_Department) VALUES (32, 'Brittany Holloway', '2003-10-06', '2597352061', 'M', 2);
INSERT INTO EMPLOYEE (ID_Employee, EmployeeName, DoB, PhoneNumber, Gender, ID_Department) VALUES (33, 'Jillian Ward', '1980-08-28', '9730394032', 'M', 3);
INSERT INTO EMPLOYEE (ID_Employee, EmployeeName, DoB, PhoneNumber, Gender, ID_Department) VALUES (34, 'Roy Kramer', '1989-02-22', '8028976382', 'F', 4);
INSERT INTO EMPLOYEE (ID_Employee, EmployeeName, DoB, PhoneNumber, Gender, ID_Department) VALUES (35, 'Paul Massey', '1993-05-06', '2724318784', 'M', 4);
INSERT INTO EMPLOYEE (ID_Employee, EmployeeName, DoB, PhoneNumber, Gender, ID_Department) VALUES (36, 'Gerald Browning', '1960-07-06', '5962942767', 'F', 7);
INSERT INTO EMPLOYEE (ID_Employee, EmployeeName, DoB, PhoneNumber, Gender, ID_Department) VALUES (37, 'Benjamin Hicks', '1986-12-27', '7425373263', 'F', 6);
INSERT INTO EMPLOYEE (ID_Employee, EmployeeName, DoB, PhoneNumber, Gender, ID_Department) VALUES (38, 'Justin Armstrong', '2005-03-14', '9065446219', 'F', 7);
INSERT INTO EMPLOYEE (ID_Employee, EmployeeName, DoB, PhoneNumber, Gender, ID_Department) VALUES (39, 'Dawn Thomas', '1960-10-04', '1379854776', 'M', 2);
INSERT INTO EMPLOYEE (ID_Employee, EmployeeName, DoB, PhoneNumber, Gender, ID_Department) VALUES (40, 'Tammy Pierce', '1968-01-04', '1069200424', 'M', 4);
INSERT INTO EMPLOYEE (ID_Employee, EmployeeName, DoB, PhoneNumber, Gender, ID_Department) VALUES (41, 'Michelle Morrow', '1989-07-02', '3902584607', 'F', 2);
INSERT INTO EMPLOYEE (ID_Employee, EmployeeName, DoB, PhoneNumber, Gender, ID_Department) VALUES (42, 'Andres Watts', '1989-11-03', '1421629002', 'F', 6);
INSERT INTO EMPLOYEE (ID_Employee, EmployeeName, DoB, PhoneNumber, Gender, ID_Department) VALUES (43, 'Michael Downs', '1960-03-03', '5811475344', 'M', 2);
INSERT INTO EMPLOYEE (ID_Employee, EmployeeName, DoB, PhoneNumber, Gender, ID_Department) VALUES (44, 'Thomas Greene', '1996-06-07', '5066003788', 'M', 3);
INSERT INTO EMPLOYEE (ID_Employee, EmployeeName, DoB, PhoneNumber, Gender, ID_Department) VALUES (45, 'Adam Carter', '1993-01-29', '6134711302', 'M', 7);
INSERT INTO EMPLOYEE (ID_Employee, EmployeeName, DoB, PhoneNumber, Gender, ID_Department) VALUES (46, 'Mary Christian', '1972-11-08', '1699811942', 'M', 2);
INSERT INTO EMPLOYEE (ID_Employee, EmployeeName, DoB, PhoneNumber, Gender, ID_Department) VALUES (47, 'Richard Tapia', '1997-03-16', '4143302836', 'F', 3);
INSERT INTO EMPLOYEE (ID_Employee, EmployeeName, DoB, PhoneNumber, Gender, ID_Department) VALUES (48, 'Kevin Allen', '1990-03-27', '6586051616', 'M', 2);
INSERT INTO EMPLOYEE (ID_Employee, EmployeeName, DoB, PhoneNumber, Gender, ID_Department) VALUES (49, 'Bailey Johnston', '1990-03-11', '8899274851', 'F', 6);
INSERT INTO EMPLOYEE (ID_Employee, EmployeeName, DoB, PhoneNumber, Gender, ID_Department) VALUES (50, 'Heather Adams', '1986-04-04', '4731002364', 'F', 5);
INSERT INTO EMPLOYEE (ID_Employee, EmployeeName, DoB, PhoneNumber, Gender, ID_Department) VALUES (51, 'Tara Love', '1995-02-13', '5770083621', 'M', 7);
INSERT INTO EMPLOYEE (ID_Employee, EmployeeName, DoB, PhoneNumber, Gender, ID_Department) VALUES (52, 'Eric Edwards', '1970-11-07', '7162974127', 'F', 7);
INSERT INTO EMPLOYEE (ID_Employee, EmployeeName, DoB, PhoneNumber, Gender, ID_Department) VALUES (53, 'Kimberly Stevenson', '1979-08-31', '1841070690', 'F', 2);
INSERT INTO EMPLOYEE (ID_Employee, EmployeeName, DoB, PhoneNumber, Gender, ID_Department) VALUES (54, 'Christy Mayo', '1976-04-26', '4148087625', 'M', 7);
INSERT INTO EMPLOYEE (ID_Employee, EmployeeName, DoB, PhoneNumber, Gender, ID_Department) VALUES (55, 'Carmen Conley', '1965-06-06', '0044841779', 'M', 4);
INSERT INTO EMPLOYEE (ID_Employee, EmployeeName, DoB, PhoneNumber, Gender, ID_Department) VALUES (56, 'Shannon Wallace', '1986-06-19', '5024331257', 'F', 2);
INSERT INTO EMPLOYEE (ID_Employee, EmployeeName, DoB, PhoneNumber, Gender, ID_Department) VALUES (57, 'Kimberly Gregory', '1968-01-12', '9950507794', 'M', 3);
INSERT INTO EMPLOYEE (ID_Employee, EmployeeName, DoB, PhoneNumber, Gender, ID_Department) VALUES (58, 'Douglas Harris', '1965-07-10', '1520157532', 'F', 5);
INSERT INTO EMPLOYEE (ID_Employee, EmployeeName, DoB, PhoneNumber, Gender, ID_Department) VALUES (59, 'Brenda Bauer', '1988-12-10', '6109421647', 'F', 6);
INSERT INTO EMPLOYEE (ID_Employee, EmployeeName, DoB, PhoneNumber, Gender, ID_Department) VALUES (60, 'Darryl Ferguson', '1982-08-28', '0112001831', 'M', 2);
INSERT INTO EMPLOYEE (ID_Employee, EmployeeName, DoB, PhoneNumber, Gender, ID_Department) VALUES (61, 'Christina Compton', '2005-11-26', '4191560115', 'F', 5);
INSERT INTO EMPLOYEE (ID_Employee, EmployeeName, DoB, PhoneNumber, Gender, ID_Department) VALUES (62, 'Todd Whitaker', '1974-02-21', '8676721474', 'F', 2);
INSERT INTO EMPLOYEE (ID_Employee, EmployeeName, DoB, PhoneNumber, Gender, ID_Department) VALUES (63, 'Timothy Hamilton', '1986-10-08', '2136461751', 'M', 6);
INSERT INTO EMPLOYEE (ID_Employee, EmployeeName, DoB, PhoneNumber, Gender, ID_Department) VALUES (64, 'Samantha Robinson', '2005-06-18', '4521821048', 'F', 7);
INSERT INTO EMPLOYEE (ID_Employee, EmployeeName, DoB, PhoneNumber, Gender, ID_Department) VALUES (65, 'Breanna Jackson', '1993-08-20', '7477652502', 'M', 2);
INSERT INTO EMPLOYEE (ID_Employee, EmployeeName, DoB, PhoneNumber, Gender, ID_Department) VALUES (66, 'Stacey Ellison', '1996-12-17', '5633975286', 'F', 4);
INSERT INTO EMPLOYEE (ID_Employee, EmployeeName, DoB, PhoneNumber, Gender, ID_Department) VALUES (67, 'Rebecca Reynolds', '1970-05-28', '6087376237', 'F', 4);
INSERT INTO EMPLOYEE (ID_Employee, EmployeeName, DoB, PhoneNumber, Gender, ID_Department) VALUES (68, 'Michelle Choi', '1992-07-05', '8545075397', 'M', 3);
INSERT INTO EMPLOYEE (ID_Employee, EmployeeName, DoB, PhoneNumber, Gender, ID_Department) VALUES (69, 'Ronald Frederick', '1994-10-21', '4586674830', 'F', 4);
INSERT INTO EMPLOYEE (ID_Employee, EmployeeName, DoB, PhoneNumber, Gender, ID_Department) VALUES (70, 'Spencer Webster', '1971-02-24', '7718577103', 'M', 3);
INSERT INTO EMPLOYEE (ID_Employee, EmployeeName, DoB, PhoneNumber, Gender, ID_Department) VALUES (71, 'Brian Lee', '2003-09-10', '3326801197', 'M', 6);
INSERT INTO EMPLOYEE (ID_Employee, EmployeeName, DoB, PhoneNumber, Gender, ID_Department) VALUES (72, 'Lisa Everett', '1985-09-27', '5852918640', 'F', 5);
INSERT INTO EMPLOYEE (ID_Employee, EmployeeName, DoB, PhoneNumber, Gender, ID_Department) VALUES (73, 'Kimberly Gonzalez', '1988-05-03', '3726547257', 'M', 3);
INSERT INTO EMPLOYEE (ID_Employee, EmployeeName, DoB, PhoneNumber, Gender, ID_Department) VALUES (74, 'Nicole Long', '1975-02-02', '8551592804', 'F', 3);
INSERT INTO EMPLOYEE (ID_Employee, EmployeeName, DoB, PhoneNumber, Gender, ID_Department) VALUES (75, 'Cole Walton', '1978-09-29', '4646435019', 'F', 2);
INSERT INTO EMPLOYEE (ID_Employee, EmployeeName, DoB, PhoneNumber, Gender, ID_Department) VALUES (76, 'Jennifer Sanders', '1985-06-28', '6408731431', 'M', 6);
INSERT INTO EMPLOYEE (ID_Employee, EmployeeName, DoB, PhoneNumber, Gender, ID_Department) VALUES (77, 'Kelly Higgins', '1999-08-12', '3075331742', 'M', 7);
INSERT INTO EMPLOYEE (ID_Employee, EmployeeName, DoB, PhoneNumber, Gender, ID_Department) VALUES (78, 'Shannon Gonzales', '2006-10-27', '6953816639', 'M', 7);
INSERT INTO EMPLOYEE (ID_Employee, EmployeeName, DoB, PhoneNumber, Gender, ID_Department) VALUES (79, 'Dawn Hawkins', '1962-03-08', '8599140850', 'F', 3);
INSERT INTO EMPLOYEE (ID_Employee, EmployeeName, DoB, PhoneNumber, Gender, ID_Department) VALUES (80, 'Tammy Cohen', '1982-03-04', '5670178851', 'M', 4);
INSERT INTO EMPLOYEE (ID_Employee, EmployeeName, DoB, PhoneNumber, Gender, ID_Department) VALUES (81, 'Richard Lang', '2001-09-09', '4514569570', 'M', 6);
INSERT INTO EMPLOYEE (ID_Employee, EmployeeName, DoB, PhoneNumber, Gender, ID_Department) VALUES (82, 'Elizabeth Mcmillan', '1996-09-01', '6609575826', 'M', 3);
INSERT INTO EMPLOYEE (ID_Employee, EmployeeName, DoB, PhoneNumber, Gender, ID_Department) VALUES (83, 'Dawn Huang', '2004-05-11', '7760322141', 'M', 5);
INSERT INTO EMPLOYEE (ID_Employee, EmployeeName, DoB, PhoneNumber, Gender, ID_Department) VALUES (84, 'Jeffrey Moore', '1982-10-16', '8978822125', 'M', 6);
INSERT INTO EMPLOYEE (ID_Employee, EmployeeName, DoB, PhoneNumber, Gender, ID_Department) VALUES (85, 'Kyle Russo', '1999-11-29', '5545463735', 'M', 6);
INSERT INTO EMPLOYEE (ID_Employee, EmployeeName, DoB, PhoneNumber, Gender, ID_Department) VALUES (86, 'Nicholas Howard', '1969-06-18', '3187092978', 'M', 7);
INSERT INTO EMPLOYEE (ID_Employee, EmployeeName, DoB, PhoneNumber, Gender, ID_Department) VALUES (87, 'Jeremy Sosa', '1982-08-01', '3398779382', 'M', 3);
INSERT INTO EMPLOYEE (ID_Employee, EmployeeName, DoB, PhoneNumber, Gender, ID_Department) VALUES (88, 'Taylor Smith', '1981-11-07', '6438092344', 'F', 5);
INSERT INTO EMPLOYEE (ID_Employee, EmployeeName, DoB, PhoneNumber, Gender, ID_Department) VALUES (89, 'Linda Moreno', '2005-09-11', '0239650219', 'M', 3);
INSERT INTO EMPLOYEE (ID_Employee, EmployeeName, DoB, PhoneNumber, Gender, ID_Department) VALUES (90, 'Kathy Gomez', '2001-04-03', '2859324636', 'F', 7);
INSERT INTO EMPLOYEE (ID_Employee, EmployeeName, DoB, PhoneNumber, Gender, ID_Department) VALUES (91, 'Timothy Garcia', '1962-07-20', '7826295561', 'M', 7);
INSERT INTO EMPLOYEE (ID_Employee, EmployeeName, DoB, PhoneNumber, Gender, ID_Department) VALUES (92, 'Joshua Montgomery', '2005-04-27', '8240773418', 'M', 7);
INSERT INTO EMPLOYEE (ID_Employee, EmployeeName, DoB, PhoneNumber, Gender, ID_Department) VALUES (93, 'Zachary Bell', '1979-10-15', '9173621973', 'F', 5);
INSERT INTO EMPLOYEE (ID_Employee, EmployeeName, DoB, PhoneNumber, Gender, ID_Department) VALUES (94, 'Melanie Reeves', '1963-06-17', '2351111204', 'M', 6);
INSERT INTO EMPLOYEE (ID_Employee, EmployeeName, DoB, PhoneNumber, Gender, ID_Department) VALUES (95, 'Brianna Woods', '1994-10-04', '5209340228', 'M', 7);
INSERT INTO EMPLOYEE (ID_Employee, EmployeeName, DoB, PhoneNumber, Gender, ID_Department) VALUES (96, 'John Ali', '1976-07-30', '9493930011', 'M', 3);
INSERT INTO EMPLOYEE (ID_Employee, EmployeeName, DoB, PhoneNumber, Gender, ID_Department) VALUES (97, 'Bradley Gonzales', '2000-07-23', '4740465625', 'M', 2);
INSERT INTO EMPLOYEE (ID_Employee, EmployeeName, DoB, PhoneNumber, Gender, ID_Department) VALUES (98, 'Angie Hickman', '1985-06-18', '7355691174', 'F', 6);
INSERT INTO EMPLOYEE (ID_Employee, EmployeeName, DoB, PhoneNumber, Gender, ID_Department) VALUES (99, 'Richard Rogers', '2006-02-04', '2181886361', 'M', 3);
INSERT INTO EMPLOYEE (ID_Employee, EmployeeName, DoB, PhoneNumber, Gender, ID_Department) VALUES (100, 'Joe Tyler', '1996-04-13', '8244998055', 'F', 5);
INSERT INTO EMPLOYEE (ID_Employee, EmployeeName, DoB, PhoneNumber, Gender, ID_Department) VALUES (101, 'Donald Thomas', '1988-10-10', '9492402274', 'F', 6);
INSERT INTO EMPLOYEE (ID_Employee, EmployeeName, DoB, PhoneNumber, Gender, ID_Department) VALUES (102, 'Nancy Sherman', '1966-09-02', '9805658733', 'M', 3);
INSERT INTO EMPLOYEE (ID_Employee, EmployeeName, DoB, PhoneNumber, Gender, ID_Department) VALUES (103, 'Michael Mills', '1989-07-25', '8055639741', 'F', 3);
INSERT INTO EMPLOYEE (ID_Employee, EmployeeName, DoB, PhoneNumber, Gender, ID_Department) VALUES (104, 'Tina Robinson', '1998-04-15', '3223941592', 'F', 4);
INSERT INTO EMPLOYEE (ID_Employee, EmployeeName, DoB, PhoneNumber, Gender, ID_Department) VALUES (105, 'Judith Anderson', '1997-04-04', '4448456106', 'F', 3);
INSERT INTO EMPLOYEE (ID_Employee, EmployeeName, DoB, PhoneNumber, Gender, ID_Department) VALUES (106, 'Jessica Brown', '1983-04-10', '7059165021', 'F', 2);
INSERT INTO EMPLOYEE (ID_Employee, EmployeeName, DoB, PhoneNumber, Gender, ID_Department) VALUES (107, 'Nancy Gonzalez', '1987-10-05', '4729123516', 'F', 5);
INSERT INTO EMPLOYEE (ID_Employee, EmployeeName, DoB, PhoneNumber, Gender, ID_Department) VALUES (108, 'Jennifer Matthews', '1992-09-13', '2422475144', 'M', 2);
INSERT INTO EMPLOYEE (ID_Employee, EmployeeName, DoB, PhoneNumber, Gender, ID_Department) VALUES (109, 'Victoria Blackburn', '1973-06-08', '3865630961', 'F', 3);
INSERT INTO EMPLOYEE (ID_Employee, EmployeeName, DoB, PhoneNumber, Gender, ID_Department) VALUES (110, 'Christopher Thomas', '2002-03-17', '5029909942', 'M', 4);
INSERT INTO EMPLOYEE (ID_Employee, EmployeeName, DoB, PhoneNumber, Gender, ID_Department) VALUES (111, 'Angela Mercer', '1969-12-21', '3476778855', 'M', 3);
INSERT INTO EMPLOYEE (ID_Employee, EmployeeName, DoB, PhoneNumber, Gender, ID_Department) VALUES (112, 'Francisco Turner', '1992-08-09', '0360475074', 'M', 6);
INSERT INTO EMPLOYEE (ID_Employee, EmployeeName, DoB, PhoneNumber, Gender, ID_Department) VALUES (113, 'Daniel Phillips', '1978-05-16', '4196078011', 'F', 5);
INSERT INTO EMPLOYEE (ID_Employee, EmployeeName, DoB, PhoneNumber, Gender, ID_Department) VALUES (114, 'Nicole Payne', '1973-12-15', '9960436568', 'F', 4);
INSERT INTO EMPLOYEE (ID_Employee, EmployeeName, DoB, PhoneNumber, Gender, ID_Department) VALUES (115, 'Ashley Phillips', '2000-12-22', '8583400167', 'M', 6);
INSERT INTO EMPLOYEE (ID_Employee, EmployeeName, DoB, PhoneNumber, Gender, ID_Department) VALUES (116, 'Michael Mcmillan', '1985-08-17', '6254947163', 'M', 6);
INSERT INTO EMPLOYEE (ID_Employee, EmployeeName, DoB, PhoneNumber, Gender, ID_Department) VALUES (117, 'Robert Ballard', '1994-08-04', '5955877390', 'F', 6);
INSERT INTO EMPLOYEE (ID_Employee, EmployeeName, DoB, PhoneNumber, Gender, ID_Department) VALUES (118, 'Carla Dixon', '1977-10-13', '9224528046', 'F', 6);
INSERT INTO EMPLOYEE (ID_Employee, EmployeeName, DoB, PhoneNumber, Gender, ID_Department) VALUES (119, 'Gregory Salinas', '1985-06-05', '1611687467', 'M', 3);
INSERT INTO EMPLOYEE (ID_Employee, EmployeeName, DoB, PhoneNumber, Gender, ID_Department) VALUES (120, 'Stephanie Cannon DDS', '1989-07-25', '1270190365', 'M', 4);
INSERT INTO EMPLOYEE (ID_Employee, EmployeeName, DoB, PhoneNumber, Gender, ID_Department) VALUES (121, 'Ashley Hurley', '1980-02-14', '9949208466', 'F', 6);
INSERT INTO EMPLOYEE (ID_Employee, EmployeeName, DoB, PhoneNumber, Gender, ID_Department) VALUES (122, 'Christopher Martin', '2005-08-24', '9255181554', 'F', 3);
INSERT INTO EMPLOYEE (ID_Employee, EmployeeName, DoB, PhoneNumber, Gender, ID_Department) VALUES (123, 'Aaron Cobb', '2002-05-20', '6248034568', 'M', 2);
INSERT INTO EMPLOYEE (ID_Employee, EmployeeName, DoB, PhoneNumber, Gender, ID_Department) VALUES (124, 'Cynthia Davis', '1971-08-13', '3437137680', 'F', 2);
INSERT INTO EMPLOYEE (ID_Employee, EmployeeName, DoB, PhoneNumber, Gender, ID_Department) VALUES (125, 'Tom Davis', '2002-01-05', '8218412938', 'F', 5);
INSERT INTO EMPLOYEE (ID_Employee, EmployeeName, DoB, PhoneNumber, Gender, ID_Department) VALUES (126, 'Gabriel Rios', '1997-10-22', '5066814837', 'M', 6);
INSERT INTO EMPLOYEE (ID_Employee, EmployeeName, DoB, PhoneNumber, Gender, ID_Department) VALUES (127, 'Thomas Lawrence', '1985-02-28', '3393347943', 'M', 4);
INSERT INTO EMPLOYEE (ID_Employee, EmployeeName, DoB, PhoneNumber, Gender, ID_Department) VALUES (128, 'Aimee Hamilton', '1989-12-13', '8307621930', 'F', 5);
INSERT INTO EMPLOYEE (ID_Employee, EmployeeName, DoB, PhoneNumber, Gender, ID_Department) VALUES (129, 'Kyle Horn', '1998-06-07', '4738214918', 'F', 2);
INSERT INTO EMPLOYEE (ID_Employee, EmployeeName, DoB, PhoneNumber, Gender, ID_Department) VALUES (130, 'Anne Woods DVM', '1980-09-18', '6532147177', 'F', 7);
INSERT INTO EMPLOYEE (ID_Employee, EmployeeName, DoB, PhoneNumber, Gender, ID_Department) VALUES (131, 'Mr. Perry Walton', '1969-05-04', '5778791040', 'M', 7);
INSERT INTO EMPLOYEE (ID_Employee, EmployeeName, DoB, PhoneNumber, Gender, ID_Department) VALUES (132, 'Ashley Wilson', '1970-05-14', '2574179468', 'M', 3);
INSERT INTO EMPLOYEE (ID_Employee, EmployeeName, DoB, PhoneNumber, Gender, ID_Department) VALUES (133, 'Tammy Cohen', '1993-08-06', '8932134616', 'F', 2);
INSERT INTO EMPLOYEE (ID_Employee, EmployeeName, DoB, PhoneNumber, Gender, ID_Department) VALUES (134, 'Brett Price', '1979-05-01', '9625545534', 'M', 3);
INSERT INTO EMPLOYEE (ID_Employee, EmployeeName, DoB, PhoneNumber, Gender, ID_Department) VALUES (135, 'Donald Nguyen', '1983-04-27', '9424487355', 'M', 3);
INSERT INTO EMPLOYEE (ID_Employee, EmployeeName, DoB, PhoneNumber, Gender, ID_Department) VALUES (136, 'Jennifer Nash', '1974-09-07', '9634203764', 'F', 5);
INSERT INTO EMPLOYEE (ID_Employee, EmployeeName, DoB, PhoneNumber, Gender, ID_Department) VALUES (137, 'Roberta Carr', '2006-05-12', '5448128750', 'M', 2);
INSERT INTO EMPLOYEE (ID_Employee, EmployeeName, DoB, PhoneNumber, Gender, ID_Department) VALUES (138, 'Caitlin White', '1963-04-12', '1022486006', 'F', 7);
INSERT INTO EMPLOYEE (ID_Employee, EmployeeName, DoB, PhoneNumber, Gender, ID_Department) VALUES (139, 'Manuel Harris', '1980-11-02', '8495059529', 'M', 6);
INSERT INTO EMPLOYEE (ID_Employee, EmployeeName, DoB, PhoneNumber, Gender, ID_Department) VALUES (140, 'Melissa Long', '1965-02-25', '7110637828', 'M', 2);
INSERT INTO EMPLOYEE (ID_Employee, EmployeeName, DoB, PhoneNumber, Gender, ID_Department) VALUES (141, 'Sean Anderson', '1996-08-22', '6748989914', 'F', 2);
INSERT INTO EMPLOYEE (ID_Employee, EmployeeName, DoB, PhoneNumber, Gender, ID_Department) VALUES (142, 'Thomas Shaffer', '1971-02-08', '0179971645', 'M', 3);
INSERT INTO EMPLOYEE (ID_Employee, EmployeeName, DoB, PhoneNumber, Gender, ID_Department) VALUES (143, 'Stephanie Bruce', '1988-03-11', '0140672187', 'F', 2);
INSERT INTO EMPLOYEE (ID_Employee, EmployeeName, DoB, PhoneNumber, Gender, ID_Department) VALUES (144, 'Wanda Jones', '1990-05-01', '3127131233', 'F', 3);
INSERT INTO EMPLOYEE (ID_Employee, EmployeeName, DoB, PhoneNumber, Gender, ID_Department) VALUES (145, 'Jeffrey Peterson', '2005-02-18', '6749934186', 'F', 6);
INSERT INTO EMPLOYEE (ID_Employee, EmployeeName, DoB, PhoneNumber, Gender, ID_Department) VALUES (146, 'James Sherman', '1973-06-10', '2764628209', 'F', 7);
INSERT INTO EMPLOYEE (ID_Employee, EmployeeName, DoB, PhoneNumber, Gender, ID_Department) VALUES (147, 'Marcus Allen', '1980-08-16', '1700158011', 'F', 2);
INSERT INTO EMPLOYEE (ID_Employee, EmployeeName, DoB, PhoneNumber, Gender, ID_Department) VALUES (148, 'Amy Madden', '1988-05-06', '6527782475', 'M', 7);
INSERT INTO EMPLOYEE (ID_Employee, EmployeeName, DoB, PhoneNumber, Gender, ID_Department) VALUES (149, 'Jason Stark', '2003-03-10', '2684593969', 'M', 2);
INSERT INTO EMPLOYEE (ID_Employee, EmployeeName, DoB, PhoneNumber, Gender, ID_Department) VALUES (150, 'Craig Sullivan', '2003-09-08', '2281637307', 'F', 6);
INSERT INTO EMPLOYEE (ID_Employee, EmployeeName, DoB, PhoneNumber, Gender, ID_Department) VALUES (151, 'Stephen Herrera', '1994-12-31', '6451368785', 'F', 5);
INSERT INTO EMPLOYEE (ID_Employee, EmployeeName, DoB, PhoneNumber, Gender, ID_Department) VALUES (152, 'Ronald Johnson', '1972-04-26', '1620406421', 'F', 3);
INSERT INTO EMPLOYEE (ID_Employee, EmployeeName, DoB, PhoneNumber, Gender, ID_Department) VALUES (153, 'Nathan Reyes MD', '1977-12-19', '6143466136', 'F', 4);
INSERT INTO EMPLOYEE (ID_Employee, EmployeeName, DoB, PhoneNumber, Gender, ID_Department) VALUES (154, 'Steven Villegas', '1961-10-29', '5822249490', 'M', 4);
INSERT INTO EMPLOYEE (ID_Employee, EmployeeName, DoB, PhoneNumber, Gender, ID_Department) VALUES (155, 'Kerry Rodriguez', '1989-05-05', '6945305491', 'F', 6);
INSERT INTO EMPLOYEE (ID_Employee, EmployeeName, DoB, PhoneNumber, Gender, ID_Department) VALUES (156, 'Kathy Clark', '1989-04-27', '7380906844', 'M', 6);
INSERT INTO EMPLOYEE (ID_Employee, EmployeeName, DoB, PhoneNumber, Gender, ID_Department) VALUES (157, 'Nathaniel Mcdonald', '1987-03-08', '5764650644', 'M', 2);
INSERT INTO EMPLOYEE (ID_Employee, EmployeeName, DoB, PhoneNumber, Gender, ID_Department) VALUES (158, 'Jon Kennedy', '1974-11-08', '7366036117', 'F', 4);
INSERT INTO EMPLOYEE (ID_Employee, EmployeeName, DoB, PhoneNumber, Gender, ID_Department) VALUES (159, 'Jonathan Moore', '1969-07-10', '4569038144', 'M', 2);
INSERT INTO EMPLOYEE (ID_Employee, EmployeeName, DoB, PhoneNumber, Gender, ID_Department) VALUES (160, 'Derek Owen', '1982-06-17', '4533388676', 'F', 5);
INSERT INTO EMPLOYEE (ID_Employee, EmployeeName, DoB, PhoneNumber, Gender, ID_Department) VALUES (161, 'James Johnson', '1973-02-04', '9096837608', 'M', 3);
INSERT INTO EMPLOYEE (ID_Employee, EmployeeName, DoB, PhoneNumber, Gender, ID_Department) VALUES (162, 'Jonathan Simmons', '2003-09-25', '8783589762', 'F', 5);
INSERT INTO EMPLOYEE (ID_Employee, EmployeeName, DoB, PhoneNumber, Gender, ID_Department) VALUES (163, 'Stephanie Anderson', '1969-04-09', '6471024572', 'M', 5);
INSERT INTO EMPLOYEE (ID_Employee, EmployeeName, DoB, PhoneNumber, Gender, ID_Department) VALUES (164, 'Heather Johnson', '1994-06-13', '1812158066', 'F', 6);
INSERT INTO EMPLOYEE (ID_Employee, EmployeeName, DoB, PhoneNumber, Gender, ID_Department) VALUES (165, 'Mark Dunn', '1984-10-15', '6235275923', 'F', 7);
INSERT INTO EMPLOYEE (ID_Employee, EmployeeName, DoB, PhoneNumber, Gender, ID_Department) VALUES (166, 'Jeffery Davis', '1998-07-18', '6517911576', 'M', 3);
INSERT INTO EMPLOYEE (ID_Employee, EmployeeName, DoB, PhoneNumber, Gender, ID_Department) VALUES (167, 'Danielle Mendez', '1960-05-25', '7941236716', 'F', 5);
INSERT INTO EMPLOYEE (ID_Employee, EmployeeName, DoB, PhoneNumber, Gender, ID_Department) VALUES (168, 'Stacey Davis', '1967-06-22', '3194349905', 'F', 7);
INSERT INTO EMPLOYEE (ID_Employee, EmployeeName, DoB, PhoneNumber, Gender, ID_Department) VALUES (169, 'Nicholas Juarez', '1986-12-15', '1336150774', 'M', 6);
INSERT INTO EMPLOYEE (ID_Employee, EmployeeName, DoB, PhoneNumber, Gender, ID_Department) VALUES (170, 'James Cobb', '1962-08-21', '9366446177', 'M', 2);
INSERT INTO EMPLOYEE (ID_Employee, EmployeeName, DoB, PhoneNumber, Gender, ID_Department) VALUES (171, 'Judy Gibson', '2006-09-01', '0422947867', 'M', 7);
INSERT INTO EMPLOYEE (ID_Employee, EmployeeName, DoB, PhoneNumber, Gender, ID_Department) VALUES (172, 'Anthony Black', '2000-08-06', '8743049651', 'M', 3);
INSERT INTO EMPLOYEE (ID_Employee, EmployeeName, DoB, PhoneNumber, Gender, ID_Department) VALUES (173, 'Katherine Sullivan', '2004-03-22', '6938726471', 'F', 5);
INSERT INTO EMPLOYEE (ID_Employee, EmployeeName, DoB, PhoneNumber, Gender, ID_Department) VALUES (174, 'Sheryl Doyle', '1996-08-15', '8649924942', 'F', 4);
INSERT INTO EMPLOYEE (ID_Employee, EmployeeName, DoB, PhoneNumber, Gender, ID_Department) VALUES (175, 'Elizabeth Arnold', '1963-01-25', '6313322177', 'F', 6);
INSERT INTO EMPLOYEE (ID_Employee, EmployeeName, DoB, PhoneNumber, Gender, ID_Department) VALUES (176, 'Michael Anderson', '1979-03-16', '9745297202', 'M', 5);
INSERT INTO EMPLOYEE (ID_Employee, EmployeeName, DoB, PhoneNumber, Gender, ID_Department) VALUES (177, 'Amanda Mcneil', '1995-06-24', '5453301027', 'F', 5);
INSERT INTO EMPLOYEE (ID_Employee, EmployeeName, DoB, PhoneNumber, Gender, ID_Department) VALUES (178, 'Allison Cook', '2006-10-03', '9299229418', 'F', 2);
INSERT INTO EMPLOYEE (ID_Employee, EmployeeName, DoB, PhoneNumber, Gender, ID_Department) VALUES (179, 'Keith Ortega', '2005-12-31', '4943616854', 'F', 5);
INSERT INTO EMPLOYEE (ID_Employee, EmployeeName, DoB, PhoneNumber, Gender, ID_Department) VALUES (180, 'Elaine Thompson', '1992-09-10', '0009848288', 'F', 4);
INSERT INTO EMPLOYEE (ID_Employee, EmployeeName, DoB, PhoneNumber, Gender, ID_Department) VALUES (181, 'Travis Harris', '1965-10-03', '3186135571', 'F', 3);
INSERT INTO EMPLOYEE (ID_Employee, EmployeeName, DoB, PhoneNumber, Gender, ID_Department) VALUES (182, 'Allen Cowan', '1992-07-07', '5901752678', 'M', 6);
INSERT INTO EMPLOYEE (ID_Employee, EmployeeName, DoB, PhoneNumber, Gender, ID_Department) VALUES (183, 'Ryan Camacho', '1997-06-30', '5466145134', 'M', 4);
INSERT INTO EMPLOYEE (ID_Employee, EmployeeName, DoB, PhoneNumber, Gender, ID_Department) VALUES (184, 'Michelle Chang', '1992-01-23', '7783838488', 'F', 6);
INSERT INTO EMPLOYEE (ID_Employee, EmployeeName, DoB, PhoneNumber, Gender, ID_Department) VALUES (185, 'Sharon Smith', '1968-11-23', '4431832452', 'F', 4);
INSERT INTO EMPLOYEE (ID_Employee, EmployeeName, DoB, PhoneNumber, Gender, ID_Department) VALUES (186, 'Ashley Morrison', '2002-01-03', '8456801910', 'F', 7);
INSERT INTO EMPLOYEE (ID_Employee, EmployeeName, DoB, PhoneNumber, Gender, ID_Department) VALUES (187, 'James Collins', '2000-04-05', '9613865473', 'M', 3);
INSERT INTO EMPLOYEE (ID_Employee, EmployeeName, DoB, PhoneNumber, Gender, ID_Department) VALUES (188, 'Carolyn Mitchell', '1987-07-30', '1719435797', 'F', 7);
INSERT INTO EMPLOYEE (ID_Employee, EmployeeName, DoB, PhoneNumber, Gender, ID_Department) VALUES (189, 'Susan Collins', '1993-09-08', '4210537386', 'F', 4);
INSERT INTO EMPLOYEE (ID_Employee, EmployeeName, DoB, PhoneNumber, Gender, ID_Department) VALUES (190, 'Christopher Jarvis', '1969-03-15', '6878622057', 'F', 5);
INSERT INTO EMPLOYEE (ID_Employee, EmployeeName, DoB, PhoneNumber, Gender, ID_Department) VALUES (191, 'Anthony Brewer', '1970-01-15', '9655310285', 'F', 4);
INSERT INTO EMPLOYEE (ID_Employee, EmployeeName, DoB, PhoneNumber, Gender, ID_Department) VALUES (192, 'Kathleen Kent', '1961-12-25', '3456460118', 'M', 3);
INSERT INTO EMPLOYEE (ID_Employee, EmployeeName, DoB, PhoneNumber, Gender, ID_Department) VALUES (193, 'Nicholas Henderson', '1982-06-16', '8385594118', 'F', 5);
INSERT INTO EMPLOYEE (ID_Employee, EmployeeName, DoB, PhoneNumber, Gender, ID_Department) VALUES (194, 'Kathy Higgins', '1973-03-03', '8253957634', 'M', 5);
INSERT INTO EMPLOYEE (ID_Employee, EmployeeName, DoB, PhoneNumber, Gender, ID_Department) VALUES (195, 'Jessica Edwards', '1966-10-07', '5160066297', 'M', 5);
INSERT INTO EMPLOYEE (ID_Employee, EmployeeName, DoB, PhoneNumber, Gender, ID_Department) VALUES (196, 'Kathleen West', '1984-10-27', '4572378014', 'M', 3);
INSERT INTO EMPLOYEE (ID_Employee, EmployeeName, DoB, PhoneNumber, Gender, ID_Department) VALUES (197, 'Kayla Snyder', '1959-08-17', '0415956019', 'M', 2);
INSERT INTO EMPLOYEE (ID_Employee, EmployeeName, DoB, PhoneNumber, Gender, ID_Department) VALUES (198, 'Derek Williams', '1978-03-26', '1067471210', 'M', 4);
INSERT INTO EMPLOYEE (ID_Employee, EmployeeName, DoB, PhoneNumber, Gender, ID_Department) VALUES (199, 'Kevin Sanchez', '1984-02-21', '3753831246', 'F', 6);
INSERT INTO EMPLOYEE (ID_Employee, EmployeeName, DoB, PhoneNumber, Gender, ID_Department) VALUES (200, 'Michelle Douglas', '1987-03-03', '1441231134', 'M', 6);
INSERT INTO EMPLOYEE (ID_Employee, EmployeeName, DoB, PhoneNumber, Gender, ID_Department) VALUES (201, 'Heidi Miller', '1987-08-09', '9117673398', 'F', 5);
INSERT INTO EMPLOYEE (ID_Employee, EmployeeName, DoB, PhoneNumber, Gender, ID_Department) VALUES (202, 'Michelle Bowen', '1999-08-07', '5115202606', 'M', 2);
INSERT INTO EMPLOYEE (ID_Employee, EmployeeName, DoB, PhoneNumber, Gender, ID_Department) VALUES (203, 'Ariel Campbell', '1987-03-12', '3952322825', 'F', 4);
INSERT INTO EMPLOYEE (ID_Employee, EmployeeName, DoB, PhoneNumber, Gender, ID_Department) VALUES (204, 'Joseph Lewis', '1983-06-20', '7246447410', 'F', 5);
INSERT INTO EMPLOYEE (ID_Employee, EmployeeName, DoB, PhoneNumber, Gender, ID_Department) VALUES (205, 'Guy Lopez', '1971-08-01', '5450776606', 'M', 3);
INSERT INTO EMPLOYEE (ID_Employee, EmployeeName, DoB, PhoneNumber, Gender, ID_Department) VALUES (206, 'Jamie Wright', '1990-10-26', '3072818790', 'M', 4);
INSERT INTO EMPLOYEE (ID_Employee, EmployeeName, DoB, PhoneNumber, Gender, ID_Department) VALUES (207, 'Angel Lowery', '1962-07-18', '2878055121', 'F', 4);
INSERT INTO EMPLOYEE (ID_Employee, EmployeeName, DoB, PhoneNumber, Gender, ID_Department) VALUES (208, 'Marie Hall', '1961-03-17', '2580555565', 'M', 7);
INSERT INTO EMPLOYEE (ID_Employee, EmployeeName, DoB, PhoneNumber, Gender, ID_Department) VALUES (209, 'Heather Love', '1963-07-07', '0185921743', 'F', 7);
INSERT INTO EMPLOYEE (ID_Employee, EmployeeName, DoB, PhoneNumber, Gender, ID_Department) VALUES (210, 'William Aguilar', '1972-02-21', '4479335602', 'M', 2);
INSERT INTO EMPLOYEE (ID_Employee, EmployeeName, DoB, PhoneNumber, Gender, ID_Department) VALUES (211, 'Jason Blackburn', '2006-01-11', '0882863203', 'F', 3);
INSERT INTO EMPLOYEE (ID_Employee, EmployeeName, DoB, PhoneNumber, Gender, ID_Department) VALUES (212, 'Megan Wade', '1986-12-22', '5077865864', 'F', 3);
INSERT INTO EMPLOYEE (ID_Employee, EmployeeName, DoB, PhoneNumber, Gender, ID_Department) VALUES (213, 'Zachary Sharp', '1962-12-10', '7279288077', 'M', 7);
INSERT INTO EMPLOYEE (ID_Employee, EmployeeName, DoB, PhoneNumber, Gender, ID_Department) VALUES (214, 'Angela Fritz', '1973-10-14', '4644188095', 'F', 3);
INSERT INTO EMPLOYEE (ID_Employee, EmployeeName, DoB, PhoneNumber, Gender, ID_Department) VALUES (215, 'David Mcdaniel', '1995-02-15', '7243525662', 'F', 3);
INSERT INTO EMPLOYEE (ID_Employee, EmployeeName, DoB, PhoneNumber, Gender, ID_Department) VALUES (216, 'Valerie Lin', '1999-07-31', '6525622095', 'F', 5);
INSERT INTO EMPLOYEE (ID_Employee, EmployeeName, DoB, PhoneNumber, Gender, ID_Department) VALUES (217, 'Glenda Cordova', '1963-08-23', '3088443947', 'F', 7);
INSERT INTO EMPLOYEE (ID_Employee, EmployeeName, DoB, PhoneNumber, Gender, ID_Department) VALUES (218, 'Lisa King', '1961-09-30', '0027254039', 'M', 4);
INSERT INTO EMPLOYEE (ID_Employee, EmployeeName, DoB, PhoneNumber, Gender, ID_Department) VALUES (219, 'Brent Hall', '1984-02-21', '5809963947', 'F', 5);
INSERT INTO EMPLOYEE (ID_Employee, EmployeeName, DoB, PhoneNumber, Gender, ID_Department) VALUES (220, 'Crystal Aguilar', '2003-11-05', '8423857589', 'M', 7);
INSERT INTO EMPLOYEE (ID_Employee, EmployeeName, DoB, PhoneNumber, Gender, ID_Department) VALUES (221, 'Angel Fisher', '1973-01-16', '1265649845', 'M', 7);
INSERT INTO EMPLOYEE (ID_Employee, EmployeeName, DoB, PhoneNumber, Gender, ID_Department) VALUES (222, 'George Smith', '1973-07-08', '3406342470', 'F', 6);
INSERT INTO EMPLOYEE (ID_Employee, EmployeeName, DoB, PhoneNumber, Gender, ID_Department) VALUES (223, 'Christopher Braun', '1985-02-13', '3624094853', 'M', 5);
INSERT INTO EMPLOYEE (ID_Employee, EmployeeName, DoB, PhoneNumber, Gender, ID_Department) VALUES (224, 'Peter Petty', '2004-02-23', '1381139629', 'M', 5);
INSERT INTO EMPLOYEE (ID_Employee, EmployeeName, DoB, PhoneNumber, Gender, ID_Department) VALUES (225, 'Dr. William Lawson', '1978-12-18', '3044135250', 'F', 4);
INSERT INTO EMPLOYEE_LEAVE_BALANCE (ID_Employee) VALUES (1);
INSERT INTO EMPLOYEE_LEAVE_BALANCE (ID_Employee) VALUES (2);
INSERT INTO EMPLOYEE_LEAVE_BALANCE (ID_Employee) VALUES (3);
INSERT INTO EMPLOYEE_LEAVE_BALANCE (ID_Employee) VALUES (4);
INSERT INTO EMPLOYEE_LEAVE_BALANCE (ID_Employee) VALUES (5);
INSERT INTO EMPLOYEE_LEAVE_BALANCE (ID_Employee) VALUES (6);
INSERT INTO EMPLOYEE_LEAVE_BALANCE (ID_Employee) VALUES (7);
INSERT INTO EMPLOYEE_LEAVE_BALANCE (ID_Employee) VALUES (8);
INSERT INTO EMPLOYEE_LEAVE_BALANCE (ID_Employee) VALUES (9);
INSERT INTO EMPLOYEE_LEAVE_BALANCE (ID_Employee) VALUES (10);
INSERT INTO EMPLOYEE_LEAVE_BALANCE (ID_Employee) VALUES (11);
INSERT INTO EMPLOYEE_LEAVE_BALANCE (ID_Employee) VALUES (12);
INSERT INTO EMPLOYEE_LEAVE_BALANCE (ID_Employee) VALUES (13);
INSERT INTO EMPLOYEE_LEAVE_BALANCE (ID_Employee) VALUES (14);
INSERT INTO EMPLOYEE_LEAVE_BALANCE (ID_Employee) VALUES (15);
INSERT INTO EMPLOYEE_LEAVE_BALANCE (ID_Employee) VALUES (16);
INSERT INTO EMPLOYEE_LEAVE_BALANCE (ID_Employee) VALUES (17);
INSERT INTO EMPLOYEE_LEAVE_BALANCE (ID_Employee) VALUES (18);
INSERT INTO EMPLOYEE_LEAVE_BALANCE (ID_Employee) VALUES (19);
INSERT INTO EMPLOYEE_LEAVE_BALANCE (ID_Employee) VALUES (20);
INSERT INTO EMPLOYEE_LEAVE_BALANCE (ID_Employee) VALUES (21);
INSERT INTO EMPLOYEE_LEAVE_BALANCE (ID_Employee) VALUES (22);
INSERT INTO EMPLOYEE_LEAVE_BALANCE (ID_Employee) VALUES (23);
INSERT INTO EMPLOYEE_LEAVE_BALANCE (ID_Employee) VALUES (24);
INSERT INTO EMPLOYEE_LEAVE_BALANCE (ID_Employee) VALUES (25);
INSERT INTO EMPLOYEE_LEAVE_BALANCE (ID_Employee) VALUES (26);
INSERT INTO EMPLOYEE_LEAVE_BALANCE (ID_Employee) VALUES (27);
INSERT INTO EMPLOYEE_LEAVE_BALANCE (ID_Employee) VALUES (28);
INSERT INTO EMPLOYEE_LEAVE_BALANCE (ID_Employee) VALUES (29);
INSERT INTO EMPLOYEE_LEAVE_BALANCE (ID_Employee) VALUES (30);
INSERT INTO EMPLOYEE_LEAVE_BALANCE (ID_Employee) VALUES (31);
INSERT INTO EMPLOYEE_LEAVE_BALANCE (ID_Employee) VALUES (32);
INSERT INTO EMPLOYEE_LEAVE_BALANCE (ID_Employee) VALUES (33);
INSERT INTO EMPLOYEE_LEAVE_BALANCE (ID_Employee) VALUES (34);
INSERT INTO EMPLOYEE_LEAVE_BALANCE (ID_Employee) VALUES (35);
INSERT INTO EMPLOYEE_LEAVE_BALANCE (ID_Employee) VALUES (36);
INSERT INTO EMPLOYEE_LEAVE_BALANCE (ID_Employee) VALUES (37);
INSERT INTO EMPLOYEE_LEAVE_BALANCE (ID_Employee) VALUES (38);
INSERT INTO EMPLOYEE_LEAVE_BALANCE (ID_Employee) VALUES (39);
INSERT INTO EMPLOYEE_LEAVE_BALANCE (ID_Employee) VALUES (40);
INSERT INTO EMPLOYEE_LEAVE_BALANCE (ID_Employee) VALUES (41);
INSERT INTO EMPLOYEE_LEAVE_BALANCE (ID_Employee) VALUES (42);
INSERT INTO EMPLOYEE_LEAVE_BALANCE (ID_Employee) VALUES (43);
INSERT INTO EMPLOYEE_LEAVE_BALANCE (ID_Employee) VALUES (44);
INSERT INTO EMPLOYEE_LEAVE_BALANCE (ID_Employee) VALUES (45);
INSERT INTO EMPLOYEE_LEAVE_BALANCE (ID_Employee) VALUES (46);
INSERT INTO EMPLOYEE_LEAVE_BALANCE (ID_Employee) VALUES (47);
INSERT INTO EMPLOYEE_LEAVE_BALANCE (ID_Employee) VALUES (48);
INSERT INTO EMPLOYEE_LEAVE_BALANCE (ID_Employee) VALUES (49);
INSERT INTO EMPLOYEE_LEAVE_BALANCE (ID_Employee) VALUES (50);
INSERT INTO EMPLOYEE_LEAVE_BALANCE (ID_Employee) VALUES (51);
INSERT INTO EMPLOYEE_LEAVE_BALANCE (ID_Employee) VALUES (52);
INSERT INTO EMPLOYEE_LEAVE_BALANCE (ID_Employee) VALUES (53);
INSERT INTO EMPLOYEE_LEAVE_BALANCE (ID_Employee) VALUES (54);
INSERT INTO EMPLOYEE_LEAVE_BALANCE (ID_Employee) VALUES (55);
INSERT INTO EMPLOYEE_LEAVE_BALANCE (ID_Employee) VALUES (56);
INSERT INTO EMPLOYEE_LEAVE_BALANCE (ID_Employee) VALUES (57);
INSERT INTO EMPLOYEE_LEAVE_BALANCE (ID_Employee) VALUES (58);
INSERT INTO EMPLOYEE_LEAVE_BALANCE (ID_Employee) VALUES (59);
INSERT INTO EMPLOYEE_LEAVE_BALANCE (ID_Employee) VALUES (60);
INSERT INTO EMPLOYEE_LEAVE_BALANCE (ID_Employee) VALUES (61);
INSERT INTO EMPLOYEE_LEAVE_BALANCE (ID_Employee) VALUES (62);
INSERT INTO EMPLOYEE_LEAVE_BALANCE (ID_Employee) VALUES (63);
INSERT INTO EMPLOYEE_LEAVE_BALANCE (ID_Employee) VALUES (64);
INSERT INTO EMPLOYEE_LEAVE_BALANCE (ID_Employee) VALUES (65);
INSERT INTO EMPLOYEE_LEAVE_BALANCE (ID_Employee) VALUES (66);
INSERT INTO EMPLOYEE_LEAVE_BALANCE (ID_Employee) VALUES (67);
INSERT INTO EMPLOYEE_LEAVE_BALANCE (ID_Employee) VALUES (68);
INSERT INTO EMPLOYEE_LEAVE_BALANCE (ID_Employee) VALUES (69);
INSERT INTO EMPLOYEE_LEAVE_BALANCE (ID_Employee) VALUES (70);
INSERT INTO EMPLOYEE_LEAVE_BALANCE (ID_Employee) VALUES (71);
INSERT INTO EMPLOYEE_LEAVE_BALANCE (ID_Employee) VALUES (72);
INSERT INTO EMPLOYEE_LEAVE_BALANCE (ID_Employee) VALUES (73);
INSERT INTO EMPLOYEE_LEAVE_BALANCE (ID_Employee) VALUES (74);
INSERT INTO EMPLOYEE_LEAVE_BALANCE (ID_Employee) VALUES (75);
INSERT INTO EMPLOYEE_LEAVE_BALANCE (ID_Employee) VALUES (76);
INSERT INTO EMPLOYEE_LEAVE_BALANCE (ID_Employee) VALUES (77);
INSERT INTO EMPLOYEE_LEAVE_BALANCE (ID_Employee) VALUES (78);
INSERT INTO EMPLOYEE_LEAVE_BALANCE (ID_Employee) VALUES (79);
INSERT INTO EMPLOYEE_LEAVE_BALANCE (ID_Employee) VALUES (80);
INSERT INTO EMPLOYEE_LEAVE_BALANCE (ID_Employee) VALUES (81);
INSERT INTO EMPLOYEE_LEAVE_BALANCE (ID_Employee) VALUES (82);
INSERT INTO EMPLOYEE_LEAVE_BALANCE (ID_Employee) VALUES (83);
INSERT INTO EMPLOYEE_LEAVE_BALANCE (ID_Employee) VALUES (84);
INSERT INTO EMPLOYEE_LEAVE_BALANCE (ID_Employee) VALUES (85);
INSERT INTO EMPLOYEE_LEAVE_BALANCE (ID_Employee) VALUES (86);
INSERT INTO EMPLOYEE_LEAVE_BALANCE (ID_Employee) VALUES (87);
INSERT INTO EMPLOYEE_LEAVE_BALANCE (ID_Employee) VALUES (88);
INSERT INTO EMPLOYEE_LEAVE_BALANCE (ID_Employee) VALUES (89);
INSERT INTO EMPLOYEE_LEAVE_BALANCE (ID_Employee) VALUES (90);
INSERT INTO EMPLOYEE_LEAVE_BALANCE (ID_Employee) VALUES (91);
INSERT INTO EMPLOYEE_LEAVE_BALANCE (ID_Employee) VALUES (92);
INSERT INTO EMPLOYEE_LEAVE_BALANCE (ID_Employee) VALUES (93);
INSERT INTO EMPLOYEE_LEAVE_BALANCE (ID_Employee) VALUES (94);
INSERT INTO EMPLOYEE_LEAVE_BALANCE (ID_Employee) VALUES (95);
INSERT INTO EMPLOYEE_LEAVE_BALANCE (ID_Employee) VALUES (96);
INSERT INTO EMPLOYEE_LEAVE_BALANCE (ID_Employee) VALUES (97);
INSERT INTO EMPLOYEE_LEAVE_BALANCE (ID_Employee) VALUES (98);
INSERT INTO EMPLOYEE_LEAVE_BALANCE (ID_Employee) VALUES (99);
INSERT INTO EMPLOYEE_LEAVE_BALANCE (ID_Employee) VALUES (100);
INSERT INTO EMPLOYEE_LEAVE_BALANCE (ID_Employee) VALUES (101);
INSERT INTO EMPLOYEE_LEAVE_BALANCE (ID_Employee) VALUES (102);
INSERT INTO EMPLOYEE_LEAVE_BALANCE (ID_Employee) VALUES (103);
INSERT INTO EMPLOYEE_LEAVE_BALANCE (ID_Employee) VALUES (104);
INSERT INTO EMPLOYEE_LEAVE_BALANCE (ID_Employee) VALUES (105);
INSERT INTO EMPLOYEE_LEAVE_BALANCE (ID_Employee) VALUES (106);
INSERT INTO EMPLOYEE_LEAVE_BALANCE (ID_Employee) VALUES (107);
INSERT INTO EMPLOYEE_LEAVE_BALANCE (ID_Employee) VALUES (108);
INSERT INTO EMPLOYEE_LEAVE_BALANCE (ID_Employee) VALUES (109);
INSERT INTO EMPLOYEE_LEAVE_BALANCE (ID_Employee) VALUES (110);
INSERT INTO EMPLOYEE_LEAVE_BALANCE (ID_Employee) VALUES (111);
INSERT INTO EMPLOYEE_LEAVE_BALANCE (ID_Employee) VALUES (112);
INSERT INTO EMPLOYEE_LEAVE_BALANCE (ID_Employee) VALUES (113);
INSERT INTO EMPLOYEE_LEAVE_BALANCE (ID_Employee) VALUES (114);
INSERT INTO EMPLOYEE_LEAVE_BALANCE (ID_Employee) VALUES (115);
INSERT INTO EMPLOYEE_LEAVE_BALANCE (ID_Employee) VALUES (116);
INSERT INTO EMPLOYEE_LEAVE_BALANCE (ID_Employee) VALUES (117);
INSERT INTO EMPLOYEE_LEAVE_BALANCE (ID_Employee) VALUES (118);
INSERT INTO EMPLOYEE_LEAVE_BALANCE (ID_Employee) VALUES (119);
INSERT INTO EMPLOYEE_LEAVE_BALANCE (ID_Employee) VALUES (120);
INSERT INTO EMPLOYEE_LEAVE_BALANCE (ID_Employee) VALUES (121);
INSERT INTO EMPLOYEE_LEAVE_BALANCE (ID_Employee) VALUES (122);
INSERT INTO EMPLOYEE_LEAVE_BALANCE (ID_Employee) VALUES (123);
INSERT INTO EMPLOYEE_LEAVE_BALANCE (ID_Employee) VALUES (124);
INSERT INTO EMPLOYEE_LEAVE_BALANCE (ID_Employee) VALUES (125);
INSERT INTO EMPLOYEE_LEAVE_BALANCE (ID_Employee) VALUES (126);
INSERT INTO EMPLOYEE_LEAVE_BALANCE (ID_Employee) VALUES (127);
INSERT INTO EMPLOYEE_LEAVE_BALANCE (ID_Employee) VALUES (128);
INSERT INTO EMPLOYEE_LEAVE_BALANCE (ID_Employee) VALUES (129);
INSERT INTO EMPLOYEE_LEAVE_BALANCE (ID_Employee) VALUES (130);
INSERT INTO EMPLOYEE_LEAVE_BALANCE (ID_Employee) VALUES (131);
INSERT INTO EMPLOYEE_LEAVE_BALANCE (ID_Employee) VALUES (132);
INSERT INTO EMPLOYEE_LEAVE_BALANCE (ID_Employee) VALUES (133);
INSERT INTO EMPLOYEE_LEAVE_BALANCE (ID_Employee) VALUES (134);
INSERT INTO EMPLOYEE_LEAVE_BALANCE (ID_Employee) VALUES (135);
INSERT INTO EMPLOYEE_LEAVE_BALANCE (ID_Employee) VALUES (136);
INSERT INTO EMPLOYEE_LEAVE_BALANCE (ID_Employee) VALUES (137);
INSERT INTO EMPLOYEE_LEAVE_BALANCE (ID_Employee) VALUES (138);
INSERT INTO EMPLOYEE_LEAVE_BALANCE (ID_Employee) VALUES (139);
INSERT INTO EMPLOYEE_LEAVE_BALANCE (ID_Employee) VALUES (140);
INSERT INTO EMPLOYEE_LEAVE_BALANCE (ID_Employee) VALUES (141);
INSERT INTO EMPLOYEE_LEAVE_BALANCE (ID_Employee) VALUES (142);
INSERT INTO EMPLOYEE_LEAVE_BALANCE (ID_Employee) VALUES (143);
INSERT INTO EMPLOYEE_LEAVE_BALANCE (ID_Employee) VALUES (144);
INSERT INTO EMPLOYEE_LEAVE_BALANCE (ID_Employee) VALUES (145);
INSERT INTO EMPLOYEE_LEAVE_BALANCE (ID_Employee) VALUES (146);
INSERT INTO EMPLOYEE_LEAVE_BALANCE (ID_Employee) VALUES (147);
INSERT INTO EMPLOYEE_LEAVE_BALANCE (ID_Employee) VALUES (148);
INSERT INTO EMPLOYEE_LEAVE_BALANCE (ID_Employee) VALUES (149);
INSERT INTO EMPLOYEE_LEAVE_BALANCE (ID_Employee) VALUES (150);
INSERT INTO EMPLOYEE_LEAVE_BALANCE (ID_Employee) VALUES (151);
INSERT INTO EMPLOYEE_LEAVE_BALANCE (ID_Employee) VALUES (152);
INSERT INTO EMPLOYEE_LEAVE_BALANCE (ID_Employee) VALUES (153);
INSERT INTO EMPLOYEE_LEAVE_BALANCE (ID_Employee) VALUES (154);
INSERT INTO EMPLOYEE_LEAVE_BALANCE (ID_Employee) VALUES (155);
INSERT INTO EMPLOYEE_LEAVE_BALANCE (ID_Employee) VALUES (156);
INSERT INTO EMPLOYEE_LEAVE_BALANCE (ID_Employee) VALUES (157);
INSERT INTO EMPLOYEE_LEAVE_BALANCE (ID_Employee) VALUES (158);
INSERT INTO EMPLOYEE_LEAVE_BALANCE (ID_Employee) VALUES (159);
INSERT INTO EMPLOYEE_LEAVE_BALANCE (ID_Employee) VALUES (160);
INSERT INTO EMPLOYEE_LEAVE_BALANCE (ID_Employee) VALUES (161);
INSERT INTO EMPLOYEE_LEAVE_BALANCE (ID_Employee) VALUES (162);
INSERT INTO EMPLOYEE_LEAVE_BALANCE (ID_Employee) VALUES (163);
INSERT INTO EMPLOYEE_LEAVE_BALANCE (ID_Employee) VALUES (164);
INSERT INTO EMPLOYEE_LEAVE_BALANCE (ID_Employee) VALUES (165);
INSERT INTO EMPLOYEE_LEAVE_BALANCE (ID_Employee) VALUES (166);
INSERT INTO EMPLOYEE_LEAVE_BALANCE (ID_Employee) VALUES (167);
INSERT INTO EMPLOYEE_LEAVE_BALANCE (ID_Employee) VALUES (168);
INSERT INTO EMPLOYEE_LEAVE_BALANCE (ID_Employee) VALUES (169);
INSERT INTO EMPLOYEE_LEAVE_BALANCE (ID_Employee) VALUES (170);
INSERT INTO EMPLOYEE_LEAVE_BALANCE (ID_Employee) VALUES (171);
INSERT INTO EMPLOYEE_LEAVE_BALANCE (ID_Employee) VALUES (172);
INSERT INTO EMPLOYEE_LEAVE_BALANCE (ID_Employee) VALUES (173);
INSERT INTO EMPLOYEE_LEAVE_BALANCE (ID_Employee) VALUES (174);
INSERT INTO EMPLOYEE_LEAVE_BALANCE (ID_Employee) VALUES (175);
INSERT INTO EMPLOYEE_LEAVE_BALANCE (ID_Employee) VALUES (176);
INSERT INTO EMPLOYEE_LEAVE_BALANCE (ID_Employee) VALUES (177);
INSERT INTO EMPLOYEE_LEAVE_BALANCE (ID_Employee) VALUES (178);
INSERT INTO EMPLOYEE_LEAVE_BALANCE (ID_Employee) VALUES (179);
INSERT INTO EMPLOYEE_LEAVE_BALANCE (ID_Employee) VALUES (180);
INSERT INTO EMPLOYEE_LEAVE_BALANCE (ID_Employee) VALUES (181);
INSERT INTO EMPLOYEE_LEAVE_BALANCE (ID_Employee) VALUES (182);
INSERT INTO EMPLOYEE_LEAVE_BALANCE (ID_Employee) VALUES (183);
INSERT INTO EMPLOYEE_LEAVE_BALANCE (ID_Employee) VALUES (184);
INSERT INTO EMPLOYEE_LEAVE_BALANCE (ID_Employee) VALUES (185);
INSERT INTO EMPLOYEE_LEAVE_BALANCE (ID_Employee) VALUES (186);
INSERT INTO EMPLOYEE_LEAVE_BALANCE (ID_Employee) VALUES (187);
INSERT INTO EMPLOYEE_LEAVE_BALANCE (ID_Employee) VALUES (188);
INSERT INTO EMPLOYEE_LEAVE_BALANCE (ID_Employee) VALUES (189);
INSERT INTO EMPLOYEE_LEAVE_BALANCE (ID_Employee) VALUES (190);
INSERT INTO EMPLOYEE_LEAVE_BALANCE (ID_Employee) VALUES (191);
INSERT INTO EMPLOYEE_LEAVE_BALANCE (ID_Employee) VALUES (192);
INSERT INTO EMPLOYEE_LEAVE_BALANCE (ID_Employee) VALUES (193);
INSERT INTO EMPLOYEE_LEAVE_BALANCE (ID_Employee) VALUES (194);
INSERT INTO EMPLOYEE_LEAVE_BALANCE (ID_Employee) VALUES (195);
INSERT INTO EMPLOYEE_LEAVE_BALANCE (ID_Employee) VALUES (196);
INSERT INTO EMPLOYEE_LEAVE_BALANCE (ID_Employee) VALUES (197);
INSERT INTO EMPLOYEE_LEAVE_BALANCE (ID_Employee) VALUES (198);
INSERT INTO EMPLOYEE_LEAVE_BALANCE (ID_Employee) VALUES (199);
INSERT INTO EMPLOYEE_LEAVE_BALANCE (ID_Employee) VALUES (200);
INSERT INTO EMPLOYEE_LEAVE_BALANCE (ID_Employee) VALUES (201);
INSERT INTO EMPLOYEE_LEAVE_BALANCE (ID_Employee) VALUES (202);
INSERT INTO EMPLOYEE_LEAVE_BALANCE (ID_Employee) VALUES (203);
INSERT INTO EMPLOYEE_LEAVE_BALANCE (ID_Employee) VALUES (204);
INSERT INTO EMPLOYEE_LEAVE_BALANCE (ID_Employee) VALUES (205);
INSERT INTO EMPLOYEE_LEAVE_BALANCE (ID_Employee) VALUES (206);
INSERT INTO EMPLOYEE_LEAVE_BALANCE (ID_Employee) VALUES (207);
INSERT INTO EMPLOYEE_LEAVE_BALANCE (ID_Employee) VALUES (208);
INSERT INTO EMPLOYEE_LEAVE_BALANCE (ID_Employee) VALUES (209);
INSERT INTO EMPLOYEE_LEAVE_BALANCE (ID_Employee) VALUES (210);
INSERT INTO EMPLOYEE_LEAVE_BALANCE (ID_Employee) VALUES (211);
INSERT INTO EMPLOYEE_LEAVE_BALANCE (ID_Employee) VALUES (212);
INSERT INTO EMPLOYEE_LEAVE_BALANCE (ID_Employee) VALUES (213);
INSERT INTO EMPLOYEE_LEAVE_BALANCE (ID_Employee) VALUES (214);
INSERT INTO EMPLOYEE_LEAVE_BALANCE (ID_Employee) VALUES (215);
INSERT INTO EMPLOYEE_LEAVE_BALANCE (ID_Employee) VALUES (216);
INSERT INTO EMPLOYEE_LEAVE_BALANCE (ID_Employee) VALUES (217);
INSERT INTO EMPLOYEE_LEAVE_BALANCE (ID_Employee) VALUES (218);
INSERT INTO EMPLOYEE_LEAVE_BALANCE (ID_Employee) VALUES (219);
INSERT INTO EMPLOYEE_LEAVE_BALANCE (ID_Employee) VALUES (220);
INSERT INTO EMPLOYEE_LEAVE_BALANCE (ID_Employee) VALUES (221);
INSERT INTO EMPLOYEE_LEAVE_BALANCE (ID_Employee) VALUES (222);
INSERT INTO EMPLOYEE_LEAVE_BALANCE (ID_Employee) VALUES (223);
INSERT INTO EMPLOYEE_LEAVE_BALANCE (ID_Employee) VALUES (224);
INSERT INTO EMPLOYEE_LEAVE_BALANCE (ID_Employee) VALUES (225);
INSERT INTO BRANCH (ID_Branch, BranchName, Address, PhoneNumber, OpeningHour, CloseHour, ID_Area, ID_Employee) VALUES (1, 'Dark Sushi Spot', '742 Williams Ridges Suite 625', '5019063105', '09:00:00', '18:00:00', 4, 3);
INSERT INTO BRANCH (ID_Branch, BranchName, Address, PhoneNumber, OpeningHour, CloseHour, ID_Area, ID_Employee) VALUES (2, 'Set Sushi Hub', '822 Salas Lights', '0390987085', '06:00:00', '19:00:00', 4, 8);
INSERT INTO BRANCH (ID_Branch, BranchName, Address, PhoneNumber, OpeningHour, CloseHour, ID_Area, ID_Employee) VALUES (3, 'Effect Sushi World', '487 Johnny Via', '8623974149', '06:00:00', '23:00:00', 3, 5);
INSERT INTO BRANCH (ID_Branch, BranchName, Address, PhoneNumber, OpeningHour, CloseHour, ID_Area, ID_Employee) VALUES (4, 'Course Sushi Garden', '56396 Nicholas Lakes', '7518731101', '08:00:00', '22:00:00', 1, 7);
INSERT INTO BRANCH (ID_Branch, BranchName, Address, PhoneNumber, OpeningHour, CloseHour, ID_Area, ID_Employee) VALUES (5, 'Low Sushi Bar', '9129 Ralph Dam', '7051461370', '12:00:00', '21:00:00', 3, 13);
INSERT INTO BRANCH (ID_Branch, BranchName, Address, PhoneNumber, OpeningHour, CloseHour, ID_Area, ID_Employee) VALUES (6, 'Father Sushi Island', '86958 Lisa Falls', '9879508353', '10:00:00', '20:00:00', 3, 9);
INSERT INTO BRANCH (ID_Branch, BranchName, Address, PhoneNumber, OpeningHour, CloseHour, ID_Area, ID_Employee) VALUES (7, 'Product Sushi Factory', '0097 Sheri Parks Suite 817', '2992422424', '09:00:00', '19:00:00', 4, 12);
INSERT INTO BRANCH (ID_Branch, BranchName, Address, PhoneNumber, OpeningHour, CloseHour, ID_Area, ID_Employee) VALUES (8, 'Successful Sushi Hub', '2563 Mccullough Ranch Apt. 809', '3820238120', '08:00:00', '22:00:00', 3, 14);
INSERT INTO BRANCH (ID_Branch, BranchName, Address, PhoneNumber, OpeningHour, CloseHour, ID_Area, ID_Employee) VALUES (9, 'Design Sushi World', '16355 Carolyn Mill Apt. 767', '0232231448', '12:00:00', '18:00:00', 1, 6);
INSERT INTO BRANCH (ID_Branch, BranchName, Address, PhoneNumber, OpeningHour, CloseHour, ID_Area, ID_Employee) VALUES (10, 'Management Sushi Palace', '526 Brown Knolls', '7101239133', '11:00:00', '20:00:00', 1, 11);
INSERT INTO BRANCH (ID_Branch, BranchName, Address, PhoneNumber, OpeningHour, CloseHour, ID_Area, ID_Employee) VALUES (11, 'Without Sushi Spot', '622 Snyder Mews Apt. 218', '2593119442', '07:00:00', '20:00:00', 4, 4);
INSERT INTO BRANCH (ID_Branch, BranchName, Address, PhoneNumber, OpeningHour, CloseHour, ID_Area, ID_Employee) VALUES (12, 'Blood Sushi Hub', '37259 Bennett Point Suite 531', '8715144313', '06:00:00', '23:00:00', 3, 10);
INSERT INTO BRANCH (ID_Branch, BranchName, Address, PhoneNumber, OpeningHour, CloseHour, ID_Area, ID_Employee) VALUES (13, 'Goal Sushi Corner', '232 Howell Islands', '6242493793', '11:00:00', '23:00:00', 2, 2);
INSERT INTO BRANCH (ID_Branch, BranchName, Address, PhoneNumber, OpeningHour, CloseHour, ID_Area, ID_Employee) VALUES (14, 'Cup Sushi World', '2557 Barnes Unions Apt. 710', '8957700821', '09:00:00', '23:00:00', 3, 1);
INSERT INTO BRANCH (ID_Branch, BranchName, Address, PhoneNumber, OpeningHour, CloseHour, ID_Area, ID_Employee) VALUES (15, 'Out Sushi Corner', '343 Meghan Springs', '2504281463', '11:00:00', '21:00:00', 4, 15);
INSERT INTO EMP_BRANCH_HISTORY (ID_Employee, ID_Branch, StartDate, EndDate) VALUES (80, 6, '2024-08-23', 'NULL');
INSERT INTO EMP_BRANCH_HISTORY (ID_Employee, ID_Branch, StartDate, EndDate) VALUES (96, 14, '2023-02-02', 'NULL');
INSERT INTO EMP_BRANCH_HISTORY (ID_Employee, ID_Branch, StartDate, EndDate) VALUES (120, 6, '2024-06-16', 'NULL');
INSERT INTO EMP_BRANCH_HISTORY (ID_Employee, ID_Branch, StartDate, EndDate) VALUES (96, 1, '2023-02-09', 'NULL');
INSERT INTO EMP_BRANCH_HISTORY (ID_Employee, ID_Branch, StartDate, EndDate) VALUES (148, 6, '2024-03-01', 'NULL');
INSERT INTO EMP_BRANCH_HISTORY (ID_Employee, ID_Branch, StartDate, EndDate) VALUES (164, 3, '2024-01-13', 'NULL');
INSERT INTO EMP_BRANCH_HISTORY (ID_Employee, ID_Branch, StartDate, EndDate) VALUES (154, 2, '2023-11-06', 'NULL');
INSERT INTO EMP_BRANCH_HISTORY (ID_Employee, ID_Branch, StartDate, EndDate) VALUES (51, 4, '2023-10-25', 'NULL');
INSERT INTO EMP_BRANCH_HISTORY (ID_Employee, ID_Branch, StartDate, EndDate) VALUES (93, 10, '2024-08-12', '2024-12-18');
INSERT INTO EMP_BRANCH_HISTORY (ID_Employee, ID_Branch, StartDate, EndDate) VALUES (124, 3, '2023-06-13', 'NULL');
INSERT INTO EMP_BRANCH_HISTORY (ID_Employee, ID_Branch, StartDate, EndDate) VALUES (119, 13, '2023-07-30', '2024-12-18');
INSERT INTO EMP_BRANCH_HISTORY (ID_Employee, ID_Branch, StartDate, EndDate) VALUES (119, 3, '2023-12-27', 'NULL');
INSERT INTO EMP_BRANCH_HISTORY (ID_Employee, ID_Branch, StartDate, EndDate) VALUES (193, 4, '2024-09-11', 'NULL');
INSERT INTO EMP_BRANCH_HISTORY (ID_Employee, ID_Branch, StartDate, EndDate) VALUES (180, 3, '2024-09-20', 'NULL');
INSERT INTO EMP_BRANCH_HISTORY (ID_Employee, ID_Branch, StartDate, EndDate) VALUES (4, 13, '2023-12-18', 'NULL');
INSERT INTO EMP_BRANCH_HISTORY (ID_Employee, ID_Branch, StartDate, EndDate) VALUES (40, 5, '2023-05-28', '2024-12-18');
INSERT INTO EMP_BRANCH_HISTORY (ID_Employee, ID_Branch, StartDate, EndDate) VALUES (206, 3, '2024-02-13', 'NULL');
INSERT INTO EMP_BRANCH_HISTORY (ID_Employee, ID_Branch, StartDate, EndDate) VALUES (162, 8, '2023-09-26', 'NULL');
INSERT INTO EMP_BRANCH_HISTORY (ID_Employee, ID_Branch, StartDate, EndDate) VALUES (143, 6, '2023-08-02', 'NULL');
INSERT INTO EMP_BRANCH_HISTORY (ID_Employee, ID_Branch, StartDate, EndDate) VALUES (117, 14, '2023-08-23', 'NULL');
INSERT INTO EMP_BRANCH_HISTORY (ID_Employee, ID_Branch, StartDate, EndDate) VALUES (44, 9, '2023-04-26', 'NULL');
INSERT INTO EMP_BRANCH_HISTORY (ID_Employee, ID_Branch, StartDate, EndDate) VALUES (175, 6, '2023-07-10', 'NULL');
INSERT INTO EMP_BRANCH_HISTORY (ID_Employee, ID_Branch, StartDate, EndDate) VALUES (159, 1, '2024-04-19', 'NULL');
INSERT INTO EMP_BRANCH_HISTORY (ID_Employee, ID_Branch, StartDate, EndDate) VALUES (84, 12, '2023-02-28', 'NULL');
INSERT INTO EMP_BRANCH_HISTORY (ID_Employee, ID_Branch, StartDate, EndDate) VALUES (95, 9, '2023-10-16', 'NULL');
INSERT INTO EMP_BRANCH_HISTORY (ID_Employee, ID_Branch, StartDate, EndDate) VALUES (214, 12, '2024-05-29', 'NULL');
INSERT INTO EMP_BRANCH_HISTORY (ID_Employee, ID_Branch, StartDate, EndDate) VALUES (90, 7, '2024-11-11', '2024-12-18');
INSERT INTO EMP_BRANCH_HISTORY (ID_Employee, ID_Branch, StartDate, EndDate) VALUES (138, 13, '2023-07-06', 'NULL');
INSERT INTO EMP_BRANCH_HISTORY (ID_Employee, ID_Branch, StartDate, EndDate) VALUES (33, 5, '2024-01-20', '2024-12-18');
INSERT INTO EMP_BRANCH_HISTORY (ID_Employee, ID_Branch, StartDate, EndDate) VALUES (3, 12, '2024-08-17', 'NULL');
INSERT INTO EMP_BRANCH_HISTORY (ID_Employee, ID_Branch, StartDate, EndDate) VALUES (57, 13, '2024-03-21', 'NULL');
INSERT INTO EMP_BRANCH_HISTORY (ID_Employee, ID_Branch, StartDate, EndDate) VALUES (28, 3, '2023-05-04', 'NULL');
INSERT INTO EMP_BRANCH_HISTORY (ID_Employee, ID_Branch, StartDate, EndDate) VALUES (112, 5, '2024-06-08', 'NULL');
INSERT INTO EMP_BRANCH_HISTORY (ID_Employee, ID_Branch, StartDate, EndDate) VALUES (103, 5, '2023-06-24', 'NULL');
INSERT INTO EMP_BRANCH_HISTORY (ID_Employee, ID_Branch, StartDate, EndDate) VALUES (205, 13, '2024-02-23', 'NULL');
INSERT INTO EMP_BRANCH_HISTORY (ID_Employee, ID_Branch, StartDate, EndDate) VALUES (184, 3, '2024-01-15', 'NULL');
INSERT INTO EMP_BRANCH_HISTORY (ID_Employee, ID_Branch, StartDate, EndDate) VALUES (15, 13, '2023-05-30', 'NULL');
INSERT INTO EMP_BRANCH_HISTORY (ID_Employee, ID_Branch, StartDate, EndDate) VALUES (63, 3, '2023-02-20', 'NULL');
INSERT INTO EMP_BRANCH_HISTORY (ID_Employee, ID_Branch, StartDate, EndDate) VALUES (3, 14, '2024-08-10', 'NULL');
INSERT INTO EMP_BRANCH_HISTORY (ID_Employee, ID_Branch, StartDate, EndDate) VALUES (88, 1, '2024-01-05', 'NULL');
INSERT INTO EMP_BRANCH_HISTORY (ID_Employee, ID_Branch, StartDate, EndDate) VALUES (108, 15, '2024-05-03', 'NULL');
INSERT INTO EMP_BRANCH_HISTORY (ID_Employee, ID_Branch, StartDate, EndDate) VALUES (192, 5, '2024-03-17', '2024-12-18');
INSERT INTO EMP_BRANCH_HISTORY (ID_Employee, ID_Branch, StartDate, EndDate) VALUES (8, 4, '2024-04-24', 'NULL');
INSERT INTO EMP_BRANCH_HISTORY (ID_Employee, ID_Branch, StartDate, EndDate) VALUES (29, 3, '2023-05-07', '2024-12-18');
INSERT INTO EMP_BRANCH_HISTORY (ID_Employee, ID_Branch, StartDate, EndDate) VALUES (137, 6, '2024-02-09', 'NULL');
INSERT INTO EMP_BRANCH_HISTORY (ID_Employee, ID_Branch, StartDate, EndDate) VALUES (131, 15, '2023-01-18', 'NULL');
INSERT INTO EMP_BRANCH_HISTORY (ID_Employee, ID_Branch, StartDate, EndDate) VALUES (124, 15, '2024-11-06', 'NULL');
INSERT INTO EMP_BRANCH_HISTORY (ID_Employee, ID_Branch, StartDate, EndDate) VALUES (91, 3, '2024-03-12', 'NULL');
INSERT INTO EMP_BRANCH_HISTORY (ID_Employee, ID_Branch, StartDate, EndDate) VALUES (120, 8, '2023-04-07', 'NULL');
INSERT INTO EMP_BRANCH_HISTORY (ID_Employee, ID_Branch, StartDate, EndDate) VALUES (219, 6, '2023-09-10', 'NULL');
INSERT INTO EMP_BRANCH_HISTORY (ID_Employee, ID_Branch, StartDate, EndDate) VALUES (193, 3, '2023-04-29', 'NULL');
INSERT INTO EMP_BRANCH_HISTORY (ID_Employee, ID_Branch, StartDate, EndDate) VALUES (209, 13, '2023-04-29', 'NULL');
INSERT INTO EMP_BRANCH_HISTORY (ID_Employee, ID_Branch, StartDate, EndDate) VALUES (59, 9, '2024-04-01', 'NULL');
INSERT INTO EMP_BRANCH_HISTORY (ID_Employee, ID_Branch, StartDate, EndDate) VALUES (39, 15, '2023-01-19', 'NULL');
INSERT INTO EMP_BRANCH_HISTORY (ID_Employee, ID_Branch, StartDate, EndDate) VALUES (173, 4, '2024-04-09', '2024-12-18');
INSERT INTO EMP_BRANCH_HISTORY (ID_Employee, ID_Branch, StartDate, EndDate) VALUES (135, 7, '2024-09-23', 'NULL');
INSERT INTO EMP_BRANCH_HISTORY (ID_Employee, ID_Branch, StartDate, EndDate) VALUES (141, 10, '2023-03-14', 'NULL');
INSERT INTO EMP_BRANCH_HISTORY (ID_Employee, ID_Branch, StartDate, EndDate) VALUES (149, 15, '2023-06-11', 'NULL');
INSERT INTO EMP_BRANCH_HISTORY (ID_Employee, ID_Branch, StartDate, EndDate) VALUES (150, 15, '2024-05-30', 'NULL');
INSERT INTO EMP_BRANCH_HISTORY (ID_Employee, ID_Branch, StartDate, EndDate) VALUES (190, 11, '2024-12-10', 'NULL');
INSERT INTO EMP_BRANCH_HISTORY (ID_Employee, ID_Branch, StartDate, EndDate) VALUES (37, 12, '2024-03-05', 'NULL');
INSERT INTO EMP_BRANCH_HISTORY (ID_Employee, ID_Branch, StartDate, EndDate) VALUES (158, 8, '2023-05-10', 'NULL');
INSERT INTO EMP_BRANCH_HISTORY (ID_Employee, ID_Branch, StartDate, EndDate) VALUES (3, 3, '2024-10-17', 'NULL');
INSERT INTO EMP_BRANCH_HISTORY (ID_Employee, ID_Branch, StartDate, EndDate) VALUES (172, 5, '2024-12-13', 'NULL');
INSERT INTO EMP_BRANCH_HISTORY (ID_Employee, ID_Branch, StartDate, EndDate) VALUES (39, 4, '2024-12-07', 'NULL');
INSERT INTO EMP_BRANCH_HISTORY (ID_Employee, ID_Branch, StartDate, EndDate) VALUES (168, 1, '2024-10-27', 'NULL');
INSERT INTO EMP_BRANCH_HISTORY (ID_Employee, ID_Branch, StartDate, EndDate) VALUES (16, 3, '2023-04-09', 'NULL');
INSERT INTO EMP_BRANCH_HISTORY (ID_Employee, ID_Branch, StartDate, EndDate) VALUES (169, 7, '2024-02-19', '2024-12-18');
INSERT INTO EMP_BRANCH_HISTORY (ID_Employee, ID_Branch, StartDate, EndDate) VALUES (45, 5, '2024-02-08', 'NULL');
INSERT INTO EMP_BRANCH_HISTORY (ID_Employee, ID_Branch, StartDate, EndDate) VALUES (72, 14, '2023-05-24', '2024-12-18');
INSERT INTO EMP_BRANCH_HISTORY (ID_Employee, ID_Branch, StartDate, EndDate) VALUES (115, 12, '2024-04-09', 'NULL');
INSERT INTO EMP_BRANCH_HISTORY (ID_Employee, ID_Branch, StartDate, EndDate) VALUES (10, 13, '2023-12-27', 'NULL');
INSERT INTO EMP_BRANCH_HISTORY (ID_Employee, ID_Branch, StartDate, EndDate) VALUES (74, 5, '2023-08-10', '2024-12-18');
INSERT INTO EMP_BRANCH_HISTORY (ID_Employee, ID_Branch, StartDate, EndDate) VALUES (26, 15, '2023-11-12', 'NULL');
INSERT INTO EMP_BRANCH_HISTORY (ID_Employee, ID_Branch, StartDate, EndDate) VALUES (183, 11, '2023-08-12', 'NULL');
INSERT INTO EMP_BRANCH_HISTORY (ID_Employee, ID_Branch, StartDate, EndDate) VALUES (198, 3, '2023-02-09', '2024-12-18');
INSERT INTO EMP_BRANCH_HISTORY (ID_Employee, ID_Branch, StartDate, EndDate) VALUES (192, 14, '2023-09-16', 'NULL');
INSERT INTO EMP_BRANCH_HISTORY (ID_Employee, ID_Branch, StartDate, EndDate) VALUES (148, 15, '2024-02-17', 'NULL');
INSERT INTO EMP_BRANCH_HISTORY (ID_Employee, ID_Branch, StartDate, EndDate) VALUES (44, 12, '2023-12-25', 'NULL');
INSERT INTO EMP_BRANCH_HISTORY (ID_Employee, ID_Branch, StartDate, EndDate) VALUES (126, 8, '2024-01-20', 'NULL');
INSERT INTO EMP_BRANCH_HISTORY (ID_Employee, ID_Branch, StartDate, EndDate) VALUES (163, 15, '2024-11-30', 'NULL');
INSERT INTO EMP_BRANCH_HISTORY (ID_Employee, ID_Branch, StartDate, EndDate) VALUES (59, 10, '2023-04-26', 'NULL');
INSERT INTO EMP_BRANCH_HISTORY (ID_Employee, ID_Branch, StartDate, EndDate) VALUES (50, 10, '2023-08-20', '2024-12-18');
INSERT INTO EMP_BRANCH_HISTORY (ID_Employee, ID_Branch, StartDate, EndDate) VALUES (209, 3, '2023-08-07', 'NULL');
INSERT INTO EMP_BRANCH_HISTORY (ID_Employee, ID_Branch, StartDate, EndDate) VALUES (218, 15, '2024-10-05', 'NULL');
INSERT INTO EMP_BRANCH_HISTORY (ID_Employee, ID_Branch, StartDate, EndDate) VALUES (151, 2, '2023-07-26', '2024-12-18');
INSERT INTO EMP_BRANCH_HISTORY (ID_Employee, ID_Branch, StartDate, EndDate) VALUES (50, 13, '2024-03-20', 'NULL');
INSERT INTO EMP_BRANCH_HISTORY (ID_Employee, ID_Branch, StartDate, EndDate) VALUES (166, 10, '2024-08-19', 'NULL');
INSERT INTO EMP_BRANCH_HISTORY (ID_Employee, ID_Branch, StartDate, EndDate) VALUES (177, 4, '2023-09-17', 'NULL');
INSERT INTO EMP_BRANCH_HISTORY (ID_Employee, ID_Branch, StartDate, EndDate) VALUES (223, 5, '2023-10-25', 'NULL');
INSERT INTO EMP_BRANCH_HISTORY (ID_Employee, ID_Branch, StartDate, EndDate) VALUES (17, 9, '2024-08-20', 'NULL');
INSERT INTO EMP_BRANCH_HISTORY (ID_Employee, ID_Branch, StartDate, EndDate) VALUES (206, 8, '2023-11-10', 'NULL');
INSERT INTO EMP_BRANCH_HISTORY (ID_Employee, ID_Branch, StartDate, EndDate) VALUES (177, 11, '2024-12-10', 'NULL');
INSERT INTO EMP_BRANCH_HISTORY (ID_Employee, ID_Branch, StartDate, EndDate) VALUES (73, 15, '2023-07-14', 'NULL');
INSERT INTO EMP_BRANCH_HISTORY (ID_Employee, ID_Branch, StartDate, EndDate) VALUES (44, 4, '2024-06-15', '2024-12-18');
INSERT INTO EMP_BRANCH_HISTORY (ID_Employee, ID_Branch, StartDate, EndDate) VALUES (42, 4, '2024-03-01', 'NULL');
INSERT INTO EMP_BRANCH_HISTORY (ID_Employee, ID_Branch, StartDate, EndDate) VALUES (176, 11, '2023-03-28', 'NULL');
INSERT INTO EMP_BRANCH_HISTORY (ID_Employee, ID_Branch, StartDate, EndDate) VALUES (44, 7, '2023-11-14', 'NULL');
INSERT INTO EMP_BRANCH_HISTORY (ID_Employee, ID_Branch, StartDate, EndDate) VALUES (47, 11, '2024-05-13', 'NULL');
INSERT INTO EMP_BRANCH_HISTORY (ID_Employee, ID_Branch, StartDate, EndDate) VALUES (120, 10, '2024-11-29', '2024-12-18');
INSERT INTO EMP_BRANCH_HISTORY (ID_Employee, ID_Branch, StartDate, EndDate) VALUES (157, 1, '2024-07-31', 'NULL');
INSERT INTO EMP_BRANCH_HISTORY (ID_Employee, ID_Branch, StartDate, EndDate) VALUES (162, 9, '2024-04-24', 'NULL');
INSERT INTO EMP_BRANCH_HISTORY (ID_Employee, ID_Branch, StartDate, EndDate) VALUES (23, 3, '2023-08-23', 'NULL');
INSERT INTO EMP_BRANCH_HISTORY (ID_Employee, ID_Branch, StartDate, EndDate) VALUES (205, 8, '2024-04-11', 'NULL');
INSERT INTO EMP_BRANCH_HISTORY (ID_Employee, ID_Branch, StartDate, EndDate) VALUES (154, 3, '2024-09-06', 'NULL');
INSERT INTO EMP_BRANCH_HISTORY (ID_Employee, ID_Branch, StartDate, EndDate) VALUES (51, 13, '2024-12-11', 'NULL');
INSERT INTO EMP_BRANCH_HISTORY (ID_Employee, ID_Branch, StartDate, EndDate) VALUES (163, 2, '2024-06-02', 'NULL');
INSERT INTO EMP_BRANCH_HISTORY (ID_Employee, ID_Branch, StartDate, EndDate) VALUES (35, 9, '2023-06-16', 'NULL');
INSERT INTO EMP_BRANCH_HISTORY (ID_Employee, ID_Branch, StartDate, EndDate) VALUES (99, 14, '2023-10-07', 'NULL');
INSERT INTO EMP_BRANCH_HISTORY (ID_Employee, ID_Branch, StartDate, EndDate) VALUES (167, 10, '2023-01-22', 'NULL');
INSERT INTO EMP_BRANCH_HISTORY (ID_Employee, ID_Branch, StartDate, EndDate) VALUES (91, 8, '2024-11-02', 'NULL');
INSERT INTO EMP_BRANCH_HISTORY (ID_Employee, ID_Branch, StartDate, EndDate) VALUES (13, 2, '2023-02-19', 'NULL');
INSERT INTO EMP_BRANCH_HISTORY (ID_Employee, ID_Branch, StartDate, EndDate) VALUES (13, 1, '2023-01-04', 'NULL');
INSERT INTO EMP_BRANCH_HISTORY (ID_Employee, ID_Branch, StartDate, EndDate) VALUES (49, 3, '2024-05-29', 'NULL');
INSERT INTO EMP_BRANCH_HISTORY (ID_Employee, ID_Branch, StartDate, EndDate) VALUES (79, 9, '2023-02-18', 'NULL');
INSERT INTO EMP_BRANCH_HISTORY (ID_Employee, ID_Branch, StartDate, EndDate) VALUES (174, 10, '2022-12-21', 'NULL');
INSERT INTO EMP_BRANCH_HISTORY (ID_Employee, ID_Branch, StartDate, EndDate) VALUES (26, 6, '2024-01-20', 'NULL');
INSERT INTO EMP_BRANCH_HISTORY (ID_Employee, ID_Branch, StartDate, EndDate) VALUES (174, 8, '2024-06-15', 'NULL');
INSERT INTO EMP_BRANCH_HISTORY (ID_Employee, ID_Branch, StartDate, EndDate) VALUES (90, 2, '2023-01-01', 'NULL');
INSERT INTO EMP_BRANCH_HISTORY (ID_Employee, ID_Branch, StartDate, EndDate) VALUES (162, 3, '2023-01-12', 'NULL');
INSERT INTO EMP_BRANCH_HISTORY (ID_Employee, ID_Branch, StartDate, EndDate) VALUES (162, 12, '2023-07-11', '2024-12-18');
INSERT INTO EMP_BRANCH_HISTORY (ID_Employee, ID_Branch, StartDate, EndDate) VALUES (67, 9, '2023-01-18', 'NULL');
INSERT INTO EMP_BRANCH_HISTORY (ID_Employee, ID_Branch, StartDate, EndDate) VALUES (12, 2, '2023-05-04', 'NULL');
INSERT INTO EMP_BRANCH_HISTORY (ID_Employee, ID_Branch, StartDate, EndDate) VALUES (75, 4, '2023-11-19', 'NULL');
INSERT INTO EMP_BRANCH_HISTORY (ID_Employee, ID_Branch, StartDate, EndDate) VALUES (38, 13, '2023-10-23', 'NULL');
INSERT INTO EMP_BRANCH_HISTORY (ID_Employee, ID_Branch, StartDate, EndDate) VALUES (174, 14, '2024-03-06', 'NULL');
INSERT INTO EMP_BRANCH_HISTORY (ID_Employee, ID_Branch, StartDate, EndDate) VALUES (188, 11, '2023-07-14', 'NULL');
INSERT INTO EMP_BRANCH_HISTORY (ID_Employee, ID_Branch, StartDate, EndDate) VALUES (123, 4, '2023-10-23', 'NULL');
INSERT INTO EMP_BRANCH_HISTORY (ID_Employee, ID_Branch, StartDate, EndDate) VALUES (132, 12, '2024-11-13', 'NULL');
INSERT INTO EMP_BRANCH_HISTORY (ID_Employee, ID_Branch, StartDate, EndDate) VALUES (212, 10, '2024-06-02', 'NULL');
INSERT INTO EMP_BRANCH_HISTORY (ID_Employee, ID_Branch, StartDate, EndDate) VALUES (153, 5, '2024-10-30', 'NULL');
INSERT INTO EMP_BRANCH_HISTORY (ID_Employee, ID_Branch, StartDate, EndDate) VALUES (183, 7, '2023-01-13', 'NULL');
INSERT INTO EMP_BRANCH_HISTORY (ID_Employee, ID_Branch, StartDate, EndDate) VALUES (81, 12, '2024-02-12', 'NULL');
INSERT INTO EMP_BRANCH_HISTORY (ID_Employee, ID_Branch, StartDate, EndDate) VALUES (208, 10, '2024-07-31', 'NULL');
INSERT INTO EMP_BRANCH_HISTORY (ID_Employee, ID_Branch, StartDate, EndDate) VALUES (25, 11, '2024-09-25', 'NULL');
INSERT INTO EMP_BRANCH_HISTORY (ID_Employee, ID_Branch, StartDate, EndDate) VALUES (173, 2, '2024-11-13', 'NULL');
INSERT INTO EMP_BRANCH_HISTORY (ID_Employee, ID_Branch, StartDate, EndDate) VALUES (23, 8, '2024-01-15', 'NULL');
INSERT INTO EMP_BRANCH_HISTORY (ID_Employee, ID_Branch, StartDate, EndDate) VALUES (159, 15, '2023-09-30', 'NULL');
INSERT INTO EMP_BRANCH_HISTORY (ID_Employee, ID_Branch, StartDate, EndDate) VALUES (169, 12, '2024-03-26', 'NULL');
INSERT INTO EMP_BRANCH_HISTORY (ID_Employee, ID_Branch, StartDate, EndDate) VALUES (106, 8, '2023-11-05', 'NULL');
INSERT INTO EMP_BRANCH_HISTORY (ID_Employee, ID_Branch, StartDate, EndDate) VALUES (7, 2, '2024-03-24', '2024-12-18');
INSERT INTO EMP_BRANCH_HISTORY (ID_Employee, ID_Branch, StartDate, EndDate) VALUES (201, 14, '2024-03-30', 'NULL');
INSERT INTO EMP_BRANCH_HISTORY (ID_Employee, ID_Branch, StartDate, EndDate) VALUES (189, 14, '2024-04-02', 'NULL');
INSERT INTO EMP_BRANCH_HISTORY (ID_Employee, ID_Branch, StartDate, EndDate) VALUES (19, 4, '2023-10-20', 'NULL');
INSERT INTO EMP_BRANCH_HISTORY (ID_Employee, ID_Branch, StartDate, EndDate) VALUES (96, 3, '2024-05-09', 'NULL');
INSERT INTO EMP_BRANCH_HISTORY (ID_Employee, ID_Branch, StartDate, EndDate) VALUES (80, 1, '2024-02-09', 'NULL');
INSERT INTO EMP_BRANCH_HISTORY (ID_Employee, ID_Branch, StartDate, EndDate) VALUES (132, 13, '2024-04-23', 'NULL');
INSERT INTO EMP_BRANCH_HISTORY (ID_Employee, ID_Branch, StartDate, EndDate) VALUES (82, 7, '2022-12-21', 'NULL');
INSERT INTO EMP_BRANCH_HISTORY (ID_Employee, ID_Branch, StartDate, EndDate) VALUES (162, 6, '2023-10-29', 'NULL');
INSERT INTO EMP_BRANCH_HISTORY (ID_Employee, ID_Branch, StartDate, EndDate) VALUES (78, 1, '2024-08-31', 'NULL');
INSERT INTO EMP_BRANCH_HISTORY (ID_Employee, ID_Branch, StartDate, EndDate) VALUES (189, 6, '2023-05-29', '2024-12-18');
INSERT INTO EMP_BRANCH_HISTORY (ID_Employee, ID_Branch, StartDate, EndDate) VALUES (112, 3, '2023-08-17', 'NULL');
INSERT INTO EMP_BRANCH_HISTORY (ID_Employee, ID_Branch, StartDate, EndDate) VALUES (97, 14, '2023-02-13', 'NULL');
INSERT INTO EMP_BRANCH_HISTORY (ID_Employee, ID_Branch, StartDate, EndDate) VALUES (52, 11, '2024-09-22', 'NULL');
INSERT INTO EMP_BRANCH_HISTORY (ID_Employee, ID_Branch, StartDate, EndDate) VALUES (186, 12, '2023-04-28', 'NULL');
INSERT INTO EMP_BRANCH_HISTORY (ID_Employee, ID_Branch, StartDate, EndDate) VALUES (175, 14, '2023-08-21', 'NULL');
INSERT INTO EMP_BRANCH_HISTORY (ID_Employee, ID_Branch, StartDate, EndDate) VALUES (64, 6, '2024-01-25', 'NULL');
INSERT INTO EMP_BRANCH_HISTORY (ID_Employee, ID_Branch, StartDate, EndDate) VALUES (159, 4, '2024-07-05', 'NULL');
INSERT INTO EMP_BRANCH_HISTORY (ID_Employee, ID_Branch, StartDate, EndDate) VALUES (161, 5, '2024-09-07', 'NULL');
INSERT INTO EMP_BRANCH_HISTORY (ID_Employee, ID_Branch, StartDate, EndDate) VALUES (145, 15, '2024-09-25', 'NULL');
INSERT INTO EMP_BRANCH_HISTORY (ID_Employee, ID_Branch, StartDate, EndDate) VALUES (196, 7, '2023-04-29', 'NULL');
INSERT INTO EMP_BRANCH_HISTORY (ID_Employee, ID_Branch, StartDate, EndDate) VALUES (4, 11, '2024-10-27', 'NULL');
INSERT INTO EMP_BRANCH_HISTORY (ID_Employee, ID_Branch, StartDate, EndDate) VALUES (44, 8, '2024-10-04', 'NULL');
INSERT INTO EMP_BRANCH_HISTORY (ID_Employee, ID_Branch, StartDate, EndDate) VALUES (136, 13, '2023-03-19', 'NULL');
INSERT INTO EMP_BRANCH_HISTORY (ID_Employee, ID_Branch, StartDate, EndDate) VALUES (63, 15, '2023-03-25', 'NULL');
INSERT INTO EMP_BRANCH_HISTORY (ID_Employee, ID_Branch, StartDate, EndDate) VALUES (80, 10, '2024-02-22', '2024-12-18');
INSERT INTO EMP_BRANCH_HISTORY (ID_Employee, ID_Branch, StartDate, EndDate) VALUES (164, 7, '2024-10-22', 'NULL');
INSERT INTO EMP_BRANCH_HISTORY (ID_Employee, ID_Branch, StartDate, EndDate) VALUES (144, 15, '2024-04-04', 'NULL');
INSERT INTO EMP_BRANCH_HISTORY (ID_Employee, ID_Branch, StartDate, EndDate) VALUES (151, 14, '2023-09-24', 'NULL');
INSERT INTO EMP_BRANCH_HISTORY (ID_Employee, ID_Branch, StartDate, EndDate) VALUES (139, 1, '2023-06-23', 'NULL');
INSERT INTO EMP_BRANCH_HISTORY (ID_Employee, ID_Branch, StartDate, EndDate) VALUES (213, 10, '2024-02-09', 'NULL');
INSERT INTO EMP_BRANCH_HISTORY (ID_Employee, ID_Branch, StartDate, EndDate) VALUES (203, 6, '2023-03-07', 'NULL');
INSERT INTO EMP_BRANCH_HISTORY (ID_Employee, ID_Branch, StartDate, EndDate) VALUES (187, 10, '2024-11-03', 'NULL');
INSERT INTO EMP_BRANCH_HISTORY (ID_Employee, ID_Branch, StartDate, EndDate) VALUES (220, 12, '2024-01-22', 'NULL');
INSERT INTO EMP_BRANCH_HISTORY (ID_Employee, ID_Branch, StartDate, EndDate) VALUES (216, 5, '2022-12-25', 'NULL');
INSERT INTO EMP_BRANCH_HISTORY (ID_Employee, ID_Branch, StartDate, EndDate) VALUES (82, 13, '2024-07-10', 'NULL');
INSERT INTO EMP_BRANCH_HISTORY (ID_Employee, ID_Branch, StartDate, EndDate) VALUES (152, 5, '2024-06-13', 'NULL');
INSERT INTO EMP_BRANCH_HISTORY (ID_Employee, ID_Branch, StartDate, EndDate) VALUES (88, 7, '2023-10-23', 'NULL');
INSERT INTO EMP_BRANCH_HISTORY (ID_Employee, ID_Branch, StartDate, EndDate) VALUES (102, 6, '2024-03-27', 'NULL');
INSERT INTO EMP_BRANCH_HISTORY (ID_Employee, ID_Branch, StartDate, EndDate) VALUES (32, 11, '2024-04-03', 'NULL');
INSERT INTO EMP_BRANCH_HISTORY (ID_Employee, ID_Branch, StartDate, EndDate) VALUES (200, 3, '2024-04-30', 'NULL');
INSERT INTO EMP_BRANCH_HISTORY (ID_Employee, ID_Branch, StartDate, EndDate) VALUES (46, 12, '2023-10-24', 'NULL');
INSERT INTO EMP_BRANCH_HISTORY (ID_Employee, ID_Branch, StartDate, EndDate) VALUES (221, 3, '2024-09-24', 'NULL');
INSERT INTO EMP_BRANCH_HISTORY (ID_Employee, ID_Branch, StartDate, EndDate) VALUES (116, 13, '2024-10-17', 'NULL');
INSERT INTO EMP_BRANCH_HISTORY (ID_Employee, ID_Branch, StartDate, EndDate) VALUES (68, 13, '2022-12-22', 'NULL');
INSERT INTO EMP_BRANCH_HISTORY (ID_Employee, ID_Branch, StartDate, EndDate) VALUES (192, 2, '2024-02-15', 'NULL');
INSERT INTO EMP_BRANCH_HISTORY (ID_Employee, ID_Branch, StartDate, EndDate) VALUES (85, 3, '2024-06-28', 'NULL');
INSERT INTO EMP_BRANCH_HISTORY (ID_Employee, ID_Branch, StartDate, EndDate) VALUES (180, 4, '2023-04-11', 'NULL');
INSERT INTO EMP_BRANCH_HISTORY (ID_Employee, ID_Branch, StartDate, EndDate) VALUES (133, 5, '2024-08-05', 'NULL');
INSERT INTO EMP_BRANCH_HISTORY (ID_Employee, ID_Branch, StartDate, EndDate) VALUES (182, 11, '2024-06-01', 'NULL');
INSERT INTO EMP_BRANCH_HISTORY (ID_Employee, ID_Branch, StartDate, EndDate) VALUES (21, 2, '2023-04-03', 'NULL');
INSERT INTO EMP_BRANCH_HISTORY (ID_Employee, ID_Branch, StartDate, EndDate) VALUES (224, 6, '2023-07-12', 'NULL');
INSERT INTO EMP_BRANCH_HISTORY (ID_Employee, ID_Branch, StartDate, EndDate) VALUES (84, 5, '2024-10-09', 'NULL');
INSERT INTO EMP_BRANCH_HISTORY (ID_Employee, ID_Branch, StartDate, EndDate) VALUES (16, 5, '2023-01-01', 'NULL');
INSERT INTO EMP_BRANCH_HISTORY (ID_Employee, ID_Branch, StartDate, EndDate) VALUES (143, 10, '2023-06-03', 'NULL');
INSERT INTO EMP_BRANCH_HISTORY (ID_Employee, ID_Branch, StartDate, EndDate) VALUES (101, 14, '2023-11-19', 'NULL');
INSERT INTO EMP_BRANCH_HISTORY (ID_Employee, ID_Branch, StartDate, EndDate) VALUES (221, 1, '2023-11-28', 'NULL');
INSERT INTO EMP_BRANCH_HISTORY (ID_Employee, ID_Branch, StartDate, EndDate) VALUES (112, 14, '2023-04-16', 'NULL');
INSERT INTO EMP_BRANCH_HISTORY (ID_Employee, ID_Branch, StartDate, EndDate) VALUES (214, 4, '2024-02-09', 'NULL');
INSERT INTO EMP_BRANCH_HISTORY (ID_Employee, ID_Branch, StartDate, EndDate) VALUES (121, 2, '2023-10-01', 'NULL');
INSERT INTO EMP_BRANCH_HISTORY (ID_Employee, ID_Branch, StartDate, EndDate) VALUES (201, 12, '2024-11-08', 'NULL');
INSERT INTO EMP_BRANCH_HISTORY (ID_Employee, ID_Branch, StartDate, EndDate) VALUES (171, 2, '2024-03-25', 'NULL');
INSERT INTO EMP_BRANCH_HISTORY (ID_Employee, ID_Branch, StartDate, EndDate) VALUES (45, 2, '2024-04-30', 'NULL');
INSERT INTO EMP_BRANCH_HISTORY (ID_Employee, ID_Branch, StartDate, EndDate) VALUES (26, 7, '2024-12-03', 'NULL');
INSERT INTO EMP_BRANCH_HISTORY (ID_Employee, ID_Branch, StartDate, EndDate) VALUES (31, 8, '2024-09-24', 'NULL');
INSERT INTO EMP_BRANCH_HISTORY (ID_Employee, ID_Branch, StartDate, EndDate) VALUES (159, 14, '2023-09-04', '2024-12-18');
INSERT INTO EMP_BRANCH_HISTORY (ID_Employee, ID_Branch, StartDate, EndDate) VALUES (35, 7, '2024-08-20', 'NULL');
INSERT INTO EMP_BRANCH_HISTORY (ID_Employee, ID_Branch, StartDate, EndDate) VALUES (68, 11, '2023-08-09', 'NULL');
INSERT INTO EMP_BRANCH_HISTORY (ID_Employee, ID_Branch, StartDate, EndDate) VALUES (155, 8, '2024-09-12', 'NULL');
INSERT INTO EMP_BRANCH_HISTORY (ID_Employee, ID_Branch, StartDate, EndDate) VALUES (208, 13, '2024-10-25', 'NULL');
INSERT INTO EMP_BRANCH_HISTORY (ID_Employee, ID_Branch, StartDate, EndDate) VALUES (137, 11, '2023-08-16', '2024-12-18');
INSERT INTO EMP_BRANCH_HISTORY (ID_Employee, ID_Branch, StartDate, EndDate) VALUES (138, 9, '2024-01-31', 'NULL');
INSERT INTO EMP_BRANCH_HISTORY (ID_Employee, ID_Branch, StartDate, EndDate) VALUES (112, 15, '2024-06-02', 'NULL');
INSERT INTO EMP_BRANCH_HISTORY (ID_Employee, ID_Branch, StartDate, EndDate) VALUES (159, 11, '2024-10-25', 'NULL');
INSERT INTO EMP_BRANCH_HISTORY (ID_Employee, ID_Branch, StartDate, EndDate) VALUES (68, 15, '2023-12-10', 'NULL');
INSERT INTO EMP_BRANCH_HISTORY (ID_Employee, ID_Branch, StartDate, EndDate) VALUES (179, 1, '2024-11-14', 'NULL');
INSERT INTO EMP_BRANCH_HISTORY (ID_Employee, ID_Branch, StartDate, EndDate) VALUES (203, 13, '2024-11-11', 'NULL');
INSERT INTO EMP_BRANCH_HISTORY (ID_Employee, ID_Branch, StartDate, EndDate) VALUES (168, 11, '2024-06-03', 'NULL');
INSERT INTO EMP_BRANCH_HISTORY (ID_Employee, ID_Branch, StartDate, EndDate) VALUES (115, 13, '2024-06-09', 'NULL');
INSERT INTO EMP_BRANCH_HISTORY (ID_Employee, ID_Branch, StartDate, EndDate) VALUES (38, 6, '2024-04-20', 'NULL');
INSERT INTO EMP_BRANCH_HISTORY (ID_Employee, ID_Branch, StartDate, EndDate) VALUES (48, 14, '2023-06-08', 'NULL');
INSERT INTO EMP_BRANCH_HISTORY (ID_Employee, ID_Branch, StartDate, EndDate) VALUES (81, 4, '2024-02-10', 'NULL');
INSERT INTO EMP_BRANCH_HISTORY (ID_Employee, ID_Branch, StartDate, EndDate) VALUES (208, 2, '2024-12-13', 'NULL');
INSERT INTO EMP_BRANCH_HISTORY (ID_Employee, ID_Branch, StartDate, EndDate) VALUES (225, 5, '2024-08-30', '2024-12-18');
INSERT INTO EMP_BRANCH_HISTORY (ID_Employee, ID_Branch, StartDate, EndDate) VALUES (100, 10, '2023-05-08', '2024-12-18');
INSERT INTO EMP_BRANCH_HISTORY (ID_Employee, ID_Branch, StartDate, EndDate) VALUES (54, 2, '2023-03-09', 'NULL');
INSERT INTO EMP_BRANCH_HISTORY (ID_Employee, ID_Branch, StartDate, EndDate) VALUES (140, 4, '2024-09-06', 'NULL');
INSERT INTO EMP_BRANCH_HISTORY (ID_Employee, ID_Branch, StartDate, EndDate) VALUES (117, 13, '2023-05-20', 'NULL');
INSERT INTO EMP_BRANCH_HISTORY (ID_Employee, ID_Branch, StartDate, EndDate) VALUES (208, 4, '2023-01-04', 'NULL');
INSERT INTO EMP_BRANCH_HISTORY (ID_Employee, ID_Branch, StartDate, EndDate) VALUES (159, 10, '2024-07-13', 'NULL');
INSERT INTO EMP_BRANCH_HISTORY (ID_Employee, ID_Branch, StartDate, EndDate) VALUES (175, 3, '2023-02-12', 'NULL');
INSERT INTO EMP_BRANCH_HISTORY (ID_Employee, ID_Branch, StartDate, EndDate) VALUES (90, 3, '2024-08-22', 'NULL');
INSERT INTO EMP_BRANCH_HISTORY (ID_Employee, ID_Branch, StartDate, EndDate) VALUES (158, 15, '2023-08-22', 'NULL');
INSERT INTO EMP_BRANCH_HISTORY (ID_Employee, ID_Branch, StartDate, EndDate) VALUES (103, 3, '2023-10-12', 'NULL');
INSERT INTO EMP_BRANCH_HISTORY (ID_Employee, ID_Branch, StartDate, EndDate) VALUES (18, 3, '2023-11-27', 'NULL');
INSERT INTO EMP_BRANCH_HISTORY (ID_Employee, ID_Branch, StartDate, EndDate) VALUES (20, 6, '2023-08-10', 'NULL');
INSERT INTO EMP_BRANCH_HISTORY (ID_Employee, ID_Branch, StartDate, EndDate) VALUES (134, 9, '2024-09-07', 'NULL');
INSERT INTO EMP_BRANCH_HISTORY (ID_Employee, ID_Branch, StartDate, EndDate) VALUES (137, 13, '2024-04-03', 'NULL');
INSERT INTO EMP_BRANCH_HISTORY (ID_Employee, ID_Branch, StartDate, EndDate) VALUES (159, 9, '2023-04-12', 'NULL');
INSERT INTO EMP_BRANCH_HISTORY (ID_Employee, ID_Branch, StartDate, EndDate) VALUES (150, 7, '2023-10-17', 'NULL');
INSERT INTO EMP_BRANCH_HISTORY (ID_Employee, ID_Branch, StartDate, EndDate) VALUES (57, 1, '2024-06-22', 'NULL');
INSERT INTO EMP_BRANCH_HISTORY (ID_Employee, ID_Branch, StartDate, EndDate) VALUES (190, 10, '2024-08-31', 'NULL');
INSERT INTO EMP_BRANCH_HISTORY (ID_Employee, ID_Branch, StartDate, EndDate) VALUES (71, 12, '2023-11-20', 'NULL');
INSERT INTO EMP_BRANCH_HISTORY (ID_Employee, ID_Branch, StartDate, EndDate) VALUES (216, 15, '2024-09-28', '2024-12-18');
INSERT INTO EMP_BRANCH_HISTORY (ID_Employee, ID_Branch, StartDate, EndDate) VALUES (203, 10, '2024-01-30', 'NULL');
INSERT INTO EMP_BRANCH_HISTORY (ID_Employee, ID_Branch, StartDate, EndDate) VALUES (102, 2, '2023-12-09', 'NULL');
INSERT INTO EMP_BRANCH_HISTORY (ID_Employee, ID_Branch, StartDate, EndDate) VALUES (175, 12, '2023-08-25', 'NULL');
INSERT INTO EMP_BRANCH_HISTORY (ID_Employee, ID_Branch, StartDate, EndDate) VALUES (222, 15, '2024-08-23', 'NULL');
INSERT INTO EMP_BRANCH_HISTORY (ID_Employee, ID_Branch, StartDate, EndDate) VALUES (123, 1, '2024-03-09', 'NULL');
INSERT INTO EMP_BRANCH_HISTORY (ID_Employee, ID_Branch, StartDate, EndDate) VALUES (176, 5, '2023-05-22', 'NULL');
INSERT INTO EMP_BRANCH_HISTORY (ID_Employee, ID_Branch, StartDate, EndDate) VALUES (110, 7, '2024-11-24', 'NULL');
INSERT INTO EMP_BRANCH_HISTORY (ID_Employee, ID_Branch, StartDate, EndDate) VALUES (93, 9, '2023-12-12', 'NULL');
INSERT INTO EMP_BRANCH_HISTORY (ID_Employee, ID_Branch, StartDate, EndDate) VALUES (214, 1, '2024-02-04', 'NULL');
INSERT INTO EMP_BRANCH_HISTORY (ID_Employee, ID_Branch, StartDate, EndDate) VALUES (36, 6, '2024-09-22', 'NULL');
INSERT INTO EMP_BRANCH_HISTORY (ID_Employee, ID_Branch, StartDate, EndDate) VALUES (105, 10, '2023-11-30', 'NULL');
INSERT INTO EMP_BRANCH_HISTORY (ID_Employee, ID_Branch, StartDate, EndDate) VALUES (71, 11, '2023-10-29', 'NULL');
INSERT INTO EMP_BRANCH_HISTORY (ID_Employee, ID_Branch, StartDate, EndDate) VALUES (80, 7, '2023-02-27', 'NULL');
INSERT INTO EMP_BRANCH_HISTORY (ID_Employee, ID_Branch, StartDate, EndDate) VALUES (47, 3, '2024-05-12', 'NULL');
INSERT INTO EMP_BRANCH_HISTORY (ID_Employee, ID_Branch, StartDate, EndDate) VALUES (136, 6, '2024-01-17', '2024-12-18');
INSERT INTO EMP_BRANCH_HISTORY (ID_Employee, ID_Branch, StartDate, EndDate) VALUES (124, 1, '2023-06-16', 'NULL');
INSERT INTO EMP_BRANCH_HISTORY (ID_Employee, ID_Branch, StartDate, EndDate) VALUES (148, 14, '2023-07-28', 'NULL');
INSERT INTO EMP_BRANCH_HISTORY (ID_Employee, ID_Branch, StartDate, EndDate) VALUES (57, 6, '2024-09-14', 'NULL');
INSERT INTO EMP_BRANCH_HISTORY (ID_Employee, ID_Branch, StartDate, EndDate) VALUES (43, 9, '2023-11-25', 'NULL');
INSERT INTO EMP_BRANCH_HISTORY (ID_Employee, ID_Branch, StartDate, EndDate) VALUES (37, 11, '2024-02-09', 'NULL');
INSERT INTO EMP_BRANCH_HISTORY (ID_Employee, ID_Branch, StartDate, EndDate) VALUES (125, 9, '2023-03-30', 'NULL');
INSERT INTO EMP_BRANCH_HISTORY (ID_Employee, ID_Branch, StartDate, EndDate) VALUES (193, 12, '2024-01-14', 'NULL');
INSERT INTO EMP_BRANCH_HISTORY (ID_Employee, ID_Branch, StartDate, EndDate) VALUES (196, 4, '2023-04-20', 'NULL');
INSERT INTO EMP_BRANCH_HISTORY (ID_Employee, ID_Branch, StartDate, EndDate) VALUES (21, 14, '2024-07-20', 'NULL');
INSERT INTO EMP_BRANCH_HISTORY (ID_Employee, ID_Branch, StartDate, EndDate) VALUES (222, 5, '2024-07-15', 'NULL');
INSERT INTO EMP_BRANCH_HISTORY (ID_Employee, ID_Branch, StartDate, EndDate) VALUES (217, 6, '2022-12-26', 'NULL');
INSERT INTO EMP_BRANCH_HISTORY (ID_Employee, ID_Branch, StartDate, EndDate) VALUES (46, 15, '2023-07-19', 'NULL');
INSERT INTO EMP_BRANCH_HISTORY (ID_Employee, ID_Branch, StartDate, EndDate) VALUES (49, 6, '2023-06-01', 'NULL');
INSERT INTO EMP_BRANCH_HISTORY (ID_Employee, ID_Branch, StartDate, EndDate) VALUES (180, 2, '2023-10-27', 'NULL');
INSERT INTO EMP_BRANCH_HISTORY (ID_Employee, ID_Branch, StartDate, EndDate) VALUES (87, 13, '2024-01-13', 'NULL');
INSERT INTO EMP_BRANCH_HISTORY (ID_Employee, ID_Branch, StartDate, EndDate) VALUES (2, 12, '2023-09-17', '2024-12-18');
INSERT INTO EMP_BRANCH_HISTORY (ID_Employee, ID_Branch, StartDate, EndDate) VALUES (7, 9, '2024-01-14', 'NULL');
INSERT INTO EMP_BRANCH_HISTORY (ID_Employee, ID_Branch, StartDate, EndDate) VALUES (79, 13, '2023-02-25', 'NULL');
INSERT INTO EMP_BRANCH_HISTORY (ID_Employee, ID_Branch, StartDate, EndDate) VALUES (215, 9, '2023-08-05', '2024-12-18');
INSERT INTO EMP_BRANCH_HISTORY (ID_Employee, ID_Branch, StartDate, EndDate) VALUES (137, 2, '2024-03-21', 'NULL');
INSERT INTO EMP_BRANCH_HISTORY (ID_Employee, ID_Branch, StartDate, EndDate) VALUES (213, 5, '2023-03-23', 'NULL');
INSERT INTO EMP_BRANCH_HISTORY (ID_Employee, ID_Branch, StartDate, EndDate) VALUES (11, 7, '2023-01-23', '2024-12-18');
INSERT INTO EMP_BRANCH_HISTORY (ID_Employee, ID_Branch, StartDate, EndDate) VALUES (209, 4, '2024-11-30', 'NULL');
INSERT INTO EMP_BRANCH_HISTORY (ID_Employee, ID_Branch, StartDate, EndDate) VALUES (61, 2, '2024-05-20', 'NULL');
INSERT INTO EMP_BRANCH_HISTORY (ID_Employee, ID_Branch, StartDate, EndDate) VALUES (4, 6, '2024-09-28', 'NULL');
INSERT INTO EMP_BRANCH_HISTORY (ID_Employee, ID_Branch, StartDate, EndDate) VALUES (106, 2, '2023-09-18', 'NULL');
INSERT INTO EMP_BRANCH_HISTORY (ID_Employee, ID_Branch, StartDate, EndDate) VALUES (98, 2, '2023-11-17', 'NULL');
INSERT INTO EMP_BRANCH_HISTORY (ID_Employee, ID_Branch, StartDate, EndDate) VALUES (159, 3, '2022-12-31', 'NULL');
INSERT INTO EMP_BRANCH_HISTORY (ID_Employee, ID_Branch, StartDate, EndDate) VALUES (20, 10, '2023-07-16', 'NULL');
INSERT INTO EMP_BRANCH_HISTORY (ID_Employee, ID_Branch, StartDate, EndDate) VALUES (169, 3, '2023-03-15', 'NULL');
INSERT INTO EMP_BRANCH_HISTORY (ID_Employee, ID_Branch, StartDate, EndDate) VALUES (46, 13, '2023-01-28', 'NULL');
INSERT INTO EMP_BRANCH_HISTORY (ID_Employee, ID_Branch, StartDate, EndDate) VALUES (204, 1, '2024-08-02', 'NULL');
INSERT INTO EMP_BRANCH_HISTORY (ID_Employee, ID_Branch, StartDate, EndDate) VALUES (217, 10, '2023-08-06', 'NULL');
INSERT INTO EMP_BRANCH_HISTORY (ID_Employee, ID_Branch, StartDate, EndDate) VALUES (26, 1, '2024-09-28', 'NULL');
INSERT INTO EMP_BRANCH_HISTORY (ID_Employee, ID_Branch, StartDate, EndDate) VALUES (105, 15, '2024-03-02', 'NULL');
INSERT INTO EMP_BRANCH_HISTORY (ID_Employee, ID_Branch, StartDate, EndDate) VALUES (136, 14, '2023-02-02', 'NULL');
INSERT INTO EMP_BRANCH_HISTORY (ID_Employee, ID_Branch, StartDate, EndDate) VALUES (52, 13, '2024-09-26', 'NULL');
INSERT INTO EMP_BRANCH_HISTORY (ID_Employee, ID_Branch, StartDate, EndDate) VALUES (154, 4, '2024-05-11', 'NULL');
INSERT INTO EMP_BRANCH_HISTORY (ID_Employee, ID_Branch, StartDate, EndDate) VALUES (48, 12, '2023-04-29', 'NULL');
INSERT INTO EMP_BRANCH_HISTORY (ID_Employee, ID_Branch, StartDate, EndDate) VALUES (101, 8, '2024-12-11', 'NULL');
INSERT INTO EMP_BRANCH_HISTORY (ID_Employee, ID_Branch, StartDate, EndDate) VALUES (73, 5, '2023-06-21', 'NULL');
INSERT INTO EMP_BRANCH_HISTORY (ID_Employee, ID_Branch, StartDate, EndDate) VALUES (15, 4, '2024-04-10', 'NULL');
INSERT INTO EMP_BRANCH_HISTORY (ID_Employee, ID_Branch, StartDate, EndDate) VALUES (200, 9, '2023-12-31', 'NULL');
INSERT INTO EMP_BRANCH_HISTORY (ID_Employee, ID_Branch, StartDate, EndDate) VALUES (174, 9, '2023-07-13', 'NULL');
INSERT INTO EMP_BRANCH_HISTORY (ID_Employee, ID_Branch, StartDate, EndDate) VALUES (149, 3, '2024-07-20', 'NULL');
INSERT INTO EMP_BRANCH_HISTORY (ID_Employee, ID_Branch, StartDate, EndDate) VALUES (83, 12, '2023-09-30', 'NULL');
INSERT INTO EMP_BRANCH_HISTORY (ID_Employee, ID_Branch, StartDate, EndDate) VALUES (39, 1, '2024-03-18', 'NULL');
INSERT INTO EMP_BRANCH_HISTORY (ID_Employee, ID_Branch, StartDate, EndDate) VALUES (5, 4, '2024-07-30', 'NULL');
INSERT INTO EMP_BRANCH_HISTORY (ID_Employee, ID_Branch, StartDate, EndDate) VALUES (191, 12, '2024-06-23', 'NULL');
INSERT INTO EMP_BRANCH_HISTORY (ID_Employee, ID_Branch, StartDate, EndDate) VALUES (187, 14, '2024-07-14', 'NULL');
INSERT INTO EMP_BRANCH_HISTORY (ID_Employee, ID_Branch, StartDate, EndDate) VALUES (156, 11, '2024-08-05', 'NULL');
INSERT INTO EMP_BRANCH_HISTORY (ID_Employee, ID_Branch, StartDate, EndDate) VALUES (205, 11, '2024-10-17', 'NULL');
INSERT INTO EMP_BRANCH_HISTORY (ID_Employee, ID_Branch, StartDate, EndDate) VALUES (44, 2, '2024-08-05', 'NULL');
INSERT INTO EMP_BRANCH_HISTORY (ID_Employee, ID_Branch, StartDate, EndDate) VALUES (46, 11, '2023-11-26', 'NULL');
INSERT INTO EMP_BRANCH_HISTORY (ID_Employee, ID_Branch, StartDate, EndDate) VALUES (134, 13, '2023-02-26', 'NULL');
INSERT INTO EMP_BRANCH_HISTORY (ID_Employee, ID_Branch, StartDate, EndDate) VALUES (63, 1, '2024-05-31', 'NULL');
INSERT INTO EMP_BRANCH_HISTORY (ID_Employee, ID_Branch, StartDate, EndDate) VALUES (64, 9, '2024-09-15', 'NULL');
INSERT INTO EMP_BRANCH_HISTORY (ID_Employee, ID_Branch, StartDate, EndDate) VALUES (31, 2, '2023-06-25', 'NULL');
INSERT INTO EMP_BRANCH_HISTORY (ID_Employee, ID_Branch, StartDate, EndDate) VALUES (218, 8, '2024-08-04', 'NULL');
INSERT INTO EMP_BRANCH_HISTORY (ID_Employee, ID_Branch, StartDate, EndDate) VALUES (49, 9, '2023-04-02', 'NULL');
INSERT INTO EMP_BRANCH_HISTORY (ID_Employee, ID_Branch, StartDate, EndDate) VALUES (157, 12, '2024-05-14', 'NULL');
INSERT INTO EMP_BRANCH_HISTORY (ID_Employee, ID_Branch, StartDate, EndDate) VALUES (169, 9, '2023-02-16', 'NULL');
INSERT INTO EMP_BRANCH_HISTORY (ID_Employee, ID_Branch, StartDate, EndDate) VALUES (18, 12, '2024-01-13', 'NULL');
INSERT INTO EMP_BRANCH_HISTORY (ID_Employee, ID_Branch, StartDate, EndDate) VALUES (101, 7, '2024-04-30', 'NULL');
INSERT INTO EMP_BRANCH_HISTORY (ID_Employee, ID_Branch, StartDate, EndDate) VALUES (103, 4, '2024-06-28', 'NULL');
INSERT INTO EMP_BRANCH_HISTORY (ID_Employee, ID_Branch, StartDate, EndDate) VALUES (86, 11, '2024-06-02', 'NULL');
INSERT INTO EMP_BRANCH_HISTORY (ID_Employee, ID_Branch, StartDate, EndDate) VALUES (104, 12, '2023-12-05', 'NULL');
INSERT INTO EMP_BRANCH_HISTORY (ID_Employee, ID_Branch, StartDate, EndDate) VALUES (219, 2, '2023-02-13', 'NULL');
INSERT INTO EMP_BRANCH_HISTORY (ID_Employee, ID_Branch, StartDate, EndDate) VALUES (30, 11, '2024-07-29', 'NULL');
INSERT INTO EMP_BRANCH_HISTORY (ID_Employee, ID_Branch, StartDate, EndDate) VALUES (208, 3, '2023-04-20', '2024-12-18');
INSERT INTO EMP_BRANCH_HISTORY (ID_Employee, ID_Branch, StartDate, EndDate) VALUES (20, 11, '2023-06-01', 'NULL');
INSERT INTO EMP_BRANCH_HISTORY (ID_Employee, ID_Branch, StartDate, EndDate) VALUES (143, 7, '2023-01-02', 'NULL');
INSERT INTO EMP_BRANCH_HISTORY (ID_Employee, ID_Branch, StartDate, EndDate) VALUES (24, 1, '2024-04-08', 'NULL');
INSERT INTO EMP_BRANCH_HISTORY (ID_Employee, ID_Branch, StartDate, EndDate) VALUES (29, 1, '2022-12-24', 'NULL');
INSERT INTO EMP_BRANCH_HISTORY (ID_Employee, ID_Branch, StartDate, EndDate) VALUES (185, 12, '2024-03-18', '2024-12-18');
INSERT INTO EMP_BRANCH_HISTORY (ID_Employee, ID_Branch, StartDate, EndDate) VALUES (7, 7, '2023-04-28', 'NULL');
INSERT INTO EMP_BRANCH_HISTORY (ID_Employee, ID_Branch, StartDate, EndDate) VALUES (210, 6, '2023-04-27', 'NULL');
INSERT INTO EMP_BRANCH_HISTORY (ID_Employee, ID_Branch, StartDate, EndDate) VALUES (154, 7, '2023-04-26', 'NULL');
INSERT INTO EMP_BRANCH_HISTORY (ID_Employee, ID_Branch, StartDate, EndDate) VALUES (136, 2, '2024-11-29', 'NULL');
INSERT INTO EMP_BRANCH_HISTORY (ID_Employee, ID_Branch, StartDate, EndDate) VALUES (43, 12, '2024-01-30', 'NULL');
INSERT INTO EMP_BRANCH_HISTORY (ID_Employee, ID_Branch, StartDate, EndDate) VALUES (27, 10, '2024-03-23', 'NULL');
INSERT INTO EMP_BRANCH_HISTORY (ID_Employee, ID_Branch, StartDate, EndDate) VALUES (53, 11, '2023-01-08', 'NULL');
INSERT INTO EMP_BRANCH_HISTORY (ID_Employee, ID_Branch, StartDate, EndDate) VALUES (146, 12, '2023-02-15', 'NULL');
INSERT INTO EMP_BRANCH_HISTORY (ID_Employee, ID_Branch, StartDate, EndDate) VALUES (178, 10, '2023-07-26', 'NULL');
INSERT INTO EMP_BRANCH_HISTORY (ID_Employee, ID_Branch, StartDate, EndDate) VALUES (57, 5, '2023-11-30', 'NULL');
INSERT INTO EMP_BRANCH_HISTORY (ID_Employee, ID_Branch, StartDate, EndDate) VALUES (14, 7, '2024-10-12', 'NULL');
INSERT INTO EMP_BRANCH_HISTORY (ID_Employee, ID_Branch, StartDate, EndDate) VALUES (32, 13, '2023-06-08', 'NULL');
INSERT INTO EMP_BRANCH_HISTORY (ID_Employee, ID_Branch, StartDate, EndDate) VALUES (66, 2, '2023-10-07', 'NULL');
INSERT INTO EMP_BRANCH_HISTORY (ID_Employee, ID_Branch, StartDate, EndDate) VALUES (97, 4, '2024-08-26', 'NULL');
INSERT INTO EMP_BRANCH_HISTORY (ID_Employee, ID_Branch, StartDate, EndDate) VALUES (71, 14, '2024-11-08', 'NULL');
INSERT INTO EMP_BRANCH_HISTORY (ID_Employee, ID_Branch, StartDate, EndDate) VALUES (127, 7, '2023-12-10', 'NULL');
INSERT INTO EMP_BRANCH_HISTORY (ID_Employee, ID_Branch, StartDate, EndDate) VALUES (130, 4, '2024-10-12', 'NULL');
INSERT INTO EMP_BRANCH_HISTORY (ID_Employee, ID_Branch, StartDate, EndDate) VALUES (140, 9, '2024-09-16', 'NULL');
INSERT INTO EMP_BRANCH_HISTORY (ID_Employee, ID_Branch, StartDate, EndDate) VALUES (206, 6, '2023-04-03', 'NULL');
INSERT INTO EMP_BRANCH_HISTORY (ID_Employee, ID_Branch, StartDate, EndDate) VALUES (105, 6, '2024-07-15', 'NULL');
INSERT INTO EMP_BRANCH_HISTORY (ID_Employee, ID_Branch, StartDate, EndDate) VALUES (170, 13, '2023-03-10', 'NULL');
INSERT INTO EMP_BRANCH_HISTORY (ID_Employee, ID_Branch, StartDate, EndDate) VALUES (112, 13, '2023-11-24', 'NULL');
INSERT INTO EMP_BRANCH_HISTORY (ID_Employee, ID_Branch, StartDate, EndDate) VALUES (103, 10, '2023-05-19', 'NULL');
INSERT INTO EMP_BRANCH_HISTORY (ID_Employee, ID_Branch, StartDate, EndDate) VALUES (74, 8, '2023-03-09', 'NULL');
INSERT INTO EMP_BRANCH_HISTORY (ID_Employee, ID_Branch, StartDate, EndDate) VALUES (85, 15, '2024-02-07', 'NULL');
INSERT INTO EMP_BRANCH_HISTORY (ID_Employee, ID_Branch, StartDate, EndDate) VALUES (182, 1, '2024-07-15', 'NULL');
INSERT INTO EMP_BRANCH_HISTORY (ID_Employee, ID_Branch, StartDate, EndDate) VALUES (113, 2, '2023-01-13', 'NULL');
INSERT INTO EMP_BRANCH_HISTORY (ID_Employee, ID_Branch, StartDate, EndDate) VALUES (215, 10, '2024-09-07', 'NULL');
INSERT INTO EMP_BRANCH_HISTORY (ID_Employee, ID_Branch, StartDate, EndDate) VALUES (63, 4, '2024-08-16', 'NULL');
INSERT INTO EMP_BRANCH_HISTORY (ID_Employee, ID_Branch, StartDate, EndDate) VALUES (23, 5, '2024-06-30', 'NULL');
INSERT INTO EMP_BRANCH_HISTORY (ID_Employee, ID_Branch, StartDate, EndDate) VALUES (211, 5, '2023-06-20', 'NULL');
INSERT INTO EMP_BRANCH_HISTORY (ID_Employee, ID_Branch, StartDate, EndDate) VALUES (129, 12, '2023-03-28', 'NULL');
INSERT INTO EMP_BRANCH_HISTORY (ID_Employee, ID_Branch, StartDate, EndDate) VALUES (116, 12, '2023-07-25', 'NULL');
INSERT INTO EMP_BRANCH_HISTORY (ID_Employee, ID_Branch, StartDate, EndDate) VALUES (213, 3, '2024-05-06', 'NULL');
INSERT INTO EMP_BRANCH_HISTORY (ID_Employee, ID_Branch, StartDate, EndDate) VALUES (89, 15, '2024-11-29', 'NULL');
INSERT INTO EMP_BRANCH_HISTORY (ID_Employee, ID_Branch, StartDate, EndDate) VALUES (73, 4, '2023-07-31', '2024-12-18');
INSERT INTO EMP_BRANCH_HISTORY (ID_Employee, ID_Branch, StartDate, EndDate) VALUES (143, 15, '2024-01-08', 'NULL');
INSERT INTO EMP_BRANCH_HISTORY (ID_Employee, ID_Branch, StartDate, EndDate) VALUES (117, 5, '2023-07-28', 'NULL');
INSERT INTO EMP_BRANCH_HISTORY (ID_Employee, ID_Branch, StartDate, EndDate) VALUES (180, 11, '2024-04-13', 'NULL');
INSERT INTO EMP_BRANCH_HISTORY (ID_Employee, ID_Branch, StartDate, EndDate) VALUES (85, 12, '2023-08-23', 'NULL');
INSERT INTO EMP_BRANCH_HISTORY (ID_Employee, ID_Branch, StartDate, EndDate) VALUES (215, 6, '2024-05-01', 'NULL');
INSERT INTO EMP_BRANCH_HISTORY (ID_Employee, ID_Branch, StartDate, EndDate) VALUES (2, 15, '2023-06-30', 'NULL');
INSERT INTO EMP_BRANCH_HISTORY (ID_Employee, ID_Branch, StartDate, EndDate) VALUES (58, 1, '2024-11-12', 'NULL');
INSERT INTO EMP_BRANCH_HISTORY (ID_Employee, ID_Branch, StartDate, EndDate) VALUES (198, 5, '2024-01-03', 'NULL');
INSERT INTO EMP_BRANCH_HISTORY (ID_Employee, ID_Branch, StartDate, EndDate) VALUES (220, 11, '2023-01-27', 'NULL');
INSERT INTO EMP_BRANCH_HISTORY (ID_Employee, ID_Branch, StartDate, EndDate) VALUES (54, 8, '2023-09-25', 'NULL');
INSERT INTO EMP_BRANCH_HISTORY (ID_Employee, ID_Branch, StartDate, EndDate) VALUES (15, 3, '2024-03-08', 'NULL');
INSERT INTO EMP_BRANCH_HISTORY (ID_Employee, ID_Branch, StartDate, EndDate) VALUES (38, 5, '2023-01-03', 'NULL');
INSERT INTO EMP_BRANCH_HISTORY (ID_Employee, ID_Branch, StartDate, EndDate) VALUES (218, 4, '2024-09-05', 'NULL');
INSERT INTO EMP_BRANCH_HISTORY (ID_Employee, ID_Branch, StartDate, EndDate) VALUES (2, 4, '2023-01-31', 'NULL');
INSERT INTO EMP_BRANCH_HISTORY (ID_Employee, ID_Branch, StartDate, EndDate) VALUES (169, 6, '2023-06-01', 'NULL');
INSERT INTO EMP_BRANCH_HISTORY (ID_Employee, ID_Branch, StartDate, EndDate) VALUES (49, 1, '2023-03-31', 'NULL');
INSERT INTO EMP_BRANCH_HISTORY (ID_Employee, ID_Branch, StartDate, EndDate) VALUES (161, 7, '2024-02-07', 'NULL');
INSERT INTO EMP_BRANCH_HISTORY (ID_Employee, ID_Branch, StartDate, EndDate) VALUES (115, 7, '2023-10-06', 'NULL');
INSERT INTO EMP_BRANCH_HISTORY (ID_Employee, ID_Branch, StartDate, EndDate) VALUES (185, 3, '2023-11-05', 'NULL');
INSERT INTO EMP_BRANCH_HISTORY (ID_Employee, ID_Branch, StartDate, EndDate) VALUES (111, 8, '2024-04-05', 'NULL');
INSERT INTO EMP_BRANCH_HISTORY (ID_Employee, ID_Branch, StartDate, EndDate) VALUES (29, 9, '2024-09-07', 'NULL');
INSERT INTO EMP_BRANCH_HISTORY (ID_Employee, ID_Branch, StartDate, EndDate) VALUES (46, 10, '2024-02-10', 'NULL');
INSERT INTO EMP_BRANCH_HISTORY (ID_Employee, ID_Branch, StartDate, EndDate) VALUES (113, 5, '2023-01-21', 'NULL');
INSERT INTO EMP_BRANCH_HISTORY (ID_Employee, ID_Branch, StartDate, EndDate) VALUES (11, 11, '2023-08-10', 'NULL');
INSERT INTO EMP_BRANCH_HISTORY (ID_Employee, ID_Branch, StartDate, EndDate) VALUES (6, 3, '2024-11-19', 'NULL');
INSERT INTO EMP_BRANCH_HISTORY (ID_Employee, ID_Branch, StartDate, EndDate) VALUES (126, 11, '2024-11-24', '2024-12-18');
INSERT INTO EMP_BRANCH_HISTORY (ID_Employee, ID_Branch, StartDate, EndDate) VALUES (151, 13, '2023-11-24', 'NULL');
INSERT INTO EMP_BRANCH_HISTORY (ID_Employee, ID_Branch, StartDate, EndDate) VALUES (94, 14, '2023-01-06', 'NULL');
INSERT INTO EMP_BRANCH_HISTORY (ID_Employee, ID_Branch, StartDate, EndDate) VALUES (95, 7, '2024-04-30', 'NULL');
INSERT INTO EMP_BRANCH_HISTORY (ID_Employee, ID_Branch, StartDate, EndDate) VALUES (201, 15, '2023-02-10', '2024-12-18');
INSERT INTO EMP_BRANCH_HISTORY (ID_Employee, ID_Branch, StartDate, EndDate) VALUES (177, 2, '2023-02-19', 'NULL');
INSERT INTO EMP_BRANCH_HISTORY (ID_Employee, ID_Branch, StartDate, EndDate) VALUES (212, 5, '2024-04-03', 'NULL');
INSERT INTO EMP_BRANCH_HISTORY (ID_Employee, ID_Branch, StartDate, EndDate) VALUES (12, 10, '2024-11-30', 'NULL');
INSERT INTO EMP_BRANCH_HISTORY (ID_Employee, ID_Branch, StartDate, EndDate) VALUES (33, 14, '2023-08-30', 'NULL');
INSERT INTO EMP_BRANCH_HISTORY (ID_Employee, ID_Branch, StartDate, EndDate) VALUES (69, 5, '2024-04-15', 'NULL');
INSERT INTO EMP_BRANCH_HISTORY (ID_Employee, ID_Branch, StartDate, EndDate) VALUES (219, 12, '2023-01-01', 'NULL');
INSERT INTO EMP_BRANCH_HISTORY (ID_Employee, ID_Branch, StartDate, EndDate) VALUES (75, 2, '2024-02-29', 'NULL');
INSERT INTO EMP_BRANCH_HISTORY (ID_Employee, ID_Branch, StartDate, EndDate) VALUES (198, 4, '2024-03-10', 'NULL');
INSERT INTO EMP_BRANCH_HISTORY (ID_Employee, ID_Branch, StartDate, EndDate) VALUES (165, 13, '2023-06-30', 'NULL');
INSERT INTO EMP_BRANCH_HISTORY (ID_Employee, ID_Branch, StartDate, EndDate) VALUES (193, 6, '2024-09-03', 'NULL');
INSERT INTO EMP_BRANCH_HISTORY (ID_Employee, ID_Branch, StartDate, EndDate) VALUES (188, 13, '2024-09-11', 'NULL');
INSERT INTO EMP_BRANCH_HISTORY (ID_Employee, ID_Branch, StartDate, EndDate) VALUES (23, 12, '2024-10-26', 'NULL');
INSERT INTO EMP_BRANCH_HISTORY (ID_Employee, ID_Branch, StartDate, EndDate) VALUES (23, 6, '2023-07-30', 'NULL');
INSERT INTO EMP_BRANCH_HISTORY (ID_Employee, ID_Branch, StartDate, EndDate) VALUES (190, 12, '2023-09-04', 'NULL');
INSERT INTO EMP_BRANCH_HISTORY (ID_Employee, ID_Branch, StartDate, EndDate) VALUES (174, 5, '2023-05-21', 'NULL');
INSERT INTO EMP_BRANCH_HISTORY (ID_Employee, ID_Branch, StartDate, EndDate) VALUES (33, 3, '2023-01-28', 'NULL');
INSERT INTO EMP_BRANCH_HISTORY (ID_Employee, ID_Branch, StartDate, EndDate) VALUES (48, 11, '2024-04-16', 'NULL');
INSERT INTO EMP_BRANCH_HISTORY (ID_Employee, ID_Branch, StartDate, EndDate) VALUES (118, 14, '2023-08-04', 'NULL');
INSERT INTO EMP_BRANCH_HISTORY (ID_Employee, ID_Branch, StartDate, EndDate) VALUES (69, 2, '2024-07-31', 'NULL');
INSERT INTO EMP_BRANCH_HISTORY (ID_Employee, ID_Branch, StartDate, EndDate) VALUES (207, 11, '2023-12-20', 'NULL');
INSERT INTO EMP_BRANCH_HISTORY (ID_Employee, ID_Branch, StartDate, EndDate) VALUES (34, 1, '2023-07-16', '2024-12-18');
INSERT INTO EMP_BRANCH_HISTORY (ID_Employee, ID_Branch, StartDate, EndDate) VALUES (6, 13, '2023-12-18', 'NULL');
INSERT INTO EMP_BRANCH_HISTORY (ID_Employee, ID_Branch, StartDate, EndDate) VALUES (114, 9, '2024-07-29', 'NULL');
INSERT INTO EMP_BRANCH_HISTORY (ID_Employee, ID_Branch, StartDate, EndDate) VALUES (218, 1, '2024-10-03', 'NULL');
INSERT INTO EMP_BRANCH_HISTORY (ID_Employee, ID_Branch, StartDate, EndDate) VALUES (144, 1, '2023-04-01', 'NULL');
INSERT INTO EMP_BRANCH_HISTORY (ID_Employee, ID_Branch, StartDate, EndDate) VALUES (175, 13, '2023-03-29', 'NULL');
INSERT INTO EMP_BRANCH_HISTORY (ID_Employee, ID_Branch, StartDate, EndDate) VALUES (66, 4, '2024-06-15', 'NULL');
INSERT INTO EMP_BRANCH_HISTORY (ID_Employee, ID_Branch, StartDate, EndDate) VALUES (52, 5, '2023-05-10', 'NULL');
INSERT INTO EMP_BRANCH_HISTORY (ID_Employee, ID_Branch, StartDate, EndDate) VALUES (119, 4, '2023-01-24', 'NULL');
INSERT INTO EMP_BRANCH_HISTORY (ID_Employee, ID_Branch, StartDate, EndDate) VALUES (179, 15, '2023-05-22', 'NULL');
INSERT INTO EMP_BRANCH_HISTORY (ID_Employee, ID_Branch, StartDate, EndDate) VALUES (93, 5, '2023-04-01', '2024-12-18');
INSERT INTO EMP_BRANCH_HISTORY (ID_Employee, ID_Branch, StartDate, EndDate) VALUES (83, 8, '2024-06-11', 'NULL');
INSERT INTO EMP_BRANCH_HISTORY (ID_Employee, ID_Branch, StartDate, EndDate) VALUES (95, 12, '2024-11-05', 'NULL');
INSERT INTO EMP_BRANCH_HISTORY (ID_Employee, ID_Branch, StartDate, EndDate) VALUES (142, 7, '2024-07-12', 'NULL');
INSERT INTO EMP_BRANCH_HISTORY (ID_Employee, ID_Branch, StartDate, EndDate) VALUES (134, 14, '2024-07-20', 'NULL');
INSERT INTO EMP_BRANCH_HISTORY (ID_Employee, ID_Branch, StartDate, EndDate) VALUES (31, 6, '2023-09-10', 'NULL');
INSERT INTO EMP_BRANCH_HISTORY (ID_Employee, ID_Branch, StartDate, EndDate) VALUES (92, 3, '2024-04-25', 'NULL');
INSERT INTO EMP_BRANCH_HISTORY (ID_Employee, ID_Branch, StartDate, EndDate) VALUES (83, 6, '2024-11-07', 'NULL');
INSERT INTO EMP_BRANCH_HISTORY (ID_Employee, ID_Branch, StartDate, EndDate) VALUES (49, 10, '2023-01-05', 'NULL');
INSERT INTO EMP_BRANCH_HISTORY (ID_Employee, ID_Branch, StartDate, EndDate) VALUES (192, 12, '2023-08-02', '2024-12-18');
INSERT INTO EMP_BRANCH_HISTORY (ID_Employee, ID_Branch, StartDate, EndDate) VALUES (171, 7, '2024-10-27', 'NULL');
INSERT INTO EMP_BRANCH_HISTORY (ID_Employee, ID_Branch, StartDate, EndDate) VALUES (98, 15, '2024-07-03', '2024-12-18');
INSERT INTO EMP_BRANCH_HISTORY (ID_Employee, ID_Branch, StartDate, EndDate) VALUES (61, 15, '2023-05-01', 'NULL');
INSERT INTO EMP_BRANCH_HISTORY (ID_Employee, ID_Branch, StartDate, EndDate) VALUES (123, 9, '2024-03-09', 'NULL');
INSERT INTO EMP_BRANCH_HISTORY (ID_Employee, ID_Branch, StartDate, EndDate) VALUES (225, 10, '2023-04-29', 'NULL');
INSERT INTO EMP_BRANCH_HISTORY (ID_Employee, ID_Branch, StartDate, EndDate) VALUES (213, 13, '2023-08-01', 'NULL');
INSERT INTO EMP_BRANCH_HISTORY (ID_Employee, ID_Branch, StartDate, EndDate) VALUES (137, 5, '2023-09-25', 'NULL');
INSERT INTO EMP_BRANCH_HISTORY (ID_Employee, ID_Branch, StartDate, EndDate) VALUES (21, 6, '2023-04-24', 'NULL');
INSERT INTO EMP_BRANCH_HISTORY (ID_Employee, ID_Branch, StartDate, EndDate) VALUES (141, 4, '2023-09-10', 'NULL');
INSERT INTO EMP_BRANCH_HISTORY (ID_Employee, ID_Branch, StartDate, EndDate) VALUES (168, 2, '2024-03-19', 'NULL');
INSERT INTO EMP_BRANCH_HISTORY (ID_Employee, ID_Branch, StartDate, EndDate) VALUES (83, 9, '2024-10-03', 'NULL');
INSERT INTO EMP_BRANCH_HISTORY (ID_Employee, ID_Branch, StartDate, EndDate) VALUES (35, 13, '2024-11-08', '2024-12-18');
INSERT INTO EMP_BRANCH_HISTORY (ID_Employee, ID_Branch, StartDate, EndDate) VALUES (181, 6, '2024-11-21', 'NULL');
INSERT INTO EMP_BRANCH_HISTORY (ID_Employee, ID_Branch, StartDate, EndDate) VALUES (12, 12, '2024-10-29', 'NULL');
INSERT INTO EMP_BRANCH_HISTORY (ID_Employee, ID_Branch, StartDate, EndDate) VALUES (16, 1, '2024-06-30', 'NULL');
INSERT INTO EMP_BRANCH_HISTORY (ID_Employee, ID_Branch, StartDate, EndDate) VALUES (98, 5, '2023-11-21', 'NULL');
INSERT INTO EMP_BRANCH_HISTORY (ID_Employee, ID_Branch, StartDate, EndDate) VALUES (5, 9, '2023-12-22', 'NULL');
INSERT INTO EMP_BRANCH_HISTORY (ID_Employee, ID_Branch, StartDate, EndDate) VALUES (50, 2, '2023-06-20', '2024-12-18');
INSERT INTO EMP_BRANCH_HISTORY (ID_Employee, ID_Branch, StartDate, EndDate) VALUES (178, 9, '2024-02-28', '2024-12-18');
INSERT INTO EMP_BRANCH_HISTORY (ID_Employee, ID_Branch, StartDate, EndDate) VALUES (157, 10, '2024-02-26', 'NULL');
INSERT INTO EMP_BRANCH_HISTORY (ID_Employee, ID_Branch, StartDate, EndDate) VALUES (63, 10, '2023-01-29', 'NULL');
INSERT INTO EMP_BRANCH_HISTORY (ID_Employee, ID_Branch, StartDate, EndDate) VALUES (58, 3, '2024-04-17', 'NULL');
INSERT INTO EMP_BRANCH_HISTORY (ID_Employee, ID_Branch, StartDate, EndDate) VALUES (116, 8, '2023-10-03', 'NULL');
INSERT INTO EMP_BRANCH_HISTORY (ID_Employee, ID_Branch, StartDate, EndDate) VALUES (61, 13, '2023-10-19', '2024-12-18');
INSERT INTO EMP_BRANCH_HISTORY (ID_Employee, ID_Branch, StartDate, EndDate) VALUES (85, 5, '2024-02-07', 'NULL');
INSERT INTO EMP_BRANCH_HISTORY (ID_Employee, ID_Branch, StartDate, EndDate) VALUES (209, 1, '2023-08-16', 'NULL');
INSERT INTO EMP_BRANCH_HISTORY (ID_Employee, ID_Branch, StartDate, EndDate) VALUES (203, 9, '2023-09-16', 'NULL');
INSERT INTO EMP_BRANCH_HISTORY (ID_Employee, ID_Branch, StartDate, EndDate) VALUES (5, 1, '2024-01-09', 'NULL');
INSERT INTO EMP_BRANCH_HISTORY (ID_Employee, ID_Branch, StartDate, EndDate) VALUES (147, 3, '2024-04-06', 'NULL');
INSERT INTO EMP_BRANCH_HISTORY (ID_Employee, ID_Branch, StartDate, EndDate) VALUES (159, 13, '2024-08-31', 'NULL');
INSERT INTO EMP_BRANCH_HISTORY (ID_Employee, ID_Branch, StartDate, EndDate) VALUES (99, 5, '2023-12-22', 'NULL');
INSERT INTO EMP_BRANCH_HISTORY (ID_Employee, ID_Branch, StartDate, EndDate) VALUES (86, 9, '2024-09-18', 'NULL');
INSERT INTO EMP_BRANCH_HISTORY (ID_Employee, ID_Branch, StartDate, EndDate) VALUES (170, 10, '2024-07-10', 'NULL');
INSERT INTO EMP_BRANCH_HISTORY (ID_Employee, ID_Branch, StartDate, EndDate) VALUES (61, 3, '2024-03-10', 'NULL');
INSERT INTO EMP_BRANCH_HISTORY (ID_Employee, ID_Branch, StartDate, EndDate) VALUES (82, 6, '2023-06-26', 'NULL');
INSERT INTO EMP_BRANCH_HISTORY (ID_Employee, ID_Branch, StartDate, EndDate) VALUES (105, 4, '2024-05-23', 'NULL');
INSERT INTO EMP_BRANCH_HISTORY (ID_Employee, ID_Branch, StartDate, EndDate) VALUES (80, 13, '2023-07-19', 'NULL');
INSERT INTO EMP_BRANCH_HISTORY (ID_Employee, ID_Branch, StartDate, EndDate) VALUES (157, 7, '2023-03-17', 'NULL');
INSERT INTO EMP_BRANCH_HISTORY (ID_Employee, ID_Branch, StartDate, EndDate) VALUES (216, 14, '2024-02-28', 'NULL');
INSERT INTO EMP_BRANCH_HISTORY (ID_Employee, ID_Branch, StartDate, EndDate) VALUES (141, 9, '2023-06-27', 'NULL');
INSERT INTO EMP_BRANCH_HISTORY (ID_Employee, ID_Branch, StartDate, EndDate) VALUES (41, 5, '2022-12-26', 'NULL');
INSERT INTO EMP_BRANCH_HISTORY (ID_Employee, ID_Branch, StartDate, EndDate) VALUES (74, 4, '2024-01-13', 'NULL');
INSERT INTO EMP_BRANCH_HISTORY (ID_Employee, ID_Branch, StartDate, EndDate) VALUES (164, 14, '2023-06-26', 'NULL');
INSERT INTO EMP_BRANCH_HISTORY (ID_Employee, ID_Branch, StartDate, EndDate) VALUES (106, 3, '2024-02-16', 'NULL');
INSERT INTO EMP_BRANCH_HISTORY (ID_Employee, ID_Branch, StartDate, EndDate) VALUES (220, 8, '2024-03-07', 'NULL');
INSERT INTO EMP_BRANCH_HISTORY (ID_Employee, ID_Branch, StartDate, EndDate) VALUES (90, 1, '2023-06-27', 'NULL');
INSERT INTO EMP_BRANCH_HISTORY (ID_Employee, ID_Branch, StartDate, EndDate) VALUES (215, 3, '2023-08-17', 'NULL');
INSERT INTO EMP_BRANCH_HISTORY (ID_Employee, ID_Branch, StartDate, EndDate) VALUES (48, 5, '2023-11-07', 'NULL');
INSERT INTO EMP_BRANCH_HISTORY (ID_Employee, ID_Branch, StartDate, EndDate) VALUES (171, 10, '2023-06-07', 'NULL');
INSERT INTO EMP_BRANCH_HISTORY (ID_Employee, ID_Branch, StartDate, EndDate) VALUES (40, 13, '2024-07-17', 'NULL');
INSERT INTO EMP_BRANCH_HISTORY (ID_Employee, ID_Branch, StartDate, EndDate) VALUES (222, 12, '2023-01-08', 'NULL');
INSERT INTO EMP_BRANCH_HISTORY (ID_Employee, ID_Branch, StartDate, EndDate) VALUES (18, 8, '2024-04-17', 'NULL');
INSERT INTO EMP_BRANCH_HISTORY (ID_Employee, ID_Branch, StartDate, EndDate) VALUES (163, 11, '2022-12-20', 'NULL');
INSERT INTO EMP_BRANCH_HISTORY (ID_Employee, ID_Branch, StartDate, EndDate) VALUES (165, 6, '2023-07-02', 'NULL');
INSERT INTO EMP_BRANCH_HISTORY (ID_Employee, ID_Branch, StartDate, EndDate) VALUES (173, 8, '2024-06-24', 'NULL');
INSERT INTO EMP_BRANCH_HISTORY (ID_Employee, ID_Branch, StartDate, EndDate) VALUES (165, 3, '2023-07-17', 'NULL');
INSERT INTO EMP_BRANCH_HISTORY (ID_Employee, ID_Branch, StartDate, EndDate) VALUES (169, 8, '2023-11-21', 'NULL');
INSERT INTO EMP_BRANCH_HISTORY (ID_Employee, ID_Branch, StartDate, EndDate) VALUES (181, 15, '2023-12-16', 'NULL');
INSERT INTO EMP_BRANCH_HISTORY (ID_Employee, ID_Branch, StartDate, EndDate) VALUES (180, 15, '2023-05-01', 'NULL');
INSERT INTO EMP_BRANCH_HISTORY (ID_Employee, ID_Branch, StartDate, EndDate) VALUES (210, 8, '2024-10-14', 'NULL');
INSERT INTO EMP_BRANCH_HISTORY (ID_Employee, ID_Branch, StartDate, EndDate) VALUES (216, 3, '2023-07-14', 'NULL');
INSERT INTO EMP_BRANCH_HISTORY (ID_Employee, ID_Branch, StartDate, EndDate) VALUES (95, 10, '2023-05-17', 'NULL');
INSERT INTO EMP_BRANCH_HISTORY (ID_Employee, ID_Branch, StartDate, EndDate) VALUES (118, 15, '2024-11-10', 'NULL');
INSERT INTO EMP_BRANCH_HISTORY (ID_Employee, ID_Branch, StartDate, EndDate) VALUES (135, 9, '2023-05-26', 'NULL');
INSERT INTO EMP_BRANCH_HISTORY (ID_Employee, ID_Branch, StartDate, EndDate) VALUES (112, 8, '2023-10-12', 'NULL');
INSERT INTO EMP_BRANCH_HISTORY (ID_Employee, ID_Branch, StartDate, EndDate) VALUES (74, 13, '2023-11-27', 'NULL');
INSERT INTO EMP_BRANCH_HISTORY (ID_Employee, ID_Branch, StartDate, EndDate) VALUES (75, 8, '2024-04-30', 'NULL');
INSERT INTO EMP_BRANCH_HISTORY (ID_Employee, ID_Branch, StartDate, EndDate) VALUES (121, 14, '2024-06-05', 'NULL');
INSERT INTO EMP_BRANCH_HISTORY (ID_Employee, ID_Branch, StartDate, EndDate) VALUES (119, 14, '2024-08-08', 'NULL');
INSERT INTO EMP_BRANCH_HISTORY (ID_Employee, ID_Branch, StartDate, EndDate) VALUES (77, 15, '2024-01-31', 'NULL');
INSERT INTO EMP_BRANCH_HISTORY (ID_Employee, ID_Branch, StartDate, EndDate) VALUES (171, 5, '2024-02-06', 'NULL');
INSERT INTO EMP_BRANCH_HISTORY (ID_Employee, ID_Branch, StartDate, EndDate) VALUES (127, 11, '2024-05-25', 'NULL');
INSERT INTO EMP_BRANCH_HISTORY (ID_Employee, ID_Branch, StartDate, EndDate) VALUES (19, 5, '2024-10-14', 'NULL');
INSERT INTO EMP_BRANCH_HISTORY (ID_Employee, ID_Branch, StartDate, EndDate) VALUES (168, 8, '2022-12-29', 'NULL');
INSERT INTO EMP_BRANCH_HISTORY (ID_Employee, ID_Branch, StartDate, EndDate) VALUES (2, 1, '2023-01-03', 'NULL');
INSERT INTO EMP_BRANCH_HISTORY (ID_Employee, ID_Branch, StartDate, EndDate) VALUES (193, 2, '2022-12-29', 'NULL');
INSERT INTO EMP_BRANCH_HISTORY (ID_Employee, ID_Branch, StartDate, EndDate) VALUES (59, 7, '2024-04-03', 'NULL');
INSERT INTO EMP_BRANCH_HISTORY (ID_Employee, ID_Branch, StartDate, EndDate) VALUES (142, 10, '2023-07-19', '2024-12-18');
INSERT INTO EMP_BRANCH_HISTORY (ID_Employee, ID_Branch, StartDate, EndDate) VALUES (206, 15, '2023-11-04', '2024-12-18');
INSERT INTO EMP_BRANCH_HISTORY (ID_Employee, ID_Branch, StartDate, EndDate) VALUES (200, 10, '2024-11-11', 'NULL');
INSERT INTO EMP_BRANCH_HISTORY (ID_Employee, ID_Branch, StartDate, EndDate) VALUES (191, 15, '2024-05-06', 'NULL');
INSERT INTO EMP_BRANCH_HISTORY (ID_Employee, ID_Branch, StartDate, EndDate) VALUES (90, 14, '2024-05-18', 'NULL');
INSERT INTO EMP_BRANCH_HISTORY (ID_Employee, ID_Branch, StartDate, EndDate) VALUES (207, 15, '2023-07-11', 'NULL');
INSERT INTO EMP_BRANCH_HISTORY (ID_Employee, ID_Branch, StartDate, EndDate) VALUES (145, 4, '2024-12-15', 'NULL');
INSERT INTO EMP_BRANCH_HISTORY (ID_Employee, ID_Branch, StartDate, EndDate) VALUES (70, 12, '2023-10-30', 'NULL');
INSERT INTO EMP_BRANCH_HISTORY (ID_Employee, ID_Branch, StartDate, EndDate) VALUES (34, 14, '2023-03-25', 'NULL');
INSERT INTO EMP_BRANCH_HISTORY (ID_Employee, ID_Branch, StartDate, EndDate) VALUES (68, 8, '2022-12-19', 'NULL');
INSERT INTO EMP_BRANCH_HISTORY (ID_Employee, ID_Branch, StartDate, EndDate) VALUES (28, 10, '2024-08-29', 'NULL');
INSERT INTO EMP_BRANCH_HISTORY (ID_Employee, ID_Branch, StartDate, EndDate) VALUES (170, 8, '2023-06-29', 'NULL');
INSERT INTO EMP_BRANCH_HISTORY (ID_Employee, ID_Branch, StartDate, EndDate) VALUES (121, 7, '2023-12-27', 'NULL');
INSERT INTO EMP_BRANCH_HISTORY (ID_Employee, ID_Branch, StartDate, EndDate) VALUES (45, 9, '2023-06-30', 'NULL');
INSERT INTO EMP_BRANCH_HISTORY (ID_Employee, ID_Branch, StartDate, EndDate) VALUES (199, 11, '2023-05-03', 'NULL');
INSERT INTO EMP_BRANCH_HISTORY (ID_Employee, ID_Branch, StartDate, EndDate) VALUES (181, 12, '2023-10-11', 'NULL');
INSERT INTO EMP_BRANCH_HISTORY (ID_Employee, ID_Branch, StartDate, EndDate) VALUES (14, 6, '2024-09-29', 'NULL');
INSERT INTO EMP_BRANCH_HISTORY (ID_Employee, ID_Branch, StartDate, EndDate) VALUES (77, 9, '2023-06-18', '2024-12-18');
INSERT INTO EMP_BRANCH_HISTORY (ID_Employee, ID_Branch, StartDate, EndDate) VALUES (219, 14, '2024-11-03', 'NULL');
INSERT INTO EMP_BRANCH_HISTORY (ID_Employee, ID_Branch, StartDate, EndDate) VALUES (70, 15, '2024-01-24', 'NULL');
INSERT INTO EMP_BRANCH_HISTORY (ID_Employee, ID_Branch, StartDate, EndDate) VALUES (4, 14, '2023-05-04', 'NULL');
INSERT INTO EMP_BRANCH_HISTORY (ID_Employee, ID_Branch, StartDate, EndDate) VALUES (16, 9, '2023-04-10', 'NULL');
INSERT INTO EMP_BRANCH_HISTORY (ID_Employee, ID_Branch, StartDate, EndDate) VALUES (41, 4, '2023-05-14', '2024-12-18');
INSERT INTO EMP_BRANCH_HISTORY (ID_Employee, ID_Branch, StartDate, EndDate) VALUES (123, 6, '2023-11-18', 'NULL');
INSERT INTO EMP_BRANCH_HISTORY (ID_Employee, ID_Branch, StartDate, EndDate) VALUES (61, 10, '2023-06-29', 'NULL');
INSERT INTO EMP_BRANCH_HISTORY (ID_Employee, ID_Branch, StartDate, EndDate) VALUES (35, 2, '2024-05-27', 'NULL');
INSERT INTO EMP_BRANCH_HISTORY (ID_Employee, ID_Branch, StartDate, EndDate) VALUES (66, 12, '2024-02-18', '2024-12-18');
INSERT INTO EMP_BRANCH_HISTORY (ID_Employee, ID_Branch, StartDate, EndDate) VALUES (8, 5, '2024-06-13', 'NULL');
INSERT INTO EMP_BRANCH_HISTORY (ID_Employee, ID_Branch, StartDate, EndDate) VALUES (180, 12, '2024-02-11', 'NULL');
INSERT INTO EMP_BRANCH_HISTORY (ID_Employee, ID_Branch, StartDate, EndDate) VALUES (118, 13, '2024-02-15', 'NULL');
INSERT INTO EMP_BRANCH_HISTORY (ID_Employee, ID_Branch, StartDate, EndDate) VALUES (136, 10, '2024-09-03', 'NULL');
INSERT INTO EMP_BRANCH_HISTORY (ID_Employee, ID_Branch, StartDate, EndDate) VALUES (147, 8, '2024-07-31', 'NULL');
INSERT INTO EMP_BRANCH_HISTORY (ID_Employee, ID_Branch, StartDate, EndDate) VALUES (184, 1, '2024-08-22', 'NULL');
INSERT INTO EMP_BRANCH_HISTORY (ID_Employee, ID_Branch, StartDate, EndDate) VALUES (1, 2, '2022-12-31', 'NULL');
INSERT INTO EMP_BRANCH_HISTORY (ID_Employee, ID_Branch, StartDate, EndDate) VALUES (32, 15, '2023-03-22', 'NULL');
INSERT INTO EMP_BRANCH_HISTORY (ID_Employee, ID_Branch, StartDate, EndDate) VALUES (52, 15, '2023-02-26', 'NULL');
INSERT INTO EMP_BRANCH_HISTORY (ID_Employee, ID_Branch, StartDate, EndDate) VALUES (107, 4, '2023-01-21', '2024-12-18');
INSERT INTO EMP_BRANCH_HISTORY (ID_Employee, ID_Branch, StartDate, EndDate) VALUES (190, 15, '2023-05-27', 'NULL');
INSERT INTO EMP_BRANCH_HISTORY (ID_Employee, ID_Branch, StartDate, EndDate) VALUES (112, 1, '2023-11-19', 'NULL');
INSERT INTO EMP_BRANCH_HISTORY (ID_Employee, ID_Branch, StartDate, EndDate) VALUES (66, 11, '2023-10-19', 'NULL');
INSERT INTO EMP_BRANCH_HISTORY (ID_Employee, ID_Branch, StartDate, EndDate) VALUES (186, 1, '2023-01-23', 'NULL');
INSERT INTO EMP_BRANCH_HISTORY (ID_Employee, ID_Branch, StartDate, EndDate) VALUES (41, 8, '2024-01-23', 'NULL');
INSERT INTO EMP_BRANCH_HISTORY (ID_Employee, ID_Branch, StartDate, EndDate) VALUES (54, 12, '2023-10-30', 'NULL');
INSERT INTO EMP_BRANCH_HISTORY (ID_Employee, ID_Branch, StartDate, EndDate) VALUES (29, 14, '2023-06-13', 'NULL');
INSERT INTO EMP_BRANCH_HISTORY (ID_Employee, ID_Branch, StartDate, EndDate) VALUES (182, 12, '2024-03-21', 'NULL');
INSERT INTO EMP_BRANCH_HISTORY (ID_Employee, ID_Branch, StartDate, EndDate) VALUES (166, 5, '2023-03-20', 'NULL');
INSERT INTO EMP_BRANCH_HISTORY (ID_Employee, ID_Branch, StartDate, EndDate) VALUES (105, 7, '2024-12-17', 'NULL');
INSERT INTO EMP_BRANCH_HISTORY (ID_Employee, ID_Branch, StartDate, EndDate) VALUES (77, 14, '2023-12-29', 'NULL');
INSERT INTO EMP_BRANCH_HISTORY (ID_Employee, ID_Branch, StartDate, EndDate) VALUES (144, 3, '2024-07-26', 'NULL');
INSERT INTO EMP_BRANCH_HISTORY (ID_Employee, ID_Branch, StartDate, EndDate) VALUES (3, 4, '2023-01-06', 'NULL');
INSERT INTO EMP_BRANCH_HISTORY (ID_Employee, ID_Branch, StartDate, EndDate) VALUES (184, 2, '2024-03-24', 'NULL');
INSERT INTO EMP_BRANCH_HISTORY (ID_Employee, ID_Branch, StartDate, EndDate) VALUES (202, 6, '2023-01-28', 'NULL');
INSERT INTO EMP_BRANCH_HISTORY (ID_Employee, ID_Branch, StartDate, EndDate) VALUES (87, 11, '2024-01-17', 'NULL');
INSERT INTO EMP_BRANCH_HISTORY (ID_Employee, ID_Branch, StartDate, EndDate) VALUES (1, 7, '2023-09-06', 'NULL');
INSERT INTO EMP_BRANCH_HISTORY (ID_Employee, ID_Branch, StartDate, EndDate) VALUES (54, 7, '2023-10-01', 'NULL');
INSERT INTO EMP_BRANCH_HISTORY (ID_Employee, ID_Branch, StartDate, EndDate) VALUES (82, 9, '2023-08-15', 'NULL');
INSERT INTO EMP_BRANCH_HISTORY (ID_Employee, ID_Branch, StartDate, EndDate) VALUES (191, 14, '2023-11-17', 'NULL');
INSERT INTO EMP_BRANCH_HISTORY (ID_Employee, ID_Branch, StartDate, EndDate) VALUES (141, 14, '2023-12-19', 'NULL');
INSERT INTO EMP_BRANCH_HISTORY (ID_Employee, ID_Branch, StartDate, EndDate) VALUES (41, 10, '2024-03-02', 'NULL');
INSERT INTO EMP_BRANCH_HISTORY (ID_Employee, ID_Branch, StartDate, EndDate) VALUES (212, 13, '2023-03-12', 'NULL');
INSERT INTO EMP_BRANCH_HISTORY (ID_Employee, ID_Branch, StartDate, EndDate) VALUES (129, 7, '2023-12-26', 'NULL');
INSERT INTO EMP_BRANCH_HISTORY (ID_Employee, ID_Branch, StartDate, EndDate) VALUES (54, 5, '2023-01-31', 'NULL');
INSERT INTO EMP_BRANCH_HISTORY (ID_Employee, ID_Branch, StartDate, EndDate) VALUES (124, 14, '2022-12-26', 'NULL');
INSERT INTO EMP_BRANCH_HISTORY (ID_Employee, ID_Branch, StartDate, EndDate) VALUES (158, 1, '2024-10-19', 'NULL');
INSERT INTO EMP_BRANCH_HISTORY (ID_Employee, ID_Branch, StartDate, EndDate) VALUES (15, 15, '2024-01-18', 'NULL');
INSERT INTO EMP_BRANCH_HISTORY (ID_Employee, ID_Branch, StartDate, EndDate) VALUES (216, 2, '2024-08-14', 'NULL');
INSERT INTO EMP_BRANCH_HISTORY (ID_Employee, ID_Branch, StartDate, EndDate) VALUES (210, 13, '2024-06-08', 'NULL');
INSERT INTO EMP_BRANCH_HISTORY (ID_Employee, ID_Branch, StartDate, EndDate) VALUES (190, 14, '2023-04-21', 'NULL');
INSERT INTO EMP_BRANCH_HISTORY (ID_Employee, ID_Branch, StartDate, EndDate) VALUES (52, 9, '2023-12-01', 'NULL');
INSERT INTO EMP_BRANCH_HISTORY (ID_Employee, ID_Branch, StartDate, EndDate) VALUES (71, 8, '2023-12-25', 'NULL');
INSERT INTO EMP_BRANCH_HISTORY (ID_Employee, ID_Branch, StartDate, EndDate) VALUES (122, 4, '2023-12-17', 'NULL');
INSERT INTO EMP_BRANCH_HISTORY (ID_Employee, ID_Branch, StartDate, EndDate) VALUES (194, 7, '2023-11-15', 'NULL');
INSERT INTO EMP_BRANCH_HISTORY (ID_Employee, ID_Branch, StartDate, EndDate) VALUES (40, 14, '2024-04-22', 'NULL');
INSERT INTO EMP_BRANCH_HISTORY (ID_Employee, ID_Branch, StartDate, EndDate) VALUES (157, 13, '2023-07-22', 'NULL');
INSERT INTO EMP_BRANCH_HISTORY (ID_Employee, ID_Branch, StartDate, EndDate) VALUES (81, 10, '2024-02-16', 'NULL');
INSERT INTO EMP_BRANCH_HISTORY (ID_Employee, ID_Branch, StartDate, EndDate) VALUES (76, 1, '2023-04-22', 'NULL');
INSERT INTO EMP_BRANCH_HISTORY (ID_Employee, ID_Branch, StartDate, EndDate) VALUES (177, 1, '2024-05-24', '2024-12-18');
INSERT INTO EMP_BRANCH_HISTORY (ID_Employee, ID_Branch, StartDate, EndDate) VALUES (35, 11, '2024-03-16', '2024-12-18');
INSERT INTO EMP_BRANCH_HISTORY (ID_Employee, ID_Branch, StartDate, EndDate) VALUES (115, 3, '2023-09-02', 'NULL');
INSERT INTO EMP_BRANCH_HISTORY (ID_Employee, ID_Branch, StartDate, EndDate) VALUES (173, 12, '2024-07-11', 'NULL');
INSERT INTO EMP_BRANCH_HISTORY (ID_Employee, ID_Branch, StartDate, EndDate) VALUES (216, 9, '2023-11-25', 'NULL');
INSERT INTO EMP_BRANCH_HISTORY (ID_Employee, ID_Branch, StartDate, EndDate) VALUES (86, 7, '2023-06-01', 'NULL');
INSERT INTO EMP_BRANCH_HISTORY (ID_Employee, ID_Branch, StartDate, EndDate) VALUES (50, 14, '2024-05-05', 'NULL');
INSERT INTO EMP_BRANCH_HISTORY (ID_Employee, ID_Branch, StartDate, EndDate) VALUES (166, 13, '2024-07-10', 'NULL');
INSERT INTO EMP_BRANCH_HISTORY (ID_Employee, ID_Branch, StartDate, EndDate) VALUES (177, 12, '2024-12-04', '2024-12-18');
INSERT INTO EMP_BRANCH_HISTORY (ID_Employee, ID_Branch, StartDate, EndDate) VALUES (16, 2, '2024-09-10', '2024-12-18');
INSERT INTO EMP_BRANCH_HISTORY (ID_Employee, ID_Branch, StartDate, EndDate) VALUES (88, 10, '2023-06-19', 'NULL');
INSERT INTO EMP_BRANCH_HISTORY (ID_Employee, ID_Branch, StartDate, EndDate) VALUES (59, 12, '2024-03-31', '2024-12-18');
INSERT INTO EMP_BRANCH_HISTORY (ID_Employee, ID_Branch, StartDate, EndDate) VALUES (124, 7, '2024-02-25', 'NULL');
INSERT INTO EMP_BRANCH_HISTORY (ID_Employee, ID_Branch, StartDate, EndDate) VALUES (183, 13, '2024-02-28', 'NULL');
INSERT INTO EMP_BRANCH_HISTORY (ID_Employee, ID_Branch, StartDate, EndDate) VALUES (110, 2, '2023-03-17', 'NULL');
INSERT INTO EMP_BRANCH_HISTORY (ID_Employee, ID_Branch, StartDate, EndDate) VALUES (102, 7, '2024-11-03', 'NULL');
INSERT INTO EMP_BRANCH_HISTORY (ID_Employee, ID_Branch, StartDate, EndDate) VALUES (54, 14, '2024-10-21', 'NULL');
INSERT INTO EMP_BRANCH_HISTORY (ID_Employee, ID_Branch, StartDate, EndDate) VALUES (114, 7, '2024-12-13', 'NULL');
INSERT INTO EMP_BRANCH_HISTORY (ID_Employee, ID_Branch, StartDate, EndDate) VALUES (33, 9, '2023-03-13', '2024-12-18');
INSERT INTO EMP_BRANCH_HISTORY (ID_Employee, ID_Branch, StartDate, EndDate) VALUES (141, 13, '2023-06-29', 'NULL');
INSERT INTO EMP_BRANCH_HISTORY (ID_Employee, ID_Branch, StartDate, EndDate) VALUES (1, 9, '2023-10-31', 'NULL');
INSERT INTO EMP_BRANCH_HISTORY (ID_Employee, ID_Branch, StartDate, EndDate) VALUES (222, 6, '2024-02-06', 'NULL');
INSERT INTO EMP_BRANCH_HISTORY (ID_Employee, ID_Branch, StartDate, EndDate) VALUES (127, 6, '2024-07-02', 'NULL');
INSERT INTO EMP_BRANCH_HISTORY (ID_Employee, ID_Branch, StartDate, EndDate) VALUES (133, 11, '2024-07-15', 'NULL');
INSERT INTO EMP_BRANCH_HISTORY (ID_Employee, ID_Branch, StartDate, EndDate) VALUES (200, 14, '2023-03-25', 'NULL');
INSERT INTO EMP_BRANCH_HISTORY (ID_Employee, ID_Branch, StartDate, EndDate) VALUES (96, 7, '2023-10-09', 'NULL');
INSERT INTO EMP_BRANCH_HISTORY (ID_Employee, ID_Branch, StartDate, EndDate) VALUES (42, 12, '2023-11-19', 'NULL');
INSERT INTO EMP_BRANCH_HISTORY (ID_Employee, ID_Branch, StartDate, EndDate) VALUES (176, 15, '2024-05-07', 'NULL');
INSERT INTO EMP_BRANCH_HISTORY (ID_Employee, ID_Branch, StartDate, EndDate) VALUES (80, 9, '2024-05-12', 'NULL');
INSERT INTO EMP_BRANCH_HISTORY (ID_Employee, ID_Branch, StartDate, EndDate) VALUES (99, 3, '2023-07-09', 'NULL');
INSERT INTO EMP_BRANCH_HISTORY (ID_Employee, ID_Branch, StartDate, EndDate) VALUES (58, 9, '2023-04-17', 'NULL');
INSERT INTO EMP_BRANCH_HISTORY (ID_Employee, ID_Branch, StartDate, EndDate) VALUES (26, 3, '2023-07-12', 'NULL');
INSERT INTO EMP_BRANCH_HISTORY (ID_Employee, ID_Branch, StartDate, EndDate) VALUES (76, 8, '2023-08-25', 'NULL');
INSERT INTO EMP_BRANCH_HISTORY (ID_Employee, ID_Branch, StartDate, EndDate) VALUES (146, 2, '2024-09-09', 'NULL');
INSERT INTO EMP_BRANCH_HISTORY (ID_Employee, ID_Branch, StartDate, EndDate) VALUES (123, 7, '2024-01-11', '2024-12-18');
INSERT INTO EMP_BRANCH_HISTORY (ID_Employee, ID_Branch, StartDate, EndDate) VALUES (144, 8, '2024-12-05', 'NULL');
INSERT INTO EMP_BRANCH_HISTORY (ID_Employee, ID_Branch, StartDate, EndDate) VALUES (8, 12, '2023-09-16', 'NULL');
INSERT INTO EMP_BRANCH_HISTORY (ID_Employee, ID_Branch, StartDate, EndDate) VALUES (9, 12, '2024-09-20', 'NULL');
INSERT INTO EMP_BRANCH_HISTORY (ID_Employee, ID_Branch, StartDate, EndDate) VALUES (55, 12, '2024-01-19', 'NULL');
INSERT INTO EMP_BRANCH_HISTORY (ID_Employee, ID_Branch, StartDate, EndDate) VALUES (74, 12, '2024-11-06', 'NULL');
INSERT INTO EMP_BRANCH_HISTORY (ID_Employee, ID_Branch, StartDate, EndDate) VALUES (88, 8, '2024-02-16', 'NULL');
INSERT INTO EMP_BRANCH_HISTORY (ID_Employee, ID_Branch, StartDate, EndDate) VALUES (206, 12, '2024-09-20', 'NULL');
INSERT INTO EMP_BRANCH_HISTORY (ID_Employee, ID_Branch, StartDate, EndDate) VALUES (175, 4, '2023-05-27', 'NULL');
INSERT INTO EMP_BRANCH_HISTORY (ID_Employee, ID_Branch, StartDate, EndDate) VALUES (141, 8, '2023-02-08', 'NULL');
INSERT INTO EMP_BRANCH_HISTORY (ID_Employee, ID_Branch, StartDate, EndDate) VALUES (138, 14, '2022-12-20', '2024-12-18');
INSERT INTO EMP_BRANCH_HISTORY (ID_Employee, ID_Branch, StartDate, EndDate) VALUES (153, 8, '2024-04-23', 'NULL');
INSERT INTO EMP_BRANCH_HISTORY (ID_Employee, ID_Branch, StartDate, EndDate) VALUES (158, 3, '2023-08-26', 'NULL');
INSERT INTO EMP_BRANCH_HISTORY (ID_Employee, ID_Branch, StartDate, EndDate) VALUES (15, 5, '2023-06-12', 'NULL');
INSERT INTO EMP_BRANCH_HISTORY (ID_Employee, ID_Branch, StartDate, EndDate) VALUES (221, 2, '2024-04-27', 'NULL');
INSERT INTO EMP_BRANCH_HISTORY (ID_Employee, ID_Branch, StartDate, EndDate) VALUES (161, 15, '2024-07-29', 'NULL');
INSERT INTO EMP_BRANCH_HISTORY (ID_Employee, ID_Branch, StartDate, EndDate) VALUES (106, 7, '2024-06-05', 'NULL');
INSERT INTO EMP_BRANCH_HISTORY (ID_Employee, ID_Branch, StartDate, EndDate) VALUES (187, 15, '2023-09-12', 'NULL');
INSERT INTO EMP_BRANCH_HISTORY (ID_Employee, ID_Branch, StartDate, EndDate) VALUES (130, 15, '2024-11-07', 'NULL');
INSERT INTO EMP_BRANCH_HISTORY (ID_Employee, ID_Branch, StartDate, EndDate) VALUES (63, 12, '2024-03-03', 'NULL');
INSERT INTO EMP_BRANCH_HISTORY (ID_Employee, ID_Branch, StartDate, EndDate) VALUES (30, 14, '2023-06-08', 'NULL');
INSERT INTO EMP_BRANCH_HISTORY (ID_Employee, ID_Branch, StartDate, EndDate) VALUES (19, 7, '2024-11-21', 'NULL');
INSERT INTO EMP_BRANCH_HISTORY (ID_Employee, ID_Branch, StartDate, EndDate) VALUES (221, 9, '2024-10-01', '2024-12-18');
INSERT INTO EMP_BRANCH_HISTORY (ID_Employee, ID_Branch, StartDate, EndDate) VALUES (48, 2, '2023-09-10', 'NULL');
INSERT INTO EMP_BRANCH_HISTORY (ID_Employee, ID_Branch, StartDate, EndDate) VALUES (100, 4, '2023-06-20', 'NULL');
INSERT INTO EMP_BRANCH_HISTORY (ID_Employee, ID_Branch, StartDate, EndDate) VALUES (39, 8, '2024-03-18', '2024-12-18');
INSERT INTO EMP_BRANCH_HISTORY (ID_Employee, ID_Branch, StartDate, EndDate) VALUES (176, 3, '2023-04-06', 'NULL');
INSERT INTO EMP_BRANCH_HISTORY (ID_Employee, ID_Branch, StartDate, EndDate) VALUES (78, 2, '2023-12-01', 'NULL');
INSERT INTO EMP_BRANCH_HISTORY (ID_Employee, ID_Branch, StartDate, EndDate) VALUES (103, 15, '2023-06-07', 'NULL');
INSERT INTO EMP_BRANCH_HISTORY (ID_Employee, ID_Branch, StartDate, EndDate) VALUES (145, 1, '2024-01-16', 'NULL');
INSERT INTO EMP_BRANCH_HISTORY (ID_Employee, ID_Branch, StartDate, EndDate) VALUES (48, 4, '2024-04-19', 'NULL');
INSERT INTO EMP_BRANCH_HISTORY (ID_Employee, ID_Branch, StartDate, EndDate) VALUES (107, 15, '2024-02-12', 'NULL');
INSERT INTO EMP_BRANCH_HISTORY (ID_Employee, ID_Branch, StartDate, EndDate) VALUES (202, 5, '2023-11-02', 'NULL');
INSERT INTO EMP_BRANCH_HISTORY (ID_Employee, ID_Branch, StartDate, EndDate) VALUES (124, 6, '2024-08-08', 'NULL');
INSERT INTO EMP_BRANCH_HISTORY (ID_Employee, ID_Branch, StartDate, EndDate) VALUES (218, 6, '2024-12-18', '2024-12-18');
INSERT INTO EMP_BRANCH_HISTORY (ID_Employee, ID_Branch, StartDate, EndDate) VALUES (61, 7, '2023-05-22', 'NULL');
INSERT INTO EMP_BRANCH_HISTORY (ID_Employee, ID_Branch, StartDate, EndDate) VALUES (28, 15, '2024-08-02', 'NULL');
INSERT INTO EMP_BRANCH_HISTORY (ID_Employee, ID_Branch, StartDate, EndDate) VALUES (25, 2, '2024-03-11', 'NULL');
INSERT INTO EMP_BRANCH_HISTORY (ID_Employee, ID_Branch, StartDate, EndDate) VALUES (190, 8, '2024-07-07', 'NULL');
INSERT INTO EMP_BRANCH_HISTORY (ID_Employee, ID_Branch, StartDate, EndDate) VALUES (34, 7, '2024-04-29', '2024-12-18');
INSERT INTO EMP_BRANCH_HISTORY (ID_Employee, ID_Branch, StartDate, EndDate) VALUES (60, 1, '2024-03-03', 'NULL');
INSERT INTO EMP_BRANCH_HISTORY (ID_Employee, ID_Branch, StartDate, EndDate) VALUES (14, 12, '2023-06-03', 'NULL');
INSERT INTO EMP_BRANCH_HISTORY (ID_Employee, ID_Branch, StartDate, EndDate) VALUES (146, 7, '2024-09-17', 'NULL');
INSERT INTO EMP_BRANCH_HISTORY (ID_Employee, ID_Branch, StartDate, EndDate) VALUES (170, 2, '2023-03-28', 'NULL');
INSERT INTO EMP_BRANCH_HISTORY (ID_Employee, ID_Branch, StartDate, EndDate) VALUES (193, 15, '2024-08-14', 'NULL');
INSERT INTO EMP_BRANCH_HISTORY (ID_Employee, ID_Branch, StartDate, EndDate) VALUES (152, 15, '2022-12-31', 'NULL');
INSERT INTO EMP_BRANCH_HISTORY (ID_Employee, ID_Branch, StartDate, EndDate) VALUES (6, 10, '2024-02-12', 'NULL');
INSERT INTO EMP_BRANCH_HISTORY (ID_Employee, ID_Branch, StartDate, EndDate) VALUES (170, 15, '2023-01-07', 'NULL');
INSERT INTO EMP_BRANCH_HISTORY (ID_Employee, ID_Branch, StartDate, EndDate) VALUES (89, 8, '2024-03-31', 'NULL');
INSERT INTO EMP_BRANCH_HISTORY (ID_Employee, ID_Branch, StartDate, EndDate) VALUES (219, 13, '2023-02-06', 'NULL');
INSERT INTO EMP_BRANCH_HISTORY (ID_Employee, ID_Branch, StartDate, EndDate) VALUES (100, 13, '2024-07-21', 'NULL');
INSERT INTO EMP_BRANCH_HISTORY (ID_Employee, ID_Branch, StartDate, EndDate) VALUES (84, 6, '2024-09-03', 'NULL');
INSERT INTO EMP_BRANCH_HISTORY (ID_Employee, ID_Branch, StartDate, EndDate) VALUES (43, 2, '2023-04-01', 'NULL');
INSERT INTO EMP_BRANCH_HISTORY (ID_Employee, ID_Branch, StartDate, EndDate) VALUES (141, 12, '2024-10-12', 'NULL');
INSERT INTO EMP_BRANCH_HISTORY (ID_Employee, ID_Branch, StartDate, EndDate) VALUES (130, 14, '2023-03-22', 'NULL');
INSERT INTO EMP_BRANCH_HISTORY (ID_Employee, ID_Branch, StartDate, EndDate) VALUES (58, 5, '2024-03-24', 'NULL');
INSERT INTO EMP_BRANCH_HISTORY (ID_Employee, ID_Branch, StartDate, EndDate) VALUES (140, 7, '2023-04-18', 'NULL');
INSERT INTO EMP_BRANCH_HISTORY (ID_Employee, ID_Branch, StartDate, EndDate) VALUES (62, 12, '2024-11-29', 'NULL');
INSERT INTO EMP_BRANCH_HISTORY (ID_Employee, ID_Branch, StartDate, EndDate) VALUES (37, 6, '2023-02-09', 'NULL');
INSERT INTO EMP_BRANCH_HISTORY (ID_Employee, ID_Branch, StartDate, EndDate) VALUES (174, 4, '2024-08-09', 'NULL');
INSERT INTO EMP_BRANCH_HISTORY (ID_Employee, ID_Branch, StartDate, EndDate) VALUES (79, 6, '2024-12-05', 'NULL');
INSERT INTO EMP_BRANCH_HISTORY (ID_Employee, ID_Branch, StartDate, EndDate) VALUES (143, 4, '2024-10-01', 'NULL');
INSERT INTO EMP_BRANCH_HISTORY (ID_Employee, ID_Branch, StartDate, EndDate) VALUES (49, 14, '2024-06-03', '2024-12-18');
INSERT INTO EMP_BRANCH_HISTORY (ID_Employee, ID_Branch, StartDate, EndDate) VALUES (201, 6, '2024-05-23', 'NULL');
INSERT INTO EMP_BRANCH_HISTORY (ID_Employee, ID_Branch, StartDate, EndDate) VALUES (19, 10, '2024-04-07', 'NULL');
INSERT INTO EMP_BRANCH_HISTORY (ID_Employee, ID_Branch, StartDate, EndDate) VALUES (113, 6, '2024-07-28', 'NULL');
INSERT INTO EMP_BRANCH_HISTORY (ID_Employee, ID_Branch, StartDate, EndDate) VALUES (31, 14, '2023-11-30', 'NULL');
INSERT INTO EMP_BRANCH_HISTORY (ID_Employee, ID_Branch, StartDate, EndDate) VALUES (52, 14, '2023-01-08', 'NULL');
INSERT INTO EMP_BRANCH_HISTORY (ID_Employee, ID_Branch, StartDate, EndDate) VALUES (168, 15, '2023-05-21', 'NULL');
INSERT INTO EMP_BRANCH_HISTORY (ID_Employee, ID_Branch, StartDate, EndDate) VALUES (44, 15, '2024-02-26', '2024-12-18');
INSERT INTO EMP_BRANCH_HISTORY (ID_Employee, ID_Branch, StartDate, EndDate) VALUES (37, 9, '2024-02-09', 'NULL');
INSERT INTO EMP_BRANCH_HISTORY (ID_Employee, ID_Branch, StartDate, EndDate) VALUES (220, 3, '2023-12-08', 'NULL');
INSERT INTO EMP_BRANCH_HISTORY (ID_Employee, ID_Branch, StartDate, EndDate) VALUES (21, 5, '2024-02-01', 'NULL');
INSERT INTO EMP_BRANCH_HISTORY (ID_Employee, ID_Branch, StartDate, EndDate) VALUES (91, 14, '2024-08-20', 'NULL');
INSERT INTO EMP_BRANCH_HISTORY (ID_Employee, ID_Branch, StartDate, EndDate) VALUES (190, 6, '2024-07-30', 'NULL');
INSERT INTO EMP_BRANCH_HISTORY (ID_Employee, ID_Branch, StartDate, EndDate) VALUES (162, 5, '2024-11-19', '2024-12-18');
INSERT INTO EMP_BRANCH_HISTORY (ID_Employee, ID_Branch, StartDate, EndDate) VALUES (109, 8, '2023-09-19', 'NULL');
INSERT INTO EMP_BRANCH_HISTORY (ID_Employee, ID_Branch, StartDate, EndDate) VALUES (198, 7, '2023-10-26', 'NULL');
INSERT INTO EMP_BRANCH_HISTORY (ID_Employee, ID_Branch, StartDate, EndDate) VALUES (54, 10, '2023-06-30', 'NULL');
INSERT INTO EMP_BRANCH_HISTORY (ID_Employee, ID_Branch, StartDate, EndDate) VALUES (84, 2, '2023-12-10', 'NULL');
INSERT INTO EMP_BRANCH_HISTORY (ID_Employee, ID_Branch, StartDate, EndDate) VALUES (12, 14, '2023-12-04', 'NULL');
INSERT INTO EMP_BRANCH_HISTORY (ID_Employee, ID_Branch, StartDate, EndDate) VALUES (107, 8, '2023-06-28', 'NULL');
INSERT INTO EMP_BRANCH_HISTORY (ID_Employee, ID_Branch, StartDate, EndDate) VALUES (74, 3, '2024-11-19', '2024-12-18');
INSERT INTO EMP_BRANCH_HISTORY (ID_Employee, ID_Branch, StartDate, EndDate) VALUES (119, 11, '2024-03-05', 'NULL');
INSERT INTO EMP_BRANCH_HISTORY (ID_Employee, ID_Branch, StartDate, EndDate) VALUES (86, 14, '2024-08-24', 'NULL');
INSERT INTO EMP_BRANCH_HISTORY (ID_Employee, ID_Branch, StartDate, EndDate) VALUES (191, 5, '2024-02-20', 'NULL');
INSERT INTO EMP_BRANCH_HISTORY (ID_Employee, ID_Branch, StartDate, EndDate) VALUES (9, 3, '2023-04-13', 'NULL');
INSERT INTO EMP_BRANCH_HISTORY (ID_Employee, ID_Branch, StartDate, EndDate) VALUES (79, 11, '2023-06-14', 'NULL');
INSERT INTO EMP_BRANCH_HISTORY (ID_Employee, ID_Branch, StartDate, EndDate) VALUES (115, 8, '2024-11-11', 'NULL');
INSERT INTO EMP_BRANCH_HISTORY (ID_Employee, ID_Branch, StartDate, EndDate) VALUES (117, 8, '2024-01-07', '2024-12-18');
INSERT INTO EMP_BRANCH_HISTORY (ID_Employee, ID_Branch, StartDate, EndDate) VALUES (82, 2, '2024-08-21', 'NULL');
INSERT INTO EMP_BRANCH_HISTORY (ID_Employee, ID_Branch, StartDate, EndDate) VALUES (146, 11, '2024-02-14', '2024-12-18');
INSERT INTO EMP_BRANCH_HISTORY (ID_Employee, ID_Branch, StartDate, EndDate) VALUES (15, 9, '2024-04-02', 'NULL');
INSERT INTO EMP_BRANCH_HISTORY (ID_Employee, ID_Branch, StartDate, EndDate) VALUES (5, 6, '2023-03-15', 'NULL');
INSERT INTO EMP_BRANCH_HISTORY (ID_Employee, ID_Branch, StartDate, EndDate) VALUES (102, 8, '2024-11-08', 'NULL');
INSERT INTO EMP_BRANCH_HISTORY (ID_Employee, ID_Branch, StartDate, EndDate) VALUES (8, 14, '2022-12-30', 'NULL');
INSERT INTO EMP_BRANCH_HISTORY (ID_Employee, ID_Branch, StartDate, EndDate) VALUES (156, 7, '2024-07-21', 'NULL');
INSERT INTO EMP_BRANCH_HISTORY (ID_Employee, ID_Branch, StartDate, EndDate) VALUES (119, 1, '2023-01-12', 'NULL');
INSERT INTO EMP_BRANCH_HISTORY (ID_Employee, ID_Branch, StartDate, EndDate) VALUES (19, 12, '2022-12-28', '2024-12-18');
INSERT INTO EMP_BRANCH_HISTORY (ID_Employee, ID_Branch, StartDate, EndDate) VALUES (117, 10, '2023-08-04', 'NULL');
INSERT INTO EMP_BRANCH_HISTORY (ID_Employee, ID_Branch, StartDate, EndDate) VALUES (181, 4, '2023-08-27', 'NULL');
INSERT INTO EMP_BRANCH_HISTORY (ID_Employee, ID_Branch, StartDate, EndDate) VALUES (157, 5, '2023-04-04', 'NULL');
INSERT INTO EMP_BRANCH_HISTORY (ID_Employee, ID_Branch, StartDate, EndDate) VALUES (128, 9, '2024-05-19', 'NULL');
INSERT INTO EMP_BRANCH_HISTORY (ID_Employee, ID_Branch, StartDate, EndDate) VALUES (82, 10, '2024-12-10', 'NULL');
INSERT INTO EMP_BRANCH_HISTORY (ID_Employee, ID_Branch, StartDate, EndDate) VALUES (32, 8, '2024-09-28', 'NULL');
INSERT INTO EMP_BRANCH_HISTORY (ID_Employee, ID_Branch, StartDate, EndDate) VALUES (161, 8, '2023-09-21', 'NULL');
INSERT INTO EMP_BRANCH_HISTORY (ID_Employee, ID_Branch, StartDate, EndDate) VALUES (190, 4, '2023-06-25', 'NULL');
INSERT INTO EMP_BRANCH_HISTORY (ID_Employee, ID_Branch, StartDate, EndDate) VALUES (209, 5, '2022-12-26', 'NULL');
INSERT INTO EMP_BRANCH_HISTORY (ID_Employee, ID_Branch, StartDate, EndDate) VALUES (38, 12, '2024-04-14', 'NULL');
INSERT INTO EMP_BRANCH_HISTORY (ID_Employee, ID_Branch, StartDate, EndDate) VALUES (73, 3, '2023-06-30', 'NULL');
INSERT INTO EMP_BRANCH_HISTORY (ID_Employee, ID_Branch, StartDate, EndDate) VALUES (212, 9, '2024-03-08', 'NULL');
INSERT INTO EMP_BRANCH_HISTORY (ID_Employee, ID_Branch, StartDate, EndDate) VALUES (99, 12, '2024-06-19', 'NULL');
INSERT INTO EMP_BRANCH_HISTORY (ID_Employee, ID_Branch, StartDate, EndDate) VALUES (153, 1, '2023-02-07', '2024-12-18');
INSERT INTO EMP_BRANCH_HISTORY (ID_Employee, ID_Branch, StartDate, EndDate) VALUES (207, 14, '2023-09-06', 'NULL');
INSERT INTO EMP_BRANCH_HISTORY (ID_Employee, ID_Branch, StartDate, EndDate) VALUES (64, 7, '2023-04-28', 'NULL');
INSERT INTO EMP_BRANCH_HISTORY (ID_Employee, ID_Branch, StartDate, EndDate) VALUES (205, 15, '2022-12-22', '2024-12-18');
INSERT INTO EMP_BRANCH_HISTORY (ID_Employee, ID_Branch, StartDate, EndDate) VALUES (41, 12, '2023-05-30', 'NULL');
INSERT INTO EMP_BRANCH_HISTORY (ID_Employee, ID_Branch, StartDate, EndDate) VALUES (217, 5, '2023-01-15', 'NULL');
INSERT INTO EMP_BRANCH_HISTORY (ID_Employee, ID_Branch, StartDate, EndDate) VALUES (145, 2, '2024-04-10', 'NULL');
INSERT INTO EMP_BRANCH_HISTORY (ID_Employee, ID_Branch, StartDate, EndDate) VALUES (119, 2, '2023-12-31', 'NULL');
INSERT INTO EMP_BRANCH_HISTORY (ID_Employee, ID_Branch, StartDate, EndDate) VALUES (100, 15, '2023-11-13', 'NULL');
INSERT INTO EMP_BRANCH_HISTORY (ID_Employee, ID_Branch, StartDate, EndDate) VALUES (154, 9, '2024-11-30', 'NULL');
INSERT INTO EMP_BRANCH_HISTORY (ID_Employee, ID_Branch, StartDate, EndDate) VALUES (58, 10, '2023-12-24', 'NULL');
INSERT INTO EMP_BRANCH_HISTORY (ID_Employee, ID_Branch, StartDate, EndDate) VALUES (76, 6, '2024-01-08', 'NULL');
INSERT INTO EMP_BRANCH_HISTORY (ID_Employee, ID_Branch, StartDate, EndDate) VALUES (202, 7, '2022-12-23', 'NULL');
INSERT INTO EMP_BRANCH_HISTORY (ID_Employee, ID_Branch, StartDate, EndDate) VALUES (53, 10, '2023-09-14', 'NULL');
INSERT INTO EMP_BRANCH_HISTORY (ID_Employee, ID_Branch, StartDate, EndDate) VALUES (99, 1, '2023-02-03', 'NULL');
INSERT INTO EMP_BRANCH_HISTORY (ID_Employee, ID_Branch, StartDate, EndDate) VALUES (178, 6, '2023-11-27', 'NULL');
INSERT INTO EMP_BRANCH_HISTORY (ID_Employee, ID_Branch, StartDate, EndDate) VALUES (82, 8, '2023-04-21', 'NULL');
INSERT INTO EMP_BRANCH_HISTORY (ID_Employee, ID_Branch, StartDate, EndDate) VALUES (6, 15, '2024-08-22', '2024-12-18');
INSERT INTO EMP_BRANCH_HISTORY (ID_Employee, ID_Branch, StartDate, EndDate) VALUES (200, 8, '2023-03-14', 'NULL');
INSERT INTO EMP_BRANCH_HISTORY (ID_Employee, ID_Branch, StartDate, EndDate) VALUES (120, 7, '2024-07-29', 'NULL');
INSERT INTO EMP_BRANCH_HISTORY (ID_Employee, ID_Branch, StartDate, EndDate) VALUES (122, 10, '2022-12-27', 'NULL');
INSERT INTO EMP_BRANCH_HISTORY (ID_Employee, ID_Branch, StartDate, EndDate) VALUES (43, 14, '2023-09-19', 'NULL');
INSERT INTO EMP_BRANCH_HISTORY (ID_Employee, ID_Branch, StartDate, EndDate) VALUES (36, 1, '2023-02-08', '2024-12-18');
INSERT INTO EMP_BRANCH_HISTORY (ID_Employee, ID_Branch, StartDate, EndDate) VALUES (27, 12, '2024-07-23', 'NULL');
INSERT INTO EMP_BRANCH_HISTORY (ID_Employee, ID_Branch, StartDate, EndDate) VALUES (194, 6, '2024-06-21', 'NULL');
INSERT INTO EMP_BRANCH_HISTORY (ID_Employee, ID_Branch, StartDate, EndDate) VALUES (161, 9, '2023-04-26', 'NULL');
INSERT INTO EMP_BRANCH_HISTORY (ID_Employee, ID_Branch, StartDate, EndDate) VALUES (94, 5, '2024-09-29', 'NULL');
INSERT INTO EMP_BRANCH_HISTORY (ID_Employee, ID_Branch, StartDate, EndDate) VALUES (69, 14, '2023-02-03', 'NULL');
INSERT INTO EMP_BRANCH_HISTORY (ID_Employee, ID_Branch, StartDate, EndDate) VALUES (19, 6, '2023-01-21', 'NULL');
INSERT INTO EMP_BRANCH_HISTORY (ID_Employee, ID_Branch, StartDate, EndDate) VALUES (102, 3, '2024-07-05', 'NULL');
INSERT INTO EMP_BRANCH_HISTORY (ID_Employee, ID_Branch, StartDate, EndDate) VALUES (195, 14, '2023-04-13', 'NULL');
INSERT INTO EMP_BRANCH_HISTORY (ID_Employee, ID_Branch, StartDate, EndDate) VALUES (84, 7, '2024-10-17', '2024-12-18');
INSERT INTO EMP_BRANCH_HISTORY (ID_Employee, ID_Branch, StartDate, EndDate) VALUES (46, 4, '2023-06-27', 'NULL');
INSERT INTO EMP_BRANCH_HISTORY (ID_Employee, ID_Branch, StartDate, EndDate) VALUES (189, 7, '2023-02-26', 'NULL');
INSERT INTO EMP_BRANCH_HISTORY (ID_Employee, ID_Branch, StartDate, EndDate) VALUES (106, 1, '2024-06-03', '2024-12-18');
INSERT INTO EMP_BRANCH_HISTORY (ID_Employee, ID_Branch, StartDate, EndDate) VALUES (194, 10, '2023-08-06', 'NULL');
INSERT INTO EMP_BRANCH_HISTORY (ID_Employee, ID_Branch, StartDate, EndDate) VALUES (185, 1, '2024-11-03', 'NULL');
INSERT INTO EMP_BRANCH_HISTORY (ID_Employee, ID_Branch, StartDate, EndDate) VALUES (165, 15, '2024-08-21', 'NULL');
INSERT INTO EMP_BRANCH_HISTORY (ID_Employee, ID_Branch, StartDate, EndDate) VALUES (201, 4, '2024-07-23', 'NULL');
INSERT INTO EMP_BRANCH_HISTORY (ID_Employee, ID_Branch, StartDate, EndDate) VALUES (200, 4, '2023-02-15', 'NULL');
INSERT INTO EMP_BRANCH_HISTORY (ID_Employee, ID_Branch, StartDate, EndDate) VALUES (188, 10, '2023-12-04', 'NULL');
INSERT INTO EMP_BRANCH_HISTORY (ID_Employee, ID_Branch, StartDate, EndDate) VALUES (82, 1, '2024-09-03', 'NULL');
INSERT INTO EMP_BRANCH_HISTORY (ID_Employee, ID_Branch, StartDate, EndDate) VALUES (12, 11, '2024-04-13', 'NULL');
INSERT INTO EMP_BRANCH_HISTORY (ID_Employee, ID_Branch, StartDate, EndDate) VALUES (160, 3, '2023-05-29', 'NULL');
INSERT INTO EMP_BRANCH_HISTORY (ID_Employee, ID_Branch, StartDate, EndDate) VALUES (207, 2, '2023-07-08', 'NULL');
INSERT INTO EMP_BRANCH_HISTORY (ID_Employee, ID_Branch, StartDate, EndDate) VALUES (47, 12, '2024-12-16', 'NULL');
INSERT INTO EMP_BRANCH_HISTORY (ID_Employee, ID_Branch, StartDate, EndDate) VALUES (19, 15, '2024-03-22', '2024-12-18');
INSERT INTO EMP_BRANCH_HISTORY (ID_Employee, ID_Branch, StartDate, EndDate) VALUES (103, 1, '2024-05-31', 'NULL');
INSERT INTO EMP_BRANCH_HISTORY (ID_Employee, ID_Branch, StartDate, EndDate) VALUES (185, 15, '2023-08-01', 'NULL');
INSERT INTO EMP_BRANCH_HISTORY (ID_Employee, ID_Branch, StartDate, EndDate) VALUES (184, 12, '2024-12-05', 'NULL');
INSERT INTO EMP_BRANCH_HISTORY (ID_Employee, ID_Branch, StartDate, EndDate) VALUES (108, 10, '2023-11-22', 'NULL');
INSERT INTO EMP_BRANCH_HISTORY (ID_Employee, ID_Branch, StartDate, EndDate) VALUES (45, 6, '2024-04-27', 'NULL');
INSERT INTO EMP_BRANCH_HISTORY (ID_Employee, ID_Branch, StartDate, EndDate) VALUES (185, 2, '2023-12-25', 'NULL');
INSERT INTO EMP_BRANCH_HISTORY (ID_Employee, ID_Branch, StartDate, EndDate) VALUES (62, 5, '2023-04-15', 'NULL');
INSERT INTO EMP_BRANCH_HISTORY (ID_Employee, ID_Branch, StartDate, EndDate) VALUES (32, 6, '2023-07-11', 'NULL');
INSERT INTO EMP_BRANCH_HISTORY (ID_Employee, ID_Branch, StartDate, EndDate) VALUES (32, 1, '2023-12-28', 'NULL');
INSERT INTO EMP_BRANCH_HISTORY (ID_Employee, ID_Branch, StartDate, EndDate) VALUES (138, 4, '2023-08-25', 'NULL');
INSERT INTO EMP_BRANCH_HISTORY (ID_Employee, ID_Branch, StartDate, EndDate) VALUES (22, 4, '2024-04-02', 'NULL');
INSERT INTO EMP_BRANCH_HISTORY (ID_Employee, ID_Branch, StartDate, EndDate) VALUES (65, 9, '2024-02-29', 'NULL');
INSERT INTO EMP_BRANCH_HISTORY (ID_Employee, ID_Branch, StartDate, EndDate) VALUES (57, 7, '2023-10-04', 'NULL');
INSERT INTO EMP_BRANCH_HISTORY (ID_Employee, ID_Branch, StartDate, EndDate) VALUES (133, 14, '2024-07-04', 'NULL');
INSERT INTO EMP_BRANCH_HISTORY (ID_Employee, ID_Branch, StartDate, EndDate) VALUES (107, 7, '2024-01-31', 'NULL');
INSERT INTO EMP_BRANCH_HISTORY (ID_Employee, ID_Branch, StartDate, EndDate) VALUES (65, 5, '2024-03-23', 'NULL');
INSERT INTO EMP_BRANCH_HISTORY (ID_Employee, ID_Branch, StartDate, EndDate) VALUES (87, 6, '2023-06-30', 'NULL');
INSERT INTO EMP_BRANCH_HISTORY (ID_Employee, ID_Branch, StartDate, EndDate) VALUES (158, 7, '2023-11-05', 'NULL');
INSERT INTO EMP_BRANCH_HISTORY (ID_Employee, ID_Branch, StartDate, EndDate) VALUES (168, 12, '2024-11-04', 'NULL');
INSERT INTO EMP_BRANCH_HISTORY (ID_Employee, ID_Branch, StartDate, EndDate) VALUES (113, 8, '2023-07-31', 'NULL');
INSERT INTO EMP_BRANCH_HISTORY (ID_Employee, ID_Branch, StartDate, EndDate) VALUES (35, 5, '2022-12-22', 'NULL');
INSERT INTO EMP_BRANCH_HISTORY (ID_Employee, ID_Branch, StartDate, EndDate) VALUES (125, 2, '2023-04-01', 'NULL');
INSERT INTO EMP_BRANCH_HISTORY (ID_Employee, ID_Branch, StartDate, EndDate) VALUES (208, 15, '2024-03-02', '2024-12-18');
INSERT INTO EMP_BRANCH_HISTORY (ID_Employee, ID_Branch, StartDate, EndDate) VALUES (187, 12, '2023-04-05', '2024-12-18');
INSERT INTO EMP_BRANCH_HISTORY (ID_Employee, ID_Branch, StartDate, EndDate) VALUES (172, 10, '2024-01-04', '2024-12-18');
INSERT INTO EMP_BRANCH_HISTORY (ID_Employee, ID_Branch, StartDate, EndDate) VALUES (182, 5, '2023-09-04', 'NULL');
INSERT INTO EMP_BRANCH_HISTORY (ID_Employee, ID_Branch, StartDate, EndDate) VALUES (85, 14, '2024-10-17', 'NULL');
INSERT INTO EMP_BRANCH_HISTORY (ID_Employee, ID_Branch, StartDate, EndDate) VALUES (225, 1, '2024-12-01', 'NULL');
INSERT INTO EMP_BRANCH_HISTORY (ID_Employee, ID_Branch, StartDate, EndDate) VALUES (15, 14, '2023-01-03', 'NULL');
INSERT INTO EMP_BRANCH_HISTORY (ID_Employee, ID_Branch, StartDate, EndDate) VALUES (130, 8, '2024-06-05', '2024-12-18');
INSERT INTO EMP_BRANCH_HISTORY (ID_Employee, ID_Branch, StartDate, EndDate) VALUES (159, 5, '2023-01-04', 'NULL');
INSERT INTO EMP_BRANCH_HISTORY (ID_Employee, ID_Branch, StartDate, EndDate) VALUES (63, 6, '2023-06-19', 'NULL');
INSERT INTO EMP_BRANCH_HISTORY (ID_Employee, ID_Branch, StartDate, EndDate) VALUES (109, 12, '2023-03-28', 'NULL');
INSERT INTO EMP_BRANCH_HISTORY (ID_Employee, ID_Branch, StartDate, EndDate) VALUES (214, 15, '2023-10-15', 'NULL');
INSERT INTO EMP_BRANCH_HISTORY (ID_Employee, ID_Branch, StartDate, EndDate) VALUES (99, 8, '2023-10-09', 'NULL');
INSERT INTO EMP_BRANCH_HISTORY (ID_Employee, ID_Branch, StartDate, EndDate) VALUES (43, 8, '2023-01-02', 'NULL');
INSERT INTO EMP_BRANCH_HISTORY (ID_Employee, ID_Branch, StartDate, EndDate) VALUES (4, 4, '2023-06-20', 'NULL');
INSERT INTO EMP_BRANCH_HISTORY (ID_Employee, ID_Branch, StartDate, EndDate) VALUES (69, 10, '2024-03-09', 'NULL');
INSERT INTO EMP_BRANCH_HISTORY (ID_Employee, ID_Branch, StartDate, EndDate) VALUES (162, 1, '2023-04-12', 'NULL');
INSERT INTO EMP_BRANCH_HISTORY (ID_Employee, ID_Branch, StartDate, EndDate) VALUES (108, 7, '2023-02-20', 'NULL');
INSERT INTO EMP_BRANCH_HISTORY (ID_Employee, ID_Branch, StartDate, EndDate) VALUES (174, 6, '2023-02-22', 'NULL');
INSERT INTO EMP_BRANCH_HISTORY (ID_Employee, ID_Branch, StartDate, EndDate) VALUES (138, 15, '2024-01-24', 'NULL');
INSERT INTO EMP_BRANCH_HISTORY (ID_Employee, ID_Branch, StartDate, EndDate) VALUES (157, 2, '2024-11-19', 'NULL');
INSERT INTO EMP_BRANCH_HISTORY (ID_Employee, ID_Branch, StartDate, EndDate) VALUES (142, 15, '2023-02-25', 'NULL');
INSERT INTO EMP_BRANCH_HISTORY (ID_Employee, ID_Branch, StartDate, EndDate) VALUES (223, 1, '2024-02-10', 'NULL');
INSERT INTO EMP_BRANCH_HISTORY (ID_Employee, ID_Branch, StartDate, EndDate) VALUES (81, 15, '2023-04-03', 'NULL');
INSERT INTO EMP_BRANCH_HISTORY (ID_Employee, ID_Branch, StartDate, EndDate) VALUES (136, 5, '2024-09-04', 'NULL');
INSERT INTO EMP_BRANCH_HISTORY (ID_Employee, ID_Branch, StartDate, EndDate) VALUES (171, 6, '2023-05-25', 'NULL');
INSERT INTO EMP_BRANCH_HISTORY (ID_Employee, ID_Branch, StartDate, EndDate) VALUES (141, 15, '2023-10-19', 'NULL');
INSERT INTO EMP_BRANCH_HISTORY (ID_Employee, ID_Branch, StartDate, EndDate) VALUES (154, 10, '2023-03-04', 'NULL');
INSERT INTO EMP_BRANCH_HISTORY (ID_Employee, ID_Branch, StartDate, EndDate) VALUES (112, 7, '2023-07-02', 'NULL');
INSERT INTO EMP_BRANCH_HISTORY (ID_Employee, ID_Branch, StartDate, EndDate) VALUES (91, 15, '2023-02-25', 'NULL');
INSERT INTO EMP_BRANCH_HISTORY (ID_Employee, ID_Branch, StartDate, EndDate) VALUES (118, 3, '2023-09-14', 'NULL');
INSERT INTO EMP_BRANCH_HISTORY (ID_Employee, ID_Branch, StartDate, EndDate) VALUES (205, 9, '2023-01-18', 'NULL');
INSERT INTO EMP_BRANCH_HISTORY (ID_Employee, ID_Branch, StartDate, EndDate) VALUES (116, 6, '2024-04-21', 'NULL');
INSERT INTO EMP_BRANCH_HISTORY (ID_Employee, ID_Branch, StartDate, EndDate) VALUES (85, 7, '2024-02-08', 'NULL');
INSERT INTO EMP_BRANCH_HISTORY (ID_Employee, ID_Branch, StartDate, EndDate) VALUES (179, 7, '2024-04-26', '2024-12-18');
INSERT INTO EMP_BRANCH_HISTORY (ID_Employee, ID_Branch, StartDate, EndDate) VALUES (119, 7, '2023-03-15', 'NULL');
INSERT INTO EMP_BRANCH_HISTORY (ID_Employee, ID_Branch, StartDate, EndDate) VALUES (59, 3, '2023-04-04', 'NULL');
INSERT INTO EMP_BRANCH_HISTORY (ID_Employee, ID_Branch, StartDate, EndDate) VALUES (131, 13, '2024-12-05', 'NULL');
INSERT INTO EMP_BRANCH_HISTORY (ID_Employee, ID_Branch, StartDate, EndDate) VALUES (17, 1, '2023-11-02', 'NULL');
INSERT INTO EMP_BRANCH_HISTORY (ID_Employee, ID_Branch, StartDate, EndDate) VALUES (8, 3, '2023-10-10', 'NULL');
INSERT INTO EMP_BRANCH_HISTORY (ID_Employee, ID_Branch, StartDate, EndDate) VALUES (35, 6, '2024-07-08', 'NULL');
INSERT INTO EMP_BRANCH_HISTORY (ID_Employee, ID_Branch, StartDate, EndDate) VALUES (120, 5, '2023-06-28', 'NULL');
INSERT INTO EMP_BRANCH_HISTORY (ID_Employee, ID_Branch, StartDate, EndDate) VALUES (120, 3, '2024-10-02', 'NULL');
INSERT INTO EMP_BRANCH_HISTORY (ID_Employee, ID_Branch, StartDate, EndDate) VALUES (218, 3, '2023-03-21', '2024-12-18');
INSERT INTO EMP_BRANCH_HISTORY (ID_Employee, ID_Branch, StartDate, EndDate) VALUES (205, 5, '2024-09-02', 'NULL');
INSERT INTO EMP_BRANCH_HISTORY (ID_Employee, ID_Branch, StartDate, EndDate) VALUES (72, 10, '2024-07-25', 'NULL');
INSERT INTO EMP_BRANCH_HISTORY (ID_Employee, ID_Branch, StartDate, EndDate) VALUES (51, 1, '2024-10-04', '2024-12-18');
INSERT INTO EMP_BRANCH_HISTORY (ID_Employee, ID_Branch, StartDate, EndDate) VALUES (57, 4, '2024-06-07', 'NULL');
INSERT INTO EMP_BRANCH_HISTORY (ID_Employee, ID_Branch, StartDate, EndDate) VALUES (30, 15, '2023-05-25', 'NULL');
INSERT INTO EMP_BRANCH_HISTORY (ID_Employee, ID_Branch, StartDate, EndDate) VALUES (18, 9, '2023-06-10', 'NULL');
INSERT INTO EMP_BRANCH_HISTORY (ID_Employee, ID_Branch, StartDate, EndDate) VALUES (173, 1, '2023-12-30', 'NULL');
INSERT INTO EMP_BRANCH_HISTORY (ID_Employee, ID_Branch, StartDate, EndDate) VALUES (107, 6, '2023-04-14', 'NULL');
INSERT INTO EMP_BRANCH_HISTORY (ID_Employee, ID_Branch, StartDate, EndDate) VALUES (62, 9, '2024-07-09', 'NULL');
INSERT INTO EMP_BRANCH_HISTORY (ID_Employee, ID_Branch, StartDate, EndDate) VALUES (213, 14, '2023-12-23', 'NULL');
INSERT INTO EMP_BRANCH_HISTORY (ID_Employee, ID_Branch, StartDate, EndDate) VALUES (147, 9, '2024-04-04', 'NULL');
INSERT INTO EMP_BRANCH_HISTORY (ID_Employee, ID_Branch, StartDate, EndDate) VALUES (32, 14, '2023-06-07', 'NULL');
INSERT INTO EMP_BRANCH_HISTORY (ID_Employee, ID_Branch, StartDate, EndDate) VALUES (24, 12, '2024-01-10', 'NULL');
INSERT INTO EMP_BRANCH_HISTORY (ID_Employee, ID_Branch, StartDate, EndDate) VALUES (194, 13, '2023-11-03', 'NULL');
INSERT INTO EMP_BRANCH_HISTORY (ID_Employee, ID_Branch, StartDate, EndDate) VALUES (17, 7, '2024-11-11', 'NULL');
INSERT INTO EMP_BRANCH_HISTORY (ID_Employee, ID_Branch, StartDate, EndDate) VALUES (161, 12, '2024-10-25', 'NULL');
INSERT INTO EMP_BRANCH_HISTORY (ID_Employee, ID_Branch, StartDate, EndDate) VALUES (185, 9, '2024-03-15', 'NULL');
INSERT INTO EMP_BRANCH_HISTORY (ID_Employee, ID_Branch, StartDate, EndDate) VALUES (206, 10, '2024-09-18', 'NULL');
INSERT INTO EMP_BRANCH_HISTORY (ID_Employee, ID_Branch, StartDate, EndDate) VALUES (210, 11, '2023-03-31', 'NULL');
INSERT INTO EMP_BRANCH_HISTORY (ID_Employee, ID_Branch, StartDate, EndDate) VALUES (111, 15, '2024-04-18', 'NULL');
INSERT INTO EMP_BRANCH_HISTORY (ID_Employee, ID_Branch, StartDate, EndDate) VALUES (35, 1, '2023-03-21', 'NULL');
INSERT INTO EMP_BRANCH_HISTORY (ID_Employee, ID_Branch, StartDate, EndDate) VALUES (127, 2, '2024-07-15', 'NULL');
INSERT INTO EMP_BRANCH_HISTORY (ID_Employee, ID_Branch, StartDate, EndDate) VALUES (16, 6, '2024-10-21', 'NULL');
INSERT INTO EMP_BRANCH_HISTORY (ID_Employee, ID_Branch, StartDate, EndDate) VALUES (65, 3, '2024-04-24', 'NULL');
INSERT INTO EMP_BRANCH_HISTORY (ID_Employee, ID_Branch, StartDate, EndDate) VALUES (172, 9, '2024-10-02', 'NULL');
INSERT INTO EMP_BRANCH_HISTORY (ID_Employee, ID_Branch, StartDate, EndDate) VALUES (102, 10, '2023-03-19', 'NULL');
INSERT INTO EMP_BRANCH_HISTORY (ID_Employee, ID_Branch, StartDate, EndDate) VALUES (50, 8, '2023-09-23', 'NULL');
INSERT INTO EMP_BRANCH_HISTORY (ID_Employee, ID_Branch, StartDate, EndDate) VALUES (164, 8, '2022-12-25', 'NULL');
INSERT INTO EMP_BRANCH_HISTORY (ID_Employee, ID_Branch, StartDate, EndDate) VALUES (98, 12, '2024-04-09', 'NULL');
INSERT INTO EMP_BRANCH_HISTORY (ID_Employee, ID_Branch, StartDate, EndDate) VALUES (167, 3, '2024-04-09', 'NULL');
INSERT INTO EMP_BRANCH_HISTORY (ID_Employee, ID_Branch, StartDate, EndDate) VALUES (76, 9, '2023-05-06', 'NULL');
INSERT INTO EMP_BRANCH_HISTORY (ID_Employee, ID_Branch, StartDate, EndDate) VALUES (5, 2, '2023-03-09', '2024-12-18');
INSERT INTO EMP_BRANCH_HISTORY (ID_Employee, ID_Branch, StartDate, EndDate) VALUES (6, 12, '2024-08-19', 'NULL');
INSERT INTO EMP_BRANCH_HISTORY (ID_Employee, ID_Branch, StartDate, EndDate) VALUES (119, 15, '2023-06-27', 'NULL');
INSERT INTO EMP_BRANCH_HISTORY (ID_Employee, ID_Branch, StartDate, EndDate) VALUES (200, 6, '2024-05-17', 'NULL');
INSERT INTO EMP_BRANCH_HISTORY (ID_Employee, ID_Branch, StartDate, EndDate) VALUES (24, 5, '2024-11-19', 'NULL');
INSERT INTO EMP_BRANCH_HISTORY (ID_Employee, ID_Branch, StartDate, EndDate) VALUES (39, 10, '2024-07-21', 'NULL');
INSERT INTO EMP_BRANCH_HISTORY (ID_Employee, ID_Branch, StartDate, EndDate) VALUES (171, 1, '2024-06-03', 'NULL');
INSERT INTO EMP_BRANCH_HISTORY (ID_Employee, ID_Branch, StartDate, EndDate) VALUES (37, 10, '2023-04-09', 'NULL');
INSERT INTO EMP_BRANCH_HISTORY (ID_Employee, ID_Branch, StartDate, EndDate) VALUES (48, 9, '2024-06-09', 'NULL');
INSERT INTO EMP_BRANCH_HISTORY (ID_Employee, ID_Branch, StartDate, EndDate) VALUES (112, 11, '2024-02-04', 'NULL');
INSERT INTO EMP_BRANCH_HISTORY (ID_Employee, ID_Branch, StartDate, EndDate) VALUES (204, 15, '2023-09-27', 'NULL');
INSERT INTO EMP_BRANCH_HISTORY (ID_Employee, ID_Branch, StartDate, EndDate) VALUES (152, 2, '2023-10-15', 'NULL');
INSERT INTO EMP_BRANCH_HISTORY (ID_Employee, ID_Branch, StartDate, EndDate) VALUES (43, 6, '2023-07-21', 'NULL');
INSERT INTO EMP_BRANCH_HISTORY (ID_Employee, ID_Branch, StartDate, EndDate) VALUES (94, 7, '2024-08-30', 'NULL');
INSERT INTO EMP_BRANCH_HISTORY (ID_Employee, ID_Branch, StartDate, EndDate) VALUES (161, 14, '2023-05-01', 'NULL');
INSERT INTO EMP_BRANCH_HISTORY (ID_Employee, ID_Branch, StartDate, EndDate) VALUES (122, 8, '2023-01-26', 'NULL');
INSERT INTO EMP_BRANCH_HISTORY (ID_Employee, ID_Branch, StartDate, EndDate) VALUES (220, 4, '2023-11-06', 'NULL');
INSERT INTO EMP_BRANCH_HISTORY (ID_Employee, ID_Branch, StartDate, EndDate) VALUES (90, 8, '2023-05-12', 'NULL');
INSERT INTO EMP_BRANCH_HISTORY (ID_Employee, ID_Branch, StartDate, EndDate) VALUES (187, 6, '2023-06-23', 'NULL');
INSERT INTO EMP_BRANCH_HISTORY (ID_Employee, ID_Branch, StartDate, EndDate) VALUES (125, 1, '2023-07-24', 'NULL');
INSERT INTO EMP_BRANCH_HISTORY (ID_Employee, ID_Branch, StartDate, EndDate) VALUES (191, 6, '2023-04-06', 'NULL');
INSERT INTO EMP_BRANCH_HISTORY (ID_Employee, ID_Branch, StartDate, EndDate) VALUES (182, 15, '2024-07-03', 'NULL');
INSERT INTO EMP_BRANCH_HISTORY (ID_Employee, ID_Branch, StartDate, EndDate) VALUES (222, 2, '2023-02-03', 'NULL');
INSERT INTO EMP_BRANCH_HISTORY (ID_Employee, ID_Branch, StartDate, EndDate) VALUES (40, 1, '2023-08-06', 'NULL');
INSERT INTO EMP_BRANCH_HISTORY (ID_Employee, ID_Branch, StartDate, EndDate) VALUES (46, 14, '2023-06-30', 'NULL');
INSERT INTO EMP_BRANCH_HISTORY (ID_Employee, ID_Branch, StartDate, EndDate) VALUES (220, 6, '2023-10-12', 'NULL');
INSERT INTO EMP_BRANCH_HISTORY (ID_Employee, ID_Branch, StartDate, EndDate) VALUES (98, 7, '2024-05-26', 'NULL');
INSERT INTO EMP_BRANCH_HISTORY (ID_Employee, ID_Branch, StartDate, EndDate) VALUES (148, 1, '2023-12-23', '2024-12-18');
INSERT INTO EMP_BRANCH_HISTORY (ID_Employee, ID_Branch, StartDate, EndDate) VALUES (14, 4, '2023-08-21', 'NULL');
INSERT INTO EMP_BRANCH_HISTORY (ID_Employee, ID_Branch, StartDate, EndDate) VALUES (47, 4, '2024-10-29', 'NULL');
INSERT INTO EMP_BRANCH_HISTORY (ID_Employee, ID_Branch, StartDate, EndDate) VALUES (59, 15, '2023-09-23', '2024-12-18');
INSERT INTO EMP_BRANCH_HISTORY (ID_Employee, ID_Branch, StartDate, EndDate) VALUES (150, 14, '2023-05-17', '2024-12-18');
INSERT INTO EMP_BRANCH_HISTORY (ID_Employee, ID_Branch, StartDate, EndDate) VALUES (184, 9, '2024-08-19', 'NULL');
INSERT INTO EMP_BRANCH_HISTORY (ID_Employee, ID_Branch, StartDate, EndDate) VALUES (116, 10, '2023-03-01', 'NULL');
INSERT INTO EMP_BRANCH_HISTORY (ID_Employee, ID_Branch, StartDate, EndDate) VALUES (126, 4, '2024-05-22', 'NULL');
INSERT INTO EMP_BRANCH_HISTORY (ID_Employee, ID_Branch, StartDate, EndDate) VALUES (199, 1, '2023-06-29', 'NULL');
INSERT INTO EMP_BRANCH_HISTORY (ID_Employee, ID_Branch, StartDate, EndDate) VALUES (77, 13, '2023-11-28', '2024-12-18');
INSERT INTO EMP_BRANCH_HISTORY (ID_Employee, ID_Branch, StartDate, EndDate) VALUES (130, 12, '2024-08-23', 'NULL');
INSERT INTO EMP_BRANCH_HISTORY (ID_Employee, ID_Branch, StartDate, EndDate) VALUES (107, 13, '2023-01-07', 'NULL');
INSERT INTO EMP_BRANCH_HISTORY (ID_Employee, ID_Branch, StartDate, EndDate) VALUES (161, 2, '2024-11-04', 'NULL');
INSERT INTO EMP_BRANCH_HISTORY (ID_Employee, ID_Branch, StartDate, EndDate) VALUES (94, 9, '2024-05-30', 'NULL');
INSERT INTO EMP_BRANCH_HISTORY (ID_Employee, ID_Branch, StartDate, EndDate) VALUES (201, 8, '2022-12-23', 'NULL');
INSERT INTO EMP_BRANCH_HISTORY (ID_Employee, ID_Branch, StartDate, EndDate) VALUES (163, 3, '2023-05-03', 'NULL');
INSERT INTO EMP_BRANCH_HISTORY (ID_Employee, ID_Branch, StartDate, EndDate) VALUES (38, 4, '2024-01-01', 'NULL');
INSERT INTO EMP_BRANCH_HISTORY (ID_Employee, ID_Branch, StartDate, EndDate) VALUES (120, 14, '2023-12-15', 'NULL');
INSERT INTO EMP_BRANCH_HISTORY (ID_Employee, ID_Branch, StartDate, EndDate) VALUES (207, 13, '2024-06-30', 'NULL');
INSERT INTO EMP_BRANCH_HISTORY (ID_Employee, ID_Branch, StartDate, EndDate) VALUES (188, 7, '2024-12-10', 'NULL');
INSERT INTO EMP_BRANCH_HISTORY (ID_Employee, ID_Branch, StartDate, EndDate) VALUES (81, 5, '2023-07-17', 'NULL');
INSERT INTO EMP_BRANCH_HISTORY (ID_Employee, ID_Branch, StartDate, EndDate) VALUES (11, 14, '2024-10-06', 'NULL');
INSERT INTO EMP_BRANCH_HISTORY (ID_Employee, ID_Branch, StartDate, EndDate) VALUES (88, 4, '2024-01-17', 'NULL');
INSERT INTO EMP_BRANCH_HISTORY (ID_Employee, ID_Branch, StartDate, EndDate) VALUES (207, 10, '2024-06-08', 'NULL');
INSERT INTO EMP_BRANCH_HISTORY (ID_Employee, ID_Branch, StartDate, EndDate) VALUES (98, 6, '2023-04-14', 'NULL');
INSERT INTO EMP_BRANCH_HISTORY (ID_Employee, ID_Branch, StartDate, EndDate) VALUES (63, 5, '2024-08-21', 'NULL');
INSERT INTO EMP_BRANCH_HISTORY (ID_Employee, ID_Branch, StartDate, EndDate) VALUES (115, 2, '2023-05-09', 'NULL');
INSERT INTO EMP_BRANCH_HISTORY (ID_Employee, ID_Branch, StartDate, EndDate) VALUES (14, 8, '2023-05-28', 'NULL');
INSERT INTO EMP_BRANCH_HISTORY (ID_Employee, ID_Branch, StartDate, EndDate) VALUES (15, 10, '2024-09-25', 'NULL');
INSERT INTO EMP_BRANCH_HISTORY (ID_Employee, ID_Branch, StartDate, EndDate) VALUES (187, 4, '2024-03-18', '2024-12-18');
INSERT INTO EMP_BRANCH_HISTORY (ID_Employee, ID_Branch, StartDate, EndDate) VALUES (94, 13, '2023-07-21', 'NULL');
INSERT INTO EMP_BRANCH_HISTORY (ID_Employee, ID_Branch, StartDate, EndDate) VALUES (51, 12, '2023-08-31', 'NULL');
INSERT INTO EMP_BRANCH_HISTORY (ID_Employee, ID_Branch, StartDate, EndDate) VALUES (95, 13, '2024-07-14', '2024-12-18');
INSERT INTO EMP_BRANCH_HISTORY (ID_Employee, ID_Branch, StartDate, EndDate) VALUES (221, 12, '2024-08-24', 'NULL');
INSERT INTO EMP_BRANCH_HISTORY (ID_Employee, ID_Branch, StartDate, EndDate) VALUES (102, 9, '2024-01-15', 'NULL');
INSERT INTO EMP_BRANCH_HISTORY (ID_Employee, ID_Branch, StartDate, EndDate) VALUES (187, 11, '2024-01-23', 'NULL');
INSERT INTO EMP_BRANCH_HISTORY (ID_Employee, ID_Branch, StartDate, EndDate) VALUES (75, 7, '2023-08-17', 'NULL');
INSERT INTO EMP_BRANCH_HISTORY (ID_Employee, ID_Branch, StartDate, EndDate) VALUES (29, 7, '2023-12-12', 'NULL');
INSERT INTO EMP_BRANCH_HISTORY (ID_Employee, ID_Branch, StartDate, EndDate) VALUES (61, 9, '2024-01-19', 'NULL');
INSERT INTO EMP_BRANCH_HISTORY (ID_Employee, ID_Branch, StartDate, EndDate) VALUES (179, 13, '2023-10-20', 'NULL');
INSERT INTO EMP_BRANCH_HISTORY (ID_Employee, ID_Branch, StartDate, EndDate) VALUES (82, 15, '2023-08-20', 'NULL');
INSERT INTO EMP_BRANCH_HISTORY (ID_Employee, ID_Branch, StartDate, EndDate) VALUES (207, 6, '2024-01-16', 'NULL');
INSERT INTO EMP_BRANCH_HISTORY (ID_Employee, ID_Branch, StartDate, EndDate) VALUES (37, 1, '2023-12-26', 'NULL');
INSERT INTO EMP_BRANCH_HISTORY (ID_Employee, ID_Branch, StartDate, EndDate) VALUES (220, 7, '2024-05-13', 'NULL');
INSERT INTO EMP_BRANCH_HISTORY (ID_Employee, ID_Branch, StartDate, EndDate) VALUES (197, 14, '2024-04-24', 'NULL');
INSERT INTO EMP_BRANCH_HISTORY (ID_Employee, ID_Branch, StartDate, EndDate) VALUES (75, 13, '2024-07-01', '2024-12-18');
INSERT INTO EMP_BRANCH_HISTORY (ID_Employee, ID_Branch, StartDate, EndDate) VALUES (144, 4, '2024-09-21', 'NULL');
INSERT INTO EMP_BRANCH_HISTORY (ID_Employee, ID_Branch, StartDate, EndDate) VALUES (120, 2, '2023-08-12', 'NULL');
INSERT INTO EMP_BRANCH_HISTORY (ID_Employee, ID_Branch, StartDate, EndDate) VALUES (48, 3, '2023-06-27', 'NULL');
INSERT INTO EMP_BRANCH_HISTORY (ID_Employee, ID_Branch, StartDate, EndDate) VALUES (78, 12, '2024-09-23', 'NULL');
INSERT INTO EMP_BRANCH_HISTORY (ID_Employee, ID_Branch, StartDate, EndDate) VALUES (189, 15, '2024-03-20', 'NULL');
INSERT INTO EMP_BRANCH_HISTORY (ID_Employee, ID_Branch, StartDate, EndDate) VALUES (146, 13, '2023-12-14', '2024-12-18');
INSERT INTO EMP_BRANCH_HISTORY (ID_Employee, ID_Branch, StartDate, EndDate) VALUES (110, 12, '2024-04-27', 'NULL');
INSERT INTO EMP_BRANCH_HISTORY (ID_Employee, ID_Branch, StartDate, EndDate) VALUES (121, 1, '2023-06-10', 'NULL');
INSERT INTO EMP_BRANCH_HISTORY (ID_Employee, ID_Branch, StartDate, EndDate) VALUES (46, 7, '2024-06-07', '2024-12-18');
INSERT INTO EMP_BRANCH_HISTORY (ID_Employee, ID_Branch, StartDate, EndDate) VALUES (172, 15, '2023-09-12', 'NULL');
INSERT INTO EMP_BRANCH_HISTORY (ID_Employee, ID_Branch, StartDate, EndDate) VALUES (203, 12, '2023-08-03', 'NULL');
INSERT INTO EMP_BRANCH_HISTORY (ID_Employee, ID_Branch, StartDate, EndDate) VALUES (188, 6, '2024-07-13', 'NULL');
INSERT INTO EMP_BRANCH_HISTORY (ID_Employee, ID_Branch, StartDate, EndDate) VALUES (52, 2, '2023-07-19', '2024-12-18');
INSERT INTO EMP_BRANCH_HISTORY (ID_Employee, ID_Branch, StartDate, EndDate) VALUES (109, 3, '2023-05-11', 'NULL');
INSERT INTO EMP_BRANCH_HISTORY (ID_Employee, ID_Branch, StartDate, EndDate) VALUES (80, 14, '2024-12-05', 'NULL');
INSERT INTO EMP_BRANCH_HISTORY (ID_Employee, ID_Branch, StartDate, EndDate) VALUES (87, 5, '2024-04-19', 'NULL');
INSERT INTO EMP_BRANCH_HISTORY (ID_Employee, ID_Branch, StartDate, EndDate) VALUES (56, 8, '2023-08-13', 'NULL');
INSERT INTO EMP_BRANCH_HISTORY (ID_Employee, ID_Branch, StartDate, EndDate) VALUES (197, 7, '2024-11-11', 'NULL');
INSERT INTO EMP_BRANCH_HISTORY (ID_Employee, ID_Branch, StartDate, EndDate) VALUES (178, 4, '2024-08-14', 'NULL');
INSERT INTO EMP_BRANCH_HISTORY (ID_Employee, ID_Branch, StartDate, EndDate) VALUES (129, 9, '2023-01-30', 'NULL');
INSERT INTO EMP_BRANCH_HISTORY (ID_Employee, ID_Branch, StartDate, EndDate) VALUES (24, 14, '2023-06-08', 'NULL');
INSERT INTO EMP_BRANCH_HISTORY (ID_Employee, ID_Branch, StartDate, EndDate) VALUES (136, 7, '2024-10-27', 'NULL');
INSERT INTO EMP_BRANCH_HISTORY (ID_Employee, ID_Branch, StartDate, EndDate) VALUES (77, 8, '2024-05-03', 'NULL');
INSERT INTO EMP_BRANCH_HISTORY (ID_Employee, ID_Branch, StartDate, EndDate) VALUES (192, 1, '2024-06-25', 'NULL');
INSERT INTO EMP_BRANCH_HISTORY (ID_Employee, ID_Branch, StartDate, EndDate) VALUES (24, 7, '2023-04-22', 'NULL');
INSERT INTO EMP_BRANCH_HISTORY (ID_Employee, ID_Branch, StartDate, EndDate) VALUES (7, 8, '2023-07-11', 'NULL');
INSERT INTO EMP_BRANCH_HISTORY (ID_Employee, ID_Branch, StartDate, EndDate) VALUES (65, 6, '2023-03-23', 'NULL');
INSERT INTO EMP_BRANCH_HISTORY (ID_Employee, ID_Branch, StartDate, EndDate) VALUES (200, 15, '2024-01-27', 'NULL');
INSERT INTO EMP_BRANCH_HISTORY (ID_Employee, ID_Branch, StartDate, EndDate) VALUES (206, 13, '2024-06-09', 'NULL');
INSERT INTO EMP_BRANCH_HISTORY (ID_Employee, ID_Branch, StartDate, EndDate) VALUES (53, 8, '2024-01-23', 'NULL');
INSERT INTO EMP_BRANCH_HISTORY (ID_Employee, ID_Branch, StartDate, EndDate) VALUES (225, 14, '2024-04-07', 'NULL');
INSERT INTO EMP_BRANCH_HISTORY (ID_Employee, ID_Branch, StartDate, EndDate) VALUES (104, 3, '2023-11-16', 'NULL');
INSERT INTO EMP_BRANCH_HISTORY (ID_Employee, ID_Branch, StartDate, EndDate) VALUES (50, 4, '2024-10-09', 'NULL');
INSERT INTO EMP_BRANCH_HISTORY (ID_Employee, ID_Branch, StartDate, EndDate) VALUES (138, 6, '2023-06-22', 'NULL');
INSERT INTO EMP_BRANCH_HISTORY (ID_Employee, ID_Branch, StartDate, EndDate) VALUES (100, 9, '2023-01-20', 'NULL');
INSERT INTO EMP_BRANCH_HISTORY (ID_Employee, ID_Branch, StartDate, EndDate) VALUES (100, 14, '2024-01-07', 'NULL');
INSERT INTO EMP_BRANCH_HISTORY (ID_Employee, ID_Branch, StartDate, EndDate) VALUES (116, 15, '2024-08-19', 'NULL');
INSERT INTO EMP_BRANCH_HISTORY (ID_Employee, ID_Branch, StartDate, EndDate) VALUES (56, 7, '2023-01-13', 'NULL');
INSERT INTO EMP_BRANCH_HISTORY (ID_Employee, ID_Branch, StartDate, EndDate) VALUES (110, 4, '2024-03-21', 'NULL');
INSERT INTO EMP_BRANCH_HISTORY (ID_Employee, ID_Branch, StartDate, EndDate) VALUES (89, 11, '2023-07-05', 'NULL');
INSERT INTO EMP_BRANCH_HISTORY (ID_Employee, ID_Branch, StartDate, EndDate) VALUES (158, 12, '2023-10-17', 'NULL');
INSERT INTO EMP_BRANCH_HISTORY (ID_Employee, ID_Branch, StartDate, EndDate) VALUES (198, 9, '2024-08-07', 'NULL');
INSERT INTO EMP_BRANCH_HISTORY (ID_Employee, ID_Branch, StartDate, EndDate) VALUES (80, 15, '2024-04-18', 'NULL');
INSERT INTO EMP_BRANCH_HISTORY (ID_Employee, ID_Branch, StartDate, EndDate) VALUES (85, 2, '2024-09-13', 'NULL');
INSERT INTO PARKING (ID_Parking, Address, OpeningHour, CloseHour, ParkingType, ID_Branch) VALUES (1, '811 Gutierrez Grove Suite 849', '09:00:00', '23:00:00', 1, 4);
INSERT INTO PARKING (ID_Parking, Address, OpeningHour, CloseHour, ParkingType, ID_Branch) VALUES (2, '7409 Matthew Bridge', '08:00:00', '22:00:00', 1, 13);
INSERT INTO PARKING (ID_Parking, Address, OpeningHour, CloseHour, ParkingType, ID_Branch) VALUES (3, '8797 Howell Way Apt. 304', '07:00:00', '19:00:00', 0, 13);
INSERT INTO PARKING (ID_Parking, Address, OpeningHour, CloseHour, ParkingType, ID_Branch) VALUES (4, '89992 Ryan Extension', '11:00:00', '20:00:00', 1, 11);
INSERT INTO PARKING (ID_Parking, Address, OpeningHour, CloseHour, ParkingType, ID_Branch) VALUES (5, '68309 Leah Burg', '07:00:00', '19:00:00', 0, 8);
INSERT INTO PARKING (ID_Parking, Address, OpeningHour, CloseHour, ParkingType, ID_Branch) VALUES (6, '255 Karen Pine', '08:00:00', '23:00:00', 1, 13);
INSERT INTO PARKING (ID_Parking, Address, OpeningHour, CloseHour, ParkingType, ID_Branch) VALUES (7, '1181 Hendrix Plaza', '09:00:00', '18:00:00', 0, 4);
INSERT INTO PARKING (ID_Parking, Address, OpeningHour, CloseHour, ParkingType, ID_Branch) VALUES (8, '9003 Delgado Knoll', '09:00:00', '18:00:00', 0, 3);
INSERT INTO PARKING (ID_Parking, Address, OpeningHour, CloseHour, ParkingType, ID_Branch) VALUES (9, '953 Bennett Meadow Suite 886', '10:00:00', '23:00:00', 0, 6);
INSERT INTO PARKING (ID_Parking, Address, OpeningHour, CloseHour, ParkingType, ID_Branch) VALUES (10, '28348 Yang Port Apt. 055', '11:00:00', '18:00:00', 0, 11);
INSERT INTO PARKING (ID_Parking, Address, OpeningHour, CloseHour, ParkingType, ID_Branch) VALUES (11, '48746 Wong Inlet Apt. 725', '12:00:00', '20:00:00', 0, 15);
INSERT INTO PARKING (ID_Parking, Address, OpeningHour, CloseHour, ParkingType, ID_Branch) VALUES (12, '47731 Roberts Mountains Apt. 948', '07:00:00', '21:00:00', 1, 2);
INSERT INTO PARKING (ID_Parking, Address, OpeningHour, CloseHour, ParkingType, ID_Branch) VALUES (13, '71124 Gomez Hills Suite 706', '07:00:00', '21:00:00', 1, 1);
INSERT INTO PARKING (ID_Parking, Address, OpeningHour, CloseHour, ParkingType, ID_Branch) VALUES (14, '485 Miller Course Suite 947', '07:00:00', '21:00:00', 1, 12);
INSERT INTO PARKING (ID_Parking, Address, OpeningHour, CloseHour, ParkingType, ID_Branch) VALUES (15, '88066 Matthew Path Suite 240', '12:00:00', '19:00:00', 1, 11);
INSERT INTO FOOD_TYPE (ID_Type, TypeName) VALUES (1, 'Rolls');
INSERT INTO FOOD_TYPE (ID_Type, TypeName) VALUES (2, 'Sashimi');
INSERT INTO FOOD_TYPE (ID_Type, TypeName) VALUES (3, 'Nigiri');
INSERT INTO FOOD_TYPE (ID_Type, TypeName) VALUES (4, 'Hand Rolls');
INSERT INTO FOOD_TYPE (ID_Type, TypeName) VALUES (5, 'Bento');
INSERT INTO FOOD_TYPE (ID_Type, TypeName) VALUES (6, 'Appetizers');
INSERT INTO FOOD_TYPE (ID_Type, TypeName) VALUES (7, 'Desserts');
INSERT INTO FOOD_TYPE (ID_Type, TypeName) VALUES (8, 'Beverages');
INSERT INTO FOOD_TYPE (ID_Type, TypeName) VALUES (9, 'Ramen');
INSERT INTO FOOD_TYPE (ID_Type, TypeName) VALUES (10, 'Donburi');
INSERT INTO FOOD_ITEM (ID_Food, FoodName, Price, isAreaRestricted, DeliverySafe, ID_Type) VALUES (1, 'California Roll', 809000, 0, 1, 1);
INSERT INTO FOOD_ITEM (ID_Food, FoodName, Price, isAreaRestricted, DeliverySafe, ID_Type) VALUES (2, 'Spicy Tuna Roll', 301000, 0, 1, 1);
INSERT INTO FOOD_ITEM (ID_Food, FoodName, Price, isAreaRestricted, DeliverySafe, ID_Type) VALUES (3, 'Dragon Roll', 321000, 0, 1, 1);
INSERT INTO FOOD_ITEM (ID_Food, FoodName, Price, isAreaRestricted, DeliverySafe, ID_Type) VALUES (4, 'Rainbow Roll', 564000, 0, 1, 1);
INSERT INTO FOOD_ITEM (ID_Food, FoodName, Price, isAreaRestricted, DeliverySafe, ID_Type) VALUES (5, 'Philadelphia Roll', 375000, 0, 0, 1);
INSERT INTO FOOD_ITEM (ID_Food, FoodName, Price, isAreaRestricted, DeliverySafe, ID_Type) VALUES (6, 'Tempura Roll', 717000, 0, 1, 1);
INSERT INTO FOOD_ITEM (ID_Food, FoodName, Price, isAreaRestricted, DeliverySafe, ID_Type) VALUES (7, 'Vegetarian Roll', 926000, 0, 1, 1);
INSERT INTO FOOD_ITEM (ID_Food, FoodName, Price, isAreaRestricted, DeliverySafe, ID_Type) VALUES (8, 'Salmon Sashimi', 713000, 0, 0, 2);
INSERT INTO FOOD_ITEM (ID_Food, FoodName, Price, isAreaRestricted, DeliverySafe, ID_Type) VALUES (9, 'Tuna Sashimi', 773000, 1, 0, 2);
INSERT INTO FOOD_ITEM (ID_Food, FoodName, Price, isAreaRestricted, DeliverySafe, ID_Type) VALUES (10, 'Yellowtail Sashimi', 853000, 0, 1, 2);
INSERT INTO FOOD_ITEM (ID_Food, FoodName, Price, isAreaRestricted, DeliverySafe, ID_Type) VALUES (11, 'Octopus Sashimi', 985000, 0, 1, 2);
INSERT INTO FOOD_ITEM (ID_Food, FoodName, Price, isAreaRestricted, DeliverySafe, ID_Type) VALUES (12, 'Snapper Sashimi', 570000, 0, 1, 2);
INSERT INTO FOOD_ITEM (ID_Food, FoodName, Price, isAreaRestricted, DeliverySafe, ID_Type) VALUES (13, 'Mackerel Sashimi', 495000, 0, 1, 2);
INSERT INTO FOOD_ITEM (ID_Food, FoodName, Price, isAreaRestricted, DeliverySafe, ID_Type) VALUES (14, 'Salmon Nigiri', 664000, 0, 0, 3);
INSERT INTO FOOD_ITEM (ID_Food, FoodName, Price, isAreaRestricted, DeliverySafe, ID_Type) VALUES (15, 'Tuna Nigiri', 432000, 0, 1, 3);
INSERT INTO FOOD_ITEM (ID_Food, FoodName, Price, isAreaRestricted, DeliverySafe, ID_Type) VALUES (16, 'Eel Nigiri', 401000, 1, 0, 3);
INSERT INTO FOOD_ITEM (ID_Food, FoodName, Price, isAreaRestricted, DeliverySafe, ID_Type) VALUES (17, 'Shrimp Nigiri', 701000, 1, 1, 3);
INSERT INTO FOOD_ITEM (ID_Food, FoodName, Price, isAreaRestricted, DeliverySafe, ID_Type) VALUES (18, 'Egg Nigiri', 136000, 1, 1, 3);
INSERT INTO FOOD_ITEM (ID_Food, FoodName, Price, isAreaRestricted, DeliverySafe, ID_Type) VALUES (19, 'Crab Nigiri', 590000, 1, 1, 3);
INSERT INTO FOOD_ITEM (ID_Food, FoodName, Price, isAreaRestricted, DeliverySafe, ID_Type) VALUES (20, 'Spicy Tuna Hand Roll', 705000, 1, 1, 4);
INSERT INTO FOOD_ITEM (ID_Food, FoodName, Price, isAreaRestricted, DeliverySafe, ID_Type) VALUES (21, 'California Hand Roll', 889000, 0, 1, 4);
INSERT INTO FOOD_ITEM (ID_Food, FoodName, Price, isAreaRestricted, DeliverySafe, ID_Type) VALUES (22, 'Salmon Avocado Hand Roll', 582000, 1, 1, 4);
INSERT INTO FOOD_ITEM (ID_Food, FoodName, Price, isAreaRestricted, DeliverySafe, ID_Type) VALUES (23, 'Vegetable Hand Roll', 512000, 0, 1, 4);
INSERT INTO FOOD_ITEM (ID_Food, FoodName, Price, isAreaRestricted, DeliverySafe, ID_Type) VALUES (24, 'Shrimp Tempura Hand Roll', 636000, 0, 1, 4);
INSERT INTO FOOD_ITEM (ID_Food, FoodName, Price, isAreaRestricted, DeliverySafe, ID_Type) VALUES (25, 'Chicken Teriyaki Bento', 879000, 0, 1, 5);
INSERT INTO FOOD_ITEM (ID_Food, FoodName, Price, isAreaRestricted, DeliverySafe, ID_Type) VALUES (26, 'Salmon Teriyaki Bento', 609000, 0, 1, 5);
INSERT INTO FOOD_ITEM (ID_Food, FoodName, Price, isAreaRestricted, DeliverySafe, ID_Type) VALUES (27, 'Beef Bulgogi Bento', 399000, 0, 1, 5);
INSERT INTO FOOD_ITEM (ID_Food, FoodName, Price, isAreaRestricted, DeliverySafe, ID_Type) VALUES (28, 'Vegetarian Bento', 243000, 0, 1, 5);
INSERT INTO FOOD_ITEM (ID_Food, FoodName, Price, isAreaRestricted, DeliverySafe, ID_Type) VALUES (29, 'Edamame', 873000, 0, 1, 6);
INSERT INTO FOOD_ITEM (ID_Food, FoodName, Price, isAreaRestricted, DeliverySafe, ID_Type) VALUES (30, 'Gyoza', 320000, 0, 0, 6);
INSERT INTO FOOD_ITEM (ID_Food, FoodName, Price, isAreaRestricted, DeliverySafe, ID_Type) VALUES (31, 'Seaweed Salad', 690000, 0, 1, 6);
INSERT INTO FOOD_ITEM (ID_Food, FoodName, Price, isAreaRestricted, DeliverySafe, ID_Type) VALUES (32, 'Takoyaki', 796000, 0, 1, 6);
INSERT INTO FOOD_ITEM (ID_Food, FoodName, Price, isAreaRestricted, DeliverySafe, ID_Type) VALUES (33, 'Agedashi Tofu', 982000, 0, 0, 6);
INSERT INTO FOOD_ITEM (ID_Food, FoodName, Price, isAreaRestricted, DeliverySafe, ID_Type) VALUES (34, 'Miso Soup', 304000, 0, 1, 6);
INSERT INTO FOOD_ITEM (ID_Food, FoodName, Price, isAreaRestricted, DeliverySafe, ID_Type) VALUES (35, 'Spring Rolls', 496000, 0, 1, 6);
INSERT INTO FOOD_ITEM (ID_Food, FoodName, Price, isAreaRestricted, DeliverySafe, ID_Type) VALUES (36, 'Mochi Ice Cream', 613000, 0, 1, 7);
INSERT INTO FOOD_ITEM (ID_Food, FoodName, Price, isAreaRestricted, DeliverySafe, ID_Type) VALUES (37, 'Green Tea Cheesecake', 451000, 0, 1, 7);
INSERT INTO FOOD_ITEM (ID_Food, FoodName, Price, isAreaRestricted, DeliverySafe, ID_Type) VALUES (38, 'Dorayaki', 729000, 0, 1, 7);
INSERT INTO FOOD_ITEM (ID_Food, FoodName, Price, isAreaRestricted, DeliverySafe, ID_Type) VALUES (39, 'Matcha Panna Cotta', 411000, 1, 1, 7);
INSERT INTO FOOD_ITEM (ID_Food, FoodName, Price, isAreaRestricted, DeliverySafe, ID_Type) VALUES (40, 'Sesame Balls', 433000, 1, 1, 7);
INSERT INTO FOOD_ITEM (ID_Food, FoodName, Price, isAreaRestricted, DeliverySafe, ID_Type) VALUES (41, 'Green Tea', 991000, 0, 1, 8);
INSERT INTO FOOD_ITEM (ID_Food, FoodName, Price, isAreaRestricted, DeliverySafe, ID_Type) VALUES (42, 'Sake', 638000, 0, 1, 8);
INSERT INTO FOOD_ITEM (ID_Food, FoodName, Price, isAreaRestricted, DeliverySafe, ID_Type) VALUES (43, 'Plum Wine', 143000, 0, 1, 8);
INSERT INTO FOOD_ITEM (ID_Food, FoodName, Price, isAreaRestricted, DeliverySafe, ID_Type) VALUES (44, 'Ramune Soda', 760000, 0, 0, 8);
INSERT INTO FOOD_ITEM (ID_Food, FoodName, Price, isAreaRestricted, DeliverySafe, ID_Type) VALUES (45, 'Matcha Latte', 340000, 0, 1, 8);
INSERT INTO FOOD_ITEM (ID_Food, FoodName, Price, isAreaRestricted, DeliverySafe, ID_Type) VALUES (46, 'Iced Oolong Tea', 702000, 1, 1, 8);
INSERT INTO FOOD_ITEM (ID_Food, FoodName, Price, isAreaRestricted, DeliverySafe, ID_Type) VALUES (47, 'Shoyu Ramen', 573000, 0, 1, 9);
INSERT INTO FOOD_ITEM (ID_Food, FoodName, Price, isAreaRestricted, DeliverySafe, ID_Type) VALUES (48, 'Miso Ramen', 653000, 0, 0, 9);
INSERT INTO FOOD_ITEM (ID_Food, FoodName, Price, isAreaRestricted, DeliverySafe, ID_Type) VALUES (49, 'Tonkotsu Ramen', 459000, 0, 1, 9);
INSERT INTO FOOD_ITEM (ID_Food, FoodName, Price, isAreaRestricted, DeliverySafe, ID_Type) VALUES (50, 'Spicy Chicken Ramen', 472000, 0, 1, 9);
INSERT INTO FOOD_ITEM (ID_Food, FoodName, Price, isAreaRestricted, DeliverySafe, ID_Type) VALUES (51, 'Vegetable Ramen', 793000, 0, 0, 9);
INSERT INTO FOOD_ITEM (ID_Food, FoodName, Price, isAreaRestricted, DeliverySafe, ID_Type) VALUES (52, 'Seafood Ramen', 823000, 0, 1, 9);
INSERT INTO FOOD_ITEM (ID_Food, FoodName, Price, isAreaRestricted, DeliverySafe, ID_Type) VALUES (53, 'Gyudon (Beef Bowl)', 622000, 0, 1, 10);
INSERT INTO FOOD_ITEM (ID_Food, FoodName, Price, isAreaRestricted, DeliverySafe, ID_Type) VALUES (54, 'Katsudon (Pork Cutlet Bowl)', 415000, 0, 1, 10);
INSERT INTO FOOD_ITEM (ID_Food, FoodName, Price, isAreaRestricted, DeliverySafe, ID_Type) VALUES (55, 'Oyakodon (Chicken and Egg Bowl)', 921000, 1, 1, 10);
INSERT INTO FOOD_ITEM (ID_Food, FoodName, Price, isAreaRestricted, DeliverySafe, ID_Type) VALUES (56, 'Unadon (Eel Bowl)', 995000, 0, 0, 10);
INSERT INTO FOOD_ITEM (ID_Food, FoodName, Price, isAreaRestricted, DeliverySafe, ID_Type) VALUES (57, 'Tekka Don (Tuna Bowl)', 930000, 0, 1, 10);
INSERT INTO FOOD_ITEM (ID_Food, FoodName, Price, isAreaRestricted, DeliverySafe, ID_Type) VALUES (58, 'Chirashi Don (Scattered Sushi Bowl)', 481000, 0, 1, 10);
INSERT INTO AREA_SPECIFIC_FOOD (ID_Area, ID_Food) VALUES (3, 19);
INSERT INTO AREA_SPECIFIC_FOOD (ID_Area, ID_Food) VALUES (4, 19);
INSERT INTO AREA_SPECIFIC_FOOD (ID_Area, ID_Food) VALUES (1, 40);
INSERT INTO AREA_SPECIFIC_FOOD (ID_Area, ID_Food) VALUES (3, 18);
INSERT INTO AREA_SPECIFIC_FOOD (ID_Area, ID_Food) VALUES (2, 19);
INSERT INTO AREA_SPECIFIC_FOOD (ID_Area, ID_Food) VALUES (5, 22);
INSERT INTO AREA_SPECIFIC_FOOD (ID_Area, ID_Food) VALUES (1, 17);
INSERT INTO AREA_SPECIFIC_FOOD (ID_Area, ID_Food) VALUES (5, 20);
INSERT INTO AREA_SPECIFIC_FOOD (ID_Area, ID_Food) VALUES (5, 18);
INSERT INTO AREA_SPECIFIC_FOOD (ID_Area, ID_Food) VALUES (5, 46);
INSERT INTO AREA_SPECIFIC_FOOD (ID_Area, ID_Food) VALUES (2, 17);
INSERT INTO AREA_SPECIFIC_FOOD (ID_Area, ID_Food) VALUES (4, 9);
INSERT INTO AREA_SPECIFIC_FOOD (ID_Area, ID_Food) VALUES (3, 20);
INSERT INTO AREA_SPECIFIC_FOOD (ID_Area, ID_Food) VALUES (1, 46);
INSERT INTO AREA_SPECIFIC_FOOD (ID_Area, ID_Food) VALUES (2, 46);
INSERT INTO AREA_SPECIFIC_FOOD (ID_Area, ID_Food) VALUES (4, 20);
INSERT INTO AREA_SPECIFIC_FOOD (ID_Area, ID_Food) VALUES (1, 19);
INSERT INTO AREA_SPECIFIC_FOOD (ID_Area, ID_Food) VALUES (5, 16);
INSERT INTO AREA_SPECIFIC_FOOD (ID_Area, ID_Food) VALUES (4, 17);
INSERT INTO AREA_SPECIFIC_FOOD (ID_Area, ID_Food) VALUES (5, 19);
INSERT INTO AREA_SPECIFIC_FOOD (ID_Area, ID_Food) VALUES (2, 55);
INSERT INTO AREA_SPECIFIC_FOOD (ID_Area, ID_Food) VALUES (1, 16);
INSERT INTO AREA_SPECIFIC_FOOD (ID_Area, ID_Food) VALUES (3, 22);
INSERT INTO AREA_SPECIFIC_FOOD (ID_Area, ID_Food) VALUES (1, 9);
INSERT INTO AREA_SPECIFIC_FOOD (ID_Area, ID_Food) VALUES (2, 22);
INSERT INTO AREA_SPECIFIC_FOOD (ID_Area, ID_Food) VALUES (5, 17);
INSERT INTO AREA_SPECIFIC_FOOD (ID_Area, ID_Food) VALUES (5, 40);
INSERT INTO AREA_SPECIFIC_FOOD (ID_Area, ID_Food) VALUES (4, 40);
INSERT INTO AREA_SPECIFIC_FOOD (ID_Area, ID_Food) VALUES (4, 18);
INSERT INTO AREA_SPECIFIC_FOOD (ID_Area, ID_Food) VALUES (4, 46);
INSERT INTO AREA_SPECIFIC_FOOD (ID_Area, ID_Food) VALUES (3, 16);
INSERT INTO AREA_SPECIFIC_FOOD (ID_Area, ID_Food) VALUES (2, 18);
INSERT INTO AREA_SPECIFIC_FOOD (ID_Area, ID_Food) VALUES (2, 39);
INSERT INTO AREA_SPECIFIC_FOOD (ID_Area, ID_Food) VALUES (1, 22);
INSERT INTO AREA_SPECIFIC_FOOD (ID_Area, ID_Food) VALUES (5, 55);
INSERT INTO AREA_SPECIFIC_FOOD (ID_Area, ID_Food) VALUES (2, 16);
INSERT INTO AREA_SPECIFIC_FOOD (ID_Area, ID_Food) VALUES (3, 17);
INSERT INTO AREA_SPECIFIC_FOOD (ID_Area, ID_Food) VALUES (3, 46);
INSERT INTO AREA_SPECIFIC_FOOD (ID_Area, ID_Food) VALUES (1, 20);
INSERT INTO AREA_SPECIFIC_FOOD (ID_Area, ID_Food) VALUES (4, 55);
INSERT INTO BRANCH_FOOD (ID_BranchFood, Available, ID_Branch, ID_Food) VALUES (1, 1, 11, 18);
INSERT INTO BRANCH_FOOD (ID_BranchFood, Available, ID_Branch, ID_Food) VALUES (2, 1, 15, 51);
INSERT INTO BRANCH_FOOD (ID_BranchFood, Available, ID_Branch, ID_Food) VALUES (3, 1, 10, 53);
INSERT INTO BRANCH_FOOD (ID_BranchFood, Available, ID_Branch, ID_Food) VALUES (4, 0, 7, 46);
INSERT INTO BRANCH_FOOD (ID_BranchFood, Available, ID_Branch, ID_Food) VALUES (5, 0, 11, 26);
INSERT INTO BRANCH_FOOD (ID_BranchFood, Available, ID_Branch, ID_Food) VALUES (6, 1, 11, 58);
INSERT INTO BRANCH_FOOD (ID_BranchFood, Available, ID_Branch, ID_Food) VALUES (7, 1, 9, 25);
INSERT INTO BRANCH_FOOD (ID_BranchFood, Available, ID_Branch, ID_Food) VALUES (8, 1, 9, 40);
INSERT INTO BRANCH_FOOD (ID_BranchFood, Available, ID_Branch, ID_Food) VALUES (9, 1, 11, 24);
INSERT INTO BRANCH_FOOD (ID_BranchFood, Available, ID_Branch, ID_Food) VALUES (10, 1, 13, 12);
INSERT INTO BRANCH_FOOD (ID_BranchFood, Available, ID_Branch, ID_Food) VALUES (11, 1, 8, 11);
INSERT INTO BRANCH_FOOD (ID_BranchFood, Available, ID_Branch, ID_Food) VALUES (12, 1, 13, 35);
INSERT INTO BRANCH_FOOD (ID_BranchFood, Available, ID_Branch, ID_Food) VALUES (13, 1, 1, 51);
INSERT INTO BRANCH_FOOD (ID_BranchFood, Available, ID_Branch, ID_Food) VALUES (14, 1, 4, 58);
INSERT INTO BRANCH_FOOD (ID_BranchFood, Available, ID_Branch, ID_Food) VALUES (15, 0, 1, 21);
INSERT INTO BRANCH_FOOD (ID_BranchFood, Available, ID_Branch, ID_Food) VALUES (16, 1, 5, 21);
INSERT INTO BRANCH_FOOD (ID_BranchFood, Available, ID_Branch, ID_Food) VALUES (17, 0, 12, 16);
INSERT INTO BRANCH_FOOD (ID_BranchFood, Available, ID_Branch, ID_Food) VALUES (18, 1, 3, 15);
INSERT INTO BRANCH_FOOD (ID_BranchFood, Available, ID_Branch, ID_Food) VALUES (19, 0, 9, 23);
INSERT INTO BRANCH_FOOD (ID_BranchFood, Available, ID_Branch, ID_Food) VALUES (20, 1, 14, 58);
INSERT INTO BRANCH_FOOD (ID_BranchFood, Available, ID_Branch, ID_Food) VALUES (21, 1, 12, 46);
INSERT INTO BRANCH_FOOD (ID_BranchFood, Available, ID_Branch, ID_Food) VALUES (22, 1, 14, 23);
INSERT INTO BRANCH_FOOD (ID_BranchFood, Available, ID_Branch, ID_Food) VALUES (23, 1, 2, 45);
INSERT INTO BRANCH_FOOD (ID_BranchFood, Available, ID_Branch, ID_Food) VALUES (24, 0, 6, 30);
INSERT INTO BRANCH_FOOD (ID_BranchFood, Available, ID_Branch, ID_Food) VALUES (25, 1, 8, 41);
INSERT INTO BRANCH_FOOD (ID_BranchFood, Available, ID_Branch, ID_Food) VALUES (26, 0, 6, 49);
INSERT INTO BRANCH_FOOD (ID_BranchFood, Available, ID_Branch, ID_Food) VALUES (27, 1, 13, 30);
INSERT INTO BRANCH_FOOD (ID_BranchFood, Available, ID_Branch, ID_Food) VALUES (28, 1, 3, 45);
INSERT INTO BRANCH_FOOD (ID_BranchFood, Available, ID_Branch, ID_Food) VALUES (29, 0, 5, 11);
INSERT INTO BRANCH_FOOD (ID_BranchFood, Available, ID_Branch, ID_Food) VALUES (30, 1, 4, 44);
INSERT INTO BRANCH_FOOD (ID_BranchFood, Available, ID_Branch, ID_Food) VALUES (31, 1, 11, 43);
INSERT INTO BRANCH_FOOD (ID_BranchFood, Available, ID_Branch, ID_Food) VALUES (32, 1, 15, 28);
INSERT INTO BRANCH_FOOD (ID_BranchFood, Available, ID_Branch, ID_Food) VALUES (33, 0, 15, 48);
INSERT INTO BRANCH_FOOD (ID_BranchFood, Available, ID_Branch, ID_Food) VALUES (34, 1, 14, 28);
INSERT INTO BRANCH_FOOD (ID_BranchFood, Available, ID_Branch, ID_Food) VALUES (35, 1, 8, 14);
INSERT INTO BRANCH_FOOD (ID_BranchFood, Available, ID_Branch, ID_Food) VALUES (36, 0, 4, 25);
INSERT INTO BRANCH_FOOD (ID_BranchFood, Available, ID_Branch, ID_Food) VALUES (37, 1, 6, 12);
INSERT INTO BRANCH_FOOD (ID_BranchFood, Available, ID_Branch, ID_Food) VALUES (38, 0, 13, 38);
INSERT INTO BRANCH_FOOD (ID_BranchFood, Available, ID_Branch, ID_Food) VALUES (39, 0, 10, 47);
INSERT INTO BRANCH_FOOD (ID_BranchFood, Available, ID_Branch, ID_Food) VALUES (40, 1, 6, 35);
INSERT INTO BRANCH_FOOD (ID_BranchFood, Available, ID_Branch, ID_Food) VALUES (41, 1, 12, 22);
INSERT INTO BRANCH_FOOD (ID_BranchFood, Available, ID_Branch, ID_Food) VALUES (42, 0, 12, 5);
INSERT INTO BRANCH_FOOD (ID_BranchFood, Available, ID_Branch, ID_Food) VALUES (43, 1, 1, 44);
INSERT INTO BRANCH_FOOD (ID_BranchFood, Available, ID_Branch, ID_Food) VALUES (44, 1, 15, 49);
INSERT INTO BRANCH_FOOD (ID_BranchFood, Available, ID_Branch, ID_Food) VALUES (45, 1, 4, 48);
INSERT INTO BRANCH_FOOD (ID_BranchFood, Available, ID_Branch, ID_Food) VALUES (46, 1, 6, 5);
INSERT INTO BRANCH_FOOD (ID_BranchFood, Available, ID_Branch, ID_Food) VALUES (47, 0, 10, 16);
INSERT INTO BRANCH_FOOD (ID_BranchFood, Available, ID_Branch, ID_Food) VALUES (48, 0, 2, 15);
INSERT INTO BRANCH_FOOD (ID_BranchFood, Available, ID_Branch, ID_Food) VALUES (49, 1, 9, 21);
INSERT INTO BRANCH_FOOD (ID_BranchFood, Available, ID_Branch, ID_Food) VALUES (50, 0, 3, 20);
INSERT INTO BRANCH_FOOD (ID_BranchFood, Available, ID_Branch, ID_Food) VALUES (51, 1, 7, 49);
INSERT INTO BRANCH_FOOD (ID_BranchFood, Available, ID_Branch, ID_Food) VALUES (52, 0, 14, 33);
INSERT INTO BRANCH_FOOD (ID_BranchFood, Available, ID_Branch, ID_Food) VALUES (53, 1, 2, 8);
INSERT INTO BRANCH_FOOD (ID_BranchFood, Available, ID_Branch, ID_Food) VALUES (54, 0, 7, 24);
INSERT INTO BRANCH_FOOD (ID_BranchFood, Available, ID_Branch, ID_Food) VALUES (55, 1, 1, 37);
INSERT INTO BRANCH_FOOD (ID_BranchFood, Available, ID_Branch, ID_Food) VALUES (56, 1, 12, 34);
INSERT INTO BRANCH_FOOD (ID_BranchFood, Available, ID_Branch, ID_Food) VALUES (57, 1, 8, 12);
INSERT INTO BRANCH_FOOD (ID_BranchFood, Available, ID_Branch, ID_Food) VALUES (58, 1, 6, 38);
INSERT INTO BRANCH_FOOD (ID_BranchFood, Available, ID_Branch, ID_Food) VALUES (59, 1, 10, 40);
INSERT INTO BRANCH_FOOD (ID_BranchFood, Available, ID_Branch, ID_Food) VALUES (60, 1, 6, 18);
INSERT INTO BRANCH_FOOD (ID_BranchFood, Available, ID_Branch, ID_Food) VALUES (61, 1, 11, 28);
INSERT INTO BRANCH_FOOD (ID_BranchFood, Available, ID_Branch, ID_Food) VALUES (62, 1, 5, 41);
INSERT INTO BRANCH_FOOD (ID_BranchFood, Available, ID_Branch, ID_Food) VALUES (63, 0, 14, 12);
INSERT INTO BRANCH_FOOD (ID_BranchFood, Available, ID_Branch, ID_Food) VALUES (64, 0, 4, 57);
INSERT INTO BRANCH_FOOD (ID_BranchFood, Available, ID_Branch, ID_Food) VALUES (65, 1, 1, 29);
INSERT INTO BRANCH_FOOD (ID_BranchFood, Available, ID_Branch, ID_Food) VALUES (66, 0, 6, 52);
INSERT INTO BRANCH_FOOD (ID_BranchFood, Available, ID_Branch, ID_Food) VALUES (67, 1, 12, 27);
INSERT INTO BRANCH_FOOD (ID_BranchFood, Available, ID_Branch, ID_Food) VALUES (68, 1, 9, 6);
INSERT INTO BRANCH_FOOD (ID_BranchFood, Available, ID_Branch, ID_Food) VALUES (69, 1, 12, 29);
INSERT INTO BRANCH_FOOD (ID_BranchFood, Available, ID_Branch, ID_Food) VALUES (70, 0, 7, 52);
INSERT INTO BRANCH_FOOD (ID_BranchFood, Available, ID_Branch, ID_Food) VALUES (71, 0, 7, 32);
INSERT INTO BRANCH_FOOD (ID_BranchFood, Available, ID_Branch, ID_Food) VALUES (72, 1, 5, 20);
INSERT INTO BRANCH_FOOD (ID_BranchFood, Available, ID_Branch, ID_Food) VALUES (73, 0, 2, 11);
INSERT INTO BRANCH_FOOD (ID_BranchFood, Available, ID_Branch, ID_Food) VALUES (74, 1, 10, 48);
INSERT INTO BRANCH_FOOD (ID_BranchFood, Available, ID_Branch, ID_Food) VALUES (75, 0, 15, 29);
INSERT INTO BRANCH_FOOD (ID_BranchFood, Available, ID_Branch, ID_Food) VALUES (76, 0, 5, 26);
INSERT INTO BRANCH_FOOD (ID_BranchFood, Available, ID_Branch, ID_Food) VALUES (77, 0, 2, 36);
INSERT INTO BRANCH_FOOD (ID_BranchFood, Available, ID_Branch, ID_Food) VALUES (78, 1, 1, 6);
INSERT INTO BRANCH_FOOD (ID_BranchFood, Available, ID_Branch, ID_Food) VALUES (79, 1, 10, 25);
INSERT INTO BRANCH_FOOD (ID_BranchFood, Available, ID_Branch, ID_Food) VALUES (80, 1, 15, 33);
INSERT INTO BRANCH_FOOD (ID_BranchFood, Available, ID_Branch, ID_Food) VALUES (81, 1, 9, 49);
INSERT INTO BRANCH_FOOD (ID_BranchFood, Available, ID_Branch, ID_Food) VALUES (82, 0, 1, 23);
INSERT INTO BRANCH_FOOD (ID_BranchFood, Available, ID_Branch, ID_Food) VALUES (83, 1, 8, 56);
INSERT INTO BRANCH_FOOD (ID_BranchFood, Available, ID_Branch, ID_Food) VALUES (84, 1, 4, 46);
INSERT INTO BRANCH_FOOD (ID_BranchFood, Available, ID_Branch, ID_Food) VALUES (85, 1, 13, 25);
INSERT INTO BRANCH_FOOD (ID_BranchFood, Available, ID_Branch, ID_Food) VALUES (86, 1, 13, 17);
INSERT INTO BRANCH_FOOD (ID_BranchFood, Available, ID_Branch, ID_Food) VALUES (87, 1, 4, 28);
INSERT INTO BRANCH_FOOD (ID_BranchFood, Available, ID_Branch, ID_Food) VALUES (88, 0, 2, 31);
INSERT INTO BRANCH_FOOD (ID_BranchFood, Available, ID_Branch, ID_Food) VALUES (89, 1, 5, 3);
INSERT INTO BRANCH_FOOD (ID_BranchFood, Available, ID_Branch, ID_Food) VALUES (90, 1, 2, 32);
INSERT INTO BRANCH_FOOD (ID_BranchFood, Available, ID_Branch, ID_Food) VALUES (91, 0, 14, 46);
INSERT INTO BRANCH_FOOD (ID_BranchFood, Available, ID_Branch, ID_Food) VALUES (92, 0, 15, 8);
INSERT INTO BRANCH_FOOD (ID_BranchFood, Available, ID_Branch, ID_Food) VALUES (93, 1, 5, 48);
INSERT INTO BRANCH_FOOD (ID_BranchFood, Available, ID_Branch, ID_Food) VALUES (94, 1, 3, 21);
INSERT INTO BRANCH_FOOD (ID_BranchFood, Available, ID_Branch, ID_Food) VALUES (95, 1, 12, 37);
INSERT INTO BRANCH_FOOD (ID_BranchFood, Available, ID_Branch, ID_Food) VALUES (96, 1, 10, 4);
INSERT INTO BRANCH_FOOD (ID_BranchFood, Available, ID_Branch, ID_Food) VALUES (97, 1, 8, 51);
INSERT INTO BRANCH_FOOD (ID_BranchFood, Available, ID_Branch, ID_Food) VALUES (98, 1, 1, 54);
INSERT INTO BRANCH_FOOD (ID_BranchFood, Available, ID_Branch, ID_Food) VALUES (99, 1, 1, 20);
INSERT INTO BRANCH_FOOD (ID_BranchFood, Available, ID_Branch, ID_Food) VALUES (100, 1, 2, 19);
INSERT INTO BRANCH_FOOD (ID_BranchFood, Available, ID_Branch, ID_Food) VALUES (101, 1, 10, 57);
INSERT INTO BRANCH_FOOD (ID_BranchFood, Available, ID_Branch, ID_Food) VALUES (102, 1, 12, 6);
INSERT INTO BRANCH_FOOD (ID_BranchFood, Available, ID_Branch, ID_Food) VALUES (103, 1, 2, 26);
INSERT INTO BRANCH_FOOD (ID_BranchFood, Available, ID_Branch, ID_Food) VALUES (104, 1, 10, 51);
INSERT INTO BRANCH_FOOD (ID_BranchFood, Available, ID_Branch, ID_Food) VALUES (105, 1, 9, 36);
INSERT INTO BRANCH_FOOD (ID_BranchFood, Available, ID_Branch, ID_Food) VALUES (106, 1, 7, 30);
INSERT INTO BRANCH_FOOD (ID_BranchFood, Available, ID_Branch, ID_Food) VALUES (107, 1, 4, 38);
INSERT INTO BRANCH_FOOD (ID_BranchFood, Available, ID_Branch, ID_Food) VALUES (108, 1, 15, 10);
INSERT INTO BRANCH_FOOD (ID_BranchFood, Available, ID_Branch, ID_Food) VALUES (109, 0, 12, 26);
INSERT INTO BRANCH_FOOD (ID_BranchFood, Available, ID_Branch, ID_Food) VALUES (110, 1, 8, 58);
INSERT INTO BRANCH_FOOD (ID_BranchFood, Available, ID_Branch, ID_Food) VALUES (111, 1, 14, 3);
INSERT INTO BRANCH_FOOD (ID_BranchFood, Available, ID_Branch, ID_Food) VALUES (112, 1, 2, 28);
INSERT INTO BRANCH_FOOD (ID_BranchFood, Available, ID_Branch, ID_Food) VALUES (113, 1, 4, 2);
INSERT INTO BRANCH_FOOD (ID_BranchFood, Available, ID_Branch, ID_Food) VALUES (114, 1, 8, 44);
INSERT INTO BRANCH_FOOD (ID_BranchFood, Available, ID_Branch, ID_Food) VALUES (115, 1, 12, 23);
INSERT INTO BRANCH_FOOD (ID_BranchFood, Available, ID_Branch, ID_Food) VALUES (116, 0, 7, 14);
INSERT INTO BRANCH_FOOD (ID_BranchFood, Available, ID_Branch, ID_Food) VALUES (117, 1, 8, 6);
INSERT INTO BRANCH_FOOD (ID_BranchFood, Available, ID_Branch, ID_Food) VALUES (118, 1, 13, 50);
INSERT INTO BRANCH_FOOD (ID_BranchFood, Available, ID_Branch, ID_Food) VALUES (119, 1, 6, 17);
INSERT INTO BRANCH_FOOD (ID_BranchFood, Available, ID_Branch, ID_Food) VALUES (120, 0, 6, 50);
INSERT INTO BRANCH_FOOD (ID_BranchFood, Available, ID_Branch, ID_Food) VALUES (121, 1, 7, 10);
INSERT INTO BRANCH_FOOD (ID_BranchFood, Available, ID_Branch, ID_Food) VALUES (122, 1, 13, 55);
INSERT INTO BRANCH_FOOD (ID_BranchFood, Available, ID_Branch, ID_Food) VALUES (123, 1, 8, 33);
INSERT INTO BRANCH_FOOD (ID_BranchFood, Available, ID_Branch, ID_Food) VALUES (124, 1, 15, 13);
INSERT INTO BRANCH_FOOD (ID_BranchFood, Available, ID_Branch, ID_Food) VALUES (125, 1, 6, 34);
INSERT INTO BRANCH_FOOD (ID_BranchFood, Available, ID_Branch, ID_Food) VALUES (126, 0, 3, 30);
INSERT INTO BRANCH_FOOD (ID_BranchFood, Available, ID_Branch, ID_Food) VALUES (127, 1, 8, 36);
INSERT INTO BRANCH_FOOD (ID_BranchFood, Available, ID_Branch, ID_Food) VALUES (128, 1, 3, 25);
INSERT INTO BRANCH_FOOD (ID_BranchFood, Available, ID_Branch, ID_Food) VALUES (129, 1, 3, 18);
INSERT INTO BRANCH_FOOD (ID_BranchFood, Available, ID_Branch, ID_Food) VALUES (130, 1, 15, 25);
INSERT INTO BRANCH_FOOD (ID_BranchFood, Available, ID_Branch, ID_Food) VALUES (131, 1, 6, 57);
INSERT INTO BRANCH_FOOD (ID_BranchFood, Available, ID_Branch, ID_Food) VALUES (132, 1, 6, 14);
INSERT INTO BRANCH_FOOD (ID_BranchFood, Available, ID_Branch, ID_Food) VALUES (133, 1, 6, 4);
INSERT INTO BRANCH_FOOD (ID_BranchFood, Available, ID_Branch, ID_Food) VALUES (134, 1, 12, 10);
INSERT INTO BRANCH_FOOD (ID_BranchFood, Available, ID_Branch, ID_Food) VALUES (135, 1, 10, 45);
INSERT INTO BRANCH_FOOD (ID_BranchFood, Available, ID_Branch, ID_Food) VALUES (136, 1, 7, 21);
INSERT INTO BRANCH_FOOD (ID_BranchFood, Available, ID_Branch, ID_Food) VALUES (137, 1, 15, 54);
INSERT INTO BRANCH_FOOD (ID_BranchFood, Available, ID_Branch, ID_Food) VALUES (138, 1, 6, 45);
INSERT INTO BRANCH_FOOD (ID_BranchFood, Available, ID_Branch, ID_Food) VALUES (139, 0, 11, 27);
INSERT INTO BRANCH_FOOD (ID_BranchFood, Available, ID_Branch, ID_Food) VALUES (140, 1, 5, 5);
INSERT INTO BRANCH_FOOD (ID_BranchFood, Available, ID_Branch, ID_Food) VALUES (141, 0, 7, 58);
INSERT INTO BRANCH_FOOD (ID_BranchFood, Available, ID_Branch, ID_Food) VALUES (142, 0, 14, 8);
INSERT INTO BRANCH_FOOD (ID_BranchFood, Available, ID_Branch, ID_Food) VALUES (143, 1, 1, 56);
INSERT INTO BRANCH_FOOD (ID_BranchFood, Available, ID_Branch, ID_Food) VALUES (144, 1, 15, 45);
INSERT INTO BRANCH_FOOD (ID_BranchFood, Available, ID_Branch, ID_Food) VALUES (145, 1, 10, 10);
INSERT INTO BRANCH_FOOD (ID_BranchFood, Available, ID_Branch, ID_Food) VALUES (146, 1, 13, 29);
INSERT INTO BRANCH_FOOD (ID_BranchFood, Available, ID_Branch, ID_Food) VALUES (147, 1, 8, 28);
INSERT INTO BRANCH_FOOD (ID_BranchFood, Available, ID_Branch, ID_Food) VALUES (148, 1, 7, 40);
INSERT INTO BRANCH_FOOD (ID_BranchFood, Available, ID_Branch, ID_Food) VALUES (149, 0, 5, 43);
INSERT INTO BRANCH_FOOD (ID_BranchFood, Available, ID_Branch, ID_Food) VALUES (150, 1, 5, 45);
INSERT INTO BRANCH_FOOD (ID_BranchFood, Available, ID_Branch, ID_Food) VALUES (151, 1, 2, 56);
INSERT INTO BRANCH_FOOD (ID_BranchFood, Available, ID_Branch, ID_Food) VALUES (152, 1, 8, 32);
INSERT INTO BRANCH_FOOD (ID_BranchFood, Available, ID_Branch, ID_Food) VALUES (153, 1, 4, 1);
INSERT INTO BRANCH_FOOD (ID_BranchFood, Available, ID_Branch, ID_Food) VALUES (154, 1, 3, 7);
INSERT INTO BRANCH_FOOD (ID_BranchFood, Available, ID_Branch, ID_Food) VALUES (155, 1, 12, 7);
INSERT INTO BRANCH_FOOD (ID_BranchFood, Available, ID_Branch, ID_Food) VALUES (156, 1, 3, 37);
INSERT INTO BRANCH_FOOD (ID_BranchFood, Available, ID_Branch, ID_Food) VALUES (157, 1, 11, 44);
INSERT INTO BRANCH_FOOD (ID_BranchFood, Available, ID_Branch, ID_Food) VALUES (158, 0, 8, 48);
INSERT INTO BRANCH_FOOD (ID_BranchFood, Available, ID_Branch, ID_Food) VALUES (159, 1, 13, 41);
INSERT INTO BRANCH_FOOD (ID_BranchFood, Available, ID_Branch, ID_Food) VALUES (160, 1, 4, 47);
INSERT INTO BRANCH_FOOD (ID_BranchFood, Available, ID_Branch, ID_Food) VALUES (161, 0, 9, 58);
INSERT INTO BRANCH_FOOD (ID_BranchFood, Available, ID_Branch, ID_Food) VALUES (162, 1, 10, 46);
INSERT INTO BRANCH_FOOD (ID_BranchFood, Available, ID_Branch, ID_Food) VALUES (163, 1, 7, 35);
INSERT INTO BRANCH_FOOD (ID_BranchFood, Available, ID_Branch, ID_Food) VALUES (164, 1, 9, 9);
INSERT INTO BRANCH_FOOD (ID_BranchFood, Available, ID_Branch, ID_Food) VALUES (165, 1, 13, 18);
INSERT INTO BRANCH_FOOD (ID_BranchFood, Available, ID_Branch, ID_Food) VALUES (166, 1, 1, 48);
INSERT INTO BRANCH_FOOD (ID_BranchFood, Available, ID_Branch, ID_Food) VALUES (167, 1, 4, 43);
INSERT INTO BRANCH_FOOD (ID_BranchFood, Available, ID_Branch, ID_Food) VALUES (168, 0, 3, 56);
INSERT INTO BRANCH_FOOD (ID_BranchFood, Available, ID_Branch, ID_Food) VALUES (169, 1, 11, 9);
INSERT INTO BRANCH_FOOD (ID_BranchFood, Available, ID_Branch, ID_Food) VALUES (170, 1, 1, 18);
INSERT INTO BRANCH_FOOD (ID_BranchFood, Available, ID_Branch, ID_Food) VALUES (171, 1, 7, 26);
INSERT INTO BRANCH_FOOD (ID_BranchFood, Available, ID_Branch, ID_Food) VALUES (172, 0, 4, 36);
INSERT INTO BRANCH_FOOD (ID_BranchFood, Available, ID_Branch, ID_Food) VALUES (173, 1, 3, 54);
INSERT INTO BRANCH_FOOD (ID_BranchFood, Available, ID_Branch, ID_Food) VALUES (174, 1, 3, 16);
INSERT INTO BRANCH_FOOD (ID_BranchFood, Available, ID_Branch, ID_Food) VALUES (175, 1, 13, 11);
INSERT INTO BRANCH_FOOD (ID_BranchFood, Available, ID_Branch, ID_Food) VALUES (176, 1, 3, 24);
INSERT INTO BRANCH_FOOD (ID_BranchFood, Available, ID_Branch, ID_Food) VALUES (177, 0, 14, 15);
INSERT INTO BRANCH_FOOD (ID_BranchFood, Available, ID_Branch, ID_Food) VALUES (178, 0, 8, 20);
INSERT INTO BRANCH_FOOD (ID_BranchFood, Available, ID_Branch, ID_Food) VALUES (179, 1, 9, 19);
INSERT INTO BRANCH_FOOD (ID_BranchFood, Available, ID_Branch, ID_Food) VALUES (180, 1, 3, 52);
INSERT INTO BRANCH_FOOD (ID_BranchFood, Available, ID_Branch, ID_Food) VALUES (181, 1, 15, 18);
INSERT INTO BRANCH_FOOD (ID_BranchFood, Available, ID_Branch, ID_Food) VALUES (182, 1, 14, 20);
INSERT INTO BRANCH_FOOD (ID_BranchFood, Available, ID_Branch, ID_Food) VALUES (183, 0, 10, 42);
INSERT INTO BRANCH_FOOD (ID_BranchFood, Available, ID_Branch, ID_Food) VALUES (184, 0, 7, 2);
INSERT INTO BRANCH_FOOD (ID_BranchFood, Available, ID_Branch, ID_Food) VALUES (185, 0, 14, 35);
INSERT INTO BRANCH_FOOD (ID_BranchFood, Available, ID_Branch, ID_Food) VALUES (186, 0, 5, 37);
INSERT INTO BRANCH_FOOD (ID_BranchFood, Available, ID_Branch, ID_Food) VALUES (187, 1, 8, 24);
INSERT INTO BRANCH_FOOD (ID_BranchFood, Available, ID_Branch, ID_Food) VALUES (188, 1, 9, 13);
INSERT INTO BRANCH_FOOD (ID_BranchFood, Available, ID_Branch, ID_Food) VALUES (189, 0, 15, 32);
INSERT INTO BRANCH_FOOD (ID_BranchFood, Available, ID_Branch, ID_Food) VALUES (190, 1, 1, 12);
INSERT INTO BRANCH_FOOD (ID_BranchFood, Available, ID_Branch, ID_Food) VALUES (191, 1, 13, 15);
INSERT INTO BRANCH_FOOD (ID_BranchFood, Available, ID_Branch, ID_Food) VALUES (192, 1, 1, 1);
INSERT INTO BRANCH_FOOD (ID_BranchFood, Available, ID_Branch, ID_Food) VALUES (193, 1, 10, 35);
INSERT INTO BRANCH_FOOD (ID_BranchFood, Available, ID_Branch, ID_Food) VALUES (194, 1, 5, 29);
INSERT INTO BRANCH_FOOD (ID_BranchFood, Available, ID_Branch, ID_Food) VALUES (195, 1, 9, 32);
INSERT INTO BRANCH_FOOD (ID_BranchFood, Available, ID_Branch, ID_Food) VALUES (196, 1, 5, 33);
INSERT INTO BRANCH_FOOD (ID_BranchFood, Available, ID_Branch, ID_Food) VALUES (197, 1, 13, 54);
INSERT INTO BRANCH_FOOD (ID_BranchFood, Available, ID_Branch, ID_Food) VALUES (198, 0, 5, 7);
INSERT INTO BRANCH_FOOD (ID_BranchFood, Available, ID_Branch, ID_Food) VALUES (199, 1, 8, 18);
INSERT INTO BRANCH_FOOD (ID_BranchFood, Available, ID_Branch, ID_Food) VALUES (200, 0, 4, 27);
INSERT INTO BRANCH_FOOD (ID_BranchFood, Available, ID_Branch, ID_Food) VALUES (201, 0, 1, 27);
INSERT INTO BRANCH_FOOD (ID_BranchFood, Available, ID_Branch, ID_Food) VALUES (202, 1, 9, 47);
INSERT INTO BRANCH_FOOD (ID_BranchFood, Available, ID_Branch, ID_Food) VALUES (203, 1, 9, 26);
INSERT INTO BRANCH_FOOD (ID_BranchFood, Available, ID_Branch, ID_Food) VALUES (204, 0, 2, 20);
INSERT INTO BRANCH_FOOD (ID_BranchFood, Available, ID_Branch, ID_Food) VALUES (205, 1, 8, 2);
INSERT INTO BRANCH_FOOD (ID_BranchFood, Available, ID_Branch, ID_Food) VALUES (206, 1, 15, 50);
INSERT INTO BRANCH_FOOD (ID_BranchFood, Available, ID_Branch, ID_Food) VALUES (207, 1, 12, 38);
INSERT INTO BRANCH_FOOD (ID_BranchFood, Available, ID_Branch, ID_Food) VALUES (208, 1, 8, 47);
INSERT INTO BRANCH_FOOD (ID_BranchFood, Available, ID_Branch, ID_Food) VALUES (209, 0, 7, 13);
INSERT INTO BRANCH_FOOD (ID_BranchFood, Available, ID_Branch, ID_Food) VALUES (210, 1, 7, 38);
INSERT INTO BRANCH_FOOD (ID_BranchFood, Available, ID_Branch, ID_Food) VALUES (211, 0, 6, 51);
INSERT INTO BRANCH_FOOD (ID_BranchFood, Available, ID_Branch, ID_Food) VALUES (212, 1, 15, 19);
INSERT INTO BRANCH_FOOD (ID_BranchFood, Available, ID_Branch, ID_Food) VALUES (213, 0, 12, 48);
INSERT INTO BRANCH_FOOD (ID_BranchFood, Available, ID_Branch, ID_Food) VALUES (214, 1, 2, 34);
INSERT INTO BRANCH_FOOD (ID_BranchFood, Available, ID_Branch, ID_Food) VALUES (215, 1, 7, 54);
INSERT INTO BRANCH_FOOD (ID_BranchFood, Available, ID_Branch, ID_Food) VALUES (216, 1, 2, 38);
INSERT INTO BRANCH_FOOD (ID_BranchFood, Available, ID_Branch, ID_Food) VALUES (217, 1, 15, 4);
INSERT INTO BRANCH_FOOD (ID_BranchFood, Available, ID_Branch, ID_Food) VALUES (218, 1, 1, 32);
INSERT INTO BRANCH_FOOD (ID_BranchFood, Available, ID_Branch, ID_Food) VALUES (219, 0, 4, 32);
INSERT INTO BRANCH_FOOD (ID_BranchFood, Available, ID_Branch, ID_Food) VALUES (220, 1, 10, 30);
INSERT INTO BRANCH_FOOD (ID_BranchFood, Available, ID_Branch, ID_Food) VALUES (221, 0, 2, 47);
INSERT INTO BRANCH_FOOD (ID_BranchFood, Available, ID_Branch, ID_Food) VALUES (222, 0, 9, 51);
INSERT INTO BRANCH_FOOD (ID_BranchFood, Available, ID_Branch, ID_Food) VALUES (223, 1, 13, 53);
INSERT INTO BRANCH_FOOD (ID_BranchFood, Available, ID_Branch, ID_Food) VALUES (224, 1, 5, 42);
INSERT INTO BRANCH_FOOD (ID_BranchFood, Available, ID_Branch, ID_Food) VALUES (225, 0, 7, 43);
INSERT INTO BRANCH_FOOD (ID_BranchFood, Available, ID_Branch, ID_Food) VALUES (226, 1, 5, 46);
INSERT INTO BRANCH_FOOD (ID_BranchFood, Available, ID_Branch, ID_Food) VALUES (227, 1, 14, 22);
INSERT INTO BRANCH_FOOD (ID_BranchFood, Available, ID_Branch, ID_Food) VALUES (228, 1, 12, 44);
INSERT INTO BRANCH_FOOD (ID_BranchFood, Available, ID_Branch, ID_Food) VALUES (229, 0, 13, 23);
INSERT INTO BRANCH_FOOD (ID_BranchFood, Available, ID_Branch, ID_Food) VALUES (230, 1, 15, 1);
INSERT INTO BRANCH_FOOD (ID_BranchFood, Available, ID_Branch, ID_Food) VALUES (231, 1, 11, 30);
INSERT INTO BRANCH_FOOD (ID_BranchFood, Available, ID_Branch, ID_Food) VALUES (232, 1, 13, 22);
INSERT INTO BRANCH_FOOD (ID_BranchFood, Available, ID_Branch, ID_Food) VALUES (233, 1, 15, 26);
INSERT INTO BRANCH_FOOD (ID_BranchFood, Available, ID_Branch, ID_Food) VALUES (234, 1, 1, 49);
INSERT INTO BRANCH_FOOD (ID_BranchFood, Available, ID_Branch, ID_Food) VALUES (235, 0, 15, 27);
INSERT INTO BRANCH_FOOD (ID_BranchFood, Available, ID_Branch, ID_Food) VALUES (236, 1, 8, 19);
INSERT INTO BRANCH_FOOD (ID_BranchFood, Available, ID_Branch, ID_Food) VALUES (237, 0, 4, 35);
INSERT INTO BRANCH_FOOD (ID_BranchFood, Available, ID_Branch, ID_Food) VALUES (238, 1, 10, 50);
INSERT INTO BRANCH_FOOD (ID_BranchFood, Available, ID_Branch, ID_Food) VALUES (239, 1, 5, 50);
INSERT INTO BRANCH_FOOD (ID_BranchFood, Available, ID_Branch, ID_Food) VALUES (240, 1, 10, 28);
INSERT INTO BRANCH_FOOD (ID_BranchFood, Available, ID_Branch, ID_Food) VALUES (241, 1, 5, 24);
INSERT INTO BRANCH_FOOD (ID_BranchFood, Available, ID_Branch, ID_Food) VALUES (242, 1, 5, 52);
INSERT INTO BRANCH_FOOD (ID_BranchFood, Available, ID_Branch, ID_Food) VALUES (243, 0, 6, 1);
INSERT INTO BRANCH_FOOD (ID_BranchFood, Available, ID_Branch, ID_Food) VALUES (244, 1, 10, 8);
INSERT INTO BRANCH_FOOD (ID_BranchFood, Available, ID_Branch, ID_Food) VALUES (245, 1, 4, 10);
INSERT INTO BRANCH_FOOD (ID_BranchFood, Available, ID_Branch, ID_Food) VALUES (246, 1, 7, 6);
INSERT INTO BRANCH_FOOD (ID_BranchFood, Available, ID_Branch, ID_Food) VALUES (247, 1, 13, 28);
INSERT INTO BRANCH_FOOD (ID_BranchFood, Available, ID_Branch, ID_Food) VALUES (248, 1, 1, 43);
INSERT INTO BRANCH_FOOD (ID_BranchFood, Available, ID_Branch, ID_Food) VALUES (249, 1, 14, 6);
INSERT INTO BRANCH_FOOD (ID_BranchFood, Available, ID_Branch, ID_Food) VALUES (250, 1, 1, 42);
INSERT INTO BRANCH_FOOD (ID_BranchFood, Available, ID_Branch, ID_Food) VALUES (251, 1, 11, 13);
INSERT INTO BRANCH_FOOD (ID_BranchFood, Available, ID_Branch, ID_Food) VALUES (252, 1, 7, 44);
INSERT INTO BRANCH_FOOD (ID_BranchFood, Available, ID_Branch, ID_Food) VALUES (253, 1, 11, 33);
INSERT INTO BRANCH_FOOD (ID_BranchFood, Available, ID_Branch, ID_Food) VALUES (254, 1, 9, 31);
INSERT INTO BRANCH_FOOD (ID_BranchFood, Available, ID_Branch, ID_Food) VALUES (255, 1, 2, 43);
INSERT INTO BRANCH_FOOD (ID_BranchFood, Available, ID_Branch, ID_Food) VALUES (256, 0, 15, 17);
INSERT INTO BRANCH_FOOD (ID_BranchFood, Available, ID_Branch, ID_Food) VALUES (257, 0, 7, 47);
INSERT INTO BRANCH_FOOD (ID_BranchFood, Available, ID_Branch, ID_Food) VALUES (258, 1, 11, 23);
INSERT INTO BRANCH_FOOD (ID_BranchFood, Available, ID_Branch, ID_Food) VALUES (259, 1, 14, 53);
INSERT INTO BRANCH_FOOD (ID_BranchFood, Available, ID_Branch, ID_Food) VALUES (260, 1, 9, 34);
INSERT INTO BRANCH_FOOD (ID_BranchFood, Available, ID_Branch, ID_Food) VALUES (261, 1, 3, 33);
INSERT INTO BRANCH_FOOD (ID_BranchFood, Available, ID_Branch, ID_Food) VALUES (262, 1, 3, 4);
INSERT INTO BRANCH_FOOD (ID_BranchFood, Available, ID_Branch, ID_Food) VALUES (263, 1, 6, 2);
INSERT INTO BRANCH_FOOD (ID_BranchFood, Available, ID_Branch, ID_Food) VALUES (264, 0, 8, 53);
INSERT INTO BRANCH_FOOD (ID_BranchFood, Available, ID_Branch, ID_Food) VALUES (265, 1, 13, 58);
INSERT INTO BRANCH_FOOD (ID_BranchFood, Available, ID_Branch, ID_Food) VALUES (266, 0, 11, 49);
INSERT INTO BRANCH_FOOD (ID_BranchFood, Available, ID_Branch, ID_Food) VALUES (267, 1, 15, 34);
INSERT INTO BRANCH_FOOD (ID_BranchFood, Available, ID_Branch, ID_Food) VALUES (268, 1, 3, 31);
INSERT INTO BRANCH_FOOD (ID_BranchFood, Available, ID_Branch, ID_Food) VALUES (269, 1, 13, 39);
INSERT INTO BRANCH_FOOD (ID_BranchFood, Available, ID_Branch, ID_Food) VALUES (270, 1, 14, 48);
INSERT INTO BRANCH_FOOD (ID_BranchFood, Available, ID_Branch, ID_Food) VALUES (271, 1, 11, 53);
INSERT INTO BRANCH_FOOD (ID_BranchFood, Available, ID_Branch, ID_Food) VALUES (272, 1, 8, 35);
INSERT INTO BRANCH_FOOD (ID_BranchFood, Available, ID_Branch, ID_Food) VALUES (273, 1, 2, 50);
INSERT INTO BRANCH_FOOD (ID_BranchFood, Available, ID_Branch, ID_Food) VALUES (274, 1, 5, 23);
INSERT INTO BRANCH_FOOD (ID_BranchFood, Available, ID_Branch, ID_Food) VALUES (275, 1, 11, 8);
INSERT INTO BRANCH_FOOD (ID_BranchFood, Available, ID_Branch, ID_Food) VALUES (276, 1, 2, 10);
INSERT INTO BRANCH_FOOD (ID_BranchFood, Available, ID_Branch, ID_Food) VALUES (277, 1, 1, 7);
INSERT INTO BRANCH_FOOD (ID_BranchFood, Available, ID_Branch, ID_Food) VALUES (278, 1, 7, 31);
INSERT INTO BRANCH_FOOD (ID_BranchFood, Available, ID_Branch, ID_Food) VALUES (279, 1, 6, 47);
INSERT INTO BRANCH_FOOD (ID_BranchFood, Available, ID_Branch, ID_Food) VALUES (280, 0, 14, 4);
INSERT INTO BRANCH_FOOD (ID_BranchFood, Available, ID_Branch, ID_Food) VALUES (281, 1, 6, 26);
INSERT INTO BRANCH_FOOD (ID_BranchFood, Available, ID_Branch, ID_Food) VALUES (282, 0, 9, 3);
INSERT INTO BRANCH_FOOD (ID_BranchFood, Available, ID_Branch, ID_Food) VALUES (283, 1, 15, 56);
INSERT INTO BRANCH_FOOD (ID_BranchFood, Available, ID_Branch, ID_Food) VALUES (284, 1, 14, 24);
INSERT INTO BRANCH_FOOD (ID_BranchFood, Available, ID_Branch, ID_Food) VALUES (285, 1, 11, 50);
INSERT INTO BRANCH_FOOD (ID_BranchFood, Available, ID_Branch, ID_Food) VALUES (286, 1, 13, 16);
INSERT INTO BRANCH_FOOD (ID_BranchFood, Available, ID_Branch, ID_Food) VALUES (287, 1, 12, 28);
INSERT INTO BRANCH_FOOD (ID_BranchFood, Available, ID_Branch, ID_Food) VALUES (288, 1, 9, 15);
INSERT INTO BRANCH_FOOD (ID_BranchFood, Available, ID_Branch, ID_Food) VALUES (289, 1, 15, 38);
INSERT INTO BRANCH_FOOD (ID_BranchFood, Available, ID_Branch, ID_Food) VALUES (290, 1, 12, 54);
INSERT INTO BRANCH_FOOD (ID_BranchFood, Available, ID_Branch, ID_Food) VALUES (291, 0, 10, 36);
INSERT INTO BRANCH_FOOD (ID_BranchFood, Available, ID_Branch, ID_Food) VALUES (292, 1, 2, 29);
INSERT INTO BRANCH_FOOD (ID_BranchFood, Available, ID_Branch, ID_Food) VALUES (293, 1, 3, 42);
INSERT INTO BRANCH_FOOD (ID_BranchFood, Available, ID_Branch, ID_Food) VALUES (294, 1, 14, 43);
INSERT INTO BRANCH_FOOD (ID_BranchFood, Available, ID_Branch, ID_Food) VALUES (295, 1, 10, 58);
INSERT INTO BRANCH_FOOD (ID_BranchFood, Available, ID_Branch, ID_Food) VALUES (296, 1, 12, 43);
INSERT INTO BRANCH_FOOD (ID_BranchFood, Available, ID_Branch, ID_Food) VALUES (297, 1, 12, 31);
INSERT INTO BRANCH_FOOD (ID_BranchFood, Available, ID_Branch, ID_Food) VALUES (298, 1, 9, 46);
INSERT INTO BRANCH_FOOD (ID_BranchFood, Available, ID_Branch, ID_Food) VALUES (299, 1, 15, 20);
INSERT INTO BRANCH_FOOD (ID_BranchFood, Available, ID_Branch, ID_Food) VALUES (300, 0, 12, 47);
INSERT INTO BRANCH_FOOD (ID_BranchFood, Available, ID_Branch, ID_Food) VALUES (301, 1, 4, 33);
INSERT INTO BRANCH_FOOD (ID_BranchFood, Available, ID_Branch, ID_Food) VALUES (302, 0, 2, 40);
INSERT INTO BRANCH_FOOD (ID_BranchFood, Available, ID_Branch, ID_Food) VALUES (303, 1, 10, 2);
INSERT INTO BRANCH_FOOD (ID_BranchFood, Available, ID_Branch, ID_Food) VALUES (304, 1, 3, 12);
INSERT INTO BRANCH_FOOD (ID_BranchFood, Available, ID_Branch, ID_Food) VALUES (305, 0, 13, 49);
INSERT INTO BRANCH_FOOD (ID_BranchFood, Available, ID_Branch, ID_Food) VALUES (306, 1, 9, 1);
INSERT INTO BRANCH_FOOD (ID_BranchFood, Available, ID_Branch, ID_Food) VALUES (307, 1, 12, 57);
INSERT INTO BRANCH_FOOD (ID_BranchFood, Available, ID_Branch, ID_Food) VALUES (308, 1, 1, 53);
INSERT INTO BRANCH_FOOD (ID_BranchFood, Available, ID_Branch, ID_Food) VALUES (309, 1, 15, 3);
INSERT INTO BRANCH_FOOD (ID_BranchFood, Available, ID_Branch, ID_Food) VALUES (310, 1, 4, 8);
INSERT INTO BRANCH_FOOD (ID_BranchFood, Available, ID_Branch, ID_Food) VALUES (311, 1, 12, 30);
INSERT INTO BRANCH_FOOD (ID_BranchFood, Available, ID_Branch, ID_Food) VALUES (312, 1, 8, 30);
INSERT INTO BRANCH_FOOD (ID_BranchFood, Available, ID_Branch, ID_Food) VALUES (313, 1, 15, 47);
INSERT INTO BRANCH_FOOD (ID_BranchFood, Available, ID_Branch, ID_Food) VALUES (314, 1, 8, 45);
INSERT INTO BRANCH_FOOD (ID_BranchFood, Available, ID_Branch, ID_Food) VALUES (315, 1, 11, 3);
INSERT INTO BRANCH_FOOD (ID_BranchFood, Available, ID_Branch, ID_Food) VALUES (316, 1, 14, 19);
INSERT INTO BRANCH_FOOD (ID_BranchFood, Available, ID_Branch, ID_Food) VALUES (317, 1, 7, 19);
INSERT INTO BRANCH_FOOD (ID_BranchFood, Available, ID_Branch, ID_Food) VALUES (318, 1, 1, 2);
INSERT INTO BRANCH_FOOD (ID_BranchFood, Available, ID_Branch, ID_Food) VALUES (319, 1, 3, 2);
INSERT INTO BRANCH_FOOD (ID_BranchFood, Available, ID_Branch, ID_Food) VALUES (320, 1, 11, 51);
INSERT INTO BRANCH_FOOD (ID_BranchFood, Available, ID_Branch, ID_Food) VALUES (321, 1, 2, 14);
INSERT INTO BRANCH_FOOD (ID_BranchFood, Available, ID_Branch, ID_Food) VALUES (322, 1, 11, 31);
INSERT INTO BRANCH_FOOD (ID_BranchFood, Available, ID_Branch, ID_Food) VALUES (323, 1, 1, 5);
INSERT INTO BRANCH_FOOD (ID_BranchFood, Available, ID_Branch, ID_Food) VALUES (324, 1, 13, 7);
INSERT INTO BRANCH_FOOD (ID_BranchFood, Available, ID_Branch, ID_Food) VALUES (325, 1, 9, 53);
INSERT INTO BRANCH_FOOD (ID_BranchFood, Available, ID_Branch, ID_Food) VALUES (326, 1, 9, 35);
INSERT INTO BRANCH_FOOD (ID_BranchFood, Available, ID_Branch, ID_Food) VALUES (327, 1, 4, 54);
INSERT INTO BRANCH_FOOD (ID_BranchFood, Available, ID_Branch, ID_Food) VALUES (328, 1, 10, 34);
INSERT INTO BRANCH_FOOD (ID_BranchFood, Available, ID_Branch, ID_Food) VALUES (329, 1, 6, 19);
INSERT INTO BRANCH_FOOD (ID_BranchFood, Available, ID_Branch, ID_Food) VALUES (330, 0, 14, 56);
INSERT INTO BRANCH_FOOD (ID_BranchFood, Available, ID_Branch, ID_Food) VALUES (331, 1, 3, 11);
INSERT INTO BRANCH_FOOD (ID_BranchFood, Available, ID_Branch, ID_Food) VALUES (332, 1, 1, 46);
INSERT INTO BRANCH_FOOD (ID_BranchFood, Available, ID_Branch, ID_Food) VALUES (333, 1, 6, 21);
INSERT INTO BRANCH_FOOD (ID_BranchFood, Available, ID_Branch, ID_Food) VALUES (334, 1, 3, 46);
INSERT INTO BRANCH_FOOD (ID_BranchFood, Available, ID_Branch, ID_Food) VALUES (335, 1, 13, 1);
INSERT INTO BRANCH_FOOD (ID_BranchFood, Available, ID_Branch, ID_Food) VALUES (336, 0, 3, 1);
INSERT INTO BRANCH_FOOD (ID_BranchFood, Available, ID_Branch, ID_Food) VALUES (337, 1, 2, 5);
INSERT INTO BRANCH_FOOD (ID_BranchFood, Available, ID_Branch, ID_Food) VALUES (338, 1, 12, 33);
INSERT INTO BRANCH_FOOD (ID_BranchFood, Available, ID_Branch, ID_Food) VALUES (339, 1, 6, 56);
INSERT INTO BRANCH_FOOD (ID_BranchFood, Available, ID_Branch, ID_Food) VALUES (340, 1, 3, 41);
INSERT INTO BRANCH_FOOD (ID_BranchFood, Available, ID_Branch, ID_Food) VALUES (341, 1, 3, 32);
INSERT INTO BRANCH_FOOD (ID_BranchFood, Available, ID_Branch, ID_Food) VALUES (342, 1, 3, 23);
INSERT INTO BRANCH_FOOD (ID_BranchFood, Available, ID_Branch, ID_Food) VALUES (343, 1, 15, 46);
INSERT INTO BRANCH_FOOD (ID_BranchFood, Available, ID_Branch, ID_Food) VALUES (344, 0, 13, 57);
INSERT INTO BRANCH_FOOD (ID_BranchFood, Available, ID_Branch, ID_Food) VALUES (345, 0, 12, 4);
INSERT INTO BRANCH_FOOD (ID_BranchFood, Available, ID_Branch, ID_Food) VALUES (346, 0, 15, 6);
INSERT INTO BRANCH_FOOD (ID_BranchFood, Available, ID_Branch, ID_Food) VALUES (347, 1, 11, 56);
INSERT INTO BRANCH_FOOD (ID_BranchFood, Available, ID_Branch, ID_Food) VALUES (348, 1, 14, 10);
INSERT INTO BRANCH_FOOD (ID_BranchFood, Available, ID_Branch, ID_Food) VALUES (349, 1, 4, 40);
INSERT INTO BRANCH_FOOD (ID_BranchFood, Available, ID_Branch, ID_Food) VALUES (350, 1, 14, 34);
INSERT INTO BRANCH_FOOD (ID_BranchFood, Available, ID_Branch, ID_Food) VALUES (351, 1, 8, 13);
INSERT INTO BRANCH_FOOD (ID_BranchFood, Available, ID_Branch, ID_Food) VALUES (352, 0, 10, 14);
INSERT INTO BRANCH_FOOD (ID_BranchFood, Available, ID_Branch, ID_Food) VALUES (353, 1, 14, 29);
INSERT INTO BRANCH_FOOD (ID_BranchFood, Available, ID_Branch, ID_Food) VALUES (354, 0, 3, 49);
INSERT INTO BRANCH_FOOD (ID_BranchFood, Available, ID_Branch, ID_Food) VALUES (355, 1, 5, 27);
INSERT INTO BRANCH_FOOD (ID_BranchFood, Available, ID_Branch, ID_Food) VALUES (356, 1, 4, 22);
INSERT INTO BRANCH_FOOD (ID_BranchFood, Available, ID_Branch, ID_Food) VALUES (357, 1, 4, 51);
INSERT INTO BRANCH_FOOD (ID_BranchFood, Available, ID_Branch, ID_Food) VALUES (358, 1, 3, 38);
INSERT INTO BRANCH_FOOD (ID_BranchFood, Available, ID_Branch, ID_Food) VALUES (359, 1, 2, 24);
INSERT INTO BRANCH_FOOD (ID_BranchFood, Available, ID_Branch, ID_Food) VALUES (360, 1, 6, 11);
INSERT INTO BRANCH_FOOD (ID_BranchFood, Available, ID_Branch, ID_Food) VALUES (361, 1, 1, 28);
INSERT INTO BRANCH_FOOD (ID_BranchFood, Available, ID_Branch, ID_Food) VALUES (362, 1, 1, 25);
INSERT INTO BRANCH_FOOD (ID_BranchFood, Available, ID_Branch, ID_Food) VALUES (363, 1, 8, 4);
INSERT INTO BRANCH_FOOD (ID_BranchFood, Available, ID_Branch, ID_Food) VALUES (364, 1, 9, 42);
INSERT INTO BRANCH_FOOD (ID_BranchFood, Available, ID_Branch, ID_Food) VALUES (365, 0, 14, 11);
INSERT INTO BRANCH_FOOD (ID_BranchFood, Available, ID_Branch, ID_Food) VALUES (366, 1, 13, 33);
INSERT INTO BRANCH_FOOD (ID_BranchFood, Available, ID_Branch, ID_Food) VALUES (367, 1, 12, 17);
INSERT INTO BRANCH_FOOD (ID_BranchFood, Available, ID_Branch, ID_Food) VALUES (368, 1, 1, 24);
INSERT INTO BRANCH_FOOD (ID_BranchFood, Available, ID_Branch, ID_Food) VALUES (369, 1, 12, 20);
INSERT INTO BRANCH_FOOD (ID_BranchFood, Available, ID_Branch, ID_Food) VALUES (370, 0, 8, 10);
INSERT INTO BRANCH_FOOD (ID_BranchFood, Available, ID_Branch, ID_Food) VALUES (371, 1, 6, 6);
INSERT INTO BRANCH_FOOD (ID_BranchFood, Available, ID_Branch, ID_Food) VALUES (372, 1, 3, 27);
INSERT INTO BRANCH_FOOD (ID_BranchFood, Available, ID_Branch, ID_Food) VALUES (373, 1, 8, 29);
INSERT INTO BRANCH_FOOD (ID_BranchFood, Available, ID_Branch, ID_Food) VALUES (374, 1, 14, 18);
INSERT INTO BRANCH_FOOD (ID_BranchFood, Available, ID_Branch, ID_Food) VALUES (375, 0, 15, 43);
INSERT INTO BRANCH_FOOD (ID_BranchFood, Available, ID_Branch, ID_Food) VALUES (376, 0, 10, 13);
INSERT INTO BRANCH_FOOD (ID_BranchFood, Available, ID_Branch, ID_Food) VALUES (377, 1, 12, 25);
INSERT INTO BRANCH_FOOD (ID_BranchFood, Available, ID_Branch, ID_Food) VALUES (378, 1, 12, 2);
INSERT INTO BRANCH_FOOD (ID_BranchFood, Available, ID_Branch, ID_Food) VALUES (379, 1, 12, 24);
INSERT INTO BRANCH_FOOD (ID_BranchFood, Available, ID_Branch, ID_Food) VALUES (380, 1, 6, 58);
INSERT INTO BRANCH_FOOD (ID_BranchFood, Available, ID_Branch, ID_Food) VALUES (381, 1, 14, 16);
INSERT INTO BRANCH_FOOD (ID_BranchFood, Available, ID_Branch, ID_Food) VALUES (382, 1, 6, 29);
INSERT INTO BRANCH_FOOD (ID_BranchFood, Available, ID_Branch, ID_Food) VALUES (383, 1, 12, 56);
INSERT INTO BRANCH_FOOD (ID_BranchFood, Available, ID_Branch, ID_Food) VALUES (384, 0, 2, 21);
INSERT INTO BRANCH_FOOD (ID_BranchFood, Available, ID_Branch, ID_Food) VALUES (385, 1, 9, 50);
INSERT INTO BRANCH_FOOD (ID_BranchFood, Available, ID_Branch, ID_Food) VALUES (386, 1, 4, 56);
INSERT INTO BRANCH_FOOD (ID_BranchFood, Available, ID_Branch, ID_Food) VALUES (387, 0, 15, 37);
INSERT INTO BRANCH_FOOD (ID_BranchFood, Available, ID_Branch, ID_Food) VALUES (388, 0, 1, 50);
INSERT INTO BRANCH_FOOD (ID_BranchFood, Available, ID_Branch, ID_Food) VALUES (389, 1, 5, 17);
INSERT INTO BRANCH_FOOD (ID_BranchFood, Available, ID_Branch, ID_Food) VALUES (390, 1, 4, 49);
INSERT INTO BRANCH_FOOD (ID_BranchFood, Available, ID_Branch, ID_Food) VALUES (391, 1, 1, 3);
INSERT INTO BRANCH_FOOD (ID_BranchFood, Available, ID_Branch, ID_Food) VALUES (392, 1, 4, 53);
INSERT INTO BRANCH_FOOD (ID_BranchFood, Available, ID_Branch, ID_Food) VALUES (393, 0, 10, 21);
INSERT INTO BRANCH_FOOD (ID_BranchFood, Available, ID_Branch, ID_Food) VALUES (394, 1, 10, 23);
INSERT INTO BRANCH_FOOD (ID_BranchFood, Available, ID_Branch, ID_Food) VALUES (395, 1, 12, 52);
INSERT INTO BRANCH_FOOD (ID_BranchFood, Available, ID_Branch, ID_Food) VALUES (396, 1, 1, 19);
INSERT INTO BRANCH_FOOD (ID_BranchFood, Available, ID_Branch, ID_Food) VALUES (397, 1, 6, 10);
INSERT INTO BRANCH_FOOD (ID_BranchFood, Available, ID_Branch, ID_Food) VALUES (398, 1, 12, 21);
INSERT INTO BRANCH_FOOD (ID_BranchFood, Available, ID_Branch, ID_Food) VALUES (399, 1, 13, 3);
INSERT INTO BRANCH_FOOD (ID_BranchFood, Available, ID_Branch, ID_Food) VALUES (400, 1, 11, 47);
INSERT INTO BRANCH_FOOD (ID_BranchFood, Available, ID_Branch, ID_Food) VALUES (401, 1, 13, 45);
INSERT INTO BRANCH_FOOD (ID_BranchFood, Available, ID_Branch, ID_Food) VALUES (402, 1, 10, 27);
INSERT INTO BRANCH_FOOD (ID_BranchFood, Available, ID_Branch, ID_Food) VALUES (403, 0, 3, 44);
INSERT INTO BRANCH_FOOD (ID_BranchFood, Available, ID_Branch, ID_Food) VALUES (404, 1, 13, 8);
INSERT INTO BRANCH_FOOD (ID_BranchFood, Available, ID_Branch, ID_Food) VALUES (405, 0, 13, 5);
INSERT INTO BRANCH_FOOD (ID_BranchFood, Available, ID_Branch, ID_Food) VALUES (406, 0, 2, 17);
INSERT INTO BRANCH_FOOD (ID_BranchFood, Available, ID_Branch, ID_Food) VALUES (407, 0, 6, 44);
INSERT INTO BRANCH_FOOD (ID_BranchFood, Available, ID_Branch, ID_Food) VALUES (408, 1, 7, 17);
INSERT INTO BRANCH_FOOD (ID_BranchFood, Available, ID_Branch, ID_Food) VALUES (409, 0, 2, 33);
INSERT INTO BRANCH_FOOD (ID_BranchFood, Available, ID_Branch, ID_Food) VALUES (410, 1, 11, 35);
INSERT INTO BRANCH_FOOD (ID_BranchFood, Available, ID_Branch, ID_Food) VALUES (411, 1, 5, 14);
INSERT INTO BRANCH_FOOD (ID_BranchFood, Available, ID_Branch, ID_Food) VALUES (412, 1, 6, 33);
INSERT INTO BRANCH_FOOD (ID_BranchFood, Available, ID_Branch, ID_Food) VALUES (413, 1, 11, 15);
INSERT INTO BRANCH_FOOD (ID_BranchFood, Available, ID_Branch, ID_Food) VALUES (414, 1, 5, 16);
INSERT INTO BRANCH_FOOD (ID_BranchFood, Available, ID_Branch, ID_Food) VALUES (415, 1, 1, 41);
INSERT INTO BRANCH_FOOD (ID_BranchFood, Available, ID_Branch, ID_Food) VALUES (416, 1, 8, 31);
INSERT INTO BRANCH_FOOD (ID_BranchFood, Available, ID_Branch, ID_Food) VALUES (417, 1, 1, 10);
INSERT INTO BRANCH_FOOD (ID_BranchFood, Available, ID_Branch, ID_Food) VALUES (418, 1, 5, 8);
INSERT INTO BRANCH_FOOD (ID_BranchFood, Available, ID_Branch, ID_Food) VALUES (419, 1, 9, 12);
INSERT INTO BRANCH_FOOD (ID_BranchFood, Available, ID_Branch, ID_Food) VALUES (420, 1, 12, 15);
INSERT INTO BRANCH_FOOD (ID_BranchFood, Available, ID_Branch, ID_Food) VALUES (421, 1, 2, 35);
INSERT INTO BRANCH_FOOD (ID_BranchFood, Available, ID_Branch, ID_Food) VALUES (422, 1, 14, 7);
INSERT INTO BRANCH_FOOD (ID_BranchFood, Available, ID_Branch, ID_Food) VALUES (423, 1, 3, 6);
INSERT INTO BRANCH_FOOD (ID_BranchFood, Available, ID_Branch, ID_Food) VALUES (424, 1, 8, 54);
INSERT INTO BRANCH_FOOD (ID_BranchFood, Available, ID_Branch, ID_Food) VALUES (425, 1, 15, 24);
INSERT INTO BRANCH_FOOD (ID_BranchFood, Available, ID_Branch, ID_Food) VALUES (426, 1, 2, 2);
INSERT INTO BRANCH_FOOD (ID_BranchFood, Available, ID_Branch, ID_Food) VALUES (427, 1, 6, 36);
INSERT INTO BRANCH_FOOD (ID_BranchFood, Available, ID_Branch, ID_Food) VALUES (428, 1, 10, 19);
INSERT INTO BRANCH_FOOD (ID_BranchFood, Available, ID_Branch, ID_Food) VALUES (429, 1, 13, 14);
INSERT INTO BRANCH_FOOD (ID_BranchFood, Available, ID_Branch, ID_Food) VALUES (430, 1, 7, 28);
INSERT INTO BRANCH_FOOD (ID_BranchFood, Available, ID_Branch, ID_Food) VALUES (431, 1, 11, 21);
INSERT INTO BRANCH_FOOD (ID_BranchFood, Available, ID_Branch, ID_Food) VALUES (432, 1, 10, 17);
INSERT INTO BRANCH_FOOD (ID_BranchFood, Available, ID_Branch, ID_Food) VALUES (433, 1, 12, 1);
INSERT INTO BRANCH_FOOD (ID_BranchFood, Available, ID_Branch, ID_Food) VALUES (434, 1, 10, 54);
INSERT INTO BRANCH_FOOD (ID_BranchFood, Available, ID_Branch, ID_Food) VALUES (435, 1, 14, 49);
INSERT INTO BRANCH_FOOD (ID_BranchFood, Available, ID_Branch, ID_Food) VALUES (436, 1, 11, 45);
INSERT INTO BRANCH_FOOD (ID_BranchFood, Available, ID_Branch, ID_Food) VALUES (437, 1, 8, 26);
INSERT INTO BRANCH_FOOD (ID_BranchFood, Available, ID_Branch, ID_Food) VALUES (438, 1, 7, 56);
INSERT INTO BRANCH_FOOD (ID_BranchFood, Available, ID_Branch, ID_Food) VALUES (439, 0, 10, 31);
INSERT INTO BRANCH_FOOD (ID_BranchFood, Available, ID_Branch, ID_Food) VALUES (440, 1, 9, 33);
INSERT INTO BRANCH_FOOD (ID_BranchFood, Available, ID_Branch, ID_Food) VALUES (441, 1, 11, 40);
INSERT INTO BRANCH_FOOD (ID_BranchFood, Available, ID_Branch, ID_Food) VALUES (442, 1, 14, 38);
INSERT INTO BRANCH_FOOD (ID_BranchFood, Available, ID_Branch, ID_Food) VALUES (443, 1, 5, 34);
INSERT INTO BRANCH_FOOD (ID_BranchFood, Available, ID_Branch, ID_Food) VALUES (444, 0, 4, 31);
INSERT INTO BRANCH_FOOD (ID_BranchFood, Available, ID_Branch, ID_Food) VALUES (445, 0, 1, 30);
INSERT INTO BRANCH_FOOD (ID_BranchFood, Available, ID_Branch, ID_Food) VALUES (446, 0, 13, 51);
INSERT INTO BRANCH_FOOD (ID_BranchFood, Available, ID_Branch, ID_Food) VALUES (447, 0, 4, 52);
INSERT INTO BRANCH_FOOD (ID_BranchFood, Available, ID_Branch, ID_Food) VALUES (448, 0, 6, 48);
INSERT INTO BRANCH_FOOD (ID_BranchFood, Available, ID_Branch, ID_Food) VALUES (449, 1, 5, 58);
INSERT INTO BRANCH_FOOD (ID_BranchFood, Available, ID_Branch, ID_Food) VALUES (450, 1, 2, 27);
INSERT INTO BRANCH_FOOD (ID_BranchFood, Available, ID_Branch, ID_Food) VALUES (451, 1, 9, 48);
INSERT INTO BRANCH_FOOD (ID_BranchFood, Available, ID_Branch, ID_Food) VALUES (452, 1, 14, 17);
INSERT INTO BRANCH_FOOD (ID_BranchFood, Available, ID_Branch, ID_Food) VALUES (453, 0, 13, 10);
INSERT INTO BRANCH_FOOD (ID_BranchFood, Available, ID_Branch, ID_Food) VALUES (454, 0, 10, 12);
INSERT INTO BRANCH_FOOD (ID_BranchFood, Available, ID_Branch, ID_Food) VALUES (455, 1, 10, 24);
INSERT INTO BRANCH_FOOD (ID_BranchFood, Available, ID_Branch, ID_Food) VALUES (456, 1, 14, 32);
INSERT INTO BRANCH_FOOD (ID_BranchFood, Available, ID_Branch, ID_Food) VALUES (457, 1, 4, 6);
INSERT INTO BRANCH_FOOD (ID_BranchFood, Available, ID_Branch, ID_Food) VALUES (458, 1, 11, 46);
INSERT INTO BRANCH_FOOD (ID_BranchFood, Available, ID_Branch, ID_Food) VALUES (459, 0, 6, 42);
INSERT INTO BRANCH_FOOD (ID_BranchFood, Available, ID_Branch, ID_Food) VALUES (460, 1, 14, 14);
INSERT INTO BRANCH_FOOD (ID_BranchFood, Available, ID_Branch, ID_Food) VALUES (461, 0, 3, 53);
INSERT INTO BRANCH_FOOD (ID_BranchFood, Available, ID_Branch, ID_Food) VALUES (462, 1, 14, 25);
INSERT INTO BRANCH_FOOD (ID_BranchFood, Available, ID_Branch, ID_Food) VALUES (463, 0, 1, 36);
INSERT INTO BRANCH_FOOD (ID_BranchFood, Available, ID_Branch, ID_Food) VALUES (464, 1, 2, 51);
INSERT INTO BRANCH_FOOD (ID_BranchFood, Available, ID_Branch, ID_Food) VALUES (465, 1, 11, 37);
INSERT INTO BRANCH_FOOD (ID_BranchFood, Available, ID_Branch, ID_Food) VALUES (466, 1, 13, 2);
INSERT INTO BRANCH_FOOD (ID_BranchFood, Available, ID_Branch, ID_Food) VALUES (467, 1, 12, 13);
INSERT INTO BRANCH_FOOD (ID_BranchFood, Available, ID_Branch, ID_Food) VALUES (468, 1, 1, 13);
INSERT INTO BRANCH_FOOD (ID_BranchFood, Available, ID_Branch, ID_Food) VALUES (469, 1, 2, 7);
INSERT INTO BRANCH_FOOD (ID_BranchFood, Available, ID_Branch, ID_Food) VALUES (470, 0, 5, 25);
INSERT INTO BRANCH_FOOD (ID_BranchFood, Available, ID_Branch, ID_Food) VALUES (471, 1, 2, 48);
INSERT INTO BRANCH_FOOD (ID_BranchFood, Available, ID_Branch, ID_Food) VALUES (472, 1, 6, 32);
INSERT INTO BRANCH_FOOD (ID_BranchFood, Available, ID_Branch, ID_Food) VALUES (473, 1, 11, 20);
INSERT INTO BRANCH_FOOD (ID_BranchFood, Available, ID_Branch, ID_Food) VALUES (474, 1, 11, 17);
INSERT INTO BRANCH_FOOD (ID_BranchFood, Available, ID_Branch, ID_Food) VALUES (475, 0, 7, 34);
INSERT INTO BRANCH_FOOD (ID_BranchFood, Available, ID_Branch, ID_Food) VALUES (476, 1, 2, 46);
INSERT INTO BRANCH_FOOD (ID_BranchFood, Available, ID_Branch, ID_Food) VALUES (477, 1, 14, 30);
INSERT INTO BRANCH_FOOD (ID_BranchFood, Available, ID_Branch, ID_Food) VALUES (478, 1, 7, 5);
INSERT INTO BRANCH_FOOD (ID_BranchFood, Available, ID_Branch, ID_Food) VALUES (479, 1, 14, 47);
INSERT INTO BRANCH_FOOD (ID_BranchFood, Available, ID_Branch, ID_Food) VALUES (480, 0, 13, 48);
INSERT INTO BRANCH_FOOD (ID_BranchFood, Available, ID_Branch, ID_Food) VALUES (481, 1, 2, 37);
INSERT INTO BRANCH_FOOD (ID_BranchFood, Available, ID_Branch, ID_Food) VALUES (482, 1, 3, 36);
INSERT INTO BRANCH_FOOD (ID_BranchFood, Available, ID_Branch, ID_Food) VALUES (483, 0, 10, 52);
INSERT INTO BRANCH_FOOD (ID_BranchFood, Available, ID_Branch, ID_Food) VALUES (484, 1, 11, 34);
INSERT INTO BRANCH_FOOD (ID_BranchFood, Available, ID_Branch, ID_Food) VALUES (485, 1, 15, 14);
INSERT INTO BRANCH_FOOD (ID_BranchFood, Available, ID_Branch, ID_Food) VALUES (486, 1, 10, 9);
INSERT INTO BRANCH_FOOD (ID_BranchFood, Available, ID_Branch, ID_Food) VALUES (487, 1, 3, 51);
INSERT INTO BRANCH_FOOD (ID_BranchFood, Available, ID_Branch, ID_Food) VALUES (488, 1, 12, 35);
INSERT INTO BRANCH_FOOD (ID_BranchFood, Available, ID_Branch, ID_Food) VALUES (489, 1, 7, 15);
INSERT INTO BRANCH_FOOD (ID_BranchFood, Available, ID_Branch, ID_Food) VALUES (490, 0, 10, 5);
INSERT INTO BRANCH_FOOD (ID_BranchFood, Available, ID_Branch, ID_Food) VALUES (491, 1, 12, 3);
INSERT INTO BRANCH_FOOD (ID_BranchFood, Available, ID_Branch, ID_Food) VALUES (492, 1, 8, 46);
INSERT INTO BRANCH_FOOD (ID_BranchFood, Available, ID_Branch, ID_Food) VALUES (493, 1, 6, 43);
INSERT INTO BRANCH_FOOD (ID_BranchFood, Available, ID_Branch, ID_Food) VALUES (494, 1, 6, 15);
INSERT INTO BRANCH_FOOD (ID_BranchFood, Available, ID_Branch, ID_Food) VALUES (495, 1, 15, 11);
INSERT INTO BRANCH_FOOD (ID_BranchFood, Available, ID_Branch, ID_Food) VALUES (496, 1, 14, 52);
INSERT INTO BRANCH_FOOD (ID_BranchFood, Available, ID_Branch, ID_Food) VALUES (497, 0, 13, 46);
INSERT INTO BRANCH_FOOD (ID_BranchFood, Available, ID_Branch, ID_Food) VALUES (498, 1, 13, 19);
INSERT INTO BRANCH_FOOD (ID_BranchFood, Available, ID_Branch, ID_Food) VALUES (499, 1, 9, 37);
INSERT INTO BRANCH_FOOD (ID_BranchFood, Available, ID_Branch, ID_Food) VALUES (500, 1, 15, 31);
INSERT INTO BRANCH_FOOD (ID_BranchFood, Available, ID_Branch, ID_Food) VALUES (501, 1, 7, 1);
INSERT INTO BRANCH_FOOD (ID_BranchFood, Available, ID_Branch, ID_Food) VALUES (502, 0, 1, 14);
INSERT INTO BRANCH_FOOD (ID_BranchFood, Available, ID_Branch, ID_Food) VALUES (503, 1, 3, 22);
INSERT INTO BRANCH_FOOD (ID_BranchFood, Available, ID_Branch, ID_Food) VALUES (504, 1, 4, 17);
INSERT INTO BRANCH_FOOD (ID_BranchFood, Available, ID_Branch, ID_Food) VALUES (505, 1, 14, 54);
INSERT INTO BRANCH_FOOD (ID_BranchFood, Available, ID_Branch, ID_Food) VALUES (506, 1, 5, 32);
INSERT INTO BRANCH_FOOD (ID_BranchFood, Available, ID_Branch, ID_Food) VALUES (507, 1, 8, 42);
INSERT INTO BRANCH_FOOD (ID_BranchFood, Available, ID_Branch, ID_Food) VALUES (508, 1, 10, 38);
INSERT INTO BRANCH_FOOD (ID_BranchFood, Available, ID_Branch, ID_Food) VALUES (509, 1, 12, 18);
INSERT INTO BRANCH_FOOD (ID_BranchFood, Available, ID_Branch, ID_Food) VALUES (510, 1, 3, 13);
INSERT INTO BRANCH_FOOD (ID_BranchFood, Available, ID_Branch, ID_Food) VALUES (511, 0, 4, 9);
INSERT INTO BRANCH_FOOD (ID_BranchFood, Available, ID_Branch, ID_Food) VALUES (512, 1, 7, 37);
INSERT INTO BRANCH_FOOD (ID_BranchFood, Available, ID_Branch, ID_Food) VALUES (513, 1, 6, 22);
INSERT INTO BRANCH_FOOD (ID_BranchFood, Available, ID_Branch, ID_Food) VALUES (514, 1, 5, 36);
INSERT INTO BRANCH_FOOD (ID_BranchFood, Available, ID_Branch, ID_Food) VALUES (515, 1, 2, 30);
INSERT INTO BRANCH_FOOD (ID_BranchFood, Available, ID_Branch, ID_Food) VALUES (516, 1, 11, 25);
INSERT INTO BRANCH_FOOD (ID_BranchFood, Available, ID_Branch, ID_Food) VALUES (517, 1, 1, 47);
INSERT INTO BRANCH_FOOD (ID_BranchFood, Available, ID_Branch, ID_Food) VALUES (518, 1, 6, 37);
INSERT INTO BRANCH_FOOD (ID_BranchFood, Available, ID_Branch, ID_Food) VALUES (519, 1, 4, 14);
INSERT INTO BRANCH_FOOD (ID_BranchFood, Available, ID_Branch, ID_Food) VALUES (520, 0, 7, 42);
INSERT INTO BRANCH_FOOD (ID_BranchFood, Available, ID_Branch, ID_Food) VALUES (521, 1, 9, 11);
INSERT INTO BRANCH_FOOD (ID_BranchFood, Available, ID_Branch, ID_Food) VALUES (522, 1, 4, 34);
INSERT INTO BRANCH_FOOD (ID_BranchFood, Available, ID_Branch, ID_Food) VALUES (523, 1, 2, 3);
INSERT INTO BRANCH_FOOD (ID_BranchFood, Available, ID_Branch, ID_Food) VALUES (524, 1, 13, 43);
INSERT INTO BRANCH_FOOD (ID_BranchFood, Available, ID_Branch, ID_Food) VALUES (525, 1, 10, 26);
INSERT INTO BRANCH_FOOD (ID_BranchFood, Available, ID_Branch, ID_Food) VALUES (526, 1, 6, 23);
INSERT INTO BRANCH_FOOD (ID_BranchFood, Available, ID_Branch, ID_Food) VALUES (527, 0, 3, 48);
INSERT INTO BRANCH_FOOD (ID_BranchFood, Available, ID_Branch, ID_Food) VALUES (528, 1, 5, 38);
INSERT INTO BRANCH_FOOD (ID_BranchFood, Available, ID_Branch, ID_Food) VALUES (529, 1, 2, 4);
INSERT INTO BRANCH_FOOD (ID_BranchFood, Available, ID_Branch, ID_Food) VALUES (530, 1, 9, 41);
INSERT INTO BRANCH_FOOD (ID_BranchFood, Available, ID_Branch, ID_Food) VALUES (531, 0, 9, 28);
INSERT INTO BRANCH_FOOD (ID_BranchFood, Available, ID_Branch, ID_Food) VALUES (532, 1, 5, 15);
INSERT INTO BRANCH_FOOD (ID_BranchFood, Available, ID_Branch, ID_Food) VALUES (533, 1, 2, 13);
INSERT INTO BRANCH_FOOD (ID_BranchFood, Available, ID_Branch, ID_Food) VALUES (534, 1, 2, 6);
INSERT INTO BRANCH_FOOD (ID_BranchFood, Available, ID_Branch, ID_Food) VALUES (535, 0, 11, 38);
INSERT INTO BRANCH_FOOD (ID_BranchFood, Available, ID_Branch, ID_Food) VALUES (536, 1, 1, 4);
INSERT INTO BRANCH_FOOD (ID_BranchFood, Available, ID_Branch, ID_Food) VALUES (537, 1, 15, 57);
INSERT INTO BRANCH_FOOD (ID_BranchFood, Available, ID_Branch, ID_Food) VALUES (538, 1, 9, 22);
INSERT INTO BRANCH_FOOD (ID_BranchFood, Available, ID_Branch, ID_Food) VALUES (539, 1, 11, 12);
INSERT INTO BRANCH_FOOD (ID_BranchFood, Available, ID_Branch, ID_Food) VALUES (540, 0, 9, 29);
INSERT INTO BRANCH_FOOD (ID_BranchFood, Available, ID_Branch, ID_Food) VALUES (541, 1, 5, 51);
INSERT INTO BRANCH_FOOD (ID_BranchFood, Available, ID_Branch, ID_Food) VALUES (542, 0, 9, 10);
INSERT INTO BRANCH_FOOD (ID_BranchFood, Available, ID_Branch, ID_Food) VALUES (543, 1, 9, 4);
INSERT INTO BRANCH_FOOD (ID_BranchFood, Available, ID_Branch, ID_Food) VALUES (544, 1, 1, 45);
INSERT INTO BRANCH_FOOD (ID_BranchFood, Available, ID_Branch, ID_Food) VALUES (545, 1, 3, 8);
INSERT INTO BRANCH_FOOD (ID_BranchFood, Available, ID_Branch, ID_Food) VALUES (546, 1, 4, 11);
INSERT INTO BRANCH_FOOD (ID_BranchFood, Available, ID_Branch, ID_Food) VALUES (547, 1, 15, 58);
INSERT INTO BRANCH_FOOD (ID_BranchFood, Available, ID_Branch, ID_Food) VALUES (548, 0, 10, 20);
INSERT INTO BRANCH_FOOD (ID_BranchFood, Available, ID_Branch, ID_Food) VALUES (549, 1, 14, 31);
INSERT INTO BRANCH_FOOD (ID_BranchFood, Available, ID_Branch, ID_Food) VALUES (550, 1, 4, 42);
INSERT INTO BRANCH_FOOD (ID_BranchFood, Available, ID_Branch, ID_Food) VALUES (551, 1, 15, 40);
INSERT INTO BRANCH_FOOD (ID_BranchFood, Available, ID_Branch, ID_Food) VALUES (552, 1, 3, 34);
INSERT INTO BRANCH_FOOD (ID_BranchFood, Available, ID_Branch, ID_Food) VALUES (553, 0, 5, 28);
INSERT INTO BRANCH_FOOD (ID_BranchFood, Available, ID_Branch, ID_Food) VALUES (554, 1, 13, 6);
INSERT INTO BRANCH_FOOD (ID_BranchFood, Available, ID_Branch, ID_Food) VALUES (555, 1, 5, 19);
INSERT INTO BRANCH_FOOD (ID_BranchFood, Available, ID_Branch, ID_Food) VALUES (556, 1, 10, 11);
INSERT INTO BRANCH_FOOD (ID_BranchFood, Available, ID_Branch, ID_Food) VALUES (557, 1, 13, 44);
INSERT INTO BRANCH_FOOD (ID_BranchFood, Available, ID_Branch, ID_Food) VALUES (558, 1, 5, 35);
INSERT INTO BRANCH_FOOD (ID_BranchFood, Available, ID_Branch, ID_Food) VALUES (559, 1, 4, 3);
INSERT INTO BRANCH_FOOD (ID_BranchFood, Available, ID_Branch, ID_Food) VALUES (560, 1, 8, 21);
INSERT INTO BRANCH_FOOD (ID_BranchFood, Available, ID_Branch, ID_Food) VALUES (561, 1, 7, 53);
INSERT INTO BRANCH_FOOD (ID_BranchFood, Available, ID_Branch, ID_Food) VALUES (562, 1, 11, 32);
INSERT INTO BRANCH_FOOD (ID_BranchFood, Available, ID_Branch, ID_Food) VALUES (563, 0, 8, 7);
INSERT INTO BRANCH_FOOD (ID_BranchFood, Available, ID_Branch, ID_Food) VALUES (564, 1, 7, 12);
INSERT INTO BRANCH_FOOD (ID_BranchFood, Available, ID_Branch, ID_Food) VALUES (565, 0, 7, 45);
INSERT INTO BRANCH_FOOD (ID_BranchFood, Available, ID_Branch, ID_Food) VALUES (566, 1, 1, 31);
INSERT INTO BRANCH_FOOD (ID_BranchFood, Available, ID_Branch, ID_Food) VALUES (567, 0, 12, 12);
INSERT INTO BRANCH_FOOD (ID_BranchFood, Available, ID_Branch, ID_Food) VALUES (568, 1, 5, 31);
INSERT INTO BRANCH_FOOD (ID_BranchFood, Available, ID_Branch, ID_Food) VALUES (569, 0, 5, 57);
INSERT INTO BRANCH_FOOD (ID_BranchFood, Available, ID_Branch, ID_Food) VALUES (570, 1, 11, 36);
INSERT INTO BRANCH_FOOD (ID_BranchFood, Available, ID_Branch, ID_Food) VALUES (571, 1, 1, 34);
INSERT INTO BRANCH_FOOD (ID_BranchFood, Available, ID_Branch, ID_Food) VALUES (572, 1, 13, 27);
INSERT INTO BRANCH_FOOD (ID_BranchFood, Available, ID_Branch, ID_Food) VALUES (573, 0, 6, 54);
INSERT INTO BRANCH_FOOD (ID_BranchFood, Available, ID_Branch, ID_Food) VALUES (574, 1, 13, 4);
INSERT INTO BRANCH_FOOD (ID_BranchFood, Available, ID_Branch, ID_Food) VALUES (575, 1, 12, 51);
INSERT INTO BRANCH_FOOD (ID_BranchFood, Available, ID_Branch, ID_Food) VALUES (576, 0, 9, 5);
INSERT INTO BRANCH_FOOD (ID_BranchFood, Available, ID_Branch, ID_Food) VALUES (577, 1, 7, 8);
INSERT INTO BRANCH_FOOD (ID_BranchFood, Available, ID_Branch, ID_Food) VALUES (578, 0, 8, 57);
INSERT INTO BRANCH_FOOD (ID_BranchFood, Available, ID_Branch, ID_Food) VALUES (579, 0, 1, 26);
INSERT INTO BRANCH_FOOD (ID_BranchFood, Available, ID_Branch, ID_Food) VALUES (580, 1, 8, 1);
INSERT INTO BRANCH_FOOD (ID_BranchFood, Available, ID_Branch, ID_Food) VALUES (581, 1, 1, 58);
INSERT INTO BRANCH_FOOD (ID_BranchFood, Available, ID_Branch, ID_Food) VALUES (582, 1, 12, 32);
INSERT INTO BRANCH_FOOD (ID_BranchFood, Available, ID_Branch, ID_Food) VALUES (583, 1, 8, 43);
INSERT INTO BRANCH_FOOD (ID_BranchFood, Available, ID_Branch, ID_Food) VALUES (584, 1, 11, 42);
INSERT INTO BRANCH_FOOD (ID_BranchFood, Available, ID_Branch, ID_Food) VALUES (585, 1, 9, 56);
INSERT INTO BRANCH_FOOD (ID_BranchFood, Available, ID_Branch, ID_Food) VALUES (586, 1, 15, 42);
INSERT INTO BRANCH_FOOD (ID_BranchFood, Available, ID_Branch, ID_Food) VALUES (587, 0, 6, 25);
INSERT INTO BRANCH_FOOD (ID_BranchFood, Available, ID_Branch, ID_Food) VALUES (588, 1, 1, 8);
INSERT INTO BRANCH_FOOD (ID_BranchFood, Available, ID_Branch, ID_Food) VALUES (589, 0, 5, 22);
INSERT INTO BRANCH_FOOD (ID_BranchFood, Available, ID_Branch, ID_Food) VALUES (590, 1, 9, 54);
INSERT INTO BRANCH_FOOD (ID_BranchFood, Available, ID_Branch, ID_Food) VALUES (591, 1, 1, 15);
INSERT INTO BRANCH_FOOD (ID_BranchFood, Available, ID_Branch, ID_Food) VALUES (592, 1, 2, 49);
INSERT INTO BRANCH_FOOD (ID_BranchFood, Available, ID_Branch, ID_Food) VALUES (593, 1, 4, 29);
INSERT INTO BRANCH_FOOD (ID_BranchFood, Available, ID_Branch, ID_Food) VALUES (594, 1, 15, 36);
INSERT INTO BRANCH_FOOD (ID_BranchFood, Available, ID_Branch, ID_Food) VALUES (595, 1, 8, 49);
INSERT INTO BRANCH_FOOD (ID_BranchFood, Available, ID_Branch, ID_Food) VALUES (596, 0, 3, 43);
INSERT INTO BRANCH_FOOD (ID_BranchFood, Available, ID_Branch, ID_Food) VALUES (597, 1, 15, 52);
INSERT INTO BRANCH_FOOD (ID_BranchFood, Available, ID_Branch, ID_Food) VALUES (598, 1, 7, 7);
INSERT INTO BRANCH_FOOD (ID_BranchFood, Available, ID_Branch, ID_Food) VALUES (599, 1, 10, 49);
INSERT INTO BRANCH_FOOD (ID_BranchFood, Available, ID_Branch, ID_Food) VALUES (600, 0, 5, 49);
INSERT INTO [TABLE] (ID_Table, NumberOfSeats, StatusTable, ID_Branch) VALUES (1, 8, 1, 1);
INSERT INTO [TABLE] (ID_Table, NumberOfSeats, StatusTable, ID_Branch) VALUES (2, 4, 1, 1);
INSERT INTO [TABLE] (ID_Table, NumberOfSeats, StatusTable, ID_Branch) VALUES (3, 6, 1, 1);
INSERT INTO [TABLE] (ID_Table, NumberOfSeats, StatusTable, ID_Branch) VALUES (4, 6, 1, 1);
INSERT INTO [TABLE] (ID_Table, NumberOfSeats, StatusTable, ID_Branch) VALUES (5, 6, 0, 1);
INSERT INTO [TABLE] (ID_Table, NumberOfSeats, StatusTable, ID_Branch) VALUES (6, 8, 1, 1);
INSERT INTO [TABLE] (ID_Table, NumberOfSeats, StatusTable, ID_Branch) VALUES (7, 8, 1, 1);
INSERT INTO [TABLE] (ID_Table, NumberOfSeats, StatusTable, ID_Branch) VALUES (8, 2, 0, 1);
INSERT INTO [TABLE] (ID_Table, NumberOfSeats, StatusTable, ID_Branch) VALUES (9, 6, 1, 1);
INSERT INTO [TABLE] (ID_Table, NumberOfSeats, StatusTable, ID_Branch) VALUES (10, 2, 0, 1);
INSERT INTO [TABLE] (ID_Table, NumberOfSeats, StatusTable, ID_Branch) VALUES (11, 6, 1, 1);
INSERT INTO [TABLE] (ID_Table, NumberOfSeats, StatusTable, ID_Branch) VALUES (12, 8, 0, 1);
INSERT INTO [TABLE] (ID_Table, NumberOfSeats, StatusTable, ID_Branch) VALUES (13, 4, 1, 1);
INSERT INTO [TABLE] (ID_Table, NumberOfSeats, StatusTable, ID_Branch) VALUES (14, 2, 1, 1);
INSERT INTO [TABLE] (ID_Table, NumberOfSeats, StatusTable, ID_Branch) VALUES (15, 8, 1, 1);
INSERT INTO [TABLE] (ID_Table, NumberOfSeats, StatusTable, ID_Branch) VALUES (16, 6, 0, 1);
INSERT INTO [TABLE] (ID_Table, NumberOfSeats, StatusTable, ID_Branch) VALUES (17, 4, 1, 1);
INSERT INTO [TABLE] (ID_Table, NumberOfSeats, StatusTable, ID_Branch) VALUES (18, 4, 0, 1);
INSERT INTO [TABLE] (ID_Table, NumberOfSeats, StatusTable, ID_Branch) VALUES (19, 8, 1, 1);
INSERT INTO [TABLE] (ID_Table, NumberOfSeats, StatusTable, ID_Branch) VALUES (20, 2, 0, 1);
INSERT INTO [TABLE] (ID_Table, NumberOfSeats, StatusTable, ID_Branch) VALUES (21, 2, 1, 1);
INSERT INTO [TABLE] (ID_Table, NumberOfSeats, StatusTable, ID_Branch) VALUES (22, 4, 0, 1);
INSERT INTO [TABLE] (ID_Table, NumberOfSeats, StatusTable, ID_Branch) VALUES (23, 6, 1, 1);
INSERT INTO [TABLE] (ID_Table, NumberOfSeats, StatusTable, ID_Branch) VALUES (24, 4, 0, 1);
INSERT INTO [TABLE] (ID_Table, NumberOfSeats, StatusTable, ID_Branch) VALUES (25, 2, 1, 1);
INSERT INTO [TABLE] (ID_Table, NumberOfSeats, StatusTable, ID_Branch) VALUES (26, 6, 0, 1);
INSERT INTO [TABLE] (ID_Table, NumberOfSeats, StatusTable, ID_Branch) VALUES (27, 6, 0, 2);
INSERT INTO [TABLE] (ID_Table, NumberOfSeats, StatusTable, ID_Branch) VALUES (28, 4, 1, 2);
INSERT INTO [TABLE] (ID_Table, NumberOfSeats, StatusTable, ID_Branch) VALUES (29, 4, 1, 2);
INSERT INTO [TABLE] (ID_Table, NumberOfSeats, StatusTable, ID_Branch) VALUES (30, 4, 0, 2);
INSERT INTO [TABLE] (ID_Table, NumberOfSeats, StatusTable, ID_Branch) VALUES (31, 6, 0, 2);
INSERT INTO [TABLE] (ID_Table, NumberOfSeats, StatusTable, ID_Branch) VALUES (32, 6, 0, 2);
INSERT INTO [TABLE] (ID_Table, NumberOfSeats, StatusTable, ID_Branch) VALUES (33, 6, 0, 2);
INSERT INTO [TABLE] (ID_Table, NumberOfSeats, StatusTable, ID_Branch) VALUES (34, 8, 1, 2);
INSERT INTO [TABLE] (ID_Table, NumberOfSeats, StatusTable, ID_Branch) VALUES (35, 6, 1, 2);
INSERT INTO [TABLE] (ID_Table, NumberOfSeats, StatusTable, ID_Branch) VALUES (36, 2, 1, 2);
INSERT INTO [TABLE] (ID_Table, NumberOfSeats, StatusTable, ID_Branch) VALUES (37, 8, 1, 2);
INSERT INTO [TABLE] (ID_Table, NumberOfSeats, StatusTable, ID_Branch) VALUES (38, 2, 0, 2);
INSERT INTO [TABLE] (ID_Table, NumberOfSeats, StatusTable, ID_Branch) VALUES (39, 6, 0, 2);
INSERT INTO [TABLE] (ID_Table, NumberOfSeats, StatusTable, ID_Branch) VALUES (40, 4, 0, 2);
INSERT INTO [TABLE] (ID_Table, NumberOfSeats, StatusTable, ID_Branch) VALUES (41, 4, 1, 2);
INSERT INTO [TABLE] (ID_Table, NumberOfSeats, StatusTable, ID_Branch) VALUES (42, 4, 1, 2);
INSERT INTO [TABLE] (ID_Table, NumberOfSeats, StatusTable, ID_Branch) VALUES (43, 2, 1, 2);
INSERT INTO [TABLE] (ID_Table, NumberOfSeats, StatusTable, ID_Branch) VALUES (44, 6, 1, 2);
INSERT INTO [TABLE] (ID_Table, NumberOfSeats, StatusTable, ID_Branch) VALUES (45, 2, 1, 2);
INSERT INTO [TABLE] (ID_Table, NumberOfSeats, StatusTable, ID_Branch) VALUES (46, 6, 0, 2);
INSERT INTO [TABLE] (ID_Table, NumberOfSeats, StatusTable, ID_Branch) VALUES (47, 6, 0, 2);
INSERT INTO [TABLE] (ID_Table, NumberOfSeats, StatusTable, ID_Branch) VALUES (48, 8, 0, 2);
INSERT INTO [TABLE] (ID_Table, NumberOfSeats, StatusTable, ID_Branch) VALUES (49, 8, 1, 2);
INSERT INTO [TABLE] (ID_Table, NumberOfSeats, StatusTable, ID_Branch) VALUES (50, 4, 0, 2);
INSERT INTO [TABLE] (ID_Table, NumberOfSeats, StatusTable, ID_Branch) VALUES (51, 2, 1, 3);
INSERT INTO [TABLE] (ID_Table, NumberOfSeats, StatusTable, ID_Branch) VALUES (52, 8, 1, 3);
INSERT INTO [TABLE] (ID_Table, NumberOfSeats, StatusTable, ID_Branch) VALUES (53, 6, 1, 3);
INSERT INTO [TABLE] (ID_Table, NumberOfSeats, StatusTable, ID_Branch) VALUES (54, 2, 0, 3);
INSERT INTO [TABLE] (ID_Table, NumberOfSeats, StatusTable, ID_Branch) VALUES (55, 8, 1, 3);
INSERT INTO [TABLE] (ID_Table, NumberOfSeats, StatusTable, ID_Branch) VALUES (56, 2, 1, 3);
INSERT INTO [TABLE] (ID_Table, NumberOfSeats, StatusTable, ID_Branch) VALUES (57, 6, 0, 3);
INSERT INTO [TABLE] (ID_Table, NumberOfSeats, StatusTable, ID_Branch) VALUES (58, 2, 0, 3);
INSERT INTO [TABLE] (ID_Table, NumberOfSeats, StatusTable, ID_Branch) VALUES (59, 4, 0, 3);
INSERT INTO [TABLE] (ID_Table, NumberOfSeats, StatusTable, ID_Branch) VALUES (60, 2, 1, 3);
INSERT INTO [TABLE] (ID_Table, NumberOfSeats, StatusTable, ID_Branch) VALUES (61, 4, 0, 3);
INSERT INTO [TABLE] (ID_Table, NumberOfSeats, StatusTable, ID_Branch) VALUES (62, 2, 1, 3);
INSERT INTO [TABLE] (ID_Table, NumberOfSeats, StatusTable, ID_Branch) VALUES (63, 4, 1, 3);
INSERT INTO [TABLE] (ID_Table, NumberOfSeats, StatusTable, ID_Branch) VALUES (64, 4, 0, 3);
INSERT INTO [TABLE] (ID_Table, NumberOfSeats, StatusTable, ID_Branch) VALUES (65, 2, 1, 3);
INSERT INTO [TABLE] (ID_Table, NumberOfSeats, StatusTable, ID_Branch) VALUES (66, 4, 1, 3);
INSERT INTO [TABLE] (ID_Table, NumberOfSeats, StatusTable, ID_Branch) VALUES (67, 6, 1, 3);
INSERT INTO [TABLE] (ID_Table, NumberOfSeats, StatusTable, ID_Branch) VALUES (68, 2, 0, 3);
INSERT INTO [TABLE] (ID_Table, NumberOfSeats, StatusTable, ID_Branch) VALUES (69, 4, 0, 3);
INSERT INTO [TABLE] (ID_Table, NumberOfSeats, StatusTable, ID_Branch) VALUES (70, 8, 1, 3);
INSERT INTO [TABLE] (ID_Table, NumberOfSeats, StatusTable, ID_Branch) VALUES (71, 6, 1, 3);
INSERT INTO [TABLE] (ID_Table, NumberOfSeats, StatusTable, ID_Branch) VALUES (72, 2, 0, 3);
INSERT INTO [TABLE] (ID_Table, NumberOfSeats, StatusTable, ID_Branch) VALUES (73, 6, 0, 3);
INSERT INTO [TABLE] (ID_Table, NumberOfSeats, StatusTable, ID_Branch) VALUES (74, 6, 1, 3);
INSERT INTO [TABLE] (ID_Table, NumberOfSeats, StatusTable, ID_Branch) VALUES (75, 6, 0, 4);
INSERT INTO [TABLE] (ID_Table, NumberOfSeats, StatusTable, ID_Branch) VALUES (76, 8, 0, 4);
INSERT INTO [TABLE] (ID_Table, NumberOfSeats, StatusTable, ID_Branch) VALUES (77, 2, 0, 4);
INSERT INTO [TABLE] (ID_Table, NumberOfSeats, StatusTable, ID_Branch) VALUES (78, 4, 1, 4);
INSERT INTO [TABLE] (ID_Table, NumberOfSeats, StatusTable, ID_Branch) VALUES (79, 8, 1, 4);
INSERT INTO [TABLE] (ID_Table, NumberOfSeats, StatusTable, ID_Branch) VALUES (80, 4, 1, 4);
INSERT INTO [TABLE] (ID_Table, NumberOfSeats, StatusTable, ID_Branch) VALUES (81, 8, 0, 4);
INSERT INTO [TABLE] (ID_Table, NumberOfSeats, StatusTable, ID_Branch) VALUES (82, 8, 0, 4);
INSERT INTO [TABLE] (ID_Table, NumberOfSeats, StatusTable, ID_Branch) VALUES (83, 2, 0, 4);
INSERT INTO [TABLE] (ID_Table, NumberOfSeats, StatusTable, ID_Branch) VALUES (84, 6, 1, 4);
INSERT INTO [TABLE] (ID_Table, NumberOfSeats, StatusTable, ID_Branch) VALUES (85, 6, 0, 4);
INSERT INTO [TABLE] (ID_Table, NumberOfSeats, StatusTable, ID_Branch) VALUES (86, 2, 1, 4);
INSERT INTO [TABLE] (ID_Table, NumberOfSeats, StatusTable, ID_Branch) VALUES (87, 2, 0, 4);
INSERT INTO [TABLE] (ID_Table, NumberOfSeats, StatusTable, ID_Branch) VALUES (88, 4, 0, 4);
INSERT INTO [TABLE] (ID_Table, NumberOfSeats, StatusTable, ID_Branch) VALUES (89, 2, 0, 4);
INSERT INTO [TABLE] (ID_Table, NumberOfSeats, StatusTable, ID_Branch) VALUES (90, 8, 0, 4);
INSERT INTO [TABLE] (ID_Table, NumberOfSeats, StatusTable, ID_Branch) VALUES (91, 2, 0, 4);
INSERT INTO [TABLE] (ID_Table, NumberOfSeats, StatusTable, ID_Branch) VALUES (92, 6, 0, 4);
INSERT INTO [TABLE] (ID_Table, NumberOfSeats, StatusTable, ID_Branch) VALUES (93, 2, 1, 4);
INSERT INTO [TABLE] (ID_Table, NumberOfSeats, StatusTable, ID_Branch) VALUES (94, 4, 1, 4);
INSERT INTO [TABLE] (ID_Table, NumberOfSeats, StatusTable, ID_Branch) VALUES (95, 8, 1, 4);
INSERT INTO [TABLE] (ID_Table, NumberOfSeats, StatusTable, ID_Branch) VALUES (96, 2, 1, 4);
INSERT INTO [TABLE] (ID_Table, NumberOfSeats, StatusTable, ID_Branch) VALUES (97, 6, 0, 4);
INSERT INTO [TABLE] (ID_Table, NumberOfSeats, StatusTable, ID_Branch) VALUES (98, 6, 1, 4);
INSERT INTO [TABLE] (ID_Table, NumberOfSeats, StatusTable, ID_Branch) VALUES (99, 4, 0, 4);
INSERT INTO [TABLE] (ID_Table, NumberOfSeats, StatusTable, ID_Branch) VALUES (100, 4, 0, 4);
INSERT INTO [TABLE] (ID_Table, NumberOfSeats, StatusTable, ID_Branch) VALUES (101, 6, 1, 4);
INSERT INTO [TABLE] (ID_Table, NumberOfSeats, StatusTable, ID_Branch) VALUES (102, 6, 0, 4);
INSERT INTO [TABLE] (ID_Table, NumberOfSeats, StatusTable, ID_Branch) VALUES (103, 6, 1, 4);
INSERT INTO [TABLE] (ID_Table, NumberOfSeats, StatusTable, ID_Branch) VALUES (104, 2, 1, 4);
INSERT INTO [TABLE] (ID_Table, NumberOfSeats, StatusTable, ID_Branch) VALUES (105, 4, 0, 5);
INSERT INTO [TABLE] (ID_Table, NumberOfSeats, StatusTable, ID_Branch) VALUES (106, 2, 0, 5);
INSERT INTO [TABLE] (ID_Table, NumberOfSeats, StatusTable, ID_Branch) VALUES (107, 8, 0, 5);
INSERT INTO [TABLE] (ID_Table, NumberOfSeats, StatusTable, ID_Branch) VALUES (108, 4, 1, 5);
INSERT INTO [TABLE] (ID_Table, NumberOfSeats, StatusTable, ID_Branch) VALUES (109, 2, 1, 5);
INSERT INTO [TABLE] (ID_Table, NumberOfSeats, StatusTable, ID_Branch) VALUES (110, 6, 0, 5);
INSERT INTO [TABLE] (ID_Table, NumberOfSeats, StatusTable, ID_Branch) VALUES (111, 6, 0, 5);
INSERT INTO [TABLE] (ID_Table, NumberOfSeats, StatusTable, ID_Branch) VALUES (112, 6, 1, 5);
INSERT INTO [TABLE] (ID_Table, NumberOfSeats, StatusTable, ID_Branch) VALUES (113, 6, 1, 5);
INSERT INTO [TABLE] (ID_Table, NumberOfSeats, StatusTable, ID_Branch) VALUES (114, 8, 0, 5);
INSERT INTO [TABLE] (ID_Table, NumberOfSeats, StatusTable, ID_Branch) VALUES (115, 6, 0, 5);
INSERT INTO [TABLE] (ID_Table, NumberOfSeats, StatusTable, ID_Branch) VALUES (116, 8, 0, 5);
INSERT INTO [TABLE] (ID_Table, NumberOfSeats, StatusTable, ID_Branch) VALUES (117, 4, 0, 5);
INSERT INTO [TABLE] (ID_Table, NumberOfSeats, StatusTable, ID_Branch) VALUES (118, 6, 0, 5);
INSERT INTO [TABLE] (ID_Table, NumberOfSeats, StatusTable, ID_Branch) VALUES (119, 6, 1, 5);
INSERT INTO [TABLE] (ID_Table, NumberOfSeats, StatusTable, ID_Branch) VALUES (120, 6, 0, 5);
INSERT INTO [TABLE] (ID_Table, NumberOfSeats, StatusTable, ID_Branch) VALUES (121, 6, 1, 5);
INSERT INTO [TABLE] (ID_Table, NumberOfSeats, StatusTable, ID_Branch) VALUES (122, 8, 0, 5);
INSERT INTO [TABLE] (ID_Table, NumberOfSeats, StatusTable, ID_Branch) VALUES (123, 4, 1, 5);
INSERT INTO [TABLE] (ID_Table, NumberOfSeats, StatusTable, ID_Branch) VALUES (124, 6, 0, 5);
INSERT INTO [TABLE] (ID_Table, NumberOfSeats, StatusTable, ID_Branch) VALUES (125, 2, 0, 5);
INSERT INTO [TABLE] (ID_Table, NumberOfSeats, StatusTable, ID_Branch) VALUES (126, 4, 1, 5);
INSERT INTO [TABLE] (ID_Table, NumberOfSeats, StatusTable, ID_Branch) VALUES (127, 6, 1, 5);
INSERT INTO [TABLE] (ID_Table, NumberOfSeats, StatusTable, ID_Branch) VALUES (128, 6, 1, 5);
INSERT INTO [TABLE] (ID_Table, NumberOfSeats, StatusTable, ID_Branch) VALUES (129, 8, 1, 5);
INSERT INTO [TABLE] (ID_Table, NumberOfSeats, StatusTable, ID_Branch) VALUES (130, 8, 0, 5);
INSERT INTO [TABLE] (ID_Table, NumberOfSeats, StatusTable, ID_Branch) VALUES (131, 4, 1, 6);
INSERT INTO [TABLE] (ID_Table, NumberOfSeats, StatusTable, ID_Branch) VALUES (132, 6, 1, 6);
INSERT INTO [TABLE] (ID_Table, NumberOfSeats, StatusTable, ID_Branch) VALUES (133, 8, 0, 6);
INSERT INTO [TABLE] (ID_Table, NumberOfSeats, StatusTable, ID_Branch) VALUES (134, 6, 1, 6);
INSERT INTO [TABLE] (ID_Table, NumberOfSeats, StatusTable, ID_Branch) VALUES (135, 6, 1, 6);
INSERT INTO [TABLE] (ID_Table, NumberOfSeats, StatusTable, ID_Branch) VALUES (136, 4, 0, 6);
INSERT INTO [TABLE] (ID_Table, NumberOfSeats, StatusTable, ID_Branch) VALUES (137, 6, 0, 6);
INSERT INTO [TABLE] (ID_Table, NumberOfSeats, StatusTable, ID_Branch) VALUES (138, 8, 0, 6);
INSERT INTO [TABLE] (ID_Table, NumberOfSeats, StatusTable, ID_Branch) VALUES (139, 6, 1, 6);
INSERT INTO [TABLE] (ID_Table, NumberOfSeats, StatusTable, ID_Branch) VALUES (140, 8, 1, 6);
INSERT INTO [TABLE] (ID_Table, NumberOfSeats, StatusTable, ID_Branch) VALUES (141, 4, 1, 6);
INSERT INTO [TABLE] (ID_Table, NumberOfSeats, StatusTable, ID_Branch) VALUES (142, 8, 0, 6);
INSERT INTO [TABLE] (ID_Table, NumberOfSeats, StatusTable, ID_Branch) VALUES (143, 8, 0, 6);
INSERT INTO [TABLE] (ID_Table, NumberOfSeats, StatusTable, ID_Branch) VALUES (144, 2, 1, 6);
INSERT INTO [TABLE] (ID_Table, NumberOfSeats, StatusTable, ID_Branch) VALUES (145, 8, 1, 6);
INSERT INTO [TABLE] (ID_Table, NumberOfSeats, StatusTable, ID_Branch) VALUES (146, 4, 0, 6);
INSERT INTO [TABLE] (ID_Table, NumberOfSeats, StatusTable, ID_Branch) VALUES (147, 4, 0, 6);
INSERT INTO [TABLE] (ID_Table, NumberOfSeats, StatusTable, ID_Branch) VALUES (148, 4, 0, 6);
INSERT INTO [TABLE] (ID_Table, NumberOfSeats, StatusTable, ID_Branch) VALUES (149, 8, 1, 6);
INSERT INTO [TABLE] (ID_Table, NumberOfSeats, StatusTable, ID_Branch) VALUES (150, 6, 0, 6);
INSERT INTO [TABLE] (ID_Table, NumberOfSeats, StatusTable, ID_Branch) VALUES (151, 6, 1, 6);
INSERT INTO [TABLE] (ID_Table, NumberOfSeats, StatusTable, ID_Branch) VALUES (152, 8, 0, 6);
INSERT INTO [TABLE] (ID_Table, NumberOfSeats, StatusTable, ID_Branch) VALUES (153, 8, 1, 6);
INSERT INTO [TABLE] (ID_Table, NumberOfSeats, StatusTable, ID_Branch) VALUES (154, 4, 1, 6);
INSERT INTO [TABLE] (ID_Table, NumberOfSeats, StatusTable, ID_Branch) VALUES (155, 8, 0, 6);
INSERT INTO [TABLE] (ID_Table, NumberOfSeats, StatusTable, ID_Branch) VALUES (156, 6, 1, 6);
INSERT INTO [TABLE] (ID_Table, NumberOfSeats, StatusTable, ID_Branch) VALUES (157, 8, 0, 6);
INSERT INTO [TABLE] (ID_Table, NumberOfSeats, StatusTable, ID_Branch) VALUES (158, 2, 1, 6);
INSERT INTO [TABLE] (ID_Table, NumberOfSeats, StatusTable, ID_Branch) VALUES (159, 4, 1, 6);
INSERT INTO [TABLE] (ID_Table, NumberOfSeats, StatusTable, ID_Branch) VALUES (160, 6, 1, 6);
INSERT INTO [TABLE] (ID_Table, NumberOfSeats, StatusTable, ID_Branch) VALUES (161, 8, 1, 7);
INSERT INTO [TABLE] (ID_Table, NumberOfSeats, StatusTable, ID_Branch) VALUES (162, 6, 1, 7);
INSERT INTO [TABLE] (ID_Table, NumberOfSeats, StatusTable, ID_Branch) VALUES (163, 6, 1, 7);
INSERT INTO [TABLE] (ID_Table, NumberOfSeats, StatusTable, ID_Branch) VALUES (164, 6, 1, 7);
INSERT INTO [TABLE] (ID_Table, NumberOfSeats, StatusTable, ID_Branch) VALUES (165, 2, 0, 7);
INSERT INTO [TABLE] (ID_Table, NumberOfSeats, StatusTable, ID_Branch) VALUES (166, 6, 1, 7);
INSERT INTO [TABLE] (ID_Table, NumberOfSeats, StatusTable, ID_Branch) VALUES (167, 6, 1, 7);
INSERT INTO [TABLE] (ID_Table, NumberOfSeats, StatusTable, ID_Branch) VALUES (168, 6, 1, 7);
INSERT INTO [TABLE] (ID_Table, NumberOfSeats, StatusTable, ID_Branch) VALUES (169, 8, 0, 7);
INSERT INTO [TABLE] (ID_Table, NumberOfSeats, StatusTable, ID_Branch) VALUES (170, 8, 1, 7);
INSERT INTO [TABLE] (ID_Table, NumberOfSeats, StatusTable, ID_Branch) VALUES (171, 8, 0, 7);
INSERT INTO [TABLE] (ID_Table, NumberOfSeats, StatusTable, ID_Branch) VALUES (172, 6, 0, 7);
INSERT INTO [TABLE] (ID_Table, NumberOfSeats, StatusTable, ID_Branch) VALUES (173, 8, 1, 7);
INSERT INTO [TABLE] (ID_Table, NumberOfSeats, StatusTable, ID_Branch) VALUES (174, 8, 0, 7);
INSERT INTO [TABLE] (ID_Table, NumberOfSeats, StatusTable, ID_Branch) VALUES (175, 2, 1, 7);
INSERT INTO [TABLE] (ID_Table, NumberOfSeats, StatusTable, ID_Branch) VALUES (176, 2, 1, 7);
INSERT INTO [TABLE] (ID_Table, NumberOfSeats, StatusTable, ID_Branch) VALUES (177, 8, 0, 7);
INSERT INTO [TABLE] (ID_Table, NumberOfSeats, StatusTable, ID_Branch) VALUES (178, 2, 0, 7);
INSERT INTO [TABLE] (ID_Table, NumberOfSeats, StatusTable, ID_Branch) VALUES (179, 2, 1, 7);
INSERT INTO [TABLE] (ID_Table, NumberOfSeats, StatusTable, ID_Branch) VALUES (180, 4, 1, 7);
INSERT INTO [TABLE] (ID_Table, NumberOfSeats, StatusTable, ID_Branch) VALUES (181, 6, 1, 7);
INSERT INTO [TABLE] (ID_Table, NumberOfSeats, StatusTable, ID_Branch) VALUES (182, 8, 0, 7);
INSERT INTO [TABLE] (ID_Table, NumberOfSeats, StatusTable, ID_Branch) VALUES (183, 4, 0, 7);
INSERT INTO [TABLE] (ID_Table, NumberOfSeats, StatusTable, ID_Branch) VALUES (184, 6, 0, 7);
INSERT INTO [TABLE] (ID_Table, NumberOfSeats, StatusTable, ID_Branch) VALUES (185, 2, 1, 7);
INSERT INTO [TABLE] (ID_Table, NumberOfSeats, StatusTable, ID_Branch) VALUES (186, 8, 1, 7);
INSERT INTO [TABLE] (ID_Table, NumberOfSeats, StatusTable, ID_Branch) VALUES (187, 8, 1, 7);
INSERT INTO [TABLE] (ID_Table, NumberOfSeats, StatusTable, ID_Branch) VALUES (188, 4, 0, 7);
INSERT INTO [TABLE] (ID_Table, NumberOfSeats, StatusTable, ID_Branch) VALUES (189, 4, 1, 7);
INSERT INTO [TABLE] (ID_Table, NumberOfSeats, StatusTable, ID_Branch) VALUES (190, 8, 1, 7);
INSERT INTO [TABLE] (ID_Table, NumberOfSeats, StatusTable, ID_Branch) VALUES (191, 4, 1, 8);
INSERT INTO [TABLE] (ID_Table, NumberOfSeats, StatusTable, ID_Branch) VALUES (192, 4, 1, 8);
INSERT INTO [TABLE] (ID_Table, NumberOfSeats, StatusTable, ID_Branch) VALUES (193, 8, 0, 8);
INSERT INTO [TABLE] (ID_Table, NumberOfSeats, StatusTable, ID_Branch) VALUES (194, 8, 0, 8);
INSERT INTO [TABLE] (ID_Table, NumberOfSeats, StatusTable, ID_Branch) VALUES (195, 4, 1, 8);
INSERT INTO [TABLE] (ID_Table, NumberOfSeats, StatusTable, ID_Branch) VALUES (196, 2, 0, 8);
INSERT INTO [TABLE] (ID_Table, NumberOfSeats, StatusTable, ID_Branch) VALUES (197, 2, 1, 8);
INSERT INTO [TABLE] (ID_Table, NumberOfSeats, StatusTable, ID_Branch) VALUES (198, 6, 0, 8);
INSERT INTO [TABLE] (ID_Table, NumberOfSeats, StatusTable, ID_Branch) VALUES (199, 4, 1, 8);
INSERT INTO [TABLE] (ID_Table, NumberOfSeats, StatusTable, ID_Branch) VALUES (200, 8, 1, 8);
INSERT INTO [TABLE] (ID_Table, NumberOfSeats, StatusTable, ID_Branch) VALUES (201, 4, 0, 8);
INSERT INTO [TABLE] (ID_Table, NumberOfSeats, StatusTable, ID_Branch) VALUES (202, 6, 0, 8);
INSERT INTO [TABLE] (ID_Table, NumberOfSeats, StatusTable, ID_Branch) VALUES (203, 4, 1, 8);
INSERT INTO [TABLE] (ID_Table, NumberOfSeats, StatusTable, ID_Branch) VALUES (204, 2, 0, 8);
INSERT INTO [TABLE] (ID_Table, NumberOfSeats, StatusTable, ID_Branch) VALUES (205, 6, 1, 8);
INSERT INTO [TABLE] (ID_Table, NumberOfSeats, StatusTable, ID_Branch) VALUES (206, 6, 1, 8);
INSERT INTO [TABLE] (ID_Table, NumberOfSeats, StatusTable, ID_Branch) VALUES (207, 6, 1, 8);
INSERT INTO [TABLE] (ID_Table, NumberOfSeats, StatusTable, ID_Branch) VALUES (208, 4, 0, 8);
INSERT INTO [TABLE] (ID_Table, NumberOfSeats, StatusTable, ID_Branch) VALUES (209, 6, 1, 8);
INSERT INTO [TABLE] (ID_Table, NumberOfSeats, StatusTable, ID_Branch) VALUES (210, 8, 1, 8);
INSERT INTO [TABLE] (ID_Table, NumberOfSeats, StatusTable, ID_Branch) VALUES (211, 2, 0, 8);
INSERT INTO [TABLE] (ID_Table, NumberOfSeats, StatusTable, ID_Branch) VALUES (212, 8, 1, 9);
INSERT INTO [TABLE] (ID_Table, NumberOfSeats, StatusTable, ID_Branch) VALUES (213, 2, 0, 9);
INSERT INTO [TABLE] (ID_Table, NumberOfSeats, StatusTable, ID_Branch) VALUES (214, 2, 1, 9);
INSERT INTO [TABLE] (ID_Table, NumberOfSeats, StatusTable, ID_Branch) VALUES (215, 6, 1, 9);
INSERT INTO [TABLE] (ID_Table, NumberOfSeats, StatusTable, ID_Branch) VALUES (216, 8, 1, 9);
INSERT INTO [TABLE] (ID_Table, NumberOfSeats, StatusTable, ID_Branch) VALUES (217, 8, 0, 9);
INSERT INTO [TABLE] (ID_Table, NumberOfSeats, StatusTable, ID_Branch) VALUES (218, 4, 1, 9);
INSERT INTO [TABLE] (ID_Table, NumberOfSeats, StatusTable, ID_Branch) VALUES (219, 4, 1, 9);
INSERT INTO [TABLE] (ID_Table, NumberOfSeats, StatusTable, ID_Branch) VALUES (220, 2, 1, 9);
INSERT INTO [TABLE] (ID_Table, NumberOfSeats, StatusTable, ID_Branch) VALUES (221, 8, 0, 9);
INSERT INTO [TABLE] (ID_Table, NumberOfSeats, StatusTable, ID_Branch) VALUES (222, 4, 0, 9);
INSERT INTO [TABLE] (ID_Table, NumberOfSeats, StatusTable, ID_Branch) VALUES (223, 4, 1, 9);
INSERT INTO [TABLE] (ID_Table, NumberOfSeats, StatusTable, ID_Branch) VALUES (224, 4, 1, 9);
INSERT INTO [TABLE] (ID_Table, NumberOfSeats, StatusTable, ID_Branch) VALUES (225, 8, 1, 9);
INSERT INTO [TABLE] (ID_Table, NumberOfSeats, StatusTable, ID_Branch) VALUES (226, 8, 0, 9);
INSERT INTO [TABLE] (ID_Table, NumberOfSeats, StatusTable, ID_Branch) VALUES (227, 6, 1, 9);
INSERT INTO [TABLE] (ID_Table, NumberOfSeats, StatusTable, ID_Branch) VALUES (228, 8, 0, 9);
INSERT INTO [TABLE] (ID_Table, NumberOfSeats, StatusTable, ID_Branch) VALUES (229, 4, 1, 9);
INSERT INTO [TABLE] (ID_Table, NumberOfSeats, StatusTable, ID_Branch) VALUES (230, 4, 1, 9);
INSERT INTO [TABLE] (ID_Table, NumberOfSeats, StatusTable, ID_Branch) VALUES (231, 8, 1, 9);
INSERT INTO [TABLE] (ID_Table, NumberOfSeats, StatusTable, ID_Branch) VALUES (232, 8, 0, 9);
INSERT INTO [TABLE] (ID_Table, NumberOfSeats, StatusTable, ID_Branch) VALUES (233, 8, 0, 9);
INSERT INTO [TABLE] (ID_Table, NumberOfSeats, StatusTable, ID_Branch) VALUES (234, 2, 0, 9);
INSERT INTO [TABLE] (ID_Table, NumberOfSeats, StatusTable, ID_Branch) VALUES (235, 2, 1, 9);
INSERT INTO [TABLE] (ID_Table, NumberOfSeats, StatusTable, ID_Branch) VALUES (236, 2, 1, 9);
INSERT INTO [TABLE] (ID_Table, NumberOfSeats, StatusTable, ID_Branch) VALUES (237, 6, 0, 9);
INSERT INTO [TABLE] (ID_Table, NumberOfSeats, StatusTable, ID_Branch) VALUES (238, 8, 0, 9);
INSERT INTO [TABLE] (ID_Table, NumberOfSeats, StatusTable, ID_Branch) VALUES (239, 8, 0, 9);
INSERT INTO [TABLE] (ID_Table, NumberOfSeats, StatusTable, ID_Branch) VALUES (240, 2, 0, 10);
INSERT INTO [TABLE] (ID_Table, NumberOfSeats, StatusTable, ID_Branch) VALUES (241, 6, 0, 10);
INSERT INTO [TABLE] (ID_Table, NumberOfSeats, StatusTable, ID_Branch) VALUES (242, 8, 1, 10);
INSERT INTO [TABLE] (ID_Table, NumberOfSeats, StatusTable, ID_Branch) VALUES (243, 4, 1, 10);
INSERT INTO [TABLE] (ID_Table, NumberOfSeats, StatusTable, ID_Branch) VALUES (244, 2, 1, 10);
INSERT INTO [TABLE] (ID_Table, NumberOfSeats, StatusTable, ID_Branch) VALUES (245, 6, 0, 10);
INSERT INTO [TABLE] (ID_Table, NumberOfSeats, StatusTable, ID_Branch) VALUES (246, 2, 0, 10);
INSERT INTO [TABLE] (ID_Table, NumberOfSeats, StatusTable, ID_Branch) VALUES (247, 8, 0, 10);
INSERT INTO [TABLE] (ID_Table, NumberOfSeats, StatusTable, ID_Branch) VALUES (248, 6, 1, 10);
INSERT INTO [TABLE] (ID_Table, NumberOfSeats, StatusTable, ID_Branch) VALUES (249, 8, 1, 10);
INSERT INTO [TABLE] (ID_Table, NumberOfSeats, StatusTable, ID_Branch) VALUES (250, 6, 0, 10);
INSERT INTO [TABLE] (ID_Table, NumberOfSeats, StatusTable, ID_Branch) VALUES (251, 8, 1, 10);
INSERT INTO [TABLE] (ID_Table, NumberOfSeats, StatusTable, ID_Branch) VALUES (252, 4, 1, 10);
INSERT INTO [TABLE] (ID_Table, NumberOfSeats, StatusTable, ID_Branch) VALUES (253, 6, 1, 10);
INSERT INTO [TABLE] (ID_Table, NumberOfSeats, StatusTable, ID_Branch) VALUES (254, 6, 0, 10);
INSERT INTO [TABLE] (ID_Table, NumberOfSeats, StatusTable, ID_Branch) VALUES (255, 8, 0, 10);
INSERT INTO [TABLE] (ID_Table, NumberOfSeats, StatusTable, ID_Branch) VALUES (256, 2, 0, 10);
INSERT INTO [TABLE] (ID_Table, NumberOfSeats, StatusTable, ID_Branch) VALUES (257, 2, 1, 10);
INSERT INTO [TABLE] (ID_Table, NumberOfSeats, StatusTable, ID_Branch) VALUES (258, 2, 0, 10);
INSERT INTO [TABLE] (ID_Table, NumberOfSeats, StatusTable, ID_Branch) VALUES (259, 2, 0, 10);
INSERT INTO [TABLE] (ID_Table, NumberOfSeats, StatusTable, ID_Branch) VALUES (260, 2, 1, 10);
INSERT INTO [TABLE] (ID_Table, NumberOfSeats, StatusTable, ID_Branch) VALUES (261, 4, 1, 10);
INSERT INTO [TABLE] (ID_Table, NumberOfSeats, StatusTable, ID_Branch) VALUES (262, 8, 0, 10);
INSERT INTO [TABLE] (ID_Table, NumberOfSeats, StatusTable, ID_Branch) VALUES (263, 4, 0, 10);
INSERT INTO [TABLE] (ID_Table, NumberOfSeats, StatusTable, ID_Branch) VALUES (264, 4, 1, 10);
INSERT INTO [TABLE] (ID_Table, NumberOfSeats, StatusTable, ID_Branch) VALUES (265, 2, 0, 10);
INSERT INTO [TABLE] (ID_Table, NumberOfSeats, StatusTable, ID_Branch) VALUES (266, 2, 1, 10);
INSERT INTO [TABLE] (ID_Table, NumberOfSeats, StatusTable, ID_Branch) VALUES (267, 2, 1, 11);
INSERT INTO [TABLE] (ID_Table, NumberOfSeats, StatusTable, ID_Branch) VALUES (268, 2, 0, 11);
INSERT INTO [TABLE] (ID_Table, NumberOfSeats, StatusTable, ID_Branch) VALUES (269, 2, 1, 11);
INSERT INTO [TABLE] (ID_Table, NumberOfSeats, StatusTable, ID_Branch) VALUES (270, 4, 0, 11);
INSERT INTO [TABLE] (ID_Table, NumberOfSeats, StatusTable, ID_Branch) VALUES (271, 4, 0, 11);
INSERT INTO [TABLE] (ID_Table, NumberOfSeats, StatusTable, ID_Branch) VALUES (272, 4, 1, 11);
INSERT INTO [TABLE] (ID_Table, NumberOfSeats, StatusTable, ID_Branch) VALUES (273, 4, 1, 11);
INSERT INTO [TABLE] (ID_Table, NumberOfSeats, StatusTable, ID_Branch) VALUES (274, 6, 0, 11);
INSERT INTO [TABLE] (ID_Table, NumberOfSeats, StatusTable, ID_Branch) VALUES (275, 8, 1, 11);
INSERT INTO [TABLE] (ID_Table, NumberOfSeats, StatusTable, ID_Branch) VALUES (276, 4, 0, 11);
INSERT INTO [TABLE] (ID_Table, NumberOfSeats, StatusTable, ID_Branch) VALUES (277, 4, 0, 11);
INSERT INTO [TABLE] (ID_Table, NumberOfSeats, StatusTable, ID_Branch) VALUES (278, 6, 1, 11);
INSERT INTO [TABLE] (ID_Table, NumberOfSeats, StatusTable, ID_Branch) VALUES (279, 8, 1, 11);
INSERT INTO [TABLE] (ID_Table, NumberOfSeats, StatusTable, ID_Branch) VALUES (280, 6, 1, 11);
INSERT INTO [TABLE] (ID_Table, NumberOfSeats, StatusTable, ID_Branch) VALUES (281, 6, 0, 11);
INSERT INTO [TABLE] (ID_Table, NumberOfSeats, StatusTable, ID_Branch) VALUES (282, 6, 1, 11);
INSERT INTO [TABLE] (ID_Table, NumberOfSeats, StatusTable, ID_Branch) VALUES (283, 4, 1, 11);
INSERT INTO [TABLE] (ID_Table, NumberOfSeats, StatusTable, ID_Branch) VALUES (284, 4, 0, 11);
INSERT INTO [TABLE] (ID_Table, NumberOfSeats, StatusTable, ID_Branch) VALUES (285, 4, 1, 11);
INSERT INTO [TABLE] (ID_Table, NumberOfSeats, StatusTable, ID_Branch) VALUES (286, 2, 1, 11);
INSERT INTO [TABLE] (ID_Table, NumberOfSeats, StatusTable, ID_Branch) VALUES (287, 8, 0, 11);
INSERT INTO [TABLE] (ID_Table, NumberOfSeats, StatusTable, ID_Branch) VALUES (288, 2, 1, 11);
INSERT INTO [TABLE] (ID_Table, NumberOfSeats, StatusTable, ID_Branch) VALUES (289, 6, 1, 11);
INSERT INTO [TABLE] (ID_Table, NumberOfSeats, StatusTable, ID_Branch) VALUES (290, 8, 1, 11);
INSERT INTO [TABLE] (ID_Table, NumberOfSeats, StatusTable, ID_Branch) VALUES (291, 8, 0, 11);
INSERT INTO [TABLE] (ID_Table, NumberOfSeats, StatusTable, ID_Branch) VALUES (292, 8, 1, 11);
INSERT INTO [TABLE] (ID_Table, NumberOfSeats, StatusTable, ID_Branch) VALUES (293, 6, 1, 11);
INSERT INTO [TABLE] (ID_Table, NumberOfSeats, StatusTable, ID_Branch) VALUES (294, 8, 1, 11);
INSERT INTO [TABLE] (ID_Table, NumberOfSeats, StatusTable, ID_Branch) VALUES (295, 8, 0, 12);
INSERT INTO [TABLE] (ID_Table, NumberOfSeats, StatusTable, ID_Branch) VALUES (296, 6, 1, 12);
INSERT INTO [TABLE] (ID_Table, NumberOfSeats, StatusTable, ID_Branch) VALUES (297, 8, 0, 12);
INSERT INTO [TABLE] (ID_Table, NumberOfSeats, StatusTable, ID_Branch) VALUES (298, 6, 0, 12);
INSERT INTO [TABLE] (ID_Table, NumberOfSeats, StatusTable, ID_Branch) VALUES (299, 6, 0, 12);
INSERT INTO [TABLE] (ID_Table, NumberOfSeats, StatusTable, ID_Branch) VALUES (300, 8, 0, 12);
INSERT INTO [TABLE] (ID_Table, NumberOfSeats, StatusTable, ID_Branch) VALUES (301, 8, 0, 12);
INSERT INTO [TABLE] (ID_Table, NumberOfSeats, StatusTable, ID_Branch) VALUES (302, 2, 0, 12);
INSERT INTO [TABLE] (ID_Table, NumberOfSeats, StatusTable, ID_Branch) VALUES (303, 4, 1, 12);
INSERT INTO [TABLE] (ID_Table, NumberOfSeats, StatusTable, ID_Branch) VALUES (304, 6, 1, 12);
INSERT INTO [TABLE] (ID_Table, NumberOfSeats, StatusTable, ID_Branch) VALUES (305, 8, 1, 12);
INSERT INTO [TABLE] (ID_Table, NumberOfSeats, StatusTable, ID_Branch) VALUES (306, 6, 1, 12);
INSERT INTO [TABLE] (ID_Table, NumberOfSeats, StatusTable, ID_Branch) VALUES (307, 2, 0, 12);
INSERT INTO [TABLE] (ID_Table, NumberOfSeats, StatusTable, ID_Branch) VALUES (308, 2, 1, 12);
INSERT INTO [TABLE] (ID_Table, NumberOfSeats, StatusTable, ID_Branch) VALUES (309, 4, 0, 12);
INSERT INTO [TABLE] (ID_Table, NumberOfSeats, StatusTable, ID_Branch) VALUES (310, 2, 0, 12);
INSERT INTO [TABLE] (ID_Table, NumberOfSeats, StatusTable, ID_Branch) VALUES (311, 2, 0, 12);
INSERT INTO [TABLE] (ID_Table, NumberOfSeats, StatusTable, ID_Branch) VALUES (312, 8, 1, 12);
INSERT INTO [TABLE] (ID_Table, NumberOfSeats, StatusTable, ID_Branch) VALUES (313, 2, 0, 12);
INSERT INTO [TABLE] (ID_Table, NumberOfSeats, StatusTable, ID_Branch) VALUES (314, 6, 1, 12);
INSERT INTO [TABLE] (ID_Table, NumberOfSeats, StatusTable, ID_Branch) VALUES (315, 6, 1, 12);
INSERT INTO [TABLE] (ID_Table, NumberOfSeats, StatusTable, ID_Branch) VALUES (316, 4, 0, 13);
INSERT INTO [TABLE] (ID_Table, NumberOfSeats, StatusTable, ID_Branch) VALUES (317, 8, 1, 13);
INSERT INTO [TABLE] (ID_Table, NumberOfSeats, StatusTable, ID_Branch) VALUES (318, 8, 0, 13);
INSERT INTO [TABLE] (ID_Table, NumberOfSeats, StatusTable, ID_Branch) VALUES (319, 2, 0, 13);
INSERT INTO [TABLE] (ID_Table, NumberOfSeats, StatusTable, ID_Branch) VALUES (320, 4, 0, 13);
INSERT INTO [TABLE] (ID_Table, NumberOfSeats, StatusTable, ID_Branch) VALUES (321, 2, 1, 13);
INSERT INTO [TABLE] (ID_Table, NumberOfSeats, StatusTable, ID_Branch) VALUES (322, 4, 0, 13);
INSERT INTO [TABLE] (ID_Table, NumberOfSeats, StatusTable, ID_Branch) VALUES (323, 2, 1, 13);
INSERT INTO [TABLE] (ID_Table, NumberOfSeats, StatusTable, ID_Branch) VALUES (324, 8, 0, 13);
INSERT INTO [TABLE] (ID_Table, NumberOfSeats, StatusTable, ID_Branch) VALUES (325, 2, 0, 13);
INSERT INTO [TABLE] (ID_Table, NumberOfSeats, StatusTable, ID_Branch) VALUES (326, 2, 1, 13);
INSERT INTO [TABLE] (ID_Table, NumberOfSeats, StatusTable, ID_Branch) VALUES (327, 4, 1, 13);
INSERT INTO [TABLE] (ID_Table, NumberOfSeats, StatusTable, ID_Branch) VALUES (328, 6, 1, 13);
INSERT INTO [TABLE] (ID_Table, NumberOfSeats, StatusTable, ID_Branch) VALUES (329, 6, 0, 13);
INSERT INTO [TABLE] (ID_Table, NumberOfSeats, StatusTable, ID_Branch) VALUES (330, 6, 1, 13);
INSERT INTO [TABLE] (ID_Table, NumberOfSeats, StatusTable, ID_Branch) VALUES (331, 4, 0, 13);
INSERT INTO [TABLE] (ID_Table, NumberOfSeats, StatusTable, ID_Branch) VALUES (332, 8, 0, 13);
INSERT INTO [TABLE] (ID_Table, NumberOfSeats, StatusTable, ID_Branch) VALUES (333, 4, 1, 13);
INSERT INTO [TABLE] (ID_Table, NumberOfSeats, StatusTable, ID_Branch) VALUES (334, 2, 1, 13);
INSERT INTO [TABLE] (ID_Table, NumberOfSeats, StatusTable, ID_Branch) VALUES (335, 4, 1, 13);
INSERT INTO [TABLE] (ID_Table, NumberOfSeats, StatusTable, ID_Branch) VALUES (336, 6, 1, 13);
INSERT INTO [TABLE] (ID_Table, NumberOfSeats, StatusTable, ID_Branch) VALUES (337, 4, 1, 13);
INSERT INTO [TABLE] (ID_Table, NumberOfSeats, StatusTable, ID_Branch) VALUES (338, 4, 1, 13);
INSERT INTO [TABLE] (ID_Table, NumberOfSeats, StatusTable, ID_Branch) VALUES (339, 4, 0, 13);
INSERT INTO [TABLE] (ID_Table, NumberOfSeats, StatusTable, ID_Branch) VALUES (340, 6, 0, 13);
INSERT INTO [TABLE] (ID_Table, NumberOfSeats, StatusTable, ID_Branch) VALUES (341, 2, 0, 13);
INSERT INTO [TABLE] (ID_Table, NumberOfSeats, StatusTable, ID_Branch) VALUES (342, 6, 0, 14);
INSERT INTO [TABLE] (ID_Table, NumberOfSeats, StatusTable, ID_Branch) VALUES (343, 8, 0, 14);
INSERT INTO [TABLE] (ID_Table, NumberOfSeats, StatusTable, ID_Branch) VALUES (344, 2, 0, 14);
INSERT INTO [TABLE] (ID_Table, NumberOfSeats, StatusTable, ID_Branch) VALUES (345, 2, 1, 14);
INSERT INTO [TABLE] (ID_Table, NumberOfSeats, StatusTable, ID_Branch) VALUES (346, 4, 1, 14);
INSERT INTO [TABLE] (ID_Table, NumberOfSeats, StatusTable, ID_Branch) VALUES (347, 8, 0, 14);
INSERT INTO [TABLE] (ID_Table, NumberOfSeats, StatusTable, ID_Branch) VALUES (348, 8, 1, 14);
INSERT INTO [TABLE] (ID_Table, NumberOfSeats, StatusTable, ID_Branch) VALUES (349, 6, 1, 14);
INSERT INTO [TABLE] (ID_Table, NumberOfSeats, StatusTable, ID_Branch) VALUES (350, 4, 0, 14);
INSERT INTO [TABLE] (ID_Table, NumberOfSeats, StatusTable, ID_Branch) VALUES (351, 8, 0, 14);
INSERT INTO [TABLE] (ID_Table, NumberOfSeats, StatusTable, ID_Branch) VALUES (352, 4, 1, 14);
INSERT INTO [TABLE] (ID_Table, NumberOfSeats, StatusTable, ID_Branch) VALUES (353, 6, 0, 14);
INSERT INTO [TABLE] (ID_Table, NumberOfSeats, StatusTable, ID_Branch) VALUES (354, 8, 0, 14);
INSERT INTO [TABLE] (ID_Table, NumberOfSeats, StatusTable, ID_Branch) VALUES (355, 2, 1, 14);
INSERT INTO [TABLE] (ID_Table, NumberOfSeats, StatusTable, ID_Branch) VALUES (356, 2, 1, 14);
INSERT INTO [TABLE] (ID_Table, NumberOfSeats, StatusTable, ID_Branch) VALUES (357, 6, 0, 14);
INSERT INTO [TABLE] (ID_Table, NumberOfSeats, StatusTable, ID_Branch) VALUES (358, 8, 0, 14);
INSERT INTO [TABLE] (ID_Table, NumberOfSeats, StatusTable, ID_Branch) VALUES (359, 8, 1, 14);
INSERT INTO [TABLE] (ID_Table, NumberOfSeats, StatusTable, ID_Branch) VALUES (360, 2, 0, 14);
INSERT INTO [TABLE] (ID_Table, NumberOfSeats, StatusTable, ID_Branch) VALUES (361, 2, 1, 14);
INSERT INTO [TABLE] (ID_Table, NumberOfSeats, StatusTable, ID_Branch) VALUES (362, 2, 0, 14);
INSERT INTO [TABLE] (ID_Table, NumberOfSeats, StatusTable, ID_Branch) VALUES (363, 2, 0, 15);
INSERT INTO [TABLE] (ID_Table, NumberOfSeats, StatusTable, ID_Branch) VALUES (364, 8, 0, 15);
INSERT INTO [TABLE] (ID_Table, NumberOfSeats, StatusTable, ID_Branch) VALUES (365, 2, 1, 15);
INSERT INTO [TABLE] (ID_Table, NumberOfSeats, StatusTable, ID_Branch) VALUES (366, 4, 0, 15);
INSERT INTO [TABLE] (ID_Table, NumberOfSeats, StatusTable, ID_Branch) VALUES (367, 4, 1, 15);
INSERT INTO [TABLE] (ID_Table, NumberOfSeats, StatusTable, ID_Branch) VALUES (368, 6, 1, 15);
INSERT INTO [TABLE] (ID_Table, NumberOfSeats, StatusTable, ID_Branch) VALUES (369, 6, 0, 15);
INSERT INTO [TABLE] (ID_Table, NumberOfSeats, StatusTable, ID_Branch) VALUES (370, 4, 1, 15);
INSERT INTO [TABLE] (ID_Table, NumberOfSeats, StatusTable, ID_Branch) VALUES (371, 6, 1, 15);
INSERT INTO [TABLE] (ID_Table, NumberOfSeats, StatusTable, ID_Branch) VALUES (372, 2, 1, 15);
INSERT INTO [TABLE] (ID_Table, NumberOfSeats, StatusTable, ID_Branch) VALUES (373, 6, 0, 15);
INSERT INTO [TABLE] (ID_Table, NumberOfSeats, StatusTable, ID_Branch) VALUES (374, 6, 0, 15);
INSERT INTO [TABLE] (ID_Table, NumberOfSeats, StatusTable, ID_Branch) VALUES (375, 6, 1, 15);
INSERT INTO [TABLE] (ID_Table, NumberOfSeats, StatusTable, ID_Branch) VALUES (376, 4, 1, 15);
INSERT INTO [TABLE] (ID_Table, NumberOfSeats, StatusTable, ID_Branch) VALUES (377, 8, 0, 15);
INSERT INTO [TABLE] (ID_Table, NumberOfSeats, StatusTable, ID_Branch) VALUES (378, 4, 0, 15);
INSERT INTO [TABLE] (ID_Table, NumberOfSeats, StatusTable, ID_Branch) VALUES (379, 2, 0, 15);
INSERT INTO [TABLE] (ID_Table, NumberOfSeats, StatusTable, ID_Branch) VALUES (380, 2, 0, 15);
INSERT INTO [TABLE] (ID_Table, NumberOfSeats, StatusTable, ID_Branch) VALUES (381, 2, 0, 15);
INSERT INTO [TABLE] (ID_Table, NumberOfSeats, StatusTable, ID_Branch) VALUES (382, 2, 0, 15);
INSERT INTO [TABLE] (ID_Table, NumberOfSeats, StatusTable, ID_Branch) VALUES (383, 8, 0, 15);
INSERT INTO [TABLE] (ID_Table, NumberOfSeats, StatusTable, ID_Branch) VALUES (384, 6, 0, 15);
INSERT INTO [TABLE] (ID_Table, NumberOfSeats, StatusTable, ID_Branch) VALUES (385, 6, 0, 15);
INSERT INTO [TABLE] (ID_Table, NumberOfSeats, StatusTable, ID_Branch) VALUES (386, 4, 0, 15);
INSERT INTO [TABLE] (ID_Table, NumberOfSeats, StatusTable, ID_Branch) VALUES (387, 4, 0, 15);
INSERT INTO [ORDER] (ID_Order, ID_Table, OrderDate, TotalPrice, ActualPrice, ID_Customer, ID_Review, ID_Employee, ID_Branch) VALUES (1, 16, '2023-10-22', 0, 0, 1, 16, 171, 1);
INSERT INTO [ORDER] (ID_Order, ID_Table, OrderDate, TotalPrice, ActualPrice, ID_Customer, ID_Review, ID_Employee, ID_Branch) VALUES (2, 26, '2024-02-01', 0, 0, 1, 38, 148, 1);
INSERT INTO [ORDER] (ID_Order, ID_Table, OrderDate, TotalPrice, ActualPrice, ID_Customer, ID_Review, ID_Employee, ID_Branch) VALUES (3, 4, '2023-03-07', 0, 0, 6, 36, 148, 1);
INSERT INTO [ORDER] (ID_Order, ID_Table, OrderDate, TotalPrice, ActualPrice, ID_Customer, ID_Review, ID_Employee, ID_Branch) VALUES (4, 15, '2024-11-24', 0, 0, 14, 6, 173, 1);
INSERT INTO [ORDER] (ID_Order, ID_Table, OrderDate, TotalPrice, ActualPrice, ID_Customer, ID_Review, ID_Employee, ID_Branch) VALUES (5, 21, '2023-05-15', 0, 0, 34, 18, 223, 1);
INSERT INTO [ORDER] (ID_Order, ID_Table, OrderDate, TotalPrice, ActualPrice, ID_Customer, ID_Review, ID_Employee, ID_Branch) VALUES (6, 17, '2024-06-03', 0, 0, 22, 28, 49, 1);
INSERT INTO [ORDER] (ID_Order, ID_Table, OrderDate, TotalPrice, ActualPrice, ID_Customer, ID_Review, ID_Employee, ID_Branch) VALUES (7, 13, '2024-09-20', 0, 0, 5, 15, 173, 1);
INSERT INTO [ORDER] (ID_Order, ID_Table, OrderDate, TotalPrice, ActualPrice, ID_Customer, ID_Review, ID_Employee, ID_Branch) VALUES (8, 24, '2024-08-04', 0, 0, 21, 21, 158, 1);
INSERT INTO [ORDER] (ID_Order, ID_Table, OrderDate, TotalPrice, ActualPrice, ID_Customer, ID_Review, ID_Employee, ID_Branch) VALUES (9, 18, '2024-04-15', 0, 0, 26, 29, 60, 1);
INSERT INTO [ORDER] (ID_Order, ID_Table, OrderDate, TotalPrice, ActualPrice, ID_Customer, ID_Review, ID_Employee, ID_Branch) VALUES (10, 15, '2023-07-13', 0, 0, 23, 12, 76, 1);
INSERT INTO [ORDER] (ID_Order, ID_Table, OrderDate, TotalPrice, ActualPrice, ID_Customer, ID_Review, ID_Employee, ID_Branch) VALUES (11, 22, '2023-11-02', 0, 0, 28, 5, 214, 1);
INSERT INTO [ORDER] (ID_Order, ID_Table, OrderDate, TotalPrice, ActualPrice, ID_Customer, ID_Review, ID_Employee, ID_Branch) VALUES (12, 3, '2023-12-04', 0, 0, 31, 7, 209, 1);
INSERT INTO [ORDER] (ID_Order, ID_Table, OrderDate, TotalPrice, ActualPrice, ID_Customer, ID_Review, ID_Employee, ID_Branch) VALUES (13, 20, '2023-06-11', 0, 0, 20, 22, 57, 1);
INSERT INTO [ORDER] (ID_Order, ID_Table, OrderDate, TotalPrice, ActualPrice, ID_Customer, ID_Review, ID_Employee, ID_Branch) VALUES (14, 26, '2024-05-25', 0, 0, 12, 23, 39, 1);
INSERT INTO [ORDER] (ID_Order, ID_Table, OrderDate, TotalPrice, ActualPrice, ID_Customer, ID_Review, ID_Employee, ID_Branch) VALUES (15, 10, '2024-04-08', 0, 0, 2, 9, 29, 1);
INSERT INTO [ORDER] (ID_Order, ID_Table, OrderDate, TotalPrice, ActualPrice, ID_Customer, ID_Review, ID_Employee, ID_Branch) VALUES (16, 23, '2024-10-01', 0, 0, 9, 30, 153, 1);
INSERT INTO [ORDER] (ID_Order, ID_Table, OrderDate, TotalPrice, ActualPrice, ID_Customer, ID_Review, ID_Employee, ID_Branch) VALUES (17, 18, '2023-06-12', 0, 0, 3, 14, 99, 1);
INSERT INTO [ORDER] (ID_Order, ID_Table, OrderDate, TotalPrice, ActualPrice, ID_Customer, ID_Review, ID_Employee, ID_Branch) VALUES (18, 20, '2023-08-28', 0, 0, 23, 2, 171, 1);
INSERT INTO [ORDER] (ID_Order, ID_Table, OrderDate, TotalPrice, ActualPrice, ID_Customer, ID_Review, ID_Employee, ID_Branch) VALUES (19, 17, '2023-08-16', 0, 0, 41, 31, 223, 1);
INSERT INTO [ORDER] (ID_Order, ID_Table, OrderDate, TotalPrice, ActualPrice, ID_Customer, ID_Review, ID_Employee, ID_Branch) VALUES (20, 21, '2024-11-23', 0, 0, 25, 39, 139, 1);
INSERT INTO [ORDER] (ID_Order, ID_Table, OrderDate, TotalPrice, ActualPrice, ID_Customer, ID_Review, ID_Employee, ID_Branch) VALUES (21, 20, '2023-06-06', 0, 0, 20, 3, 119, 1);
INSERT INTO [ORDER] (ID_Order, ID_Table, OrderDate, TotalPrice, ActualPrice, ID_Customer, ID_Review, ID_Employee, ID_Branch) VALUES (22, 15, '2024-01-14', 0, 0, 29, 8, 162, 1);
INSERT INTO [ORDER] (ID_Order, ID_Table, OrderDate, TotalPrice, ActualPrice, ID_Customer, ID_Review, ID_Employee, ID_Branch) VALUES (23, 10, '2023-12-21', 0, 0, 6, 13, 29, 1);
INSERT INTO [ORDER] (ID_Order, ID_Table, OrderDate, TotalPrice, ActualPrice, ID_Customer, ID_Review, ID_Employee, ID_Branch) VALUES (24, 12, '2023-04-28', 0, 0, 22, 17, 186, 1);
INSERT INTO [ORDER] (ID_Order, ID_Table, OrderDate, TotalPrice, ActualPrice, ID_Customer, ID_Review, ID_Employee, ID_Branch) VALUES (25, 24, '2023-01-20', 0, 0, 27, 20, 35, 1);
INSERT INTO [ORDER] (ID_Order, ID_Table, OrderDate, TotalPrice, ActualPrice, ID_Customer, ID_Review, ID_Employee, ID_Branch) VALUES (26, 24, '2024-04-02', 0, 0, 7, 33, 88, 1);
INSERT INTO [ORDER] (ID_Order, ID_Table, OrderDate, TotalPrice, ActualPrice, ID_Customer, ID_Review, ID_Employee, ID_Branch) VALUES (27, 16, '2023-05-22', 0, 0, 23, 24, 157, 1);
INSERT INTO [ORDER] (ID_Order, ID_Table, OrderDate, TotalPrice, ActualPrice, ID_Customer, ID_Review, ID_Employee, ID_Branch) VALUES (28, 14, '2024-02-05', 0, 0, 14, 41, 162, 1);
INSERT INTO [ORDER] (ID_Order, ID_Table, OrderDate, TotalPrice, ActualPrice, ID_Customer, ID_Review, ID_Employee, ID_Branch) VALUES (29, 22, '2023-10-03', 0, 0, 9, 10, 225, 1);
INSERT INTO [ORDER] (ID_Order, ID_Table, OrderDate, TotalPrice, ActualPrice, ID_Customer, ID_Review, ID_Employee, ID_Branch) VALUES (30, 18, '2023-05-09', 0, 0, 15, 25, 125, 1);
INSERT INTO [ORDER] (ID_Order, ID_Table, OrderDate, TotalPrice, ActualPrice, ID_Customer, ID_Review, ID_Employee, ID_Branch) VALUES (31, 5, '2023-05-14', 0, 0, 27, 11, 158, 1);
INSERT INTO [ORDER] (ID_Order, ID_Table, OrderDate, TotalPrice, ActualPrice, ID_Customer, ID_Review, ID_Employee, ID_Branch) VALUES (32, NULL, '2024-02-25', 0, 0, 38, 19, 60, 1);
INSERT INTO [ORDER] (ID_Order, ID_Table, OrderDate, TotalPrice, ActualPrice, ID_Customer, ID_Review, ID_Employee, ID_Branch) VALUES (33, NULL, '2023-06-16', 0, 0, 2, 1, 37, 1);
INSERT INTO [ORDER] (ID_Order, ID_Table, OrderDate, TotalPrice, ActualPrice, ID_Customer, ID_Review, ID_Employee, ID_Branch) VALUES (34, NULL, '2024-04-29', 0, 0, 23, 40, 39, 1);
INSERT INTO [ORDER] (ID_Order, ID_Table, OrderDate, TotalPrice, ActualPrice, ID_Customer, ID_Review, ID_Employee, ID_Branch) VALUES (35, NULL, '2024-05-03', 0, 0, 39, 4, 214, 1);
INSERT INTO [ORDER] (ID_Order, ID_Table, OrderDate, TotalPrice, ActualPrice, ID_Customer, ID_Review, ID_Employee, ID_Branch) VALUES (36, NULL, '2024-03-08', 0, 0, 34, 35, 204, 1);
INSERT INTO [ORDER] (ID_Order, ID_Table, OrderDate, TotalPrice, ActualPrice, ID_Customer, ID_Review, ID_Employee, ID_Branch) VALUES (37, NULL, '2023-10-03', 0, 0, 15, 37, 29, 1);
INSERT INTO [ORDER] (ID_Order, ID_Table, OrderDate, TotalPrice, ActualPrice, ID_Customer, ID_Review, ID_Employee, ID_Branch) VALUES (38, NULL, '2023-09-02', 0, 0, 17, 32, 168, 1);
INSERT INTO [ORDER] (ID_Order, ID_Table, OrderDate, TotalPrice, ActualPrice, ID_Customer, ID_Review, ID_Employee, ID_Branch) VALUES (39, NULL, '2023-09-27', 0, 0, 11, 26, 17, 1);
INSERT INTO [ORDER] (ID_Order, ID_Table, OrderDate, TotalPrice, ActualPrice, ID_Customer, ID_Review, ID_Employee, ID_Branch) VALUES (40, NULL, '2023-05-08', 0, 0, 11, 34, 168, 1);
INSERT INTO [ORDER] (ID_Order, ID_Table, OrderDate, TotalPrice, ActualPrice, ID_Customer, ID_Review, ID_Employee, ID_Branch) VALUES (1, 29, '2024-11-18', 0, 0, 6, 14, 25, 2);
INSERT INTO [ORDER] (ID_Order, ID_Table, OrderDate, TotalPrice, ActualPrice, ID_Customer, ID_Review, ID_Employee, ID_Branch) VALUES (2, 44, '2024-02-11', 0, 0, 34, 23, 125, 2);
INSERT INTO [ORDER] (ID_Order, ID_Table, OrderDate, TotalPrice, ActualPrice, ID_Customer, ID_Review, ID_Employee, ID_Branch) VALUES (3, 49, '2023-03-08', 0, 0, 33, 22, 90, 2);
INSERT INTO [ORDER] (ID_Order, ID_Table, OrderDate, TotalPrice, ActualPrice, ID_Customer, ID_Review, ID_Employee, ID_Branch) VALUES (4, 29, '2024-07-21', 0, 0, 17, 31, 66, 2);
INSERT INTO [ORDER] (ID_Order, ID_Table, OrderDate, TotalPrice, ActualPrice, ID_Customer, ID_Review, ID_Employee, ID_Branch) VALUES (5, 49, '2024-03-14', 0, 0, 35, 41, 207, 2);
INSERT INTO [ORDER] (ID_Order, ID_Table, OrderDate, TotalPrice, ActualPrice, ID_Customer, ID_Review, ID_Employee, ID_Branch) VALUES (6, 35, '2024-09-12', 0, 0, 1, 16, 61, 2);
INSERT INTO [ORDER] (ID_Order, ID_Table, OrderDate, TotalPrice, ActualPrice, ID_Customer, ID_Review, ID_Employee, ID_Branch) VALUES (7, 29, '2023-04-20', 0, 0, 16, 37, 137, 2);
INSERT INTO [ORDER] (ID_Order, ID_Table, OrderDate, TotalPrice, ActualPrice, ID_Customer, ID_Review, ID_Employee, ID_Branch) VALUES (8, 43, '2023-06-10', 0, 0, 17, 38, 221, 2);
INSERT INTO [ORDER] (ID_Order, ID_Table, OrderDate, TotalPrice, ActualPrice, ID_Customer, ID_Review, ID_Employee, ID_Branch) VALUES (9, 42, '2023-05-27', 0, 0, 23, 13, 221, 2);
INSERT INTO [ORDER] (ID_Order, ID_Table, OrderDate, TotalPrice, ActualPrice, ID_Customer, ID_Review, ID_Employee, ID_Branch) VALUES (10, 43, '2022-12-27', 0, 0, 11, 19, 13, 2);
INSERT INTO [ORDER] (ID_Order, ID_Table, OrderDate, TotalPrice, ActualPrice, ID_Customer, ID_Review, ID_Employee, ID_Branch) VALUES (11, 47, '2024-06-21', 0, 0, 38, 9, 146, 2);
INSERT INTO [ORDER] (ID_Order, ID_Table, OrderDate, TotalPrice, ActualPrice, ID_Customer, ID_Review, ID_Employee, ID_Branch) VALUES (12, 49, '2024-09-26', 0, 0, 12, 2, 69, 2);
INSERT INTO [ORDER] (ID_Order, ID_Table, OrderDate, TotalPrice, ActualPrice, ID_Customer, ID_Review, ID_Employee, ID_Branch) VALUES (13, 29, '2024-08-12', 0, 0, 19, 17, 44, 2);
INSERT INTO [ORDER] (ID_Order, ID_Table, OrderDate, TotalPrice, ActualPrice, ID_Customer, ID_Review, ID_Employee, ID_Branch) VALUES (14, 39, '2023-11-16', 0, 0, 2, 34, 168, 2);
INSERT INTO [ORDER] (ID_Order, ID_Table, OrderDate, TotalPrice, ActualPrice, ID_Customer, ID_Review, ID_Employee, ID_Branch) VALUES (15, 45, '2024-03-31', 0, 0, 17, 8, 216, 2);
INSERT INTO [ORDER] (ID_Order, ID_Table, OrderDate, TotalPrice, ActualPrice, ID_Customer, ID_Review, ID_Employee, ID_Branch) VALUES (16, 43, '2023-10-17', 0, 0, 20, 10, 208, 2);
INSERT INTO [ORDER] (ID_Order, ID_Table, OrderDate, TotalPrice, ActualPrice, ID_Customer, ID_Review, ID_Employee, ID_Branch) VALUES (17, 47, '2023-05-10', 0, 0, 38, 20, 45, 2);
INSERT INTO [ORDER] (ID_Order, ID_Table, OrderDate, TotalPrice, ActualPrice, ID_Customer, ID_Review, ID_Employee, ID_Branch) VALUES (18, 38, '2024-04-25', 0, 0, 24, 18, 136, 2);
INSERT INTO [ORDER] (ID_Order, ID_Table, OrderDate, TotalPrice, ActualPrice, ID_Customer, ID_Review, ID_Employee, ID_Branch) VALUES (19, 34, '2023-06-05', 0, 0, 14, 5, 50, 2);
INSERT INTO [ORDER] (ID_Order, ID_Table, OrderDate, TotalPrice, ActualPrice, ID_Customer, ID_Review, ID_Employee, ID_Branch) VALUES (20, 47, '2024-11-17', 0, 0, 40, 7, 119, 2);
INSERT INTO [ORDER] (ID_Order, ID_Table, OrderDate, TotalPrice, ActualPrice, ID_Customer, ID_Review, ID_Employee, ID_Branch) VALUES (21, 33, '2023-12-08', 0, 0, 25, 29, 151, 2);
INSERT INTO [ORDER] (ID_Order, ID_Table, OrderDate, TotalPrice, ActualPrice, ID_Customer, ID_Review, ID_Employee, ID_Branch) VALUES (22, 42, '2023-05-13', 0, 0, 9, 25, 31, 2);
INSERT INTO [ORDER] (ID_Order, ID_Table, OrderDate, TotalPrice, ActualPrice, ID_Customer, ID_Review, ID_Employee, ID_Branch) VALUES (23, 31, '2024-02-22', 0, 0, 34, 4, 5, 2);
INSERT INTO [ORDER] (ID_Order, ID_Table, OrderDate, TotalPrice, ActualPrice, ID_Customer, ID_Review, ID_Employee, ID_Branch) VALUES (24, 34, '2024-11-10', 0, 0, 37, 15, 168, 2);
INSERT INTO [ORDER] (ID_Order, ID_Table, OrderDate, TotalPrice, ActualPrice, ID_Customer, ID_Review, ID_Employee, ID_Branch) VALUES (25, 39, '2023-04-11', 0, 0, 33, 40, 54, 2);
INSERT INTO [ORDER] (ID_Order, ID_Table, OrderDate, TotalPrice, ActualPrice, ID_Customer, ID_Review, ID_Employee, ID_Branch) VALUES (26, 38, '2024-07-31', 0, 0, 5, 21, 61, 2);
INSERT INTO [ORDER] (ID_Order, ID_Table, OrderDate, TotalPrice, ActualPrice, ID_Customer, ID_Review, ID_Employee, ID_Branch) VALUES (27, 37, '2023-09-29', 0, 0, 4, 26, 82, 2);
INSERT INTO [ORDER] (ID_Order, ID_Table, OrderDate, TotalPrice, ActualPrice, ID_Customer, ID_Review, ID_Employee, ID_Branch) VALUES (28, 47, '2023-03-24', 0, 0, 21, 12, 78, 2);
INSERT INTO [ORDER] (ID_Order, ID_Table, OrderDate, TotalPrice, ActualPrice, ID_Customer, ID_Review, ID_Employee, ID_Branch) VALUES (29, 36, '2023-07-12', 0, 0, 26, 1, 90, 2);
INSERT INTO [ORDER] (ID_Order, ID_Table, OrderDate, TotalPrice, ActualPrice, ID_Customer, ID_Review, ID_Employee, ID_Branch) VALUES (30, 48, '2024-05-11', 0, 0, 18, 33, 50, 2);
INSERT INTO [ORDER] (ID_Order, ID_Table, OrderDate, TotalPrice, ActualPrice, ID_Customer, ID_Review, ID_Employee, ID_Branch) VALUES (31, 39, '2023-04-28', 0, 0, 22, 6, 157, 2);
INSERT INTO [ORDER] (ID_Order, ID_Table, OrderDate, TotalPrice, ActualPrice, ID_Customer, ID_Review, ID_Employee, ID_Branch) VALUES (32, NULL, '2024-04-07', 0, 0, 1, 24, 193, 2);
INSERT INTO [ORDER] (ID_Order, ID_Table, OrderDate, TotalPrice, ActualPrice, ID_Customer, ID_Review, ID_Employee, ID_Branch) VALUES (33, NULL, '2023-07-28', 0, 0, 33, 39, 85, 2);
INSERT INTO [ORDER] (ID_Order, ID_Table, OrderDate, TotalPrice, ActualPrice, ID_Customer, ID_Review, ID_Employee, ID_Branch) VALUES (34, NULL, '2024-05-17', 0, 0, 13, 32, 45, 2);
INSERT INTO [ORDER] (ID_Order, ID_Table, OrderDate, TotalPrice, ActualPrice, ID_Customer, ID_Review, ID_Employee, ID_Branch) VALUES (35, NULL, '2023-06-30', 0, 0, 33, 35, 52, 2);
INSERT INTO [ORDER] (ID_Order, ID_Table, OrderDate, TotalPrice, ActualPrice, ID_Customer, ID_Review, ID_Employee, ID_Branch) VALUES (36, NULL, '2023-05-18', 0, 0, 34, 27, 13, 2);
INSERT INTO [ORDER] (ID_Order, ID_Table, OrderDate, TotalPrice, ActualPrice, ID_Customer, ID_Review, ID_Employee, ID_Branch) VALUES (37, NULL, '2024-07-13', 0, 0, 8, 11, 221, 2);
INSERT INTO [ORDER] (ID_Order, ID_Table, OrderDate, TotalPrice, ActualPrice, ID_Customer, ID_Review, ID_Employee, ID_Branch) VALUES (38, NULL, '2024-03-24', 0, 0, 30, 30, 216, 2);
INSERT INTO [ORDER] (ID_Order, ID_Table, OrderDate, TotalPrice, ActualPrice, ID_Customer, ID_Review, ID_Employee, ID_Branch) VALUES (39, NULL, '2024-12-17', 0, 0, 7, 3, 145, 2);
INSERT INTO [ORDER] (ID_Order, ID_Table, OrderDate, TotalPrice, ActualPrice, ID_Customer, ID_Review, ID_Employee, ID_Branch) VALUES (40, NULL, '2023-02-07', 0, 0, 21, 28, 152, 2);
INSERT INTO [ORDER] (ID_Order, ID_Table, OrderDate, TotalPrice, ActualPrice, ID_Customer, ID_Review, ID_Employee, ID_Branch) VALUES (1, 74, '2023-05-11', 0, 0, 17, 36, 154, 3);
INSERT INTO [ORDER] (ID_Order, ID_Table, OrderDate, TotalPrice, ActualPrice, ID_Customer, ID_Review, ID_Employee, ID_Branch) VALUES (2, 65, '2024-02-03', 0, 0, 8, 30, 112, 3);
INSERT INTO [ORDER] (ID_Order, ID_Table, OrderDate, TotalPrice, ActualPrice, ID_Customer, ID_Review, ID_Employee, ID_Branch) VALUES (3, 63, '2024-07-13', 0, 0, 40, 28, 91, 3);
INSERT INTO [ORDER] (ID_Order, ID_Table, OrderDate, TotalPrice, ActualPrice, ID_Customer, ID_Review, ID_Employee, ID_Branch) VALUES (4, 69, '2024-07-19', 0, 0, 7, 23, 158, 3);
INSERT INTO [ORDER] (ID_Order, ID_Table, OrderDate, TotalPrice, ActualPrice, ID_Customer, ID_Review, ID_Employee, ID_Branch) VALUES (5, 53, '2023-02-01', 0, 0, 17, 31, 28, 3);
INSERT INTO [ORDER] (ID_Order, ID_Table, OrderDate, TotalPrice, ActualPrice, ID_Customer, ID_Review, ID_Employee, ID_Branch) VALUES (6, 69, '2023-02-25', 0, 0, 36, 34, 162, 3);
INSERT INTO [ORDER] (ID_Order, ID_Table, OrderDate, TotalPrice, ActualPrice, ID_Customer, ID_Review, ID_Employee, ID_Branch) VALUES (7, 61, '2023-05-01', 0, 0, 20, 25, 163, 3);
INSERT INTO [ORDER] (ID_Order, ID_Table, OrderDate, TotalPrice, ActualPrice, ID_Customer, ID_Review, ID_Employee, ID_Branch) VALUES (8, 52, '2023-10-19', 0, 0, 15, 16, 109, 3);
INSERT INTO [ORDER] (ID_Order, ID_Table, OrderDate, TotalPrice, ActualPrice, ID_Customer, ID_Review, ID_Employee, ID_Branch) VALUES (9, 67, '2024-06-25', 0, 0, 4, 20, 169, 3);
INSERT INTO [ORDER] (ID_Order, ID_Table, OrderDate, TotalPrice, ActualPrice, ID_Customer, ID_Review, ID_Employee, ID_Branch) VALUES (10, 64, '2023-09-12', 0, 0, 9, 11, 63, 3);
INSERT INTO [ORDER] (ID_Order, ID_Table, OrderDate, TotalPrice, ActualPrice, ID_Customer, ID_Review, ID_Employee, ID_Branch) VALUES (11, 71, '2024-03-05', 0, 0, 27, 3, 47, 3);
INSERT INTO [ORDER] (ID_Order, ID_Table, OrderDate, TotalPrice, ActualPrice, ID_Customer, ID_Review, ID_Employee, ID_Branch) VALUES (12, 68, '2023-02-27', 0, 0, 2, 14, 158, 3);
INSERT INTO [ORDER] (ID_Order, ID_Table, OrderDate, TotalPrice, ActualPrice, ID_Customer, ID_Review, ID_Employee, ID_Branch) VALUES (13, 57, '2023-07-17', 0, 0, 31, 4, 167, 3);
INSERT INTO [ORDER] (ID_Order, ID_Table, OrderDate, TotalPrice, ActualPrice, ID_Customer, ID_Review, ID_Employee, ID_Branch) VALUES (14, 58, '2023-07-04', 0, 0, 10, 24, 49, 3);
INSERT INTO [ORDER] (ID_Order, ID_Table, OrderDate, TotalPrice, ActualPrice, ID_Customer, ID_Review, ID_Employee, ID_Branch) VALUES (15, 60, '2023-06-30', 0, 0, 7, 39, 115, 3);
INSERT INTO [ORDER] (ID_Order, ID_Table, OrderDate, TotalPrice, ActualPrice, ID_Customer, ID_Review, ID_Employee, ID_Branch) VALUES (16, 57, '2024-10-08', 0, 0, 11, 7, 160, 3);
INSERT INTO [ORDER] (ID_Order, ID_Table, OrderDate, TotalPrice, ActualPrice, ID_Customer, ID_Review, ID_Employee, ID_Branch) VALUES (17, 61, '2024-06-27', 0, 0, 9, 26, 206, 3);
INSERT INTO [ORDER] (ID_Order, ID_Table, OrderDate, TotalPrice, ActualPrice, ID_Customer, ID_Review, ID_Employee, ID_Branch) VALUES (18, 72, '2023-03-11', 0, 0, 29, 17, 124, 3);
INSERT INTO [ORDER] (ID_Order, ID_Table, OrderDate, TotalPrice, ActualPrice, ID_Customer, ID_Review, ID_Employee, ID_Branch) VALUES (19, 69, '2024-12-08', 0, 0, 31, 9, 58, 3);
INSERT INTO [ORDER] (ID_Order, ID_Table, OrderDate, TotalPrice, ActualPrice, ID_Customer, ID_Review, ID_Employee, ID_Branch) VALUES (20, 53, '2023-11-12', 0, 0, 15, 10, 18, 3);
INSERT INTO [ORDER] (ID_Order, ID_Table, OrderDate, TotalPrice, ActualPrice, ID_Customer, ID_Review, ID_Employee, ID_Branch) VALUES (21, 71, '2023-06-18', 0, 0, 27, 18, 169, 3);
INSERT INTO [ORDER] (ID_Order, ID_Table, OrderDate, TotalPrice, ActualPrice, ID_Customer, ID_Review, ID_Employee, ID_Branch) VALUES (22, 53, '2024-07-12', 0, 0, 17, 8, 91, 3);
INSERT INTO [ORDER] (ID_Order, ID_Table, OrderDate, TotalPrice, ActualPrice, ID_Customer, ID_Review, ID_Employee, ID_Branch) VALUES (23, 59, '2024-10-14', 0, 0, 22, 35, 184, 3);
INSERT INTO [ORDER] (ID_Order, ID_Table, OrderDate, TotalPrice, ActualPrice, ID_Customer, ID_Review, ID_Employee, ID_Branch) VALUES (24, 62, '2024-10-03', 0, 0, 34, 37, 99, 3);
INSERT INTO [ORDER] (ID_Order, ID_Table, OrderDate, TotalPrice, ActualPrice, ID_Customer, ID_Review, ID_Employee, ID_Branch) VALUES (25, 51, '2024-08-21', 0, 0, 31, 5, 48, 3);
INSERT INTO [ORDER] (ID_Order, ID_Table, OrderDate, TotalPrice, ActualPrice, ID_Customer, ID_Review, ID_Employee, ID_Branch) VALUES (26, 55, '2023-02-23', 0, 0, 16, 27, 218, 3);
INSERT INTO [ORDER] (ID_Order, ID_Table, OrderDate, TotalPrice, ActualPrice, ID_Customer, ID_Review, ID_Employee, ID_Branch) VALUES (27, 70, '2023-09-14', 0, 0, 38, 13, 99, 3);
INSERT INTO [ORDER] (ID_Order, ID_Table, OrderDate, TotalPrice, ActualPrice, ID_Customer, ID_Review, ID_Employee, ID_Branch) VALUES (28, 67, '2024-03-09', 0, 0, 7, 29, 193, 3);
INSERT INTO [ORDER] (ID_Order, ID_Table, OrderDate, TotalPrice, ActualPrice, ID_Customer, ID_Review, ID_Employee, ID_Branch) VALUES (29, 66, '2023-10-17', 0, 0, 25, 6, 162, 3);
INSERT INTO [ORDER] (ID_Order, ID_Table, OrderDate, TotalPrice, ActualPrice, ID_Customer, ID_Review, ID_Employee, ID_Branch) VALUES (30, 70, '2024-07-22', 0, 0, 19, 40, 47, 3);
INSERT INTO [ORDER] (ID_Order, ID_Table, OrderDate, TotalPrice, ActualPrice, ID_Customer, ID_Review, ID_Employee, ID_Branch) VALUES (31, 59, '2024-09-22', 0, 0, 35, 22, 200, 3);
INSERT INTO [ORDER] (ID_Order, ID_Table, OrderDate, TotalPrice, ActualPrice, ID_Customer, ID_Review, ID_Employee, ID_Branch) VALUES (32, NULL, '2023-04-07', 0, 0, 24, 33, 92, 3);
INSERT INTO [ORDER] (ID_Order, ID_Table, OrderDate, TotalPrice, ActualPrice, ID_Customer, ID_Review, ID_Employee, ID_Branch) VALUES (33, NULL, '2023-07-29', 0, 0, 15, 41, 49, 3);
INSERT INTO [ORDER] (ID_Order, ID_Table, OrderDate, TotalPrice, ActualPrice, ID_Customer, ID_Review, ID_Employee, ID_Branch) VALUES (34, NULL, '2023-11-22', 0, 0, 31, 38, 96, 3);
INSERT INTO [ORDER] (ID_Order, ID_Table, OrderDate, TotalPrice, ActualPrice, ID_Customer, ID_Review, ID_Employee, ID_Branch) VALUES (35, NULL, '2024-01-02', 0, 0, 39, 21, 215, 3);
INSERT INTO [ORDER] (ID_Order, ID_Table, OrderDate, TotalPrice, ActualPrice, ID_Customer, ID_Review, ID_Employee, ID_Branch) VALUES (36, NULL, '2023-02-23', 0, 0, 40, 12, 221, 3);
INSERT INTO [ORDER] (ID_Order, ID_Table, OrderDate, TotalPrice, ActualPrice, ID_Customer, ID_Review, ID_Employee, ID_Branch) VALUES (37, NULL, '2024-06-22', 0, 0, 18, 1, 9, 3);
INSERT INTO [ORDER] (ID_Order, ID_Table, OrderDate, TotalPrice, ActualPrice, ID_Customer, ID_Review, ID_Employee, ID_Branch) VALUES (38, NULL, '2024-07-08', 0, 0, 32, 15, 90, 3);
INSERT INTO [ORDER] (ID_Order, ID_Table, OrderDate, TotalPrice, ActualPrice, ID_Customer, ID_Review, ID_Employee, ID_Branch) VALUES (39, NULL, '2024-01-07', 0, 0, 13, 19, 185, 3);
INSERT INTO [ORDER] (ID_Order, ID_Table, OrderDate, TotalPrice, ActualPrice, ID_Customer, ID_Review, ID_Employee, ID_Branch) VALUES (40, NULL, '2024-03-25', 0, 0, 21, 2, 6, 3);
INSERT INTO [ORDER] (ID_Order, ID_Table, OrderDate, TotalPrice, ActualPrice, ID_Customer, ID_Review, ID_Employee, ID_Branch) VALUES (1, 75, '2023-01-18', 0, 0, 2, 41, 22, 4);
INSERT INTO [ORDER] (ID_Order, ID_Table, OrderDate, TotalPrice, ActualPrice, ID_Customer, ID_Review, ID_Employee, ID_Branch) VALUES (2, 89, '2023-01-08', 0, 0, 36, 27, 187, 4);
INSERT INTO [ORDER] (ID_Order, ID_Table, OrderDate, TotalPrice, ActualPrice, ID_Customer, ID_Review, ID_Employee, ID_Branch) VALUES (3, 77, '2023-02-03', 0, 0, 18, 16, 173, 4);
INSERT INTO [ORDER] (ID_Order, ID_Table, OrderDate, TotalPrice, ActualPrice, ID_Customer, ID_Review, ID_Employee, ID_Branch) VALUES (4, 94, '2023-02-24', 0, 0, 4, 14, 2, 4);
INSERT INTO [ORDER] (ID_Order, ID_Table, OrderDate, TotalPrice, ActualPrice, ID_Customer, ID_Review, ID_Employee, ID_Branch) VALUES (5, 94, '2024-05-11', 0, 0, 19, 34, 200, 4);
INSERT INTO [ORDER] (ID_Order, ID_Table, OrderDate, TotalPrice, ActualPrice, ID_Customer, ID_Review, ID_Employee, ID_Branch) VALUES (6, 86, '2023-06-20', 0, 0, 32, 11, 44, 4);
INSERT INTO [ORDER] (ID_Order, ID_Table, OrderDate, TotalPrice, ActualPrice, ID_Customer, ID_Review, ID_Employee, ID_Branch) VALUES (7, 94, '2023-03-07', 0, 0, 29, 35, 175, 4);
INSERT INTO [ORDER] (ID_Order, ID_Table, OrderDate, TotalPrice, ActualPrice, ID_Customer, ID_Review, ID_Employee, ID_Branch) VALUES (8, 75, '2024-10-12', 0, 0, 22, 23, 73, 4);
INSERT INTO [ORDER] (ID_Order, ID_Table, OrderDate, TotalPrice, ActualPrice, ID_Customer, ID_Review, ID_Employee, ID_Branch) VALUES (9, 101, '2023-06-21', 0, 0, 5, 30, 218, 4);
INSERT INTO [ORDER] (ID_Order, ID_Table, OrderDate, TotalPrice, ActualPrice, ID_Customer, ID_Review, ID_Employee, ID_Branch) VALUES (10, 87, '2024-08-04', 0, 0, 31, 36, 175, 4);
INSERT INTO [ORDER] (ID_Order, ID_Table, OrderDate, TotalPrice, ActualPrice, ID_Customer, ID_Review, ID_Employee, ID_Branch) VALUES (11, 99, '2023-04-16', 0, 0, 11, 15, 57, 4);
INSERT INTO [ORDER] (ID_Order, ID_Table, OrderDate, TotalPrice, ActualPrice, ID_Customer, ID_Review, ID_Employee, ID_Branch) VALUES (12, 95, '2023-10-14', 0, 0, 1, 20, 190, 4);
INSERT INTO [ORDER] (ID_Order, ID_Table, OrderDate, TotalPrice, ActualPrice, ID_Customer, ID_Review, ID_Employee, ID_Branch) VALUES (13, 91, '2023-03-19', 0, 0, 5, 33, 8, 4);
INSERT INTO [ORDER] (ID_Order, ID_Table, OrderDate, TotalPrice, ActualPrice, ID_Customer, ID_Review, ID_Employee, ID_Branch) VALUES (14, 100, '2023-03-22', 0, 0, 39, 5, 175, 4);
INSERT INTO [ORDER] (ID_Order, ID_Table, OrderDate, TotalPrice, ActualPrice, ID_Customer, ID_Review, ID_Employee, ID_Branch) VALUES (15, 85, '2023-11-07', 0, 0, 30, 39, 42, 4);
INSERT INTO [ORDER] (ID_Order, ID_Table, OrderDate, TotalPrice, ActualPrice, ID_Customer, ID_Review, ID_Employee, ID_Branch) VALUES (16, 90, '2023-05-19', 0, 0, 21, 26, 63, 4);
INSERT INTO [ORDER] (ID_Order, ID_Table, OrderDate, TotalPrice, ActualPrice, ID_Customer, ID_Review, ID_Employee, ID_Branch) VALUES (17, 94, '2024-06-09', 0, 0, 20, 13, 123, 4);
INSERT INTO [ORDER] (ID_Order, ID_Table, OrderDate, TotalPrice, ActualPrice, ID_Customer, ID_Review, ID_Employee, ID_Branch) VALUES (18, 84, '2024-05-19', 0, 0, 1, 22, 174, 4);
INSERT INTO [ORDER] (ID_Order, ID_Table, OrderDate, TotalPrice, ActualPrice, ID_Customer, ID_Review, ID_Employee, ID_Branch) VALUES (19, 76, '2024-02-27', 0, 0, 7, 4, 145, 4);
INSERT INTO [ORDER] (ID_Order, ID_Table, OrderDate, TotalPrice, ActualPrice, ID_Customer, ID_Review, ID_Employee, ID_Branch) VALUES (20, 96, '2024-06-23', 0, 0, 39, 1, 19, 4);
INSERT INTO [ORDER] (ID_Order, ID_Table, OrderDate, TotalPrice, ActualPrice, ID_Customer, ID_Review, ID_Employee, ID_Branch) VALUES (21, 91, '2024-07-02', 0, 0, 37, 10, 110, 4);
INSERT INTO [ORDER] (ID_Order, ID_Table, OrderDate, TotalPrice, ActualPrice, ID_Customer, ID_Review, ID_Employee, ID_Branch) VALUES (22, 85, '2023-02-04', 0, 0, 13, 12, 75, 4);
INSERT INTO [ORDER] (ID_Order, ID_Table, OrderDate, TotalPrice, ActualPrice, ID_Customer, ID_Review, ID_Employee, ID_Branch) VALUES (23, 104, '2023-06-23', 0, 0, 14, 6, 145, 4);
INSERT INTO [ORDER] (ID_Order, ID_Table, OrderDate, TotalPrice, ActualPrice, ID_Customer, ID_Review, ID_Employee, ID_Branch) VALUES (24, 91, '2023-12-18', 0, 0, 30, 40, 159, 4);
INSERT INTO [ORDER] (ID_Order, ID_Table, OrderDate, TotalPrice, ActualPrice, ID_Customer, ID_Review, ID_Employee, ID_Branch) VALUES (25, 90, '2023-03-23', 0, 0, 15, 19, 75, 4);
INSERT INTO [ORDER] (ID_Order, ID_Table, OrderDate, TotalPrice, ActualPrice, ID_Customer, ID_Review, ID_Employee, ID_Branch) VALUES (26, 80, '2024-12-15', 0, 0, 22, 38, 208, 4);
INSERT INTO [ORDER] (ID_Order, ID_Table, OrderDate, TotalPrice, ActualPrice, ID_Customer, ID_Review, ID_Employee, ID_Branch) VALUES (27, 90, '2023-03-08', 0, 0, 7, 32, 196, 4);
INSERT INTO [ORDER] (ID_Order, ID_Table, OrderDate, TotalPrice, ActualPrice, ID_Customer, ID_Review, ID_Employee, ID_Branch) VALUES (28, 104, '2023-06-01', 0, 0, 22, 3, 119, 4);
INSERT INTO [ORDER] (ID_Order, ID_Table, OrderDate, TotalPrice, ActualPrice, ID_Customer, ID_Review, ID_Employee, ID_Branch) VALUES (29, 91, '2024-02-26', 0, 0, 10, 25, 57, 4);
INSERT INTO [ORDER] (ID_Order, ID_Table, OrderDate, TotalPrice, ActualPrice, ID_Customer, ID_Review, ID_Employee, ID_Branch) VALUES (30, 103, '2024-12-12', 0, 0, 39, 18, 15, 4);
INSERT INTO [ORDER] (ID_Order, ID_Table, OrderDate, TotalPrice, ActualPrice, ID_Customer, ID_Review, ID_Employee, ID_Branch) VALUES (31, 90, '2024-08-21', 0, 0, 32, 29, 159, 4);
INSERT INTO [ORDER] (ID_Order, ID_Table, OrderDate, TotalPrice, ActualPrice, ID_Customer, ID_Review, ID_Employee, ID_Branch) VALUES (32, NULL, '2023-05-17', 0, 0, 17, 17, 193, 4);
INSERT INTO [ORDER] (ID_Order, ID_Table, OrderDate, TotalPrice, ActualPrice, ID_Customer, ID_Review, ID_Employee, ID_Branch) VALUES (33, NULL, '2024-12-03', 0, 0, 13, 7, 38, 4);
INSERT INTO [ORDER] (ID_Order, ID_Table, OrderDate, TotalPrice, ActualPrice, ID_Customer, ID_Review, ID_Employee, ID_Branch) VALUES (34, NULL, '2023-12-23', 0, 0, 6, 37, 119, 4);
INSERT INTO [ORDER] (ID_Order, ID_Table, OrderDate, TotalPrice, ActualPrice, ID_Customer, ID_Review, ID_Employee, ID_Branch) VALUES (35, NULL, '2023-10-04', 0, 0, 16, 24, 88, 4);
INSERT INTO [ORDER] (ID_Order, ID_Table, OrderDate, TotalPrice, ActualPrice, ID_Customer, ID_Review, ID_Employee, ID_Branch) VALUES (36, NULL, '2023-05-22', 0, 0, 15, 8, 190, 4);
INSERT INTO [ORDER] (ID_Order, ID_Table, OrderDate, TotalPrice, ActualPrice, ID_Customer, ID_Review, ID_Employee, ID_Branch) VALUES (37, NULL, '2024-04-05', 0, 0, 9, 9, 22, 4);
INSERT INTO [ORDER] (ID_Order, ID_Table, OrderDate, TotalPrice, ActualPrice, ID_Customer, ID_Review, ID_Employee, ID_Branch) VALUES (38, NULL, '2024-07-16', 0, 0, 20, 31, 107, 4);
INSERT INTO [ORDER] (ID_Order, ID_Table, OrderDate, TotalPrice, ActualPrice, ID_Customer, ID_Review, ID_Employee, ID_Branch) VALUES (39, NULL, '2024-03-08', 0, 0, 20, 21, 110, 4);
INSERT INTO [ORDER] (ID_Order, ID_Table, OrderDate, TotalPrice, ActualPrice, ID_Customer, ID_Review, ID_Employee, ID_Branch) VALUES (40, NULL, '2024-01-04', 0, 0, 9, 28, 174, 4);
INSERT INTO [ORDER] (ID_Order, ID_Table, OrderDate, TotalPrice, ActualPrice, ID_Customer, ID_Review, ID_Employee, ID_Branch) VALUES (1, 112, '2023-02-24', 0, 0, 33, 37, 209, 5);
INSERT INTO [ORDER] (ID_Order, ID_Table, OrderDate, TotalPrice, ActualPrice, ID_Customer, ID_Review, ID_Employee, ID_Branch) VALUES (2, 120, '2024-05-13', 0, 0, 28, 12, 16, 5);
INSERT INTO [ORDER] (ID_Order, ID_Table, OrderDate, TotalPrice, ActualPrice, ID_Customer, ID_Review, ID_Employee, ID_Branch) VALUES (3, 110, '2023-10-29', 0, 0, 18, 25, 159, 5);
INSERT INTO [ORDER] (ID_Order, ID_Table, OrderDate, TotalPrice, ActualPrice, ID_Customer, ID_Review, ID_Employee, ID_Branch) VALUES (4, 124, '2024-04-26', 0, 0, 39, 33, 63, 5);
INSERT INTO [ORDER] (ID_Order, ID_Table, OrderDate, TotalPrice, ActualPrice, ID_Customer, ID_Review, ID_Employee, ID_Branch) VALUES (5, 126, '2024-04-03', 0, 0, 37, 11, 57, 5);
INSERT INTO [ORDER] (ID_Order, ID_Table, OrderDate, TotalPrice, ActualPrice, ID_Customer, ID_Review, ID_Employee, ID_Branch) VALUES (6, 129, '2023-07-03', 0, 0, 14, 23, 69, 5);
INSERT INTO [ORDER] (ID_Order, ID_Table, OrderDate, TotalPrice, ActualPrice, ID_Customer, ID_Review, ID_Employee, ID_Branch) VALUES (7, 113, '2024-04-14', 0, 0, 23, 26, 38, 5);
INSERT INTO [ORDER] (ID_Order, ID_Table, OrderDate, TotalPrice, ActualPrice, ID_Customer, ID_Review, ID_Employee, ID_Branch) VALUES (8, 125, '2023-08-21', 0, 0, 14, 31, 69, 5);
INSERT INTO [ORDER] (ID_Order, ID_Table, OrderDate, TotalPrice, ActualPrice, ID_Customer, ID_Review, ID_Employee, ID_Branch) VALUES (9, 117, '2024-12-13', 0, 0, 10, 7, 103, 5);
INSERT INTO [ORDER] (ID_Order, ID_Table, OrderDate, TotalPrice, ActualPrice, ID_Customer, ID_Review, ID_Employee, ID_Branch) VALUES (10, 107, '2024-05-28', 0, 0, 25, 27, 191, 5);
INSERT INTO [ORDER] (ID_Order, ID_Table, OrderDate, TotalPrice, ActualPrice, ID_Customer, ID_Review, ID_Employee, ID_Branch) VALUES (11, 115, '2024-08-16', 0, 0, 22, 17, 174, 5);
INSERT INTO [ORDER] (ID_Order, ID_Table, OrderDate, TotalPrice, ActualPrice, ID_Customer, ID_Review, ID_Employee, ID_Branch) VALUES (12, 108, '2024-06-30', 0, 0, 34, 2, 209, 5);
INSERT INTO [ORDER] (ID_Order, ID_Table, OrderDate, TotalPrice, ActualPrice, ID_Customer, ID_Review, ID_Employee, ID_Branch) VALUES (13, 130, '2023-09-20', 0, 0, 9, 16, 52, 5);
INSERT INTO [ORDER] (ID_Order, ID_Table, OrderDate, TotalPrice, ActualPrice, ID_Customer, ID_Review, ID_Employee, ID_Branch) VALUES (14, 122, '2023-03-22', 0, 0, 4, 9, 157, 5);
INSERT INTO [ORDER] (ID_Order, ID_Table, OrderDate, TotalPrice, ActualPrice, ID_Customer, ID_Review, ID_Employee, ID_Branch) VALUES (15, 116, '2023-06-11', 0, 0, 37, 18, 176, 5);
INSERT INTO [ORDER] (ID_Order, ID_Table, OrderDate, TotalPrice, ActualPrice, ID_Customer, ID_Review, ID_Employee, ID_Branch) VALUES (16, 107, '2024-09-13', 0, 0, 7, 21, 99, 5);
INSERT INTO [ORDER] (ID_Order, ID_Table, OrderDate, TotalPrice, ActualPrice, ID_Customer, ID_Review, ID_Employee, ID_Branch) VALUES (17, 108, '2024-07-16', 0, 0, 20, 1, 33, 5);
INSERT INTO [ORDER] (ID_Order, ID_Table, OrderDate, TotalPrice, ActualPrice, ID_Customer, ID_Review, ID_Employee, ID_Branch) VALUES (18, 130, '2023-02-25', 0, 0, 10, 24, 24, 5);
INSERT INTO [ORDER] (ID_Order, ID_Table, OrderDate, TotalPrice, ActualPrice, ID_Customer, ID_Review, ID_Employee, ID_Branch) VALUES (19, 115, '2023-06-01', 0, 0, 28, 6, 222, 5);
INSERT INTO [ORDER] (ID_Order, ID_Table, OrderDate, TotalPrice, ActualPrice, ID_Customer, ID_Review, ID_Employee, ID_Branch) VALUES (20, 110, '2024-02-12', 0, 0, 2, 34, 23, 5);
INSERT INTO [ORDER] (ID_Order, ID_Table, OrderDate, TotalPrice, ActualPrice, ID_Customer, ID_Review, ID_Employee, ID_Branch) VALUES (21, 126, '2024-05-25', 0, 0, 32, 10, 202, 5);
INSERT INTO [ORDER] (ID_Order, ID_Table, OrderDate, TotalPrice, ActualPrice, ID_Customer, ID_Review, ID_Employee, ID_Branch) VALUES (22, 128, '2024-07-03', 0, 0, 36, 32, 62, 5);
INSERT INTO [ORDER] (ID_Order, ID_Table, OrderDate, TotalPrice, ActualPrice, ID_Customer, ID_Review, ID_Employee, ID_Branch) VALUES (23, 127, '2023-12-12', 0, 0, 23, 4, 63, 5);
INSERT INTO [ORDER] (ID_Order, ID_Table, OrderDate, TotalPrice, ActualPrice, ID_Customer, ID_Review, ID_Employee, ID_Branch) VALUES (24, 110, '2023-05-21', 0, 0, 10, 28, 191, 5);
INSERT INTO [ORDER] (ID_Order, ID_Table, OrderDate, TotalPrice, ActualPrice, ID_Customer, ID_Review, ID_Employee, ID_Branch) VALUES (25, 122, '2023-09-15', 0, 0, 36, 22, 182, 5);
INSERT INTO [ORDER] (ID_Order, ID_Table, OrderDate, TotalPrice, ActualPrice, ID_Customer, ID_Review, ID_Employee, ID_Branch) VALUES (26, 122, '2024-06-24', 0, 0, 34, 38, 137, 5);
INSERT INTO [ORDER] (ID_Order, ID_Table, OrderDate, TotalPrice, ActualPrice, ID_Customer, ID_Review, ID_Employee, ID_Branch) VALUES (27, 128, '2024-01-26', 0, 0, 8, 36, 174, 5);
INSERT INTO [ORDER] (ID_Order, ID_Table, OrderDate, TotalPrice, ActualPrice, ID_Customer, ID_Review, ID_Employee, ID_Branch) VALUES (28, 129, '2023-08-27', 0, 0, 32, 30, 69, 5);
INSERT INTO [ORDER] (ID_Order, ID_Table, OrderDate, TotalPrice, ActualPrice, ID_Customer, ID_Review, ID_Employee, ID_Branch) VALUES (29, 125, '2024-09-03', 0, 0, 15, 19, 191, 5);
INSERT INTO [ORDER] (ID_Order, ID_Table, OrderDate, TotalPrice, ActualPrice, ID_Customer, ID_Review, ID_Employee, ID_Branch) VALUES (30, 122, '2024-05-19', 0, 0, 36, 8, 225, 5);
INSERT INTO [ORDER] (ID_Order, ID_Table, OrderDate, TotalPrice, ActualPrice, ID_Customer, ID_Review, ID_Employee, ID_Branch) VALUES (31, 122, '2023-06-17', 0, 0, 28, 3, 24, 5);
INSERT INTO [ORDER] (ID_Order, ID_Table, OrderDate, TotalPrice, ActualPrice, ID_Customer, ID_Review, ID_Employee, ID_Branch) VALUES (32, NULL, '2023-01-29', 0, 0, 20, 29, 40, 5);
INSERT INTO [ORDER] (ID_Order, ID_Table, OrderDate, TotalPrice, ActualPrice, ID_Customer, ID_Review, ID_Employee, ID_Branch) VALUES (33, NULL, '2023-12-06', 0, 0, 41, 15, 21, 5);
INSERT INTO [ORDER] (ID_Order, ID_Table, OrderDate, TotalPrice, ActualPrice, ID_Customer, ID_Review, ID_Employee, ID_Branch) VALUES (34, NULL, '2023-12-30', 0, 0, 28, 20, 136, 5);
INSERT INTO [ORDER] (ID_Order, ID_Table, OrderDate, TotalPrice, ActualPrice, ID_Customer, ID_Review, ID_Employee, ID_Branch) VALUES (35, NULL, '2023-03-30', 0, 0, 1, 40, 15, 5);
INSERT INTO [ORDER] (ID_Order, ID_Table, OrderDate, TotalPrice, ActualPrice, ID_Customer, ID_Review, ID_Employee, ID_Branch) VALUES (36, NULL, '2023-10-30', 0, 0, 39, 39, 45, 5);
INSERT INTO [ORDER] (ID_Order, ID_Table, OrderDate, TotalPrice, ActualPrice, ID_Customer, ID_Review, ID_Employee, ID_Branch) VALUES (37, NULL, '2023-06-15', 0, 0, 38, 35, 63, 5);
INSERT INTO [ORDER] (ID_Order, ID_Table, OrderDate, TotalPrice, ActualPrice, ID_Customer, ID_Review, ID_Employee, ID_Branch) VALUES (38, NULL, '2024-04-11', 0, 0, 30, 14, 98, 5);
INSERT INTO [ORDER] (ID_Order, ID_Table, OrderDate, TotalPrice, ActualPrice, ID_Customer, ID_Review, ID_Employee, ID_Branch) VALUES (39, NULL, '2024-11-14', 0, 0, 29, 5, 58, 5);
INSERT INTO [ORDER] (ID_Order, ID_Table, OrderDate, TotalPrice, ActualPrice, ID_Customer, ID_Review, ID_Employee, ID_Branch) VALUES (40, NULL, '2022-12-23', 0, 0, 37, 41, 153, 5);
INSERT INTO [ORDER] (ID_Order, ID_Table, OrderDate, TotalPrice, ActualPrice, ID_Customer, ID_Review, ID_Employee, ID_Branch) VALUES (1, 151, '2023-09-01', 0, 0, 35, 23, 200, 6);
INSERT INTO [ORDER] (ID_Order, ID_Table, OrderDate, TotalPrice, ActualPrice, ID_Customer, ID_Review, ID_Employee, ID_Branch) VALUES (2, 154, '2024-01-08', 0, 0, 11, 40, 38, 6);
INSERT INTO [ORDER] (ID_Order, ID_Table, OrderDate, TotalPrice, ActualPrice, ID_Customer, ID_Review, ID_Employee, ID_Branch) VALUES (3, 151, '2023-08-20', 0, 0, 17, 28, 49, 6);
INSERT INTO [ORDER] (ID_Order, ID_Table, OrderDate, TotalPrice, ActualPrice, ID_Customer, ID_Review, ID_Employee, ID_Branch) VALUES (4, 151, '2023-06-03', 0, 0, 11, 27, 224, 6);
INSERT INTO [ORDER] (ID_Order, ID_Table, OrderDate, TotalPrice, ActualPrice, ID_Customer, ID_Review, ID_Employee, ID_Branch) VALUES (5, 155, '2024-09-19', 0, 0, 36, 16, 215, 6);
INSERT INTO [ORDER] (ID_Order, ID_Table, OrderDate, TotalPrice, ActualPrice, ID_Customer, ID_Review, ID_Employee, ID_Branch) VALUES (6, 140, '2024-06-12', 0, 0, 14, 31, 218, 6);
INSERT INTO [ORDER] (ID_Order, ID_Table, OrderDate, TotalPrice, ActualPrice, ID_Customer, ID_Review, ID_Employee, ID_Branch) VALUES (7, 155, '2024-03-31', 0, 0, 27, 4, 222, 6);
INSERT INTO [ORDER] (ID_Order, ID_Table, OrderDate, TotalPrice, ActualPrice, ID_Customer, ID_Review, ID_Employee, ID_Branch) VALUES (8, 160, '2023-04-04', 0, 0, 30, 25, 202, 6);
INSERT INTO [ORDER] (ID_Order, ID_Table, OrderDate, TotalPrice, ActualPrice, ID_Customer, ID_Review, ID_Employee, ID_Branch) VALUES (9, 144, '2024-08-29', 0, 0, 14, 6, 222, 6);
INSERT INTO [ORDER] (ID_Order, ID_Table, OrderDate, TotalPrice, ActualPrice, ID_Customer, ID_Review, ID_Employee, ID_Branch) VALUES (10, 156, '2023-11-20', 0, 0, 41, 18, 63, 6);
INSERT INTO [ORDER] (ID_Order, ID_Table, OrderDate, TotalPrice, ActualPrice, ID_Customer, ID_Review, ID_Employee, ID_Branch) VALUES (11, 152, '2024-06-22', 0, 0, 14, 1, 220, 6);
INSERT INTO [ORDER] (ID_Order, ID_Table, OrderDate, TotalPrice, ActualPrice, ID_Customer, ID_Review, ID_Employee, ID_Branch) VALUES (12, 143, '2024-10-25', 0, 0, 37, 7, 136, 6);
INSERT INTO [ORDER] (ID_Order, ID_Table, OrderDate, TotalPrice, ActualPrice, ID_Customer, ID_Review, ID_Employee, ID_Branch) VALUES (13, 141, '2024-03-26', 0, 0, 7, 33, 189, 6);
INSERT INTO [ORDER] (ID_Order, ID_Table, OrderDate, TotalPrice, ActualPrice, ID_Customer, ID_Review, ID_Employee, ID_Branch) VALUES (14, 132, '2024-02-16', 0, 0, 39, 29, 217, 6);
INSERT INTO [ORDER] (ID_Order, ID_Table, OrderDate, TotalPrice, ActualPrice, ID_Customer, ID_Review, ID_Employee, ID_Branch) VALUES (15, 131, '2023-09-27', 0, 0, 9, 17, 80, 6);
INSERT INTO [ORDER] (ID_Order, ID_Table, OrderDate, TotalPrice, ActualPrice, ID_Customer, ID_Review, ID_Employee, ID_Branch) VALUES (16, 136, '2024-05-16', 0, 0, 6, 34, 64, 6);
INSERT INTO [ORDER] (ID_Order, ID_Table, OrderDate, TotalPrice, ActualPrice, ID_Customer, ID_Review, ID_Employee, ID_Branch) VALUES (17, 152, '2024-11-11', 0, 0, 41, 38, 219, 6);
INSERT INTO [ORDER] (ID_Order, ID_Table, OrderDate, TotalPrice, ActualPrice, ID_Customer, ID_Review, ID_Employee, ID_Branch) VALUES (18, 154, '2023-02-12', 0, 0, 10, 9, 23, 6);
INSERT INTO [ORDER] (ID_Order, ID_Table, OrderDate, TotalPrice, ActualPrice, ID_Customer, ID_Review, ID_Employee, ID_Branch) VALUES (19, 133, '2023-11-23', 0, 0, 29, 30, 107, 6);
INSERT INTO [ORDER] (ID_Order, ID_Table, OrderDate, TotalPrice, ActualPrice, ID_Customer, ID_Review, ID_Employee, ID_Branch) VALUES (20, 146, '2023-07-22', 0, 0, 33, 41, 84, 6);
INSERT INTO [ORDER] (ID_Order, ID_Table, OrderDate, TotalPrice, ActualPrice, ID_Customer, ID_Review, ID_Employee, ID_Branch) VALUES (21, 143, '2024-04-28', 0, 0, 9, 26, 137, 6);
INSERT INTO [ORDER] (ID_Order, ID_Table, OrderDate, TotalPrice, ActualPrice, ID_Customer, ID_Review, ID_Employee, ID_Branch) VALUES (22, 136, '2024-01-02', 0, 0, 13, 37, 191, 6);
INSERT INTO [ORDER] (ID_Order, ID_Table, OrderDate, TotalPrice, ActualPrice, ID_Customer, ID_Review, ID_Employee, ID_Branch) VALUES (23, 138, '2024-07-28', 0, 0, 25, 11, 178, 6);
INSERT INTO [ORDER] (ID_Order, ID_Table, OrderDate, TotalPrice, ActualPrice, ID_Customer, ID_Review, ID_Employee, ID_Branch) VALUES (24, 135, '2023-11-26', 0, 0, 33, 36, 193, 6);
INSERT INTO [ORDER] (ID_Order, ID_Table, OrderDate, TotalPrice, ActualPrice, ID_Customer, ID_Review, ID_Employee, ID_Branch) VALUES (25, 140, '2023-05-07', 0, 0, 16, 21, 200, 6);
INSERT INTO [ORDER] (ID_Order, ID_Table, OrderDate, TotalPrice, ActualPrice, ID_Customer, ID_Review, ID_Employee, ID_Branch) VALUES (26, 135, '2024-09-19', 0, 0, 12, 19, 105, 6);
INSERT INTO [ORDER] (ID_Order, ID_Table, OrderDate, TotalPrice, ActualPrice, ID_Customer, ID_Review, ID_Employee, ID_Branch) VALUES (27, 149, '2023-08-27', 0, 0, 30, 35, 36, 6);
INSERT INTO [ORDER] (ID_Order, ID_Table, OrderDate, TotalPrice, ActualPrice, ID_Customer, ID_Review, ID_Employee, ID_Branch) VALUES (28, 159, '2024-10-14', 0, 0, 22, 8, 178, 6);
INSERT INTO [ORDER] (ID_Order, ID_Table, OrderDate, TotalPrice, ActualPrice, ID_Customer, ID_Review, ID_Employee, ID_Branch) VALUES (29, 131, '2023-04-12', 0, 0, 29, 22, 207, 6);
INSERT INTO [ORDER] (ID_Order, ID_Table, OrderDate, TotalPrice, ActualPrice, ID_Customer, ID_Review, ID_Employee, ID_Branch) VALUES (30, 131, '2024-10-09', 0, 0, 15, 2, 4, 6);
INSERT INTO [ORDER] (ID_Order, ID_Table, OrderDate, TotalPrice, ActualPrice, ID_Customer, ID_Review, ID_Employee, ID_Branch) VALUES (31, 131, '2023-11-19', 0, 0, 7, 12, 36, 6);
INSERT INTO [ORDER] (ID_Order, ID_Table, OrderDate, TotalPrice, ActualPrice, ID_Customer, ID_Review, ID_Employee, ID_Branch) VALUES (32, NULL, '2024-06-03', 0, 0, 37, 15, 26, 6);
INSERT INTO [ORDER] (ID_Order, ID_Table, OrderDate, TotalPrice, ActualPrice, ID_Customer, ID_Review, ID_Employee, ID_Branch) VALUES (33, NULL, '2023-01-25', 0, 0, 32, 14, 107, 6);
INSERT INTO [ORDER] (ID_Order, ID_Table, OrderDate, TotalPrice, ActualPrice, ID_Customer, ID_Review, ID_Employee, ID_Branch) VALUES (34, NULL, '2024-03-31', 0, 0, 17, 13, 215, 6);
INSERT INTO [ORDER] (ID_Order, ID_Table, OrderDate, TotalPrice, ActualPrice, ID_Customer, ID_Review, ID_Employee, ID_Branch) VALUES (35, NULL, '2024-04-11', 0, 0, 5, 3, 19, 6);
INSERT INTO [ORDER] (ID_Order, ID_Table, OrderDate, TotalPrice, ActualPrice, ID_Customer, ID_Review, ID_Employee, ID_Branch) VALUES (36, NULL, '2024-02-27', 0, 0, 11, 24, 98, 6);
INSERT INTO [ORDER] (ID_Order, ID_Table, OrderDate, TotalPrice, ActualPrice, ID_Customer, ID_Review, ID_Employee, ID_Branch) VALUES (37, NULL, '2023-12-30', 0, 0, 23, 10, 83, 6);
INSERT INTO [ORDER] (ID_Order, ID_Table, OrderDate, TotalPrice, ActualPrice, ID_Customer, ID_Review, ID_Employee, ID_Branch) VALUES (38, NULL, '2024-02-04', 0, 0, 16, 39, 222, 6);
INSERT INTO [ORDER] (ID_Order, ID_Table, OrderDate, TotalPrice, ActualPrice, ID_Customer, ID_Review, ID_Employee, ID_Branch) VALUES (39, NULL, '2024-07-08', 0, 0, 21, 32, 193, 6);
INSERT INTO [ORDER] (ID_Order, ID_Table, OrderDate, TotalPrice, ActualPrice, ID_Customer, ID_Review, ID_Employee, ID_Branch) VALUES (40, NULL, '2024-12-06', 0, 0, 2, 20, 14, 6);
INSERT INTO [ORDER] (ID_Order, ID_Table, OrderDate, TotalPrice, ActualPrice, ID_Customer, ID_Review, ID_Employee, ID_Branch) VALUES (1, 183, '2024-07-04', 0, 0, 33, 19, 102, 7);
INSERT INTO [ORDER] (ID_Order, ID_Table, OrderDate, TotalPrice, ActualPrice, ID_Customer, ID_Review, ID_Employee, ID_Branch) VALUES (2, 177, '2024-03-25', 0, 0, 26, 16, 75, 7);
INSERT INTO [ORDER] (ID_Order, ID_Table, OrderDate, TotalPrice, ActualPrice, ID_Customer, ID_Review, ID_Employee, ID_Branch) VALUES (3, 188, '2024-04-20', 0, 0, 25, 6, 140, 7);
INSERT INTO [ORDER] (ID_Order, ID_Table, OrderDate, TotalPrice, ActualPrice, ID_Customer, ID_Review, ID_Employee, ID_Branch) VALUES (4, 186, '2024-08-26', 0, 0, 18, 38, 188, 7);
INSERT INTO [ORDER] (ID_Order, ID_Table, OrderDate, TotalPrice, ActualPrice, ID_Customer, ID_Review, ID_Employee, ID_Branch) VALUES (5, 187, '2023-11-14', 0, 0, 39, 5, 115, 7);
INSERT INTO [ORDER] (ID_Order, ID_Table, OrderDate, TotalPrice, ActualPrice, ID_Customer, ID_Review, ID_Employee, ID_Branch) VALUES (6, 172, '2023-10-30', 0, 0, 37, 9, 19, 7);
INSERT INTO [ORDER] (ID_Order, ID_Table, OrderDate, TotalPrice, ActualPrice, ID_Customer, ID_Review, ID_Employee, ID_Branch) VALUES (7, 182, '2024-02-29', 0, 0, 4, 24, 88, 7);
INSERT INTO [ORDER] (ID_Order, ID_Table, OrderDate, TotalPrice, ActualPrice, ID_Customer, ID_Review, ID_Employee, ID_Branch) VALUES (8, 180, '2023-06-13', 0, 0, 16, 20, 61, 7);
INSERT INTO [ORDER] (ID_Order, ID_Table, OrderDate, TotalPrice, ActualPrice, ID_Customer, ID_Review, ID_Employee, ID_Branch) VALUES (9, 187, '2023-12-02', 0, 0, 37, 32, 171, 7);
INSERT INTO [ORDER] (ID_Order, ID_Table, OrderDate, TotalPrice, ActualPrice, ID_Customer, ID_Review, ID_Employee, ID_Branch) VALUES (10, 168, '2023-12-30', 0, 0, 2, 1, 140, 7);
INSERT INTO [ORDER] (ID_Order, ID_Table, OrderDate, TotalPrice, ActualPrice, ID_Customer, ID_Review, ID_Employee, ID_Branch) VALUES (11, 190, '2023-05-25', 0, 0, 25, 30, 106, 7);
INSERT INTO [ORDER] (ID_Order, ID_Table, OrderDate, TotalPrice, ActualPrice, ID_Customer, ID_Review, ID_Employee, ID_Branch) VALUES (12, 182, '2023-06-23', 0, 0, 15, 28, 11, 7);
INSERT INTO [ORDER] (ID_Order, ID_Table, OrderDate, TotalPrice, ActualPrice, ID_Customer, ID_Review, ID_Employee, ID_Branch) VALUES (13, 181, '2023-01-14', 0, 0, 39, 22, 146, 7);
INSERT INTO [ORDER] (ID_Order, ID_Table, OrderDate, TotalPrice, ActualPrice, ID_Customer, ID_Review, ID_Employee, ID_Branch) VALUES (14, 164, '2024-09-06', 0, 0, 21, 26, 129, 7);
INSERT INTO [ORDER] (ID_Order, ID_Table, OrderDate, TotalPrice, ActualPrice, ID_Customer, ID_Review, ID_Employee, ID_Branch) VALUES (15, 179, '2023-01-21', 0, 0, 36, 34, 142, 7);
INSERT INTO [ORDER] (ID_Order, ID_Table, OrderDate, TotalPrice, ActualPrice, ID_Customer, ID_Review, ID_Employee, ID_Branch) VALUES (16, 178, '2023-07-08', 0, 0, 29, 10, 154, 7);
INSERT INTO [ORDER] (ID_Order, ID_Table, OrderDate, TotalPrice, ActualPrice, ID_Customer, ID_Review, ID_Employee, ID_Branch) VALUES (17, 166, '2024-09-22', 0, 0, 9, 18, 124, 7);
INSERT INTO [ORDER] (ID_Order, ID_Table, OrderDate, TotalPrice, ActualPrice, ID_Customer, ID_Review, ID_Employee, ID_Branch) VALUES (18, 167, '2023-07-20', 0, 0, 25, 39, 102, 7);
INSERT INTO [ORDER] (ID_Order, ID_Table, OrderDate, TotalPrice, ActualPrice, ID_Customer, ID_Review, ID_Employee, ID_Branch) VALUES (19, 185, '2024-10-14', 0, 0, 22, 21, 44, 7);
INSERT INTO [ORDER] (ID_Order, ID_Table, OrderDate, TotalPrice, ActualPrice, ID_Customer, ID_Review, ID_Employee, ID_Branch) VALUES (20, 184, '2024-05-04', 0, 0, 10, 4, 156, 7);
INSERT INTO [ORDER] (ID_Order, ID_Table, OrderDate, TotalPrice, ActualPrice, ID_Customer, ID_Review, ID_Employee, ID_Branch) VALUES (21, 165, '2024-10-10', 0, 0, 33, 31, 150, 7);
INSERT INTO [ORDER] (ID_Order, ID_Table, OrderDate, TotalPrice, ActualPrice, ID_Customer, ID_Review, ID_Employee, ID_Branch) VALUES (22, 163, '2023-10-26', 0, 0, 17, 3, 101, 7);
INSERT INTO [ORDER] (ID_Order, ID_Table, OrderDate, TotalPrice, ActualPrice, ID_Customer, ID_Review, ID_Employee, ID_Branch) VALUES (23, 168, '2023-12-16', 0, 0, 3, 13, 169, 7);
INSERT INTO [ORDER] (ID_Order, ID_Table, OrderDate, TotalPrice, ActualPrice, ID_Customer, ID_Review, ID_Employee, ID_Branch) VALUES (24, 180, '2023-01-04', 0, 0, 14, 25, 64, 7);
INSERT INTO [ORDER] (ID_Order, ID_Table, OrderDate, TotalPrice, ActualPrice, ID_Customer, ID_Review, ID_Employee, ID_Branch) VALUES (25, 166, '2024-08-28', 0, 0, 20, 29, 59, 7);
INSERT INTO [ORDER] (ID_Order, ID_Table, OrderDate, TotalPrice, ActualPrice, ID_Customer, ID_Review, ID_Employee, ID_Branch) VALUES (26, 183, '2023-12-02', 0, 0, 27, 36, 56, 7);
INSERT INTO [ORDER] (ID_Order, ID_Table, OrderDate, TotalPrice, ActualPrice, ID_Customer, ID_Review, ID_Employee, ID_Branch) VALUES (27, 177, '2024-01-19', 0, 0, 9, 35, 61, 7);
INSERT INTO [ORDER] (ID_Order, ID_Table, OrderDate, TotalPrice, ActualPrice, ID_Customer, ID_Review, ID_Employee, ID_Branch) VALUES (28, 184, '2023-07-14', 0, 0, 39, 15, 158, 7);
INSERT INTO [ORDER] (ID_Order, ID_Table, OrderDate, TotalPrice, ActualPrice, ID_Customer, ID_Review, ID_Employee, ID_Branch) VALUES (29, 171, '2023-03-23', 0, 0, 8, 41, 86, 7);
INSERT INTO [ORDER] (ID_Order, ID_Table, OrderDate, TotalPrice, ActualPrice, ID_Customer, ID_Review, ID_Employee, ID_Branch) VALUES (30, 167, '2023-08-10', 0, 0, 21, 7, 119, 7);
INSERT INTO [ORDER] (ID_Order, ID_Table, OrderDate, TotalPrice, ActualPrice, ID_Customer, ID_Review, ID_Employee, ID_Branch) VALUES (31, 190, '2023-05-02', 0, 0, 23, 8, 140, 7);
INSERT INTO [ORDER] (ID_Order, ID_Table, OrderDate, TotalPrice, ActualPrice, ID_Customer, ID_Review, ID_Employee, ID_Branch) VALUES (32, NULL, '2024-10-18', 0, 0, 35, 23, 57, 7);
INSERT INTO [ORDER] (ID_Order, ID_Table, OrderDate, TotalPrice, ActualPrice, ID_Customer, ID_Review, ID_Employee, ID_Branch) VALUES (33, NULL, '2024-09-30', 0, 0, 9, 14, 114, 7);
INSERT INTO [ORDER] (ID_Order, ID_Table, OrderDate, TotalPrice, ActualPrice, ID_Customer, ID_Review, ID_Employee, ID_Branch) VALUES (34, NULL, '2023-06-15', 0, 0, 13, 11, 119, 7);
INSERT INTO [ORDER] (ID_Order, ID_Table, OrderDate, TotalPrice, ActualPrice, ID_Customer, ID_Review, ID_Employee, ID_Branch) VALUES (35, NULL, '2024-06-11', 0, 0, 18, 17, 11, 7);
INSERT INTO [ORDER] (ID_Order, ID_Table, OrderDate, TotalPrice, ActualPrice, ID_Customer, ID_Review, ID_Employee, ID_Branch) VALUES (36, NULL, '2024-09-28', 0, 0, 4, 33, 202, 7);
INSERT INTO [ORDER] (ID_Order, ID_Table, OrderDate, TotalPrice, ActualPrice, ID_Customer, ID_Review, ID_Employee, ID_Branch) VALUES (37, NULL, '2023-03-21', 0, 0, 5, 2, 1, 7);
INSERT INTO [ORDER] (ID_Order, ID_Table, OrderDate, TotalPrice, ActualPrice, ID_Customer, ID_Review, ID_Employee, ID_Branch) VALUES (38, NULL, '2023-07-04', 0, 0, 10, 27, 179, 7);
INSERT INTO [ORDER] (ID_Order, ID_Table, OrderDate, TotalPrice, ActualPrice, ID_Customer, ID_Review, ID_Employee, ID_Branch) VALUES (39, NULL, '2023-06-19', 0, 0, 6, 12, 19, 7);
INSERT INTO [ORDER] (ID_Order, ID_Table, OrderDate, TotalPrice, ActualPrice, ID_Customer, ID_Review, ID_Employee, ID_Branch) VALUES (40, NULL, '2024-02-08', 0, 0, 24, 40, 80, 7);
INSERT INTO [ORDER] (ID_Order, ID_Table, OrderDate, TotalPrice, ActualPrice, ID_Customer, ID_Review, ID_Employee, ID_Branch) VALUES (1, 211, '2024-02-13', 0, 0, 40, 1, 168, 8);
INSERT INTO [ORDER] (ID_Order, ID_Table, OrderDate, TotalPrice, ActualPrice, ID_Customer, ID_Review, ID_Employee, ID_Branch) VALUES (2, 206, '2023-01-12', 0, 0, 2, 39, 74, 8);
INSERT INTO [ORDER] (ID_Order, ID_Table, OrderDate, TotalPrice, ActualPrice, ID_Customer, ID_Review, ID_Employee, ID_Branch) VALUES (3, 191, '2024-10-14', 0, 0, 20, 32, 116, 8);
INSERT INTO [ORDER] (ID_Order, ID_Table, OrderDate, TotalPrice, ActualPrice, ID_Customer, ID_Review, ID_Employee, ID_Branch) VALUES (4, 211, '2024-10-05', 0, 0, 14, 4, 44, 8);
INSERT INTO [ORDER] (ID_Order, ID_Table, OrderDate, TotalPrice, ActualPrice, ID_Customer, ID_Review, ID_Employee, ID_Branch) VALUES (5, 203, '2023-05-31', 0, 0, 9, 36, 210, 8);
INSERT INTO [ORDER] (ID_Order, ID_Table, OrderDate, TotalPrice, ActualPrice, ID_Customer, ID_Review, ID_Employee, ID_Branch) VALUES (6, 208, '2024-08-21', 0, 0, 37, 24, 75, 8);
INSERT INTO [ORDER] (ID_Order, ID_Table, OrderDate, TotalPrice, ActualPrice, ID_Customer, ID_Review, ID_Employee, ID_Branch) VALUES (7, 199, '2024-09-23', 0, 0, 37, 35, 32, 8);
INSERT INTO [ORDER] (ID_Order, ID_Table, OrderDate, TotalPrice, ActualPrice, ID_Customer, ID_Review, ID_Employee, ID_Branch) VALUES (8, 206, '2024-11-08', 0, 0, 29, 15, 201, 8);
INSERT INTO [ORDER] (ID_Order, ID_Table, OrderDate, TotalPrice, ActualPrice, ID_Customer, ID_Review, ID_Employee, ID_Branch) VALUES (9, 208, '2023-10-13', 0, 0, 21, 14, 190, 8);
INSERT INTO [ORDER] (ID_Order, ID_Table, OrderDate, TotalPrice, ActualPrice, ID_Customer, ID_Review, ID_Employee, ID_Branch) VALUES (10, 210, '2023-01-16', 0, 0, 38, 19, 39, 8);
INSERT INTO [ORDER] (ID_Order, ID_Table, OrderDate, TotalPrice, ActualPrice, ID_Customer, ID_Review, ID_Employee, ID_Branch) VALUES (11, 197, '2023-04-26', 0, 0, 37, 2, 39, 8);
INSERT INTO [ORDER] (ID_Order, ID_Table, OrderDate, TotalPrice, ActualPrice, ID_Customer, ID_Review, ID_Employee, ID_Branch) VALUES (12, 204, '2023-01-14', 0, 0, 17, 29, 126, 8);
INSERT INTO [ORDER] (ID_Order, ID_Table, OrderDate, TotalPrice, ActualPrice, ID_Customer, ID_Review, ID_Employee, ID_Branch) VALUES (13, 194, '2024-08-28', 0, 0, 38, 40, 23, 8);
INSERT INTO [ORDER] (ID_Order, ID_Table, OrderDate, TotalPrice, ActualPrice, ID_Customer, ID_Review, ID_Employee, ID_Branch) VALUES (14, 211, '2024-06-16', 0, 0, 17, 34, 43, 8);
INSERT INTO [ORDER] (ID_Order, ID_Table, OrderDate, TotalPrice, ActualPrice, ID_Customer, ID_Review, ID_Employee, ID_Branch) VALUES (15, 199, '2023-08-08', 0, 0, 11, 21, 206, 8);
INSERT INTO [ORDER] (ID_Order, ID_Table, OrderDate, TotalPrice, ActualPrice, ID_Customer, ID_Review, ID_Employee, ID_Branch) VALUES (16, 210, '2023-12-28', 0, 0, 16, 5, 201, 8);
INSERT INTO [ORDER] (ID_Order, ID_Table, OrderDate, TotalPrice, ActualPrice, ID_Customer, ID_Review, ID_Employee, ID_Branch) VALUES (17, 205, '2024-09-09', 0, 0, 4, 30, 116, 8);
INSERT INTO [ORDER] (ID_Order, ID_Table, OrderDate, TotalPrice, ActualPrice, ID_Customer, ID_Review, ID_Employee, ID_Branch) VALUES (18, 207, '2023-12-14', 0, 0, 39, 13, 205, 8);
INSERT INTO [ORDER] (ID_Order, ID_Table, OrderDate, TotalPrice, ActualPrice, ID_Customer, ID_Review, ID_Employee, ID_Branch) VALUES (19, 193, '2023-10-27', 0, 0, 12, 12, 89, 8);
INSERT INTO [ORDER] (ID_Order, ID_Table, OrderDate, TotalPrice, ActualPrice, ID_Customer, ID_Review, ID_Employee, ID_Branch) VALUES (20, 210, '2024-01-22', 0, 0, 27, 7, 111, 8);
INSERT INTO [ORDER] (ID_Order, ID_Table, OrderDate, TotalPrice, ActualPrice, ID_Customer, ID_Review, ID_Employee, ID_Branch) VALUES (21, 198, '2023-10-25', 0, 0, 31, 26, 74, 8);
INSERT INTO [ORDER] (ID_Order, ID_Table, OrderDate, TotalPrice, ActualPrice, ID_Customer, ID_Review, ID_Employee, ID_Branch) VALUES (22, 199, '2023-11-22', 0, 0, 20, 9, 218, 8);
INSERT INTO [ORDER] (ID_Order, ID_Table, OrderDate, TotalPrice, ActualPrice, ID_Customer, ID_Review, ID_Employee, ID_Branch) VALUES (23, 191, '2024-07-01', 0, 0, 8, 3, 71, 8);
INSERT INTO [ORDER] (ID_Order, ID_Table, OrderDate, TotalPrice, ActualPrice, ID_Customer, ID_Review, ID_Employee, ID_Branch) VALUES (24, 199, '2024-01-13', 0, 0, 41, 38, 39, 8);
INSERT INTO [ORDER] (ID_Order, ID_Table, OrderDate, TotalPrice, ActualPrice, ID_Customer, ID_Review, ID_Employee, ID_Branch) VALUES (25, 211, '2023-12-19', 0, 0, 35, 11, 106, 8);
INSERT INTO [ORDER] (ID_Order, ID_Table, OrderDate, TotalPrice, ActualPrice, ID_Customer, ID_Review, ID_Employee, ID_Branch) VALUES (26, 207, '2023-11-28', 0, 0, 25, 33, 31, 8);
INSERT INTO [ORDER] (ID_Order, ID_Table, OrderDate, TotalPrice, ActualPrice, ID_Customer, ID_Review, ID_Employee, ID_Branch) VALUES (27, 203, '2024-11-21', 0, 0, 37, 17, 90, 8);
INSERT INTO [ORDER] (ID_Order, ID_Table, OrderDate, TotalPrice, ActualPrice, ID_Customer, ID_Review, ID_Employee, ID_Branch) VALUES (28, 204, '2023-04-16', 0, 0, 20, 22, 99, 8);
INSERT INTO [ORDER] (ID_Order, ID_Table, OrderDate, TotalPrice, ActualPrice, ID_Customer, ID_Review, ID_Employee, ID_Branch) VALUES (29, 200, '2024-04-18', 0, 0, 13, 16, 115, 8);
INSERT INTO [ORDER] (ID_Order, ID_Table, OrderDate, TotalPrice, ActualPrice, ID_Customer, ID_Review, ID_Employee, ID_Branch) VALUES (30, 211, '2023-06-08', 0, 0, 26, 37, 126, 8);
INSERT INTO [ORDER] (ID_Order, ID_Table, OrderDate, TotalPrice, ActualPrice, ID_Customer, ID_Review, ID_Employee, ID_Branch) VALUES (31, 204, '2023-05-29', 0, 0, 38, 25, 144, 8);
INSERT INTO [ORDER] (ID_Order, ID_Table, OrderDate, TotalPrice, ActualPrice, ID_Customer, ID_Review, ID_Employee, ID_Branch) VALUES (32, NULL, '2024-01-25', 0, 0, 29, 41, 147, 8);
INSERT INTO [ORDER] (ID_Order, ID_Table, OrderDate, TotalPrice, ActualPrice, ID_Customer, ID_Review, ID_Employee, ID_Branch) VALUES (33, NULL, '2024-05-19', 0, 0, 10, 31, 32, 8);
INSERT INTO [ORDER] (ID_Order, ID_Table, OrderDate, TotalPrice, ActualPrice, ID_Customer, ID_Review, ID_Employee, ID_Branch) VALUES (34, NULL, '2024-10-03', 0, 0, 30, 27, 91, 8);
INSERT INTO [ORDER] (ID_Order, ID_Table, OrderDate, TotalPrice, ActualPrice, ID_Customer, ID_Review, ID_Employee, ID_Branch) VALUES (35, NULL, '2024-11-22', 0, 0, 3, 10, 7, 8);
INSERT INTO [ORDER] (ID_Order, ID_Table, OrderDate, TotalPrice, ActualPrice, ID_Customer, ID_Review, ID_Employee, ID_Branch) VALUES (36, NULL, '2024-08-13', 0, 0, 34, 28, 7, 8);
INSERT INTO [ORDER] (ID_Order, ID_Table, OrderDate, TotalPrice, ActualPrice, ID_Customer, ID_Review, ID_Employee, ID_Branch) VALUES (37, NULL, '2023-11-20', 0, 0, 21, 20, 116, 8);
INSERT INTO [ORDER] (ID_Order, ID_Table, OrderDate, TotalPrice, ActualPrice, ID_Customer, ID_Review, ID_Employee, ID_Branch) VALUES (38, NULL, '2024-01-15', 0, 0, 6, 8, 83, 8);
INSERT INTO [ORDER] (ID_Order, ID_Table, OrderDate, TotalPrice, ActualPrice, ID_Customer, ID_Review, ID_Employee, ID_Branch) VALUES (39, NULL, '2024-01-26', 0, 0, 29, 23, 39, 8);
INSERT INTO [ORDER] (ID_Order, ID_Table, OrderDate, TotalPrice, ActualPrice, ID_Customer, ID_Review, ID_Employee, ID_Branch) VALUES (40, NULL, '2023-01-30', 0, 0, 26, 6, 106, 8);
INSERT INTO [ORDER] (ID_Order, ID_Table, OrderDate, TotalPrice, ActualPrice, ID_Customer, ID_Review, ID_Employee, ID_Branch) VALUES (1, 223, '2024-01-03', 0, 0, 11, 14, 94, 9);
INSERT INTO [ORDER] (ID_Order, ID_Table, OrderDate, TotalPrice, ActualPrice, ID_Customer, ID_Review, ID_Employee, ID_Branch) VALUES (2, 225, '2024-09-05', 0, 0, 32, 12, 52, 9);
INSERT INTO [ORDER] (ID_Order, ID_Table, OrderDate, TotalPrice, ActualPrice, ID_Customer, ID_Review, ID_Employee, ID_Branch) VALUES (3, 231, '2023-06-20', 0, 0, 40, 3, 49, 9);
INSERT INTO [ORDER] (ID_Order, ID_Table, OrderDate, TotalPrice, ActualPrice, ID_Customer, ID_Review, ID_Employee, ID_Branch) VALUES (4, 233, '2023-04-07', 0, 0, 28, 21, 141, 9);
INSERT INTO [ORDER] (ID_Order, ID_Table, OrderDate, TotalPrice, ActualPrice, ID_Customer, ID_Review, ID_Employee, ID_Branch) VALUES (5, 232, '2024-06-04', 0, 0, 27, 5, 141, 9);
INSERT INTO [ORDER] (ID_Order, ID_Table, OrderDate, TotalPrice, ActualPrice, ID_Customer, ID_Review, ID_Employee, ID_Branch) VALUES (6, 212, '2023-12-22', 0, 0, 21, 36, 125, 9);
INSERT INTO [ORDER] (ID_Order, ID_Table, OrderDate, TotalPrice, ActualPrice, ID_Customer, ID_Review, ID_Employee, ID_Branch) VALUES (7, 222, '2024-07-03', 0, 0, 12, 16, 140, 9);
INSERT INTO [ORDER] (ID_Order, ID_Table, OrderDate, TotalPrice, ActualPrice, ID_Customer, ID_Review, ID_Employee, ID_Branch) VALUES (8, 218, '2023-09-24', 0, 0, 29, 10, 172, 9);
INSERT INTO [ORDER] (ID_Order, ID_Table, OrderDate, TotalPrice, ActualPrice, ID_Customer, ID_Review, ID_Employee, ID_Branch) VALUES (9, 235, '2023-12-30', 0, 0, 24, 7, 44, 9);
INSERT INTO [ORDER] (ID_Order, ID_Table, OrderDate, TotalPrice, ActualPrice, ID_Customer, ID_Review, ID_Employee, ID_Branch) VALUES (10, 230, '2023-05-08', 0, 0, 9, 32, 52, 9);
INSERT INTO [ORDER] (ID_Order, ID_Table, OrderDate, TotalPrice, ActualPrice, ID_Customer, ID_Review, ID_Employee, ID_Branch) VALUES (11, 217, '2023-11-17', 0, 0, 10, 33, 58, 9);
INSERT INTO [ORDER] (ID_Order, ID_Table, OrderDate, TotalPrice, ActualPrice, ID_Customer, ID_Review, ID_Employee, ID_Branch) VALUES (12, 231, '2024-05-09', 0, 0, 34, 19, 59, 9);
INSERT INTO [ORDER] (ID_Order, ID_Table, OrderDate, TotalPrice, ActualPrice, ID_Customer, ID_Review, ID_Employee, ID_Branch) VALUES (13, 229, '2023-11-27', 0, 0, 17, 29, 147, 9);
INSERT INTO [ORDER] (ID_Order, ID_Table, OrderDate, TotalPrice, ActualPrice, ID_Customer, ID_Review, ID_Employee, ID_Branch) VALUES (14, 236, '2024-07-01', 0, 0, 7, 13, 159, 9);
INSERT INTO [ORDER] (ID_Order, ID_Table, OrderDate, TotalPrice, ActualPrice, ID_Customer, ID_Review, ID_Employee, ID_Branch) VALUES (15, 223, '2024-09-17', 0, 0, 28, 27, 5, 9);
INSERT INTO [ORDER] (ID_Order, ID_Table, OrderDate, TotalPrice, ActualPrice, ID_Customer, ID_Review, ID_Employee, ID_Branch) VALUES (16, 237, '2023-04-20', 0, 0, 11, 30, 100, 9);
INSERT INTO [ORDER] (ID_Order, ID_Table, OrderDate, TotalPrice, ActualPrice, ID_Customer, ID_Review, ID_Employee, ID_Branch) VALUES (17, 225, '2024-03-02', 0, 0, 10, 11, 172, 9);
INSERT INTO [ORDER] (ID_Order, ID_Table, OrderDate, TotalPrice, ActualPrice, ID_Customer, ID_Review, ID_Employee, ID_Branch) VALUES (18, 226, '2023-05-14', 0, 0, 12, 6, 76, 9);
INSERT INTO [ORDER] (ID_Order, ID_Table, OrderDate, TotalPrice, ActualPrice, ID_Customer, ID_Review, ID_Employee, ID_Branch) VALUES (19, 214, '2024-06-01', 0, 0, 3, 1, 141, 9);
INSERT INTO [ORDER] (ID_Order, ID_Table, OrderDate, TotalPrice, ActualPrice, ID_Customer, ID_Review, ID_Employee, ID_Branch) VALUES (20, 217, '2023-06-27', 0, 0, 38, 25, 59, 9);
INSERT INTO [ORDER] (ID_Order, ID_Table, OrderDate, TotalPrice, ActualPrice, ID_Customer, ID_Review, ID_Employee, ID_Branch) VALUES (21, 223, '2024-12-09', 0, 0, 38, 2, 86, 9);
INSERT INTO [ORDER] (ID_Order, ID_Table, OrderDate, TotalPrice, ActualPrice, ID_Customer, ID_Review, ID_Employee, ID_Branch) VALUES (22, 214, '2023-01-25', 0, 0, 30, 4, 129, 9);
INSERT INTO [ORDER] (ID_Order, ID_Table, OrderDate, TotalPrice, ActualPrice, ID_Customer, ID_Review, ID_Employee, ID_Branch) VALUES (23, 231, '2023-03-22', 0, 0, 37, 31, 147, 9);
INSERT INTO [ORDER] (ID_Order, ID_Table, OrderDate, TotalPrice, ActualPrice, ID_Customer, ID_Review, ID_Employee, ID_Branch) VALUES (24, 222, '2024-08-12', 0, 0, 38, 35, 1, 9);
INSERT INTO [ORDER] (ID_Order, ID_Table, OrderDate, TotalPrice, ActualPrice, ID_Customer, ID_Review, ID_Employee, ID_Branch) VALUES (25, 229, '2024-10-20', 0, 0, 1, 40, 128, 9);
INSERT INTO [ORDER] (ID_Order, ID_Table, OrderDate, TotalPrice, ActualPrice, ID_Customer, ID_Review, ID_Employee, ID_Branch) VALUES (26, 233, '2024-01-01', 0, 0, 30, 9, 17, 9);
INSERT INTO [ORDER] (ID_Order, ID_Table, OrderDate, TotalPrice, ActualPrice, ID_Customer, ID_Review, ID_Employee, ID_Branch) VALUES (27, 219, '2023-03-16', 0, 0, 20, 37, 7, 9);
INSERT INTO [ORDER] (ID_Order, ID_Table, OrderDate, TotalPrice, ActualPrice, ID_Customer, ID_Review, ID_Employee, ID_Branch) VALUES (28, 222, '2023-08-04', 0, 0, 26, 26, 185, 9);
INSERT INTO [ORDER] (ID_Order, ID_Table, OrderDate, TotalPrice, ActualPrice, ID_Customer, ID_Review, ID_Employee, ID_Branch) VALUES (29, 232, '2023-05-21', 0, 0, 35, 15, 93, 9);
INSERT INTO [ORDER] (ID_Order, ID_Table, OrderDate, TotalPrice, ActualPrice, ID_Customer, ID_Review, ID_Employee, ID_Branch) VALUES (30, 232, '2023-02-24', 0, 0, 26, 22, 221, 9);
INSERT INTO [ORDER] (ID_Order, ID_Table, OrderDate, TotalPrice, ActualPrice, ID_Customer, ID_Review, ID_Employee, ID_Branch) VALUES (31, 227, '2023-10-15', 0, 0, 36, 39, 35, 9);
INSERT INTO [ORDER] (ID_Order, ID_Table, OrderDate, TotalPrice, ActualPrice, ID_Customer, ID_Review, ID_Employee, ID_Branch) VALUES (32, NULL, '2023-07-19', 0, 0, 40, 20, 123, 9);
INSERT INTO [ORDER] (ID_Order, ID_Table, OrderDate, TotalPrice, ActualPrice, ID_Customer, ID_Review, ID_Employee, ID_Branch) VALUES (33, NULL, '2024-08-10', 0, 0, 25, 41, 203, 9);
INSERT INTO [ORDER] (ID_Order, ID_Table, OrderDate, TotalPrice, ActualPrice, ID_Customer, ID_Review, ID_Employee, ID_Branch) VALUES (34, NULL, '2024-10-15', 0, 0, 2, 17, 76, 9);
INSERT INTO [ORDER] (ID_Order, ID_Table, OrderDate, TotalPrice, ActualPrice, ID_Customer, ID_Review, ID_Employee, ID_Branch) VALUES (35, NULL, '2023-07-25', 0, 0, 7, 38, 18, 9);
INSERT INTO [ORDER] (ID_Order, ID_Table, OrderDate, TotalPrice, ActualPrice, ID_Customer, ID_Review, ID_Employee, ID_Branch) VALUES (36, NULL, '2024-10-28', 0, 0, 21, 34, 76, 9);
INSERT INTO [ORDER] (ID_Order, ID_Table, OrderDate, TotalPrice, ActualPrice, ID_Customer, ID_Review, ID_Employee, ID_Branch) VALUES (37, NULL, '2023-03-22', 0, 0, 21, 18, 178, 9);
INSERT INTO [ORDER] (ID_Order, ID_Table, OrderDate, TotalPrice, ActualPrice, ID_Customer, ID_Review, ID_Employee, ID_Branch) VALUES (38, NULL, '2024-02-19', 0, 0, 6, 8, 52, 9);
INSERT INTO [ORDER] (ID_Order, ID_Table, OrderDate, TotalPrice, ActualPrice, ID_Customer, ID_Review, ID_Employee, ID_Branch) VALUES (39, NULL, '2024-01-30', 0, 0, 24, 28, 15, 9);
INSERT INTO [ORDER] (ID_Order, ID_Table, OrderDate, TotalPrice, ActualPrice, ID_Customer, ID_Review, ID_Employee, ID_Branch) VALUES (40, NULL, '2023-10-09', 0, 0, 39, 24, 44, 9);
INSERT INTO [ORDER] (ID_Order, ID_Table, OrderDate, TotalPrice, ActualPrice, ID_Customer, ID_Review, ID_Employee, ID_Branch) VALUES (1, 243, '2024-09-03', 0, 0, 15, 9, 171, 10);
INSERT INTO [ORDER] (ID_Order, ID_Table, OrderDate, TotalPrice, ActualPrice, ID_Customer, ID_Review, ID_Employee, ID_Branch) VALUES (2, 265, '2023-02-09', 0, 0, 34, 29, 142, 10);
INSERT INTO [ORDER] (ID_Order, ID_Table, OrderDate, TotalPrice, ActualPrice, ID_Customer, ID_Review, ID_Employee, ID_Branch) VALUES (3, 262, '2024-10-16', 0, 0, 26, 36, 154, 10);
INSERT INTO [ORDER] (ID_Order, ID_Table, OrderDate, TotalPrice, ActualPrice, ID_Customer, ID_Review, ID_Employee, ID_Branch) VALUES (4, 242, '2024-11-27', 0, 0, 2, 6, 37, 10);
INSERT INTO [ORDER] (ID_Order, ID_Table, OrderDate, TotalPrice, ActualPrice, ID_Customer, ID_Review, ID_Employee, ID_Branch) VALUES (5, 245, '2024-03-18', 0, 0, 34, 31, 53, 10);
INSERT INTO [ORDER] (ID_Order, ID_Table, OrderDate, TotalPrice, ActualPrice, ID_Customer, ID_Review, ID_Employee, ID_Branch) VALUES (6, 256, '2024-01-02', 0, 0, 38, 25, 225, 10);
INSERT INTO [ORDER] (ID_Order, ID_Table, OrderDate, TotalPrice, ActualPrice, ID_Customer, ID_Review, ID_Employee, ID_Branch) VALUES (7, 253, '2024-10-18', 0, 0, 25, 35, 178, 10);
INSERT INTO [ORDER] (ID_Order, ID_Table, OrderDate, TotalPrice, ActualPrice, ID_Customer, ID_Review, ID_Employee, ID_Branch) VALUES (8, 265, '2023-05-18', 0, 0, 35, 41, 120, 10);
INSERT INTO [ORDER] (ID_Order, ID_Table, OrderDate, TotalPrice, ActualPrice, ID_Customer, ID_Review, ID_Employee, ID_Branch) VALUES (9, 264, '2023-08-08', 0, 0, 25, 13, 154, 10);
INSERT INTO [ORDER] (ID_Order, ID_Table, OrderDate, TotalPrice, ActualPrice, ID_Customer, ID_Review, ID_Employee, ID_Branch) VALUES (10, 255, '2023-11-08', 0, 0, 9, 39, 50, 10);
INSERT INTO [ORDER] (ID_Order, ID_Table, OrderDate, TotalPrice, ActualPrice, ID_Customer, ID_Review, ID_Employee, ID_Branch) VALUES (11, 252, '2023-10-28', 0, 0, 19, 33, 80, 10);
INSERT INTO [ORDER] (ID_Order, ID_Table, OrderDate, TotalPrice, ActualPrice, ID_Customer, ID_Review, ID_Employee, ID_Branch) VALUES (12, 256, '2023-05-02', 0, 0, 36, 24, 142, 10);
INSERT INTO [ORDER] (ID_Order, ID_Table, OrderDate, TotalPrice, ActualPrice, ID_Customer, ID_Review, ID_Employee, ID_Branch) VALUES (13, 253, '2024-07-07', 0, 0, 17, 11, 141, 10);
INSERT INTO [ORDER] (ID_Order, ID_Table, OrderDate, TotalPrice, ActualPrice, ID_Customer, ID_Review, ID_Employee, ID_Branch) VALUES (14, 243, '2023-11-28', 0, 0, 39, 37, 58, 10);
INSERT INTO [ORDER] (ID_Order, ID_Table, OrderDate, TotalPrice, ActualPrice, ID_Customer, ID_Review, ID_Employee, ID_Branch) VALUES (15, 259, '2023-12-14', 0, 0, 41, 40, 20, 10);
INSERT INTO [ORDER] (ID_Order, ID_Table, OrderDate, TotalPrice, ActualPrice, ID_Customer, ID_Review, ID_Employee, ID_Branch) VALUES (16, 240, '2024-08-29', 0, 0, 15, 5, 212, 10);
INSERT INTO [ORDER] (ID_Order, ID_Table, OrderDate, TotalPrice, ActualPrice, ID_Customer, ID_Review, ID_Employee, ID_Branch) VALUES (17, 240, '2024-10-11', 0, 0, 40, 30, 82, 10);
INSERT INTO [ORDER] (ID_Order, ID_Table, OrderDate, TotalPrice, ActualPrice, ID_Customer, ID_Review, ID_Employee, ID_Branch) VALUES (18, 246, '2023-02-10', 0, 0, 31, 2, 142, 10);
INSERT INTO [ORDER] (ID_Order, ID_Table, OrderDate, TotalPrice, ActualPrice, ID_Customer, ID_Review, ID_Employee, ID_Branch) VALUES (19, 266, '2024-09-06', 0, 0, 40, 1, 122, 10);
INSERT INTO [ORDER] (ID_Order, ID_Table, OrderDate, TotalPrice, ActualPrice, ID_Customer, ID_Review, ID_Employee, ID_Branch) VALUES (20, 249, '2023-07-09', 0, 0, 17, 14, 82, 10);
INSERT INTO [ORDER] (ID_Order, ID_Table, OrderDate, TotalPrice, ActualPrice, ID_Customer, ID_Review, ID_Employee, ID_Branch) VALUES (21, 259, '2024-06-11', 0, 0, 39, 21, 6, 10);
INSERT INTO [ORDER] (ID_Order, ID_Table, OrderDate, TotalPrice, ActualPrice, ID_Customer, ID_Review, ID_Employee, ID_Branch) VALUES (22, 250, '2023-01-19', 0, 0, 25, 12, 103, 10);
INSERT INTO [ORDER] (ID_Order, ID_Table, OrderDate, TotalPrice, ActualPrice, ID_Customer, ID_Review, ID_Employee, ID_Branch) VALUES (23, 247, '2023-03-09', 0, 0, 30, 18, 46, 10);
INSERT INTO [ORDER] (ID_Order, ID_Table, OrderDate, TotalPrice, ActualPrice, ID_Customer, ID_Review, ID_Employee, ID_Branch) VALUES (24, 254, '2023-08-11', 0, 0, 21, 34, 61, 10);
INSERT INTO [ORDER] (ID_Order, ID_Table, OrderDate, TotalPrice, ActualPrice, ID_Customer, ID_Review, ID_Employee, ID_Branch) VALUES (25, 251, '2024-01-07', 0, 0, 9, 15, 166, 10);
INSERT INTO [ORDER] (ID_Order, ID_Table, OrderDate, TotalPrice, ActualPrice, ID_Customer, ID_Review, ID_Employee, ID_Branch) VALUES (26, 251, '2023-12-09', 0, 0, 26, 26, 20, 10);
INSERT INTO [ORDER] (ID_Order, ID_Table, OrderDate, TotalPrice, ActualPrice, ID_Customer, ID_Review, ID_Employee, ID_Branch) VALUES (27, 241, '2023-12-24', 0, 0, 6, 4, 102, 10);
INSERT INTO [ORDER] (ID_Order, ID_Table, OrderDate, TotalPrice, ActualPrice, ID_Customer, ID_Review, ID_Employee, ID_Branch) VALUES (28, 259, '2024-01-13', 0, 0, 2, 16, 20, 10);
INSERT INTO [ORDER] (ID_Order, ID_Table, OrderDate, TotalPrice, ActualPrice, ID_Customer, ID_Review, ID_Employee, ID_Branch) VALUES (29, 240, '2023-09-01', 0, 0, 19, 22, 100, 10);
INSERT INTO [ORDER] (ID_Order, ID_Table, OrderDate, TotalPrice, ActualPrice, ID_Customer, ID_Review, ID_Employee, ID_Branch) VALUES (30, 260, '2023-06-09', 0, 0, 20, 19, 208, 10);
INSERT INTO [ORDER] (ID_Order, ID_Table, OrderDate, TotalPrice, ActualPrice, ID_Customer, ID_Review, ID_Employee, ID_Branch) VALUES (31, 243, '2022-12-23', 0, 0, 5, 28, 12, 10);
INSERT INTO [ORDER] (ID_Order, ID_Table, OrderDate, TotalPrice, ActualPrice, ID_Customer, ID_Review, ID_Employee, ID_Branch) VALUES (32, NULL, '2024-04-19', 0, 0, 27, 27, 59, 10);
INSERT INTO [ORDER] (ID_Order, ID_Table, OrderDate, TotalPrice, ActualPrice, ID_Customer, ID_Review, ID_Employee, ID_Branch) VALUES (33, NULL, '2023-09-26', 0, 0, 1, 20, 63, 10);
INSERT INTO [ORDER] (ID_Order, ID_Table, OrderDate, TotalPrice, ActualPrice, ID_Customer, ID_Review, ID_Employee, ID_Branch) VALUES (34, NULL, '2024-10-18', 0, 0, 39, 38, 116, 10);
INSERT INTO [ORDER] (ID_Order, ID_Table, OrderDate, TotalPrice, ActualPrice, ID_Customer, ID_Review, ID_Employee, ID_Branch) VALUES (35, NULL, '2023-02-01', 0, 0, 32, 32, 136, 10);
INSERT INTO [ORDER] (ID_Order, ID_Table, OrderDate, TotalPrice, ActualPrice, ID_Customer, ID_Review, ID_Employee, ID_Branch) VALUES (36, NULL, '2023-03-26', 0, 0, 29, 7, 212, 10);
INSERT INTO [ORDER] (ID_Order, ID_Table, OrderDate, TotalPrice, ActualPrice, ID_Customer, ID_Review, ID_Employee, ID_Branch) VALUES (37, NULL, '2023-07-20', 0, 0, 12, 23, 6, 10);
INSERT INTO [ORDER] (ID_Order, ID_Table, OrderDate, TotalPrice, ActualPrice, ID_Customer, ID_Review, ID_Employee, ID_Branch) VALUES (38, NULL, '2023-07-28', 0, 0, 12, 17, 215, 10);
INSERT INTO [ORDER] (ID_Order, ID_Table, OrderDate, TotalPrice, ActualPrice, ID_Customer, ID_Review, ID_Employee, ID_Branch) VALUES (39, NULL, '2024-01-08', 0, 0, 4, 8, 200, 10);
INSERT INTO [ORDER] (ID_Order, ID_Table, OrderDate, TotalPrice, ActualPrice, ID_Customer, ID_Review, ID_Employee, ID_Branch) VALUES (40, NULL, '2024-02-04', 0, 0, 31, 3, 117, 10);
INSERT INTO [ORDER] (ID_Order, ID_Table, OrderDate, TotalPrice, ActualPrice, ID_Customer, ID_Review, ID_Employee, ID_Branch) VALUES (1, 267, '2023-07-01', 0, 0, 32, 5, 48, 11);
INSERT INTO [ORDER] (ID_Order, ID_Table, OrderDate, TotalPrice, ActualPrice, ID_Customer, ID_Review, ID_Employee, ID_Branch) VALUES (2, 287, '2023-03-13', 0, 0, 20, 13, 112, 11);
INSERT INTO [ORDER] (ID_Order, ID_Table, OrderDate, TotalPrice, ActualPrice, ID_Customer, ID_Review, ID_Employee, ID_Branch) VALUES (3, 284, '2023-09-15', 0, 0, 14, 29, 176, 11);
INSERT INTO [ORDER] (ID_Order, ID_Table, OrderDate, TotalPrice, ActualPrice, ID_Customer, ID_Review, ID_Employee, ID_Branch) VALUES (4, 294, '2023-12-31', 0, 0, 30, 9, 32, 11);
INSERT INTO [ORDER] (ID_Order, ID_Table, OrderDate, TotalPrice, ActualPrice, ID_Customer, ID_Review, ID_Employee, ID_Branch) VALUES (5, 287, '2023-01-04', 0, 0, 36, 40, 35, 11);
INSERT INTO [ORDER] (ID_Order, ID_Table, OrderDate, TotalPrice, ActualPrice, ID_Customer, ID_Review, ID_Employee, ID_Branch) VALUES (6, 273, '2024-03-12', 0, 0, 35, 33, 48, 11);
INSERT INTO [ORDER] (ID_Order, ID_Table, OrderDate, TotalPrice, ActualPrice, ID_Customer, ID_Review, ID_Employee, ID_Branch) VALUES (7, 277, '2023-07-22', 0, 0, 30, 2, 180, 11);
INSERT INTO [ORDER] (ID_Order, ID_Table, OrderDate, TotalPrice, ActualPrice, ID_Customer, ID_Review, ID_Employee, ID_Branch) VALUES (8, 281, '2023-10-13', 0, 0, 2, 41, 137, 11);
INSERT INTO [ORDER] (ID_Order, ID_Table, OrderDate, TotalPrice, ActualPrice, ID_Customer, ID_Review, ID_Employee, ID_Branch) VALUES (9, 273, '2023-01-21', 0, 0, 27, 7, 20, 11);
INSERT INTO [ORDER] (ID_Order, ID_Table, OrderDate, TotalPrice, ActualPrice, ID_Customer, ID_Review, ID_Employee, ID_Branch) VALUES (10, 290, '2024-02-17', 0, 0, 11, 12, 4, 11);
INSERT INTO [ORDER] (ID_Order, ID_Table, OrderDate, TotalPrice, ActualPrice, ID_Customer, ID_Review, ID_Employee, ID_Branch) VALUES (11, 282, '2024-11-03', 0, 0, 1, 27, 86, 11);
INSERT INTO [ORDER] (ID_Order, ID_Table, OrderDate, TotalPrice, ActualPrice, ID_Customer, ID_Review, ID_Employee, ID_Branch) VALUES (12, 286, '2023-07-26', 0, 0, 20, 24, 163, 11);
INSERT INTO [ORDER] (ID_Order, ID_Table, OrderDate, TotalPrice, ActualPrice, ID_Customer, ID_Review, ID_Employee, ID_Branch) VALUES (13, 267, '2024-01-02', 0, 0, 36, 22, 112, 11);
INSERT INTO [ORDER] (ID_Order, ID_Table, OrderDate, TotalPrice, ActualPrice, ID_Customer, ID_Review, ID_Employee, ID_Branch) VALUES (14, 281, '2023-11-28', 0, 0, 5, 19, 53, 11);
INSERT INTO [ORDER] (ID_Order, ID_Table, OrderDate, TotalPrice, ActualPrice, ID_Customer, ID_Review, ID_Employee, ID_Branch) VALUES (15, 280, '2023-07-19', 0, 0, 14, 4, 168, 11);
INSERT INTO [ORDER] (ID_Order, ID_Table, OrderDate, TotalPrice, ActualPrice, ID_Customer, ID_Review, ID_Employee, ID_Branch) VALUES (16, 284, '2023-07-26', 0, 0, 22, 38, 187, 11);
INSERT INTO [ORDER] (ID_Order, ID_Table, OrderDate, TotalPrice, ActualPrice, ID_Customer, ID_Review, ID_Employee, ID_Branch) VALUES (17, 278, '2023-07-26', 0, 0, 30, 31, 210, 11);
INSERT INTO [ORDER] (ID_Order, ID_Table, OrderDate, TotalPrice, ActualPrice, ID_Customer, ID_Review, ID_Employee, ID_Branch) VALUES (18, 280, '2023-11-13', 0, 0, 23, 6, 48, 11);
INSERT INTO [ORDER] (ID_Order, ID_Table, OrderDate, TotalPrice, ActualPrice, ID_Customer, ID_Review, ID_Employee, ID_Branch) VALUES (19, 290, '2023-09-08', 0, 0, 29, 18, 20, 11);
INSERT INTO [ORDER] (ID_Order, ID_Table, OrderDate, TotalPrice, ActualPrice, ID_Customer, ID_Review, ID_Employee, ID_Branch) VALUES (20, 279, '2024-03-27', 0, 0, 11, 37, 25, 11);
INSERT INTO [ORDER] (ID_Order, ID_Table, OrderDate, TotalPrice, ActualPrice, ID_Customer, ID_Review, ID_Employee, ID_Branch) VALUES (21, 285, '2023-01-15', 0, 0, 33, 32, 46, 11);
INSERT INTO [ORDER] (ID_Order, ID_Table, OrderDate, TotalPrice, ActualPrice, ID_Customer, ID_Review, ID_Employee, ID_Branch) VALUES (22, 276, '2024-03-05', 0, 0, 5, 30, 79, 11);
INSERT INTO [ORDER] (ID_Order, ID_Table, OrderDate, TotalPrice, ActualPrice, ID_Customer, ID_Review, ID_Employee, ID_Branch) VALUES (23, 269, '2023-01-20', 0, 0, 11, 16, 190, 11);
INSERT INTO [ORDER] (ID_Order, ID_Table, OrderDate, TotalPrice, ActualPrice, ID_Customer, ID_Review, ID_Employee, ID_Branch) VALUES (24, 272, '2023-03-25', 0, 0, 8, 11, 87, 11);
INSERT INTO [ORDER] (ID_Order, ID_Table, OrderDate, TotalPrice, ActualPrice, ID_Customer, ID_Review, ID_Employee, ID_Branch) VALUES (25, 271, '2023-06-01', 0, 0, 20, 14, 133, 11);
INSERT INTO [ORDER] (ID_Order, ID_Table, OrderDate, TotalPrice, ActualPrice, ID_Customer, ID_Review, ID_Employee, ID_Branch) VALUES (26, 286, '2024-10-02', 0, 0, 8, 28, 32, 11);
INSERT INTO [ORDER] (ID_Order, ID_Table, OrderDate, TotalPrice, ActualPrice, ID_Customer, ID_Review, ID_Employee, ID_Branch) VALUES (27, 273, '2024-07-08', 0, 0, 31, 36, 133, 11);
INSERT INTO [ORDER] (ID_Order, ID_Table, OrderDate, TotalPrice, ActualPrice, ID_Customer, ID_Review, ID_Employee, ID_Branch) VALUES (28, 279, '2024-10-02', 0, 0, 29, 3, 25, 11);
INSERT INTO [ORDER] (ID_Order, ID_Table, OrderDate, TotalPrice, ActualPrice, ID_Customer, ID_Review, ID_Employee, ID_Branch) VALUES (29, 294, '2024-05-02', 0, 0, 24, 26, 127, 11);
INSERT INTO [ORDER] (ID_Order, ID_Table, OrderDate, TotalPrice, ActualPrice, ID_Customer, ID_Review, ID_Employee, ID_Branch) VALUES (30, 275, '2024-06-30', 0, 0, 17, 35, 176, 11);
INSERT INTO [ORDER] (ID_Order, ID_Table, OrderDate, TotalPrice, ActualPrice, ID_Customer, ID_Review, ID_Employee, ID_Branch) VALUES (31, 284, '2024-11-16', 0, 0, 6, 21, 53, 11);
INSERT INTO [ORDER] (ID_Order, ID_Table, OrderDate, TotalPrice, ActualPrice, ID_Customer, ID_Review, ID_Employee, ID_Branch) VALUES (32, NULL, '2023-10-06', 0, 0, 8, 8, 146, 11);
INSERT INTO [ORDER] (ID_Order, ID_Table, OrderDate, TotalPrice, ActualPrice, ID_Customer, ID_Review, ID_Employee, ID_Branch) VALUES (33, NULL, '2024-09-06', 0, 0, 5, 17, 4, 11);
INSERT INTO [ORDER] (ID_Order, ID_Table, OrderDate, TotalPrice, ActualPrice, ID_Customer, ID_Review, ID_Employee, ID_Branch) VALUES (34, NULL, '2024-02-22', 0, 0, 23, 15, 53, 11);
INSERT INTO [ORDER] (ID_Order, ID_Table, OrderDate, TotalPrice, ActualPrice, ID_Customer, ID_Review, ID_Employee, ID_Branch) VALUES (35, NULL, '2023-12-06', 0, 0, 26, 34, 35, 11);
INSERT INTO [ORDER] (ID_Order, ID_Table, OrderDate, TotalPrice, ActualPrice, ID_Customer, ID_Review, ID_Employee, ID_Branch) VALUES (36, NULL, '2024-04-14', 0, 0, 13, 23, 182, 11);
INSERT INTO [ORDER] (ID_Order, ID_Table, OrderDate, TotalPrice, ActualPrice, ID_Customer, ID_Review, ID_Employee, ID_Branch) VALUES (37, NULL, '2024-08-23', 0, 0, 13, 20, 46, 11);
INSERT INTO [ORDER] (ID_Order, ID_Table, OrderDate, TotalPrice, ActualPrice, ID_Customer, ID_Review, ID_Employee, ID_Branch) VALUES (38, NULL, '2023-08-08', 0, 0, 13, 10, 159, 11);
INSERT INTO [ORDER] (ID_Order, ID_Table, OrderDate, TotalPrice, ActualPrice, ID_Customer, ID_Review, ID_Employee, ID_Branch) VALUES (39, NULL, '2023-08-12', 0, 0, 35, 25, 112, 11);
INSERT INTO [ORDER] (ID_Order, ID_Table, OrderDate, TotalPrice, ActualPrice, ID_Customer, ID_Review, ID_Employee, ID_Branch) VALUES (40, NULL, '2023-05-30', 0, 0, 12, 1, 11, 11);
INSERT INTO [ORDER] (ID_Order, ID_Table, OrderDate, TotalPrice, ActualPrice, ID_Customer, ID_Review, ID_Employee, ID_Branch) VALUES (1, 298, '2023-01-16', 0, 0, 27, 24, 98, 12);
INSERT INTO [ORDER] (ID_Order, ID_Table, OrderDate, TotalPrice, ActualPrice, ID_Customer, ID_Review, ID_Employee, ID_Branch) VALUES (2, 307, '2024-10-26', 0, 0, 20, 14, 63, 12);
INSERT INTO [ORDER] (ID_Order, ID_Table, OrderDate, TotalPrice, ActualPrice, ID_Customer, ID_Review, ID_Employee, ID_Branch) VALUES (3, 298, '2023-07-02', 0, 0, 41, 27, 74, 12);
INSERT INTO [ORDER] (ID_Order, ID_Table, OrderDate, TotalPrice, ActualPrice, ID_Customer, ID_Review, ID_Employee, ID_Branch) VALUES (4, 301, '2024-08-01', 0, 0, 12, 31, 115, 12);
INSERT INTO [ORDER] (ID_Order, ID_Table, OrderDate, TotalPrice, ActualPrice, ID_Customer, ID_Review, ID_Employee, ID_Branch) VALUES (5, 302, '2024-06-27', 0, 0, 35, 3, 3, 12);
INSERT INTO [ORDER] (ID_Order, ID_Table, OrderDate, TotalPrice, ActualPrice, ID_Customer, ID_Review, ID_Employee, ID_Branch) VALUES (6, 308, '2024-05-10', 0, 0, 5, 15, 220, 12);
INSERT INTO [ORDER] (ID_Order, ID_Table, OrderDate, TotalPrice, ActualPrice, ID_Customer, ID_Review, ID_Employee, ID_Branch) VALUES (7, 298, '2023-11-09', 0, 0, 12, 41, 175, 12);
INSERT INTO [ORDER] (ID_Order, ID_Table, OrderDate, TotalPrice, ActualPrice, ID_Customer, ID_Review, ID_Employee, ID_Branch) VALUES (8, 298, '2023-11-12', 0, 0, 13, 17, 162, 12);
INSERT INTO [ORDER] (ID_Order, ID_Table, OrderDate, TotalPrice, ActualPrice, ID_Customer, ID_Review, ID_Employee, ID_Branch) VALUES (9, 306, '2024-10-25', 0, 0, 7, 18, 62, 12);
INSERT INTO [ORDER] (ID_Order, ID_Table, OrderDate, TotalPrice, ActualPrice, ID_Customer, ID_Review, ID_Employee, ID_Branch) VALUES (10, 302, '2023-09-07', 0, 0, 8, 23, 23, 12);
INSERT INTO [ORDER] (ID_Order, ID_Table, OrderDate, TotalPrice, ActualPrice, ID_Customer, ID_Review, ID_Employee, ID_Branch) VALUES (11, 311, '2023-07-04', 0, 0, 35, 10, 55, 12);
INSERT INTO [ORDER] (ID_Order, ID_Table, OrderDate, TotalPrice, ActualPrice, ID_Customer, ID_Review, ID_Employee, ID_Branch) VALUES (12, 297, '2022-12-27', 0, 0, 38, 28, 221, 12);
INSERT INTO [ORDER] (ID_Order, ID_Table, OrderDate, TotalPrice, ActualPrice, ID_Customer, ID_Review, ID_Employee, ID_Branch) VALUES (13, 315, '2024-09-29', 0, 0, 15, 19, 206, 12);
INSERT INTO [ORDER] (ID_Order, ID_Table, OrderDate, TotalPrice, ActualPrice, ID_Customer, ID_Review, ID_Employee, ID_Branch) VALUES (14, 311, '2024-06-09', 0, 0, 30, 25, 81, 12);
INSERT INTO [ORDER] (ID_Order, ID_Table, OrderDate, TotalPrice, ActualPrice, ID_Customer, ID_Review, ID_Employee, ID_Branch) VALUES (15, 296, '2023-06-18', 0, 0, 12, 4, 129, 12);
INSERT INTO [ORDER] (ID_Order, ID_Table, OrderDate, TotalPrice, ActualPrice, ID_Customer, ID_Review, ID_Employee, ID_Branch) VALUES (16, 296, '2024-01-07', 0, 0, 24, 1, 37, 12);
INSERT INTO [ORDER] (ID_Order, ID_Table, OrderDate, TotalPrice, ActualPrice, ID_Customer, ID_Review, ID_Employee, ID_Branch) VALUES (17, 306, '2023-02-21', 0, 0, 31, 8, 14, 12);
INSERT INTO [ORDER] (ID_Order, ID_Table, OrderDate, TotalPrice, ActualPrice, ID_Customer, ID_Review, ID_Employee, ID_Branch) VALUES (18, 303, '2023-05-11', 0, 0, 4, 38, 158, 12);
INSERT INTO [ORDER] (ID_Order, ID_Table, OrderDate, TotalPrice, ActualPrice, ID_Customer, ID_Review, ID_Employee, ID_Branch) VALUES (19, 302, '2024-03-01', 0, 0, 40, 22, 168, 12);
INSERT INTO [ORDER] (ID_Order, ID_Table, OrderDate, TotalPrice, ActualPrice, ID_Customer, ID_Review, ID_Employee, ID_Branch) VALUES (20, 299, '2023-02-03', 0, 0, 40, 26, 157, 12);
INSERT INTO [ORDER] (ID_Order, ID_Table, OrderDate, TotalPrice, ActualPrice, ID_Customer, ID_Review, ID_Employee, ID_Branch) VALUES (21, 299, '2023-11-01', 0, 0, 13, 36, 184, 12);
INSERT INTO [ORDER] (ID_Order, ID_Table, OrderDate, TotalPrice, ActualPrice, ID_Customer, ID_Review, ID_Employee, ID_Branch) VALUES (22, 309, '2024-08-03', 0, 0, 29, 20, 214, 12);
INSERT INTO [ORDER] (ID_Order, ID_Table, OrderDate, TotalPrice, ActualPrice, ID_Customer, ID_Review, ID_Employee, ID_Branch) VALUES (23, 302, '2023-05-07', 0, 0, 36, 30, 6, 12);
INSERT INTO [ORDER] (ID_Order, ID_Table, OrderDate, TotalPrice, ActualPrice, ID_Customer, ID_Review, ID_Employee, ID_Branch) VALUES (24, 309, '2024-08-24', 0, 0, 18, 33, 203, 12);
INSERT INTO [ORDER] (ID_Order, ID_Table, OrderDate, TotalPrice, ActualPrice, ID_Customer, ID_Review, ID_Employee, ID_Branch) VALUES (25, 306, '2023-03-31', 0, 0, 7, 11, 109, 12);
INSERT INTO [ORDER] (ID_Order, ID_Table, OrderDate, TotalPrice, ActualPrice, ID_Customer, ID_Review, ID_Employee, ID_Branch) VALUES (26, 300, '2024-05-04', 0, 0, 22, 6, 192, 12);
INSERT INTO [ORDER] (ID_Order, ID_Table, OrderDate, TotalPrice, ActualPrice, ID_Customer, ID_Review, ID_Employee, ID_Branch) VALUES (27, 309, '2023-03-20', 0, 0, 15, 12, 85, 12);
INSERT INTO [ORDER] (ID_Order, ID_Table, OrderDate, TotalPrice, ActualPrice, ID_Customer, ID_Review, ID_Employee, ID_Branch) VALUES (28, 306, '2024-08-24', 0, 0, 3, 7, 23, 12);
INSERT INTO [ORDER] (ID_Order, ID_Table, OrderDate, TotalPrice, ActualPrice, ID_Customer, ID_Review, ID_Employee, ID_Branch) VALUES (29, 312, '2024-09-15', 0, 0, 30, 21, 186, 12);
INSERT INTO [ORDER] (ID_Order, ID_Table, OrderDate, TotalPrice, ActualPrice, ID_Customer, ID_Review, ID_Employee, ID_Branch) VALUES (30, 311, '2023-11-27', 0, 0, 34, 40, 98, 12);
INSERT INTO [ORDER] (ID_Order, ID_Table, OrderDate, TotalPrice, ActualPrice, ID_Customer, ID_Review, ID_Employee, ID_Branch) VALUES (31, 312, '2024-08-01', 0, 0, 3, 29, 70, 12);
INSERT INTO [ORDER] (ID_Order, ID_Table, OrderDate, TotalPrice, ActualPrice, ID_Customer, ID_Review, ID_Employee, ID_Branch) VALUES (32, NULL, '2023-01-13', 0, 0, 39, 9, 181, 12);
INSERT INTO [ORDER] (ID_Order, ID_Table, OrderDate, TotalPrice, ActualPrice, ID_Customer, ID_Review, ID_Employee, ID_Branch) VALUES (33, NULL, '2024-05-26', 0, 0, 20, 13, 219, 12);
INSERT INTO [ORDER] (ID_Order, ID_Table, OrderDate, TotalPrice, ActualPrice, ID_Customer, ID_Review, ID_Employee, ID_Branch) VALUES (34, NULL, '2024-11-25', 0, 0, 12, 5, 83, 12);
INSERT INTO [ORDER] (ID_Order, ID_Table, OrderDate, TotalPrice, ActualPrice, ID_Customer, ID_Review, ID_Employee, ID_Branch) VALUES (35, NULL, '2023-01-06', 0, 0, 6, 37, 190, 12);
INSERT INTO [ORDER] (ID_Order, ID_Table, OrderDate, TotalPrice, ActualPrice, ID_Customer, ID_Review, ID_Employee, ID_Branch) VALUES (36, NULL, '2023-12-11', 0, 0, 26, 2, 141, 12);
INSERT INTO [ORDER] (ID_Order, ID_Table, OrderDate, TotalPrice, ActualPrice, ID_Customer, ID_Review, ID_Employee, ID_Branch) VALUES (37, NULL, '2024-01-17', 0, 0, 37, 34, 84, 12);
INSERT INTO [ORDER] (ID_Order, ID_Table, OrderDate, TotalPrice, ActualPrice, ID_Customer, ID_Review, ID_Employee, ID_Branch) VALUES (38, NULL, '2023-12-25', 0, 0, 33, 16, 186, 12);
INSERT INTO [ORDER] (ID_Order, ID_Table, OrderDate, TotalPrice, ActualPrice, ID_Customer, ID_Review, ID_Employee, ID_Branch) VALUES (39, NULL, '2024-07-11', 0, 0, 31, 32, 43, 12);
INSERT INTO [ORDER] (ID_Order, ID_Table, OrderDate, TotalPrice, ActualPrice, ID_Customer, ID_Review, ID_Employee, ID_Branch) VALUES (40, NULL, '2024-06-05', 0, 0, 23, 39, 161, 12);
INSERT INTO [ORDER] (ID_Order, ID_Table, OrderDate, TotalPrice, ActualPrice, ID_Customer, ID_Review, ID_Employee, ID_Branch) VALUES (1, 332, '2024-11-19', 0, 0, 41, 23, 4, 13);
INSERT INTO [ORDER] (ID_Order, ID_Table, OrderDate, TotalPrice, ActualPrice, ID_Customer, ID_Review, ID_Employee, ID_Branch) VALUES (2, 320, '2022-12-21', 0, 0, 6, 7, 183, 13);
INSERT INTO [ORDER] (ID_Order, ID_Table, OrderDate, TotalPrice, ActualPrice, ID_Customer, ID_Review, ID_Employee, ID_Branch) VALUES (3, 340, '2023-08-16', 0, 0, 8, 21, 207, 13);
INSERT INTO [ORDER] (ID_Order, ID_Table, OrderDate, TotalPrice, ActualPrice, ID_Customer, ID_Review, ID_Employee, ID_Branch) VALUES (4, 323, '2024-06-22', 0, 0, 25, 3, 212, 13);
INSERT INTO [ORDER] (ID_Order, ID_Table, OrderDate, TotalPrice, ActualPrice, ID_Customer, ID_Review, ID_Employee, ID_Branch) VALUES (5, 328, '2024-01-24', 0, 0, 17, 26, 159, 13);
INSERT INTO [ORDER] (ID_Order, ID_Table, OrderDate, TotalPrice, ActualPrice, ID_Customer, ID_Review, ID_Employee, ID_Branch) VALUES (6, 317, '2023-09-18', 0, 0, 24, 2, 203, 13);
INSERT INTO [ORDER] (ID_Order, ID_Table, OrderDate, TotalPrice, ActualPrice, ID_Customer, ID_Review, ID_Employee, ID_Branch) VALUES (7, 317, '2024-02-02', 0, 0, 7, 32, 165, 13);
INSERT INTO [ORDER] (ID_Order, ID_Table, OrderDate, TotalPrice, ActualPrice, ID_Customer, ID_Review, ID_Employee, ID_Branch) VALUES (8, 335, '2024-09-12', 0, 0, 30, 31, 138, 13);
INSERT INTO [ORDER] (ID_Order, ID_Table, OrderDate, TotalPrice, ActualPrice, ID_Customer, ID_Review, ID_Employee, ID_Branch) VALUES (9, 326, '2023-09-07', 0, 0, 34, 11, 141, 13);
INSERT INTO [ORDER] (ID_Order, ID_Table, OrderDate, TotalPrice, ActualPrice, ID_Customer, ID_Review, ID_Employee, ID_Branch) VALUES (10, 337, '2023-06-01', 0, 0, 22, 10, 115, 13);
INSERT INTO [ORDER] (ID_Order, ID_Table, OrderDate, TotalPrice, ActualPrice, ID_Customer, ID_Review, ID_Employee, ID_Branch) VALUES (11, 318, '2023-04-11', 0, 0, 38, 12, 175, 13);
INSERT INTO [ORDER] (ID_Order, ID_Table, OrderDate, TotalPrice, ActualPrice, ID_Customer, ID_Review, ID_Employee, ID_Branch) VALUES (12, 337, '2023-04-21', 0, 0, 11, 9, 136, 13);
INSERT INTO [ORDER] (ID_Order, ID_Table, OrderDate, TotalPrice, ActualPrice, ID_Customer, ID_Review, ID_Employee, ID_Branch) VALUES (13, 332, '2024-01-16', 0, 0, 3, 29, 206, 13);
INSERT INTO [ORDER] (ID_Order, ID_Table, OrderDate, TotalPrice, ActualPrice, ID_Customer, ID_Review, ID_Employee, ID_Branch) VALUES (14, 333, '2023-10-21', 0, 0, 32, 19, 50, 13);
INSERT INTO [ORDER] (ID_Order, ID_Table, OrderDate, TotalPrice, ActualPrice, ID_Customer, ID_Review, ID_Employee, ID_Branch) VALUES (15, 327, '2024-09-19', 0, 0, 31, 34, 146, 13);
INSERT INTO [ORDER] (ID_Order, ID_Table, OrderDate, TotalPrice, ActualPrice, ID_Customer, ID_Review, ID_Employee, ID_Branch) VALUES (16, 337, '2023-09-30', 0, 0, 36, 35, 179, 13);
INSERT INTO [ORDER] (ID_Order, ID_Table, OrderDate, TotalPrice, ActualPrice, ID_Customer, ID_Review, ID_Employee, ID_Branch) VALUES (17, 331, '2024-03-11', 0, 0, 9, 36, 170, 13);
INSERT INTO [ORDER] (ID_Order, ID_Table, OrderDate, TotalPrice, ActualPrice, ID_Customer, ID_Review, ID_Employee, ID_Branch) VALUES (18, 317, '2023-11-03', 0, 0, 1, 40, 74, 13);
INSERT INTO [ORDER] (ID_Order, ID_Table, OrderDate, TotalPrice, ActualPrice, ID_Customer, ID_Review, ID_Employee, ID_Branch) VALUES (19, 340, '2024-05-30', 0, 0, 12, 17, 94, 13);
INSERT INTO [ORDER] (ID_Order, ID_Table, OrderDate, TotalPrice, ActualPrice, ID_Customer, ID_Review, ID_Employee, ID_Branch) VALUES (20, 319, '2024-02-29', 0, 0, 37, 30, 35, 13);
INSERT INTO [ORDER] (ID_Order, ID_Table, OrderDate, TotalPrice, ActualPrice, ID_Customer, ID_Review, ID_Employee, ID_Branch) VALUES (21, 335, '2024-07-08', 0, 0, 1, 25, 207, 13);
INSERT INTO [ORDER] (ID_Order, ID_Table, OrderDate, TotalPrice, ActualPrice, ID_Customer, ID_Review, ID_Employee, ID_Branch) VALUES (22, 323, '2024-01-26', 0, 0, 16, 6, 100, 13);
INSERT INTO [ORDER] (ID_Order, ID_Table, OrderDate, TotalPrice, ActualPrice, ID_Customer, ID_Review, ID_Employee, ID_Branch) VALUES (23, 332, '2023-01-06', 0, 0, 7, 39, 136, 13);
INSERT INTO [ORDER] (ID_Order, ID_Table, OrderDate, TotalPrice, ActualPrice, ID_Customer, ID_Review, ID_Employee, ID_Branch) VALUES (24, 320, '2023-02-16', 0, 0, 23, 13, 210, 13);
INSERT INTO [ORDER] (ID_Order, ID_Table, OrderDate, TotalPrice, ActualPrice, ID_Customer, ID_Review, ID_Employee, ID_Branch) VALUES (25, 326, '2023-10-09', 0, 0, 24, 18, 151, 13);
INSERT INTO [ORDER] (ID_Order, ID_Table, OrderDate, TotalPrice, ActualPrice, ID_Customer, ID_Review, ID_Employee, ID_Branch) VALUES (26, 332, '2023-03-11', 0, 0, 19, 20, 87, 13);
INSERT INTO [ORDER] (ID_Order, ID_Table, OrderDate, TotalPrice, ActualPrice, ID_Customer, ID_Review, ID_Employee, ID_Branch) VALUES (27, 341, '2024-03-04', 0, 0, 11, 38, 6, 13);
INSERT INTO [ORDER] (ID_Order, ID_Table, OrderDate, TotalPrice, ActualPrice, ID_Customer, ID_Review, ID_Employee, ID_Branch) VALUES (28, 317, '2024-01-12', 0, 0, 18, 22, 50, 13);
INSERT INTO [ORDER] (ID_Order, ID_Table, OrderDate, TotalPrice, ActualPrice, ID_Customer, ID_Review, ID_Employee, ID_Branch) VALUES (29, 328, '2024-01-26', 0, 0, 18, 27, 132, 13);
INSERT INTO [ORDER] (ID_Order, ID_Table, OrderDate, TotalPrice, ActualPrice, ID_Customer, ID_Review, ID_Employee, ID_Branch) VALUES (30, 339, '2023-08-27', 0, 0, 3, 14, 208, 13);
INSERT INTO [ORDER] (ID_Order, ID_Table, OrderDate, TotalPrice, ActualPrice, ID_Customer, ID_Review, ID_Employee, ID_Branch) VALUES (31, 325, '2023-04-07', 0, 0, 6, 24, 131, 13);
INSERT INTO [ORDER] (ID_Order, ID_Table, OrderDate, TotalPrice, ActualPrice, ID_Customer, ID_Review, ID_Employee, ID_Branch) VALUES (32, NULL, '2023-04-19', 0, 0, 36, 8, 40, 13);
INSERT INTO [ORDER] (ID_Order, ID_Table, OrderDate, TotalPrice, ActualPrice, ID_Customer, ID_Review, ID_Employee, ID_Branch) VALUES (33, NULL, '2023-10-24', 0, 0, 16, 28, 4, 13);
INSERT INTO [ORDER] (ID_Order, ID_Table, OrderDate, TotalPrice, ActualPrice, ID_Customer, ID_Review, ID_Employee, ID_Branch) VALUES (34, NULL, '2023-02-24', 0, 0, 9, 5, 170, 13);
INSERT INTO [ORDER] (ID_Order, ID_Table, OrderDate, TotalPrice, ActualPrice, ID_Customer, ID_Review, ID_Employee, ID_Branch) VALUES (35, NULL, '2024-05-08', 0, 0, 14, 37, 205, 13);
INSERT INTO [ORDER] (ID_Order, ID_Table, OrderDate, TotalPrice, ActualPrice, ID_Customer, ID_Review, ID_Employee, ID_Branch) VALUES (36, NULL, '2023-09-27', 0, 0, 34, 41, 165, 13);
INSERT INTO [ORDER] (ID_Order, ID_Table, OrderDate, TotalPrice, ActualPrice, ID_Customer, ID_Review, ID_Employee, ID_Branch) VALUES (37, NULL, '2023-09-04', 0, 0, 20, 4, 136, 13);
INSERT INTO [ORDER] (ID_Order, ID_Table, OrderDate, TotalPrice, ActualPrice, ID_Customer, ID_Review, ID_Employee, ID_Branch) VALUES (38, NULL, '2024-03-23', 0, 0, 16, 1, 77, 13);
INSERT INTO [ORDER] (ID_Order, ID_Table, OrderDate, TotalPrice, ActualPrice, ID_Customer, ID_Review, ID_Employee, ID_Branch) VALUES (39, NULL, '2024-05-02', 0, 0, 6, 33, 206, 13);
INSERT INTO [ORDER] (ID_Order, ID_Table, OrderDate, TotalPrice, ActualPrice, ID_Customer, ID_Review, ID_Employee, ID_Branch) VALUES (40, NULL, '2024-11-24', 0, 0, 38, 15, 179, 13);
INSERT INTO [ORDER] (ID_Order, ID_Table, OrderDate, TotalPrice, ActualPrice, ID_Customer, ID_Review, ID_Employee, ID_Branch) VALUES (1, 356, '2023-05-28', 0, 0, 11, 33, 11, 14);
INSERT INTO [ORDER] (ID_Order, ID_Table, OrderDate, TotalPrice, ActualPrice, ID_Customer, ID_Review, ID_Employee, ID_Branch) VALUES (2, 358, '2023-04-26', 0, 0, 20, 25, 85, 14);
INSERT INTO [ORDER] (ID_Order, ID_Table, OrderDate, TotalPrice, ActualPrice, ID_Customer, ID_Review, ID_Employee, ID_Branch) VALUES (3, 362, '2023-07-15', 0, 0, 24, 41, 69, 14);
INSERT INTO [ORDER] (ID_Order, ID_Table, OrderDate, TotalPrice, ActualPrice, ID_Customer, ID_Review, ID_Employee, ID_Branch) VALUES (4, 353, '2024-02-12', 0, 0, 30, 35, 150, 14);
INSERT INTO [ORDER] (ID_Order, ID_Table, OrderDate, TotalPrice, ActualPrice, ID_Customer, ID_Review, ID_Employee, ID_Branch) VALUES (5, 351, '2024-06-19', 0, 0, 1, 14, 159, 14);
INSERT INTO [ORDER] (ID_Order, ID_Table, OrderDate, TotalPrice, ActualPrice, ID_Customer, ID_Review, ID_Employee, ID_Branch) VALUES (6, 351, '2024-06-02', 0, 0, 9, 2, 213, 14);
INSERT INTO [ORDER] (ID_Order, ID_Table, OrderDate, TotalPrice, ActualPrice, ID_Customer, ID_Review, ID_Employee, ID_Branch) VALUES (7, 362, '2023-03-23', 0, 0, 34, 17, 164, 14);
INSERT INTO [ORDER] (ID_Order, ID_Table, OrderDate, TotalPrice, ActualPrice, ID_Customer, ID_Review, ID_Employee, ID_Branch) VALUES (8, 360, '2023-09-28', 0, 0, 28, 24, 49, 14);
INSERT INTO [ORDER] (ID_Order, ID_Table, OrderDate, TotalPrice, ActualPrice, ID_Customer, ID_Review, ID_Employee, ID_Branch) VALUES (9, 351, '2023-12-18', 0, 0, 12, 20, 151, 14);
INSERT INTO [ORDER] (ID_Order, ID_Table, OrderDate, TotalPrice, ActualPrice, ID_Customer, ID_Review, ID_Employee, ID_Branch) VALUES (10, 343, '2024-10-10', 0, 0, 34, 38, 72, 14);
INSERT INTO [ORDER] (ID_Order, ID_Table, OrderDate, TotalPrice, ActualPrice, ID_Customer, ID_Review, ID_Employee, ID_Branch) VALUES (11, 349, '2023-10-06', 0, 0, 36, 16, 46, 14);
INSERT INTO [ORDER] (ID_Order, ID_Table, OrderDate, TotalPrice, ActualPrice, ID_Customer, ID_Review, ID_Employee, ID_Branch) VALUES (12, 344, '2023-05-28', 0, 0, 5, 10, 50, 14);
INSERT INTO [ORDER] (ID_Order, ID_Table, OrderDate, TotalPrice, ActualPrice, ID_Customer, ID_Review, ID_Employee, ID_Branch) VALUES (13, 357, '2023-06-28', 0, 0, 18, 12, 4, 14);
INSERT INTO [ORDER] (ID_Order, ID_Table, OrderDate, TotalPrice, ActualPrice, ID_Customer, ID_Review, ID_Employee, ID_Branch) VALUES (14, 356, '2023-04-12', 0, 0, 33, 5, 50, 14);
INSERT INTO [ORDER] (ID_Order, ID_Table, OrderDate, TotalPrice, ActualPrice, ID_Customer, ID_Review, ID_Employee, ID_Branch) VALUES (15, 345, '2024-04-02', 0, 0, 16, 37, 216, 14);
INSERT INTO [ORDER] (ID_Order, ID_Table, OrderDate, TotalPrice, ActualPrice, ID_Customer, ID_Review, ID_Employee, ID_Branch) VALUES (16, 355, '2024-01-23', 0, 0, 16, 11, 33, 14);
INSERT INTO [ORDER] (ID_Order, ID_Table, OrderDate, TotalPrice, ActualPrice, ID_Customer, ID_Review, ID_Employee, ID_Branch) VALUES (17, 360, '2023-01-06', 0, 0, 32, 29, 49, 14);
INSERT INTO [ORDER] (ID_Order, ID_Table, OrderDate, TotalPrice, ActualPrice, ID_Customer, ID_Review, ID_Employee, ID_Branch) VALUES (18, 342, '2023-04-17', 0, 0, 1, 30, 97, 14);
INSERT INTO [ORDER] (ID_Order, ID_Table, OrderDate, TotalPrice, ActualPrice, ID_Customer, ID_Review, ID_Employee, ID_Branch) VALUES (19, 360, '2023-11-30', 0, 0, 19, 28, 33, 14);
INSERT INTO [ORDER] (ID_Order, ID_Table, OrderDate, TotalPrice, ActualPrice, ID_Customer, ID_Review, ID_Employee, ID_Branch) VALUES (20, 343, '2024-09-07', 0, 0, 20, 7, 124, 14);
INSERT INTO [ORDER] (ID_Order, ID_Table, OrderDate, TotalPrice, ActualPrice, ID_Customer, ID_Review, ID_Employee, ID_Branch) VALUES (21, 357, '2024-08-23', 0, 0, 26, 27, 72, 14);
INSERT INTO [ORDER] (ID_Order, ID_Table, OrderDate, TotalPrice, ActualPrice, ID_Customer, ID_Review, ID_Employee, ID_Branch) VALUES (22, 362, '2024-12-15', 0, 0, 38, 18, 71, 14);
INSERT INTO [ORDER] (ID_Order, ID_Table, OrderDate, TotalPrice, ActualPrice, ID_Customer, ID_Review, ID_Employee, ID_Branch) VALUES (23, 359, '2024-05-06', 0, 0, 14, 9, 112, 14);
INSERT INTO [ORDER] (ID_Order, ID_Table, OrderDate, TotalPrice, ActualPrice, ID_Customer, ID_Review, ID_Employee, ID_Branch) VALUES (24, 359, '2024-03-14', 0, 0, 33, 36, 48, 14);
INSERT INTO [ORDER] (ID_Order, ID_Table, OrderDate, TotalPrice, ActualPrice, ID_Customer, ID_Review, ID_Employee, ID_Branch) VALUES (25, 344, '2024-10-03', 0, 0, 15, 39, 195, 14);
INSERT INTO [ORDER] (ID_Order, ID_Table, OrderDate, TotalPrice, ActualPrice, ID_Customer, ID_Review, ID_Employee, ID_Branch) VALUES (26, 357, '2023-12-09', 0, 0, 13, 1, 151, 14);
INSERT INTO [ORDER] (ID_Order, ID_Table, OrderDate, TotalPrice, ActualPrice, ID_Customer, ID_Review, ID_Employee, ID_Branch) VALUES (27, 347, '2023-04-06', 0, 0, 23, 19, 117, 14);
INSERT INTO [ORDER] (ID_Order, ID_Table, OrderDate, TotalPrice, ActualPrice, ID_Customer, ID_Review, ID_Employee, ID_Branch) VALUES (28, 358, '2023-04-19', 0, 0, 16, 40, 54, 14);
INSERT INTO [ORDER] (ID_Order, ID_Table, OrderDate, TotalPrice, ActualPrice, ID_Customer, ID_Review, ID_Employee, ID_Branch) VALUES (29, 362, '2023-03-26', 0, 0, 27, 31, 151, 14);
INSERT INTO [ORDER] (ID_Order, ID_Table, OrderDate, TotalPrice, ActualPrice, ID_Customer, ID_Review, ID_Employee, ID_Branch) VALUES (30, 355, '2023-04-21', 0, 0, 37, 15, 29, 14);
INSERT INTO [ORDER] (ID_Order, ID_Table, OrderDate, TotalPrice, ActualPrice, ID_Customer, ID_Review, ID_Employee, ID_Branch) VALUES (31, 351, '2023-11-30', 0, 0, 6, 32, 54, 14);
INSERT INTO [ORDER] (ID_Order, ID_Table, OrderDate, TotalPrice, ActualPrice, ID_Customer, ID_Review, ID_Employee, ID_Branch) VALUES (32, NULL, '2023-02-09', 0, 0, 13, 13, 77, 14);
INSERT INTO [ORDER] (ID_Order, ID_Table, OrderDate, TotalPrice, ActualPrice, ID_Customer, ID_Review, ID_Employee, ID_Branch) VALUES (33, NULL, '2023-07-15', 0, 0, 11, 3, 190, 14);
INSERT INTO [ORDER] (ID_Order, ID_Table, OrderDate, TotalPrice, ActualPrice, ID_Customer, ID_Review, ID_Employee, ID_Branch) VALUES (34, NULL, '2024-06-19', 0, 0, 11, 23, 124, 14);
INSERT INTO [ORDER] (ID_Order, ID_Table, OrderDate, TotalPrice, ActualPrice, ID_Customer, ID_Review, ID_Employee, ID_Branch) VALUES (35, NULL, '2023-02-13', 0, 0, 10, 4, 161, 14);
INSERT INTO [ORDER] (ID_Order, ID_Table, OrderDate, TotalPrice, ActualPrice, ID_Customer, ID_Review, ID_Employee, ID_Branch) VALUES (36, NULL, '2023-04-01', 0, 0, 20, 21, 120, 14);
INSERT INTO [ORDER] (ID_Order, ID_Table, OrderDate, TotalPrice, ActualPrice, ID_Customer, ID_Review, ID_Employee, ID_Branch) VALUES (37, NULL, '2022-12-24', 0, 0, 13, 26, 117, 14);
INSERT INTO [ORDER] (ID_Order, ID_Table, OrderDate, TotalPrice, ActualPrice, ID_Customer, ID_Review, ID_Employee, ID_Branch) VALUES (38, NULL, '2023-09-27', 0, 0, 21, 22, 195, 14);
INSERT INTO [ORDER] (ID_Order, ID_Table, OrderDate, TotalPrice, ActualPrice, ID_Customer, ID_Review, ID_Employee, ID_Branch) VALUES (39, NULL, '2024-09-07', 0, 0, 1, 6, 151, 14);
INSERT INTO [ORDER] (ID_Order, ID_Table, OrderDate, TotalPrice, ActualPrice, ID_Customer, ID_Review, ID_Employee, ID_Branch) VALUES (40, NULL, '2023-03-19', 0, 0, 5, 34, 54, 14);
INSERT INTO [ORDER] (ID_Order, ID_Table, OrderDate, TotalPrice, ActualPrice, ID_Customer, ID_Review, ID_Employee, ID_Branch) VALUES (1, 368, '2023-02-21', 0, 0, 32, 12, 150, 15);
INSERT INTO [ORDER] (ID_Order, ID_Table, OrderDate, TotalPrice, ActualPrice, ID_Customer, ID_Review, ID_Employee, ID_Branch) VALUES (2, 375, '2024-01-06', 0, 0, 2, 6, 165, 15);
INSERT INTO [ORDER] (ID_Order, ID_Table, OrderDate, TotalPrice, ActualPrice, ID_Customer, ID_Review, ID_Employee, ID_Branch) VALUES (3, 379, '2024-10-18', 0, 0, 19, 8, 222, 15);
INSERT INTO [ORDER] (ID_Order, ID_Table, OrderDate, TotalPrice, ActualPrice, ID_Customer, ID_Review, ID_Employee, ID_Branch) VALUES (4, 366, '2023-06-06', 0, 0, 32, 14, 111, 15);
INSERT INTO [ORDER] (ID_Order, ID_Table, OrderDate, TotalPrice, ActualPrice, ID_Customer, ID_Review, ID_Employee, ID_Branch) VALUES (5, 386, '2023-10-26', 0, 0, 31, 22, 80, 15);
INSERT INTO [ORDER] (ID_Order, ID_Table, OrderDate, TotalPrice, ActualPrice, ID_Customer, ID_Review, ID_Employee, ID_Branch) VALUES (6, 367, '2024-04-26', 0, 0, 23, 31, 206, 15);
INSERT INTO [ORDER] (ID_Order, ID_Table, OrderDate, TotalPrice, ActualPrice, ID_Customer, ID_Review, ID_Employee, ID_Branch) VALUES (7, 377, '2023-03-03', 0, 0, 5, 33, 52, 15);
INSERT INTO [ORDER] (ID_Order, ID_Table, OrderDate, TotalPrice, ActualPrice, ID_Customer, ID_Review, ID_Employee, ID_Branch) VALUES (8, 368, '2024-12-03', 0, 0, 33, 23, 82, 15);
INSERT INTO [ORDER] (ID_Order, ID_Table, OrderDate, TotalPrice, ActualPrice, ID_Customer, ID_Review, ID_Employee, ID_Branch) VALUES (9, 377, '2023-11-11', 0, 0, 21, 39, 143, 15);
INSERT INTO [ORDER] (ID_Order, ID_Table, OrderDate, TotalPrice, ActualPrice, ID_Customer, ID_Review, ID_Employee, ID_Branch) VALUES (10, 385, '2024-11-19', 0, 0, 7, 7, 91, 15);
INSERT INTO [ORDER] (ID_Order, ID_Table, OrderDate, TotalPrice, ActualPrice, ID_Customer, ID_Review, ID_Employee, ID_Branch) VALUES (11, 372, '2024-06-19', 0, 0, 1, 27, 30, 15);
INSERT INTO [ORDER] (ID_Order, ID_Table, OrderDate, TotalPrice, ActualPrice, ID_Customer, ID_Review, ID_Employee, ID_Branch) VALUES (12, 384, '2022-12-29', 0, 0, 33, 4, 204, 15);
INSERT INTO [ORDER] (ID_Order, ID_Table, OrderDate, TotalPrice, ActualPrice, ID_Customer, ID_Review, ID_Employee, ID_Branch) VALUES (13, 375, '2024-04-03', 0, 0, 23, 32, 191, 15);
INSERT INTO [ORDER] (ID_Order, ID_Table, OrderDate, TotalPrice, ActualPrice, ID_Customer, ID_Review, ID_Employee, ID_Branch) VALUES (14, 364, '2023-03-28', 0, 0, 30, 41, 107, 15);
INSERT INTO [ORDER] (ID_Order, ID_Table, OrderDate, TotalPrice, ActualPrice, ID_Customer, ID_Review, ID_Employee, ID_Branch) VALUES (15, 364, '2023-05-08', 0, 0, 18, 17, 46, 15);
INSERT INTO [ORDER] (ID_Order, ID_Table, OrderDate, TotalPrice, ActualPrice, ID_Customer, ID_Review, ID_Employee, ID_Branch) VALUES (16, 372, '2023-05-19', 0, 0, 33, 26, 46, 15);
INSERT INTO [ORDER] (ID_Order, ID_Table, OrderDate, TotalPrice, ActualPrice, ID_Customer, ID_Review, ID_Employee, ID_Branch) VALUES (17, 385, '2024-05-17', 0, 0, 14, 19, 145, 15);
INSERT INTO [ORDER] (ID_Order, ID_Table, OrderDate, TotalPrice, ActualPrice, ID_Customer, ID_Review, ID_Employee, ID_Branch) VALUES (18, 367, '2024-01-27', 0, 0, 4, 34, 112, 15);
INSERT INTO [ORDER] (ID_Order, ID_Table, OrderDate, TotalPrice, ActualPrice, ID_Customer, ID_Review, ID_Employee, ID_Branch) VALUES (19, 384, '2023-11-24', 0, 0, 31, 1, 100, 15);
INSERT INTO [ORDER] (ID_Order, ID_Table, OrderDate, TotalPrice, ActualPrice, ID_Customer, ID_Review, ID_Employee, ID_Branch) VALUES (20, 379, '2024-10-29', 0, 0, 38, 21, 204, 15);
INSERT INTO [ORDER] (ID_Order, ID_Table, OrderDate, TotalPrice, ActualPrice, ID_Customer, ID_Review, ID_Employee, ID_Branch) VALUES (21, 377, '2024-10-25', 0, 0, 37, 20, 130, 15);
INSERT INTO [ORDER] (ID_Order, ID_Table, OrderDate, TotalPrice, ActualPrice, ID_Customer, ID_Review, ID_Employee, ID_Branch) VALUES (22, 373, '2022-12-22', 0, 0, 16, 37, 193, 15);
INSERT INTO [ORDER] (ID_Order, ID_Table, OrderDate, TotalPrice, ActualPrice, ID_Customer, ID_Review, ID_Employee, ID_Branch) VALUES (23, 384, '2023-10-22', 0, 0, 29, 3, 143, 15);
INSERT INTO [ORDER] (ID_Order, ID_Table, OrderDate, TotalPrice, ActualPrice, ID_Customer, ID_Review, ID_Employee, ID_Branch) VALUES (24, 363, '2024-09-09', 0, 0, 9, 16, 158, 15);
INSERT INTO [ORDER] (ID_Order, ID_Table, OrderDate, TotalPrice, ActualPrice, ID_Customer, ID_Review, ID_Employee, ID_Branch) VALUES (25, 379, '2023-05-05', 0, 0, 7, 5, 190, 15);
INSERT INTO [ORDER] (ID_Order, ID_Table, OrderDate, TotalPrice, ActualPrice, ID_Customer, ID_Review, ID_Employee, ID_Branch) VALUES (26, 375, '2023-12-21', 0, 0, 16, 25, 61, 15);
INSERT INTO [ORDER] (ID_Order, ID_Table, OrderDate, TotalPrice, ActualPrice, ID_Customer, ID_Review, ID_Employee, ID_Branch) VALUES (27, 386, '2023-06-26', 0, 0, 23, 11, 39, 15);
INSERT INTO [ORDER] (ID_Order, ID_Table, OrderDate, TotalPrice, ActualPrice, ID_Customer, ID_Review, ID_Employee, ID_Branch) VALUES (28, 377, '2024-09-19', 0, 0, 30, 36, 111, 15);
INSERT INTO [ORDER] (ID_Order, ID_Table, OrderDate, TotalPrice, ActualPrice, ID_Customer, ID_Review, ID_Employee, ID_Branch) VALUES (29, 372, '2023-06-21', 0, 0, 4, 35, 141, 15);
INSERT INTO [ORDER] (ID_Order, ID_Table, OrderDate, TotalPrice, ActualPrice, ID_Customer, ID_Review, ID_Employee, ID_Branch) VALUES (30, 386, '2023-06-27', 0, 0, 38, 9, 130, 15);
INSERT INTO [ORDER] (ID_Order, ID_Table, OrderDate, TotalPrice, ActualPrice, ID_Customer, ID_Review, ID_Employee, ID_Branch) VALUES (31, 379, '2024-04-11', 0, 0, 26, 28, 200, 15);
INSERT INTO [ORDER] (ID_Order, ID_Table, OrderDate, TotalPrice, ActualPrice, ID_Customer, ID_Review, ID_Employee, ID_Branch) VALUES (32, NULL, '2023-11-01', 0, 0, 30, 10, 119, 15);
INSERT INTO [ORDER] (ID_Order, ID_Table, OrderDate, TotalPrice, ActualPrice, ID_Customer, ID_Review, ID_Employee, ID_Branch) VALUES (33, NULL, '2023-05-29', 0, 0, 33, 38, 52, 15);
INSERT INTO [ORDER] (ID_Order, ID_Table, OrderDate, TotalPrice, ActualPrice, ID_Customer, ID_Review, ID_Employee, ID_Branch) VALUES (34, NULL, '2023-08-06', 0, 0, 40, 13, 182, 15);
INSERT INTO [ORDER] (ID_Order, ID_Table, OrderDate, TotalPrice, ActualPrice, ID_Customer, ID_Review, ID_Employee, ID_Branch) VALUES (35, NULL, '2023-04-09', 0, 0, 25, 15, 39, 15);
INSERT INTO [ORDER] (ID_Order, ID_Table, OrderDate, TotalPrice, ActualPrice, ID_Customer, ID_Review, ID_Employee, ID_Branch) VALUES (36, NULL, '2023-08-26', 0, 0, 18, 29, 44, 15);
INSERT INTO [ORDER] (ID_Order, ID_Table, OrderDate, TotalPrice, ActualPrice, ID_Customer, ID_Review, ID_Employee, ID_Branch) VALUES (37, NULL, '2024-02-28', 0, 0, 15, 24, 15, 15);
INSERT INTO [ORDER] (ID_Order, ID_Table, OrderDate, TotalPrice, ActualPrice, ID_Customer, ID_Review, ID_Employee, ID_Branch) VALUES (38, NULL, '2024-09-13', 0, 0, 30, 40, 152, 15);
INSERT INTO [ORDER] (ID_Order, ID_Table, OrderDate, TotalPrice, ActualPrice, ID_Customer, ID_Review, ID_Employee, ID_Branch) VALUES (39, NULL, '2024-11-24', 0, 0, 24, 18, 44, 15);
INSERT INTO [ORDER] (ID_Order, ID_Table, OrderDate, TotalPrice, ActualPrice, ID_Customer, ID_Review, ID_Employee, ID_Branch) VALUES (40, NULL, '2023-07-20', 0, 0, 28, 30, 176, 15);
EXEC dbo.INSERT_ORDER_FOOD 362, 1, 1;
EXEC dbo.INSERT_ORDER_FOOD 571, 1, 5;
EXEC dbo.INSERT_ORDER_FOOD 190, 2, 3;
EXEC dbo.INSERT_ORDER_FOOD 415, 2, 5;
EXEC dbo.INSERT_ORDER_FOOD 571, 2, 4;
EXEC dbo.INSERT_ORDER_FOOD 166, 2, 1;
EXEC dbo.INSERT_ORDER_FOOD 277, 2, 5;
EXEC dbo.INSERT_ORDER_FOOD 143, 3, 5;
EXEC dbo.INSERT_ORDER_FOOD 170, 3, 4;
EXEC dbo.INSERT_ORDER_FOOD 362, 3, 1;
EXEC dbo.INSERT_ORDER_FOOD 571, 4, 3;
EXEC dbo.INSERT_ORDER_FOOD 579, 4, 4;
EXEC dbo.INSERT_ORDER_FOOD 445, 4, 1;
EXEC dbo.INSERT_ORDER_FOOD 391, 4, 4;
EXEC dbo.INSERT_ORDER_FOOD 201, 4, 4;
EXEC dbo.INSERT_ORDER_FOOD 248, 4, 2;
EXEC dbo.INSERT_ORDER_FOOD 234, 4, 2;
EXEC dbo.INSERT_ORDER_FOOD 248, 4, 3;
EXEC dbo.INSERT_ORDER_FOOD 579, 5, 3;
EXEC dbo.INSERT_ORDER_FOOD 323, 6, 1;
EXEC dbo.INSERT_ORDER_FOOD 502, 6, 1;
EXEC dbo.INSERT_ORDER_FOOD 517, 6, 5;
EXEC dbo.INSERT_ORDER_FOOD 323, 6, 1;
EXEC dbo.INSERT_ORDER_FOOD 98, 6, 4;
EXEC dbo.INSERT_ORDER_FOOD 361, 6, 3;
EXEC dbo.INSERT_ORDER_FOOD 201, 6, 1;
EXEC dbo.INSERT_ORDER_FOOD 15, 6, 2;
EXEC dbo.INSERT_ORDER_FOOD 234, 6, 2;
EXEC dbo.INSERT_ORDER_FOOD 588, 7, 2;
EXEC dbo.INSERT_ORDER_FOOD 517, 7, 2;
EXEC dbo.INSERT_ORDER_FOOD 13, 7, 3;
EXEC dbo.INSERT_ORDER_FOOD 143, 7, 4;
EXEC dbo.INSERT_ORDER_FOOD 218, 7, 4;
EXEC dbo.INSERT_ORDER_FOOD 143, 7, 1;
EXEC dbo.INSERT_ORDER_FOOD 166, 7, 5;
EXEC dbo.INSERT_ORDER_FOOD 15, 8, 1;
EXEC dbo.INSERT_ORDER_FOOD 318, 8, 4;
EXEC dbo.INSERT_ORDER_FOOD 581, 8, 3;
EXEC dbo.INSERT_ORDER_FOOD 362, 8, 5;
EXEC dbo.INSERT_ORDER_FOOD 368, 8, 3;
EXEC dbo.INSERT_ORDER_FOOD 143, 8, 5;
EXEC dbo.INSERT_ORDER_FOOD 445, 9, 4;
EXEC dbo.INSERT_ORDER_FOOD 234, 9, 5;
EXEC dbo.INSERT_ORDER_FOOD 55, 9, 5;
EXEC dbo.INSERT_ORDER_FOOD 361, 9, 4;
EXEC dbo.INSERT_ORDER_FOOD 250, 9, 5;
EXEC dbo.INSERT_ORDER_FOOD 591, 9, 3;
EXEC dbo.INSERT_ORDER_FOOD 417, 9, 4;
EXEC dbo.INSERT_ORDER_FOOD 166, 9, 2;
EXEC dbo.INSERT_ORDER_FOOD 55, 9, 2;
EXEC dbo.INSERT_ORDER_FOOD 566, 10, 3;
EXEC dbo.INSERT_ORDER_FOOD 332, 10, 4;
EXEC dbo.INSERT_ORDER_FOOD 391, 11, 2;
EXEC dbo.INSERT_ORDER_FOOD 581, 11, 2;
EXEC dbo.INSERT_ORDER_FOOD 78, 11, 5;
EXEC dbo.INSERT_ORDER_FOOD 391, 12, 4;
EXEC dbo.INSERT_ORDER_FOOD 579, 12, 5;
EXEC dbo.INSERT_ORDER_FOOD 323, 12, 4;
EXEC dbo.INSERT_ORDER_FOOD 190, 13, 1;
EXEC dbo.INSERT_ORDER_FOOD 544, 13, 5;
EXEC dbo.INSERT_ORDER_FOOD 468, 13, 2;
EXEC dbo.INSERT_ORDER_FOOD 396, 13, 2;
EXEC dbo.INSERT_ORDER_FOOD 591, 13, 2;
EXEC dbo.INSERT_ORDER_FOOD 571, 13, 2;
EXEC dbo.INSERT_ORDER_FOOD 588, 14, 4;
EXEC dbo.INSERT_ORDER_FOOD 361, 14, 1;
EXEC dbo.INSERT_ORDER_FOOD 417, 14, 1;
EXEC dbo.INSERT_ORDER_FOOD 234, 14, 3;
EXEC dbo.INSERT_ORDER_FOOD 463, 14, 3;
EXEC dbo.INSERT_ORDER_FOOD 170, 14, 4;
EXEC dbo.INSERT_ORDER_FOOD 396, 14, 2;
EXEC dbo.INSERT_ORDER_FOOD 332, 14, 4;
EXEC dbo.INSERT_ORDER_FOOD 502, 15, 5;
EXEC dbo.INSERT_ORDER_FOOD 143, 15, 2;
EXEC dbo.INSERT_ORDER_FOOD 362, 15, 2;
EXEC dbo.INSERT_ORDER_FOOD 388, 15, 3;
EXEC dbo.INSERT_ORDER_FOOD 170, 16, 2;
EXEC dbo.INSERT_ORDER_FOOD 388, 16, 1;
EXEC dbo.INSERT_ORDER_FOOD 571, 17, 4;
EXEC dbo.INSERT_ORDER_FOOD 248, 17, 3;
EXEC dbo.INSERT_ORDER_FOOD 579, 17, 5;
EXEC dbo.INSERT_ORDER_FOOD 15, 18, 5;
EXEC dbo.INSERT_ORDER_FOOD 318, 18, 3;
EXEC dbo.INSERT_ORDER_FOOD 43, 18, 5;
EXEC dbo.INSERT_ORDER_FOOD 415, 18, 2;
EXEC dbo.INSERT_ORDER_FOOD 55, 19, 2;
EXEC dbo.INSERT_ORDER_FOOD 463, 19, 3;
EXEC dbo.INSERT_ORDER_FOOD 463, 19, 4;
EXEC dbo.INSERT_ORDER_FOOD 396, 19, 2;
EXEC dbo.INSERT_ORDER_FOOD 143, 19, 5;
EXEC dbo.INSERT_ORDER_FOOD 15, 19, 2;
EXEC dbo.INSERT_ORDER_FOOD 218, 19, 4;
EXEC dbo.INSERT_ORDER_FOOD 581, 20, 1;
EXEC dbo.INSERT_ORDER_FOOD 536, 20, 3;
EXEC dbo.INSERT_ORDER_FOOD 99, 20, 2;
EXEC dbo.INSERT_ORDER_FOOD 82, 20, 3;
EXEC dbo.INSERT_ORDER_FOOD 391, 21, 3;
EXEC dbo.INSERT_ORDER_FOOD 192, 21, 5;
EXEC dbo.INSERT_ORDER_FOOD 99, 21, 3;
EXEC dbo.INSERT_ORDER_FOOD 566, 21, 3;
EXEC dbo.INSERT_ORDER_FOOD 250, 21, 1;
EXEC dbo.INSERT_ORDER_FOOD 588, 21, 5;
EXEC dbo.INSERT_ORDER_FOOD 234, 21, 2;
EXEC dbo.INSERT_ORDER_FOOD 78, 21, 4;
EXEC dbo.INSERT_ORDER_FOOD 277, 22, 5;
EXEC dbo.INSERT_ORDER_FOOD 318, 22, 2;
EXEC dbo.INSERT_ORDER_FOOD 581, 22, 2;
EXEC dbo.INSERT_ORDER_FOOD 190, 23, 5;
EXEC dbo.INSERT_ORDER_FOOD 361, 24, 2;
EXEC dbo.INSERT_ORDER_FOOD 517, 24, 4;
EXEC dbo.INSERT_ORDER_FOOD 415, 24, 1;
EXEC dbo.INSERT_ORDER_FOOD 588, 24, 3;
EXEC dbo.INSERT_ORDER_FOOD 13, 24, 2;
EXEC dbo.INSERT_ORDER_FOOD 55, 25, 5;
EXEC dbo.INSERT_ORDER_FOOD 15, 25, 2;
EXEC dbo.INSERT_ORDER_FOOD 361, 25, 4;
EXEC dbo.INSERT_ORDER_FOOD 308, 25, 3;
EXEC dbo.INSERT_ORDER_FOOD 143, 25, 3;
EXEC dbo.INSERT_ORDER_FOOD 170, 25, 4;
EXEC dbo.INSERT_ORDER_FOOD 43, 25, 2;
EXEC dbo.INSERT_ORDER_FOOD 78, 25, 4;
EXEC dbo.INSERT_ORDER_FOOD 277, 26, 2;
EXEC dbo.INSERT_ORDER_FOOD 308, 26, 5;
EXEC dbo.INSERT_ORDER_FOOD 234, 26, 3;
EXEC dbo.INSERT_ORDER_FOOD 396, 26, 2;
EXEC dbo.INSERT_ORDER_FOOD 588, 26, 5;
EXEC dbo.INSERT_ORDER_FOOD 591, 26, 4;
EXEC dbo.INSERT_ORDER_FOOD 318, 26, 5;
EXEC dbo.INSERT_ORDER_FOOD 248, 26, 5;
EXEC dbo.INSERT_ORDER_FOOD 78, 26, 3;
EXEC dbo.INSERT_ORDER_FOOD 248, 27, 2;
EXEC dbo.INSERT_ORDER_FOOD 82, 27, 4;
EXEC dbo.INSERT_ORDER_FOOD 308, 27, 2;
EXEC dbo.INSERT_ORDER_FOOD 463, 27, 2;
EXEC dbo.INSERT_ORDER_FOOD 78, 27, 1;
EXEC dbo.INSERT_ORDER_FOOD 323, 27, 1;
EXEC dbo.INSERT_ORDER_FOOD 588, 27, 2;
EXEC dbo.INSERT_ORDER_FOOD 13, 27, 1;
EXEC dbo.INSERT_ORDER_FOOD 536, 28, 3;
EXEC dbo.INSERT_ORDER_FOOD 43, 28, 4;
EXEC dbo.INSERT_ORDER_FOOD 536, 28, 1;
EXEC dbo.INSERT_ORDER_FOOD 55, 29, 3;
EXEC dbo.INSERT_ORDER_FOOD 502, 30, 2;
EXEC dbo.INSERT_ORDER_FOOD 361, 30, 3;
EXEC dbo.INSERT_ORDER_FOOD 463, 30, 5;
EXEC dbo.INSERT_ORDER_FOOD 192, 30, 3;
EXEC dbo.INSERT_ORDER_FOOD 13, 30, 1;
EXEC dbo.INSERT_ORDER_FOOD 581, 31, 4;
EXEC dbo.INSERT_ORDER_FOOD 579, 31, 3;
EXEC dbo.INSERT_ORDER_FOOD 318, 31, 4;
EXEC dbo.INSERT_ORDER_FOOD 517, 31, 3;
EXEC dbo.INSERT_ORDER_FOOD 308, 31, 2;
EXEC dbo.INSERT_ORDER_FOOD 591, 31, 4;
EXEC dbo.INSERT_ORDER_FOOD 82, 31, 1;
EXEC dbo.INSERT_ORDER_FOOD 190, 31, 1;
EXEC dbo.INSERT_ORDER_FOOD 166, 32, 3;
EXEC dbo.INSERT_ORDER_FOOD 579, 32, 5;
EXEC dbo.INSERT_ORDER_FOOD 445, 32, 5;
EXEC dbo.INSERT_ORDER_FOOD 332, 32, 3;
EXEC dbo.INSERT_ORDER_FOOD 544, 32, 3;
EXEC dbo.INSERT_ORDER_FOOD 65, 32, 1;
EXEC dbo.INSERT_ORDER_FOOD 218, 32, 3;
EXEC dbo.INSERT_ORDER_FOOD 391, 32, 2;
EXEC dbo.INSERT_ORDER_FOOD 98, 32, 2;
EXEC dbo.INSERT_ORDER_FOOD 566, 32, 3;
EXEC dbo.INSERT_ORDER_FOOD 65, 33, 2;
EXEC dbo.INSERT_ORDER_FOOD 571, 33, 4;
EXEC dbo.INSERT_ORDER_FOOD 332, 33, 4;
EXEC dbo.INSERT_ORDER_FOOD 98, 34, 3;
EXEC dbo.INSERT_ORDER_FOOD 43, 34, 2;
EXEC dbo.INSERT_ORDER_FOOD 13, 35, 2;
EXEC dbo.INSERT_ORDER_FOOD 588, 35, 4;
EXEC dbo.INSERT_ORDER_FOOD 277, 35, 2;
EXEC dbo.INSERT_ORDER_FOOD 65, 35, 2;
EXEC dbo.INSERT_ORDER_FOOD 143, 35, 3;
EXEC dbo.INSERT_ORDER_FOOD 82, 35, 5;
EXEC dbo.INSERT_ORDER_FOOD 361, 35, 5;
EXEC dbo.INSERT_ORDER_FOOD 581, 35, 4;
EXEC dbo.INSERT_ORDER_FOOD 234, 36, 4;
EXEC dbo.INSERT_ORDER_FOOD 308, 36, 1;
EXEC dbo.INSERT_ORDER_FOOD 55, 36, 2;
EXEC dbo.INSERT_ORDER_FOOD 544, 36, 4;
EXEC dbo.INSERT_ORDER_FOOD 166, 36, 2;
EXEC dbo.INSERT_ORDER_FOOD 566, 36, 1;
EXEC dbo.INSERT_ORDER_FOOD 308, 36, 2;
EXEC dbo.INSERT_ORDER_FOOD 417, 36, 1;
EXEC dbo.INSERT_ORDER_FOOD 445, 36, 2;
EXEC dbo.INSERT_ORDER_FOOD 502, 37, 1;
EXEC dbo.INSERT_ORDER_FOOD 581, 38, 3;
EXEC dbo.INSERT_ORDER_FOOD 248, 38, 4;
EXEC dbo.INSERT_ORDER_FOOD 65, 38, 1;
EXEC dbo.INSERT_ORDER_FOOD 192, 38, 5;
EXEC dbo.INSERT_ORDER_FOOD 581, 38, 3;
EXEC dbo.INSERT_ORDER_FOOD 332, 38, 5;
EXEC dbo.INSERT_ORDER_FOOD 591, 38, 4;
EXEC dbo.INSERT_ORDER_FOOD 55, 38, 5;
EXEC dbo.INSERT_ORDER_FOOD 388, 38, 3;
EXEC dbo.INSERT_ORDER_FOOD 218, 38, 5;
EXEC dbo.INSERT_ORDER_FOOD 15, 39, 4;
EXEC dbo.INSERT_ORDER_FOOD 190, 39, 2;
EXEC dbo.INSERT_ORDER_FOOD 190, 39, 1;
EXEC dbo.INSERT_ORDER_FOOD 99, 40, 2;
EXEC dbo.INSERT_ORDER_FOOD 502, 40, 5;
EXEC dbo.INSERT_ORDER_FOOD 566, 40, 3;
EXEC dbo.INSERT_ORDER_FOOD 250, 40, 3;
EXEC dbo.INSERT_ORDER_FOOD 90, 1, 1;
EXEC dbo.INSERT_ORDER_FOOD 23, 1, 1;
EXEC dbo.INSERT_ORDER_FOOD 384, 1, 3;
EXEC dbo.INSERT_ORDER_FOOD 529, 1, 3;
EXEC dbo.INSERT_ORDER_FOOD 481, 2, 1;
EXEC dbo.INSERT_ORDER_FOOD 90, 2, 1;
EXEC dbo.INSERT_ORDER_FOOD 73, 2, 3;
EXEC dbo.INSERT_ORDER_FOOD 421, 2, 1;
EXEC dbo.INSERT_ORDER_FOOD 216, 2, 4;
EXEC dbo.INSERT_ORDER_FOOD 469, 2, 1;
EXEC dbo.INSERT_ORDER_FOOD 592, 3, 5;
EXEC dbo.INSERT_ORDER_FOOD 523, 3, 1;
EXEC dbo.INSERT_ORDER_FOOD 204, 3, 3;
EXEC dbo.INSERT_ORDER_FOOD 90, 3, 2;
EXEC dbo.INSERT_ORDER_FOOD 529, 3, 2;
EXEC dbo.INSERT_ORDER_FOOD 255, 3, 2;
EXEC dbo.INSERT_ORDER_FOOD 204, 4, 5;
EXEC dbo.INSERT_ORDER_FOOD 384, 4, 3;
EXEC dbo.INSERT_ORDER_FOOD 48, 4, 5;
EXEC dbo.INSERT_ORDER_FOOD 204, 4, 4;
EXEC dbo.INSERT_ORDER_FOOD 409, 4, 1;
EXEC dbo.INSERT_ORDER_FOOD 469, 4, 1;
EXEC dbo.INSERT_ORDER_FOOD 53, 5, 3;
EXEC dbo.INSERT_ORDER_FOOD 406, 5, 5;
EXEC dbo.INSERT_ORDER_FOOD 450, 5, 3;
EXEC dbo.INSERT_ORDER_FOOD 469, 5, 2;
EXEC dbo.INSERT_ORDER_FOOD 384, 5, 4;
EXEC dbo.INSERT_ORDER_FOOD 529, 5, 2;
EXEC dbo.INSERT_ORDER_FOOD 103, 5, 5;
EXEC dbo.INSERT_ORDER_FOOD 255, 5, 5;
EXEC dbo.INSERT_ORDER_FOOD 302, 6, 2;
EXEC dbo.INSERT_ORDER_FOOD 523, 6, 5;
EXEC dbo.INSERT_ORDER_FOOD 409, 6, 4;
EXEC dbo.INSERT_ORDER_FOOD 534, 6, 2;
EXEC dbo.INSERT_ORDER_FOOD 23, 6, 4;
EXEC dbo.INSERT_ORDER_FOOD 73, 6, 4;
EXEC dbo.INSERT_ORDER_FOOD 112, 6, 5;
EXEC dbo.INSERT_ORDER_FOOD 48, 6, 1;
EXEC dbo.INSERT_ORDER_FOOD 103, 6, 5;
EXEC dbo.INSERT_ORDER_FOOD 523, 6, 1;
EXEC dbo.INSERT_ORDER_FOOD 204, 7, 1;
EXEC dbo.INSERT_ORDER_FOOD 426, 7, 3;
EXEC dbo.INSERT_ORDER_FOOD 337, 7, 3;
EXEC dbo.INSERT_ORDER_FOOD 476, 7, 5;
EXEC dbo.INSERT_ORDER_FOOD 276, 7, 2;
EXEC dbo.INSERT_ORDER_FOOD 48, 7, 2;
EXEC dbo.INSERT_ORDER_FOOD 216, 7, 3;
EXEC dbo.INSERT_ORDER_FOOD 48, 7, 2;
EXEC dbo.INSERT_ORDER_FOOD 534, 7, 5;
EXEC dbo.INSERT_ORDER_FOOD 216, 8, 1;
EXEC dbo.INSERT_ORDER_FOOD 469, 8, 5;
EXEC dbo.INSERT_ORDER_FOOD 469, 9, 2;
EXEC dbo.INSERT_ORDER_FOOD 359, 9, 4;
EXEC dbo.INSERT_ORDER_FOOD 88, 9, 3;
EXEC dbo.INSERT_ORDER_FOOD 221, 9, 3;
EXEC dbo.INSERT_ORDER_FOOD 384, 9, 2;
EXEC dbo.INSERT_ORDER_FOOD 48, 9, 1;
EXEC dbo.INSERT_ORDER_FOOD 292, 9, 4;
EXEC dbo.INSERT_ORDER_FOOD 77, 9, 4;
EXEC dbo.INSERT_ORDER_FOOD 90, 10, 3;
EXEC dbo.INSERT_ORDER_FOOD 276, 10, 1;
EXEC dbo.INSERT_ORDER_FOOD 471, 10, 1;
EXEC dbo.INSERT_ORDER_FOOD 481, 10, 1;
EXEC dbo.INSERT_ORDER_FOOD 534, 11, 3;
EXEC dbo.INSERT_ORDER_FOOD 481, 11, 2;
EXEC dbo.INSERT_ORDER_FOOD 216, 12, 1;
EXEC dbo.INSERT_ORDER_FOOD 103, 12, 2;
EXEC dbo.INSERT_ORDER_FOOD 112, 12, 2;
EXEC dbo.INSERT_ORDER_FOOD 534, 13, 1;
EXEC dbo.INSERT_ORDER_FOOD 533, 13, 3;
EXEC dbo.INSERT_ORDER_FOOD 302, 13, 1;
EXEC dbo.INSERT_ORDER_FOOD 302, 13, 5;
EXEC dbo.INSERT_ORDER_FOOD 88, 13, 5;
EXEC dbo.INSERT_ORDER_FOOD 384, 13, 5;
EXEC dbo.INSERT_ORDER_FOOD 216, 13, 2;
EXEC dbo.INSERT_ORDER_FOOD 103, 14, 1;
EXEC dbo.INSERT_ORDER_FOOD 216, 14, 1;
EXEC dbo.INSERT_ORDER_FOOD 90, 14, 1;
EXEC dbo.INSERT_ORDER_FOOD 384, 14, 4;
EXEC dbo.INSERT_ORDER_FOOD 464, 14, 2;
EXEC dbo.INSERT_ORDER_FOOD 481, 15, 1;
EXEC dbo.INSERT_ORDER_FOOD 384, 15, 1;
EXEC dbo.INSERT_ORDER_FOOD 214, 15, 3;
EXEC dbo.INSERT_ORDER_FOOD 471, 15, 4;
EXEC dbo.INSERT_ORDER_FOOD 481, 15, 1;
EXEC dbo.INSERT_ORDER_FOOD 409, 15, 3;
EXEC dbo.INSERT_ORDER_FOOD 221, 15, 5;
EXEC dbo.INSERT_ORDER_FOOD 406, 15, 1;
EXEC dbo.INSERT_ORDER_FOOD 464, 15, 2;
EXEC dbo.INSERT_ORDER_FOOD 592, 15, 2;
EXEC dbo.INSERT_ORDER_FOOD 112, 16, 2;
EXEC dbo.INSERT_ORDER_FOOD 421, 16, 2;
EXEC dbo.INSERT_ORDER_FOOD 292, 16, 2;
EXEC dbo.INSERT_ORDER_FOOD 292, 16, 2;
EXEC dbo.INSERT_ORDER_FOOD 48, 17, 4;
EXEC dbo.INSERT_ORDER_FOOD 53, 17, 3;
EXEC dbo.INSERT_ORDER_FOOD 533, 17, 4;
EXEC dbo.INSERT_ORDER_FOOD 450, 17, 2;
EXEC dbo.INSERT_ORDER_FOOD 426, 17, 2;
EXEC dbo.INSERT_ORDER_FOOD 464, 17, 1;
EXEC dbo.INSERT_ORDER_FOOD 90, 17, 3;
EXEC dbo.INSERT_ORDER_FOOD 112, 18, 4;
EXEC dbo.INSERT_ORDER_FOOD 216, 18, 2;
EXEC dbo.INSERT_ORDER_FOOD 592, 18, 1;
EXEC dbo.INSERT_ORDER_FOOD 90, 18, 2;
EXEC dbo.INSERT_ORDER_FOOD 88, 19, 4;
EXEC dbo.INSERT_ORDER_FOOD 90, 19, 5;
EXEC dbo.INSERT_ORDER_FOOD 406, 20, 4;
EXEC dbo.INSERT_ORDER_FOOD 450, 20, 2;
EXEC dbo.INSERT_ORDER_FOOD 533, 21, 2;
EXEC dbo.INSERT_ORDER_FOOD 90, 21, 2;
EXEC dbo.INSERT_ORDER_FOOD 450, 21, 5;
EXEC dbo.INSERT_ORDER_FOOD 592, 21, 1;
EXEC dbo.INSERT_ORDER_FOOD 476, 22, 4;
EXEC dbo.INSERT_ORDER_FOOD 426, 22, 2;
EXEC dbo.INSERT_ORDER_FOOD 337, 22, 2;
EXEC dbo.INSERT_ORDER_FOOD 471, 22, 3;
EXEC dbo.INSERT_ORDER_FOOD 337, 22, 2;
EXEC dbo.INSERT_ORDER_FOOD 204, 22, 1;
EXEC dbo.INSERT_ORDER_FOOD 534, 23, 1;
EXEC dbo.INSERT_ORDER_FOOD 481, 23, 1;
EXEC dbo.INSERT_ORDER_FOOD 88, 23, 1;
EXEC dbo.INSERT_ORDER_FOOD 103, 23, 3;
EXEC dbo.INSERT_ORDER_FOOD 384, 23, 3;
EXEC dbo.INSERT_ORDER_FOOD 216, 24, 5;
EXEC dbo.INSERT_ORDER_FOOD 204, 24, 3;
EXEC dbo.INSERT_ORDER_FOOD 471, 24, 4;
EXEC dbo.INSERT_ORDER_FOOD 204, 24, 2;
EXEC dbo.INSERT_ORDER_FOOD 515, 24, 4;
EXEC dbo.INSERT_ORDER_FOOD 302, 24, 1;
EXEC dbo.INSERT_ORDER_FOOD 471, 24, 5;
EXEC dbo.INSERT_ORDER_FOOD 359, 25, 5;
EXEC dbo.INSERT_ORDER_FOOD 469, 26, 1;
EXEC dbo.INSERT_ORDER_FOOD 273, 26, 3;
EXEC dbo.INSERT_ORDER_FOOD 48, 26, 2;
EXEC dbo.INSERT_ORDER_FOOD 426, 26, 3;
EXEC dbo.INSERT_ORDER_FOOD 77, 26, 4;
EXEC dbo.INSERT_ORDER_FOOD 426, 26, 4;
EXEC dbo.INSERT_ORDER_FOOD 464, 26, 4;
EXEC dbo.INSERT_ORDER_FOOD 406, 26, 4;
EXEC dbo.INSERT_ORDER_FOOD 321, 27, 4;
EXEC dbo.INSERT_ORDER_FOOD 23, 27, 2;
EXEC dbo.INSERT_ORDER_FOOD 450, 27, 4;
EXEC dbo.INSERT_ORDER_FOOD 481, 27, 4;
EXEC dbo.INSERT_ORDER_FOOD 151, 27, 3;
EXEC dbo.INSERT_ORDER_FOOD 534, 27, 2;
EXEC dbo.INSERT_ORDER_FOOD 515, 27, 5;
EXEC dbo.INSERT_ORDER_FOOD 426, 27, 2;
EXEC dbo.INSERT_ORDER_FOOD 273, 27, 4;
EXEC dbo.INSERT_ORDER_FOOD 384, 28, 5;
EXEC dbo.INSERT_ORDER_FOOD 103, 28, 3;
EXEC dbo.INSERT_ORDER_FOOD 90, 28, 1;
EXEC dbo.INSERT_ORDER_FOOD 515, 28, 5;
EXEC dbo.INSERT_ORDER_FOOD 476, 28, 2;
EXEC dbo.INSERT_ORDER_FOOD 103, 29, 4;
EXEC dbo.INSERT_ORDER_FOOD 337, 29, 4;
EXEC dbo.INSERT_ORDER_FOOD 302, 29, 1;
EXEC dbo.INSERT_ORDER_FOOD 103, 30, 5;
EXEC dbo.INSERT_ORDER_FOOD 471, 30, 2;
EXEC dbo.INSERT_ORDER_FOOD 216, 30, 3;
EXEC dbo.INSERT_ORDER_FOOD 77, 30, 3;
EXEC dbo.INSERT_ORDER_FOOD 523, 30, 5;
EXEC dbo.INSERT_ORDER_FOOD 100, 31, 2;
EXEC dbo.INSERT_ORDER_FOOD 481, 31, 4;
EXEC dbo.INSERT_ORDER_FOOD 221, 31, 1;
EXEC dbo.INSERT_ORDER_FOOD 321, 32, 2;
EXEC dbo.INSERT_ORDER_FOOD 103, 32, 2;
EXEC dbo.INSERT_ORDER_FOOD 255, 32, 1;
EXEC dbo.INSERT_ORDER_FOOD 276, 32, 4;
EXEC dbo.INSERT_ORDER_FOOD 53, 32, 5;
EXEC dbo.INSERT_ORDER_FOOD 276, 32, 1;
EXEC dbo.INSERT_ORDER_FOOD 450, 33, 4;
EXEC dbo.INSERT_ORDER_FOOD 533, 33, 5;
EXEC dbo.INSERT_ORDER_FOOD 273, 33, 4;
EXEC dbo.INSERT_ORDER_FOOD 534, 33, 3;
EXEC dbo.INSERT_ORDER_FOOD 515, 33, 3;
EXEC dbo.INSERT_ORDER_FOOD 216, 33, 5;
EXEC dbo.INSERT_ORDER_FOOD 90, 33, 5;
EXEC dbo.INSERT_ORDER_FOOD 481, 33, 3;
EXEC dbo.INSERT_ORDER_FOOD 23, 33, 5;
EXEC dbo.INSERT_ORDER_FOOD 221, 33, 4;
EXEC dbo.INSERT_ORDER_FOOD 53, 34, 3;
EXEC dbo.INSERT_ORDER_FOOD 409, 34, 1;
EXEC dbo.INSERT_ORDER_FOOD 77, 35, 4;
EXEC dbo.INSERT_ORDER_FOOD 406, 35, 3;
EXEC dbo.INSERT_ORDER_FOOD 471, 35, 1;
EXEC dbo.INSERT_ORDER_FOOD 406, 36, 1;
EXEC dbo.INSERT_ORDER_FOOD 592, 36, 5;
EXEC dbo.INSERT_ORDER_FOOD 214, 36, 1;
EXEC dbo.INSERT_ORDER_FOOD 481, 36, 5;
EXEC dbo.INSERT_ORDER_FOOD 529, 36, 2;
EXEC dbo.INSERT_ORDER_FOOD 384, 37, 2;
EXEC dbo.INSERT_ORDER_FOOD 464, 37, 4;
EXEC dbo.INSERT_ORDER_FOOD 533, 38, 1;
EXEC dbo.INSERT_ORDER_FOOD 151, 38, 2;
EXEC dbo.INSERT_ORDER_FOOD 409, 38, 1;
EXEC dbo.INSERT_ORDER_FOOD 48, 38, 5;
EXEC dbo.INSERT_ORDER_FOOD 276, 38, 2;
EXEC dbo.INSERT_ORDER_FOOD 481, 38, 1;
EXEC dbo.INSERT_ORDER_FOOD 112, 39, 4;
EXEC dbo.INSERT_ORDER_FOOD 100, 39, 1;
EXEC dbo.INSERT_ORDER_FOOD 77, 39, 5;
EXEC dbo.INSERT_ORDER_FOOD 406, 39, 2;
EXEC dbo.INSERT_ORDER_FOOD 100, 39, 5;
EXEC dbo.INSERT_ORDER_FOOD 421, 39, 5;
EXEC dbo.INSERT_ORDER_FOOD 292, 39, 2;
EXEC dbo.INSERT_ORDER_FOOD 464, 39, 1;
EXEC dbo.INSERT_ORDER_FOOD 88, 40, 5;
EXEC dbo.INSERT_ORDER_FOOD 476, 40, 4;
EXEC dbo.INSERT_ORDER_FOOD 112, 40, 5;
EXEC dbo.INSERT_ORDER_FOOD 481, 40, 5;
EXEC dbo.INSERT_ORDER_FOOD 255, 40, 2;
EXEC dbo.INSERT_ORDER_FOOD 545, 1, 1;
EXEC dbo.INSERT_ORDER_FOOD 596, 2, 1;
EXEC dbo.INSERT_ORDER_FOOD 334, 2, 4;
EXEC dbo.INSERT_ORDER_FOOD 94, 2, 5;
EXEC dbo.INSERT_ORDER_FOOD 304, 2, 4;
EXEC dbo.INSERT_ORDER_FOOD 261, 2, 2;
EXEC dbo.INSERT_ORDER_FOOD 126, 3, 5;
EXEC dbo.INSERT_ORDER_FOOD 372, 3, 5;
EXEC dbo.INSERT_ORDER_FOOD 527, 3, 4;
EXEC dbo.INSERT_ORDER_FOOD 372, 3, 5;
EXEC dbo.INSERT_ORDER_FOOD 176, 4, 1;
EXEC dbo.INSERT_ORDER_FOOD 487, 5, 4;
EXEC dbo.INSERT_ORDER_FOOD 340, 5, 5;
EXEC dbo.INSERT_ORDER_FOOD 94, 5, 4;
EXEC dbo.INSERT_ORDER_FOOD 334, 5, 2;
EXEC dbo.INSERT_ORDER_FOOD 261, 5, 3;
EXEC dbo.INSERT_ORDER_FOOD 319, 5, 2;
EXEC dbo.INSERT_ORDER_FOOD 173, 5, 3;
EXEC dbo.INSERT_ORDER_FOOD 28, 5, 3;
EXEC dbo.INSERT_ORDER_FOOD 293, 5, 4;
EXEC dbo.INSERT_ORDER_FOOD 342, 6, 1;
EXEC dbo.INSERT_ORDER_FOOD 423, 6, 1;
EXEC dbo.INSERT_ORDER_FOOD 372, 6, 5;
EXEC dbo.INSERT_ORDER_FOOD 358, 6, 5;
EXEC dbo.INSERT_ORDER_FOOD 176, 6, 5;
EXEC dbo.INSERT_ORDER_FOOD 180, 6, 1;
EXEC dbo.INSERT_ORDER_FOOD 342, 6, 2;
EXEC dbo.INSERT_ORDER_FOOD 156, 6, 4;
EXEC dbo.INSERT_ORDER_FOOD 304, 6, 2;
EXEC dbo.INSERT_ORDER_FOOD 342, 6, 4;
EXEC dbo.INSERT_ORDER_FOOD 340, 7, 1;
EXEC dbo.INSERT_ORDER_FOOD 342, 7, 2;
EXEC dbo.INSERT_ORDER_FOOD 510, 7, 2;
EXEC dbo.INSERT_ORDER_FOOD 180, 7, 4;
EXEC dbo.INSERT_ORDER_FOOD 487, 7, 3;
EXEC dbo.INSERT_ORDER_FOOD 341, 7, 1;
EXEC dbo.INSERT_ORDER_FOOD 336, 7, 3;
EXEC dbo.INSERT_ORDER_FOOD 372, 7, 4;
EXEC dbo.INSERT_ORDER_FOOD 18, 7, 4;
EXEC dbo.INSERT_ORDER_FOOD 423, 8, 1;
EXEC dbo.INSERT_ORDER_FOOD 545, 8, 5;
EXEC dbo.INSERT_ORDER_FOOD 174, 8, 2;
EXEC dbo.INSERT_ORDER_FOOD 487, 9, 1;
EXEC dbo.INSERT_ORDER_FOOD 129, 9, 3;
EXEC dbo.INSERT_ORDER_FOOD 503, 9, 4;
EXEC dbo.INSERT_ORDER_FOOD 18, 9, 5;
EXEC dbo.INSERT_ORDER_FOOD 18, 9, 4;
EXEC dbo.INSERT_ORDER_FOOD 94, 9, 3;
EXEC dbo.INSERT_ORDER_FOOD 545, 9, 3;
EXEC dbo.INSERT_ORDER_FOOD 18, 9, 3;
EXEC dbo.INSERT_ORDER_FOOD 268, 9, 3;
EXEC dbo.INSERT_ORDER_FOOD 334, 9, 3;
EXEC dbo.INSERT_ORDER_FOOD 358, 10, 5;
EXEC dbo.INSERT_ORDER_FOOD 154, 10, 1;
EXEC dbo.INSERT_ORDER_FOOD 176, 10, 5;
EXEC dbo.INSERT_ORDER_FOOD 372, 10, 1;
EXEC dbo.INSERT_ORDER_FOOD 154, 11, 4;
EXEC dbo.INSERT_ORDER_FOOD 372, 12, 5;
EXEC dbo.INSERT_ORDER_FOOD 154, 12, 5;
EXEC dbo.INSERT_ORDER_FOOD 94, 12, 5;
EXEC dbo.INSERT_ORDER_FOOD 545, 12, 1;
EXEC dbo.INSERT_ORDER_FOOD 461, 12, 4;
EXEC dbo.INSERT_ORDER_FOOD 261, 12, 4;
EXEC dbo.INSERT_ORDER_FOOD 358, 12, 2;
EXEC dbo.INSERT_ORDER_FOOD 545, 12, 1;
EXEC dbo.INSERT_ORDER_FOOD 268, 12, 2;
EXEC dbo.INSERT_ORDER_FOOD 262, 12, 3;
EXEC dbo.INSERT_ORDER_FOOD 354, 13, 2;
EXEC dbo.INSERT_ORDER_FOOD 461, 13, 1;
EXEC dbo.INSERT_ORDER_FOOD 403, 13, 5;
EXEC dbo.INSERT_ORDER_FOOD 168, 13, 4;
EXEC dbo.INSERT_ORDER_FOOD 482, 13, 1;
EXEC dbo.INSERT_ORDER_FOOD 552, 13, 1;
EXEC dbo.INSERT_ORDER_FOOD 334, 13, 5;
EXEC dbo.INSERT_ORDER_FOOD 510, 13, 3;
EXEC dbo.INSERT_ORDER_FOOD 128, 13, 4;
EXEC dbo.INSERT_ORDER_FOOD 341, 13, 5;
EXEC dbo.INSERT_ORDER_FOOD 261, 14, 4;
EXEC dbo.INSERT_ORDER_FOOD 596, 14, 2;
EXEC dbo.INSERT_ORDER_FOOD 372, 15, 3;
EXEC dbo.INSERT_ORDER_FOOD 372, 15, 1;
EXEC dbo.INSERT_ORDER_FOOD 336, 15, 3;
EXEC dbo.INSERT_ORDER_FOOD 487, 15, 1;
EXEC dbo.INSERT_ORDER_FOOD 18, 15, 2;
EXEC dbo.INSERT_ORDER_FOOD 487, 15, 5;
EXEC dbo.INSERT_ORDER_FOOD 156, 15, 5;
EXEC dbo.INSERT_ORDER_FOOD 28, 16, 1;
EXEC dbo.INSERT_ORDER_FOOD 128, 16, 5;
EXEC dbo.INSERT_ORDER_FOOD 50, 16, 1;
EXEC dbo.INSERT_ORDER_FOOD 174, 16, 2;
EXEC dbo.INSERT_ORDER_FOOD 336, 16, 2;
EXEC dbo.INSERT_ORDER_FOOD 304, 16, 2;
EXEC dbo.INSERT_ORDER_FOOD 503, 16, 1;
EXEC dbo.INSERT_ORDER_FOOD 545, 17, 4;
EXEC dbo.INSERT_ORDER_FOOD 527, 17, 3;
EXEC dbo.INSERT_ORDER_FOOD 482, 17, 1;
EXEC dbo.INSERT_ORDER_FOOD 527, 17, 2;
EXEC dbo.INSERT_ORDER_FOOD 319, 18, 3;
EXEC dbo.INSERT_ORDER_FOOD 545, 18, 2;
EXEC dbo.INSERT_ORDER_FOOD 340, 19, 4;
EXEC dbo.INSERT_ORDER_FOOD 176, 19, 1;
EXEC dbo.INSERT_ORDER_FOOD 268, 19, 4;
EXEC dbo.INSERT_ORDER_FOOD 50, 19, 1;
EXEC dbo.INSERT_ORDER_FOOD 341, 20, 5;
EXEC dbo.INSERT_ORDER_FOOD 545, 20, 3;
EXEC dbo.INSERT_ORDER_FOOD 168, 21, 3;
EXEC dbo.INSERT_ORDER_FOOD 482, 21, 1;
EXEC dbo.INSERT_ORDER_FOOD 174, 21, 5;
EXEC dbo.INSERT_ORDER_FOOD 340, 21, 2;
EXEC dbo.INSERT_ORDER_FOOD 156, 21, 4;
EXEC dbo.INSERT_ORDER_FOOD 340, 21, 4;
EXEC dbo.INSERT_ORDER_FOOD 304, 21, 5;
EXEC dbo.INSERT_ORDER_FOOD 340, 21, 3;
EXEC dbo.INSERT_ORDER_FOOD 545, 22, 5;
EXEC dbo.INSERT_ORDER_FOOD 482, 22, 4;
EXEC dbo.INSERT_ORDER_FOOD 28, 22, 3;
EXEC dbo.INSERT_ORDER_FOOD 174, 22, 3;
EXEC dbo.INSERT_ORDER_FOOD 423, 23, 1;
EXEC dbo.INSERT_ORDER_FOOD 304, 23, 3;
EXEC dbo.INSERT_ORDER_FOOD 262, 23, 5;
EXEC dbo.INSERT_ORDER_FOOD 403, 23, 3;
EXEC dbo.INSERT_ORDER_FOOD 334, 23, 3;
EXEC dbo.INSERT_ORDER_FOOD 176, 23, 1;
EXEC dbo.INSERT_ORDER_FOOD 334, 23, 5;
EXEC dbo.INSERT_ORDER_FOOD 336, 23, 4;
EXEC dbo.INSERT_ORDER_FOOD 336, 23, 1;
EXEC dbo.INSERT_ORDER_FOOD 156, 23, 1;
EXEC dbo.INSERT_ORDER_FOOD 331, 24, 5;
EXEC dbo.INSERT_ORDER_FOOD 293, 24, 2;
EXEC dbo.INSERT_ORDER_FOOD 128, 24, 4;
EXEC dbo.INSERT_ORDER_FOOD 168, 24, 1;
EXEC dbo.INSERT_ORDER_FOOD 174, 24, 1;
EXEC dbo.INSERT_ORDER_FOOD 180, 24, 3;
EXEC dbo.INSERT_ORDER_FOOD 342, 24, 4;
EXEC dbo.INSERT_ORDER_FOOD 268, 24, 3;
EXEC dbo.INSERT_ORDER_FOOD 268, 24, 2;
EXEC dbo.INSERT_ORDER_FOOD 262, 24, 5;
EXEC dbo.INSERT_ORDER_FOOD 552, 25, 2;
EXEC dbo.INSERT_ORDER_FOOD 461, 25, 4;
EXEC dbo.INSERT_ORDER_FOOD 596, 25, 4;
EXEC dbo.INSERT_ORDER_FOOD 154, 25, 5;
EXEC dbo.INSERT_ORDER_FOOD 28, 25, 5;
EXEC dbo.INSERT_ORDER_FOOD 268, 25, 4;
EXEC dbo.INSERT_ORDER_FOOD 482, 25, 4;
EXEC dbo.INSERT_ORDER_FOOD 342, 25, 3;
EXEC dbo.INSERT_ORDER_FOOD 18, 26, 3;
EXEC dbo.INSERT_ORDER_FOOD 340, 26, 3;
EXEC dbo.INSERT_ORDER_FOOD 354, 26, 1;
EXEC dbo.INSERT_ORDER_FOOD 128, 26, 5;
EXEC dbo.INSERT_ORDER_FOOD 94, 26, 1;
EXEC dbo.INSERT_ORDER_FOOD 129, 27, 1;
EXEC dbo.INSERT_ORDER_FOOD 304, 27, 1;
EXEC dbo.INSERT_ORDER_FOOD 261, 27, 2;
EXEC dbo.INSERT_ORDER_FOOD 423, 27, 5;
EXEC dbo.INSERT_ORDER_FOOD 334, 27, 2;
EXEC dbo.INSERT_ORDER_FOOD 342, 28, 1;
EXEC dbo.INSERT_ORDER_FOOD 527, 28, 5;
EXEC dbo.INSERT_ORDER_FOOD 372, 28, 2;
EXEC dbo.INSERT_ORDER_FOOD 154, 28, 3;
EXEC dbo.INSERT_ORDER_FOOD 527, 28, 3;
EXEC dbo.INSERT_ORDER_FOOD 552, 28, 3;
EXEC dbo.INSERT_ORDER_FOOD 331, 28, 1;
EXEC dbo.INSERT_ORDER_FOOD 18, 29, 5;
EXEC dbo.INSERT_ORDER_FOOD 354, 29, 5;
EXEC dbo.INSERT_ORDER_FOOD 261, 29, 5;
EXEC dbo.INSERT_ORDER_FOOD 293, 30, 1;
EXEC dbo.INSERT_ORDER_FOOD 358, 30, 4;
EXEC dbo.INSERT_ORDER_FOOD 461, 30, 5;
EXEC dbo.INSERT_ORDER_FOOD 372, 31, 2;
EXEC dbo.INSERT_ORDER_FOOD 334, 31, 2;
EXEC dbo.INSERT_ORDER_FOOD 18, 32, 5;
EXEC dbo.INSERT_ORDER_FOOD 174, 32, 5;
EXEC dbo.INSERT_ORDER_FOOD 342, 33, 3;
EXEC dbo.INSERT_ORDER_FOOD 129, 33, 2;
EXEC dbo.INSERT_ORDER_FOOD 461, 33, 2;
EXEC dbo.INSERT_ORDER_FOOD 545, 33, 5;
EXEC dbo.INSERT_ORDER_FOOD 461, 33, 2;
EXEC dbo.INSERT_ORDER_FOOD 487, 33, 3;
EXEC dbo.INSERT_ORDER_FOOD 403, 33, 1;
EXEC dbo.INSERT_ORDER_FOOD 596, 33, 4;
EXEC dbo.INSERT_ORDER_FOOD 342, 33, 5;
EXEC dbo.INSERT_ORDER_FOOD 461, 34, 4;
EXEC dbo.INSERT_ORDER_FOOD 304, 34, 1;
EXEC dbo.INSERT_ORDER_FOOD 552, 35, 3;
EXEC dbo.INSERT_ORDER_FOOD 168, 35, 3;
EXEC dbo.INSERT_ORDER_FOOD 176, 35, 3;
EXEC dbo.INSERT_ORDER_FOOD 262, 35, 2;
EXEC dbo.INSERT_ORDER_FOOD 18, 35, 4;
EXEC dbo.INSERT_ORDER_FOOD 334, 35, 3;
EXEC dbo.INSERT_ORDER_FOOD 596, 36, 5;
EXEC dbo.INSERT_ORDER_FOOD 168, 36, 2;
EXEC dbo.INSERT_ORDER_FOOD 180, 37, 4;
EXEC dbo.INSERT_ORDER_FOOD 545, 37, 5;
EXEC dbo.INSERT_ORDER_FOOD 461, 37, 4;
EXEC dbo.INSERT_ORDER_FOOD 261, 37, 1;
EXEC dbo.INSERT_ORDER_FOOD 503, 38, 4;
EXEC dbo.INSERT_ORDER_FOOD 403, 38, 2;
EXEC dbo.INSERT_ORDER_FOOD 156, 38, 4;
EXEC dbo.INSERT_ORDER_FOOD 510, 38, 5;
EXEC dbo.INSERT_ORDER_FOOD 403, 38, 5;
EXEC dbo.INSERT_ORDER_FOOD 304, 38, 1;
EXEC dbo.INSERT_ORDER_FOOD 262, 38, 3;
EXEC dbo.INSERT_ORDER_FOOD 154, 38, 1;
EXEC dbo.INSERT_ORDER_FOOD 487, 38, 5;
EXEC dbo.INSERT_ORDER_FOOD 180, 39, 1;
EXEC dbo.INSERT_ORDER_FOOD 168, 39, 4;
EXEC dbo.INSERT_ORDER_FOOD 156, 39, 5;
EXEC dbo.INSERT_ORDER_FOOD 261, 39, 2;
EXEC dbo.INSERT_ORDER_FOOD 180, 39, 1;
EXEC dbo.INSERT_ORDER_FOOD 129, 39, 5;
EXEC dbo.INSERT_ORDER_FOOD 18, 39, 4;
EXEC dbo.INSERT_ORDER_FOOD 126, 40, 2;
EXEC dbo.INSERT_ORDER_FOOD 126, 40, 1;
EXEC dbo.INSERT_ORDER_FOOD 45, 1, 4;
EXEC dbo.INSERT_ORDER_FOOD 237, 2, 5;
EXEC dbo.INSERT_ORDER_FOOD 559, 2, 3;
EXEC dbo.INSERT_ORDER_FOOD 504, 2, 1;
EXEC dbo.INSERT_ORDER_FOOD 593, 2, 3;
EXEC dbo.INSERT_ORDER_FOOD 559, 2, 4;
EXEC dbo.INSERT_ORDER_FOOD 559, 3, 1;
EXEC dbo.INSERT_ORDER_FOOD 386, 3, 5;
EXEC dbo.INSERT_ORDER_FOOD 200, 3, 4;
EXEC dbo.INSERT_ORDER_FOOD 522, 3, 4;
EXEC dbo.INSERT_ORDER_FOOD 390, 3, 4;
EXEC dbo.INSERT_ORDER_FOOD 447, 3, 4;
EXEC dbo.INSERT_ORDER_FOOD 167, 4, 5;
EXEC dbo.INSERT_ORDER_FOOD 511, 4, 3;
EXEC dbo.INSERT_ORDER_FOOD 511, 4, 1;
EXEC dbo.INSERT_ORDER_FOOD 219, 4, 3;
EXEC dbo.INSERT_ORDER_FOOD 390, 4, 3;
EXEC dbo.INSERT_ORDER_FOOD 356, 5, 5;
EXEC dbo.INSERT_ORDER_FOOD 87, 5, 2;
EXEC dbo.INSERT_ORDER_FOOD 153, 5, 4;
EXEC dbo.INSERT_ORDER_FOOD 447, 6, 4;
EXEC dbo.INSERT_ORDER_FOOD 392, 6, 3;
EXEC dbo.INSERT_ORDER_FOOD 327, 6, 5;
EXEC dbo.INSERT_ORDER_FOOD 153, 6, 2;
EXEC dbo.INSERT_ORDER_FOOD 237, 6, 5;
EXEC dbo.INSERT_ORDER_FOOD 219, 6, 2;
EXEC dbo.INSERT_ORDER_FOOD 172, 6, 4;
EXEC dbo.INSERT_ORDER_FOOD 447, 7, 5;
EXEC dbo.INSERT_ORDER_FOOD 301, 8, 3;
EXEC dbo.INSERT_ORDER_FOOD 357, 8, 1;
EXEC dbo.INSERT_ORDER_FOOD 45, 8, 3;
EXEC dbo.INSERT_ORDER_FOOD 546, 8, 2;
EXEC dbo.INSERT_ORDER_FOOD 447, 8, 5;
EXEC dbo.INSERT_ORDER_FOOD 522, 8, 5;
EXEC dbo.INSERT_ORDER_FOOD 87, 8, 3;
EXEC dbo.INSERT_ORDER_FOOD 107, 9, 2;
EXEC dbo.INSERT_ORDER_FOOD 550, 9, 2;
EXEC dbo.INSERT_ORDER_FOOD 113, 9, 4;
EXEC dbo.INSERT_ORDER_FOOD 447, 9, 3;
EXEC dbo.INSERT_ORDER_FOOD 327, 9, 3;
EXEC dbo.INSERT_ORDER_FOOD 36, 9, 2;
EXEC dbo.INSERT_ORDER_FOOD 301, 9, 5;
EXEC dbo.INSERT_ORDER_FOOD 593, 10, 1;
EXEC dbo.INSERT_ORDER_FOOD 301, 10, 4;
EXEC dbo.INSERT_ORDER_FOOD 36, 10, 2;
EXEC dbo.INSERT_ORDER_FOOD 593, 10, 2;
EXEC dbo.INSERT_ORDER_FOOD 113, 10, 4;
EXEC dbo.INSERT_ORDER_FOOD 45, 10, 5;
EXEC dbo.INSERT_ORDER_FOOD 522, 10, 2;
EXEC dbo.INSERT_ORDER_FOOD 30, 11, 5;
EXEC dbo.INSERT_ORDER_FOOD 593, 11, 3;
EXEC dbo.INSERT_ORDER_FOOD 167, 11, 4;
EXEC dbo.INSERT_ORDER_FOOD 504, 11, 2;
EXEC dbo.INSERT_ORDER_FOOD 14, 11, 3;
EXEC dbo.INSERT_ORDER_FOOD 504, 11, 1;
EXEC dbo.INSERT_ORDER_FOOD 310, 11, 1;
EXEC dbo.INSERT_ORDER_FOOD 386, 12, 3;
EXEC dbo.INSERT_ORDER_FOOD 245, 12, 3;
EXEC dbo.INSERT_ORDER_FOOD 36, 12, 1;
EXEC dbo.INSERT_ORDER_FOOD 14, 12, 3;
EXEC dbo.INSERT_ORDER_FOOD 237, 12, 3;
EXEC dbo.INSERT_ORDER_FOOD 444, 12, 2;
EXEC dbo.INSERT_ORDER_FOOD 107, 12, 4;
EXEC dbo.INSERT_ORDER_FOOD 522, 13, 5;
EXEC dbo.INSERT_ORDER_FOOD 153, 13, 5;
EXEC dbo.INSERT_ORDER_FOOD 504, 13, 2;
EXEC dbo.INSERT_ORDER_FOOD 14, 13, 4;
EXEC dbo.INSERT_ORDER_FOOD 522, 13, 5;
EXEC dbo.INSERT_ORDER_FOOD 356, 13, 1;
EXEC dbo.INSERT_ORDER_FOOD 593, 13, 1;
EXEC dbo.INSERT_ORDER_FOOD 64, 13, 2;
EXEC dbo.INSERT_ORDER_FOOD 546, 13, 3;
EXEC dbo.INSERT_ORDER_FOOD 64, 14, 3;
EXEC dbo.INSERT_ORDER_FOOD 14, 14, 4;
EXEC dbo.INSERT_ORDER_FOOD 113, 14, 1;
EXEC dbo.INSERT_ORDER_FOOD 219, 14, 4;
EXEC dbo.INSERT_ORDER_FOOD 160, 14, 3;
EXEC dbo.INSERT_ORDER_FOOD 245, 14, 2;
EXEC dbo.INSERT_ORDER_FOOD 327, 15, 3;
EXEC dbo.INSERT_ORDER_FOOD 245, 15, 3;
EXEC dbo.INSERT_ORDER_FOOD 36, 15, 3;
EXEC dbo.INSERT_ORDER_FOOD 444, 15, 3;
EXEC dbo.INSERT_ORDER_FOOD 550, 16, 1;
EXEC dbo.INSERT_ORDER_FOOD 390, 16, 2;
EXEC dbo.INSERT_ORDER_FOOD 64, 16, 4;
EXEC dbo.INSERT_ORDER_FOOD 519, 16, 2;
EXEC dbo.INSERT_ORDER_FOOD 519, 16, 3;
EXEC dbo.INSERT_ORDER_FOOD 64, 16, 3;
EXEC dbo.INSERT_ORDER_FOOD 522, 16, 3;
EXEC dbo.INSERT_ORDER_FOOD 172, 16, 2;
EXEC dbo.INSERT_ORDER_FOOD 593, 17, 1;
EXEC dbo.INSERT_ORDER_FOOD 237, 18, 1;
EXEC dbo.INSERT_ORDER_FOOD 593, 18, 5;
EXEC dbo.INSERT_ORDER_FOOD 36, 18, 1;
EXEC dbo.INSERT_ORDER_FOOD 36, 18, 3;
EXEC dbo.INSERT_ORDER_FOOD 64, 19, 5;
EXEC dbo.INSERT_ORDER_FOOD 301, 19, 5;
EXEC dbo.INSERT_ORDER_FOOD 160, 19, 4;
EXEC dbo.INSERT_ORDER_FOOD 87, 19, 4;
EXEC dbo.INSERT_ORDER_FOOD 559, 19, 1;
EXEC dbo.INSERT_ORDER_FOOD 444, 19, 3;
EXEC dbo.INSERT_ORDER_FOOD 310, 19, 1;
EXEC dbo.INSERT_ORDER_FOOD 504, 20, 4;
EXEC dbo.INSERT_ORDER_FOOD 390, 20, 3;
EXEC dbo.INSERT_ORDER_FOOD 511, 20, 2;
EXEC dbo.INSERT_ORDER_FOOD 349, 20, 5;
EXEC dbo.INSERT_ORDER_FOOD 444, 20, 4;
EXEC dbo.INSERT_ORDER_FOOD 357, 21, 2;
EXEC dbo.INSERT_ORDER_FOOD 356, 21, 5;
EXEC dbo.INSERT_ORDER_FOOD 36, 21, 1;
EXEC dbo.INSERT_ORDER_FOOD 30, 21, 3;
EXEC dbo.INSERT_ORDER_FOOD 457, 21, 2;
EXEC dbo.INSERT_ORDER_FOOD 45, 21, 4;
EXEC dbo.INSERT_ORDER_FOOD 160, 21, 4;
EXEC dbo.INSERT_ORDER_FOOD 390, 21, 2;
EXEC dbo.INSERT_ORDER_FOOD 219, 21, 3;
EXEC dbo.INSERT_ORDER_FOOD 546, 22, 5;
EXEC dbo.INSERT_ORDER_FOOD 511, 23, 3;
EXEC dbo.INSERT_ORDER_FOOD 36, 23, 1;
EXEC dbo.INSERT_ORDER_FOOD 447, 23, 2;
EXEC dbo.INSERT_ORDER_FOOD 559, 23, 5;
EXEC dbo.INSERT_ORDER_FOOD 200, 23, 4;
EXEC dbo.INSERT_ORDER_FOOD 349, 23, 3;
EXEC dbo.INSERT_ORDER_FOOD 14, 23, 3;
EXEC dbo.INSERT_ORDER_FOOD 457, 24, 2;
EXEC dbo.INSERT_ORDER_FOOD 84, 25, 3;
EXEC dbo.INSERT_ORDER_FOOD 519, 25, 3;
EXEC dbo.INSERT_ORDER_FOOD 64, 25, 1;
EXEC dbo.INSERT_ORDER_FOOD 390, 25, 5;
EXEC dbo.INSERT_ORDER_FOOD 172, 25, 3;
EXEC dbo.INSERT_ORDER_FOOD 511, 25, 5;
EXEC dbo.INSERT_ORDER_FOOD 245, 25, 3;
EXEC dbo.INSERT_ORDER_FOOD 550, 25, 5;
EXEC dbo.INSERT_ORDER_FOOD 546, 25, 2;
EXEC dbo.INSERT_ORDER_FOOD 444, 25, 2;
EXEC dbo.INSERT_ORDER_FOOD 64, 26, 1;
EXEC dbo.INSERT_ORDER_FOOD 200, 26, 5;
EXEC dbo.INSERT_ORDER_FOOD 519, 26, 2;
EXEC dbo.INSERT_ORDER_FOOD 219, 26, 3;
EXEC dbo.INSERT_ORDER_FOOD 200, 27, 5;
EXEC dbo.INSERT_ORDER_FOOD 504, 27, 1;
EXEC dbo.INSERT_ORDER_FOOD 357, 27, 2;
EXEC dbo.INSERT_ORDER_FOOD 546, 27, 4;
EXEC dbo.INSERT_ORDER_FOOD 219, 27, 4;
EXEC dbo.INSERT_ORDER_FOOD 245, 27, 3;
EXEC dbo.INSERT_ORDER_FOOD 522, 27, 2;
EXEC dbo.INSERT_ORDER_FOOD 447, 27, 5;
EXEC dbo.INSERT_ORDER_FOOD 87, 28, 4;
EXEC dbo.INSERT_ORDER_FOOD 519, 29, 5;
EXEC dbo.INSERT_ORDER_FOOD 386, 29, 3;
EXEC dbo.INSERT_ORDER_FOOD 172, 29, 5;
EXEC dbo.INSERT_ORDER_FOOD 310, 29, 2;
EXEC dbo.INSERT_ORDER_FOOD 36, 29, 4;
EXEC dbo.INSERT_ORDER_FOOD 45, 29, 3;
EXEC dbo.INSERT_ORDER_FOOD 219, 29, 3;
EXEC dbo.INSERT_ORDER_FOOD 444, 30, 3;
EXEC dbo.INSERT_ORDER_FOOD 172, 30, 3;
EXEC dbo.INSERT_ORDER_FOOD 167, 30, 5;
EXEC dbo.INSERT_ORDER_FOOD 386, 30, 4;
EXEC dbo.INSERT_ORDER_FOOD 14, 30, 4;
EXEC dbo.INSERT_ORDER_FOOD 64, 30, 1;
EXEC dbo.INSERT_ORDER_FOOD 30, 30, 4;
EXEC dbo.INSERT_ORDER_FOOD 167, 31, 1;
EXEC dbo.INSERT_ORDER_FOOD 504, 31, 4;
EXEC dbo.INSERT_ORDER_FOOD 356, 32, 2;
EXEC dbo.INSERT_ORDER_FOOD 310, 32, 1;
EXEC dbo.INSERT_ORDER_FOOD 172, 32, 5;
EXEC dbo.INSERT_ORDER_FOOD 113, 32, 1;
EXEC dbo.INSERT_ORDER_FOOD 87, 32, 3;
EXEC dbo.INSERT_ORDER_FOOD 14, 32, 5;
EXEC dbo.INSERT_ORDER_FOOD 546, 32, 5;
EXEC dbo.INSERT_ORDER_FOOD 30, 32, 4;
EXEC dbo.INSERT_ORDER_FOOD 357, 32, 4;
EXEC dbo.INSERT_ORDER_FOOD 356, 33, 1;
EXEC dbo.INSERT_ORDER_FOOD 219, 33, 5;
EXEC dbo.INSERT_ORDER_FOOD 519, 33, 3;
EXEC dbo.INSERT_ORDER_FOOD 310, 33, 4;
EXEC dbo.INSERT_ORDER_FOOD 519, 33, 2;
EXEC dbo.INSERT_ORDER_FOOD 357, 33, 4;
EXEC dbo.INSERT_ORDER_FOOD 504, 33, 5;
EXEC dbo.INSERT_ORDER_FOOD 45, 33, 3;
EXEC dbo.INSERT_ORDER_FOOD 113, 33, 2;
EXEC dbo.INSERT_ORDER_FOOD 327, 33, 2;
EXEC dbo.INSERT_ORDER_FOOD 160, 34, 2;
EXEC dbo.INSERT_ORDER_FOOD 511, 34, 3;
EXEC dbo.INSERT_ORDER_FOOD 245, 35, 5;
EXEC dbo.INSERT_ORDER_FOOD 457, 35, 5;
EXEC dbo.INSERT_ORDER_FOOD 519, 35, 1;
EXEC dbo.INSERT_ORDER_FOOD 301, 35, 4;
EXEC dbo.INSERT_ORDER_FOOD 593, 35, 3;
EXEC dbo.INSERT_ORDER_FOOD 14, 35, 5;
EXEC dbo.INSERT_ORDER_FOOD 327, 35, 3;
EXEC dbo.INSERT_ORDER_FOOD 153, 35, 5;
EXEC dbo.INSERT_ORDER_FOOD 357, 36, 2;
EXEC dbo.INSERT_ORDER_FOOD 237, 36, 5;
EXEC dbo.INSERT_ORDER_FOOD 107, 36, 4;
EXEC dbo.INSERT_ORDER_FOOD 356, 36, 2;
EXEC dbo.INSERT_ORDER_FOOD 45, 36, 2;
EXEC dbo.INSERT_ORDER_FOOD 36, 36, 1;
EXEC dbo.INSERT_ORDER_FOOD 392, 36, 3;
EXEC dbo.INSERT_ORDER_FOOD 14, 36, 3;
EXEC dbo.INSERT_ORDER_FOOD 200, 36, 3;
EXEC dbo.INSERT_ORDER_FOOD 522, 37, 2;
EXEC dbo.INSERT_ORDER_FOOD 550, 37, 4;
EXEC dbo.INSERT_ORDER_FOOD 386, 37, 4;
EXEC dbo.INSERT_ORDER_FOOD 30, 37, 1;
EXEC dbo.INSERT_ORDER_FOOD 45, 38, 5;
EXEC dbo.INSERT_ORDER_FOOD 444, 38, 3;
EXEC dbo.INSERT_ORDER_FOOD 219, 38, 3;
EXEC dbo.INSERT_ORDER_FOOD 219, 38, 5;
EXEC dbo.INSERT_ORDER_FOOD 356, 38, 5;
EXEC dbo.INSERT_ORDER_FOOD 546, 38, 2;
EXEC dbo.INSERT_ORDER_FOOD 327, 38, 2;
EXEC dbo.INSERT_ORDER_FOOD 30, 39, 5;
EXEC dbo.INSERT_ORDER_FOOD 349, 39, 4;
EXEC dbo.INSERT_ORDER_FOOD 522, 39, 4;
EXEC dbo.INSERT_ORDER_FOOD 349, 39, 1;
EXEC dbo.INSERT_ORDER_FOOD 546, 39, 4;
EXEC dbo.INSERT_ORDER_FOOD 504, 39, 4;
EXEC dbo.INSERT_ORDER_FOOD 167, 39, 2;
EXEC dbo.INSERT_ORDER_FOOD 349, 40, 5;
EXEC dbo.INSERT_ORDER_FOOD 522, 40, 3;
EXEC dbo.INSERT_ORDER_FOOD 245, 40, 4;
EXEC dbo.INSERT_ORDER_FOOD 36, 40, 3;
EXEC dbo.INSERT_ORDER_FOOD 30, 40, 1;
EXEC dbo.INSERT_ORDER_FOOD 64, 40, 4;
EXEC dbo.INSERT_ORDER_FOOD 310, 40, 3;
EXEC dbo.INSERT_ORDER_FOOD 392, 40, 2;
EXEC dbo.INSERT_ORDER_FOOD 72, 1, 5;
EXEC dbo.INSERT_ORDER_FOOD 62, 1, 1;
EXEC dbo.INSERT_ORDER_FOOD 62, 1, 4;
EXEC dbo.INSERT_ORDER_FOOD 76, 1, 5;
EXEC dbo.INSERT_ORDER_FOOD 569, 1, 1;
EXEC dbo.INSERT_ORDER_FOOD 72, 1, 2;
EXEC dbo.INSERT_ORDER_FOOD 29, 1, 2;
EXEC dbo.INSERT_ORDER_FOOD 239, 1, 4;
EXEC dbo.INSERT_ORDER_FOOD 528, 1, 2;
EXEC dbo.INSERT_ORDER_FOOD 242, 2, 5;
EXEC dbo.INSERT_ORDER_FOOD 532, 2, 3;
EXEC dbo.INSERT_ORDER_FOOD 600, 2, 5;
EXEC dbo.INSERT_ORDER_FOOD 242, 2, 1;
EXEC dbo.INSERT_ORDER_FOOD 224, 2, 4;
EXEC dbo.INSERT_ORDER_FOOD 93, 2, 5;
EXEC dbo.INSERT_ORDER_FOOD 149, 2, 4;
EXEC dbo.INSERT_ORDER_FOOD 414, 2, 5;
EXEC dbo.INSERT_ORDER_FOOD 514, 2, 1;
EXEC dbo.INSERT_ORDER_FOOD 532, 3, 3;
EXEC dbo.INSERT_ORDER_FOOD 389, 3, 2;
EXEC dbo.INSERT_ORDER_FOOD 389, 4, 5;
EXEC dbo.INSERT_ORDER_FOOD 194, 5, 4;
EXEC dbo.INSERT_ORDER_FOOD 29, 5, 4;
EXEC dbo.INSERT_ORDER_FOOD 29, 6, 3;
EXEC dbo.INSERT_ORDER_FOOD 274, 6, 3;
EXEC dbo.INSERT_ORDER_FOOD 149, 6, 1;
EXEC dbo.INSERT_ORDER_FOOD 506, 6, 5;
EXEC dbo.INSERT_ORDER_FOOD 76, 6, 3;
EXEC dbo.INSERT_ORDER_FOOD 414, 6, 2;
EXEC dbo.INSERT_ORDER_FOOD 149, 6, 4;
EXEC dbo.INSERT_ORDER_FOOD 242, 6, 2;
EXEC dbo.INSERT_ORDER_FOOD 149, 7, 3;
EXEC dbo.INSERT_ORDER_FOOD 553, 7, 4;
EXEC dbo.INSERT_ORDER_FOOD 198, 7, 4;
EXEC dbo.INSERT_ORDER_FOOD 226, 7, 3;
EXEC dbo.INSERT_ORDER_FOOD 569, 8, 5;
EXEC dbo.INSERT_ORDER_FOOD 29, 8, 2;
EXEC dbo.INSERT_ORDER_FOOD 411, 8, 3;
EXEC dbo.INSERT_ORDER_FOOD 239, 8, 5;
EXEC dbo.INSERT_ORDER_FOOD 149, 8, 3;
EXEC dbo.INSERT_ORDER_FOOD 242, 8, 5;
EXEC dbo.INSERT_ORDER_FOOD 72, 8, 1;
EXEC dbo.INSERT_ORDER_FOOD 414, 9, 1;
EXEC dbo.INSERT_ORDER_FOOD 76, 9, 1;
EXEC dbo.INSERT_ORDER_FOOD 224, 10, 2;
EXEC dbo.INSERT_ORDER_FOOD 224, 11, 5;
EXEC dbo.INSERT_ORDER_FOOD 532, 11, 4;
EXEC dbo.INSERT_ORDER_FOOD 16, 11, 4;
EXEC dbo.INSERT_ORDER_FOOD 532, 11, 1;
EXEC dbo.INSERT_ORDER_FOOD 194, 11, 4;
EXEC dbo.INSERT_ORDER_FOOD 224, 11, 2;
EXEC dbo.INSERT_ORDER_FOOD 150, 11, 2;
EXEC dbo.INSERT_ORDER_FOOD 555, 11, 3;
EXEC dbo.INSERT_ORDER_FOOD 411, 11, 2;
EXEC dbo.INSERT_ORDER_FOOD 414, 12, 1;
EXEC dbo.INSERT_ORDER_FOOD 553, 12, 3;
EXEC dbo.INSERT_ORDER_FOOD 72, 12, 3;
EXEC dbo.INSERT_ORDER_FOOD 449, 12, 4;
EXEC dbo.INSERT_ORDER_FOOD 589, 13, 2;
EXEC dbo.INSERT_ORDER_FOOD 29, 13, 2;
EXEC dbo.INSERT_ORDER_FOOD 418, 13, 4;
EXEC dbo.INSERT_ORDER_FOOD 196, 13, 5;
EXEC dbo.INSERT_ORDER_FOOD 76, 14, 4;
EXEC dbo.INSERT_ORDER_FOOD 198, 14, 3;
EXEC dbo.INSERT_ORDER_FOOD 186, 14, 4;
EXEC dbo.INSERT_ORDER_FOOD 414, 15, 5;
EXEC dbo.INSERT_ORDER_FOOD 72, 15, 2;
EXEC dbo.INSERT_ORDER_FOOD 443, 15, 3;
EXEC dbo.INSERT_ORDER_FOOD 532, 15, 1;
EXEC dbo.INSERT_ORDER_FOOD 194, 15, 3;
EXEC dbo.INSERT_ORDER_FOOD 555, 15, 1;
EXEC dbo.INSERT_ORDER_FOOD 514, 15, 4;
EXEC dbo.INSERT_ORDER_FOOD 532, 16, 2;
EXEC dbo.INSERT_ORDER_FOOD 553, 16, 3;
EXEC dbo.INSERT_ORDER_FOOD 558, 16, 1;
EXEC dbo.INSERT_ORDER_FOOD 443, 16, 3;
EXEC dbo.INSERT_ORDER_FOOD 198, 16, 2;
EXEC dbo.INSERT_ORDER_FOOD 553, 16, 4;
EXEC dbo.INSERT_ORDER_FOOD 150, 16, 5;
EXEC dbo.INSERT_ORDER_FOOD 72, 17, 1;
EXEC dbo.INSERT_ORDER_FOOD 553, 17, 5;
EXEC dbo.INSERT_ORDER_FOOD 449, 17, 4;
EXEC dbo.INSERT_ORDER_FOOD 532, 17, 1;
EXEC dbo.INSERT_ORDER_FOOD 186, 17, 3;
EXEC dbo.INSERT_ORDER_FOOD 239, 17, 4;
EXEC dbo.INSERT_ORDER_FOOD 589, 17, 5;
EXEC dbo.INSERT_ORDER_FOOD 449, 17, 1;
EXEC dbo.INSERT_ORDER_FOOD 198, 18, 2;
EXEC dbo.INSERT_ORDER_FOOD 89, 18, 3;
EXEC dbo.INSERT_ORDER_FOOD 600, 18, 3;
EXEC dbo.INSERT_ORDER_FOOD 600, 18, 1;
EXEC dbo.INSERT_ORDER_FOOD 89, 18, 5;
EXEC dbo.INSERT_ORDER_FOOD 194, 18, 2;
EXEC dbo.INSERT_ORDER_FOOD 600, 18, 5;
EXEC dbo.INSERT_ORDER_FOOD 242, 18, 1;
EXEC dbo.INSERT_ORDER_FOOD 62, 18, 2;
EXEC dbo.INSERT_ORDER_FOOD 140, 18, 4;
EXEC dbo.INSERT_ORDER_FOOD 414, 19, 2;
EXEC dbo.INSERT_ORDER_FOOD 72, 19, 2;
EXEC dbo.INSERT_ORDER_FOOD 528, 19, 3;
EXEC dbo.INSERT_ORDER_FOOD 62, 19, 2;
EXEC dbo.INSERT_ORDER_FOOD 72, 19, 4;
EXEC dbo.INSERT_ORDER_FOOD 198, 19, 2;
EXEC dbo.INSERT_ORDER_FOOD 449, 20, 3;
EXEC dbo.INSERT_ORDER_FOOD 414, 21, 3;
EXEC dbo.INSERT_ORDER_FOOD 16, 21, 4;
EXEC dbo.INSERT_ORDER_FOOD 241, 22, 2;
EXEC dbo.INSERT_ORDER_FOOD 558, 22, 4;
EXEC dbo.INSERT_ORDER_FOOD 149, 23, 4;
EXEC dbo.INSERT_ORDER_FOOD 569, 23, 3;
EXEC dbo.INSERT_ORDER_FOOD 449, 23, 4;
EXEC dbo.INSERT_ORDER_FOOD 72, 23, 4;
EXEC dbo.INSERT_ORDER_FOOD 76, 23, 4;
EXEC dbo.INSERT_ORDER_FOOD 414, 23, 5;
EXEC dbo.INSERT_ORDER_FOOD 226, 23, 2;
EXEC dbo.INSERT_ORDER_FOOD 72, 23, 1;
EXEC dbo.INSERT_ORDER_FOOD 196, 23, 5;
EXEC dbo.INSERT_ORDER_FOOD 16, 24, 3;
EXEC dbo.INSERT_ORDER_FOOD 241, 24, 3;
EXEC dbo.INSERT_ORDER_FOOD 226, 25, 5;
EXEC dbo.INSERT_ORDER_FOOD 239, 25, 5;
EXEC dbo.INSERT_ORDER_FOOD 569, 25, 5;
EXEC dbo.INSERT_ORDER_FOOD 62, 25, 4;
EXEC dbo.INSERT_ORDER_FOOD 449, 25, 4;
EXEC dbo.INSERT_ORDER_FOOD 224, 25, 1;
EXEC dbo.INSERT_ORDER_FOOD 62, 25, 2;
EXEC dbo.INSERT_ORDER_FOOD 355, 26, 5;
EXEC dbo.INSERT_ORDER_FOOD 93, 26, 1;
EXEC dbo.INSERT_ORDER_FOOD 506, 26, 3;
EXEC dbo.INSERT_ORDER_FOOD 389, 26, 5;
EXEC dbo.INSERT_ORDER_FOOD 16, 26, 1;
EXEC dbo.INSERT_ORDER_FOOD 541, 27, 4;
EXEC dbo.INSERT_ORDER_FOOD 224, 27, 4;
EXEC dbo.INSERT_ORDER_FOOD 93, 27, 1;
EXEC dbo.INSERT_ORDER_FOOD 449, 27, 5;
EXEC dbo.INSERT_ORDER_FOOD 569, 27, 4;
EXEC dbo.INSERT_ORDER_FOOD 16, 27, 3;
EXEC dbo.INSERT_ORDER_FOOD 470, 27, 2;
EXEC dbo.INSERT_ORDER_FOOD 506, 27, 4;
EXEC dbo.INSERT_ORDER_FOOD 89, 28, 5;
EXEC dbo.INSERT_ORDER_FOOD 411, 28, 1;
EXEC dbo.INSERT_ORDER_FOOD 186, 28, 3;
EXEC dbo.INSERT_ORDER_FOOD 150, 28, 3;
EXEC dbo.INSERT_ORDER_FOOD 506, 28, 1;
EXEC dbo.INSERT_ORDER_FOOD 150, 28, 5;
EXEC dbo.INSERT_ORDER_FOOD 449, 28, 3;
EXEC dbo.INSERT_ORDER_FOOD 224, 29, 2;
EXEC dbo.INSERT_ORDER_FOOD 389, 29, 1;
EXEC dbo.INSERT_ORDER_FOOD 600, 29, 5;
EXEC dbo.INSERT_ORDER_FOOD 418, 29, 2;
EXEC dbo.INSERT_ORDER_FOOD 29, 29, 3;
EXEC dbo.INSERT_ORDER_FOOD 76, 29, 2;
EXEC dbo.INSERT_ORDER_FOOD 589, 29, 1;
EXEC dbo.INSERT_ORDER_FOOD 150, 29, 5;
EXEC dbo.INSERT_ORDER_FOOD 589, 30, 4;
EXEC dbo.INSERT_ORDER_FOOD 186, 30, 3;
EXEC dbo.INSERT_ORDER_FOOD 569, 30, 4;
EXEC dbo.INSERT_ORDER_FOOD 198, 31, 4;
EXEC dbo.INSERT_ORDER_FOOD 29, 31, 1;
EXEC dbo.INSERT_ORDER_FOOD 555, 31, 5;
EXEC dbo.INSERT_ORDER_FOOD 389, 31, 5;
EXEC dbo.INSERT_ORDER_FOOD 93, 31, 5;
EXEC dbo.INSERT_ORDER_FOOD 589, 31, 3;
EXEC dbo.INSERT_ORDER_FOOD 568, 31, 5;
EXEC dbo.INSERT_ORDER_FOOD 589, 31, 1;
EXEC dbo.INSERT_ORDER_FOOD 470, 31, 3;
EXEC dbo.INSERT_ORDER_FOOD 600, 32, 3;
EXEC dbo.INSERT_ORDER_FOOD 532, 32, 2;
EXEC dbo.INSERT_ORDER_FOOD 29, 32, 3;
EXEC dbo.INSERT_ORDER_FOOD 16, 32, 2;
EXEC dbo.INSERT_ORDER_FOOD 242, 32, 3;
EXEC dbo.INSERT_ORDER_FOOD 150, 32, 2;
EXEC dbo.INSERT_ORDER_FOOD 140, 32, 5;
EXEC dbo.INSERT_ORDER_FOOD 274, 32, 3;
EXEC dbo.INSERT_ORDER_FOOD 514, 32, 1;
EXEC dbo.INSERT_ORDER_FOOD 241, 32, 5;
EXEC dbo.INSERT_ORDER_FOOD 186, 33, 4;
EXEC dbo.INSERT_ORDER_FOOD 186, 33, 2;
EXEC dbo.INSERT_ORDER_FOOD 150, 33, 3;
EXEC dbo.INSERT_ORDER_FOOD 62, 33, 1;
EXEC dbo.INSERT_ORDER_FOOD 443, 33, 3;
EXEC dbo.INSERT_ORDER_FOOD 514, 33, 5;
EXEC dbo.INSERT_ORDER_FOOD 528, 33, 3;
EXEC dbo.INSERT_ORDER_FOOD 140, 33, 1;
EXEC dbo.INSERT_ORDER_FOOD 514, 34, 3;
EXEC dbo.INSERT_ORDER_FOOD 532, 34, 1;
EXEC dbo.INSERT_ORDER_FOOD 149, 34, 3;
EXEC dbo.INSERT_ORDER_FOOD 89, 34, 2;
EXEC dbo.INSERT_ORDER_FOOD 532, 34, 1;
EXEC dbo.INSERT_ORDER_FOOD 72, 35, 1;
EXEC dbo.INSERT_ORDER_FOOD 140, 35, 3;
EXEC dbo.INSERT_ORDER_FOOD 449, 35, 1;
EXEC dbo.INSERT_ORDER_FOOD 528, 36, 1;
EXEC dbo.INSERT_ORDER_FOOD 568, 37, 3;
EXEC dbo.INSERT_ORDER_FOOD 239, 37, 1;
EXEC dbo.INSERT_ORDER_FOOD 528, 37, 1;
EXEC dbo.INSERT_ORDER_FOOD 418, 37, 3;
EXEC dbo.INSERT_ORDER_FOOD 555, 37, 4;
EXEC dbo.INSERT_ORDER_FOOD 16, 38, 3;
EXEC dbo.INSERT_ORDER_FOOD 418, 38, 3;
EXEC dbo.INSERT_ORDER_FOOD 541, 38, 1;
EXEC dbo.INSERT_ORDER_FOOD 569, 38, 4;
EXEC dbo.INSERT_ORDER_FOOD 532, 38, 1;
EXEC dbo.INSERT_ORDER_FOOD 224, 38, 2;
EXEC dbo.INSERT_ORDER_FOOD 242, 38, 1;
EXEC dbo.INSERT_ORDER_FOOD 589, 38, 4;
EXEC dbo.INSERT_ORDER_FOOD 414, 39, 4;
EXEC dbo.INSERT_ORDER_FOOD 389, 39, 1;
EXEC dbo.INSERT_ORDER_FOOD 194, 39, 4;
EXEC dbo.INSERT_ORDER_FOOD 194, 39, 3;
EXEC dbo.INSERT_ORDER_FOOD 506, 40, 4;
EXEC dbo.INSERT_ORDER_FOOD 414, 40, 5;
EXEC dbo.INSERT_ORDER_FOOD 414, 40, 4;
EXEC dbo.INSERT_ORDER_FOOD 186, 40, 2;
EXEC dbo.INSERT_ORDER_FOOD 224, 40, 1;
EXEC dbo.INSERT_ORDER_FOOD 198, 40, 1;
EXEC dbo.INSERT_ORDER_FOOD 355, 40, 3;
EXEC dbo.INSERT_ORDER_FOOD 196, 40, 1;
EXEC dbo.INSERT_ORDER_FOOD 263, 1, 5;
EXEC dbo.INSERT_ORDER_FOOD 333, 2, 3;
EXEC dbo.INSERT_ORDER_FOOD 125, 2, 3;
EXEC dbo.INSERT_ORDER_FOOD 26, 2, 3;
EXEC dbo.INSERT_ORDER_FOOD 573, 2, 3;
EXEC dbo.INSERT_ORDER_FOOD 448, 2, 1;
EXEC dbo.INSERT_ORDER_FOOD 329, 2, 2;
EXEC dbo.INSERT_ORDER_FOOD 281, 2, 5;
EXEC dbo.INSERT_ORDER_FOOD 382, 3, 3;
EXEC dbo.INSERT_ORDER_FOOD 119, 3, 5;
EXEC dbo.INSERT_ORDER_FOOD 518, 3, 1;
EXEC dbo.INSERT_ORDER_FOOD 329, 4, 4;
EXEC dbo.INSERT_ORDER_FOOD 281, 4, 2;
EXEC dbo.INSERT_ORDER_FOOD 132, 4, 1;
EXEC dbo.INSERT_ORDER_FOOD 132, 4, 5;
EXEC dbo.INSERT_ORDER_FOOD 380, 4, 2;
EXEC dbo.INSERT_ORDER_FOOD 573, 4, 3;
EXEC dbo.INSERT_ORDER_FOOD 360, 4, 4;
EXEC dbo.INSERT_ORDER_FOOD 125, 4, 5;
EXEC dbo.INSERT_ORDER_FOOD 333, 4, 1;
EXEC dbo.INSERT_ORDER_FOOD 133, 5, 4;
EXEC dbo.INSERT_ORDER_FOOD 66, 5, 5;
EXEC dbo.INSERT_ORDER_FOOD 407, 5, 5;
EXEC dbo.INSERT_ORDER_FOOD 37, 5, 4;
EXEC dbo.INSERT_ORDER_FOOD 263, 5, 2;
EXEC dbo.INSERT_ORDER_FOOD 494, 6, 5;
EXEC dbo.INSERT_ORDER_FOOD 333, 6, 1;
EXEC dbo.INSERT_ORDER_FOOD 132, 6, 5;
EXEC dbo.INSERT_ORDER_FOOD 58, 6, 3;
EXEC dbo.INSERT_ORDER_FOOD 333, 6, 2;
EXEC dbo.INSERT_ORDER_FOOD 360, 6, 5;
EXEC dbo.INSERT_ORDER_FOOD 119, 6, 3;
EXEC dbo.INSERT_ORDER_FOOD 573, 6, 2;
EXEC dbo.INSERT_ORDER_FOOD 518, 7, 1;
EXEC dbo.INSERT_ORDER_FOOD 133, 7, 4;
EXEC dbo.INSERT_ORDER_FOOD 125, 7, 1;
EXEC dbo.INSERT_ORDER_FOOD 333, 7, 5;
EXEC dbo.INSERT_ORDER_FOOD 333, 7, 4;
EXEC dbo.INSERT_ORDER_FOOD 493, 7, 2;
EXEC dbo.INSERT_ORDER_FOOD 494, 7, 4;
EXEC dbo.INSERT_ORDER_FOOD 37, 7, 3;
EXEC dbo.INSERT_ORDER_FOOD 60, 8, 5;
EXEC dbo.INSERT_ORDER_FOOD 281, 8, 1;
EXEC dbo.INSERT_ORDER_FOOD 333, 9, 5;
EXEC dbo.INSERT_ORDER_FOOD 380, 10, 5;
EXEC dbo.INSERT_ORDER_FOOD 60, 10, 2;
EXEC dbo.INSERT_ORDER_FOOD 513, 10, 1;
EXEC dbo.INSERT_ORDER_FOOD 573, 10, 5;
EXEC dbo.INSERT_ORDER_FOOD 339, 10, 4;
EXEC dbo.INSERT_ORDER_FOOD 243, 11, 2;
EXEC dbo.INSERT_ORDER_FOOD 513, 11, 1;
EXEC dbo.INSERT_ORDER_FOOD 24, 11, 3;
EXEC dbo.INSERT_ORDER_FOOD 448, 11, 4;
EXEC dbo.INSERT_ORDER_FOOD 371, 11, 4;
EXEC dbo.INSERT_ORDER_FOOD 132, 11, 5;
EXEC dbo.INSERT_ORDER_FOOD 339, 12, 3;
EXEC dbo.INSERT_ORDER_FOOD 587, 12, 3;
EXEC dbo.INSERT_ORDER_FOOD 24, 12, 2;
EXEC dbo.INSERT_ORDER_FOOD 279, 12, 3;
EXEC dbo.INSERT_ORDER_FOOD 518, 12, 3;
EXEC dbo.INSERT_ORDER_FOOD 573, 12, 4;
EXEC dbo.INSERT_ORDER_FOOD 407, 12, 2;
EXEC dbo.INSERT_ORDER_FOOD 333, 12, 5;
EXEC dbo.INSERT_ORDER_FOOD 333, 13, 3;
EXEC dbo.INSERT_ORDER_FOOD 518, 13, 3;
EXEC dbo.INSERT_ORDER_FOOD 132, 13, 4;
EXEC dbo.INSERT_ORDER_FOOD 472, 13, 2;
EXEC dbo.INSERT_ORDER_FOOD 211, 13, 3;
EXEC dbo.INSERT_ORDER_FOOD 279, 13, 5;
EXEC dbo.INSERT_ORDER_FOOD 211, 14, 3;
EXEC dbo.INSERT_ORDER_FOOD 243, 14, 5;
EXEC dbo.INSERT_ORDER_FOOD 513, 14, 2;
EXEC dbo.INSERT_ORDER_FOOD 133, 14, 1;
EXEC dbo.INSERT_ORDER_FOOD 58, 15, 2;
EXEC dbo.INSERT_ORDER_FOOD 329, 16, 5;
EXEC dbo.INSERT_ORDER_FOOD 329, 17, 1;
EXEC dbo.INSERT_ORDER_FOOD 472, 17, 1;
EXEC dbo.INSERT_ORDER_FOOD 518, 17, 1;
EXEC dbo.INSERT_ORDER_FOOD 339, 17, 2;
EXEC dbo.INSERT_ORDER_FOOD 448, 17, 5;
EXEC dbo.INSERT_ORDER_FOOD 66, 17, 3;
EXEC dbo.INSERT_ORDER_FOOD 40, 17, 5;
EXEC dbo.INSERT_ORDER_FOOD 133, 17, 1;
EXEC dbo.INSERT_ORDER_FOOD 333, 18, 1;
EXEC dbo.INSERT_ORDER_FOOD 46, 18, 2;
EXEC dbo.INSERT_ORDER_FOOD 40, 19, 1;
EXEC dbo.INSERT_ORDER_FOOD 40, 19, 2;
EXEC dbo.INSERT_ORDER_FOOD 380, 19, 1;
EXEC dbo.INSERT_ORDER_FOOD 46, 19, 5;
EXEC dbo.INSERT_ORDER_FOOD 360, 19, 3;
EXEC dbo.INSERT_ORDER_FOOD 427, 19, 5;
EXEC dbo.INSERT_ORDER_FOOD 427, 20, 1;
EXEC dbo.INSERT_ORDER_FOOD 339, 21, 4;
EXEC dbo.INSERT_ORDER_FOOD 407, 21, 3;
EXEC dbo.INSERT_ORDER_FOOD 526, 22, 4;
EXEC dbo.INSERT_ORDER_FOOD 526, 22, 1;
EXEC dbo.INSERT_ORDER_FOOD 60, 22, 1;
EXEC dbo.INSERT_ORDER_FOOD 66, 23, 4;
EXEC dbo.INSERT_ORDER_FOOD 494, 23, 5;
EXEC dbo.INSERT_ORDER_FOOD 397, 23, 2;
EXEC dbo.INSERT_ORDER_FOOD 24, 23, 5;
EXEC dbo.INSERT_ORDER_FOOD 40, 24, 3;
EXEC dbo.INSERT_ORDER_FOOD 339, 24, 5;
EXEC dbo.INSERT_ORDER_FOOD 412, 24, 1;
EXEC dbo.INSERT_ORDER_FOOD 573, 24, 3;
EXEC dbo.INSERT_ORDER_FOOD 119, 24, 5;
EXEC dbo.INSERT_ORDER_FOOD 494, 24, 5;
EXEC dbo.INSERT_ORDER_FOOD 371, 24, 2;
EXEC dbo.INSERT_ORDER_FOOD 518, 24, 5;
EXEC dbo.INSERT_ORDER_FOOD 125, 24, 3;
EXEC dbo.INSERT_ORDER_FOOD 380, 24, 5;
EXEC dbo.INSERT_ORDER_FOOD 339, 25, 3;
EXEC dbo.INSERT_ORDER_FOOD 339, 25, 5;
EXEC dbo.INSERT_ORDER_FOOD 37, 25, 1;
EXEC dbo.INSERT_ORDER_FOOD 263, 25, 3;
EXEC dbo.INSERT_ORDER_FOOD 281, 25, 2;
EXEC dbo.INSERT_ORDER_FOOD 60, 25, 3;
EXEC dbo.INSERT_ORDER_FOOD 333, 25, 5;
EXEC dbo.INSERT_ORDER_FOOD 573, 25, 5;
EXEC dbo.INSERT_ORDER_FOOD 211, 26, 2;
EXEC dbo.INSERT_ORDER_FOOD 382, 26, 1;
EXEC dbo.INSERT_ORDER_FOOD 371, 26, 5;
EXEC dbo.INSERT_ORDER_FOOD 371, 26, 4;
EXEC dbo.INSERT_ORDER_FOOD 412, 26, 5;
EXEC dbo.INSERT_ORDER_FOOD 37, 26, 3;
EXEC dbo.INSERT_ORDER_FOOD 279, 26, 4;
EXEC dbo.INSERT_ORDER_FOOD 448, 27, 4;
EXEC dbo.INSERT_ORDER_FOOD 329, 27, 2;
EXEC dbo.INSERT_ORDER_FOOD 493, 27, 4;
EXEC dbo.INSERT_ORDER_FOOD 493, 27, 1;
EXEC dbo.INSERT_ORDER_FOOD 459, 27, 5;
EXEC dbo.INSERT_ORDER_FOOD 46, 27, 1;
EXEC dbo.INSERT_ORDER_FOOD 40, 27, 3;
EXEC dbo.INSERT_ORDER_FOOD 131, 27, 3;
EXEC dbo.INSERT_ORDER_FOOD 397, 27, 3;
EXEC dbo.INSERT_ORDER_FOOD 24, 27, 4;
EXEC dbo.INSERT_ORDER_FOOD 472, 28, 3;
EXEC dbo.INSERT_ORDER_FOOD 60, 28, 3;
EXEC dbo.INSERT_ORDER_FOOD 119, 28, 2;
EXEC dbo.INSERT_ORDER_FOOD 279, 28, 4;
EXEC dbo.INSERT_ORDER_FOOD 281, 28, 3;
EXEC dbo.INSERT_ORDER_FOOD 125, 28, 2;
EXEC dbo.INSERT_ORDER_FOOD 26, 28, 5;
EXEC dbo.INSERT_ORDER_FOOD 138, 29, 4;
EXEC dbo.INSERT_ORDER_FOOD 382, 29, 1;
EXEC dbo.INSERT_ORDER_FOOD 526, 29, 4;
EXEC dbo.INSERT_ORDER_FOOD 329, 29, 3;
EXEC dbo.INSERT_ORDER_FOOD 493, 29, 2;
EXEC dbo.INSERT_ORDER_FOOD 279, 29, 5;
EXEC dbo.INSERT_ORDER_FOOD 448, 29, 1;
EXEC dbo.INSERT_ORDER_FOOD 26, 29, 1;
EXEC dbo.INSERT_ORDER_FOOD 448, 29, 1;
EXEC dbo.INSERT_ORDER_FOOD 360, 29, 1;
EXEC dbo.INSERT_ORDER_FOOD 397, 30, 4;
EXEC dbo.INSERT_ORDER_FOOD 119, 30, 4;
EXEC dbo.INSERT_ORDER_FOOD 243, 30, 5;
EXEC dbo.INSERT_ORDER_FOOD 382, 30, 1;
EXEC dbo.INSERT_ORDER_FOOD 24, 30, 4;
EXEC dbo.INSERT_ORDER_FOOD 360, 30, 5;
EXEC dbo.INSERT_ORDER_FOOD 119, 31, 2;
EXEC dbo.INSERT_ORDER_FOOD 397, 31, 4;
EXEC dbo.INSERT_ORDER_FOOD 279, 32, 2;
EXEC dbo.INSERT_ORDER_FOOD 448, 32, 1;
EXEC dbo.INSERT_ORDER_FOOD 46, 32, 3;
EXEC dbo.INSERT_ORDER_FOOD 138, 32, 3;
EXEC dbo.INSERT_ORDER_FOOD 281, 32, 4;
EXEC dbo.INSERT_ORDER_FOOD 360, 32, 2;
EXEC dbo.INSERT_ORDER_FOOD 427, 32, 2;
EXEC dbo.INSERT_ORDER_FOOD 24, 32, 4;
EXEC dbo.INSERT_ORDER_FOOD 119, 33, 1;
EXEC dbo.INSERT_ORDER_FOOD 360, 33, 5;
EXEC dbo.INSERT_ORDER_FOOD 472, 33, 3;
EXEC dbo.INSERT_ORDER_FOOD 138, 33, 1;
EXEC dbo.INSERT_ORDER_FOOD 397, 33, 3;
EXEC dbo.INSERT_ORDER_FOOD 211, 34, 1;
EXEC dbo.INSERT_ORDER_FOOD 382, 34, 4;
EXEC dbo.INSERT_ORDER_FOOD 587, 34, 1;
EXEC dbo.INSERT_ORDER_FOOD 518, 34, 4;
EXEC dbo.INSERT_ORDER_FOOD 573, 34, 3;
EXEC dbo.INSERT_ORDER_FOOD 133, 34, 5;
EXEC dbo.INSERT_ORDER_FOOD 329, 34, 4;
EXEC dbo.INSERT_ORDER_FOOD 37, 34, 4;
EXEC dbo.INSERT_ORDER_FOOD 263, 34, 4;
EXEC dbo.INSERT_ORDER_FOOD 494, 34, 2;
EXEC dbo.INSERT_ORDER_FOOD 281, 35, 2;
EXEC dbo.INSERT_ORDER_FOOD 407, 35, 3;
EXEC dbo.INSERT_ORDER_FOOD 526, 35, 5;
EXEC dbo.INSERT_ORDER_FOOD 243, 35, 2;
EXEC dbo.INSERT_ORDER_FOOD 448, 35, 2;
EXEC dbo.INSERT_ORDER_FOOD 120, 35, 3;
EXEC dbo.INSERT_ORDER_FOOD 133, 35, 3;
EXEC dbo.INSERT_ORDER_FOOD 132, 35, 3;
EXEC dbo.INSERT_ORDER_FOOD 518, 36, 1;
EXEC dbo.INSERT_ORDER_FOOD 380, 36, 2;
EXEC dbo.INSERT_ORDER_FOOD 397, 36, 5;
EXEC dbo.INSERT_ORDER_FOOD 380, 36, 2;
EXEC dbo.INSERT_ORDER_FOOD 24, 36, 3;
EXEC dbo.INSERT_ORDER_FOOD 243, 36, 2;
EXEC dbo.INSERT_ORDER_FOOD 472, 36, 3;
EXEC dbo.INSERT_ORDER_FOOD 493, 36, 3;
EXEC dbo.INSERT_ORDER_FOOD 131, 36, 4;
EXEC dbo.INSERT_ORDER_FOOD 279, 37, 1;
EXEC dbo.INSERT_ORDER_FOOD 243, 37, 4;
EXEC dbo.INSERT_ORDER_FOOD 518, 38, 2;
EXEC dbo.INSERT_ORDER_FOOD 138, 38, 4;
EXEC dbo.INSERT_ORDER_FOOD 26, 38, 1;
EXEC dbo.INSERT_ORDER_FOOD 24, 38, 5;
EXEC dbo.INSERT_ORDER_FOOD 494, 38, 2;
EXEC dbo.INSERT_ORDER_FOOD 397, 38, 2;
EXEC dbo.INSERT_ORDER_FOOD 329, 39, 2;
EXEC dbo.INSERT_ORDER_FOOD 279, 39, 4;
EXEC dbo.INSERT_ORDER_FOOD 382, 39, 2;
EXEC dbo.INSERT_ORDER_FOOD 26, 39, 4;
EXEC dbo.INSERT_ORDER_FOOD 133, 39, 5;
EXEC dbo.INSERT_ORDER_FOOD 360, 39, 5;
EXEC dbo.INSERT_ORDER_FOOD 494, 40, 1;
EXEC dbo.INSERT_ORDER_FOOD 40, 40, 2;
EXEC dbo.INSERT_ORDER_FOOD 24, 40, 5;
EXEC dbo.INSERT_ORDER_FOOD 494, 40, 4;
EXEC dbo.INSERT_ORDER_FOOD 133, 40, 1;
EXEC dbo.INSERT_ORDER_FOOD 131, 40, 2;
EXEC dbo.INSERT_ORDER_FOOD 513, 40, 2;
EXEC dbo.INSERT_ORDER_FOOD 281, 40, 5;
EXEC dbo.INSERT_ORDER_FOOD 333, 40, 3;
EXEC dbo.INSERT_ORDER_FOOD 26, 40, 2;
EXEC dbo.INSERT_ORDER_FOOD 246, 1, 3;
EXEC dbo.INSERT_ORDER_FOOD 408, 1, 1;
EXEC dbo.INSERT_ORDER_FOOD 520, 1, 4;
EXEC dbo.INSERT_ORDER_FOOD 163, 1, 2;
EXEC dbo.INSERT_ORDER_FOOD 512, 1, 5;
EXEC dbo.INSERT_ORDER_FOOD 54, 1, 4;
EXEC dbo.INSERT_ORDER_FOOD 512, 1, 3;
EXEC dbo.INSERT_ORDER_FOOD 257, 1, 4;
EXEC dbo.INSERT_ORDER_FOOD 106, 2, 1;
EXEC dbo.INSERT_ORDER_FOOD 246, 2, 3;
EXEC dbo.INSERT_ORDER_FOOD 561, 2, 3;
EXEC dbo.INSERT_ORDER_FOOD 210, 2, 5;
EXEC dbo.INSERT_ORDER_FOOD 257, 2, 3;
EXEC dbo.INSERT_ORDER_FOOD 257, 2, 4;
EXEC dbo.INSERT_ORDER_FOOD 121, 2, 5;
EXEC dbo.INSERT_ORDER_FOOD 598, 2, 5;
EXEC dbo.INSERT_ORDER_FOOD 136, 2, 3;
EXEC dbo.INSERT_ORDER_FOOD 121, 3, 3;
EXEC dbo.INSERT_ORDER_FOOD 215, 3, 2;
EXEC dbo.INSERT_ORDER_FOOD 489, 3, 4;
EXEC dbo.INSERT_ORDER_FOOD 565, 3, 3;
EXEC dbo.INSERT_ORDER_FOOD 148, 3, 1;
EXEC dbo.INSERT_ORDER_FOOD 148, 4, 3;
EXEC dbo.INSERT_ORDER_FOOD 171, 4, 3;
EXEC dbo.INSERT_ORDER_FOOD 577, 5, 3;
EXEC dbo.INSERT_ORDER_FOOD 4, 5, 1;
EXEC dbo.INSERT_ORDER_FOOD 71, 5, 4;
EXEC dbo.INSERT_ORDER_FOOD 278, 5, 1;
EXEC dbo.INSERT_ORDER_FOOD 317, 5, 5;
EXEC dbo.INSERT_ORDER_FOOD 501, 5, 2;
EXEC dbo.INSERT_ORDER_FOOD 225, 5, 3;
EXEC dbo.INSERT_ORDER_FOOD 252, 5, 5;
EXEC dbo.INSERT_ORDER_FOOD 520, 5, 1;
EXEC dbo.INSERT_ORDER_FOOD 598, 6, 5;
EXEC dbo.INSERT_ORDER_FOOD 171, 6, 3;
EXEC dbo.INSERT_ORDER_FOOD 598, 6, 5;
EXEC dbo.INSERT_ORDER_FOOD 106, 7, 2;
EXEC dbo.INSERT_ORDER_FOOD 106, 7, 3;
EXEC dbo.INSERT_ORDER_FOOD 438, 7, 4;
EXEC dbo.INSERT_ORDER_FOOD 438, 8, 1;
EXEC dbo.INSERT_ORDER_FOOD 565, 8, 4;
EXEC dbo.INSERT_ORDER_FOOD 561, 8, 2;
EXEC dbo.INSERT_ORDER_FOOD 71, 8, 4;
EXEC dbo.INSERT_ORDER_FOOD 51, 8, 4;
EXEC dbo.INSERT_ORDER_FOOD 598, 8, 2;
EXEC dbo.INSERT_ORDER_FOOD 184, 8, 4;
EXEC dbo.INSERT_ORDER_FOOD 430, 8, 1;
EXEC dbo.INSERT_ORDER_FOOD 70, 8, 4;
EXEC dbo.INSERT_ORDER_FOOD 438, 8, 1;
EXEC dbo.INSERT_ORDER_FOOD 252, 9, 3;
EXEC dbo.INSERT_ORDER_FOOD 116, 9, 5;
EXEC dbo.INSERT_ORDER_FOOD 71, 9, 4;
EXEC dbo.INSERT_ORDER_FOOD 163, 9, 3;
EXEC dbo.INSERT_ORDER_FOOD 564, 9, 3;
EXEC dbo.INSERT_ORDER_FOOD 501, 9, 4;
EXEC dbo.INSERT_ORDER_FOOD 116, 9, 4;
EXEC dbo.INSERT_ORDER_FOOD 148, 9, 5;
EXEC dbo.INSERT_ORDER_FOOD 54, 10, 2;
EXEC dbo.INSERT_ORDER_FOOD 54, 10, 3;
EXEC dbo.INSERT_ORDER_FOOD 51, 10, 2;
EXEC dbo.INSERT_ORDER_FOOD 489, 11, 5;
EXEC dbo.INSERT_ORDER_FOOD 209, 11, 4;
EXEC dbo.INSERT_ORDER_FOOD 501, 11, 2;
EXEC dbo.INSERT_ORDER_FOOD 565, 12, 5;
EXEC dbo.INSERT_ORDER_FOOD 225, 12, 3;
EXEC dbo.INSERT_ORDER_FOOD 148, 12, 1;
EXEC dbo.INSERT_ORDER_FOOD 4, 12, 4;
EXEC dbo.INSERT_ORDER_FOOD 225, 12, 5;
EXEC dbo.INSERT_ORDER_FOOD 252, 12, 3;
EXEC dbo.INSERT_ORDER_FOOD 252, 12, 5;
EXEC dbo.INSERT_ORDER_FOOD 209, 13, 2;
EXEC dbo.INSERT_ORDER_FOOD 215, 13, 2;
EXEC dbo.INSERT_ORDER_FOOD 512, 13, 2;
EXEC dbo.INSERT_ORDER_FOOD 478, 13, 4;
EXEC dbo.INSERT_ORDER_FOOD 564, 14, 1;
EXEC dbo.INSERT_ORDER_FOOD 210, 14, 1;
EXEC dbo.INSERT_ORDER_FOOD 163, 14, 3;
EXEC dbo.INSERT_ORDER_FOOD 278, 14, 5;
EXEC dbo.INSERT_ORDER_FOOD 598, 15, 4;
EXEC dbo.INSERT_ORDER_FOOD 116, 15, 2;
EXEC dbo.INSERT_ORDER_FOOD 141, 16, 2;
EXEC dbo.INSERT_ORDER_FOOD 577, 16, 4;
EXEC dbo.INSERT_ORDER_FOOD 148, 16, 2;
EXEC dbo.INSERT_ORDER_FOOD 598, 17, 2;
EXEC dbo.INSERT_ORDER_FOOD 278, 17, 4;
EXEC dbo.INSERT_ORDER_FOOD 225, 17, 4;
EXEC dbo.INSERT_ORDER_FOOD 163, 17, 3;
EXEC dbo.INSERT_ORDER_FOOD 116, 17, 4;
EXEC dbo.INSERT_ORDER_FOOD 70, 17, 3;
EXEC dbo.INSERT_ORDER_FOOD 438, 17, 5;
EXEC dbo.INSERT_ORDER_FOOD 225, 17, 2;
EXEC dbo.INSERT_ORDER_FOOD 141, 17, 3;
EXEC dbo.INSERT_ORDER_FOOD 163, 17, 1;
EXEC dbo.INSERT_ORDER_FOOD 51, 18, 5;
EXEC dbo.INSERT_ORDER_FOOD 54, 18, 4;
EXEC dbo.INSERT_ORDER_FOOD 215, 18, 1;
EXEC dbo.INSERT_ORDER_FOOD 512, 18, 5;
EXEC dbo.INSERT_ORDER_FOOD 184, 19, 5;
EXEC dbo.INSERT_ORDER_FOOD 520, 20, 2;
EXEC dbo.INSERT_ORDER_FOOD 564, 20, 5;
EXEC dbo.INSERT_ORDER_FOOD 475, 20, 3;
EXEC dbo.INSERT_ORDER_FOOD 70, 20, 1;
EXEC dbo.INSERT_ORDER_FOOD 317, 20, 3;
EXEC dbo.INSERT_ORDER_FOOD 225, 20, 3;
EXEC dbo.INSERT_ORDER_FOOD 430, 20, 1;
EXEC dbo.INSERT_ORDER_FOOD 71, 21, 1;
EXEC dbo.INSERT_ORDER_FOOD 54, 21, 1;
EXEC dbo.INSERT_ORDER_FOOD 561, 21, 4;
EXEC dbo.INSERT_ORDER_FOOD 561, 21, 2;
EXEC dbo.INSERT_ORDER_FOOD 252, 21, 5;
EXEC dbo.INSERT_ORDER_FOOD 561, 21, 5;
EXEC dbo.INSERT_ORDER_FOOD 475, 21, 1;
EXEC dbo.INSERT_ORDER_FOOD 317, 21, 4;
EXEC dbo.INSERT_ORDER_FOOD 564, 21, 5;
EXEC dbo.INSERT_ORDER_FOOD 501, 21, 2;
EXEC dbo.INSERT_ORDER_FOOD 520, 22, 2;
EXEC dbo.INSERT_ORDER_FOOD 564, 22, 3;
EXEC dbo.INSERT_ORDER_FOOD 520, 22, 1;
EXEC dbo.INSERT_ORDER_FOOD 317, 22, 4;
EXEC dbo.INSERT_ORDER_FOOD 408, 22, 4;
EXEC dbo.INSERT_ORDER_FOOD 210, 22, 2;
EXEC dbo.INSERT_ORDER_FOOD 598, 23, 2;
EXEC dbo.INSERT_ORDER_FOOD 4, 23, 1;
EXEC dbo.INSERT_ORDER_FOOD 278, 23, 3;
EXEC dbo.INSERT_ORDER_FOOD 520, 23, 4;
EXEC dbo.INSERT_ORDER_FOOD 54, 24, 3;
EXEC dbo.INSERT_ORDER_FOOD 209, 24, 1;
EXEC dbo.INSERT_ORDER_FOOD 561, 25, 4;
EXEC dbo.INSERT_ORDER_FOOD 252, 25, 2;
EXEC dbo.INSERT_ORDER_FOOD 210, 25, 2;
EXEC dbo.INSERT_ORDER_FOOD 215, 26, 1;
EXEC dbo.INSERT_ORDER_FOOD 598, 26, 3;
EXEC dbo.INSERT_ORDER_FOOD 501, 26, 5;
EXEC dbo.INSERT_ORDER_FOOD 278, 27, 2;
EXEC dbo.INSERT_ORDER_FOOD 430, 27, 3;
EXEC dbo.INSERT_ORDER_FOOD 561, 27, 5;
EXEC dbo.INSERT_ORDER_FOOD 577, 28, 4;
EXEC dbo.INSERT_ORDER_FOOD 225, 28, 2;
EXEC dbo.INSERT_ORDER_FOOD 564, 29, 4;
EXEC dbo.INSERT_ORDER_FOOD 278, 29, 3;
EXEC dbo.INSERT_ORDER_FOOD 475, 30, 3;
EXEC dbo.INSERT_ORDER_FOOD 141, 30, 2;
EXEC dbo.INSERT_ORDER_FOOD 577, 30, 4;
EXEC dbo.INSERT_ORDER_FOOD 163, 30, 2;
EXEC dbo.INSERT_ORDER_FOOD 501, 30, 5;
EXEC dbo.INSERT_ORDER_FOOD 564, 30, 5;
EXEC dbo.INSERT_ORDER_FOOD 478, 30, 3;
EXEC dbo.INSERT_ORDER_FOOD 116, 31, 1;
EXEC dbo.INSERT_ORDER_FOOD 225, 31, 4;
EXEC dbo.INSERT_ORDER_FOOD 512, 31, 3;
EXEC dbo.INSERT_ORDER_FOOD 171, 31, 1;
EXEC dbo.INSERT_ORDER_FOOD 561, 31, 3;
EXEC dbo.INSERT_ORDER_FOOD 54, 31, 5;
EXEC dbo.INSERT_ORDER_FOOD 564, 31, 3;
EXEC dbo.INSERT_ORDER_FOOD 577, 31, 1;
EXEC dbo.INSERT_ORDER_FOOD 561, 32, 1;
EXEC dbo.INSERT_ORDER_FOOD 148, 32, 4;
EXEC dbo.INSERT_ORDER_FOOD 71, 32, 3;
EXEC dbo.INSERT_ORDER_FOOD 148, 32, 3;
EXEC dbo.INSERT_ORDER_FOOD 4, 32, 3;
EXEC dbo.INSERT_ORDER_FOOD 163, 32, 3;
EXEC dbo.INSERT_ORDER_FOOD 70, 33, 3;
EXEC dbo.INSERT_ORDER_FOOD 210, 33, 5;
EXEC dbo.INSERT_ORDER_FOOD 489, 34, 4;
EXEC dbo.INSERT_ORDER_FOOD 501, 35, 2;
EXEC dbo.INSERT_ORDER_FOOD 163, 35, 1;
EXEC dbo.INSERT_ORDER_FOOD 564, 35, 1;
EXEC dbo.INSERT_ORDER_FOOD 4, 35, 5;
EXEC dbo.INSERT_ORDER_FOOD 317, 35, 5;
EXEC dbo.INSERT_ORDER_FOOD 51, 35, 3;
EXEC dbo.INSERT_ORDER_FOOD 598, 35, 3;
EXEC dbo.INSERT_ORDER_FOOD 210, 35, 3;
EXEC dbo.INSERT_ORDER_FOOD 4, 35, 2;
EXEC dbo.INSERT_ORDER_FOOD 501, 35, 2;
EXEC dbo.INSERT_ORDER_FOOD 136, 36, 4;
EXEC dbo.INSERT_ORDER_FOOD 106, 36, 1;
EXEC dbo.INSERT_ORDER_FOOD 215, 36, 5;
EXEC dbo.INSERT_ORDER_FOOD 171, 36, 2;
EXEC dbo.INSERT_ORDER_FOOD 141, 36, 4;
EXEC dbo.INSERT_ORDER_FOOD 225, 37, 1;
EXEC dbo.INSERT_ORDER_FOOD 116, 37, 4;
EXEC dbo.INSERT_ORDER_FOOD 317, 37, 1;
EXEC dbo.INSERT_ORDER_FOOD 136, 37, 5;
EXEC dbo.INSERT_ORDER_FOOD 209, 37, 3;
EXEC dbo.INSERT_ORDER_FOOD 71, 37, 5;
EXEC dbo.INSERT_ORDER_FOOD 163, 37, 1;
EXEC dbo.INSERT_ORDER_FOOD 184, 38, 5;
EXEC dbo.INSERT_ORDER_FOOD 257, 38, 5;
EXEC dbo.INSERT_ORDER_FOOD 257, 38, 4;
EXEC dbo.INSERT_ORDER_FOOD 317, 38, 2;
EXEC dbo.INSERT_ORDER_FOOD 116, 38, 2;
EXEC dbo.INSERT_ORDER_FOOD 438, 38, 5;
EXEC dbo.INSERT_ORDER_FOOD 215, 38, 2;
EXEC dbo.INSERT_ORDER_FOOD 136, 39, 2;
EXEC dbo.INSERT_ORDER_FOOD 257, 39, 3;
EXEC dbo.INSERT_ORDER_FOOD 225, 39, 5;
EXEC dbo.INSERT_ORDER_FOOD 116, 39, 3;
EXEC dbo.INSERT_ORDER_FOOD 257, 39, 2;
EXEC dbo.INSERT_ORDER_FOOD 408, 39, 1;
EXEC dbo.INSERT_ORDER_FOOD 489, 39, 4;
EXEC dbo.INSERT_ORDER_FOOD 501, 40, 2;
EXEC dbo.INSERT_ORDER_FOOD 252, 40, 3;
EXEC dbo.INSERT_ORDER_FOOD 317, 40, 5;
EXEC dbo.INSERT_ORDER_FOOD 4, 40, 4;
EXEC dbo.INSERT_ORDER_FOOD 184, 40, 2;
EXEC dbo.INSERT_ORDER_FOOD 257, 40, 1;
EXEC dbo.INSERT_ORDER_FOOD 110, 1, 1;
EXEC dbo.INSERT_ORDER_FOOD 507, 1, 3;
EXEC dbo.INSERT_ORDER_FOOD 492, 1, 1;
EXEC dbo.INSERT_ORDER_FOOD 272, 1, 2;
EXEC dbo.INSERT_ORDER_FOOD 595, 2, 4;
EXEC dbo.INSERT_ORDER_FOOD 110, 3, 5;
EXEC dbo.INSERT_ORDER_FOOD 147, 3, 4;
EXEC dbo.INSERT_ORDER_FOOD 187, 3, 4;
EXEC dbo.INSERT_ORDER_FOOD 152, 3, 3;
EXEC dbo.INSERT_ORDER_FOOD 416, 3, 2;
EXEC dbo.INSERT_ORDER_FOOD 264, 3, 1;
EXEC dbo.INSERT_ORDER_FOOD 199, 3, 2;
EXEC dbo.INSERT_ORDER_FOOD 578, 3, 1;
EXEC dbo.INSERT_ORDER_FOOD 57, 4, 1;
EXEC dbo.INSERT_ORDER_FOOD 178, 4, 4;
EXEC dbo.INSERT_ORDER_FOOD 187, 4, 5;
EXEC dbo.INSERT_ORDER_FOOD 264, 4, 3;
EXEC dbo.INSERT_ORDER_FOOD 583, 4, 3;
EXEC dbo.INSERT_ORDER_FOOD 117, 5, 1;
EXEC dbo.INSERT_ORDER_FOOD 560, 5, 3;
EXEC dbo.INSERT_ORDER_FOOD 437, 6, 4;
EXEC dbo.INSERT_ORDER_FOOD 11, 6, 3;
EXEC dbo.INSERT_ORDER_FOOD 370, 6, 3;
EXEC dbo.INSERT_ORDER_FOOD 351, 6, 4;
EXEC dbo.INSERT_ORDER_FOOD 208, 6, 4;
EXEC dbo.INSERT_ORDER_FOOD 424, 6, 1;
EXEC dbo.INSERT_ORDER_FOOD 370, 6, 3;
EXEC dbo.INSERT_ORDER_FOOD 114, 6, 5;
EXEC dbo.INSERT_ORDER_FOOD 83, 7, 5;
EXEC dbo.INSERT_ORDER_FOOD 370, 7, 3;
EXEC dbo.INSERT_ORDER_FOOD 83, 7, 4;
EXEC dbo.INSERT_ORDER_FOOD 363, 7, 5;
EXEC dbo.INSERT_ORDER_FOOD 117, 7, 5;
EXEC dbo.INSERT_ORDER_FOOD 123, 7, 4;
EXEC dbo.INSERT_ORDER_FOOD 97, 7, 4;
EXEC dbo.INSERT_ORDER_FOOD 25, 8, 3;
EXEC dbo.INSERT_ORDER_FOOD 363, 8, 5;
EXEC dbo.INSERT_ORDER_FOOD 152, 8, 3;
EXEC dbo.INSERT_ORDER_FOOD 563, 8, 3;
EXEC dbo.INSERT_ORDER_FOOD 25, 8, 1;
EXEC dbo.INSERT_ORDER_FOOD 312, 9, 3;
EXEC dbo.INSERT_ORDER_FOOD 373, 9, 4;
EXEC dbo.INSERT_ORDER_FOOD 127, 10, 3;
EXEC dbo.INSERT_ORDER_FOOD 147, 10, 5;
EXEC dbo.INSERT_ORDER_FOOD 110, 10, 2;
EXEC dbo.INSERT_ORDER_FOOD 312, 10, 4;
EXEC dbo.INSERT_ORDER_FOOD 272, 10, 3;
EXEC dbo.INSERT_ORDER_FOOD 437, 10, 5;
EXEC dbo.INSERT_ORDER_FOOD 178, 10, 2;
EXEC dbo.INSERT_ORDER_FOOD 580, 10, 1;
EXEC dbo.INSERT_ORDER_FOOD 205, 10, 5;
EXEC dbo.INSERT_ORDER_FOOD 11, 11, 4;
EXEC dbo.INSERT_ORDER_FOOD 563, 12, 5;
EXEC dbo.INSERT_ORDER_FOOD 236, 12, 1;
EXEC dbo.INSERT_ORDER_FOOD 595, 12, 4;
EXEC dbo.INSERT_ORDER_FOOD 83, 12, 5;
EXEC dbo.INSERT_ORDER_FOOD 110, 12, 4;
EXEC dbo.INSERT_ORDER_FOOD 507, 12, 5;
EXEC dbo.INSERT_ORDER_FOOD 416, 12, 1;
EXEC dbo.INSERT_ORDER_FOOD 83, 12, 3;
EXEC dbo.INSERT_ORDER_FOOD 152, 13, 3;
EXEC dbo.INSERT_ORDER_FOOD 187, 13, 4;
EXEC dbo.INSERT_ORDER_FOOD 152, 13, 5;
EXEC dbo.INSERT_ORDER_FOOD 57, 13, 5;
EXEC dbo.INSERT_ORDER_FOOD 25, 13, 2;
EXEC dbo.INSERT_ORDER_FOOD 272, 13, 2;
EXEC dbo.INSERT_ORDER_FOOD 312, 13, 4;
EXEC dbo.INSERT_ORDER_FOOD 83, 13, 1;
EXEC dbo.INSERT_ORDER_FOOD 424, 13, 4;
EXEC dbo.INSERT_ORDER_FOOD 424, 13, 4;
EXEC dbo.INSERT_ORDER_FOOD 11, 14, 2;
EXEC dbo.INSERT_ORDER_FOOD 83, 14, 2;
EXEC dbo.INSERT_ORDER_FOOD 363, 14, 4;
EXEC dbo.INSERT_ORDER_FOOD 11, 14, 3;
EXEC dbo.INSERT_ORDER_FOOD 351, 14, 3;
EXEC dbo.INSERT_ORDER_FOOD 97, 14, 3;
EXEC dbo.INSERT_ORDER_FOOD 123, 15, 3;
EXEC dbo.INSERT_ORDER_FOOD 351, 16, 5;
EXEC dbo.INSERT_ORDER_FOOD 57, 16, 2;
EXEC dbo.INSERT_ORDER_FOOD 351, 16, 1;
EXEC dbo.INSERT_ORDER_FOOD 272, 16, 2;
EXEC dbo.INSERT_ORDER_FOOD 560, 16, 1;
EXEC dbo.INSERT_ORDER_FOOD 11, 16, 1;
EXEC dbo.INSERT_ORDER_FOOD 507, 16, 1;
EXEC dbo.INSERT_ORDER_FOOD 147, 16, 5;
EXEC dbo.INSERT_ORDER_FOOD 578, 16, 4;
EXEC dbo.INSERT_ORDER_FOOD 560, 17, 3;
EXEC dbo.INSERT_ORDER_FOOD 123, 17, 4;
EXEC dbo.INSERT_ORDER_FOOD 580, 17, 3;
EXEC dbo.INSERT_ORDER_FOOD 351, 17, 1;
EXEC dbo.INSERT_ORDER_FOOD 236, 17, 1;
EXEC dbo.INSERT_ORDER_FOOD 264, 17, 4;
EXEC dbo.INSERT_ORDER_FOOD 563, 18, 4;
EXEC dbo.INSERT_ORDER_FOOD 580, 18, 1;
EXEC dbo.INSERT_ORDER_FOOD 507, 18, 5;
EXEC dbo.INSERT_ORDER_FOOD 580, 18, 5;
EXEC dbo.INSERT_ORDER_FOOD 152, 18, 5;
EXEC dbo.INSERT_ORDER_FOOD 35, 18, 5;
EXEC dbo.INSERT_ORDER_FOOD 580, 18, 2;
EXEC dbo.INSERT_ORDER_FOOD 595, 18, 5;
EXEC dbo.INSERT_ORDER_FOOD 424, 18, 3;
EXEC dbo.INSERT_ORDER_FOOD 208, 19, 5;
EXEC dbo.INSERT_ORDER_FOOD 158, 19, 4;
EXEC dbo.INSERT_ORDER_FOOD 424, 19, 1;
EXEC dbo.INSERT_ORDER_FOOD 35, 19, 4;
EXEC dbo.INSERT_ORDER_FOOD 312, 19, 3;
EXEC dbo.INSERT_ORDER_FOOD 178, 19, 1;
EXEC dbo.INSERT_ORDER_FOOD 563, 19, 2;
EXEC dbo.INSERT_ORDER_FOOD 83, 19, 4;
EXEC dbo.INSERT_ORDER_FOOD 178, 19, 3;
EXEC dbo.INSERT_ORDER_FOOD 205, 20, 4;
EXEC dbo.INSERT_ORDER_FOOD 97, 20, 5;
EXEC dbo.INSERT_ORDER_FOOD 351, 20, 2;
EXEC dbo.INSERT_ORDER_FOOD 351, 20, 3;
EXEC dbo.INSERT_ORDER_FOOD 187, 20, 1;
EXEC dbo.INSERT_ORDER_FOOD 208, 20, 2;
EXEC dbo.INSERT_ORDER_FOOD 110, 21, 5;
EXEC dbo.INSERT_ORDER_FOOD 205, 21, 2;
EXEC dbo.INSERT_ORDER_FOOD 236, 21, 3;
EXEC dbo.INSERT_ORDER_FOOD 205, 21, 4;
EXEC dbo.INSERT_ORDER_FOOD 578, 21, 2;
EXEC dbo.INSERT_ORDER_FOOD 437, 21, 2;
EXEC dbo.INSERT_ORDER_FOOD 97, 21, 1;
EXEC dbo.INSERT_ORDER_FOOD 416, 22, 4;
EXEC dbo.INSERT_ORDER_FOOD 110, 22, 2;
EXEC dbo.INSERT_ORDER_FOOD 492, 22, 2;
EXEC dbo.INSERT_ORDER_FOOD 178, 22, 2;
EXEC dbo.INSERT_ORDER_FOOD 314, 22, 1;
EXEC dbo.INSERT_ORDER_FOOD 416, 22, 1;
EXEC dbo.INSERT_ORDER_FOOD 110, 23, 1;
EXEC dbo.INSERT_ORDER_FOOD 35, 23, 5;
EXEC dbo.INSERT_ORDER_FOOD 199, 23, 1;
EXEC dbo.INSERT_ORDER_FOOD 178, 23, 3;
EXEC dbo.INSERT_ORDER_FOOD 560, 23, 3;
EXEC dbo.INSERT_ORDER_FOOD 583, 23, 1;
EXEC dbo.INSERT_ORDER_FOOD 35, 23, 3;
EXEC dbo.INSERT_ORDER_FOOD 199, 23, 5;
EXEC dbo.INSERT_ORDER_FOOD 264, 23, 3;
EXEC dbo.INSERT_ORDER_FOOD 83, 24, 2;
EXEC dbo.INSERT_ORDER_FOOD 578, 25, 3;
EXEC dbo.INSERT_ORDER_FOOD 424, 25, 3;
EXEC dbo.INSERT_ORDER_FOOD 236, 25, 1;
EXEC dbo.INSERT_ORDER_FOOD 312, 25, 4;
EXEC dbo.INSERT_ORDER_FOOD 370, 25, 3;
EXEC dbo.INSERT_ORDER_FOOD 312, 25, 2;
EXEC dbo.INSERT_ORDER_FOOD 236, 25, 4;
EXEC dbo.INSERT_ORDER_FOOD 147, 25, 1;
EXEC dbo.INSERT_ORDER_FOOD 208, 25, 2;
EXEC dbo.INSERT_ORDER_FOOD 578, 25, 5;
EXEC dbo.INSERT_ORDER_FOOD 580, 26, 2;
EXEC dbo.INSERT_ORDER_FOOD 117, 26, 2;
EXEC dbo.INSERT_ORDER_FOOD 272, 26, 5;
EXEC dbo.INSERT_ORDER_FOOD 152, 26, 4;
EXEC dbo.INSERT_ORDER_FOOD 563, 26, 2;
EXEC dbo.INSERT_ORDER_FOOD 264, 26, 1;
EXEC dbo.INSERT_ORDER_FOOD 25, 26, 5;
EXEC dbo.INSERT_ORDER_FOOD 363, 26, 1;
EXEC dbo.INSERT_ORDER_FOOD 363, 26, 1;
EXEC dbo.INSERT_ORDER_FOOD 492, 27, 5;
EXEC dbo.INSERT_ORDER_FOOD 312, 27, 1;
EXEC dbo.INSERT_ORDER_FOOD 370, 28, 4;
EXEC dbo.INSERT_ORDER_FOOD 147, 28, 3;
EXEC dbo.INSERT_ORDER_FOOD 127, 28, 4;
EXEC dbo.INSERT_ORDER_FOOD 83, 28, 3;
EXEC dbo.INSERT_ORDER_FOOD 158, 28, 3;
EXEC dbo.INSERT_ORDER_FOOD 492, 28, 2;
EXEC dbo.INSERT_ORDER_FOOD 152, 29, 3;
EXEC dbo.INSERT_ORDER_FOOD 580, 29, 4;
EXEC dbo.INSERT_ORDER_FOOD 178, 29, 2;
EXEC dbo.INSERT_ORDER_FOOD 25, 29, 2;
EXEC dbo.INSERT_ORDER_FOOD 152, 29, 1;
EXEC dbo.INSERT_ORDER_FOOD 272, 29, 5;
EXEC dbo.INSERT_ORDER_FOOD 351, 29, 3;
EXEC dbo.INSERT_ORDER_FOOD 83, 30, 2;
EXEC dbo.INSERT_ORDER_FOOD 578, 30, 5;
EXEC dbo.INSERT_ORDER_FOOD 205, 30, 5;
EXEC dbo.INSERT_ORDER_FOOD 236, 30, 4;
EXEC dbo.INSERT_ORDER_FOOD 208, 30, 4;
EXEC dbo.INSERT_ORDER_FOOD 158, 30, 3;
EXEC dbo.INSERT_ORDER_FOOD 208, 31, 3;
EXEC dbo.INSERT_ORDER_FOOD 264, 31, 2;
EXEC dbo.INSERT_ORDER_FOOD 370, 31, 1;
EXEC dbo.INSERT_ORDER_FOOD 351, 31, 4;
EXEC dbo.INSERT_ORDER_FOOD 114, 31, 2;
EXEC dbo.INSERT_ORDER_FOOD 370, 31, 2;
EXEC dbo.INSERT_ORDER_FOOD 507, 31, 1;
EXEC dbo.INSERT_ORDER_FOOD 187, 31, 4;
EXEC dbo.INSERT_ORDER_FOOD 83, 31, 4;
EXEC dbo.INSERT_ORDER_FOOD 437, 31, 4;
EXEC dbo.INSERT_ORDER_FOOD 583, 32, 1;
EXEC dbo.INSERT_ORDER_FOOD 123, 32, 1;
EXEC dbo.INSERT_ORDER_FOOD 25, 32, 5;
EXEC dbo.INSERT_ORDER_FOOD 264, 32, 5;
EXEC dbo.INSERT_ORDER_FOOD 373, 32, 2;
EXEC dbo.INSERT_ORDER_FOOD 507, 32, 2;
EXEC dbo.INSERT_ORDER_FOOD 110, 32, 3;
EXEC dbo.INSERT_ORDER_FOOD 437, 32, 3;
EXEC dbo.INSERT_ORDER_FOOD 178, 33, 2;
EXEC dbo.INSERT_ORDER_FOOD 158, 33, 5;
EXEC dbo.INSERT_ORDER_FOOD 35, 33, 4;
EXEC dbo.INSERT_ORDER_FOOD 370, 33, 3;
EXEC dbo.INSERT_ORDER_FOOD 312, 33, 2;
EXEC dbo.INSERT_ORDER_FOOD 83, 33, 2;
EXEC dbo.INSERT_ORDER_FOOD 424, 33, 1;
EXEC dbo.INSERT_ORDER_FOOD 152, 33, 1;
EXEC dbo.INSERT_ORDER_FOOD 114, 33, 5;
EXEC dbo.INSERT_ORDER_FOOD 123, 33, 2;
EXEC dbo.INSERT_ORDER_FOOD 199, 34, 5;
EXEC dbo.INSERT_ORDER_FOOD 272, 34, 3;
EXEC dbo.INSERT_ORDER_FOOD 595, 34, 3;
EXEC dbo.INSERT_ORDER_FOOD 351, 34, 3;
EXEC dbo.INSERT_ORDER_FOOD 187, 34, 4;
EXEC dbo.INSERT_ORDER_FOOD 178, 35, 3;
EXEC dbo.INSERT_ORDER_FOOD 127, 35, 5;
EXEC dbo.INSERT_ORDER_FOOD 147, 35, 2;
EXEC dbo.INSERT_ORDER_FOOD 147, 36, 4;
EXEC dbo.INSERT_ORDER_FOOD 272, 36, 5;
EXEC dbo.INSERT_ORDER_FOOD 424, 36, 4;
EXEC dbo.INSERT_ORDER_FOOD 507, 36, 2;
EXEC dbo.INSERT_ORDER_FOOD 83, 36, 4;
EXEC dbo.INSERT_ORDER_FOOD 560, 36, 2;
EXEC dbo.INSERT_ORDER_FOOD 147, 37, 3;
EXEC dbo.INSERT_ORDER_FOOD 492, 37, 4;
EXEC dbo.INSERT_ORDER_FOOD 110, 37, 4;
EXEC dbo.INSERT_ORDER_FOOD 370, 38, 4;
EXEC dbo.INSERT_ORDER_FOOD 595, 38, 2;
EXEC dbo.INSERT_ORDER_FOOD 416, 38, 1;
EXEC dbo.INSERT_ORDER_FOOD 158, 38, 5;
EXEC dbo.INSERT_ORDER_FOOD 199, 39, 5;
EXEC dbo.INSERT_ORDER_FOOD 199, 39, 2;
EXEC dbo.INSERT_ORDER_FOOD 595, 39, 2;
EXEC dbo.INSERT_ORDER_FOOD 178, 39, 1;
EXEC dbo.INSERT_ORDER_FOOD 314, 40, 4;
EXEC dbo.INSERT_ORDER_FOOD 363, 40, 2;
EXEC dbo.INSERT_ORDER_FOOD 83, 40, 4;
EXEC dbo.INSERT_ORDER_FOOD 114, 40, 5;
EXEC dbo.INSERT_ORDER_FOOD 205, 40, 5;
EXEC dbo.INSERT_ORDER_FOOD 57, 40, 4;
EXEC dbo.INSERT_ORDER_FOOD 543, 1, 5;
EXEC dbo.INSERT_ORDER_FOOD 164, 1, 2;
EXEC dbo.INSERT_ORDER_FOOD 538, 1, 2;
EXEC dbo.INSERT_ORDER_FOOD 161, 1, 5;
EXEC dbo.INSERT_ORDER_FOOD 179, 1, 4;
EXEC dbo.INSERT_ORDER_FOOD 161, 1, 5;
EXEC dbo.INSERT_ORDER_FOOD 530, 1, 1;
EXEC dbo.INSERT_ORDER_FOOD 254, 1, 2;
EXEC dbo.INSERT_ORDER_FOOD 325, 1, 3;
EXEC dbo.INSERT_ORDER_FOOD 288, 2, 1;
EXEC dbo.INSERT_ORDER_FOOD 282, 2, 4;
EXEC dbo.INSERT_ORDER_FOOD 364, 2, 3;
EXEC dbo.INSERT_ORDER_FOOD 326, 2, 4;
EXEC dbo.INSERT_ORDER_FOOD 590, 2, 5;
EXEC dbo.INSERT_ORDER_FOOD 203, 2, 2;
EXEC dbo.INSERT_ORDER_FOOD 222, 2, 5;
EXEC dbo.INSERT_ORDER_FOOD 540, 3, 2;
EXEC dbo.INSERT_ORDER_FOOD 542, 3, 4;
EXEC dbo.INSERT_ORDER_FOOD 531, 3, 1;
EXEC dbo.INSERT_ORDER_FOOD 202, 3, 3;
EXEC dbo.INSERT_ORDER_FOOD 451, 4, 2;
EXEC dbo.INSERT_ORDER_FOOD 298, 4, 1;
EXEC dbo.INSERT_ORDER_FOOD 451, 4, 4;
EXEC dbo.INSERT_ORDER_FOOD 531, 5, 4;
EXEC dbo.INSERT_ORDER_FOOD 530, 5, 5;
EXEC dbo.INSERT_ORDER_FOOD 8, 5, 3;
EXEC dbo.INSERT_ORDER_FOOD 585, 5, 1;
EXEC dbo.INSERT_ORDER_FOOD 81, 5, 5;
EXEC dbo.INSERT_ORDER_FOOD 7, 6, 3;
EXEC dbo.INSERT_ORDER_FOOD 105, 6, 2;
EXEC dbo.INSERT_ORDER_FOOD 585, 6, 5;
EXEC dbo.INSERT_ORDER_FOOD 161, 6, 4;
EXEC dbo.INSERT_ORDER_FOOD 164, 7, 3;
EXEC dbo.INSERT_ORDER_FOOD 8, 7, 1;
EXEC dbo.INSERT_ORDER_FOOD 164, 7, 5;
EXEC dbo.INSERT_ORDER_FOOD 451, 7, 5;
EXEC dbo.INSERT_ORDER_FOOD 451, 7, 4;
EXEC dbo.INSERT_ORDER_FOOD 49, 7, 2;
EXEC dbo.INSERT_ORDER_FOOD 161, 7, 2;
EXEC dbo.INSERT_ORDER_FOOD 419, 7, 4;
EXEC dbo.INSERT_ORDER_FOOD 188, 7, 3;
EXEC dbo.INSERT_ORDER_FOOD 203, 8, 1;
EXEC dbo.INSERT_ORDER_FOOD 179, 8, 3;
EXEC dbo.INSERT_ORDER_FOOD 49, 8, 1;
EXEC dbo.INSERT_ORDER_FOOD 543, 8, 4;
EXEC dbo.INSERT_ORDER_FOOD 105, 8, 2;
EXEC dbo.INSERT_ORDER_FOOD 254, 8, 2;
EXEC dbo.INSERT_ORDER_FOOD 530, 9, 2;
EXEC dbo.INSERT_ORDER_FOOD 530, 9, 3;
EXEC dbo.INSERT_ORDER_FOOD 203, 9, 1;
EXEC dbo.INSERT_ORDER_FOOD 542, 9, 1;
EXEC dbo.INSERT_ORDER_FOOD 260, 9, 4;
EXEC dbo.INSERT_ORDER_FOOD 540, 9, 3;
EXEC dbo.INSERT_ORDER_FOOD 254, 9, 3;
EXEC dbo.INSERT_ORDER_FOOD 542, 10, 2;
EXEC dbo.INSERT_ORDER_FOOD 195, 10, 1;
EXEC dbo.INSERT_ORDER_FOOD 499, 10, 3;
EXEC dbo.INSERT_ORDER_FOOD 179, 10, 3;
EXEC dbo.INSERT_ORDER_FOOD 521, 11, 2;
EXEC dbo.INSERT_ORDER_FOOD 179, 11, 1;
EXEC dbo.INSERT_ORDER_FOOD 282, 11, 4;
EXEC dbo.INSERT_ORDER_FOOD 538, 11, 4;
EXEC dbo.INSERT_ORDER_FOOD 202, 11, 3;
EXEC dbo.INSERT_ORDER_FOOD 8, 11, 3;
EXEC dbo.INSERT_ORDER_FOOD 203, 12, 5;
EXEC dbo.INSERT_ORDER_FOOD 542, 12, 1;
EXEC dbo.INSERT_ORDER_FOOD 326, 12, 1;
EXEC dbo.INSERT_ORDER_FOOD 531, 12, 3;
EXEC dbo.INSERT_ORDER_FOOD 195, 12, 5;
EXEC dbo.INSERT_ORDER_FOOD 288, 12, 2;
EXEC dbo.INSERT_ORDER_FOOD 385, 12, 4;
EXEC dbo.INSERT_ORDER_FOOD 288, 12, 3;
EXEC dbo.INSERT_ORDER_FOOD 179, 13, 4;
EXEC dbo.INSERT_ORDER_FOOD 282, 13, 5;
EXEC dbo.INSERT_ORDER_FOOD 542, 13, 5;
EXEC dbo.INSERT_ORDER_FOOD 8, 13, 1;
EXEC dbo.INSERT_ORDER_FOOD 203, 13, 4;
EXEC dbo.INSERT_ORDER_FOOD 451, 13, 4;
EXEC dbo.INSERT_ORDER_FOOD 105, 13, 4;
EXEC dbo.INSERT_ORDER_FOOD 8, 13, 5;
EXEC dbo.INSERT_ORDER_FOOD 164, 13, 2;
EXEC dbo.INSERT_ORDER_FOOD 81, 14, 2;
EXEC dbo.INSERT_ORDER_FOOD 451, 14, 3;
EXEC dbo.INSERT_ORDER_FOOD 195, 15, 4;
EXEC dbo.INSERT_ORDER_FOOD 538, 15, 1;
EXEC dbo.INSERT_ORDER_FOOD 68, 15, 3;
EXEC dbo.INSERT_ORDER_FOOD 531, 16, 2;
EXEC dbo.INSERT_ORDER_FOOD 298, 16, 4;
EXEC dbo.INSERT_ORDER_FOOD 364, 16, 1;
EXEC dbo.INSERT_ORDER_FOOD 499, 16, 4;
EXEC dbo.INSERT_ORDER_FOOD 499, 16, 5;
EXEC dbo.INSERT_ORDER_FOOD 542, 16, 4;
EXEC dbo.INSERT_ORDER_FOOD 585, 17, 1;
EXEC dbo.INSERT_ORDER_FOOD 81, 17, 2;
EXEC dbo.INSERT_ORDER_FOOD 521, 17, 1;
EXEC dbo.INSERT_ORDER_FOOD 222, 17, 1;
EXEC dbo.INSERT_ORDER_FOOD 451, 17, 5;
EXEC dbo.INSERT_ORDER_FOOD 538, 17, 3;
EXEC dbo.INSERT_ORDER_FOOD 538, 17, 1;
EXEC dbo.INSERT_ORDER_FOOD 530, 17, 4;
EXEC dbo.INSERT_ORDER_FOOD 499, 17, 4;
EXEC dbo.INSERT_ORDER_FOOD 538, 18, 2;
EXEC dbo.INSERT_ORDER_FOOD 538, 18, 4;
EXEC dbo.INSERT_ORDER_FOOD 7, 18, 3;
EXEC dbo.INSERT_ORDER_FOOD 385, 18, 5;
EXEC dbo.INSERT_ORDER_FOOD 161, 18, 4;
EXEC dbo.INSERT_ORDER_FOOD 530, 18, 2;
EXEC dbo.INSERT_ORDER_FOOD 326, 18, 5;
EXEC dbo.INSERT_ORDER_FOOD 254, 18, 3;
EXEC dbo.INSERT_ORDER_FOOD 419, 19, 4;
EXEC dbo.INSERT_ORDER_FOOD 521, 19, 4;
EXEC dbo.INSERT_ORDER_FOOD 576, 19, 5;
EXEC dbo.INSERT_ORDER_FOOD 440, 19, 4;
EXEC dbo.INSERT_ORDER_FOOD 585, 19, 4;
EXEC dbo.INSERT_ORDER_FOOD 531, 19, 3;
EXEC dbo.INSERT_ORDER_FOOD 161, 20, 2;
EXEC dbo.INSERT_ORDER_FOOD 164, 20, 4;
EXEC dbo.INSERT_ORDER_FOOD 282, 20, 4;
EXEC dbo.INSERT_ORDER_FOOD 326, 20, 3;
EXEC dbo.INSERT_ORDER_FOOD 254, 20, 3;
EXEC dbo.INSERT_ORDER_FOOD 531, 21, 3;
EXEC dbo.INSERT_ORDER_FOOD 542, 21, 5;
EXEC dbo.INSERT_ORDER_FOOD 542, 21, 4;
EXEC dbo.INSERT_ORDER_FOOD 202, 22, 2;
EXEC dbo.INSERT_ORDER_FOOD 81, 22, 2;
EXEC dbo.INSERT_ORDER_FOOD 164, 22, 2;
EXEC dbo.INSERT_ORDER_FOOD 385, 22, 5;
EXEC dbo.INSERT_ORDER_FOOD 590, 22, 2;
EXEC dbo.INSERT_ORDER_FOOD 195, 22, 5;
EXEC dbo.INSERT_ORDER_FOOD 326, 22, 2;
EXEC dbo.INSERT_ORDER_FOOD 282, 22, 4;
EXEC dbo.INSERT_ORDER_FOOD 540, 22, 2;
EXEC dbo.INSERT_ORDER_FOOD 364, 22, 1;
EXEC dbo.INSERT_ORDER_FOOD 542, 23, 5;
EXEC dbo.INSERT_ORDER_FOOD 161, 23, 4;
EXEC dbo.INSERT_ORDER_FOOD 521, 23, 3;
EXEC dbo.INSERT_ORDER_FOOD 543, 23, 5;
EXEC dbo.INSERT_ORDER_FOOD 499, 23, 2;
EXEC dbo.INSERT_ORDER_FOOD 188, 23, 3;
EXEC dbo.INSERT_ORDER_FOOD 364, 23, 2;
EXEC dbo.INSERT_ORDER_FOOD 254, 23, 1;
EXEC dbo.INSERT_ORDER_FOOD 288, 23, 5;
EXEC dbo.INSERT_ORDER_FOOD 440, 23, 3;
EXEC dbo.INSERT_ORDER_FOOD 451, 24, 4;
EXEC dbo.INSERT_ORDER_FOOD 7, 24, 4;
EXEC dbo.INSERT_ORDER_FOOD 195, 24, 5;
EXEC dbo.INSERT_ORDER_FOOD 164, 24, 2;
EXEC dbo.INSERT_ORDER_FOOD 542, 24, 5;
EXEC dbo.INSERT_ORDER_FOOD 203, 24, 3;
EXEC dbo.INSERT_ORDER_FOOD 19, 24, 3;
EXEC dbo.INSERT_ORDER_FOOD 542, 24, 1;
EXEC dbo.INSERT_ORDER_FOOD 298, 24, 5;
EXEC dbo.INSERT_ORDER_FOOD 49, 25, 4;
EXEC dbo.INSERT_ORDER_FOOD 202, 25, 3;
EXEC dbo.INSERT_ORDER_FOOD 540, 25, 5;
EXEC dbo.INSERT_ORDER_FOOD 164, 26, 3;
EXEC dbo.INSERT_ORDER_FOOD 222, 26, 2;
EXEC dbo.INSERT_ORDER_FOOD 260, 26, 5;
EXEC dbo.INSERT_ORDER_FOOD 298, 26, 2;
EXEC dbo.INSERT_ORDER_FOOD 451, 26, 3;
EXEC dbo.INSERT_ORDER_FOOD 202, 26, 1;
EXEC dbo.INSERT_ORDER_FOOD 179, 26, 3;
EXEC dbo.INSERT_ORDER_FOOD 585, 26, 3;
EXEC dbo.INSERT_ORDER_FOOD 325, 26, 3;
EXEC dbo.INSERT_ORDER_FOOD 105, 26, 3;
EXEC dbo.INSERT_ORDER_FOOD 202, 27, 2;
EXEC dbo.INSERT_ORDER_FOOD 521, 27, 3;
EXEC dbo.INSERT_ORDER_FOOD 542, 27, 5;
EXEC dbo.INSERT_ORDER_FOOD 530, 28, 1;
EXEC dbo.INSERT_ORDER_FOOD 81, 28, 3;
EXEC dbo.INSERT_ORDER_FOOD 179, 29, 3;
EXEC dbo.INSERT_ORDER_FOOD 590, 29, 1;
EXEC dbo.INSERT_ORDER_FOOD 161, 29, 4;
EXEC dbo.INSERT_ORDER_FOOD 542, 29, 5;
EXEC dbo.INSERT_ORDER_FOOD 68, 29, 3;
EXEC dbo.INSERT_ORDER_FOOD 179, 30, 1;
EXEC dbo.INSERT_ORDER_FOOD 540, 30, 4;
EXEC dbo.INSERT_ORDER_FOOD 306, 31, 2;
EXEC dbo.INSERT_ORDER_FOOD 540, 31, 2;
EXEC dbo.INSERT_ORDER_FOOD 364, 31, 3;
EXEC dbo.INSERT_ORDER_FOOD 538, 31, 2;
EXEC dbo.INSERT_ORDER_FOOD 260, 31, 5;
EXEC dbo.INSERT_ORDER_FOOD 538, 31, 5;
EXEC dbo.INSERT_ORDER_FOOD 179, 32, 5;
EXEC dbo.INSERT_ORDER_FOOD 499, 32, 1;
EXEC dbo.INSERT_ORDER_FOOD 195, 32, 3;
EXEC dbo.INSERT_ORDER_FOOD 161, 32, 4;
EXEC dbo.INSERT_ORDER_FOOD 203, 32, 1;
EXEC dbo.INSERT_ORDER_FOOD 531, 32, 1;
EXEC dbo.INSERT_ORDER_FOOD 202, 33, 5;
EXEC dbo.INSERT_ORDER_FOOD 419, 33, 5;
EXEC dbo.INSERT_ORDER_FOOD 306, 34, 3;
EXEC dbo.INSERT_ORDER_FOOD 195, 34, 2;
EXEC dbo.INSERT_ORDER_FOOD 81, 34, 3;
EXEC dbo.INSERT_ORDER_FOOD 538, 34, 1;
EXEC dbo.INSERT_ORDER_FOOD 440, 35, 4;
EXEC dbo.INSERT_ORDER_FOOD 585, 35, 4;
EXEC dbo.INSERT_ORDER_FOOD 326, 35, 5;
EXEC dbo.INSERT_ORDER_FOOD 521, 35, 2;
EXEC dbo.INSERT_ORDER_FOOD 260, 36, 1;
EXEC dbo.INSERT_ORDER_FOOD 8, 36, 5;
EXEC dbo.INSERT_ORDER_FOOD 543, 36, 1;
EXEC dbo.INSERT_ORDER_FOOD 8, 37, 1;
EXEC dbo.INSERT_ORDER_FOOD 499, 37, 2;
EXEC dbo.INSERT_ORDER_FOOD 254, 37, 2;
EXEC dbo.INSERT_ORDER_FOOD 282, 37, 3;
EXEC dbo.INSERT_ORDER_FOOD 585, 37, 4;
EXEC dbo.INSERT_ORDER_FOOD 364, 37, 5;
EXEC dbo.INSERT_ORDER_FOOD 521, 38, 3;
EXEC dbo.INSERT_ORDER_FOOD 325, 38, 1;
EXEC dbo.INSERT_ORDER_FOOD 202, 38, 3;
EXEC dbo.INSERT_ORDER_FOOD 385, 38, 3;
EXEC dbo.INSERT_ORDER_FOOD 451, 39, 3;
EXEC dbo.INSERT_ORDER_FOOD 419, 39, 3;
EXEC dbo.INSERT_ORDER_FOOD 19, 39, 3;
EXEC dbo.INSERT_ORDER_FOOD 282, 39, 2;
EXEC dbo.INSERT_ORDER_FOOD 385, 39, 2;
EXEC dbo.INSERT_ORDER_FOOD 326, 39, 4;
EXEC dbo.INSERT_ORDER_FOOD 419, 39, 4;
EXEC dbo.INSERT_ORDER_FOOD 440, 39, 5;
EXEC dbo.INSERT_ORDER_FOOD 543, 39, 4;
EXEC dbo.INSERT_ORDER_FOOD 542, 40, 5;
EXEC dbo.INSERT_ORDER_FOOD 419, 40, 2;
EXEC dbo.INSERT_ORDER_FOOD 585, 40, 3;
EXEC dbo.INSERT_ORDER_FOOD 540, 40, 3;
EXEC dbo.INSERT_ORDER_FOOD 193, 1, 4;
EXEC dbo.INSERT_ORDER_FOOD 393, 1, 5;
EXEC dbo.INSERT_ORDER_FOOD 244, 1, 3;
EXEC dbo.INSERT_ORDER_FOOD 193, 1, 3;
EXEC dbo.INSERT_ORDER_FOOD 193, 1, 1;
EXEC dbo.INSERT_ORDER_FOOD 295, 1, 3;
EXEC dbo.INSERT_ORDER_FOOD 3, 1, 4;
EXEC dbo.INSERT_ORDER_FOOD 135, 1, 2;
EXEC dbo.INSERT_ORDER_FOOD 295, 2, 4;
EXEC dbo.INSERT_ORDER_FOOD 454, 2, 5;
EXEC dbo.INSERT_ORDER_FOOD 303, 2, 5;
EXEC dbo.INSERT_ORDER_FOOD 556, 2, 1;
EXEC dbo.INSERT_ORDER_FOOD 454, 2, 5;
EXEC dbo.INSERT_ORDER_FOOD 240, 3, 2;
EXEC dbo.INSERT_ORDER_FOOD 402, 3, 5;
EXEC dbo.INSERT_ORDER_FOOD 39, 3, 3;
EXEC dbo.INSERT_ORDER_FOOD 525, 3, 3;
EXEC dbo.INSERT_ORDER_FOOD 238, 3, 4;
EXEC dbo.INSERT_ORDER_FOOD 394, 3, 2;
EXEC dbo.INSERT_ORDER_FOOD 183, 4, 5;
EXEC dbo.INSERT_ORDER_FOOD 291, 4, 5;
EXEC dbo.INSERT_ORDER_FOOD 548, 4, 5;
EXEC dbo.INSERT_ORDER_FOOD 291, 4, 1;
EXEC dbo.INSERT_ORDER_FOOD 328, 4, 4;
EXEC dbo.INSERT_ORDER_FOOD 454, 4, 4;
EXEC dbo.INSERT_ORDER_FOOD 434, 4, 4;
EXEC dbo.INSERT_ORDER_FOOD 455, 4, 2;
EXEC dbo.INSERT_ORDER_FOOD 454, 4, 3;
EXEC dbo.INSERT_ORDER_FOOD 240, 5, 3;
EXEC dbo.INSERT_ORDER_FOOD 455, 6, 4;
EXEC dbo.INSERT_ORDER_FOOD 455, 6, 4;
EXEC dbo.INSERT_ORDER_FOOD 556, 6, 5;
EXEC dbo.INSERT_ORDER_FOOD 394, 6, 1;
EXEC dbo.INSERT_ORDER_FOOD 439, 6, 1;
EXEC dbo.INSERT_ORDER_FOOD 79, 6, 2;
EXEC dbo.INSERT_ORDER_FOOD 101, 6, 2;
EXEC dbo.INSERT_ORDER_FOOD 525, 6, 3;
EXEC dbo.INSERT_ORDER_FOOD 238, 6, 1;
EXEC dbo.INSERT_ORDER_FOOD 59, 7, 3;
EXEC dbo.INSERT_ORDER_FOOD 486, 7, 5;
EXEC dbo.INSERT_ORDER_FOOD 220, 7, 3;
EXEC dbo.INSERT_ORDER_FOOD 291, 7, 1;
EXEC dbo.INSERT_ORDER_FOOD 303, 7, 4;
EXEC dbo.INSERT_ORDER_FOOD 455, 7, 1;
EXEC dbo.INSERT_ORDER_FOOD 490, 7, 4;
EXEC dbo.INSERT_ORDER_FOOD 240, 7, 2;
EXEC dbo.INSERT_ORDER_FOOD 508, 7, 3;
EXEC dbo.INSERT_ORDER_FOOD 455, 8, 5;
EXEC dbo.INSERT_ORDER_FOOD 490, 8, 2;
EXEC dbo.INSERT_ORDER_FOOD 352, 8, 5;
EXEC dbo.INSERT_ORDER_FOOD 104, 8, 2;
EXEC dbo.INSERT_ORDER_FOOD 104, 8, 5;
EXEC dbo.INSERT_ORDER_FOOD 59, 8, 1;
EXEC dbo.INSERT_ORDER_FOOD 74, 8, 2;
EXEC dbo.INSERT_ORDER_FOOD 376, 8, 2;
EXEC dbo.INSERT_ORDER_FOOD 548, 8, 2;
EXEC dbo.INSERT_ORDER_FOOD 486, 8, 3;
EXEC dbo.INSERT_ORDER_FOOD 556, 9, 1;
EXEC dbo.INSERT_ORDER_FOOD 145, 10, 3;
EXEC dbo.INSERT_ORDER_FOOD 393, 10, 4;
EXEC dbo.INSERT_ORDER_FOOD 454, 10, 5;
EXEC dbo.INSERT_ORDER_FOOD 39, 10, 1;
EXEC dbo.INSERT_ORDER_FOOD 490, 10, 2;
EXEC dbo.INSERT_ORDER_FOOD 74, 10, 2;
EXEC dbo.INSERT_ORDER_FOOD 432, 10, 4;
EXEC dbo.INSERT_ORDER_FOOD 508, 11, 5;
EXEC dbo.INSERT_ORDER_FOOD 556, 11, 1;
EXEC dbo.INSERT_ORDER_FOOD 220, 11, 1;
EXEC dbo.INSERT_ORDER_FOOD 193, 11, 5;
EXEC dbo.INSERT_ORDER_FOOD 455, 11, 4;
EXEC dbo.INSERT_ORDER_FOOD 455, 11, 3;
EXEC dbo.INSERT_ORDER_FOOD 394, 12, 3;
EXEC dbo.INSERT_ORDER_FOOD 104, 12, 4;
EXEC dbo.INSERT_ORDER_FOOD 238, 13, 4;
EXEC dbo.INSERT_ORDER_FOOD 490, 14, 4;
EXEC dbo.INSERT_ORDER_FOOD 439, 14, 1;
EXEC dbo.INSERT_ORDER_FOOD 101, 15, 5;
EXEC dbo.INSERT_ORDER_FOOD 393, 15, 4;
EXEC dbo.INSERT_ORDER_FOOD 101, 15, 5;
EXEC dbo.INSERT_ORDER_FOOD 525, 16, 1;
EXEC dbo.INSERT_ORDER_FOOD 295, 16, 3;
EXEC dbo.INSERT_ORDER_FOOD 74, 16, 5;
EXEC dbo.INSERT_ORDER_FOOD 145, 16, 3;
EXEC dbo.INSERT_ORDER_FOOD 244, 16, 5;
EXEC dbo.INSERT_ORDER_FOOD 47, 16, 2;
EXEC dbo.INSERT_ORDER_FOOD 220, 17, 3;
EXEC dbo.INSERT_ORDER_FOOD 3, 17, 3;
EXEC dbo.INSERT_ORDER_FOOD 303, 17, 3;
EXEC dbo.INSERT_ORDER_FOOD 455, 17, 1;
EXEC dbo.INSERT_ORDER_FOOD 3, 17, 1;
EXEC dbo.INSERT_ORDER_FOOD 39, 17, 5;
EXEC dbo.INSERT_ORDER_FOOD 39, 17, 2;
EXEC dbo.INSERT_ORDER_FOOD 455, 17, 5;
EXEC dbo.INSERT_ORDER_FOOD 525, 17, 3;
EXEC dbo.INSERT_ORDER_FOOD 47, 17, 4;
EXEC dbo.INSERT_ORDER_FOOD 328, 18, 5;
EXEC dbo.INSERT_ORDER_FOOD 74, 18, 1;
EXEC dbo.INSERT_ORDER_FOOD 238, 19, 1;
EXEC dbo.INSERT_ORDER_FOOD 548, 19, 1;
EXEC dbo.INSERT_ORDER_FOOD 193, 19, 1;
EXEC dbo.INSERT_ORDER_FOOD 432, 19, 1;
EXEC dbo.INSERT_ORDER_FOOD 3, 19, 2;
EXEC dbo.INSERT_ORDER_FOOD 352, 19, 5;
EXEC dbo.INSERT_ORDER_FOOD 220, 19, 2;
EXEC dbo.INSERT_ORDER_FOOD 376, 19, 3;
EXEC dbo.INSERT_ORDER_FOOD 428, 19, 5;
EXEC dbo.INSERT_ORDER_FOOD 183, 19, 1;
EXEC dbo.INSERT_ORDER_FOOD 599, 20, 3;
EXEC dbo.INSERT_ORDER_FOOD 525, 20, 4;
EXEC dbo.INSERT_ORDER_FOOD 162, 20, 3;
EXEC dbo.INSERT_ORDER_FOOD 244, 20, 1;
EXEC dbo.INSERT_ORDER_FOOD 3, 21, 3;
EXEC dbo.INSERT_ORDER_FOOD 599, 21, 1;
EXEC dbo.INSERT_ORDER_FOOD 428, 21, 3;
EXEC dbo.INSERT_ORDER_FOOD 454, 21, 5;
EXEC dbo.INSERT_ORDER_FOOD 434, 21, 5;
EXEC dbo.INSERT_ORDER_FOOD 47, 21, 1;
EXEC dbo.INSERT_ORDER_FOOD 39, 21, 3;
EXEC dbo.INSERT_ORDER_FOOD 599, 22, 2;
EXEC dbo.INSERT_ORDER_FOOD 3, 22, 4;
EXEC dbo.INSERT_ORDER_FOOD 104, 23, 1;
EXEC dbo.INSERT_ORDER_FOOD 599, 23, 5;
EXEC dbo.INSERT_ORDER_FOOD 47, 23, 3;
EXEC dbo.INSERT_ORDER_FOOD 240, 23, 4;
EXEC dbo.INSERT_ORDER_FOOD 454, 23, 1;
EXEC dbo.INSERT_ORDER_FOOD 220, 23, 1;
EXEC dbo.INSERT_ORDER_FOOD 402, 23, 4;
EXEC dbo.INSERT_ORDER_FOOD 162, 23, 4;
EXEC dbo.INSERT_ORDER_FOOD 490, 23, 1;
EXEC dbo.INSERT_ORDER_FOOD 162, 23, 4;
EXEC dbo.INSERT_ORDER_FOOD 556, 24, 5;
EXEC dbo.INSERT_ORDER_FOOD 402, 24, 2;
EXEC dbo.INSERT_ORDER_FOOD 183, 24, 5;
EXEC dbo.INSERT_ORDER_FOOD 328, 24, 3;
EXEC dbo.INSERT_ORDER_FOOD 101, 24, 1;
EXEC dbo.INSERT_ORDER_FOOD 3, 24, 3;
EXEC dbo.INSERT_ORDER_FOOD 328, 25, 2;
EXEC dbo.INSERT_ORDER_FOOD 432, 25, 4;
EXEC dbo.INSERT_ORDER_FOOD 490, 25, 1;
EXEC dbo.INSERT_ORDER_FOOD 402, 25, 1;
EXEC dbo.INSERT_ORDER_FOOD 328, 25, 1;
EXEC dbo.INSERT_ORDER_FOOD 3, 25, 4;
EXEC dbo.INSERT_ORDER_FOOD 548, 25, 4;
EXEC dbo.INSERT_ORDER_FOOD 295, 25, 2;
EXEC dbo.INSERT_ORDER_FOOD 428, 25, 5;
EXEC dbo.INSERT_ORDER_FOOD 135, 25, 2;
EXEC dbo.INSERT_ORDER_FOOD 352, 26, 4;
EXEC dbo.INSERT_ORDER_FOOD 486, 27, 5;
EXEC dbo.INSERT_ORDER_FOOD 486, 27, 3;
EXEC dbo.INSERT_ORDER_FOOD 303, 27, 2;
EXEC dbo.INSERT_ORDER_FOOD 183, 27, 4;
EXEC dbo.INSERT_ORDER_FOOD 145, 27, 2;
EXEC dbo.INSERT_ORDER_FOOD 240, 27, 3;
EXEC dbo.INSERT_ORDER_FOOD 439, 27, 5;
EXEC dbo.INSERT_ORDER_FOOD 240, 27, 3;
EXEC dbo.INSERT_ORDER_FOOD 39, 28, 2;
EXEC dbo.INSERT_ORDER_FOOD 525, 28, 4;
EXEC dbo.INSERT_ORDER_FOOD 402, 28, 1;
EXEC dbo.INSERT_ORDER_FOOD 352, 28, 4;
EXEC dbo.INSERT_ORDER_FOOD 96, 28, 3;
EXEC dbo.INSERT_ORDER_FOOD 508, 29, 1;
EXEC dbo.INSERT_ORDER_FOOD 220, 29, 5;
EXEC dbo.INSERT_ORDER_FOOD 303, 29, 2;
EXEC dbo.INSERT_ORDER_FOOD 428, 29, 1;
EXEC dbo.INSERT_ORDER_FOOD 79, 29, 5;
EXEC dbo.INSERT_ORDER_FOOD 244, 29, 2;
EXEC dbo.INSERT_ORDER_FOOD 486, 29, 3;
EXEC dbo.INSERT_ORDER_FOOD 135, 29, 3;
EXEC dbo.INSERT_ORDER_FOOD 428, 29, 5;
EXEC dbo.INSERT_ORDER_FOOD 352, 30, 4;
EXEC dbo.INSERT_ORDER_FOOD 486, 30, 5;
EXEC dbo.INSERT_ORDER_FOOD 145, 30, 3;
EXEC dbo.INSERT_ORDER_FOOD 428, 30, 2;
EXEC dbo.INSERT_ORDER_FOOD 162, 30, 2;
EXEC dbo.INSERT_ORDER_FOOD 393, 30, 4;
EXEC dbo.INSERT_ORDER_FOOD 455, 30, 2;
EXEC dbo.INSERT_ORDER_FOOD 328, 30, 3;
EXEC dbo.INSERT_ORDER_FOOD 96, 30, 4;
EXEC dbo.INSERT_ORDER_FOOD 303, 31, 5;
EXEC dbo.INSERT_ORDER_FOOD 328, 31, 5;
EXEC dbo.INSERT_ORDER_FOOD 439, 31, 3;
EXEC dbo.INSERT_ORDER_FOOD 525, 31, 5;
EXEC dbo.INSERT_ORDER_FOOD 434, 31, 5;
EXEC dbo.INSERT_ORDER_FOOD 393, 31, 2;
EXEC dbo.INSERT_ORDER_FOOD 394, 31, 5;
EXEC dbo.INSERT_ORDER_FOOD 295, 32, 2;
EXEC dbo.INSERT_ORDER_FOOD 183, 32, 4;
EXEC dbo.INSERT_ORDER_FOOD 145, 32, 1;
EXEC dbo.INSERT_ORDER_FOOD 238, 32, 2;
EXEC dbo.INSERT_ORDER_FOOD 455, 32, 2;
EXEC dbo.INSERT_ORDER_FOOD 47, 32, 1;
EXEC dbo.INSERT_ORDER_FOOD 376, 32, 2;
EXEC dbo.INSERT_ORDER_FOOD 101, 32, 1;
EXEC dbo.INSERT_ORDER_FOOD 162, 32, 5;
EXEC dbo.INSERT_ORDER_FOOD 490, 33, 3;
EXEC dbo.INSERT_ORDER_FOOD 455, 33, 2;
EXEC dbo.INSERT_ORDER_FOOD 291, 33, 4;
EXEC dbo.INSERT_ORDER_FOOD 556, 34, 2;
EXEC dbo.INSERT_ORDER_FOOD 291, 34, 1;
EXEC dbo.INSERT_ORDER_FOOD 3, 34, 4;
EXEC dbo.INSERT_ORDER_FOOD 428, 34, 3;
EXEC dbo.INSERT_ORDER_FOOD 295, 34, 1;
EXEC dbo.INSERT_ORDER_FOOD 96, 35, 3;
EXEC dbo.INSERT_ORDER_FOOD 483, 35, 1;
EXEC dbo.INSERT_ORDER_FOOD 548, 35, 5;
EXEC dbo.INSERT_ORDER_FOOD 74, 35, 5;
EXEC dbo.INSERT_ORDER_FOOD 490, 35, 5;
EXEC dbo.INSERT_ORDER_FOOD 101, 35, 1;
EXEC dbo.INSERT_ORDER_FOOD 394, 35, 5;
EXEC dbo.INSERT_ORDER_FOOD 79, 36, 2;
EXEC dbo.INSERT_ORDER_FOOD 454, 36, 2;
EXEC dbo.INSERT_ORDER_FOOD 240, 36, 3;
EXEC dbo.INSERT_ORDER_FOOD 599, 36, 1;
EXEC dbo.INSERT_ORDER_FOOD 244, 37, 1;
EXEC dbo.INSERT_ORDER_FOOD 428, 37, 4;
EXEC dbo.INSERT_ORDER_FOOD 454, 37, 3;
EXEC dbo.INSERT_ORDER_FOOD 352, 37, 1;
EXEC dbo.INSERT_ORDER_FOOD 434, 37, 2;
EXEC dbo.INSERT_ORDER_FOOD 96, 37, 5;
EXEC dbo.INSERT_ORDER_FOOD 79, 37, 1;
EXEC dbo.INSERT_ORDER_FOOD 96, 37, 4;
EXEC dbo.INSERT_ORDER_FOOD 525, 38, 3;
EXEC dbo.INSERT_ORDER_FOOD 220, 38, 4;
EXEC dbo.INSERT_ORDER_FOOD 556, 38, 3;
EXEC dbo.INSERT_ORDER_FOOD 291, 38, 3;
EXEC dbo.INSERT_ORDER_FOOD 376, 38, 5;
EXEC dbo.INSERT_ORDER_FOOD 548, 39, 4;
EXEC dbo.INSERT_ORDER_FOOD 394, 39, 5;
EXEC dbo.INSERT_ORDER_FOOD 455, 39, 4;
EXEC dbo.INSERT_ORDER_FOOD 508, 39, 4;
EXEC dbo.INSERT_ORDER_FOOD 490, 39, 5;
EXEC dbo.INSERT_ORDER_FOOD 183, 39, 2;
EXEC dbo.INSERT_ORDER_FOOD 393, 39, 5;
EXEC dbo.INSERT_ORDER_FOOD 455, 40, 5;
EXEC dbo.INSERT_ORDER_FOOD 393, 40, 5;
EXEC dbo.INSERT_ORDER_FOOD 428, 40, 2;
EXEC dbo.INSERT_ORDER_FOOD 47, 40, 5;
EXEC dbo.INSERT_ORDER_FOOD 3, 40, 3;
EXEC dbo.INSERT_ORDER_FOOD 454, 40, 1;
EXEC dbo.INSERT_ORDER_FOOD 322, 1, 3;
EXEC dbo.INSERT_ORDER_FOOD 6, 2, 1;
EXEC dbo.INSERT_ORDER_FOOD 562, 2, 3;
EXEC dbo.INSERT_ORDER_FOOD 157, 2, 1;
EXEC dbo.INSERT_ORDER_FOOD 458, 2, 3;
EXEC dbo.INSERT_ORDER_FOOD 441, 2, 3;
EXEC dbo.INSERT_ORDER_FOOD 1, 2, 5;
EXEC dbo.INSERT_ORDER_FOOD 441, 2, 2;
EXEC dbo.INSERT_ORDER_FOOD 271, 2, 2;
EXEC dbo.INSERT_ORDER_FOOD 275, 2, 2;
EXEC dbo.INSERT_ORDER_FOOD 5, 3, 3;
EXEC dbo.INSERT_ORDER_FOOD 271, 3, 4;
EXEC dbo.INSERT_ORDER_FOOD 320, 3, 1;
EXEC dbo.INSERT_ORDER_FOOD 271, 3, 1;
EXEC dbo.INSERT_ORDER_FOOD 320, 3, 3;
EXEC dbo.INSERT_ORDER_FOOD 5, 3, 2;
EXEC dbo.INSERT_ORDER_FOOD 315, 4, 1;
EXEC dbo.INSERT_ORDER_FOOD 275, 4, 5;
EXEC dbo.INSERT_ORDER_FOOD 271, 4, 5;
EXEC dbo.INSERT_ORDER_FOOD 458, 4, 3;
EXEC dbo.INSERT_ORDER_FOOD 285, 4, 1;
EXEC dbo.INSERT_ORDER_FOOD 474, 4, 1;
EXEC dbo.INSERT_ORDER_FOOD 584, 5, 3;
EXEC dbo.INSERT_ORDER_FOOD 285, 5, 1;
EXEC dbo.INSERT_ORDER_FOOD 169, 5, 1;
EXEC dbo.INSERT_ORDER_FOOD 320, 5, 2;
EXEC dbo.INSERT_ORDER_FOOD 253, 6, 4;
EXEC dbo.INSERT_ORDER_FOOD 253, 6, 5;
EXEC dbo.INSERT_ORDER_FOOD 473, 6, 4;
EXEC dbo.INSERT_ORDER_FOOD 516, 6, 5;
EXEC dbo.INSERT_ORDER_FOOD 139, 6, 4;
EXEC dbo.INSERT_ORDER_FOOD 347, 6, 3;
EXEC dbo.INSERT_ORDER_FOOD 410, 6, 1;
EXEC dbo.INSERT_ORDER_FOOD 5, 6, 5;
EXEC dbo.INSERT_ORDER_FOOD 431, 7, 2;
EXEC dbo.INSERT_ORDER_FOOD 61, 7, 4;
EXEC dbo.INSERT_ORDER_FOOD 410, 8, 5;
EXEC dbo.INSERT_ORDER_FOOD 169, 8, 1;
EXEC dbo.INSERT_ORDER_FOOD 562, 8, 2;
EXEC dbo.INSERT_ORDER_FOOD 436, 9, 2;
EXEC dbo.INSERT_ORDER_FOOD 275, 9, 1;
EXEC dbo.INSERT_ORDER_FOOD 251, 9, 2;
EXEC dbo.INSERT_ORDER_FOOD 231, 9, 1;
EXEC dbo.INSERT_ORDER_FOOD 275, 9, 4;
EXEC dbo.INSERT_ORDER_FOOD 6, 9, 2;
EXEC dbo.INSERT_ORDER_FOOD 61, 10, 2;
EXEC dbo.INSERT_ORDER_FOOD 413, 10, 3;
EXEC dbo.INSERT_ORDER_FOOD 322, 10, 2;
EXEC dbo.INSERT_ORDER_FOOD 410, 10, 1;
EXEC dbo.INSERT_ORDER_FOOD 584, 11, 5;
EXEC dbo.INSERT_ORDER_FOOD 535, 11, 1;
EXEC dbo.INSERT_ORDER_FOOD 266, 11, 5;
EXEC dbo.INSERT_ORDER_FOOD 266, 12, 3;
EXEC dbo.INSERT_ORDER_FOOD 562, 12, 1;
EXEC dbo.INSERT_ORDER_FOOD 535, 12, 1;
EXEC dbo.INSERT_ORDER_FOOD 465, 12, 2;
EXEC dbo.INSERT_ORDER_FOOD 516, 12, 1;
EXEC dbo.INSERT_ORDER_FOOD 474, 12, 1;
EXEC dbo.INSERT_ORDER_FOOD 436, 12, 4;
EXEC dbo.INSERT_ORDER_FOOD 251, 13, 2;
EXEC dbo.INSERT_ORDER_FOOD 322, 13, 4;
EXEC dbo.INSERT_ORDER_FOOD 275, 13, 3;
EXEC dbo.INSERT_ORDER_FOOD 410, 13, 3;
EXEC dbo.INSERT_ORDER_FOOD 157, 13, 1;
EXEC dbo.INSERT_ORDER_FOOD 431, 13, 5;
EXEC dbo.INSERT_ORDER_FOOD 31, 13, 5;
EXEC dbo.INSERT_ORDER_FOOD 315, 13, 2;
EXEC dbo.INSERT_ORDER_FOOD 474, 13, 4;
EXEC dbo.INSERT_ORDER_FOOD 413, 13, 2;
EXEC dbo.INSERT_ORDER_FOOD 251, 14, 4;
EXEC dbo.INSERT_ORDER_FOOD 266, 14, 2;
EXEC dbo.INSERT_ORDER_FOOD 139, 14, 2;
EXEC dbo.INSERT_ORDER_FOOD 458, 15, 2;
EXEC dbo.INSERT_ORDER_FOOD 484, 15, 3;
EXEC dbo.INSERT_ORDER_FOOD 484, 15, 4;
EXEC dbo.INSERT_ORDER_FOOD 157, 15, 2;
EXEC dbo.INSERT_ORDER_FOOD 285, 15, 1;
EXEC dbo.INSERT_ORDER_FOOD 473, 16, 5;
EXEC dbo.INSERT_ORDER_FOOD 570, 16, 2;
EXEC dbo.INSERT_ORDER_FOOD 474, 16, 2;
EXEC dbo.INSERT_ORDER_FOOD 570, 16, 1;
EXEC dbo.INSERT_ORDER_FOOD 139, 16, 2;
EXEC dbo.INSERT_ORDER_FOOD 6, 16, 4;
EXEC dbo.INSERT_ORDER_FOOD 539, 16, 1;
EXEC dbo.INSERT_ORDER_FOOD 431, 16, 2;
EXEC dbo.INSERT_ORDER_FOOD 6, 16, 3;
EXEC dbo.INSERT_ORDER_FOOD 61, 16, 3;
EXEC dbo.INSERT_ORDER_FOOD 231, 17, 3;
EXEC dbo.INSERT_ORDER_FOOD 484, 17, 4;
EXEC dbo.INSERT_ORDER_FOOD 400, 17, 3;
EXEC dbo.INSERT_ORDER_FOOD 458, 17, 5;
EXEC dbo.INSERT_ORDER_FOOD 484, 17, 4;
EXEC dbo.INSERT_ORDER_FOOD 431, 17, 3;
EXEC dbo.INSERT_ORDER_FOOD 61, 18, 5;
EXEC dbo.INSERT_ORDER_FOOD 258, 18, 1;
EXEC dbo.INSERT_ORDER_FOOD 570, 18, 2;
EXEC dbo.INSERT_ORDER_FOOD 570, 19, 2;
EXEC dbo.INSERT_ORDER_FOOD 253, 19, 4;
EXEC dbo.INSERT_ORDER_FOOD 5, 19, 3;
EXEC dbo.INSERT_ORDER_FOOD 251, 19, 4;
EXEC dbo.INSERT_ORDER_FOOD 266, 19, 1;
EXEC dbo.INSERT_ORDER_FOOD 275, 19, 4;
EXEC dbo.INSERT_ORDER_FOOD 473, 19, 4;
EXEC dbo.INSERT_ORDER_FOOD 169, 20, 4;
EXEC dbo.INSERT_ORDER_FOOD 465, 20, 2;
EXEC dbo.INSERT_ORDER_FOOD 562, 20, 5;
EXEC dbo.INSERT_ORDER_FOOD 271, 20, 5;
EXEC dbo.INSERT_ORDER_FOOD 275, 21, 3;
EXEC dbo.INSERT_ORDER_FOOD 539, 22, 3;
EXEC dbo.INSERT_ORDER_FOOD 266, 22, 2;
EXEC dbo.INSERT_ORDER_FOOD 1, 22, 4;
EXEC dbo.INSERT_ORDER_FOOD 431, 22, 1;
EXEC dbo.INSERT_ORDER_FOOD 458, 22, 2;
EXEC dbo.INSERT_ORDER_FOOD 157, 22, 3;
EXEC dbo.INSERT_ORDER_FOOD 315, 22, 2;
EXEC dbo.INSERT_ORDER_FOOD 285, 22, 2;
EXEC dbo.INSERT_ORDER_FOOD 413, 23, 1;
EXEC dbo.INSERT_ORDER_FOOD 315, 23, 3;
EXEC dbo.INSERT_ORDER_FOOD 275, 23, 5;
EXEC dbo.INSERT_ORDER_FOOD 473, 23, 3;
EXEC dbo.INSERT_ORDER_FOOD 441, 23, 1;
EXEC dbo.INSERT_ORDER_FOOD 516, 23, 5;
EXEC dbo.INSERT_ORDER_FOOD 473, 23, 2;
EXEC dbo.INSERT_ORDER_FOOD 473, 23, 5;
EXEC dbo.INSERT_ORDER_FOOD 484, 23, 2;
EXEC dbo.INSERT_ORDER_FOOD 535, 24, 4;
EXEC dbo.INSERT_ORDER_FOOD 436, 24, 3;
EXEC dbo.INSERT_ORDER_FOOD 315, 24, 1;
EXEC dbo.INSERT_ORDER_FOOD 285, 24, 1;
EXEC dbo.INSERT_ORDER_FOOD 157, 24, 1;
EXEC dbo.INSERT_ORDER_FOOD 251, 24, 3;
EXEC dbo.INSERT_ORDER_FOOD 275, 24, 2;
EXEC dbo.INSERT_ORDER_FOOD 258, 24, 3;
EXEC dbo.INSERT_ORDER_FOOD 516, 24, 1;
EXEC dbo.INSERT_ORDER_FOOD 322, 24, 1;
EXEC dbo.INSERT_ORDER_FOOD 266, 25, 3;
EXEC dbo.INSERT_ORDER_FOOD 258, 26, 4;
EXEC dbo.INSERT_ORDER_FOOD 251, 26, 1;
EXEC dbo.INSERT_ORDER_FOOD 266, 26, 5;
EXEC dbo.INSERT_ORDER_FOOD 231, 26, 2;
EXEC dbo.INSERT_ORDER_FOOD 9, 26, 4;
EXEC dbo.INSERT_ORDER_FOOD 251, 26, 5;
EXEC dbo.INSERT_ORDER_FOOD 516, 26, 4;
EXEC dbo.INSERT_ORDER_FOOD 61, 26, 2;
EXEC dbo.INSERT_ORDER_FOOD 410, 26, 4;
EXEC dbo.INSERT_ORDER_FOOD 436, 27, 3;
EXEC dbo.INSERT_ORDER_FOOD 253, 27, 3;
EXEC dbo.INSERT_ORDER_FOOD 61, 27, 4;
EXEC dbo.INSERT_ORDER_FOOD 251, 27, 3;
EXEC dbo.INSERT_ORDER_FOOD 474, 27, 2;
EXEC dbo.INSERT_ORDER_FOOD 139, 27, 4;
EXEC dbo.INSERT_ORDER_FOOD 535, 27, 5;
EXEC dbo.INSERT_ORDER_FOOD 6, 27, 3;
EXEC dbo.INSERT_ORDER_FOOD 5, 28, 3;
EXEC dbo.INSERT_ORDER_FOOD 285, 28, 5;
EXEC dbo.INSERT_ORDER_FOOD 473, 28, 3;
EXEC dbo.INSERT_ORDER_FOOD 275, 28, 3;
EXEC dbo.INSERT_ORDER_FOOD 484, 28, 5;
EXEC dbo.INSERT_ORDER_FOOD 253, 28, 1;
EXEC dbo.INSERT_ORDER_FOOD 516, 28, 2;
EXEC dbo.INSERT_ORDER_FOOD 441, 28, 2;
EXEC dbo.INSERT_ORDER_FOOD 322, 29, 3;
EXEC dbo.INSERT_ORDER_FOOD 322, 29, 2;
EXEC dbo.INSERT_ORDER_FOOD 562, 29, 3;
EXEC dbo.INSERT_ORDER_FOOD 61, 29, 4;
EXEC dbo.INSERT_ORDER_FOOD 258, 29, 4;
EXEC dbo.INSERT_ORDER_FOOD 516, 29, 3;
EXEC dbo.INSERT_ORDER_FOOD 413, 30, 4;
EXEC dbo.INSERT_ORDER_FOOD 431, 30, 5;
EXEC dbo.INSERT_ORDER_FOOD 484, 30, 4;
EXEC dbo.INSERT_ORDER_FOOD 458, 30, 1;
EXEC dbo.INSERT_ORDER_FOOD 465, 30, 4;
EXEC dbo.INSERT_ORDER_FOOD 516, 31, 2;
EXEC dbo.INSERT_ORDER_FOOD 258, 31, 4;
EXEC dbo.INSERT_ORDER_FOOD 535, 31, 3;
EXEC dbo.INSERT_ORDER_FOOD 31, 31, 3;
EXEC dbo.INSERT_ORDER_FOOD 539, 31, 4;
EXEC dbo.INSERT_ORDER_FOOD 9, 31, 1;
EXEC dbo.INSERT_ORDER_FOOD 139, 32, 3;
EXEC dbo.INSERT_ORDER_FOOD 253, 32, 2;
EXEC dbo.INSERT_ORDER_FOOD 275, 32, 2;
EXEC dbo.INSERT_ORDER_FOOD 31, 32, 4;
EXEC dbo.INSERT_ORDER_FOOD 400, 32, 5;
EXEC dbo.INSERT_ORDER_FOOD 315, 32, 5;
EXEC dbo.INSERT_ORDER_FOOD 570, 32, 2;
EXEC dbo.INSERT_ORDER_FOOD 251, 33, 2;
EXEC dbo.INSERT_ORDER_FOOD 139, 33, 5;
EXEC dbo.INSERT_ORDER_FOOD 465, 33, 2;
EXEC dbo.INSERT_ORDER_FOOD 400, 33, 2;
EXEC dbo.INSERT_ORDER_FOOD 231, 33, 4;
EXEC dbo.INSERT_ORDER_FOOD 315, 34, 5;
EXEC dbo.INSERT_ORDER_FOOD 458, 34, 2;
EXEC dbo.INSERT_ORDER_FOOD 315, 34, 3;
EXEC dbo.INSERT_ORDER_FOOD 465, 34, 1;
EXEC dbo.INSERT_ORDER_FOOD 258, 34, 5;
EXEC dbo.INSERT_ORDER_FOOD 570, 34, 1;
EXEC dbo.INSERT_ORDER_FOOD 535, 34, 4;
EXEC dbo.INSERT_ORDER_FOOD 285, 34, 5;
EXEC dbo.INSERT_ORDER_FOOD 169, 35, 1;
EXEC dbo.INSERT_ORDER_FOOD 1, 35, 5;
EXEC dbo.INSERT_ORDER_FOOD 169, 35, 4;
EXEC dbo.INSERT_ORDER_FOOD 266, 35, 1;
EXEC dbo.INSERT_ORDER_FOOD 169, 36, 5;
EXEC dbo.INSERT_ORDER_FOOD 410, 36, 5;
EXEC dbo.INSERT_ORDER_FOOD 1, 36, 3;
EXEC dbo.INSERT_ORDER_FOOD 484, 36, 3;
EXEC dbo.INSERT_ORDER_FOOD 465, 36, 1;
EXEC dbo.INSERT_ORDER_FOOD 320, 36, 1;
EXEC dbo.INSERT_ORDER_FOOD 562, 36, 3;
EXEC dbo.INSERT_ORDER_FOOD 231, 36, 1;
EXEC dbo.INSERT_ORDER_FOOD 441, 36, 1;
EXEC dbo.INSERT_ORDER_FOOD 315, 36, 1;
EXEC dbo.INSERT_ORDER_FOOD 139, 37, 4;
EXEC dbo.INSERT_ORDER_FOOD 436, 37, 3;
EXEC dbo.INSERT_ORDER_FOOD 400, 37, 5;
EXEC dbo.INSERT_ORDER_FOOD 1, 37, 3;
EXEC dbo.INSERT_ORDER_FOOD 1, 37, 2;
EXEC dbo.INSERT_ORDER_FOOD 570, 38, 3;
EXEC dbo.INSERT_ORDER_FOOD 539, 38, 1;
EXEC dbo.INSERT_ORDER_FOOD 570, 38, 4;
EXEC dbo.INSERT_ORDER_FOOD 584, 38, 4;
EXEC dbo.INSERT_ORDER_FOOD 251, 39, 2;
EXEC dbo.INSERT_ORDER_FOOD 410, 39, 1;
EXEC dbo.INSERT_ORDER_FOOD 258, 40, 2;
EXEC dbo.INSERT_ORDER_FOOD 458, 40, 5;
EXEC dbo.INSERT_ORDER_FOOD 516, 40, 1;
EXEC dbo.INSERT_ORDER_FOOD 458, 40, 4;
EXEC dbo.INSERT_ORDER_FOOD 320, 40, 4;
EXEC dbo.INSERT_ORDER_FOOD 379, 1, 2;
EXEC dbo.INSERT_ORDER_FOOD 488, 1, 3;
EXEC dbo.INSERT_ORDER_FOOD 42, 1, 5;
EXEC dbo.INSERT_ORDER_FOOD 95, 1, 5;
EXEC dbo.INSERT_ORDER_FOOD 488, 1, 4;
EXEC dbo.INSERT_ORDER_FOOD 102, 1, 5;
EXEC dbo.INSERT_ORDER_FOOD 134, 1, 3;
EXEC dbo.INSERT_ORDER_FOOD 300, 1, 3;
EXEC dbo.INSERT_ORDER_FOOD 297, 1, 2;
EXEC dbo.INSERT_ORDER_FOOD 21, 2, 3;
EXEC dbo.INSERT_ORDER_FOOD 95, 2, 1;
EXEC dbo.INSERT_ORDER_FOOD 109, 2, 1;
EXEC dbo.INSERT_ORDER_FOOD 369, 2, 3;
EXEC dbo.INSERT_ORDER_FOOD 228, 2, 3;
EXEC dbo.INSERT_ORDER_FOOD 467, 2, 5;
EXEC dbo.INSERT_ORDER_FOOD 575, 2, 5;
EXEC dbo.INSERT_ORDER_FOOD 115, 3, 4;
EXEC dbo.INSERT_ORDER_FOOD 67, 4, 1;
EXEC dbo.INSERT_ORDER_FOOD 56, 4, 3;
EXEC dbo.INSERT_ORDER_FOOD 467, 4, 4;
EXEC dbo.INSERT_ORDER_FOOD 155, 4, 3;
EXEC dbo.INSERT_ORDER_FOOD 488, 4, 1;
EXEC dbo.INSERT_ORDER_FOOD 134, 4, 3;
EXEC dbo.INSERT_ORDER_FOOD 41, 4, 5;
EXEC dbo.INSERT_ORDER_FOOD 207, 5, 5;
EXEC dbo.INSERT_ORDER_FOOD 207, 5, 1;
EXEC dbo.INSERT_ORDER_FOOD 67, 5, 3;
EXEC dbo.INSERT_ORDER_FOOD 21, 5, 1;
EXEC dbo.INSERT_ORDER_FOOD 488, 6, 4;
EXEC dbo.INSERT_ORDER_FOOD 134, 6, 3;
EXEC dbo.INSERT_ORDER_FOOD 311, 6, 4;
EXEC dbo.INSERT_ORDER_FOOD 155, 6, 4;
EXEC dbo.INSERT_ORDER_FOOD 575, 6, 2;
EXEC dbo.INSERT_ORDER_FOOD 297, 6, 4;
EXEC dbo.INSERT_ORDER_FOOD 207, 6, 5;
EXEC dbo.INSERT_ORDER_FOOD 575, 6, 3;
EXEC dbo.INSERT_ORDER_FOOD 95, 7, 4;
EXEC dbo.INSERT_ORDER_FOOD 509, 7, 1;
EXEC dbo.INSERT_ORDER_FOOD 67, 8, 2;
EXEC dbo.INSERT_ORDER_FOOD 21, 8, 5;
EXEC dbo.INSERT_ORDER_FOOD 69, 8, 4;
EXEC dbo.INSERT_ORDER_FOOD 228, 8, 5;
EXEC dbo.INSERT_ORDER_FOOD 383, 8, 1;
EXEC dbo.INSERT_ORDER_FOOD 307, 8, 1;
EXEC dbo.INSERT_ORDER_FOOD 207, 8, 2;
EXEC dbo.INSERT_ORDER_FOOD 575, 8, 4;
EXEC dbo.INSERT_ORDER_FOOD 311, 9, 4;
EXEC dbo.INSERT_ORDER_FOOD 300, 9, 1;
EXEC dbo.INSERT_ORDER_FOOD 115, 9, 1;
EXEC dbo.INSERT_ORDER_FOOD 345, 9, 1;
EXEC dbo.INSERT_ORDER_FOOD 17, 9, 2;
EXEC dbo.INSERT_ORDER_FOOD 213, 9, 5;
EXEC dbo.INSERT_ORDER_FOOD 311, 9, 3;
EXEC dbo.INSERT_ORDER_FOOD 383, 9, 1;
EXEC dbo.INSERT_ORDER_FOOD 420, 9, 2;
EXEC dbo.INSERT_ORDER_FOOD 290, 9, 4;
EXEC dbo.INSERT_ORDER_FOOD 69, 10, 3;
EXEC dbo.INSERT_ORDER_FOOD 369, 10, 5;
EXEC dbo.INSERT_ORDER_FOOD 488, 10, 3;
EXEC dbo.INSERT_ORDER_FOOD 575, 10, 2;
EXEC dbo.INSERT_ORDER_FOOD 207, 10, 4;
EXEC dbo.INSERT_ORDER_FOOD 296, 10, 4;
EXEC dbo.INSERT_ORDER_FOOD 287, 11, 1;
EXEC dbo.INSERT_ORDER_FOOD 367, 11, 3;
EXEC dbo.INSERT_ORDER_FOOD 467, 11, 4;
EXEC dbo.INSERT_ORDER_FOOD 17, 11, 2;
EXEC dbo.INSERT_ORDER_FOOD 383, 12, 1;
EXEC dbo.INSERT_ORDER_FOOD 102, 12, 1;
EXEC dbo.INSERT_ORDER_FOOD 41, 12, 2;
EXEC dbo.INSERT_ORDER_FOOD 567, 12, 5;
EXEC dbo.INSERT_ORDER_FOOD 488, 12, 3;
EXEC dbo.INSERT_ORDER_FOOD 67, 12, 1;
EXEC dbo.INSERT_ORDER_FOOD 290, 12, 5;
EXEC dbo.INSERT_ORDER_FOOD 467, 13, 5;
EXEC dbo.INSERT_ORDER_FOOD 67, 13, 1;
EXEC dbo.INSERT_ORDER_FOOD 567, 13, 2;
EXEC dbo.INSERT_ORDER_FOOD 41, 13, 1;
EXEC dbo.INSERT_ORDER_FOOD 69, 13, 3;
EXEC dbo.INSERT_ORDER_FOOD 42, 13, 2;
EXEC dbo.INSERT_ORDER_FOOD 21, 13, 2;
EXEC dbo.INSERT_ORDER_FOOD 287, 14, 5;
EXEC dbo.INSERT_ORDER_FOOD 287, 14, 4;
EXEC dbo.INSERT_ORDER_FOOD 338, 14, 4;
EXEC dbo.INSERT_ORDER_FOOD 377, 14, 5;
EXEC dbo.INSERT_ORDER_FOOD 213, 14, 2;
EXEC dbo.INSERT_ORDER_FOOD 17, 14, 2;
EXEC dbo.INSERT_ORDER_FOOD 575, 14, 4;
EXEC dbo.INSERT_ORDER_FOOD 383, 14, 2;
EXEC dbo.INSERT_ORDER_FOOD 311, 14, 2;
EXEC dbo.INSERT_ORDER_FOOD 134, 14, 2;
EXEC dbo.INSERT_ORDER_FOOD 398, 15, 2;
EXEC dbo.INSERT_ORDER_FOOD 69, 15, 1;
EXEC dbo.INSERT_ORDER_FOOD 17, 15, 3;
EXEC dbo.INSERT_ORDER_FOOD 379, 16, 2;
EXEC dbo.INSERT_ORDER_FOOD 102, 16, 4;
EXEC dbo.INSERT_ORDER_FOOD 367, 16, 5;
EXEC dbo.INSERT_ORDER_FOOD 395, 16, 4;
EXEC dbo.INSERT_ORDER_FOOD 67, 16, 3;
EXEC dbo.INSERT_ORDER_FOOD 109, 17, 1;
EXEC dbo.INSERT_ORDER_FOOD 338, 18, 1;
EXEC dbo.INSERT_ORDER_FOOD 369, 18, 4;
EXEC dbo.INSERT_ORDER_FOOD 395, 18, 4;
EXEC dbo.INSERT_ORDER_FOOD 102, 18, 2;
EXEC dbo.INSERT_ORDER_FOOD 377, 18, 3;
EXEC dbo.INSERT_ORDER_FOOD 383, 19, 5;
EXEC dbo.INSERT_ORDER_FOOD 379, 19, 5;
EXEC dbo.INSERT_ORDER_FOOD 296, 19, 2;
EXEC dbo.INSERT_ORDER_FOOD 379, 19, 2;
EXEC dbo.INSERT_ORDER_FOOD 155, 19, 2;
EXEC dbo.INSERT_ORDER_FOOD 296, 20, 5;
EXEC dbo.INSERT_ORDER_FOOD 369, 21, 3;
EXEC dbo.INSERT_ORDER_FOOD 377, 21, 5;
EXEC dbo.INSERT_ORDER_FOOD 383, 21, 5;
EXEC dbo.INSERT_ORDER_FOOD 307, 21, 3;
EXEC dbo.INSERT_ORDER_FOOD 567, 21, 1;
EXEC dbo.INSERT_ORDER_FOOD 21, 21, 3;
EXEC dbo.INSERT_ORDER_FOOD 307, 22, 2;
EXEC dbo.INSERT_ORDER_FOOD 41, 22, 5;
EXEC dbo.INSERT_ORDER_FOOD 109, 22, 5;
EXEC dbo.INSERT_ORDER_FOOD 433, 22, 4;
EXEC dbo.INSERT_ORDER_FOOD 296, 22, 3;
EXEC dbo.INSERT_ORDER_FOOD 297, 22, 4;
EXEC dbo.INSERT_ORDER_FOOD 338, 23, 1;
EXEC dbo.INSERT_ORDER_FOOD 369, 23, 1;
EXEC dbo.INSERT_ORDER_FOOD 433, 24, 4;
EXEC dbo.INSERT_ORDER_FOOD 395, 25, 1;
EXEC dbo.INSERT_ORDER_FOOD 213, 26, 5;
EXEC dbo.INSERT_ORDER_FOOD 56, 26, 5;
EXEC dbo.INSERT_ORDER_FOOD 134, 26, 5;
EXEC dbo.INSERT_ORDER_FOOD 369, 26, 2;
EXEC dbo.INSERT_ORDER_FOOD 134, 26, 2;
EXEC dbo.INSERT_ORDER_FOOD 377, 26, 2;
EXEC dbo.INSERT_ORDER_FOOD 398, 26, 4;
EXEC dbo.INSERT_ORDER_FOOD 369, 27, 5;
EXEC dbo.INSERT_ORDER_FOOD 95, 27, 2;
EXEC dbo.INSERT_ORDER_FOOD 296, 27, 5;
EXEC dbo.INSERT_ORDER_FOOD 41, 27, 2;
EXEC dbo.INSERT_ORDER_FOOD 575, 27, 1;
EXEC dbo.INSERT_ORDER_FOOD 338, 27, 4;
EXEC dbo.INSERT_ORDER_FOOD 567, 28, 3;
EXEC dbo.INSERT_ORDER_FOOD 420, 28, 5;
EXEC dbo.INSERT_ORDER_FOOD 296, 28, 1;
EXEC dbo.INSERT_ORDER_FOOD 395, 28, 5;
EXEC dbo.INSERT_ORDER_FOOD 95, 28, 3;
EXEC dbo.INSERT_ORDER_FOOD 95, 28, 3;
EXEC dbo.INSERT_ORDER_FOOD 383, 28, 3;
EXEC dbo.INSERT_ORDER_FOOD 115, 29, 5;
EXEC dbo.INSERT_ORDER_FOOD 509, 29, 3;
EXEC dbo.INSERT_ORDER_FOOD 297, 29, 1;
EXEC dbo.INSERT_ORDER_FOOD 383, 29, 3;
EXEC dbo.INSERT_ORDER_FOOD 21, 29, 4;
EXEC dbo.INSERT_ORDER_FOOD 395, 29, 2;
EXEC dbo.INSERT_ORDER_FOOD 575, 29, 4;
EXEC dbo.INSERT_ORDER_FOOD 213, 29, 3;
EXEC dbo.INSERT_ORDER_FOOD 290, 29, 5;
EXEC dbo.INSERT_ORDER_FOOD 467, 30, 2;
EXEC dbo.INSERT_ORDER_FOOD 69, 30, 4;
EXEC dbo.INSERT_ORDER_FOOD 467, 30, 1;
EXEC dbo.INSERT_ORDER_FOOD 213, 30, 4;
EXEC dbo.INSERT_ORDER_FOOD 383, 30, 1;
EXEC dbo.INSERT_ORDER_FOOD 379, 30, 5;
EXEC dbo.INSERT_ORDER_FOOD 378, 30, 2;
EXEC dbo.INSERT_ORDER_FOOD 17, 30, 2;
EXEC dbo.INSERT_ORDER_FOOD 287, 30, 1;
EXEC dbo.INSERT_ORDER_FOOD 338, 30, 1;
EXEC dbo.INSERT_ORDER_FOOD 307, 31, 1;
EXEC dbo.INSERT_ORDER_FOOD 56, 32, 3;
EXEC dbo.INSERT_ORDER_FOOD 228, 32, 1;
EXEC dbo.INSERT_ORDER_FOOD 109, 32, 3;
EXEC dbo.INSERT_ORDER_FOOD 398, 32, 2;
EXEC dbo.INSERT_ORDER_FOOD 311, 32, 5;
EXEC dbo.INSERT_ORDER_FOOD 41, 32, 1;
EXEC dbo.INSERT_ORDER_FOOD 207, 33, 3;
EXEC dbo.INSERT_ORDER_FOOD 213, 33, 1;
EXEC dbo.INSERT_ORDER_FOOD 311, 34, 2;
EXEC dbo.INSERT_ORDER_FOOD 311, 34, 4;
EXEC dbo.INSERT_ORDER_FOOD 420, 34, 4;
EXEC dbo.INSERT_ORDER_FOOD 488, 34, 3;
EXEC dbo.INSERT_ORDER_FOOD 567, 34, 1;
EXEC dbo.INSERT_ORDER_FOOD 109, 34, 4;
EXEC dbo.INSERT_ORDER_FOOD 41, 35, 4;
EXEC dbo.INSERT_ORDER_FOOD 42, 35, 3;
EXEC dbo.INSERT_ORDER_FOOD 41, 35, 4;
EXEC dbo.INSERT_ORDER_FOOD 433, 36, 4;
EXEC dbo.INSERT_ORDER_FOOD 420, 36, 5;
EXEC dbo.INSERT_ORDER_FOOD 300, 36, 1;
EXEC dbo.INSERT_ORDER_FOOD 582, 36, 4;
EXEC dbo.INSERT_ORDER_FOOD 395, 37, 2;
EXEC dbo.INSERT_ORDER_FOOD 297, 37, 5;
EXEC dbo.INSERT_ORDER_FOOD 307, 37, 1;
EXEC dbo.INSERT_ORDER_FOOD 207, 37, 4;
EXEC dbo.INSERT_ORDER_FOOD 17, 37, 3;
EXEC dbo.INSERT_ORDER_FOOD 95, 38, 2;
EXEC dbo.INSERT_ORDER_FOOD 69, 38, 5;
EXEC dbo.INSERT_ORDER_FOOD 433, 38, 4;
EXEC dbo.INSERT_ORDER_FOOD 41, 38, 4;
EXEC dbo.INSERT_ORDER_FOOD 115, 38, 1;
EXEC dbo.INSERT_ORDER_FOOD 369, 38, 3;
EXEC dbo.INSERT_ORDER_FOOD 42, 38, 4;
EXEC dbo.INSERT_ORDER_FOOD 383, 38, 3;
EXEC dbo.INSERT_ORDER_FOOD 95, 39, 5;
EXEC dbo.INSERT_ORDER_FOOD 433, 39, 3;
EXEC dbo.INSERT_ORDER_FOOD 42, 39, 4;
EXEC dbo.INSERT_ORDER_FOOD 575, 39, 5;
EXEC dbo.INSERT_ORDER_FOOD 17, 39, 3;
EXEC dbo.INSERT_ORDER_FOOD 367, 39, 1;
EXEC dbo.INSERT_ORDER_FOOD 338, 39, 2;
EXEC dbo.INSERT_ORDER_FOOD 398, 39, 5;
EXEC dbo.INSERT_ORDER_FOOD 17, 39, 1;
EXEC dbo.INSERT_ORDER_FOOD 207, 40, 3;
EXEC dbo.INSERT_ORDER_FOOD 12, 1, 4;
EXEC dbo.INSERT_ORDER_FOOD 404, 1, 5;
EXEC dbo.INSERT_ORDER_FOOD 85, 1, 2;
EXEC dbo.INSERT_ORDER_FOOD 480, 2, 2;
EXEC dbo.INSERT_ORDER_FOOD 335, 2, 2;
EXEC dbo.INSERT_ORDER_FOOD 554, 2, 5;
EXEC dbo.INSERT_ORDER_FOOD 446, 2, 5;
EXEC dbo.INSERT_ORDER_FOOD 324, 2, 2;
EXEC dbo.INSERT_ORDER_FOOD 524, 3, 2;
EXEC dbo.INSERT_ORDER_FOOD 554, 3, 3;
EXEC dbo.INSERT_ORDER_FOOD 229, 3, 2;
EXEC dbo.INSERT_ORDER_FOOD 404, 3, 2;
EXEC dbo.INSERT_ORDER_FOOD 574, 3, 3;
EXEC dbo.INSERT_ORDER_FOOD 10, 4, 2;
EXEC dbo.INSERT_ORDER_FOOD 466, 4, 3;
EXEC dbo.INSERT_ORDER_FOOD 146, 4, 3;
EXEC dbo.INSERT_ORDER_FOOD 305, 4, 5;
EXEC dbo.INSERT_ORDER_FOOD 165, 5, 3;
EXEC dbo.INSERT_ORDER_FOOD 497, 6, 5;
EXEC dbo.INSERT_ORDER_FOOD 405, 6, 1;
EXEC dbo.INSERT_ORDER_FOOD 366, 6, 2;
EXEC dbo.INSERT_ORDER_FOOD 335, 6, 1;
EXEC dbo.INSERT_ORDER_FOOD 498, 6, 2;
EXEC dbo.INSERT_ORDER_FOOD 429, 6, 3;
EXEC dbo.INSERT_ORDER_FOOD 223, 6, 1;
EXEC dbo.INSERT_ORDER_FOOD 247, 6, 5;
EXEC dbo.INSERT_ORDER_FOOD 401, 6, 5;
EXEC dbo.INSERT_ORDER_FOOD 446, 6, 2;
EXEC dbo.INSERT_ORDER_FOOD 269, 7, 5;
EXEC dbo.INSERT_ORDER_FOOD 572, 7, 4;
EXEC dbo.INSERT_ORDER_FOOD 404, 7, 5;
EXEC dbo.INSERT_ORDER_FOOD 86, 7, 5;
EXEC dbo.INSERT_ORDER_FOOD 229, 7, 3;
EXEC dbo.INSERT_ORDER_FOOD 10, 7, 3;
EXEC dbo.INSERT_ORDER_FOOD 286, 7, 1;
EXEC dbo.INSERT_ORDER_FOOD 229, 8, 2;
EXEC dbo.INSERT_ORDER_FOOD 10, 8, 3;
EXEC dbo.INSERT_ORDER_FOOD 446, 8, 3;
EXEC dbo.INSERT_ORDER_FOOD 399, 8, 4;
EXEC dbo.INSERT_ORDER_FOOD 197, 8, 2;
EXEC dbo.INSERT_ORDER_FOOD 366, 8, 3;
EXEC dbo.INSERT_ORDER_FOOD 247, 8, 3;
EXEC dbo.INSERT_ORDER_FOOD 574, 8, 4;
EXEC dbo.INSERT_ORDER_FOOD 146, 8, 3;
EXEC dbo.INSERT_ORDER_FOOD 446, 9, 4;
EXEC dbo.INSERT_ORDER_FOOD 122, 9, 3;
EXEC dbo.INSERT_ORDER_FOOD 335, 9, 3;
EXEC dbo.INSERT_ORDER_FOOD 399, 9, 5;
EXEC dbo.INSERT_ORDER_FOOD 27, 9, 2;
EXEC dbo.INSERT_ORDER_FOOD 480, 9, 4;
EXEC dbo.INSERT_ORDER_FOOD 38, 10, 5;
EXEC dbo.INSERT_ORDER_FOOD 446, 10, 3;
EXEC dbo.INSERT_ORDER_FOOD 498, 11, 4;
EXEC dbo.INSERT_ORDER_FOOD 118, 11, 3;
EXEC dbo.INSERT_ORDER_FOOD 229, 12, 5;
EXEC dbo.INSERT_ORDER_FOOD 265, 12, 2;
EXEC dbo.INSERT_ORDER_FOOD 366, 12, 3;
EXEC dbo.INSERT_ORDER_FOOD 122, 12, 4;
EXEC dbo.INSERT_ORDER_FOOD 324, 12, 5;
EXEC dbo.INSERT_ORDER_FOOD 498, 13, 2;
EXEC dbo.INSERT_ORDER_FOOD 405, 13, 3;
EXEC dbo.INSERT_ORDER_FOOD 269, 13, 1;
EXEC dbo.INSERT_ORDER_FOOD 122, 13, 1;
EXEC dbo.INSERT_ORDER_FOOD 10, 13, 3;
EXEC dbo.INSERT_ORDER_FOOD 399, 13, 2;
EXEC dbo.INSERT_ORDER_FOOD 146, 13, 5;
EXEC dbo.INSERT_ORDER_FOOD 247, 13, 5;
EXEC dbo.INSERT_ORDER_FOOD 229, 13, 1;
EXEC dbo.INSERT_ORDER_FOOD 497, 14, 5;
EXEC dbo.INSERT_ORDER_FOOD 175, 14, 4;
EXEC dbo.INSERT_ORDER_FOOD 405, 14, 1;
EXEC dbo.INSERT_ORDER_FOOD 324, 14, 5;
EXEC dbo.INSERT_ORDER_FOOD 399, 14, 4;
EXEC dbo.INSERT_ORDER_FOOD 247, 15, 3;
EXEC dbo.INSERT_ORDER_FOOD 557, 15, 1;
EXEC dbo.INSERT_ORDER_FOOD 405, 15, 2;
EXEC dbo.INSERT_ORDER_FOOD 118, 15, 5;
EXEC dbo.INSERT_ORDER_FOOD 335, 15, 2;
EXEC dbo.INSERT_ORDER_FOOD 305, 15, 5;
EXEC dbo.INSERT_ORDER_FOOD 366, 15, 3;
EXEC dbo.INSERT_ORDER_FOOD 86, 15, 3;
EXEC dbo.INSERT_ORDER_FOOD 429, 15, 3;
EXEC dbo.INSERT_ORDER_FOOD 265, 15, 4;
EXEC dbo.INSERT_ORDER_FOOD 429, 16, 1;
EXEC dbo.INSERT_ORDER_FOOD 232, 16, 4;
EXEC dbo.INSERT_ORDER_FOOD 324, 16, 3;
EXEC dbo.INSERT_ORDER_FOOD 554, 16, 1;
EXEC dbo.INSERT_ORDER_FOOD 146, 16, 4;
EXEC dbo.INSERT_ORDER_FOOD 247, 16, 5;
EXEC dbo.INSERT_ORDER_FOOD 305, 16, 3;
EXEC dbo.INSERT_ORDER_FOOD 165, 16, 1;
EXEC dbo.INSERT_ORDER_FOOD 122, 16, 5;
EXEC dbo.INSERT_ORDER_FOOD 247, 17, 3;
EXEC dbo.INSERT_ORDER_FOOD 574, 17, 2;
EXEC dbo.INSERT_ORDER_FOOD 429, 17, 4;
EXEC dbo.INSERT_ORDER_FOOD 247, 17, 2;
EXEC dbo.INSERT_ORDER_FOOD 86, 17, 4;
EXEC dbo.INSERT_ORDER_FOOD 10, 18, 4;
EXEC dbo.INSERT_ORDER_FOOD 446, 18, 2;
EXEC dbo.INSERT_ORDER_FOOD 324, 18, 4;
EXEC dbo.INSERT_ORDER_FOOD 366, 18, 3;
EXEC dbo.INSERT_ORDER_FOOD 247, 18, 4;
EXEC dbo.INSERT_ORDER_FOOD 232, 18, 4;
EXEC dbo.INSERT_ORDER_FOOD 557, 19, 5;
EXEC dbo.INSERT_ORDER_FOOD 269, 19, 3;
EXEC dbo.INSERT_ORDER_FOOD 197, 19, 1;
EXEC dbo.INSERT_ORDER_FOOD 466, 19, 1;
EXEC dbo.INSERT_ORDER_FOOD 165, 19, 4;
EXEC dbo.INSERT_ORDER_FOOD 324, 19, 5;
EXEC dbo.INSERT_ORDER_FOOD 269, 19, 1;
EXEC dbo.INSERT_ORDER_FOOD 344, 20, 4;
EXEC dbo.INSERT_ORDER_FOOD 404, 20, 4;
EXEC dbo.INSERT_ORDER_FOOD 405, 20, 1;
EXEC dbo.INSERT_ORDER_FOOD 27, 20, 3;
EXEC dbo.INSERT_ORDER_FOOD 286, 20, 2;
EXEC dbo.INSERT_ORDER_FOOD 118, 21, 4;
EXEC dbo.INSERT_ORDER_FOOD 232, 21, 1;
EXEC dbo.INSERT_ORDER_FOOD 429, 21, 2;
EXEC dbo.INSERT_ORDER_FOOD 159, 21, 2;
EXEC dbo.INSERT_ORDER_FOOD 405, 21, 5;
EXEC dbo.INSERT_ORDER_FOOD 453, 21, 4;
EXEC dbo.INSERT_ORDER_FOOD 269, 21, 3;
EXEC dbo.INSERT_ORDER_FOOD 146, 22, 1;
EXEC dbo.INSERT_ORDER_FOOD 247, 22, 3;
EXEC dbo.INSERT_ORDER_FOOD 265, 22, 2;
EXEC dbo.INSERT_ORDER_FOOD 453, 23, 3;
EXEC dbo.INSERT_ORDER_FOOD 480, 23, 1;
EXEC dbo.INSERT_ORDER_FOOD 86, 23, 2;
EXEC dbo.INSERT_ORDER_FOOD 429, 23, 3;
EXEC dbo.INSERT_ORDER_FOOD 557, 23, 1;
EXEC dbo.INSERT_ORDER_FOOD 10, 23, 2;
EXEC dbo.INSERT_ORDER_FOOD 324, 24, 3;
EXEC dbo.INSERT_ORDER_FOOD 574, 24, 5;
EXEC dbo.INSERT_ORDER_FOOD 405, 24, 2;
EXEC dbo.INSERT_ORDER_FOOD 118, 24, 3;
EXEC dbo.INSERT_ORDER_FOOD 122, 24, 5;
EXEC dbo.INSERT_ORDER_FOOD 305, 24, 1;
EXEC dbo.INSERT_ORDER_FOOD 335, 24, 3;
EXEC dbo.INSERT_ORDER_FOOD 498, 24, 2;
EXEC dbo.INSERT_ORDER_FOOD 405, 25, 2;
EXEC dbo.INSERT_ORDER_FOOD 497, 25, 5;
EXEC dbo.INSERT_ORDER_FOOD 401, 25, 1;
EXEC dbo.INSERT_ORDER_FOOD 404, 25, 2;
EXEC dbo.INSERT_ORDER_FOOD 405, 26, 4;
EXEC dbo.INSERT_ORDER_FOOD 324, 26, 4;
EXEC dbo.INSERT_ORDER_FOOD 305, 26, 2;
EXEC dbo.INSERT_ORDER_FOOD 10, 26, 1;
EXEC dbo.INSERT_ORDER_FOOD 401, 26, 5;
EXEC dbo.INSERT_ORDER_FOOD 165, 26, 4;
EXEC dbo.INSERT_ORDER_FOOD 405, 26, 1;
EXEC dbo.INSERT_ORDER_FOOD 175, 27, 4;
EXEC dbo.INSERT_ORDER_FOOD 269, 27, 2;
EXEC dbo.INSERT_ORDER_FOOD 265, 27, 2;
EXEC dbo.INSERT_ORDER_FOOD 197, 27, 4;
EXEC dbo.INSERT_ORDER_FOOD 232, 27, 5;
EXEC dbo.INSERT_ORDER_FOOD 146, 27, 2;
EXEC dbo.INSERT_ORDER_FOOD 27, 27, 1;
EXEC dbo.INSERT_ORDER_FOOD 498, 27, 4;
EXEC dbo.INSERT_ORDER_FOOD 429, 28, 2;
EXEC dbo.INSERT_ORDER_FOOD 401, 28, 1;
EXEC dbo.INSERT_ORDER_FOOD 223, 28, 2;
EXEC dbo.INSERT_ORDER_FOOD 399, 28, 1;
EXEC dbo.INSERT_ORDER_FOOD 557, 28, 1;
EXEC dbo.INSERT_ORDER_FOOD 232, 28, 2;
EXEC dbo.INSERT_ORDER_FOOD 405, 28, 1;
EXEC dbo.INSERT_ORDER_FOOD 27, 28, 4;
EXEC dbo.INSERT_ORDER_FOOD 191, 29, 5;
EXEC dbo.INSERT_ORDER_FOOD 223, 29, 3;
EXEC dbo.INSERT_ORDER_FOOD 524, 29, 3;
EXEC dbo.INSERT_ORDER_FOOD 229, 29, 1;
EXEC dbo.INSERT_ORDER_FOOD 399, 29, 4;
EXEC dbo.INSERT_ORDER_FOOD 165, 29, 1;
EXEC dbo.INSERT_ORDER_FOOD 497, 30, 1;
EXEC dbo.INSERT_ORDER_FOOD 446, 31, 2;
EXEC dbo.INSERT_ORDER_FOOD 453, 31, 5;
EXEC dbo.INSERT_ORDER_FOOD 191, 31, 4;
EXEC dbo.INSERT_ORDER_FOOD 498, 31, 1;
EXEC dbo.INSERT_ORDER_FOOD 265, 31, 1;
EXEC dbo.INSERT_ORDER_FOOD 335, 31, 2;
EXEC dbo.INSERT_ORDER_FOOD 122, 32, 1;
EXEC dbo.INSERT_ORDER_FOOD 146, 32, 1;
EXEC dbo.INSERT_ORDER_FOOD 498, 32, 1;
EXEC dbo.INSERT_ORDER_FOOD 497, 33, 5;
EXEC dbo.INSERT_ORDER_FOOD 446, 33, 2;
EXEC dbo.INSERT_ORDER_FOOD 572, 33, 2;
EXEC dbo.INSERT_ORDER_FOOD 344, 33, 1;
EXEC dbo.INSERT_ORDER_FOOD 159, 33, 2;
EXEC dbo.INSERT_ORDER_FOOD 38, 34, 5;
EXEC dbo.INSERT_ORDER_FOOD 466, 34, 3;
EXEC dbo.INSERT_ORDER_FOOD 86, 34, 3;
EXEC dbo.INSERT_ORDER_FOOD 27, 34, 2;
EXEC dbo.INSERT_ORDER_FOOD 429, 34, 4;
EXEC dbo.INSERT_ORDER_FOOD 247, 34, 2;
EXEC dbo.INSERT_ORDER_FOOD 554, 34, 5;
EXEC dbo.INSERT_ORDER_FOOD 572, 34, 5;
EXEC dbo.INSERT_ORDER_FOOD 232, 34, 2;
EXEC dbo.INSERT_ORDER_FOOD 197, 34, 1;
EXEC dbo.INSERT_ORDER_FOOD 10, 35, 2;
EXEC dbo.INSERT_ORDER_FOOD 574, 35, 1;
EXEC dbo.INSERT_ORDER_FOOD 146, 35, 3;
EXEC dbo.INSERT_ORDER_FOOD 399, 35, 4;
EXEC dbo.INSERT_ORDER_FOOD 446, 35, 3;
EXEC dbo.INSERT_ORDER_FOOD 27, 35, 1;
EXEC dbo.INSERT_ORDER_FOOD 38, 35, 3;
EXEC dbo.INSERT_ORDER_FOOD 269, 36, 4;
EXEC dbo.INSERT_ORDER_FOOD 344, 36, 5;
EXEC dbo.INSERT_ORDER_FOOD 122, 36, 2;
EXEC dbo.INSERT_ORDER_FOOD 118, 36, 2;
EXEC dbo.INSERT_ORDER_FOOD 453, 37, 4;
EXEC dbo.INSERT_ORDER_FOOD 344, 37, 2;
EXEC dbo.INSERT_ORDER_FOOD 12, 37, 1;
EXEC dbo.INSERT_ORDER_FOOD 197, 37, 3;
EXEC dbo.INSERT_ORDER_FOOD 85, 38, 1;
EXEC dbo.INSERT_ORDER_FOOD 453, 38, 2;
EXEC dbo.INSERT_ORDER_FOOD 27, 38, 4;
EXEC dbo.INSERT_ORDER_FOOD 404, 38, 5;
EXEC dbo.INSERT_ORDER_FOOD 118, 38, 5;
EXEC dbo.INSERT_ORDER_FOOD 305, 38, 4;
EXEC dbo.INSERT_ORDER_FOOD 524, 38, 2;
EXEC dbo.INSERT_ORDER_FOOD 344, 38, 5;
EXEC dbo.INSERT_ORDER_FOOD 305, 38, 4;
EXEC dbo.INSERT_ORDER_FOOD 38, 39, 1;
EXEC dbo.INSERT_ORDER_FOOD 324, 39, 2;
EXEC dbo.INSERT_ORDER_FOOD 429, 39, 4;
EXEC dbo.INSERT_ORDER_FOOD 401, 39, 3;
EXEC dbo.INSERT_ORDER_FOOD 572, 39, 3;
EXEC dbo.INSERT_ORDER_FOOD 574, 39, 1;
EXEC dbo.INSERT_ORDER_FOOD 229, 39, 1;
EXEC dbo.INSERT_ORDER_FOOD 497, 39, 5;
EXEC dbo.INSERT_ORDER_FOOD 269, 40, 1;
EXEC dbo.INSERT_ORDER_FOOD 249, 1, 2;
EXEC dbo.INSERT_ORDER_FOOD 177, 1, 2;
EXEC dbo.INSERT_ORDER_FOOD 259, 1, 3;
EXEC dbo.INSERT_ORDER_FOOD 435, 2, 1;
EXEC dbo.INSERT_ORDER_FOOD 182, 2, 5;
EXEC dbo.INSERT_ORDER_FOOD 365, 2, 5;
EXEC dbo.INSERT_ORDER_FOOD 249, 2, 3;
EXEC dbo.INSERT_ORDER_FOOD 63, 2, 5;
EXEC dbo.INSERT_ORDER_FOOD 280, 2, 2;
EXEC dbo.INSERT_ORDER_FOOD 182, 2, 1;
EXEC dbo.INSERT_ORDER_FOOD 227, 2, 4;
EXEC dbo.INSERT_ORDER_FOOD 462, 3, 4;
EXEC dbo.INSERT_ORDER_FOOD 185, 3, 1;
EXEC dbo.INSERT_ORDER_FOOD 456, 4, 2;
EXEC dbo.INSERT_ORDER_FOOD 549, 4, 5;
EXEC dbo.INSERT_ORDER_FOOD 442, 4, 1;
EXEC dbo.INSERT_ORDER_FOOD 422, 5, 3;
EXEC dbo.INSERT_ORDER_FOOD 549, 5, 1;
EXEC dbo.INSERT_ORDER_FOOD 111, 5, 1;
EXEC dbo.INSERT_ORDER_FOOD 20, 5, 1;
EXEC dbo.INSERT_ORDER_FOOD 185, 5, 5;
EXEC dbo.INSERT_ORDER_FOOD 52, 5, 5;
EXEC dbo.INSERT_ORDER_FOOD 280, 5, 5;
EXEC dbo.INSERT_ORDER_FOOD 20, 6, 3;
EXEC dbo.INSERT_ORDER_FOOD 227, 6, 1;
EXEC dbo.INSERT_ORDER_FOOD 63, 6, 1;
EXEC dbo.INSERT_ORDER_FOOD 316, 6, 2;
EXEC dbo.INSERT_ORDER_FOOD 91, 6, 2;
EXEC dbo.INSERT_ORDER_FOOD 422, 6, 4;
EXEC dbo.INSERT_ORDER_FOOD 20, 6, 2;
EXEC dbo.INSERT_ORDER_FOOD 270, 6, 5;
EXEC dbo.INSERT_ORDER_FOOD 462, 7, 4;
EXEC dbo.INSERT_ORDER_FOOD 353, 8, 2;
EXEC dbo.INSERT_ORDER_FOOD 111, 8, 5;
EXEC dbo.INSERT_ORDER_FOOD 374, 9, 5;
EXEC dbo.INSERT_ORDER_FOOD 22, 9, 4;
EXEC dbo.INSERT_ORDER_FOOD 330, 9, 3;
EXEC dbo.INSERT_ORDER_FOOD 496, 9, 2;
EXEC dbo.INSERT_ORDER_FOOD 460, 9, 2;
EXEC dbo.INSERT_ORDER_FOOD 456, 9, 1;
EXEC dbo.INSERT_ORDER_FOOD 353, 10, 3;
EXEC dbo.INSERT_ORDER_FOOD 52, 10, 4;
EXEC dbo.INSERT_ORDER_FOOD 249, 10, 4;
EXEC dbo.INSERT_ORDER_FOOD 353, 11, 3;
EXEC dbo.INSERT_ORDER_FOOD 63, 11, 3;
EXEC dbo.INSERT_ORDER_FOOD 505, 11, 4;
EXEC dbo.INSERT_ORDER_FOOD 365, 11, 3;
EXEC dbo.INSERT_ORDER_FOOD 479, 11, 1;
EXEC dbo.INSERT_ORDER_FOOD 270, 11, 4;
EXEC dbo.INSERT_ORDER_FOOD 348, 11, 2;
EXEC dbo.INSERT_ORDER_FOOD 182, 11, 3;
EXEC dbo.INSERT_ORDER_FOOD 452, 11, 2;
EXEC dbo.INSERT_ORDER_FOOD 452, 12, 3;
EXEC dbo.INSERT_ORDER_FOOD 22, 12, 5;
EXEC dbo.INSERT_ORDER_FOOD 330, 13, 5;
EXEC dbo.INSERT_ORDER_FOOD 52, 13, 5;
EXEC dbo.INSERT_ORDER_FOOD 422, 13, 4;
EXEC dbo.INSERT_ORDER_FOOD 479, 14, 5;
EXEC dbo.INSERT_ORDER_FOOD 22, 15, 2;
EXEC dbo.INSERT_ORDER_FOOD 549, 15, 5;
EXEC dbo.INSERT_ORDER_FOOD 365, 15, 4;
EXEC dbo.INSERT_ORDER_FOOD 330, 15, 4;
EXEC dbo.INSERT_ORDER_FOOD 182, 15, 4;
EXEC dbo.INSERT_ORDER_FOOD 350, 15, 1;
EXEC dbo.INSERT_ORDER_FOOD 348, 15, 2;
EXEC dbo.INSERT_ORDER_FOOD 477, 15, 3;
EXEC dbo.INSERT_ORDER_FOOD 381, 15, 3;
EXEC dbo.INSERT_ORDER_FOOD 549, 15, 1;
EXEC dbo.INSERT_ORDER_FOOD 142, 16, 3;
EXEC dbo.INSERT_ORDER_FOOD 477, 17, 3;
EXEC dbo.INSERT_ORDER_FOOD 52, 17, 1;
EXEC dbo.INSERT_ORDER_FOOD 280, 17, 4;
EXEC dbo.INSERT_ORDER_FOOD 316, 17, 2;
EXEC dbo.INSERT_ORDER_FOOD 477, 17, 1;
EXEC dbo.INSERT_ORDER_FOOD 52, 17, 4;
EXEC dbo.INSERT_ORDER_FOOD 462, 17, 2;
EXEC dbo.INSERT_ORDER_FOOD 442, 17, 2;
EXEC dbo.INSERT_ORDER_FOOD 330, 17, 3;
EXEC dbo.INSERT_ORDER_FOOD 456, 18, 2;
EXEC dbo.INSERT_ORDER_FOOD 177, 18, 5;
EXEC dbo.INSERT_ORDER_FOOD 142, 18, 2;
EXEC dbo.INSERT_ORDER_FOOD 177, 18, 5;
EXEC dbo.INSERT_ORDER_FOOD 22, 18, 5;
EXEC dbo.INSERT_ORDER_FOOD 52, 19, 1;
EXEC dbo.INSERT_ORDER_FOOD 549, 19, 3;
EXEC dbo.INSERT_ORDER_FOOD 111, 20, 2;
EXEC dbo.INSERT_ORDER_FOOD 182, 20, 1;
EXEC dbo.INSERT_ORDER_FOOD 350, 20, 1;
EXEC dbo.INSERT_ORDER_FOOD 456, 20, 2;
EXEC dbo.INSERT_ORDER_FOOD 381, 20, 2;
EXEC dbo.INSERT_ORDER_FOOD 477, 20, 3;
EXEC dbo.INSERT_ORDER_FOOD 549, 20, 5;
EXEC dbo.INSERT_ORDER_FOOD 284, 20, 2;
EXEC dbo.INSERT_ORDER_FOOD 374, 20, 3;
EXEC dbo.INSERT_ORDER_FOOD 22, 20, 4;
EXEC dbo.INSERT_ORDER_FOOD 477, 21, 2;
EXEC dbo.INSERT_ORDER_FOOD 462, 21, 4;
EXEC dbo.INSERT_ORDER_FOOD 381, 22, 2;
EXEC dbo.INSERT_ORDER_FOOD 353, 22, 4;
EXEC dbo.INSERT_ORDER_FOOD 381, 22, 1;
EXEC dbo.INSERT_ORDER_FOOD 452, 22, 2;
EXEC dbo.INSERT_ORDER_FOOD 227, 22, 5;
EXEC dbo.INSERT_ORDER_FOOD 177, 23, 5;
EXEC dbo.INSERT_ORDER_FOOD 462, 23, 1;
EXEC dbo.INSERT_ORDER_FOOD 365, 23, 5;
EXEC dbo.INSERT_ORDER_FOOD 63, 23, 2;
EXEC dbo.INSERT_ORDER_FOOD 365, 23, 4;
EXEC dbo.INSERT_ORDER_FOOD 20, 23, 4;
EXEC dbo.INSERT_ORDER_FOOD 462, 24, 4;
EXEC dbo.INSERT_ORDER_FOOD 442, 24, 2;
EXEC dbo.INSERT_ORDER_FOOD 227, 24, 5;
EXEC dbo.INSERT_ORDER_FOOD 22, 24, 1;
EXEC dbo.INSERT_ORDER_FOOD 348, 24, 5;
EXEC dbo.INSERT_ORDER_FOOD 422, 25, 2;
EXEC dbo.INSERT_ORDER_FOOD 381, 25, 2;
EXEC dbo.INSERT_ORDER_FOOD 442, 25, 5;
EXEC dbo.INSERT_ORDER_FOOD 34, 25, 5;
EXEC dbo.INSERT_ORDER_FOOD 365, 25, 4;
EXEC dbo.INSERT_ORDER_FOOD 505, 25, 4;
EXEC dbo.INSERT_ORDER_FOOD 270, 25, 4;
EXEC dbo.INSERT_ORDER_FOOD 330, 25, 4;
EXEC dbo.INSERT_ORDER_FOOD 34, 25, 3;
EXEC dbo.INSERT_ORDER_FOOD 91, 26, 1;
EXEC dbo.INSERT_ORDER_FOOD 496, 26, 3;
EXEC dbo.INSERT_ORDER_FOOD 52, 26, 2;
EXEC dbo.INSERT_ORDER_FOOD 452, 26, 5;
EXEC dbo.INSERT_ORDER_FOOD 350, 26, 1;
EXEC dbo.INSERT_ORDER_FOOD 460, 26, 3;
EXEC dbo.INSERT_ORDER_FOOD 348, 26, 4;
EXEC dbo.INSERT_ORDER_FOOD 316, 26, 3;
EXEC dbo.INSERT_ORDER_FOOD 496, 26, 5;
EXEC dbo.INSERT_ORDER_FOOD 284, 27, 3;
EXEC dbo.INSERT_ORDER_FOOD 91, 27, 3;
EXEC dbo.INSERT_ORDER_FOOD 330, 27, 2;
EXEC dbo.INSERT_ORDER_FOOD 227, 27, 4;
EXEC dbo.INSERT_ORDER_FOOD 422, 27, 2;
EXEC dbo.INSERT_ORDER_FOOD 496, 28, 2;
EXEC dbo.INSERT_ORDER_FOOD 549, 28, 2;
EXEC dbo.INSERT_ORDER_FOOD 316, 28, 3;
EXEC dbo.INSERT_ORDER_FOOD 330, 28, 3;
EXEC dbo.INSERT_ORDER_FOOD 20, 28, 3;
EXEC dbo.INSERT_ORDER_FOOD 353, 28, 5;
EXEC dbo.INSERT_ORDER_FOOD 462, 28, 4;
EXEC dbo.INSERT_ORDER_FOOD 316, 29, 2;
EXEC dbo.INSERT_ORDER_FOOD 365, 29, 2;
EXEC dbo.INSERT_ORDER_FOOD 294, 29, 3;
EXEC dbo.INSERT_ORDER_FOOD 479, 29, 4;
EXEC dbo.INSERT_ORDER_FOOD 460, 29, 5;
EXEC dbo.INSERT_ORDER_FOOD 353, 30, 3;
EXEC dbo.INSERT_ORDER_FOOD 505, 30, 1;
EXEC dbo.INSERT_ORDER_FOOD 63, 30, 2;
EXEC dbo.INSERT_ORDER_FOOD 477, 30, 3;
EXEC dbo.INSERT_ORDER_FOOD 20, 30, 4;
EXEC dbo.INSERT_ORDER_FOOD 462, 30, 4;
EXEC dbo.INSERT_ORDER_FOOD 249, 30, 3;
EXEC dbo.INSERT_ORDER_FOOD 549, 30, 1;
EXEC dbo.INSERT_ORDER_FOOD 22, 30, 1;
EXEC dbo.INSERT_ORDER_FOOD 365, 31, 2;
EXEC dbo.INSERT_ORDER_FOOD 350, 31, 2;
EXEC dbo.INSERT_ORDER_FOOD 381, 32, 3;
EXEC dbo.INSERT_ORDER_FOOD 462, 32, 3;
EXEC dbo.INSERT_ORDER_FOOD 294, 32, 4;
EXEC dbo.INSERT_ORDER_FOOD 442, 33, 2;
EXEC dbo.INSERT_ORDER_FOOD 177, 33, 3;
EXEC dbo.INSERT_ORDER_FOOD 462, 33, 2;
EXEC dbo.INSERT_ORDER_FOOD 330, 33, 4;
EXEC dbo.INSERT_ORDER_FOOD 142, 33, 5;
EXEC dbo.INSERT_ORDER_FOOD 374, 34, 4;
EXEC dbo.INSERT_ORDER_FOOD 249, 34, 4;
EXEC dbo.INSERT_ORDER_FOOD 549, 34, 2;
EXEC dbo.INSERT_ORDER_FOOD 505, 34, 1;
EXEC dbo.INSERT_ORDER_FOOD 270, 34, 4;
EXEC dbo.INSERT_ORDER_FOOD 259, 34, 1;
EXEC dbo.INSERT_ORDER_FOOD 91, 34, 4;
EXEC dbo.INSERT_ORDER_FOOD 227, 34, 4;
EXEC dbo.INSERT_ORDER_FOOD 479, 35, 5;
EXEC dbo.INSERT_ORDER_FOOD 452, 35, 5;
EXEC dbo.INSERT_ORDER_FOOD 422, 35, 3;
EXEC dbo.INSERT_ORDER_FOOD 294, 35, 1;
EXEC dbo.INSERT_ORDER_FOOD 185, 35, 1;
EXEC dbo.INSERT_ORDER_FOOD 505, 36, 1;
EXEC dbo.INSERT_ORDER_FOOD 52, 36, 1;
EXEC dbo.INSERT_ORDER_FOOD 294, 36, 1;
EXEC dbo.INSERT_ORDER_FOOD 365, 36, 1;
EXEC dbo.INSERT_ORDER_FOOD 442, 36, 4;
EXEC dbo.INSERT_ORDER_FOOD 462, 36, 3;
EXEC dbo.INSERT_ORDER_FOOD 280, 37, 3;
EXEC dbo.INSERT_ORDER_FOOD 456, 37, 5;
EXEC dbo.INSERT_ORDER_FOOD 381, 37, 4;
EXEC dbo.INSERT_ORDER_FOOD 185, 38, 5;
EXEC dbo.INSERT_ORDER_FOOD 227, 39, 2;
EXEC dbo.INSERT_ORDER_FOOD 227, 39, 2;
EXEC dbo.INSERT_ORDER_FOOD 456, 39, 1;
EXEC dbo.INSERT_ORDER_FOOD 442, 39, 2;
EXEC dbo.INSERT_ORDER_FOOD 22, 39, 4;
EXEC dbo.INSERT_ORDER_FOOD 374, 39, 5;
EXEC dbo.INSERT_ORDER_FOOD 435, 40, 3;
EXEC dbo.INSERT_ORDER_FOOD 374, 40, 1;
EXEC dbo.INSERT_ORDER_FOOD 259, 40, 3;
EXEC dbo.INSERT_ORDER_FOOD 20, 40, 2;
EXEC dbo.INSERT_ORDER_FOOD 177, 40, 1;
EXEC dbo.INSERT_ORDER_FOOD 34, 40, 5;
EXEC dbo.INSERT_ORDER_FOOD 551, 1, 5;
EXEC dbo.INSERT_ORDER_FOOD 547, 1, 2;
EXEC dbo.INSERT_ORDER_FOOD 537, 1, 3;
EXEC dbo.INSERT_ORDER_FOOD 137, 1, 4;
EXEC dbo.INSERT_ORDER_FOOD 313, 1, 4;
EXEC dbo.INSERT_ORDER_FOOD 212, 1, 1;
EXEC dbo.INSERT_ORDER_FOOD 289, 1, 5;
EXEC dbo.INSERT_ORDER_FOOD 181, 1, 3;
EXEC dbo.INSERT_ORDER_FOOD 267, 1, 2;
EXEC dbo.INSERT_ORDER_FOOD 551, 1, 1;
EXEC dbo.INSERT_ORDER_FOOD 346, 2, 5;
EXEC dbo.INSERT_ORDER_FOOD 597, 2, 3;
EXEC dbo.INSERT_ORDER_FOOD 313, 2, 1;
EXEC dbo.INSERT_ORDER_FOOD 256, 2, 5;
EXEC dbo.INSERT_ORDER_FOOD 130, 2, 3;
EXEC dbo.INSERT_ORDER_FOOD 206, 2, 1;
EXEC dbo.INSERT_ORDER_FOOD 425, 3, 2;
EXEC dbo.INSERT_ORDER_FOOD 485, 3, 2;
EXEC dbo.INSERT_ORDER_FOOD 212, 3, 5;
EXEC dbo.INSERT_ORDER_FOOD 108, 3, 3;
EXEC dbo.INSERT_ORDER_FOOD 597, 3, 1;
EXEC dbo.INSERT_ORDER_FOOD 283, 3, 3;
EXEC dbo.INSERT_ORDER_FOOD 267, 3, 5;
EXEC dbo.INSERT_ORDER_FOOD 212, 3, 1;
EXEC dbo.INSERT_ORDER_FOOD 346, 4, 1;
EXEC dbo.INSERT_ORDER_FOOD 346, 4, 2;
EXEC dbo.INSERT_ORDER_FOOD 137, 4, 5;
EXEC dbo.INSERT_ORDER_FOOD 33, 4, 3;
EXEC dbo.INSERT_ORDER_FOOD 33, 5, 1;
EXEC dbo.INSERT_ORDER_FOOD 32, 5, 1;
EXEC dbo.INSERT_ORDER_FOOD 206, 5, 2;
EXEC dbo.INSERT_ORDER_FOOD 597, 6, 5;
EXEC dbo.INSERT_ORDER_FOOD 144, 6, 4;
EXEC dbo.INSERT_ORDER_FOOD 235, 7, 4;
EXEC dbo.INSERT_ORDER_FOOD 32, 7, 2;
EXEC dbo.INSERT_ORDER_FOOD 495, 7, 4;
EXEC dbo.INSERT_ORDER_FOOD 289, 7, 3;
EXEC dbo.INSERT_ORDER_FOOD 2, 7, 4;
EXEC dbo.INSERT_ORDER_FOOD 299, 7, 1;
EXEC dbo.INSERT_ORDER_FOOD 137, 7, 5;
EXEC dbo.INSERT_ORDER_FOOD 425, 7, 1;
EXEC dbo.INSERT_ORDER_FOOD 346, 7, 5;
EXEC dbo.INSERT_ORDER_FOOD 230, 8, 5;
EXEC dbo.INSERT_ORDER_FOOD 206, 8, 5;
EXEC dbo.INSERT_ORDER_FOOD 283, 8, 3;
EXEC dbo.INSERT_ORDER_FOOD 267, 8, 4;
EXEC dbo.INSERT_ORDER_FOOD 189, 8, 2;
EXEC dbo.INSERT_ORDER_FOOD 375, 8, 2;
EXEC dbo.INSERT_ORDER_FOOD 189, 8, 3;
EXEC dbo.INSERT_ORDER_FOOD 594, 8, 1;
EXEC dbo.INSERT_ORDER_FOOD 233, 9, 3;
EXEC dbo.INSERT_ORDER_FOOD 206, 9, 5;
EXEC dbo.INSERT_ORDER_FOOD 32, 10, 2;
EXEC dbo.INSERT_ORDER_FOOD 206, 10, 1;
EXEC dbo.INSERT_ORDER_FOOD 375, 10, 3;
EXEC dbo.INSERT_ORDER_FOOD 283, 10, 1;
EXEC dbo.INSERT_ORDER_FOOD 144, 10, 4;
EXEC dbo.INSERT_ORDER_FOOD 547, 10, 5;
EXEC dbo.INSERT_ORDER_FOOD 289, 10, 1;
EXEC dbo.INSERT_ORDER_FOOD 343, 11, 3;
EXEC dbo.INSERT_ORDER_FOOD 256, 11, 1;
EXEC dbo.INSERT_ORDER_FOOD 144, 11, 1;
EXEC dbo.INSERT_ORDER_FOOD 283, 11, 2;
EXEC dbo.INSERT_ORDER_FOOD 33, 12, 2;
EXEC dbo.INSERT_ORDER_FOOD 495, 12, 4;
EXEC dbo.INSERT_ORDER_FOOD 80, 13, 4;
EXEC dbo.INSERT_ORDER_FOOD 299, 13, 1;
EXEC dbo.INSERT_ORDER_FOOD 230, 13, 1;
EXEC dbo.INSERT_ORDER_FOOD 594, 13, 3;
EXEC dbo.INSERT_ORDER_FOOD 233, 13, 1;
EXEC dbo.INSERT_ORDER_FOOD 130, 14, 4;
EXEC dbo.INSERT_ORDER_FOOD 313, 14, 1;
EXEC dbo.INSERT_ORDER_FOOD 343, 15, 4;
EXEC dbo.INSERT_ORDER_FOOD 586, 15, 3;
EXEC dbo.INSERT_ORDER_FOOD 206, 15, 2;
EXEC dbo.INSERT_ORDER_FOOD 33, 15, 4;
EXEC dbo.INSERT_ORDER_FOOD 586, 15, 5;
EXEC dbo.INSERT_ORDER_FOOD 495, 15, 3;
EXEC dbo.INSERT_ORDER_FOOD 313, 15, 2;
EXEC dbo.INSERT_ORDER_FOOD 189, 15, 3;
EXEC dbo.INSERT_ORDER_FOOD 283, 15, 1;
EXEC dbo.INSERT_ORDER_FOOD 230, 16, 3;
EXEC dbo.INSERT_ORDER_FOOD 375, 16, 1;
EXEC dbo.INSERT_ORDER_FOOD 343, 16, 3;
EXEC dbo.INSERT_ORDER_FOOD 485, 16, 2;
EXEC dbo.INSERT_ORDER_FOOD 33, 16, 4;
EXEC dbo.INSERT_ORDER_FOOD 485, 16, 5;
EXEC dbo.INSERT_ORDER_FOOD 2, 16, 4;
EXEC dbo.INSERT_ORDER_FOOD 299, 17, 1;
EXEC dbo.INSERT_ORDER_FOOD 144, 17, 5;
EXEC dbo.INSERT_ORDER_FOOD 137, 17, 2;
EXEC dbo.INSERT_ORDER_FOOD 230, 17, 3;
EXEC dbo.INSERT_ORDER_FOOD 485, 18, 4;
EXEC dbo.INSERT_ORDER_FOOD 144, 18, 4;
EXEC dbo.INSERT_ORDER_FOOD 75, 18, 5;
EXEC dbo.INSERT_ORDER_FOOD 230, 18, 5;
EXEC dbo.INSERT_ORDER_FOOD 299, 18, 3;
EXEC dbo.INSERT_ORDER_FOOD 343, 18, 2;
EXEC dbo.INSERT_ORDER_FOOD 537, 18, 5;
EXEC dbo.INSERT_ORDER_FOOD 44, 18, 4;
EXEC dbo.INSERT_ORDER_FOOD 217, 18, 1;
EXEC dbo.INSERT_ORDER_FOOD 233, 18, 2;
EXEC dbo.INSERT_ORDER_FOOD 32, 19, 1;
EXEC dbo.INSERT_ORDER_FOOD 33, 19, 1;
EXEC dbo.INSERT_ORDER_FOOD 267, 19, 2;
EXEC dbo.INSERT_ORDER_FOOD 233, 19, 2;
EXEC dbo.INSERT_ORDER_FOOD 551, 19, 5;
EXEC dbo.INSERT_ORDER_FOOD 594, 19, 3;
EXEC dbo.INSERT_ORDER_FOOD 44, 20, 5;
EXEC dbo.INSERT_ORDER_FOOD 32, 20, 4;
EXEC dbo.INSERT_ORDER_FOOD 309, 20, 2;
EXEC dbo.INSERT_ORDER_FOOD 485, 20, 3;
EXEC dbo.INSERT_ORDER_FOOD 108, 21, 3;
EXEC dbo.INSERT_ORDER_FOOD 75, 22, 5;
EXEC dbo.INSERT_ORDER_FOOD 181, 22, 3;
EXEC dbo.INSERT_ORDER_FOOD 75, 22, 3;
EXEC dbo.INSERT_ORDER_FOOD 299, 22, 2;
EXEC dbo.INSERT_ORDER_FOOD 495, 22, 4;
EXEC dbo.INSERT_ORDER_FOOD 144, 22, 4;
EXEC dbo.INSERT_ORDER_FOOD 44, 22, 5;
EXEC dbo.INSERT_ORDER_FOOD 343, 22, 1;
EXEC dbo.INSERT_ORDER_FOOD 206, 22, 5;
EXEC dbo.INSERT_ORDER_FOOD 309, 23, 1;
EXEC dbo.INSERT_ORDER_FOOD 230, 23, 4;
EXEC dbo.INSERT_ORDER_FOOD 551, 23, 1;
EXEC dbo.INSERT_ORDER_FOOD 387, 23, 1;
EXEC dbo.INSERT_ORDER_FOOD 495, 24, 1;
EXEC dbo.INSERT_ORDER_FOOD 217, 24, 2;
EXEC dbo.INSERT_ORDER_FOOD 597, 25, 5;
EXEC dbo.INSERT_ORDER_FOOD 485, 25, 1;
EXEC dbo.INSERT_ORDER_FOOD 425, 25, 3;
EXEC dbo.INSERT_ORDER_FOOD 597, 25, 1;
EXEC dbo.INSERT_ORDER_FOOD 92, 26, 1;
EXEC dbo.INSERT_ORDER_FOOD 256, 26, 1;
EXEC dbo.INSERT_ORDER_FOOD 597, 26, 1;
EXEC dbo.INSERT_ORDER_FOOD 597, 26, 2;
EXEC dbo.INSERT_ORDER_FOOD 343, 26, 2;
EXEC dbo.INSERT_ORDER_FOOD 283, 26, 3;
EXEC dbo.INSERT_ORDER_FOOD 33, 26, 4;
EXEC dbo.INSERT_ORDER_FOOD 212, 26, 4;
EXEC dbo.INSERT_ORDER_FOOD 33, 26, 1;
EXEC dbo.INSERT_ORDER_FOOD 217, 27, 2;
EXEC dbo.INSERT_ORDER_FOOD 32, 27, 1;
EXEC dbo.INSERT_ORDER_FOOD 594, 27, 2;
EXEC dbo.INSERT_ORDER_FOOD 217, 27, 4;
EXEC dbo.INSERT_ORDER_FOOD 108, 27, 3;
EXEC dbo.INSERT_ORDER_FOOD 108, 28, 3;
EXEC dbo.INSERT_ORDER_FOOD 537, 28, 2;
EXEC dbo.INSERT_ORDER_FOOD 551, 28, 1;
EXEC dbo.INSERT_ORDER_FOOD 92, 28, 1;
EXEC dbo.INSERT_ORDER_FOOD 313, 28, 2;
EXEC dbo.INSERT_ORDER_FOOD 485, 28, 5;
EXEC dbo.INSERT_ORDER_FOOD 309, 29, 4;
EXEC dbo.INSERT_ORDER_FOOD 33, 29, 3;
EXEC dbo.INSERT_ORDER_FOOD 130, 29, 1;
EXEC dbo.INSERT_ORDER_FOOD 586, 29, 1;
EXEC dbo.INSERT_ORDER_FOOD 206, 29, 4;
EXEC dbo.INSERT_ORDER_FOOD 181, 29, 5;
EXEC dbo.INSERT_ORDER_FOOD 375, 30, 1;
EXEC dbo.INSERT_ORDER_FOOD 346, 30, 5;
EXEC dbo.INSERT_ORDER_FOOD 256, 30, 4;
EXEC dbo.INSERT_ORDER_FOOD 495, 30, 5;
EXEC dbo.INSERT_ORDER_FOOD 267, 31, 4;
EXEC dbo.INSERT_ORDER_FOOD 137, 31, 3;
EXEC dbo.INSERT_ORDER_FOOD 235, 31, 3;
EXEC dbo.INSERT_ORDER_FOOD 387, 31, 1;
EXEC dbo.INSERT_ORDER_FOOD 346, 31, 1;
EXEC dbo.INSERT_ORDER_FOOD 256, 31, 5;
EXEC dbo.INSERT_ORDER_FOOD 313, 31, 1;
EXEC dbo.INSERT_ORDER_FOOD 425, 32, 4;
EXEC dbo.INSERT_ORDER_FOOD 80, 32, 1;
EXEC dbo.INSERT_ORDER_FOOD 485, 32, 4;
EXEC dbo.INSERT_ORDER_FOOD 181, 33, 3;
EXEC dbo.INSERT_ORDER_FOOD 586, 33, 4;
EXEC dbo.INSERT_ORDER_FOOD 586, 33, 3;
EXEC dbo.INSERT_ORDER_FOOD 206, 33, 3;
EXEC dbo.INSERT_ORDER_FOOD 343, 33, 2;
EXEC dbo.INSERT_ORDER_FOOD 537, 33, 3;
EXEC dbo.INSERT_ORDER_FOOD 44, 33, 3;
EXEC dbo.INSERT_ORDER_FOOD 233, 33, 5;
EXEC dbo.INSERT_ORDER_FOOD 108, 34, 3;
EXEC dbo.INSERT_ORDER_FOOD 537, 34, 1;
EXEC dbo.INSERT_ORDER_FOOD 144, 34, 1;
EXEC dbo.INSERT_ORDER_FOOD 144, 34, 2;
EXEC dbo.INSERT_ORDER_FOOD 230, 34, 4;
EXEC dbo.INSERT_ORDER_FOOD 256, 35, 4;
EXEC dbo.INSERT_ORDER_FOOD 594, 35, 3;
EXEC dbo.INSERT_ORDER_FOOD 144, 35, 5;
EXEC dbo.INSERT_ORDER_FOOD 346, 35, 5;
EXEC dbo.INSERT_ORDER_FOOD 267, 35, 1;
EXEC dbo.INSERT_ORDER_FOOD 495, 35, 1;
EXEC dbo.INSERT_ORDER_FOOD 346, 35, 2;
EXEC dbo.INSERT_ORDER_FOOD 217, 35, 1;
EXEC dbo.INSERT_ORDER_FOOD 267, 35, 3;
EXEC dbo.INSERT_ORDER_FOOD 375, 36, 2;
EXEC dbo.INSERT_ORDER_FOOD 80, 36, 1;
EXEC dbo.INSERT_ORDER_FOOD 500, 36, 2;
EXEC dbo.INSERT_ORDER_FOOD 267, 36, 5;
EXEC dbo.INSERT_ORDER_FOOD 597, 36, 2;
EXEC dbo.INSERT_ORDER_FOOD 92, 36, 4;
EXEC dbo.INSERT_ORDER_FOOD 597, 37, 5;
EXEC dbo.INSERT_ORDER_FOOD 267, 37, 1;
EXEC dbo.INSERT_ORDER_FOOD 537, 37, 4;
EXEC dbo.INSERT_ORDER_FOOD 130, 37, 3;
EXEC dbo.INSERT_ORDER_FOOD 283, 38, 3;
EXEC dbo.INSERT_ORDER_FOOD 189, 38, 2;
EXEC dbo.INSERT_ORDER_FOOD 233, 38, 5;
EXEC dbo.INSERT_ORDER_FOOD 32, 38, 5;
EXEC dbo.INSERT_ORDER_FOOD 537, 38, 3;
EXEC dbo.INSERT_ORDER_FOOD 75, 39, 1;
EXEC dbo.INSERT_ORDER_FOOD 230, 40, 3;
EXEC dbo.INSERT_ORDER_FOOD 375, 40, 5;
INSERT INTO ONLINE_ORDER (ID_Online, TimeOrder) VALUES (1, '12:07:28');
INSERT INTO ONLINE_ORDER (ID_Online, TimeOrder) VALUES (2, '22:34:14');
INSERT INTO ONLINE_ORDER (ID_Online, TimeOrder) VALUES (3, '13:42:56');
INSERT INTO ONLINE_ORDER (ID_Online, TimeOrder) VALUES (4, '06:30:22');
INSERT INTO ONLINE_ORDER (ID_Online, TimeOrder) VALUES (5, '20:54:05');
INSERT INTO ONLINE_ORDER (ID_Online, TimeOrder) VALUES (6, '15:55:10');
INSERT INTO ONLINE_ORDER (ID_Online, TimeOrder) VALUES (7, '20:31:08');
INSERT INTO ONLINE_ORDER (ID_Online, TimeOrder) VALUES (8, '21:17:27');
INSERT INTO ONLINE_ORDER (ID_Online, TimeOrder) VALUES (9, '07:25:04');
INSERT INTO ONLINE_ORDER (ID_Online, TimeOrder) VALUES (10, '03:42:12');
INSERT INTO ONLINE_ORDER (ID_Online, TimeOrder) VALUES (11, '04:45:47');
INSERT INTO ONLINE_ORDER (ID_Online, TimeOrder) VALUES (12, '12:55:37');
INSERT INTO ONLINE_ORDER (ID_Online, TimeOrder) VALUES (13, '12:19:02');
INSERT INTO ONLINE_ORDER (ID_Online, TimeOrder) VALUES (14, '18:52:10');
INSERT INTO ONLINE_ORDER (ID_Online, TimeOrder) VALUES (15, '14:22:03');
INSERT INTO ONLINE_ORDER (ID_Online, TimeOrder) VALUES (16, '20:24:37');
INSERT INTO ONLINE_ORDER (ID_Online, TimeOrder) VALUES (17, '01:31:47');
INSERT INTO ONLINE_ORDER (ID_Online, TimeOrder) VALUES (18, '00:33:47');
INSERT INTO ONLINE_ORDER (ID_Online, TimeOrder) VALUES (19, '11:13:23');
INSERT INTO ONLINE_ORDER (ID_Online, TimeOrder) VALUES (20, '19:17:06');
INSERT INTO ONLINE_ORDER (ID_Online, TimeOrder) VALUES (21, '22:56:00');
INSERT INTO ONLINE_ORDER (ID_Online, TimeOrder) VALUES (22, '06:21:37');
INSERT INTO ONLINE_ORDER (ID_Online, TimeOrder) VALUES (23, '10:01:12');
INSERT INTO ONLINE_ORDER (ID_Online, TimeOrder) VALUES (24, '22:27:55');
INSERT INTO ONLINE_ORDER (ID_Online, TimeOrder) VALUES (25, '08:51:26');
INSERT INTO ONLINE_ORDER (ID_Online, TimeOrder) VALUES (26, '04:16:03');
INSERT INTO ONLINE_ORDER (ID_Online, TimeOrder) VALUES (27, '10:00:16');
INSERT INTO ONLINE_ORDER (ID_Online, TimeOrder) VALUES (28, '11:14:10');
INSERT INTO ONLINE_ORDER (ID_Online, TimeOrder) VALUES (29, '17:11:58');
INSERT INTO ONLINE_ORDER (ID_Online, TimeOrder) VALUES (30, '03:10:18');
INSERT INTO ONLINE_ORDER (ID_Online, TimeOrder) VALUES (31, '14:41:50');
INSERT INTO RESERVATION_ORDER (ID_Reservation, ID_Table, ArrivalTime, NumberOfPeople, Notes) VALUES (7, 13, '14:40:13', 6, NULL);
INSERT INTO RESERVATION_ORDER (ID_Reservation, ID_Table, ArrivalTime, NumberOfPeople, Notes) VALUES (8, 24, '18:48:19', 7, NULL);
INSERT INTO RESERVATION_ORDER (ID_Reservation, ID_Table, ArrivalTime, NumberOfPeople, Notes) VALUES (9, 18, '12:10:52', 3, NULL);
INSERT INTO RESERVATION_ORDER (ID_Reservation, ID_Table, ArrivalTime, NumberOfPeople, Notes) VALUES (10, 15, '06:42:52', 5, NULL);
INSERT INTO RESERVATION_ORDER (ID_Reservation, ID_Table, ArrivalTime, NumberOfPeople, Notes) VALUES (11, 22, '08:14:30', 5, NULL);
INSERT INTO RESERVATION_ORDER (ID_Reservation, ID_Table, ArrivalTime, NumberOfPeople, Notes) VALUES (12, 3, '11:49:17', 2, NULL);
INSERT INTO RESERVATION_ORDER (ID_Reservation, ID_Table, ArrivalTime, NumberOfPeople, Notes) VALUES (13, 20, '11:47:32', 3, NULL);
INSERT INTO RESERVATION_ORDER (ID_Reservation, ID_Table, ArrivalTime, NumberOfPeople, Notes) VALUES (14, 26, '19:11:22', 8, NULL);
INSERT INTO RESERVATION_ORDER (ID_Reservation, ID_Table, ArrivalTime, NumberOfPeople, Notes) VALUES (15, 10, '21:48:10', 2, NULL);
INSERT INTO RESERVATION_ORDER (ID_Reservation, ID_Table, ArrivalTime, NumberOfPeople, Notes) VALUES (16, 23, '18:46:18', 6, NULL);
INSERT INTO RESERVATION_ORDER (ID_Reservation, ID_Table, ArrivalTime, NumberOfPeople, Notes) VALUES (17, 18, '00:34:09', 2, NULL);
INSERT INTO RESERVATION_ORDER (ID_Reservation, ID_Table, ArrivalTime, NumberOfPeople, Notes) VALUES (18, 20, '09:37:53', 1, NULL);
INSERT INTO RESERVATION_ORDER (ID_Reservation, ID_Table, ArrivalTime, NumberOfPeople, Notes) VALUES (19, 17, '00:15:27', 6, NULL);
INSERT INTO RESERVATION_ORDER (ID_Reservation, ID_Table, ArrivalTime, NumberOfPeople, Notes) VALUES (20, 21, '01:40:28', 2, NULL);
INSERT INTO RESERVATION_ORDER (ID_Reservation, ID_Table, ArrivalTime, NumberOfPeople, Notes) VALUES (21, 20, '01:14:32', 4, NULL);
INSERT INTO RESERVATION_ORDER (ID_Reservation, ID_Table, ArrivalTime, NumberOfPeople, Notes) VALUES (22, 15, '02:27:30', 3, NULL);
INSERT INTO RESERVATION_ORDER (ID_Reservation, ID_Table, ArrivalTime, NumberOfPeople, Notes) VALUES (23, 10, '16:00:01', 7, NULL);
INSERT INTO RESERVATION_ORDER (ID_Reservation, ID_Table, ArrivalTime, NumberOfPeople, Notes) VALUES (24, 12, '05:25:00', 8, NULL);
INSERT INTO RESERVATION_ORDER (ID_Reservation, ID_Table, ArrivalTime, NumberOfPeople, Notes) VALUES (25, 24, '21:35:05', 7, NULL);
INSERT INTO RESERVATION_ORDER (ID_Reservation, ID_Table, ArrivalTime, NumberOfPeople, Notes) VALUES (26, 24, '15:13:54', 1, NULL);
INSERT INTO RESERVATION_ORDER (ID_Reservation, ID_Table, ArrivalTime, NumberOfPeople, Notes) VALUES (27, 16, '04:05:26', 2, NULL);
INSERT INTO RESERVATION_ORDER (ID_Reservation, ID_Table, ArrivalTime, NumberOfPeople, Notes) VALUES (28, 14, '11:18:53', 4, NULL);
INSERT INTO RESERVATION_ORDER (ID_Reservation, ID_Table, ArrivalTime, NumberOfPeople, Notes) VALUES (29, 22, '22:49:52', 7, NULL);
INSERT INTO RESERVATION_ORDER (ID_Reservation, ID_Table, ArrivalTime, NumberOfPeople, Notes) VALUES (30, 18, '19:06:34', 1, NULL);
INSERT INTO RESERVATION_ORDER (ID_Reservation, ID_Table, ArrivalTime, NumberOfPeople, Notes) VALUES (31, 5, '15:06:34', 8, NULL);
INSERT INTO RESERVATION_ORDER (ID_Reservation, ID_Table, ArrivalTime, NumberOfPeople, Notes) VALUES (32, NULL, '16:37:35', 2, NULL);
INSERT INTO RESERVATION_ORDER (ID_Reservation, ID_Table, ArrivalTime, NumberOfPeople, Notes) VALUES (33, NULL, '20:17:08', 2, NULL);
INSERT INTO RESERVATION_ORDER (ID_Reservation, ID_Table, ArrivalTime, NumberOfPeople, Notes) VALUES (34, NULL, '18:35:59', 6, NULL);
INSERT INTO RESERVATION_ORDER (ID_Reservation, ID_Table, ArrivalTime, NumberOfPeople, Notes) VALUES (35, NULL, '12:48:46', 2, NULL);
INSERT INTO RESERVATION_ORDER (ID_Reservation, ID_Table, ArrivalTime, NumberOfPeople, Notes) VALUES (36, NULL, '01:22:52', 7, NULL);
INSERT INTO RESERVATION_ORDER (ID_Reservation, ID_Table, ArrivalTime, NumberOfPeople, Notes) VALUES (37, NULL, '18:42:53', 3, NULL);
INSERT INTO RESERVATION_ORDER (ID_Reservation, ID_Table, ArrivalTime, NumberOfPeople, Notes) VALUES (38, NULL, '21:15:10', 8, NULL);
INSERT INTO RESERVATION_ORDER (ID_Reservation, ID_Table, ArrivalTime, NumberOfPeople, Notes) VALUES (39, NULL, '08:01:50', 7, NULL);
INSERT INTO RESERVATION_ORDER (ID_Reservation, ID_Table, ArrivalTime, NumberOfPeople, Notes) VALUES (40, NULL, '05:19:24', 6, NULL);
INSERT INTO RESERVATION_ORDER (ID_Reservation, ID_Table, ArrivalTime, NumberOfPeople, Notes) VALUES (1, 29, '15:10:54', 6, NULL);
INSERT INTO RESERVATION_ORDER (ID_Reservation, ID_Table, ArrivalTime, NumberOfPeople, Notes) VALUES (2, 44, '11:46:45', 4, NULL);
INSERT INTO RESERVATION_ORDER (ID_Reservation, ID_Table, ArrivalTime, NumberOfPeople, Notes) VALUES (3, 49, '11:15:38', 7, NULL);
INSERT INTO RESERVATION_ORDER (ID_Reservation, ID_Table, ArrivalTime, NumberOfPeople, Notes) VALUES (4, 29, '07:53:27', 7, NULL);
INSERT INTO RESERVATION_ORDER (ID_Reservation, ID_Table, ArrivalTime, NumberOfPeople, Notes) VALUES (5, 49, '19:03:17', 1, NULL);
INSERT INTO RESERVATION_ORDER (ID_Reservation, ID_Table, ArrivalTime, NumberOfPeople, Notes) VALUES (6, 35, '08:20:10', 5, NULL);
INSERT INTO RESERVATION_ORDER (ID_Reservation, ID_Table, ArrivalTime, NumberOfPeople, Notes) VALUES (7, 29, '14:58:03', 5, NULL);
INSERT INTO RESERVATION_ORDER (ID_Reservation, ID_Table, ArrivalTime, NumberOfPeople, Notes) VALUES (8, 43, '17:51:23', 5, NULL);
INSERT INTO RESERVATION_ORDER (ID_Reservation, ID_Table, ArrivalTime, NumberOfPeople, Notes) VALUES (9, 42, '20:02:11', 8, NULL);
INSERT INTO RESERVATION_ORDER (ID_Reservation, ID_Table, ArrivalTime, NumberOfPeople, Notes) VALUES (10, 43, '23:00:53', 5, NULL);
INSERT INTO RESERVATION_ORDER (ID_Reservation, ID_Table, ArrivalTime, NumberOfPeople, Notes) VALUES (11, 47, '00:15:11', 3, NULL);
INSERT INTO RESERVATION_ORDER (ID_Reservation, ID_Table, ArrivalTime, NumberOfPeople, Notes) VALUES (12, 49, '01:43:17', 7, NULL);
INSERT INTO RESERVATION_ORDER (ID_Reservation, ID_Table, ArrivalTime, NumberOfPeople, Notes) VALUES (13, 29, '11:58:09', 6, NULL);
INSERT INTO RESERVATION_ORDER (ID_Reservation, ID_Table, ArrivalTime, NumberOfPeople, Notes) VALUES (14, 39, '06:51:11', 6, NULL);
INSERT INTO RESERVATION_ORDER (ID_Reservation, ID_Table, ArrivalTime, NumberOfPeople, Notes) VALUES (15, 45, '19:39:39', 6, NULL);
INSERT INTO RESERVATION_ORDER (ID_Reservation, ID_Table, ArrivalTime, NumberOfPeople, Notes) VALUES (16, 43, '23:35:51', 1, NULL);
INSERT INTO RESERVATION_ORDER (ID_Reservation, ID_Table, ArrivalTime, NumberOfPeople, Notes) VALUES (17, 47, '15:12:06', 2, NULL);
INSERT INTO RESERVATION_ORDER (ID_Reservation, ID_Table, ArrivalTime, NumberOfPeople, Notes) VALUES (18, 38, '12:40:02', 1, NULL);
INSERT INTO RESERVATION_ORDER (ID_Reservation, ID_Table, ArrivalTime, NumberOfPeople, Notes) VALUES (19, 34, '03:13:31', 2, NULL);
INSERT INTO RESERVATION_ORDER (ID_Reservation, ID_Table, ArrivalTime, NumberOfPeople, Notes) VALUES (20, 47, '12:34:01', 4, NULL);
INSERT INTO RESERVATION_ORDER (ID_Reservation, ID_Table, ArrivalTime, NumberOfPeople, Notes) VALUES (21, 33, '01:13:56', 1, NULL);
INSERT INTO RESERVATION_ORDER (ID_Reservation, ID_Table, ArrivalTime, NumberOfPeople, Notes) VALUES (22, 42, '08:40:12', 5, NULL);
INSERT INTO RESERVATION_ORDER (ID_Reservation, ID_Table, ArrivalTime, NumberOfPeople, Notes) VALUES (23, 31, '10:06:58', 7, NULL);
INSERT INTO RESERVATION_ORDER (ID_Reservation, ID_Table, ArrivalTime, NumberOfPeople, Notes) VALUES (24, 34, '07:40:48', 6, NULL);
INSERT INTO RESERVATION_ORDER (ID_Reservation, ID_Table, ArrivalTime, NumberOfPeople, Notes) VALUES (25, 39, '16:15:07', 3, NULL);
INSERT INTO RESERVATION_ORDER (ID_Reservation, ID_Table, ArrivalTime, NumberOfPeople, Notes) VALUES (26, 38, '12:34:46', 6, NULL);
INSERT INTO RESERVATION_ORDER (ID_Reservation, ID_Table, ArrivalTime, NumberOfPeople, Notes) VALUES (27, 37, '18:07:01', 4, NULL);
INSERT INTO RESERVATION_ORDER (ID_Reservation, ID_Table, ArrivalTime, NumberOfPeople, Notes) VALUES (28, 47, '08:35:52', 1, NULL);
INSERT INTO RESERVATION_ORDER (ID_Reservation, ID_Table, ArrivalTime, NumberOfPeople, Notes) VALUES (29, 36, '02:47:02', 7, NULL);
INSERT INTO RESERVATION_ORDER (ID_Reservation, ID_Table, ArrivalTime, NumberOfPeople, Notes) VALUES (30, 48, '20:48:35', 5, NULL);
INSERT INTO RESERVATION_ORDER (ID_Reservation, ID_Table, ArrivalTime, NumberOfPeople, Notes) VALUES (31, 39, '13:04:19', 7, NULL);
INSERT INTO RESERVATION_ORDER (ID_Reservation, ID_Table, ArrivalTime, NumberOfPeople, Notes) VALUES (32, NULL, '06:59:01', 4, NULL);
INSERT INTO RESERVATION_ORDER (ID_Reservation, ID_Table, ArrivalTime, NumberOfPeople, Notes) VALUES (33, NULL, '03:00:49', 2, NULL);
INSERT INTO RESERVATION_ORDER (ID_Reservation, ID_Table, ArrivalTime, NumberOfPeople, Notes) VALUES (34, NULL, '19:03:55', 4, NULL);
INSERT INTO RESERVATION_ORDER (ID_Reservation, ID_Table, ArrivalTime, NumberOfPeople, Notes) VALUES (35, NULL, '05:52:17', 6, NULL);
INSERT INTO RESERVATION_ORDER (ID_Reservation, ID_Table, ArrivalTime, NumberOfPeople, Notes) VALUES (36, NULL, '14:36:21', 1, NULL);
INSERT INTO RESERVATION_ORDER (ID_Reservation, ID_Table, ArrivalTime, NumberOfPeople, Notes) VALUES (37, NULL, '18:06:14', 4, NULL);
INSERT INTO RESERVATION_ORDER (ID_Reservation, ID_Table, ArrivalTime, NumberOfPeople, Notes) VALUES (38, NULL, '04:25:27', 5, NULL);
INSERT INTO RESERVATION_ORDER (ID_Reservation, ID_Table, ArrivalTime, NumberOfPeople, Notes) VALUES (39, NULL, '08:54:50', 3, NULL);
INSERT INTO RESERVATION_ORDER (ID_Reservation, ID_Table, ArrivalTime, NumberOfPeople, Notes) VALUES (40, NULL, '21:28:47', 5, NULL);
INSERT INTO RESERVATION_ORDER (ID_Reservation, ID_Table, ArrivalTime, NumberOfPeople, Notes) VALUES (1, 74, '21:41:11', 3, NULL);
INSERT INTO RESERVATION_ORDER (ID_Reservation, ID_Table, ArrivalTime, NumberOfPeople, Notes) VALUES (2, 65, '16:44:46', 4, NULL);
INSERT INTO RESERVATION_ORDER (ID_Reservation, ID_Table, ArrivalTime, NumberOfPeople, Notes) VALUES (3, 63, '19:03:45', 4, NULL);
INSERT INTO RESERVATION_ORDER (ID_Reservation, ID_Table, ArrivalTime, NumberOfPeople, Notes) VALUES (4, 69, '05:12:31', 2, NULL);
INSERT INTO RESERVATION_ORDER (ID_Reservation, ID_Table, ArrivalTime, NumberOfPeople, Notes) VALUES (5, 53, '07:58:00', 6, NULL);
INSERT INTO RESERVATION_ORDER (ID_Reservation, ID_Table, ArrivalTime, NumberOfPeople, Notes) VALUES (6, 69, '06:37:46', 5, NULL);
INSERT INTO RESERVATION_ORDER (ID_Reservation, ID_Table, ArrivalTime, NumberOfPeople, Notes) VALUES (7, 61, '11:41:31', 6, NULL);
INSERT INTO RESERVATION_ORDER (ID_Reservation, ID_Table, ArrivalTime, NumberOfPeople, Notes) VALUES (8, 52, '15:59:46', 1, NULL);
INSERT INTO RESERVATION_ORDER (ID_Reservation, ID_Table, ArrivalTime, NumberOfPeople, Notes) VALUES (9, 67, '07:31:07', 5, NULL);
INSERT INTO RESERVATION_ORDER (ID_Reservation, ID_Table, ArrivalTime, NumberOfPeople, Notes) VALUES (10, 64, '17:09:02', 7, NULL);
INSERT INTO RESERVATION_ORDER (ID_Reservation, ID_Table, ArrivalTime, NumberOfPeople, Notes) VALUES (11, 71, '09:19:17', 7, NULL);
INSERT INTO RESERVATION_ORDER (ID_Reservation, ID_Table, ArrivalTime, NumberOfPeople, Notes) VALUES (12, 68, '05:42:30', 1, NULL);
INSERT INTO RESERVATION_ORDER (ID_Reservation, ID_Table, ArrivalTime, NumberOfPeople, Notes) VALUES (13, 57, '02:03:47', 3, NULL);
INSERT INTO RESERVATION_ORDER (ID_Reservation, ID_Table, ArrivalTime, NumberOfPeople, Notes) VALUES (14, 58, '16:52:49', 6, NULL);
INSERT INTO RESERVATION_ORDER (ID_Reservation, ID_Table, ArrivalTime, NumberOfPeople, Notes) VALUES (15, 60, '15:54:59', 1, NULL);
INSERT INTO RESERVATION_ORDER (ID_Reservation, ID_Table, ArrivalTime, NumberOfPeople, Notes) VALUES (16, 57, '02:18:59', 1, NULL);
INSERT INTO RESERVATION_ORDER (ID_Reservation, ID_Table, ArrivalTime, NumberOfPeople, Notes) VALUES (17, 61, '15:14:58', 3, NULL);
INSERT INTO RESERVATION_ORDER (ID_Reservation, ID_Table, ArrivalTime, NumberOfPeople, Notes) VALUES (18, 72, '19:09:00', 5, NULL);
INSERT INTO RESERVATION_ORDER (ID_Reservation, ID_Table, ArrivalTime, NumberOfPeople, Notes) VALUES (19, 69, '05:46:45', 3, NULL);
INSERT INTO RESERVATION_ORDER (ID_Reservation, ID_Table, ArrivalTime, NumberOfPeople, Notes) VALUES (20, 53, '15:33:37', 6, NULL);
INSERT INTO RESERVATION_ORDER (ID_Reservation, ID_Table, ArrivalTime, NumberOfPeople, Notes) VALUES (21, 71, '05:29:57', 4, NULL);
INSERT INTO RESERVATION_ORDER (ID_Reservation, ID_Table, ArrivalTime, NumberOfPeople, Notes) VALUES (22, 53, '09:33:17', 6, NULL);
INSERT INTO RESERVATION_ORDER (ID_Reservation, ID_Table, ArrivalTime, NumberOfPeople, Notes) VALUES (23, 59, '07:05:12', 6, NULL);
INSERT INTO RESERVATION_ORDER (ID_Reservation, ID_Table, ArrivalTime, NumberOfPeople, Notes) VALUES (24, 62, '13:39:48', 7, NULL);
INSERT INTO RESERVATION_ORDER (ID_Reservation, ID_Table, ArrivalTime, NumberOfPeople, Notes) VALUES (25, 51, '23:53:43', 3, NULL);
INSERT INTO RESERVATION_ORDER (ID_Reservation, ID_Table, ArrivalTime, NumberOfPeople, Notes) VALUES (26, 55, '00:36:42', 3, NULL);
INSERT INTO RESERVATION_ORDER (ID_Reservation, ID_Table, ArrivalTime, NumberOfPeople, Notes) VALUES (27, 70, '05:54:31', 3, NULL);
INSERT INTO RESERVATION_ORDER (ID_Reservation, ID_Table, ArrivalTime, NumberOfPeople, Notes) VALUES (28, 67, '00:36:07', 2, NULL);
INSERT INTO RESERVATION_ORDER (ID_Reservation, ID_Table, ArrivalTime, NumberOfPeople, Notes) VALUES (29, 66, '02:57:00', 6, NULL);
INSERT INTO RESERVATION_ORDER (ID_Reservation, ID_Table, ArrivalTime, NumberOfPeople, Notes) VALUES (30, 70, '20:11:18', 8, NULL);
INSERT INTO RESERVATION_ORDER (ID_Reservation, ID_Table, ArrivalTime, NumberOfPeople, Notes) VALUES (31, 59, '23:15:23', 8, NULL);
INSERT INTO RESERVATION_ORDER (ID_Reservation, ID_Table, ArrivalTime, NumberOfPeople, Notes) VALUES (32, NULL, '09:13:29', 1, NULL);
INSERT INTO RESERVATION_ORDER (ID_Reservation, ID_Table, ArrivalTime, NumberOfPeople, Notes) VALUES (33, NULL, '12:10:03', 3, NULL);
INSERT INTO RESERVATION_ORDER (ID_Reservation, ID_Table, ArrivalTime, NumberOfPeople, Notes) VALUES (34, NULL, '01:06:23', 5, NULL);
INSERT INTO RESERVATION_ORDER (ID_Reservation, ID_Table, ArrivalTime, NumberOfPeople, Notes) VALUES (35, NULL, '04:41:06', 2, NULL);
INSERT INTO RESERVATION_ORDER (ID_Reservation, ID_Table, ArrivalTime, NumberOfPeople, Notes) VALUES (36, NULL, '01:30:34', 8, NULL);
INSERT INTO RESERVATION_ORDER (ID_Reservation, ID_Table, ArrivalTime, NumberOfPeople, Notes) VALUES (37, NULL, '17:46:47', 4, NULL);
INSERT INTO RESERVATION_ORDER (ID_Reservation, ID_Table, ArrivalTime, NumberOfPeople, Notes) VALUES (38, NULL, '21:41:42', 8, NULL);
INSERT INTO RESERVATION_ORDER (ID_Reservation, ID_Table, ArrivalTime, NumberOfPeople, Notes) VALUES (39, NULL, '20:49:51', 7, NULL);
INSERT INTO RESERVATION_ORDER (ID_Reservation, ID_Table, ArrivalTime, NumberOfPeople, Notes) VALUES (40, NULL, '13:58:55', 5, NULL);
INSERT INTO RESERVATION_ORDER (ID_Reservation, ID_Table, ArrivalTime, NumberOfPeople, Notes) VALUES (1, 75, '19:57:44', 6, NULL);
INSERT INTO RESERVATION_ORDER (ID_Reservation, ID_Table, ArrivalTime, NumberOfPeople, Notes) VALUES (2, 89, '04:01:25', 2, NULL);
INSERT INTO RESERVATION_ORDER (ID_Reservation, ID_Table, ArrivalTime, NumberOfPeople, Notes) VALUES (3, 77, '20:51:56', 1, NULL);
INSERT INTO RESERVATION_ORDER (ID_Reservation, ID_Table, ArrivalTime, NumberOfPeople, Notes) VALUES (4, 94, '09:44:57', 5, NULL);
INSERT INTO RESERVATION_ORDER (ID_Reservation, ID_Table, ArrivalTime, NumberOfPeople, Notes) VALUES (5, 94, '21:09:37', 2, NULL);
INSERT INTO RESERVATION_ORDER (ID_Reservation, ID_Table, ArrivalTime, NumberOfPeople, Notes) VALUES (6, 86, '02:59:06', 2, NULL);
INSERT INTO RESERVATION_ORDER (ID_Reservation, ID_Table, ArrivalTime, NumberOfPeople, Notes) VALUES (7, 94, '23:50:25', 3, NULL);
INSERT INTO RESERVATION_ORDER (ID_Reservation, ID_Table, ArrivalTime, NumberOfPeople, Notes) VALUES (8, 75, '19:18:56', 7, NULL);
INSERT INTO RESERVATION_ORDER (ID_Reservation, ID_Table, ArrivalTime, NumberOfPeople, Notes) VALUES (9, 101, '08:52:45', 1, NULL);
INSERT INTO RESERVATION_ORDER (ID_Reservation, ID_Table, ArrivalTime, NumberOfPeople, Notes) VALUES (10, 87, '16:08:50', 2, NULL);
INSERT INTO RESERVATION_ORDER (ID_Reservation, ID_Table, ArrivalTime, NumberOfPeople, Notes) VALUES (11, 99, '19:29:43', 5, NULL);
INSERT INTO RESERVATION_ORDER (ID_Reservation, ID_Table, ArrivalTime, NumberOfPeople, Notes) VALUES (12, 95, '02:27:14', 4, NULL);
INSERT INTO RESERVATION_ORDER (ID_Reservation, ID_Table, ArrivalTime, NumberOfPeople, Notes) VALUES (13, 91, '00:03:36', 4, NULL);
INSERT INTO RESERVATION_ORDER (ID_Reservation, ID_Table, ArrivalTime, NumberOfPeople, Notes) VALUES (14, 100, '13:42:56', 1, NULL);
INSERT INTO RESERVATION_ORDER (ID_Reservation, ID_Table, ArrivalTime, NumberOfPeople, Notes) VALUES (15, 85, '12:15:25', 3, NULL);
INSERT INTO RESERVATION_ORDER (ID_Reservation, ID_Table, ArrivalTime, NumberOfPeople, Notes) VALUES (16, 90, '19:44:34', 1, NULL);
INSERT INTO RESERVATION_ORDER (ID_Reservation, ID_Table, ArrivalTime, NumberOfPeople, Notes) VALUES (17, 94, '16:49:57', 4, NULL);
INSERT INTO RESERVATION_ORDER (ID_Reservation, ID_Table, ArrivalTime, NumberOfPeople, Notes) VALUES (18, 84, '21:09:03', 6, NULL);
INSERT INTO RESERVATION_ORDER (ID_Reservation, ID_Table, ArrivalTime, NumberOfPeople, Notes) VALUES (19, 76, '18:58:36', 2, NULL);
INSERT INTO RESERVATION_ORDER (ID_Reservation, ID_Table, ArrivalTime, NumberOfPeople, Notes) VALUES (20, 96, '17:30:05', 2, NULL);
INSERT INTO RESERVATION_ORDER (ID_Reservation, ID_Table, ArrivalTime, NumberOfPeople, Notes) VALUES (21, 91, '14:43:44', 4, NULL);
INSERT INTO RESERVATION_ORDER (ID_Reservation, ID_Table, ArrivalTime, NumberOfPeople, Notes) VALUES (22, 85, '02:42:09', 1, NULL);
INSERT INTO RESERVATION_ORDER (ID_Reservation, ID_Table, ArrivalTime, NumberOfPeople, Notes) VALUES (23, 104, '22:31:31', 2, NULL);
INSERT INTO RESERVATION_ORDER (ID_Reservation, ID_Table, ArrivalTime, NumberOfPeople, Notes) VALUES (24, 91, '21:28:33', 1, NULL);
INSERT INTO RESERVATION_ORDER (ID_Reservation, ID_Table, ArrivalTime, NumberOfPeople, Notes) VALUES (25, 90, '18:21:53', 7, NULL);
INSERT INTO RESERVATION_ORDER (ID_Reservation, ID_Table, ArrivalTime, NumberOfPeople, Notes) VALUES (26, 80, '05:42:15', 7, NULL);
INSERT INTO RESERVATION_ORDER (ID_Reservation, ID_Table, ArrivalTime, NumberOfPeople, Notes) VALUES (27, 90, '03:22:50', 5, NULL);
INSERT INTO RESERVATION_ORDER (ID_Reservation, ID_Table, ArrivalTime, NumberOfPeople, Notes) VALUES (28, 104, '15:26:08', 3, NULL);
INSERT INTO RESERVATION_ORDER (ID_Reservation, ID_Table, ArrivalTime, NumberOfPeople, Notes) VALUES (29, 91, '01:58:27', 8, NULL);
INSERT INTO RESERVATION_ORDER (ID_Reservation, ID_Table, ArrivalTime, NumberOfPeople, Notes) VALUES (30, 103, '19:16:56', 6, NULL);
INSERT INTO RESERVATION_ORDER (ID_Reservation, ID_Table, ArrivalTime, NumberOfPeople, Notes) VALUES (31, 90, '20:35:43', 4, NULL);
INSERT INTO RESERVATION_ORDER (ID_Reservation, ID_Table, ArrivalTime, NumberOfPeople, Notes) VALUES (32, NULL, '07:34:38', 7, NULL);
INSERT INTO RESERVATION_ORDER (ID_Reservation, ID_Table, ArrivalTime, NumberOfPeople, Notes) VALUES (33, NULL, '15:02:00', 6, NULL);
INSERT INTO RESERVATION_ORDER (ID_Reservation, ID_Table, ArrivalTime, NumberOfPeople, Notes) VALUES (34, NULL, '19:31:09', 6, NULL);
INSERT INTO RESERVATION_ORDER (ID_Reservation, ID_Table, ArrivalTime, NumberOfPeople, Notes) VALUES (35, NULL, '09:16:59', 1, NULL);
INSERT INTO RESERVATION_ORDER (ID_Reservation, ID_Table, ArrivalTime, NumberOfPeople, Notes) VALUES (36, NULL, '13:06:40', 8, NULL);
INSERT INTO RESERVATION_ORDER (ID_Reservation, ID_Table, ArrivalTime, NumberOfPeople, Notes) VALUES (37, NULL, '22:35:49', 5, NULL);
INSERT INTO RESERVATION_ORDER (ID_Reservation, ID_Table, ArrivalTime, NumberOfPeople, Notes) VALUES (38, NULL, '12:50:20', 8, NULL);
INSERT INTO RESERVATION_ORDER (ID_Reservation, ID_Table, ArrivalTime, NumberOfPeople, Notes) VALUES (39, NULL, '05:39:04', 8, NULL);
INSERT INTO RESERVATION_ORDER (ID_Reservation, ID_Table, ArrivalTime, NumberOfPeople, Notes) VALUES (40, NULL, '11:15:54', 7, NULL);
INSERT INTO RESERVATION_ORDER (ID_Reservation, ID_Table, ArrivalTime, NumberOfPeople, Notes) VALUES (1, 112, '16:35:40', 6, NULL);
INSERT INTO RESERVATION_ORDER (ID_Reservation, ID_Table, ArrivalTime, NumberOfPeople, Notes) VALUES (2, 120, '08:10:27', 7, NULL);
INSERT INTO RESERVATION_ORDER (ID_Reservation, ID_Table, ArrivalTime, NumberOfPeople, Notes) VALUES (3, 110, '02:59:24', 6, NULL);
INSERT INTO RESERVATION_ORDER (ID_Reservation, ID_Table, ArrivalTime, NumberOfPeople, Notes) VALUES (4, 124, '21:26:10', 5, NULL);
INSERT INTO RESERVATION_ORDER (ID_Reservation, ID_Table, ArrivalTime, NumberOfPeople, Notes) VALUES (5, 126, '12:33:56', 3, NULL);
INSERT INTO RESERVATION_ORDER (ID_Reservation, ID_Table, ArrivalTime, NumberOfPeople, Notes) VALUES (6, 129, '23:10:48', 6, NULL);
INSERT INTO RESERVATION_ORDER (ID_Reservation, ID_Table, ArrivalTime, NumberOfPeople, Notes) VALUES (7, 113, '12:23:53', 6, NULL);
INSERT INTO RESERVATION_ORDER (ID_Reservation, ID_Table, ArrivalTime, NumberOfPeople, Notes) VALUES (8, 125, '04:59:46', 5, NULL);
INSERT INTO RESERVATION_ORDER (ID_Reservation, ID_Table, ArrivalTime, NumberOfPeople, Notes) VALUES (9, 117, '05:58:53', 2, NULL);
INSERT INTO RESERVATION_ORDER (ID_Reservation, ID_Table, ArrivalTime, NumberOfPeople, Notes) VALUES (10, 107, '05:10:11', 3, NULL);
INSERT INTO RESERVATION_ORDER (ID_Reservation, ID_Table, ArrivalTime, NumberOfPeople, Notes) VALUES (11, 115, '11:49:39', 4, NULL);
INSERT INTO RESERVATION_ORDER (ID_Reservation, ID_Table, ArrivalTime, NumberOfPeople, Notes) VALUES (12, 108, '15:37:37', 1, NULL);
INSERT INTO RESERVATION_ORDER (ID_Reservation, ID_Table, ArrivalTime, NumberOfPeople, Notes) VALUES (13, 130, '10:28:17', 6, NULL);
INSERT INTO RESERVATION_ORDER (ID_Reservation, ID_Table, ArrivalTime, NumberOfPeople, Notes) VALUES (14, 122, '13:04:52', 7, NULL);
INSERT INTO RESERVATION_ORDER (ID_Reservation, ID_Table, ArrivalTime, NumberOfPeople, Notes) VALUES (15, 116, '03:42:45', 2, NULL);
INSERT INTO RESERVATION_ORDER (ID_Reservation, ID_Table, ArrivalTime, NumberOfPeople, Notes) VALUES (16, 107, '03:49:57', 2, NULL);
INSERT INTO RESERVATION_ORDER (ID_Reservation, ID_Table, ArrivalTime, NumberOfPeople, Notes) VALUES (17, 108, '01:18:30', 5, NULL);
INSERT INTO RESERVATION_ORDER (ID_Reservation, ID_Table, ArrivalTime, NumberOfPeople, Notes) VALUES (18, 130, '13:26:51', 2, NULL);
INSERT INTO RESERVATION_ORDER (ID_Reservation, ID_Table, ArrivalTime, NumberOfPeople, Notes) VALUES (19, 115, '04:59:54', 1, NULL);
INSERT INTO RESERVATION_ORDER (ID_Reservation, ID_Table, ArrivalTime, NumberOfPeople, Notes) VALUES (20, 110, '19:39:16', 3, NULL);
INSERT INTO RESERVATION_ORDER (ID_Reservation, ID_Table, ArrivalTime, NumberOfPeople, Notes) VALUES (21, 126, '02:37:47', 4, NULL);
INSERT INTO RESERVATION_ORDER (ID_Reservation, ID_Table, ArrivalTime, NumberOfPeople, Notes) VALUES (22, 128, '18:15:47', 4, NULL);
INSERT INTO RESERVATION_ORDER (ID_Reservation, ID_Table, ArrivalTime, NumberOfPeople, Notes) VALUES (23, 127, '03:10:02', 4, NULL);
INSERT INTO RESERVATION_ORDER (ID_Reservation, ID_Table, ArrivalTime, NumberOfPeople, Notes) VALUES (24, 110, '06:43:38', 3, NULL);
INSERT INTO RESERVATION_ORDER (ID_Reservation, ID_Table, ArrivalTime, NumberOfPeople, Notes) VALUES (25, 122, '04:49:47', 3, NULL);
INSERT INTO RESERVATION_ORDER (ID_Reservation, ID_Table, ArrivalTime, NumberOfPeople, Notes) VALUES (26, 122, '16:42:37', 5, NULL);
INSERT INTO RESERVATION_ORDER (ID_Reservation, ID_Table, ArrivalTime, NumberOfPeople, Notes) VALUES (27, 128, '18:26:51', 8, NULL);
INSERT INTO RESERVATION_ORDER (ID_Reservation, ID_Table, ArrivalTime, NumberOfPeople, Notes) VALUES (28, 129, '20:31:27', 3, NULL);
INSERT INTO RESERVATION_ORDER (ID_Reservation, ID_Table, ArrivalTime, NumberOfPeople, Notes) VALUES (29, 125, '23:40:19', 5, NULL);
INSERT INTO RESERVATION_ORDER (ID_Reservation, ID_Table, ArrivalTime, NumberOfPeople, Notes) VALUES (30, 122, '06:26:25', 6, NULL);
INSERT INTO RESERVATION_ORDER (ID_Reservation, ID_Table, ArrivalTime, NumberOfPeople, Notes) VALUES (31, 122, '18:25:26', 3, NULL);
INSERT INTO RESERVATION_ORDER (ID_Reservation, ID_Table, ArrivalTime, NumberOfPeople, Notes) VALUES (32, NULL, '06:11:51', 4, NULL);
INSERT INTO RESERVATION_ORDER (ID_Reservation, ID_Table, ArrivalTime, NumberOfPeople, Notes) VALUES (33, NULL, '02:27:08', 6, NULL);
INSERT INTO RESERVATION_ORDER (ID_Reservation, ID_Table, ArrivalTime, NumberOfPeople, Notes) VALUES (34, NULL, '02:35:46', 8, NULL);
INSERT INTO RESERVATION_ORDER (ID_Reservation, ID_Table, ArrivalTime, NumberOfPeople, Notes) VALUES (35, NULL, '18:31:34', 2, NULL);
INSERT INTO RESERVATION_ORDER (ID_Reservation, ID_Table, ArrivalTime, NumberOfPeople, Notes) VALUES (36, NULL, '16:29:19', 4, NULL);
INSERT INTO RESERVATION_ORDER (ID_Reservation, ID_Table, ArrivalTime, NumberOfPeople, Notes) VALUES (37, NULL, '17:38:51', 4, NULL);
INSERT INTO RESERVATION_ORDER (ID_Reservation, ID_Table, ArrivalTime, NumberOfPeople, Notes) VALUES (38, NULL, '19:39:33', 1, NULL);
INSERT INTO RESERVATION_ORDER (ID_Reservation, ID_Table, ArrivalTime, NumberOfPeople, Notes) VALUES (39, NULL, '10:20:52', 8, NULL);
INSERT INTO RESERVATION_ORDER (ID_Reservation, ID_Table, ArrivalTime, NumberOfPeople, Notes) VALUES (40, NULL, '05:14:00', 2, NULL);
INSERT INTO RESERVATION_ORDER (ID_Reservation, ID_Table, ArrivalTime, NumberOfPeople, Notes) VALUES (1, 151, '18:08:41', 7, NULL);
INSERT INTO RESERVATION_ORDER (ID_Reservation, ID_Table, ArrivalTime, NumberOfPeople, Notes) VALUES (2, 154, '15:33:54', 2, NULL);
INSERT INTO RESERVATION_ORDER (ID_Reservation, ID_Table, ArrivalTime, NumberOfPeople, Notes) VALUES (3, 151, '07:49:50', 4, NULL);
INSERT INTO RESERVATION_ORDER (ID_Reservation, ID_Table, ArrivalTime, NumberOfPeople, Notes) VALUES (4, 151, '04:41:05', 3, NULL);
INSERT INTO RESERVATION_ORDER (ID_Reservation, ID_Table, ArrivalTime, NumberOfPeople, Notes) VALUES (5, 155, '22:04:44', 7, NULL);
INSERT INTO RESERVATION_ORDER (ID_Reservation, ID_Table, ArrivalTime, NumberOfPeople, Notes) VALUES (6, 140, '18:23:34', 3, NULL);
INSERT INTO RESERVATION_ORDER (ID_Reservation, ID_Table, ArrivalTime, NumberOfPeople, Notes) VALUES (7, 155, '00:10:01', 5, NULL);
INSERT INTO RESERVATION_ORDER (ID_Reservation, ID_Table, ArrivalTime, NumberOfPeople, Notes) VALUES (8, 160, '04:58:54', 1, NULL);
INSERT INTO RESERVATION_ORDER (ID_Reservation, ID_Table, ArrivalTime, NumberOfPeople, Notes) VALUES (9, 144, '05:02:27', 8, NULL);
INSERT INTO RESERVATION_ORDER (ID_Reservation, ID_Table, ArrivalTime, NumberOfPeople, Notes) VALUES (10, 156, '06:29:41', 5, NULL);
INSERT INTO RESERVATION_ORDER (ID_Reservation, ID_Table, ArrivalTime, NumberOfPeople, Notes) VALUES (11, 152, '07:38:07', 5, NULL);
INSERT INTO RESERVATION_ORDER (ID_Reservation, ID_Table, ArrivalTime, NumberOfPeople, Notes) VALUES (12, 143, '09:43:30', 8, NULL);
INSERT INTO RESERVATION_ORDER (ID_Reservation, ID_Table, ArrivalTime, NumberOfPeople, Notes) VALUES (13, 141, '09:21:44', 2, NULL);
INSERT INTO RESERVATION_ORDER (ID_Reservation, ID_Table, ArrivalTime, NumberOfPeople, Notes) VALUES (14, 132, '09:50:25', 2, NULL);
INSERT INTO RESERVATION_ORDER (ID_Reservation, ID_Table, ArrivalTime, NumberOfPeople, Notes) VALUES (15, 131, '16:49:59', 1, NULL);
INSERT INTO RESERVATION_ORDER (ID_Reservation, ID_Table, ArrivalTime, NumberOfPeople, Notes) VALUES (16, 136, '10:14:52', 4, NULL);
INSERT INTO RESERVATION_ORDER (ID_Reservation, ID_Table, ArrivalTime, NumberOfPeople, Notes) VALUES (17, 152, '21:14:22', 6, NULL);
INSERT INTO RESERVATION_ORDER (ID_Reservation, ID_Table, ArrivalTime, NumberOfPeople, Notes) VALUES (18, 154, '04:53:15', 6, NULL);
INSERT INTO RESERVATION_ORDER (ID_Reservation, ID_Table, ArrivalTime, NumberOfPeople, Notes) VALUES (19, 133, '10:18:17', 3, NULL);
INSERT INTO RESERVATION_ORDER (ID_Reservation, ID_Table, ArrivalTime, NumberOfPeople, Notes) VALUES (20, 146, '20:09:08', 7, NULL);
INSERT INTO RESERVATION_ORDER (ID_Reservation, ID_Table, ArrivalTime, NumberOfPeople, Notes) VALUES (21, 143, '09:39:03', 3, NULL);
INSERT INTO RESERVATION_ORDER (ID_Reservation, ID_Table, ArrivalTime, NumberOfPeople, Notes) VALUES (22, 136, '15:58:39', 1, NULL);
INSERT INTO RESERVATION_ORDER (ID_Reservation, ID_Table, ArrivalTime, NumberOfPeople, Notes) VALUES (23, 138, '21:57:36', 8, NULL);
INSERT INTO RESERVATION_ORDER (ID_Reservation, ID_Table, ArrivalTime, NumberOfPeople, Notes) VALUES (24, 135, '14:40:20', 5, NULL);
INSERT INTO RESERVATION_ORDER (ID_Reservation, ID_Table, ArrivalTime, NumberOfPeople, Notes) VALUES (25, 140, '09:44:59', 3, NULL);
INSERT INTO RESERVATION_ORDER (ID_Reservation, ID_Table, ArrivalTime, NumberOfPeople, Notes) VALUES (26, 135, '01:26:29', 2, NULL);
INSERT INTO RESERVATION_ORDER (ID_Reservation, ID_Table, ArrivalTime, NumberOfPeople, Notes) VALUES (27, 149, '03:56:23', 6, NULL);
INSERT INTO RESERVATION_ORDER (ID_Reservation, ID_Table, ArrivalTime, NumberOfPeople, Notes) VALUES (28, 159, '03:57:51', 4, NULL);
INSERT INTO RESERVATION_ORDER (ID_Reservation, ID_Table, ArrivalTime, NumberOfPeople, Notes) VALUES (29, 131, '21:25:02', 6, NULL);
INSERT INTO RESERVATION_ORDER (ID_Reservation, ID_Table, ArrivalTime, NumberOfPeople, Notes) VALUES (30, 131, '11:08:40', 7, NULL);
INSERT INTO RESERVATION_ORDER (ID_Reservation, ID_Table, ArrivalTime, NumberOfPeople, Notes) VALUES (31, 131, '07:27:40', 7, NULL);
INSERT INTO RESERVATION_ORDER (ID_Reservation, ID_Table, ArrivalTime, NumberOfPeople, Notes) VALUES (32, NULL, '10:21:39', 3, NULL);
INSERT INTO RESERVATION_ORDER (ID_Reservation, ID_Table, ArrivalTime, NumberOfPeople, Notes) VALUES (33, NULL, '23:49:44', 1, NULL);
INSERT INTO RESERVATION_ORDER (ID_Reservation, ID_Table, ArrivalTime, NumberOfPeople, Notes) VALUES (34, NULL, '00:19:57', 8, NULL);
INSERT INTO RESERVATION_ORDER (ID_Reservation, ID_Table, ArrivalTime, NumberOfPeople, Notes) VALUES (35, NULL, '07:28:34', 4, NULL);
INSERT INTO RESERVATION_ORDER (ID_Reservation, ID_Table, ArrivalTime, NumberOfPeople, Notes) VALUES (36, NULL, '18:48:10', 7, NULL);
INSERT INTO RESERVATION_ORDER (ID_Reservation, ID_Table, ArrivalTime, NumberOfPeople, Notes) VALUES (37, NULL, '12:03:30', 7, NULL);
INSERT INTO RESERVATION_ORDER (ID_Reservation, ID_Table, ArrivalTime, NumberOfPeople, Notes) VALUES (38, NULL, '22:46:20', 1, NULL);
INSERT INTO RESERVATION_ORDER (ID_Reservation, ID_Table, ArrivalTime, NumberOfPeople, Notes) VALUES (39, NULL, '16:13:40', 4, NULL);
INSERT INTO RESERVATION_ORDER (ID_Reservation, ID_Table, ArrivalTime, NumberOfPeople, Notes) VALUES (40, NULL, '18:53:40', 1, NULL);
INSERT INTO RESERVATION_ORDER (ID_Reservation, ID_Table, ArrivalTime, NumberOfPeople, Notes) VALUES (1, 183, '23:44:07', 4, NULL);
INSERT INTO RESERVATION_ORDER (ID_Reservation, ID_Table, ArrivalTime, NumberOfPeople, Notes) VALUES (2, 177, '17:31:09', 4, NULL);
INSERT INTO RESERVATION_ORDER (ID_Reservation, ID_Table, ArrivalTime, NumberOfPeople, Notes) VALUES (3, 188, '04:30:44', 5, NULL);
INSERT INTO RESERVATION_ORDER (ID_Reservation, ID_Table, ArrivalTime, NumberOfPeople, Notes) VALUES (4, 186, '07:20:36', 5, NULL);
INSERT INTO RESERVATION_ORDER (ID_Reservation, ID_Table, ArrivalTime, NumberOfPeople, Notes) VALUES (5, 187, '04:14:00', 2, NULL);
INSERT INTO RESERVATION_ORDER (ID_Reservation, ID_Table, ArrivalTime, NumberOfPeople, Notes) VALUES (6, 172, '12:54:57', 1, NULL);
INSERT INTO RESERVATION_ORDER (ID_Reservation, ID_Table, ArrivalTime, NumberOfPeople, Notes) VALUES (7, 182, '10:22:07', 6, NULL);
INSERT INTO RESERVATION_ORDER (ID_Reservation, ID_Table, ArrivalTime, NumberOfPeople, Notes) VALUES (8, 180, '08:41:19', 6, NULL);
INSERT INTO RESERVATION_ORDER (ID_Reservation, ID_Table, ArrivalTime, NumberOfPeople, Notes) VALUES (9, 187, '11:22:35', 8, NULL);
INSERT INTO RESERVATION_ORDER (ID_Reservation, ID_Table, ArrivalTime, NumberOfPeople, Notes) VALUES (10, 168, '14:10:35', 5, NULL);
INSERT INTO RESERVATION_ORDER (ID_Reservation, ID_Table, ArrivalTime, NumberOfPeople, Notes) VALUES (11, 190, '14:36:25', 1, NULL);
INSERT INTO RESERVATION_ORDER (ID_Reservation, ID_Table, ArrivalTime, NumberOfPeople, Notes) VALUES (12, 182, '07:19:08', 3, NULL);
INSERT INTO RESERVATION_ORDER (ID_Reservation, ID_Table, ArrivalTime, NumberOfPeople, Notes) VALUES (13, 181, '16:04:16', 3, NULL);
INSERT INTO RESERVATION_ORDER (ID_Reservation, ID_Table, ArrivalTime, NumberOfPeople, Notes) VALUES (14, 164, '21:07:46', 4, NULL);
INSERT INTO RESERVATION_ORDER (ID_Reservation, ID_Table, ArrivalTime, NumberOfPeople, Notes) VALUES (15, 179, '15:52:42', 4, NULL);
INSERT INTO RESERVATION_ORDER (ID_Reservation, ID_Table, ArrivalTime, NumberOfPeople, Notes) VALUES (16, 178, '21:47:28', 6, NULL);
INSERT INTO RESERVATION_ORDER (ID_Reservation, ID_Table, ArrivalTime, NumberOfPeople, Notes) VALUES (17, 166, '01:00:52', 1, NULL);
INSERT INTO RESERVATION_ORDER (ID_Reservation, ID_Table, ArrivalTime, NumberOfPeople, Notes) VALUES (18, 167, '13:28:39', 7, NULL);
INSERT INTO RESERVATION_ORDER (ID_Reservation, ID_Table, ArrivalTime, NumberOfPeople, Notes) VALUES (19, 185, '11:57:49', 8, NULL);
INSERT INTO RESERVATION_ORDER (ID_Reservation, ID_Table, ArrivalTime, NumberOfPeople, Notes) VALUES (20, 184, '02:41:07', 6, NULL);
INSERT INTO RESERVATION_ORDER (ID_Reservation, ID_Table, ArrivalTime, NumberOfPeople, Notes) VALUES (21, 165, '14:56:21', 6, NULL);
INSERT INTO RESERVATION_ORDER (ID_Reservation, ID_Table, ArrivalTime, NumberOfPeople, Notes) VALUES (22, 163, '23:44:48', 4, NULL);
INSERT INTO RESERVATION_ORDER (ID_Reservation, ID_Table, ArrivalTime, NumberOfPeople, Notes) VALUES (23, 168, '07:26:04', 1, NULL);
INSERT INTO RESERVATION_ORDER (ID_Reservation, ID_Table, ArrivalTime, NumberOfPeople, Notes) VALUES (24, 180, '03:28:40', 8, NULL);
INSERT INTO RESERVATION_ORDER (ID_Reservation, ID_Table, ArrivalTime, NumberOfPeople, Notes) VALUES (25, 166, '09:11:25', 1, NULL);
INSERT INTO RESERVATION_ORDER (ID_Reservation, ID_Table, ArrivalTime, NumberOfPeople, Notes) VALUES (26, 183, '22:29:23', 1, NULL);
INSERT INTO RESERVATION_ORDER (ID_Reservation, ID_Table, ArrivalTime, NumberOfPeople, Notes) VALUES (27, 177, '23:20:09', 2, NULL);
INSERT INTO RESERVATION_ORDER (ID_Reservation, ID_Table, ArrivalTime, NumberOfPeople, Notes) VALUES (28, 184, '18:14:18', 7, NULL);
INSERT INTO RESERVATION_ORDER (ID_Reservation, ID_Table, ArrivalTime, NumberOfPeople, Notes) VALUES (29, 171, '07:02:25', 3, NULL);
INSERT INTO RESERVATION_ORDER (ID_Reservation, ID_Table, ArrivalTime, NumberOfPeople, Notes) VALUES (30, 167, '21:37:26', 5, NULL);
INSERT INTO RESERVATION_ORDER (ID_Reservation, ID_Table, ArrivalTime, NumberOfPeople, Notes) VALUES (31, 190, '03:55:21', 4, NULL);
INSERT INTO RESERVATION_ORDER (ID_Reservation, ID_Table, ArrivalTime, NumberOfPeople, Notes) VALUES (32, NULL, '12:28:49', 2, NULL);
INSERT INTO RESERVATION_ORDER (ID_Reservation, ID_Table, ArrivalTime, NumberOfPeople, Notes) VALUES (33, NULL, '16:05:08', 3, NULL);
INSERT INTO RESERVATION_ORDER (ID_Reservation, ID_Table, ArrivalTime, NumberOfPeople, Notes) VALUES (34, NULL, '12:13:46', 4, NULL);
INSERT INTO RESERVATION_ORDER (ID_Reservation, ID_Table, ArrivalTime, NumberOfPeople, Notes) VALUES (35, NULL, '19:35:23', 3, NULL);
INSERT INTO RESERVATION_ORDER (ID_Reservation, ID_Table, ArrivalTime, NumberOfPeople, Notes) VALUES (36, NULL, '04:18:52', 2, NULL);
INSERT INTO RESERVATION_ORDER (ID_Reservation, ID_Table, ArrivalTime, NumberOfPeople, Notes) VALUES (37, NULL, '05:59:02', 6, NULL);
INSERT INTO RESERVATION_ORDER (ID_Reservation, ID_Table, ArrivalTime, NumberOfPeople, Notes) VALUES (38, NULL, '00:03:24', 3, NULL);
INSERT INTO RESERVATION_ORDER (ID_Reservation, ID_Table, ArrivalTime, NumberOfPeople, Notes) VALUES (39, NULL, '13:54:25', 3, NULL);
INSERT INTO RESERVATION_ORDER (ID_Reservation, ID_Table, ArrivalTime, NumberOfPeople, Notes) VALUES (40, NULL, '11:17:08', 2, NULL);
INSERT INTO RESERVATION_ORDER (ID_Reservation, ID_Table, ArrivalTime, NumberOfPeople, Notes) VALUES (1, 211, '07:02:55', 7, NULL);
INSERT INTO RESERVATION_ORDER (ID_Reservation, ID_Table, ArrivalTime, NumberOfPeople, Notes) VALUES (2, 206, '08:18:24', 5, NULL);
INSERT INTO RESERVATION_ORDER (ID_Reservation, ID_Table, ArrivalTime, NumberOfPeople, Notes) VALUES (3, 191, '02:14:06', 3, NULL);
INSERT INTO RESERVATION_ORDER (ID_Reservation, ID_Table, ArrivalTime, NumberOfPeople, Notes) VALUES (4, 211, '07:21:06', 4, NULL);
INSERT INTO RESERVATION_ORDER (ID_Reservation, ID_Table, ArrivalTime, NumberOfPeople, Notes) VALUES (5, 203, '18:44:20', 6, NULL);
INSERT INTO RESERVATION_ORDER (ID_Reservation, ID_Table, ArrivalTime, NumberOfPeople, Notes) VALUES (6, 208, '01:40:11', 1, NULL);
INSERT INTO RESERVATION_ORDER (ID_Reservation, ID_Table, ArrivalTime, NumberOfPeople, Notes) VALUES (7, 199, '09:18:29', 7, NULL);
INSERT INTO RESERVATION_ORDER (ID_Reservation, ID_Table, ArrivalTime, NumberOfPeople, Notes) VALUES (8, 206, '15:58:56', 6, NULL);
INSERT INTO RESERVATION_ORDER (ID_Reservation, ID_Table, ArrivalTime, NumberOfPeople, Notes) VALUES (9, 208, '17:30:23', 3, NULL);
INSERT INTO RESERVATION_ORDER (ID_Reservation, ID_Table, ArrivalTime, NumberOfPeople, Notes) VALUES (10, 210, '00:21:35', 5, NULL);
INSERT INTO RESERVATION_ORDER (ID_Reservation, ID_Table, ArrivalTime, NumberOfPeople, Notes) VALUES (11, 197, '17:18:43', 4, NULL);
INSERT INTO RESERVATION_ORDER (ID_Reservation, ID_Table, ArrivalTime, NumberOfPeople, Notes) VALUES (12, 204, '11:33:28', 7, NULL);
INSERT INTO RESERVATION_ORDER (ID_Reservation, ID_Table, ArrivalTime, NumberOfPeople, Notes) VALUES (13, 194, '06:42:23', 4, NULL);
INSERT INTO RESERVATION_ORDER (ID_Reservation, ID_Table, ArrivalTime, NumberOfPeople, Notes) VALUES (14, 211, '15:42:17', 2, NULL);
INSERT INTO RESERVATION_ORDER (ID_Reservation, ID_Table, ArrivalTime, NumberOfPeople, Notes) VALUES (15, 199, '18:11:12', 6, NULL);
INSERT INTO RESERVATION_ORDER (ID_Reservation, ID_Table, ArrivalTime, NumberOfPeople, Notes) VALUES (16, 210, '06:28:57', 5, NULL);
INSERT INTO RESERVATION_ORDER (ID_Reservation, ID_Table, ArrivalTime, NumberOfPeople, Notes) VALUES (17, 205, '19:31:39', 1, NULL);
INSERT INTO RESERVATION_ORDER (ID_Reservation, ID_Table, ArrivalTime, NumberOfPeople, Notes) VALUES (18, 207, '13:06:03', 2, NULL);
INSERT INTO RESERVATION_ORDER (ID_Reservation, ID_Table, ArrivalTime, NumberOfPeople, Notes) VALUES (19, 193, '23:40:43', 3, NULL);
INSERT INTO RESERVATION_ORDER (ID_Reservation, ID_Table, ArrivalTime, NumberOfPeople, Notes) VALUES (20, 210, '00:49:19', 4, NULL);
INSERT INTO RESERVATION_ORDER (ID_Reservation, ID_Table, ArrivalTime, NumberOfPeople, Notes) VALUES (21, 198, '07:54:54', 1, NULL);
INSERT INTO RESERVATION_ORDER (ID_Reservation, ID_Table, ArrivalTime, NumberOfPeople, Notes) VALUES (22, 199, '20:40:30', 8, NULL);
INSERT INTO RESERVATION_ORDER (ID_Reservation, ID_Table, ArrivalTime, NumberOfPeople, Notes) VALUES (23, 191, '20:20:07', 6, NULL);
INSERT INTO RESERVATION_ORDER (ID_Reservation, ID_Table, ArrivalTime, NumberOfPeople, Notes) VALUES (24, 199, '04:25:23', 3, NULL);
INSERT INTO RESERVATION_ORDER (ID_Reservation, ID_Table, ArrivalTime, NumberOfPeople, Notes) VALUES (25, 211, '17:21:37', 2, NULL);
INSERT INTO RESERVATION_ORDER (ID_Reservation, ID_Table, ArrivalTime, NumberOfPeople, Notes) VALUES (26, 207, '18:06:31', 1, NULL);
INSERT INTO RESERVATION_ORDER (ID_Reservation, ID_Table, ArrivalTime, NumberOfPeople, Notes) VALUES (27, 203, '19:22:18', 2, NULL);
INSERT INTO RESERVATION_ORDER (ID_Reservation, ID_Table, ArrivalTime, NumberOfPeople, Notes) VALUES (28, 204, '01:21:25', 8, NULL);
INSERT INTO RESERVATION_ORDER (ID_Reservation, ID_Table, ArrivalTime, NumberOfPeople, Notes) VALUES (29, 200, '16:23:17', 6, NULL);
INSERT INTO RESERVATION_ORDER (ID_Reservation, ID_Table, ArrivalTime, NumberOfPeople, Notes) VALUES (30, 211, '05:44:40', 8, NULL);
INSERT INTO RESERVATION_ORDER (ID_Reservation, ID_Table, ArrivalTime, NumberOfPeople, Notes) VALUES (31, 204, '19:58:06', 7, NULL);
INSERT INTO RESERVATION_ORDER (ID_Reservation, ID_Table, ArrivalTime, NumberOfPeople, Notes) VALUES (32, NULL, '17:04:37', 8, NULL);
INSERT INTO RESERVATION_ORDER (ID_Reservation, ID_Table, ArrivalTime, NumberOfPeople, Notes) VALUES (33, NULL, '07:45:19', 8, NULL);
INSERT INTO RESERVATION_ORDER (ID_Reservation, ID_Table, ArrivalTime, NumberOfPeople, Notes) VALUES (34, NULL, '04:19:30', 2, NULL);
INSERT INTO RESERVATION_ORDER (ID_Reservation, ID_Table, ArrivalTime, NumberOfPeople, Notes) VALUES (35, NULL, '02:19:56', 2, NULL);
INSERT INTO RESERVATION_ORDER (ID_Reservation, ID_Table, ArrivalTime, NumberOfPeople, Notes) VALUES (36, NULL, '02:18:32', 1, NULL);
INSERT INTO RESERVATION_ORDER (ID_Reservation, ID_Table, ArrivalTime, NumberOfPeople, Notes) VALUES (37, NULL, '01:38:19', 5, NULL);
INSERT INTO RESERVATION_ORDER (ID_Reservation, ID_Table, ArrivalTime, NumberOfPeople, Notes) VALUES (38, NULL, '12:00:36', 8, NULL);
INSERT INTO RESERVATION_ORDER (ID_Reservation, ID_Table, ArrivalTime, NumberOfPeople, Notes) VALUES (39, NULL, '00:39:58', 7, NULL);
INSERT INTO RESERVATION_ORDER (ID_Reservation, ID_Table, ArrivalTime, NumberOfPeople, Notes) VALUES (40, NULL, '09:32:11', 2, NULL);
INSERT INTO RESERVATION_ORDER (ID_Reservation, ID_Table, ArrivalTime, NumberOfPeople, Notes) VALUES (1, 223, '03:07:22', 3, NULL);
INSERT INTO RESERVATION_ORDER (ID_Reservation, ID_Table, ArrivalTime, NumberOfPeople, Notes) VALUES (2, 225, '20:52:26', 5, NULL);
INSERT INTO RESERVATION_ORDER (ID_Reservation, ID_Table, ArrivalTime, NumberOfPeople, Notes) VALUES (3, 231, '20:06:35', 5, NULL);
INSERT INTO RESERVATION_ORDER (ID_Reservation, ID_Table, ArrivalTime, NumberOfPeople, Notes) VALUES (4, 233, '22:44:18', 6, NULL);
INSERT INTO RESERVATION_ORDER (ID_Reservation, ID_Table, ArrivalTime, NumberOfPeople, Notes) VALUES (5, 232, '16:28:54', 1, NULL);
INSERT INTO RESERVATION_ORDER (ID_Reservation, ID_Table, ArrivalTime, NumberOfPeople, Notes) VALUES (6, 212, '07:31:04', 8, NULL);
INSERT INTO RESERVATION_ORDER (ID_Reservation, ID_Table, ArrivalTime, NumberOfPeople, Notes) VALUES (7, 222, '10:58:19', 8, NULL);
INSERT INTO RESERVATION_ORDER (ID_Reservation, ID_Table, ArrivalTime, NumberOfPeople, Notes) VALUES (8, 218, '16:22:29', 6, NULL);
INSERT INTO RESERVATION_ORDER (ID_Reservation, ID_Table, ArrivalTime, NumberOfPeople, Notes) VALUES (9, 235, '18:40:42', 8, NULL);
INSERT INTO RESERVATION_ORDER (ID_Reservation, ID_Table, ArrivalTime, NumberOfPeople, Notes) VALUES (10, 230, '19:03:12', 1, NULL);
INSERT INTO RESERVATION_ORDER (ID_Reservation, ID_Table, ArrivalTime, NumberOfPeople, Notes) VALUES (11, 217, '06:32:35', 7, NULL);
INSERT INTO RESERVATION_ORDER (ID_Reservation, ID_Table, ArrivalTime, NumberOfPeople, Notes) VALUES (12, 231, '15:02:17', 5, NULL);
INSERT INTO RESERVATION_ORDER (ID_Reservation, ID_Table, ArrivalTime, NumberOfPeople, Notes) VALUES (13, 229, '11:20:25', 2, NULL);
INSERT INTO RESERVATION_ORDER (ID_Reservation, ID_Table, ArrivalTime, NumberOfPeople, Notes) VALUES (14, 236, '07:19:45', 6, NULL);
INSERT INTO RESERVATION_ORDER (ID_Reservation, ID_Table, ArrivalTime, NumberOfPeople, Notes) VALUES (15, 223, '05:05:45', 4, NULL);
INSERT INTO RESERVATION_ORDER (ID_Reservation, ID_Table, ArrivalTime, NumberOfPeople, Notes) VALUES (16, 237, '09:46:11', 7, NULL);
INSERT INTO RESERVATION_ORDER (ID_Reservation, ID_Table, ArrivalTime, NumberOfPeople, Notes) VALUES (17, 225, '14:10:16', 3, NULL);
INSERT INTO RESERVATION_ORDER (ID_Reservation, ID_Table, ArrivalTime, NumberOfPeople, Notes) VALUES (18, 226, '14:32:54', 3, NULL);
INSERT INTO RESERVATION_ORDER (ID_Reservation, ID_Table, ArrivalTime, NumberOfPeople, Notes) VALUES (19, 214, '20:47:38', 5, NULL);
INSERT INTO RESERVATION_ORDER (ID_Reservation, ID_Table, ArrivalTime, NumberOfPeople, Notes) VALUES (20, 217, '15:32:00', 7, NULL);
INSERT INTO RESERVATION_ORDER (ID_Reservation, ID_Table, ArrivalTime, NumberOfPeople, Notes) VALUES (21, 223, '20:11:33', 4, NULL);
INSERT INTO RESERVATION_ORDER (ID_Reservation, ID_Table, ArrivalTime, NumberOfPeople, Notes) VALUES (22, 214, '02:14:40', 7, NULL);
INSERT INTO RESERVATION_ORDER (ID_Reservation, ID_Table, ArrivalTime, NumberOfPeople, Notes) VALUES (23, 231, '00:35:39', 3, NULL);
INSERT INTO RESERVATION_ORDER (ID_Reservation, ID_Table, ArrivalTime, NumberOfPeople, Notes) VALUES (24, 222, '21:04:57', 7, NULL);
INSERT INTO RESERVATION_ORDER (ID_Reservation, ID_Table, ArrivalTime, NumberOfPeople, Notes) VALUES (25, 229, '11:00:53', 8, NULL);
INSERT INTO RESERVATION_ORDER (ID_Reservation, ID_Table, ArrivalTime, NumberOfPeople, Notes) VALUES (26, 233, '15:37:03', 8, NULL);
INSERT INTO RESERVATION_ORDER (ID_Reservation, ID_Table, ArrivalTime, NumberOfPeople, Notes) VALUES (27, 219, '18:23:29', 1, NULL);
INSERT INTO RESERVATION_ORDER (ID_Reservation, ID_Table, ArrivalTime, NumberOfPeople, Notes) VALUES (28, 222, '17:37:45', 8, NULL);
INSERT INTO RESERVATION_ORDER (ID_Reservation, ID_Table, ArrivalTime, NumberOfPeople, Notes) VALUES (29, 232, '06:00:05', 3, NULL);
INSERT INTO RESERVATION_ORDER (ID_Reservation, ID_Table, ArrivalTime, NumberOfPeople, Notes) VALUES (30, 232, '05:21:14', 4, NULL);
INSERT INTO RESERVATION_ORDER (ID_Reservation, ID_Table, ArrivalTime, NumberOfPeople, Notes) VALUES (31, 227, '05:13:39', 1, NULL);
INSERT INTO RESERVATION_ORDER (ID_Reservation, ID_Table, ArrivalTime, NumberOfPeople, Notes) VALUES (32, NULL, '00:19:54', 7, NULL);
INSERT INTO RESERVATION_ORDER (ID_Reservation, ID_Table, ArrivalTime, NumberOfPeople, Notes) VALUES (33, NULL, '16:46:20', 7, NULL);
INSERT INTO RESERVATION_ORDER (ID_Reservation, ID_Table, ArrivalTime, NumberOfPeople, Notes) VALUES (34, NULL, '10:46:46', 3, NULL);
INSERT INTO RESERVATION_ORDER (ID_Reservation, ID_Table, ArrivalTime, NumberOfPeople, Notes) VALUES (35, NULL, '00:37:33', 1, NULL);
INSERT INTO RESERVATION_ORDER (ID_Reservation, ID_Table, ArrivalTime, NumberOfPeople, Notes) VALUES (36, NULL, '14:52:49', 6, NULL);
INSERT INTO RESERVATION_ORDER (ID_Reservation, ID_Table, ArrivalTime, NumberOfPeople, Notes) VALUES (37, NULL, '07:57:00', 8, NULL);
INSERT INTO RESERVATION_ORDER (ID_Reservation, ID_Table, ArrivalTime, NumberOfPeople, Notes) VALUES (38, NULL, '07:15:28', 7, NULL);
INSERT INTO RESERVATION_ORDER (ID_Reservation, ID_Table, ArrivalTime, NumberOfPeople, Notes) VALUES (39, NULL, '15:06:42', 2, NULL);
INSERT INTO RESERVATION_ORDER (ID_Reservation, ID_Table, ArrivalTime, NumberOfPeople, Notes) VALUES (40, NULL, '16:36:01', 7, NULL);
INSERT INTO RESERVATION_ORDER (ID_Reservation, ID_Table, ArrivalTime, NumberOfPeople, Notes) VALUES (1, 243, '11:53:34', 5, NULL);
INSERT INTO RESERVATION_ORDER (ID_Reservation, ID_Table, ArrivalTime, NumberOfPeople, Notes) VALUES (2, 265, '08:05:29', 5, NULL);
INSERT INTO RESERVATION_ORDER (ID_Reservation, ID_Table, ArrivalTime, NumberOfPeople, Notes) VALUES (3, 262, '03:20:13', 3, NULL);
INSERT INTO RESERVATION_ORDER (ID_Reservation, ID_Table, ArrivalTime, NumberOfPeople, Notes) VALUES (4, 242, '10:00:07', 2, NULL);
INSERT INTO RESERVATION_ORDER (ID_Reservation, ID_Table, ArrivalTime, NumberOfPeople, Notes) VALUES (5, 245, '01:11:28', 5, NULL);
INSERT INTO RESERVATION_ORDER (ID_Reservation, ID_Table, ArrivalTime, NumberOfPeople, Notes) VALUES (6, 256, '16:06:31', 4, NULL);
INSERT INTO RESERVATION_ORDER (ID_Reservation, ID_Table, ArrivalTime, NumberOfPeople, Notes) VALUES (7, 253, '16:21:25', 1, NULL);
INSERT INTO RESERVATION_ORDER (ID_Reservation, ID_Table, ArrivalTime, NumberOfPeople, Notes) VALUES (8, 265, '03:57:07', 6, NULL);
INSERT INTO RESERVATION_ORDER (ID_Reservation, ID_Table, ArrivalTime, NumberOfPeople, Notes) VALUES (9, 264, '19:22:58', 3, NULL);
INSERT INTO RESERVATION_ORDER (ID_Reservation, ID_Table, ArrivalTime, NumberOfPeople, Notes) VALUES (10, 255, '23:17:03', 6, NULL);
INSERT INTO RESERVATION_ORDER (ID_Reservation, ID_Table, ArrivalTime, NumberOfPeople, Notes) VALUES (11, 252, '12:41:16', 2, NULL);
INSERT INTO RESERVATION_ORDER (ID_Reservation, ID_Table, ArrivalTime, NumberOfPeople, Notes) VALUES (12, 256, '05:43:16', 1, NULL);
INSERT INTO RESERVATION_ORDER (ID_Reservation, ID_Table, ArrivalTime, NumberOfPeople, Notes) VALUES (13, 253, '06:23:35', 1, NULL);
INSERT INTO RESERVATION_ORDER (ID_Reservation, ID_Table, ArrivalTime, NumberOfPeople, Notes) VALUES (14, 243, '08:30:55', 3, NULL);
INSERT INTO RESERVATION_ORDER (ID_Reservation, ID_Table, ArrivalTime, NumberOfPeople, Notes) VALUES (15, 259, '03:58:48', 7, NULL);
INSERT INTO RESERVATION_ORDER (ID_Reservation, ID_Table, ArrivalTime, NumberOfPeople, Notes) VALUES (16, 240, '18:45:28', 2, NULL);
INSERT INTO RESERVATION_ORDER (ID_Reservation, ID_Table, ArrivalTime, NumberOfPeople, Notes) VALUES (17, 240, '19:12:56', 5, NULL);
INSERT INTO RESERVATION_ORDER (ID_Reservation, ID_Table, ArrivalTime, NumberOfPeople, Notes) VALUES (18, 246, '23:01:30', 4, NULL);
INSERT INTO RESERVATION_ORDER (ID_Reservation, ID_Table, ArrivalTime, NumberOfPeople, Notes) VALUES (19, 266, '12:29:49', 3, NULL);
INSERT INTO RESERVATION_ORDER (ID_Reservation, ID_Table, ArrivalTime, NumberOfPeople, Notes) VALUES (20, 249, '22:39:32', 2, NULL);
INSERT INTO RESERVATION_ORDER (ID_Reservation, ID_Table, ArrivalTime, NumberOfPeople, Notes) VALUES (21, 259, '17:10:56', 7, NULL);
INSERT INTO RESERVATION_ORDER (ID_Reservation, ID_Table, ArrivalTime, NumberOfPeople, Notes) VALUES (22, 250, '09:43:26', 7, NULL);
INSERT INTO RESERVATION_ORDER (ID_Reservation, ID_Table, ArrivalTime, NumberOfPeople, Notes) VALUES (23, 247, '07:15:28', 6, NULL);
INSERT INTO RESERVATION_ORDER (ID_Reservation, ID_Table, ArrivalTime, NumberOfPeople, Notes) VALUES (24, 254, '10:10:33', 6, NULL);
INSERT INTO RESERVATION_ORDER (ID_Reservation, ID_Table, ArrivalTime, NumberOfPeople, Notes) VALUES (25, 251, '05:33:33', 1, NULL);
INSERT INTO RESERVATION_ORDER (ID_Reservation, ID_Table, ArrivalTime, NumberOfPeople, Notes) VALUES (26, 251, '22:36:22', 8, NULL);
INSERT INTO RESERVATION_ORDER (ID_Reservation, ID_Table, ArrivalTime, NumberOfPeople, Notes) VALUES (27, 241, '11:31:37', 4, NULL);
INSERT INTO RESERVATION_ORDER (ID_Reservation, ID_Table, ArrivalTime, NumberOfPeople, Notes) VALUES (28, 259, '14:14:53', 3, NULL);
INSERT INTO RESERVATION_ORDER (ID_Reservation, ID_Table, ArrivalTime, NumberOfPeople, Notes) VALUES (29, 240, '20:55:23', 3, NULL);
INSERT INTO RESERVATION_ORDER (ID_Reservation, ID_Table, ArrivalTime, NumberOfPeople, Notes) VALUES (30, 260, '03:18:47', 7, NULL);
INSERT INTO RESERVATION_ORDER (ID_Reservation, ID_Table, ArrivalTime, NumberOfPeople, Notes) VALUES (31, 243, '03:16:30', 4, NULL);
INSERT INTO RESERVATION_ORDER (ID_Reservation, ID_Table, ArrivalTime, NumberOfPeople, Notes) VALUES (32, NULL, '04:12:24', 4, NULL);
INSERT INTO RESERVATION_ORDER (ID_Reservation, ID_Table, ArrivalTime, NumberOfPeople, Notes) VALUES (33, NULL, '16:32:11', 5, NULL);
INSERT INTO RESERVATION_ORDER (ID_Reservation, ID_Table, ArrivalTime, NumberOfPeople, Notes) VALUES (34, NULL, '01:52:54', 1, NULL);
INSERT INTO RESERVATION_ORDER (ID_Reservation, ID_Table, ArrivalTime, NumberOfPeople, Notes) VALUES (35, NULL, '17:51:48', 4, NULL);
INSERT INTO RESERVATION_ORDER (ID_Reservation, ID_Table, ArrivalTime, NumberOfPeople, Notes) VALUES (36, NULL, '08:34:08', 4, NULL);
INSERT INTO RESERVATION_ORDER (ID_Reservation, ID_Table, ArrivalTime, NumberOfPeople, Notes) VALUES (37, NULL, '11:02:35', 2, NULL);
INSERT INTO RESERVATION_ORDER (ID_Reservation, ID_Table, ArrivalTime, NumberOfPeople, Notes) VALUES (38, NULL, '07:48:01', 6, NULL);
INSERT INTO RESERVATION_ORDER (ID_Reservation, ID_Table, ArrivalTime, NumberOfPeople, Notes) VALUES (39, NULL, '00:25:18', 2, NULL);
INSERT INTO RESERVATION_ORDER (ID_Reservation, ID_Table, ArrivalTime, NumberOfPeople, Notes) VALUES (40, NULL, '04:53:26', 1, NULL);
INSERT INTO RESERVATION_ORDER (ID_Reservation, ID_Table, ArrivalTime, NumberOfPeople, Notes) VALUES (1, 267, '13:22:34', 5, NULL);
INSERT INTO RESERVATION_ORDER (ID_Reservation, ID_Table, ArrivalTime, NumberOfPeople, Notes) VALUES (2, 287, '15:59:29', 8, NULL);
INSERT INTO RESERVATION_ORDER (ID_Reservation, ID_Table, ArrivalTime, NumberOfPeople, Notes) VALUES (3, 284, '22:18:34', 4, NULL);
INSERT INTO RESERVATION_ORDER (ID_Reservation, ID_Table, ArrivalTime, NumberOfPeople, Notes) VALUES (4, 294, '03:21:48', 6, NULL);
INSERT INTO RESERVATION_ORDER (ID_Reservation, ID_Table, ArrivalTime, NumberOfPeople, Notes) VALUES (5, 287, '20:03:52', 6, NULL);
INSERT INTO RESERVATION_ORDER (ID_Reservation, ID_Table, ArrivalTime, NumberOfPeople, Notes) VALUES (6, 273, '03:03:41', 5, NULL);
INSERT INTO RESERVATION_ORDER (ID_Reservation, ID_Table, ArrivalTime, NumberOfPeople, Notes) VALUES (7, 277, '23:08:11', 2, NULL);
INSERT INTO RESERVATION_ORDER (ID_Reservation, ID_Table, ArrivalTime, NumberOfPeople, Notes) VALUES (8, 281, '02:03:38', 1, NULL);
INSERT INTO RESERVATION_ORDER (ID_Reservation, ID_Table, ArrivalTime, NumberOfPeople, Notes) VALUES (9, 273, '05:01:30', 8, NULL);
INSERT INTO RESERVATION_ORDER (ID_Reservation, ID_Table, ArrivalTime, NumberOfPeople, Notes) VALUES (10, 290, '07:48:07', 1, NULL);
INSERT INTO RESERVATION_ORDER (ID_Reservation, ID_Table, ArrivalTime, NumberOfPeople, Notes) VALUES (11, 282, '20:42:59', 2, NULL);
INSERT INTO RESERVATION_ORDER (ID_Reservation, ID_Table, ArrivalTime, NumberOfPeople, Notes) VALUES (12, 286, '19:06:42', 7, NULL);
INSERT INTO RESERVATION_ORDER (ID_Reservation, ID_Table, ArrivalTime, NumberOfPeople, Notes) VALUES (13, 267, '23:01:42', 3, NULL);
INSERT INTO RESERVATION_ORDER (ID_Reservation, ID_Table, ArrivalTime, NumberOfPeople, Notes) VALUES (14, 281, '07:55:42', 8, NULL);
INSERT INTO RESERVATION_ORDER (ID_Reservation, ID_Table, ArrivalTime, NumberOfPeople, Notes) VALUES (15, 280, '05:36:50', 1, NULL);
INSERT INTO RESERVATION_ORDER (ID_Reservation, ID_Table, ArrivalTime, NumberOfPeople, Notes) VALUES (16, 284, '17:17:49', 5, NULL);
INSERT INTO RESERVATION_ORDER (ID_Reservation, ID_Table, ArrivalTime, NumberOfPeople, Notes) VALUES (17, 278, '20:20:31', 2, NULL);
INSERT INTO RESERVATION_ORDER (ID_Reservation, ID_Table, ArrivalTime, NumberOfPeople, Notes) VALUES (18, 280, '09:30:05', 4, NULL);
INSERT INTO RESERVATION_ORDER (ID_Reservation, ID_Table, ArrivalTime, NumberOfPeople, Notes) VALUES (19, 290, '15:51:12', 3, NULL);
INSERT INTO RESERVATION_ORDER (ID_Reservation, ID_Table, ArrivalTime, NumberOfPeople, Notes) VALUES (20, 279, '13:51:30', 5, NULL);
INSERT INTO RESERVATION_ORDER (ID_Reservation, ID_Table, ArrivalTime, NumberOfPeople, Notes) VALUES (21, 285, '03:47:50', 5, NULL);
INSERT INTO RESERVATION_ORDER (ID_Reservation, ID_Table, ArrivalTime, NumberOfPeople, Notes) VALUES (22, 276, '17:03:05', 2, NULL);
INSERT INTO RESERVATION_ORDER (ID_Reservation, ID_Table, ArrivalTime, NumberOfPeople, Notes) VALUES (23, 269, '03:34:07', 1, NULL);
INSERT INTO RESERVATION_ORDER (ID_Reservation, ID_Table, ArrivalTime, NumberOfPeople, Notes) VALUES (24, 272, '16:14:30', 1, NULL);
INSERT INTO RESERVATION_ORDER (ID_Reservation, ID_Table, ArrivalTime, NumberOfPeople, Notes) VALUES (25, 271, '19:02:16', 4, NULL);
INSERT INTO RESERVATION_ORDER (ID_Reservation, ID_Table, ArrivalTime, NumberOfPeople, Notes) VALUES (26, 286, '16:56:43', 1, NULL);
INSERT INTO RESERVATION_ORDER (ID_Reservation, ID_Table, ArrivalTime, NumberOfPeople, Notes) VALUES (27, 273, '14:53:24', 5, NULL);
INSERT INTO RESERVATION_ORDER (ID_Reservation, ID_Table, ArrivalTime, NumberOfPeople, Notes) VALUES (28, 279, '23:01:24', 8, NULL);
INSERT INTO RESERVATION_ORDER (ID_Reservation, ID_Table, ArrivalTime, NumberOfPeople, Notes) VALUES (29, 294, '03:28:55', 6, NULL);
INSERT INTO RESERVATION_ORDER (ID_Reservation, ID_Table, ArrivalTime, NumberOfPeople, Notes) VALUES (30, 275, '02:15:12', 3, NULL);
INSERT INTO RESERVATION_ORDER (ID_Reservation, ID_Table, ArrivalTime, NumberOfPeople, Notes) VALUES (31, 284, '03:38:07', 7, NULL);
INSERT INTO RESERVATION_ORDER (ID_Reservation, ID_Table, ArrivalTime, NumberOfPeople, Notes) VALUES (32, NULL, '04:59:39', 8, NULL);
INSERT INTO RESERVATION_ORDER (ID_Reservation, ID_Table, ArrivalTime, NumberOfPeople, Notes) VALUES (33, NULL, '18:12:42', 3, NULL);
INSERT INTO RESERVATION_ORDER (ID_Reservation, ID_Table, ArrivalTime, NumberOfPeople, Notes) VALUES (34, NULL, '23:23:11', 2, NULL);
INSERT INTO RESERVATION_ORDER (ID_Reservation, ID_Table, ArrivalTime, NumberOfPeople, Notes) VALUES (35, NULL, '20:22:39', 3, NULL);
INSERT INTO RESERVATION_ORDER (ID_Reservation, ID_Table, ArrivalTime, NumberOfPeople, Notes) VALUES (36, NULL, '11:08:47', 5, NULL);
INSERT INTO RESERVATION_ORDER (ID_Reservation, ID_Table, ArrivalTime, NumberOfPeople, Notes) VALUES (37, NULL, '10:24:42', 2, NULL);
INSERT INTO RESERVATION_ORDER (ID_Reservation, ID_Table, ArrivalTime, NumberOfPeople, Notes) VALUES (38, NULL, '01:40:33', 7, NULL);
INSERT INTO RESERVATION_ORDER (ID_Reservation, ID_Table, ArrivalTime, NumberOfPeople, Notes) VALUES (39, NULL, '01:56:47', 1, NULL);
INSERT INTO RESERVATION_ORDER (ID_Reservation, ID_Table, ArrivalTime, NumberOfPeople, Notes) VALUES (40, NULL, '01:52:19', 6, NULL);
INSERT INTO RESERVATION_ORDER (ID_Reservation, ID_Table, ArrivalTime, NumberOfPeople, Notes) VALUES (1, 298, '20:15:09', 8, NULL);
INSERT INTO RESERVATION_ORDER (ID_Reservation, ID_Table, ArrivalTime, NumberOfPeople, Notes) VALUES (2, 307, '18:55:14', 7, NULL);
INSERT INTO RESERVATION_ORDER (ID_Reservation, ID_Table, ArrivalTime, NumberOfPeople, Notes) VALUES (3, 298, '05:22:15', 1, NULL);
INSERT INTO RESERVATION_ORDER (ID_Reservation, ID_Table, ArrivalTime, NumberOfPeople, Notes) VALUES (4, 301, '15:06:59', 1, NULL);
INSERT INTO RESERVATION_ORDER (ID_Reservation, ID_Table, ArrivalTime, NumberOfPeople, Notes) VALUES (5, 302, '11:57:33', 4, NULL);
INSERT INTO RESERVATION_ORDER (ID_Reservation, ID_Table, ArrivalTime, NumberOfPeople, Notes) VALUES (6, 308, '06:38:33', 1, NULL);
INSERT INTO RESERVATION_ORDER (ID_Reservation, ID_Table, ArrivalTime, NumberOfPeople, Notes) VALUES (7, 298, '06:01:06', 3, NULL);
INSERT INTO RESERVATION_ORDER (ID_Reservation, ID_Table, ArrivalTime, NumberOfPeople, Notes) VALUES (8, 298, '11:09:01', 8, NULL);
INSERT INTO RESERVATION_ORDER (ID_Reservation, ID_Table, ArrivalTime, NumberOfPeople, Notes) VALUES (9, 306, '02:55:19', 3, NULL);
INSERT INTO RESERVATION_ORDER (ID_Reservation, ID_Table, ArrivalTime, NumberOfPeople, Notes) VALUES (10, 302, '11:09:44', 1, NULL);
INSERT INTO RESERVATION_ORDER (ID_Reservation, ID_Table, ArrivalTime, NumberOfPeople, Notes) VALUES (11, 311, '04:20:16', 8, NULL);
INSERT INTO RESERVATION_ORDER (ID_Reservation, ID_Table, ArrivalTime, NumberOfPeople, Notes) VALUES (12, 297, '14:42:45', 7, NULL);
INSERT INTO RESERVATION_ORDER (ID_Reservation, ID_Table, ArrivalTime, NumberOfPeople, Notes) VALUES (13, 315, '08:17:50', 8, NULL);
INSERT INTO RESERVATION_ORDER (ID_Reservation, ID_Table, ArrivalTime, NumberOfPeople, Notes) VALUES (14, 311, '14:43:54', 3, NULL);
INSERT INTO RESERVATION_ORDER (ID_Reservation, ID_Table, ArrivalTime, NumberOfPeople, Notes) VALUES (15, 296, '00:09:23', 5, NULL);
INSERT INTO RESERVATION_ORDER (ID_Reservation, ID_Table, ArrivalTime, NumberOfPeople, Notes) VALUES (16, 296, '11:31:44', 7, NULL);
INSERT INTO RESERVATION_ORDER (ID_Reservation, ID_Table, ArrivalTime, NumberOfPeople, Notes) VALUES (17, 306, '20:51:14', 4, NULL);
INSERT INTO RESERVATION_ORDER (ID_Reservation, ID_Table, ArrivalTime, NumberOfPeople, Notes) VALUES (18, 303, '03:49:06', 4, NULL);
INSERT INTO RESERVATION_ORDER (ID_Reservation, ID_Table, ArrivalTime, NumberOfPeople, Notes) VALUES (19, 302, '18:26:37', 1, NULL);
INSERT INTO RESERVATION_ORDER (ID_Reservation, ID_Table, ArrivalTime, NumberOfPeople, Notes) VALUES (20, 299, '06:07:36', 7, NULL);
INSERT INTO RESERVATION_ORDER (ID_Reservation, ID_Table, ArrivalTime, NumberOfPeople, Notes) VALUES (21, 299, '19:18:39', 6, NULL);
INSERT INTO RESERVATION_ORDER (ID_Reservation, ID_Table, ArrivalTime, NumberOfPeople, Notes) VALUES (22, 309, '13:42:27', 1, NULL);
INSERT INTO RESERVATION_ORDER (ID_Reservation, ID_Table, ArrivalTime, NumberOfPeople, Notes) VALUES (23, 302, '08:56:24', 5, NULL);
INSERT INTO RESERVATION_ORDER (ID_Reservation, ID_Table, ArrivalTime, NumberOfPeople, Notes) VALUES (24, 309, '17:46:21', 8, NULL);
INSERT INTO RESERVATION_ORDER (ID_Reservation, ID_Table, ArrivalTime, NumberOfPeople, Notes) VALUES (25, 306, '08:04:45', 1, NULL);
INSERT INTO RESERVATION_ORDER (ID_Reservation, ID_Table, ArrivalTime, NumberOfPeople, Notes) VALUES (26, 300, '14:52:31', 1, NULL);
INSERT INTO RESERVATION_ORDER (ID_Reservation, ID_Table, ArrivalTime, NumberOfPeople, Notes) VALUES (27, 309, '01:57:46', 6, NULL);
INSERT INTO RESERVATION_ORDER (ID_Reservation, ID_Table, ArrivalTime, NumberOfPeople, Notes) VALUES (28, 306, '01:49:55', 2, NULL);
INSERT INTO RESERVATION_ORDER (ID_Reservation, ID_Table, ArrivalTime, NumberOfPeople, Notes) VALUES (29, 312, '16:33:49', 7, NULL);
INSERT INTO RESERVATION_ORDER (ID_Reservation, ID_Table, ArrivalTime, NumberOfPeople, Notes) VALUES (30, 311, '07:01:48', 2, NULL);
INSERT INTO RESERVATION_ORDER (ID_Reservation, ID_Table, ArrivalTime, NumberOfPeople, Notes) VALUES (31, 312, '02:19:22', 4, NULL);
INSERT INTO RESERVATION_ORDER (ID_Reservation, ID_Table, ArrivalTime, NumberOfPeople, Notes) VALUES (32, NULL, '00:48:22', 6, NULL);
INSERT INTO RESERVATION_ORDER (ID_Reservation, ID_Table, ArrivalTime, NumberOfPeople, Notes) VALUES (33, NULL, '00:41:14', 5, NULL);
INSERT INTO RESERVATION_ORDER (ID_Reservation, ID_Table, ArrivalTime, NumberOfPeople, Notes) VALUES (34, NULL, '02:12:05', 8, NULL);
INSERT INTO RESERVATION_ORDER (ID_Reservation, ID_Table, ArrivalTime, NumberOfPeople, Notes) VALUES (35, NULL, '00:14:12', 7, NULL);
INSERT INTO RESERVATION_ORDER (ID_Reservation, ID_Table, ArrivalTime, NumberOfPeople, Notes) VALUES (36, NULL, '00:44:22', 2, NULL);
INSERT INTO RESERVATION_ORDER (ID_Reservation, ID_Table, ArrivalTime, NumberOfPeople, Notes) VALUES (37, NULL, '22:17:51', 8, NULL);
INSERT INTO RESERVATION_ORDER (ID_Reservation, ID_Table, ArrivalTime, NumberOfPeople, Notes) VALUES (38, NULL, '05:04:51', 6, NULL);
INSERT INTO RESERVATION_ORDER (ID_Reservation, ID_Table, ArrivalTime, NumberOfPeople, Notes) VALUES (39, NULL, '12:20:23', 4, NULL);
INSERT INTO RESERVATION_ORDER (ID_Reservation, ID_Table, ArrivalTime, NumberOfPeople, Notes) VALUES (40, NULL, '22:06:57', 7, NULL);
INSERT INTO RESERVATION_ORDER (ID_Reservation, ID_Table, ArrivalTime, NumberOfPeople, Notes) VALUES (1, 332, '19:53:40', 7, NULL);
INSERT INTO RESERVATION_ORDER (ID_Reservation, ID_Table, ArrivalTime, NumberOfPeople, Notes) VALUES (2, 320, '22:46:31', 3, NULL);
INSERT INTO RESERVATION_ORDER (ID_Reservation, ID_Table, ArrivalTime, NumberOfPeople, Notes) VALUES (3, 340, '23:05:45', 6, NULL);
INSERT INTO RESERVATION_ORDER (ID_Reservation, ID_Table, ArrivalTime, NumberOfPeople, Notes) VALUES (4, 323, '05:32:05', 3, NULL);
INSERT INTO RESERVATION_ORDER (ID_Reservation, ID_Table, ArrivalTime, NumberOfPeople, Notes) VALUES (5, 328, '08:54:18', 2, NULL);
INSERT INTO RESERVATION_ORDER (ID_Reservation, ID_Table, ArrivalTime, NumberOfPeople, Notes) VALUES (6, 317, '20:55:47', 8, NULL);
INSERT INTO RESERVATION_ORDER (ID_Reservation, ID_Table, ArrivalTime, NumberOfPeople, Notes) VALUES (7, 317, '17:42:59', 6, NULL);
INSERT INTO RESERVATION_ORDER (ID_Reservation, ID_Table, ArrivalTime, NumberOfPeople, Notes) VALUES (8, 335, '21:21:55', 1, NULL);
INSERT INTO RESERVATION_ORDER (ID_Reservation, ID_Table, ArrivalTime, NumberOfPeople, Notes) VALUES (9, 326, '06:14:11', 4, NULL);
INSERT INTO RESERVATION_ORDER (ID_Reservation, ID_Table, ArrivalTime, NumberOfPeople, Notes) VALUES (10, 337, '18:00:56', 4, NULL);
INSERT INTO RESERVATION_ORDER (ID_Reservation, ID_Table, ArrivalTime, NumberOfPeople, Notes) VALUES (11, 318, '07:11:06', 6, NULL);
INSERT INTO RESERVATION_ORDER (ID_Reservation, ID_Table, ArrivalTime, NumberOfPeople, Notes) VALUES (12, 337, '22:33:57', 1, NULL);
INSERT INTO RESERVATION_ORDER (ID_Reservation, ID_Table, ArrivalTime, NumberOfPeople, Notes) VALUES (13, 332, '07:31:56', 3, NULL);
INSERT INTO RESERVATION_ORDER (ID_Reservation, ID_Table, ArrivalTime, NumberOfPeople, Notes) VALUES (14, 333, '09:34:02', 8, NULL);
INSERT INTO RESERVATION_ORDER (ID_Reservation, ID_Table, ArrivalTime, NumberOfPeople, Notes) VALUES (15, 327, '12:01:00', 8, NULL);
INSERT INTO RESERVATION_ORDER (ID_Reservation, ID_Table, ArrivalTime, NumberOfPeople, Notes) VALUES (16, 337, '14:13:30', 4, NULL);
INSERT INTO RESERVATION_ORDER (ID_Reservation, ID_Table, ArrivalTime, NumberOfPeople, Notes) VALUES (17, 331, '16:46:24', 1, NULL);
INSERT INTO RESERVATION_ORDER (ID_Reservation, ID_Table, ArrivalTime, NumberOfPeople, Notes) VALUES (18, 317, '17:06:16', 6, NULL);
INSERT INTO RESERVATION_ORDER (ID_Reservation, ID_Table, ArrivalTime, NumberOfPeople, Notes) VALUES (19, 340, '05:55:56', 4, NULL);
INSERT INTO RESERVATION_ORDER (ID_Reservation, ID_Table, ArrivalTime, NumberOfPeople, Notes) VALUES (20, 319, '16:03:37', 1, NULL);
INSERT INTO RESERVATION_ORDER (ID_Reservation, ID_Table, ArrivalTime, NumberOfPeople, Notes) VALUES (21, 335, '11:28:55', 4, NULL);
INSERT INTO RESERVATION_ORDER (ID_Reservation, ID_Table, ArrivalTime, NumberOfPeople, Notes) VALUES (22, 323, '07:28:45', 7, NULL);
INSERT INTO RESERVATION_ORDER (ID_Reservation, ID_Table, ArrivalTime, NumberOfPeople, Notes) VALUES (23, 332, '08:50:23', 5, NULL);
INSERT INTO RESERVATION_ORDER (ID_Reservation, ID_Table, ArrivalTime, NumberOfPeople, Notes) VALUES (24, 320, '11:38:58', 2, NULL);
INSERT INTO RESERVATION_ORDER (ID_Reservation, ID_Table, ArrivalTime, NumberOfPeople, Notes) VALUES (25, 326, '15:32:16', 2, NULL);
INSERT INTO RESERVATION_ORDER (ID_Reservation, ID_Table, ArrivalTime, NumberOfPeople, Notes) VALUES (26, 332, '15:40:25', 5, NULL);
INSERT INTO RESERVATION_ORDER (ID_Reservation, ID_Table, ArrivalTime, NumberOfPeople, Notes) VALUES (27, 341, '04:16:14', 4, NULL);
INSERT INTO RESERVATION_ORDER (ID_Reservation, ID_Table, ArrivalTime, NumberOfPeople, Notes) VALUES (28, 317, '19:02:18', 1, NULL);
INSERT INTO RESERVATION_ORDER (ID_Reservation, ID_Table, ArrivalTime, NumberOfPeople, Notes) VALUES (29, 328, '19:19:45', 8, NULL);
INSERT INTO RESERVATION_ORDER (ID_Reservation, ID_Table, ArrivalTime, NumberOfPeople, Notes) VALUES (30, 339, '14:51:57', 2, NULL);
INSERT INTO RESERVATION_ORDER (ID_Reservation, ID_Table, ArrivalTime, NumberOfPeople, Notes) VALUES (31, 325, '07:37:48', 2, NULL);
INSERT INTO RESERVATION_ORDER (ID_Reservation, ID_Table, ArrivalTime, NumberOfPeople, Notes) VALUES (32, NULL, '01:24:25', 4, NULL);
INSERT INTO RESERVATION_ORDER (ID_Reservation, ID_Table, ArrivalTime, NumberOfPeople, Notes) VALUES (33, NULL, '00:06:10', 7, NULL);
INSERT INTO RESERVATION_ORDER (ID_Reservation, ID_Table, ArrivalTime, NumberOfPeople, Notes) VALUES (34, NULL, '16:53:30', 4, NULL);
INSERT INTO RESERVATION_ORDER (ID_Reservation, ID_Table, ArrivalTime, NumberOfPeople, Notes) VALUES (35, NULL, '02:54:48', 5, NULL);
INSERT INTO RESERVATION_ORDER (ID_Reservation, ID_Table, ArrivalTime, NumberOfPeople, Notes) VALUES (36, NULL, '15:46:29', 6, NULL);
INSERT INTO RESERVATION_ORDER (ID_Reservation, ID_Table, ArrivalTime, NumberOfPeople, Notes) VALUES (37, NULL, '14:17:36', 1, NULL);
INSERT INTO RESERVATION_ORDER (ID_Reservation, ID_Table, ArrivalTime, NumberOfPeople, Notes) VALUES (38, NULL, '09:08:57', 2, NULL);
INSERT INTO RESERVATION_ORDER (ID_Reservation, ID_Table, ArrivalTime, NumberOfPeople, Notes) VALUES (39, NULL, '02:20:56', 6, NULL);
INSERT INTO RESERVATION_ORDER (ID_Reservation, ID_Table, ArrivalTime, NumberOfPeople, Notes) VALUES (40, NULL, '00:41:35', 2, NULL);
INSERT INTO RESERVATION_ORDER (ID_Reservation, ID_Table, ArrivalTime, NumberOfPeople, Notes) VALUES (1, 356, '17:50:00', 1, NULL);
INSERT INTO RESERVATION_ORDER (ID_Reservation, ID_Table, ArrivalTime, NumberOfPeople, Notes) VALUES (2, 358, '09:45:47', 8, NULL);
INSERT INTO RESERVATION_ORDER (ID_Reservation, ID_Table, ArrivalTime, NumberOfPeople, Notes) VALUES (3, 362, '19:13:12', 8, NULL);
INSERT INTO RESERVATION_ORDER (ID_Reservation, ID_Table, ArrivalTime, NumberOfPeople, Notes) VALUES (4, 353, '05:41:43', 1, NULL);
INSERT INTO RESERVATION_ORDER (ID_Reservation, ID_Table, ArrivalTime, NumberOfPeople, Notes) VALUES (5, 351, '11:15:29', 2, NULL);
INSERT INTO RESERVATION_ORDER (ID_Reservation, ID_Table, ArrivalTime, NumberOfPeople, Notes) VALUES (6, 351, '21:54:46', 3, NULL);
INSERT INTO RESERVATION_ORDER (ID_Reservation, ID_Table, ArrivalTime, NumberOfPeople, Notes) VALUES (7, 362, '21:07:57', 7, NULL);
INSERT INTO RESERVATION_ORDER (ID_Reservation, ID_Table, ArrivalTime, NumberOfPeople, Notes) VALUES (8, 360, '13:40:25', 1, NULL);
INSERT INTO RESERVATION_ORDER (ID_Reservation, ID_Table, ArrivalTime, NumberOfPeople, Notes) VALUES (9, 351, '22:06:42', 2, NULL);
INSERT INTO RESERVATION_ORDER (ID_Reservation, ID_Table, ArrivalTime, NumberOfPeople, Notes) VALUES (10, 343, '19:27:52', 5, NULL);
INSERT INTO RESERVATION_ORDER (ID_Reservation, ID_Table, ArrivalTime, NumberOfPeople, Notes) VALUES (11, 349, '12:34:20', 8, NULL);
INSERT INTO RESERVATION_ORDER (ID_Reservation, ID_Table, ArrivalTime, NumberOfPeople, Notes) VALUES (12, 344, '06:37:46', 5, NULL);
INSERT INTO RESERVATION_ORDER (ID_Reservation, ID_Table, ArrivalTime, NumberOfPeople, Notes) VALUES (13, 357, '03:59:51', 5, NULL);
INSERT INTO RESERVATION_ORDER (ID_Reservation, ID_Table, ArrivalTime, NumberOfPeople, Notes) VALUES (14, 356, '09:10:10', 7, NULL);
INSERT INTO RESERVATION_ORDER (ID_Reservation, ID_Table, ArrivalTime, NumberOfPeople, Notes) VALUES (15, 345, '05:31:29', 2, NULL);
INSERT INTO RESERVATION_ORDER (ID_Reservation, ID_Table, ArrivalTime, NumberOfPeople, Notes) VALUES (16, 355, '17:22:18', 8, NULL);
INSERT INTO RESERVATION_ORDER (ID_Reservation, ID_Table, ArrivalTime, NumberOfPeople, Notes) VALUES (17, 360, '04:31:12', 6, NULL);
INSERT INTO RESERVATION_ORDER (ID_Reservation, ID_Table, ArrivalTime, NumberOfPeople, Notes) VALUES (18, 342, '22:56:13', 5, NULL);
INSERT INTO RESERVATION_ORDER (ID_Reservation, ID_Table, ArrivalTime, NumberOfPeople, Notes) VALUES (19, 360, '05:11:09', 7, NULL);
INSERT INTO RESERVATION_ORDER (ID_Reservation, ID_Table, ArrivalTime, NumberOfPeople, Notes) VALUES (20, 343, '01:57:08', 3, NULL);
INSERT INTO RESERVATION_ORDER (ID_Reservation, ID_Table, ArrivalTime, NumberOfPeople, Notes) VALUES (21, 357, '17:02:10', 6, NULL);
INSERT INTO RESERVATION_ORDER (ID_Reservation, ID_Table, ArrivalTime, NumberOfPeople, Notes) VALUES (22, 362, '02:20:31', 2, NULL);
INSERT INTO RESERVATION_ORDER (ID_Reservation, ID_Table, ArrivalTime, NumberOfPeople, Notes) VALUES (23, 359, '05:02:06', 2, NULL);
INSERT INTO RESERVATION_ORDER (ID_Reservation, ID_Table, ArrivalTime, NumberOfPeople, Notes) VALUES (24, 359, '06:43:34', 8, NULL);
INSERT INTO RESERVATION_ORDER (ID_Reservation, ID_Table, ArrivalTime, NumberOfPeople, Notes) VALUES (25, 344, '16:25:55', 3, NULL);
INSERT INTO RESERVATION_ORDER (ID_Reservation, ID_Table, ArrivalTime, NumberOfPeople, Notes) VALUES (26, 357, '21:56:03', 2, NULL);
INSERT INTO RESERVATION_ORDER (ID_Reservation, ID_Table, ArrivalTime, NumberOfPeople, Notes) VALUES (27, 347, '22:44:29', 7, NULL);
INSERT INTO RESERVATION_ORDER (ID_Reservation, ID_Table, ArrivalTime, NumberOfPeople, Notes) VALUES (28, 358, '13:32:05', 5, NULL);
INSERT INTO RESERVATION_ORDER (ID_Reservation, ID_Table, ArrivalTime, NumberOfPeople, Notes) VALUES (29, 362, '21:28:39', 5, NULL);
INSERT INTO RESERVATION_ORDER (ID_Reservation, ID_Table, ArrivalTime, NumberOfPeople, Notes) VALUES (30, 355, '00:48:57', 3, NULL);
INSERT INTO RESERVATION_ORDER (ID_Reservation, ID_Table, ArrivalTime, NumberOfPeople, Notes) VALUES (31, 351, '20:34:51', 3, NULL);
INSERT INTO RESERVATION_ORDER (ID_Reservation, ID_Table, ArrivalTime, NumberOfPeople, Notes) VALUES (32, NULL, '07:10:43', 2, NULL);
INSERT INTO RESERVATION_ORDER (ID_Reservation, ID_Table, ArrivalTime, NumberOfPeople, Notes) VALUES (33, NULL, '23:39:29', 6, NULL);
INSERT INTO RESERVATION_ORDER (ID_Reservation, ID_Table, ArrivalTime, NumberOfPeople, Notes) VALUES (34, NULL, '18:53:34', 1, NULL);
INSERT INTO RESERVATION_ORDER (ID_Reservation, ID_Table, ArrivalTime, NumberOfPeople, Notes) VALUES (35, NULL, '16:35:15', 5, NULL);
INSERT INTO RESERVATION_ORDER (ID_Reservation, ID_Table, ArrivalTime, NumberOfPeople, Notes) VALUES (36, NULL, '23:55:45', 4, NULL);
INSERT INTO RESERVATION_ORDER (ID_Reservation, ID_Table, ArrivalTime, NumberOfPeople, Notes) VALUES (37, NULL, '12:38:40', 1, NULL);
INSERT INTO RESERVATION_ORDER (ID_Reservation, ID_Table, ArrivalTime, NumberOfPeople, Notes) VALUES (38, NULL, '12:31:45', 1, NULL);
INSERT INTO RESERVATION_ORDER (ID_Reservation, ID_Table, ArrivalTime, NumberOfPeople, Notes) VALUES (39, NULL, '09:02:55', 1, NULL);
INSERT INTO RESERVATION_ORDER (ID_Reservation, ID_Table, ArrivalTime, NumberOfPeople, Notes) VALUES (40, NULL, '12:13:07', 4, NULL);
INSERT INTO RESERVATION_ORDER (ID_Reservation, ID_Table, ArrivalTime, NumberOfPeople, Notes) VALUES (1, 368, '16:39:10', 6, NULL);
INSERT INTO RESERVATION_ORDER (ID_Reservation, ID_Table, ArrivalTime, NumberOfPeople, Notes) VALUES (2, 375, '19:39:35', 6, NULL);
INSERT INTO RESERVATION_ORDER (ID_Reservation, ID_Table, ArrivalTime, NumberOfPeople, Notes) VALUES (3, 379, '19:31:18', 6, NULL);
INSERT INTO RESERVATION_ORDER (ID_Reservation, ID_Table, ArrivalTime, NumberOfPeople, Notes) VALUES (4, 366, '10:56:41', 7, NULL);
INSERT INTO RESERVATION_ORDER (ID_Reservation, ID_Table, ArrivalTime, NumberOfPeople, Notes) VALUES (5, 386, '05:26:10', 1, NULL);
INSERT INTO RESERVATION_ORDER (ID_Reservation, ID_Table, ArrivalTime, NumberOfPeople, Notes) VALUES (6, 367, '16:09:02', 8, NULL);
INSERT INTO RESERVATION_ORDER (ID_Reservation, ID_Table, ArrivalTime, NumberOfPeople, Notes) VALUES (7, 377, '07:46:55', 7, NULL);
INSERT INTO RESERVATION_ORDER (ID_Reservation, ID_Table, ArrivalTime, NumberOfPeople, Notes) VALUES (8, 368, '06:49:34', 1, NULL);
INSERT INTO RESERVATION_ORDER (ID_Reservation, ID_Table, ArrivalTime, NumberOfPeople, Notes) VALUES (9, 377, '05:24:21', 5, NULL);
INSERT INTO RESERVATION_ORDER (ID_Reservation, ID_Table, ArrivalTime, NumberOfPeople, Notes) VALUES (10, 385, '12:21:25', 6, NULL);
INSERT INTO RESERVATION_ORDER (ID_Reservation, ID_Table, ArrivalTime, NumberOfPeople, Notes) VALUES (11, 372, '11:56:44', 6, NULL);
INSERT INTO RESERVATION_ORDER (ID_Reservation, ID_Table, ArrivalTime, NumberOfPeople, Notes) VALUES (12, 384, '20:26:24', 3, NULL);
INSERT INTO RESERVATION_ORDER (ID_Reservation, ID_Table, ArrivalTime, NumberOfPeople, Notes) VALUES (13, 375, '23:25:32', 3, NULL);
INSERT INTO RESERVATION_ORDER (ID_Reservation, ID_Table, ArrivalTime, NumberOfPeople, Notes) VALUES (14, 364, '00:57:15', 3, NULL);
INSERT INTO RESERVATION_ORDER (ID_Reservation, ID_Table, ArrivalTime, NumberOfPeople, Notes) VALUES (15, 364, '15:54:11', 5, NULL);
INSERT INTO RESERVATION_ORDER (ID_Reservation, ID_Table, ArrivalTime, NumberOfPeople, Notes) VALUES (16, 372, '02:09:14', 4, NULL);
INSERT INTO RESERVATION_ORDER (ID_Reservation, ID_Table, ArrivalTime, NumberOfPeople, Notes) VALUES (17, 385, '03:12:29', 5, NULL);
INSERT INTO RESERVATION_ORDER (ID_Reservation, ID_Table, ArrivalTime, NumberOfPeople, Notes) VALUES (18, 367, '03:33:06', 3, NULL);
INSERT INTO RESERVATION_ORDER (ID_Reservation, ID_Table, ArrivalTime, NumberOfPeople, Notes) VALUES (19, 384, '17:01:52', 7, NULL);
INSERT INTO RESERVATION_ORDER (ID_Reservation, ID_Table, ArrivalTime, NumberOfPeople, Notes) VALUES (20, 379, '17:28:17', 4, NULL);
INSERT INTO RESERVATION_ORDER (ID_Reservation, ID_Table, ArrivalTime, NumberOfPeople, Notes) VALUES (21, 377, '23:36:53', 3, NULL);
INSERT INTO RESERVATION_ORDER (ID_Reservation, ID_Table, ArrivalTime, NumberOfPeople, Notes) VALUES (22, 373, '05:07:30', 2, NULL);
INSERT INTO RESERVATION_ORDER (ID_Reservation, ID_Table, ArrivalTime, NumberOfPeople, Notes) VALUES (23, 384, '23:36:47', 8, NULL);
INSERT INTO RESERVATION_ORDER (ID_Reservation, ID_Table, ArrivalTime, NumberOfPeople, Notes) VALUES (24, 363, '13:56:16', 6, NULL);
INSERT INTO RESERVATION_ORDER (ID_Reservation, ID_Table, ArrivalTime, NumberOfPeople, Notes) VALUES (25, 379, '17:52:41', 5, NULL);
INSERT INTO RESERVATION_ORDER (ID_Reservation, ID_Table, ArrivalTime, NumberOfPeople, Notes) VALUES (26, 375, '00:07:04', 3, NULL);
INSERT INTO RESERVATION_ORDER (ID_Reservation, ID_Table, ArrivalTime, NumberOfPeople, Notes) VALUES (27, 386, '13:46:45', 4, NULL);
INSERT INTO RESERVATION_ORDER (ID_Reservation, ID_Table, ArrivalTime, NumberOfPeople, Notes) VALUES (28, 377, '20:20:16', 3, NULL);
INSERT INTO RESERVATION_ORDER (ID_Reservation, ID_Table, ArrivalTime, NumberOfPeople, Notes) VALUES (29, 372, '20:05:47', 4, NULL);
INSERT INTO RESERVATION_ORDER (ID_Reservation, ID_Table, ArrivalTime, NumberOfPeople, Notes) VALUES (30, 386, '22:31:32', 4, NULL);
INSERT INTO RESERVATION_ORDER (ID_Reservation, ID_Table, ArrivalTime, NumberOfPeople, Notes) VALUES (31, 379, '12:58:58', 4, NULL);
INSERT INTO RESERVATION_ORDER (ID_Reservation, ID_Table, ArrivalTime, NumberOfPeople, Notes) VALUES (32, NULL, '07:29:27', 7, NULL);
INSERT INTO RESERVATION_ORDER (ID_Reservation, ID_Table, ArrivalTime, NumberOfPeople, Notes) VALUES (33, NULL, '23:09:17', 4, NULL);
INSERT INTO RESERVATION_ORDER (ID_Reservation, ID_Table, ArrivalTime, NumberOfPeople, Notes) VALUES (34, NULL, '00:17:03', 2, NULL);
INSERT INTO RESERVATION_ORDER (ID_Reservation, ID_Table, ArrivalTime, NumberOfPeople, Notes) VALUES (35, NULL, '22:17:16', 2, NULL);
INSERT INTO RESERVATION_ORDER (ID_Reservation, ID_Table, ArrivalTime, NumberOfPeople, Notes) VALUES (36, NULL, '09:19:35', 7, NULL);
INSERT INTO RESERVATION_ORDER (ID_Reservation, ID_Table, ArrivalTime, NumberOfPeople, Notes) VALUES (37, NULL, '15:42:41', 8, NULL);
INSERT INTO RESERVATION_ORDER (ID_Reservation, ID_Table, ArrivalTime, NumberOfPeople, Notes) VALUES (38, NULL, '16:06:34', 8, NULL);
INSERT INTO RESERVATION_ORDER (ID_Reservation, ID_Table, ArrivalTime, NumberOfPeople, Notes) VALUES (39, NULL, '08:31:36', 5, NULL);
INSERT INTO RESERVATION_ORDER (ID_Reservation, ID_Table, ArrivalTime, NumberOfPeople, Notes) VALUES (40, NULL, '18:00:22', 2, NULL);
INSERT INTO MEMBERSHIP_LEVEL (ID_MemLevel, MemLevelName, Discount) VALUES (1, 'Bronze', 16);
INSERT INTO MEMBERSHIP_LEVEL (ID_MemLevel, MemLevelName, Discount) VALUES (2, 'Silver', 9);
INSERT INTO MEMBERSHIP_LEVEL (ID_MemLevel, MemLevelName, Discount) VALUES (3, 'Gold', 12);
INSERT INTO MEMBERSHIP (ID_Card, [Status], DateCreated, Point, ID_Level) VALUES (1, 1, '2024-04-02', 0, 1);
INSERT INTO MEMBERSHIP (ID_Card, [Status], DateCreated, Point, ID_Level) VALUES (2, 1, '2024-03-19', 0, 1);
INSERT INTO MEMBERSHIP (ID_Card, [Status], DateCreated, Point, ID_Level) VALUES (3, 1, '2024-05-19', 0, 1);
INSERT INTO MEMBERSHIP (ID_Card, [Status], DateCreated, Point, ID_Level) VALUES (4, 1, '2024-06-12', 0, 1);
INSERT INTO MEMBERSHIP (ID_Card, [Status], DateCreated, Point, ID_Level) VALUES (5, 1, '2024-04-08', 0, 1);
INSERT INTO MEMBERSHIP (ID_Card, [Status], DateCreated, Point, ID_Level) VALUES (6, 1, '2024-05-24', 0, 1);
INSERT INTO MEMBERSHIP (ID_Card, [Status], DateCreated, Point, ID_Level) VALUES (7, 1, '2024-06-28', 0, 1);
INSERT INTO MEMBERSHIP (ID_Card, [Status], DateCreated, Point, ID_Level) VALUES (8, 1, '2024-06-30', 0, 1);
INSERT INTO MEMBERSHIP (ID_Card, [Status], DateCreated, Point, ID_Level) VALUES (9, 1, '2024-06-14', 0, 1);
INSERT INTO MEMBERSHIP (ID_Card, [Status], DateCreated, Point, ID_Level) VALUES (10, 1, '2024-04-04', 0, 1);
INSERT INTO MEMBERSHIP (ID_Card, [Status], DateCreated, Point, ID_Level) VALUES (11, 1, '2024-10-13', 0, 1);
INSERT INTO MEMBERSHIP (ID_Card, [Status], DateCreated, Point, ID_Level) VALUES (12, 1, '2024-01-09', 0, 1);
INSERT INTO MEMBERSHIP (ID_Card, [Status], DateCreated, Point, ID_Level) VALUES (13, 1, '2024-11-22', 0, 1);
INSERT INTO MEMBERSHIP (ID_Card, [Status], DateCreated, Point, ID_Level) VALUES (14, 1, '2024-03-12', 0, 1);
INSERT INTO MEMBERSHIP (ID_Card, [Status], DateCreated, Point, ID_Level) VALUES (15, 1, '2024-02-08', 0, 1);
INSERT INTO MEMBERSHIP (ID_Card, [Status], DateCreated, Point, ID_Level) VALUES (16, 1, '2024-03-12', 0, 1);
INSERT INTO MEMBERSHIP (ID_Card, [Status], DateCreated, Point, ID_Level) VALUES (17, 1, '2024-07-26', 0, 1);
INSERT INTO MEMBERSHIP (ID_Card, [Status], DateCreated, Point, ID_Level) VALUES (18, 1, '2024-03-11', 0, 1);
INSERT INTO MEMBERSHIP (ID_Card, [Status], DateCreated, Point, ID_Level) VALUES (19, 1, '2024-05-11', 0, 1);
INSERT INTO MEMBERSHIP (ID_Card, [Status], DateCreated, Point, ID_Level) VALUES (20, 1, '2024-10-03', 0, 1);
INSERT INTO MEMBERSHIP (ID_Card, [Status], DateCreated, Point, ID_Level) VALUES (21, 1, '2024-07-24', 0, 1);
INSERT INTO MEMBERSHIP (ID_Card, [Status], DateCreated, Point, ID_Level) VALUES (22, 1, '2024-03-21', 0, 1);
INSERT INTO MEMBERSHIP (ID_Card, [Status], DateCreated, Point, ID_Level) VALUES (23, 1, '2024-10-22', 0, 1);
INSERT INTO MEMBERSHIP (ID_Card, [Status], DateCreated, Point, ID_Level) VALUES (24, 1, '2024-05-22', 0, 1);
INSERT INTO MEMBERSHIP (ID_Card, [Status], DateCreated, Point, ID_Level) VALUES (25, 1, '2024-05-23', 0, 1);
INSERT INTO MEMBERSHIP (ID_Card, [Status], DateCreated, Point, ID_Level) VALUES (26, 1, '2024-03-02', 0, 1);
INSERT INTO MEMBERSHIP (ID_Card, [Status], DateCreated, Point, ID_Level) VALUES (27, 1, '2024-08-28', 0, 1);
INSERT INTO MEMBERSHIP (ID_Card, [Status], DateCreated, Point, ID_Level) VALUES (28, 1, '2024-09-22', 0, 1);
INSERT INTO MEMBERSHIP (ID_Card, [Status], DateCreated, Point, ID_Level) VALUES (29, 1, '2024-11-30', 0, 1);
INSERT INTO MEMBERSHIP (ID_Card, [Status], DateCreated, Point, ID_Level) VALUES (30, 1, '2024-08-13', 0, 1);
INSERT INTO MEMBERSHIP (ID_Card, [Status], DateCreated, Point, ID_Level) VALUES (31, 1, '2024-05-29', 0, 1);
INSERT INTO MEMBERSHIP (ID_Card, [Status], DateCreated, Point, ID_Level) VALUES (32, 1, '2024-10-01', 0, 1);
INSERT INTO MEMBERSHIP (ID_Card, [Status], DateCreated, Point, ID_Level) VALUES (33, 1, '2024-04-05', 0, 1);
INSERT INTO MEMBERSHIP (ID_Card, [Status], DateCreated, Point, ID_Level) VALUES (34, 1, '2024-04-10', 0, 1);
INSERT INTO MEMBERSHIP (ID_Card, [Status], DateCreated, Point, ID_Level) VALUES (35, 1, '2024-09-03', 0, 1);
INSERT INTO MEMBERSHIP (ID_Card, [Status], DateCreated, Point, ID_Level) VALUES (36, 1, '2024-12-10', 0, 1);
INSERT INTO MEMBERSHIP (ID_Card, [Status], DateCreated, Point, ID_Level) VALUES (37, 1, '2024-01-12', 0, 1);
INSERT INTO MEMBERSHIP (ID_Card, [Status], DateCreated, Point, ID_Level) VALUES (38, 1, '2024-02-29', 0, 1);
INSERT INTO MEMBERSHIP (ID_Card, [Status], DateCreated, Point, ID_Level) VALUES (39, 1, '2024-05-20', 0, 1);
INSERT INTO MEMBERSHIP (ID_Card, [Status], DateCreated, Point, ID_Level) VALUES (40, 1, '2024-01-09', 0, 1);
INSERT INTO MEMBERSHIP (ID_Card, [Status], DateCreated, Point, ID_Level) VALUES (41, 1, '2024-06-30', 0, 1);
INSERT INTO MEMBERSHIP (ID_Card, [Status], DateCreated, Point, ID_Level) VALUES (42, 1, '2024-03-31', 0, 1);
INSERT INTO MEMBERSHIP (ID_Card, [Status], DateCreated, Point, ID_Level) VALUES (43, 1, '2024-04-09', 0, 1);
INSERT INTO MEMBERSHIP (ID_Card, [Status], DateCreated, Point, ID_Level) VALUES (44, 1, '2024-01-26', 0, 1);
INSERT INTO MEMBERSHIP (ID_Card, [Status], DateCreated, Point, ID_Level) VALUES (45, 1, '2024-11-12', 0, 1);
INSERT INTO MEMBERSHIP (ID_Card, [Status], DateCreated, Point, ID_Level) VALUES (46, 1, '2024-08-03', 0, 1);
INSERT INTO MEMBERSHIP (ID_Card, [Status], DateCreated, Point, ID_Level) VALUES (47, 1, '2024-03-29', 0, 1);
INSERT INTO MEMBERSHIP (ID_Card, [Status], DateCreated, Point, ID_Level) VALUES (48, 1, '2024-04-09', 0, 1);
INSERT INTO MEMBERSHIP (ID_Card, [Status], DateCreated, Point, ID_Level) VALUES (49, 1, '2024-09-03', 0, 1);
INSERT INTO MEMBERSHIP (ID_Card, [Status], DateCreated, Point, ID_Level) VALUES (50, 1, '2024-10-08', 0, 1);
INSERT INTO MEMBERSHIP (ID_Card, [Status], DateCreated, Point, ID_Level) VALUES (51, 1, '2024-02-16', 0, 1);
INSERT INTO MEMBERSHIP (ID_Card, [Status], DateCreated, Point, ID_Level) VALUES (52, 1, '2024-11-21', 0, 1);
INSERT INTO MEMBERSHIP (ID_Card, [Status], DateCreated, Point, ID_Level) VALUES (53, 1, '2024-03-17', 0, 1);
INSERT INTO MEMBERSHIP (ID_Card, [Status], DateCreated, Point, ID_Level) VALUES (54, 1, '2024-04-08', 0, 1);
INSERT INTO MEMBERSHIP (ID_Card, [Status], DateCreated, Point, ID_Level) VALUES (55, 1, '2024-10-10', 0, 1);
INSERT INTO MEMBERSHIP (ID_Card, [Status], DateCreated, Point, ID_Level) VALUES (56, 1, '2024-09-04', 0, 1);
INSERT INTO MEMBERSHIP (ID_Card, [Status], DateCreated, Point, ID_Level) VALUES (57, 1, '2024-02-15', 0, 1);
INSERT INTO MEMBERSHIP (ID_Card, [Status], DateCreated, Point, ID_Level) VALUES (58, 1, '2024-09-16', 0, 1);
INSERT INTO MEMBERSHIP (ID_Card, [Status], DateCreated, Point, ID_Level) VALUES (59, 1, '2024-07-06', 0, 1);
INSERT INTO MEMBERSHIP (ID_Card, [Status], DateCreated, Point, ID_Level) VALUES (60, 1, '2024-10-10', 0, 1);
INSERT INTO MEMBERSHIP (ID_Card, [Status], DateCreated, Point, ID_Level) VALUES (61, 1, '2024-04-09', 0, 1);
INSERT INTO MEMBERSHIP (ID_Card, [Status], DateCreated, Point, ID_Level) VALUES (62, 1, '2024-02-18', 0, 1);
INSERT INTO MEMBERSHIP (ID_Card, [Status], DateCreated, Point, ID_Level) VALUES (63, 1, '2024-04-25', 0, 1);
INSERT INTO MEMBERSHIP (ID_Card, [Status], DateCreated, Point, ID_Level) VALUES (64, 1, '2024-02-28', 0, 1);
INSERT INTO MEMBERSHIP (ID_Card, [Status], DateCreated, Point, ID_Level) VALUES (65, 1, '2024-12-10', 0, 1);
INSERT INTO MEMBERSHIP (ID_Card, [Status], DateCreated, Point, ID_Level) VALUES (66, 1, '2024-02-16', 0, 1);
INSERT INTO MEMBERSHIP (ID_Card, [Status], DateCreated, Point, ID_Level) VALUES (67, 1, '2024-09-25', 0, 1);
INSERT INTO MEMBERSHIP (ID_Card, [Status], DateCreated, Point, ID_Level) VALUES (68, 1, '2024-07-09', 0, 1);
INSERT INTO MEMBERSHIP (ID_Card, [Status], DateCreated, Point, ID_Level) VALUES (69, 1, '2024-02-12', 0, 1);
INSERT INTO MEMBERSHIP (ID_Card, [Status], DateCreated, Point, ID_Level) VALUES (70, 1, '2024-08-18', 0, 1);
INSERT INTO MEMBERSHIP (ID_Card, [Status], DateCreated, Point, ID_Level) VALUES (71, 1, '2024-12-09', 0, 1);
INSERT INTO MEMBERSHIP (ID_Card, [Status], DateCreated, Point, ID_Level) VALUES (72, 1, '2024-07-08', 0, 1);
INSERT INTO MEMBERSHIP (ID_Card, [Status], DateCreated, Point, ID_Level) VALUES (73, 1, '2024-05-25', 0, 1);
INSERT INTO MEMBERSHIP (ID_Card, [Status], DateCreated, Point, ID_Level) VALUES (74, 1, '2024-04-25', 0, 1);
INSERT INTO MEMBERSHIP (ID_Card, [Status], DateCreated, Point, ID_Level) VALUES (75, 1, '2024-05-20', 0, 1);
INSERT INTO MEMBERSHIP (ID_Card, [Status], DateCreated, Point, ID_Level) VALUES (76, 1, '2024-11-20', 0, 1);
INSERT INTO MEMBERSHIP (ID_Card, [Status], DateCreated, Point, ID_Level) VALUES (77, 1, '2024-10-04', 0, 1);
INSERT INTO MEMBERSHIP (ID_Card, [Status], DateCreated, Point, ID_Level) VALUES (78, 1, '2024-04-21', 0, 1);
INSERT INTO MEMBERSHIP (ID_Card, [Status], DateCreated, Point, ID_Level) VALUES (79, 1, '2024-11-21', 0, 1);
INSERT INTO MEMBERSHIP (ID_Card, [Status], DateCreated, Point, ID_Level) VALUES (80, 1, '2024-03-24', 0, 1);
INSERT INTO MEMBERSHIP (ID_Card, [Status], DateCreated, Point, ID_Level) VALUES (81, 1, '2024-05-14', 0, 1);
INSERT INTO MEMBERSHIP (ID_Card, [Status], DateCreated, Point, ID_Level) VALUES (82, 1, '2024-06-22', 0, 1);
INSERT INTO MEMBERSHIP (ID_Card, [Status], DateCreated, Point, ID_Level) VALUES (83, 1, '2024-01-08', 0, 1);
INSERT INTO MEMBERSHIP (ID_Card, [Status], DateCreated, Point, ID_Level) VALUES (84, 1, '2024-05-23', 0, 1);
INSERT INTO MEMBERSHIP (ID_Card, [Status], DateCreated, Point, ID_Level) VALUES (85, 1, '2024-08-30', 0, 1);
INSERT INTO MEMBERSHIP (ID_Card, [Status], DateCreated, Point, ID_Level) VALUES (86, 1, '2024-04-02', 0, 1);
INSERT INTO MEMBERSHIP (ID_Card, [Status], DateCreated, Point, ID_Level) VALUES (87, 1, '2024-10-02', 0, 1);
INSERT INTO MEMBERSHIP (ID_Card, [Status], DateCreated, Point, ID_Level) VALUES (88, 1, '2024-01-27', 0, 1);
INSERT INTO MEMBERSHIP (ID_Card, [Status], DateCreated, Point, ID_Level) VALUES (89, 1, '2024-07-07', 0, 1);
INSERT INTO MEMBERSHIP (ID_Card, [Status], DateCreated, Point, ID_Level) VALUES (90, 1, '2024-04-30', 0, 1);
INSERT INTO MEMBERSHIP (ID_Card, [Status], DateCreated, Point, ID_Level) VALUES (91, 1, '2024-11-29', 0, 1);
INSERT INTO MEMBERSHIP (ID_Card, [Status], DateCreated, Point, ID_Level) VALUES (92, 1, '2024-12-07', 0, 1);
INSERT INTO MEMBERSHIP (ID_Card, [Status], DateCreated, Point, ID_Level) VALUES (93, 1, '2024-02-25', 0, 1);
INSERT INTO MEMBERSHIP (ID_Card, [Status], DateCreated, Point, ID_Level) VALUES (94, 1, '2024-02-15', 0, 1);
INSERT INTO MEMBERSHIP (ID_Card, [Status], DateCreated, Point, ID_Level) VALUES (95, 1, '2024-08-11', 0, 1);
INSERT INTO MEMBERSHIP (ID_Card, [Status], DateCreated, Point, ID_Level) VALUES (96, 1, '2024-10-03', 0, 1);
INSERT INTO MEMBERSHIP (ID_Card, [Status], DateCreated, Point, ID_Level) VALUES (97, 1, '2024-08-08', 0, 1);
INSERT INTO MEMBERSHIP (ID_Card, [Status], DateCreated, Point, ID_Level) VALUES (98, 1, '2024-03-23', 0, 1);
INSERT INTO MEMBERSHIP (ID_Card, [Status], DateCreated, Point, ID_Level) VALUES (99, 1, '2024-10-21', 0, 1);
INSERT INTO MEMBERSHIP (ID_Card, [Status], DateCreated, Point, ID_Level) VALUES (100, 1, '2024-11-23', 0, 1);
INSERT INTO MEMBERSHIP (ID_Card, [Status], DateCreated, Point, ID_Level) VALUES (101, 1, '2024-09-12', 0, 1);
INSERT INTO MEMBERSHIP (ID_Card, [Status], DateCreated, Point, ID_Level) VALUES (102, 1, '2024-01-13', 0, 1);
INSERT INTO MEMBERSHIP (ID_Card, [Status], DateCreated, Point, ID_Level) VALUES (103, 1, '2024-05-20', 0, 1);
INSERT INTO MEMBERSHIP (ID_Card, [Status], DateCreated, Point, ID_Level) VALUES (104, 1, '2024-05-17', 0, 1);
INSERT INTO MEMBERSHIP (ID_Card, [Status], DateCreated, Point, ID_Level) VALUES (105, 1, '2024-11-16', 0, 1);
INSERT INTO MEMBERSHIP (ID_Card, [Status], DateCreated, Point, ID_Level) VALUES (106, 1, '2024-06-20', 0, 1);
INSERT INTO MEMBERSHIP (ID_Card, [Status], DateCreated, Point, ID_Level) VALUES (107, 1, '2024-09-20', 0, 1);
INSERT INTO MEMBERSHIP (ID_Card, [Status], DateCreated, Point, ID_Level) VALUES (108, 1, '2024-09-09', 0, 1);
INSERT INTO MEMBERSHIP (ID_Card, [Status], DateCreated, Point, ID_Level) VALUES (109, 1, '2024-01-21', 0, 1);
INSERT INTO MEMBERSHIP (ID_Card, [Status], DateCreated, Point, ID_Level) VALUES (110, 1, '2024-02-17', 0, 1);
INSERT INTO MEMBERSHIP (ID_Card, [Status], DateCreated, Point, ID_Level) VALUES (111, 1, '2024-04-18', 0, 1);
INSERT INTO MEMBERSHIP (ID_Card, [Status], DateCreated, Point, ID_Level) VALUES (112, 1, '2024-08-02', 0, 1);
INSERT INTO MEMBERSHIP (ID_Card, [Status], DateCreated, Point, ID_Level) VALUES (113, 1, '2024-09-09', 0, 1);
INSERT INTO MEMBERSHIP (ID_Card, [Status], DateCreated, Point, ID_Level) VALUES (114, 1, '2024-08-14', 0, 1);
INSERT INTO MEMBERSHIP (ID_Card, [Status], DateCreated, Point, ID_Level) VALUES (115, 1, '2024-02-03', 0, 1);
INSERT INTO MEMBERSHIP (ID_Card, [Status], DateCreated, Point, ID_Level) VALUES (116, 1, '2024-11-26', 0, 1);
INSERT INTO MEMBERSHIP (ID_Card, [Status], DateCreated, Point, ID_Level) VALUES (117, 1, '2024-12-03', 0, 1);
INSERT INTO MEMBERSHIP (ID_Card, [Status], DateCreated, Point, ID_Level) VALUES (118, 1, '2024-04-29', 0, 1);
INSERT INTO MEMBERSHIP (ID_Card, [Status], DateCreated, Point, ID_Level) VALUES (119, 1, '2024-06-14', 0, 1);
INSERT INTO MEMBERSHIP (ID_Card, [Status], DateCreated, Point, ID_Level) VALUES (120, 1, '2024-05-23', 0, 1);
INSERT INTO MEMBERSHIP (ID_Card, [Status], DateCreated, Point, ID_Level) VALUES (121, 1, '2024-06-01', 0, 1);
INSERT INTO MEMBERSHIP (ID_Card, [Status], DateCreated, Point, ID_Level) VALUES (122, 1, '2024-06-05', 0, 1);
INSERT INTO MEMBERSHIP (ID_Card, [Status], DateCreated, Point, ID_Level) VALUES (123, 1, '2024-09-04', 0, 1);
INSERT INTO MEMBERSHIP (ID_Card, [Status], DateCreated, Point, ID_Level) VALUES (124, 1, '2024-01-21', 0, 1);
INSERT INTO MEMBERSHIP (ID_Card, [Status], DateCreated, Point, ID_Level) VALUES (125, 1, '2024-03-22', 0, 1);
INSERT INTO MEMBERSHIP (ID_Card, [Status], DateCreated, Point, ID_Level) VALUES (126, 1, '2024-08-02', 0, 1);
INSERT INTO MEMBERSHIP (ID_Card, [Status], DateCreated, Point, ID_Level) VALUES (127, 1, '2024-08-31', 0, 1);
INSERT INTO MEMBERSHIP (ID_Card, [Status], DateCreated, Point, ID_Level) VALUES (128, 1, '2024-08-30', 0, 1);
INSERT INTO MEMBERSHIP (ID_Card, [Status], DateCreated, Point, ID_Level) VALUES (129, 1, '2024-08-15', 0, 1);
INSERT INTO MEMBERSHIP (ID_Card, [Status], DateCreated, Point, ID_Level) VALUES (130, 1, '2024-07-13', 0, 1);
INSERT INTO MEMBERSHIP (ID_Card, [Status], DateCreated, Point, ID_Level) VALUES (131, 1, '2024-05-03', 0, 1);
INSERT INTO MEMBERSHIP (ID_Card, [Status], DateCreated, Point, ID_Level) VALUES (132, 1, '2024-08-05', 0, 1);
INSERT INTO MEMBERSHIP (ID_Card, [Status], DateCreated, Point, ID_Level) VALUES (133, 1, '2024-11-15', 0, 1);
INSERT INTO MEMBERSHIP (ID_Card, [Status], DateCreated, Point, ID_Level) VALUES (134, 1, '2024-09-11', 0, 1);
INSERT INTO MEMBERSHIP (ID_Card, [Status], DateCreated, Point, ID_Level) VALUES (135, 1, '2024-06-20', 0, 1);
INSERT INTO MEMBERSHIP (ID_Card, [Status], DateCreated, Point, ID_Level) VALUES (136, 1, '2024-07-20', 0, 1);
INSERT INTO MEMBERSHIP (ID_Card, [Status], DateCreated, Point, ID_Level) VALUES (137, 1, '2024-05-29', 0, 1);
INSERT INTO MEMBERSHIP (ID_Card, [Status], DateCreated, Point, ID_Level) VALUES (138, 1, '2024-07-28', 0, 1);
INSERT INTO MEMBERSHIP (ID_Card, [Status], DateCreated, Point, ID_Level) VALUES (139, 1, '2024-08-29', 0, 1);
INSERT INTO MEMBERSHIP (ID_Card, [Status], DateCreated, Point, ID_Level) VALUES (140, 1, '2024-09-21', 0, 1);
INSERT INTO MEMBERSHIP (ID_Card, [Status], DateCreated, Point, ID_Level) VALUES (141, 1, '2024-01-24', 0, 1);
INSERT INTO MEMBERSHIP (ID_Card, [Status], DateCreated, Point, ID_Level) VALUES (142, 1, '2024-12-18', 0, 1);
INSERT INTO MEMBERSHIP (ID_Card, [Status], DateCreated, Point, ID_Level) VALUES (143, 1, '2024-01-18', 0, 1);
INSERT INTO MEMBERSHIP (ID_Card, [Status], DateCreated, Point, ID_Level) VALUES (144, 1, '2024-02-15', 0, 1);
INSERT INTO MEMBERSHIP (ID_Card, [Status], DateCreated, Point, ID_Level) VALUES (145, 1, '2024-04-24', 0, 1);
INSERT INTO MEMBERSHIP (ID_Card, [Status], DateCreated, Point, ID_Level) VALUES (146, 1, '2024-01-29', 0, 1);
INSERT INTO MEMBERSHIP (ID_Card, [Status], DateCreated, Point, ID_Level) VALUES (147, 1, '2024-06-01', 0, 1);
INSERT INTO MEMBERSHIP (ID_Card, [Status], DateCreated, Point, ID_Level) VALUES (148, 1, '2024-04-03', 0, 1);
INSERT INTO MEMBERSHIP (ID_Card, [Status], DateCreated, Point, ID_Level) VALUES (149, 1, '2024-03-15', 0, 1);
INSERT INTO MEMBERSHIP (ID_Card, [Status], DateCreated, Point, ID_Level) VALUES (150, 1, '2024-06-23', 0, 1);
INSERT INTO MEMBERSHIP (ID_Card, [Status], DateCreated, Point, ID_Level) VALUES (151, 1, '2024-12-02', 0, 1);
INSERT INTO MEMBERSHIP (ID_Card, [Status], DateCreated, Point, ID_Level) VALUES (152, 1, '2024-09-12', 0, 1);
INSERT INTO MEMBERSHIP (ID_Card, [Status], DateCreated, Point, ID_Level) VALUES (153, 1, '2024-08-22', 0, 1);
INSERT INTO MEMBERSHIP (ID_Card, [Status], DateCreated, Point, ID_Level) VALUES (154, 1, '2024-11-27', 0, 1);
INSERT INTO MEMBERSHIP (ID_Card, [Status], DateCreated, Point, ID_Level) VALUES (155, 1, '2024-01-03', 0, 1);
INSERT INTO MEMBERSHIP (ID_Card, [Status], DateCreated, Point, ID_Level) VALUES (156, 1, '2024-11-16', 0, 1);
INSERT INTO MEMBERSHIP (ID_Card, [Status], DateCreated, Point, ID_Level) VALUES (157, 1, '2024-06-11', 0, 1);
INSERT INTO MEMBERSHIP (ID_Card, [Status], DateCreated, Point, ID_Level) VALUES (158, 1, '2024-08-22', 0, 1);
INSERT INTO MEMBERSHIP (ID_Card, [Status], DateCreated, Point, ID_Level) VALUES (159, 1, '2024-05-29', 0, 1);
INSERT INTO MEMBERSHIP (ID_Card, [Status], DateCreated, Point, ID_Level) VALUES (160, 1, '2024-06-28', 0, 1);
INSERT INTO MEMBERSHIP (ID_Card, [Status], DateCreated, Point, ID_Level) VALUES (161, 1, '2024-07-24', 0, 1);
INSERT INTO MEMBERSHIP (ID_Card, [Status], DateCreated, Point, ID_Level) VALUES (162, 1, '2024-06-12', 0, 1);
INSERT INTO MEMBERSHIP (ID_Card, [Status], DateCreated, Point, ID_Level) VALUES (163, 1, '2024-01-23', 0, 1);
INSERT INTO MEMBERSHIP (ID_Card, [Status], DateCreated, Point, ID_Level) VALUES (164, 1, '2024-09-19', 0, 1);
INSERT INTO MEMBERSHIP (ID_Card, [Status], DateCreated, Point, ID_Level) VALUES (165, 1, '2024-07-21', 0, 1);
INSERT INTO MEMBERSHIP (ID_Card, [Status], DateCreated, Point, ID_Level) VALUES (166, 1, '2024-04-16', 0, 1);
INSERT INTO MEMBERSHIP (ID_Card, [Status], DateCreated, Point, ID_Level) VALUES (167, 1, '2024-09-10', 0, 1);
INSERT INTO MEMBERSHIP (ID_Card, [Status], DateCreated, Point, ID_Level) VALUES (168, 1, '2024-10-19', 0, 1);
INSERT INTO MEMBERSHIP (ID_Card, [Status], DateCreated, Point, ID_Level) VALUES (169, 1, '2024-02-04', 0, 1);
INSERT INTO MEMBERSHIP (ID_Card, [Status], DateCreated, Point, ID_Level) VALUES (170, 1, '2024-03-06', 0, 1);
INSERT INTO MEMBERSHIP (ID_Card, [Status], DateCreated, Point, ID_Level) VALUES (171, 1, '2024-05-21', 0, 1);
INSERT INTO MEMBERSHIP (ID_Card, [Status], DateCreated, Point, ID_Level) VALUES (172, 1, '2024-01-08', 0, 1);
INSERT INTO MEMBERSHIP (ID_Card, [Status], DateCreated, Point, ID_Level) VALUES (173, 1, '2024-12-05', 0, 1);
INSERT INTO MEMBERSHIP (ID_Card, [Status], DateCreated, Point, ID_Level) VALUES (174, 1, '2024-04-25', 0, 1);
INSERT INTO MEMBERSHIP (ID_Card, [Status], DateCreated, Point, ID_Level) VALUES (175, 1, '2024-11-03', 0, 1);
INSERT INTO MEMBERSHIP (ID_Card, [Status], DateCreated, Point, ID_Level) VALUES (176, 1, '2024-01-12', 0, 1);
INSERT INTO MEMBERSHIP (ID_Card, [Status], DateCreated, Point, ID_Level) VALUES (177, 1, '2024-07-08', 0, 1);
INSERT INTO MEMBERSHIP (ID_Card, [Status], DateCreated, Point, ID_Level) VALUES (178, 1, '2024-07-03', 0, 1);
INSERT INTO MEMBERSHIP (ID_Card, [Status], DateCreated, Point, ID_Level) VALUES (179, 1, '2024-06-11', 0, 1);
INSERT INTO MEMBERSHIP (ID_Card, [Status], DateCreated, Point, ID_Level) VALUES (180, 1, '2024-06-04', 0, 1);
INSERT INTO MEMBERSHIP (ID_Card, [Status], DateCreated, Point, ID_Level) VALUES (181, 1, '2024-05-01', 0, 1);
INSERT INTO MEMBERSHIP (ID_Card, [Status], DateCreated, Point, ID_Level) VALUES (182, 1, '2024-03-14', 0, 1);
INSERT INTO MEMBERSHIP (ID_Card, [Status], DateCreated, Point, ID_Level) VALUES (183, 1, '2024-10-23', 0, 1);
INSERT INTO MEMBERSHIP (ID_Card, [Status], DateCreated, Point, ID_Level) VALUES (184, 1, '2024-12-08', 0, 1);
INSERT INTO MEMBERSHIP (ID_Card, [Status], DateCreated, Point, ID_Level) VALUES (185, 1, '2024-06-23', 0, 1);
INSERT INTO MEMBERSHIP (ID_Card, [Status], DateCreated, Point, ID_Level) VALUES (186, 1, '2024-07-18', 0, 1);
INSERT INTO MEMBERSHIP (ID_Card, [Status], DateCreated, Point, ID_Level) VALUES (187, 1, '2024-04-01', 0, 1);
INSERT INTO MEMBERSHIP (ID_Card, [Status], DateCreated, Point, ID_Level) VALUES (188, 1, '2024-06-24', 0, 1);
INSERT INTO MEMBERSHIP (ID_Card, [Status], DateCreated, Point, ID_Level) VALUES (189, 1, '2024-12-18', 0, 1);
INSERT INTO MEMBERSHIP (ID_Card, [Status], DateCreated, Point, ID_Level) VALUES (190, 1, '2024-08-11', 0, 1);
INSERT INTO MEMBERSHIP (ID_Card, [Status], DateCreated, Point, ID_Level) VALUES (191, 1, '2024-07-15', 0, 1);
INSERT INTO MEMBERSHIP (ID_Card, [Status], DateCreated, Point, ID_Level) VALUES (192, 1, '2024-04-13', 0, 1);
INSERT INTO MEMBERSHIP (ID_Card, [Status], DateCreated, Point, ID_Level) VALUES (193, 1, '2024-08-08', 0, 1);
INSERT INTO MEMBERSHIP (ID_Card, [Status], DateCreated, Point, ID_Level) VALUES (194, 1, '2024-02-21', 0, 1);
INSERT INTO MEMBERSHIP (ID_Card, [Status], DateCreated, Point, ID_Level) VALUES (195, 1, '2024-04-14', 0, 1);
INSERT INTO MEMBERSHIP (ID_Card, [Status], DateCreated, Point, ID_Level) VALUES (196, 1, '2024-03-30', 0, 1);
INSERT INTO MEMBERSHIP (ID_Card, [Status], DateCreated, Point, ID_Level) VALUES (197, 1, '2024-03-19', 0, 1);
INSERT INTO MEMBERSHIP (ID_Card, [Status], DateCreated, Point, ID_Level) VALUES (198, 1, '2024-03-08', 0, 1);
INSERT INTO MEMBERSHIP (ID_Card, [Status], DateCreated, Point, ID_Level) VALUES (199, 1, '2024-08-03', 0, 1);
INSERT INTO MEMBERSHIP (ID_Card, [Status], DateCreated, Point, ID_Level) VALUES (200, 1, '2024-01-19', 0, 1);
INSERT INTO MEMBERSHIP (ID_Card, [Status], DateCreated, Point, ID_Level) VALUES (201, 1, '2024-01-23', 0, 1);
INSERT INTO MEMBERSHIP (ID_Card, [Status], DateCreated, Point, ID_Level) VALUES (202, 1, '2024-10-29', 0, 1);
INSERT INTO MEMBERSHIP (ID_Card, [Status], DateCreated, Point, ID_Level) VALUES (203, 1, '2024-02-29', 0, 1);
INSERT INTO MEMBERSHIP (ID_Card, [Status], DateCreated, Point, ID_Level) VALUES (204, 1, '2024-08-22', 0, 1);
INSERT INTO MEMBERSHIP (ID_Card, [Status], DateCreated, Point, ID_Level) VALUES (205, 1, '2024-07-01', 0, 1);
INSERT INTO MEMBERSHIP (ID_Card, [Status], DateCreated, Point, ID_Level) VALUES (206, 1, '2024-05-16', 0, 1);
INSERT INTO MEMBERSHIP (ID_Card, [Status], DateCreated, Point, ID_Level) VALUES (207, 1, '2024-11-10', 0, 1);
INSERT INTO MEMBERSHIP (ID_Card, [Status], DateCreated, Point, ID_Level) VALUES (208, 1, '2024-10-12', 0, 1);
INSERT INTO MEMBERSHIP (ID_Card, [Status], DateCreated, Point, ID_Level) VALUES (209, 1, '2024-09-24', 0, 1);
INSERT INTO MEMBERSHIP (ID_Card, [Status], DateCreated, Point, ID_Level) VALUES (210, 1, '2024-05-12', 0, 1);
INSERT INTO MEMBERSHIP (ID_Card, [Status], DateCreated, Point, ID_Level) VALUES (211, 1, '2024-10-18', 0, 1);
INSERT INTO MEMBERSHIP (ID_Card, [Status], DateCreated, Point, ID_Level) VALUES (212, 1, '2024-05-30', 0, 1);
INSERT INTO MEMBERSHIP (ID_Card, [Status], DateCreated, Point, ID_Level) VALUES (213, 1, '2024-10-30', 0, 1);
INSERT INTO MEMBERSHIP (ID_Card, [Status], DateCreated, Point, ID_Level) VALUES (214, 1, '2024-02-18', 0, 1);
INSERT INTO MEMBERSHIP (ID_Card, [Status], DateCreated, Point, ID_Level) VALUES (215, 1, '2024-10-10', 0, 1);
INSERT INTO MEMBERSHIP (ID_Card, [Status], DateCreated, Point, ID_Level) VALUES (216, 1, '2024-10-04', 0, 1);
INSERT INTO MEMBERSHIP (ID_Card, [Status], DateCreated, Point, ID_Level) VALUES (217, 1, '2024-01-29', 0, 1);
INSERT INTO MEMBERSHIP (ID_Card, [Status], DateCreated, Point, ID_Level) VALUES (218, 1, '2024-10-13', 0, 1);
INSERT INTO MEMBERSHIP (ID_Card, [Status], DateCreated, Point, ID_Level) VALUES (219, 1, '2024-02-05', 0, 1);
INSERT INTO MEMBERSHIP (ID_Card, [Status], DateCreated, Point, ID_Level) VALUES (220, 1, '2024-03-18', 0, 1);
INSERT INTO MEMBERSHIP (ID_Card, [Status], DateCreated, Point, ID_Level) VALUES (221, 1, '2024-06-08', 0, 1);
INSERT INTO MEMBERSHIP (ID_Card, [Status], DateCreated, Point, ID_Level) VALUES (222, 1, '2024-12-01', 0, 1);
INSERT INTO MEMBERSHIP (ID_Card, [Status], DateCreated, Point, ID_Level) VALUES (223, 1, '2024-06-24', 0, 1);
INSERT INTO MEMBERSHIP (ID_Card, [Status], DateCreated, Point, ID_Level) VALUES (224, 1, '2024-01-16', 0, 1);
INSERT INTO MEMBERSHIP (ID_Card, [Status], DateCreated, Point, ID_Level) VALUES (225, 1, '2024-03-17', 0, 1);
INSERT INTO MEMBERSHIP (ID_Card, [Status], DateCreated, Point, ID_Level) VALUES (226, 1, '2024-08-08', 0, 1);
INSERT INTO MEMBERSHIP (ID_Card, [Status], DateCreated, Point, ID_Level) VALUES (227, 1, '2024-10-04', 0, 1);
INSERT INTO MEMBERSHIP (ID_Card, [Status], DateCreated, Point, ID_Level) VALUES (228, 1, '2024-02-19', 0, 1);
INSERT INTO MEMBERSHIP (ID_Card, [Status], DateCreated, Point, ID_Level) VALUES (229, 1, '2024-11-27', 0, 1);
INSERT INTO MEMBERSHIP (ID_Card, [Status], DateCreated, Point, ID_Level) VALUES (230, 1, '2024-09-16', 0, 1);
INSERT INTO MEMBERSHIP (ID_Card, [Status], DateCreated, Point, ID_Level) VALUES (231, 1, '2024-11-27', 0, 1);
INSERT INTO MEMBERSHIP (ID_Card, [Status], DateCreated, Point, ID_Level) VALUES (232, 1, '2024-04-02', 0, 1);
INSERT INTO MEMBERSHIP (ID_Card, [Status], DateCreated, Point, ID_Level) VALUES (233, 1, '2024-10-31', 0, 1);
INSERT INTO MEMBERSHIP (ID_Card, [Status], DateCreated, Point, ID_Level) VALUES (234, 1, '2024-05-13', 0, 1);
INSERT INTO MEMBERSHIP (ID_Card, [Status], DateCreated, Point, ID_Level) VALUES (235, 1, '2024-07-07', 0, 1);
INSERT INTO MEMBERSHIP (ID_Card, [Status], DateCreated, Point, ID_Level) VALUES (236, 1, '2024-12-16', 0, 1);
INSERT INTO MEMBERSHIP (ID_Card, [Status], DateCreated, Point, ID_Level) VALUES (237, 1, '2024-01-15', 0, 1);
INSERT INTO MEMBERSHIP (ID_Card, [Status], DateCreated, Point, ID_Level) VALUES (238, 1, '2024-02-02', 0, 1);
INSERT INTO MEMBERSHIP (ID_Card, [Status], DateCreated, Point, ID_Level) VALUES (239, 1, '2024-11-01', 0, 1);
INSERT INTO MEMBERSHIP (ID_Card, [Status], DateCreated, Point, ID_Level) VALUES (240, 1, '2024-07-26', 0, 1);
INSERT INTO MEMBERSHIP (ID_Card, [Status], DateCreated, Point, ID_Level) VALUES (241, 1, '2024-11-08', 0, 1);
INSERT INTO MEMBERSHIP (ID_Card, [Status], DateCreated, Point, ID_Level) VALUES (242, 1, '2024-10-08', 0, 1);
INSERT INTO MEMBERSHIP (ID_Card, [Status], DateCreated, Point, ID_Level) VALUES (243, 1, '2024-05-09', 0, 1);
INSERT INTO MEMBERSHIP (ID_Card, [Status], DateCreated, Point, ID_Level) VALUES (244, 1, '2024-02-28', 0, 1);
INSERT INTO MEMBERSHIP (ID_Card, [Status], DateCreated, Point, ID_Level) VALUES (245, 1, '2024-11-29', 0, 1);
INSERT INTO MEMBERSHIP (ID_Card, [Status], DateCreated, Point, ID_Level) VALUES (246, 1, '2024-12-14', 0, 1);
INSERT INTO MEMBERSHIP (ID_Card, [Status], DateCreated, Point, ID_Level) VALUES (247, 1, '2024-08-12', 0, 1);
INSERT INTO MEMBERSHIP (ID_Card, [Status], DateCreated, Point, ID_Level) VALUES (248, 1, '2024-11-12', 0, 1);
INSERT INTO MEMBERSHIP (ID_Card, [Status], DateCreated, Point, ID_Level) VALUES (249, 1, '2024-06-09', 0, 1);
INSERT INTO MEMBERSHIP (ID_Card, [Status], DateCreated, Point, ID_Level) VALUES (250, 1, '2024-09-27', 0, 1);
INSERT INTO CUSTOMER (ID_Customer, CustomerName, PhoneNumber, Email, Gender, SSID, ID_Card) VALUES (1, 'Katie Jackson', '3605545205', 'cory30@example.net', 'F', '1263015273', 1);
INSERT INTO CUSTOMER (ID_Customer, CustomerName, PhoneNumber, Email, Gender, SSID, ID_Card) VALUES (2, 'Natalie Martin MD', '8384142293', 'alexis08@example.org', 'M', '3703386989', 2);
INSERT INTO CUSTOMER (ID_Customer, CustomerName, PhoneNumber, Email, Gender, SSID, ID_Card) VALUES (3, 'Christina Delacruz', '8357482710', 'longbrittany@example.com', 'F', '3065386321', 3);
INSERT INTO CUSTOMER (ID_Customer, CustomerName, PhoneNumber, Email, Gender, SSID, ID_Card) VALUES (4, 'Michael Cole', '1404288659', 'simmonsmichael@example.net', 'M', '8482223661', 4);
INSERT INTO CUSTOMER (ID_Customer, CustomerName, PhoneNumber, Email, Gender, SSID, ID_Card) VALUES (5, 'Robin Reynolds', '3997001995', 'christopherthomas@example.com', 'M', '5871171965', 5);
INSERT INTO CUSTOMER (ID_Customer, CustomerName, PhoneNumber, Email, Gender, SSID, ID_Card) VALUES (6, 'Andrew Gonzalez', '4184883173', 'gquinn@example.org', 'F', '3539564390', 6);
INSERT INTO CUSTOMER (ID_Customer, CustomerName, PhoneNumber, Email, Gender, SSID, ID_Card) VALUES (7, 'Steven Mclaughlin', '9613396198', 'vclark@example.net', 'M', '0304529104', 7);
INSERT INTO CUSTOMER (ID_Customer, CustomerName, PhoneNumber, Email, Gender, SSID, ID_Card) VALUES (8, 'Dr. Chad Yoder', '3369438627', 'usandoval@example.net', 'F', '0129247615', 8);
INSERT INTO CUSTOMER (ID_Customer, CustomerName, PhoneNumber, Email, Gender, SSID, ID_Card) VALUES (9, 'Steven Smith', '8760897390', 'brandon54@example.org', 'M', '2169658049', 9);
INSERT INTO CUSTOMER (ID_Customer, CustomerName, PhoneNumber, Email, Gender, SSID, ID_Card) VALUES (10, 'Emma Dickson', '4503179260', 'ingramjennifer@example.com', 'F', '6288401156', 10);
INSERT INTO CUSTOMER (ID_Customer, CustomerName, PhoneNumber, Email, Gender, SSID, ID_Card) VALUES (11, 'Erin Lopez', '5163878838', 'cnguyen@example.com', 'F', '4754622779', 11);
INSERT INTO CUSTOMER (ID_Customer, CustomerName, PhoneNumber, Email, Gender, SSID, ID_Card) VALUES (12, 'Matthew Williams', '2288052716', 'hwatson@example.net', 'F', '8650082898', 12);
INSERT INTO CUSTOMER (ID_Customer, CustomerName, PhoneNumber, Email, Gender, SSID, ID_Card) VALUES (13, 'Holly Jenkins', '8768692248', 'williamdixon@example.net', 'F', '0841619985', 13);
INSERT INTO CUSTOMER (ID_Customer, CustomerName, PhoneNumber, Email, Gender, SSID, ID_Card) VALUES (14, 'Joyce Fischer', '5415261710', 'lowedaniel@example.org', 'M', '8800156105', 14);
INSERT INTO CUSTOMER (ID_Customer, CustomerName, PhoneNumber, Email, Gender, SSID, ID_Card) VALUES (15, 'Jason Flowers', '2955873447', 'brianwilliamson@example.com', 'F', '3667386746', 15);
INSERT INTO CUSTOMER (ID_Customer, CustomerName, PhoneNumber, Email, Gender, SSID, ID_Card) VALUES (16, 'Kim Vazquez', '9337750773', 'whitakerjason@example.org', 'F', '6964612813', 16);
INSERT INTO CUSTOMER (ID_Customer, CustomerName, PhoneNumber, Email, Gender, SSID, ID_Card) VALUES (17, 'Mandy Travis', '6757984887', 'eugenegarcia@example.com', 'M', '2490957867', 17);
INSERT INTO CUSTOMER (ID_Customer, CustomerName, PhoneNumber, Email, Gender, SSID, ID_Card) VALUES (18, 'Marcia Rodriguez', '8580263595', 'johngilbert@example.org', 'F', '0506799304', 18);
INSERT INTO CUSTOMER (ID_Customer, CustomerName, PhoneNumber, Email, Gender, SSID, ID_Card) VALUES (19, 'Christopher Barron MD', '5944864749', 'xfritz@example.net', 'F', '8930366602', 19);
INSERT INTO CUSTOMER (ID_Customer, CustomerName, PhoneNumber, Email, Gender, SSID, ID_Card) VALUES (20, 'Tammy Romero', '9698691050', 'fhunt@example.org', 'M', '0382725069', 20);
INSERT INTO CUSTOMER (ID_Customer, CustomerName, PhoneNumber, Email, Gender, SSID, ID_Card) VALUES (21, 'David Jones', '9721906354', 'alyssa58@example.org', 'M', '0271238927', 21);
INSERT INTO CUSTOMER (ID_Customer, CustomerName, PhoneNumber, Email, Gender, SSID, ID_Card) VALUES (22, 'Rhonda Rodriguez', '2756114570', 'alexis72@example.com', 'M', '7328768516', 22);
INSERT INTO CUSTOMER (ID_Customer, CustomerName, PhoneNumber, Email, Gender, SSID, ID_Card) VALUES (23, 'Paul Perry', '2836994066', 'freywilliam@example.org', 'M', '8218203390', 23);
INSERT INTO CUSTOMER (ID_Customer, CustomerName, PhoneNumber, Email, Gender, SSID, ID_Card) VALUES (24, 'Lisa Martinez', '8134527803', 'pgray@example.net', 'M', '8926197960', 24);
INSERT INTO CUSTOMER (ID_Customer, CustomerName, PhoneNumber, Email, Gender, SSID, ID_Card) VALUES (25, 'Tiffany Sanchez', '4787673570', 'hunter94@example.net', 'F', '3518777268', 25);
INSERT INTO CUSTOMER (ID_Customer, CustomerName, PhoneNumber, Email, Gender, SSID, ID_Card) VALUES (26, 'Alison Gonzalez', '7017640245', 'stephen20@example.net', 'F', '2372128373', 26);
INSERT INTO CUSTOMER (ID_Customer, CustomerName, PhoneNumber, Email, Gender, SSID, ID_Card) VALUES (27, 'Kimberly Lopez', '1800087513', 'dzhang@example.org', 'M', '4761823307', 27);
INSERT INTO CUSTOMER (ID_Customer, CustomerName, PhoneNumber, Email, Gender, SSID, ID_Card) VALUES (28, 'Michael Byrd', '6509679655', 'stacy96@example.com', 'F', '1996708401', 28);
INSERT INTO CUSTOMER (ID_Customer, CustomerName, PhoneNumber, Email, Gender, SSID, ID_Card) VALUES (29, 'Jaime Ball', '2704161885', 'thomaseaton@example.com', 'M', '7899375419', 29);
INSERT INTO CUSTOMER (ID_Customer, CustomerName, PhoneNumber, Email, Gender, SSID, ID_Card) VALUES (30, 'Michelle Collins', '7855834339', 'hernandezdalton@example.net', 'F', '7115889792', 30);
INSERT INTO CUSTOMER (ID_Customer, CustomerName, PhoneNumber, Email, Gender, SSID, ID_Card) VALUES (31, 'Joseph Aguirre', '2111871524', 'jennifer99@example.com', 'F', '7060828785', 31);
INSERT INTO CUSTOMER (ID_Customer, CustomerName, PhoneNumber, Email, Gender, SSID, ID_Card) VALUES (32, 'Julia Turner', '4836904551', 'deborah48@example.org', 'M', '6359532536', 32);
INSERT INTO CUSTOMER (ID_Customer, CustomerName, PhoneNumber, Email, Gender, SSID, ID_Card) VALUES (33, 'Jennifer Bennett', '6240908410', 'qrivera@example.org', 'F', '2277347131', 33);
INSERT INTO CUSTOMER (ID_Customer, CustomerName, PhoneNumber, Email, Gender, SSID, ID_Card) VALUES (34, 'Kristi Zimmerman', '6303090925', 'kimberly75@example.com', 'M', '7294660931', 34);
INSERT INTO CUSTOMER (ID_Customer, CustomerName, PhoneNumber, Email, Gender, SSID, ID_Card) VALUES (35, 'Erik White', '6081453835', 'smunoz@example.org', 'M', '5457672182', 35);
INSERT INTO CUSTOMER (ID_Customer, CustomerName, PhoneNumber, Email, Gender, SSID, ID_Card) VALUES (36, 'Morgan Benson', '4255189152', 'suarezmark@example.org', 'F', '5713655173', 36);
INSERT INTO CUSTOMER (ID_Customer, CustomerName, PhoneNumber, Email, Gender, SSID, ID_Card) VALUES (37, 'Christopher Neal', '0022636111', 'browndustin@example.org', 'F', '1109833193', 37);
INSERT INTO CUSTOMER (ID_Customer, CustomerName, PhoneNumber, Email, Gender, SSID, ID_Card) VALUES (38, 'Olivia Freeman', '3510788274', 'kevinevans@example.net', 'F', '7095233168', 38);
INSERT INTO CUSTOMER (ID_Customer, CustomerName, PhoneNumber, Email, Gender, SSID, ID_Card) VALUES (39, 'Maria Guzman', '7203708191', 'brandttanya@example.com', 'F', '4991927391', 39);
INSERT INTO CUSTOMER (ID_Customer, CustomerName, PhoneNumber, Email, Gender, SSID, ID_Card) VALUES (40, 'Walter Turner', '9868508519', 'deborahsmith@example.net', 'F', '0404084450', 40);
INSERT INTO CUSTOMER (ID_Customer, CustomerName, PhoneNumber, Email, Gender, SSID, ID_Card) VALUES (41, 'Sabrina Atkinson', '7636124719', 'brettmoore@example.com', 'F', '8473823922', 41);
INSERT INTO CUSTOMER (ID_Customer, CustomerName, PhoneNumber, Email, Gender, SSID, ID_Card) VALUES (42, 'Jeffrey Stevens', '5201669630', 'jay74@example.com', 'M', '7768133445', 42);
INSERT INTO CUSTOMER (ID_Customer, CustomerName, PhoneNumber, Email, Gender, SSID, ID_Card) VALUES (43, 'Colleen Brown', '9006560111', 'zcampbell@example.net', 'F', '4452876439', 43);
INSERT INTO CUSTOMER (ID_Customer, CustomerName, PhoneNumber, Email, Gender, SSID, ID_Card) VALUES (44, 'Kathryn Olson', '2804249977', 'grimeslori@example.com', 'F', '4540874797', 44);
INSERT INTO CUSTOMER (ID_Customer, CustomerName, PhoneNumber, Email, Gender, SSID, ID_Card) VALUES (45, 'Stephanie Wilson', '1260471708', 'arnoldjames@example.net', 'M', '9552703788', 45);
INSERT INTO CUSTOMER (ID_Customer, CustomerName, PhoneNumber, Email, Gender, SSID, ID_Card) VALUES (46, 'William Bryant', '5153387775', 'anthony24@example.org', 'M', '0434327150', 46);
INSERT INTO CUSTOMER (ID_Customer, CustomerName, PhoneNumber, Email, Gender, SSID, ID_Card) VALUES (47, 'David Young', '9336553685', 'dmitchell@example.org', 'M', '9164799900', 47);
INSERT INTO CUSTOMER (ID_Customer, CustomerName, PhoneNumber, Email, Gender, SSID, ID_Card) VALUES (48, 'Stephen Walker', '9830234906', 'deborahspence@example.net', 'M', '9196136848', 48);
INSERT INTO CUSTOMER (ID_Customer, CustomerName, PhoneNumber, Email, Gender, SSID, ID_Card) VALUES (49, 'Susan Wright', '8336040294', 'mitchellheather@example.net', 'F', '1826569333', 49);
INSERT INTO CUSTOMER (ID_Customer, CustomerName, PhoneNumber, Email, Gender, SSID, ID_Card) VALUES (50, 'Matthew Kennedy', '1843330702', 'vhall@example.com', 'M', '5347662010', 50);
INSERT INTO CUSTOMER (ID_Customer, CustomerName, PhoneNumber, Email, Gender, SSID, ID_Card) VALUES (51, 'Natalie White', '6388941017', 'john83@example.org', 'F', '1161922808', 51);
INSERT INTO CUSTOMER (ID_Customer, CustomerName, PhoneNumber, Email, Gender, SSID, ID_Card) VALUES (52, 'Kelly Page', '0277233161', 'hdorsey@example.com', 'F', '1186288496', 52);
INSERT INTO CUSTOMER (ID_Customer, CustomerName, PhoneNumber, Email, Gender, SSID, ID_Card) VALUES (53, 'Lawrence Miller', '8426570030', 'vbrown@example.org', 'M', '3879664461', 53);
INSERT INTO CUSTOMER (ID_Customer, CustomerName, PhoneNumber, Email, Gender, SSID, ID_Card) VALUES (54, 'Christina Bradford', '6374663687', 'salinasdavid@example.org', 'F', '5118071666', 54);
INSERT INTO CUSTOMER (ID_Customer, CustomerName, PhoneNumber, Email, Gender, SSID, ID_Card) VALUES (55, 'Sean Hernandez', '6341368716', 'alexanderbrittney@example.org', 'M', '6547240466', 55);
INSERT INTO CUSTOMER (ID_Customer, CustomerName, PhoneNumber, Email, Gender, SSID, ID_Card) VALUES (56, 'Heidi Cunningham', '8481010764', 'mmcfarland@example.org', 'F', '6431427274', 56);
INSERT INTO CUSTOMER (ID_Customer, CustomerName, PhoneNumber, Email, Gender, SSID, ID_Card) VALUES (57, 'Barbara Brewer', '6792784002', 'thomascole@example.net', 'M', '7629517630', 57);
INSERT INTO CUSTOMER (ID_Customer, CustomerName, PhoneNumber, Email, Gender, SSID, ID_Card) VALUES (58, 'Leroy Taylor', '8735147699', 'cwiley@example.net', 'F', '2641824693', 58);
INSERT INTO CUSTOMER (ID_Customer, CustomerName, PhoneNumber, Email, Gender, SSID, ID_Card) VALUES (59, 'Michael Campbell', '9349185927', 'dianapeterson@example.net', 'F', '8811770367', 59);
INSERT INTO CUSTOMER (ID_Customer, CustomerName, PhoneNumber, Email, Gender, SSID, ID_Card) VALUES (60, 'Edward Campbell', '4646818579', 'robert02@example.net', 'M', '1072205769', 60);
INSERT INTO CUSTOMER (ID_Customer, CustomerName, PhoneNumber, Email, Gender, SSID, ID_Card) VALUES (61, 'Amanda James', '9230092679', 'kristi64@example.net', 'F', '1246286421', 61);
INSERT INTO CUSTOMER (ID_Customer, CustomerName, PhoneNumber, Email, Gender, SSID, ID_Card) VALUES (62, 'Steven Deleon', '8031750080', 'smcpherson@example.net', 'F', '2488421319', 62);
INSERT INTO CUSTOMER (ID_Customer, CustomerName, PhoneNumber, Email, Gender, SSID, ID_Card) VALUES (63, 'Charles Adams', '0263955166', 'waltonchristine@example.com', 'F', '4664516705', 63);
INSERT INTO CUSTOMER (ID_Customer, CustomerName, PhoneNumber, Email, Gender, SSID, ID_Card) VALUES (64, 'Crystal Paul', '0903171478', 'morenojenny@example.org', 'M', '8726416138', 64);
INSERT INTO CUSTOMER (ID_Customer, CustomerName, PhoneNumber, Email, Gender, SSID, ID_Card) VALUES (65, 'David Howard', '7189033427', 'dianeanderson@example.com', 'M', '6993543271', 65);
INSERT INTO CUSTOMER (ID_Customer, CustomerName, PhoneNumber, Email, Gender, SSID, ID_Card) VALUES (66, 'Scott Kramer', '3846949069', 'martinjoseph@example.org', 'M', '2272500886', 66);
INSERT INTO CUSTOMER (ID_Customer, CustomerName, PhoneNumber, Email, Gender, SSID, ID_Card) VALUES (67, 'Dustin Carter MD', '4051653588', 'vhoward@example.com', 'F', '5220162004', 67);
INSERT INTO CUSTOMER (ID_Customer, CustomerName, PhoneNumber, Email, Gender, SSID, ID_Card) VALUES (68, 'Kimberly Pierce', '6697551658', 'tony34@example.net', 'F', '6205008571', 68);
INSERT INTO CUSTOMER (ID_Customer, CustomerName, PhoneNumber, Email, Gender, SSID, ID_Card) VALUES (69, 'Stephen Baker', '5189729542', 'brianmccann@example.org', 'F', '6324398244', 69);
INSERT INTO CUSTOMER (ID_Customer, CustomerName, PhoneNumber, Email, Gender, SSID, ID_Card) VALUES (70, 'Austin Gardner', '6865555928', 'heather62@example.org', 'M', '5816557766', 70);
INSERT INTO CUSTOMER (ID_Customer, CustomerName, PhoneNumber, Email, Gender, SSID, ID_Card) VALUES (71, 'Kimberly Stewart', '4962303266', 'chapmanbarbara@example.com', 'F', '3945980990', 71);
INSERT INTO CUSTOMER (ID_Customer, CustomerName, PhoneNumber, Email, Gender, SSID, ID_Card) VALUES (72, 'James Jackson', '0891352828', 'daniel30@example.com', 'M', '0692821409', 72);
INSERT INTO CUSTOMER (ID_Customer, CustomerName, PhoneNumber, Email, Gender, SSID, ID_Card) VALUES (73, 'Shari Stark', '8373621711', 'jacob50@example.com', 'F', '7456687728', 73);
INSERT INTO CUSTOMER (ID_Customer, CustomerName, PhoneNumber, Email, Gender, SSID, ID_Card) VALUES (74, 'Kenneth Wolf', '0769276306', 'mendozagina@example.net', 'M', '5563978699', 74);
INSERT INTO CUSTOMER (ID_Customer, CustomerName, PhoneNumber, Email, Gender, SSID, ID_Card) VALUES (75, 'Marcus Summers', '5584177809', 'reynoldsanthony@example.com', 'M', '5353073888', 75);
INSERT INTO CUSTOMER (ID_Customer, CustomerName, PhoneNumber, Email, Gender, SSID, ID_Card) VALUES (76, 'Stephen Torres', '7861166026', 'billysanders@example.com', 'M', '5006564263', 76);
INSERT INTO CUSTOMER (ID_Customer, CustomerName, PhoneNumber, Email, Gender, SSID, ID_Card) VALUES (77, 'Walter Atkinson', '5970236611', 'fhuber@example.com', 'M', '3252742973', 77);
INSERT INTO CUSTOMER (ID_Customer, CustomerName, PhoneNumber, Email, Gender, SSID, ID_Card) VALUES (78, 'Christopher Blake', '8510101902', 'ncole@example.org', 'M', '9327591683', 78);
INSERT INTO CUSTOMER (ID_Customer, CustomerName, PhoneNumber, Email, Gender, SSID, ID_Card) VALUES (79, 'Tonya Wong', '8579762601', 'umoss@example.com', 'M', '0323479113', 79);
INSERT INTO CUSTOMER (ID_Customer, CustomerName, PhoneNumber, Email, Gender, SSID, ID_Card) VALUES (80, 'Alicia Cabrera', '7854051061', 'david44@example.com', 'F', '6113938597', 80);
INSERT INTO CUSTOMER (ID_Customer, CustomerName, PhoneNumber, Email, Gender, SSID, ID_Card) VALUES (81, 'Timothy Wood', '1357611875', 'eatonblake@example.com', 'M', '6617443183', 81);
INSERT INTO CUSTOMER (ID_Customer, CustomerName, PhoneNumber, Email, Gender, SSID, ID_Card) VALUES (82, 'Paul Zimmerman', '9513975899', 'warnerdavid@example.com', 'M', '5998321933', 82);
INSERT INTO CUSTOMER (ID_Customer, CustomerName, PhoneNumber, Email, Gender, SSID, ID_Card) VALUES (83, 'Nicole Wang', '2419862005', 'wrightautumn@example.com', 'F', '4854696542', 83);
INSERT INTO CUSTOMER (ID_Customer, CustomerName, PhoneNumber, Email, Gender, SSID, ID_Card) VALUES (84, 'Karen Franklin', '6110823558', 'brandon46@example.org', 'M', '5656138594', 84);
INSERT INTO CUSTOMER (ID_Customer, CustomerName, PhoneNumber, Email, Gender, SSID, ID_Card) VALUES (85, 'Kathryn Blevins', '3453125822', 'shawnkemp@example.net', 'F', '9049714386', 85);
INSERT INTO CUSTOMER (ID_Customer, CustomerName, PhoneNumber, Email, Gender, SSID, ID_Card) VALUES (86, 'Jennifer Williams', '2564158430', 'josephmosley@example.com', 'M', '8670916288', 86);
INSERT INTO CUSTOMER (ID_Customer, CustomerName, PhoneNumber, Email, Gender, SSID, ID_Card) VALUES (87, 'Lori Wells', '9553653449', 'joseph27@example.com', 'M', '2816250024', 87);
INSERT INTO CUSTOMER (ID_Customer, CustomerName, PhoneNumber, Email, Gender, SSID, ID_Card) VALUES (88, 'Dennis Drake', '0770303123', 'ashleyfisher@example.org', 'M', '2864183236', 88);
INSERT INTO CUSTOMER (ID_Customer, CustomerName, PhoneNumber, Email, Gender, SSID, ID_Card) VALUES (89, 'Brandon Owens', '1770928516', 'jamie40@example.net', 'F', '5887888771', 89);
INSERT INTO CUSTOMER (ID_Customer, CustomerName, PhoneNumber, Email, Gender, SSID, ID_Card) VALUES (90, 'Derek Williams', '2635021147', 'maysallison@example.net', 'F', '3690881989', 90);
INSERT INTO CUSTOMER (ID_Customer, CustomerName, PhoneNumber, Email, Gender, SSID, ID_Card) VALUES (91, 'Tonya Davis', '5435870913', 'lisabrown@example.org', 'M', '8898930536', 91);
INSERT INTO CUSTOMER (ID_Customer, CustomerName, PhoneNumber, Email, Gender, SSID, ID_Card) VALUES (92, 'Jennifer Ortiz', '7571853378', 'oliveralexander@example.net', 'M', '1095687818', 92);
INSERT INTO CUSTOMER (ID_Customer, CustomerName, PhoneNumber, Email, Gender, SSID, ID_Card) VALUES (93, 'Alexandra Andrews', '9617438254', 'zwagner@example.com', 'M', '2464473486', 93);
INSERT INTO CUSTOMER (ID_Customer, CustomerName, PhoneNumber, Email, Gender, SSID, ID_Card) VALUES (94, 'Shelly Brown', '7684111251', 'william93@example.org', 'M', '0849496957', 94);
INSERT INTO CUSTOMER (ID_Customer, CustomerName, PhoneNumber, Email, Gender, SSID, ID_Card) VALUES (95, 'Kevin Martin', '9068990401', 'iramos@example.com', 'F', '7093461546', 95);
INSERT INTO CUSTOMER (ID_Customer, CustomerName, PhoneNumber, Email, Gender, SSID, ID_Card) VALUES (96, 'Linda Carr', '7989957096', 'johnsonlaura@example.org', 'F', '7060962497', 96);
INSERT INTO CUSTOMER (ID_Customer, CustomerName, PhoneNumber, Email, Gender, SSID, ID_Card) VALUES (97, 'Stephen Villarreal', '2010002746', 'madison18@example.org', 'M', '2174125980', 97);
INSERT INTO CUSTOMER (ID_Customer, CustomerName, PhoneNumber, Email, Gender, SSID, ID_Card) VALUES (98, 'Donna Collins', '9856823509', 'schultztroy@example.org', 'M', '9944061097', 98);
INSERT INTO CUSTOMER (ID_Customer, CustomerName, PhoneNumber, Email, Gender, SSID, ID_Card) VALUES (99, 'Jack Rubio', '2821088100', 'landrews@example.com', 'M', '3118988834', 99);
INSERT INTO CUSTOMER (ID_Customer, CustomerName, PhoneNumber, Email, Gender, SSID, ID_Card) VALUES (100, 'Melissa Lane', '8945086864', 'benjaminevans@example.com', 'F', '7837274024', 100);
INSERT INTO CUSTOMER (ID_Customer, CustomerName, PhoneNumber, Email, Gender, SSID, ID_Card) VALUES (101, 'Amber Figueroa', '4724494551', 'eirwin@example.com', 'F', '3538617856', 101);
INSERT INTO CUSTOMER (ID_Customer, CustomerName, PhoneNumber, Email, Gender, SSID, ID_Card) VALUES (102, 'Willie Leblanc', '8162013052', 'askinner@example.net', 'M', '0722142937', 102);
INSERT INTO CUSTOMER (ID_Customer, CustomerName, PhoneNumber, Email, Gender, SSID, ID_Card) VALUES (103, 'Christian Durham', '1955976622', 'william12@example.net', 'M', '4059361854', 103);
INSERT INTO CUSTOMER (ID_Customer, CustomerName, PhoneNumber, Email, Gender, SSID, ID_Card) VALUES (104, 'Michael Roberts', '7992841942', 'juanmitchell@example.net', 'M', '7451335056', 104);
INSERT INTO CUSTOMER (ID_Customer, CustomerName, PhoneNumber, Email, Gender, SSID, ID_Card) VALUES (105, 'Tiffany Garcia', '3308175985', 'natalie90@example.com', 'M', '5970560302', 105);
INSERT INTO CUSTOMER (ID_Customer, CustomerName, PhoneNumber, Email, Gender, SSID, ID_Card) VALUES (106, 'Stephanie Robbins', '2989502528', 'jeremy66@example.com', 'F', '3927630097', 106);
INSERT INTO CUSTOMER (ID_Customer, CustomerName, PhoneNumber, Email, Gender, SSID, ID_Card) VALUES (107, 'Angela Glass', '4083488015', 'gware@example.com', 'M', '5958449696', 107);
INSERT INTO CUSTOMER (ID_Customer, CustomerName, PhoneNumber, Email, Gender, SSID, ID_Card) VALUES (108, 'Mark Hoffman', '4466501138', 'vaughnjennifer@example.net', 'M', '6696944821', 108);
INSERT INTO CUSTOMER (ID_Customer, CustomerName, PhoneNumber, Email, Gender, SSID, ID_Card) VALUES (109, 'Helen Smith', '4918927684', 'alicia39@example.com', 'M', '1466914642', 109);
INSERT INTO CUSTOMER (ID_Customer, CustomerName, PhoneNumber, Email, Gender, SSID, ID_Card) VALUES (110, 'Tina Henderson', '8324290774', 'david27@example.net', 'F', '1440270956', 110);
INSERT INTO CUSTOMER (ID_Customer, CustomerName, PhoneNumber, Email, Gender, SSID, ID_Card) VALUES (111, 'Ryan Valentine', '3391886516', 'sandra02@example.com', 'F', '3490520614', 111);
INSERT INTO CUSTOMER (ID_Customer, CustomerName, PhoneNumber, Email, Gender, SSID, ID_Card) VALUES (112, 'Alejandro Lewis', '6041831787', 'bennettvictor@example.net', 'M', '8677218844', 112);
INSERT INTO CUSTOMER (ID_Customer, CustomerName, PhoneNumber, Email, Gender, SSID, ID_Card) VALUES (113, 'Lindsey Anderson', '8254397439', 'michael79@example.org', 'M', '2128601399', 113);
INSERT INTO CUSTOMER (ID_Customer, CustomerName, PhoneNumber, Email, Gender, SSID, ID_Card) VALUES (114, 'Wayne Novak', '8790229317', 'bgarcia@example.net', 'F', '7913972244', 114);
INSERT INTO CUSTOMER (ID_Customer, CustomerName, PhoneNumber, Email, Gender, SSID, ID_Card) VALUES (115, 'Emily Collins', '5948261174', 'jamescynthia@example.net', 'M', '4017681801', 115);
INSERT INTO CUSTOMER (ID_Customer, CustomerName, PhoneNumber, Email, Gender, SSID, ID_Card) VALUES (116, 'Sharon Miller', '9148080875', 'aclark@example.org', 'M', '6321467203', 116);
INSERT INTO CUSTOMER (ID_Customer, CustomerName, PhoneNumber, Email, Gender, SSID, ID_Card) VALUES (117, 'Brenda Pineda', '5197965771', 'brownsusan@example.net', 'F', '8318809227', 117);
INSERT INTO CUSTOMER (ID_Customer, CustomerName, PhoneNumber, Email, Gender, SSID, ID_Card) VALUES (118, 'Tanya Johnson', '7955359269', 'emilynoble@example.org', 'F', '0614331715', 118);
INSERT INTO CUSTOMER (ID_Customer, CustomerName, PhoneNumber, Email, Gender, SSID, ID_Card) VALUES (119, 'David Schultz DVM', '5379320075', 'brenthenderson@example.net', 'M', '5526840277', 119);
INSERT INTO CUSTOMER (ID_Customer, CustomerName, PhoneNumber, Email, Gender, SSID, ID_Card) VALUES (120, 'Jonathan Ochoa', '9799108625', 'amy90@example.org', 'M', '8379155588', 120);
INSERT INTO CUSTOMER (ID_Customer, CustomerName, PhoneNumber, Email, Gender, SSID, ID_Card) VALUES (121, 'Steven Pruitt', '2115722740', 'andreaburgess@example.net', 'M', '9552364421', 121);
INSERT INTO CUSTOMER (ID_Customer, CustomerName, PhoneNumber, Email, Gender, SSID, ID_Card) VALUES (122, 'Edgar Warren', '7141260733', 'christensenkristie@example.net', 'M', '8291422397', 122);
INSERT INTO CUSTOMER (ID_Customer, CustomerName, PhoneNumber, Email, Gender, SSID, ID_Card) VALUES (123, 'Joshua Mcdonald', '9250648338', 'jenniferclark@example.net', 'F', '6244959128', 123);
INSERT INTO CUSTOMER (ID_Customer, CustomerName, PhoneNumber, Email, Gender, SSID, ID_Card) VALUES (124, 'Mr. Robert Mendoza', '6671360240', 'molinastephanie@example.com', 'F', '2055647688', 124);
INSERT INTO CUSTOMER (ID_Customer, CustomerName, PhoneNumber, Email, Gender, SSID, ID_Card) VALUES (125, 'Krystal Madden', '2812986756', 'nlane@example.net', 'M', '6098552684', 125);
INSERT INTO CUSTOMER (ID_Customer, CustomerName, PhoneNumber, Email, Gender, SSID, ID_Card) VALUES (126, 'Ashley Avila', '4992563718', 'daviesdavid@example.org', 'F', '1623577990', 126);
INSERT INTO CUSTOMER (ID_Customer, CustomerName, PhoneNumber, Email, Gender, SSID, ID_Card) VALUES (127, 'Melanie Long', '1320212223', 'kara33@example.com', 'F', '8865094173', 127);
INSERT INTO CUSTOMER (ID_Customer, CustomerName, PhoneNumber, Email, Gender, SSID, ID_Card) VALUES (128, 'Philip Roberts PhD', '2620433812', 'gmartinez@example.org', 'M', '8396111375', 128);
INSERT INTO CUSTOMER (ID_Customer, CustomerName, PhoneNumber, Email, Gender, SSID, ID_Card) VALUES (129, 'Tina Johnson', '8282696093', 'johnsonkelly@example.net', 'M', '6372497235', 129);
INSERT INTO CUSTOMER (ID_Customer, CustomerName, PhoneNumber, Email, Gender, SSID, ID_Card) VALUES (130, 'Kayla Vasquez', '9757942388', 'brendaparker@example.org', 'F', '0585250869', 130);
INSERT INTO CUSTOMER (ID_Customer, CustomerName, PhoneNumber, Email, Gender, SSID, ID_Card) VALUES (131, 'Rhonda Griffin', '8533196162', 'mikereyes@example.com', 'F', '9580292581', 131);
INSERT INTO CUSTOMER (ID_Customer, CustomerName, PhoneNumber, Email, Gender, SSID, ID_Card) VALUES (132, 'Sarah Cole', '6474247728', 'paul45@example.org', 'F', '4064735932', 132);
INSERT INTO CUSTOMER (ID_Customer, CustomerName, PhoneNumber, Email, Gender, SSID, ID_Card) VALUES (133, 'Gary Taylor', '3192748815', 'hammondmichael@example.net', 'F', '0899711740', 133);
INSERT INTO CUSTOMER (ID_Customer, CustomerName, PhoneNumber, Email, Gender, SSID, ID_Card) VALUES (134, 'Jose Smith', '0057177894', 'guerravickie@example.net', 'F', '2999297300', 134);
INSERT INTO CUSTOMER (ID_Customer, CustomerName, PhoneNumber, Email, Gender, SSID, ID_Card) VALUES (135, 'Samantha Roberts', '5787844424', 'jessicadavis@example.com', 'M', '2732426282', 135);
INSERT INTO CUSTOMER (ID_Customer, CustomerName, PhoneNumber, Email, Gender, SSID, ID_Card) VALUES (136, 'Kristin Landry', '7681618218', 'qjensen@example.net', 'M', '0806450586', 136);
INSERT INTO CUSTOMER (ID_Customer, CustomerName, PhoneNumber, Email, Gender, SSID, ID_Card) VALUES (137, 'Stephanie Evans', '2464245267', 'carsonelizabeth@example.org', 'F', '8127374266', 137);
INSERT INTO CUSTOMER (ID_Customer, CustomerName, PhoneNumber, Email, Gender, SSID, ID_Card) VALUES (138, 'Chad Holmes', '9045865658', 'khill@example.org', 'M', '3594456223', 138);
INSERT INTO CUSTOMER (ID_Customer, CustomerName, PhoneNumber, Email, Gender, SSID, ID_Card) VALUES (139, 'John Adams', '4714697445', 'elizabeth68@example.org', 'F', '6146039827', 139);
INSERT INTO CUSTOMER (ID_Customer, CustomerName, PhoneNumber, Email, Gender, SSID, ID_Card) VALUES (140, 'Christopher Smith', '1082559756', 'dustindickson@example.org', 'F', '5801569812', 140);
INSERT INTO CUSTOMER (ID_Customer, CustomerName, PhoneNumber, Email, Gender, SSID, ID_Card) VALUES (141, 'James Krause', '3403983853', 'baileythompson@example.com', 'M', '1646308665', 141);
INSERT INTO CUSTOMER (ID_Customer, CustomerName, PhoneNumber, Email, Gender, SSID, ID_Card) VALUES (142, 'Cody Rodriguez', '6463383991', 'brett14@example.org', 'F', '2048369566', 142);
INSERT INTO CUSTOMER (ID_Customer, CustomerName, PhoneNumber, Email, Gender, SSID, ID_Card) VALUES (143, 'Morgan Villegas', '2851596459', 'hicksmichael@example.org', 'M', '4292479023', 143);
INSERT INTO CUSTOMER (ID_Customer, CustomerName, PhoneNumber, Email, Gender, SSID, ID_Card) VALUES (144, 'Jennifer Johnson', '1352509958', 'rachelgutierrez@example.org', 'M', '0644084393', 144);
INSERT INTO CUSTOMER (ID_Customer, CustomerName, PhoneNumber, Email, Gender, SSID, ID_Card) VALUES (145, 'Howard Cordova', '0310816366', 'ashleymartin@example.org', 'M', '7969641851', 145);
INSERT INTO CUSTOMER (ID_Customer, CustomerName, PhoneNumber, Email, Gender, SSID, ID_Card) VALUES (146, 'Felicia Wright', '6700425061', 'emunoz@example.org', 'M', '9144450435', 146);
INSERT INTO CUSTOMER (ID_Customer, CustomerName, PhoneNumber, Email, Gender, SSID, ID_Card) VALUES (147, 'Michael Ayers', '2338246477', 'ashley00@example.net', 'F', '9283670500', 147);
INSERT INTO CUSTOMER (ID_Customer, CustomerName, PhoneNumber, Email, Gender, SSID, ID_Card) VALUES (148, 'Dawn Shepherd', '7040675106', 'darrell84@example.org', 'M', '0255112924', 148);
INSERT INTO CUSTOMER (ID_Customer, CustomerName, PhoneNumber, Email, Gender, SSID, ID_Card) VALUES (149, 'Wendy Ferrell', '1315768835', 'williamcastillo@example.net', 'M', '0844025415', 149);
INSERT INTO CUSTOMER (ID_Customer, CustomerName, PhoneNumber, Email, Gender, SSID, ID_Card) VALUES (150, 'John Butler', '2847079195', 'michelle72@example.com', 'M', '7062937989', 150);
INSERT INTO CUSTOMER (ID_Customer, CustomerName, PhoneNumber, Email, Gender, SSID, ID_Card) VALUES (151, 'Joe Moon', '9590156378', 'jill85@example.org', 'F', '3087152129', 151);
INSERT INTO CUSTOMER (ID_Customer, CustomerName, PhoneNumber, Email, Gender, SSID, ID_Card) VALUES (152, 'Daniel Bates', '1344851289', 'ucrawford@example.com', 'F', '2485807196', 152);
INSERT INTO CUSTOMER (ID_Customer, CustomerName, PhoneNumber, Email, Gender, SSID, ID_Card) VALUES (153, 'Taylor Kennedy', '5497076787', 'rebecca77@example.com', 'M', '2560275793', 153);
INSERT INTO CUSTOMER (ID_Customer, CustomerName, PhoneNumber, Email, Gender, SSID, ID_Card) VALUES (154, 'Hayley Martin', '9851928948', 'riddlestephanie@example.org', 'M', '2878727821', 154);
INSERT INTO CUSTOMER (ID_Customer, CustomerName, PhoneNumber, Email, Gender, SSID, ID_Card) VALUES (155, 'John Hancock', '5016152805', 'ymontgomery@example.com', 'F', '9703134358', 155);
INSERT INTO CUSTOMER (ID_Customer, CustomerName, PhoneNumber, Email, Gender, SSID, ID_Card) VALUES (156, 'Kathryn Brooks', '2619811149', 'thomasowens@example.org', 'F', '0067367945', 156);
INSERT INTO CUSTOMER (ID_Customer, CustomerName, PhoneNumber, Email, Gender, SSID, ID_Card) VALUES (157, 'Teresa Stokes', '2138848332', 'igutierrez@example.org', 'F', '8472261090', 157);
INSERT INTO CUSTOMER (ID_Customer, CustomerName, PhoneNumber, Email, Gender, SSID, ID_Card) VALUES (158, 'Tina Bowen', '8766829620', 'cooperbrian@example.net', 'M', '0938250673', 158);
INSERT INTO CUSTOMER (ID_Customer, CustomerName, PhoneNumber, Email, Gender, SSID, ID_Card) VALUES (159, 'Christopher Sanchez', '4748355419', 'jonathandavies@example.org', 'M', '7838665385', 159);
INSERT INTO CUSTOMER (ID_Customer, CustomerName, PhoneNumber, Email, Gender, SSID, ID_Card) VALUES (160, 'Kelsey Ramirez', '3038024240', 'ryan82@example.com', 'M', '1221345737', 160);
INSERT INTO CUSTOMER (ID_Customer, CustomerName, PhoneNumber, Email, Gender, SSID, ID_Card) VALUES (161, 'Michelle Phelps', '4366295517', 'evincent@example.org', 'F', '2358382556', 161);
INSERT INTO CUSTOMER (ID_Customer, CustomerName, PhoneNumber, Email, Gender, SSID, ID_Card) VALUES (162, 'Brittany Knight', '4591107124', 'alexa55@example.net', 'M', '3776962050', 162);
INSERT INTO CUSTOMER (ID_Customer, CustomerName, PhoneNumber, Email, Gender, SSID, ID_Card) VALUES (163, 'Thomas Logan', '0233339602', 'thomas99@example.org', 'M', '3728559397', 163);
INSERT INTO CUSTOMER (ID_Customer, CustomerName, PhoneNumber, Email, Gender, SSID, ID_Card) VALUES (164, 'Monica Nicholson', '6481141100', 'pjones@example.com', 'M', '1123155546', 164);
INSERT INTO CUSTOMER (ID_Customer, CustomerName, PhoneNumber, Email, Gender, SSID, ID_Card) VALUES (165, 'Nicole Cunningham', '3911359095', 'michael36@example.net', 'F', '6551135990', 165);
INSERT INTO CUSTOMER (ID_Customer, CustomerName, PhoneNumber, Email, Gender, SSID, ID_Card) VALUES (166, 'Jack Johnson', '5744764369', 'patrickjohnson@example.com', 'M', '4084654173', 166);
INSERT INTO CUSTOMER (ID_Customer, CustomerName, PhoneNumber, Email, Gender, SSID, ID_Card) VALUES (167, 'Shawn Beck', '4980539774', 'campbellmichael@example.com', 'F', '4378081234', 167);
INSERT INTO CUSTOMER (ID_Customer, CustomerName, PhoneNumber, Email, Gender, SSID, ID_Card) VALUES (168, 'Anthony Garcia', '7171586701', 'yreed@example.com', 'F', '1698353749', 168);
INSERT INTO CUSTOMER (ID_Customer, CustomerName, PhoneNumber, Email, Gender, SSID, ID_Card) VALUES (169, 'Paul Smith', '2800226484', 'ericaowens@example.net', 'F', '6923177669', 169);
INSERT INTO CUSTOMER (ID_Customer, CustomerName, PhoneNumber, Email, Gender, SSID, ID_Card) VALUES (170, 'Erica Calhoun', '8239806206', 'cindy96@example.net', 'M', '6197890277', 170);
INSERT INTO CUSTOMER (ID_Customer, CustomerName, PhoneNumber, Email, Gender, SSID, ID_Card) VALUES (171, 'Pamela Munoz', '9942403409', 'waltonamanda@example.com', 'F', '2027531972', 171);
INSERT INTO CUSTOMER (ID_Customer, CustomerName, PhoneNumber, Email, Gender, SSID, ID_Card) VALUES (172, 'Jessica Mason', '4400431279', 'zluna@example.org', 'F', '1599193952', 172);
INSERT INTO CUSTOMER (ID_Customer, CustomerName, PhoneNumber, Email, Gender, SSID, ID_Card) VALUES (173, 'Shane Martinez', '6015917229', 'moranamy@example.com', 'M', '5733557151', 173);
INSERT INTO CUSTOMER (ID_Customer, CustomerName, PhoneNumber, Email, Gender, SSID, ID_Card) VALUES (174, 'Tina Butler', '6804930624', 'sherricohen@example.net', 'M', '0742147050', 174);
INSERT INTO CUSTOMER (ID_Customer, CustomerName, PhoneNumber, Email, Gender, SSID, ID_Card) VALUES (175, 'Carlos Jackson', '4328656143', 'crawforddavid@example.com', 'M', '7426332903', 175);
INSERT INTO CUSTOMER (ID_Customer, CustomerName, PhoneNumber, Email, Gender, SSID, ID_Card) VALUES (176, 'Rhonda Hall', '2785528385', 'montgomerymark@example.org', 'M', '2239436934', 176);
INSERT INTO CUSTOMER (ID_Customer, CustomerName, PhoneNumber, Email, Gender, SSID, ID_Card) VALUES (177, 'Angela Daniels', '2103838117', 'lorraine21@example.com', 'M', '2960518359', 177);
INSERT INTO CUSTOMER (ID_Customer, CustomerName, PhoneNumber, Email, Gender, SSID, ID_Card) VALUES (178, 'Jared Cannon', '4713091369', 'ricky45@example.net', 'F', '7347586607', 178);
INSERT INTO CUSTOMER (ID_Customer, CustomerName, PhoneNumber, Email, Gender, SSID, ID_Card) VALUES (179, 'Debra Jensen', '2942527000', 'wadams@example.com', 'F', '3672311883', 179);
INSERT INTO CUSTOMER (ID_Customer, CustomerName, PhoneNumber, Email, Gender, SSID, ID_Card) VALUES (180, 'Erik Ramirez', '2772646890', 'brendajohnson@example.net', 'F', '0334717908', 180);
INSERT INTO CUSTOMER (ID_Customer, CustomerName, PhoneNumber, Email, Gender, SSID, ID_Card) VALUES (181, 'Jason Ingram', '3562659292', 'wdiaz@example.net', 'M', '5009094988', 181);
INSERT INTO CUSTOMER (ID_Customer, CustomerName, PhoneNumber, Email, Gender, SSID, ID_Card) VALUES (182, 'Cheryl Johnson', '9825071863', 'gabrielmorales@example.com', 'M', '2168101332', 182);
INSERT INTO CUSTOMER (ID_Customer, CustomerName, PhoneNumber, Email, Gender, SSID, ID_Card) VALUES (183, 'Heather Smith', '2431358757', 'amandamartinez@example.org', 'M', '8468861005', 183);
INSERT INTO CUSTOMER (ID_Customer, CustomerName, PhoneNumber, Email, Gender, SSID, ID_Card) VALUES (184, 'Barbara Wallace', '8018809742', 'bakerisaiah@example.net', 'F', '6249366086', 184);
INSERT INTO CUSTOMER (ID_Customer, CustomerName, PhoneNumber, Email, Gender, SSID, ID_Card) VALUES (185, 'Kayla Gonzalez', '3040012856', 'clewis@example.net', 'M', '9543316790', 185);
INSERT INTO CUSTOMER (ID_Customer, CustomerName, PhoneNumber, Email, Gender, SSID, ID_Card) VALUES (186, 'Brooke Lee', '8881236733', 'stevensjared@example.org', 'F', '9939741552', 186);
INSERT INTO CUSTOMER (ID_Customer, CustomerName, PhoneNumber, Email, Gender, SSID, ID_Card) VALUES (187, 'Katherine Christensen', '1780851789', 'williamsjared@example.com', 'F', '0049337840', 187);
INSERT INTO CUSTOMER (ID_Customer, CustomerName, PhoneNumber, Email, Gender, SSID, ID_Card) VALUES (188, 'Dominic Wall', '1722216874', 'thomasolivia@example.com', 'M', '1979408480', 188);
INSERT INTO CUSTOMER (ID_Customer, CustomerName, PhoneNumber, Email, Gender, SSID, ID_Card) VALUES (189, 'Christopher Watkins', '8887665704', 'amandabautista@example.net', 'M', '0203715159', 189);
INSERT INTO CUSTOMER (ID_Customer, CustomerName, PhoneNumber, Email, Gender, SSID, ID_Card) VALUES (190, 'Rachel Velasquez', '2525354053', 'kathleen31@example.org', 'F', '1185609770', 190);
INSERT INTO CUSTOMER (ID_Customer, CustomerName, PhoneNumber, Email, Gender, SSID, ID_Card) VALUES (191, 'Christopher Lawrence', '4212976562', 'mcbrideryan@example.net', 'M', '3817837785', 191);
INSERT INTO CUSTOMER (ID_Customer, CustomerName, PhoneNumber, Email, Gender, SSID, ID_Card) VALUES (192, 'Amanda Stewart', '7623992281', 'jonesjared@example.net', 'F', '6731309063', 192);
INSERT INTO CUSTOMER (ID_Customer, CustomerName, PhoneNumber, Email, Gender, SSID, ID_Card) VALUES (193, 'Jennifer Brown', '9748362659', 'yvaughn@example.com', 'F', '9929141737', 193);
INSERT INTO CUSTOMER (ID_Customer, CustomerName, PhoneNumber, Email, Gender, SSID, ID_Card) VALUES (194, 'Kayla Brown', '2908766651', 'dramirez@example.org', 'F', '1149432854', 194);
INSERT INTO CUSTOMER (ID_Customer, CustomerName, PhoneNumber, Email, Gender, SSID, ID_Card) VALUES (195, 'Corey Lee', '5732413314', 'walshmark@example.org', 'M', '8695585956', 195);
INSERT INTO CUSTOMER (ID_Customer, CustomerName, PhoneNumber, Email, Gender, SSID, ID_Card) VALUES (196, 'Tamara Medina', '0733563244', 'preeves@example.com', 'F', '7685646086', 196);
INSERT INTO CUSTOMER (ID_Customer, CustomerName, PhoneNumber, Email, Gender, SSID, ID_Card) VALUES (197, 'Jessica Stein', '5336872340', 'potterlauren@example.net', 'M', '8670610664', 197);
INSERT INTO CUSTOMER (ID_Customer, CustomerName, PhoneNumber, Email, Gender, SSID, ID_Card) VALUES (198, 'Rachel Foster', '6109203378', 'obrown@example.com', 'M', '5966952199', 198);
INSERT INTO CUSTOMER (ID_Customer, CustomerName, PhoneNumber, Email, Gender, SSID, ID_Card) VALUES (199, 'Ashlee Lane', '6445040015', 'cathy27@example.net', 'M', '8707436766', 199);
INSERT INTO CUSTOMER (ID_Customer, CustomerName, PhoneNumber, Email, Gender, SSID, ID_Card) VALUES (200, 'Mary Owens', '9020949646', 'juliawright@example.net', 'M', '8418054597', 200);
INSERT INTO CUSTOMER (ID_Customer, CustomerName, PhoneNumber, Email, Gender, SSID, ID_Card) VALUES (201, 'Jason May', '2520604486', 'hlopez@example.net', 'F', '1062303064', 201);
INSERT INTO CUSTOMER (ID_Customer, CustomerName, PhoneNumber, Email, Gender, SSID, ID_Card) VALUES (202, 'Christy Hernandez', '3649885261', 'onguyen@example.com', 'F', '9741407381', 202);
INSERT INTO CUSTOMER (ID_Customer, CustomerName, PhoneNumber, Email, Gender, SSID, ID_Card) VALUES (203, 'Daniel Knight', '4474906069', 'vasquezrachel@example.net', 'M', '2156493324', 203);
INSERT INTO CUSTOMER (ID_Customer, CustomerName, PhoneNumber, Email, Gender, SSID, ID_Card) VALUES (204, 'Nicholas Webb', '6955928915', 'xcarpenter@example.org', 'M', '9551984384', 204);
INSERT INTO CUSTOMER (ID_Customer, CustomerName, PhoneNumber, Email, Gender, SSID, ID_Card) VALUES (205, 'Sara Hansen', '3933839113', 'bferguson@example.com', 'M', '3533027157', 205);
INSERT INTO CUSTOMER (ID_Customer, CustomerName, PhoneNumber, Email, Gender, SSID, ID_Card) VALUES (206, 'Tabitha Lawrence', '9800020304', 'julie67@example.net', 'F', '9765082351', 206);
INSERT INTO CUSTOMER (ID_Customer, CustomerName, PhoneNumber, Email, Gender, SSID, ID_Card) VALUES (207, 'Eric Aguilar', '7085132449', 'diana42@example.org', 'F', '5994439953', 207);
INSERT INTO CUSTOMER (ID_Customer, CustomerName, PhoneNumber, Email, Gender, SSID, ID_Card) VALUES (208, 'Christian Burnett', '2707215054', 'davislindsay@example.com', 'M', '2031940846', 208);
INSERT INTO CUSTOMER (ID_Customer, CustomerName, PhoneNumber, Email, Gender, SSID, ID_Card) VALUES (209, 'Mark Bentley', '7657000659', 'heather83@example.net', 'M', '1117371339', 209);
INSERT INTO CUSTOMER (ID_Customer, CustomerName, PhoneNumber, Email, Gender, SSID, ID_Card) VALUES (210, 'Fred Ortiz', '4163637756', 'michael86@example.com', 'M', '3916704236', 210);
INSERT INTO CUSTOMER (ID_Customer, CustomerName, PhoneNumber, Email, Gender, SSID, ID_Card) VALUES (211, 'Elizabeth Kim', '9579003261', 'nicholasedwards@example.org', 'F', '8054987834', 211);
INSERT INTO CUSTOMER (ID_Customer, CustomerName, PhoneNumber, Email, Gender, SSID, ID_Card) VALUES (212, 'Cynthia Russo', '3876293519', 'uwhite@example.com', 'F', '8441780953', 212);
INSERT INTO CUSTOMER (ID_Customer, CustomerName, PhoneNumber, Email, Gender, SSID, ID_Card) VALUES (213, 'Lauren Brown', '7684497042', 'chaserodriguez@example.com', 'M', '0813845505', 213);
INSERT INTO CUSTOMER (ID_Customer, CustomerName, PhoneNumber, Email, Gender, SSID, ID_Card) VALUES (214, 'William Thomas', '4613333462', 'andersonamber@example.com', 'F', '1718265759', 214);
INSERT INTO CUSTOMER (ID_Customer, CustomerName, PhoneNumber, Email, Gender, SSID, ID_Card) VALUES (215, 'John Johnson', '8335669753', 'linda83@example.net', 'M', '7114052297', 215);
INSERT INTO CUSTOMER (ID_Customer, CustomerName, PhoneNumber, Email, Gender, SSID, ID_Card) VALUES (216, 'Derek Thomas', '8828937704', 'martinezcrystal@example.net', 'F', '9035663925', 216);
INSERT INTO CUSTOMER (ID_Customer, CustomerName, PhoneNumber, Email, Gender, SSID, ID_Card) VALUES (217, 'Thomas Tucker', '3296179262', 'sophialeon@example.org', 'M', '7751074354', 217);
INSERT INTO CUSTOMER (ID_Customer, CustomerName, PhoneNumber, Email, Gender, SSID, ID_Card) VALUES (218, 'Dawn Watson', '7169386788', 'carrie07@example.com', 'F', '7648371517', 218);
INSERT INTO CUSTOMER (ID_Customer, CustomerName, PhoneNumber, Email, Gender, SSID, ID_Card) VALUES (219, 'Brandy Martinez', '4360770415', 'rgonzalez@example.net', 'M', '0229807375', 219);
INSERT INTO CUSTOMER (ID_Customer, CustomerName, PhoneNumber, Email, Gender, SSID, ID_Card) VALUES (220, 'Russell Watts', '4914958090', 'kennethbass@example.org', 'M', '5060583231', 220);
INSERT INTO CUSTOMER (ID_Customer, CustomerName, PhoneNumber, Email, Gender, SSID, ID_Card) VALUES (221, 'Angela Walters', '1266987794', 'logan42@example.org', 'M', '5631425186', 221);
INSERT INTO CUSTOMER (ID_Customer, CustomerName, PhoneNumber, Email, Gender, SSID, ID_Card) VALUES (222, 'Crystal Perez', '1115868220', 'hodgesjacob@example.net', 'M', '8762222129', 222);
INSERT INTO CUSTOMER (ID_Customer, CustomerName, PhoneNumber, Email, Gender, SSID, ID_Card) VALUES (223, 'Valerie Lewis', '3310933292', 'kperkins@example.net', 'F', '5702952746', 223);
INSERT INTO CUSTOMER (ID_Customer, CustomerName, PhoneNumber, Email, Gender, SSID, ID_Card) VALUES (224, 'Robert Wagner', '2871954220', 'kwilson@example.com', 'M', '2457649655', 224);
INSERT INTO CUSTOMER (ID_Customer, CustomerName, PhoneNumber, Email, Gender, SSID, ID_Card) VALUES (225, 'Dr. Elizabeth Brown', '6345426661', 'elizabethwalker@example.org', 'M', '7342308058', 225);
INSERT INTO CUSTOMER (ID_Customer, CustomerName, PhoneNumber, Email, Gender, SSID, ID_Card) VALUES (226, 'Stephen Montgomery', '9669053493', 'psantiago@example.net', 'M', '5031833939', 226);
INSERT INTO CUSTOMER (ID_Customer, CustomerName, PhoneNumber, Email, Gender, SSID, ID_Card) VALUES (227, 'Anthony Bell', '8537503972', 'bolsen@example.com', 'F', '3231374075', 227);
INSERT INTO CUSTOMER (ID_Customer, CustomerName, PhoneNumber, Email, Gender, SSID, ID_Card) VALUES (228, 'Kimberly Jones', '1723919175', 'erinbailey@example.com', 'M', '3336865547', 228);
INSERT INTO CUSTOMER (ID_Customer, CustomerName, PhoneNumber, Email, Gender, SSID, ID_Card) VALUES (229, 'Karen Patterson', '5506553907', 'jamesjohn@example.com', 'M', '3248795347', 229);
INSERT INTO CUSTOMER (ID_Customer, CustomerName, PhoneNumber, Email, Gender, SSID, ID_Card) VALUES (230, 'Benjamin Horton', '7569701989', 'lmolina@example.com', 'M', '7898327208', 230);
INSERT INTO CUSTOMER (ID_Customer, CustomerName, PhoneNumber, Email, Gender, SSID, ID_Card) VALUES (231, 'Ryan Cox', '4456142620', 'torreskarina@example.net', 'F', '7397781397', 231);
INSERT INTO CUSTOMER (ID_Customer, CustomerName, PhoneNumber, Email, Gender, SSID, ID_Card) VALUES (232, 'Terri Baker', '3427387161', 'ingramjamie@example.net', 'F', '8300544694', 232);
INSERT INTO CUSTOMER (ID_Customer, CustomerName, PhoneNumber, Email, Gender, SSID, ID_Card) VALUES (233, 'Leslie Hull', '2611703298', 'richardsonashley@example.net', 'M', '3912131086', 233);
INSERT INTO CUSTOMER (ID_Customer, CustomerName, PhoneNumber, Email, Gender, SSID, ID_Card) VALUES (234, 'Daniel Perez', '4100813262', 'hickmanjoy@example.com', 'M', '0983766659', 234);
INSERT INTO CUSTOMER (ID_Customer, CustomerName, PhoneNumber, Email, Gender, SSID, ID_Card) VALUES (235, 'Tiffany Farrell', '2158569183', 'tom03@example.org', 'F', '8145291665', 235);
INSERT INTO CUSTOMER (ID_Customer, CustomerName, PhoneNumber, Email, Gender, SSID, ID_Card) VALUES (236, 'Holly Nelson', '2188600726', 'kimberlyblevins@example.com', 'F', '9928016741', 236);
INSERT INTO CUSTOMER (ID_Customer, CustomerName, PhoneNumber, Email, Gender, SSID, ID_Card) VALUES (237, 'Carly Sellers', '6326258010', 'flittle@example.net', 'M', '6001806941', 237);
INSERT INTO CUSTOMER (ID_Customer, CustomerName, PhoneNumber, Email, Gender, SSID, ID_Card) VALUES (238, 'Jonathan Perez', '1890679507', 'cjohnson@example.net', 'F', '4695845273', 238);
INSERT INTO CUSTOMER (ID_Customer, CustomerName, PhoneNumber, Email, Gender, SSID, ID_Card) VALUES (239, 'Julie Nguyen', '2537096908', 'chandlerstephanie@example.org', 'M', '9931696559', 239);
INSERT INTO CUSTOMER (ID_Customer, CustomerName, PhoneNumber, Email, Gender, SSID, ID_Card) VALUES (240, 'Karen Yates', '9430537643', 'tyler16@example.net', 'M', '3671185442', 240);
INSERT INTO CUSTOMER (ID_Customer, CustomerName, PhoneNumber, Email, Gender, SSID, ID_Card) VALUES (241, 'Tristan Austin', '1795770083', 'kylebarnes@example.org', 'F', '8516944527', 241);
INSERT INTO CUSTOMER (ID_Customer, CustomerName, PhoneNumber, Email, Gender, SSID, ID_Card) VALUES (242, 'Timothy Hartman', '8126460680', 'cantujohn@example.com', 'F', '3046414073', 242);
INSERT INTO CUSTOMER (ID_Customer, CustomerName, PhoneNumber, Email, Gender, SSID, ID_Card) VALUES (243, 'Amber Davis', '9944471560', 'njohnson@example.net', 'M', '5065644526', 243);
INSERT INTO CUSTOMER (ID_Customer, CustomerName, PhoneNumber, Email, Gender, SSID, ID_Card) VALUES (244, 'John Mcclure', '2104322302', 'lauramcdowell@example.com', 'M', '8478405351', 244);
INSERT INTO CUSTOMER (ID_Customer, CustomerName, PhoneNumber, Email, Gender, SSID, ID_Card) VALUES (245, 'Timothy Roberson', '8976599159', 'davidromero@example.com', 'F', '8902324676', 245);
INSERT INTO CUSTOMER (ID_Customer, CustomerName, PhoneNumber, Email, Gender, SSID, ID_Card) VALUES (246, 'Melanie Martin', '8600032648', 'taguilar@example.org', 'F', '9307411548', 246);
INSERT INTO CUSTOMER (ID_Customer, CustomerName, PhoneNumber, Email, Gender, SSID, ID_Card) VALUES (247, 'Zachary White', '6864869480', 'mcculloughrussell@example.com', 'F', '9619077177', 247);
INSERT INTO CUSTOMER (ID_Customer, CustomerName, PhoneNumber, Email, Gender, SSID, ID_Card) VALUES (248, 'Mitchell Smith', '9159525312', 'evanaustin@example.net', 'F', '7599156887', 248);
INSERT INTO CUSTOMER (ID_Customer, CustomerName, PhoneNumber, Email, Gender, SSID, ID_Card) VALUES (249, 'Isaiah Smith', '3846839549', 'leelynn@example.com', 'M', '7452298771', 249);
INSERT INTO CUSTOMER (ID_Customer, CustomerName, PhoneNumber, Email, Gender, SSID, ID_Card) VALUES (250, 'Patricia Evans', '5522296738', 'fmerritt@example.net', 'F', '2425581917', 250);
INSERT INTO REVIEW (ID_Review, ServiceScore, FoodScore, PriceScore, Comment) VALUES (16, 4, 3, 2, 'Compare represent claim change board most.');
INSERT INTO REVIEW (ID_Review, ServiceScore, FoodScore, PriceScore, Comment) VALUES (38, 5, 5, 4, 'Particular by prevent white apply nice fly price.');
INSERT INTO REVIEW (ID_Review, ServiceScore, FoodScore, PriceScore, Comment) VALUES (36, 3, 5, 1, 'So guy factor point.');
INSERT INTO REVIEW (ID_Review, ServiceScore, FoodScore, PriceScore, Comment) VALUES (6, 2, 3, 5, 'Man hair budget person why sea mission.');
INSERT INTO REVIEW (ID_Review, ServiceScore, FoodScore, PriceScore, Comment) VALUES (18, 4, 5, 2, 'Born like instead way.');
INSERT INTO REVIEW (ID_Review, ServiceScore, FoodScore, PriceScore, Comment) VALUES (28, 1, 3, 5, 'Speak poor may organization none.');
INSERT INTO REVIEW (ID_Review, ServiceScore, FoodScore, PriceScore, Comment) VALUES (15, 2, 3, 2, 'He there figure recently man.');
INSERT INTO REVIEW (ID_Review, ServiceScore, FoodScore, PriceScore, Comment) VALUES (21, 3, 3, 2, 'Become in car nation.');
INSERT INTO REVIEW (ID_Review, ServiceScore, FoodScore, PriceScore, Comment) VALUES (29, 2, 3, 4, 'Institution attorney apply interesting president large.');
INSERT INTO REVIEW (ID_Review, ServiceScore, FoodScore, PriceScore, Comment) VALUES (12, 4, 4, 3, 'Free popular son focus by.');
INSERT INTO REVIEW (ID_Review, ServiceScore, FoodScore, PriceScore, Comment) VALUES (5, 4, 1, 4, 'All sport throw however sense fact attorney.');
INSERT INTO REVIEW (ID_Review, ServiceScore, FoodScore, PriceScore, Comment) VALUES (7, 2, 4, 2, 'Trouble small bring along where.');
INSERT INTO REVIEW (ID_Review, ServiceScore, FoodScore, PriceScore, Comment) VALUES (22, 2, 1, 4, 'Friend activity rate management sort.');
INSERT INTO REVIEW (ID_Review, ServiceScore, FoodScore, PriceScore, Comment) VALUES (23, 1, 4, 3, 'Last long course audience politics across.');
INSERT INTO REVIEW (ID_Review, ServiceScore, FoodScore, PriceScore, Comment) VALUES (9, 3, 3, 2, 'Station pick catch consumer son go per.');
INSERT INTO REVIEW (ID_Review, ServiceScore, FoodScore, PriceScore, Comment) VALUES (30, 1, 4, 2, 'Should hard fact write month fall.');
INSERT INTO REVIEW (ID_Review, ServiceScore, FoodScore, PriceScore, Comment) VALUES (14, 2, 1, 1, 'News safe prove management loss loss law our.');
INSERT INTO REVIEW (ID_Review, ServiceScore, FoodScore, PriceScore, Comment) VALUES (2, 2, 3, 3, 'Study energy interview address.');
INSERT INTO REVIEW (ID_Review, ServiceScore, FoodScore, PriceScore, Comment) VALUES (31, 1, 3, 1, 'City scene discussion central.');
INSERT INTO REVIEW (ID_Review, ServiceScore, FoodScore, PriceScore, Comment) VALUES (39, 2, 2, 3, 'Amount do capital bank soon.');
INSERT INTO REVIEW (ID_Review, ServiceScore, FoodScore, PriceScore, Comment) VALUES (3, 1, 2, 2, 'Culture soldier blood street.');
INSERT INTO REVIEW (ID_Review, ServiceScore, FoodScore, PriceScore, Comment) VALUES (8, 1, 1, 3, 'Cultural dark think worry three same usually.');
INSERT INTO REVIEW (ID_Review, ServiceScore, FoodScore, PriceScore, Comment) VALUES (13, 1, 4, 2, 'Security chance property adult evidence far.');
INSERT INTO REVIEW (ID_Review, ServiceScore, FoodScore, PriceScore, Comment) VALUES (17, 2, 4, 5, 'Teach at security PM score want smile.');
INSERT INTO REVIEW (ID_Review, ServiceScore, FoodScore, PriceScore, Comment) VALUES (20, 3, 4, 3, 'Along itself person me.');
INSERT INTO REVIEW (ID_Review, ServiceScore, FoodScore, PriceScore, Comment) VALUES (33, 1, 3, 4, 'Believe again maybe reality history care.');
INSERT INTO REVIEW (ID_Review, ServiceScore, FoodScore, PriceScore, Comment) VALUES (24, 5, 1, 1, 'Perhaps myself business serious partner.');
INSERT INTO REVIEW (ID_Review, ServiceScore, FoodScore, PriceScore, Comment) VALUES (41, 4, 4, 5, 'Since range view room.');
INSERT INTO REVIEW (ID_Review, ServiceScore, FoodScore, PriceScore, Comment) VALUES (10, 4, 5, 1, 'Pay gun able remember western admit letter affect.');
INSERT INTO REVIEW (ID_Review, ServiceScore, FoodScore, PriceScore, Comment) VALUES (25, 4, 4, 5, 'Tree local baby blue affect.');
INSERT INTO REVIEW (ID_Review, ServiceScore, FoodScore, PriceScore, Comment) VALUES (11, 4, 5, 1, 'Against talk surface manage.');
INSERT INTO REVIEW (ID_Review, ServiceScore, FoodScore, PriceScore, Comment) VALUES (19, 1, 5, 1, 'Far almost Congress why official boy describe.');
INSERT INTO REVIEW (ID_Review, ServiceScore, FoodScore, PriceScore, Comment) VALUES (1, 4, 1, 2, 'Might side human place speech cause own.');
INSERT INTO REVIEW (ID_Review, ServiceScore, FoodScore, PriceScore, Comment) VALUES (40, 2, 3, 3, 'Race reveal pretty leg then beautiful my.');
INSERT INTO REVIEW (ID_Review, ServiceScore, FoodScore, PriceScore, Comment) VALUES (4, 2, 5, 1, 'Take yeah very best whether list official.');
INSERT INTO REVIEW (ID_Review, ServiceScore, FoodScore, PriceScore, Comment) VALUES (35, 2, 2, 1, 'Appear size join money serve.');
INSERT INTO REVIEW (ID_Review, ServiceScore, FoodScore, PriceScore, Comment) VALUES (37, 4, 4, 5, 'Other check seem through.');
INSERT INTO REVIEW (ID_Review, ServiceScore, FoodScore, PriceScore, Comment) VALUES (32, 2, 1, 4, 'Young catch board area.');
INSERT INTO REVIEW (ID_Review, ServiceScore, FoodScore, PriceScore, Comment) VALUES (26, 2, 4, 1, 'Though base even nearly.');
INSERT INTO REVIEW (ID_Review, ServiceScore, FoodScore, PriceScore, Comment) VALUES (34, 2, 3, 4, 'Speech traditional anyone spend fight off.');
INSERT INTO REVIEW (ID_Review, ServiceScore, FoodScore, PriceScore, Comment) VALUES (14, 4, 2, 2, 'Moment sit month operation positive far on.');
INSERT INTO REVIEW (ID_Review, ServiceScore, FoodScore, PriceScore, Comment) VALUES (23, 3, 2, 4, 'Factor ten matter foreign staff interview.');
INSERT INTO REVIEW (ID_Review, ServiceScore, FoodScore, PriceScore, Comment) VALUES (22, 5, 3, 4, 'Yard small argue center loss serve.');
INSERT INTO REVIEW (ID_Review, ServiceScore, FoodScore, PriceScore, Comment) VALUES (31, 4, 4, 4, 'North without personal likely forget western.');
INSERT INTO REVIEW (ID_Review, ServiceScore, FoodScore, PriceScore, Comment) VALUES (41, 5, 1, 4, 'More thousand far address law early building arm.');
INSERT INTO REVIEW (ID_Review, ServiceScore, FoodScore, PriceScore, Comment) VALUES (16, 3, 4, 5, 'End course term agent suggest work professional good.');
INSERT INTO REVIEW (ID_Review, ServiceScore, FoodScore, PriceScore, Comment) VALUES (37, 1, 1, 2, 'Hand service door wear heart professional.');
INSERT INTO REVIEW (ID_Review, ServiceScore, FoodScore, PriceScore, Comment) VALUES (38, 1, 1, 3, 'Wind ahead hope word wonder draw.');
INSERT INTO REVIEW (ID_Review, ServiceScore, FoodScore, PriceScore, Comment) VALUES (13, 4, 4, 5, 'Represent food treat blood environmental here another.');
INSERT INTO REVIEW (ID_Review, ServiceScore, FoodScore, PriceScore, Comment) VALUES (19, 5, 5, 5, 'Look enjoy point body arm often.');
INSERT INTO REVIEW (ID_Review, ServiceScore, FoodScore, PriceScore, Comment) VALUES (9, 3, 5, 1, 'Entire might day animal charge environmental room off.');
INSERT INTO REVIEW (ID_Review, ServiceScore, FoodScore, PriceScore, Comment) VALUES (2, 2, 5, 4, 'Practice final minute fund interesting southern certainly.');
INSERT INTO REVIEW (ID_Review, ServiceScore, FoodScore, PriceScore, Comment) VALUES (17, 2, 2, 2, 'According begin campaign not interesting school lawyer focus.');
INSERT INTO REVIEW (ID_Review, ServiceScore, FoodScore, PriceScore, Comment) VALUES (34, 1, 3, 1, 'Design tax half.');
INSERT INTO REVIEW (ID_Review, ServiceScore, FoodScore, PriceScore, Comment) VALUES (8, 3, 2, 5, 'State between short tonight vote government.');
INSERT INTO REVIEW (ID_Review, ServiceScore, FoodScore, PriceScore, Comment) VALUES (10, 1, 2, 5, 'Mind area travel save get.');
INSERT INTO REVIEW (ID_Review, ServiceScore, FoodScore, PriceScore, Comment) VALUES (20, 4, 5, 4, 'Six system long end fly let develop.');
INSERT INTO REVIEW (ID_Review, ServiceScore, FoodScore, PriceScore, Comment) VALUES (18, 4, 3, 1, 'Reason table people with.');
INSERT INTO REVIEW (ID_Review, ServiceScore, FoodScore, PriceScore, Comment) VALUES (5, 5, 1, 3, 'Police play gun network large among to.');
INSERT INTO REVIEW (ID_Review, ServiceScore, FoodScore, PriceScore, Comment) VALUES (7, 5, 2, 2, 'Have buy health heavy.');
INSERT INTO REVIEW (ID_Review, ServiceScore, FoodScore, PriceScore, Comment) VALUES (29, 4, 3, 3, 'House citizen guess into.');
INSERT INTO REVIEW (ID_Review, ServiceScore, FoodScore, PriceScore, Comment) VALUES (25, 5, 3, 2, 'House rather perform fire avoid any across.');
INSERT INTO REVIEW (ID_Review, ServiceScore, FoodScore, PriceScore, Comment) VALUES (4, 3, 4, 3, 'Be site treat a.');
INSERT INTO REVIEW (ID_Review, ServiceScore, FoodScore, PriceScore, Comment) VALUES (15, 1, 3, 2, 'Others current pattern let but ask our low.');
INSERT INTO REVIEW (ID_Review, ServiceScore, FoodScore, PriceScore, Comment) VALUES (40, 1, 4, 1, 'Carry term everyone safe production almost weight.');
INSERT INTO REVIEW (ID_Review, ServiceScore, FoodScore, PriceScore, Comment) VALUES (21, 3, 2, 3, 'News gun dinner simple think full.');
INSERT INTO REVIEW (ID_Review, ServiceScore, FoodScore, PriceScore, Comment) VALUES (26, 2, 1, 3, 'Seek more finally world direction along store move.');
INSERT INTO REVIEW (ID_Review, ServiceScore, FoodScore, PriceScore, Comment) VALUES (12, 5, 3, 5, 'Tax side better middle interesting call evidence.');
INSERT INTO REVIEW (ID_Review, ServiceScore, FoodScore, PriceScore, Comment) VALUES (1, 1, 1, 4, 'See issue approach position stop middle social.');
INSERT INTO REVIEW (ID_Review, ServiceScore, FoodScore, PriceScore, Comment) VALUES (33, 2, 4, 4, 'Bank the weight skin both.');
INSERT INTO REVIEW (ID_Review, ServiceScore, FoodScore, PriceScore, Comment) VALUES (6, 3, 5, 1, 'Official idea sense available foot.');
INSERT INTO REVIEW (ID_Review, ServiceScore, FoodScore, PriceScore, Comment) VALUES (24, 5, 1, 4, 'Purpose happy these since city statement.');
INSERT INTO REVIEW (ID_Review, ServiceScore, FoodScore, PriceScore, Comment) VALUES (39, 2, 2, 1, 'House among help increase pattern.');
INSERT INTO REVIEW (ID_Review, ServiceScore, FoodScore, PriceScore, Comment) VALUES (32, 1, 3, 3, 'Draw agent alone difference.');
INSERT INTO REVIEW (ID_Review, ServiceScore, FoodScore, PriceScore, Comment) VALUES (35, 1, 1, 5, 'One themselves amount body while student production.');
INSERT INTO REVIEW (ID_Review, ServiceScore, FoodScore, PriceScore, Comment) VALUES (27, 2, 1, 1, 'Machine spring television name play whom first.');
INSERT INTO REVIEW (ID_Review, ServiceScore, FoodScore, PriceScore, Comment) VALUES (11, 5, 1, 1, 'Enter way research agency always expert decision.');
INSERT INTO REVIEW (ID_Review, ServiceScore, FoodScore, PriceScore, Comment) VALUES (30, 3, 2, 2, 'Friend range eat environment section.');
INSERT INTO REVIEW (ID_Review, ServiceScore, FoodScore, PriceScore, Comment) VALUES (3, 4, 5, 2, 'House charge ground significant.');
INSERT INTO REVIEW (ID_Review, ServiceScore, FoodScore, PriceScore, Comment) VALUES (28, 5, 3, 3, 'Pattern general action cold quality.');
INSERT INTO REVIEW (ID_Review, ServiceScore, FoodScore, PriceScore, Comment) VALUES (36, 5, 3, 2, 'Career describe success who later leader.');
INSERT INTO REVIEW (ID_Review, ServiceScore, FoodScore, PriceScore, Comment) VALUES (30, 4, 5, 5, 'Including product century.');
INSERT INTO REVIEW (ID_Review, ServiceScore, FoodScore, PriceScore, Comment) VALUES (28, 3, 5, 3, 'Game adult something right hand over.');
INSERT INTO REVIEW (ID_Review, ServiceScore, FoodScore, PriceScore, Comment) VALUES (23, 2, 2, 4, 'Than second out public never resource available.');
INSERT INTO REVIEW (ID_Review, ServiceScore, FoodScore, PriceScore, Comment) VALUES (31, 1, 3, 3, 'Water else travel participant.');
INSERT INTO REVIEW (ID_Review, ServiceScore, FoodScore, PriceScore, Comment) VALUES (34, 2, 3, 2, 'Find trouble rate trade hair believe cup soon.');
INSERT INTO REVIEW (ID_Review, ServiceScore, FoodScore, PriceScore, Comment) VALUES (25, 5, 4, 1, 'For set third way character author.');
INSERT INTO REVIEW (ID_Review, ServiceScore, FoodScore, PriceScore, Comment) VALUES (16, 3, 1, 5, 'Building car professor billion eat force.');
INSERT INTO REVIEW (ID_Review, ServiceScore, FoodScore, PriceScore, Comment) VALUES (20, 2, 5, 1, 'Chair section seven business.');
INSERT INTO REVIEW (ID_Review, ServiceScore, FoodScore, PriceScore, Comment) VALUES (11, 3, 2, 5, 'Practice yard born between admit thousand red.');
INSERT INTO REVIEW (ID_Review, ServiceScore, FoodScore, PriceScore, Comment) VALUES (3, 1, 2, 2, 'Boy board which form window.');
INSERT INTO REVIEW (ID_Review, ServiceScore, FoodScore, PriceScore, Comment) VALUES (14, 3, 1, 1, 'Seven catch where simple body.');
INSERT INTO REVIEW (ID_Review, ServiceScore, FoodScore, PriceScore, Comment) VALUES (4, 1, 5, 5, 'Generation message available power teach information.');
INSERT INTO REVIEW (ID_Review, ServiceScore, FoodScore, PriceScore, Comment) VALUES (24, 2, 1, 2, 'Control there television.');
INSERT INTO REVIEW (ID_Review, ServiceScore, FoodScore, PriceScore, Comment) VALUES (39, 2, 3, 4, 'Do ever force strategy only like right never.');
INSERT INTO REVIEW (ID_Review, ServiceScore, FoodScore, PriceScore, Comment) VALUES (7, 3, 3, 4, 'Score thousand itself build paper.');
INSERT INTO REVIEW (ID_Review, ServiceScore, FoodScore, PriceScore, Comment) VALUES (26, 2, 2, 3, 'Property blue candidate international but finish fall.');
INSERT INTO REVIEW (ID_Review, ServiceScore, FoodScore, PriceScore, Comment) VALUES (17, 1, 5, 4, 'Hair along or all anything.');
INSERT INTO REVIEW (ID_Review, ServiceScore, FoodScore, PriceScore, Comment) VALUES (9, 5, 3, 1, 'Area product instead.');
INSERT INTO REVIEW (ID_Review, ServiceScore, FoodScore, PriceScore, Comment) VALUES (10, 4, 2, 5, 'Agree worry paper he.');
INSERT INTO REVIEW (ID_Review, ServiceScore, FoodScore, PriceScore, Comment) VALUES (18, 3, 2, 2, 'Guy civil tend medical computer federal.');
INSERT INTO REVIEW (ID_Review, ServiceScore, FoodScore, PriceScore, Comment) VALUES (8, 2, 2, 2, 'Century water young bed always notice give.');
INSERT INTO REVIEW (ID_Review, ServiceScore, FoodScore, PriceScore, Comment) VALUES (35, 5, 3, 1, 'Interesting protect investment threat test.');
INSERT INTO REVIEW (ID_Review, ServiceScore, FoodScore, PriceScore, Comment) VALUES (37, 1, 1, 4, 'Write bad his international capital.');
INSERT INTO REVIEW (ID_Review, ServiceScore, FoodScore, PriceScore, Comment) VALUES (5, 1, 4, 5, 'Help firm ever something those collection.');
INSERT INTO REVIEW (ID_Review, ServiceScore, FoodScore, PriceScore, Comment) VALUES (27, 2, 1, 4, 'Scientist card character.');
INSERT INTO REVIEW (ID_Review, ServiceScore, FoodScore, PriceScore, Comment) VALUES (13, 2, 4, 1, 'Land any run.');
INSERT INTO REVIEW (ID_Review, ServiceScore, FoodScore, PriceScore, Comment) VALUES (29, 5, 3, 3, 'Almost business situation current pressure open.');
INSERT INTO REVIEW (ID_Review, ServiceScore, FoodScore, PriceScore, Comment) VALUES (6, 3, 4, 3, 'Man left suffer thought who modern.');
INSERT INTO REVIEW (ID_Review, ServiceScore, FoodScore, PriceScore, Comment) VALUES (40, 5, 3, 3, 'Two glass business part culture.');
INSERT INTO REVIEW (ID_Review, ServiceScore, FoodScore, PriceScore, Comment) VALUES (22, 3, 2, 1, 'Travel development computer place.');
INSERT INTO REVIEW (ID_Review, ServiceScore, FoodScore, PriceScore, Comment) VALUES (33, 3, 4, 5, 'Dream training throughout word ago value.');
INSERT INTO REVIEW (ID_Review, ServiceScore, FoodScore, PriceScore, Comment) VALUES (41, 3, 3, 1, 'Her shoulder billion for close finish.');
INSERT INTO REVIEW (ID_Review, ServiceScore, FoodScore, PriceScore, Comment) VALUES (38, 2, 1, 1, 'Debate theory break.');
INSERT INTO REVIEW (ID_Review, ServiceScore, FoodScore, PriceScore, Comment) VALUES (21, 5, 2, 1, 'Model draw dark me generation agree base organization.');
INSERT INTO REVIEW (ID_Review, ServiceScore, FoodScore, PriceScore, Comment) VALUES (12, 4, 1, 5, 'Feel particularly left.');
INSERT INTO REVIEW (ID_Review, ServiceScore, FoodScore, PriceScore, Comment) VALUES (1, 1, 4, 4, 'Protect cause thus imagine until newspaper speech.');
INSERT INTO REVIEW (ID_Review, ServiceScore, FoodScore, PriceScore, Comment) VALUES (15, 5, 4, 1, 'Join senior likely me brother north act.');
INSERT INTO REVIEW (ID_Review, ServiceScore, FoodScore, PriceScore, Comment) VALUES (19, 3, 2, 4, 'Yes deep personal turn early.');
INSERT INTO REVIEW (ID_Review, ServiceScore, FoodScore, PriceScore, Comment) VALUES (2, 1, 2, 1, 'Song measure lot study.');
INSERT INTO REVIEW (ID_Review, ServiceScore, FoodScore, PriceScore, Comment) VALUES (41, 2, 1, 5, 'War develop among each institution not.');
INSERT INTO REVIEW (ID_Review, ServiceScore, FoodScore, PriceScore, Comment) VALUES (27, 2, 1, 3, 'Week attorney series investment national know minute.');
INSERT INTO REVIEW (ID_Review, ServiceScore, FoodScore, PriceScore, Comment) VALUES (16, 5, 4, 3, 'Skin attack every which yes body quite lose.');
INSERT INTO REVIEW (ID_Review, ServiceScore, FoodScore, PriceScore, Comment) VALUES (14, 3, 1, 5, 'Type win forward family.');
INSERT INTO REVIEW (ID_Review, ServiceScore, FoodScore, PriceScore, Comment) VALUES (34, 2, 4, 4, 'Resource simple glass outside certainly.');
INSERT INTO REVIEW (ID_Review, ServiceScore, FoodScore, PriceScore, Comment) VALUES (11, 3, 3, 5, 'Six water air spend.');
INSERT INTO REVIEW (ID_Review, ServiceScore, FoodScore, PriceScore, Comment) VALUES (35, 4, 3, 5, 'By form drop between itself generation.');
INSERT INTO REVIEW (ID_Review, ServiceScore, FoodScore, PriceScore, Comment) VALUES (23, 4, 3, 3, 'Particular east door back sit.');
INSERT INTO REVIEW (ID_Review, ServiceScore, FoodScore, PriceScore, Comment) VALUES (30, 1, 5, 4, 'Him former trade onto agency most.');
INSERT INTO REVIEW (ID_Review, ServiceScore, FoodScore, PriceScore, Comment) VALUES (36, 5, 4, 5, 'Wall idea let they.');
INSERT INTO REVIEW (ID_Review, ServiceScore, FoodScore, PriceScore, Comment) VALUES (15, 5, 3, 2, 'Market end instead much campaign commercial because.');
INSERT INTO REVIEW (ID_Review, ServiceScore, FoodScore, PriceScore, Comment) VALUES (20, 3, 5, 5, 'Thing miss where risk door can scientist.');
INSERT INTO REVIEW (ID_Review, ServiceScore, FoodScore, PriceScore, Comment) VALUES (33, 4, 1, 3, 'Like field draw alone old.');
INSERT INTO REVIEW (ID_Review, ServiceScore, FoodScore, PriceScore, Comment) VALUES (5, 3, 1, 3, 'Instead whole process information only person.');
INSERT INTO REVIEW (ID_Review, ServiceScore, FoodScore, PriceScore, Comment) VALUES (39, 5, 5, 4, 'Agreement sound college meet figure than.');
INSERT INTO REVIEW (ID_Review, ServiceScore, FoodScore, PriceScore, Comment) VALUES (26, 4, 1, 3, 'Strategy energy resource project lot prevent beautiful.');
INSERT INTO REVIEW (ID_Review, ServiceScore, FoodScore, PriceScore, Comment) VALUES (13, 1, 1, 5, 'Manage research measure available wonder along agent.');
INSERT INTO REVIEW (ID_Review, ServiceScore, FoodScore, PriceScore, Comment) VALUES (22, 4, 2, 2, 'Situation institution expert every.');
INSERT INTO REVIEW (ID_Review, ServiceScore, FoodScore, PriceScore, Comment) VALUES (4, 4, 4, 1, 'Believe section close laugh.');
INSERT INTO REVIEW (ID_Review, ServiceScore, FoodScore, PriceScore, Comment) VALUES (1, 3, 3, 3, 'Simple now eight can try.');
INSERT INTO REVIEW (ID_Review, ServiceScore, FoodScore, PriceScore, Comment) VALUES (10, 4, 5, 2, 'College difficult certainly wife.');
INSERT INTO REVIEW (ID_Review, ServiceScore, FoodScore, PriceScore, Comment) VALUES (12, 3, 1, 1, 'Investment hold local involve song radio.');
INSERT INTO REVIEW (ID_Review, ServiceScore, FoodScore, PriceScore, Comment) VALUES (6, 3, 3, 5, 'Environmental should everyone chair through forget social.');
INSERT INTO REVIEW (ID_Review, ServiceScore, FoodScore, PriceScore, Comment) VALUES (40, 4, 3, 1, 'Take like western moment couple action.');
INSERT INTO REVIEW (ID_Review, ServiceScore, FoodScore, PriceScore, Comment) VALUES (19, 3, 3, 1, 'Draw various capital for.');
INSERT INTO REVIEW (ID_Review, ServiceScore, FoodScore, PriceScore, Comment) VALUES (38, 1, 5, 1, 'Others need mission main move simply consider.');
INSERT INTO REVIEW (ID_Review, ServiceScore, FoodScore, PriceScore, Comment) VALUES (32, 4, 2, 3, 'Bill party who century cause.');
INSERT INTO REVIEW (ID_Review, ServiceScore, FoodScore, PriceScore, Comment) VALUES (3, 4, 3, 5, 'What push region hear paper bit I.');
INSERT INTO REVIEW (ID_Review, ServiceScore, FoodScore, PriceScore, Comment) VALUES (25, 3, 4, 3, 'Instead final attorney accept.');
INSERT INTO REVIEW (ID_Review, ServiceScore, FoodScore, PriceScore, Comment) VALUES (18, 4, 5, 1, 'Speak social money tend somebody child sister.');
INSERT INTO REVIEW (ID_Review, ServiceScore, FoodScore, PriceScore, Comment) VALUES (29, 4, 5, 2, 'Company begin trouble very mean.');
INSERT INTO REVIEW (ID_Review, ServiceScore, FoodScore, PriceScore, Comment) VALUES (17, 5, 1, 4, 'Main leader able matter herself rather town.');
INSERT INTO REVIEW (ID_Review, ServiceScore, FoodScore, PriceScore, Comment) VALUES (7, 2, 4, 5, 'Exist threat rule information either.');
INSERT INTO REVIEW (ID_Review, ServiceScore, FoodScore, PriceScore, Comment) VALUES (37, 2, 1, 2, 'Care worker something assume apply suddenly also.');
INSERT INTO REVIEW (ID_Review, ServiceScore, FoodScore, PriceScore, Comment) VALUES (24, 3, 3, 5, 'Source put moment want.');
INSERT INTO REVIEW (ID_Review, ServiceScore, FoodScore, PriceScore, Comment) VALUES (8, 1, 4, 1, 'Continue source book leader.');
INSERT INTO REVIEW (ID_Review, ServiceScore, FoodScore, PriceScore, Comment) VALUES (9, 4, 1, 4, 'Sport forward modern score could character letter can.');
INSERT INTO REVIEW (ID_Review, ServiceScore, FoodScore, PriceScore, Comment) VALUES (31, 3, 2, 3, 'Score wear thank her someone.');
INSERT INTO REVIEW (ID_Review, ServiceScore, FoodScore, PriceScore, Comment) VALUES (21, 1, 3, 2, 'Evening leg president data probably note heart forward.');
INSERT INTO REVIEW (ID_Review, ServiceScore, FoodScore, PriceScore, Comment) VALUES (28, 5, 1, 3, 'Particularly certain carry base hot describe recent.');
INSERT INTO REVIEW (ID_Review, ServiceScore, FoodScore, PriceScore, Comment) VALUES (37, 2, 3, 4, 'Western painting foot full more agency lawyer.');
INSERT INTO REVIEW (ID_Review, ServiceScore, FoodScore, PriceScore, Comment) VALUES (12, 1, 3, 1, 'Important suddenly action day serious.');
INSERT INTO REVIEW (ID_Review, ServiceScore, FoodScore, PriceScore, Comment) VALUES (25, 4, 1, 2, 'Paper by special perform treat half.');
INSERT INTO REVIEW (ID_Review, ServiceScore, FoodScore, PriceScore, Comment) VALUES (33, 2, 1, 4, 'Building left writer enter begin by fight.');
INSERT INTO REVIEW (ID_Review, ServiceScore, FoodScore, PriceScore, Comment) VALUES (11, 1, 1, 1, 'Rock account consumer administration outside floor question.');
INSERT INTO REVIEW (ID_Review, ServiceScore, FoodScore, PriceScore, Comment) VALUES (23, 4, 2, 2, 'Pretty mention fire security deal.');
INSERT INTO REVIEW (ID_Review, ServiceScore, FoodScore, PriceScore, Comment) VALUES (26, 2, 5, 5, 'Realize under road report who.');
INSERT INTO REVIEW (ID_Review, ServiceScore, FoodScore, PriceScore, Comment) VALUES (31, 5, 4, 1, 'Little check site year yourself policy sometimes.');
INSERT INTO REVIEW (ID_Review, ServiceScore, FoodScore, PriceScore, Comment) VALUES (7, 1, 5, 2, 'Smile full nearly myself lose.');
INSERT INTO REVIEW (ID_Review, ServiceScore, FoodScore, PriceScore, Comment) VALUES (27, 2, 1, 2, 'Each local about positive.');
INSERT INTO REVIEW (ID_Review, ServiceScore, FoodScore, PriceScore, Comment) VALUES (17, 2, 2, 1, 'Others charge teacher determine recognize.');
INSERT INTO REVIEW (ID_Review, ServiceScore, FoodScore, PriceScore, Comment) VALUES (2, 3, 1, 4, 'Test notice fish point bill.');
INSERT INTO REVIEW (ID_Review, ServiceScore, FoodScore, PriceScore, Comment) VALUES (16, 1, 4, 5, 'Finally guess water marriage Republican.');
INSERT INTO REVIEW (ID_Review, ServiceScore, FoodScore, PriceScore, Comment) VALUES (9, 5, 2, 1, 'Believe and staff cell standard message positive.');
INSERT INTO REVIEW (ID_Review, ServiceScore, FoodScore, PriceScore, Comment) VALUES (18, 4, 1, 5, 'Significant group last perhaps.');
INSERT INTO REVIEW (ID_Review, ServiceScore, FoodScore, PriceScore, Comment) VALUES (21, 5, 1, 4, 'Lose hospital wonder wife relationship sometimes remember.');
INSERT INTO REVIEW (ID_Review, ServiceScore, FoodScore, PriceScore, Comment) VALUES (1, 2, 5, 1, 'Sort task interview whatever kid involve yeah.');
INSERT INTO REVIEW (ID_Review, ServiceScore, FoodScore, PriceScore, Comment) VALUES (24, 5, 1, 1, 'Stage church themselves very structure today ever.');
INSERT INTO REVIEW (ID_Review, ServiceScore, FoodScore, PriceScore, Comment) VALUES (6, 3, 4, 3, 'Cell foot decision development.');
INSERT INTO REVIEW (ID_Review, ServiceScore, FoodScore, PriceScore, Comment) VALUES (34, 2, 5, 5, 'Rest college there different.');
INSERT INTO REVIEW (ID_Review, ServiceScore, FoodScore, PriceScore, Comment) VALUES (10, 1, 5, 3, 'Job property man picture.');
INSERT INTO REVIEW (ID_Review, ServiceScore, FoodScore, PriceScore, Comment) VALUES (32, 3, 1, 5, 'Major energy box name upon mouth stop discover.');
INSERT INTO REVIEW (ID_Review, ServiceScore, FoodScore, PriceScore, Comment) VALUES (4, 4, 3, 2, 'Travel table part study decade Mrs.');
INSERT INTO REVIEW (ID_Review, ServiceScore, FoodScore, PriceScore, Comment) VALUES (28, 3, 5, 5, 'Training along such commercial value peace.');
INSERT INTO REVIEW (ID_Review, ServiceScore, FoodScore, PriceScore, Comment) VALUES (22, 4, 4, 4, 'These life kid quality beautiful traditional pay realize.');
INSERT INTO REVIEW (ID_Review, ServiceScore, FoodScore, PriceScore, Comment) VALUES (38, 3, 2, 4, 'House kind on who if.');
INSERT INTO REVIEW (ID_Review, ServiceScore, FoodScore, PriceScore, Comment) VALUES (36, 1, 5, 1, 'Others couple quickly week.');
INSERT INTO REVIEW (ID_Review, ServiceScore, FoodScore, PriceScore, Comment) VALUES (30, 5, 3, 5, 'Single network run toward president foot actually popular.');
INSERT INTO REVIEW (ID_Review, ServiceScore, FoodScore, PriceScore, Comment) VALUES (19, 5, 5, 4, 'Investment investment expert performance unit brother.');
INSERT INTO REVIEW (ID_Review, ServiceScore, FoodScore, PriceScore, Comment) VALUES (8, 1, 3, 5, 'Course writer at modern.');
INSERT INTO REVIEW (ID_Review, ServiceScore, FoodScore, PriceScore, Comment) VALUES (3, 1, 3, 2, 'Democratic real scientist.');
INSERT INTO REVIEW (ID_Review, ServiceScore, FoodScore, PriceScore, Comment) VALUES (29, 4, 5, 2, 'Often exist forward realize season bed know.');
INSERT INTO REVIEW (ID_Review, ServiceScore, FoodScore, PriceScore, Comment) VALUES (15, 1, 2, 3, 'Around water president.');
INSERT INTO REVIEW (ID_Review, ServiceScore, FoodScore, PriceScore, Comment) VALUES (20, 5, 1, 2, 'Appear describe choose past.');
INSERT INTO REVIEW (ID_Review, ServiceScore, FoodScore, PriceScore, Comment) VALUES (40, 2, 4, 2, 'Somebody boy like west child find store market.');
INSERT INTO REVIEW (ID_Review, ServiceScore, FoodScore, PriceScore, Comment) VALUES (39, 4, 2, 2, 'Congress health street forward I sure source.');
INSERT INTO REVIEW (ID_Review, ServiceScore, FoodScore, PriceScore, Comment) VALUES (35, 3, 1, 1, 'The expert certain our.');
INSERT INTO REVIEW (ID_Review, ServiceScore, FoodScore, PriceScore, Comment) VALUES (14, 1, 2, 5, 'Action peace sell environment skill board.');
INSERT INTO REVIEW (ID_Review, ServiceScore, FoodScore, PriceScore, Comment) VALUES (5, 4, 5, 2, 'Call pressure stop recognize factor teach detail bring.');
INSERT INTO REVIEW (ID_Review, ServiceScore, FoodScore, PriceScore, Comment) VALUES (41, 3, 3, 5, 'Thank sell create wall building decision.');
INSERT INTO REVIEW (ID_Review, ServiceScore, FoodScore, PriceScore, Comment) VALUES (23, 2, 4, 5, 'Carry hit lose although such leave amount.');
INSERT INTO REVIEW (ID_Review, ServiceScore, FoodScore, PriceScore, Comment) VALUES (40, 2, 2, 4, 'Possible improve suffer different fine.');
INSERT INTO REVIEW (ID_Review, ServiceScore, FoodScore, PriceScore, Comment) VALUES (28, 2, 1, 5, 'Hundred involve far research nor certainly how up.');
INSERT INTO REVIEW (ID_Review, ServiceScore, FoodScore, PriceScore, Comment) VALUES (27, 1, 3, 4, 'Book low certainly sport.');
INSERT INTO REVIEW (ID_Review, ServiceScore, FoodScore, PriceScore, Comment) VALUES (16, 3, 3, 2, 'Bring past kind than himself although less.');
INSERT INTO REVIEW (ID_Review, ServiceScore, FoodScore, PriceScore, Comment) VALUES (31, 2, 3, 5, 'Night family than case.');
INSERT INTO REVIEW (ID_Review, ServiceScore, FoodScore, PriceScore, Comment) VALUES (4, 4, 3, 5, 'Popular indeed author back.');
INSERT INTO REVIEW (ID_Review, ServiceScore, FoodScore, PriceScore, Comment) VALUES (25, 1, 2, 1, 'Charge interesting pay.');
INSERT INTO REVIEW (ID_Review, ServiceScore, FoodScore, PriceScore, Comment) VALUES (6, 2, 1, 3, 'You think arrive decide dark difference again.');
INSERT INTO REVIEW (ID_Review, ServiceScore, FoodScore, PriceScore, Comment) VALUES (18, 2, 4, 2, 'Entire occur Mrs music.');
INSERT INTO REVIEW (ID_Review, ServiceScore, FoodScore, PriceScore, Comment) VALUES (1, 4, 3, 4, 'Window dark answer wait base world join shake.');
INSERT INTO REVIEW (ID_Review, ServiceScore, FoodScore, PriceScore, Comment) VALUES (7, 2, 2, 4, 'Step team meet eight as church her.');
INSERT INTO REVIEW (ID_Review, ServiceScore, FoodScore, PriceScore, Comment) VALUES (33, 2, 5, 3, 'Tend form behind.');
INSERT INTO REVIEW (ID_Review, ServiceScore, FoodScore, PriceScore, Comment) VALUES (29, 1, 3, 1, 'Maybe authority our real however.');
INSERT INTO REVIEW (ID_Review, ServiceScore, FoodScore, PriceScore, Comment) VALUES (17, 5, 3, 5, 'Nice imagine nation star question.');
INSERT INTO REVIEW (ID_Review, ServiceScore, FoodScore, PriceScore, Comment) VALUES (34, 2, 4, 1, 'Determine medical hundred maintain chance do hit.');
INSERT INTO REVIEW (ID_Review, ServiceScore, FoodScore, PriceScore, Comment) VALUES (38, 4, 4, 3, 'Ten sister future increase natural nature part.');
INSERT INTO REVIEW (ID_Review, ServiceScore, FoodScore, PriceScore, Comment) VALUES (9, 5, 1, 4, 'Quality determine with blood than loss authority.');
INSERT INTO REVIEW (ID_Review, ServiceScore, FoodScore, PriceScore, Comment) VALUES (30, 2, 2, 1, 'Success seek to stage single usually.');
INSERT INTO REVIEW (ID_Review, ServiceScore, FoodScore, PriceScore, Comment) VALUES (41, 3, 3, 2, 'Family table fall then.');
INSERT INTO REVIEW (ID_Review, ServiceScore, FoodScore, PriceScore, Comment) VALUES (26, 1, 4, 5, 'Evening continue boy foot morning offer.');
INSERT INTO REVIEW (ID_Review, ServiceScore, FoodScore, PriceScore, Comment) VALUES (37, 1, 1, 4, 'Would nice successful various his section.');
INSERT INTO REVIEW (ID_Review, ServiceScore, FoodScore, PriceScore, Comment) VALUES (11, 5, 3, 3, 'Bring night with list strategy picture.');
INSERT INTO REVIEW (ID_Review, ServiceScore, FoodScore, PriceScore, Comment) VALUES (36, 2, 2, 5, 'Technology history color certainly us.');
INSERT INTO REVIEW (ID_Review, ServiceScore, FoodScore, PriceScore, Comment) VALUES (21, 1, 2, 2, 'Use speak family wear reveal skin decade above.');
INSERT INTO REVIEW (ID_Review, ServiceScore, FoodScore, PriceScore, Comment) VALUES (19, 4, 3, 3, 'Likely type yet hope act red.');
INSERT INTO REVIEW (ID_Review, ServiceScore, FoodScore, PriceScore, Comment) VALUES (35, 5, 3, 4, 'Lot technology high not I interest test data.');
INSERT INTO REVIEW (ID_Review, ServiceScore, FoodScore, PriceScore, Comment) VALUES (8, 4, 3, 4, 'Road trouble character necessary difference building.');
INSERT INTO REVIEW (ID_Review, ServiceScore, FoodScore, PriceScore, Comment) VALUES (22, 1, 4, 1, 'Along item age glass TV not peace lose.');
INSERT INTO REVIEW (ID_Review, ServiceScore, FoodScore, PriceScore, Comment) VALUES (2, 5, 2, 1, 'Quality question main appear course fine.');
INSERT INTO REVIEW (ID_Review, ServiceScore, FoodScore, PriceScore, Comment) VALUES (12, 1, 4, 3, 'Should western before home scene.');
INSERT INTO REVIEW (ID_Review, ServiceScore, FoodScore, PriceScore, Comment) VALUES (15, 4, 3, 4, 'Relationship soon marriage deal.');
INSERT INTO REVIEW (ID_Review, ServiceScore, FoodScore, PriceScore, Comment) VALUES (14, 3, 2, 5, 'Always everybody speak yes at term.');
INSERT INTO REVIEW (ID_Review, ServiceScore, FoodScore, PriceScore, Comment) VALUES (13, 2, 1, 5, 'Commercial forward theory loss.');
INSERT INTO REVIEW (ID_Review, ServiceScore, FoodScore, PriceScore, Comment) VALUES (3, 5, 1, 1, 'Half operation set against stop.');
INSERT INTO REVIEW (ID_Review, ServiceScore, FoodScore, PriceScore, Comment) VALUES (24, 5, 3, 5, 'Little rule size effort.');
INSERT INTO REVIEW (ID_Review, ServiceScore, FoodScore, PriceScore, Comment) VALUES (10, 5, 3, 3, 'Word simple current suffer last project what that.');
INSERT INTO REVIEW (ID_Review, ServiceScore, FoodScore, PriceScore, Comment) VALUES (39, 1, 1, 5, 'Do southern like result expert herself instead.');
INSERT INTO REVIEW (ID_Review, ServiceScore, FoodScore, PriceScore, Comment) VALUES (32, 5, 4, 5, 'At mind painting station particularly finally cover.');
INSERT INTO REVIEW (ID_Review, ServiceScore, FoodScore, PriceScore, Comment) VALUES (20, 3, 3, 5, 'Scene every bit play focus rate.');
INSERT INTO REVIEW (ID_Review, ServiceScore, FoodScore, PriceScore, Comment) VALUES (19, 5, 3, 1, 'Senior at coach sound large think.');
INSERT INTO REVIEW (ID_Review, ServiceScore, FoodScore, PriceScore, Comment) VALUES (16, 1, 1, 2, 'Event chair turn control city put upon court.');
INSERT INTO REVIEW (ID_Review, ServiceScore, FoodScore, PriceScore, Comment) VALUES (6, 4, 2, 5, 'They performance play.');
INSERT INTO REVIEW (ID_Review, ServiceScore, FoodScore, PriceScore, Comment) VALUES (38, 1, 1, 1, 'Start sound analysis right defense attack else.');
INSERT INTO REVIEW (ID_Review, ServiceScore, FoodScore, PriceScore, Comment) VALUES (5, 3, 5, 3, 'Find sit laugh leader himself behavior.');
INSERT INTO REVIEW (ID_Review, ServiceScore, FoodScore, PriceScore, Comment) VALUES (9, 3, 2, 3, 'Popular system lot rich.');
INSERT INTO REVIEW (ID_Review, ServiceScore, FoodScore, PriceScore, Comment) VALUES (24, 4, 1, 3, 'Fine middle power film movie.');
INSERT INTO REVIEW (ID_Review, ServiceScore, FoodScore, PriceScore, Comment) VALUES (20, 1, 5, 4, 'Beat will mission oil fast.');
INSERT INTO REVIEW (ID_Review, ServiceScore, FoodScore, PriceScore, Comment) VALUES (32, 4, 4, 2, 'Even wall stage also.');
INSERT INTO REVIEW (ID_Review, ServiceScore, FoodScore, PriceScore, Comment) VALUES (1, 3, 5, 1, 'Budget beautiful set sell.');
INSERT INTO REVIEW (ID_Review, ServiceScore, FoodScore, PriceScore, Comment) VALUES (30, 4, 4, 5, 'Policy television receive me avoid.');
INSERT INTO REVIEW (ID_Review, ServiceScore, FoodScore, PriceScore, Comment) VALUES (28, 5, 5, 4, 'Official bank field himself little issue which history.');
INSERT INTO REVIEW (ID_Review, ServiceScore, FoodScore, PriceScore, Comment) VALUES (22, 2, 3, 3, 'Easy ground office yard property number very.');
INSERT INTO REVIEW (ID_Review, ServiceScore, FoodScore, PriceScore, Comment) VALUES (26, 5, 1, 2, 'Surface kind election face born.');
INSERT INTO REVIEW (ID_Review, ServiceScore, FoodScore, PriceScore, Comment) VALUES (34, 1, 3, 5, 'Meet head both your huge popular agency.');
INSERT INTO REVIEW (ID_Review, ServiceScore, FoodScore, PriceScore, Comment) VALUES (10, 2, 1, 1, 'Industry child free of describe range.');
INSERT INTO REVIEW (ID_Review, ServiceScore, FoodScore, PriceScore, Comment) VALUES (18, 4, 2, 2, 'Rather audience use consumer in tonight as box.');
INSERT INTO REVIEW (ID_Review, ServiceScore, FoodScore, PriceScore, Comment) VALUES (39, 4, 4, 5, 'Effect interest national top language.');
INSERT INTO REVIEW (ID_Review, ServiceScore, FoodScore, PriceScore, Comment) VALUES (21, 1, 5, 5, 'Site walk maybe ability about Mr church baby.');
INSERT INTO REVIEW (ID_Review, ServiceScore, FoodScore, PriceScore, Comment) VALUES (4, 5, 3, 3, 'Mean agreement model.');
INSERT INTO REVIEW (ID_Review, ServiceScore, FoodScore, PriceScore, Comment) VALUES (31, 5, 4, 1, 'Soon meet actually.');
INSERT INTO REVIEW (ID_Review, ServiceScore, FoodScore, PriceScore, Comment) VALUES (3, 4, 1, 1, 'Mind then try operation hand.');
INSERT INTO REVIEW (ID_Review, ServiceScore, FoodScore, PriceScore, Comment) VALUES (13, 5, 2, 2, 'Wrong whatever executive keep have.');
INSERT INTO REVIEW (ID_Review, ServiceScore, FoodScore, PriceScore, Comment) VALUES (25, 2, 3, 1, 'Friend key power customer back.');
INSERT INTO REVIEW (ID_Review, ServiceScore, FoodScore, PriceScore, Comment) VALUES (29, 3, 3, 3, 'Network long security standard time.');
INSERT INTO REVIEW (ID_Review, ServiceScore, FoodScore, PriceScore, Comment) VALUES (36, 2, 4, 5, 'Treatment I exactly degree something manage.');
INSERT INTO REVIEW (ID_Review, ServiceScore, FoodScore, PriceScore, Comment) VALUES (35, 5, 2, 2, 'Business evidence news computer community maybe.');
INSERT INTO REVIEW (ID_Review, ServiceScore, FoodScore, PriceScore, Comment) VALUES (15, 3, 5, 1, 'Field act here stand.');
INSERT INTO REVIEW (ID_Review, ServiceScore, FoodScore, PriceScore, Comment) VALUES (41, 5, 3, 3, 'Ten explain necessary method our notice.');
INSERT INTO REVIEW (ID_Review, ServiceScore, FoodScore, PriceScore, Comment) VALUES (7, 2, 1, 4, 'Window by agree message necessary.');
INSERT INTO REVIEW (ID_Review, ServiceScore, FoodScore, PriceScore, Comment) VALUES (8, 5, 5, 3, 'Statement spend on role car watch kitchen.');
INSERT INTO REVIEW (ID_Review, ServiceScore, FoodScore, PriceScore, Comment) VALUES (23, 5, 4, 3, 'If season model east black.');
INSERT INTO REVIEW (ID_Review, ServiceScore, FoodScore, PriceScore, Comment) VALUES (14, 5, 3, 5, 'Everything ever political loss.');
INSERT INTO REVIEW (ID_Review, ServiceScore, FoodScore, PriceScore, Comment) VALUES (11, 2, 2, 5, 'Task a away wind.');
INSERT INTO REVIEW (ID_Review, ServiceScore, FoodScore, PriceScore, Comment) VALUES (17, 3, 4, 3, 'Try arm age.');
INSERT INTO REVIEW (ID_Review, ServiceScore, FoodScore, PriceScore, Comment) VALUES (33, 1, 4, 2, 'Amount someone likely just choose brother.');
INSERT INTO REVIEW (ID_Review, ServiceScore, FoodScore, PriceScore, Comment) VALUES (2, 3, 5, 2, 'Themselves lose green choice law force clear.');
INSERT INTO REVIEW (ID_Review, ServiceScore, FoodScore, PriceScore, Comment) VALUES (27, 5, 2, 5, 'Nation senior imagine.');
INSERT INTO REVIEW (ID_Review, ServiceScore, FoodScore, PriceScore, Comment) VALUES (12, 1, 1, 1, 'Know ahead building rock.');
INSERT INTO REVIEW (ID_Review, ServiceScore, FoodScore, PriceScore, Comment) VALUES (40, 2, 1, 2, 'Yeah always here audience few product.');
INSERT INTO REVIEW (ID_Review, ServiceScore, FoodScore, PriceScore, Comment) VALUES (1, 2, 2, 5, 'What nor series side.');
INSERT INTO REVIEW (ID_Review, ServiceScore, FoodScore, PriceScore, Comment) VALUES (39, 5, 5, 2, 'Crime law off score past appear agency.');
INSERT INTO REVIEW (ID_Review, ServiceScore, FoodScore, PriceScore, Comment) VALUES (32, 1, 2, 2, 'Leave street than put friend move industry book.');
INSERT INTO REVIEW (ID_Review, ServiceScore, FoodScore, PriceScore, Comment) VALUES (4, 2, 2, 2, 'Common seven customer offer yeah.');
INSERT INTO REVIEW (ID_Review, ServiceScore, FoodScore, PriceScore, Comment) VALUES (36, 1, 1, 1, 'Parent own control produce leave skin.');
INSERT INTO REVIEW (ID_Review, ServiceScore, FoodScore, PriceScore, Comment) VALUES (24, 1, 3, 4, 'Western culture authority keep work suggest service.');
INSERT INTO REVIEW (ID_Review, ServiceScore, FoodScore, PriceScore, Comment) VALUES (35, 3, 5, 3, 'Cost television detail half just.');
INSERT INTO REVIEW (ID_Review, ServiceScore, FoodScore, PriceScore, Comment) VALUES (15, 5, 2, 5, 'Choice somebody tonight suggest former.');
INSERT INTO REVIEW (ID_Review, ServiceScore, FoodScore, PriceScore, Comment) VALUES (14, 5, 1, 3, 'Tv research data church far.');
INSERT INTO REVIEW (ID_Review, ServiceScore, FoodScore, PriceScore, Comment) VALUES (19, 1, 5, 3, 'Outside require only military those.');
INSERT INTO REVIEW (ID_Review, ServiceScore, FoodScore, PriceScore, Comment) VALUES (2, 4, 3, 2, 'Fall book civil read.');
INSERT INTO REVIEW (ID_Review, ServiceScore, FoodScore, PriceScore, Comment) VALUES (29, 3, 5, 4, 'His glass movie side rather.');
INSERT INTO REVIEW (ID_Review, ServiceScore, FoodScore, PriceScore, Comment) VALUES (40, 4, 3, 1, 'Camera billion all computer other.');
INSERT INTO REVIEW (ID_Review, ServiceScore, FoodScore, PriceScore, Comment) VALUES (34, 4, 2, 5, 'Glass about sing moment wonder raise.');
INSERT INTO REVIEW (ID_Review, ServiceScore, FoodScore, PriceScore, Comment) VALUES (21, 2, 5, 4, 'Become minute campaign officer would nation use.');
INSERT INTO REVIEW (ID_Review, ServiceScore, FoodScore, PriceScore, Comment) VALUES (5, 2, 1, 1, 'Finish morning final.');
INSERT INTO REVIEW (ID_Review, ServiceScore, FoodScore, PriceScore, Comment) VALUES (30, 3, 1, 2, 'Explain tree store turn.');
INSERT INTO REVIEW (ID_Review, ServiceScore, FoodScore, PriceScore, Comment) VALUES (13, 3, 2, 4, 'Be become always attention partner.');
INSERT INTO REVIEW (ID_Review, ServiceScore, FoodScore, PriceScore, Comment) VALUES (12, 1, 1, 2, 'Hear old candidate rule boy player security.');
INSERT INTO REVIEW (ID_Review, ServiceScore, FoodScore, PriceScore, Comment) VALUES (7, 2, 2, 4, 'Tend event official seem bar enjoy.');
INSERT INTO REVIEW (ID_Review, ServiceScore, FoodScore, PriceScore, Comment) VALUES (26, 5, 3, 1, 'Hear development against site.');
INSERT INTO REVIEW (ID_Review, ServiceScore, FoodScore, PriceScore, Comment) VALUES (9, 4, 1, 1, 'Mean ball hear new.');
INSERT INTO REVIEW (ID_Review, ServiceScore, FoodScore, PriceScore, Comment) VALUES (3, 3, 4, 5, 'Foot call onto economic itself really.');
INSERT INTO REVIEW (ID_Review, ServiceScore, FoodScore, PriceScore, Comment) VALUES (38, 5, 5, 5, 'Instead including produce fish Mrs trade.');
INSERT INTO REVIEW (ID_Review, ServiceScore, FoodScore, PriceScore, Comment) VALUES (11, 3, 4, 4, 'Nor point central occur final ok center hour.');
INSERT INTO REVIEW (ID_Review, ServiceScore, FoodScore, PriceScore, Comment) VALUES (33, 3, 2, 5, 'Reality mind trial down unit whether her.');
INSERT INTO REVIEW (ID_Review, ServiceScore, FoodScore, PriceScore, Comment) VALUES (17, 4, 3, 4, 'Reach agreement eat guy.');
INSERT INTO REVIEW (ID_Review, ServiceScore, FoodScore, PriceScore, Comment) VALUES (22, 5, 1, 5, 'Improve picture threat lot future everybody discussion.');
INSERT INTO REVIEW (ID_Review, ServiceScore, FoodScore, PriceScore, Comment) VALUES (16, 2, 2, 4, 'Join relate line.');
INSERT INTO REVIEW (ID_Review, ServiceScore, FoodScore, PriceScore, Comment) VALUES (37, 3, 5, 3, 'Rate war most.');
INSERT INTO REVIEW (ID_Review, ServiceScore, FoodScore, PriceScore, Comment) VALUES (25, 1, 4, 5, 'Walk tax purpose officer.');
INSERT INTO REVIEW (ID_Review, ServiceScore, FoodScore, PriceScore, Comment) VALUES (41, 5, 5, 2, 'Tough beyond computer understand check five.');
INSERT INTO REVIEW (ID_Review, ServiceScore, FoodScore, PriceScore, Comment) VALUES (31, 2, 2, 3, 'Because best anything green.');
INSERT INTO REVIEW (ID_Review, ServiceScore, FoodScore, PriceScore, Comment) VALUES (27, 5, 2, 1, 'Kitchen find day reflect stage explain others.');
INSERT INTO REVIEW (ID_Review, ServiceScore, FoodScore, PriceScore, Comment) VALUES (10, 5, 2, 3, 'Network player foot finally rich whatever.');
INSERT INTO REVIEW (ID_Review, ServiceScore, FoodScore, PriceScore, Comment) VALUES (28, 5, 3, 5, 'Piece include main well almost.');
INSERT INTO REVIEW (ID_Review, ServiceScore, FoodScore, PriceScore, Comment) VALUES (20, 1, 4, 4, 'Middle listen act leg wear.');
INSERT INTO REVIEW (ID_Review, ServiceScore, FoodScore, PriceScore, Comment) VALUES (8, 4, 1, 4, 'Stop defense happy kid.');
INSERT INTO REVIEW (ID_Review, ServiceScore, FoodScore, PriceScore, Comment) VALUES (23, 4, 3, 2, 'Bit that never television candidate record.');
INSERT INTO REVIEW (ID_Review, ServiceScore, FoodScore, PriceScore, Comment) VALUES (6, 2, 2, 3, 'Box continue option minute serve none.');
INSERT INTO REVIEW (ID_Review, ServiceScore, FoodScore, PriceScore, Comment) VALUES (14, 5, 5, 5, 'Happy federal continue.');
INSERT INTO REVIEW (ID_Review, ServiceScore, FoodScore, PriceScore, Comment) VALUES (12, 2, 1, 3, 'Smile happen myself Republican site produce.');
INSERT INTO REVIEW (ID_Review, ServiceScore, FoodScore, PriceScore, Comment) VALUES (3, 3, 3, 2, 'Weight strategy rate he.');
INSERT INTO REVIEW (ID_Review, ServiceScore, FoodScore, PriceScore, Comment) VALUES (21, 1, 2, 1, 'Woman individual daughter simply weight.');
INSERT INTO REVIEW (ID_Review, ServiceScore, FoodScore, PriceScore, Comment) VALUES (5, 2, 5, 3, 'White draw in participant various.');
INSERT INTO REVIEW (ID_Review, ServiceScore, FoodScore, PriceScore, Comment) VALUES (36, 2, 1, 2, 'Plan campaign million before meet.');
INSERT INTO REVIEW (ID_Review, ServiceScore, FoodScore, PriceScore, Comment) VALUES (16, 3, 2, 2, 'Couple street during theory well.');
INSERT INTO REVIEW (ID_Review, ServiceScore, FoodScore, PriceScore, Comment) VALUES (10, 3, 3, 5, 'Hour point available over unit.');
INSERT INTO REVIEW (ID_Review, ServiceScore, FoodScore, PriceScore, Comment) VALUES (7, 5, 3, 1, 'Within security already leader record.');
INSERT INTO REVIEW (ID_Review, ServiceScore, FoodScore, PriceScore, Comment) VALUES (32, 3, 4, 1, 'Thousand floor usually about question.');
INSERT INTO REVIEW (ID_Review, ServiceScore, FoodScore, PriceScore, Comment) VALUES (33, 1, 2, 2, 'Thousand site relationship catch hair.');
INSERT INTO REVIEW (ID_Review, ServiceScore, FoodScore, PriceScore, Comment) VALUES (19, 5, 1, 1, 'Likely social show food region.');
INSERT INTO REVIEW (ID_Review, ServiceScore, FoodScore, PriceScore, Comment) VALUES (29, 2, 5, 2, 'Do speak finally race.');
INSERT INTO REVIEW (ID_Review, ServiceScore, FoodScore, PriceScore, Comment) VALUES (13, 4, 3, 3, 'Bit center institution lose trade professor every.');
INSERT INTO REVIEW (ID_Review, ServiceScore, FoodScore, PriceScore, Comment) VALUES (27, 5, 5, 1, 'After different ask modern hotel peace.');
INSERT INTO REVIEW (ID_Review, ServiceScore, FoodScore, PriceScore, Comment) VALUES (30, 1, 5, 3, 'Ago either class.');
INSERT INTO REVIEW (ID_Review, ServiceScore, FoodScore, PriceScore, Comment) VALUES (11, 2, 2, 5, 'Help policy score they yet among south.');
INSERT INTO REVIEW (ID_Review, ServiceScore, FoodScore, PriceScore, Comment) VALUES (6, 3, 1, 1, 'Statement listen build huge.');
INSERT INTO REVIEW (ID_Review, ServiceScore, FoodScore, PriceScore, Comment) VALUES (1, 4, 1, 1, 'Lay employee would special moment for carry.');
INSERT INTO REVIEW (ID_Review, ServiceScore, FoodScore, PriceScore, Comment) VALUES (25, 1, 4, 2, 'Summer off interest.');
INSERT INTO REVIEW (ID_Review, ServiceScore, FoodScore, PriceScore, Comment) VALUES (2, 1, 5, 2, 'Traditional ready lay put many.');
INSERT INTO REVIEW (ID_Review, ServiceScore, FoodScore, PriceScore, Comment) VALUES (4, 1, 1, 1, 'Power enter whole on election college first.');
INSERT INTO REVIEW (ID_Review, ServiceScore, FoodScore, PriceScore, Comment) VALUES (31, 4, 5, 5, 'Recently fill see pattern chair few together.');
INSERT INTO REVIEW (ID_Review, ServiceScore, FoodScore, PriceScore, Comment) VALUES (35, 2, 2, 4, 'Pay already perhaps himself seek do.');
INSERT INTO REVIEW (ID_Review, ServiceScore, FoodScore, PriceScore, Comment) VALUES (40, 3, 3, 1, 'Factor memory country teach.');
INSERT INTO REVIEW (ID_Review, ServiceScore, FoodScore, PriceScore, Comment) VALUES (9, 5, 5, 3, 'Recently ever visit kid.');
INSERT INTO REVIEW (ID_Review, ServiceScore, FoodScore, PriceScore, Comment) VALUES (37, 4, 2, 2, 'Democrat color issue body glass establish.');
INSERT INTO REVIEW (ID_Review, ServiceScore, FoodScore, PriceScore, Comment) VALUES (26, 1, 5, 5, 'Lot water four arm stay.');
INSERT INTO REVIEW (ID_Review, ServiceScore, FoodScore, PriceScore, Comment) VALUES (15, 5, 2, 3, 'Wife provide yourself chair dog.');
INSERT INTO REVIEW (ID_Review, ServiceScore, FoodScore, PriceScore, Comment) VALUES (22, 4, 2, 3, 'Degree camera break sing.');
INSERT INTO REVIEW (ID_Review, ServiceScore, FoodScore, PriceScore, Comment) VALUES (39, 3, 2, 5, 'Oil probably rock indeed same scene surface.');
INSERT INTO REVIEW (ID_Review, ServiceScore, FoodScore, PriceScore, Comment) VALUES (20, 4, 4, 3, 'Girl guess enough argue high network traditional sometimes.');
INSERT INTO REVIEW (ID_Review, ServiceScore, FoodScore, PriceScore, Comment) VALUES (41, 5, 1, 1, 'We care without bring probably.');
INSERT INTO REVIEW (ID_Review, ServiceScore, FoodScore, PriceScore, Comment) VALUES (17, 2, 3, 4, 'Responsibility hour better station media increase magazine.');
INSERT INTO REVIEW (ID_Review, ServiceScore, FoodScore, PriceScore, Comment) VALUES (38, 3, 1, 3, 'Identify nothing laugh thought.');
INSERT INTO REVIEW (ID_Review, ServiceScore, FoodScore, PriceScore, Comment) VALUES (34, 1, 5, 4, 'However just far tax another.');
INSERT INTO REVIEW (ID_Review, ServiceScore, FoodScore, PriceScore, Comment) VALUES (18, 3, 5, 2, 'Cut nature option fear just agree.');
INSERT INTO REVIEW (ID_Review, ServiceScore, FoodScore, PriceScore, Comment) VALUES (8, 5, 5, 4, 'Event full modern sister both.');
INSERT INTO REVIEW (ID_Review, ServiceScore, FoodScore, PriceScore, Comment) VALUES (28, 5, 1, 4, 'These art start many couple.');
INSERT INTO REVIEW (ID_Review, ServiceScore, FoodScore, PriceScore, Comment) VALUES (24, 5, 2, 3, 'Head message everything.');
INSERT INTO REVIEW (ID_Review, ServiceScore, FoodScore, PriceScore, Comment) VALUES (9, 2, 5, 1, 'Season study forget.');
INSERT INTO REVIEW (ID_Review, ServiceScore, FoodScore, PriceScore, Comment) VALUES (29, 5, 2, 1, 'Type stock know protect recent probably easy.');
INSERT INTO REVIEW (ID_Review, ServiceScore, FoodScore, PriceScore, Comment) VALUES (36, 3, 5, 2, 'Leg southern rest only moment.');
INSERT INTO REVIEW (ID_Review, ServiceScore, FoodScore, PriceScore, Comment) VALUES (6, 5, 1, 2, 'Left house group student production.');
INSERT INTO REVIEW (ID_Review, ServiceScore, FoodScore, PriceScore, Comment) VALUES (31, 5, 1, 2, 'Region control boy.');
INSERT INTO REVIEW (ID_Review, ServiceScore, FoodScore, PriceScore, Comment) VALUES (25, 4, 5, 1, 'Full school water detail power.');
INSERT INTO REVIEW (ID_Review, ServiceScore, FoodScore, PriceScore, Comment) VALUES (35, 2, 4, 4, 'Scene treat daughter attention.');
INSERT INTO REVIEW (ID_Review, ServiceScore, FoodScore, PriceScore, Comment) VALUES (41, 5, 3, 3, 'House vote his provide pull consider.');
INSERT INTO REVIEW (ID_Review, ServiceScore, FoodScore, PriceScore, Comment) VALUES (13, 2, 5, 1, 'Modern almost fire picture.');
INSERT INTO REVIEW (ID_Review, ServiceScore, FoodScore, PriceScore, Comment) VALUES (39, 4, 2, 3, 'Beautiful by sign state sea with total.');
INSERT INTO REVIEW (ID_Review, ServiceScore, FoodScore, PriceScore, Comment) VALUES (33, 2, 4, 5, 'Approach wear news experience mean.');
INSERT INTO REVIEW (ID_Review, ServiceScore, FoodScore, PriceScore, Comment) VALUES (24, 2, 2, 5, 'Onto decade measure individual point it development.');
INSERT INTO REVIEW (ID_Review, ServiceScore, FoodScore, PriceScore, Comment) VALUES (11, 4, 3, 3, 'Measure about green.');
INSERT INTO REVIEW (ID_Review, ServiceScore, FoodScore, PriceScore, Comment) VALUES (37, 5, 2, 4, 'Whom enter prevent meeting live get age.');
INSERT INTO REVIEW (ID_Review, ServiceScore, FoodScore, PriceScore, Comment) VALUES (40, 1, 1, 1, 'Through trade affect above.');
INSERT INTO REVIEW (ID_Review, ServiceScore, FoodScore, PriceScore, Comment) VALUES (5, 1, 2, 2, 'Learn she above.');
INSERT INTO REVIEW (ID_Review, ServiceScore, FoodScore, PriceScore, Comment) VALUES (30, 3, 2, 4, 'Town life table hand two.');
INSERT INTO REVIEW (ID_Review, ServiceScore, FoodScore, PriceScore, Comment) VALUES (2, 2, 2, 3, 'Defense control sing want trouble.');
INSERT INTO REVIEW (ID_Review, ServiceScore, FoodScore, PriceScore, Comment) VALUES (1, 3, 5, 3, 'Beat guy everything.');
INSERT INTO REVIEW (ID_Review, ServiceScore, FoodScore, PriceScore, Comment) VALUES (14, 3, 5, 5, 'Better pull notice game single.');
INSERT INTO REVIEW (ID_Review, ServiceScore, FoodScore, PriceScore, Comment) VALUES (21, 5, 2, 1, 'Too sound note.');
INSERT INTO REVIEW (ID_Review, ServiceScore, FoodScore, PriceScore, Comment) VALUES (12, 2, 4, 4, 'Agree then huge board music hit.');
INSERT INTO REVIEW (ID_Review, ServiceScore, FoodScore, PriceScore, Comment) VALUES (18, 5, 5, 1, 'Treatment serve third wide officer answer house our.');
INSERT INTO REVIEW (ID_Review, ServiceScore, FoodScore, PriceScore, Comment) VALUES (34, 5, 5, 1, 'Soon in might land.');
INSERT INTO REVIEW (ID_Review, ServiceScore, FoodScore, PriceScore, Comment) VALUES (15, 1, 1, 2, 'Paper race hour from cell different blood.');
INSERT INTO REVIEW (ID_Review, ServiceScore, FoodScore, PriceScore, Comment) VALUES (26, 2, 2, 1, 'Simple week they grow blue official manage.');
INSERT INTO REVIEW (ID_Review, ServiceScore, FoodScore, PriceScore, Comment) VALUES (4, 3, 4, 5, 'Suddenly month least another agree benefit some stage.');
INSERT INTO REVIEW (ID_Review, ServiceScore, FoodScore, PriceScore, Comment) VALUES (16, 3, 1, 3, 'Tonight building that law star maintain.');
INSERT INTO REVIEW (ID_Review, ServiceScore, FoodScore, PriceScore, Comment) VALUES (22, 1, 5, 5, 'Behavior amount church general color.');
INSERT INTO REVIEW (ID_Review, ServiceScore, FoodScore, PriceScore, Comment) VALUES (19, 2, 3, 4, 'Dinner where statement first.');
INSERT INTO REVIEW (ID_Review, ServiceScore, FoodScore, PriceScore, Comment) VALUES (28, 2, 3, 2, 'Structure answer crime this something end part.');
INSERT INTO REVIEW (ID_Review, ServiceScore, FoodScore, PriceScore, Comment) VALUES (27, 2, 1, 3, 'Least peace play but how.');
INSERT INTO REVIEW (ID_Review, ServiceScore, FoodScore, PriceScore, Comment) VALUES (20, 4, 2, 2, 'Analysis plant accept TV spring.');
INSERT INTO REVIEW (ID_Review, ServiceScore, FoodScore, PriceScore, Comment) VALUES (38, 3, 4, 2, 'While because floor loss message can south.');
INSERT INTO REVIEW (ID_Review, ServiceScore, FoodScore, PriceScore, Comment) VALUES (32, 3, 5, 5, 'Of charge who sort.');
INSERT INTO REVIEW (ID_Review, ServiceScore, FoodScore, PriceScore, Comment) VALUES (7, 1, 5, 3, 'Matter common speech happen north body cold.');
INSERT INTO REVIEW (ID_Review, ServiceScore, FoodScore, PriceScore, Comment) VALUES (23, 4, 1, 3, 'Your less free ability crime themselves.');
INSERT INTO REVIEW (ID_Review, ServiceScore, FoodScore, PriceScore, Comment) VALUES (17, 4, 2, 1, 'Husband kind audience hot.');
INSERT INTO REVIEW (ID_Review, ServiceScore, FoodScore, PriceScore, Comment) VALUES (8, 4, 3, 4, 'Everybody certainly be PM western.');
INSERT INTO REVIEW (ID_Review, ServiceScore, FoodScore, PriceScore, Comment) VALUES (3, 1, 2, 1, 'Reflect out effort.');
INSERT INTO REVIEW (ID_Review, ServiceScore, FoodScore, PriceScore, Comment) VALUES (5, 5, 2, 4, 'Staff appear note certainly wish respond bed.');
INSERT INTO REVIEW (ID_Review, ServiceScore, FoodScore, PriceScore, Comment) VALUES (13, 3, 2, 2, 'Picture they find father soldier anything.');
INSERT INTO REVIEW (ID_Review, ServiceScore, FoodScore, PriceScore, Comment) VALUES (29, 2, 2, 1, 'Leader who than share brother decision.');
INSERT INTO REVIEW (ID_Review, ServiceScore, FoodScore, PriceScore, Comment) VALUES (9, 2, 1, 2, 'Police begin book out adult.');
INSERT INTO REVIEW (ID_Review, ServiceScore, FoodScore, PriceScore, Comment) VALUES (40, 1, 1, 2, 'Exist trouble spring direction example.');
INSERT INTO REVIEW (ID_Review, ServiceScore, FoodScore, PriceScore, Comment) VALUES (33, 2, 5, 1, 'Cut thought ability couple against possible produce.');
INSERT INTO REVIEW (ID_Review, ServiceScore, FoodScore, PriceScore, Comment) VALUES (2, 2, 5, 5, 'Quality smile service either performance that person huge.');
INSERT INTO REVIEW (ID_Review, ServiceScore, FoodScore, PriceScore, Comment) VALUES (41, 4, 1, 2, 'Center art role all when.');
INSERT INTO REVIEW (ID_Review, ServiceScore, FoodScore, PriceScore, Comment) VALUES (7, 4, 1, 4, 'Him so mind very organization.');
INSERT INTO REVIEW (ID_Review, ServiceScore, FoodScore, PriceScore, Comment) VALUES (12, 5, 3, 1, 'Bank physical chance research.');
INSERT INTO REVIEW (ID_Review, ServiceScore, FoodScore, PriceScore, Comment) VALUES (27, 3, 1, 3, 'Card different different edge you.');
INSERT INTO REVIEW (ID_Review, ServiceScore, FoodScore, PriceScore, Comment) VALUES (24, 3, 5, 2, 'Share catch again last.');
INSERT INTO REVIEW (ID_Review, ServiceScore, FoodScore, PriceScore, Comment) VALUES (22, 4, 4, 3, 'Hour hold across girl Republican another.');
INSERT INTO REVIEW (ID_Review, ServiceScore, FoodScore, PriceScore, Comment) VALUES (19, 2, 4, 3, 'Make example I travel process tell world.');
INSERT INTO REVIEW (ID_Review, ServiceScore, FoodScore, PriceScore, Comment) VALUES (4, 5, 4, 2, 'Pull finish us site above resource.');
INSERT INTO REVIEW (ID_Review, ServiceScore, FoodScore, PriceScore, Comment) VALUES (38, 1, 4, 2, 'Fast glass coach international upon point.');
INSERT INTO REVIEW (ID_Review, ServiceScore, FoodScore, PriceScore, Comment) VALUES (31, 1, 5, 3, 'By arm police newspaper cover history agreement.');
INSERT INTO REVIEW (ID_Review, ServiceScore, FoodScore, PriceScore, Comment) VALUES (6, 4, 3, 1, 'Grow real dream economic body.');
INSERT INTO REVIEW (ID_Review, ServiceScore, FoodScore, PriceScore, Comment) VALUES (18, 2, 3, 2, 'Laugh member everybody summer someone her.');
INSERT INTO REVIEW (ID_Review, ServiceScore, FoodScore, PriceScore, Comment) VALUES (37, 1, 3, 4, 'Choose different physical you.');
INSERT INTO REVIEW (ID_Review, ServiceScore, FoodScore, PriceScore, Comment) VALUES (32, 3, 4, 3, 'Practice what air determine child drop decade.');
INSERT INTO REVIEW (ID_Review, ServiceScore, FoodScore, PriceScore, Comment) VALUES (30, 1, 2, 3, 'Stay candidate set number pattern.');
INSERT INTO REVIEW (ID_Review, ServiceScore, FoodScore, PriceScore, Comment) VALUES (16, 1, 2, 3, 'Concern protect money particularly.');
INSERT INTO REVIEW (ID_Review, ServiceScore, FoodScore, PriceScore, Comment) VALUES (11, 2, 4, 3, 'Congress card national learn.');
INSERT INTO REVIEW (ID_Review, ServiceScore, FoodScore, PriceScore, Comment) VALUES (14, 3, 1, 4, 'Door tax between myself.');
INSERT INTO REVIEW (ID_Review, ServiceScore, FoodScore, PriceScore, Comment) VALUES (28, 3, 5, 1, 'Among them task specific author.');
INSERT INTO REVIEW (ID_Review, ServiceScore, FoodScore, PriceScore, Comment) VALUES (36, 4, 5, 2, 'Billion interview chair color suffer.');
INSERT INTO REVIEW (ID_Review, ServiceScore, FoodScore, PriceScore, Comment) VALUES (3, 2, 3, 2, 'Central family page body yourself loss.');
INSERT INTO REVIEW (ID_Review, ServiceScore, FoodScore, PriceScore, Comment) VALUES (26, 3, 4, 2, 'Plant matter all yeah modern.');
INSERT INTO REVIEW (ID_Review, ServiceScore, FoodScore, PriceScore, Comment) VALUES (35, 1, 3, 1, 'Wonder song every give can agency with.');
INSERT INTO REVIEW (ID_Review, ServiceScore, FoodScore, PriceScore, Comment) VALUES (21, 3, 3, 5, 'Growth protect health range sign.');
INSERT INTO REVIEW (ID_Review, ServiceScore, FoodScore, PriceScore, Comment) VALUES (8, 3, 4, 5, 'Station oil foreign teach easy let party.');
INSERT INTO REVIEW (ID_Review, ServiceScore, FoodScore, PriceScore, Comment) VALUES (17, 3, 1, 3, 'Through culture myself everyone bring kind people population.');
INSERT INTO REVIEW (ID_Review, ServiceScore, FoodScore, PriceScore, Comment) VALUES (15, 5, 3, 5, 'Half race room speech fire out view.');
INSERT INTO REVIEW (ID_Review, ServiceScore, FoodScore, PriceScore, Comment) VALUES (34, 4, 3, 1, 'Home wait trade control family job sport.');
INSERT INTO REVIEW (ID_Review, ServiceScore, FoodScore, PriceScore, Comment) VALUES (23, 3, 5, 2, 'Food hit manager road pass.');
INSERT INTO REVIEW (ID_Review, ServiceScore, FoodScore, PriceScore, Comment) VALUES (20, 4, 3, 5, 'Show child ahead give public prevent become.');
INSERT INTO REVIEW (ID_Review, ServiceScore, FoodScore, PriceScore, Comment) VALUES (10, 3, 5, 3, 'Painting soldier them protect.');
INSERT INTO REVIEW (ID_Review, ServiceScore, FoodScore, PriceScore, Comment) VALUES (25, 2, 5, 1, 'Include see long their health green.');
INSERT INTO REVIEW (ID_Review, ServiceScore, FoodScore, PriceScore, Comment) VALUES (1, 3, 1, 5, 'Talk help author sing.');
INSERT INTO REVIEW (ID_Review, ServiceScore, FoodScore, PriceScore, Comment) VALUES (24, 2, 1, 2, 'Voice whatever speak charge factor level.');
INSERT INTO REVIEW (ID_Review, ServiceScore, FoodScore, PriceScore, Comment) VALUES (14, 4, 2, 4, 'Simply let list arm total never suddenly.');
INSERT INTO REVIEW (ID_Review, ServiceScore, FoodScore, PriceScore, Comment) VALUES (27, 1, 2, 4, 'Official owner study organization model any too.');
INSERT INTO REVIEW (ID_Review, ServiceScore, FoodScore, PriceScore, Comment) VALUES (31, 4, 2, 5, 'Blue summer option series describe able sing.');
INSERT INTO REVIEW (ID_Review, ServiceScore, FoodScore, PriceScore, Comment) VALUES (3, 1, 2, 3, 'Current career area move trip.');
INSERT INTO REVIEW (ID_Review, ServiceScore, FoodScore, PriceScore, Comment) VALUES (15, 2, 2, 3, 'Allow experience try hour either into fight media.');
INSERT INTO REVIEW (ID_Review, ServiceScore, FoodScore, PriceScore, Comment) VALUES (41, 2, 5, 3, 'Ball business lawyer operation certainly want.');
INSERT INTO REVIEW (ID_Review, ServiceScore, FoodScore, PriceScore, Comment) VALUES (17, 1, 3, 2, 'Office call argue Congress really.');
INSERT INTO REVIEW (ID_Review, ServiceScore, FoodScore, PriceScore, Comment) VALUES (18, 5, 4, 3, 'There none design them report network.');
INSERT INTO REVIEW (ID_Review, ServiceScore, FoodScore, PriceScore, Comment) VALUES (23, 5, 4, 1, 'Individual just point under indeed agreement.');
INSERT INTO REVIEW (ID_Review, ServiceScore, FoodScore, PriceScore, Comment) VALUES (10, 4, 3, 2, 'Work particular pressure factor across but knowledge three.');
INSERT INTO REVIEW (ID_Review, ServiceScore, FoodScore, PriceScore, Comment) VALUES (28, 2, 4, 1, 'Eat painting pretty hair skin entire.');
INSERT INTO REVIEW (ID_Review, ServiceScore, FoodScore, PriceScore, Comment) VALUES (19, 2, 5, 3, 'Soldier relationship mean perhaps.');
INSERT INTO REVIEW (ID_Review, ServiceScore, FoodScore, PriceScore, Comment) VALUES (25, 3, 1, 4, 'Find impact against that.');
INSERT INTO REVIEW (ID_Review, ServiceScore, FoodScore, PriceScore, Comment) VALUES (4, 1, 4, 4, 'Sea increase together radio.');
INSERT INTO REVIEW (ID_Review, ServiceScore, FoodScore, PriceScore, Comment) VALUES (1, 3, 3, 1, 'Citizen time real pressure career design rate.');
INSERT INTO REVIEW (ID_Review, ServiceScore, FoodScore, PriceScore, Comment) VALUES (8, 2, 3, 2, 'Prove evidence fill half administration.');
INSERT INTO REVIEW (ID_Review, ServiceScore, FoodScore, PriceScore, Comment) VALUES (38, 3, 2, 5, 'Both condition increase nature.');
INSERT INTO REVIEW (ID_Review, ServiceScore, FoodScore, PriceScore, Comment) VALUES (22, 1, 3, 4, 'Resource data upon example.');
INSERT INTO REVIEW (ID_Review, ServiceScore, FoodScore, PriceScore, Comment) VALUES (26, 1, 4, 3, 'Sit property audience eight determine likely.');
INSERT INTO REVIEW (ID_Review, ServiceScore, FoodScore, PriceScore, Comment) VALUES (36, 4, 1, 3, 'Local wall far guy information eye.');
INSERT INTO REVIEW (ID_Review, ServiceScore, FoodScore, PriceScore, Comment) VALUES (20, 1, 1, 1, 'However hundred at cell different wall weight.');
INSERT INTO REVIEW (ID_Review, ServiceScore, FoodScore, PriceScore, Comment) VALUES (30, 4, 1, 1, 'Pressure order remember college.');
INSERT INTO REVIEW (ID_Review, ServiceScore, FoodScore, PriceScore, Comment) VALUES (33, 3, 2, 4, 'National set feeling check.');
INSERT INTO REVIEW (ID_Review, ServiceScore, FoodScore, PriceScore, Comment) VALUES (11, 4, 5, 2, 'Trade turn color show.');
INSERT INTO REVIEW (ID_Review, ServiceScore, FoodScore, PriceScore, Comment) VALUES (6, 3, 3, 5, 'Across thousand financial maintain I them.');
INSERT INTO REVIEW (ID_Review, ServiceScore, FoodScore, PriceScore, Comment) VALUES (12, 2, 3, 5, 'Deal bit indeed paper thousand line person.');
INSERT INTO REVIEW (ID_Review, ServiceScore, FoodScore, PriceScore, Comment) VALUES (7, 5, 5, 3, 'Sometimes development home instead available.');
INSERT INTO REVIEW (ID_Review, ServiceScore, FoodScore, PriceScore, Comment) VALUES (21, 5, 1, 5, 'Weight also land key hair.');
INSERT INTO REVIEW (ID_Review, ServiceScore, FoodScore, PriceScore, Comment) VALUES (40, 4, 1, 4, 'Too far case throw newspaper might season.');
INSERT INTO REVIEW (ID_Review, ServiceScore, FoodScore, PriceScore, Comment) VALUES (29, 3, 3, 5, 'Yeah my remember four heavy policy.');
INSERT INTO REVIEW (ID_Review, ServiceScore, FoodScore, PriceScore, Comment) VALUES (9, 3, 2, 4, 'Thousand law not both.');
INSERT INTO REVIEW (ID_Review, ServiceScore, FoodScore, PriceScore, Comment) VALUES (13, 5, 2, 3, 'Politics officer structure law cost respond.');
INSERT INTO REVIEW (ID_Review, ServiceScore, FoodScore, PriceScore, Comment) VALUES (5, 5, 2, 2, 'Edge part still every trip father.');
INSERT INTO REVIEW (ID_Review, ServiceScore, FoodScore, PriceScore, Comment) VALUES (37, 3, 4, 3, 'College exist arm amount develop record.');
INSERT INTO REVIEW (ID_Review, ServiceScore, FoodScore, PriceScore, Comment) VALUES (2, 4, 5, 5, 'Talk worker middle increase education.');
INSERT INTO REVIEW (ID_Review, ServiceScore, FoodScore, PriceScore, Comment) VALUES (34, 5, 4, 5, 'Sister contain him should majority heavy.');
INSERT INTO REVIEW (ID_Review, ServiceScore, FoodScore, PriceScore, Comment) VALUES (16, 2, 1, 1, 'As area friend.');
INSERT INTO REVIEW (ID_Review, ServiceScore, FoodScore, PriceScore, Comment) VALUES (32, 3, 5, 3, 'Good TV near prepare describe economy wide stand.');
INSERT INTO REVIEW (ID_Review, ServiceScore, FoodScore, PriceScore, Comment) VALUES (39, 3, 5, 1, 'News how one travel truth new fish.');
INSERT INTO REVIEW (ID_Review, ServiceScore, FoodScore, PriceScore, Comment) VALUES (23, 2, 2, 1, 'Indeed although lawyer prepare cover American discuss what.');
INSERT INTO REVIEW (ID_Review, ServiceScore, FoodScore, PriceScore, Comment) VALUES (7, 5, 1, 4, 'Region school outside draw follow arm serious.');
INSERT INTO REVIEW (ID_Review, ServiceScore, FoodScore, PriceScore, Comment) VALUES (21, 2, 1, 5, 'Treat join I anything from themselves.');
INSERT INTO REVIEW (ID_Review, ServiceScore, FoodScore, PriceScore, Comment) VALUES (3, 4, 4, 3, 'State top reveal coach wish dog nearly.');
INSERT INTO REVIEW (ID_Review, ServiceScore, FoodScore, PriceScore, Comment) VALUES (26, 2, 5, 1, 'Learn cause woman sound land term speak strategy.');
INSERT INTO REVIEW (ID_Review, ServiceScore, FoodScore, PriceScore, Comment) VALUES (2, 3, 1, 4, 'Enjoy even can also generation animal.');
INSERT INTO REVIEW (ID_Review, ServiceScore, FoodScore, PriceScore, Comment) VALUES (32, 3, 3, 2, 'Weight establish save body travel someone.');
INSERT INTO REVIEW (ID_Review, ServiceScore, FoodScore, PriceScore, Comment) VALUES (31, 5, 2, 3, 'Dream their wish identify cause bank.');
INSERT INTO REVIEW (ID_Review, ServiceScore, FoodScore, PriceScore, Comment) VALUES (11, 1, 5, 5, 'Clear career business effect.');
INSERT INTO REVIEW (ID_Review, ServiceScore, FoodScore, PriceScore, Comment) VALUES (10, 1, 3, 1, 'Follow reduce though purpose stock.');
INSERT INTO REVIEW (ID_Review, ServiceScore, FoodScore, PriceScore, Comment) VALUES (12, 3, 1, 1, 'The morning certainly perhaps month may boy.');
INSERT INTO REVIEW (ID_Review, ServiceScore, FoodScore, PriceScore, Comment) VALUES (9, 3, 2, 2, 'Inside opportunity quality professional which.');
INSERT INTO REVIEW (ID_Review, ServiceScore, FoodScore, PriceScore, Comment) VALUES (29, 1, 4, 1, 'Land knowledge role itself training TV nothing.');
INSERT INTO REVIEW (ID_Review, ServiceScore, FoodScore, PriceScore, Comment) VALUES (19, 4, 4, 3, 'Relate situation real.');
INSERT INTO REVIEW (ID_Review, ServiceScore, FoodScore, PriceScore, Comment) VALUES (34, 5, 3, 2, 'Particular brother television tend I across minute.');
INSERT INTO REVIEW (ID_Review, ServiceScore, FoodScore, PriceScore, Comment) VALUES (35, 2, 2, 5, 'Available support east whatever member may.');
INSERT INTO REVIEW (ID_Review, ServiceScore, FoodScore, PriceScore, Comment) VALUES (36, 2, 5, 2, 'Old respond religious situation work another garden.');
INSERT INTO REVIEW (ID_Review, ServiceScore, FoodScore, PriceScore, Comment) VALUES (40, 2, 3, 3, 'I figure there seek animal white we tree.');
INSERT INTO REVIEW (ID_Review, ServiceScore, FoodScore, PriceScore, Comment) VALUES (17, 3, 3, 4, 'Anyone avoid central operation report degree ahead.');
INSERT INTO REVIEW (ID_Review, ServiceScore, FoodScore, PriceScore, Comment) VALUES (30, 2, 2, 5, 'Their identify career pull.');
INSERT INTO REVIEW (ID_Review, ServiceScore, FoodScore, PriceScore, Comment) VALUES (25, 1, 5, 3, 'Material page assume.');
INSERT INTO REVIEW (ID_Review, ServiceScore, FoodScore, PriceScore, Comment) VALUES (6, 3, 2, 4, 'Teach everything much cause why tend reach walk.');
INSERT INTO REVIEW (ID_Review, ServiceScore, FoodScore, PriceScore, Comment) VALUES (39, 4, 5, 5, 'Teach wall traditional.');
INSERT INTO REVIEW (ID_Review, ServiceScore, FoodScore, PriceScore, Comment) VALUES (13, 1, 5, 3, 'Mouth simply name real election.');
INSERT INTO REVIEW (ID_Review, ServiceScore, FoodScore, PriceScore, Comment) VALUES (18, 4, 3, 1, 'Maintain create one well.');
INSERT INTO REVIEW (ID_Review, ServiceScore, FoodScore, PriceScore, Comment) VALUES (20, 5, 1, 1, 'Much interview matter tough hotel present lot.');
INSERT INTO REVIEW (ID_Review, ServiceScore, FoodScore, PriceScore, Comment) VALUES (38, 3, 3, 5, 'Claim table if rest.');
INSERT INTO REVIEW (ID_Review, ServiceScore, FoodScore, PriceScore, Comment) VALUES (22, 4, 4, 5, 'Process art cup least attack director.');
INSERT INTO REVIEW (ID_Review, ServiceScore, FoodScore, PriceScore, Comment) VALUES (27, 3, 5, 4, 'Defense of beat phone black similar.');
INSERT INTO REVIEW (ID_Review, ServiceScore, FoodScore, PriceScore, Comment) VALUES (14, 2, 2, 2, 'Southern space threat customer fire officer might.');
INSERT INTO REVIEW (ID_Review, ServiceScore, FoodScore, PriceScore, Comment) VALUES (24, 2, 3, 3, 'Entire cultural oil here more moment mind.');
INSERT INTO REVIEW (ID_Review, ServiceScore, FoodScore, PriceScore, Comment) VALUES (8, 1, 4, 5, 'Hold stock true health method.');
INSERT INTO REVIEW (ID_Review, ServiceScore, FoodScore, PriceScore, Comment) VALUES (28, 4, 1, 4, 'Throw senior ask expect.');
INSERT INTO REVIEW (ID_Review, ServiceScore, FoodScore, PriceScore, Comment) VALUES (5, 1, 2, 5, 'Close process few receive good.');
INSERT INTO REVIEW (ID_Review, ServiceScore, FoodScore, PriceScore, Comment) VALUES (37, 1, 5, 2, 'Affect down financial.');
INSERT INTO REVIEW (ID_Review, ServiceScore, FoodScore, PriceScore, Comment) VALUES (41, 1, 5, 2, 'Never position become carry wear something.');
INSERT INTO REVIEW (ID_Review, ServiceScore, FoodScore, PriceScore, Comment) VALUES (4, 3, 4, 5, 'Rule present since paper.');
INSERT INTO REVIEW (ID_Review, ServiceScore, FoodScore, PriceScore, Comment) VALUES (1, 2, 3, 2, 'City suggest mention.');
INSERT INTO REVIEW (ID_Review, ServiceScore, FoodScore, PriceScore, Comment) VALUES (33, 3, 1, 1, 'Necessary us shoulder purpose already.');
INSERT INTO REVIEW (ID_Review, ServiceScore, FoodScore, PriceScore, Comment) VALUES (15, 5, 3, 3, 'Let size score.');
INSERT INTO REVIEW (ID_Review, ServiceScore, FoodScore, PriceScore, Comment) VALUES (33, 3, 5, 2, 'Sit official table.');
INSERT INTO REVIEW (ID_Review, ServiceScore, FoodScore, PriceScore, Comment) VALUES (25, 3, 3, 3, 'Around card argue item imagine dark this.');
INSERT INTO REVIEW (ID_Review, ServiceScore, FoodScore, PriceScore, Comment) VALUES (41, 5, 1, 3, 'Teach staff price still appear well traditional.');
INSERT INTO REVIEW (ID_Review, ServiceScore, FoodScore, PriceScore, Comment) VALUES (35, 2, 5, 4, 'Our benefit great class artist participant.');
INSERT INTO REVIEW (ID_Review, ServiceScore, FoodScore, PriceScore, Comment) VALUES (14, 1, 3, 5, 'Court race us operation institution.');
INSERT INTO REVIEW (ID_Review, ServiceScore, FoodScore, PriceScore, Comment) VALUES (2, 2, 3, 3, 'Stock edge item prove require.');
INSERT INTO REVIEW (ID_Review, ServiceScore, FoodScore, PriceScore, Comment) VALUES (17, 3, 5, 4, 'History industry value right safe key before.');
INSERT INTO REVIEW (ID_Review, ServiceScore, FoodScore, PriceScore, Comment) VALUES (24, 1, 1, 1, 'Suffer ask food method team yeah feel.');
INSERT INTO REVIEW (ID_Review, ServiceScore, FoodScore, PriceScore, Comment) VALUES (20, 5, 1, 4, 'From school future argue cell fall chair.');
INSERT INTO REVIEW (ID_Review, ServiceScore, FoodScore, PriceScore, Comment) VALUES (38, 5, 4, 4, 'Manager exist last artist much cold work.');
INSERT INTO REVIEW (ID_Review, ServiceScore, FoodScore, PriceScore, Comment) VALUES (16, 3, 3, 4, 'Always firm writer.');
INSERT INTO REVIEW (ID_Review, ServiceScore, FoodScore, PriceScore, Comment) VALUES (10, 4, 2, 2, 'Item include large move.');
INSERT INTO REVIEW (ID_Review, ServiceScore, FoodScore, PriceScore, Comment) VALUES (12, 4, 4, 5, 'Court others miss there wonder tree.');
INSERT INTO REVIEW (ID_Review, ServiceScore, FoodScore, PriceScore, Comment) VALUES (5, 4, 3, 1, 'Pretty student fight produce player doctor.');
INSERT INTO REVIEW (ID_Review, ServiceScore, FoodScore, PriceScore, Comment) VALUES (37, 5, 4, 4, 'Less whole national represent.');
INSERT INTO REVIEW (ID_Review, ServiceScore, FoodScore, PriceScore, Comment) VALUES (11, 2, 4, 1, 'Alone church treat series relate someone fast top.');
INSERT INTO REVIEW (ID_Review, ServiceScore, FoodScore, PriceScore, Comment) VALUES (29, 4, 5, 4, 'Scene about prevent keep.');
INSERT INTO REVIEW (ID_Review, ServiceScore, FoodScore, PriceScore, Comment) VALUES (30, 3, 2, 3, 'Reality appear Republican side century.');
INSERT INTO REVIEW (ID_Review, ServiceScore, FoodScore, PriceScore, Comment) VALUES (28, 1, 1, 3, 'Purpose song reality response story.');
INSERT INTO REVIEW (ID_Review, ServiceScore, FoodScore, PriceScore, Comment) VALUES (7, 2, 2, 2, 'Yeah certainly difference fear high.');
INSERT INTO REVIEW (ID_Review, ServiceScore, FoodScore, PriceScore, Comment) VALUES (27, 4, 2, 3, 'Campaign father leg relate.');
INSERT INTO REVIEW (ID_Review, ServiceScore, FoodScore, PriceScore, Comment) VALUES (18, 4, 4, 5, 'Huge evening north risk.');
INSERT INTO REVIEW (ID_Review, ServiceScore, FoodScore, PriceScore, Comment) VALUES (9, 4, 3, 5, 'Consider understand interview give land at.');
INSERT INTO REVIEW (ID_Review, ServiceScore, FoodScore, PriceScore, Comment) VALUES (36, 5, 2, 3, 'Start send public whose spend and.');
INSERT INTO REVIEW (ID_Review, ServiceScore, FoodScore, PriceScore, Comment) VALUES (39, 3, 3, 5, 'Whole player may four ok lawyer resource crime.');
INSERT INTO REVIEW (ID_Review, ServiceScore, FoodScore, PriceScore, Comment) VALUES (1, 5, 3, 5, 'And blue save risk understand option green.');
INSERT INTO REVIEW (ID_Review, ServiceScore, FoodScore, PriceScore, Comment) VALUES (19, 5, 3, 3, 'Chance tax defense remain.');
INSERT INTO REVIEW (ID_Review, ServiceScore, FoodScore, PriceScore, Comment) VALUES (40, 2, 5, 2, 'Consider situation determine others run never tonight half.');
INSERT INTO REVIEW (ID_Review, ServiceScore, FoodScore, PriceScore, Comment) VALUES (31, 1, 3, 2, 'Goal wear doctor.');
INSERT INTO REVIEW (ID_Review, ServiceScore, FoodScore, PriceScore, Comment) VALUES (15, 1, 3, 4, 'Similar certain cell ago morning be.');
INSERT INTO REVIEW (ID_Review, ServiceScore, FoodScore, PriceScore, Comment) VALUES (32, 1, 3, 1, 'Daughter car culture crime many green issue.');
INSERT INTO REVIEW (ID_Review, ServiceScore, FoodScore, PriceScore, Comment) VALUES (13, 5, 3, 1, 'Almost station probably media.');
INSERT INTO REVIEW (ID_Review, ServiceScore, FoodScore, PriceScore, Comment) VALUES (3, 4, 3, 4, 'Them beat maybe see town possible.');
INSERT INTO REVIEW (ID_Review, ServiceScore, FoodScore, PriceScore, Comment) VALUES (23, 5, 3, 3, 'Behavior improve tonight door anyone.');
INSERT INTO REVIEW (ID_Review, ServiceScore, FoodScore, PriceScore, Comment) VALUES (4, 4, 1, 5, 'Far country attorney food structure camera new.');
INSERT INTO REVIEW (ID_Review, ServiceScore, FoodScore, PriceScore, Comment) VALUES (21, 5, 3, 1, 'Read major win yeah.');
INSERT INTO REVIEW (ID_Review, ServiceScore, FoodScore, PriceScore, Comment) VALUES (26, 3, 1, 1, 'Nothing hold take throughout animal red might.');
INSERT INTO REVIEW (ID_Review, ServiceScore, FoodScore, PriceScore, Comment) VALUES (22, 4, 3, 4, 'Threat option serve culture fight professional authority.');
INSERT INTO REVIEW (ID_Review, ServiceScore, FoodScore, PriceScore, Comment) VALUES (6, 2, 3, 4, 'Sit fund worker follow alone.');
INSERT INTO REVIEW (ID_Review, ServiceScore, FoodScore, PriceScore, Comment) VALUES (34, 3, 2, 2, 'More toward blue force high executive step.');
INSERT INTO REVIEW (ID_Review, ServiceScore, FoodScore, PriceScore, Comment) VALUES (12, 4, 4, 2, 'Those real stand treat dinner movement north.');
INSERT INTO REVIEW (ID_Review, ServiceScore, FoodScore, PriceScore, Comment) VALUES (6, 3, 4, 4, 'Minute manager consider read.');
INSERT INTO REVIEW (ID_Review, ServiceScore, FoodScore, PriceScore, Comment) VALUES (8, 5, 4, 5, 'Push free risk total near return very.');
INSERT INTO REVIEW (ID_Review, ServiceScore, FoodScore, PriceScore, Comment) VALUES (14, 3, 5, 4, 'Individual not history you claim.');
INSERT INTO REVIEW (ID_Review, ServiceScore, FoodScore, PriceScore, Comment) VALUES (22, 4, 2, 5, 'Stop she keep attorney.');
INSERT INTO REVIEW (ID_Review, ServiceScore, FoodScore, PriceScore, Comment) VALUES (31, 2, 3, 2, 'Shoulder officer third here.');
INSERT INTO REVIEW (ID_Review, ServiceScore, FoodScore, PriceScore, Comment) VALUES (33, 5, 4, 1, 'Several account the because reason.');
INSERT INTO REVIEW (ID_Review, ServiceScore, FoodScore, PriceScore, Comment) VALUES (23, 1, 4, 5, 'Sister theory only tonight early pretty.');
INSERT INTO REVIEW (ID_Review, ServiceScore, FoodScore, PriceScore, Comment) VALUES (39, 1, 4, 5, 'Art small security drug institution get.');
INSERT INTO REVIEW (ID_Review, ServiceScore, FoodScore, PriceScore, Comment) VALUES (7, 3, 2, 3, 'Wind large feel financial someone.');
INSERT INTO REVIEW (ID_Review, ServiceScore, FoodScore, PriceScore, Comment) VALUES (27, 1, 2, 4, 'Wish computer reveal paper down hour.');
INSERT INTO REVIEW (ID_Review, ServiceScore, FoodScore, PriceScore, Comment) VALUES (4, 1, 5, 4, 'Top show middle admit real discover enjoy whose.');
INSERT INTO REVIEW (ID_Review, ServiceScore, FoodScore, PriceScore, Comment) VALUES (32, 3, 5, 5, 'Character land brother represent.');
INSERT INTO REVIEW (ID_Review, ServiceScore, FoodScore, PriceScore, Comment) VALUES (41, 4, 2, 4, 'Relationship somebody care marriage shake type.');
INSERT INTO REVIEW (ID_Review, ServiceScore, FoodScore, PriceScore, Comment) VALUES (17, 2, 2, 4, 'Choose large himself that.');
INSERT INTO REVIEW (ID_Review, ServiceScore, FoodScore, PriceScore, Comment) VALUES (26, 4, 3, 2, 'Scene agreement today purpose author.');
INSERT INTO REVIEW (ID_Review, ServiceScore, FoodScore, PriceScore, Comment) VALUES (19, 4, 2, 1, 'Sea already across on person.');
INSERT INTO REVIEW (ID_Review, ServiceScore, FoodScore, PriceScore, Comment) VALUES (34, 3, 3, 1, 'Head candidate Congress behavior today.');
INSERT INTO REVIEW (ID_Review, ServiceScore, FoodScore, PriceScore, Comment) VALUES (1, 5, 3, 2, 'Put sometimes world.');
INSERT INTO REVIEW (ID_Review, ServiceScore, FoodScore, PriceScore, Comment) VALUES (21, 5, 1, 5, 'Group name almost nice move process.');
INSERT INTO REVIEW (ID_Review, ServiceScore, FoodScore, PriceScore, Comment) VALUES (20, 1, 2, 2, 'Or religious too whose natural support forward.');
INSERT INTO REVIEW (ID_Review, ServiceScore, FoodScore, PriceScore, Comment) VALUES (37, 3, 1, 2, 'Learn describe ever more employee ahead begin.');
INSERT INTO REVIEW (ID_Review, ServiceScore, FoodScore, PriceScore, Comment) VALUES (3, 5, 3, 2, 'Concern star brother long around watch pick.');
INSERT INTO REVIEW (ID_Review, ServiceScore, FoodScore, PriceScore, Comment) VALUES (16, 5, 2, 1, 'White until unit end work administration.');
INSERT INTO REVIEW (ID_Review, ServiceScore, FoodScore, PriceScore, Comment) VALUES (5, 2, 2, 1, 'Chair end during during building treat.');
INSERT INTO REVIEW (ID_Review, ServiceScore, FoodScore, PriceScore, Comment) VALUES (25, 1, 3, 2, 'Western specific require them spring financial be.');
INSERT INTO REVIEW (ID_Review, ServiceScore, FoodScore, PriceScore, Comment) VALUES (11, 3, 5, 3, 'Soldier window degree several thousand.');
INSERT INTO REVIEW (ID_Review, ServiceScore, FoodScore, PriceScore, Comment) VALUES (36, 2, 2, 2, 'Amount expert eight seven.');
INSERT INTO REVIEW (ID_Review, ServiceScore, FoodScore, PriceScore, Comment) VALUES (35, 1, 3, 5, 'Certainly camera reflect mean back list.');
INSERT INTO REVIEW (ID_Review, ServiceScore, FoodScore, PriceScore, Comment) VALUES (9, 4, 4, 4, 'Vote participant recently rock ago chance hour number.');
INSERT INTO REVIEW (ID_Review, ServiceScore, FoodScore, PriceScore, Comment) VALUES (28, 4, 1, 5, 'Create test former realize play summer serve.');
INSERT INTO REVIEW (ID_Review, ServiceScore, FoodScore, PriceScore, Comment) VALUES (10, 3, 3, 3, 'Hard manage point late process.');
INSERT INTO REVIEW (ID_Review, ServiceScore, FoodScore, PriceScore, Comment) VALUES (38, 3, 2, 4, 'Hotel court career you wear spring staff.');
INSERT INTO REVIEW (ID_Review, ServiceScore, FoodScore, PriceScore, Comment) VALUES (13, 1, 4, 4, 'Per yard data spring wait treat.');
INSERT INTO REVIEW (ID_Review, ServiceScore, FoodScore, PriceScore, Comment) VALUES (15, 3, 2, 2, 'Part she compare parent have record.');
INSERT INTO REVIEW (ID_Review, ServiceScore, FoodScore, PriceScore, Comment) VALUES (29, 4, 3, 1, 'Challenge believe arm treatment southern north paper before.');
INSERT INTO REVIEW (ID_Review, ServiceScore, FoodScore, PriceScore, Comment) VALUES (24, 3, 1, 4, 'Green kind rule girl national nor production nothing.');
INSERT INTO REVIEW (ID_Review, ServiceScore, FoodScore, PriceScore, Comment) VALUES (40, 4, 2, 5, 'Kitchen father rich four stay scene.');
INSERT INTO REVIEW (ID_Review, ServiceScore, FoodScore, PriceScore, Comment) VALUES (18, 1, 1, 5, 'Hand official might deal only buy never available.');
INSERT INTO REVIEW (ID_Review, ServiceScore, FoodScore, PriceScore, Comment) VALUES (30, 5, 2, 1, 'Huge others every hundred sure property.');
