INSERT INTO AREA (ID_Area, AreaName) VALUES ('1', 'Fisherchester');
INSERT INTO AREA (ID_Area, AreaName) VALUES ('2', 'West Angela');
INSERT INTO AREA (ID_Area, AreaName) VALUES ('3', 'South Morgan');
INSERT INTO AREA (ID_Area, AreaName) VALUES ('4', 'Ericside');
INSERT INTO AREA (ID_Area, AreaName) VALUES ('5', 'North Courtney');
INSERT INTO DEPARTMENT (ID_Department, DepartmentName, Salary) VALUES (1, 'Management', 7500000);
INSERT INTO DEPARTMENT (ID_Department, DepartmentName, Salary) VALUES (2, 'Kitchen', 10500000);
INSERT INTO DEPARTMENT (ID_Department, DepartmentName, Salary) VALUES (3, 'Cleaning', 16500000);
INSERT INTO DEPARTMENT (ID_Department, DepartmentName, Salary) VALUES (4, 'Security', 12000000);
INSERT INTO DEPARTMENT (ID_Department, DepartmentName, Salary) VALUES (5, 'Reception', 8500000);
INSERT INTO DEPARTMENT (ID_Department, DepartmentName, Salary) VALUES (6, 'Accounting', 19500000);
INSERT INTO DEPARTMENT (ID_Department, DepartmentName, Salary) VALUES (7, 'Service', 7000000);
INSERT INTO EMPLOYEE (ID_Employee, EmployeeName, DoB, PhoneNumber, Gender, ID_Department) VALUES (1, 'Natalie Williams', '1984-01-05', '0259075252', 'M', 1);
INSERT INTO EMPLOYEE (ID_Employee, EmployeeName, DoB, PhoneNumber, Gender, ID_Department) VALUES (2, 'Steve Guerrero', '1966-06-03', '7757682932', 'F', 1);
INSERT INTO EMPLOYEE (ID_Employee, EmployeeName, DoB, PhoneNumber, Gender, ID_Department) VALUES (3, 'Edward Smith', '1960-06-30', '1863830791', 'F', 1);
INSERT INTO EMPLOYEE (ID_Employee, EmployeeName, DoB, PhoneNumber, Gender, ID_Department) VALUES (4, 'Melissa Booker', '1983-12-20', '3050097636', 'M', 1);
INSERT INTO EMPLOYEE (ID_Employee, EmployeeName, DoB, PhoneNumber, Gender, ID_Department) VALUES (5, 'Rodney Rodriguez', '1973-08-06', '8292741201', 'F', 1);
INSERT INTO EMPLOYEE (ID_Employee, EmployeeName, DoB, PhoneNumber, Gender, ID_Department) VALUES (6, 'Jose Abbott', '1998-11-26', '6005782240', 'M', 1);
INSERT INTO EMPLOYEE (ID_Employee, EmployeeName, DoB, PhoneNumber, Gender, ID_Department) VALUES (7, 'Jacob Petty', '2005-09-13', '2847294619', 'F', 1);
INSERT INTO EMPLOYEE (ID_Employee, EmployeeName, DoB, PhoneNumber, Gender, ID_Department) VALUES (8, 'Rachel White', '1966-10-09', '0928191851', 'F', 1);
INSERT INTO EMPLOYEE (ID_Employee, EmployeeName, DoB, PhoneNumber, Gender, ID_Department) VALUES (9, 'Amanda Mckinney', '1960-10-08', '6716596289', 'F', 1);
INSERT INTO EMPLOYEE (ID_Employee, EmployeeName, DoB, PhoneNumber, Gender, ID_Department) VALUES (10, 'Melanie Johnson', '1978-10-11', '6663970607', 'M', 1);
INSERT INTO EMPLOYEE (ID_Employee, EmployeeName, DoB, PhoneNumber, Gender, ID_Department) VALUES (11, 'Destiny Rodriguez', '1976-11-30', '2924506201', 'M', 1);
INSERT INTO EMPLOYEE (ID_Employee, EmployeeName, DoB, PhoneNumber, Gender, ID_Department) VALUES (12, 'Teresa Thompson', '2003-12-27', '1021096367', 'F', 1);
INSERT INTO EMPLOYEE (ID_Employee, EmployeeName, DoB, PhoneNumber, Gender, ID_Department) VALUES (13, 'Denise Humphrey', '1993-10-15', '9956932706', 'F', 1);
INSERT INTO EMPLOYEE (ID_Employee, EmployeeName, DoB, PhoneNumber, Gender, ID_Department) VALUES (14, 'Rodney Miller', '1991-06-02', '9603155329', 'M', 1);
INSERT INTO EMPLOYEE (ID_Employee, EmployeeName, DoB, PhoneNumber, Gender, ID_Department) VALUES (15, 'Joseph Turner', '1967-06-14', '1213316783', 'M', 1);
INSERT INTO EMPLOYEE (ID_Employee, EmployeeName, DoB, PhoneNumber, Gender, ID_Department) VALUES (16, 'Tammy Rodriguez', '1983-06-22', '3483462978', 'M', 4);
INSERT INTO EMPLOYEE (ID_Employee, EmployeeName, DoB, PhoneNumber, Gender, ID_Department) VALUES (17, 'Dylan Clay', '2000-12-17', '2380493107', 'M', 7);
INSERT INTO EMPLOYEE (ID_Employee, EmployeeName, DoB, PhoneNumber, Gender, ID_Department) VALUES (18, 'Donna Martinez', '1983-06-26', '7362859740', 'M', 2);
INSERT INTO EMPLOYEE (ID_Employee, EmployeeName, DoB, PhoneNumber, Gender, ID_Department) VALUES (19, 'Charles Chapman', '1990-08-14', '3593401800', 'F', 4);
INSERT INTO EMPLOYEE (ID_Employee, EmployeeName, DoB, PhoneNumber, Gender, ID_Department) VALUES (20, 'Dr. Tonya Ray', '1979-10-07', '3631953497', 'M', 6);
INSERT INTO EMPLOYEE (ID_Employee, EmployeeName, DoB, PhoneNumber, Gender, ID_Department) VALUES (21, 'Matthew Rodriguez', '1988-02-21', '7491200457', 'F', 6);
INSERT INTO EMPLOYEE (ID_Employee, EmployeeName, DoB, PhoneNumber, Gender, ID_Department) VALUES (22, 'Stacy Dillon', '1987-01-19', '6445494470', 'F', 4);
INSERT INTO EMPLOYEE (ID_Employee, EmployeeName, DoB, PhoneNumber, Gender, ID_Department) VALUES (23, 'Wanda Robinson', '2002-09-13', '9857747456', 'F', 5);
INSERT INTO EMPLOYEE (ID_Employee, EmployeeName, DoB, PhoneNumber, Gender, ID_Department) VALUES (24, 'Nathan Robbins', '1959-12-13', '8928527611', 'F', 7);
INSERT INTO EMPLOYEE (ID_Employee, EmployeeName, DoB, PhoneNumber, Gender, ID_Department) VALUES (25, 'Vickie Francis', '1959-08-21', '3555733055', 'M', 6);
INSERT INTO EMPLOYEE (ID_Employee, EmployeeName, DoB, PhoneNumber, Gender, ID_Department) VALUES (26, 'Lauren Ayers', '1982-11-11', '2059570809', 'F', 3);
INSERT INTO EMPLOYEE (ID_Employee, EmployeeName, DoB, PhoneNumber, Gender, ID_Department) VALUES (27, 'David Owens', '1989-11-05', '8688121754', 'F', 5);
INSERT INTO EMPLOYEE (ID_Employee, EmployeeName, DoB, PhoneNumber, Gender, ID_Department) VALUES (28, 'Ashley Roberts', '1960-04-22', '9272484573', 'M', 2);
INSERT INTO EMPLOYEE (ID_Employee, EmployeeName, DoB, PhoneNumber, Gender, ID_Department) VALUES (29, 'Sharon Baker', '1971-07-19', '9815410736', 'M', 4);
INSERT INTO EMPLOYEE (ID_Employee, EmployeeName, DoB, PhoneNumber, Gender, ID_Department) VALUES (30, 'Jennifer Webster', '1986-12-20', '6384163347', 'M', 2);
INSERT INTO EMPLOYEE (ID_Employee, EmployeeName, DoB, PhoneNumber, Gender, ID_Department) VALUES (31, 'David Jacobson', '1990-03-06', '0156772010', 'M', 4);
INSERT INTO EMPLOYEE (ID_Employee, EmployeeName, DoB, PhoneNumber, Gender, ID_Department) VALUES (32, 'Joyce Marquez', '1963-06-03', '5619476955', 'F', 7);
INSERT INTO EMPLOYEE (ID_Employee, EmployeeName, DoB, PhoneNumber, Gender, ID_Department) VALUES (33, 'Marissa Anderson', '2005-07-04', '3300988283', 'M', 7);
INSERT INTO EMPLOYEE (ID_Employee, EmployeeName, DoB, PhoneNumber, Gender, ID_Department) VALUES (34, 'Christopher Yang', '1968-03-23', '8741491132', 'F', 3);
INSERT INTO EMPLOYEE (ID_Employee, EmployeeName, DoB, PhoneNumber, Gender, ID_Department) VALUES (35, 'Kathy Holt', '1970-10-31', '4386666228', 'M', 2);
INSERT INTO EMPLOYEE (ID_Employee, EmployeeName, DoB, PhoneNumber, Gender, ID_Department) VALUES (36, 'Aaron Price', '2002-10-11', '9130392039', 'M', 5);
INSERT INTO EMPLOYEE (ID_Employee, EmployeeName, DoB, PhoneNumber, Gender, ID_Department) VALUES (37, 'Kelsey Bonilla', '1964-05-17', '4360139938', 'M', 7);
INSERT INTO EMPLOYEE (ID_Employee, EmployeeName, DoB, PhoneNumber, Gender, ID_Department) VALUES (38, 'Thomas Lin', '1962-11-19', '4323358428', 'F', 5);
INSERT INTO EMPLOYEE (ID_Employee, EmployeeName, DoB, PhoneNumber, Gender, ID_Department) VALUES (39, 'Shelly Johnson', '1961-08-26', '1650061295', 'F', 2);
INSERT INTO EMPLOYEE (ID_Employee, EmployeeName, DoB, PhoneNumber, Gender, ID_Department) VALUES (40, 'Jodi Livingston', '1981-01-15', '7341996097', 'M', 4);
INSERT INTO EMPLOYEE (ID_Employee, EmployeeName, DoB, PhoneNumber, Gender, ID_Department) VALUES (41, 'Carmen Sloan', '1965-05-02', '1016045483', 'F', 3);
INSERT INTO EMPLOYEE (ID_Employee, EmployeeName, DoB, PhoneNumber, Gender, ID_Department) VALUES (42, 'Mr. Derek Murillo DVM', '1980-11-17', '0595450153', 'F', 2);
INSERT INTO EMPLOYEE (ID_Employee, EmployeeName, DoB, PhoneNumber, Gender, ID_Department) VALUES (43, 'Brandon Mann', '1991-04-25', '2082844945', 'M', 7);
INSERT INTO EMPLOYEE (ID_Employee, EmployeeName, DoB, PhoneNumber, Gender, ID_Department) VALUES (44, 'Melissa Stark', '1975-06-06', '2148618642', 'M', 3);
INSERT INTO EMPLOYEE (ID_Employee, EmployeeName, DoB, PhoneNumber, Gender, ID_Department) VALUES (45, 'Sean Barrera', '1991-10-15', '7525573102', 'M', 7);
INSERT INTO EMPLOYEE (ID_Employee, EmployeeName, DoB, PhoneNumber, Gender, ID_Department) VALUES (46, 'Felicia Lopez', '1990-06-22', '3743037055', 'M', 4);
INSERT INTO EMPLOYEE (ID_Employee, EmployeeName, DoB, PhoneNumber, Gender, ID_Department) VALUES (47, 'Miguel Hamilton', '2005-09-30', '1881856092', 'M', 6);
INSERT INTO EMPLOYEE (ID_Employee, EmployeeName, DoB, PhoneNumber, Gender, ID_Department) VALUES (48, 'Christine Moore', '1968-02-29', '0174758531', 'M', 5);
INSERT INTO EMPLOYEE (ID_Employee, EmployeeName, DoB, PhoneNumber, Gender, ID_Department) VALUES (49, 'Natalie Davis', '1980-11-27', '1720210668', 'F', 2);
INSERT INTO EMPLOYEE (ID_Employee, EmployeeName, DoB, PhoneNumber, Gender, ID_Department) VALUES (50, 'Mark Stewart', '1982-04-02', '6384778651', 'M', 2);
INSERT INTO EMPLOYEE (ID_Employee, EmployeeName, DoB, PhoneNumber, Gender, ID_Department) VALUES (51, 'Derrick Hobbs', '1961-08-07', '5426831721', 'F', 2);
INSERT INTO EMPLOYEE (ID_Employee, EmployeeName, DoB, PhoneNumber, Gender, ID_Department) VALUES (52, 'Michelle Williams', '1965-04-28', '8462446569', 'M', 2);
INSERT INTO EMPLOYEE (ID_Employee, EmployeeName, DoB, PhoneNumber, Gender, ID_Department) VALUES (53, 'Katrina Griffin', '1967-03-18', '5697128547', 'M', 3);
INSERT INTO EMPLOYEE (ID_Employee, EmployeeName, DoB, PhoneNumber, Gender, ID_Department) VALUES (54, 'Willie Barber', '1975-07-12', '6357299118', 'F', 7);
INSERT INTO EMPLOYEE (ID_Employee, EmployeeName, DoB, PhoneNumber, Gender, ID_Department) VALUES (55, 'Elizabeth Hart', '1970-11-08', '7864042635', 'F', 7);
INSERT INTO EMPLOYEE (ID_Employee, EmployeeName, DoB, PhoneNumber, Gender, ID_Department) VALUES (56, 'Miranda Walker', '1990-01-28', '4530399351', 'F', 3);
INSERT INTO EMPLOYEE (ID_Employee, EmployeeName, DoB, PhoneNumber, Gender, ID_Department) VALUES (57, 'Devin Brown', '1969-07-31', '0327461159', 'F', 6);
INSERT INTO EMPLOYEE (ID_Employee, EmployeeName, DoB, PhoneNumber, Gender, ID_Department) VALUES (58, 'Jennifer Sims', '1982-05-06', '8788971085', 'F', 7);
INSERT INTO EMPLOYEE (ID_Employee, EmployeeName, DoB, PhoneNumber, Gender, ID_Department) VALUES (59, 'John Moon', '1975-11-11', '6814200431', 'M', 6);
INSERT INTO EMPLOYEE (ID_Employee, EmployeeName, DoB, PhoneNumber, Gender, ID_Department) VALUES (60, 'Carolyn Hale', '2002-03-20', '7120846906', 'M', 2);
INSERT INTO EMPLOYEE (ID_Employee, EmployeeName, DoB, PhoneNumber, Gender, ID_Department) VALUES (61, 'Justin Wiggins', '1977-08-10', '7107753103', 'F', 6);
INSERT INTO EMPLOYEE (ID_Employee, EmployeeName, DoB, PhoneNumber, Gender, ID_Department) VALUES (62, 'Darius Murphy', '1998-01-15', '3559470206', 'F', 7);
INSERT INTO EMPLOYEE (ID_Employee, EmployeeName, DoB, PhoneNumber, Gender, ID_Department) VALUES (63, 'Gabriel Evans', '1963-09-27', '4430450148', 'F', 3);
INSERT INTO EMPLOYEE (ID_Employee, EmployeeName, DoB, PhoneNumber, Gender, ID_Department) VALUES (64, 'Caleb Smith', '2002-10-22', '5827025379', 'M', 6);
INSERT INTO EMPLOYEE (ID_Employee, EmployeeName, DoB, PhoneNumber, Gender, ID_Department) VALUES (65, 'Susan Wright', '1982-07-12', '3160584558', 'M', 6);
INSERT INTO EMPLOYEE (ID_Employee, EmployeeName, DoB, PhoneNumber, Gender, ID_Department) VALUES (66, 'Lawrence Burgess', '1960-12-13', '1792325482', 'F', 5);
INSERT INTO EMPLOYEE (ID_Employee, EmployeeName, DoB, PhoneNumber, Gender, ID_Department) VALUES (67, 'Erica Brown', '1989-09-22', '5467913566', 'M', 5);
INSERT INTO EMPLOYEE (ID_Employee, EmployeeName, DoB, PhoneNumber, Gender, ID_Department) VALUES (68, 'Jerry Higgins', '1992-03-09', '3192981253', 'M', 3);
INSERT INTO EMPLOYEE (ID_Employee, EmployeeName, DoB, PhoneNumber, Gender, ID_Department) VALUES (69, 'Alexander Fisher', '1999-09-17', '0047658387', 'M', 3);
INSERT INTO EMPLOYEE (ID_Employee, EmployeeName, DoB, PhoneNumber, Gender, ID_Department) VALUES (70, 'Robert Jones', '2004-09-13', '5331141990', 'F', 6);
INSERT INTO EMPLOYEE (ID_Employee, EmployeeName, DoB, PhoneNumber, Gender, ID_Department) VALUES (71, 'Denise Herrera', '1980-06-26', '9221462707', 'M', 6);
INSERT INTO EMPLOYEE (ID_Employee, EmployeeName, DoB, PhoneNumber, Gender, ID_Department) VALUES (72, 'Joanna Casey', '1993-11-23', '7928724338', 'F', 6);
INSERT INTO EMPLOYEE (ID_Employee, EmployeeName, DoB, PhoneNumber, Gender, ID_Department) VALUES (73, 'Anthony Young', '1990-01-08', '3177634910', 'M', 5);
INSERT INTO EMPLOYEE (ID_Employee, EmployeeName, DoB, PhoneNumber, Gender, ID_Department) VALUES (74, 'Susan Sampson', '1969-10-04', '5871400707', 'F', 6);
INSERT INTO EMPLOYEE (ID_Employee, EmployeeName, DoB, PhoneNumber, Gender, ID_Department) VALUES (75, 'Mr. Billy Miller', '2004-04-14', '5025841372', 'F', 6);
INSERT INTO EMPLOYEE (ID_Employee, EmployeeName, DoB, PhoneNumber, Gender, ID_Department) VALUES (76, 'Angel Meadows', '1962-06-08', '7867970268', 'M', 7);
INSERT INTO EMPLOYEE (ID_Employee, EmployeeName, DoB, PhoneNumber, Gender, ID_Department) VALUES (77, 'Jeremy King', '1978-10-23', '6624160329', 'M', 7);
INSERT INTO EMPLOYEE (ID_Employee, EmployeeName, DoB, PhoneNumber, Gender, ID_Department) VALUES (78, 'Michael Todd', '2002-04-08', '8306511138', 'F', 2);
INSERT INTO EMPLOYEE (ID_Employee, EmployeeName, DoB, PhoneNumber, Gender, ID_Department) VALUES (79, 'Brittany Peterson', '1977-07-11', '0509208407', 'M', 2);
INSERT INTO EMPLOYEE (ID_Employee, EmployeeName, DoB, PhoneNumber, Gender, ID_Department) VALUES (80, 'Jimmy Mcknight', '1992-04-11', '8276512521', 'F', 7);
INSERT INTO EMPLOYEE (ID_Employee, EmployeeName, DoB, PhoneNumber, Gender, ID_Department) VALUES (81, 'Mrs. Theresa Leach', '1969-07-22', '6024865639', 'M', 5);
INSERT INTO EMPLOYEE (ID_Employee, EmployeeName, DoB, PhoneNumber, Gender, ID_Department) VALUES (82, 'Juan Barber', '1977-12-21', '2435901094', 'M', 2);
INSERT INTO EMPLOYEE (ID_Employee, EmployeeName, DoB, PhoneNumber, Gender, ID_Department) VALUES (83, 'Heather Morgan', '1976-01-29', '3841970677', 'M', 3);
INSERT INTO EMPLOYEE (ID_Employee, EmployeeName, DoB, PhoneNumber, Gender, ID_Department) VALUES (84, 'Cynthia Page', '1973-03-16', '1151340766', 'F', 7);
INSERT INTO EMPLOYEE (ID_Employee, EmployeeName, DoB, PhoneNumber, Gender, ID_Department) VALUES (85, 'Robert Rodriguez', '1975-07-13', '2077216906', 'F', 5);
INSERT INTO EMPLOYEE (ID_Employee, EmployeeName, DoB, PhoneNumber, Gender, ID_Department) VALUES (86, 'Derek Brewer', '1996-08-07', '5679807159', 'F', 7);
INSERT INTO EMPLOYEE (ID_Employee, EmployeeName, DoB, PhoneNumber, Gender, ID_Department) VALUES (87, 'Richard Contreras', '1994-12-28', '8379351063', 'M', 4);
INSERT INTO EMPLOYEE (ID_Employee, EmployeeName, DoB, PhoneNumber, Gender, ID_Department) VALUES (88, 'Denise Mueller', '1960-01-07', '0583190249', 'M', 4);
INSERT INTO EMPLOYEE (ID_Employee, EmployeeName, DoB, PhoneNumber, Gender, ID_Department) VALUES (89, 'Raymond Campbell', '1987-12-23', '4876560857', 'F', 7);
INSERT INTO EMPLOYEE (ID_Employee, EmployeeName, DoB, PhoneNumber, Gender, ID_Department) VALUES (90, 'Monique Stone', '1964-08-20', '3629522499', 'M', 6);
INSERT INTO EMPLOYEE (ID_Employee, EmployeeName, DoB, PhoneNumber, Gender, ID_Department) VALUES (91, 'Shannon Reed', '2003-07-20', '4323363477', 'F', 2);
INSERT INTO EMPLOYEE (ID_Employee, EmployeeName, DoB, PhoneNumber, Gender, ID_Department) VALUES (92, 'Mr. Brian Combs', '2002-10-11', '3508586208', 'F', 5);
INSERT INTO EMPLOYEE (ID_Employee, EmployeeName, DoB, PhoneNumber, Gender, ID_Department) VALUES (93, 'Taylor Gentry MD', '1976-07-03', '7962587973', 'M', 2);
INSERT INTO EMPLOYEE (ID_Employee, EmployeeName, DoB, PhoneNumber, Gender, ID_Department) VALUES (94, 'Kim Jones', '1984-02-21', '1958624774', 'F', 3);
INSERT INTO EMPLOYEE (ID_Employee, EmployeeName, DoB, PhoneNumber, Gender, ID_Department) VALUES (95, 'David Tran', '1974-02-08', '4881944764', 'M', 4);
INSERT INTO EMPLOYEE (ID_Employee, EmployeeName, DoB, PhoneNumber, Gender, ID_Department) VALUES (96, 'Wanda Romero', '1963-02-13', '1315341707', 'F', 2);
INSERT INTO EMPLOYEE (ID_Employee, EmployeeName, DoB, PhoneNumber, Gender, ID_Department) VALUES (97, 'Ashley Richardson', '1970-11-22', '9621295063', 'F', 7);
INSERT INTO EMPLOYEE (ID_Employee, EmployeeName, DoB, PhoneNumber, Gender, ID_Department) VALUES (98, 'Karen Hall', '1987-04-02', '7148168513', 'M', 3);
INSERT INTO EMPLOYEE (ID_Employee, EmployeeName, DoB, PhoneNumber, Gender, ID_Department) VALUES (99, 'Kevin Gonzalez', '2004-05-22', '6362094515', 'M', 6);
INSERT INTO EMPLOYEE (ID_Employee, EmployeeName, DoB, PhoneNumber, Gender, ID_Department) VALUES (100, 'Veronica Johnson', '1966-07-17', '4251454320', 'F', 5);
INSERT INTO EMPLOYEE (ID_Employee, EmployeeName, DoB, PhoneNumber, Gender, ID_Department) VALUES (101, 'Joseph Klein', '1975-10-14', '6921716343', 'M', 2);
INSERT INTO EMPLOYEE (ID_Employee, EmployeeName, DoB, PhoneNumber, Gender, ID_Department) VALUES (102, 'Rhonda Mejia', '1959-04-05', '1681574705', 'M', 3);
INSERT INTO EMPLOYEE (ID_Employee, EmployeeName, DoB, PhoneNumber, Gender, ID_Department) VALUES (103, 'Laura Christensen', '1984-03-13', '5624410394', 'M', 5);
INSERT INTO EMPLOYEE (ID_Employee, EmployeeName, DoB, PhoneNumber, Gender, ID_Department) VALUES (104, 'Michael Stephens', '1979-02-04', '4039264614', 'F', 6);
INSERT INTO EMPLOYEE (ID_Employee, EmployeeName, DoB, PhoneNumber, Gender, ID_Department) VALUES (105, 'Cynthia Thompson', '1966-08-26', '0535984110', 'M', 3);
INSERT INTO EMPLOYEE (ID_Employee, EmployeeName, DoB, PhoneNumber, Gender, ID_Department) VALUES (106, 'Michael Parker', '1964-03-05', '7162428939', 'M', 7);
INSERT INTO EMPLOYEE (ID_Employee, EmployeeName, DoB, PhoneNumber, Gender, ID_Department) VALUES (107, 'Eugene Hart', '1992-03-12', '3525794225', 'F', 3);
INSERT INTO EMPLOYEE (ID_Employee, EmployeeName, DoB, PhoneNumber, Gender, ID_Department) VALUES (108, 'Ashley Wagner', '1981-08-22', '7068851237', 'M', 7);
INSERT INTO EMPLOYEE (ID_Employee, EmployeeName, DoB, PhoneNumber, Gender, ID_Department) VALUES (109, 'Jason Green', '1992-07-08', '8094866536', 'M', 5);
INSERT INTO EMPLOYEE (ID_Employee, EmployeeName, DoB, PhoneNumber, Gender, ID_Department) VALUES (110, 'Susan Park', '1971-09-26', '5314843232', 'M', 2);
INSERT INTO EMPLOYEE (ID_Employee, EmployeeName, DoB, PhoneNumber, Gender, ID_Department) VALUES (111, 'Jose Ward', '1963-08-17', '3482832133', 'M', 3);
INSERT INTO EMPLOYEE (ID_Employee, EmployeeName, DoB, PhoneNumber, Gender, ID_Department) VALUES (112, 'William Wilkinson', '1987-09-25', '9349973617', 'M', 6);
INSERT INTO EMPLOYEE (ID_Employee, EmployeeName, DoB, PhoneNumber, Gender, ID_Department) VALUES (113, 'Rebecca Rocha', '2000-02-16', '9262688608', 'M', 6);
INSERT INTO EMPLOYEE (ID_Employee, EmployeeName, DoB, PhoneNumber, Gender, ID_Department) VALUES (114, 'Benjamin Nguyen', '1977-12-28', '9909368466', 'M', 7);
INSERT INTO EMPLOYEE (ID_Employee, EmployeeName, DoB, PhoneNumber, Gender, ID_Department) VALUES (115, 'Caitlin Lewis', '1994-03-28', '8720964141', 'M', 4);
INSERT INTO EMPLOYEE (ID_Employee, EmployeeName, DoB, PhoneNumber, Gender, ID_Department) VALUES (116, 'Michele Schultz', '2005-03-22', '3630468222', 'F', 5);
INSERT INTO EMPLOYEE (ID_Employee, EmployeeName, DoB, PhoneNumber, Gender, ID_Department) VALUES (117, 'Jesse Perry', '1980-01-13', '1577792094', 'M', 3);
INSERT INTO EMPLOYEE (ID_Employee, EmployeeName, DoB, PhoneNumber, Gender, ID_Department) VALUES (118, 'Gregory Hanson', '1994-03-06', '1893878618', 'F', 5);
INSERT INTO EMPLOYEE (ID_Employee, EmployeeName, DoB, PhoneNumber, Gender, ID_Department) VALUES (119, 'Donna Mccarthy', '1965-05-30', '7018590526', 'M', 5);
INSERT INTO EMPLOYEE (ID_Employee, EmployeeName, DoB, PhoneNumber, Gender, ID_Department) VALUES (120, 'Erin Sloan', '1960-03-28', '7924221017', 'M', 6);
INSERT INTO EMPLOYEE (ID_Employee, EmployeeName, DoB, PhoneNumber, Gender, ID_Department) VALUES (121, 'Gloria Hall', '1960-07-05', '5807705498', 'M', 6);
INSERT INTO EMPLOYEE (ID_Employee, EmployeeName, DoB, PhoneNumber, Gender, ID_Department) VALUES (122, 'Samantha Guzman', '2000-06-11', '6860375431', 'M', 7);
INSERT INTO EMPLOYEE (ID_Employee, EmployeeName, DoB, PhoneNumber, Gender, ID_Department) VALUES (123, 'Timothy Davis', '1990-05-01', '3913293897', 'F', 3);
INSERT INTO EMPLOYEE (ID_Employee, EmployeeName, DoB, PhoneNumber, Gender, ID_Department) VALUES (124, 'David Welch', '1962-06-27', '6931009269', 'F', 4);
INSERT INTO EMPLOYEE (ID_Employee, EmployeeName, DoB, PhoneNumber, Gender, ID_Department) VALUES (125, 'Margaret Blake', '1998-05-14', '5064270673', 'M', 5);
INSERT INTO EMPLOYEE (ID_Employee, EmployeeName, DoB, PhoneNumber, Gender, ID_Department) VALUES (126, 'Richard Phillips', '1992-12-03', '5008611096', 'M', 3);
INSERT INTO EMPLOYEE (ID_Employee, EmployeeName, DoB, PhoneNumber, Gender, ID_Department) VALUES (127, 'Brandon Hernandez', '1969-05-25', '1374801333', 'F', 4);
INSERT INTO EMPLOYEE (ID_Employee, EmployeeName, DoB, PhoneNumber, Gender, ID_Department) VALUES (128, 'Marcus Parks', '1973-05-22', '5777079921', 'M', 2);
INSERT INTO EMPLOYEE (ID_Employee, EmployeeName, DoB, PhoneNumber, Gender, ID_Department) VALUES (129, 'Daniel Anderson', '1986-04-22', '9803309028', 'M', 7);
INSERT INTO EMPLOYEE (ID_Employee, EmployeeName, DoB, PhoneNumber, Gender, ID_Department) VALUES (130, 'Mrs. Brittney Bullock', '1960-03-16', '6419409522', 'M', 4);
INSERT INTO EMPLOYEE (ID_Employee, EmployeeName, DoB, PhoneNumber, Gender, ID_Department) VALUES (131, 'Keith Medina', '1987-11-03', '1089220347', 'F', 7);
INSERT INTO EMPLOYEE (ID_Employee, EmployeeName, DoB, PhoneNumber, Gender, ID_Department) VALUES (132, 'Sandra Cole', '1991-11-23', '6200141631', 'M', 6);
INSERT INTO EMPLOYEE (ID_Employee, EmployeeName, DoB, PhoneNumber, Gender, ID_Department) VALUES (133, 'Christopher Miles', '2006-06-18', '9927804420', 'F', 6);
INSERT INTO EMPLOYEE (ID_Employee, EmployeeName, DoB, PhoneNumber, Gender, ID_Department) VALUES (134, 'Joshua Rodriguez', '1998-07-26', '6640388405', 'M', 7);
INSERT INTO EMPLOYEE (ID_Employee, EmployeeName, DoB, PhoneNumber, Gender, ID_Department) VALUES (135, 'Amy Saunders', '1962-05-23', '9507635648', 'F', 6);
INSERT INTO EMPLOYEE (ID_Employee, EmployeeName, DoB, PhoneNumber, Gender, ID_Department) VALUES (136, 'Jennifer Garcia', '1970-11-01', '9627617973', 'M', 3);
INSERT INTO EMPLOYEE (ID_Employee, EmployeeName, DoB, PhoneNumber, Gender, ID_Department) VALUES (137, 'Judy Hall', '1991-11-08', '9040483638', 'M', 2);
INSERT INTO EMPLOYEE (ID_Employee, EmployeeName, DoB, PhoneNumber, Gender, ID_Department) VALUES (138, 'Brandi Berry', '1991-09-11', '3629173170', 'F', 7);
INSERT INTO EMPLOYEE (ID_Employee, EmployeeName, DoB, PhoneNumber, Gender, ID_Department) VALUES (139, 'Jaclyn Clark', '1984-04-22', '0261090942', 'F', 3);
INSERT INTO EMPLOYEE (ID_Employee, EmployeeName, DoB, PhoneNumber, Gender, ID_Department) VALUES (140, 'Ronald Walker', '1959-07-08', '1642930704', 'F', 4);
INSERT INTO EMPLOYEE (ID_Employee, EmployeeName, DoB, PhoneNumber, Gender, ID_Department) VALUES (141, 'Steven Maldonado', '1964-08-06', '6015225366', 'F', 2);
INSERT INTO EMPLOYEE (ID_Employee, EmployeeName, DoB, PhoneNumber, Gender, ID_Department) VALUES (142, 'Judy Kelly', '1994-03-03', '8944532274', 'F', 7);
INSERT INTO EMPLOYEE (ID_Employee, EmployeeName, DoB, PhoneNumber, Gender, ID_Department) VALUES (143, 'Lori Hawkins', '1978-02-19', '5339065921', 'F', 3);
INSERT INTO EMPLOYEE (ID_Employee, EmployeeName, DoB, PhoneNumber, Gender, ID_Department) VALUES (144, 'Kyle Hughes', '1989-12-18', '6236239765', 'F', 5);
INSERT INTO EMPLOYEE (ID_Employee, EmployeeName, DoB, PhoneNumber, Gender, ID_Department) VALUES (145, 'Michael Perez', '2006-12-03', '2470935260', 'F', 7);
INSERT INTO EMPLOYEE (ID_Employee, EmployeeName, DoB, PhoneNumber, Gender, ID_Department) VALUES (146, 'Nicole Martin', '2006-10-05', '5416312173', 'M', 4);
INSERT INTO EMPLOYEE (ID_Employee, EmployeeName, DoB, PhoneNumber, Gender, ID_Department) VALUES (147, 'Sheila Blackwell', '1989-08-21', '6015547806', 'F', 3);
INSERT INTO EMPLOYEE (ID_Employee, EmployeeName, DoB, PhoneNumber, Gender, ID_Department) VALUES (148, 'Douglas Mitchell', '1982-04-17', '2329110855', 'F', 7);
INSERT INTO EMPLOYEE (ID_Employee, EmployeeName, DoB, PhoneNumber, Gender, ID_Department) VALUES (149, 'Jared West', '1963-02-28', '9960600419', 'M', 6);
INSERT INTO EMPLOYEE (ID_Employee, EmployeeName, DoB, PhoneNumber, Gender, ID_Department) VALUES (150, 'Cynthia Johnson', '1972-04-26', '8242095664', 'M', 6);
INSERT INTO EMPLOYEE (ID_Employee, EmployeeName, DoB, PhoneNumber, Gender, ID_Department) VALUES (151, 'Ernest Dixon', '1982-03-04', '1965696145', 'M', 6);
INSERT INTO EMPLOYEE (ID_Employee, EmployeeName, DoB, PhoneNumber, Gender, ID_Department) VALUES (152, 'Ms. Sara Wilson', '1965-01-03', '0509531864', 'M', 3);
INSERT INTO EMPLOYEE (ID_Employee, EmployeeName, DoB, PhoneNumber, Gender, ID_Department) VALUES (153, 'James Banks', '1983-02-02', '7506421690', 'F', 7);
INSERT INTO EMPLOYEE (ID_Employee, EmployeeName, DoB, PhoneNumber, Gender, ID_Department) VALUES (154, 'Shelly Peck', '1978-04-21', '6526377036', 'F', 3);
INSERT INTO EMPLOYEE (ID_Employee, EmployeeName, DoB, PhoneNumber, Gender, ID_Department) VALUES (155, 'Karen Keller', '1971-03-05', '9879684417', 'F', 7);
INSERT INTO EMPLOYEE (ID_Employee, EmployeeName, DoB, PhoneNumber, Gender, ID_Department) VALUES (156, 'Melanie Lopez', '1984-07-11', '8606464698', 'M', 3);
INSERT INTO EMPLOYEE (ID_Employee, EmployeeName, DoB, PhoneNumber, Gender, ID_Department) VALUES (157, 'Bradley Sherman', '1971-09-28', '3970204529', 'M', 2);
INSERT INTO EMPLOYEE (ID_Employee, EmployeeName, DoB, PhoneNumber, Gender, ID_Department) VALUES (158, 'Jacob Price', '1982-09-06', '7931561785', 'F', 3);
INSERT INTO EMPLOYEE (ID_Employee, EmployeeName, DoB, PhoneNumber, Gender, ID_Department) VALUES (159, 'Stacey Carpenter', '1981-08-06', '2750050131', 'M', 4);
INSERT INTO EMPLOYEE (ID_Employee, EmployeeName, DoB, PhoneNumber, Gender, ID_Department) VALUES (160, 'Aaron Michael', '1977-05-29', '4280569007', 'M', 5);
INSERT INTO EMPLOYEE (ID_Employee, EmployeeName, DoB, PhoneNumber, Gender, ID_Department) VALUES (161, 'Laura Smith', '1960-10-25', '8094075147', 'M', 2);
INSERT INTO EMPLOYEE (ID_Employee, EmployeeName, DoB, PhoneNumber, Gender, ID_Department) VALUES (162, 'Troy Wilcox', '2004-12-11', '0831243722', 'M', 7);
INSERT INTO EMPLOYEE (ID_Employee, EmployeeName, DoB, PhoneNumber, Gender, ID_Department) VALUES (163, 'Mark Peters', '1969-08-07', '5523354218', 'F', 4);
INSERT INTO EMPLOYEE (ID_Employee, EmployeeName, DoB, PhoneNumber, Gender, ID_Department) VALUES (164, 'David Wallace', '1961-12-21', '4178390719', 'M', 4);
INSERT INTO EMPLOYEE (ID_Employee, EmployeeName, DoB, PhoneNumber, Gender, ID_Department) VALUES (165, 'Kimberly Sanchez', '1968-10-23', '5959019160', 'M', 6);
INSERT INTO EMPLOYEE (ID_Employee, EmployeeName, DoB, PhoneNumber, Gender, ID_Department) VALUES (166, 'Joshua Gray', '1990-06-26', '0082171318', 'M', 7);
INSERT INTO EMPLOYEE (ID_Employee, EmployeeName, DoB, PhoneNumber, Gender, ID_Department) VALUES (167, 'Timothy Reynolds', '1965-09-15', '8995712944', 'M', 7);
INSERT INTO EMPLOYEE (ID_Employee, EmployeeName, DoB, PhoneNumber, Gender, ID_Department) VALUES (168, 'Karen Chang', '1983-04-17', '3551173050', 'M', 2);
INSERT INTO EMPLOYEE (ID_Employee, EmployeeName, DoB, PhoneNumber, Gender, ID_Department) VALUES (169, 'Edward Valentine', '1999-01-16', '9213368827', 'F', 5);
INSERT INTO EMPLOYEE (ID_Employee, EmployeeName, DoB, PhoneNumber, Gender, ID_Department) VALUES (170, 'Paul Smith', '2004-07-05', '6711121266', 'F', 2);
INSERT INTO EMPLOYEE (ID_Employee, EmployeeName, DoB, PhoneNumber, Gender, ID_Department) VALUES (171, 'Teresa Carroll', '1994-09-09', '4511153787', 'F', 6);
INSERT INTO EMPLOYEE (ID_Employee, EmployeeName, DoB, PhoneNumber, Gender, ID_Department) VALUES (172, 'Linda Cabrera', '1960-07-24', '8486293165', 'M', 5);
INSERT INTO EMPLOYEE (ID_Employee, EmployeeName, DoB, PhoneNumber, Gender, ID_Department) VALUES (173, 'Leroy Peterson', '1985-03-06', '3687963951', 'M', 6);
INSERT INTO EMPLOYEE (ID_Employee, EmployeeName, DoB, PhoneNumber, Gender, ID_Department) VALUES (174, 'Alexis Turner', '1971-08-24', '1136162020', 'F', 6);
INSERT INTO EMPLOYEE (ID_Employee, EmployeeName, DoB, PhoneNumber, Gender, ID_Department) VALUES (175, 'Jose Gonzalez', '2002-04-12', '4239160167', 'M', 6);
INSERT INTO EMPLOYEE (ID_Employee, EmployeeName, DoB, PhoneNumber, Gender, ID_Department) VALUES (176, 'Jordan Mcgee', '1972-12-27', '1783223145', 'F', 7);
INSERT INTO EMPLOYEE (ID_Employee, EmployeeName, DoB, PhoneNumber, Gender, ID_Department) VALUES (177, 'Veronica Flores', '2004-10-15', '8204252164', 'M', 5);
INSERT INTO EMPLOYEE (ID_Employee, EmployeeName, DoB, PhoneNumber, Gender, ID_Department) VALUES (178, 'Nancy Buckley', '1970-03-22', '5002235236', 'M', 2);
INSERT INTO EMPLOYEE (ID_Employee, EmployeeName, DoB, PhoneNumber, Gender, ID_Department) VALUES (179, 'Thomas Wang', '1981-06-15', '5365856657', 'F', 3);
INSERT INTO EMPLOYEE (ID_Employee, EmployeeName, DoB, PhoneNumber, Gender, ID_Department) VALUES (180, 'Ashley Brown', '1960-07-11', '8338510889', 'F', 4);
INSERT INTO EMPLOYEE (ID_Employee, EmployeeName, DoB, PhoneNumber, Gender, ID_Department) VALUES (181, 'Michael White', '2005-08-25', '2921511168', 'F', 7);
INSERT INTO EMPLOYEE (ID_Employee, EmployeeName, DoB, PhoneNumber, Gender, ID_Department) VALUES (182, 'Sheri Rodriguez', '1973-09-05', '5162240557', 'M', 3);
INSERT INTO EMPLOYEE (ID_Employee, EmployeeName, DoB, PhoneNumber, Gender, ID_Department) VALUES (183, 'Raymond Douglas', '1984-12-21', '6798336008', 'M', 6);
INSERT INTO EMPLOYEE (ID_Employee, EmployeeName, DoB, PhoneNumber, Gender, ID_Department) VALUES (184, 'Amanda Sandoval', '1970-02-15', '5623216852', 'F', 2);
INSERT INTO EMPLOYEE (ID_Employee, EmployeeName, DoB, PhoneNumber, Gender, ID_Department) VALUES (185, 'James Miller', '1997-08-18', '7630753126', 'F', 3);
INSERT INTO EMPLOYEE (ID_Employee, EmployeeName, DoB, PhoneNumber, Gender, ID_Department) VALUES (186, 'Donna Dunn', '2006-09-11', '9659766293', 'M', 4);
INSERT INTO EMPLOYEE (ID_Employee, EmployeeName, DoB, PhoneNumber, Gender, ID_Department) VALUES (187, 'Adam Martin', '1985-04-14', '3628145414', 'M', 4);
INSERT INTO EMPLOYEE (ID_Employee, EmployeeName, DoB, PhoneNumber, Gender, ID_Department) VALUES (188, 'James Silva', '1966-01-16', '5138542723', 'F', 2);
INSERT INTO EMPLOYEE (ID_Employee, EmployeeName, DoB, PhoneNumber, Gender, ID_Department) VALUES (189, 'Ms. Catherine Edwards', '1964-05-10', '3648183888', 'F', 2);
INSERT INTO EMPLOYEE (ID_Employee, EmployeeName, DoB, PhoneNumber, Gender, ID_Department) VALUES (190, 'Emily Lyons', '1987-11-20', '5438195810', 'F', 6);
INSERT INTO EMPLOYEE (ID_Employee, EmployeeName, DoB, PhoneNumber, Gender, ID_Department) VALUES (191, 'Oscar Nelson', '1968-11-17', '5391663857', 'F', 3);
INSERT INTO EMPLOYEE (ID_Employee, EmployeeName, DoB, PhoneNumber, Gender, ID_Department) VALUES (192, 'Daniel Compton', '1959-05-03', '8941168360', 'M', 3);
INSERT INTO EMPLOYEE (ID_Employee, EmployeeName, DoB, PhoneNumber, Gender, ID_Department) VALUES (193, 'William Rodriguez', '2005-09-13', '3834456892', 'F', 3);
INSERT INTO EMPLOYEE (ID_Employee, EmployeeName, DoB, PhoneNumber, Gender, ID_Department) VALUES (194, 'Barbara Hurst', '2002-06-25', '8648796906', 'M', 4);
INSERT INTO EMPLOYEE (ID_Employee, EmployeeName, DoB, PhoneNumber, Gender, ID_Department) VALUES (195, 'Larry Cole', '1991-02-07', '6402078904', 'F', 5);
INSERT INTO EMPLOYEE (ID_Employee, EmployeeName, DoB, PhoneNumber, Gender, ID_Department) VALUES (196, 'Dawn Fletcher', '2002-03-25', '4762219389', 'M', 6);
INSERT INTO EMPLOYEE (ID_Employee, EmployeeName, DoB, PhoneNumber, Gender, ID_Department) VALUES (197, 'Brenda Mills', '1995-08-11', '8387396677', 'F', 7);
INSERT INTO EMPLOYEE (ID_Employee, EmployeeName, DoB, PhoneNumber, Gender, ID_Department) VALUES (198, 'Angela Davis', '1979-08-17', '3938734613', 'F', 7);
INSERT INTO EMPLOYEE (ID_Employee, EmployeeName, DoB, PhoneNumber, Gender, ID_Department) VALUES (199, 'Susan Rubio', '1999-06-18', '4833156550', 'F', 7);
INSERT INTO EMPLOYEE (ID_Employee, EmployeeName, DoB, PhoneNumber, Gender, ID_Department) VALUES (200, 'Melissa Miller', '1977-02-22', '7802141327', 'M', 7);
INSERT INTO EMPLOYEE (ID_Employee, EmployeeName, DoB, PhoneNumber, Gender, ID_Department) VALUES (201, 'Rebecca Woods', '1974-05-11', '7368467470', 'F', 5);
INSERT INTO EMPLOYEE (ID_Employee, EmployeeName, DoB, PhoneNumber, Gender, ID_Department) VALUES (202, 'Stefanie Casey', '1967-08-07', '2073396772', 'M', 2);
INSERT INTO EMPLOYEE (ID_Employee, EmployeeName, DoB, PhoneNumber, Gender, ID_Department) VALUES (203, 'Virginia Lewis', '1984-09-08', '3095389220', 'F', 7);
INSERT INTO EMPLOYEE (ID_Employee, EmployeeName, DoB, PhoneNumber, Gender, ID_Department) VALUES (204, 'Brenda Wood', '1992-05-17', '0330080109', 'F', 4);
INSERT INTO EMPLOYEE (ID_Employee, EmployeeName, DoB, PhoneNumber, Gender, ID_Department) VALUES (205, 'Robert Martin', '1978-10-29', '0813630423', 'M', 7);
INSERT INTO EMPLOYEE (ID_Employee, EmployeeName, DoB, PhoneNumber, Gender, ID_Department) VALUES (206, 'Rachel Miller', '2006-04-22', '1519718611', 'M', 7);
INSERT INTO EMPLOYEE (ID_Employee, EmployeeName, DoB, PhoneNumber, Gender, ID_Department) VALUES (207, 'Alexander Edwards', '1965-10-19', '1392762343', 'M', 4);
INSERT INTO EMPLOYEE (ID_Employee, EmployeeName, DoB, PhoneNumber, Gender, ID_Department) VALUES (208, 'Isabella Wright', '1980-06-01', '6017354739', 'M', 5);
INSERT INTO EMPLOYEE (ID_Employee, EmployeeName, DoB, PhoneNumber, Gender, ID_Department) VALUES (209, 'Rebecca Lewis', '1986-06-27', '3401262585', 'F', 6);
INSERT INTO EMPLOYEE (ID_Employee, EmployeeName, DoB, PhoneNumber, Gender, ID_Department) VALUES (210, 'Deborah Barker', '1994-11-23', '8127267688', 'M', 4);
INSERT INTO EMPLOYEE (ID_Employee, EmployeeName, DoB, PhoneNumber, Gender, ID_Department) VALUES (211, 'Steven Jackson', '1986-12-01', '2075560727', 'F', 4);
INSERT INTO EMPLOYEE (ID_Employee, EmployeeName, DoB, PhoneNumber, Gender, ID_Department) VALUES (212, 'Angela Herman', '1959-05-03', '5581095338', 'M', 3);
INSERT INTO EMPLOYEE (ID_Employee, EmployeeName, DoB, PhoneNumber, Gender, ID_Department) VALUES (213, 'Susan Martinez', '1961-09-06', '8583305375', 'F', 7);
INSERT INTO EMPLOYEE (ID_Employee, EmployeeName, DoB, PhoneNumber, Gender, ID_Department) VALUES (214, 'Mackenzie Levy', '1989-02-27', '5137628871', 'F', 2);
INSERT INTO EMPLOYEE (ID_Employee, EmployeeName, DoB, PhoneNumber, Gender, ID_Department) VALUES (215, 'Theodore Chang', '1984-06-04', '5994298028', 'F', 6);
INSERT INTO EMPLOYEE (ID_Employee, EmployeeName, DoB, PhoneNumber, Gender, ID_Department) VALUES (216, 'Amanda Moore', '1987-01-12', '4024153113', 'M', 6);
INSERT INTO EMPLOYEE (ID_Employee, EmployeeName, DoB, PhoneNumber, Gender, ID_Department) VALUES (217, 'Christopher Moreno', '2006-11-23', '1261823929', 'F', 7);
INSERT INTO EMPLOYEE (ID_Employee, EmployeeName, DoB, PhoneNumber, Gender, ID_Department) VALUES (218, 'Anthony Hernandez', '1987-07-16', '8754345938', 'M', 6);
INSERT INTO EMPLOYEE (ID_Employee, EmployeeName, DoB, PhoneNumber, Gender, ID_Department) VALUES (219, 'Julie Lopez', '2000-07-22', '3177634705', 'F', 6);
INSERT INTO EMPLOYEE (ID_Employee, EmployeeName, DoB, PhoneNumber, Gender, ID_Department) VALUES (220, 'Corey Collins', '2000-07-03', '7317762081', 'M', 4);
INSERT INTO EMPLOYEE (ID_Employee, EmployeeName, DoB, PhoneNumber, Gender, ID_Department) VALUES (221, 'Catherine Robinson', '1983-07-24', '7873645542', 'M', 5);
INSERT INTO EMPLOYEE (ID_Employee, EmployeeName, DoB, PhoneNumber, Gender, ID_Department) VALUES (222, 'Jimmy Kennedy', '1971-05-11', '1453061213', 'M', 3);
INSERT INTO EMPLOYEE (ID_Employee, EmployeeName, DoB, PhoneNumber, Gender, ID_Department) VALUES (223, 'Debra Smith', '2000-09-21', '4556274333', 'F', 5);
INSERT INTO EMPLOYEE (ID_Employee, EmployeeName, DoB, PhoneNumber, Gender, ID_Department) VALUES (224, 'Kelly Riggs', '1981-09-16', '2797094834', 'M', 2);
INSERT INTO EMPLOYEE (ID_Employee, EmployeeName, DoB, PhoneNumber, Gender, ID_Department) VALUES (225, 'Donald Maynard', '1988-02-04', '0594250622', 'M', 3);
INSERT INTO EMPLOYEE_LEAVE_BALANCE (ID_Employee) VALUES (1);
INSERT INTO EMPLOYEE_LEAVE_BALANCE (ID_Employee) VALUES (2);
INSERT INTO EMPLOYEE_LEAVE_BALANCE (ID_Employee) VALUES (3);
INSERT INTO EMPLOYEE_LEAVE_BALANCE (ID_Employee) VALUES (4);
INSERT INTO EMPLOYEE_LEAVE_BALANCE (ID_Employee) VALUES (5);
INSERT INTO EMPLOYEE_LEAVE_BALANCE (ID_Employee) VALUES (6);
INSERT INTO EMPLOYEE_LEAVE_BALANCE (ID_Employee) VALUES (7);
INSERT INTO EMPLOYEE_LEAVE_BALANCE (ID_Employee) VALUES (8);
INSERT INTO EMPLOYEE_LEAVE_BALANCE (ID_Employee) VALUES (9);
INSERT INTO EMPLOYEE_LEAVE_BALANCE (ID_Employee) VALUES (10);
INSERT INTO EMPLOYEE_LEAVE_BALANCE (ID_Employee) VALUES (11);
INSERT INTO EMPLOYEE_LEAVE_BALANCE (ID_Employee) VALUES (12);
INSERT INTO EMPLOYEE_LEAVE_BALANCE (ID_Employee) VALUES (13);
INSERT INTO EMPLOYEE_LEAVE_BALANCE (ID_Employee) VALUES (14);
INSERT INTO EMPLOYEE_LEAVE_BALANCE (ID_Employee) VALUES (15);
INSERT INTO EMPLOYEE_LEAVE_BALANCE (ID_Employee) VALUES (16);
INSERT INTO EMPLOYEE_LEAVE_BALANCE (ID_Employee) VALUES (17);
INSERT INTO EMPLOYEE_LEAVE_BALANCE (ID_Employee) VALUES (18);
INSERT INTO EMPLOYEE_LEAVE_BALANCE (ID_Employee) VALUES (19);
INSERT INTO EMPLOYEE_LEAVE_BALANCE (ID_Employee) VALUES (20);
INSERT INTO EMPLOYEE_LEAVE_BALANCE (ID_Employee) VALUES (21);
INSERT INTO EMPLOYEE_LEAVE_BALANCE (ID_Employee) VALUES (22);
INSERT INTO EMPLOYEE_LEAVE_BALANCE (ID_Employee) VALUES (23);
INSERT INTO EMPLOYEE_LEAVE_BALANCE (ID_Employee) VALUES (24);
INSERT INTO EMPLOYEE_LEAVE_BALANCE (ID_Employee) VALUES (25);
INSERT INTO EMPLOYEE_LEAVE_BALANCE (ID_Employee) VALUES (26);
INSERT INTO EMPLOYEE_LEAVE_BALANCE (ID_Employee) VALUES (27);
INSERT INTO EMPLOYEE_LEAVE_BALANCE (ID_Employee) VALUES (28);
INSERT INTO EMPLOYEE_LEAVE_BALANCE (ID_Employee) VALUES (29);
INSERT INTO EMPLOYEE_LEAVE_BALANCE (ID_Employee) VALUES (30);
INSERT INTO EMPLOYEE_LEAVE_BALANCE (ID_Employee) VALUES (31);
INSERT INTO EMPLOYEE_LEAVE_BALANCE (ID_Employee) VALUES (32);
INSERT INTO EMPLOYEE_LEAVE_BALANCE (ID_Employee) VALUES (33);
INSERT INTO EMPLOYEE_LEAVE_BALANCE (ID_Employee) VALUES (34);
INSERT INTO EMPLOYEE_LEAVE_BALANCE (ID_Employee) VALUES (35);
INSERT INTO EMPLOYEE_LEAVE_BALANCE (ID_Employee) VALUES (36);
INSERT INTO EMPLOYEE_LEAVE_BALANCE (ID_Employee) VALUES (37);
INSERT INTO EMPLOYEE_LEAVE_BALANCE (ID_Employee) VALUES (38);
INSERT INTO EMPLOYEE_LEAVE_BALANCE (ID_Employee) VALUES (39);
INSERT INTO EMPLOYEE_LEAVE_BALANCE (ID_Employee) VALUES (40);
INSERT INTO EMPLOYEE_LEAVE_BALANCE (ID_Employee) VALUES (41);
INSERT INTO EMPLOYEE_LEAVE_BALANCE (ID_Employee) VALUES (42);
INSERT INTO EMPLOYEE_LEAVE_BALANCE (ID_Employee) VALUES (43);
INSERT INTO EMPLOYEE_LEAVE_BALANCE (ID_Employee) VALUES (44);
INSERT INTO EMPLOYEE_LEAVE_BALANCE (ID_Employee) VALUES (45);
INSERT INTO EMPLOYEE_LEAVE_BALANCE (ID_Employee) VALUES (46);
INSERT INTO EMPLOYEE_LEAVE_BALANCE (ID_Employee) VALUES (47);
INSERT INTO EMPLOYEE_LEAVE_BALANCE (ID_Employee) VALUES (48);
INSERT INTO EMPLOYEE_LEAVE_BALANCE (ID_Employee) VALUES (49);
INSERT INTO EMPLOYEE_LEAVE_BALANCE (ID_Employee) VALUES (50);
INSERT INTO EMPLOYEE_LEAVE_BALANCE (ID_Employee) VALUES (51);
INSERT INTO EMPLOYEE_LEAVE_BALANCE (ID_Employee) VALUES (52);
INSERT INTO EMPLOYEE_LEAVE_BALANCE (ID_Employee) VALUES (53);
INSERT INTO EMPLOYEE_LEAVE_BALANCE (ID_Employee) VALUES (54);
INSERT INTO EMPLOYEE_LEAVE_BALANCE (ID_Employee) VALUES (55);
INSERT INTO EMPLOYEE_LEAVE_BALANCE (ID_Employee) VALUES (56);
INSERT INTO EMPLOYEE_LEAVE_BALANCE (ID_Employee) VALUES (57);
INSERT INTO EMPLOYEE_LEAVE_BALANCE (ID_Employee) VALUES (58);
INSERT INTO EMPLOYEE_LEAVE_BALANCE (ID_Employee) VALUES (59);
INSERT INTO EMPLOYEE_LEAVE_BALANCE (ID_Employee) VALUES (60);
INSERT INTO EMPLOYEE_LEAVE_BALANCE (ID_Employee) VALUES (61);
INSERT INTO EMPLOYEE_LEAVE_BALANCE (ID_Employee) VALUES (62);
INSERT INTO EMPLOYEE_LEAVE_BALANCE (ID_Employee) VALUES (63);
INSERT INTO EMPLOYEE_LEAVE_BALANCE (ID_Employee) VALUES (64);
INSERT INTO EMPLOYEE_LEAVE_BALANCE (ID_Employee) VALUES (65);
INSERT INTO EMPLOYEE_LEAVE_BALANCE (ID_Employee) VALUES (66);
INSERT INTO EMPLOYEE_LEAVE_BALANCE (ID_Employee) VALUES (67);
INSERT INTO EMPLOYEE_LEAVE_BALANCE (ID_Employee) VALUES (68);
INSERT INTO EMPLOYEE_LEAVE_BALANCE (ID_Employee) VALUES (69);
INSERT INTO EMPLOYEE_LEAVE_BALANCE (ID_Employee) VALUES (70);
INSERT INTO EMPLOYEE_LEAVE_BALANCE (ID_Employee) VALUES (71);
INSERT INTO EMPLOYEE_LEAVE_BALANCE (ID_Employee) VALUES (72);
INSERT INTO EMPLOYEE_LEAVE_BALANCE (ID_Employee) VALUES (73);
INSERT INTO EMPLOYEE_LEAVE_BALANCE (ID_Employee) VALUES (74);
INSERT INTO EMPLOYEE_LEAVE_BALANCE (ID_Employee) VALUES (75);
INSERT INTO EMPLOYEE_LEAVE_BALANCE (ID_Employee) VALUES (76);
INSERT INTO EMPLOYEE_LEAVE_BALANCE (ID_Employee) VALUES (77);
INSERT INTO EMPLOYEE_LEAVE_BALANCE (ID_Employee) VALUES (78);
INSERT INTO EMPLOYEE_LEAVE_BALANCE (ID_Employee) VALUES (79);
INSERT INTO EMPLOYEE_LEAVE_BALANCE (ID_Employee) VALUES (80);
INSERT INTO EMPLOYEE_LEAVE_BALANCE (ID_Employee) VALUES (81);
INSERT INTO EMPLOYEE_LEAVE_BALANCE (ID_Employee) VALUES (82);
INSERT INTO EMPLOYEE_LEAVE_BALANCE (ID_Employee) VALUES (83);
INSERT INTO EMPLOYEE_LEAVE_BALANCE (ID_Employee) VALUES (84);
INSERT INTO EMPLOYEE_LEAVE_BALANCE (ID_Employee) VALUES (85);
INSERT INTO EMPLOYEE_LEAVE_BALANCE (ID_Employee) VALUES (86);
INSERT INTO EMPLOYEE_LEAVE_BALANCE (ID_Employee) VALUES (87);
INSERT INTO EMPLOYEE_LEAVE_BALANCE (ID_Employee) VALUES (88);
INSERT INTO EMPLOYEE_LEAVE_BALANCE (ID_Employee) VALUES (89);
INSERT INTO EMPLOYEE_LEAVE_BALANCE (ID_Employee) VALUES (90);
INSERT INTO EMPLOYEE_LEAVE_BALANCE (ID_Employee) VALUES (91);
INSERT INTO EMPLOYEE_LEAVE_BALANCE (ID_Employee) VALUES (92);
INSERT INTO EMPLOYEE_LEAVE_BALANCE (ID_Employee) VALUES (93);
INSERT INTO EMPLOYEE_LEAVE_BALANCE (ID_Employee) VALUES (94);
INSERT INTO EMPLOYEE_LEAVE_BALANCE (ID_Employee) VALUES (95);
INSERT INTO EMPLOYEE_LEAVE_BALANCE (ID_Employee) VALUES (96);
INSERT INTO EMPLOYEE_LEAVE_BALANCE (ID_Employee) VALUES (97);
INSERT INTO EMPLOYEE_LEAVE_BALANCE (ID_Employee) VALUES (98);
INSERT INTO EMPLOYEE_LEAVE_BALANCE (ID_Employee) VALUES (99);
INSERT INTO EMPLOYEE_LEAVE_BALANCE (ID_Employee) VALUES (100);
INSERT INTO EMPLOYEE_LEAVE_BALANCE (ID_Employee) VALUES (101);
INSERT INTO EMPLOYEE_LEAVE_BALANCE (ID_Employee) VALUES (102);
INSERT INTO EMPLOYEE_LEAVE_BALANCE (ID_Employee) VALUES (103);
INSERT INTO EMPLOYEE_LEAVE_BALANCE (ID_Employee) VALUES (104);
INSERT INTO EMPLOYEE_LEAVE_BALANCE (ID_Employee) VALUES (105);
INSERT INTO EMPLOYEE_LEAVE_BALANCE (ID_Employee) VALUES (106);
INSERT INTO EMPLOYEE_LEAVE_BALANCE (ID_Employee) VALUES (107);
INSERT INTO EMPLOYEE_LEAVE_BALANCE (ID_Employee) VALUES (108);
INSERT INTO EMPLOYEE_LEAVE_BALANCE (ID_Employee) VALUES (109);
INSERT INTO EMPLOYEE_LEAVE_BALANCE (ID_Employee) VALUES (110);
INSERT INTO EMPLOYEE_LEAVE_BALANCE (ID_Employee) VALUES (111);
INSERT INTO EMPLOYEE_LEAVE_BALANCE (ID_Employee) VALUES (112);
INSERT INTO EMPLOYEE_LEAVE_BALANCE (ID_Employee) VALUES (113);
INSERT INTO EMPLOYEE_LEAVE_BALANCE (ID_Employee) VALUES (114);
INSERT INTO EMPLOYEE_LEAVE_BALANCE (ID_Employee) VALUES (115);
INSERT INTO EMPLOYEE_LEAVE_BALANCE (ID_Employee) VALUES (116);
INSERT INTO EMPLOYEE_LEAVE_BALANCE (ID_Employee) VALUES (117);
INSERT INTO EMPLOYEE_LEAVE_BALANCE (ID_Employee) VALUES (118);
INSERT INTO EMPLOYEE_LEAVE_BALANCE (ID_Employee) VALUES (119);
INSERT INTO EMPLOYEE_LEAVE_BALANCE (ID_Employee) VALUES (120);
INSERT INTO EMPLOYEE_LEAVE_BALANCE (ID_Employee) VALUES (121);
INSERT INTO EMPLOYEE_LEAVE_BALANCE (ID_Employee) VALUES (122);
INSERT INTO EMPLOYEE_LEAVE_BALANCE (ID_Employee) VALUES (123);
INSERT INTO EMPLOYEE_LEAVE_BALANCE (ID_Employee) VALUES (124);
INSERT INTO EMPLOYEE_LEAVE_BALANCE (ID_Employee) VALUES (125);
INSERT INTO EMPLOYEE_LEAVE_BALANCE (ID_Employee) VALUES (126);
INSERT INTO EMPLOYEE_LEAVE_BALANCE (ID_Employee) VALUES (127);
INSERT INTO EMPLOYEE_LEAVE_BALANCE (ID_Employee) VALUES (128);
INSERT INTO EMPLOYEE_LEAVE_BALANCE (ID_Employee) VALUES (129);
INSERT INTO EMPLOYEE_LEAVE_BALANCE (ID_Employee) VALUES (130);
INSERT INTO EMPLOYEE_LEAVE_BALANCE (ID_Employee) VALUES (131);
INSERT INTO EMPLOYEE_LEAVE_BALANCE (ID_Employee) VALUES (132);
INSERT INTO EMPLOYEE_LEAVE_BALANCE (ID_Employee) VALUES (133);
INSERT INTO EMPLOYEE_LEAVE_BALANCE (ID_Employee) VALUES (134);
INSERT INTO EMPLOYEE_LEAVE_BALANCE (ID_Employee) VALUES (135);
INSERT INTO EMPLOYEE_LEAVE_BALANCE (ID_Employee) VALUES (136);
INSERT INTO EMPLOYEE_LEAVE_BALANCE (ID_Employee) VALUES (137);
INSERT INTO EMPLOYEE_LEAVE_BALANCE (ID_Employee) VALUES (138);
INSERT INTO EMPLOYEE_LEAVE_BALANCE (ID_Employee) VALUES (139);
INSERT INTO EMPLOYEE_LEAVE_BALANCE (ID_Employee) VALUES (140);
INSERT INTO EMPLOYEE_LEAVE_BALANCE (ID_Employee) VALUES (141);
INSERT INTO EMPLOYEE_LEAVE_BALANCE (ID_Employee) VALUES (142);
INSERT INTO EMPLOYEE_LEAVE_BALANCE (ID_Employee) VALUES (143);
INSERT INTO EMPLOYEE_LEAVE_BALANCE (ID_Employee) VALUES (144);
INSERT INTO EMPLOYEE_LEAVE_BALANCE (ID_Employee) VALUES (145);
INSERT INTO EMPLOYEE_LEAVE_BALANCE (ID_Employee) VALUES (146);
INSERT INTO EMPLOYEE_LEAVE_BALANCE (ID_Employee) VALUES (147);
INSERT INTO EMPLOYEE_LEAVE_BALANCE (ID_Employee) VALUES (148);
INSERT INTO EMPLOYEE_LEAVE_BALANCE (ID_Employee) VALUES (149);
INSERT INTO EMPLOYEE_LEAVE_BALANCE (ID_Employee) VALUES (150);
INSERT INTO EMPLOYEE_LEAVE_BALANCE (ID_Employee) VALUES (151);
INSERT INTO EMPLOYEE_LEAVE_BALANCE (ID_Employee) VALUES (152);
INSERT INTO EMPLOYEE_LEAVE_BALANCE (ID_Employee) VALUES (153);
INSERT INTO EMPLOYEE_LEAVE_BALANCE (ID_Employee) VALUES (154);
INSERT INTO EMPLOYEE_LEAVE_BALANCE (ID_Employee) VALUES (155);
INSERT INTO EMPLOYEE_LEAVE_BALANCE (ID_Employee) VALUES (156);
INSERT INTO EMPLOYEE_LEAVE_BALANCE (ID_Employee) VALUES (157);
INSERT INTO EMPLOYEE_LEAVE_BALANCE (ID_Employee) VALUES (158);
INSERT INTO EMPLOYEE_LEAVE_BALANCE (ID_Employee) VALUES (159);
INSERT INTO EMPLOYEE_LEAVE_BALANCE (ID_Employee) VALUES (160);
INSERT INTO EMPLOYEE_LEAVE_BALANCE (ID_Employee) VALUES (161);
INSERT INTO EMPLOYEE_LEAVE_BALANCE (ID_Employee) VALUES (162);
INSERT INTO EMPLOYEE_LEAVE_BALANCE (ID_Employee) VALUES (163);
INSERT INTO EMPLOYEE_LEAVE_BALANCE (ID_Employee) VALUES (164);
INSERT INTO EMPLOYEE_LEAVE_BALANCE (ID_Employee) VALUES (165);
INSERT INTO EMPLOYEE_LEAVE_BALANCE (ID_Employee) VALUES (166);
INSERT INTO EMPLOYEE_LEAVE_BALANCE (ID_Employee) VALUES (167);
INSERT INTO EMPLOYEE_LEAVE_BALANCE (ID_Employee) VALUES (168);
INSERT INTO EMPLOYEE_LEAVE_BALANCE (ID_Employee) VALUES (169);
INSERT INTO EMPLOYEE_LEAVE_BALANCE (ID_Employee) VALUES (170);
INSERT INTO EMPLOYEE_LEAVE_BALANCE (ID_Employee) VALUES (171);
INSERT INTO EMPLOYEE_LEAVE_BALANCE (ID_Employee) VALUES (172);
INSERT INTO EMPLOYEE_LEAVE_BALANCE (ID_Employee) VALUES (173);
INSERT INTO EMPLOYEE_LEAVE_BALANCE (ID_Employee) VALUES (174);
INSERT INTO EMPLOYEE_LEAVE_BALANCE (ID_Employee) VALUES (175);
INSERT INTO EMPLOYEE_LEAVE_BALANCE (ID_Employee) VALUES (176);
INSERT INTO EMPLOYEE_LEAVE_BALANCE (ID_Employee) VALUES (177);
INSERT INTO EMPLOYEE_LEAVE_BALANCE (ID_Employee) VALUES (178);
INSERT INTO EMPLOYEE_LEAVE_BALANCE (ID_Employee) VALUES (179);
INSERT INTO EMPLOYEE_LEAVE_BALANCE (ID_Employee) VALUES (180);
INSERT INTO EMPLOYEE_LEAVE_BALANCE (ID_Employee) VALUES (181);
INSERT INTO EMPLOYEE_LEAVE_BALANCE (ID_Employee) VALUES (182);
INSERT INTO EMPLOYEE_LEAVE_BALANCE (ID_Employee) VALUES (183);
INSERT INTO EMPLOYEE_LEAVE_BALANCE (ID_Employee) VALUES (184);
INSERT INTO EMPLOYEE_LEAVE_BALANCE (ID_Employee) VALUES (185);
INSERT INTO EMPLOYEE_LEAVE_BALANCE (ID_Employee) VALUES (186);
INSERT INTO EMPLOYEE_LEAVE_BALANCE (ID_Employee) VALUES (187);
INSERT INTO EMPLOYEE_LEAVE_BALANCE (ID_Employee) VALUES (188);
INSERT INTO EMPLOYEE_LEAVE_BALANCE (ID_Employee) VALUES (189);
INSERT INTO EMPLOYEE_LEAVE_BALANCE (ID_Employee) VALUES (190);
INSERT INTO EMPLOYEE_LEAVE_BALANCE (ID_Employee) VALUES (191);
INSERT INTO EMPLOYEE_LEAVE_BALANCE (ID_Employee) VALUES (192);
INSERT INTO EMPLOYEE_LEAVE_BALANCE (ID_Employee) VALUES (193);
INSERT INTO EMPLOYEE_LEAVE_BALANCE (ID_Employee) VALUES (194);
INSERT INTO EMPLOYEE_LEAVE_BALANCE (ID_Employee) VALUES (195);
INSERT INTO EMPLOYEE_LEAVE_BALANCE (ID_Employee) VALUES (196);
INSERT INTO EMPLOYEE_LEAVE_BALANCE (ID_Employee) VALUES (197);
INSERT INTO EMPLOYEE_LEAVE_BALANCE (ID_Employee) VALUES (198);
INSERT INTO EMPLOYEE_LEAVE_BALANCE (ID_Employee) VALUES (199);
INSERT INTO EMPLOYEE_LEAVE_BALANCE (ID_Employee) VALUES (200);
INSERT INTO EMPLOYEE_LEAVE_BALANCE (ID_Employee) VALUES (201);
INSERT INTO EMPLOYEE_LEAVE_BALANCE (ID_Employee) VALUES (202);
INSERT INTO EMPLOYEE_LEAVE_BALANCE (ID_Employee) VALUES (203);
INSERT INTO EMPLOYEE_LEAVE_BALANCE (ID_Employee) VALUES (204);
INSERT INTO EMPLOYEE_LEAVE_BALANCE (ID_Employee) VALUES (205);
INSERT INTO EMPLOYEE_LEAVE_BALANCE (ID_Employee) VALUES (206);
INSERT INTO EMPLOYEE_LEAVE_BALANCE (ID_Employee) VALUES (207);
INSERT INTO EMPLOYEE_LEAVE_BALANCE (ID_Employee) VALUES (208);
INSERT INTO EMPLOYEE_LEAVE_BALANCE (ID_Employee) VALUES (209);
INSERT INTO EMPLOYEE_LEAVE_BALANCE (ID_Employee) VALUES (210);
INSERT INTO EMPLOYEE_LEAVE_BALANCE (ID_Employee) VALUES (211);
INSERT INTO EMPLOYEE_LEAVE_BALANCE (ID_Employee) VALUES (212);
INSERT INTO EMPLOYEE_LEAVE_BALANCE (ID_Employee) VALUES (213);
INSERT INTO EMPLOYEE_LEAVE_BALANCE (ID_Employee) VALUES (214);
INSERT INTO EMPLOYEE_LEAVE_BALANCE (ID_Employee) VALUES (215);
INSERT INTO EMPLOYEE_LEAVE_BALANCE (ID_Employee) VALUES (216);
INSERT INTO EMPLOYEE_LEAVE_BALANCE (ID_Employee) VALUES (217);
INSERT INTO EMPLOYEE_LEAVE_BALANCE (ID_Employee) VALUES (218);
INSERT INTO EMPLOYEE_LEAVE_BALANCE (ID_Employee) VALUES (219);
INSERT INTO EMPLOYEE_LEAVE_BALANCE (ID_Employee) VALUES (220);
INSERT INTO EMPLOYEE_LEAVE_BALANCE (ID_Employee) VALUES (221);
INSERT INTO EMPLOYEE_LEAVE_BALANCE (ID_Employee) VALUES (222);
INSERT INTO EMPLOYEE_LEAVE_BALANCE (ID_Employee) VALUES (223);
INSERT INTO EMPLOYEE_LEAVE_BALANCE (ID_Employee) VALUES (224);
INSERT INTO EMPLOYEE_LEAVE_BALANCE (ID_Employee) VALUES (225);
INSERT INTO BRANCH (ID_Branch, BranchName, Address, PhoneNumber, OpeningHour, CloseHour, ID_Area, ID_Employee) VALUES (1, 'Box Sushi Spot', '492 Woods Streets Suite 936', '3418846393', '06:00:00', '22:00:00', 5, 5);
INSERT INTO BRANCH (ID_Branch, BranchName, Address, PhoneNumber, OpeningHour, CloseHour, ID_Area, ID_Employee) VALUES (2, 'Office Sushi Hub', '13980 Dana Trace Apt. 690', '3412008248', '07:00:00', '21:00:00', 4, 11);
INSERT INTO BRANCH (ID_Branch, BranchName, Address, PhoneNumber, OpeningHour, CloseHour, ID_Area, ID_Employee) VALUES (3, 'Process Sushi World', '805 Adams Way', '4156710824', '11:00:00', '18:00:00', 5, 10);
INSERT INTO BRANCH (ID_Branch, BranchName, Address, PhoneNumber, OpeningHour, CloseHour, ID_Area, ID_Employee) VALUES (4, 'Keep Sushi Bar', '31418 Stafford Crossroad Apt. 372', '9882962657', '08:00:00', '23:00:00', 2, 1);
INSERT INTO BRANCH (ID_Branch, BranchName, Address, PhoneNumber, OpeningHour, CloseHour, ID_Area, ID_Employee) VALUES (5, 'Letter Sushi World', '69687 Wayne Center', '2488389451', '11:00:00', '23:00:00', 2, 12);
INSERT INTO BRANCH (ID_Branch, BranchName, Address, PhoneNumber, OpeningHour, CloseHour, ID_Area, ID_Employee) VALUES (6, 'Then Sushi Island', '11236 Sandra Port Suite 034', '3076539199', '11:00:00', '23:00:00', 2, 9);
INSERT INTO BRANCH (ID_Branch, BranchName, Address, PhoneNumber, OpeningHour, CloseHour, ID_Area, ID_Employee) VALUES (7, 'Mention Sushi Hub', '63597 Brian Garden', '9369629950', '11:00:00', '20:00:00', 1, 7);
INSERT INTO BRANCH (ID_Branch, BranchName, Address, PhoneNumber, OpeningHour, CloseHour, ID_Area, ID_Employee) VALUES (8, 'Cold Sushi Corner', '0833 Stephen Tunnel', '0005677569', '10:00:00', '23:00:00', 1, 13);
INSERT INTO BRANCH (ID_Branch, BranchName, Address, PhoneNumber, OpeningHour, CloseHour, ID_Area, ID_Employee) VALUES (9, 'Likely Sushi Corner', '335 Alvarado View', '2482602649', '08:00:00', '22:00:00', 1, 15);
INSERT INTO BRANCH (ID_Branch, BranchName, Address, PhoneNumber, OpeningHour, CloseHour, ID_Area, ID_Employee) VALUES (10, 'More Sushi Haven', '56538 Scott Mountain', '4923298557', '09:00:00', '18:00:00', 2, 2);
INSERT INTO BRANCH (ID_Branch, BranchName, Address, PhoneNumber, OpeningHour, CloseHour, ID_Area, ID_Employee) VALUES (11, 'Local Sushi Hub', '32575 Theresa Pass Suite 162', '7763872904', '11:00:00', '23:00:00', 3, 3);
INSERT INTO BRANCH (ID_Branch, BranchName, Address, PhoneNumber, OpeningHour, CloseHour, ID_Area, ID_Employee) VALUES (12, 'Member Sushi Haven', '8034 Jessica Ways Apt. 593', '4865342824', '08:00:00', '20:00:00', 4, 4);
INSERT INTO BRANCH (ID_Branch, BranchName, Address, PhoneNumber, OpeningHour, CloseHour, ID_Area, ID_Employee) VALUES (13, 'Local Sushi Garden', '641 William Fields Apt. 107', '8928206139', '07:00:00', '18:00:00', 4, 8);
INSERT INTO BRANCH (ID_Branch, BranchName, Address, PhoneNumber, OpeningHour, CloseHour, ID_Area, ID_Employee) VALUES (14, 'Condition Sushi Haven', '098 Harmon Circles', '4251980240', '07:00:00', '18:00:00', 5, 14);
INSERT INTO BRANCH (ID_Branch, BranchName, Address, PhoneNumber, OpeningHour, CloseHour, ID_Area, ID_Employee) VALUES (15, 'Doctor Sushi Bar', '09308 Christian Springs', '2297612399', '09:00:00', '19:00:00', 2, 6);
INSERT INTO EMP_BRANCH_HISTORY (ID_Employee, ID_Branch, StartDate, EndDate) VALUES (97, 8, '2024-05-03', NULL);
INSERT INTO EMP_BRANCH_HISTORY (ID_Employee, ID_Branch, StartDate, EndDate) VALUES (160, 1, '2022-12-24', NULL);
INSERT INTO EMP_BRANCH_HISTORY (ID_Employee, ID_Branch, StartDate, EndDate) VALUES (195, 13, '2024-05-17', NULL);
INSERT INTO EMP_BRANCH_HISTORY (ID_Employee, ID_Branch, StartDate, EndDate) VALUES (4, 14, '2023-05-16', NULL);
INSERT INTO EMP_BRANCH_HISTORY (ID_Employee, ID_Branch, StartDate, EndDate) VALUES (137, 10, '2023-03-19', NULL);
INSERT INTO EMP_BRANCH_HISTORY (ID_Employee, ID_Branch, StartDate, EndDate) VALUES (33, 11, '2023-04-03', NULL);
INSERT INTO EMP_BRANCH_HISTORY (ID_Employee, ID_Branch, StartDate, EndDate) VALUES (138, 7, '2024-07-31', NULL);
INSERT INTO EMP_BRANCH_HISTORY (ID_Employee, ID_Branch, StartDate, EndDate) VALUES (107, 10, '2024-08-07', NULL);
INSERT INTO EMP_BRANCH_HISTORY (ID_Employee, ID_Branch, StartDate, EndDate) VALUES (108, 3, '2023-08-16', NULL);
INSERT INTO EMP_BRANCH_HISTORY (ID_Employee, ID_Branch, StartDate, EndDate) VALUES (66, 15, '2023-12-13', NULL);
INSERT INTO EMP_BRANCH_HISTORY (ID_Employee, ID_Branch, StartDate, EndDate) VALUES (158, 4, '2023-01-27', NULL);
INSERT INTO EMP_BRANCH_HISTORY (ID_Employee, ID_Branch, StartDate, EndDate) VALUES (78, 7, '2023-04-14', NULL);
INSERT INTO EMP_BRANCH_HISTORY (ID_Employee, ID_Branch, StartDate, EndDate) VALUES (123, 13, '2024-09-18', NULL);
INSERT INTO EMP_BRANCH_HISTORY (ID_Employee, ID_Branch, StartDate, EndDate) VALUES (155, 3, '2024-05-28', NULL);
INSERT INTO EMP_BRANCH_HISTORY (ID_Employee, ID_Branch, StartDate, EndDate) VALUES (38, 3, '2023-06-05', NULL);
INSERT INTO EMP_BRANCH_HISTORY (ID_Employee, ID_Branch, StartDate, EndDate) VALUES (207, 6, '2024-10-07', '2024-12-18');
INSERT INTO EMP_BRANCH_HISTORY (ID_Employee, ID_Branch, StartDate, EndDate) VALUES (50, 13, '2024-11-18', '2024-12-18');
INSERT INTO EMP_BRANCH_HISTORY (ID_Employee, ID_Branch, StartDate, EndDate) VALUES (33, 13, '2023-07-24', NULL);
INSERT INTO EMP_BRANCH_HISTORY (ID_Employee, ID_Branch, StartDate, EndDate) VALUES (132, 3, '2024-05-26', NULL);
INSERT INTO EMP_BRANCH_HISTORY (ID_Employee, ID_Branch, StartDate, EndDate) VALUES (123, 4, '2023-10-30', NULL);
INSERT INTO EMP_BRANCH_HISTORY (ID_Employee, ID_Branch, StartDate, EndDate) VALUES (83, 1, '2024-06-11', NULL);
INSERT INTO EMP_BRANCH_HISTORY (ID_Employee, ID_Branch, StartDate, EndDate) VALUES (107, 15, '2023-05-25', NULL);
INSERT INTO EMP_BRANCH_HISTORY (ID_Employee, ID_Branch, StartDate, EndDate) VALUES (101, 8, '2024-03-03', NULL);
INSERT INTO EMP_BRANCH_HISTORY (ID_Employee, ID_Branch, StartDate, EndDate) VALUES (48, 12, '2024-04-13', NULL);
INSERT INTO EMP_BRANCH_HISTORY (ID_Employee, ID_Branch, StartDate, EndDate) VALUES (196, 5, '2024-02-22', NULL);
INSERT INTO EMP_BRANCH_HISTORY (ID_Employee, ID_Branch, StartDate, EndDate) VALUES (216, 3, '2024-05-03', '2024-12-18');
INSERT INTO EMP_BRANCH_HISTORY (ID_Employee, ID_Branch, StartDate, EndDate) VALUES (165, 8, '2024-04-21', '2024-12-18');
INSERT INTO EMP_BRANCH_HISTORY (ID_Employee, ID_Branch, StartDate, EndDate) VALUES (40, 13, '2024-02-28', NULL);
INSERT INTO EMP_BRANCH_HISTORY (ID_Employee, ID_Branch, StartDate, EndDate) VALUES (64, 5, '2023-08-19', NULL);
INSERT INTO EMP_BRANCH_HISTORY (ID_Employee, ID_Branch, StartDate, EndDate) VALUES (51, 6, '2023-03-09', NULL);
INSERT INTO EMP_BRANCH_HISTORY (ID_Employee, ID_Branch, StartDate, EndDate) VALUES (169, 12, '2023-04-29', NULL);
INSERT INTO EMP_BRANCH_HISTORY (ID_Employee, ID_Branch, StartDate, EndDate) VALUES (207, 14, '2024-12-04', '2024-12-18');
INSERT INTO EMP_BRANCH_HISTORY (ID_Employee, ID_Branch, StartDate, EndDate) VALUES (134, 1, '2024-12-08', NULL);
INSERT INTO EMP_BRANCH_HISTORY (ID_Employee, ID_Branch, StartDate, EndDate) VALUES (139, 5, '2023-09-13', NULL);
INSERT INTO EMP_BRANCH_HISTORY (ID_Employee, ID_Branch, StartDate, EndDate) VALUES (173, 9, '2023-01-26', NULL);
INSERT INTO EMP_BRANCH_HISTORY (ID_Employee, ID_Branch, StartDate, EndDate) VALUES (107, 11, '2024-08-06', NULL);
INSERT INTO EMP_BRANCH_HISTORY (ID_Employee, ID_Branch, StartDate, EndDate) VALUES (217, 9, '2023-09-02', NULL);
INSERT INTO EMP_BRANCH_HISTORY (ID_Employee, ID_Branch, StartDate, EndDate) VALUES (80, 12, '2024-11-20', NULL);
INSERT INTO EMP_BRANCH_HISTORY (ID_Employee, ID_Branch, StartDate, EndDate) VALUES (195, 7, '2022-12-20', NULL);
INSERT INTO EMP_BRANCH_HISTORY (ID_Employee, ID_Branch, StartDate, EndDate) VALUES (97, 12, '2023-02-22', NULL);
INSERT INTO EMP_BRANCH_HISTORY (ID_Employee, ID_Branch, StartDate, EndDate) VALUES (20, 2, '2024-01-26', NULL);
INSERT INTO EMP_BRANCH_HISTORY (ID_Employee, ID_Branch, StartDate, EndDate) VALUES (12, 8, '2024-03-24', NULL);
INSERT INTO EMP_BRANCH_HISTORY (ID_Employee, ID_Branch, StartDate, EndDate) VALUES (225, 10, '2023-04-20', NULL);
INSERT INTO EMP_BRANCH_HISTORY (ID_Employee, ID_Branch, StartDate, EndDate) VALUES (177, 15, '2023-06-16', NULL);
INSERT INTO EMP_BRANCH_HISTORY (ID_Employee, ID_Branch, StartDate, EndDate) VALUES (47, 10, '2023-01-06', NULL);
INSERT INTO EMP_BRANCH_HISTORY (ID_Employee, ID_Branch, StartDate, EndDate) VALUES (176, 15, '2024-04-22', NULL);
INSERT INTO EMP_BRANCH_HISTORY (ID_Employee, ID_Branch, StartDate, EndDate) VALUES (153, 3, '2023-09-25', '2024-12-18');
INSERT INTO EMP_BRANCH_HISTORY (ID_Employee, ID_Branch, StartDate, EndDate) VALUES (125, 9, '2024-09-27', NULL);
INSERT INTO EMP_BRANCH_HISTORY (ID_Employee, ID_Branch, StartDate, EndDate) VALUES (147, 13, '2023-02-03', NULL);
INSERT INTO EMP_BRANCH_HISTORY (ID_Employee, ID_Branch, StartDate, EndDate) VALUES (93, 10, '2023-11-06', NULL);
INSERT INTO EMP_BRANCH_HISTORY (ID_Employee, ID_Branch, StartDate, EndDate) VALUES (31, 4, '2024-08-07', NULL);
INSERT INTO EMP_BRANCH_HISTORY (ID_Employee, ID_Branch, StartDate, EndDate) VALUES (198, 3, '2024-03-25', NULL);
INSERT INTO EMP_BRANCH_HISTORY (ID_Employee, ID_Branch, StartDate, EndDate) VALUES (117, 3, '2024-12-04', NULL);
INSERT INTO EMP_BRANCH_HISTORY (ID_Employee, ID_Branch, StartDate, EndDate) VALUES (10, 5, '2024-09-24', NULL);
INSERT INTO EMP_BRANCH_HISTORY (ID_Employee, ID_Branch, StartDate, EndDate) VALUES (166, 14, '2024-08-17', NULL);
INSERT INTO EMP_BRANCH_HISTORY (ID_Employee, ID_Branch, StartDate, EndDate) VALUES (212, 11, '2024-09-05', NULL);
INSERT INTO EMP_BRANCH_HISTORY (ID_Employee, ID_Branch, StartDate, EndDate) VALUES (178, 12, '2023-03-23', NULL);
INSERT INTO EMP_BRANCH_HISTORY (ID_Employee, ID_Branch, StartDate, EndDate) VALUES (188, 9, '2024-09-04', NULL);
INSERT INTO EMP_BRANCH_HISTORY (ID_Employee, ID_Branch, StartDate, EndDate) VALUES (151, 7, '2023-05-06', NULL);
INSERT INTO EMP_BRANCH_HISTORY (ID_Employee, ID_Branch, StartDate, EndDate) VALUES (204, 3, '2024-09-04', NULL);
INSERT INTO EMP_BRANCH_HISTORY (ID_Employee, ID_Branch, StartDate, EndDate) VALUES (85, 5, '2024-02-15', NULL);
INSERT INTO EMP_BRANCH_HISTORY (ID_Employee, ID_Branch, StartDate, EndDate) VALUES (20, 5, '2024-02-02', NULL);
INSERT INTO EMP_BRANCH_HISTORY (ID_Employee, ID_Branch, StartDate, EndDate) VALUES (49, 5, '2024-02-01', NULL);
INSERT INTO EMP_BRANCH_HISTORY (ID_Employee, ID_Branch, StartDate, EndDate) VALUES (151, 1, '2023-04-15', NULL);
INSERT INTO EMP_BRANCH_HISTORY (ID_Employee, ID_Branch, StartDate, EndDate) VALUES (128, 13, '2024-06-09', NULL);
INSERT INTO EMP_BRANCH_HISTORY (ID_Employee, ID_Branch, StartDate, EndDate) VALUES (73, 10, '2024-06-04', NULL);
INSERT INTO EMP_BRANCH_HISTORY (ID_Employee, ID_Branch, StartDate, EndDate) VALUES (184, 9, '2023-05-09', NULL);
INSERT INTO EMP_BRANCH_HISTORY (ID_Employee, ID_Branch, StartDate, EndDate) VALUES (34, 3, '2024-03-23', NULL);
INSERT INTO EMP_BRANCH_HISTORY (ID_Employee, ID_Branch, StartDate, EndDate) VALUES (100, 8, '2022-12-27', NULL);
INSERT INTO EMP_BRANCH_HISTORY (ID_Employee, ID_Branch, StartDate, EndDate) VALUES (20, 6, '2023-11-21', NULL);
INSERT INTO EMP_BRANCH_HISTORY (ID_Employee, ID_Branch, StartDate, EndDate) VALUES (33, 1, '2024-07-30', NULL);
INSERT INTO EMP_BRANCH_HISTORY (ID_Employee, ID_Branch, StartDate, EndDate) VALUES (200, 12, '2023-04-10', '2024-12-18');
INSERT INTO EMP_BRANCH_HISTORY (ID_Employee, ID_Branch, StartDate, EndDate) VALUES (162, 10, '2023-01-07', NULL);
INSERT INTO EMP_BRANCH_HISTORY (ID_Employee, ID_Branch, StartDate, EndDate) VALUES (216, 13, '2023-05-16', NULL);
INSERT INTO EMP_BRANCH_HISTORY (ID_Employee, ID_Branch, StartDate, EndDate) VALUES (157, 9, '2024-09-09', NULL);
INSERT INTO EMP_BRANCH_HISTORY (ID_Employee, ID_Branch, StartDate, EndDate) VALUES (42, 14, '2024-06-06', NULL);
INSERT INTO EMP_BRANCH_HISTORY (ID_Employee, ID_Branch, StartDate, EndDate) VALUES (33, 15, '2023-10-15', NULL);
INSERT INTO EMP_BRANCH_HISTORY (ID_Employee, ID_Branch, StartDate, EndDate) VALUES (149, 3, '2024-07-31', NULL);
INSERT INTO EMP_BRANCH_HISTORY (ID_Employee, ID_Branch, StartDate, EndDate) VALUES (75, 11, '2023-09-30', NULL);
INSERT INTO EMP_BRANCH_HISTORY (ID_Employee, ID_Branch, StartDate, EndDate) VALUES (30, 6, '2024-09-16', NULL);
INSERT INTO EMP_BRANCH_HISTORY (ID_Employee, ID_Branch, StartDate, EndDate) VALUES (154, 1, '2024-11-19', NULL);
INSERT INTO EMP_BRANCH_HISTORY (ID_Employee, ID_Branch, StartDate, EndDate) VALUES (54, 13, '2023-07-12', NULL);
INSERT INTO EMP_BRANCH_HISTORY (ID_Employee, ID_Branch, StartDate, EndDate) VALUES (95, 14, '2023-03-23', NULL);
INSERT INTO EMP_BRANCH_HISTORY (ID_Employee, ID_Branch, StartDate, EndDate) VALUES (179, 11, '2024-10-06', NULL);
INSERT INTO EMP_BRANCH_HISTORY (ID_Employee, ID_Branch, StartDate, EndDate) VALUES (201, 8, '2023-08-05', NULL);
INSERT INTO EMP_BRANCH_HISTORY (ID_Employee, ID_Branch, StartDate, EndDate) VALUES (81, 4, '2024-02-27', NULL);
INSERT INTO EMP_BRANCH_HISTORY (ID_Employee, ID_Branch, StartDate, EndDate) VALUES (141, 13, '2023-10-27', '2024-12-18');
INSERT INTO EMP_BRANCH_HISTORY (ID_Employee, ID_Branch, StartDate, EndDate) VALUES (51, 11, '2023-06-11', '2024-12-18');
INSERT INTO EMP_BRANCH_HISTORY (ID_Employee, ID_Branch, StartDate, EndDate) VALUES (186, 1, '2024-08-23', NULL);
INSERT INTO EMP_BRANCH_HISTORY (ID_Employee, ID_Branch, StartDate, EndDate) VALUES (196, 2, '2024-03-09', NULL);
INSERT INTO EMP_BRANCH_HISTORY (ID_Employee, ID_Branch, StartDate, EndDate) VALUES (119, 13, '2024-03-08', NULL);
INSERT INTO EMP_BRANCH_HISTORY (ID_Employee, ID_Branch, StartDate, EndDate) VALUES (215, 13, '2023-05-20', NULL);
INSERT INTO EMP_BRANCH_HISTORY (ID_Employee, ID_Branch, StartDate, EndDate) VALUES (45, 4, '2024-02-01', NULL);
INSERT INTO EMP_BRANCH_HISTORY (ID_Employee, ID_Branch, StartDate, EndDate) VALUES (9, 6, '2024-04-28', NULL);
INSERT INTO EMP_BRANCH_HISTORY (ID_Employee, ID_Branch, StartDate, EndDate) VALUES (173, 12, '2024-08-11', NULL);
INSERT INTO EMP_BRANCH_HISTORY (ID_Employee, ID_Branch, StartDate, EndDate) VALUES (20, 9, '2023-01-28', NULL);
INSERT INTO EMP_BRANCH_HISTORY (ID_Employee, ID_Branch, StartDate, EndDate) VALUES (17, 6, '2024-06-02', NULL);
INSERT INTO EMP_BRANCH_HISTORY (ID_Employee, ID_Branch, StartDate, EndDate) VALUES (90, 6, '2024-12-16', NULL);
INSERT INTO EMP_BRANCH_HISTORY (ID_Employee, ID_Branch, StartDate, EndDate) VALUES (119, 7, '2024-04-28', NULL);
INSERT INTO EMP_BRANCH_HISTORY (ID_Employee, ID_Branch, StartDate, EndDate) VALUES (47, 12, '2023-04-08', NULL);
INSERT INTO EMP_BRANCH_HISTORY (ID_Employee, ID_Branch, StartDate, EndDate) VALUES (106, 4, '2023-01-30', NULL);
INSERT INTO EMP_BRANCH_HISTORY (ID_Employee, ID_Branch, StartDate, EndDate) VALUES (18, 13, '2023-08-06', NULL);
INSERT INTO EMP_BRANCH_HISTORY (ID_Employee, ID_Branch, StartDate, EndDate) VALUES (190, 12, '2022-12-25', NULL);
INSERT INTO EMP_BRANCH_HISTORY (ID_Employee, ID_Branch, StartDate, EndDate) VALUES (107, 9, '2024-04-05', NULL);
INSERT INTO EMP_BRANCH_HISTORY (ID_Employee, ID_Branch, StartDate, EndDate) VALUES (84, 15, '2023-09-16', NULL);
INSERT INTO EMP_BRANCH_HISTORY (ID_Employee, ID_Branch, StartDate, EndDate) VALUES (125, 14, '2024-09-28', NULL);
INSERT INTO EMP_BRANCH_HISTORY (ID_Employee, ID_Branch, StartDate, EndDate) VALUES (147, 14, '2024-12-01', '2024-12-18');
INSERT INTO EMP_BRANCH_HISTORY (ID_Employee, ID_Branch, StartDate, EndDate) VALUES (111, 5, '2024-08-28', NULL);
INSERT INTO EMP_BRANCH_HISTORY (ID_Employee, ID_Branch, StartDate, EndDate) VALUES (50, 11, '2023-09-14', '2024-12-18');
INSERT INTO EMP_BRANCH_HISTORY (ID_Employee, ID_Branch, StartDate, EndDate) VALUES (106, 9, '2024-09-09', NULL);
INSERT INTO EMP_BRANCH_HISTORY (ID_Employee, ID_Branch, StartDate, EndDate) VALUES (135, 4, '2023-07-07', NULL);
INSERT INTO EMP_BRANCH_HISTORY (ID_Employee, ID_Branch, StartDate, EndDate) VALUES (176, 6, '2023-06-12', NULL);
INSERT INTO EMP_BRANCH_HISTORY (ID_Employee, ID_Branch, StartDate, EndDate) VALUES (148, 1, '2024-02-24', NULL);
INSERT INTO EMP_BRANCH_HISTORY (ID_Employee, ID_Branch, StartDate, EndDate) VALUES (113, 5, '2023-10-30', NULL);
INSERT INTO EMP_BRANCH_HISTORY (ID_Employee, ID_Branch, StartDate, EndDate) VALUES (16, 3, '2023-02-20', NULL);
INSERT INTO EMP_BRANCH_HISTORY (ID_Employee, ID_Branch, StartDate, EndDate) VALUES (28, 11, '2024-08-21', NULL);
INSERT INTO EMP_BRANCH_HISTORY (ID_Employee, ID_Branch, StartDate, EndDate) VALUES (98, 12, '2024-03-11', NULL);
INSERT INTO EMP_BRANCH_HISTORY (ID_Employee, ID_Branch, StartDate, EndDate) VALUES (163, 6, '2024-08-31', NULL);
INSERT INTO EMP_BRANCH_HISTORY (ID_Employee, ID_Branch, StartDate, EndDate) VALUES (48, 7, '2024-12-02', NULL);
INSERT INTO EMP_BRANCH_HISTORY (ID_Employee, ID_Branch, StartDate, EndDate) VALUES (80, 3, '2024-10-14', NULL);
INSERT INTO EMP_BRANCH_HISTORY (ID_Employee, ID_Branch, StartDate, EndDate) VALUES (46, 7, '2023-05-09', '2024-12-18');
INSERT INTO EMP_BRANCH_HISTORY (ID_Employee, ID_Branch, StartDate, EndDate) VALUES (99, 15, '2024-03-24', NULL);
INSERT INTO EMP_BRANCH_HISTORY (ID_Employee, ID_Branch, StartDate, EndDate) VALUES (213, 15, '2024-03-22', NULL);
INSERT INTO EMP_BRANCH_HISTORY (ID_Employee, ID_Branch, StartDate, EndDate) VALUES (153, 1, '2023-12-12', NULL);
INSERT INTO EMP_BRANCH_HISTORY (ID_Employee, ID_Branch, StartDate, EndDate) VALUES (140, 12, '2023-05-04', NULL);
INSERT INTO EMP_BRANCH_HISTORY (ID_Employee, ID_Branch, StartDate, EndDate) VALUES (31, 5, '2024-09-26', NULL);
INSERT INTO EMP_BRANCH_HISTORY (ID_Employee, ID_Branch, StartDate, EndDate) VALUES (122, 2, '2023-09-13', NULL);
INSERT INTO EMP_BRANCH_HISTORY (ID_Employee, ID_Branch, StartDate, EndDate) VALUES (206, 12, '2024-11-17', NULL);
INSERT INTO EMP_BRANCH_HISTORY (ID_Employee, ID_Branch, StartDate, EndDate) VALUES (193, 3, '2023-04-24', '2024-12-18');
INSERT INTO EMP_BRANCH_HISTORY (ID_Employee, ID_Branch, StartDate, EndDate) VALUES (16, 13, '2024-09-09', NULL);
INSERT INTO EMP_BRANCH_HISTORY (ID_Employee, ID_Branch, StartDate, EndDate) VALUES (32, 2, '2024-02-10', NULL);
INSERT INTO EMP_BRANCH_HISTORY (ID_Employee, ID_Branch, StartDate, EndDate) VALUES (189, 13, '2024-10-27', NULL);
INSERT INTO EMP_BRANCH_HISTORY (ID_Employee, ID_Branch, StartDate, EndDate) VALUES (43, 8, '2024-09-12', NULL);
INSERT INTO EMP_BRANCH_HISTORY (ID_Employee, ID_Branch, StartDate, EndDate) VALUES (121, 13, '2024-09-09', NULL);
INSERT INTO EMP_BRANCH_HISTORY (ID_Employee, ID_Branch, StartDate, EndDate) VALUES (48, 1, '2023-10-31', NULL);
INSERT INTO EMP_BRANCH_HISTORY (ID_Employee, ID_Branch, StartDate, EndDate) VALUES (154, 12, '2024-10-21', NULL);
INSERT INTO EMP_BRANCH_HISTORY (ID_Employee, ID_Branch, StartDate, EndDate) VALUES (52, 13, '2024-12-17', NULL);
INSERT INTO EMP_BRANCH_HISTORY (ID_Employee, ID_Branch, StartDate, EndDate) VALUES (206, 3, '2023-04-14', NULL);
INSERT INTO EMP_BRANCH_HISTORY (ID_Employee, ID_Branch, StartDate, EndDate) VALUES (9, 9, '2023-06-21', NULL);
INSERT INTO EMP_BRANCH_HISTORY (ID_Employee, ID_Branch, StartDate, EndDate) VALUES (70, 6, '2023-10-25', NULL);
INSERT INTO EMP_BRANCH_HISTORY (ID_Employee, ID_Branch, StartDate, EndDate) VALUES (15, 3, '2023-01-04', NULL);
INSERT INTO EMP_BRANCH_HISTORY (ID_Employee, ID_Branch, StartDate, EndDate) VALUES (62, 5, '2023-09-13', NULL);
INSERT INTO EMP_BRANCH_HISTORY (ID_Employee, ID_Branch, StartDate, EndDate) VALUES (101, 14, '2024-01-20', NULL);
INSERT INTO EMP_BRANCH_HISTORY (ID_Employee, ID_Branch, StartDate, EndDate) VALUES (149, 4, '2023-05-21', NULL);
INSERT INTO EMP_BRANCH_HISTORY (ID_Employee, ID_Branch, StartDate, EndDate) VALUES (99, 1, '2023-12-01', NULL);
INSERT INTO EMP_BRANCH_HISTORY (ID_Employee, ID_Branch, StartDate, EndDate) VALUES (46, 13, '2023-05-17', NULL);
INSERT INTO EMP_BRANCH_HISTORY (ID_Employee, ID_Branch, StartDate, EndDate) VALUES (92, 15, '2023-08-07', NULL);
INSERT INTO EMP_BRANCH_HISTORY (ID_Employee, ID_Branch, StartDate, EndDate) VALUES (134, 14, '2024-09-24', NULL);
INSERT INTO EMP_BRANCH_HISTORY (ID_Employee, ID_Branch, StartDate, EndDate) VALUES (128, 5, '2023-06-12', NULL);
INSERT INTO EMP_BRANCH_HISTORY (ID_Employee, ID_Branch, StartDate, EndDate) VALUES (207, 12, '2023-11-26', NULL);
INSERT INTO EMP_BRANCH_HISTORY (ID_Employee, ID_Branch, StartDate, EndDate) VALUES (44, 5, '2023-09-29', NULL);
INSERT INTO EMP_BRANCH_HISTORY (ID_Employee, ID_Branch, StartDate, EndDate) VALUES (221, 12, '2023-04-13', NULL);
INSERT INTO EMP_BRANCH_HISTORY (ID_Employee, ID_Branch, StartDate, EndDate) VALUES (198, 14, '2024-05-31', NULL);
INSERT INTO EMP_BRANCH_HISTORY (ID_Employee, ID_Branch, StartDate, EndDate) VALUES (31, 14, '2024-01-12', NULL);
INSERT INTO EMP_BRANCH_HISTORY (ID_Employee, ID_Branch, StartDate, EndDate) VALUES (97, 15, '2024-01-03', NULL);
INSERT INTO EMP_BRANCH_HISTORY (ID_Employee, ID_Branch, StartDate, EndDate) VALUES (40, 11, '2024-04-02', '2024-12-18');
INSERT INTO EMP_BRANCH_HISTORY (ID_Employee, ID_Branch, StartDate, EndDate) VALUES (31, 1, '2024-05-10', NULL);
INSERT INTO EMP_BRANCH_HISTORY (ID_Employee, ID_Branch, StartDate, EndDate) VALUES (17, 4, '2024-09-05', NULL);
INSERT INTO EMP_BRANCH_HISTORY (ID_Employee, ID_Branch, StartDate, EndDate) VALUES (186, 11, '2023-12-30', NULL);
INSERT INTO EMP_BRANCH_HISTORY (ID_Employee, ID_Branch, StartDate, EndDate) VALUES (27, 5, '2024-01-18', NULL);
INSERT INTO EMP_BRANCH_HISTORY (ID_Employee, ID_Branch, StartDate, EndDate) VALUES (144, 5, '2023-11-08', NULL);
INSERT INTO EMP_BRANCH_HISTORY (ID_Employee, ID_Branch, StartDate, EndDate) VALUES (165, 5, '2023-10-08', NULL);
INSERT INTO EMP_BRANCH_HISTORY (ID_Employee, ID_Branch, StartDate, EndDate) VALUES (26, 1, '2024-11-19', NULL);
INSERT INTO EMP_BRANCH_HISTORY (ID_Employee, ID_Branch, StartDate, EndDate) VALUES (91, 1, '2024-02-28', NULL);
INSERT INTO EMP_BRANCH_HISTORY (ID_Employee, ID_Branch, StartDate, EndDate) VALUES (86, 11, '2023-11-27', NULL);
INSERT INTO EMP_BRANCH_HISTORY (ID_Employee, ID_Branch, StartDate, EndDate) VALUES (90, 13, '2023-05-25', NULL);
INSERT INTO EMP_BRANCH_HISTORY (ID_Employee, ID_Branch, StartDate, EndDate) VALUES (172, 1, '2024-04-08', NULL);
INSERT INTO EMP_BRANCH_HISTORY (ID_Employee, ID_Branch, StartDate, EndDate) VALUES (52, 5, '2023-05-25', NULL);
INSERT INTO EMP_BRANCH_HISTORY (ID_Employee, ID_Branch, StartDate, EndDate) VALUES (18, 15, '2023-11-26', NULL);
INSERT INTO EMP_BRANCH_HISTORY (ID_Employee, ID_Branch, StartDate, EndDate) VALUES (132, 7, '2024-06-04', NULL);
INSERT INTO EMP_BRANCH_HISTORY (ID_Employee, ID_Branch, StartDate, EndDate) VALUES (88, 2, '2023-02-21', NULL);
INSERT INTO EMP_BRANCH_HISTORY (ID_Employee, ID_Branch, StartDate, EndDate) VALUES (121, 6, '2024-06-19', NULL);
INSERT INTO EMP_BRANCH_HISTORY (ID_Employee, ID_Branch, StartDate, EndDate) VALUES (48, 5, '2024-03-03', NULL);
INSERT INTO EMP_BRANCH_HISTORY (ID_Employee, ID_Branch, StartDate, EndDate) VALUES (115, 5, '2024-11-29', NULL);
INSERT INTO EMP_BRANCH_HISTORY (ID_Employee, ID_Branch, StartDate, EndDate) VALUES (127, 10, '2024-10-24', NULL);
INSERT INTO EMP_BRANCH_HISTORY (ID_Employee, ID_Branch, StartDate, EndDate) VALUES (32, 6, '2024-11-29', NULL);
INSERT INTO EMP_BRANCH_HISTORY (ID_Employee, ID_Branch, StartDate, EndDate) VALUES (63, 13, '2023-03-27', NULL);
INSERT INTO EMP_BRANCH_HISTORY (ID_Employee, ID_Branch, StartDate, EndDate) VALUES (198, 13, '2024-10-28', NULL);
INSERT INTO EMP_BRANCH_HISTORY (ID_Employee, ID_Branch, StartDate, EndDate) VALUES (56, 6, '2024-12-04', NULL);
INSERT INTO EMP_BRANCH_HISTORY (ID_Employee, ID_Branch, StartDate, EndDate) VALUES (217, 2, '2023-11-23', '2024-12-18');
INSERT INTO EMP_BRANCH_HISTORY (ID_Employee, ID_Branch, StartDate, EndDate) VALUES (160, 6, '2024-06-24', NULL);
INSERT INTO EMP_BRANCH_HISTORY (ID_Employee, ID_Branch, StartDate, EndDate) VALUES (77, 1, '2023-12-16', NULL);
INSERT INTO EMP_BRANCH_HISTORY (ID_Employee, ID_Branch, StartDate, EndDate) VALUES (53, 13, '2024-12-09', NULL);
INSERT INTO EMP_BRANCH_HISTORY (ID_Employee, ID_Branch, StartDate, EndDate) VALUES (152, 13, '2022-12-20', NULL);
INSERT INTO EMP_BRANCH_HISTORY (ID_Employee, ID_Branch, StartDate, EndDate) VALUES (216, 7, '2023-01-22', '2024-12-18');
INSERT INTO EMP_BRANCH_HISTORY (ID_Employee, ID_Branch, StartDate, EndDate) VALUES (160, 8, '2024-07-07', NULL);
INSERT INTO EMP_BRANCH_HISTORY (ID_Employee, ID_Branch, StartDate, EndDate) VALUES (90, 10, '2023-02-23', NULL);
INSERT INTO EMP_BRANCH_HISTORY (ID_Employee, ID_Branch, StartDate, EndDate) VALUES (39, 3, '2024-12-16', NULL);
INSERT INTO EMP_BRANCH_HISTORY (ID_Employee, ID_Branch, StartDate, EndDate) VALUES (75, 2, '2024-10-30', '2024-12-18');
INSERT INTO EMP_BRANCH_HISTORY (ID_Employee, ID_Branch, StartDate, EndDate) VALUES (111, 13, '2023-07-06', NULL);
INSERT INTO EMP_BRANCH_HISTORY (ID_Employee, ID_Branch, StartDate, EndDate) VALUES (10, 15, '2023-05-13', '2024-12-18');
INSERT INTO EMP_BRANCH_HISTORY (ID_Employee, ID_Branch, StartDate, EndDate) VALUES (43, 15, '2023-05-20', NULL);
INSERT INTO EMP_BRANCH_HISTORY (ID_Employee, ID_Branch, StartDate, EndDate) VALUES (175, 5, '2023-09-25', NULL);
INSERT INTO EMP_BRANCH_HISTORY (ID_Employee, ID_Branch, StartDate, EndDate) VALUES (7, 13, '2023-06-25', NULL);
INSERT INTO EMP_BRANCH_HISTORY (ID_Employee, ID_Branch, StartDate, EndDate) VALUES (177, 4, '2023-10-30', NULL);
INSERT INTO EMP_BRANCH_HISTORY (ID_Employee, ID_Branch, StartDate, EndDate) VALUES (187, 2, '2024-06-24', NULL);
INSERT INTO EMP_BRANCH_HISTORY (ID_Employee, ID_Branch, StartDate, EndDate) VALUES (189, 6, '2023-07-16', NULL);
INSERT INTO EMP_BRANCH_HISTORY (ID_Employee, ID_Branch, StartDate, EndDate) VALUES (164, 9, '2024-07-16', NULL);
INSERT INTO EMP_BRANCH_HISTORY (ID_Employee, ID_Branch, StartDate, EndDate) VALUES (2, 12, '2023-10-25', NULL);
INSERT INTO EMP_BRANCH_HISTORY (ID_Employee, ID_Branch, StartDate, EndDate) VALUES (174, 4, '2024-03-06', NULL);
INSERT INTO EMP_BRANCH_HISTORY (ID_Employee, ID_Branch, StartDate, EndDate) VALUES (96, 1, '2023-03-18', NULL);
INSERT INTO EMP_BRANCH_HISTORY (ID_Employee, ID_Branch, StartDate, EndDate) VALUES (143, 15, '2023-12-09', NULL);
INSERT INTO EMP_BRANCH_HISTORY (ID_Employee, ID_Branch, StartDate, EndDate) VALUES (82, 5, '2024-11-25', NULL);
INSERT INTO EMP_BRANCH_HISTORY (ID_Employee, ID_Branch, StartDate, EndDate) VALUES (145, 12, '2024-03-03', NULL);
INSERT INTO EMP_BRANCH_HISTORY (ID_Employee, ID_Branch, StartDate, EndDate) VALUES (175, 14, '2023-12-29', NULL);
INSERT INTO EMP_BRANCH_HISTORY (ID_Employee, ID_Branch, StartDate, EndDate) VALUES (64, 6, '2024-02-13', NULL);
INSERT INTO EMP_BRANCH_HISTORY (ID_Employee, ID_Branch, StartDate, EndDate) VALUES (150, 12, '2024-10-04', NULL);
INSERT INTO EMP_BRANCH_HISTORY (ID_Employee, ID_Branch, StartDate, EndDate) VALUES (19, 2, '2024-12-08', NULL);
INSERT INTO EMP_BRANCH_HISTORY (ID_Employee, ID_Branch, StartDate, EndDate) VALUES (196, 14, '2024-03-09', NULL);
INSERT INTO EMP_BRANCH_HISTORY (ID_Employee, ID_Branch, StartDate, EndDate) VALUES (83, 15, '2023-10-12', NULL);
INSERT INTO EMP_BRANCH_HISTORY (ID_Employee, ID_Branch, StartDate, EndDate) VALUES (26, 11, '2024-04-24', NULL);
INSERT INTO EMP_BRANCH_HISTORY (ID_Employee, ID_Branch, StartDate, EndDate) VALUES (222, 9, '2024-08-09', NULL);
INSERT INTO EMP_BRANCH_HISTORY (ID_Employee, ID_Branch, StartDate, EndDate) VALUES (124, 3, '2024-06-05', NULL);
INSERT INTO EMP_BRANCH_HISTORY (ID_Employee, ID_Branch, StartDate, EndDate) VALUES (34, 13, '2024-07-29', NULL);
INSERT INTO EMP_BRANCH_HISTORY (ID_Employee, ID_Branch, StartDate, EndDate) VALUES (221, 4, '2023-07-09', NULL);
INSERT INTO EMP_BRANCH_HISTORY (ID_Employee, ID_Branch, StartDate, EndDate) VALUES (131, 8, '2023-04-19', NULL);
INSERT INTO EMP_BRANCH_HISTORY (ID_Employee, ID_Branch, StartDate, EndDate) VALUES (62, 11, '2023-12-18', NULL);
INSERT INTO EMP_BRANCH_HISTORY (ID_Employee, ID_Branch, StartDate, EndDate) VALUES (56, 10, '2024-10-08', NULL);
INSERT INTO EMP_BRANCH_HISTORY (ID_Employee, ID_Branch, StartDate, EndDate) VALUES (181, 11, '2024-02-18', NULL);
INSERT INTO EMP_BRANCH_HISTORY (ID_Employee, ID_Branch, StartDate, EndDate) VALUES (122, 1, '2024-11-08', NULL);
INSERT INTO EMP_BRANCH_HISTORY (ID_Employee, ID_Branch, StartDate, EndDate) VALUES (179, 4, '2023-12-14', NULL);
INSERT INTO EMP_BRANCH_HISTORY (ID_Employee, ID_Branch, StartDate, EndDate) VALUES (105, 2, '2023-08-25', NULL);
INSERT INTO EMP_BRANCH_HISTORY (ID_Employee, ID_Branch, StartDate, EndDate) VALUES (43, 10, '2023-08-04', NULL);
INSERT INTO EMP_BRANCH_HISTORY (ID_Employee, ID_Branch, StartDate, EndDate) VALUES (105, 13, '2024-07-06', NULL);
INSERT INTO EMP_BRANCH_HISTORY (ID_Employee, ID_Branch, StartDate, EndDate) VALUES (209, 2, '2023-02-02', NULL);
INSERT INTO EMP_BRANCH_HISTORY (ID_Employee, ID_Branch, StartDate, EndDate) VALUES (12, 2, '2023-01-13', NULL);
INSERT INTO EMP_BRANCH_HISTORY (ID_Employee, ID_Branch, StartDate, EndDate) VALUES (137, 14, '2023-07-18', NULL);
INSERT INTO EMP_BRANCH_HISTORY (ID_Employee, ID_Branch, StartDate, EndDate) VALUES (136, 6, '2023-12-04', NULL);
INSERT INTO EMP_BRANCH_HISTORY (ID_Employee, ID_Branch, StartDate, EndDate) VALUES (66, 14, '2024-01-29', NULL);
INSERT INTO EMP_BRANCH_HISTORY (ID_Employee, ID_Branch, StartDate, EndDate) VALUES (37, 2, '2024-05-11', NULL);
INSERT INTO EMP_BRANCH_HISTORY (ID_Employee, ID_Branch, StartDate, EndDate) VALUES (71, 6, '2024-12-13', NULL);
INSERT INTO EMP_BRANCH_HISTORY (ID_Employee, ID_Branch, StartDate, EndDate) VALUES (166, 1, '2023-08-24', NULL);
INSERT INTO EMP_BRANCH_HISTORY (ID_Employee, ID_Branch, StartDate, EndDate) VALUES (206, 7, '2024-02-03', NULL);
INSERT INTO EMP_BRANCH_HISTORY (ID_Employee, ID_Branch, StartDate, EndDate) VALUES (202, 12, '2024-07-20', NULL);
INSERT INTO EMP_BRANCH_HISTORY (ID_Employee, ID_Branch, StartDate, EndDate) VALUES (100, 10, '2023-01-07', NULL);
INSERT INTO EMP_BRANCH_HISTORY (ID_Employee, ID_Branch, StartDate, EndDate) VALUES (2, 13, '2023-05-12', '2024-12-18');
INSERT INTO EMP_BRANCH_HISTORY (ID_Employee, ID_Branch, StartDate, EndDate) VALUES (151, 8, '2024-06-08', NULL);
INSERT INTO EMP_BRANCH_HISTORY (ID_Employee, ID_Branch, StartDate, EndDate) VALUES (202, 1, '2023-12-12', NULL);
INSERT INTO EMP_BRANCH_HISTORY (ID_Employee, ID_Branch, StartDate, EndDate) VALUES (171, 3, '2023-05-02', NULL);
INSERT INTO EMP_BRANCH_HISTORY (ID_Employee, ID_Branch, StartDate, EndDate) VALUES (132, 4, '2023-08-21', NULL);
INSERT INTO EMP_BRANCH_HISTORY (ID_Employee, ID_Branch, StartDate, EndDate) VALUES (212, 2, '2023-08-03', NULL);
INSERT INTO EMP_BRANCH_HISTORY (ID_Employee, ID_Branch, StartDate, EndDate) VALUES (168, 15, '2024-01-11', NULL);
INSERT INTO EMP_BRANCH_HISTORY (ID_Employee, ID_Branch, StartDate, EndDate) VALUES (122, 11, '2023-07-15', NULL);
INSERT INTO EMP_BRANCH_HISTORY (ID_Employee, ID_Branch, StartDate, EndDate) VALUES (123, 11, '2024-09-20', '2024-12-18');
INSERT INTO EMP_BRANCH_HISTORY (ID_Employee, ID_Branch, StartDate, EndDate) VALUES (158, 3, '2023-07-30', NULL);
INSERT INTO EMP_BRANCH_HISTORY (ID_Employee, ID_Branch, StartDate, EndDate) VALUES (99, 2, '2024-08-24', NULL);
INSERT INTO EMP_BRANCH_HISTORY (ID_Employee, ID_Branch, StartDate, EndDate) VALUES (224, 1, '2024-06-13', NULL);
INSERT INTO EMP_BRANCH_HISTORY (ID_Employee, ID_Branch, StartDate, EndDate) VALUES (154, 6, '2023-06-07', NULL);
INSERT INTO EMP_BRANCH_HISTORY (ID_Employee, ID_Branch, StartDate, EndDate) VALUES (224, 9, '2024-04-16', NULL);
INSERT INTO EMP_BRANCH_HISTORY (ID_Employee, ID_Branch, StartDate, EndDate) VALUES (40, 15, '2024-04-10', NULL);
INSERT INTO EMP_BRANCH_HISTORY (ID_Employee, ID_Branch, StartDate, EndDate) VALUES (225, 8, '2023-07-16', NULL);
INSERT INTO EMP_BRANCH_HISTORY (ID_Employee, ID_Branch, StartDate, EndDate) VALUES (181, 6, '2024-06-13', NULL);
INSERT INTO EMP_BRANCH_HISTORY (ID_Employee, ID_Branch, StartDate, EndDate) VALUES (86, 14, '2023-11-27', NULL);
INSERT INTO EMP_BRANCH_HISTORY (ID_Employee, ID_Branch, StartDate, EndDate) VALUES (44, 3, '2023-07-08', NULL);
INSERT INTO EMP_BRANCH_HISTORY (ID_Employee, ID_Branch, StartDate, EndDate) VALUES (138, 9, '2024-02-26', NULL);
INSERT INTO EMP_BRANCH_HISTORY (ID_Employee, ID_Branch, StartDate, EndDate) VALUES (153, 13, '2024-01-16', NULL);
INSERT INTO EMP_BRANCH_HISTORY (ID_Employee, ID_Branch, StartDate, EndDate) VALUES (47, 6, '2023-09-30', NULL);
INSERT INTO EMP_BRANCH_HISTORY (ID_Employee, ID_Branch, StartDate, EndDate) VALUES (172, 9, '2024-06-26', NULL);
INSERT INTO EMP_BRANCH_HISTORY (ID_Employee, ID_Branch, StartDate, EndDate) VALUES (34, 10, '2023-08-04', NULL);
INSERT INTO EMP_BRANCH_HISTORY (ID_Employee, ID_Branch, StartDate, EndDate) VALUES (205, 2, '2023-09-19', NULL);
INSERT INTO EMP_BRANCH_HISTORY (ID_Employee, ID_Branch, StartDate, EndDate) VALUES (23, 5, '2023-08-30', NULL);
INSERT INTO EMP_BRANCH_HISTORY (ID_Employee, ID_Branch, StartDate, EndDate) VALUES (209, 8, '2024-12-15', NULL);
INSERT INTO EMP_BRANCH_HISTORY (ID_Employee, ID_Branch, StartDate, EndDate) VALUES (99, 3, '2024-07-05', NULL);
INSERT INTO EMP_BRANCH_HISTORY (ID_Employee, ID_Branch, StartDate, EndDate) VALUES (61, 4, '2023-04-18', NULL);
INSERT INTO EMP_BRANCH_HISTORY (ID_Employee, ID_Branch, StartDate, EndDate) VALUES (22, 13, '2023-04-13', NULL);
INSERT INTO EMP_BRANCH_HISTORY (ID_Employee, ID_Branch, StartDate, EndDate) VALUES (198, 10, '2023-01-14', NULL);
INSERT INTO EMP_BRANCH_HISTORY (ID_Employee, ID_Branch, StartDate, EndDate) VALUES (46, 14, '2024-05-25', NULL);
INSERT INTO EMP_BRANCH_HISTORY (ID_Employee, ID_Branch, StartDate, EndDate) VALUES (187, 12, '2023-05-29', NULL);
INSERT INTO EMP_BRANCH_HISTORY (ID_Employee, ID_Branch, StartDate, EndDate) VALUES (40, 1, '2024-06-01', '2024-12-18');
INSERT INTO EMP_BRANCH_HISTORY (ID_Employee, ID_Branch, StartDate, EndDate) VALUES (51, 5, '2023-11-29', NULL);
INSERT INTO EMP_BRANCH_HISTORY (ID_Employee, ID_Branch, StartDate, EndDate) VALUES (137, 1, '2023-08-23', NULL);
INSERT INTO EMP_BRANCH_HISTORY (ID_Employee, ID_Branch, StartDate, EndDate) VALUES (181, 1, '2023-04-04', NULL);
INSERT INTO EMP_BRANCH_HISTORY (ID_Employee, ID_Branch, StartDate, EndDate) VALUES (174, 2, '2023-12-18', NULL);
INSERT INTO EMP_BRANCH_HISTORY (ID_Employee, ID_Branch, StartDate, EndDate) VALUES (142, 15, '2023-06-13', NULL);
INSERT INTO EMP_BRANCH_HISTORY (ID_Employee, ID_Branch, StartDate, EndDate) VALUES (208, 8, '2023-08-22', '2024-12-18');
INSERT INTO EMP_BRANCH_HISTORY (ID_Employee, ID_Branch, StartDate, EndDate) VALUES (61, 13, '2023-07-27', NULL);
INSERT INTO EMP_BRANCH_HISTORY (ID_Employee, ID_Branch, StartDate, EndDate) VALUES (200, 11, '2023-05-08', NULL);
INSERT INTO EMP_BRANCH_HISTORY (ID_Employee, ID_Branch, StartDate, EndDate) VALUES (75, 15, '2023-12-14', NULL);
INSERT INTO EMP_BRANCH_HISTORY (ID_Employee, ID_Branch, StartDate, EndDate) VALUES (224, 7, '2024-04-03', NULL);
INSERT INTO EMP_BRANCH_HISTORY (ID_Employee, ID_Branch, StartDate, EndDate) VALUES (108, 7, '2023-05-23', '2024-12-18');
INSERT INTO EMP_BRANCH_HISTORY (ID_Employee, ID_Branch, StartDate, EndDate) VALUES (46, 8, '2024-02-04', NULL);
INSERT INTO EMP_BRANCH_HISTORY (ID_Employee, ID_Branch, StartDate, EndDate) VALUES (219, 6, '2023-11-28', NULL);
INSERT INTO EMP_BRANCH_HISTORY (ID_Employee, ID_Branch, StartDate, EndDate) VALUES (204, 12, '2023-05-31', NULL);
INSERT INTO EMP_BRANCH_HISTORY (ID_Employee, ID_Branch, StartDate, EndDate) VALUES (57, 1, '2024-05-02', NULL);
INSERT INTO EMP_BRANCH_HISTORY (ID_Employee, ID_Branch, StartDate, EndDate) VALUES (123, 10, '2023-10-19', NULL);
INSERT INTO EMP_BRANCH_HISTORY (ID_Employee, ID_Branch, StartDate, EndDate) VALUES (104, 4, '2023-05-17', NULL);
INSERT INTO EMP_BRANCH_HISTORY (ID_Employee, ID_Branch, StartDate, EndDate) VALUES (67, 4, '2023-08-01', '2024-12-18');
INSERT INTO EMP_BRANCH_HISTORY (ID_Employee, ID_Branch, StartDate, EndDate) VALUES (193, 1, '2023-02-26', '2024-12-18');
INSERT INTO EMP_BRANCH_HISTORY (ID_Employee, ID_Branch, StartDate, EndDate) VALUES (216, 10, '2024-06-09', NULL);
INSERT INTO EMP_BRANCH_HISTORY (ID_Employee, ID_Branch, StartDate, EndDate) VALUES (69, 4, '2023-10-20', NULL);
INSERT INTO EMP_BRANCH_HISTORY (ID_Employee, ID_Branch, StartDate, EndDate) VALUES (87, 7, '2023-12-15', NULL);
INSERT INTO EMP_BRANCH_HISTORY (ID_Employee, ID_Branch, StartDate, EndDate) VALUES (182, 6, '2024-07-31', NULL);
INSERT INTO EMP_BRANCH_HISTORY (ID_Employee, ID_Branch, StartDate, EndDate) VALUES (151, 13, '2024-11-02', NULL);
INSERT INTO EMP_BRANCH_HISTORY (ID_Employee, ID_Branch, StartDate, EndDate) VALUES (169, 13, '2024-09-08', NULL);
INSERT INTO EMP_BRANCH_HISTORY (ID_Employee, ID_Branch, StartDate, EndDate) VALUES (68, 14, '2024-11-21', NULL);
INSERT INTO EMP_BRANCH_HISTORY (ID_Employee, ID_Branch, StartDate, EndDate) VALUES (54, 4, '2024-04-27', '2024-12-18');
INSERT INTO EMP_BRANCH_HISTORY (ID_Employee, ID_Branch, StartDate, EndDate) VALUES (212, 1, '2024-10-30', '2024-12-18');
INSERT INTO EMP_BRANCH_HISTORY (ID_Employee, ID_Branch, StartDate, EndDate) VALUES (119, 14, '2024-08-30', NULL);
INSERT INTO EMP_BRANCH_HISTORY (ID_Employee, ID_Branch, StartDate, EndDate) VALUES (152, 11, '2024-07-01', NULL);
INSERT INTO EMP_BRANCH_HISTORY (ID_Employee, ID_Branch, StartDate, EndDate) VALUES (17, 13, '2023-11-08', NULL);
INSERT INTO EMP_BRANCH_HISTORY (ID_Employee, ID_Branch, StartDate, EndDate) VALUES (47, 1, '2024-02-25', NULL);
INSERT INTO EMP_BRANCH_HISTORY (ID_Employee, ID_Branch, StartDate, EndDate) VALUES (175, 10, '2023-08-22', NULL);
INSERT INTO EMP_BRANCH_HISTORY (ID_Employee, ID_Branch, StartDate, EndDate) VALUES (218, 4, '2022-12-19', NULL);
INSERT INTO EMP_BRANCH_HISTORY (ID_Employee, ID_Branch, StartDate, EndDate) VALUES (5, 12, '2023-07-30', NULL);
INSERT INTO EMP_BRANCH_HISTORY (ID_Employee, ID_Branch, StartDate, EndDate) VALUES (128, 6, '2023-05-26', NULL);
INSERT INTO EMP_BRANCH_HISTORY (ID_Employee, ID_Branch, StartDate, EndDate) VALUES (83, 8, '2024-04-02', '2024-12-18');
INSERT INTO EMP_BRANCH_HISTORY (ID_Employee, ID_Branch, StartDate, EndDate) VALUES (126, 5, '2024-08-03', NULL);
INSERT INTO EMP_BRANCH_HISTORY (ID_Employee, ID_Branch, StartDate, EndDate) VALUES (34, 7, '2024-04-16', NULL);
INSERT INTO EMP_BRANCH_HISTORY (ID_Employee, ID_Branch, StartDate, EndDate) VALUES (45, 12, '2023-07-12', NULL);
INSERT INTO EMP_BRANCH_HISTORY (ID_Employee, ID_Branch, StartDate, EndDate) VALUES (124, 10, '2023-10-21', NULL);
INSERT INTO EMP_BRANCH_HISTORY (ID_Employee, ID_Branch, StartDate, EndDate) VALUES (157, 11, '2024-03-01', NULL);
INSERT INTO EMP_BRANCH_HISTORY (ID_Employee, ID_Branch, StartDate, EndDate) VALUES (5, 6, '2024-05-01', NULL);
INSERT INTO EMP_BRANCH_HISTORY (ID_Employee, ID_Branch, StartDate, EndDate) VALUES (99, 7, '2024-09-06', NULL);
INSERT INTO EMP_BRANCH_HISTORY (ID_Employee, ID_Branch, StartDate, EndDate) VALUES (117, 6, '2023-11-17', NULL);
INSERT INTO EMP_BRANCH_HISTORY (ID_Employee, ID_Branch, StartDate, EndDate) VALUES (112, 6, '2024-07-26', NULL);
INSERT INTO EMP_BRANCH_HISTORY (ID_Employee, ID_Branch, StartDate, EndDate) VALUES (21, 9, '2023-09-05', NULL);
INSERT INTO EMP_BRANCH_HISTORY (ID_Employee, ID_Branch, StartDate, EndDate) VALUES (155, 9, '2024-02-27', NULL);
INSERT INTO EMP_BRANCH_HISTORY (ID_Employee, ID_Branch, StartDate, EndDate) VALUES (142, 6, '2023-11-10', '2024-12-18');
INSERT INTO EMP_BRANCH_HISTORY (ID_Employee, ID_Branch, StartDate, EndDate) VALUES (176, 12, '2023-07-17', NULL);
INSERT INTO EMP_BRANCH_HISTORY (ID_Employee, ID_Branch, StartDate, EndDate) VALUES (8, 6, '2023-10-14', NULL);
INSERT INTO EMP_BRANCH_HISTORY (ID_Employee, ID_Branch, StartDate, EndDate) VALUES (125, 4, '2023-10-22', '2024-12-18');
INSERT INTO EMP_BRANCH_HISTORY (ID_Employee, ID_Branch, StartDate, EndDate) VALUES (154, 4, '2023-08-29', NULL);
INSERT INTO EMP_BRANCH_HISTORY (ID_Employee, ID_Branch, StartDate, EndDate) VALUES (136, 1, '2024-08-30', NULL);
INSERT INTO EMP_BRANCH_HISTORY (ID_Employee, ID_Branch, StartDate, EndDate) VALUES (9, 8, '2023-12-18', '2024-12-18');
INSERT INTO EMP_BRANCH_HISTORY (ID_Employee, ID_Branch, StartDate, EndDate) VALUES (160, 4, '2024-12-15', NULL);
INSERT INTO EMP_BRANCH_HISTORY (ID_Employee, ID_Branch, StartDate, EndDate) VALUES (172, 10, '2023-08-07', NULL);
INSERT INTO EMP_BRANCH_HISTORY (ID_Employee, ID_Branch, StartDate, EndDate) VALUES (111, 4, '2023-04-09', NULL);
INSERT INTO EMP_BRANCH_HISTORY (ID_Employee, ID_Branch, StartDate, EndDate) VALUES (102, 11, '2024-11-03', NULL);
INSERT INTO EMP_BRANCH_HISTORY (ID_Employee, ID_Branch, StartDate, EndDate) VALUES (126, 4, '2024-02-13', NULL);
INSERT INTO EMP_BRANCH_HISTORY (ID_Employee, ID_Branch, StartDate, EndDate) VALUES (6, 8, '2023-02-05', NULL);
INSERT INTO EMP_BRANCH_HISTORY (ID_Employee, ID_Branch, StartDate, EndDate) VALUES (204, 2, '2023-09-16', '2024-12-18');
INSERT INTO EMP_BRANCH_HISTORY (ID_Employee, ID_Branch, StartDate, EndDate) VALUES (133, 2, '2023-01-15', NULL);
INSERT INTO EMP_BRANCH_HISTORY (ID_Employee, ID_Branch, StartDate, EndDate) VALUES (124, 2, '2023-04-23', NULL);
INSERT INTO EMP_BRANCH_HISTORY (ID_Employee, ID_Branch, StartDate, EndDate) VALUES (194, 3, '2024-07-30', '2024-12-18');
INSERT INTO EMP_BRANCH_HISTORY (ID_Employee, ID_Branch, StartDate, EndDate) VALUES (28, 3, '2023-10-12', NULL);
INSERT INTO EMP_BRANCH_HISTORY (ID_Employee, ID_Branch, StartDate, EndDate) VALUES (76, 2, '2023-08-15', NULL);
INSERT INTO EMP_BRANCH_HISTORY (ID_Employee, ID_Branch, StartDate, EndDate) VALUES (59, 13, '2023-12-17', NULL);
INSERT INTO EMP_BRANCH_HISTORY (ID_Employee, ID_Branch, StartDate, EndDate) VALUES (220, 15, '2023-06-09', NULL);
INSERT INTO EMP_BRANCH_HISTORY (ID_Employee, ID_Branch, StartDate, EndDate) VALUES (220, 2, '2024-02-27', '2024-12-18');
INSERT INTO EMP_BRANCH_HISTORY (ID_Employee, ID_Branch, StartDate, EndDate) VALUES (85, 2, '2024-01-26', NULL);
INSERT INTO EMP_BRANCH_HISTORY (ID_Employee, ID_Branch, StartDate, EndDate) VALUES (158, 13, '2024-11-06', NULL);
INSERT INTO EMP_BRANCH_HISTORY (ID_Employee, ID_Branch, StartDate, EndDate) VALUES (154, 15, '2023-02-24', NULL);
INSERT INTO EMP_BRANCH_HISTORY (ID_Employee, ID_Branch, StartDate, EndDate) VALUES (104, 3, '2023-12-31', NULL);
INSERT INTO EMP_BRANCH_HISTORY (ID_Employee, ID_Branch, StartDate, EndDate) VALUES (201, 6, '2024-10-29', NULL);
INSERT INTO EMP_BRANCH_HISTORY (ID_Employee, ID_Branch, StartDate, EndDate) VALUES (206, 9, '2024-08-28', NULL);
INSERT INTO EMP_BRANCH_HISTORY (ID_Employee, ID_Branch, StartDate, EndDate) VALUES (216, 8, '2024-07-15', NULL);
INSERT INTO EMP_BRANCH_HISTORY (ID_Employee, ID_Branch, StartDate, EndDate) VALUES (93, 4, '2024-08-13', NULL);
INSERT INTO EMP_BRANCH_HISTORY (ID_Employee, ID_Branch, StartDate, EndDate) VALUES (56, 9, '2023-08-12', NULL);
INSERT INTO EMP_BRANCH_HISTORY (ID_Employee, ID_Branch, StartDate, EndDate) VALUES (141, 2, '2023-01-07', NULL);
INSERT INTO EMP_BRANCH_HISTORY (ID_Employee, ID_Branch, StartDate, EndDate) VALUES (151, 6, '2024-08-07', NULL);
INSERT INTO EMP_BRANCH_HISTORY (ID_Employee, ID_Branch, StartDate, EndDate) VALUES (129, 11, '2023-09-26', NULL);
INSERT INTO EMP_BRANCH_HISTORY (ID_Employee, ID_Branch, StartDate, EndDate) VALUES (223, 3, '2023-02-26', NULL);
INSERT INTO EMP_BRANCH_HISTORY (ID_Employee, ID_Branch, StartDate, EndDate) VALUES (161, 11, '2024-11-06', NULL);
INSERT INTO EMP_BRANCH_HISTORY (ID_Employee, ID_Branch, StartDate, EndDate) VALUES (33, 6, '2024-10-28', NULL);
INSERT INTO EMP_BRANCH_HISTORY (ID_Employee, ID_Branch, StartDate, EndDate) VALUES (78, 15, '2022-12-31', '2024-12-18');
INSERT INTO EMP_BRANCH_HISTORY (ID_Employee, ID_Branch, StartDate, EndDate) VALUES (48, 3, '2024-11-28', NULL);
INSERT INTO EMP_BRANCH_HISTORY (ID_Employee, ID_Branch, StartDate, EndDate) VALUES (2, 7, '2023-02-24', NULL);
INSERT INTO EMP_BRANCH_HISTORY (ID_Employee, ID_Branch, StartDate, EndDate) VALUES (211, 15, '2024-04-17', NULL);
INSERT INTO EMP_BRANCH_HISTORY (ID_Employee, ID_Branch, StartDate, EndDate) VALUES (148, 3, '2024-07-22', NULL);
INSERT INTO EMP_BRANCH_HISTORY (ID_Employee, ID_Branch, StartDate, EndDate) VALUES (150, 4, '2024-08-07', NULL);
INSERT INTO EMP_BRANCH_HISTORY (ID_Employee, ID_Branch, StartDate, EndDate) VALUES (131, 11, '2024-04-14', NULL);
INSERT INTO EMP_BRANCH_HISTORY (ID_Employee, ID_Branch, StartDate, EndDate) VALUES (60, 2, '2023-11-02', NULL);
INSERT INTO EMP_BRANCH_HISTORY (ID_Employee, ID_Branch, StartDate, EndDate) VALUES (134, 12, '2023-07-17', NULL);
INSERT INTO EMP_BRANCH_HISTORY (ID_Employee, ID_Branch, StartDate, EndDate) VALUES (202, 2, '2024-11-07', NULL);
INSERT INTO EMP_BRANCH_HISTORY (ID_Employee, ID_Branch, StartDate, EndDate) VALUES (2, 2, '2024-01-26', NULL);
INSERT INTO EMP_BRANCH_HISTORY (ID_Employee, ID_Branch, StartDate, EndDate) VALUES (135, 5, '2024-01-25', NULL);
INSERT INTO EMP_BRANCH_HISTORY (ID_Employee, ID_Branch, StartDate, EndDate) VALUES (14, 1, '2024-11-10', NULL);
INSERT INTO EMP_BRANCH_HISTORY (ID_Employee, ID_Branch, StartDate, EndDate) VALUES (25, 13, '2024-04-26', NULL);
INSERT INTO EMP_BRANCH_HISTORY (ID_Employee, ID_Branch, StartDate, EndDate) VALUES (6, 14, '2024-05-30', NULL);
INSERT INTO EMP_BRANCH_HISTORY (ID_Employee, ID_Branch, StartDate, EndDate) VALUES (40, 7, '2024-11-08', NULL);
INSERT INTO EMP_BRANCH_HISTORY (ID_Employee, ID_Branch, StartDate, EndDate) VALUES (58, 7, '2024-05-12', '2024-12-18');
INSERT INTO EMP_BRANCH_HISTORY (ID_Employee, ID_Branch, StartDate, EndDate) VALUES (197, 6, '2023-05-24', NULL);
INSERT INTO EMP_BRANCH_HISTORY (ID_Employee, ID_Branch, StartDate, EndDate) VALUES (102, 6, '2023-02-24', NULL);
INSERT INTO EMP_BRANCH_HISTORY (ID_Employee, ID_Branch, StartDate, EndDate) VALUES (112, 12, '2023-12-22', NULL);
INSERT INTO EMP_BRANCH_HISTORY (ID_Employee, ID_Branch, StartDate, EndDate) VALUES (16, 1, '2024-01-14', NULL);
INSERT INTO EMP_BRANCH_HISTORY (ID_Employee, ID_Branch, StartDate, EndDate) VALUES (206, 4, '2024-07-11', NULL);
INSERT INTO EMP_BRANCH_HISTORY (ID_Employee, ID_Branch, StartDate, EndDate) VALUES (221, 5, '2024-10-28', NULL);
INSERT INTO EMP_BRANCH_HISTORY (ID_Employee, ID_Branch, StartDate, EndDate) VALUES (14, 6, '2023-10-04', NULL);
INSERT INTO EMP_BRANCH_HISTORY (ID_Employee, ID_Branch, StartDate, EndDate) VALUES (103, 8, '2024-03-15', NULL);
INSERT INTO EMP_BRANCH_HISTORY (ID_Employee, ID_Branch, StartDate, EndDate) VALUES (61, 8, '2024-06-04', NULL);
INSERT INTO EMP_BRANCH_HISTORY (ID_Employee, ID_Branch, StartDate, EndDate) VALUES (195, 12, '2024-12-10', NULL);
INSERT INTO EMP_BRANCH_HISTORY (ID_Employee, ID_Branch, StartDate, EndDate) VALUES (185, 15, '2023-09-17', NULL);
INSERT INTO EMP_BRANCH_HISTORY (ID_Employee, ID_Branch, StartDate, EndDate) VALUES (122, 9, '2023-04-20', NULL);
INSERT INTO EMP_BRANCH_HISTORY (ID_Employee, ID_Branch, StartDate, EndDate) VALUES (219, 4, '2023-02-18', NULL);
INSERT INTO EMP_BRANCH_HISTORY (ID_Employee, ID_Branch, StartDate, EndDate) VALUES (80, 9, '2023-09-25', NULL);
INSERT INTO EMP_BRANCH_HISTORY (ID_Employee, ID_Branch, StartDate, EndDate) VALUES (50, 8, '2024-11-14', NULL);
INSERT INTO EMP_BRANCH_HISTORY (ID_Employee, ID_Branch, StartDate, EndDate) VALUES (209, 13, '2024-10-11', NULL);
INSERT INTO EMP_BRANCH_HISTORY (ID_Employee, ID_Branch, StartDate, EndDate) VALUES (105, 7, '2024-04-27', NULL);
INSERT INTO EMP_BRANCH_HISTORY (ID_Employee, ID_Branch, StartDate, EndDate) VALUES (215, 4, '2024-08-14', NULL);
INSERT INTO EMP_BRANCH_HISTORY (ID_Employee, ID_Branch, StartDate, EndDate) VALUES (149, 6, '2023-11-29', NULL);
INSERT INTO EMP_BRANCH_HISTORY (ID_Employee, ID_Branch, StartDate, EndDate) VALUES (89, 8, '2024-06-21', NULL);
INSERT INTO EMP_BRANCH_HISTORY (ID_Employee, ID_Branch, StartDate, EndDate) VALUES (202, 5, '2024-02-06', '2024-12-18');
INSERT INTO EMP_BRANCH_HISTORY (ID_Employee, ID_Branch, StartDate, EndDate) VALUES (72, 13, '2024-02-16', NULL);
INSERT INTO EMP_BRANCH_HISTORY (ID_Employee, ID_Branch, StartDate, EndDate) VALUES (63, 10, '2023-06-16', NULL);
INSERT INTO EMP_BRANCH_HISTORY (ID_Employee, ID_Branch, StartDate, EndDate) VALUES (52, 9, '2024-09-07', NULL);
INSERT INTO EMP_BRANCH_HISTORY (ID_Employee, ID_Branch, StartDate, EndDate) VALUES (177, 8, '2024-01-12', NULL);
INSERT INTO EMP_BRANCH_HISTORY (ID_Employee, ID_Branch, StartDate, EndDate) VALUES (59, 3, '2023-10-02', NULL);
INSERT INTO EMP_BRANCH_HISTORY (ID_Employee, ID_Branch, StartDate, EndDate) VALUES (129, 1, '2024-08-13', NULL);
INSERT INTO EMP_BRANCH_HISTORY (ID_Employee, ID_Branch, StartDate, EndDate) VALUES (184, 1, '2023-05-10', NULL);
INSERT INTO EMP_BRANCH_HISTORY (ID_Employee, ID_Branch, StartDate, EndDate) VALUES (63, 14, '2022-12-31', NULL);
INSERT INTO EMP_BRANCH_HISTORY (ID_Employee, ID_Branch, StartDate, EndDate) VALUES (5, 13, '2024-11-09', NULL);
INSERT INTO EMP_BRANCH_HISTORY (ID_Employee, ID_Branch, StartDate, EndDate) VALUES (106, 12, '2023-12-13', NULL);
INSERT INTO EMP_BRANCH_HISTORY (ID_Employee, ID_Branch, StartDate, EndDate) VALUES (134, 9, '2023-09-07', '2024-12-18');
INSERT INTO EMP_BRANCH_HISTORY (ID_Employee, ID_Branch, StartDate, EndDate) VALUES (57, 7, '2023-01-06', NULL);
INSERT INTO EMP_BRANCH_HISTORY (ID_Employee, ID_Branch, StartDate, EndDate) VALUES (124, 4, '2023-04-24', NULL);
INSERT INTO EMP_BRANCH_HISTORY (ID_Employee, ID_Branch, StartDate, EndDate) VALUES (125, 13, '2023-05-04', '2024-12-18');
INSERT INTO EMP_BRANCH_HISTORY (ID_Employee, ID_Branch, StartDate, EndDate) VALUES (153, 5, '2023-06-25', NULL);
INSERT INTO EMP_BRANCH_HISTORY (ID_Employee, ID_Branch, StartDate, EndDate) VALUES (144, 4, '2023-03-22', NULL);
INSERT INTO EMP_BRANCH_HISTORY (ID_Employee, ID_Branch, StartDate, EndDate) VALUES (42, 9, '2024-12-16', NULL);
INSERT INTO EMP_BRANCH_HISTORY (ID_Employee, ID_Branch, StartDate, EndDate) VALUES (3, 6, '2024-11-12', NULL);
INSERT INTO EMP_BRANCH_HISTORY (ID_Employee, ID_Branch, StartDate, EndDate) VALUES (139, 13, '2024-11-19', '2024-12-18');
INSERT INTO EMP_BRANCH_HISTORY (ID_Employee, ID_Branch, StartDate, EndDate) VALUES (111, 8, '2023-12-02', NULL);
INSERT INTO EMP_BRANCH_HISTORY (ID_Employee, ID_Branch, StartDate, EndDate) VALUES (225, 7, '2024-07-13', NULL);
INSERT INTO EMP_BRANCH_HISTORY (ID_Employee, ID_Branch, StartDate, EndDate) VALUES (55, 6, '2023-10-02', NULL);
INSERT INTO EMP_BRANCH_HISTORY (ID_Employee, ID_Branch, StartDate, EndDate) VALUES (225, 5, '2024-06-21', NULL);
INSERT INTO EMP_BRANCH_HISTORY (ID_Employee, ID_Branch, StartDate, EndDate) VALUES (27, 15, '2024-09-13', NULL);
INSERT INTO EMP_BRANCH_HISTORY (ID_Employee, ID_Branch, StartDate, EndDate) VALUES (128, 1, '2024-12-12', '2024-12-18');
INSERT INTO EMP_BRANCH_HISTORY (ID_Employee, ID_Branch, StartDate, EndDate) VALUES (78, 1, '2023-03-27', NULL);
INSERT INTO EMP_BRANCH_HISTORY (ID_Employee, ID_Branch, StartDate, EndDate) VALUES (29, 3, '2024-02-01', NULL);
INSERT INTO EMP_BRANCH_HISTORY (ID_Employee, ID_Branch, StartDate, EndDate) VALUES (107, 14, '2024-05-24', '2024-12-18');
INSERT INTO EMP_BRANCH_HISTORY (ID_Employee, ID_Branch, StartDate, EndDate) VALUES (16, 11, '2023-09-24', NULL);
INSERT INTO EMP_BRANCH_HISTORY (ID_Employee, ID_Branch, StartDate, EndDate) VALUES (150, 1, '2022-12-23', NULL);
INSERT INTO EMP_BRANCH_HISTORY (ID_Employee, ID_Branch, StartDate, EndDate) VALUES (211, 9, '2024-10-06', NULL);
INSERT INTO EMP_BRANCH_HISTORY (ID_Employee, ID_Branch, StartDate, EndDate) VALUES (217, 14, '2023-06-12', '2024-12-18');
INSERT INTO EMP_BRANCH_HISTORY (ID_Employee, ID_Branch, StartDate, EndDate) VALUES (30, 14, '2023-07-11', NULL);
INSERT INTO EMP_BRANCH_HISTORY (ID_Employee, ID_Branch, StartDate, EndDate) VALUES (134, 6, '2023-03-21', NULL);
INSERT INTO EMP_BRANCH_HISTORY (ID_Employee, ID_Branch, StartDate, EndDate) VALUES (192, 14, '2024-06-25', NULL);
INSERT INTO EMP_BRANCH_HISTORY (ID_Employee, ID_Branch, StartDate, EndDate) VALUES (225, 4, '2024-02-24', NULL);
INSERT INTO EMP_BRANCH_HISTORY (ID_Employee, ID_Branch, StartDate, EndDate) VALUES (197, 1, '2024-04-04', NULL);
INSERT INTO EMP_BRANCH_HISTORY (ID_Employee, ID_Branch, StartDate, EndDate) VALUES (224, 8, '2023-02-09', NULL);
INSERT INTO EMP_BRANCH_HISTORY (ID_Employee, ID_Branch, StartDate, EndDate) VALUES (117, 5, '2023-07-18', '2024-12-18');
INSERT INTO EMP_BRANCH_HISTORY (ID_Employee, ID_Branch, StartDate, EndDate) VALUES (76, 8, '2023-02-01', NULL);
INSERT INTO EMP_BRANCH_HISTORY (ID_Employee, ID_Branch, StartDate, EndDate) VALUES (123, 14, '2024-02-19', NULL);
INSERT INTO EMP_BRANCH_HISTORY (ID_Employee, ID_Branch, StartDate, EndDate) VALUES (114, 1, '2024-12-16', NULL);
INSERT INTO EMP_BRANCH_HISTORY (ID_Employee, ID_Branch, StartDate, EndDate) VALUES (209, 11, '2024-06-19', NULL);
INSERT INTO EMP_BRANCH_HISTORY (ID_Employee, ID_Branch, StartDate, EndDate) VALUES (83, 7, '2023-11-26', NULL);
INSERT INTO EMP_BRANCH_HISTORY (ID_Employee, ID_Branch, StartDate, EndDate) VALUES (81, 11, '2024-02-06', NULL);
INSERT INTO EMP_BRANCH_HISTORY (ID_Employee, ID_Branch, StartDate, EndDate) VALUES (119, 5, '2023-02-19', NULL);
INSERT INTO EMP_BRANCH_HISTORY (ID_Employee, ID_Branch, StartDate, EndDate) VALUES (176, 14, '2024-07-03', NULL);
INSERT INTO EMP_BRANCH_HISTORY (ID_Employee, ID_Branch, StartDate, EndDate) VALUES (162, 6, '2024-11-24', NULL);
INSERT INTO EMP_BRANCH_HISTORY (ID_Employee, ID_Branch, StartDate, EndDate) VALUES (30, 5, '2024-06-01', NULL);
INSERT INTO EMP_BRANCH_HISTORY (ID_Employee, ID_Branch, StartDate, EndDate) VALUES (65, 9, '2023-10-08', NULL);
INSERT INTO EMP_BRANCH_HISTORY (ID_Employee, ID_Branch, StartDate, EndDate) VALUES (67, 7, '2024-01-15', NULL);
INSERT INTO EMP_BRANCH_HISTORY (ID_Employee, ID_Branch, StartDate, EndDate) VALUES (222, 10, '2023-11-23', NULL);
INSERT INTO EMP_BRANCH_HISTORY (ID_Employee, ID_Branch, StartDate, EndDate) VALUES (212, 4, '2024-05-06', NULL);
INSERT INTO EMP_BRANCH_HISTORY (ID_Employee, ID_Branch, StartDate, EndDate) VALUES (203, 11, '2024-11-30', NULL);
INSERT INTO EMP_BRANCH_HISTORY (ID_Employee, ID_Branch, StartDate, EndDate) VALUES (93, 8, '2023-08-18', NULL);
INSERT INTO EMP_BRANCH_HISTORY (ID_Employee, ID_Branch, StartDate, EndDate) VALUES (119, 12, '2023-07-12', NULL);
INSERT INTO EMP_BRANCH_HISTORY (ID_Employee, ID_Branch, StartDate, EndDate) VALUES (74, 7, '2023-06-02', NULL);
INSERT INTO EMP_BRANCH_HISTORY (ID_Employee, ID_Branch, StartDate, EndDate) VALUES (182, 2, '2024-06-17', NULL);
INSERT INTO EMP_BRANCH_HISTORY (ID_Employee, ID_Branch, StartDate, EndDate) VALUES (161, 6, '2023-06-10', NULL);
INSERT INTO EMP_BRANCH_HISTORY (ID_Employee, ID_Branch, StartDate, EndDate) VALUES (135, 6, '2023-11-23', NULL);
INSERT INTO EMP_BRANCH_HISTORY (ID_Employee, ID_Branch, StartDate, EndDate) VALUES (44, 12, '2023-07-02', NULL);
INSERT INTO EMP_BRANCH_HISTORY (ID_Employee, ID_Branch, StartDate, EndDate) VALUES (98, 9, '2024-09-20', NULL);
INSERT INTO EMP_BRANCH_HISTORY (ID_Employee, ID_Branch, StartDate, EndDate) VALUES (26, 13, '2023-10-26', NULL);
INSERT INTO EMP_BRANCH_HISTORY (ID_Employee, ID_Branch, StartDate, EndDate) VALUES (97, 2, '2024-03-29', '2024-12-18');
INSERT INTO EMP_BRANCH_HISTORY (ID_Employee, ID_Branch, StartDate, EndDate) VALUES (33, 10, '2023-06-02', NULL);
INSERT INTO EMP_BRANCH_HISTORY (ID_Employee, ID_Branch, StartDate, EndDate) VALUES (55, 3, '2023-12-19', '2024-12-18');
INSERT INTO EMP_BRANCH_HISTORY (ID_Employee, ID_Branch, StartDate, EndDate) VALUES (71, 14, '2023-07-12', NULL);
INSERT INTO EMP_BRANCH_HISTORY (ID_Employee, ID_Branch, StartDate, EndDate) VALUES (16, 12, '2024-02-19', NULL);
INSERT INTO EMP_BRANCH_HISTORY (ID_Employee, ID_Branch, StartDate, EndDate) VALUES (216, 11, '2023-05-17', NULL);
INSERT INTO EMP_BRANCH_HISTORY (ID_Employee, ID_Branch, StartDate, EndDate) VALUES (10, 6, '2023-12-07', NULL);
INSERT INTO EMP_BRANCH_HISTORY (ID_Employee, ID_Branch, StartDate, EndDate) VALUES (35, 5, '2023-11-09', NULL);
INSERT INTO EMP_BRANCH_HISTORY (ID_Employee, ID_Branch, StartDate, EndDate) VALUES (179, 8, '2023-02-11', '2024-12-18');
INSERT INTO EMP_BRANCH_HISTORY (ID_Employee, ID_Branch, StartDate, EndDate) VALUES (44, 4, '2023-08-10', NULL);
INSERT INTO EMP_BRANCH_HISTORY (ID_Employee, ID_Branch, StartDate, EndDate) VALUES (127, 9, '2023-12-21', NULL);
INSERT INTO EMP_BRANCH_HISTORY (ID_Employee, ID_Branch, StartDate, EndDate) VALUES (157, 12, '2024-11-01', NULL);
INSERT INTO EMP_BRANCH_HISTORY (ID_Employee, ID_Branch, StartDate, EndDate) VALUES (65, 13, '2023-06-07', NULL);
INSERT INTO EMP_BRANCH_HISTORY (ID_Employee, ID_Branch, StartDate, EndDate) VALUES (186, 2, '2023-06-04', NULL);
INSERT INTO EMP_BRANCH_HISTORY (ID_Employee, ID_Branch, StartDate, EndDate) VALUES (199, 7, '2024-02-17', '2024-12-18');
INSERT INTO EMP_BRANCH_HISTORY (ID_Employee, ID_Branch, StartDate, EndDate) VALUES (137, 9, '2024-01-23', '2024-12-18');
INSERT INTO EMP_BRANCH_HISTORY (ID_Employee, ID_Branch, StartDate, EndDate) VALUES (87, 14, '2023-12-29', '2024-12-18');
INSERT INTO EMP_BRANCH_HISTORY (ID_Employee, ID_Branch, StartDate, EndDate) VALUES (68, 7, '2023-06-27', NULL);
INSERT INTO EMP_BRANCH_HISTORY (ID_Employee, ID_Branch, StartDate, EndDate) VALUES (43, 5, '2024-06-23', NULL);
INSERT INTO EMP_BRANCH_HISTORY (ID_Employee, ID_Branch, StartDate, EndDate) VALUES (133, 9, '2024-12-18', NULL);
INSERT INTO EMP_BRANCH_HISTORY (ID_Employee, ID_Branch, StartDate, EndDate) VALUES (60, 6, '2023-03-10', NULL);
INSERT INTO EMP_BRANCH_HISTORY (ID_Employee, ID_Branch, StartDate, EndDate) VALUES (199, 6, '2024-09-12', NULL);
INSERT INTO EMP_BRANCH_HISTORY (ID_Employee, ID_Branch, StartDate, EndDate) VALUES (138, 14, '2024-10-14', NULL);
INSERT INTO EMP_BRANCH_HISTORY (ID_Employee, ID_Branch, StartDate, EndDate) VALUES (38, 11, '2024-11-08', NULL);
INSERT INTO EMP_BRANCH_HISTORY (ID_Employee, ID_Branch, StartDate, EndDate) VALUES (176, 8, '2023-08-07', NULL);
INSERT INTO EMP_BRANCH_HISTORY (ID_Employee, ID_Branch, StartDate, EndDate) VALUES (52, 10, '2023-06-30', NULL);
INSERT INTO EMP_BRANCH_HISTORY (ID_Employee, ID_Branch, StartDate, EndDate) VALUES (58, 5, '2024-05-03', '2024-12-18');
INSERT INTO EMP_BRANCH_HISTORY (ID_Employee, ID_Branch, StartDate, EndDate) VALUES (198, 15, '2023-05-17', NULL);
INSERT INTO EMP_BRANCH_HISTORY (ID_Employee, ID_Branch, StartDate, EndDate) VALUES (26, 2, '2023-07-22', NULL);
INSERT INTO EMP_BRANCH_HISTORY (ID_Employee, ID_Branch, StartDate, EndDate) VALUES (148, 5, '2024-01-22', NULL);
INSERT INTO EMP_BRANCH_HISTORY (ID_Employee, ID_Branch, StartDate, EndDate) VALUES (66, 6, '2023-01-07', '2024-12-18');
INSERT INTO EMP_BRANCH_HISTORY (ID_Employee, ID_Branch, StartDate, EndDate) VALUES (47, 9, '2024-02-26', NULL);
INSERT INTO EMP_BRANCH_HISTORY (ID_Employee, ID_Branch, StartDate, EndDate) VALUES (189, 7, '2024-11-29', NULL);
INSERT INTO EMP_BRANCH_HISTORY (ID_Employee, ID_Branch, StartDate, EndDate) VALUES (116, 3, '2024-03-30', NULL);
INSERT INTO EMP_BRANCH_HISTORY (ID_Employee, ID_Branch, StartDate, EndDate) VALUES (182, 8, '2023-01-24', NULL);
INSERT INTO EMP_BRANCH_HISTORY (ID_Employee, ID_Branch, StartDate, EndDate) VALUES (66, 8, '2023-04-22', NULL);
INSERT INTO EMP_BRANCH_HISTORY (ID_Employee, ID_Branch, StartDate, EndDate) VALUES (224, 13, '2024-09-30', NULL);
INSERT INTO EMP_BRANCH_HISTORY (ID_Employee, ID_Branch, StartDate, EndDate) VALUES (107, 13, '2023-04-06', NULL);
INSERT INTO EMP_BRANCH_HISTORY (ID_Employee, ID_Branch, StartDate, EndDate) VALUES (14, 14, '2023-01-19', NULL);
INSERT INTO EMP_BRANCH_HISTORY (ID_Employee, ID_Branch, StartDate, EndDate) VALUES (218, 13, '2024-03-27', NULL);
INSERT INTO EMP_BRANCH_HISTORY (ID_Employee, ID_Branch, StartDate, EndDate) VALUES (121, 1, '2023-11-05', '2024-12-18');
INSERT INTO EMP_BRANCH_HISTORY (ID_Employee, ID_Branch, StartDate, EndDate) VALUES (84, 14, '2023-05-01', NULL);
INSERT INTO EMP_BRANCH_HISTORY (ID_Employee, ID_Branch, StartDate, EndDate) VALUES (12, 4, '2024-05-17', NULL);
INSERT INTO EMP_BRANCH_HISTORY (ID_Employee, ID_Branch, StartDate, EndDate) VALUES (7, 12, '2023-01-03', '2024-12-18');
INSERT INTO EMP_BRANCH_HISTORY (ID_Employee, ID_Branch, StartDate, EndDate) VALUES (214, 10, '2024-09-13', '2024-12-18');
INSERT INTO EMP_BRANCH_HISTORY (ID_Employee, ID_Branch, StartDate, EndDate) VALUES (7, 6, '2023-01-06', NULL);
INSERT INTO EMP_BRANCH_HISTORY (ID_Employee, ID_Branch, StartDate, EndDate) VALUES (31, 3, '2024-09-21', NULL);
INSERT INTO EMP_BRANCH_HISTORY (ID_Employee, ID_Branch, StartDate, EndDate) VALUES (47, 5, '2023-05-17', NULL);
INSERT INTO EMP_BRANCH_HISTORY (ID_Employee, ID_Branch, StartDate, EndDate) VALUES (18, 3, '2024-03-05', NULL);
INSERT INTO EMP_BRANCH_HISTORY (ID_Employee, ID_Branch, StartDate, EndDate) VALUES (146, 14, '2023-11-24', NULL);
INSERT INTO EMP_BRANCH_HISTORY (ID_Employee, ID_Branch, StartDate, EndDate) VALUES (98, 7, '2024-11-15', NULL);
INSERT INTO EMP_BRANCH_HISTORY (ID_Employee, ID_Branch, StartDate, EndDate) VALUES (185, 7, '2024-11-02', NULL);
INSERT INTO EMP_BRANCH_HISTORY (ID_Employee, ID_Branch, StartDate, EndDate) VALUES (21, 3, '2024-09-15', NULL);
INSERT INTO EMP_BRANCH_HISTORY (ID_Employee, ID_Branch, StartDate, EndDate) VALUES (4, 7, '2024-11-22', NULL);
INSERT INTO EMP_BRANCH_HISTORY (ID_Employee, ID_Branch, StartDate, EndDate) VALUES (61, 15, '2023-08-08', NULL);
INSERT INTO EMP_BRANCH_HISTORY (ID_Employee, ID_Branch, StartDate, EndDate) VALUES (147, 7, '2024-11-12', NULL);
INSERT INTO EMP_BRANCH_HISTORY (ID_Employee, ID_Branch, StartDate, EndDate) VALUES (199, 3, '2023-09-01', NULL);
INSERT INTO EMP_BRANCH_HISTORY (ID_Employee, ID_Branch, StartDate, EndDate) VALUES (91, 6, '2023-05-19', NULL);
INSERT INTO EMP_BRANCH_HISTORY (ID_Employee, ID_Branch, StartDate, EndDate) VALUES (171, 8, '2023-09-10', NULL);
INSERT INTO EMP_BRANCH_HISTORY (ID_Employee, ID_Branch, StartDate, EndDate) VALUES (24, 9, '2024-12-10', NULL);
INSERT INTO EMP_BRANCH_HISTORY (ID_Employee, ID_Branch, StartDate, EndDate) VALUES (144, 8, '2023-06-19', NULL);
INSERT INTO EMP_BRANCH_HISTORY (ID_Employee, ID_Branch, StartDate, EndDate) VALUES (96, 14, '2024-10-26', NULL);
INSERT INTO EMP_BRANCH_HISTORY (ID_Employee, ID_Branch, StartDate, EndDate) VALUES (156, 5, '2024-05-10', NULL);
INSERT INTO EMP_BRANCH_HISTORY (ID_Employee, ID_Branch, StartDate, EndDate) VALUES (57, 9, '2024-08-25', NULL);
INSERT INTO EMP_BRANCH_HISTORY (ID_Employee, ID_Branch, StartDate, EndDate) VALUES (115, 1, '2023-03-02', NULL);
INSERT INTO EMP_BRANCH_HISTORY (ID_Employee, ID_Branch, StartDate, EndDate) VALUES (63, 9, '2023-03-17', NULL);
INSERT INTO EMP_BRANCH_HISTORY (ID_Employee, ID_Branch, StartDate, EndDate) VALUES (39, 5, '2023-03-09', NULL);
INSERT INTO EMP_BRANCH_HISTORY (ID_Employee, ID_Branch, StartDate, EndDate) VALUES (193, 13, '2024-04-15', NULL);
INSERT INTO EMP_BRANCH_HISTORY (ID_Employee, ID_Branch, StartDate, EndDate) VALUES (35, 15, '2024-10-15', NULL);
INSERT INTO EMP_BRANCH_HISTORY (ID_Employee, ID_Branch, StartDate, EndDate) VALUES (37, 6, '2023-10-29', NULL);
INSERT INTO EMP_BRANCH_HISTORY (ID_Employee, ID_Branch, StartDate, EndDate) VALUES (78, 3, '2023-07-25', NULL);
INSERT INTO EMP_BRANCH_HISTORY (ID_Employee, ID_Branch, StartDate, EndDate) VALUES (91, 15, '2023-12-18', '2024-12-18');
INSERT INTO EMP_BRANCH_HISTORY (ID_Employee, ID_Branch, StartDate, EndDate) VALUES (25, 12, '2023-03-08', NULL);
INSERT INTO EMP_BRANCH_HISTORY (ID_Employee, ID_Branch, StartDate, EndDate) VALUES (98, 13, '2023-07-05', NULL);
INSERT INTO EMP_BRANCH_HISTORY (ID_Employee, ID_Branch, StartDate, EndDate) VALUES (190, 8, '2024-05-22', NULL);
INSERT INTO EMP_BRANCH_HISTORY (ID_Employee, ID_Branch, StartDate, EndDate) VALUES (3, 5, '2023-10-05', NULL);
INSERT INTO EMP_BRANCH_HISTORY (ID_Employee, ID_Branch, StartDate, EndDate) VALUES (130, 9, '2024-09-18', NULL);
INSERT INTO EMP_BRANCH_HISTORY (ID_Employee, ID_Branch, StartDate, EndDate) VALUES (50, 7, '2024-08-12', NULL);
INSERT INTO EMP_BRANCH_HISTORY (ID_Employee, ID_Branch, StartDate, EndDate) VALUES (67, 11, '2023-11-16', NULL);
INSERT INTO EMP_BRANCH_HISTORY (ID_Employee, ID_Branch, StartDate, EndDate) VALUES (13, 1, '2023-04-06', NULL);
INSERT INTO EMP_BRANCH_HISTORY (ID_Employee, ID_Branch, StartDate, EndDate) VALUES (151, 12, '2023-06-25', NULL);
INSERT INTO EMP_BRANCH_HISTORY (ID_Employee, ID_Branch, StartDate, EndDate) VALUES (51, 3, '2022-12-31', NULL);
INSERT INTO EMP_BRANCH_HISTORY (ID_Employee, ID_Branch, StartDate, EndDate) VALUES (213, 7, '2023-02-23', NULL);
INSERT INTO EMP_BRANCH_HISTORY (ID_Employee, ID_Branch, StartDate, EndDate) VALUES (36, 11, '2024-04-15', NULL);
INSERT INTO EMP_BRANCH_HISTORY (ID_Employee, ID_Branch, StartDate, EndDate) VALUES (209, 7, '2024-09-05', NULL);
INSERT INTO EMP_BRANCH_HISTORY (ID_Employee, ID_Branch, StartDate, EndDate) VALUES (123, 8, '2023-05-23', NULL);
INSERT INTO EMP_BRANCH_HISTORY (ID_Employee, ID_Branch, StartDate, EndDate) VALUES (221, 10, '2023-04-17', NULL);
INSERT INTO EMP_BRANCH_HISTORY (ID_Employee, ID_Branch, StartDate, EndDate) VALUES (156, 1, '2023-08-05', NULL);
INSERT INTO EMP_BRANCH_HISTORY (ID_Employee, ID_Branch, StartDate, EndDate) VALUES (72, 2, '2024-06-10', NULL);
INSERT INTO EMP_BRANCH_HISTORY (ID_Employee, ID_Branch, StartDate, EndDate) VALUES (155, 15, '2023-04-17', NULL);
INSERT INTO EMP_BRANCH_HISTORY (ID_Employee, ID_Branch, StartDate, EndDate) VALUES (19, 1, '2023-12-17', NULL);
INSERT INTO EMP_BRANCH_HISTORY (ID_Employee, ID_Branch, StartDate, EndDate) VALUES (115, 9, '2023-11-08', NULL);
INSERT INTO EMP_BRANCH_HISTORY (ID_Employee, ID_Branch, StartDate, EndDate) VALUES (116, 15, '2023-07-28', NULL);
INSERT INTO EMP_BRANCH_HISTORY (ID_Employee, ID_Branch, StartDate, EndDate) VALUES (219, 2, '2024-09-07', '2024-12-18');
INSERT INTO EMP_BRANCH_HISTORY (ID_Employee, ID_Branch, StartDate, EndDate) VALUES (18, 8, '2023-08-09', '2024-12-18');
INSERT INTO EMP_BRANCH_HISTORY (ID_Employee, ID_Branch, StartDate, EndDate) VALUES (119, 2, '2023-08-25', NULL);
INSERT INTO EMP_BRANCH_HISTORY (ID_Employee, ID_Branch, StartDate, EndDate) VALUES (167, 8, '2024-03-07', NULL);
INSERT INTO EMP_BRANCH_HISTORY (ID_Employee, ID_Branch, StartDate, EndDate) VALUES (84, 1, '2023-01-25', NULL);
INSERT INTO EMP_BRANCH_HISTORY (ID_Employee, ID_Branch, StartDate, EndDate) VALUES (102, 2, '2023-10-11', NULL);
INSERT INTO EMP_BRANCH_HISTORY (ID_Employee, ID_Branch, StartDate, EndDate) VALUES (113, 11, '2023-03-19', NULL);
INSERT INTO EMP_BRANCH_HISTORY (ID_Employee, ID_Branch, StartDate, EndDate) VALUES (8, 1, '2024-05-20', NULL);
INSERT INTO EMP_BRANCH_HISTORY (ID_Employee, ID_Branch, StartDate, EndDate) VALUES (181, 12, '2024-02-16', NULL);
INSERT INTO EMP_BRANCH_HISTORY (ID_Employee, ID_Branch, StartDate, EndDate) VALUES (118, 5, '2023-12-01', NULL);
INSERT INTO EMP_BRANCH_HISTORY (ID_Employee, ID_Branch, StartDate, EndDate) VALUES (119, 10, '2024-07-02', '2024-12-18');
INSERT INTO EMP_BRANCH_HISTORY (ID_Employee, ID_Branch, StartDate, EndDate) VALUES (183, 7, '2023-02-02', NULL);
INSERT INTO EMP_BRANCH_HISTORY (ID_Employee, ID_Branch, StartDate, EndDate) VALUES (36, 10, '2024-06-18', NULL);
INSERT INTO EMP_BRANCH_HISTORY (ID_Employee, ID_Branch, StartDate, EndDate) VALUES (131, 14, '2023-09-10', NULL);
INSERT INTO EMP_BRANCH_HISTORY (ID_Employee, ID_Branch, StartDate, EndDate) VALUES (201, 3, '2023-08-10', NULL);
INSERT INTO EMP_BRANCH_HISTORY (ID_Employee, ID_Branch, StartDate, EndDate) VALUES (114, 4, '2023-12-30', NULL);
INSERT INTO EMP_BRANCH_HISTORY (ID_Employee, ID_Branch, StartDate, EndDate) VALUES (84, 9, '2024-11-14', NULL);
INSERT INTO EMP_BRANCH_HISTORY (ID_Employee, ID_Branch, StartDate, EndDate) VALUES (41, 15, '2023-03-11', '2024-12-18');
INSERT INTO EMP_BRANCH_HISTORY (ID_Employee, ID_Branch, StartDate, EndDate) VALUES (19, 15, '2024-11-20', NULL);
INSERT INTO EMP_BRANCH_HISTORY (ID_Employee, ID_Branch, StartDate, EndDate) VALUES (7, 15, '2023-01-12', NULL);
INSERT INTO EMP_BRANCH_HISTORY (ID_Employee, ID_Branch, StartDate, EndDate) VALUES (97, 14, '2024-11-16', NULL);
INSERT INTO EMP_BRANCH_HISTORY (ID_Employee, ID_Branch, StartDate, EndDate) VALUES (32, 8, '2023-01-03', NULL);
INSERT INTO EMP_BRANCH_HISTORY (ID_Employee, ID_Branch, StartDate, EndDate) VALUES (105, 12, '2024-11-17', NULL);
INSERT INTO EMP_BRANCH_HISTORY (ID_Employee, ID_Branch, StartDate, EndDate) VALUES (34, 5, '2023-04-08', NULL);
INSERT INTO EMP_BRANCH_HISTORY (ID_Employee, ID_Branch, StartDate, EndDate) VALUES (216, 15, '2024-12-05', NULL);
INSERT INTO EMP_BRANCH_HISTORY (ID_Employee, ID_Branch, StartDate, EndDate) VALUES (61, 2, '2023-10-11', NULL);
INSERT INTO EMP_BRANCH_HISTORY (ID_Employee, ID_Branch, StartDate, EndDate) VALUES (10, 3, '2024-09-12', NULL);
INSERT INTO EMP_BRANCH_HISTORY (ID_Employee, ID_Branch, StartDate, EndDate) VALUES (199, 2, '2024-06-05', NULL);
INSERT INTO EMP_BRANCH_HISTORY (ID_Employee, ID_Branch, StartDate, EndDate) VALUES (214, 11, '2024-02-25', '2024-12-18');
INSERT INTO EMP_BRANCH_HISTORY (ID_Employee, ID_Branch, StartDate, EndDate) VALUES (109, 8, '2024-05-31', NULL);
INSERT INTO EMP_BRANCH_HISTORY (ID_Employee, ID_Branch, StartDate, EndDate) VALUES (81, 3, '2024-08-15', NULL);
INSERT INTO EMP_BRANCH_HISTORY (ID_Employee, ID_Branch, StartDate, EndDate) VALUES (133, 6, '2024-05-01', NULL);
INSERT INTO EMP_BRANCH_HISTORY (ID_Employee, ID_Branch, StartDate, EndDate) VALUES (70, 10, '2024-08-16', NULL);
INSERT INTO EMP_BRANCH_HISTORY (ID_Employee, ID_Branch, StartDate, EndDate) VALUES (143, 10, '2023-10-01', NULL);
INSERT INTO EMP_BRANCH_HISTORY (ID_Employee, ID_Branch, StartDate, EndDate) VALUES (69, 9, '2023-07-22', NULL);
INSERT INTO EMP_BRANCH_HISTORY (ID_Employee, ID_Branch, StartDate, EndDate) VALUES (25, 8, '2023-01-28', NULL);
INSERT INTO EMP_BRANCH_HISTORY (ID_Employee, ID_Branch, StartDate, EndDate) VALUES (185, 13, '2024-11-01', NULL);
INSERT INTO EMP_BRANCH_HISTORY (ID_Employee, ID_Branch, StartDate, EndDate) VALUES (65, 2, '2024-04-13', NULL);
INSERT INTO EMP_BRANCH_HISTORY (ID_Employee, ID_Branch, StartDate, EndDate) VALUES (100, 11, '2024-04-22', NULL);
INSERT INTO EMP_BRANCH_HISTORY (ID_Employee, ID_Branch, StartDate, EndDate) VALUES (111, 3, '2023-05-29', NULL);
INSERT INTO EMP_BRANCH_HISTORY (ID_Employee, ID_Branch, StartDate, EndDate) VALUES (144, 1, '2023-01-11', '2024-12-18');
INSERT INTO EMP_BRANCH_HISTORY (ID_Employee, ID_Branch, StartDate, EndDate) VALUES (212, 8, '2024-12-05', NULL);
INSERT INTO EMP_BRANCH_HISTORY (ID_Employee, ID_Branch, StartDate, EndDate) VALUES (199, 13, '2023-10-02', NULL);
INSERT INTO EMP_BRANCH_HISTORY (ID_Employee, ID_Branch, StartDate, EndDate) VALUES (26, 4, '2023-04-16', NULL);
INSERT INTO EMP_BRANCH_HISTORY (ID_Employee, ID_Branch, StartDate, EndDate) VALUES (194, 13, '2024-12-09', NULL);
INSERT INTO EMP_BRANCH_HISTORY (ID_Employee, ID_Branch, StartDate, EndDate) VALUES (182, 4, '2024-09-12', NULL);
INSERT INTO EMP_BRANCH_HISTORY (ID_Employee, ID_Branch, StartDate, EndDate) VALUES (53, 14, '2024-01-06', NULL);
INSERT INTO EMP_BRANCH_HISTORY (ID_Employee, ID_Branch, StartDate, EndDate) VALUES (115, 12, '2024-02-21', '2024-12-18');
INSERT INTO EMP_BRANCH_HISTORY (ID_Employee, ID_Branch, StartDate, EndDate) VALUES (104, 5, '2023-06-22', NULL);
INSERT INTO EMP_BRANCH_HISTORY (ID_Employee, ID_Branch, StartDate, EndDate) VALUES (188, 10, '2024-04-26', NULL);
INSERT INTO EMP_BRANCH_HISTORY (ID_Employee, ID_Branch, StartDate, EndDate) VALUES (10, 7, '2024-06-08', NULL);
INSERT INTO EMP_BRANCH_HISTORY (ID_Employee, ID_Branch, StartDate, EndDate) VALUES (8, 11, '2024-08-07', NULL);
INSERT INTO EMP_BRANCH_HISTORY (ID_Employee, ID_Branch, StartDate, EndDate) VALUES (20, 4, '2023-09-28', NULL);
INSERT INTO EMP_BRANCH_HISTORY (ID_Employee, ID_Branch, StartDate, EndDate) VALUES (56, 14, '2023-09-21', NULL);
INSERT INTO EMP_BRANCH_HISTORY (ID_Employee, ID_Branch, StartDate, EndDate) VALUES (195, 15, '2024-03-13', NULL);
INSERT INTO EMP_BRANCH_HISTORY (ID_Employee, ID_Branch, StartDate, EndDate) VALUES (165, 4, '2023-05-03', NULL);
INSERT INTO EMP_BRANCH_HISTORY (ID_Employee, ID_Branch, StartDate, EndDate) VALUES (147, 11, '2023-11-07', NULL);
INSERT INTO EMP_BRANCH_HISTORY (ID_Employee, ID_Branch, StartDate, EndDate) VALUES (159, 8, '2023-11-14', NULL);
INSERT INTO EMP_BRANCH_HISTORY (ID_Employee, ID_Branch, StartDate, EndDate) VALUES (173, 14, '2023-02-07', '2024-12-18');
INSERT INTO EMP_BRANCH_HISTORY (ID_Employee, ID_Branch, StartDate, EndDate) VALUES (184, 8, '2024-11-19', NULL);
INSERT INTO EMP_BRANCH_HISTORY (ID_Employee, ID_Branch, StartDate, EndDate) VALUES (36, 3, '2024-08-13', NULL);
INSERT INTO EMP_BRANCH_HISTORY (ID_Employee, ID_Branch, StartDate, EndDate) VALUES (192, 11, '2024-06-01', NULL);
INSERT INTO EMP_BRANCH_HISTORY (ID_Employee, ID_Branch, StartDate, EndDate) VALUES (73, 5, '2023-03-09', NULL);
INSERT INTO EMP_BRANCH_HISTORY (ID_Employee, ID_Branch, StartDate, EndDate) VALUES (191, 14, '2024-02-03', NULL);
INSERT INTO EMP_BRANCH_HISTORY (ID_Employee, ID_Branch, StartDate, EndDate) VALUES (83, 14, '2023-03-04', NULL);
INSERT INTO EMP_BRANCH_HISTORY (ID_Employee, ID_Branch, StartDate, EndDate) VALUES (115, 7, '2023-02-01', NULL);
INSERT INTO EMP_BRANCH_HISTORY (ID_Employee, ID_Branch, StartDate, EndDate) VALUES (88, 7, '2024-11-22', NULL);
INSERT INTO EMP_BRANCH_HISTORY (ID_Employee, ID_Branch, StartDate, EndDate) VALUES (152, 9, '2024-08-10', NULL);
INSERT INTO EMP_BRANCH_HISTORY (ID_Employee, ID_Branch, StartDate, EndDate) VALUES (1, 13, '2023-04-19', NULL);
INSERT INTO EMP_BRANCH_HISTORY (ID_Employee, ID_Branch, StartDate, EndDate) VALUES (98, 4, '2024-07-14', NULL);
INSERT INTO EMP_BRANCH_HISTORY (ID_Employee, ID_Branch, StartDate, EndDate) VALUES (6, 4, '2023-05-05', NULL);
INSERT INTO EMP_BRANCH_HISTORY (ID_Employee, ID_Branch, StartDate, EndDate) VALUES (143, 9, '2023-05-28', NULL);
INSERT INTO EMP_BRANCH_HISTORY (ID_Employee, ID_Branch, StartDate, EndDate) VALUES (25, 4, '2023-03-05', NULL);
INSERT INTO EMP_BRANCH_HISTORY (ID_Employee, ID_Branch, StartDate, EndDate) VALUES (15, 12, '2023-12-16', NULL);
INSERT INTO EMP_BRANCH_HISTORY (ID_Employee, ID_Branch, StartDate, EndDate) VALUES (204, 14, '2024-08-10', NULL);
INSERT INTO EMP_BRANCH_HISTORY (ID_Employee, ID_Branch, StartDate, EndDate) VALUES (223, 7, '2023-05-21', NULL);
INSERT INTO EMP_BRANCH_HISTORY (ID_Employee, ID_Branch, StartDate, EndDate) VALUES (25, 11, '2023-01-09', NULL);
INSERT INTO EMP_BRANCH_HISTORY (ID_Employee, ID_Branch, StartDate, EndDate) VALUES (215, 2, '2023-12-05', '2024-12-18');
INSERT INTO EMP_BRANCH_HISTORY (ID_Employee, ID_Branch, StartDate, EndDate) VALUES (157, 2, '2024-08-02', NULL);
INSERT INTO EMP_BRANCH_HISTORY (ID_Employee, ID_Branch, StartDate, EndDate) VALUES (80, 2, '2023-04-26', NULL);
INSERT INTO EMP_BRANCH_HISTORY (ID_Employee, ID_Branch, StartDate, EndDate) VALUES (62, 8, '2024-03-16', '2024-12-18');
INSERT INTO EMP_BRANCH_HISTORY (ID_Employee, ID_Branch, StartDate, EndDate) VALUES (57, 2, '2024-09-21', NULL);
INSERT INTO EMP_BRANCH_HISTORY (ID_Employee, ID_Branch, StartDate, EndDate) VALUES (133, 8, '2024-07-04', NULL);
INSERT INTO EMP_BRANCH_HISTORY (ID_Employee, ID_Branch, StartDate, EndDate) VALUES (85, 15, '2024-04-08', NULL);
INSERT INTO EMP_BRANCH_HISTORY (ID_Employee, ID_Branch, StartDate, EndDate) VALUES (200, 7, '2024-07-31', NULL);
INSERT INTO EMP_BRANCH_HISTORY (ID_Employee, ID_Branch, StartDate, EndDate) VALUES (129, 3, '2023-05-23', NULL);
INSERT INTO EMP_BRANCH_HISTORY (ID_Employee, ID_Branch, StartDate, EndDate) VALUES (89, 3, '2024-04-02', NULL);
INSERT INTO EMP_BRANCH_HISTORY (ID_Employee, ID_Branch, StartDate, EndDate) VALUES (118, 4, '2024-07-26', NULL);
INSERT INTO EMP_BRANCH_HISTORY (ID_Employee, ID_Branch, StartDate, EndDate) VALUES (170, 14, '2024-04-21', '2024-12-18');
INSERT INTO EMP_BRANCH_HISTORY (ID_Employee, ID_Branch, StartDate, EndDate) VALUES (26, 9, '2024-02-24', NULL);
INSERT INTO EMP_BRANCH_HISTORY (ID_Employee, ID_Branch, StartDate, EndDate) VALUES (66, 12, '2024-06-15', NULL);
INSERT INTO EMP_BRANCH_HISTORY (ID_Employee, ID_Branch, StartDate, EndDate) VALUES (173, 2, '2023-07-13', NULL);
INSERT INTO EMP_BRANCH_HISTORY (ID_Employee, ID_Branch, StartDate, EndDate) VALUES (175, 9, '2023-11-07', NULL);
INSERT INTO EMP_BRANCH_HISTORY (ID_Employee, ID_Branch, StartDate, EndDate) VALUES (115, 6, '2023-08-05', NULL);
INSERT INTO EMP_BRANCH_HISTORY (ID_Employee, ID_Branch, StartDate, EndDate) VALUES (209, 10, '2023-04-03', NULL);
INSERT INTO EMP_BRANCH_HISTORY (ID_Employee, ID_Branch, StartDate, EndDate) VALUES (85, 14, '2024-07-09', NULL);
INSERT INTO EMP_BRANCH_HISTORY (ID_Employee, ID_Branch, StartDate, EndDate) VALUES (18, 9, '2024-01-07', NULL);
INSERT INTO EMP_BRANCH_HISTORY (ID_Employee, ID_Branch, StartDate, EndDate) VALUES (214, 3, '2024-02-18', NULL);
INSERT INTO EMP_BRANCH_HISTORY (ID_Employee, ID_Branch, StartDate, EndDate) VALUES (90, 9, '2023-12-27', NULL);
INSERT INTO EMP_BRANCH_HISTORY (ID_Employee, ID_Branch, StartDate, EndDate) VALUES (182, 15, '2024-10-05', NULL);
INSERT INTO EMP_BRANCH_HISTORY (ID_Employee, ID_Branch, StartDate, EndDate) VALUES (87, 15, '2024-10-19', NULL);
INSERT INTO EMP_BRANCH_HISTORY (ID_Employee, ID_Branch, StartDate, EndDate) VALUES (95, 12, '2024-05-29', NULL);
INSERT INTO EMP_BRANCH_HISTORY (ID_Employee, ID_Branch, StartDate, EndDate) VALUES (79, 12, '2024-02-03', NULL);
INSERT INTO EMP_BRANCH_HISTORY (ID_Employee, ID_Branch, StartDate, EndDate) VALUES (205, 12, '2024-10-06', NULL);
INSERT INTO EMP_BRANCH_HISTORY (ID_Employee, ID_Branch, StartDate, EndDate) VALUES (213, 1, '2024-07-05', NULL);
INSERT INTO EMP_BRANCH_HISTORY (ID_Employee, ID_Branch, StartDate, EndDate) VALUES (208, 7, '2024-03-02', NULL);
INSERT INTO EMP_BRANCH_HISTORY (ID_Employee, ID_Branch, StartDate, EndDate) VALUES (158, 1, '2023-02-10', NULL);
INSERT INTO EMP_BRANCH_HISTORY (ID_Employee, ID_Branch, StartDate, EndDate) VALUES (159, 9, '2023-12-30', NULL);
INSERT INTO EMP_BRANCH_HISTORY (ID_Employee, ID_Branch, StartDate, EndDate) VALUES (141, 14, '2024-01-24', NULL);
INSERT INTO EMP_BRANCH_HISTORY (ID_Employee, ID_Branch, StartDate, EndDate) VALUES (176, 2, '2024-11-19', '2024-12-18');
INSERT INTO EMP_BRANCH_HISTORY (ID_Employee, ID_Branch, StartDate, EndDate) VALUES (143, 11, '2024-11-09', NULL);
INSERT INTO EMP_BRANCH_HISTORY (ID_Employee, ID_Branch, StartDate, EndDate) VALUES (192, 10, '2023-04-03', NULL);
INSERT INTO EMP_BRANCH_HISTORY (ID_Employee, ID_Branch, StartDate, EndDate) VALUES (7, 8, '2024-11-17', '2024-12-18');
INSERT INTO EMP_BRANCH_HISTORY (ID_Employee, ID_Branch, StartDate, EndDate) VALUES (105, 9, '2024-09-05', NULL);
INSERT INTO EMP_BRANCH_HISTORY (ID_Employee, ID_Branch, StartDate, EndDate) VALUES (126, 9, '2024-06-08', NULL);
INSERT INTO EMP_BRANCH_HISTORY (ID_Employee, ID_Branch, StartDate, EndDate) VALUES (174, 10, '2023-03-29', NULL);
INSERT INTO EMP_BRANCH_HISTORY (ID_Employee, ID_Branch, StartDate, EndDate) VALUES (178, 8, '2023-08-29', '2024-12-18');
INSERT INTO EMP_BRANCH_HISTORY (ID_Employee, ID_Branch, StartDate, EndDate) VALUES (203, 7, '2023-09-18', NULL);
INSERT INTO EMP_BRANCH_HISTORY (ID_Employee, ID_Branch, StartDate, EndDate) VALUES (54, 6, '2024-12-01', NULL);
INSERT INTO EMP_BRANCH_HISTORY (ID_Employee, ID_Branch, StartDate, EndDate) VALUES (161, 14, '2023-03-30', NULL);
INSERT INTO EMP_BRANCH_HISTORY (ID_Employee, ID_Branch, StartDate, EndDate) VALUES (131, 4, '2024-06-05', NULL);
INSERT INTO EMP_BRANCH_HISTORY (ID_Employee, ID_Branch, StartDate, EndDate) VALUES (68, 12, '2023-01-30', NULL);
INSERT INTO EMP_BRANCH_HISTORY (ID_Employee, ID_Branch, StartDate, EndDate) VALUES (27, 1, '2024-07-04', NULL);
INSERT INTO EMP_BRANCH_HISTORY (ID_Employee, ID_Branch, StartDate, EndDate) VALUES (183, 8, '2024-01-22', '2024-12-18');
INSERT INTO EMP_BRANCH_HISTORY (ID_Employee, ID_Branch, StartDate, EndDate) VALUES (33, 9, '2024-08-21', NULL);
INSERT INTO EMP_BRANCH_HISTORY (ID_Employee, ID_Branch, StartDate, EndDate) VALUES (76, 6, '2023-07-27', NULL);
INSERT INTO EMP_BRANCH_HISTORY (ID_Employee, ID_Branch, StartDate, EndDate) VALUES (170, 8, '2024-06-24', NULL);
INSERT INTO EMP_BRANCH_HISTORY (ID_Employee, ID_Branch, StartDate, EndDate) VALUES (47, 7, '2023-11-14', NULL);
INSERT INTO EMP_BRANCH_HISTORY (ID_Employee, ID_Branch, StartDate, EndDate) VALUES (25, 10, '2024-11-17', NULL);
INSERT INTO EMP_BRANCH_HISTORY (ID_Employee, ID_Branch, StartDate, EndDate) VALUES (31, 11, '2023-01-01', NULL);
INSERT INTO EMP_BRANCH_HISTORY (ID_Employee, ID_Branch, StartDate, EndDate) VALUES (21, 1, '2023-06-27', NULL);
INSERT INTO EMP_BRANCH_HISTORY (ID_Employee, ID_Branch, StartDate, EndDate) VALUES (187, 13, '2022-12-20', NULL);
INSERT INTO EMP_BRANCH_HISTORY (ID_Employee, ID_Branch, StartDate, EndDate) VALUES (44, 11, '2024-10-26', NULL);
INSERT INTO EMP_BRANCH_HISTORY (ID_Employee, ID_Branch, StartDate, EndDate) VALUES (14, 4, '2024-10-09', NULL);
INSERT INTO EMP_BRANCH_HISTORY (ID_Employee, ID_Branch, StartDate, EndDate) VALUES (92, 11, '2023-01-10', NULL);
INSERT INTO EMP_BRANCH_HISTORY (ID_Employee, ID_Branch, StartDate, EndDate) VALUES (170, 1, '2024-10-07', NULL);
INSERT INTO EMP_BRANCH_HISTORY (ID_Employee, ID_Branch, StartDate, EndDate) VALUES (114, 5, '2023-03-18', NULL);
INSERT INTO EMP_BRANCH_HISTORY (ID_Employee, ID_Branch, StartDate, EndDate) VALUES (72, 5, '2024-06-15', NULL);
INSERT INTO EMP_BRANCH_HISTORY (ID_Employee, ID_Branch, StartDate, EndDate) VALUES (30, 15, '2023-03-10', NULL);
INSERT INTO EMP_BRANCH_HISTORY (ID_Employee, ID_Branch, StartDate, EndDate) VALUES (120, 4, '2024-01-22', NULL);
INSERT INTO EMP_BRANCH_HISTORY (ID_Employee, ID_Branch, StartDate, EndDate) VALUES (146, 4, '2024-04-18', NULL);
INSERT INTO EMP_BRANCH_HISTORY (ID_Employee, ID_Branch, StartDate, EndDate) VALUES (131, 6, '2023-07-11', NULL);
INSERT INTO EMP_BRANCH_HISTORY (ID_Employee, ID_Branch, StartDate, EndDate) VALUES (22, 12, '2023-07-25', NULL);
INSERT INTO EMP_BRANCH_HISTORY (ID_Employee, ID_Branch, StartDate, EndDate) VALUES (4, 9, '2023-05-02', NULL);
INSERT INTO EMP_BRANCH_HISTORY (ID_Employee, ID_Branch, StartDate, EndDate) VALUES (41, 14, '2023-03-27', '2024-12-18');
INSERT INTO EMP_BRANCH_HISTORY (ID_Employee, ID_Branch, StartDate, EndDate) VALUES (105, 4, '2023-05-24', NULL);
INSERT INTO EMP_BRANCH_HISTORY (ID_Employee, ID_Branch, StartDate, EndDate) VALUES (114, 2, '2024-10-06', NULL);
INSERT INTO EMP_BRANCH_HISTORY (ID_Employee, ID_Branch, StartDate, EndDate) VALUES (95, 6, '2024-02-22', NULL);
INSERT INTO EMP_BRANCH_HISTORY (ID_Employee, ID_Branch, StartDate, EndDate) VALUES (174, 13, '2023-07-10', NULL);
INSERT INTO EMP_BRANCH_HISTORY (ID_Employee, ID_Branch, StartDate, EndDate) VALUES (201, 10, '2023-10-21', NULL);
INSERT INTO EMP_BRANCH_HISTORY (ID_Employee, ID_Branch, StartDate, EndDate) VALUES (193, 6, '2023-08-24', NULL);
INSERT INTO EMP_BRANCH_HISTORY (ID_Employee, ID_Branch, StartDate, EndDate) VALUES (24, 13, '2024-08-23', NULL);
INSERT INTO EMP_BRANCH_HISTORY (ID_Employee, ID_Branch, StartDate, EndDate) VALUES (73, 12, '2023-04-03', NULL);
INSERT INTO EMP_BRANCH_HISTORY (ID_Employee, ID_Branch, StartDate, EndDate) VALUES (50, 15, '2023-03-31', NULL);
INSERT INTO EMP_BRANCH_HISTORY (ID_Employee, ID_Branch, StartDate, EndDate) VALUES (185, 12, '2023-02-23', NULL);
INSERT INTO EMP_BRANCH_HISTORY (ID_Employee, ID_Branch, StartDate, EndDate) VALUES (177, 2, '2024-05-07', NULL);
INSERT INTO EMP_BRANCH_HISTORY (ID_Employee, ID_Branch, StartDate, EndDate) VALUES (13, 13, '2024-12-06', '2024-12-18');
INSERT INTO EMP_BRANCH_HISTORY (ID_Employee, ID_Branch, StartDate, EndDate) VALUES (23, 9, '2024-10-16', NULL);
INSERT INTO EMP_BRANCH_HISTORY (ID_Employee, ID_Branch, StartDate, EndDate) VALUES (15, 9, '2023-10-16', NULL);
INSERT INTO EMP_BRANCH_HISTORY (ID_Employee, ID_Branch, StartDate, EndDate) VALUES (98, 1, '2024-09-23', NULL);
INSERT INTO EMP_BRANCH_HISTORY (ID_Employee, ID_Branch, StartDate, EndDate) VALUES (34, 6, '2024-10-14', NULL);
INSERT INTO EMP_BRANCH_HISTORY (ID_Employee, ID_Branch, StartDate, EndDate) VALUES (113, 13, '2024-06-02', NULL);
INSERT INTO EMP_BRANCH_HISTORY (ID_Employee, ID_Branch, StartDate, EndDate) VALUES (88, 13, '2024-05-12', NULL);
INSERT INTO EMP_BRANCH_HISTORY (ID_Employee, ID_Branch, StartDate, EndDate) VALUES (133, 3, '2023-10-23', NULL);
INSERT INTO EMP_BRANCH_HISTORY (ID_Employee, ID_Branch, StartDate, EndDate) VALUES (83, 10, '2024-11-12', NULL);
INSERT INTO EMP_BRANCH_HISTORY (ID_Employee, ID_Branch, StartDate, EndDate) VALUES (145, 8, '2024-10-07', NULL);
INSERT INTO EMP_BRANCH_HISTORY (ID_Employee, ID_Branch, StartDate, EndDate) VALUES (167, 13, '2023-12-27', '2024-12-18');
INSERT INTO EMP_BRANCH_HISTORY (ID_Employee, ID_Branch, StartDate, EndDate) VALUES (81, 1, '2023-06-05', NULL);
INSERT INTO EMP_BRANCH_HISTORY (ID_Employee, ID_Branch, StartDate, EndDate) VALUES (23, 10, '2024-06-18', NULL);
INSERT INTO EMP_BRANCH_HISTORY (ID_Employee, ID_Branch, StartDate, EndDate) VALUES (66, 13, '2023-05-27', NULL);
INSERT INTO EMP_BRANCH_HISTORY (ID_Employee, ID_Branch, StartDate, EndDate) VALUES (3, 2, '2023-07-27', NULL);
INSERT INTO EMP_BRANCH_HISTORY (ID_Employee, ID_Branch, StartDate, EndDate) VALUES (74, 5, '2023-08-15', NULL);
INSERT INTO EMP_BRANCH_HISTORY (ID_Employee, ID_Branch, StartDate, EndDate) VALUES (93, 1, '2024-03-31', NULL);
INSERT INTO EMP_BRANCH_HISTORY (ID_Employee, ID_Branch, StartDate, EndDate) VALUES (212, 13, '2024-05-23', NULL);
INSERT INTO EMP_BRANCH_HISTORY (ID_Employee, ID_Branch, StartDate, EndDate) VALUES (49, 7, '2024-07-11', NULL);
INSERT INTO EMP_BRANCH_HISTORY (ID_Employee, ID_Branch, StartDate, EndDate) VALUES (113, 9, '2024-12-15', NULL);
INSERT INTO EMP_BRANCH_HISTORY (ID_Employee, ID_Branch, StartDate, EndDate) VALUES (39, 11, '2023-10-04', NULL);
INSERT INTO EMP_BRANCH_HISTORY (ID_Employee, ID_Branch, StartDate, EndDate) VALUES (197, 7, '2024-02-28', NULL);
INSERT INTO EMP_BRANCH_HISTORY (ID_Employee, ID_Branch, StartDate, EndDate) VALUES (78, 6, '2024-11-27', NULL);
INSERT INTO EMP_BRANCH_HISTORY (ID_Employee, ID_Branch, StartDate, EndDate) VALUES (142, 4, '2023-06-15', NULL);
INSERT INTO EMP_BRANCH_HISTORY (ID_Employee, ID_Branch, StartDate, EndDate) VALUES (217, 4, '2024-01-12', NULL);
INSERT INTO EMP_BRANCH_HISTORY (ID_Employee, ID_Branch, StartDate, EndDate) VALUES (153, 7, '2024-07-05', NULL);
INSERT INTO EMP_BRANCH_HISTORY (ID_Employee, ID_Branch, StartDate, EndDate) VALUES (68, 3, '2024-09-04', NULL);
INSERT INTO EMP_BRANCH_HISTORY (ID_Employee, ID_Branch, StartDate, EndDate) VALUES (206, 8, '2024-01-02', '2024-12-18');
INSERT INTO EMP_BRANCH_HISTORY (ID_Employee, ID_Branch, StartDate, EndDate) VALUES (97, 11, '2024-03-03', '2024-12-18');
INSERT INTO EMP_BRANCH_HISTORY (ID_Employee, ID_Branch, StartDate, EndDate) VALUES (182, 13, '2023-01-23', '2024-12-18');
INSERT INTO EMP_BRANCH_HISTORY (ID_Employee, ID_Branch, StartDate, EndDate) VALUES (37, 14, '2023-02-08', NULL);
INSERT INTO EMP_BRANCH_HISTORY (ID_Employee, ID_Branch, StartDate, EndDate) VALUES (86, 3, '2023-06-17', NULL);
INSERT INTO EMP_BRANCH_HISTORY (ID_Employee, ID_Branch, StartDate, EndDate) VALUES (14, 3, '2023-10-23', NULL);
INSERT INTO EMP_BRANCH_HISTORY (ID_Employee, ID_Branch, StartDate, EndDate) VALUES (177, 3, '2024-03-21', NULL);
INSERT INTO EMP_BRANCH_HISTORY (ID_Employee, ID_Branch, StartDate, EndDate) VALUES (43, 1, '2023-09-11', NULL);
INSERT INTO EMP_BRANCH_HISTORY (ID_Employee, ID_Branch, StartDate, EndDate) VALUES (139, 7, '2024-06-21', NULL);
INSERT INTO EMP_BRANCH_HISTORY (ID_Employee, ID_Branch, StartDate, EndDate) VALUES (40, 10, '2023-10-12', '2024-12-18');
INSERT INTO EMP_BRANCH_HISTORY (ID_Employee, ID_Branch, StartDate, EndDate) VALUES (21, 4, '2023-11-18', NULL);
INSERT INTO EMP_BRANCH_HISTORY (ID_Employee, ID_Branch, StartDate, EndDate) VALUES (114, 9, '2024-04-06', NULL);
INSERT INTO EMP_BRANCH_HISTORY (ID_Employee, ID_Branch, StartDate, EndDate) VALUES (164, 10, '2024-08-17', NULL);
INSERT INTO EMP_BRANCH_HISTORY (ID_Employee, ID_Branch, StartDate, EndDate) VALUES (128, 10, '2023-01-28', NULL);
INSERT INTO EMP_BRANCH_HISTORY (ID_Employee, ID_Branch, StartDate, EndDate) VALUES (133, 13, '2023-07-04', NULL);
INSERT INTO EMP_BRANCH_HISTORY (ID_Employee, ID_Branch, StartDate, EndDate) VALUES (180, 11, '2024-07-24', NULL);
INSERT INTO EMP_BRANCH_HISTORY (ID_Employee, ID_Branch, StartDate, EndDate) VALUES (97, 6, '2023-10-13', NULL);
INSERT INTO EMP_BRANCH_HISTORY (ID_Employee, ID_Branch, StartDate, EndDate) VALUES (17, 1, '2024-10-02', '2024-12-18');
INSERT INTO EMP_BRANCH_HISTORY (ID_Employee, ID_Branch, StartDate, EndDate) VALUES (10, 2, '2024-04-09', NULL);
INSERT INTO EMP_BRANCH_HISTORY (ID_Employee, ID_Branch, StartDate, EndDate) VALUES (225, 1, '2024-07-28', '2024-12-18');
INSERT INTO EMP_BRANCH_HISTORY (ID_Employee, ID_Branch, StartDate, EndDate) VALUES (95, 13, '2023-09-30', NULL);
INSERT INTO EMP_BRANCH_HISTORY (ID_Employee, ID_Branch, StartDate, EndDate) VALUES (170, 6, '2023-11-29', NULL);
INSERT INTO EMP_BRANCH_HISTORY (ID_Employee, ID_Branch, StartDate, EndDate) VALUES (203, 2, '2023-12-17', NULL);
INSERT INTO EMP_BRANCH_HISTORY (ID_Employee, ID_Branch, StartDate, EndDate) VALUES (53, 2, '2023-08-24', NULL);
INSERT INTO EMP_BRANCH_HISTORY (ID_Employee, ID_Branch, StartDate, EndDate) VALUES (172, 5, '2023-06-23', NULL);
INSERT INTO EMP_BRANCH_HISTORY (ID_Employee, ID_Branch, StartDate, EndDate) VALUES (135, 3, '2023-07-05', NULL);
INSERT INTO EMP_BRANCH_HISTORY (ID_Employee, ID_Branch, StartDate, EndDate) VALUES (124, 14, '2023-11-10', NULL);
INSERT INTO EMP_BRANCH_HISTORY (ID_Employee, ID_Branch, StartDate, EndDate) VALUES (189, 11, '2024-05-12', NULL);
INSERT INTO EMP_BRANCH_HISTORY (ID_Employee, ID_Branch, StartDate, EndDate) VALUES (49, 2, '2024-03-13', NULL);
INSERT INTO EMP_BRANCH_HISTORY (ID_Employee, ID_Branch, StartDate, EndDate) VALUES (133, 1, '2023-12-22', NULL);
INSERT INTO EMP_BRANCH_HISTORY (ID_Employee, ID_Branch, StartDate, EndDate) VALUES (156, 8, '2023-01-30', '2024-12-18');
INSERT INTO EMP_BRANCH_HISTORY (ID_Employee, ID_Branch, StartDate, EndDate) VALUES (89, 4, '2024-11-14', NULL);
INSERT INTO EMP_BRANCH_HISTORY (ID_Employee, ID_Branch, StartDate, EndDate) VALUES (35, 10, '2023-06-24', NULL);
INSERT INTO EMP_BRANCH_HISTORY (ID_Employee, ID_Branch, StartDate, EndDate) VALUES (2, 3, '2024-12-03', '2024-12-18');
INSERT INTO EMP_BRANCH_HISTORY (ID_Employee, ID_Branch, StartDate, EndDate) VALUES (112, 1, '2024-11-28', NULL);
INSERT INTO EMP_BRANCH_HISTORY (ID_Employee, ID_Branch, StartDate, EndDate) VALUES (142, 14, '2024-09-17', '2024-12-18');
INSERT INTO EMP_BRANCH_HISTORY (ID_Employee, ID_Branch, StartDate, EndDate) VALUES (19, 9, '2024-01-16', '2024-12-18');
INSERT INTO EMP_BRANCH_HISTORY (ID_Employee, ID_Branch, StartDate, EndDate) VALUES (56, 15, '2023-09-10', NULL);
INSERT INTO EMP_BRANCH_HISTORY (ID_Employee, ID_Branch, StartDate, EndDate) VALUES (72, 9, '2023-10-28', NULL);
INSERT INTO EMP_BRANCH_HISTORY (ID_Employee, ID_Branch, StartDate, EndDate) VALUES (82, 13, '2024-03-01', NULL);
INSERT INTO EMP_BRANCH_HISTORY (ID_Employee, ID_Branch, StartDate, EndDate) VALUES (68, 2, '2024-06-14', NULL);
INSERT INTO EMP_BRANCH_HISTORY (ID_Employee, ID_Branch, StartDate, EndDate) VALUES (54, 8, '2024-05-04', NULL);
INSERT INTO EMP_BRANCH_HISTORY (ID_Employee, ID_Branch, StartDate, EndDate) VALUES (177, 9, '2023-09-21', NULL);
INSERT INTO EMP_BRANCH_HISTORY (ID_Employee, ID_Branch, StartDate, EndDate) VALUES (49, 1, '2024-03-01', NULL);
INSERT INTO EMP_BRANCH_HISTORY (ID_Employee, ID_Branch, StartDate, EndDate) VALUES (180, 6, '2023-03-01', NULL);
INSERT INTO EMP_BRANCH_HISTORY (ID_Employee, ID_Branch, StartDate, EndDate) VALUES (158, 2, '2024-10-08', NULL);
INSERT INTO EMP_BRANCH_HISTORY (ID_Employee, ID_Branch, StartDate, EndDate) VALUES (129, 9, '2024-02-18', NULL);
INSERT INTO EMP_BRANCH_HISTORY (ID_Employee, ID_Branch, StartDate, EndDate) VALUES (174, 8, '2024-01-13', '2024-12-18');
INSERT INTO EMP_BRANCH_HISTORY (ID_Employee, ID_Branch, StartDate, EndDate) VALUES (215, 11, '2024-01-05', NULL);
INSERT INTO EMP_BRANCH_HISTORY (ID_Employee, ID_Branch, StartDate, EndDate) VALUES (28, 9, '2024-03-18', NULL);
INSERT INTO EMP_BRANCH_HISTORY (ID_Employee, ID_Branch, StartDate, EndDate) VALUES (100, 9, '2024-04-24', NULL);
INSERT INTO EMP_BRANCH_HISTORY (ID_Employee, ID_Branch, StartDate, EndDate) VALUES (222, 6, '2024-09-25', NULL);
INSERT INTO EMP_BRANCH_HISTORY (ID_Employee, ID_Branch, StartDate, EndDate) VALUES (153, 6, '2023-09-29', NULL);
INSERT INTO EMP_BRANCH_HISTORY (ID_Employee, ID_Branch, StartDate, EndDate) VALUES (29, 2, '2024-05-06', NULL);
INSERT INTO EMP_BRANCH_HISTORY (ID_Employee, ID_Branch, StartDate, EndDate) VALUES (191, 15, '2024-03-23', NULL);
INSERT INTO EMP_BRANCH_HISTORY (ID_Employee, ID_Branch, StartDate, EndDate) VALUES (8, 10, '2023-06-01', NULL);
INSERT INTO EMP_BRANCH_HISTORY (ID_Employee, ID_Branch, StartDate, EndDate) VALUES (35, 1, '2024-07-18', NULL);
INSERT INTO EMP_BRANCH_HISTORY (ID_Employee, ID_Branch, StartDate, EndDate) VALUES (45, 5, '2023-11-12', NULL);
INSERT INTO EMP_BRANCH_HISTORY (ID_Employee, ID_Branch, StartDate, EndDate) VALUES (7, 1, '2023-09-07', NULL);
INSERT INTO EMP_BRANCH_HISTORY (ID_Employee, ID_Branch, StartDate, EndDate) VALUES (164, 7, '2023-09-22', NULL);
INSERT INTO EMP_BRANCH_HISTORY (ID_Employee, ID_Branch, StartDate, EndDate) VALUES (175, 6, '2023-08-29', NULL);
INSERT INTO EMP_BRANCH_HISTORY (ID_Employee, ID_Branch, StartDate, EndDate) VALUES (79, 7, '2024-01-05', NULL);
INSERT INTO EMP_BRANCH_HISTORY (ID_Employee, ID_Branch, StartDate, EndDate) VALUES (101, 12, '2023-11-13', NULL);
INSERT INTO EMP_BRANCH_HISTORY (ID_Employee, ID_Branch, StartDate, EndDate) VALUES (39, 7, '2024-01-09', '2024-12-18');
INSERT INTO EMP_BRANCH_HISTORY (ID_Employee, ID_Branch, StartDate, EndDate) VALUES (166, 4, '2023-10-16', NULL);
INSERT INTO EMP_BRANCH_HISTORY (ID_Employee, ID_Branch, StartDate, EndDate) VALUES (172, 12, '2023-09-18', NULL);
INSERT INTO EMP_BRANCH_HISTORY (ID_Employee, ID_Branch, StartDate, EndDate) VALUES (7, 2, '2023-02-15', NULL);
INSERT INTO EMP_BRANCH_HISTORY (ID_Employee, ID_Branch, StartDate, EndDate) VALUES (166, 5, '2023-12-01', NULL);
INSERT INTO EMP_BRANCH_HISTORY (ID_Employee, ID_Branch, StartDate, EndDate) VALUES (169, 6, '2023-10-15', NULL);
INSERT INTO EMP_BRANCH_HISTORY (ID_Employee, ID_Branch, StartDate, EndDate) VALUES (139, 3, '2023-07-02', NULL);
INSERT INTO EMP_BRANCH_HISTORY (ID_Employee, ID_Branch, StartDate, EndDate) VALUES (102, 10, '2023-05-16', NULL);
INSERT INTO EMP_BRANCH_HISTORY (ID_Employee, ID_Branch, StartDate, EndDate) VALUES (161, 15, '2024-04-23', NULL);
INSERT INTO EMP_BRANCH_HISTORY (ID_Employee, ID_Branch, StartDate, EndDate) VALUES (144, 15, '2024-01-02', NULL);
INSERT INTO EMP_BRANCH_HISTORY (ID_Employee, ID_Branch, StartDate, EndDate) VALUES (93, 3, '2023-07-03', NULL);
INSERT INTO EMP_BRANCH_HISTORY (ID_Employee, ID_Branch, StartDate, EndDate) VALUES (32, 12, '2024-08-19', NULL);
INSERT INTO EMP_BRANCH_HISTORY (ID_Employee, ID_Branch, StartDate, EndDate) VALUES (220, 5, '2023-12-09', NULL);
INSERT INTO EMP_BRANCH_HISTORY (ID_Employee, ID_Branch, StartDate, EndDate) VALUES (210, 6, '2024-08-05', NULL);
INSERT INTO EMP_BRANCH_HISTORY (ID_Employee, ID_Branch, StartDate, EndDate) VALUES (162, 4, '2024-08-07', NULL);
INSERT INTO EMP_BRANCH_HISTORY (ID_Employee, ID_Branch, StartDate, EndDate) VALUES (164, 2, '2023-02-06', NULL);
INSERT INTO EMP_BRANCH_HISTORY (ID_Employee, ID_Branch, StartDate, EndDate) VALUES (205, 10, '2023-02-07', NULL);
INSERT INTO EMP_BRANCH_HISTORY (ID_Employee, ID_Branch, StartDate, EndDate) VALUES (72, 7, '2023-04-08', NULL);
INSERT INTO EMP_BRANCH_HISTORY (ID_Employee, ID_Branch, StartDate, EndDate) VALUES (108, 2, '2024-09-17', '2024-12-18');
INSERT INTO EMP_BRANCH_HISTORY (ID_Employee, ID_Branch, StartDate, EndDate) VALUES (166, 7, '2023-05-04', NULL);
INSERT INTO EMP_BRANCH_HISTORY (ID_Employee, ID_Branch, StartDate, EndDate) VALUES (58, 13, '2023-06-24', NULL);
INSERT INTO EMP_BRANCH_HISTORY (ID_Employee, ID_Branch, StartDate, EndDate) VALUES (177, 13, '2024-10-10', NULL);
INSERT INTO EMP_BRANCH_HISTORY (ID_Employee, ID_Branch, StartDate, EndDate) VALUES (89, 1, '2023-07-07', NULL);
INSERT INTO EMP_BRANCH_HISTORY (ID_Employee, ID_Branch, StartDate, EndDate) VALUES (71, 5, '2023-06-25', NULL);
INSERT INTO EMP_BRANCH_HISTORY (ID_Employee, ID_Branch, StartDate, EndDate) VALUES (87, 13, '2024-02-25', NULL);
INSERT INTO EMP_BRANCH_HISTORY (ID_Employee, ID_Branch, StartDate, EndDate) VALUES (130, 10, '2024-03-07', '2024-12-18');
INSERT INTO EMP_BRANCH_HISTORY (ID_Employee, ID_Branch, StartDate, EndDate) VALUES (164, 5, '2024-10-29', NULL);
INSERT INTO EMP_BRANCH_HISTORY (ID_Employee, ID_Branch, StartDate, EndDate) VALUES (216, 2, '2024-09-11', NULL);
INSERT INTO EMP_BRANCH_HISTORY (ID_Employee, ID_Branch, StartDate, EndDate) VALUES (180, 15, '2023-12-16', NULL);
INSERT INTO EMP_BRANCH_HISTORY (ID_Employee, ID_Branch, StartDate, EndDate) VALUES (160, 13, '2023-11-26', NULL);
INSERT INTO EMP_BRANCH_HISTORY (ID_Employee, ID_Branch, StartDate, EndDate) VALUES (83, 6, '2024-04-23', NULL);
INSERT INTO EMP_BRANCH_HISTORY (ID_Employee, ID_Branch, StartDate, EndDate) VALUES (171, 6, '2023-10-16', NULL);
INSERT INTO EMP_BRANCH_HISTORY (ID_Employee, ID_Branch, StartDate, EndDate) VALUES (46, 9, '2024-03-01', NULL);
INSERT INTO EMP_BRANCH_HISTORY (ID_Employee, ID_Branch, StartDate, EndDate) VALUES (46, 12, '2023-01-03', NULL);
INSERT INTO EMP_BRANCH_HISTORY (ID_Employee, ID_Branch, StartDate, EndDate) VALUES (24, 6, '2023-07-04', NULL);
INSERT INTO EMP_BRANCH_HISTORY (ID_Employee, ID_Branch, StartDate, EndDate) VALUES (196, 12, '2024-02-23', NULL);
INSERT INTO EMP_BRANCH_HISTORY (ID_Employee, ID_Branch, StartDate, EndDate) VALUES (136, 15, '2024-10-11', '2024-12-18');
INSERT INTO EMP_BRANCH_HISTORY (ID_Employee, ID_Branch, StartDate, EndDate) VALUES (189, 12, '2023-07-10', NULL);
INSERT INTO EMP_BRANCH_HISTORY (ID_Employee, ID_Branch, StartDate, EndDate) VALUES (177, 7, '2023-10-08', NULL);
INSERT INTO EMP_BRANCH_HISTORY (ID_Employee, ID_Branch, StartDate, EndDate) VALUES (106, 3, '2023-03-13', NULL);
INSERT INTO EMP_BRANCH_HISTORY (ID_Employee, ID_Branch, StartDate, EndDate) VALUES (28, 8, '2023-07-08', NULL);
INSERT INTO EMP_BRANCH_HISTORY (ID_Employee, ID_Branch, StartDate, EndDate) VALUES (6, 9, '2023-09-29', NULL);
INSERT INTO EMP_BRANCH_HISTORY (ID_Employee, ID_Branch, StartDate, EndDate) VALUES (27, 2, '2023-08-01', NULL);
INSERT INTO EMP_BRANCH_HISTORY (ID_Employee, ID_Branch, StartDate, EndDate) VALUES (176, 10, '2023-06-30', NULL);
INSERT INTO EMP_BRANCH_HISTORY (ID_Employee, ID_Branch, StartDate, EndDate) VALUES (49, 8, '2023-05-07', NULL);
INSERT INTO EMP_BRANCH_HISTORY (ID_Employee, ID_Branch, StartDate, EndDate) VALUES (217, 10, '2023-06-26', NULL);
INSERT INTO EMP_BRANCH_HISTORY (ID_Employee, ID_Branch, StartDate, EndDate) VALUES (88, 8, '2023-10-04', '2024-12-18');
INSERT INTO EMP_BRANCH_HISTORY (ID_Employee, ID_Branch, StartDate, EndDate) VALUES (58, 1, '2024-02-24', NULL);
INSERT INTO EMP_BRANCH_HISTORY (ID_Employee, ID_Branch, StartDate, EndDate) VALUES (4, 2, '2023-10-29', NULL);
INSERT INTO EMP_BRANCH_HISTORY (ID_Employee, ID_Branch, StartDate, EndDate) VALUES (40, 2, '2023-01-14', NULL);
INSERT INTO EMP_BRANCH_HISTORY (ID_Employee, ID_Branch, StartDate, EndDate) VALUES (141, 9, '2023-08-21', NULL);
INSERT INTO EMP_BRANCH_HISTORY (ID_Employee, ID_Branch, StartDate, EndDate) VALUES (91, 13, '2024-04-20', NULL);
INSERT INTO EMP_BRANCH_HISTORY (ID_Employee, ID_Branch, StartDate, EndDate) VALUES (76, 12, '2023-02-17', NULL);
INSERT INTO EMP_BRANCH_HISTORY (ID_Employee, ID_Branch, StartDate, EndDate) VALUES (168, 1, '2024-07-16', NULL);
INSERT INTO EMP_BRANCH_HISTORY (ID_Employee, ID_Branch, StartDate, EndDate) VALUES (128, 15, '2024-01-16', NULL);
INSERT INTO EMP_BRANCH_HISTORY (ID_Employee, ID_Branch, StartDate, EndDate) VALUES (152, 1, '2024-10-06', NULL);
INSERT INTO EMP_BRANCH_HISTORY (ID_Employee, ID_Branch, StartDate, EndDate) VALUES (126, 11, '2023-10-04', NULL);
INSERT INTO EMP_BRANCH_HISTORY (ID_Employee, ID_Branch, StartDate, EndDate) VALUES (67, 9, '2024-08-01', '2024-12-18');
INSERT INTO EMP_BRANCH_HISTORY (ID_Employee, ID_Branch, StartDate, EndDate) VALUES (85, 8, '2023-11-16', NULL);
INSERT INTO EMP_BRANCH_HISTORY (ID_Employee, ID_Branch, StartDate, EndDate) VALUES (149, 2, '2024-05-03', NULL);
INSERT INTO EMP_BRANCH_HISTORY (ID_Employee, ID_Branch, StartDate, EndDate) VALUES (18, 12, '2023-05-19', NULL);
INSERT INTO EMP_BRANCH_HISTORY (ID_Employee, ID_Branch, StartDate, EndDate) VALUES (5, 2, '2024-12-01', '2024-12-18');
INSERT INTO EMP_BRANCH_HISTORY (ID_Employee, ID_Branch, StartDate, EndDate) VALUES (191, 10, '2024-09-12', NULL);
INSERT INTO EMP_BRANCH_HISTORY (ID_Employee, ID_Branch, StartDate, EndDate) VALUES (38, 15, '2023-01-13', NULL);
INSERT INTO EMP_BRANCH_HISTORY (ID_Employee, ID_Branch, StartDate, EndDate) VALUES (169, 3, '2023-02-10', NULL);
INSERT INTO EMP_BRANCH_HISTORY (ID_Employee, ID_Branch, StartDate, EndDate) VALUES (62, 3, '2023-10-26', NULL);
INSERT INTO EMP_BRANCH_HISTORY (ID_Employee, ID_Branch, StartDate, EndDate) VALUES (177, 14, '2023-07-30', NULL);
INSERT INTO EMP_BRANCH_HISTORY (ID_Employee, ID_Branch, StartDate, EndDate) VALUES (212, 14, '2023-07-08', NULL);
INSERT INTO EMP_BRANCH_HISTORY (ID_Employee, ID_Branch, StartDate, EndDate) VALUES (192, 9, '2024-05-21', NULL);
INSERT INTO EMP_BRANCH_HISTORY (ID_Employee, ID_Branch, StartDate, EndDate) VALUES (197, 12, '2023-09-22', NULL);
INSERT INTO EMP_BRANCH_HISTORY (ID_Employee, ID_Branch, StartDate, EndDate) VALUES (134, 5, '2023-04-10', NULL);
INSERT INTO EMP_BRANCH_HISTORY (ID_Employee, ID_Branch, StartDate, EndDate) VALUES (174, 12, '2024-07-12', NULL);
INSERT INTO EMP_BRANCH_HISTORY (ID_Employee, ID_Branch, StartDate, EndDate) VALUES (79, 14, '2024-05-01', NULL);
INSERT INTO EMP_BRANCH_HISTORY (ID_Employee, ID_Branch, StartDate, EndDate) VALUES (4, 15, '2023-07-27', NULL);
INSERT INTO EMP_BRANCH_HISTORY (ID_Employee, ID_Branch, StartDate, EndDate) VALUES (101, 13, '2023-08-22', NULL);
INSERT INTO EMP_BRANCH_HISTORY (ID_Employee, ID_Branch, StartDate, EndDate) VALUES (90, 14, '2023-02-27', NULL);
INSERT INTO EMP_BRANCH_HISTORY (ID_Employee, ID_Branch, StartDate, EndDate) VALUES (69, 11, '2023-08-20', NULL);
INSERT INTO EMP_BRANCH_HISTORY (ID_Employee, ID_Branch, StartDate, EndDate) VALUES (217, 1, '2023-08-18', '2024-12-18');
INSERT INTO EMP_BRANCH_HISTORY (ID_Employee, ID_Branch, StartDate, EndDate) VALUES (92, 12, '2023-06-12', '2024-12-18');
INSERT INTO EMP_BRANCH_HISTORY (ID_Employee, ID_Branch, StartDate, EndDate) VALUES (191, 13, '2023-04-08', NULL);
INSERT INTO EMP_BRANCH_HISTORY (ID_Employee, ID_Branch, StartDate, EndDate) VALUES (151, 10, '2023-03-23', NULL);
INSERT INTO EMP_BRANCH_HISTORY (ID_Employee, ID_Branch, StartDate, EndDate) VALUES (12, 15, '2024-11-11', NULL);
INSERT INTO EMP_BRANCH_HISTORY (ID_Employee, ID_Branch, StartDate, EndDate) VALUES (91, 11, '2023-11-18', NULL);
INSERT INTO EMP_BRANCH_HISTORY (ID_Employee, ID_Branch, StartDate, EndDate) VALUES (104, 9, '2023-05-28', NULL);
INSERT INTO EMP_BRANCH_HISTORY (ID_Employee, ID_Branch, StartDate, EndDate) VALUES (78, 11, '2023-10-18', NULL);
INSERT INTO EMP_BRANCH_HISTORY (ID_Employee, ID_Branch, StartDate, EndDate) VALUES (4, 1, '2024-10-15', NULL);
INSERT INTO EMP_BRANCH_HISTORY (ID_Employee, ID_Branch, StartDate, EndDate) VALUES (127, 11, '2024-11-22', NULL);
INSERT INTO EMP_BRANCH_HISTORY (ID_Employee, ID_Branch, StartDate, EndDate) VALUES (196, 9, '2023-08-09', '2024-12-18');
INSERT INTO EMP_BRANCH_HISTORY (ID_Employee, ID_Branch, StartDate, EndDate) VALUES (157, 7, '2024-08-24', NULL);
INSERT INTO EMP_BRANCH_HISTORY (ID_Employee, ID_Branch, StartDate, EndDate) VALUES (163, 12, '2024-01-29', NULL);
INSERT INTO EMP_BRANCH_HISTORY (ID_Employee, ID_Branch, StartDate, EndDate) VALUES (105, 8, '2024-05-21', '2024-12-18');
INSERT INTO EMP_BRANCH_HISTORY (ID_Employee, ID_Branch, StartDate, EndDate) VALUES (37, 4, '2023-09-07', NULL);
INSERT INTO EMP_BRANCH_HISTORY (ID_Employee, ID_Branch, StartDate, EndDate) VALUES (212, 9, '2024-03-21', NULL);
INSERT INTO EMP_BRANCH_HISTORY (ID_Employee, ID_Branch, StartDate, EndDate) VALUES (1, 2, '2023-06-01', NULL);
INSERT INTO EMP_BRANCH_HISTORY (ID_Employee, ID_Branch, StartDate, EndDate) VALUES (130, 12, '2023-07-17', NULL);
INSERT INTO EMP_BRANCH_HISTORY (ID_Employee, ID_Branch, StartDate, EndDate) VALUES (75, 3, '2024-08-25', '2024-12-18');
INSERT INTO EMP_BRANCH_HISTORY (ID_Employee, ID_Branch, StartDate, EndDate) VALUES (154, 5, '2023-01-20', NULL);
INSERT INTO EMP_BRANCH_HISTORY (ID_Employee, ID_Branch, StartDate, EndDate) VALUES (206, 1, '2023-12-06', NULL);
INSERT INTO EMP_BRANCH_HISTORY (ID_Employee, ID_Branch, StartDate, EndDate) VALUES (76, 10, '2023-04-07', NULL);
INSERT INTO EMP_BRANCH_HISTORY (ID_Employee, ID_Branch, StartDate, EndDate) VALUES (165, 13, '2024-10-22', NULL);
INSERT INTO EMP_BRANCH_HISTORY (ID_Employee, ID_Branch, StartDate, EndDate) VALUES (189, 10, '2024-08-10', '2024-12-18');
INSERT INTO EMP_BRANCH_HISTORY (ID_Employee, ID_Branch, StartDate, EndDate) VALUES (166, 12, '2024-12-14', NULL);
INSERT INTO EMP_BRANCH_HISTORY (ID_Employee, ID_Branch, StartDate, EndDate) VALUES (174, 3, '2023-08-04', NULL);
INSERT INTO EMP_BRANCH_HISTORY (ID_Employee, ID_Branch, StartDate, EndDate) VALUES (102, 7, '2024-10-03', '2024-12-18');
INSERT INTO EMP_BRANCH_HISTORY (ID_Employee, ID_Branch, StartDate, EndDate) VALUES (66, 4, '2023-12-03', NULL);
INSERT INTO EMP_BRANCH_HISTORY (ID_Employee, ID_Branch, StartDate, EndDate) VALUES (57, 14, '2024-02-04', NULL);
INSERT INTO EMP_BRANCH_HISTORY (ID_Employee, ID_Branch, StartDate, EndDate) VALUES (41, 3, '2023-06-06', NULL);
INSERT INTO EMP_BRANCH_HISTORY (ID_Employee, ID_Branch, StartDate, EndDate) VALUES (178, 10, '2024-10-24', NULL);
INSERT INTO EMP_BRANCH_HISTORY (ID_Employee, ID_Branch, StartDate, EndDate) VALUES (95, 7, '2023-01-21', NULL);
INSERT INTO EMP_BRANCH_HISTORY (ID_Employee, ID_Branch, StartDate, EndDate) VALUES (167, 3, '2024-06-12', NULL);
INSERT INTO EMP_BRANCH_HISTORY (ID_Employee, ID_Branch, StartDate, EndDate) VALUES (213, 2, '2023-10-10', NULL);
INSERT INTO EMP_BRANCH_HISTORY (ID_Employee, ID_Branch, StartDate, EndDate) VALUES (99, 4, '2024-07-28', NULL);
INSERT INTO EMP_BRANCH_HISTORY (ID_Employee, ID_Branch, StartDate, EndDate) VALUES (123, 6, '2023-03-18', NULL);
INSERT INTO EMP_BRANCH_HISTORY (ID_Employee, ID_Branch, StartDate, EndDate) VALUES (145, 5, '2024-10-01', NULL);
INSERT INTO EMP_BRANCH_HISTORY (ID_Employee, ID_Branch, StartDate, EndDate) VALUES (101, 1, '2023-05-31', NULL);
INSERT INTO EMP_BRANCH_HISTORY (ID_Employee, ID_Branch, StartDate, EndDate) VALUES (103, 5, '2024-01-08', NULL);
INSERT INTO EMP_BRANCH_HISTORY (ID_Employee, ID_Branch, StartDate, EndDate) VALUES (76, 1, '2024-05-23', '2024-12-18');
INSERT INTO EMP_BRANCH_HISTORY (ID_Employee, ID_Branch, StartDate, EndDate) VALUES (166, 3, '2024-12-07', NULL);
INSERT INTO EMP_BRANCH_HISTORY (ID_Employee, ID_Branch, StartDate, EndDate) VALUES (222, 14, '2024-08-12', NULL);
INSERT INTO EMP_BRANCH_HISTORY (ID_Employee, ID_Branch, StartDate, EndDate) VALUES (208, 1, '2023-05-22', NULL);
INSERT INTO EMP_BRANCH_HISTORY (ID_Employee, ID_Branch, StartDate, EndDate) VALUES (9, 10, '2023-12-06', NULL);
INSERT INTO EMP_BRANCH_HISTORY (ID_Employee, ID_Branch, StartDate, EndDate) VALUES (167, 2, '2024-06-26', NULL);
INSERT INTO EMP_BRANCH_HISTORY (ID_Employee, ID_Branch, StartDate, EndDate) VALUES (140, 13, '2024-04-09', '2024-12-18');
INSERT INTO EMP_BRANCH_HISTORY (ID_Employee, ID_Branch, StartDate, EndDate) VALUES (225, 14, '2024-01-26', NULL);
INSERT INTO EMP_BRANCH_HISTORY (ID_Employee, ID_Branch, StartDate, EndDate) VALUES (95, 4, '2023-12-13', NULL);
INSERT INTO EMP_BRANCH_HISTORY (ID_Employee, ID_Branch, StartDate, EndDate) VALUES (183, 1, '2024-02-15', NULL);
INSERT INTO EMP_BRANCH_HISTORY (ID_Employee, ID_Branch, StartDate, EndDate) VALUES (77, 3, '2024-04-16', NULL);
INSERT INTO EMP_BRANCH_HISTORY (ID_Employee, ID_Branch, StartDate, EndDate) VALUES (54, 2, '2024-04-01', NULL);
INSERT INTO EMP_BRANCH_HISTORY (ID_Employee, ID_Branch, StartDate, EndDate) VALUES (173, 11, '2023-10-29', NULL);
INSERT INTO EMP_BRANCH_HISTORY (ID_Employee, ID_Branch, StartDate, EndDate) VALUES (86, 6, '2023-05-03', '2024-12-18');
INSERT INTO EMP_BRANCH_HISTORY (ID_Employee, ID_Branch, StartDate, EndDate) VALUES (181, 14, '2024-02-19', NULL);
INSERT INTO EMP_BRANCH_HISTORY (ID_Employee, ID_Branch, StartDate, EndDate) VALUES (174, 9, '2023-03-19', NULL);
INSERT INTO EMP_BRANCH_HISTORY (ID_Employee, ID_Branch, StartDate, EndDate) VALUES (138, 4, '2024-11-21', NULL);
INSERT INTO EMP_BRANCH_HISTORY (ID_Employee, ID_Branch, StartDate, EndDate) VALUES (125, 2, '2023-11-16', NULL);
INSERT INTO EMP_BRANCH_HISTORY (ID_Employee, ID_Branch, StartDate, EndDate) VALUES (77, 10, '2023-10-21', NULL);
INSERT INTO EMP_BRANCH_HISTORY (ID_Employee, ID_Branch, StartDate, EndDate) VALUES (63, 8, '2023-07-23', NULL);
INSERT INTO EMP_BRANCH_HISTORY (ID_Employee, ID_Branch, StartDate, EndDate) VALUES (79, 5, '2023-08-13', NULL);
INSERT INTO EMP_BRANCH_HISTORY (ID_Employee, ID_Branch, StartDate, EndDate) VALUES (136, 7, '2024-01-10', NULL);
INSERT INTO EMP_BRANCH_HISTORY (ID_Employee, ID_Branch, StartDate, EndDate) VALUES (29, 4, '2024-08-19', NULL);
INSERT INTO EMP_BRANCH_HISTORY (ID_Employee, ID_Branch, StartDate, EndDate) VALUES (120, 12, '2023-04-25', NULL);
INSERT INTO EMP_BRANCH_HISTORY (ID_Employee, ID_Branch, StartDate, EndDate) VALUES (51, 7, '2023-02-19', NULL);
INSERT INTO EMP_BRANCH_HISTORY (ID_Employee, ID_Branch, StartDate, EndDate) VALUES (82, 10, '2023-03-07', NULL);
INSERT INTO EMP_BRANCH_HISTORY (ID_Employee, ID_Branch, StartDate, EndDate) VALUES (29, 9, '2023-01-28', NULL);
INSERT INTO EMP_BRANCH_HISTORY (ID_Employee, ID_Branch, StartDate, EndDate) VALUES (77, 14, '2024-11-23', NULL);
INSERT INTO EMP_BRANCH_HISTORY (ID_Employee, ID_Branch, StartDate, EndDate) VALUES (34, 11, '2024-09-06', NULL);
INSERT INTO EMP_BRANCH_HISTORY (ID_Employee, ID_Branch, StartDate, EndDate) VALUES (128, 7, '2023-11-05', NULL);
INSERT INTO EMP_BRANCH_HISTORY (ID_Employee, ID_Branch, StartDate, EndDate) VALUES (47, 13, '2023-09-09', NULL);
INSERT INTO EMP_BRANCH_HISTORY (ID_Employee, ID_Branch, StartDate, EndDate) VALUES (88, 5, '2024-07-24', NULL);
INSERT INTO EMP_BRANCH_HISTORY (ID_Employee, ID_Branch, StartDate, EndDate) VALUES (124, 1, '2024-06-03', NULL);
INSERT INTO EMP_BRANCH_HISTORY (ID_Employee, ID_Branch, StartDate, EndDate) VALUES (46, 1, '2023-03-31', NULL);
INSERT INTO EMP_BRANCH_HISTORY (ID_Employee, ID_Branch, StartDate, EndDate) VALUES (220, 11, '2023-07-09', NULL);
INSERT INTO EMP_BRANCH_HISTORY (ID_Employee, ID_Branch, StartDate, EndDate) VALUES (193, 15, '2024-05-16', NULL);
INSERT INTO EMP_BRANCH_HISTORY (ID_Employee, ID_Branch, StartDate, EndDate) VALUES (94, 2, '2023-08-27', NULL);
INSERT INTO EMP_BRANCH_HISTORY (ID_Employee, ID_Branch, StartDate, EndDate) VALUES (60, 7, '2023-11-10', NULL);
INSERT INTO EMP_BRANCH_HISTORY (ID_Employee, ID_Branch, StartDate, EndDate) VALUES (80, 5, '2023-12-25', NULL);
INSERT INTO EMP_BRANCH_HISTORY (ID_Employee, ID_Branch, StartDate, EndDate) VALUES (12, 7, '2023-07-18', NULL);
INSERT INTO EMP_BRANCH_HISTORY (ID_Employee, ID_Branch, StartDate, EndDate) VALUES (24, 4, '2023-12-28', NULL);
INSERT INTO EMP_BRANCH_HISTORY (ID_Employee, ID_Branch, StartDate, EndDate) VALUES (94, 14, '2024-12-14', NULL);
INSERT INTO EMP_BRANCH_HISTORY (ID_Employee, ID_Branch, StartDate, EndDate) VALUES (145, 3, '2024-07-07', NULL);
INSERT INTO EMP_BRANCH_HISTORY (ID_Employee, ID_Branch, StartDate, EndDate) VALUES (15, 7, '2023-05-03', NULL);
INSERT INTO EMP_BRANCH_HISTORY (ID_Employee, ID_Branch, StartDate, EndDate) VALUES (122, 8, '2024-05-05', NULL);
INSERT INTO EMP_BRANCH_HISTORY (ID_Employee, ID_Branch, StartDate, EndDate) VALUES (68, 8, '2023-08-07', NULL);
INSERT INTO EMP_BRANCH_HISTORY (ID_Employee, ID_Branch, StartDate, EndDate) VALUES (54, 9, '2022-12-23', NULL);
INSERT INTO EMP_BRANCH_HISTORY (ID_Employee, ID_Branch, StartDate, EndDate) VALUES (64, 1, '2024-12-05', NULL);
INSERT INTO EMP_BRANCH_HISTORY (ID_Employee, ID_Branch, StartDate, EndDate) VALUES (39, 12, '2023-01-24', NULL);
INSERT INTO EMP_BRANCH_HISTORY (ID_Employee, ID_Branch, StartDate, EndDate) VALUES (136, 14, '2024-06-15', NULL);
INSERT INTO EMP_BRANCH_HISTORY (ID_Employee, ID_Branch, StartDate, EndDate) VALUES (114, 7, '2024-07-27', NULL);
INSERT INTO EMP_BRANCH_HISTORY (ID_Employee, ID_Branch, StartDate, EndDate) VALUES (201, 12, '2023-06-12', NULL);
INSERT INTO EMP_BRANCH_HISTORY (ID_Employee, ID_Branch, StartDate, EndDate) VALUES (20, 15, '2024-03-01', NULL);
INSERT INTO EMP_BRANCH_HISTORY (ID_Employee, ID_Branch, StartDate, EndDate) VALUES (202, 13, '2023-12-23', NULL);
INSERT INTO EMP_BRANCH_HISTORY (ID_Employee, ID_Branch, StartDate, EndDate) VALUES (135, 7, '2023-03-28', NULL);
INSERT INTO EMP_BRANCH_HISTORY (ID_Employee, ID_Branch, StartDate, EndDate) VALUES (122, 3, '2024-02-18', NULL);
INSERT INTO EMP_BRANCH_HISTORY (ID_Employee, ID_Branch, StartDate, EndDate) VALUES (62, 13, '2024-01-26', '2024-12-18');
INSERT INTO EMP_BRANCH_HISTORY (ID_Employee, ID_Branch, StartDate, EndDate) VALUES (65, 10, '2024-02-05', NULL);
INSERT INTO EMP_BRANCH_HISTORY (ID_Employee, ID_Branch, StartDate, EndDate) VALUES (3, 7, '2024-06-23', NULL);
INSERT INTO EMP_BRANCH_HISTORY (ID_Employee, ID_Branch, StartDate, EndDate) VALUES (42, 15, '2024-08-13', NULL);
INSERT INTO EMP_BRANCH_HISTORY (ID_Employee, ID_Branch, StartDate, EndDate) VALUES (74, 4, '2023-01-03', NULL);
INSERT INTO EMP_BRANCH_HISTORY (ID_Employee, ID_Branch, StartDate, EndDate) VALUES (204, 1, '2023-01-29', NULL);
INSERT INTO EMP_BRANCH_HISTORY (ID_Employee, ID_Branch, StartDate, EndDate) VALUES (163, 13, '2023-05-12', NULL);
INSERT INTO EMP_BRANCH_HISTORY (ID_Employee, ID_Branch, StartDate, EndDate) VALUES (112, 3, '2024-02-14', NULL);
INSERT INTO EMP_BRANCH_HISTORY (ID_Employee, ID_Branch, StartDate, EndDate) VALUES (41, 8, '2023-11-27', NULL);
INSERT INTO EMP_BRANCH_HISTORY (ID_Employee, ID_Branch, StartDate, EndDate) VALUES (184, 13, '2023-01-03', NULL);
INSERT INTO EMP_BRANCH_HISTORY (ID_Employee, ID_Branch, StartDate, EndDate) VALUES (211, 10, '2024-08-03', NULL);
INSERT INTO EMP_BRANCH_HISTORY (ID_Employee, ID_Branch, StartDate, EndDate) VALUES (188, 2, '2023-08-06', NULL);
INSERT INTO EMP_BRANCH_HISTORY (ID_Employee, ID_Branch, StartDate, EndDate) VALUES (200, 6, '2024-08-03', NULL);
INSERT INTO EMP_BRANCH_HISTORY (ID_Employee, ID_Branch, StartDate, EndDate) VALUES (173, 3, '2024-11-27', NULL);
INSERT INTO EMP_BRANCH_HISTORY (ID_Employee, ID_Branch, StartDate, EndDate) VALUES (146, 6, '2024-01-04', NULL);
INSERT INTO EMP_BRANCH_HISTORY (ID_Employee, ID_Branch, StartDate, EndDate) VALUES (183, 2, '2023-01-08', NULL);
INSERT INTO EMP_BRANCH_HISTORY (ID_Employee, ID_Branch, StartDate, EndDate) VALUES (70, 15, '2023-08-11', '2024-12-18');
INSERT INTO EMP_BRANCH_HISTORY (ID_Employee, ID_Branch, StartDate, EndDate) VALUES (43, 11, '2023-09-02', NULL);
INSERT INTO EMP_BRANCH_HISTORY (ID_Employee, ID_Branch, StartDate, EndDate) VALUES (72, 8, '2023-09-12', '2024-12-18');
INSERT INTO EMP_BRANCH_HISTORY (ID_Employee, ID_Branch, StartDate, EndDate) VALUES (177, 10, '2024-07-27', NULL);
INSERT INTO EMP_BRANCH_HISTORY (ID_Employee, ID_Branch, StartDate, EndDate) VALUES (124, 12, '2024-05-27', '2024-12-18');
INSERT INTO EMP_BRANCH_HISTORY (ID_Employee, ID_Branch, StartDate, EndDate) VALUES (33, 12, '2023-05-23', NULL);
INSERT INTO EMP_BRANCH_HISTORY (ID_Employee, ID_Branch, StartDate, EndDate) VALUES (59, 8, '2023-01-17', NULL);
INSERT INTO EMP_BRANCH_HISTORY (ID_Employee, ID_Branch, StartDate, EndDate) VALUES (94, 9, '2023-01-06', NULL);
INSERT INTO EMP_BRANCH_HISTORY (ID_Employee, ID_Branch, StartDate, EndDate) VALUES (215, 8, '2024-06-17', NULL);
INSERT INTO EMP_BRANCH_HISTORY (ID_Employee, ID_Branch, StartDate, EndDate) VALUES (208, 12, '2024-01-31', NULL);
INSERT INTO EMP_BRANCH_HISTORY (ID_Employee, ID_Branch, StartDate, EndDate) VALUES (220, 9, '2024-01-13', NULL);
INSERT INTO EMP_BRANCH_HISTORY (ID_Employee, ID_Branch, StartDate, EndDate) VALUES (144, 11, '2024-09-23', NULL);
INSERT INTO EMP_BRANCH_HISTORY (ID_Employee, ID_Branch, StartDate, EndDate) VALUES (34, 14, '2023-02-07', NULL);
INSERT INTO EMP_BRANCH_HISTORY (ID_Employee, ID_Branch, StartDate, EndDate) VALUES (179, 12, '2023-01-18', NULL);
INSERT INTO EMP_BRANCH_HISTORY (ID_Employee, ID_Branch, StartDate, EndDate) VALUES (17, 9, '2023-05-12', NULL);
INSERT INTO EMP_BRANCH_HISTORY (ID_Employee, ID_Branch, StartDate, EndDate) VALUES (215, 3, '2024-08-12', NULL);
INSERT INTO EMP_BRANCH_HISTORY (ID_Employee, ID_Branch, StartDate, EndDate) VALUES (59, 11, '2024-09-17', NULL);
INSERT INTO EMP_BRANCH_HISTORY (ID_Employee, ID_Branch, StartDate, EndDate) VALUES (35, 13, '2024-09-11', NULL);
INSERT INTO PARKING (ID_Parking, Address, OpeningHour, CloseHour, ParkingType, ID_Branch) VALUES (1, '5627 William Land', '06:00:00', '21:00:00', 1, 14);
INSERT INTO PARKING (ID_Parking, Address, OpeningHour, CloseHour, ParkingType, ID_Branch) VALUES (2, '504 Tina Dam', '10:00:00', '22:00:00', 0, 3);
INSERT INTO PARKING (ID_Parking, Address, OpeningHour, CloseHour, ParkingType, ID_Branch) VALUES (3, '417 Cruz Orchard Suite 873', '12:00:00', '21:00:00', 0, 5);
INSERT INTO PARKING (ID_Parking, Address, OpeningHour, CloseHour, ParkingType, ID_Branch) VALUES (4, '745 Vincent Cove Suite 124', '11:00:00', '21:00:00', 1, 6);
INSERT INTO PARKING (ID_Parking, Address, OpeningHour, CloseHour, ParkingType, ID_Branch) VALUES (5, '765 Bradley Pine', '11:00:00', '22:00:00', 1, 5);
INSERT INTO PARKING (ID_Parking, Address, OpeningHour, CloseHour, ParkingType, ID_Branch) VALUES (6, '7828 Jacob Course Apt. 275', '07:00:00', '23:00:00', 0, 12);
INSERT INTO PARKING (ID_Parking, Address, OpeningHour, CloseHour, ParkingType, ID_Branch) VALUES (7, '95637 Holt Hills Apt. 648', '12:00:00', '20:00:00', 0, 2);
INSERT INTO PARKING (ID_Parking, Address, OpeningHour, CloseHour, ParkingType, ID_Branch) VALUES (8, '22753 Larson Walk Suite 032', '08:00:00', '20:00:00', 1, 4);
INSERT INTO PARKING (ID_Parking, Address, OpeningHour, CloseHour, ParkingType, ID_Branch) VALUES (9, '120 Gary Greens', '11:00:00', '22:00:00', 0, 15);
INSERT INTO PARKING (ID_Parking, Address, OpeningHour, CloseHour, ParkingType, ID_Branch) VALUES (10, '54209 Ramirez Prairie', '06:00:00', '23:00:00', 1, 8);
INSERT INTO PARKING (ID_Parking, Address, OpeningHour, CloseHour, ParkingType, ID_Branch) VALUES (11, '1114 Thornton Ranch', '10:00:00', '21:00:00', 1, 12);
INSERT INTO PARKING (ID_Parking, Address, OpeningHour, CloseHour, ParkingType, ID_Branch) VALUES (12, '290 Hall Island Suite 482', '07:00:00', '23:00:00', 0, 11);
INSERT INTO PARKING (ID_Parking, Address, OpeningHour, CloseHour, ParkingType, ID_Branch) VALUES (13, '34566 Ariana Ranch Suite 098', '07:00:00', '20:00:00', 0, 9);
INSERT INTO PARKING (ID_Parking, Address, OpeningHour, CloseHour, ParkingType, ID_Branch) VALUES (14, '9537 Cheryl Fields', '10:00:00', '18:00:00', 1, 9);
INSERT INTO PARKING (ID_Parking, Address, OpeningHour, CloseHour, ParkingType, ID_Branch) VALUES (15, '74252 Figueroa Fort Apt. 551', '06:00:00', '23:00:00', 1, 7);
INSERT INTO FOOD_TYPE (ID_Type, TypeName) VALUES (1, 'Rolls');
INSERT INTO FOOD_TYPE (ID_Type, TypeName) VALUES (2, 'Sashimi');
INSERT INTO FOOD_TYPE (ID_Type, TypeName) VALUES (3, 'Nigiri');
INSERT INTO FOOD_TYPE (ID_Type, TypeName) VALUES (4, 'Hand Rolls');
INSERT INTO FOOD_TYPE (ID_Type, TypeName) VALUES (5, 'Bento');
INSERT INTO FOOD_TYPE (ID_Type, TypeName) VALUES (6, 'Appetizers');
INSERT INTO FOOD_TYPE (ID_Type, TypeName) VALUES (7, 'Desserts');
INSERT INTO FOOD_TYPE (ID_Type, TypeName) VALUES (8, 'Beverages');
INSERT INTO FOOD_TYPE (ID_Type, TypeName) VALUES (9, 'Ramen');
INSERT INTO FOOD_TYPE (ID_Type, TypeName) VALUES (10, 'Donburi');
INSERT INTO FOOD_ITEM (ID_Food, FoodName, Price, isAreaRestricted, DeliverySafe, ID_Type) VALUES (1, 'California Roll', 169000, 1, 0, 1);
INSERT INTO FOOD_ITEM (ID_Food, FoodName, Price, isAreaRestricted, DeliverySafe, ID_Type) VALUES (2, 'Spicy Tuna Roll', 196000, 0, 1, 1);
INSERT INTO FOOD_ITEM (ID_Food, FoodName, Price, isAreaRestricted, DeliverySafe, ID_Type) VALUES (3, 'Dragon Roll', 851000, 0, 1, 1);
INSERT INTO FOOD_ITEM (ID_Food, FoodName, Price, isAreaRestricted, DeliverySafe, ID_Type) VALUES (4, 'Rainbow Roll', 194000, 0, 1, 1);
INSERT INTO FOOD_ITEM (ID_Food, FoodName, Price, isAreaRestricted, DeliverySafe, ID_Type) VALUES (5, 'Philadelphia Roll', 199000, 0, 1, 1);
INSERT INTO FOOD_ITEM (ID_Food, FoodName, Price, isAreaRestricted, DeliverySafe, ID_Type) VALUES (6, 'Tempura Roll', 166000, 0, 1, 1);
INSERT INTO FOOD_ITEM (ID_Food, FoodName, Price, isAreaRestricted, DeliverySafe, ID_Type) VALUES (7, 'Vegetarian Roll', 344000, 1, 1, 1);
INSERT INTO FOOD_ITEM (ID_Food, FoodName, Price, isAreaRestricted, DeliverySafe, ID_Type) VALUES (8, 'Salmon Sashimi', 929000, 0, 1, 2);
INSERT INTO FOOD_ITEM (ID_Food, FoodName, Price, isAreaRestricted, DeliverySafe, ID_Type) VALUES (9, 'Tuna Sashimi', 535000, 0, 0, 2);
INSERT INTO FOOD_ITEM (ID_Food, FoodName, Price, isAreaRestricted, DeliverySafe, ID_Type) VALUES (10, 'Yellowtail Sashimi', 284000, 0, 1, 2);
INSERT INTO FOOD_ITEM (ID_Food, FoodName, Price, isAreaRestricted, DeliverySafe, ID_Type) VALUES (11, 'Octopus Sashimi', 895000, 1, 1, 2);
INSERT INTO FOOD_ITEM (ID_Food, FoodName, Price, isAreaRestricted, DeliverySafe, ID_Type) VALUES (12, 'Snapper Sashimi', 113000, 1, 1, 2);
INSERT INTO FOOD_ITEM (ID_Food, FoodName, Price, isAreaRestricted, DeliverySafe, ID_Type) VALUES (13, 'Mackerel Sashimi', 313000, 0, 1, 2);
INSERT INTO FOOD_ITEM (ID_Food, FoodName, Price, isAreaRestricted, DeliverySafe, ID_Type) VALUES (14, 'Salmon Nigiri', 457000, 0, 1, 3);
INSERT INTO FOOD_ITEM (ID_Food, FoodName, Price, isAreaRestricted, DeliverySafe, ID_Type) VALUES (15, 'Tuna Nigiri', 588000, 0, 1, 3);
INSERT INTO FOOD_ITEM (ID_Food, FoodName, Price, isAreaRestricted, DeliverySafe, ID_Type) VALUES (16, 'Eel Nigiri', 444000, 0, 0, 3);
INSERT INTO FOOD_ITEM (ID_Food, FoodName, Price, isAreaRestricted, DeliverySafe, ID_Type) VALUES (17, 'Shrimp Nigiri', 719000, 0, 1, 3);
INSERT INTO FOOD_ITEM (ID_Food, FoodName, Price, isAreaRestricted, DeliverySafe, ID_Type) VALUES (18, 'Egg Nigiri', 429000, 0, 1, 3);
INSERT INTO FOOD_ITEM (ID_Food, FoodName, Price, isAreaRestricted, DeliverySafe, ID_Type) VALUES (19, 'Crab Nigiri', 923000, 0, 1, 3);
INSERT INTO FOOD_ITEM (ID_Food, FoodName, Price, isAreaRestricted, DeliverySafe, ID_Type) VALUES (20, 'Spicy Tuna Hand Roll', 664000, 0, 1, 4);
INSERT INTO FOOD_ITEM (ID_Food, FoodName, Price, isAreaRestricted, DeliverySafe, ID_Type) VALUES (21, 'California Hand Roll', 382000, 0, 1, 4);
INSERT INTO FOOD_ITEM (ID_Food, FoodName, Price, isAreaRestricted, DeliverySafe, ID_Type) VALUES (22, 'Salmon Avocado Hand Roll', 861000, 0, 1, 4);
INSERT INTO FOOD_ITEM (ID_Food, FoodName, Price, isAreaRestricted, DeliverySafe, ID_Type) VALUES (23, 'Vegetable Hand Roll', 671000, 0, 1, 4);
INSERT INTO FOOD_ITEM (ID_Food, FoodName, Price, isAreaRestricted, DeliverySafe, ID_Type) VALUES (24, 'Shrimp Tempura Hand Roll', 925000, 0, 1, 4);
INSERT INTO FOOD_ITEM (ID_Food, FoodName, Price, isAreaRestricted, DeliverySafe, ID_Type) VALUES (25, 'Chicken Teriyaki Bento', 958000, 0, 0, 5);
INSERT INTO FOOD_ITEM (ID_Food, FoodName, Price, isAreaRestricted, DeliverySafe, ID_Type) VALUES (26, 'Salmon Teriyaki Bento', 560000, 0, 1, 5);
INSERT INTO FOOD_ITEM (ID_Food, FoodName, Price, isAreaRestricted, DeliverySafe, ID_Type) VALUES (27, 'Beef Bulgogi Bento', 368000, 0, 0, 5);
INSERT INTO FOOD_ITEM (ID_Food, FoodName, Price, isAreaRestricted, DeliverySafe, ID_Type) VALUES (28, 'Vegetarian Bento', 745000, 0, 0, 5);
INSERT INTO FOOD_ITEM (ID_Food, FoodName, Price, isAreaRestricted, DeliverySafe, ID_Type) VALUES (29, 'Edamame', 552000, 1, 1, 6);
INSERT INTO FOOD_ITEM (ID_Food, FoodName, Price, isAreaRestricted, DeliverySafe, ID_Type) VALUES (30, 'Gyoza', 627000, 0, 1, 6);
INSERT INTO FOOD_ITEM (ID_Food, FoodName, Price, isAreaRestricted, DeliverySafe, ID_Type) VALUES (31, 'Seaweed Salad', 852000, 1, 0, 6);
INSERT INTO FOOD_ITEM (ID_Food, FoodName, Price, isAreaRestricted, DeliverySafe, ID_Type) VALUES (32, 'Takoyaki', 393000, 1, 1, 6);
INSERT INTO FOOD_ITEM (ID_Food, FoodName, Price, isAreaRestricted, DeliverySafe, ID_Type) VALUES (33, 'Agedashi Tofu', 796000, 0, 0, 6);
INSERT INTO FOOD_ITEM (ID_Food, FoodName, Price, isAreaRestricted, DeliverySafe, ID_Type) VALUES (34, 'Miso Soup', 339000, 0, 1, 6);
INSERT INTO FOOD_ITEM (ID_Food, FoodName, Price, isAreaRestricted, DeliverySafe, ID_Type) VALUES (35, 'Spring Rolls', 268000, 0, 0, 6);
INSERT INTO FOOD_ITEM (ID_Food, FoodName, Price, isAreaRestricted, DeliverySafe, ID_Type) VALUES (36, 'Mochi Ice Cream', 92000, 0, 1, 7);
INSERT INTO FOOD_ITEM (ID_Food, FoodName, Price, isAreaRestricted, DeliverySafe, ID_Type) VALUES (37, 'Green Tea Cheesecake', 939000, 0, 1, 7);
INSERT INTO FOOD_ITEM (ID_Food, FoodName, Price, isAreaRestricted, DeliverySafe, ID_Type) VALUES (38, 'Dorayaki', 718000, 1, 1, 7);
INSERT INTO FOOD_ITEM (ID_Food, FoodName, Price, isAreaRestricted, DeliverySafe, ID_Type) VALUES (39, 'Matcha Panna Cotta', 915000, 0, 1, 7);
INSERT INTO FOOD_ITEM (ID_Food, FoodName, Price, isAreaRestricted, DeliverySafe, ID_Type) VALUES (40, 'Sesame Balls', 410000, 0, 1, 7);
INSERT INTO FOOD_ITEM (ID_Food, FoodName, Price, isAreaRestricted, DeliverySafe, ID_Type) VALUES (41, 'Green Tea', 237000, 0, 0, 8);
INSERT INTO FOOD_ITEM (ID_Food, FoodName, Price, isAreaRestricted, DeliverySafe, ID_Type) VALUES (42, 'Sake', 353000, 0, 1, 8);
INSERT INTO FOOD_ITEM (ID_Food, FoodName, Price, isAreaRestricted, DeliverySafe, ID_Type) VALUES (43, 'Plum Wine', 195000, 0, 0, 8);
INSERT INTO FOOD_ITEM (ID_Food, FoodName, Price, isAreaRestricted, DeliverySafe, ID_Type) VALUES (44, 'Ramune Soda', 224000, 1, 1, 8);
INSERT INTO FOOD_ITEM (ID_Food, FoodName, Price, isAreaRestricted, DeliverySafe, ID_Type) VALUES (45, 'Matcha Latte', 757000, 0, 1, 8);
INSERT INTO FOOD_ITEM (ID_Food, FoodName, Price, isAreaRestricted, DeliverySafe, ID_Type) VALUES (46, 'Iced Oolong Tea', 315000, 1, 0, 8);
INSERT INTO FOOD_ITEM (ID_Food, FoodName, Price, isAreaRestricted, DeliverySafe, ID_Type) VALUES (47, 'Shoyu Ramen', 771000, 0, 0, 9);
INSERT INTO FOOD_ITEM (ID_Food, FoodName, Price, isAreaRestricted, DeliverySafe, ID_Type) VALUES (48, 'Miso Ramen', 637000, 1, 1, 9);
INSERT INTO FOOD_ITEM (ID_Food, FoodName, Price, isAreaRestricted, DeliverySafe, ID_Type) VALUES (49, 'Tonkotsu Ramen', 635000, 0, 0, 9);
INSERT INTO FOOD_ITEM (ID_Food, FoodName, Price, isAreaRestricted, DeliverySafe, ID_Type) VALUES (50, 'Spicy Chicken Ramen', 812000, 0, 1, 9);
INSERT INTO FOOD_ITEM (ID_Food, FoodName, Price, isAreaRestricted, DeliverySafe, ID_Type) VALUES (51, 'Vegetable Ramen', 394000, 1, 0, 9);
INSERT INTO FOOD_ITEM (ID_Food, FoodName, Price, isAreaRestricted, DeliverySafe, ID_Type) VALUES (52, 'Seafood Ramen', 452000, 0, 1, 9);
INSERT INTO FOOD_ITEM (ID_Food, FoodName, Price, isAreaRestricted, DeliverySafe, ID_Type) VALUES (53, 'Gyudon (Beef Bowl)', 775000, 1, 1, 10);
INSERT INTO FOOD_ITEM (ID_Food, FoodName, Price, isAreaRestricted, DeliverySafe, ID_Type) VALUES (54, 'Katsudon (Pork Cutlet Bowl)', 925000, 0, 1, 10);
INSERT INTO FOOD_ITEM (ID_Food, FoodName, Price, isAreaRestricted, DeliverySafe, ID_Type) VALUES (55, 'Oyakodon (Chicken and Egg Bowl)', 692000, 0, 1, 10);
INSERT INTO FOOD_ITEM (ID_Food, FoodName, Price, isAreaRestricted, DeliverySafe, ID_Type) VALUES (56, 'Unadon (Eel Bowl)', 963000, 0, 0, 10);
INSERT INTO FOOD_ITEM (ID_Food, FoodName, Price, isAreaRestricted, DeliverySafe, ID_Type) VALUES (57, 'Tekka Don (Tuna Bowl)', 229000, 0, 1, 10);
INSERT INTO FOOD_ITEM (ID_Food, FoodName, Price, isAreaRestricted, DeliverySafe, ID_Type) VALUES (58, 'Chirashi Don (Scattered Sushi Bowl)', 631000, 1, 1, 10);
INSERT INTO AREA_SPECIFIC_FOOD (ID_Area, ID_Food) VALUES (5, 31);
INSERT INTO AREA_SPECIFIC_FOOD (ID_Area, ID_Food) VALUES (4, 53);
INSERT INTO AREA_SPECIFIC_FOOD (ID_Area, ID_Food) VALUES (4, 12);
INSERT INTO AREA_SPECIFIC_FOOD (ID_Area, ID_Food) VALUES (1, 12);
INSERT INTO AREA_SPECIFIC_FOOD (ID_Area, ID_Food) VALUES (2, 1);
INSERT INTO AREA_SPECIFIC_FOOD (ID_Area, ID_Food) VALUES (1, 44);
INSERT INTO AREA_SPECIFIC_FOOD (ID_Area, ID_Food) VALUES (2, 58);
INSERT INTO AREA_SPECIFIC_FOOD (ID_Area, ID_Food) VALUES (1, 48);
INSERT INTO AREA_SPECIFIC_FOOD (ID_Area, ID_Food) VALUES (4, 51);
INSERT INTO AREA_SPECIFIC_FOOD (ID_Area, ID_Food) VALUES (5, 32);
INSERT INTO AREA_SPECIFIC_FOOD (ID_Area, ID_Food) VALUES (1, 38);
INSERT INTO AREA_SPECIFIC_FOOD (ID_Area, ID_Food) VALUES (2, 51);
INSERT INTO AREA_SPECIFIC_FOOD (ID_Area, ID_Food) VALUES (3, 48);
INSERT INTO AREA_SPECIFIC_FOOD (ID_Area, ID_Food) VALUES (3, 1);
INSERT INTO AREA_SPECIFIC_FOOD (ID_Area, ID_Food) VALUES (2, 53);
INSERT INTO AREA_SPECIFIC_FOOD (ID_Area, ID_Food) VALUES (5, 12);
INSERT INTO AREA_SPECIFIC_FOOD (ID_Area, ID_Food) VALUES (3, 7);
INSERT INTO AREA_SPECIFIC_FOOD (ID_Area, ID_Food) VALUES (3, 38);
INSERT INTO AREA_SPECIFIC_FOOD (ID_Area, ID_Food) VALUES (1, 51);
INSERT INTO AREA_SPECIFIC_FOOD (ID_Area, ID_Food) VALUES (2, 48);
INSERT INTO AREA_SPECIFIC_FOOD (ID_Area, ID_Food) VALUES (3, 29);
INSERT INTO AREA_SPECIFIC_FOOD (ID_Area, ID_Food) VALUES (4, 38);
INSERT INTO AREA_SPECIFIC_FOOD (ID_Area, ID_Food) VALUES (4, 46);
INSERT INTO AREA_SPECIFIC_FOOD (ID_Area, ID_Food) VALUES (5, 29);
INSERT INTO AREA_SPECIFIC_FOOD (ID_Area, ID_Food) VALUES (2, 7);
INSERT INTO AREA_SPECIFIC_FOOD (ID_Area, ID_Food) VALUES (5, 38);
INSERT INTO AREA_SPECIFIC_FOOD (ID_Area, ID_Food) VALUES (2, 44);
INSERT INTO AREA_SPECIFIC_FOOD (ID_Area, ID_Food) VALUES (1, 58);
INSERT INTO AREA_SPECIFIC_FOOD (ID_Area, ID_Food) VALUES (1, 31);
INSERT INTO AREA_SPECIFIC_FOOD (ID_Area, ID_Food) VALUES (4, 7);
INSERT INTO AREA_SPECIFIC_FOOD (ID_Area, ID_Food) VALUES (3, 11);
INSERT INTO AREA_SPECIFIC_FOOD (ID_Area, ID_Food) VALUES (1, 11);
INSERT INTO AREA_SPECIFIC_FOOD (ID_Area, ID_Food) VALUES (2, 29);
INSERT INTO AREA_SPECIFIC_FOOD (ID_Area, ID_Food) VALUES (5, 53);
INSERT INTO AREA_SPECIFIC_FOOD (ID_Area, ID_Food) VALUES (3, 58);
INSERT INTO AREA_SPECIFIC_FOOD (ID_Area, ID_Food) VALUES (3, 51);
INSERT INTO AREA_SPECIFIC_FOOD (ID_Area, ID_Food) VALUES (1, 1);
INSERT INTO AREA_SPECIFIC_FOOD (ID_Area, ID_Food) VALUES (5, 7);
INSERT INTO AREA_SPECIFIC_FOOD (ID_Area, ID_Food) VALUES (1, 7);
INSERT INTO AREA_SPECIFIC_FOOD (ID_Area, ID_Food) VALUES (1, 29);
INSERT INTO BRANCH_FOOD (ID_BranchFood, Available, ID_Branch, ID_Food) VALUES (1, 1, 10, 8);
INSERT INTO BRANCH_FOOD (ID_BranchFood, Available, ID_Branch, ID_Food) VALUES (2, 1, 14, 15);
INSERT INTO BRANCH_FOOD (ID_BranchFood, Available, ID_Branch, ID_Food) VALUES (3, 1, 8, 54);
INSERT INTO BRANCH_FOOD (ID_BranchFood, Available, ID_Branch, ID_Food) VALUES (4, 1, 12, 50);
INSERT INTO BRANCH_FOOD (ID_BranchFood, Available, ID_Branch, ID_Food) VALUES (5, 1, 5, 2);
INSERT INTO BRANCH_FOOD (ID_BranchFood, Available, ID_Branch, ID_Food) VALUES (6, 1, 15, 39);
INSERT INTO BRANCH_FOOD (ID_BranchFood, Available, ID_Branch, ID_Food) VALUES (7, 0, 11, 56);
INSERT INTO BRANCH_FOOD (ID_BranchFood, Available, ID_Branch, ID_Food) VALUES (8, 1, 3, 43);
INSERT INTO BRANCH_FOOD (ID_BranchFood, Available, ID_Branch, ID_Food) VALUES (9, 1, 6, 58);
INSERT INTO BRANCH_FOOD (ID_BranchFood, Available, ID_Branch, ID_Food) VALUES (10, 1, 6, 28);
INSERT INTO BRANCH_FOOD (ID_BranchFood, Available, ID_Branch, ID_Food) VALUES (11, 0, 9, 45);
INSERT INTO BRANCH_FOOD (ID_BranchFood, Available, ID_Branch, ID_Food) VALUES (12, 1, 14, 35);
INSERT INTO BRANCH_FOOD (ID_BranchFood, Available, ID_Branch, ID_Food) VALUES (13, 1, 3, 8);
INSERT INTO BRANCH_FOOD (ID_BranchFood, Available, ID_Branch, ID_Food) VALUES (14, 1, 14, 43);
INSERT INTO BRANCH_FOOD (ID_BranchFood, Available, ID_Branch, ID_Food) VALUES (15, 1, 12, 34);
INSERT INTO BRANCH_FOOD (ID_BranchFood, Available, ID_Branch, ID_Food) VALUES (16, 1, 5, 50);
INSERT INTO BRANCH_FOOD (ID_BranchFood, Available, ID_Branch, ID_Food) VALUES (17, 0, 7, 43);
INSERT INTO BRANCH_FOOD (ID_BranchFood, Available, ID_Branch, ID_Food) VALUES (18, 1, 11, 23);
INSERT INTO BRANCH_FOOD (ID_BranchFood, Available, ID_Branch, ID_Food) VALUES (19, 1, 9, 57);
INSERT INTO BRANCH_FOOD (ID_BranchFood, Available, ID_Branch, ID_Food) VALUES (20, 1, 5, 26);
INSERT INTO BRANCH_FOOD (ID_BranchFood, Available, ID_Branch, ID_Food) VALUES (21, 1, 5, 37);
INSERT INTO BRANCH_FOOD (ID_BranchFood, Available, ID_Branch, ID_Food) VALUES (22, 1, 11, 38);
INSERT INTO BRANCH_FOOD (ID_BranchFood, Available, ID_Branch, ID_Food) VALUES (23, 1, 8, 36);
INSERT INTO BRANCH_FOOD (ID_BranchFood, Available, ID_Branch, ID_Food) VALUES (24, 0, 9, 49);
INSERT INTO BRANCH_FOOD (ID_BranchFood, Available, ID_Branch, ID_Food) VALUES (25, 1, 14, 28);
INSERT INTO BRANCH_FOOD (ID_BranchFood, Available, ID_Branch, ID_Food) VALUES (26, 1, 7, 1);
INSERT INTO BRANCH_FOOD (ID_BranchFood, Available, ID_Branch, ID_Food) VALUES (27, 1, 12, 4);
INSERT INTO BRANCH_FOOD (ID_BranchFood, Available, ID_Branch, ID_Food) VALUES (28, 1, 4, 18);
INSERT INTO BRANCH_FOOD (ID_BranchFood, Available, ID_Branch, ID_Food) VALUES (29, 1, 13, 43);
INSERT INTO BRANCH_FOOD (ID_BranchFood, Available, ID_Branch, ID_Food) VALUES (30, 1, 3, 7);
INSERT INTO BRANCH_FOOD (ID_BranchFood, Available, ID_Branch, ID_Food) VALUES (31, 0, 15, 41);
INSERT INTO BRANCH_FOOD (ID_BranchFood, Available, ID_Branch, ID_Food) VALUES (32, 1, 1, 50);
INSERT INTO BRANCH_FOOD (ID_BranchFood, Available, ID_Branch, ID_Food) VALUES (33, 1, 1, 37);
INSERT INTO BRANCH_FOOD (ID_BranchFood, Available, ID_Branch, ID_Food) VALUES (34, 1, 7, 58);
INSERT INTO BRANCH_FOOD (ID_BranchFood, Available, ID_Branch, ID_Food) VALUES (35, 1, 13, 56);
INSERT INTO BRANCH_FOOD (ID_BranchFood, Available, ID_Branch, ID_Food) VALUES (36, 1, 9, 54);
INSERT INTO BRANCH_FOOD (ID_BranchFood, Available, ID_Branch, ID_Food) VALUES (37, 0, 14, 18);
INSERT INTO BRANCH_FOOD (ID_BranchFood, Available, ID_Branch, ID_Food) VALUES (38, 1, 10, 35);
INSERT INTO BRANCH_FOOD (ID_BranchFood, Available, ID_Branch, ID_Food) VALUES (39, 1, 15, 55);
INSERT INTO BRANCH_FOOD (ID_BranchFood, Available, ID_Branch, ID_Food) VALUES (40, 1, 12, 2);
INSERT INTO BRANCH_FOOD (ID_BranchFood, Available, ID_Branch, ID_Food) VALUES (41, 1, 4, 58);
INSERT INTO BRANCH_FOOD (ID_BranchFood, Available, ID_Branch, ID_Food) VALUES (42, 1, 3, 23);
INSERT INTO BRANCH_FOOD (ID_BranchFood, Available, ID_Branch, ID_Food) VALUES (43, 1, 9, 11);
INSERT INTO BRANCH_FOOD (ID_BranchFood, Available, ID_Branch, ID_Food) VALUES (44, 1, 1, 33);
INSERT INTO BRANCH_FOOD (ID_BranchFood, Available, ID_Branch, ID_Food) VALUES (45, 1, 4, 13);
INSERT INTO BRANCH_FOOD (ID_BranchFood, Available, ID_Branch, ID_Food) VALUES (46, 1, 12, 19);
INSERT INTO BRANCH_FOOD (ID_BranchFood, Available, ID_Branch, ID_Food) VALUES (47, 0, 6, 25);
INSERT INTO BRANCH_FOOD (ID_BranchFood, Available, ID_Branch, ID_Food) VALUES (48, 1, 15, 48);
INSERT INTO BRANCH_FOOD (ID_BranchFood, Available, ID_Branch, ID_Food) VALUES (49, 1, 3, 15);
INSERT INTO BRANCH_FOOD (ID_BranchFood, Available, ID_Branch, ID_Food) VALUES (50, 1, 11, 5);
INSERT INTO BRANCH_FOOD (ID_BranchFood, Available, ID_Branch, ID_Food) VALUES (51, 1, 6, 27);
INSERT INTO BRANCH_FOOD (ID_BranchFood, Available, ID_Branch, ID_Food) VALUES (52, 1, 10, 55);
INSERT INTO BRANCH_FOOD (ID_BranchFood, Available, ID_Branch, ID_Food) VALUES (53, 0, 7, 56);
INSERT INTO BRANCH_FOOD (ID_BranchFood, Available, ID_Branch, ID_Food) VALUES (54, 0, 12, 42);
INSERT INTO BRANCH_FOOD (ID_BranchFood, Available, ID_Branch, ID_Food) VALUES (55, 1, 4, 49);
INSERT INTO BRANCH_FOOD (ID_BranchFood, Available, ID_Branch, ID_Food) VALUES (56, 1, 10, 37);
INSERT INTO BRANCH_FOOD (ID_BranchFood, Available, ID_Branch, ID_Food) VALUES (57, 1, 5, 28);
INSERT INTO BRANCH_FOOD (ID_BranchFood, Available, ID_Branch, ID_Food) VALUES (58, 0, 4, 57);
INSERT INTO BRANCH_FOOD (ID_BranchFood, Available, ID_Branch, ID_Food) VALUES (59, 1, 7, 15);
INSERT INTO BRANCH_FOOD (ID_BranchFood, Available, ID_Branch, ID_Food) VALUES (60, 1, 2, 17);
INSERT INTO BRANCH_FOOD (ID_BranchFood, Available, ID_Branch, ID_Food) VALUES (61, 0, 8, 57);
INSERT INTO BRANCH_FOOD (ID_BranchFood, Available, ID_Branch, ID_Food) VALUES (62, 1, 9, 20);
INSERT INTO BRANCH_FOOD (ID_BranchFood, Available, ID_Branch, ID_Food) VALUES (63, 1, 15, 16);
INSERT INTO BRANCH_FOOD (ID_BranchFood, Available, ID_Branch, ID_Food) VALUES (64, 1, 12, 16);
INSERT INTO BRANCH_FOOD (ID_BranchFood, Available, ID_Branch, ID_Food) VALUES (65, 1, 1, 18);
INSERT INTO BRANCH_FOOD (ID_BranchFood, Available, ID_Branch, ID_Food) VALUES (66, 0, 10, 33);
INSERT INTO BRANCH_FOOD (ID_BranchFood, Available, ID_Branch, ID_Food) VALUES (67, 1, 1, 49);
INSERT INTO BRANCH_FOOD (ID_BranchFood, Available, ID_Branch, ID_Food) VALUES (68, 1, 15, 54);
INSERT INTO BRANCH_FOOD (ID_BranchFood, Available, ID_Branch, ID_Food) VALUES (69, 1, 13, 14);
INSERT INTO BRANCH_FOOD (ID_BranchFood, Available, ID_Branch, ID_Food) VALUES (70, 1, 15, 56);
INSERT INTO BRANCH_FOOD (ID_BranchFood, Available, ID_Branch, ID_Food) VALUES (71, 0, 3, 36);
INSERT INTO BRANCH_FOOD (ID_BranchFood, Available, ID_Branch, ID_Food) VALUES (72, 1, 5, 16);
INSERT INTO BRANCH_FOOD (ID_BranchFood, Available, ID_Branch, ID_Food) VALUES (73, 1, 12, 36);
INSERT INTO BRANCH_FOOD (ID_BranchFood, Available, ID_Branch, ID_Food) VALUES (74, 0, 11, 49);
INSERT INTO BRANCH_FOOD (ID_BranchFood, Available, ID_Branch, ID_Food) VALUES (75, 1, 7, 9);
INSERT INTO BRANCH_FOOD (ID_BranchFood, Available, ID_Branch, ID_Food) VALUES (76, 1, 9, 10);
INSERT INTO BRANCH_FOOD (ID_BranchFood, Available, ID_Branch, ID_Food) VALUES (77, 1, 13, 40);
INSERT INTO BRANCH_FOOD (ID_BranchFood, Available, ID_Branch, ID_Food) VALUES (78, 1, 2, 53);
INSERT INTO BRANCH_FOOD (ID_BranchFood, Available, ID_Branch, ID_Food) VALUES (79, 0, 13, 6);
INSERT INTO BRANCH_FOOD (ID_BranchFood, Available, ID_Branch, ID_Food) VALUES (80, 1, 3, 31);
INSERT INTO BRANCH_FOOD (ID_BranchFood, Available, ID_Branch, ID_Food) VALUES (81, 1, 9, 24);
INSERT INTO BRANCH_FOOD (ID_BranchFood, Available, ID_Branch, ID_Food) VALUES (82, 1, 15, 28);
INSERT INTO BRANCH_FOOD (ID_BranchFood, Available, ID_Branch, ID_Food) VALUES (83, 1, 8, 8);
INSERT INTO BRANCH_FOOD (ID_BranchFood, Available, ID_Branch, ID_Food) VALUES (84, 0, 1, 57);
INSERT INTO BRANCH_FOOD (ID_BranchFood, Available, ID_Branch, ID_Food) VALUES (85, 1, 3, 24);
INSERT INTO BRANCH_FOOD (ID_BranchFood, Available, ID_Branch, ID_Food) VALUES (86, 1, 2, 42);
INSERT INTO BRANCH_FOOD (ID_BranchFood, Available, ID_Branch, ID_Food) VALUES (87, 1, 5, 49);
INSERT INTO BRANCH_FOOD (ID_BranchFood, Available, ID_Branch, ID_Food) VALUES (88, 1, 6, 29);
INSERT INTO BRANCH_FOOD (ID_BranchFood, Available, ID_Branch, ID_Food) VALUES (89, 1, 15, 19);
INSERT INTO BRANCH_FOOD (ID_BranchFood, Available, ID_Branch, ID_Food) VALUES (90, 1, 5, 51);
INSERT INTO BRANCH_FOOD (ID_BranchFood, Available, ID_Branch, ID_Food) VALUES (91, 1, 5, 5);
INSERT INTO BRANCH_FOOD (ID_BranchFood, Available, ID_Branch, ID_Food) VALUES (92, 1, 11, 34);
INSERT INTO BRANCH_FOOD (ID_BranchFood, Available, ID_Branch, ID_Food) VALUES (93, 1, 11, 52);
INSERT INTO BRANCH_FOOD (ID_BranchFood, Available, ID_Branch, ID_Food) VALUES (94, 1, 9, 21);
INSERT INTO BRANCH_FOOD (ID_BranchFood, Available, ID_Branch, ID_Food) VALUES (95, 1, 6, 26);
INSERT INTO BRANCH_FOOD (ID_BranchFood, Available, ID_Branch, ID_Food) VALUES (96, 1, 4, 24);
INSERT INTO BRANCH_FOOD (ID_BranchFood, Available, ID_Branch, ID_Food) VALUES (97, 1, 7, 33);
INSERT INTO BRANCH_FOOD (ID_BranchFood, Available, ID_Branch, ID_Food) VALUES (98, 1, 5, 36);
INSERT INTO BRANCH_FOOD (ID_BranchFood, Available, ID_Branch, ID_Food) VALUES (99, 1, 3, 19);
INSERT INTO BRANCH_FOOD (ID_BranchFood, Available, ID_Branch, ID_Food) VALUES (100, 1, 6, 51);
INSERT INTO BRANCH_FOOD (ID_BranchFood, Available, ID_Branch, ID_Food) VALUES (101, 1, 9, 7);
INSERT INTO BRANCH_FOOD (ID_BranchFood, Available, ID_Branch, ID_Food) VALUES (102, 1, 10, 51);
INSERT INTO BRANCH_FOOD (ID_BranchFood, Available, ID_Branch, ID_Food) VALUES (103, 0, 14, 47);
INSERT INTO BRANCH_FOOD (ID_BranchFood, Available, ID_Branch, ID_Food) VALUES (104, 1, 4, 45);
INSERT INTO BRANCH_FOOD (ID_BranchFood, Available, ID_Branch, ID_Food) VALUES (105, 0, 11, 28);
INSERT INTO BRANCH_FOOD (ID_BranchFood, Available, ID_Branch, ID_Food) VALUES (106, 0, 10, 40);
INSERT INTO BRANCH_FOOD (ID_BranchFood, Available, ID_Branch, ID_Food) VALUES (107, 0, 14, 2);
INSERT INTO BRANCH_FOOD (ID_BranchFood, Available, ID_Branch, ID_Food) VALUES (108, 1, 8, 38);
INSERT INTO BRANCH_FOOD (ID_BranchFood, Available, ID_Branch, ID_Food) VALUES (109, 1, 5, 29);
INSERT INTO BRANCH_FOOD (ID_BranchFood, Available, ID_Branch, ID_Food) VALUES (110, 1, 7, 44);
INSERT INTO BRANCH_FOOD (ID_BranchFood, Available, ID_Branch, ID_Food) VALUES (111, 1, 6, 48);
INSERT INTO BRANCH_FOOD (ID_BranchFood, Available, ID_Branch, ID_Food) VALUES (112, 1, 14, 19);
INSERT INTO BRANCH_FOOD (ID_BranchFood, Available, ID_Branch, ID_Food) VALUES (113, 1, 2, 46);
INSERT INTO BRANCH_FOOD (ID_BranchFood, Available, ID_Branch, ID_Food) VALUES (114, 1, 7, 36);
INSERT INTO BRANCH_FOOD (ID_BranchFood, Available, ID_Branch, ID_Food) VALUES (115, 1, 2, 14);
INSERT INTO BRANCH_FOOD (ID_BranchFood, Available, ID_Branch, ID_Food) VALUES (116, 1, 12, 33);
INSERT INTO BRANCH_FOOD (ID_BranchFood, Available, ID_Branch, ID_Food) VALUES (117, 1, 3, 41);
INSERT INTO BRANCH_FOOD (ID_BranchFood, Available, ID_Branch, ID_Food) VALUES (118, 1, 1, 39);
INSERT INTO BRANCH_FOOD (ID_BranchFood, Available, ID_Branch, ID_Food) VALUES (119, 1, 13, 23);
INSERT INTO BRANCH_FOOD (ID_BranchFood, Available, ID_Branch, ID_Food) VALUES (120, 1, 2, 47);
INSERT INTO BRANCH_FOOD (ID_BranchFood, Available, ID_Branch, ID_Food) VALUES (121, 1, 12, 6);
INSERT INTO BRANCH_FOOD (ID_BranchFood, Available, ID_Branch, ID_Food) VALUES (122, 1, 13, 55);
INSERT INTO BRANCH_FOOD (ID_BranchFood, Available, ID_Branch, ID_Food) VALUES (123, 1, 5, 53);
INSERT INTO BRANCH_FOOD (ID_BranchFood, Available, ID_Branch, ID_Food) VALUES (124, 1, 10, 6);
INSERT INTO BRANCH_FOOD (ID_BranchFood, Available, ID_Branch, ID_Food) VALUES (125, 0, 13, 33);
INSERT INTO BRANCH_FOOD (ID_BranchFood, Available, ID_Branch, ID_Food) VALUES (126, 1, 10, 48);
INSERT INTO BRANCH_FOOD (ID_BranchFood, Available, ID_Branch, ID_Food) VALUES (127, 1, 15, 18);
INSERT INTO BRANCH_FOOD (ID_BranchFood, Available, ID_Branch, ID_Food) VALUES (128, 1, 12, 10);
INSERT INTO BRANCH_FOOD (ID_BranchFood, Available, ID_Branch, ID_Food) VALUES (129, 1, 3, 16);
INSERT INTO BRANCH_FOOD (ID_BranchFood, Available, ID_Branch, ID_Food) VALUES (130, 1, 8, 27);
INSERT INTO BRANCH_FOOD (ID_BranchFood, Available, ID_Branch, ID_Food) VALUES (131, 1, 9, 42);
INSERT INTO BRANCH_FOOD (ID_BranchFood, Available, ID_Branch, ID_Food) VALUES (132, 1, 13, 17);
INSERT INTO BRANCH_FOOD (ID_BranchFood, Available, ID_Branch, ID_Food) VALUES (133, 1, 1, 3);
INSERT INTO BRANCH_FOOD (ID_BranchFood, Available, ID_Branch, ID_Food) VALUES (134, 1, 14, 33);
INSERT INTO BRANCH_FOOD (ID_BranchFood, Available, ID_Branch, ID_Food) VALUES (135, 0, 2, 35);
INSERT INTO BRANCH_FOOD (ID_BranchFood, Available, ID_Branch, ID_Food) VALUES (136, 1, 8, 18);
INSERT INTO BRANCH_FOOD (ID_BranchFood, Available, ID_Branch, ID_Food) VALUES (137, 0, 14, 45);
INSERT INTO BRANCH_FOOD (ID_BranchFood, Available, ID_Branch, ID_Food) VALUES (138, 1, 5, 40);
INSERT INTO BRANCH_FOOD (ID_BranchFood, Available, ID_Branch, ID_Food) VALUES (139, 0, 6, 13);
INSERT INTO BRANCH_FOOD (ID_BranchFood, Available, ID_Branch, ID_Food) VALUES (140, 0, 15, 30);
INSERT INTO BRANCH_FOOD (ID_BranchFood, Available, ID_Branch, ID_Food) VALUES (141, 1, 4, 10);
INSERT INTO BRANCH_FOOD (ID_BranchFood, Available, ID_Branch, ID_Food) VALUES (142, 1, 3, 32);
INSERT INTO BRANCH_FOOD (ID_BranchFood, Available, ID_Branch, ID_Food) VALUES (143, 1, 11, 51);
INSERT INTO BRANCH_FOOD (ID_BranchFood, Available, ID_Branch, ID_Food) VALUES (144, 1, 11, 11);
INSERT INTO BRANCH_FOOD (ID_BranchFood, Available, ID_Branch, ID_Food) VALUES (145, 1, 9, 38);
INSERT INTO BRANCH_FOOD (ID_BranchFood, Available, ID_Branch, ID_Food) VALUES (146, 1, 8, 10);
INSERT INTO BRANCH_FOOD (ID_BranchFood, Available, ID_Branch, ID_Food) VALUES (147, 1, 8, 48);
INSERT INTO BRANCH_FOOD (ID_BranchFood, Available, ID_Branch, ID_Food) VALUES (148, 1, 6, 22);
INSERT INTO BRANCH_FOOD (ID_BranchFood, Available, ID_Branch, ID_Food) VALUES (149, 1, 8, 58);
INSERT INTO BRANCH_FOOD (ID_BranchFood, Available, ID_Branch, ID_Food) VALUES (150, 1, 2, 7);
INSERT INTO BRANCH_FOOD (ID_BranchFood, Available, ID_Branch, ID_Food) VALUES (151, 1, 9, 31);
INSERT INTO BRANCH_FOOD (ID_BranchFood, Available, ID_Branch, ID_Food) VALUES (152, 1, 2, 5);
INSERT INTO BRANCH_FOOD (ID_BranchFood, Available, ID_Branch, ID_Food) VALUES (153, 0, 6, 45);
INSERT INTO BRANCH_FOOD (ID_BranchFood, Available, ID_Branch, ID_Food) VALUES (154, 0, 8, 28);
INSERT INTO BRANCH_FOOD (ID_BranchFood, Available, ID_Branch, ID_Food) VALUES (155, 0, 8, 51);
INSERT INTO BRANCH_FOOD (ID_BranchFood, Available, ID_Branch, ID_Food) VALUES (156, 0, 14, 21);
INSERT INTO BRANCH_FOOD (ID_BranchFood, Available, ID_Branch, ID_Food) VALUES (157, 1, 10, 19);
INSERT INTO BRANCH_FOOD (ID_BranchFood, Available, ID_Branch, ID_Food) VALUES (158, 1, 4, 36);
INSERT INTO BRANCH_FOOD (ID_BranchFood, Available, ID_Branch, ID_Food) VALUES (159, 1, 8, 43);
INSERT INTO BRANCH_FOOD (ID_BranchFood, Available, ID_Branch, ID_Food) VALUES (160, 1, 15, 36);
INSERT INTO BRANCH_FOOD (ID_BranchFood, Available, ID_Branch, ID_Food) VALUES (161, 1, 9, 15);
INSERT INTO BRANCH_FOOD (ID_BranchFood, Available, ID_Branch, ID_Food) VALUES (162, 1, 2, 37);
INSERT INTO BRANCH_FOOD (ID_BranchFood, Available, ID_Branch, ID_Food) VALUES (163, 1, 4, 39);
INSERT INTO BRANCH_FOOD (ID_BranchFood, Available, ID_Branch, ID_Food) VALUES (164, 1, 11, 20);
INSERT INTO BRANCH_FOOD (ID_BranchFood, Available, ID_Branch, ID_Food) VALUES (165, 1, 1, 47);
INSERT INTO BRANCH_FOOD (ID_BranchFood, Available, ID_Branch, ID_Food) VALUES (166, 1, 6, 39);
INSERT INTO BRANCH_FOOD (ID_BranchFood, Available, ID_Branch, ID_Food) VALUES (167, 1, 4, 6);
INSERT INTO BRANCH_FOOD (ID_BranchFood, Available, ID_Branch, ID_Food) VALUES (168, 1, 4, 3);
INSERT INTO BRANCH_FOOD (ID_BranchFood, Available, ID_Branch, ID_Food) VALUES (169, 1, 5, 34);
INSERT INTO BRANCH_FOOD (ID_BranchFood, Available, ID_Branch, ID_Food) VALUES (170, 1, 15, 27);
INSERT INTO BRANCH_FOOD (ID_BranchFood, Available, ID_Branch, ID_Food) VALUES (171, 1, 7, 48);
INSERT INTO BRANCH_FOOD (ID_BranchFood, Available, ID_Branch, ID_Food) VALUES (172, 1, 1, 10);
INSERT INTO BRANCH_FOOD (ID_BranchFood, Available, ID_Branch, ID_Food) VALUES (173, 1, 1, 52);
INSERT INTO BRANCH_FOOD (ID_BranchFood, Available, ID_Branch, ID_Food) VALUES (174, 1, 6, 56);
INSERT INTO BRANCH_FOOD (ID_BranchFood, Available, ID_Branch, ID_Food) VALUES (175, 1, 7, 18);
INSERT INTO BRANCH_FOOD (ID_BranchFood, Available, ID_Branch, ID_Food) VALUES (176, 1, 7, 2);
INSERT INTO BRANCH_FOOD (ID_BranchFood, Available, ID_Branch, ID_Food) VALUES (177, 0, 13, 57);
INSERT INTO BRANCH_FOOD (ID_BranchFood, Available, ID_Branch, ID_Food) VALUES (178, 0, 3, 49);
INSERT INTO BRANCH_FOOD (ID_BranchFood, Available, ID_Branch, ID_Food) VALUES (179, 1, 9, 30);
INSERT INTO BRANCH_FOOD (ID_BranchFood, Available, ID_Branch, ID_Food) VALUES (180, 1, 10, 5);
INSERT INTO BRANCH_FOOD (ID_BranchFood, Available, ID_Branch, ID_Food) VALUES (181, 1, 2, 39);
INSERT INTO BRANCH_FOOD (ID_BranchFood, Available, ID_Branch, ID_Food) VALUES (182, 1, 2, 34);
INSERT INTO BRANCH_FOOD (ID_BranchFood, Available, ID_Branch, ID_Food) VALUES (183, 1, 15, 20);
INSERT INTO BRANCH_FOOD (ID_BranchFood, Available, ID_Branch, ID_Food) VALUES (184, 1, 12, 55);
INSERT INTO BRANCH_FOOD (ID_BranchFood, Available, ID_Branch, ID_Food) VALUES (185, 1, 3, 50);
INSERT INTO BRANCH_FOOD (ID_BranchFood, Available, ID_Branch, ID_Food) VALUES (186, 1, 10, 27);
INSERT INTO BRANCH_FOOD (ID_BranchFood, Available, ID_Branch, ID_Food) VALUES (187, 1, 13, 49);
INSERT INTO BRANCH_FOOD (ID_BranchFood, Available, ID_Branch, ID_Food) VALUES (188, 1, 14, 13);
INSERT INTO BRANCH_FOOD (ID_BranchFood, Available, ID_Branch, ID_Food) VALUES (189, 1, 2, 56);
INSERT INTO BRANCH_FOOD (ID_BranchFood, Available, ID_Branch, ID_Food) VALUES (190, 1, 11, 7);
INSERT INTO BRANCH_FOOD (ID_BranchFood, Available, ID_Branch, ID_Food) VALUES (191, 1, 3, 55);
INSERT INTO BRANCH_FOOD (ID_BranchFood, Available, ID_Branch, ID_Food) VALUES (192, 1, 7, 13);
INSERT INTO BRANCH_FOOD (ID_BranchFood, Available, ID_Branch, ID_Food) VALUES (193, 1, 1, 16);
INSERT INTO BRANCH_FOOD (ID_BranchFood, Available, ID_Branch, ID_Food) VALUES (194, 0, 6, 2);
INSERT INTO BRANCH_FOOD (ID_BranchFood, Available, ID_Branch, ID_Food) VALUES (195, 1, 6, 40);
INSERT INTO BRANCH_FOOD (ID_BranchFood, Available, ID_Branch, ID_Food) VALUES (196, 1, 9, 3);
INSERT INTO BRANCH_FOOD (ID_BranchFood, Available, ID_Branch, ID_Food) VALUES (197, 1, 5, 13);
INSERT INTO BRANCH_FOOD (ID_BranchFood, Available, ID_Branch, ID_Food) VALUES (198, 1, 4, 40);
INSERT INTO BRANCH_FOOD (ID_BranchFood, Available, ID_Branch, ID_Food) VALUES (199, 1, 6, 47);
INSERT INTO BRANCH_FOOD (ID_BranchFood, Available, ID_Branch, ID_Food) VALUES (200, 0, 10, 30);
INSERT INTO BRANCH_FOOD (ID_BranchFood, Available, ID_Branch, ID_Food) VALUES (201, 1, 2, 8);
INSERT INTO BRANCH_FOOD (ID_BranchFood, Available, ID_Branch, ID_Food) VALUES (202, 1, 2, 28);
INSERT INTO BRANCH_FOOD (ID_BranchFood, Available, ID_Branch, ID_Food) VALUES (203, 1, 8, 44);
INSERT INTO BRANCH_FOOD (ID_BranchFood, Available, ID_Branch, ID_Food) VALUES (204, 1, 10, 45);
INSERT INTO BRANCH_FOOD (ID_BranchFood, Available, ID_Branch, ID_Food) VALUES (205, 0, 15, 4);
INSERT INTO BRANCH_FOOD (ID_BranchFood, Available, ID_Branch, ID_Food) VALUES (206, 1, 10, 36);
INSERT INTO BRANCH_FOOD (ID_BranchFood, Available, ID_Branch, ID_Food) VALUES (207, 1, 4, 5);
INSERT INTO BRANCH_FOOD (ID_BranchFood, Available, ID_Branch, ID_Food) VALUES (208, 1, 2, 51);
INSERT INTO BRANCH_FOOD (ID_BranchFood, Available, ID_Branch, ID_Food) VALUES (209, 1, 1, 35);
INSERT INTO BRANCH_FOOD (ID_BranchFood, Available, ID_Branch, ID_Food) VALUES (210, 1, 7, 14);
INSERT INTO BRANCH_FOOD (ID_BranchFood, Available, ID_Branch, ID_Food) VALUES (211, 1, 13, 50);
INSERT INTO BRANCH_FOOD (ID_BranchFood, Available, ID_Branch, ID_Food) VALUES (212, 1, 2, 21);
INSERT INTO BRANCH_FOOD (ID_BranchFood, Available, ID_Branch, ID_Food) VALUES (213, 1, 10, 21);
INSERT INTO BRANCH_FOOD (ID_BranchFood, Available, ID_Branch, ID_Food) VALUES (214, 1, 5, 27);
INSERT INTO BRANCH_FOOD (ID_BranchFood, Available, ID_Branch, ID_Food) VALUES (215, 1, 5, 1);
INSERT INTO BRANCH_FOOD (ID_BranchFood, Available, ID_Branch, ID_Food) VALUES (216, 1, 7, 8);
INSERT INTO BRANCH_FOOD (ID_BranchFood, Available, ID_Branch, ID_Food) VALUES (217, 1, 3, 52);
INSERT INTO BRANCH_FOOD (ID_BranchFood, Available, ID_Branch, ID_Food) VALUES (218, 1, 4, 54);
INSERT INTO BRANCH_FOOD (ID_BranchFood, Available, ID_Branch, ID_Food) VALUES (219, 1, 1, 2);
INSERT INTO BRANCH_FOOD (ID_BranchFood, Available, ID_Branch, ID_Food) VALUES (220, 1, 2, 40);
INSERT INTO BRANCH_FOOD (ID_BranchFood, Available, ID_Branch, ID_Food) VALUES (221, 1, 2, 54);
INSERT INTO BRANCH_FOOD (ID_BranchFood, Available, ID_Branch, ID_Food) VALUES (222, 1, 7, 40);
INSERT INTO BRANCH_FOOD (ID_BranchFood, Available, ID_Branch, ID_Food) VALUES (223, 1, 9, 47);
INSERT INTO BRANCH_FOOD (ID_BranchFood, Available, ID_Branch, ID_Food) VALUES (224, 1, 13, 27);
INSERT INTO BRANCH_FOOD (ID_BranchFood, Available, ID_Branch, ID_Food) VALUES (225, 0, 9, 34);
INSERT INTO BRANCH_FOOD (ID_BranchFood, Available, ID_Branch, ID_Food) VALUES (226, 1, 10, 15);
INSERT INTO BRANCH_FOOD (ID_BranchFood, Available, ID_Branch, ID_Food) VALUES (227, 0, 6, 17);
INSERT INTO BRANCH_FOOD (ID_BranchFood, Available, ID_Branch, ID_Food) VALUES (228, 1, 11, 13);
INSERT INTO BRANCH_FOOD (ID_BranchFood, Available, ID_Branch, ID_Food) VALUES (229, 1, 8, 17);
INSERT INTO BRANCH_FOOD (ID_BranchFood, Available, ID_Branch, ID_Food) VALUES (230, 1, 4, 15);
INSERT INTO BRANCH_FOOD (ID_BranchFood, Available, ID_Branch, ID_Food) VALUES (231, 1, 12, 56);
INSERT INTO BRANCH_FOOD (ID_BranchFood, Available, ID_Branch, ID_Food) VALUES (232, 1, 1, 6);
INSERT INTO BRANCH_FOOD (ID_BranchFood, Available, ID_Branch, ID_Food) VALUES (233, 1, 10, 10);
INSERT INTO BRANCH_FOOD (ID_BranchFood, Available, ID_Branch, ID_Food) VALUES (234, 1, 11, 30);
INSERT INTO BRANCH_FOOD (ID_BranchFood, Available, ID_Branch, ID_Food) VALUES (235, 0, 11, 55);
INSERT INTO BRANCH_FOOD (ID_BranchFood, Available, ID_Branch, ID_Food) VALUES (236, 1, 15, 25);
INSERT INTO BRANCH_FOOD (ID_BranchFood, Available, ID_Branch, ID_Food) VALUES (237, 1, 7, 31);
INSERT INTO BRANCH_FOOD (ID_BranchFood, Available, ID_Branch, ID_Food) VALUES (238, 1, 14, 56);
INSERT INTO BRANCH_FOOD (ID_BranchFood, Available, ID_Branch, ID_Food) VALUES (239, 1, 7, 5);
INSERT INTO BRANCH_FOOD (ID_BranchFood, Available, ID_Branch, ID_Food) VALUES (240, 0, 1, 21);
INSERT INTO BRANCH_FOOD (ID_BranchFood, Available, ID_Branch, ID_Food) VALUES (241, 1, 11, 27);
INSERT INTO BRANCH_FOOD (ID_BranchFood, Available, ID_Branch, ID_Food) VALUES (242, 1, 4, 16);
INSERT INTO BRANCH_FOOD (ID_BranchFood, Available, ID_Branch, ID_Food) VALUES (243, 1, 5, 8);
INSERT INTO BRANCH_FOOD (ID_BranchFood, Available, ID_Branch, ID_Food) VALUES (244, 1, 6, 33);
INSERT INTO BRANCH_FOOD (ID_BranchFood, Available, ID_Branch, ID_Food) VALUES (245, 1, 1, 8);
INSERT INTO BRANCH_FOOD (ID_BranchFood, Available, ID_Branch, ID_Food) VALUES (246, 1, 8, 6);
INSERT INTO BRANCH_FOOD (ID_BranchFood, Available, ID_Branch, ID_Food) VALUES (247, 0, 8, 29);
INSERT INTO BRANCH_FOOD (ID_BranchFood, Available, ID_Branch, ID_Food) VALUES (248, 1, 15, 29);
INSERT INTO BRANCH_FOOD (ID_BranchFood, Available, ID_Branch, ID_Food) VALUES (249, 1, 15, 53);
INSERT INTO BRANCH_FOOD (ID_BranchFood, Available, ID_Branch, ID_Food) VALUES (250, 1, 12, 15);
INSERT INTO BRANCH_FOOD (ID_BranchFood, Available, ID_Branch, ID_Food) VALUES (251, 1, 9, 2);
INSERT INTO BRANCH_FOOD (ID_BranchFood, Available, ID_Branch, ID_Food) VALUES (252, 1, 13, 51);
INSERT INTO BRANCH_FOOD (ID_BranchFood, Available, ID_Branch, ID_Food) VALUES (253, 1, 12, 3);
INSERT INTO BRANCH_FOOD (ID_BranchFood, Available, ID_Branch, ID_Food) VALUES (254, 1, 15, 6);
INSERT INTO BRANCH_FOOD (ID_BranchFood, Available, ID_Branch, ID_Food) VALUES (255, 1, 2, 24);
INSERT INTO BRANCH_FOOD (ID_BranchFood, Available, ID_Branch, ID_Food) VALUES (256, 1, 12, 38);
INSERT INTO BRANCH_FOOD (ID_BranchFood, Available, ID_Branch, ID_Food) VALUES (257, 0, 13, 46);
INSERT INTO BRANCH_FOOD (ID_BranchFood, Available, ID_Branch, ID_Food) VALUES (258, 0, 5, 30);
INSERT INTO BRANCH_FOOD (ID_BranchFood, Available, ID_Branch, ID_Food) VALUES (259, 0, 5, 9);
INSERT INTO BRANCH_FOOD (ID_BranchFood, Available, ID_Branch, ID_Food) VALUES (260, 0, 10, 13);
INSERT INTO BRANCH_FOOD (ID_BranchFood, Available, ID_Branch, ID_Food) VALUES (261, 0, 2, 6);
INSERT INTO BRANCH_FOOD (ID_BranchFood, Available, ID_Branch, ID_Food) VALUES (262, 1, 5, 18);
INSERT INTO BRANCH_FOOD (ID_BranchFood, Available, ID_Branch, ID_Food) VALUES (263, 0, 8, 45);
INSERT INTO BRANCH_FOOD (ID_BranchFood, Available, ID_Branch, ID_Food) VALUES (264, 0, 14, 5);
INSERT INTO BRANCH_FOOD (ID_BranchFood, Available, ID_Branch, ID_Food) VALUES (265, 1, 13, 47);
INSERT INTO BRANCH_FOOD (ID_BranchFood, Available, ID_Branch, ID_Food) VALUES (266, 1, 6, 54);
INSERT INTO BRANCH_FOOD (ID_BranchFood, Available, ID_Branch, ID_Food) VALUES (267, 1, 4, 23);
INSERT INTO BRANCH_FOOD (ID_BranchFood, Available, ID_Branch, ID_Food) VALUES (268, 1, 4, 14);
INSERT INTO BRANCH_FOOD (ID_BranchFood, Available, ID_Branch, ID_Food) VALUES (269, 1, 11, 36);
INSERT INTO BRANCH_FOOD (ID_BranchFood, Available, ID_Branch, ID_Food) VALUES (270, 1, 13, 20);
INSERT INTO BRANCH_FOOD (ID_BranchFood, Available, ID_Branch, ID_Food) VALUES (271, 0, 11, 43);
INSERT INTO BRANCH_FOOD (ID_BranchFood, Available, ID_Branch, ID_Food) VALUES (272, 1, 8, 15);
INSERT INTO BRANCH_FOOD (ID_BranchFood, Available, ID_Branch, ID_Food) VALUES (273, 0, 4, 8);
INSERT INTO BRANCH_FOOD (ID_BranchFood, Available, ID_Branch, ID_Food) VALUES (274, 1, 7, 30);
INSERT INTO BRANCH_FOOD (ID_BranchFood, Available, ID_Branch, ID_Food) VALUES (275, 1, 14, 52);
INSERT INTO BRANCH_FOOD (ID_BranchFood, Available, ID_Branch, ID_Food) VALUES (276, 1, 14, 8);
INSERT INTO BRANCH_FOOD (ID_BranchFood, Available, ID_Branch, ID_Food) VALUES (277, 1, 3, 13);
INSERT INTO BRANCH_FOOD (ID_BranchFood, Available, ID_Branch, ID_Food) VALUES (278, 1, 12, 54);
INSERT INTO BRANCH_FOOD (ID_BranchFood, Available, ID_Branch, ID_Food) VALUES (279, 1, 6, 35);
INSERT INTO BRANCH_FOOD (ID_BranchFood, Available, ID_Branch, ID_Food) VALUES (280, 0, 5, 24);
INSERT INTO BRANCH_FOOD (ID_BranchFood, Available, ID_Branch, ID_Food) VALUES (281, 1, 8, 2);
INSERT INTO BRANCH_FOOD (ID_BranchFood, Available, ID_Branch, ID_Food) VALUES (282, 1, 8, 13);
INSERT INTO BRANCH_FOOD (ID_BranchFood, Available, ID_Branch, ID_Food) VALUES (283, 1, 14, 20);
INSERT INTO BRANCH_FOOD (ID_BranchFood, Available, ID_Branch, ID_Food) VALUES (284, 1, 1, 42);
INSERT INTO BRANCH_FOOD (ID_BranchFood, Available, ID_Branch, ID_Food) VALUES (285, 1, 2, 55);
INSERT INTO BRANCH_FOOD (ID_BranchFood, Available, ID_Branch, ID_Food) VALUES (286, 1, 5, 3);
INSERT INTO BRANCH_FOOD (ID_BranchFood, Available, ID_Branch, ID_Food) VALUES (287, 0, 9, 36);
INSERT INTO BRANCH_FOOD (ID_BranchFood, Available, ID_Branch, ID_Food) VALUES (288, 1, 14, 10);
INSERT INTO BRANCH_FOOD (ID_BranchFood, Available, ID_Branch, ID_Food) VALUES (289, 1, 10, 42);
INSERT INTO BRANCH_FOOD (ID_BranchFood, Available, ID_Branch, ID_Food) VALUES (290, 0, 1, 5);
INSERT INTO BRANCH_FOOD (ID_BranchFood, Available, ID_Branch, ID_Food) VALUES (291, 1, 7, 11);
INSERT INTO BRANCH_FOOD (ID_BranchFood, Available, ID_Branch, ID_Food) VALUES (292, 1, 6, 21);
INSERT INTO BRANCH_FOOD (ID_BranchFood, Available, ID_Branch, ID_Food) VALUES (293, 1, 15, 42);
INSERT INTO BRANCH_FOOD (ID_BranchFood, Available, ID_Branch, ID_Food) VALUES (294, 1, 8, 20);
INSERT INTO BRANCH_FOOD (ID_BranchFood, Available, ID_Branch, ID_Food) VALUES (295, 1, 12, 13);
INSERT INTO BRANCH_FOOD (ID_BranchFood, Available, ID_Branch, ID_Food) VALUES (296, 1, 9, 8);
INSERT INTO BRANCH_FOOD (ID_BranchFood, Available, ID_Branch, ID_Food) VALUES (297, 1, 12, 47);
INSERT INTO BRANCH_FOOD (ID_BranchFood, Available, ID_Branch, ID_Food) VALUES (298, 1, 2, 9);
INSERT INTO BRANCH_FOOD (ID_BranchFood, Available, ID_Branch, ID_Food) VALUES (299, 0, 15, 52);
INSERT INTO BRANCH_FOOD (ID_BranchFood, Available, ID_Branch, ID_Food) VALUES (300, 1, 14, 30);
INSERT INTO BRANCH_FOOD (ID_BranchFood, Available, ID_Branch, ID_Food) VALUES (301, 1, 4, 30);
INSERT INTO BRANCH_FOOD (ID_BranchFood, Available, ID_Branch, ID_Food) VALUES (302, 1, 6, 16);
INSERT INTO BRANCH_FOOD (ID_BranchFood, Available, ID_Branch, ID_Food) VALUES (303, 1, 9, 40);
INSERT INTO BRANCH_FOOD (ID_BranchFood, Available, ID_Branch, ID_Food) VALUES (304, 1, 15, 35);
INSERT INTO BRANCH_FOOD (ID_BranchFood, Available, ID_Branch, ID_Food) VALUES (305, 1, 15, 21);
INSERT INTO BRANCH_FOOD (ID_BranchFood, Available, ID_Branch, ID_Food) VALUES (306, 1, 13, 42);
INSERT INTO BRANCH_FOOD (ID_BranchFood, Available, ID_Branch, ID_Food) VALUES (307, 1, 13, 12);
INSERT INTO BRANCH_FOOD (ID_BranchFood, Available, ID_Branch, ID_Food) VALUES (308, 1, 1, 4);
INSERT INTO BRANCH_FOOD (ID_BranchFood, Available, ID_Branch, ID_Food) VALUES (309, 1, 11, 10);
INSERT INTO BRANCH_FOOD (ID_BranchFood, Available, ID_Branch, ID_Food) VALUES (310, 1, 8, 16);
INSERT INTO BRANCH_FOOD (ID_BranchFood, Available, ID_Branch, ID_Food) VALUES (311, 1, 6, 7);
INSERT INTO BRANCH_FOOD (ID_BranchFood, Available, ID_Branch, ID_Food) VALUES (312, 1, 9, 27);
INSERT INTO BRANCH_FOOD (ID_BranchFood, Available, ID_Branch, ID_Food) VALUES (313, 1, 13, 35);
INSERT INTO BRANCH_FOOD (ID_BranchFood, Available, ID_Branch, ID_Food) VALUES (314, 0, 11, 2);
INSERT INTO BRANCH_FOOD (ID_BranchFood, Available, ID_Branch, ID_Food) VALUES (315, 1, 13, 16);
INSERT INTO BRANCH_FOOD (ID_BranchFood, Available, ID_Branch, ID_Food) VALUES (316, 1, 11, 16);
INSERT INTO BRANCH_FOOD (ID_BranchFood, Available, ID_Branch, ID_Food) VALUES (317, 1, 12, 37);
INSERT INTO BRANCH_FOOD (ID_BranchFood, Available, ID_Branch, ID_Food) VALUES (318, 0, 3, 27);
INSERT INTO BRANCH_FOOD (ID_BranchFood, Available, ID_Branch, ID_Food) VALUES (319, 0, 14, 55);
INSERT INTO BRANCH_FOOD (ID_BranchFood, Available, ID_Branch, ID_Food) VALUES (320, 1, 5, 35);
INSERT INTO BRANCH_FOOD (ID_BranchFood, Available, ID_Branch, ID_Food) VALUES (321, 1, 9, 23);
INSERT INTO BRANCH_FOOD (ID_BranchFood, Available, ID_Branch, ID_Food) VALUES (322, 1, 15, 47);
INSERT INTO BRANCH_FOOD (ID_BranchFood, Available, ID_Branch, ID_Food) VALUES (323, 0, 9, 16);
INSERT INTO BRANCH_FOOD (ID_BranchFood, Available, ID_Branch, ID_Food) VALUES (324, 1, 8, 19);
INSERT INTO BRANCH_FOOD (ID_BranchFood, Available, ID_Branch, ID_Food) VALUES (325, 0, 3, 53);
INSERT INTO BRANCH_FOOD (ID_BranchFood, Available, ID_Branch, ID_Food) VALUES (326, 1, 15, 40);
INSERT INTO BRANCH_FOOD (ID_BranchFood, Available, ID_Branch, ID_Food) VALUES (327, 0, 5, 25);
INSERT INTO BRANCH_FOOD (ID_BranchFood, Available, ID_Branch, ID_Food) VALUES (328, 1, 11, 58);
INSERT INTO BRANCH_FOOD (ID_BranchFood, Available, ID_Branch, ID_Food) VALUES (329, 1, 11, 33);
INSERT INTO BRANCH_FOOD (ID_BranchFood, Available, ID_Branch, ID_Food) VALUES (330, 1, 12, 41);
INSERT INTO BRANCH_FOOD (ID_BranchFood, Available, ID_Branch, ID_Food) VALUES (331, 1, 14, 34);
INSERT INTO BRANCH_FOOD (ID_BranchFood, Available, ID_Branch, ID_Food) VALUES (332, 1, 13, 4);
INSERT INTO BRANCH_FOOD (ID_BranchFood, Available, ID_Branch, ID_Food) VALUES (333, 1, 6, 42);
INSERT INTO BRANCH_FOOD (ID_BranchFood, Available, ID_Branch, ID_Food) VALUES (334, 1, 4, 9);
INSERT INTO BRANCH_FOOD (ID_BranchFood, Available, ID_Branch, ID_Food) VALUES (335, 1, 12, 53);
INSERT INTO BRANCH_FOOD (ID_BranchFood, Available, ID_Branch, ID_Food) VALUES (336, 0, 12, 30);
INSERT INTO BRANCH_FOOD (ID_BranchFood, Available, ID_Branch, ID_Food) VALUES (337, 1, 1, 23);
INSERT INTO BRANCH_FOOD (ID_BranchFood, Available, ID_Branch, ID_Food) VALUES (338, 1, 4, 25);
INSERT INTO BRANCH_FOOD (ID_BranchFood, Available, ID_Branch, ID_Food) VALUES (339, 1, 14, 37);
INSERT INTO BRANCH_FOOD (ID_BranchFood, Available, ID_Branch, ID_Food) VALUES (340, 0, 6, 18);
INSERT INTO BRANCH_FOOD (ID_BranchFood, Available, ID_Branch, ID_Food) VALUES (341, 1, 2, 12);
INSERT INTO BRANCH_FOOD (ID_BranchFood, Available, ID_Branch, ID_Food) VALUES (342, 1, 8, 4);
INSERT INTO BRANCH_FOOD (ID_BranchFood, Available, ID_Branch, ID_Food) VALUES (343, 0, 8, 47);
INSERT INTO BRANCH_FOOD (ID_BranchFood, Available, ID_Branch, ID_Food) VALUES (344, 0, 8, 23);
INSERT INTO BRANCH_FOOD (ID_BranchFood, Available, ID_Branch, ID_Food) VALUES (345, 1, 8, 21);
INSERT INTO BRANCH_FOOD (ID_BranchFood, Available, ID_Branch, ID_Food) VALUES (346, 1, 3, 25);
INSERT INTO BRANCH_FOOD (ID_BranchFood, Available, ID_Branch, ID_Food) VALUES (347, 1, 3, 12);
INSERT INTO BRANCH_FOOD (ID_BranchFood, Available, ID_Branch, ID_Food) VALUES (348, 1, 14, 17);
INSERT INTO BRANCH_FOOD (ID_BranchFood, Available, ID_Branch, ID_Food) VALUES (349, 1, 13, 10);
INSERT INTO BRANCH_FOOD (ID_BranchFood, Available, ID_Branch, ID_Food) VALUES (350, 1, 2, 38);
INSERT INTO BRANCH_FOOD (ID_BranchFood, Available, ID_Branch, ID_Food) VALUES (351, 1, 14, 12);
INSERT INTO BRANCH_FOOD (ID_BranchFood, Available, ID_Branch, ID_Food) VALUES (352, 0, 4, 1);
INSERT INTO BRANCH_FOOD (ID_BranchFood, Available, ID_Branch, ID_Food) VALUES (353, 0, 7, 17);
INSERT INTO BRANCH_FOOD (ID_BranchFood, Available, ID_Branch, ID_Food) VALUES (354, 1, 5, 7);
INSERT INTO BRANCH_FOOD (ID_BranchFood, Available, ID_Branch, ID_Food) VALUES (355, 0, 11, 6);
INSERT INTO BRANCH_FOOD (ID_BranchFood, Available, ID_Branch, ID_Food) VALUES (356, 1, 9, 50);
INSERT INTO BRANCH_FOOD (ID_BranchFood, Available, ID_Branch, ID_Food) VALUES (357, 1, 3, 54);
INSERT INTO BRANCH_FOOD (ID_BranchFood, Available, ID_Branch, ID_Food) VALUES (358, 1, 3, 5);
INSERT INTO BRANCH_FOOD (ID_BranchFood, Available, ID_Branch, ID_Food) VALUES (359, 1, 9, 52);
INSERT INTO BRANCH_FOOD (ID_BranchFood, Available, ID_Branch, ID_Food) VALUES (360, 1, 5, 14);
INSERT INTO BRANCH_FOOD (ID_BranchFood, Available, ID_Branch, ID_Food) VALUES (361, 1, 11, 15);
INSERT INTO BRANCH_FOOD (ID_BranchFood, Available, ID_Branch, ID_Food) VALUES (362, 1, 2, 57);
INSERT INTO BRANCH_FOOD (ID_BranchFood, Available, ID_Branch, ID_Food) VALUES (363, 1, 13, 2);
INSERT INTO BRANCH_FOOD (ID_BranchFood, Available, ID_Branch, ID_Food) VALUES (364, 1, 14, 53);
INSERT INTO BRANCH_FOOD (ID_BranchFood, Available, ID_Branch, ID_Food) VALUES (365, 1, 5, 39);
INSERT INTO BRANCH_FOOD (ID_BranchFood, Available, ID_Branch, ID_Food) VALUES (366, 1, 15, 8);
INSERT INTO BRANCH_FOOD (ID_BranchFood, Available, ID_Branch, ID_Food) VALUES (367, 0, 3, 17);
INSERT INTO BRANCH_FOOD (ID_BranchFood, Available, ID_Branch, ID_Food) VALUES (368, 1, 5, 21);
INSERT INTO BRANCH_FOOD (ID_BranchFood, Available, ID_Branch, ID_Food) VALUES (369, 1, 2, 15);
INSERT INTO BRANCH_FOOD (ID_BranchFood, Available, ID_Branch, ID_Food) VALUES (370, 1, 3, 45);
INSERT INTO BRANCH_FOOD (ID_BranchFood, Available, ID_Branch, ID_Food) VALUES (371, 1, 4, 41);
INSERT INTO BRANCH_FOOD (ID_BranchFood, Available, ID_Branch, ID_Food) VALUES (372, 1, 13, 28);
INSERT INTO BRANCH_FOOD (ID_BranchFood, Available, ID_Branch, ID_Food) VALUES (373, 1, 6, 30);
INSERT INTO BRANCH_FOOD (ID_BranchFood, Available, ID_Branch, ID_Food) VALUES (374, 1, 10, 28);
INSERT INTO BRANCH_FOOD (ID_BranchFood, Available, ID_Branch, ID_Food) VALUES (375, 0, 1, 24);
INSERT INTO BRANCH_FOOD (ID_BranchFood, Available, ID_Branch, ID_Food) VALUES (376, 1, 9, 41);
INSERT INTO BRANCH_FOOD (ID_BranchFood, Available, ID_Branch, ID_Food) VALUES (377, 1, 2, 22);
INSERT INTO BRANCH_FOOD (ID_BranchFood, Available, ID_Branch, ID_Food) VALUES (378, 1, 2, 20);
INSERT INTO BRANCH_FOOD (ID_BranchFood, Available, ID_Branch, ID_Food) VALUES (379, 1, 10, 4);
INSERT INTO BRANCH_FOOD (ID_BranchFood, Available, ID_Branch, ID_Food) VALUES (380, 1, 2, 3);
INSERT INTO BRANCH_FOOD (ID_BranchFood, Available, ID_Branch, ID_Food) VALUES (381, 1, 2, 18);
INSERT INTO BRANCH_FOOD (ID_BranchFood, Available, ID_Branch, ID_Food) VALUES (382, 1, 1, 56);
INSERT INTO BRANCH_FOOD (ID_BranchFood, Available, ID_Branch, ID_Food) VALUES (383, 1, 1, 26);
INSERT INTO BRANCH_FOOD (ID_BranchFood, Available, ID_Branch, ID_Food) VALUES (384, 1, 7, 47);
INSERT INTO BRANCH_FOOD (ID_BranchFood, Available, ID_Branch, ID_Food) VALUES (385, 0, 7, 37);
INSERT INTO BRANCH_FOOD (ID_BranchFood, Available, ID_Branch, ID_Food) VALUES (386, 1, 5, 48);
INSERT INTO BRANCH_FOOD (ID_BranchFood, Available, ID_Branch, ID_Food) VALUES (387, 1, 14, 42);
INSERT INTO BRANCH_FOOD (ID_BranchFood, Available, ID_Branch, ID_Food) VALUES (388, 1, 8, 11);
INSERT INTO BRANCH_FOOD (ID_BranchFood, Available, ID_Branch, ID_Food) VALUES (389, 1, 1, 30);
INSERT INTO BRANCH_FOOD (ID_BranchFood, Available, ID_Branch, ID_Food) VALUES (390, 1, 14, 50);
INSERT INTO BRANCH_FOOD (ID_BranchFood, Available, ID_Branch, ID_Food) VALUES (391, 0, 4, 42);
INSERT INTO BRANCH_FOOD (ID_BranchFood, Available, ID_Branch, ID_Food) VALUES (392, 0, 10, 7);
INSERT INTO BRANCH_FOOD (ID_BranchFood, Available, ID_Branch, ID_Food) VALUES (393, 1, 3, 28);
INSERT INTO BRANCH_FOOD (ID_BranchFood, Available, ID_Branch, ID_Food) VALUES (394, 0, 12, 28);
INSERT INTO BRANCH_FOOD (ID_BranchFood, Available, ID_Branch, ID_Food) VALUES (395, 0, 13, 36);
INSERT INTO BRANCH_FOOD (ID_BranchFood, Available, ID_Branch, ID_Food) VALUES (396, 1, 11, 37);
INSERT INTO BRANCH_FOOD (ID_BranchFood, Available, ID_Branch, ID_Food) VALUES (397, 1, 3, 9);
INSERT INTO BRANCH_FOOD (ID_BranchFood, Available, ID_Branch, ID_Food) VALUES (398, 1, 13, 21);
INSERT INTO BRANCH_FOOD (ID_BranchFood, Available, ID_Branch, ID_Food) VALUES (399, 1, 11, 9);
INSERT INTO BRANCH_FOOD (ID_BranchFood, Available, ID_Branch, ID_Food) VALUES (400, 1, 15, 43);
INSERT INTO BRANCH_FOOD (ID_BranchFood, Available, ID_Branch, ID_Food) VALUES (401, 1, 1, 12);
INSERT INTO BRANCH_FOOD (ID_BranchFood, Available, ID_Branch, ID_Food) VALUES (402, 1, 15, 17);
INSERT INTO BRANCH_FOOD (ID_BranchFood, Available, ID_Branch, ID_Food) VALUES (403, 1, 7, 4);
INSERT INTO BRANCH_FOOD (ID_BranchFood, Available, ID_Branch, ID_Food) VALUES (404, 1, 13, 19);
INSERT INTO BRANCH_FOOD (ID_BranchFood, Available, ID_Branch, ID_Food) VALUES (405, 1, 5, 19);
INSERT INTO BRANCH_FOOD (ID_BranchFood, Available, ID_Branch, ID_Food) VALUES (406, 1, 14, 9);
INSERT INTO BRANCH_FOOD (ID_BranchFood, Available, ID_Branch, ID_Food) VALUES (407, 1, 15, 44);
INSERT INTO BRANCH_FOOD (ID_BranchFood, Available, ID_Branch, ID_Food) VALUES (408, 1, 9, 29);
INSERT INTO BRANCH_FOOD (ID_BranchFood, Available, ID_Branch, ID_Food) VALUES (409, 0, 13, 39);
INSERT INTO BRANCH_FOOD (ID_BranchFood, Available, ID_Branch, ID_Food) VALUES (410, 1, 7, 50);
INSERT INTO BRANCH_FOOD (ID_BranchFood, Available, ID_Branch, ID_Food) VALUES (411, 1, 1, 40);
INSERT INTO BRANCH_FOOD (ID_BranchFood, Available, ID_Branch, ID_Food) VALUES (412, 0, 6, 41);
INSERT INTO BRANCH_FOOD (ID_BranchFood, Available, ID_Branch, ID_Food) VALUES (413, 1, 1, 41);
INSERT INTO BRANCH_FOOD (ID_BranchFood, Available, ID_Branch, ID_Food) VALUES (414, 1, 13, 24);
INSERT INTO BRANCH_FOOD (ID_BranchFood, Available, ID_Branch, ID_Food) VALUES (415, 1, 9, 12);
INSERT INTO BRANCH_FOOD (ID_BranchFood, Available, ID_Branch, ID_Food) VALUES (416, 1, 4, 47);
INSERT INTO BRANCH_FOOD (ID_BranchFood, Available, ID_Branch, ID_Food) VALUES (417, 1, 6, 53);
INSERT INTO BRANCH_FOOD (ID_BranchFood, Available, ID_Branch, ID_Food) VALUES (418, 1, 9, 43);
INSERT INTO BRANCH_FOOD (ID_BranchFood, Available, ID_Branch, ID_Food) VALUES (419, 1, 14, 57);
INSERT INTO BRANCH_FOOD (ID_BranchFood, Available, ID_Branch, ID_Food) VALUES (420, 1, 2, 27);
INSERT INTO BRANCH_FOOD (ID_BranchFood, Available, ID_Branch, ID_Food) VALUES (421, 1, 11, 40);
INSERT INTO BRANCH_FOOD (ID_BranchFood, Available, ID_Branch, ID_Food) VALUES (422, 0, 1, 32);
INSERT INTO BRANCH_FOOD (ID_BranchFood, Available, ID_Branch, ID_Food) VALUES (423, 1, 7, 42);
INSERT INTO BRANCH_FOOD (ID_BranchFood, Available, ID_Branch, ID_Food) VALUES (424, 1, 4, 4);
INSERT INTO BRANCH_FOOD (ID_BranchFood, Available, ID_Branch, ID_Food) VALUES (425, 1, 11, 24);
INSERT INTO BRANCH_FOOD (ID_BranchFood, Available, ID_Branch, ID_Food) VALUES (426, 1, 8, 41);
INSERT INTO BRANCH_FOOD (ID_BranchFood, Available, ID_Branch, ID_Food) VALUES (427, 1, 12, 22);
INSERT INTO BRANCH_FOOD (ID_BranchFood, Available, ID_Branch, ID_Food) VALUES (428, 1, 2, 13);
INSERT INTO BRANCH_FOOD (ID_BranchFood, Available, ID_Branch, ID_Food) VALUES (429, 1, 11, 21);
INSERT INTO BRANCH_FOOD (ID_BranchFood, Available, ID_Branch, ID_Food) VALUES (430, 1, 5, 41);
INSERT INTO BRANCH_FOOD (ID_BranchFood, Available, ID_Branch, ID_Food) VALUES (431, 0, 10, 18);
INSERT INTO BRANCH_FOOD (ID_BranchFood, Available, ID_Branch, ID_Food) VALUES (432, 1, 6, 34);
INSERT INTO BRANCH_FOOD (ID_BranchFood, Available, ID_Branch, ID_Food) VALUES (433, 1, 6, 55);
INSERT INTO BRANCH_FOOD (ID_BranchFood, Available, ID_Branch, ID_Food) VALUES (434, 1, 15, 10);
INSERT INTO BRANCH_FOOD (ID_BranchFood, Available, ID_Branch, ID_Food) VALUES (435, 1, 3, 38);
INSERT INTO BRANCH_FOOD (ID_BranchFood, Available, ID_Branch, ID_Food) VALUES (436, 1, 14, 25);
INSERT INTO BRANCH_FOOD (ID_BranchFood, Available, ID_Branch, ID_Food) VALUES (437, 1, 13, 45);
INSERT INTO BRANCH_FOOD (ID_BranchFood, Available, ID_Branch, ID_Food) VALUES (438, 1, 15, 5);
INSERT INTO BRANCH_FOOD (ID_BranchFood, Available, ID_Branch, ID_Food) VALUES (439, 1, 8, 33);
INSERT INTO BRANCH_FOOD (ID_BranchFood, Available, ID_Branch, ID_Food) VALUES (440, 0, 15, 9);
INSERT INTO BRANCH_FOOD (ID_BranchFood, Available, ID_Branch, ID_Food) VALUES (441, 1, 4, 27);
INSERT INTO BRANCH_FOOD (ID_BranchFood, Available, ID_Branch, ID_Food) VALUES (442, 0, 9, 55);
INSERT INTO BRANCH_FOOD (ID_BranchFood, Available, ID_Branch, ID_Food) VALUES (443, 1, 8, 31);
INSERT INTO BRANCH_FOOD (ID_BranchFood, Available, ID_Branch, ID_Food) VALUES (444, 1, 10, 50);
INSERT INTO BRANCH_FOOD (ID_BranchFood, Available, ID_Branch, ID_Food) VALUES (445, 0, 10, 52);
INSERT INTO BRANCH_FOOD (ID_BranchFood, Available, ID_Branch, ID_Food) VALUES (446, 1, 7, 20);
INSERT INTO BRANCH_FOOD (ID_BranchFood, Available, ID_Branch, ID_Food) VALUES (447, 1, 8, 42);
INSERT INTO BRANCH_FOOD (ID_BranchFood, Available, ID_Branch, ID_Food) VALUES (448, 1, 6, 52);
INSERT INTO BRANCH_FOOD (ID_BranchFood, Available, ID_Branch, ID_Food) VALUES (449, 1, 12, 12);
INSERT INTO BRANCH_FOOD (ID_BranchFood, Available, ID_Branch, ID_Food) VALUES (450, 1, 3, 30);
INSERT INTO BRANCH_FOOD (ID_BranchFood, Available, ID_Branch, ID_Food) VALUES (451, 0, 9, 33);
INSERT INTO BRANCH_FOOD (ID_BranchFood, Available, ID_Branch, ID_Food) VALUES (452, 1, 11, 4);
INSERT INTO BRANCH_FOOD (ID_BranchFood, Available, ID_Branch, ID_Food) VALUES (453, 0, 13, 25);
INSERT INTO BRANCH_FOOD (ID_BranchFood, Available, ID_Branch, ID_Food) VALUES (454, 1, 3, 40);
INSERT INTO BRANCH_FOOD (ID_BranchFood, Available, ID_Branch, ID_Food) VALUES (455, 1, 12, 18);
INSERT INTO BRANCH_FOOD (ID_BranchFood, Available, ID_Branch, ID_Food) VALUES (456, 0, 10, 25);
INSERT INTO BRANCH_FOOD (ID_BranchFood, Available, ID_Branch, ID_Food) VALUES (457, 1, 3, 21);
INSERT INTO BRANCH_FOOD (ID_BranchFood, Available, ID_Branch, ID_Food) VALUES (458, 1, 1, 38);
INSERT INTO BRANCH_FOOD (ID_BranchFood, Available, ID_Branch, ID_Food) VALUES (459, 1, 7, 34);
INSERT INTO BRANCH_FOOD (ID_BranchFood, Available, ID_Branch, ID_Food) VALUES (460, 0, 10, 54);
INSERT INTO BRANCH_FOOD (ID_BranchFood, Available, ID_Branch, ID_Food) VALUES (461, 0, 13, 9);
INSERT INTO BRANCH_FOOD (ID_BranchFood, Available, ID_Branch, ID_Food) VALUES (462, 0, 2, 16);
INSERT INTO BRANCH_FOOD (ID_BranchFood, Available, ID_Branch, ID_Food) VALUES (463, 1, 5, 10);
INSERT INTO BRANCH_FOOD (ID_BranchFood, Available, ID_Branch, ID_Food) VALUES (464, 1, 9, 6);
INSERT INTO BRANCH_FOOD (ID_BranchFood, Available, ID_Branch, ID_Food) VALUES (465, 1, 12, 27);
INSERT INTO BRANCH_FOOD (ID_BranchFood, Available, ID_Branch, ID_Food) VALUES (466, 1, 12, 49);
INSERT INTO BRANCH_FOOD (ID_BranchFood, Available, ID_Branch, ID_Food) VALUES (467, 1, 15, 2);
INSERT INTO BRANCH_FOOD (ID_BranchFood, Available, ID_Branch, ID_Food) VALUES (468, 0, 9, 51);
INSERT INTO BRANCH_FOOD (ID_BranchFood, Available, ID_Branch, ID_Food) VALUES (469, 1, 7, 51);
INSERT INTO BRANCH_FOOD (ID_BranchFood, Available, ID_Branch, ID_Food) VALUES (470, 1, 6, 37);
INSERT INTO BRANCH_FOOD (ID_BranchFood, Available, ID_Branch, ID_Food) VALUES (471, 0, 5, 43);
INSERT INTO BRANCH_FOOD (ID_BranchFood, Available, ID_Branch, ID_Food) VALUES (472, 1, 5, 45);
INSERT INTO BRANCH_FOOD (ID_BranchFood, Available, ID_Branch, ID_Food) VALUES (473, 1, 4, 7);
INSERT INTO BRANCH_FOOD (ID_BranchFood, Available, ID_Branch, ID_Food) VALUES (474, 1, 5, 54);
INSERT INTO BRANCH_FOOD (ID_BranchFood, Available, ID_Branch, ID_Food) VALUES (475, 1, 12, 39);
INSERT INTO BRANCH_FOOD (ID_BranchFood, Available, ID_Branch, ID_Food) VALUES (476, 1, 3, 47);
INSERT INTO BRANCH_FOOD (ID_BranchFood, Available, ID_Branch, ID_Food) VALUES (477, 1, 6, 36);
INSERT INTO BRANCH_FOOD (ID_BranchFood, Available, ID_Branch, ID_Food) VALUES (478, 1, 5, 6);
INSERT INTO BRANCH_FOOD (ID_BranchFood, Available, ID_Branch, ID_Food) VALUES (479, 0, 11, 57);
INSERT INTO BRANCH_FOOD (ID_BranchFood, Available, ID_Branch, ID_Food) VALUES (480, 0, 13, 34);
INSERT INTO BRANCH_FOOD (ID_BranchFood, Available, ID_Branch, ID_Food) VALUES (481, 1, 10, 49);
INSERT INTO BRANCH_FOOD (ID_BranchFood, Available, ID_Branch, ID_Food) VALUES (482, 1, 7, 12);
INSERT INTO BRANCH_FOOD (ID_BranchFood, Available, ID_Branch, ID_Food) VALUES (483, 0, 15, 49);
INSERT INTO BRANCH_FOOD (ID_BranchFood, Available, ID_Branch, ID_Food) VALUES (484, 1, 4, 52);
INSERT INTO BRANCH_FOOD (ID_BranchFood, Available, ID_Branch, ID_Food) VALUES (485, 0, 7, 39);
INSERT INTO BRANCH_FOOD (ID_BranchFood, Available, ID_Branch, ID_Food) VALUES (486, 1, 8, 9);
INSERT INTO BRANCH_FOOD (ID_BranchFood, Available, ID_Branch, ID_Food) VALUES (487, 1, 11, 35);
INSERT INTO BRANCH_FOOD (ID_BranchFood, Available, ID_Branch, ID_Food) VALUES (488, 1, 11, 1);
INSERT INTO BRANCH_FOOD (ID_BranchFood, Available, ID_Branch, ID_Food) VALUES (489, 0, 10, 26);
INSERT INTO BRANCH_FOOD (ID_BranchFood, Available, ID_Branch, ID_Food) VALUES (490, 1, 15, 15);
INSERT INTO BRANCH_FOOD (ID_BranchFood, Available, ID_Branch, ID_Food) VALUES (491, 1, 8, 49);
INSERT INTO BRANCH_FOOD (ID_BranchFood, Available, ID_Branch, ID_Food) VALUES (492, 1, 12, 8);
INSERT INTO BRANCH_FOOD (ID_BranchFood, Available, ID_Branch, ID_Food) VALUES (493, 1, 7, 55);
INSERT INTO BRANCH_FOOD (ID_BranchFood, Available, ID_Branch, ID_Food) VALUES (494, 1, 12, 21);
INSERT INTO BRANCH_FOOD (ID_BranchFood, Available, ID_Branch, ID_Food) VALUES (495, 1, 6, 3);
INSERT INTO BRANCH_FOOD (ID_BranchFood, Available, ID_Branch, ID_Food) VALUES (496, 1, 11, 50);
INSERT INTO BRANCH_FOOD (ID_BranchFood, Available, ID_Branch, ID_Food) VALUES (497, 1, 12, 57);
INSERT INTO BRANCH_FOOD (ID_BranchFood, Available, ID_Branch, ID_Food) VALUES (498, 1, 7, 16);
INSERT INTO BRANCH_FOOD (ID_BranchFood, Available, ID_Branch, ID_Food) VALUES (499, 1, 7, 23);
INSERT INTO BRANCH_FOOD (ID_BranchFood, Available, ID_Branch, ID_Food) VALUES (500, 1, 12, 5);
INSERT INTO BRANCH_FOOD (ID_BranchFood, Available, ID_Branch, ID_Food) VALUES (501, 1, 8, 5);
INSERT INTO BRANCH_FOOD (ID_BranchFood, Available, ID_Branch, ID_Food) VALUES (502, 1, 14, 26);
INSERT INTO BRANCH_FOOD (ID_BranchFood, Available, ID_Branch, ID_Food) VALUES (503, 0, 8, 14);
INSERT INTO BRANCH_FOOD (ID_BranchFood, Available, ID_Branch, ID_Food) VALUES (504, 1, 12, 26);
INSERT INTO BRANCH_FOOD (ID_BranchFood, Available, ID_Branch, ID_Food) VALUES (505, 1, 13, 15);
INSERT INTO BRANCH_FOOD (ID_BranchFood, Available, ID_Branch, ID_Food) VALUES (506, 1, 10, 9);
INSERT INTO BRANCH_FOOD (ID_BranchFood, Available, ID_Branch, ID_Food) VALUES (507, 1, 1, 13);
INSERT INTO BRANCH_FOOD (ID_BranchFood, Available, ID_Branch, ID_Food) VALUES (508, 1, 14, 23);
INSERT INTO BRANCH_FOOD (ID_BranchFood, Available, ID_Branch, ID_Food) VALUES (509, 0, 14, 22);
INSERT INTO BRANCH_FOOD (ID_BranchFood, Available, ID_Branch, ID_Food) VALUES (510, 1, 4, 53);
INSERT INTO BRANCH_FOOD (ID_BranchFood, Available, ID_Branch, ID_Food) VALUES (511, 0, 12, 17);
INSERT INTO BRANCH_FOOD (ID_BranchFood, Available, ID_Branch, ID_Food) VALUES (512, 0, 12, 25);
INSERT INTO BRANCH_FOOD (ID_BranchFood, Available, ID_Branch, ID_Food) VALUES (513, 0, 7, 29);
INSERT INTO BRANCH_FOOD (ID_BranchFood, Available, ID_Branch, ID_Food) VALUES (514, 1, 3, 56);
INSERT INTO BRANCH_FOOD (ID_BranchFood, Available, ID_Branch, ID_Food) VALUES (515, 0, 12, 35);
INSERT INTO BRANCH_FOOD (ID_BranchFood, Available, ID_Branch, ID_Food) VALUES (516, 1, 5, 20);
INSERT INTO BRANCH_FOOD (ID_BranchFood, Available, ID_Branch, ID_Food) VALUES (517, 1, 1, 19);
INSERT INTO BRANCH_FOOD (ID_BranchFood, Available, ID_Branch, ID_Food) VALUES (518, 1, 1, 34);
INSERT INTO BRANCH_FOOD (ID_BranchFood, Available, ID_Branch, ID_Food) VALUES (519, 0, 14, 32);
INSERT INTO BRANCH_FOOD (ID_BranchFood, Available, ID_Branch, ID_Food) VALUES (520, 0, 13, 30);
INSERT INTO BRANCH_FOOD (ID_BranchFood, Available, ID_Branch, ID_Food) VALUES (521, 1, 8, 40);
INSERT INTO BRANCH_FOOD (ID_BranchFood, Available, ID_Branch, ID_Food) VALUES (522, 1, 2, 26);
INSERT INTO BRANCH_FOOD (ID_BranchFood, Available, ID_Branch, ID_Food) VALUES (523, 1, 7, 54);
INSERT INTO BRANCH_FOOD (ID_BranchFood, Available, ID_Branch, ID_Food) VALUES (524, 1, 7, 19);
INSERT INTO BRANCH_FOOD (ID_BranchFood, Available, ID_Branch, ID_Food) VALUES (525, 1, 2, 45);
INSERT INTO BRANCH_FOOD (ID_BranchFood, Available, ID_Branch, ID_Food) VALUES (526, 1, 4, 33);
INSERT INTO BRANCH_FOOD (ID_BranchFood, Available, ID_Branch, ID_Food) VALUES (527, 1, 4, 29);
INSERT INTO BRANCH_FOOD (ID_BranchFood, Available, ID_Branch, ID_Food) VALUES (528, 1, 12, 7);
INSERT INTO BRANCH_FOOD (ID_BranchFood, Available, ID_Branch, ID_Food) VALUES (529, 1, 4, 44);
INSERT INTO BRANCH_FOOD (ID_BranchFood, Available, ID_Branch, ID_Food) VALUES (530, 1, 10, 23);
INSERT INTO BRANCH_FOOD (ID_BranchFood, Available, ID_Branch, ID_Food) VALUES (531, 1, 4, 34);
INSERT INTO BRANCH_FOOD (ID_BranchFood, Available, ID_Branch, ID_Food) VALUES (532, 1, 10, 16);
INSERT INTO BRANCH_FOOD (ID_BranchFood, Available, ID_Branch, ID_Food) VALUES (533, 1, 9, 35);
INSERT INTO BRANCH_FOOD (ID_BranchFood, Available, ID_Branch, ID_Food) VALUES (534, 1, 13, 22);
INSERT INTO BRANCH_FOOD (ID_BranchFood, Available, ID_Branch, ID_Food) VALUES (535, 1, 11, 42);
INSERT INTO BRANCH_FOOD (ID_BranchFood, Available, ID_Branch, ID_Food) VALUES (536, 1, 6, 44);
INSERT INTO BRANCH_FOOD (ID_BranchFood, Available, ID_Branch, ID_Food) VALUES (537, 1, 2, 4);
INSERT INTO BRANCH_FOOD (ID_BranchFood, Available, ID_Branch, ID_Food) VALUES (538, 1, 14, 3);
INSERT INTO BRANCH_FOOD (ID_BranchFood, Available, ID_Branch, ID_Food) VALUES (539, 1, 4, 43);
INSERT INTO BRANCH_FOOD (ID_BranchFood, Available, ID_Branch, ID_Food) VALUES (540, 1, 1, 15);
INSERT INTO BRANCH_FOOD (ID_BranchFood, Available, ID_Branch, ID_Food) VALUES (541, 1, 8, 52);
INSERT INTO BRANCH_FOOD (ID_BranchFood, Available, ID_Branch, ID_Food) VALUES (542, 1, 8, 50);
INSERT INTO BRANCH_FOOD (ID_BranchFood, Available, ID_Branch, ID_Food) VALUES (543, 1, 9, 22);
INSERT INTO BRANCH_FOOD (ID_BranchFood, Available, ID_Branch, ID_Food) VALUES (544, 1, 3, 10);
INSERT INTO BRANCH_FOOD (ID_BranchFood, Available, ID_Branch, ID_Food) VALUES (545, 1, 6, 49);
INSERT INTO BRANCH_FOOD (ID_BranchFood, Available, ID_Branch, ID_Food) VALUES (546, 0, 1, 17);
INSERT INTO BRANCH_FOOD (ID_BranchFood, Available, ID_Branch, ID_Food) VALUES (547, 1, 8, 12);
INSERT INTO BRANCH_FOOD (ID_BranchFood, Available, ID_Branch, ID_Food) VALUES (548, 1, 7, 3);
INSERT INTO BRANCH_FOOD (ID_BranchFood, Available, ID_Branch, ID_Food) VALUES (549, 1, 4, 51);
INSERT INTO BRANCH_FOOD (ID_BranchFood, Available, ID_Branch, ID_Food) VALUES (550, 0, 6, 9);
INSERT INTO BRANCH_FOOD (ID_BranchFood, Available, ID_Branch, ID_Food) VALUES (551, 0, 12, 24);
INSERT INTO BRANCH_FOOD (ID_BranchFood, Available, ID_Branch, ID_Food) VALUES (552, 1, 10, 43);
INSERT INTO BRANCH_FOOD (ID_BranchFood, Available, ID_Branch, ID_Food) VALUES (553, 0, 3, 20);
INSERT INTO BRANCH_FOOD (ID_BranchFood, Available, ID_Branch, ID_Food) VALUES (554, 0, 7, 52);
INSERT INTO BRANCH_FOOD (ID_BranchFood, Available, ID_Branch, ID_Food) VALUES (555, 0, 12, 23);
INSERT INTO BRANCH_FOOD (ID_BranchFood, Available, ID_Branch, ID_Food) VALUES (556, 1, 13, 3);
INSERT INTO BRANCH_FOOD (ID_BranchFood, Available, ID_Branch, ID_Food) VALUES (557, 0, 7, 26);
INSERT INTO BRANCH_FOOD (ID_BranchFood, Available, ID_Branch, ID_Food) VALUES (558, 1, 6, 15);
INSERT INTO BRANCH_FOOD (ID_BranchFood, Available, ID_Branch, ID_Food) VALUES (559, 1, 7, 35);
INSERT INTO BRANCH_FOOD (ID_BranchFood, Available, ID_Branch, ID_Food) VALUES (560, 1, 5, 33);
INSERT INTO BRANCH_FOOD (ID_BranchFood, Available, ID_Branch, ID_Food) VALUES (561, 0, 4, 21);
INSERT INTO BRANCH_FOOD (ID_BranchFood, Available, ID_Branch, ID_Food) VALUES (562, 0, 8, 55);
INSERT INTO BRANCH_FOOD (ID_BranchFood, Available, ID_Branch, ID_Food) VALUES (563, 1, 9, 5);
INSERT INTO BRANCH_FOOD (ID_BranchFood, Available, ID_Branch, ID_Food) VALUES (564, 1, 14, 7);
INSERT INTO BRANCH_FOOD (ID_BranchFood, Available, ID_Branch, ID_Food) VALUES (565, 1, 5, 58);
INSERT INTO BRANCH_FOOD (ID_BranchFood, Available, ID_Branch, ID_Food) VALUES (566, 1, 3, 35);
INSERT INTO BRANCH_FOOD (ID_BranchFood, Available, ID_Branch, ID_Food) VALUES (567, 1, 9, 28);
INSERT INTO BRANCH_FOOD (ID_BranchFood, Available, ID_Branch, ID_Food) VALUES (568, 0, 15, 45);
INSERT INTO BRANCH_FOOD (ID_BranchFood, Available, ID_Branch, ID_Food) VALUES (569, 1, 10, 47);
INSERT INTO BRANCH_FOOD (ID_BranchFood, Available, ID_Branch, ID_Food) VALUES (570, 0, 6, 57);
INSERT INTO BRANCH_FOOD (ID_BranchFood, Available, ID_Branch, ID_Food) VALUES (571, 1, 13, 53);
INSERT INTO BRANCH_FOOD (ID_BranchFood, Available, ID_Branch, ID_Food) VALUES (572, 1, 15, 14);
INSERT INTO BRANCH_FOOD (ID_BranchFood, Available, ID_Branch, ID_Food) VALUES (573, 1, 13, 8);
INSERT INTO BRANCH_FOOD (ID_BranchFood, Available, ID_Branch, ID_Food) VALUES (574, 0, 15, 58);
INSERT INTO BRANCH_FOOD (ID_BranchFood, Available, ID_Branch, ID_Food) VALUES (575, 1, 3, 22);
INSERT INTO BRANCH_FOOD (ID_BranchFood, Available, ID_Branch, ID_Food) VALUES (576, 0, 3, 29);
INSERT INTO BRANCH_FOOD (ID_BranchFood, Available, ID_Branch, ID_Food) VALUES (577, 1, 3, 39);
INSERT INTO BRANCH_FOOD (ID_BranchFood, Available, ID_Branch, ID_Food) VALUES (578, 1, 13, 5);
INSERT INTO BRANCH_FOOD (ID_BranchFood, Available, ID_Branch, ID_Food) VALUES (579, 0, 1, 36);
INSERT INTO BRANCH_FOOD (ID_BranchFood, Available, ID_Branch, ID_Food) VALUES (580, 1, 4, 17);
INSERT INTO BRANCH_FOOD (ID_BranchFood, Available, ID_Branch, ID_Food) VALUES (581, 0, 1, 29);
INSERT INTO BRANCH_FOOD (ID_BranchFood, Available, ID_Branch, ID_Food) VALUES (582, 1, 15, 51);
INSERT INTO BRANCH_FOOD (ID_BranchFood, Available, ID_Branch, ID_Food) VALUES (583, 1, 9, 26);
INSERT INTO BRANCH_FOOD (ID_BranchFood, Available, ID_Branch, ID_Food) VALUES (584, 1, 4, 19);
INSERT INTO BRANCH_FOOD (ID_BranchFood, Available, ID_Branch, ID_Food) VALUES (585, 0, 1, 45);
INSERT INTO BRANCH_FOOD (ID_BranchFood, Available, ID_Branch, ID_Food) VALUES (586, 1, 14, 29);
INSERT INTO BRANCH_FOOD (ID_BranchFood, Available, ID_Branch, ID_Food) VALUES (587, 1, 11, 3);
INSERT INTO BRANCH_FOOD (ID_BranchFood, Available, ID_Branch, ID_Food) VALUES (588, 1, 1, 9);
INSERT INTO BRANCH_FOOD (ID_BranchFood, Available, ID_Branch, ID_Food) VALUES (589, 1, 4, 26);
INSERT INTO BRANCH_FOOD (ID_BranchFood, Available, ID_Branch, ID_Food) VALUES (590, 1, 6, 20);
INSERT INTO BRANCH_FOOD (ID_BranchFood, Available, ID_Branch, ID_Food) VALUES (591, 1, 15, 13);
INSERT INTO BRANCH_FOOD (ID_BranchFood, Available, ID_Branch, ID_Food) VALUES (592, 1, 9, 25);
INSERT INTO BRANCH_FOOD (ID_BranchFood, Available, ID_Branch, ID_Food) VALUES (593, 1, 7, 45);
INSERT INTO BRANCH_FOOD (ID_BranchFood, Available, ID_Branch, ID_Food) VALUES (594, 1, 8, 37);
INSERT INTO BRANCH_FOOD (ID_BranchFood, Available, ID_Branch, ID_Food) VALUES (595, 1, 6, 5);
INSERT INTO BRANCH_FOOD (ID_BranchFood, Available, ID_Branch, ID_Food) VALUES (596, 1, 7, 25);
INSERT INTO BRANCH_FOOD (ID_BranchFood, Available, ID_Branch, ID_Food) VALUES (597, 1, 7, 57);
INSERT INTO BRANCH_FOOD (ID_BranchFood, Available, ID_Branch, ID_Food) VALUES (598, 1, 12, 14);
INSERT INTO BRANCH_FOOD (ID_BranchFood, Available, ID_Branch, ID_Food) VALUES (599, 0, 1, 31);
INSERT INTO BRANCH_FOOD (ID_BranchFood, Available, ID_Branch, ID_Food) VALUES (600, 1, 7, 38);
INSERT INTO [TABLE] (ID_Table, NumberOfSeats, StatusTable, ID_Branch) VALUES (1, 8, 1, 1);
INSERT INTO [TABLE] (ID_Table, NumberOfSeats, StatusTable, ID_Branch) VALUES (2, 2, 0, 1);
INSERT INTO [TABLE] (ID_Table, NumberOfSeats, StatusTable, ID_Branch) VALUES (3, 4, 0, 1);
INSERT INTO [TABLE] (ID_Table, NumberOfSeats, StatusTable, ID_Branch) VALUES (4, 2, 0, 1);
INSERT INTO [TABLE] (ID_Table, NumberOfSeats, StatusTable, ID_Branch) VALUES (5, 8, 1, 1);
INSERT INTO [TABLE] (ID_Table, NumberOfSeats, StatusTable, ID_Branch) VALUES (6, 6, 1, 1);
INSERT INTO [TABLE] (ID_Table, NumberOfSeats, StatusTable, ID_Branch) VALUES (7, 4, 1, 1);
INSERT INTO [TABLE] (ID_Table, NumberOfSeats, StatusTable, ID_Branch) VALUES (8, 4, 0, 1);
INSERT INTO [TABLE] (ID_Table, NumberOfSeats, StatusTable, ID_Branch) VALUES (9, 4, 0, 1);
INSERT INTO [TABLE] (ID_Table, NumberOfSeats, StatusTable, ID_Branch) VALUES (10, 6, 1, 1);
INSERT INTO [TABLE] (ID_Table, NumberOfSeats, StatusTable, ID_Branch) VALUES (11, 2, 1, 1);
INSERT INTO [TABLE] (ID_Table, NumberOfSeats, StatusTable, ID_Branch) VALUES (12, 6, 1, 1);
INSERT INTO [TABLE] (ID_Table, NumberOfSeats, StatusTable, ID_Branch) VALUES (13, 2, 1, 1);
INSERT INTO [TABLE] (ID_Table, NumberOfSeats, StatusTable, ID_Branch) VALUES (14, 6, 1, 1);
INSERT INTO [TABLE] (ID_Table, NumberOfSeats, StatusTable, ID_Branch) VALUES (15, 6, 1, 1);
INSERT INTO [TABLE] (ID_Table, NumberOfSeats, StatusTable, ID_Branch) VALUES (16, 6, 0, 1);
INSERT INTO [TABLE] (ID_Table, NumberOfSeats, StatusTable, ID_Branch) VALUES (17, 8, 0, 1);
INSERT INTO [TABLE] (ID_Table, NumberOfSeats, StatusTable, ID_Branch) VALUES (18, 4, 0, 1);
INSERT INTO [TABLE] (ID_Table, NumberOfSeats, StatusTable, ID_Branch) VALUES (19, 2, 1, 1);
INSERT INTO [TABLE] (ID_Table, NumberOfSeats, StatusTable, ID_Branch) VALUES (20, 8, 1, 1);
INSERT INTO [TABLE] (ID_Table, NumberOfSeats, StatusTable, ID_Branch) VALUES (21, 2, 0, 1);
INSERT INTO [TABLE] (ID_Table, NumberOfSeats, StatusTable, ID_Branch) VALUES (22, 6, 0, 1);
INSERT INTO [TABLE] (ID_Table, NumberOfSeats, StatusTable, ID_Branch) VALUES (23, 4, 1, 1);
INSERT INTO [TABLE] (ID_Table, NumberOfSeats, StatusTable, ID_Branch) VALUES (24, 4, 1, 2);
INSERT INTO [TABLE] (ID_Table, NumberOfSeats, StatusTable, ID_Branch) VALUES (25, 2, 1, 2);
INSERT INTO [TABLE] (ID_Table, NumberOfSeats, StatusTable, ID_Branch) VALUES (26, 2, 1, 2);
INSERT INTO [TABLE] (ID_Table, NumberOfSeats, StatusTable, ID_Branch) VALUES (27, 6, 1, 2);
INSERT INTO [TABLE] (ID_Table, NumberOfSeats, StatusTable, ID_Branch) VALUES (28, 2, 1, 2);
INSERT INTO [TABLE] (ID_Table, NumberOfSeats, StatusTable, ID_Branch) VALUES (29, 4, 0, 2);
INSERT INTO [TABLE] (ID_Table, NumberOfSeats, StatusTable, ID_Branch) VALUES (30, 6, 0, 2);
INSERT INTO [TABLE] (ID_Table, NumberOfSeats, StatusTable, ID_Branch) VALUES (31, 4, 0, 2);
INSERT INTO [TABLE] (ID_Table, NumberOfSeats, StatusTable, ID_Branch) VALUES (32, 4, 1, 2);
INSERT INTO [TABLE] (ID_Table, NumberOfSeats, StatusTable, ID_Branch) VALUES (33, 6, 1, 2);
INSERT INTO [TABLE] (ID_Table, NumberOfSeats, StatusTable, ID_Branch) VALUES (34, 2, 0, 2);
INSERT INTO [TABLE] (ID_Table, NumberOfSeats, StatusTable, ID_Branch) VALUES (35, 4, 0, 2);
INSERT INTO [TABLE] (ID_Table, NumberOfSeats, StatusTable, ID_Branch) VALUES (36, 6, 1, 2);
INSERT INTO [TABLE] (ID_Table, NumberOfSeats, StatusTable, ID_Branch) VALUES (37, 8, 1, 2);
INSERT INTO [TABLE] (ID_Table, NumberOfSeats, StatusTable, ID_Branch) VALUES (38, 4, 0, 2);
INSERT INTO [TABLE] (ID_Table, NumberOfSeats, StatusTable, ID_Branch) VALUES (39, 4, 1, 2);
INSERT INTO [TABLE] (ID_Table, NumberOfSeats, StatusTable, ID_Branch) VALUES (40, 2, 1, 2);
INSERT INTO [TABLE] (ID_Table, NumberOfSeats, StatusTable, ID_Branch) VALUES (41, 4, 1, 2);
INSERT INTO [TABLE] (ID_Table, NumberOfSeats, StatusTable, ID_Branch) VALUES (42, 2, 1, 2);
INSERT INTO [TABLE] (ID_Table, NumberOfSeats, StatusTable, ID_Branch) VALUES (43, 8, 1, 2);
INSERT INTO [TABLE] (ID_Table, NumberOfSeats, StatusTable, ID_Branch) VALUES (44, 4, 0, 2);
INSERT INTO [TABLE] (ID_Table, NumberOfSeats, StatusTable, ID_Branch) VALUES (45, 6, 1, 2);
INSERT INTO [TABLE] (ID_Table, NumberOfSeats, StatusTable, ID_Branch) VALUES (46, 8, 1, 2);
INSERT INTO [TABLE] (ID_Table, NumberOfSeats, StatusTable, ID_Branch) VALUES (47, 4, 0, 2);
INSERT INTO [TABLE] (ID_Table, NumberOfSeats, StatusTable, ID_Branch) VALUES (48, 8, 1, 2);
INSERT INTO [TABLE] (ID_Table, NumberOfSeats, StatusTable, ID_Branch) VALUES (49, 8, 0, 2);
INSERT INTO [TABLE] (ID_Table, NumberOfSeats, StatusTable, ID_Branch) VALUES (50, 4, 1, 2);
INSERT INTO [TABLE] (ID_Table, NumberOfSeats, StatusTable, ID_Branch) VALUES (51, 8, 1, 3);
INSERT INTO [TABLE] (ID_Table, NumberOfSeats, StatusTable, ID_Branch) VALUES (52, 4, 0, 3);
INSERT INTO [TABLE] (ID_Table, NumberOfSeats, StatusTable, ID_Branch) VALUES (53, 4, 0, 3);
INSERT INTO [TABLE] (ID_Table, NumberOfSeats, StatusTable, ID_Branch) VALUES (54, 2, 0, 3);
INSERT INTO [TABLE] (ID_Table, NumberOfSeats, StatusTable, ID_Branch) VALUES (55, 4, 0, 3);
INSERT INTO [TABLE] (ID_Table, NumberOfSeats, StatusTable, ID_Branch) VALUES (56, 6, 0, 3);
INSERT INTO [TABLE] (ID_Table, NumberOfSeats, StatusTable, ID_Branch) VALUES (57, 8, 0, 3);
INSERT INTO [TABLE] (ID_Table, NumberOfSeats, StatusTable, ID_Branch) VALUES (58, 8, 1, 3);
INSERT INTO [TABLE] (ID_Table, NumberOfSeats, StatusTable, ID_Branch) VALUES (59, 8, 0, 3);
INSERT INTO [TABLE] (ID_Table, NumberOfSeats, StatusTable, ID_Branch) VALUES (60, 8, 1, 3);
INSERT INTO [TABLE] (ID_Table, NumberOfSeats, StatusTable, ID_Branch) VALUES (61, 4, 0, 3);
INSERT INTO [TABLE] (ID_Table, NumberOfSeats, StatusTable, ID_Branch) VALUES (62, 8, 1, 3);
INSERT INTO [TABLE] (ID_Table, NumberOfSeats, StatusTable, ID_Branch) VALUES (63, 2, 1, 3);
INSERT INTO [TABLE] (ID_Table, NumberOfSeats, StatusTable, ID_Branch) VALUES (64, 6, 0, 3);
INSERT INTO [TABLE] (ID_Table, NumberOfSeats, StatusTable, ID_Branch) VALUES (65, 8, 0, 3);
INSERT INTO [TABLE] (ID_Table, NumberOfSeats, StatusTable, ID_Branch) VALUES (66, 4, 0, 3);
INSERT INTO [TABLE] (ID_Table, NumberOfSeats, StatusTable, ID_Branch) VALUES (67, 6, 1, 3);
INSERT INTO [TABLE] (ID_Table, NumberOfSeats, StatusTable, ID_Branch) VALUES (68, 8, 1, 3);
INSERT INTO [TABLE] (ID_Table, NumberOfSeats, StatusTable, ID_Branch) VALUES (69, 8, 0, 3);
INSERT INTO [TABLE] (ID_Table, NumberOfSeats, StatusTable, ID_Branch) VALUES (70, 8, 0, 3);
INSERT INTO [TABLE] (ID_Table, NumberOfSeats, StatusTable, ID_Branch) VALUES (71, 8, 1, 3);
INSERT INTO [TABLE] (ID_Table, NumberOfSeats, StatusTable, ID_Branch) VALUES (72, 2, 1, 3);
INSERT INTO [TABLE] (ID_Table, NumberOfSeats, StatusTable, ID_Branch) VALUES (73, 2, 0, 3);
INSERT INTO [TABLE] (ID_Table, NumberOfSeats, StatusTable, ID_Branch) VALUES (74, 6, 1, 3);
INSERT INTO [TABLE] (ID_Table, NumberOfSeats, StatusTable, ID_Branch) VALUES (75, 6, 0, 3);
INSERT INTO [TABLE] (ID_Table, NumberOfSeats, StatusTable, ID_Branch) VALUES (76, 8, 0, 3);
INSERT INTO [TABLE] (ID_Table, NumberOfSeats, StatusTable, ID_Branch) VALUES (77, 6, 0, 3);
INSERT INTO [TABLE] (ID_Table, NumberOfSeats, StatusTable, ID_Branch) VALUES (78, 6, 0, 3);
INSERT INTO [TABLE] (ID_Table, NumberOfSeats, StatusTable, ID_Branch) VALUES (79, 6, 1, 4);
INSERT INTO [TABLE] (ID_Table, NumberOfSeats, StatusTable, ID_Branch) VALUES (80, 8, 1, 4);
INSERT INTO [TABLE] (ID_Table, NumberOfSeats, StatusTable, ID_Branch) VALUES (81, 4, 0, 4);
INSERT INTO [TABLE] (ID_Table, NumberOfSeats, StatusTable, ID_Branch) VALUES (82, 4, 0, 4);
INSERT INTO [TABLE] (ID_Table, NumberOfSeats, StatusTable, ID_Branch) VALUES (83, 8, 1, 4);
INSERT INTO [TABLE] (ID_Table, NumberOfSeats, StatusTable, ID_Branch) VALUES (84, 8, 1, 4);
INSERT INTO [TABLE] (ID_Table, NumberOfSeats, StatusTable, ID_Branch) VALUES (85, 4, 0, 4);
INSERT INTO [TABLE] (ID_Table, NumberOfSeats, StatusTable, ID_Branch) VALUES (86, 8, 0, 4);
INSERT INTO [TABLE] (ID_Table, NumberOfSeats, StatusTable, ID_Branch) VALUES (87, 6, 0, 4);
INSERT INTO [TABLE] (ID_Table, NumberOfSeats, StatusTable, ID_Branch) VALUES (88, 2, 1, 4);
INSERT INTO [TABLE] (ID_Table, NumberOfSeats, StatusTable, ID_Branch) VALUES (89, 8, 0, 4);
INSERT INTO [TABLE] (ID_Table, NumberOfSeats, StatusTable, ID_Branch) VALUES (90, 2, 1, 4);
INSERT INTO [TABLE] (ID_Table, NumberOfSeats, StatusTable, ID_Branch) VALUES (91, 2, 1, 4);
INSERT INTO [TABLE] (ID_Table, NumberOfSeats, StatusTable, ID_Branch) VALUES (92, 4, 1, 4);
INSERT INTO [TABLE] (ID_Table, NumberOfSeats, StatusTable, ID_Branch) VALUES (93, 6, 1, 4);
INSERT INTO [TABLE] (ID_Table, NumberOfSeats, StatusTable, ID_Branch) VALUES (94, 2, 1, 4);
INSERT INTO [TABLE] (ID_Table, NumberOfSeats, StatusTable, ID_Branch) VALUES (95, 2, 1, 4);
INSERT INTO [TABLE] (ID_Table, NumberOfSeats, StatusTable, ID_Branch) VALUES (96, 8, 1, 4);
INSERT INTO [TABLE] (ID_Table, NumberOfSeats, StatusTable, ID_Branch) VALUES (97, 4, 0, 4);
INSERT INTO [TABLE] (ID_Table, NumberOfSeats, StatusTable, ID_Branch) VALUES (98, 6, 0, 4);
INSERT INTO [TABLE] (ID_Table, NumberOfSeats, StatusTable, ID_Branch) VALUES (99, 6, 1, 4);
INSERT INTO [TABLE] (ID_Table, NumberOfSeats, StatusTable, ID_Branch) VALUES (100, 2, 0, 4);
INSERT INTO [TABLE] (ID_Table, NumberOfSeats, StatusTable, ID_Branch) VALUES (101, 2, 1, 4);
INSERT INTO [TABLE] (ID_Table, NumberOfSeats, StatusTable, ID_Branch) VALUES (102, 2, 1, 4);
INSERT INTO [TABLE] (ID_Table, NumberOfSeats, StatusTable, ID_Branch) VALUES (103, 8, 1, 4);
INSERT INTO [TABLE] (ID_Table, NumberOfSeats, StatusTable, ID_Branch) VALUES (104, 4, 0, 5);
INSERT INTO [TABLE] (ID_Table, NumberOfSeats, StatusTable, ID_Branch) VALUES (105, 2, 1, 5);
INSERT INTO [TABLE] (ID_Table, NumberOfSeats, StatusTable, ID_Branch) VALUES (106, 8, 1, 5);
INSERT INTO [TABLE] (ID_Table, NumberOfSeats, StatusTable, ID_Branch) VALUES (107, 8, 1, 5);
INSERT INTO [TABLE] (ID_Table, NumberOfSeats, StatusTable, ID_Branch) VALUES (108, 4, 1, 5);
INSERT INTO [TABLE] (ID_Table, NumberOfSeats, StatusTable, ID_Branch) VALUES (109, 4, 1, 5);
INSERT INTO [TABLE] (ID_Table, NumberOfSeats, StatusTable, ID_Branch) VALUES (110, 8, 0, 5);
INSERT INTO [TABLE] (ID_Table, NumberOfSeats, StatusTable, ID_Branch) VALUES (111, 2, 1, 5);
INSERT INTO [TABLE] (ID_Table, NumberOfSeats, StatusTable, ID_Branch) VALUES (112, 4, 0, 5);
INSERT INTO [TABLE] (ID_Table, NumberOfSeats, StatusTable, ID_Branch) VALUES (113, 4, 0, 5);
INSERT INTO [TABLE] (ID_Table, NumberOfSeats, StatusTable, ID_Branch) VALUES (114, 6, 1, 5);
INSERT INTO [TABLE] (ID_Table, NumberOfSeats, StatusTable, ID_Branch) VALUES (115, 6, 0, 5);
INSERT INTO [TABLE] (ID_Table, NumberOfSeats, StatusTable, ID_Branch) VALUES (116, 2, 0, 5);
INSERT INTO [TABLE] (ID_Table, NumberOfSeats, StatusTable, ID_Branch) VALUES (117, 6, 0, 5);
INSERT INTO [TABLE] (ID_Table, NumberOfSeats, StatusTable, ID_Branch) VALUES (118, 2, 1, 5);
INSERT INTO [TABLE] (ID_Table, NumberOfSeats, StatusTable, ID_Branch) VALUES (119, 8, 1, 5);
INSERT INTO [TABLE] (ID_Table, NumberOfSeats, StatusTable, ID_Branch) VALUES (120, 8, 0, 5);
INSERT INTO [TABLE] (ID_Table, NumberOfSeats, StatusTable, ID_Branch) VALUES (121, 6, 0, 5);
INSERT INTO [TABLE] (ID_Table, NumberOfSeats, StatusTable, ID_Branch) VALUES (122, 2, 1, 5);
INSERT INTO [TABLE] (ID_Table, NumberOfSeats, StatusTable, ID_Branch) VALUES (123, 4, 0, 5);
INSERT INTO [TABLE] (ID_Table, NumberOfSeats, StatusTable, ID_Branch) VALUES (124, 6, 1, 5);
INSERT INTO [TABLE] (ID_Table, NumberOfSeats, StatusTable, ID_Branch) VALUES (125, 6, 1, 5);
INSERT INTO [TABLE] (ID_Table, NumberOfSeats, StatusTable, ID_Branch) VALUES (126, 4, 0, 5);
INSERT INTO [TABLE] (ID_Table, NumberOfSeats, StatusTable, ID_Branch) VALUES (127, 8, 1, 5);
INSERT INTO [TABLE] (ID_Table, NumberOfSeats, StatusTable, ID_Branch) VALUES (128, 6, 0, 5);
INSERT INTO [TABLE] (ID_Table, NumberOfSeats, StatusTable, ID_Branch) VALUES (129, 6, 1, 5);
INSERT INTO [TABLE] (ID_Table, NumberOfSeats, StatusTable, ID_Branch) VALUES (130, 4, 1, 5);
INSERT INTO [TABLE] (ID_Table, NumberOfSeats, StatusTable, ID_Branch) VALUES (131, 2, 1, 5);
INSERT INTO [TABLE] (ID_Table, NumberOfSeats, StatusTable, ID_Branch) VALUES (132, 2, 1, 5);
INSERT INTO [TABLE] (ID_Table, NumberOfSeats, StatusTable, ID_Branch) VALUES (133, 6, 0, 5);
INSERT INTO [TABLE] (ID_Table, NumberOfSeats, StatusTable, ID_Branch) VALUES (134, 6, 1, 6);
INSERT INTO [TABLE] (ID_Table, NumberOfSeats, StatusTable, ID_Branch) VALUES (135, 6, 1, 6);
INSERT INTO [TABLE] (ID_Table, NumberOfSeats, StatusTable, ID_Branch) VALUES (136, 6, 1, 6);
INSERT INTO [TABLE] (ID_Table, NumberOfSeats, StatusTable, ID_Branch) VALUES (137, 4, 0, 6);
INSERT INTO [TABLE] (ID_Table, NumberOfSeats, StatusTable, ID_Branch) VALUES (138, 8, 1, 6);
INSERT INTO [TABLE] (ID_Table, NumberOfSeats, StatusTable, ID_Branch) VALUES (139, 2, 0, 6);
INSERT INTO [TABLE] (ID_Table, NumberOfSeats, StatusTable, ID_Branch) VALUES (140, 4, 0, 6);
INSERT INTO [TABLE] (ID_Table, NumberOfSeats, StatusTable, ID_Branch) VALUES (141, 8, 1, 6);
INSERT INTO [TABLE] (ID_Table, NumberOfSeats, StatusTable, ID_Branch) VALUES (142, 2, 0, 6);
INSERT INTO [TABLE] (ID_Table, NumberOfSeats, StatusTable, ID_Branch) VALUES (143, 6, 0, 6);
INSERT INTO [TABLE] (ID_Table, NumberOfSeats, StatusTable, ID_Branch) VALUES (144, 4, 0, 6);
INSERT INTO [TABLE] (ID_Table, NumberOfSeats, StatusTable, ID_Branch) VALUES (145, 4, 1, 6);
INSERT INTO [TABLE] (ID_Table, NumberOfSeats, StatusTable, ID_Branch) VALUES (146, 8, 1, 6);
INSERT INTO [TABLE] (ID_Table, NumberOfSeats, StatusTable, ID_Branch) VALUES (147, 6, 0, 6);
INSERT INTO [TABLE] (ID_Table, NumberOfSeats, StatusTable, ID_Branch) VALUES (148, 2, 1, 6);
INSERT INTO [TABLE] (ID_Table, NumberOfSeats, StatusTable, ID_Branch) VALUES (149, 4, 1, 6);
INSERT INTO [TABLE] (ID_Table, NumberOfSeats, StatusTable, ID_Branch) VALUES (150, 8, 0, 6);
INSERT INTO [TABLE] (ID_Table, NumberOfSeats, StatusTable, ID_Branch) VALUES (151, 6, 0, 6);
INSERT INTO [TABLE] (ID_Table, NumberOfSeats, StatusTable, ID_Branch) VALUES (152, 8, 1, 6);
INSERT INTO [TABLE] (ID_Table, NumberOfSeats, StatusTable, ID_Branch) VALUES (153, 2, 0, 6);
INSERT INTO [TABLE] (ID_Table, NumberOfSeats, StatusTable, ID_Branch) VALUES (154, 8, 1, 6);
INSERT INTO [TABLE] (ID_Table, NumberOfSeats, StatusTable, ID_Branch) VALUES (155, 4, 1, 6);
INSERT INTO [TABLE] (ID_Table, NumberOfSeats, StatusTable, ID_Branch) VALUES (156, 4, 1, 6);
INSERT INTO [TABLE] (ID_Table, NumberOfSeats, StatusTable, ID_Branch) VALUES (157, 2, 1, 6);
INSERT INTO [TABLE] (ID_Table, NumberOfSeats, StatusTable, ID_Branch) VALUES (158, 6, 1, 6);
INSERT INTO [TABLE] (ID_Table, NumberOfSeats, StatusTable, ID_Branch) VALUES (159, 4, 0, 7);
INSERT INTO [TABLE] (ID_Table, NumberOfSeats, StatusTable, ID_Branch) VALUES (160, 4, 0, 7);
INSERT INTO [TABLE] (ID_Table, NumberOfSeats, StatusTable, ID_Branch) VALUES (161, 6, 1, 7);
INSERT INTO [TABLE] (ID_Table, NumberOfSeats, StatusTable, ID_Branch) VALUES (162, 2, 1, 7);
INSERT INTO [TABLE] (ID_Table, NumberOfSeats, StatusTable, ID_Branch) VALUES (163, 2, 1, 7);
INSERT INTO [TABLE] (ID_Table, NumberOfSeats, StatusTable, ID_Branch) VALUES (164, 6, 1, 7);
INSERT INTO [TABLE] (ID_Table, NumberOfSeats, StatusTable, ID_Branch) VALUES (165, 6, 0, 7);
INSERT INTO [TABLE] (ID_Table, NumberOfSeats, StatusTable, ID_Branch) VALUES (166, 4, 1, 7);
INSERT INTO [TABLE] (ID_Table, NumberOfSeats, StatusTable, ID_Branch) VALUES (167, 2, 1, 7);
INSERT INTO [TABLE] (ID_Table, NumberOfSeats, StatusTable, ID_Branch) VALUES (168, 4, 0, 7);
INSERT INTO [TABLE] (ID_Table, NumberOfSeats, StatusTable, ID_Branch) VALUES (169, 4, 1, 7);
INSERT INTO [TABLE] (ID_Table, NumberOfSeats, StatusTable, ID_Branch) VALUES (170, 8, 1, 7);
INSERT INTO [TABLE] (ID_Table, NumberOfSeats, StatusTable, ID_Branch) VALUES (171, 4, 0, 7);
INSERT INTO [TABLE] (ID_Table, NumberOfSeats, StatusTable, ID_Branch) VALUES (172, 6, 0, 7);
INSERT INTO [TABLE] (ID_Table, NumberOfSeats, StatusTable, ID_Branch) VALUES (173, 4, 1, 7);
INSERT INTO [TABLE] (ID_Table, NumberOfSeats, StatusTable, ID_Branch) VALUES (174, 2, 1, 7);
INSERT INTO [TABLE] (ID_Table, NumberOfSeats, StatusTable, ID_Branch) VALUES (175, 8, 1, 7);
INSERT INTO [TABLE] (ID_Table, NumberOfSeats, StatusTable, ID_Branch) VALUES (176, 4, 1, 7);
INSERT INTO [TABLE] (ID_Table, NumberOfSeats, StatusTable, ID_Branch) VALUES (177, 2, 1, 7);
INSERT INTO [TABLE] (ID_Table, NumberOfSeats, StatusTable, ID_Branch) VALUES (178, 4, 1, 7);
INSERT INTO [TABLE] (ID_Table, NumberOfSeats, StatusTable, ID_Branch) VALUES (179, 6, 0, 8);
INSERT INTO [TABLE] (ID_Table, NumberOfSeats, StatusTable, ID_Branch) VALUES (180, 6, 0, 8);
INSERT INTO [TABLE] (ID_Table, NumberOfSeats, StatusTable, ID_Branch) VALUES (181, 2, 1, 8);
INSERT INTO [TABLE] (ID_Table, NumberOfSeats, StatusTable, ID_Branch) VALUES (182, 4, 1, 8);
INSERT INTO [TABLE] (ID_Table, NumberOfSeats, StatusTable, ID_Branch) VALUES (183, 2, 0, 8);
INSERT INTO [TABLE] (ID_Table, NumberOfSeats, StatusTable, ID_Branch) VALUES (184, 6, 1, 8);
INSERT INTO [TABLE] (ID_Table, NumberOfSeats, StatusTable, ID_Branch) VALUES (185, 4, 1, 8);
INSERT INTO [TABLE] (ID_Table, NumberOfSeats, StatusTable, ID_Branch) VALUES (186, 4, 0, 8);
INSERT INTO [TABLE] (ID_Table, NumberOfSeats, StatusTable, ID_Branch) VALUES (187, 8, 0, 8);
INSERT INTO [TABLE] (ID_Table, NumberOfSeats, StatusTable, ID_Branch) VALUES (188, 4, 0, 8);
INSERT INTO [TABLE] (ID_Table, NumberOfSeats, StatusTable, ID_Branch) VALUES (189, 6, 1, 8);
INSERT INTO [TABLE] (ID_Table, NumberOfSeats, StatusTable, ID_Branch) VALUES (190, 6, 0, 8);
INSERT INTO [TABLE] (ID_Table, NumberOfSeats, StatusTable, ID_Branch) VALUES (191, 8, 1, 8);
INSERT INTO [TABLE] (ID_Table, NumberOfSeats, StatusTable, ID_Branch) VALUES (192, 6, 1, 8);
INSERT INTO [TABLE] (ID_Table, NumberOfSeats, StatusTable, ID_Branch) VALUES (193, 6, 0, 8);
INSERT INTO [TABLE] (ID_Table, NumberOfSeats, StatusTable, ID_Branch) VALUES (194, 6, 1, 8);
INSERT INTO [TABLE] (ID_Table, NumberOfSeats, StatusTable, ID_Branch) VALUES (195, 8, 0, 8);
INSERT INTO [TABLE] (ID_Table, NumberOfSeats, StatusTable, ID_Branch) VALUES (196, 2, 1, 8);
INSERT INTO [TABLE] (ID_Table, NumberOfSeats, StatusTable, ID_Branch) VALUES (197, 6, 0, 8);
INSERT INTO [TABLE] (ID_Table, NumberOfSeats, StatusTable, ID_Branch) VALUES (198, 8, 1, 8);
INSERT INTO [TABLE] (ID_Table, NumberOfSeats, StatusTable, ID_Branch) VALUES (199, 6, 0, 8);
INSERT INTO [TABLE] (ID_Table, NumberOfSeats, StatusTable, ID_Branch) VALUES (200, 8, 0, 8);
INSERT INTO [TABLE] (ID_Table, NumberOfSeats, StatusTable, ID_Branch) VALUES (201, 4, 1, 9);
INSERT INTO [TABLE] (ID_Table, NumberOfSeats, StatusTable, ID_Branch) VALUES (202, 2, 1, 9);
INSERT INTO [TABLE] (ID_Table, NumberOfSeats, StatusTable, ID_Branch) VALUES (203, 6, 1, 9);
INSERT INTO [TABLE] (ID_Table, NumberOfSeats, StatusTable, ID_Branch) VALUES (204, 4, 0, 9);
INSERT INTO [TABLE] (ID_Table, NumberOfSeats, StatusTable, ID_Branch) VALUES (205, 4, 1, 9);
INSERT INTO [TABLE] (ID_Table, NumberOfSeats, StatusTable, ID_Branch) VALUES (206, 6, 0, 9);
INSERT INTO [TABLE] (ID_Table, NumberOfSeats, StatusTable, ID_Branch) VALUES (207, 2, 0, 9);
INSERT INTO [TABLE] (ID_Table, NumberOfSeats, StatusTable, ID_Branch) VALUES (208, 8, 1, 9);
INSERT INTO [TABLE] (ID_Table, NumberOfSeats, StatusTable, ID_Branch) VALUES (209, 4, 0, 9);
INSERT INTO [TABLE] (ID_Table, NumberOfSeats, StatusTable, ID_Branch) VALUES (210, 8, 1, 9);
INSERT INTO [TABLE] (ID_Table, NumberOfSeats, StatusTable, ID_Branch) VALUES (211, 2, 0, 9);
INSERT INTO [TABLE] (ID_Table, NumberOfSeats, StatusTable, ID_Branch) VALUES (212, 8, 1, 9);
INSERT INTO [TABLE] (ID_Table, NumberOfSeats, StatusTable, ID_Branch) VALUES (213, 4, 0, 9);
INSERT INTO [TABLE] (ID_Table, NumberOfSeats, StatusTable, ID_Branch) VALUES (214, 2, 0, 9);
INSERT INTO [TABLE] (ID_Table, NumberOfSeats, StatusTable, ID_Branch) VALUES (215, 6, 1, 9);
INSERT INTO [TABLE] (ID_Table, NumberOfSeats, StatusTable, ID_Branch) VALUES (216, 6, 1, 9);
INSERT INTO [TABLE] (ID_Table, NumberOfSeats, StatusTable, ID_Branch) VALUES (217, 6, 1, 9);
INSERT INTO [TABLE] (ID_Table, NumberOfSeats, StatusTable, ID_Branch) VALUES (218, 4, 0, 9);
INSERT INTO [TABLE] (ID_Table, NumberOfSeats, StatusTable, ID_Branch) VALUES (219, 4, 1, 9);
INSERT INTO [TABLE] (ID_Table, NumberOfSeats, StatusTable, ID_Branch) VALUES (220, 4, 1, 9);
INSERT INTO [TABLE] (ID_Table, NumberOfSeats, StatusTable, ID_Branch) VALUES (221, 4, 0, 9);
INSERT INTO [TABLE] (ID_Table, NumberOfSeats, StatusTable, ID_Branch) VALUES (222, 4, 0, 9);
INSERT INTO [TABLE] (ID_Table, NumberOfSeats, StatusTable, ID_Branch) VALUES (223, 8, 1, 9);
INSERT INTO [TABLE] (ID_Table, NumberOfSeats, StatusTable, ID_Branch) VALUES (224, 6, 1, 10);
INSERT INTO [TABLE] (ID_Table, NumberOfSeats, StatusTable, ID_Branch) VALUES (225, 6, 0, 10);
INSERT INTO [TABLE] (ID_Table, NumberOfSeats, StatusTable, ID_Branch) VALUES (226, 4, 0, 10);
INSERT INTO [TABLE] (ID_Table, NumberOfSeats, StatusTable, ID_Branch) VALUES (227, 4, 1, 10);
INSERT INTO [TABLE] (ID_Table, NumberOfSeats, StatusTable, ID_Branch) VALUES (228, 4, 0, 10);
INSERT INTO [TABLE] (ID_Table, NumberOfSeats, StatusTable, ID_Branch) VALUES (229, 8, 1, 10);
INSERT INTO [TABLE] (ID_Table, NumberOfSeats, StatusTable, ID_Branch) VALUES (230, 2, 1, 10);
INSERT INTO [TABLE] (ID_Table, NumberOfSeats, StatusTable, ID_Branch) VALUES (231, 4, 0, 10);
INSERT INTO [TABLE] (ID_Table, NumberOfSeats, StatusTable, ID_Branch) VALUES (232, 4, 1, 10);
INSERT INTO [TABLE] (ID_Table, NumberOfSeats, StatusTable, ID_Branch) VALUES (233, 2, 0, 10);
INSERT INTO [TABLE] (ID_Table, NumberOfSeats, StatusTable, ID_Branch) VALUES (234, 2, 1, 10);
INSERT INTO [TABLE] (ID_Table, NumberOfSeats, StatusTable, ID_Branch) VALUES (235, 6, 0, 10);
INSERT INTO [TABLE] (ID_Table, NumberOfSeats, StatusTable, ID_Branch) VALUES (236, 2, 0, 10);
INSERT INTO [TABLE] (ID_Table, NumberOfSeats, StatusTable, ID_Branch) VALUES (237, 2, 0, 10);
INSERT INTO [TABLE] (ID_Table, NumberOfSeats, StatusTable, ID_Branch) VALUES (238, 6, 0, 10);
INSERT INTO [TABLE] (ID_Table, NumberOfSeats, StatusTable, ID_Branch) VALUES (239, 2, 0, 10);
INSERT INTO [TABLE] (ID_Table, NumberOfSeats, StatusTable, ID_Branch) VALUES (240, 4, 0, 10);
INSERT INTO [TABLE] (ID_Table, NumberOfSeats, StatusTable, ID_Branch) VALUES (241, 2, 1, 10);
INSERT INTO [TABLE] (ID_Table, NumberOfSeats, StatusTable, ID_Branch) VALUES (242, 2, 1, 10);
INSERT INTO [TABLE] (ID_Table, NumberOfSeats, StatusTable, ID_Branch) VALUES (243, 4, 0, 10);
INSERT INTO [TABLE] (ID_Table, NumberOfSeats, StatusTable, ID_Branch) VALUES (244, 4, 0, 11);
INSERT INTO [TABLE] (ID_Table, NumberOfSeats, StatusTable, ID_Branch) VALUES (245, 4, 1, 11);
INSERT INTO [TABLE] (ID_Table, NumberOfSeats, StatusTable, ID_Branch) VALUES (246, 8, 1, 11);
INSERT INTO [TABLE] (ID_Table, NumberOfSeats, StatusTable, ID_Branch) VALUES (247, 8, 0, 11);
INSERT INTO [TABLE] (ID_Table, NumberOfSeats, StatusTable, ID_Branch) VALUES (248, 4, 1, 11);
INSERT INTO [TABLE] (ID_Table, NumberOfSeats, StatusTable, ID_Branch) VALUES (249, 8, 0, 11);
INSERT INTO [TABLE] (ID_Table, NumberOfSeats, StatusTable, ID_Branch) VALUES (250, 2, 1, 11);
INSERT INTO [TABLE] (ID_Table, NumberOfSeats, StatusTable, ID_Branch) VALUES (251, 8, 1, 11);
INSERT INTO [TABLE] (ID_Table, NumberOfSeats, StatusTable, ID_Branch) VALUES (252, 4, 0, 11);
INSERT INTO [TABLE] (ID_Table, NumberOfSeats, StatusTable, ID_Branch) VALUES (253, 2, 1, 11);
INSERT INTO [TABLE] (ID_Table, NumberOfSeats, StatusTable, ID_Branch) VALUES (254, 6, 1, 11);
INSERT INTO [TABLE] (ID_Table, NumberOfSeats, StatusTable, ID_Branch) VALUES (255, 4, 0, 11);
INSERT INTO [TABLE] (ID_Table, NumberOfSeats, StatusTable, ID_Branch) VALUES (256, 6, 0, 11);
INSERT INTO [TABLE] (ID_Table, NumberOfSeats, StatusTable, ID_Branch) VALUES (257, 2, 1, 11);
INSERT INTO [TABLE] (ID_Table, NumberOfSeats, StatusTable, ID_Branch) VALUES (258, 6, 0, 11);
INSERT INTO [TABLE] (ID_Table, NumberOfSeats, StatusTable, ID_Branch) VALUES (259, 6, 0, 11);
INSERT INTO [TABLE] (ID_Table, NumberOfSeats, StatusTable, ID_Branch) VALUES (260, 2, 0, 11);
INSERT INTO [TABLE] (ID_Table, NumberOfSeats, StatusTable, ID_Branch) VALUES (261, 8, 1, 11);
INSERT INTO [TABLE] (ID_Table, NumberOfSeats, StatusTable, ID_Branch) VALUES (262, 2, 0, 11);
INSERT INTO [TABLE] (ID_Table, NumberOfSeats, StatusTable, ID_Branch) VALUES (263, 6, 0, 11);
INSERT INTO [TABLE] (ID_Table, NumberOfSeats, StatusTable, ID_Branch) VALUES (264, 8, 0, 11);
INSERT INTO [TABLE] (ID_Table, NumberOfSeats, StatusTable, ID_Branch) VALUES (265, 8, 1, 11);
INSERT INTO [TABLE] (ID_Table, NumberOfSeats, StatusTable, ID_Branch) VALUES (266, 4, 1, 11);
INSERT INTO [TABLE] (ID_Table, NumberOfSeats, StatusTable, ID_Branch) VALUES (267, 4, 0, 11);
INSERT INTO [TABLE] (ID_Table, NumberOfSeats, StatusTable, ID_Branch) VALUES (268, 4, 1, 11);
INSERT INTO [TABLE] (ID_Table, NumberOfSeats, StatusTable, ID_Branch) VALUES (269, 6, 1, 11);
INSERT INTO [TABLE] (ID_Table, NumberOfSeats, StatusTable, ID_Branch) VALUES (270, 2, 1, 12);
INSERT INTO [TABLE] (ID_Table, NumberOfSeats, StatusTable, ID_Branch) VALUES (271, 4, 0, 12);
INSERT INTO [TABLE] (ID_Table, NumberOfSeats, StatusTable, ID_Branch) VALUES (272, 8, 0, 12);
INSERT INTO [TABLE] (ID_Table, NumberOfSeats, StatusTable, ID_Branch) VALUES (273, 2, 1, 12);
INSERT INTO [TABLE] (ID_Table, NumberOfSeats, StatusTable, ID_Branch) VALUES (274, 2, 0, 12);
INSERT INTO [TABLE] (ID_Table, NumberOfSeats, StatusTable, ID_Branch) VALUES (275, 2, 0, 12);
INSERT INTO [TABLE] (ID_Table, NumberOfSeats, StatusTable, ID_Branch) VALUES (276, 6, 1, 12);
INSERT INTO [TABLE] (ID_Table, NumberOfSeats, StatusTable, ID_Branch) VALUES (277, 6, 0, 12);
INSERT INTO [TABLE] (ID_Table, NumberOfSeats, StatusTable, ID_Branch) VALUES (278, 6, 0, 12);
INSERT INTO [TABLE] (ID_Table, NumberOfSeats, StatusTable, ID_Branch) VALUES (279, 4, 0, 12);
INSERT INTO [TABLE] (ID_Table, NumberOfSeats, StatusTable, ID_Branch) VALUES (280, 8, 0, 12);
INSERT INTO [TABLE] (ID_Table, NumberOfSeats, StatusTable, ID_Branch) VALUES (281, 4, 1, 12);
INSERT INTO [TABLE] (ID_Table, NumberOfSeats, StatusTable, ID_Branch) VALUES (282, 6, 1, 12);
INSERT INTO [TABLE] (ID_Table, NumberOfSeats, StatusTable, ID_Branch) VALUES (283, 2, 1, 12);
INSERT INTO [TABLE] (ID_Table, NumberOfSeats, StatusTable, ID_Branch) VALUES (284, 8, 1, 12);
INSERT INTO [TABLE] (ID_Table, NumberOfSeats, StatusTable, ID_Branch) VALUES (285, 6, 1, 12);
INSERT INTO [TABLE] (ID_Table, NumberOfSeats, StatusTable, ID_Branch) VALUES (286, 8, 0, 12);
INSERT INTO [TABLE] (ID_Table, NumberOfSeats, StatusTable, ID_Branch) VALUES (287, 2, 1, 12);
INSERT INTO [TABLE] (ID_Table, NumberOfSeats, StatusTable, ID_Branch) VALUES (288, 2, 1, 12);
INSERT INTO [TABLE] (ID_Table, NumberOfSeats, StatusTable, ID_Branch) VALUES (289, 8, 1, 12);
INSERT INTO [TABLE] (ID_Table, NumberOfSeats, StatusTable, ID_Branch) VALUES (290, 6, 0, 12);
INSERT INTO [TABLE] (ID_Table, NumberOfSeats, StatusTable, ID_Branch) VALUES (291, 4, 1, 12);
INSERT INTO [TABLE] (ID_Table, NumberOfSeats, StatusTable, ID_Branch) VALUES (292, 2, 1, 12);
INSERT INTO [TABLE] (ID_Table, NumberOfSeats, StatusTable, ID_Branch) VALUES (293, 8, 0, 13);
INSERT INTO [TABLE] (ID_Table, NumberOfSeats, StatusTable, ID_Branch) VALUES (294, 8, 0, 13);
INSERT INTO [TABLE] (ID_Table, NumberOfSeats, StatusTable, ID_Branch) VALUES (295, 6, 0, 13);
INSERT INTO [TABLE] (ID_Table, NumberOfSeats, StatusTable, ID_Branch) VALUES (296, 8, 0, 13);
INSERT INTO [TABLE] (ID_Table, NumberOfSeats, StatusTable, ID_Branch) VALUES (297, 6, 0, 13);
INSERT INTO [TABLE] (ID_Table, NumberOfSeats, StatusTable, ID_Branch) VALUES (298, 2, 1, 13);
INSERT INTO [TABLE] (ID_Table, NumberOfSeats, StatusTable, ID_Branch) VALUES (299, 8, 1, 13);
INSERT INTO [TABLE] (ID_Table, NumberOfSeats, StatusTable, ID_Branch) VALUES (300, 6, 0, 13);
INSERT INTO [TABLE] (ID_Table, NumberOfSeats, StatusTable, ID_Branch) VALUES (301, 4, 1, 13);
INSERT INTO [TABLE] (ID_Table, NumberOfSeats, StatusTable, ID_Branch) VALUES (302, 4, 1, 13);
INSERT INTO [TABLE] (ID_Table, NumberOfSeats, StatusTable, ID_Branch) VALUES (303, 2, 1, 13);
INSERT INTO [TABLE] (ID_Table, NumberOfSeats, StatusTable, ID_Branch) VALUES (304, 6, 1, 13);
INSERT INTO [TABLE] (ID_Table, NumberOfSeats, StatusTable, ID_Branch) VALUES (305, 2, 0, 13);
INSERT INTO [TABLE] (ID_Table, NumberOfSeats, StatusTable, ID_Branch) VALUES (306, 6, 0, 13);
INSERT INTO [TABLE] (ID_Table, NumberOfSeats, StatusTable, ID_Branch) VALUES (307, 4, 0, 13);
INSERT INTO [TABLE] (ID_Table, NumberOfSeats, StatusTable, ID_Branch) VALUES (308, 4, 1, 13);
INSERT INTO [TABLE] (ID_Table, NumberOfSeats, StatusTable, ID_Branch) VALUES (309, 4, 1, 13);
INSERT INTO [TABLE] (ID_Table, NumberOfSeats, StatusTable, ID_Branch) VALUES (310, 8, 1, 13);
INSERT INTO [TABLE] (ID_Table, NumberOfSeats, StatusTable, ID_Branch) VALUES (311, 8, 1, 13);
INSERT INTO [TABLE] (ID_Table, NumberOfSeats, StatusTable, ID_Branch) VALUES (312, 2, 1, 13);
INSERT INTO [TABLE] (ID_Table, NumberOfSeats, StatusTable, ID_Branch) VALUES (313, 6, 0, 14);
INSERT INTO [TABLE] (ID_Table, NumberOfSeats, StatusTable, ID_Branch) VALUES (314, 6, 0, 14);
INSERT INTO [TABLE] (ID_Table, NumberOfSeats, StatusTable, ID_Branch) VALUES (315, 4, 1, 14);
INSERT INTO [TABLE] (ID_Table, NumberOfSeats, StatusTable, ID_Branch) VALUES (316, 4, 1, 14);
INSERT INTO [TABLE] (ID_Table, NumberOfSeats, StatusTable, ID_Branch) VALUES (317, 6, 0, 14);
INSERT INTO [TABLE] (ID_Table, NumberOfSeats, StatusTable, ID_Branch) VALUES (318, 6, 0, 14);
INSERT INTO [TABLE] (ID_Table, NumberOfSeats, StatusTable, ID_Branch) VALUES (319, 8, 1, 14);
INSERT INTO [TABLE] (ID_Table, NumberOfSeats, StatusTable, ID_Branch) VALUES (320, 2, 0, 14);
INSERT INTO [TABLE] (ID_Table, NumberOfSeats, StatusTable, ID_Branch) VALUES (321, 4, 1, 14);
INSERT INTO [TABLE] (ID_Table, NumberOfSeats, StatusTable, ID_Branch) VALUES (322, 2, 0, 14);
INSERT INTO [TABLE] (ID_Table, NumberOfSeats, StatusTable, ID_Branch) VALUES (323, 6, 1, 14);
INSERT INTO [TABLE] (ID_Table, NumberOfSeats, StatusTable, ID_Branch) VALUES (324, 6, 1, 14);
INSERT INTO [TABLE] (ID_Table, NumberOfSeats, StatusTable, ID_Branch) VALUES (325, 4, 0, 14);
INSERT INTO [TABLE] (ID_Table, NumberOfSeats, StatusTable, ID_Branch) VALUES (326, 2, 0, 14);
INSERT INTO [TABLE] (ID_Table, NumberOfSeats, StatusTable, ID_Branch) VALUES (327, 8, 1, 14);
INSERT INTO [TABLE] (ID_Table, NumberOfSeats, StatusTable, ID_Branch) VALUES (328, 8, 0, 14);
INSERT INTO [TABLE] (ID_Table, NumberOfSeats, StatusTable, ID_Branch) VALUES (329, 4, 0, 14);
INSERT INTO [TABLE] (ID_Table, NumberOfSeats, StatusTable, ID_Branch) VALUES (330, 4, 1, 14);
INSERT INTO [TABLE] (ID_Table, NumberOfSeats, StatusTable, ID_Branch) VALUES (331, 6, 0, 14);
INSERT INTO [TABLE] (ID_Table, NumberOfSeats, StatusTable, ID_Branch) VALUES (332, 2, 0, 14);
INSERT INTO [TABLE] (ID_Table, NumberOfSeats, StatusTable, ID_Branch) VALUES (333, 6, 0, 14);
INSERT INTO [TABLE] (ID_Table, NumberOfSeats, StatusTable, ID_Branch) VALUES (334, 4, 0, 14);
INSERT INTO [TABLE] (ID_Table, NumberOfSeats, StatusTable, ID_Branch) VALUES (335, 6, 1, 14);
INSERT INTO [TABLE] (ID_Table, NumberOfSeats, StatusTable, ID_Branch) VALUES (336, 4, 1, 14);
INSERT INTO [TABLE] (ID_Table, NumberOfSeats, StatusTable, ID_Branch) VALUES (337, 4, 1, 15);
INSERT INTO [TABLE] (ID_Table, NumberOfSeats, StatusTable, ID_Branch) VALUES (338, 4, 0, 15);
INSERT INTO [TABLE] (ID_Table, NumberOfSeats, StatusTable, ID_Branch) VALUES (339, 4, 1, 15);
INSERT INTO [TABLE] (ID_Table, NumberOfSeats, StatusTable, ID_Branch) VALUES (340, 6, 1, 15);
INSERT INTO [TABLE] (ID_Table, NumberOfSeats, StatusTable, ID_Branch) VALUES (341, 2, 1, 15);
INSERT INTO [TABLE] (ID_Table, NumberOfSeats, StatusTable, ID_Branch) VALUES (342, 4, 1, 15);
INSERT INTO [TABLE] (ID_Table, NumberOfSeats, StatusTable, ID_Branch) VALUES (343, 6, 1, 15);
INSERT INTO [TABLE] (ID_Table, NumberOfSeats, StatusTable, ID_Branch) VALUES (344, 2, 1, 15);
INSERT INTO [TABLE] (ID_Table, NumberOfSeats, StatusTable, ID_Branch) VALUES (345, 8, 0, 15);
INSERT INTO [TABLE] (ID_Table, NumberOfSeats, StatusTable, ID_Branch) VALUES (346, 6, 0, 15);
INSERT INTO [TABLE] (ID_Table, NumberOfSeats, StatusTable, ID_Branch) VALUES (347, 4, 0, 15);
INSERT INTO [TABLE] (ID_Table, NumberOfSeats, StatusTable, ID_Branch) VALUES (348, 2, 0, 15);
INSERT INTO [TABLE] (ID_Table, NumberOfSeats, StatusTable, ID_Branch) VALUES (349, 6, 1, 15);
INSERT INTO [TABLE] (ID_Table, NumberOfSeats, StatusTable, ID_Branch) VALUES (350, 6, 1, 15);
INSERT INTO [TABLE] (ID_Table, NumberOfSeats, StatusTable, ID_Branch) VALUES (351, 2, 0, 15);
INSERT INTO [TABLE] (ID_Table, NumberOfSeats, StatusTable, ID_Branch) VALUES (352, 6, 0, 15);
INSERT INTO [TABLE] (ID_Table, NumberOfSeats, StatusTable, ID_Branch) VALUES (353, 8, 0, 15);
INSERT INTO [TABLE] (ID_Table, NumberOfSeats, StatusTable, ID_Branch) VALUES (354, 2, 0, 15);
INSERT INTO [TABLE] (ID_Table, NumberOfSeats, StatusTable, ID_Branch) VALUES (355, 6, 0, 15);
INSERT INTO [TABLE] (ID_Table, NumberOfSeats, StatusTable, ID_Branch) VALUES (356, 2, 0, 15);
INSERT INTO [TABLE] (ID_Table, NumberOfSeats, StatusTable, ID_Branch) VALUES (357, 8, 1, 15);
INSERT INTO [TABLE] (ID_Table, NumberOfSeats, StatusTable, ID_Branch) VALUES (358, 4, 1, 15);
INSERT INTO MEM_LEVEL (ID_Level, LevelName, DiscountPercentages) VALUES (1, 'Bronze', 10);
INSERT INTO MEM_LEVEL (ID_Level, LevelName, DiscountPercentages) VALUES (2, 'Silver', 16);
INSERT INTO MEM_LEVEL (ID_Level, LevelName, DiscountPercentages) VALUES (3, 'Gold', 11);
INSERT INTO MEMBERSHIP (ID_Card, [Status], DateCreated, Point, ID_Level) VALUES (1, 1, '2024-07-06', 0, 1);
INSERT INTO MEMBERSHIP (ID_Card, [Status], DateCreated, Point, ID_Level) VALUES (2, 1, '2024-04-21', 0, 1);
INSERT INTO MEMBERSHIP (ID_Card, [Status], DateCreated, Point, ID_Level) VALUES (3, 1, '2024-01-19', 0, 1);
INSERT INTO MEMBERSHIP (ID_Card, [Status], DateCreated, Point, ID_Level) VALUES (4, 1, '2024-10-28', 0, 1);
INSERT INTO MEMBERSHIP (ID_Card, [Status], DateCreated, Point, ID_Level) VALUES (5, 1, '2024-08-16', 0, 1);
INSERT INTO MEMBERSHIP (ID_Card, [Status], DateCreated, Point, ID_Level) VALUES (6, 1, '2024-06-13', 0, 1);
INSERT INTO MEMBERSHIP (ID_Card, [Status], DateCreated, Point, ID_Level) VALUES (7, 1, '2024-05-14', 0, 1);
INSERT INTO MEMBERSHIP (ID_Card, [Status], DateCreated, Point, ID_Level) VALUES (8, 1, '2024-10-01', 0, 1);
INSERT INTO MEMBERSHIP (ID_Card, [Status], DateCreated, Point, ID_Level) VALUES (9, 1, '2024-10-08', 0, 1);
INSERT INTO MEMBERSHIP (ID_Card, [Status], DateCreated, Point, ID_Level) VALUES (10, 1, '2024-01-11', 0, 1);
INSERT INTO MEMBERSHIP (ID_Card, [Status], DateCreated, Point, ID_Level) VALUES (11, 1, '2024-11-07', 0, 1);
INSERT INTO MEMBERSHIP (ID_Card, [Status], DateCreated, Point, ID_Level) VALUES (12, 1, '2024-03-17', 0, 1);
INSERT INTO MEMBERSHIP (ID_Card, [Status], DateCreated, Point, ID_Level) VALUES (13, 1, '2024-10-18', 0, 1);
INSERT INTO MEMBERSHIP (ID_Card, [Status], DateCreated, Point, ID_Level) VALUES (14, 1, '2024-01-22', 0, 1);
INSERT INTO MEMBERSHIP (ID_Card, [Status], DateCreated, Point, ID_Level) VALUES (15, 1, '2024-07-03', 0, 1);
INSERT INTO MEMBERSHIP (ID_Card, [Status], DateCreated, Point, ID_Level) VALUES (16, 1, '2024-06-20', 0, 1);
INSERT INTO MEMBERSHIP (ID_Card, [Status], DateCreated, Point, ID_Level) VALUES (17, 1, '2024-12-11', 0, 1);
INSERT INTO MEMBERSHIP (ID_Card, [Status], DateCreated, Point, ID_Level) VALUES (18, 1, '2024-11-27', 0, 1);
INSERT INTO MEMBERSHIP (ID_Card, [Status], DateCreated, Point, ID_Level) VALUES (19, 1, '2024-12-02', 0, 1);
INSERT INTO MEMBERSHIP (ID_Card, [Status], DateCreated, Point, ID_Level) VALUES (20, 1, '2024-06-14', 0, 1);
INSERT INTO MEMBERSHIP (ID_Card, [Status], DateCreated, Point, ID_Level) VALUES (21, 1, '2024-01-13', 0, 1);
INSERT INTO MEMBERSHIP (ID_Card, [Status], DateCreated, Point, ID_Level) VALUES (22, 1, '2024-10-11', 0, 1);
INSERT INTO MEMBERSHIP (ID_Card, [Status], DateCreated, Point, ID_Level) VALUES (23, 1, '2024-10-17', 0, 1);
INSERT INTO MEMBERSHIP (ID_Card, [Status], DateCreated, Point, ID_Level) VALUES (24, 1, '2024-02-25', 0, 1);
INSERT INTO MEMBERSHIP (ID_Card, [Status], DateCreated, Point, ID_Level) VALUES (25, 1, '2024-09-15', 0, 1);
INSERT INTO MEMBERSHIP (ID_Card, [Status], DateCreated, Point, ID_Level) VALUES (26, 1, '2024-04-04', 0, 1);
INSERT INTO MEMBERSHIP (ID_Card, [Status], DateCreated, Point, ID_Level) VALUES (27, 1, '2024-09-24', 0, 1);
INSERT INTO MEMBERSHIP (ID_Card, [Status], DateCreated, Point, ID_Level) VALUES (28, 1, '2024-04-19', 0, 1);
INSERT INTO MEMBERSHIP (ID_Card, [Status], DateCreated, Point, ID_Level) VALUES (29, 1, '2024-07-28', 0, 1);
INSERT INTO MEMBERSHIP (ID_Card, [Status], DateCreated, Point, ID_Level) VALUES (30, 1, '2024-03-02', 0, 1);
INSERT INTO MEMBERSHIP (ID_Card, [Status], DateCreated, Point, ID_Level) VALUES (31, 1, '2024-07-23', 0, 1);
INSERT INTO MEMBERSHIP (ID_Card, [Status], DateCreated, Point, ID_Level) VALUES (32, 1, '2024-09-19', 0, 1);
INSERT INTO MEMBERSHIP (ID_Card, [Status], DateCreated, Point, ID_Level) VALUES (33, 1, '2024-03-14', 0, 1);
INSERT INTO MEMBERSHIP (ID_Card, [Status], DateCreated, Point, ID_Level) VALUES (34, 1, '2024-09-02', 0, 1);
INSERT INTO MEMBERSHIP (ID_Card, [Status], DateCreated, Point, ID_Level) VALUES (35, 1, '2024-02-25', 0, 1);
INSERT INTO MEMBERSHIP (ID_Card, [Status], DateCreated, Point, ID_Level) VALUES (36, 1, '2024-10-03', 0, 1);
INSERT INTO MEMBERSHIP (ID_Card, [Status], DateCreated, Point, ID_Level) VALUES (37, 1, '2024-10-22', 0, 1);
INSERT INTO MEMBERSHIP (ID_Card, [Status], DateCreated, Point, ID_Level) VALUES (38, 1, '2024-01-01', 0, 1);
INSERT INTO MEMBERSHIP (ID_Card, [Status], DateCreated, Point, ID_Level) VALUES (39, 1, '2024-06-26', 0, 1);
INSERT INTO MEMBERSHIP (ID_Card, [Status], DateCreated, Point, ID_Level) VALUES (40, 1, '2024-05-24', 0, 1);
INSERT INTO MEMBERSHIP (ID_Card, [Status], DateCreated, Point, ID_Level) VALUES (41, 1, '2024-01-31', 0, 1);
INSERT INTO MEMBERSHIP (ID_Card, [Status], DateCreated, Point, ID_Level) VALUES (42, 1, '2024-05-10', 0, 1);
INSERT INTO MEMBERSHIP (ID_Card, [Status], DateCreated, Point, ID_Level) VALUES (43, 1, '2024-12-02', 0, 1);
INSERT INTO MEMBERSHIP (ID_Card, [Status], DateCreated, Point, ID_Level) VALUES (44, 1, '2024-03-11', 0, 1);
INSERT INTO MEMBERSHIP (ID_Card, [Status], DateCreated, Point, ID_Level) VALUES (45, 1, '2024-01-20', 0, 1);
INSERT INTO MEMBERSHIP (ID_Card, [Status], DateCreated, Point, ID_Level) VALUES (46, 1, '2024-10-15', 0, 1);
INSERT INTO MEMBERSHIP (ID_Card, [Status], DateCreated, Point, ID_Level) VALUES (47, 1, '2024-02-26', 0, 1);
INSERT INTO MEMBERSHIP (ID_Card, [Status], DateCreated, Point, ID_Level) VALUES (48, 1, '2024-03-05', 0, 1);
INSERT INTO MEMBERSHIP (ID_Card, [Status], DateCreated, Point, ID_Level) VALUES (49, 1, '2024-10-09', 0, 1);
INSERT INTO MEMBERSHIP (ID_Card, [Status], DateCreated, Point, ID_Level) VALUES (50, 1, '2024-04-30', 0, 1);
INSERT INTO MEMBERSHIP (ID_Card, [Status], DateCreated, Point, ID_Level) VALUES (51, 1, '2024-10-08', 0, 1);
INSERT INTO MEMBERSHIP (ID_Card, [Status], DateCreated, Point, ID_Level) VALUES (52, 1, '2024-06-25', 0, 1);
INSERT INTO MEMBERSHIP (ID_Card, [Status], DateCreated, Point, ID_Level) VALUES (53, 1, '2024-11-21', 0, 1);
INSERT INTO MEMBERSHIP (ID_Card, [Status], DateCreated, Point, ID_Level) VALUES (54, 1, '2024-01-27', 0, 1);
INSERT INTO MEMBERSHIP (ID_Card, [Status], DateCreated, Point, ID_Level) VALUES (55, 1, '2024-11-18', 0, 1);
INSERT INTO MEMBERSHIP (ID_Card, [Status], DateCreated, Point, ID_Level) VALUES (56, 1, '2024-07-28', 0, 1);
INSERT INTO MEMBERSHIP (ID_Card, [Status], DateCreated, Point, ID_Level) VALUES (57, 1, '2024-10-13', 0, 1);
INSERT INTO MEMBERSHIP (ID_Card, [Status], DateCreated, Point, ID_Level) VALUES (58, 1, '2024-07-21', 0, 1);
INSERT INTO MEMBERSHIP (ID_Card, [Status], DateCreated, Point, ID_Level) VALUES (59, 1, '2024-12-16', 0, 1);
INSERT INTO MEMBERSHIP (ID_Card, [Status], DateCreated, Point, ID_Level) VALUES (60, 1, '2024-10-27', 0, 1);
INSERT INTO MEMBERSHIP (ID_Card, [Status], DateCreated, Point, ID_Level) VALUES (61, 1, '2024-06-29', 0, 1);
INSERT INTO MEMBERSHIP (ID_Card, [Status], DateCreated, Point, ID_Level) VALUES (62, 1, '2024-09-15', 0, 1);
INSERT INTO MEMBERSHIP (ID_Card, [Status], DateCreated, Point, ID_Level) VALUES (63, 1, '2024-08-16', 0, 1);
INSERT INTO MEMBERSHIP (ID_Card, [Status], DateCreated, Point, ID_Level) VALUES (64, 1, '2024-06-12', 0, 1);
INSERT INTO MEMBERSHIP (ID_Card, [Status], DateCreated, Point, ID_Level) VALUES (65, 1, '2024-08-15', 0, 1);
INSERT INTO MEMBERSHIP (ID_Card, [Status], DateCreated, Point, ID_Level) VALUES (66, 1, '2024-02-03', 0, 1);
INSERT INTO MEMBERSHIP (ID_Card, [Status], DateCreated, Point, ID_Level) VALUES (67, 1, '2024-09-12', 0, 1);
INSERT INTO MEMBERSHIP (ID_Card, [Status], DateCreated, Point, ID_Level) VALUES (68, 1, '2024-03-20', 0, 1);
INSERT INTO MEMBERSHIP (ID_Card, [Status], DateCreated, Point, ID_Level) VALUES (69, 1, '2024-10-24', 0, 1);
INSERT INTO MEMBERSHIP (ID_Card, [Status], DateCreated, Point, ID_Level) VALUES (70, 1, '2024-07-17', 0, 1);
INSERT INTO MEMBERSHIP (ID_Card, [Status], DateCreated, Point, ID_Level) VALUES (71, 1, '2024-06-04', 0, 1);
INSERT INTO MEMBERSHIP (ID_Card, [Status], DateCreated, Point, ID_Level) VALUES (72, 1, '2024-12-13', 0, 1);
INSERT INTO MEMBERSHIP (ID_Card, [Status], DateCreated, Point, ID_Level) VALUES (73, 1, '2024-09-11', 0, 1);
INSERT INTO MEMBERSHIP (ID_Card, [Status], DateCreated, Point, ID_Level) VALUES (74, 1, '2024-06-24', 0, 1);
INSERT INTO MEMBERSHIP (ID_Card, [Status], DateCreated, Point, ID_Level) VALUES (75, 1, '2024-04-08', 0, 1);
INSERT INTO MEMBERSHIP (ID_Card, [Status], DateCreated, Point, ID_Level) VALUES (76, 1, '2024-08-22', 0, 1);
INSERT INTO MEMBERSHIP (ID_Card, [Status], DateCreated, Point, ID_Level) VALUES (77, 1, '2024-05-30', 0, 1);
INSERT INTO MEMBERSHIP (ID_Card, [Status], DateCreated, Point, ID_Level) VALUES (78, 1, '2024-05-23', 0, 1);
INSERT INTO MEMBERSHIP (ID_Card, [Status], DateCreated, Point, ID_Level) VALUES (79, 1, '2024-03-18', 0, 1);
INSERT INTO MEMBERSHIP (ID_Card, [Status], DateCreated, Point, ID_Level) VALUES (80, 1, '2024-07-13', 0, 1);
INSERT INTO MEMBERSHIP (ID_Card, [Status], DateCreated, Point, ID_Level) VALUES (81, 1, '2024-07-10', 0, 1);
INSERT INTO MEMBERSHIP (ID_Card, [Status], DateCreated, Point, ID_Level) VALUES (82, 1, '2024-10-17', 0, 1);
INSERT INTO MEMBERSHIP (ID_Card, [Status], DateCreated, Point, ID_Level) VALUES (83, 1, '2024-08-27', 0, 1);
INSERT INTO MEMBERSHIP (ID_Card, [Status], DateCreated, Point, ID_Level) VALUES (84, 1, '2024-01-14', 0, 1);
INSERT INTO MEMBERSHIP (ID_Card, [Status], DateCreated, Point, ID_Level) VALUES (85, 1, '2024-08-21', 0, 1);
INSERT INTO MEMBERSHIP (ID_Card, [Status], DateCreated, Point, ID_Level) VALUES (86, 1, '2024-11-05', 0, 1);
INSERT INTO MEMBERSHIP (ID_Card, [Status], DateCreated, Point, ID_Level) VALUES (87, 1, '2024-11-14', 0, 1);
INSERT INTO MEMBERSHIP (ID_Card, [Status], DateCreated, Point, ID_Level) VALUES (88, 1, '2024-07-19', 0, 1);
INSERT INTO MEMBERSHIP (ID_Card, [Status], DateCreated, Point, ID_Level) VALUES (89, 1, '2024-10-23', 0, 1);
INSERT INTO MEMBERSHIP (ID_Card, [Status], DateCreated, Point, ID_Level) VALUES (90, 1, '2024-06-26', 0, 1);
INSERT INTO MEMBERSHIP (ID_Card, [Status], DateCreated, Point, ID_Level) VALUES (91, 1, '2024-10-24', 0, 1);
INSERT INTO MEMBERSHIP (ID_Card, [Status], DateCreated, Point, ID_Level) VALUES (92, 1, '2024-03-30', 0, 1);
INSERT INTO MEMBERSHIP (ID_Card, [Status], DateCreated, Point, ID_Level) VALUES (93, 1, '2024-04-07', 0, 1);
INSERT INTO MEMBERSHIP (ID_Card, [Status], DateCreated, Point, ID_Level) VALUES (94, 1, '2024-03-24', 0, 1);
INSERT INTO MEMBERSHIP (ID_Card, [Status], DateCreated, Point, ID_Level) VALUES (95, 1, '2024-10-04', 0, 1);
INSERT INTO MEMBERSHIP (ID_Card, [Status], DateCreated, Point, ID_Level) VALUES (96, 1, '2024-04-11', 0, 1);
INSERT INTO MEMBERSHIP (ID_Card, [Status], DateCreated, Point, ID_Level) VALUES (97, 1, '2024-05-09', 0, 1);
INSERT INTO MEMBERSHIP (ID_Card, [Status], DateCreated, Point, ID_Level) VALUES (98, 1, '2024-10-06', 0, 1);
INSERT INTO MEMBERSHIP (ID_Card, [Status], DateCreated, Point, ID_Level) VALUES (99, 1, '2024-06-08', 0, 1);
INSERT INTO MEMBERSHIP (ID_Card, [Status], DateCreated, Point, ID_Level) VALUES (100, 1, '2024-05-20', 0, 1);
INSERT INTO MEMBERSHIP (ID_Card, [Status], DateCreated, Point, ID_Level) VALUES (101, 1, '2024-05-16', 0, 1);
INSERT INTO MEMBERSHIP (ID_Card, [Status], DateCreated, Point, ID_Level) VALUES (102, 1, '2024-03-14', 0, 1);
INSERT INTO MEMBERSHIP (ID_Card, [Status], DateCreated, Point, ID_Level) VALUES (103, 1, '2024-01-02', 0, 1);
INSERT INTO MEMBERSHIP (ID_Card, [Status], DateCreated, Point, ID_Level) VALUES (104, 1, '2024-02-21', 0, 1);
INSERT INTO MEMBERSHIP (ID_Card, [Status], DateCreated, Point, ID_Level) VALUES (105, 1, '2024-12-04', 0, 1);
INSERT INTO MEMBERSHIP (ID_Card, [Status], DateCreated, Point, ID_Level) VALUES (106, 1, '2024-09-14', 0, 1);
INSERT INTO MEMBERSHIP (ID_Card, [Status], DateCreated, Point, ID_Level) VALUES (107, 1, '2024-01-11', 0, 1);
INSERT INTO MEMBERSHIP (ID_Card, [Status], DateCreated, Point, ID_Level) VALUES (108, 1, '2024-08-11', 0, 1);
INSERT INTO MEMBERSHIP (ID_Card, [Status], DateCreated, Point, ID_Level) VALUES (109, 1, '2024-03-14', 0, 1);
INSERT INTO MEMBERSHIP (ID_Card, [Status], DateCreated, Point, ID_Level) VALUES (110, 1, '2024-04-12', 0, 1);
INSERT INTO MEMBERSHIP (ID_Card, [Status], DateCreated, Point, ID_Level) VALUES (111, 1, '2024-02-18', 0, 1);
INSERT INTO MEMBERSHIP (ID_Card, [Status], DateCreated, Point, ID_Level) VALUES (112, 1, '2024-01-03', 0, 1);
INSERT INTO MEMBERSHIP (ID_Card, [Status], DateCreated, Point, ID_Level) VALUES (113, 1, '2024-04-25', 0, 1);
INSERT INTO MEMBERSHIP (ID_Card, [Status], DateCreated, Point, ID_Level) VALUES (114, 1, '2024-02-16', 0, 1);
INSERT INTO MEMBERSHIP (ID_Card, [Status], DateCreated, Point, ID_Level) VALUES (115, 1, '2024-08-16', 0, 1);
INSERT INTO MEMBERSHIP (ID_Card, [Status], DateCreated, Point, ID_Level) VALUES (116, 1, '2024-11-19', 0, 1);
INSERT INTO MEMBERSHIP (ID_Card, [Status], DateCreated, Point, ID_Level) VALUES (117, 1, '2024-11-20', 0, 1);
INSERT INTO MEMBERSHIP (ID_Card, [Status], DateCreated, Point, ID_Level) VALUES (118, 1, '2024-08-31', 0, 1);
INSERT INTO MEMBERSHIP (ID_Card, [Status], DateCreated, Point, ID_Level) VALUES (119, 1, '2024-10-14', 0, 1);
INSERT INTO MEMBERSHIP (ID_Card, [Status], DateCreated, Point, ID_Level) VALUES (120, 1, '2024-08-24', 0, 1);
INSERT INTO MEMBERSHIP (ID_Card, [Status], DateCreated, Point, ID_Level) VALUES (121, 1, '2024-07-03', 0, 1);
INSERT INTO MEMBERSHIP (ID_Card, [Status], DateCreated, Point, ID_Level) VALUES (122, 1, '2024-09-27', 0, 1);
INSERT INTO MEMBERSHIP (ID_Card, [Status], DateCreated, Point, ID_Level) VALUES (123, 1, '2024-12-07', 0, 1);
INSERT INTO MEMBERSHIP (ID_Card, [Status], DateCreated, Point, ID_Level) VALUES (124, 1, '2024-09-08', 0, 1);
INSERT INTO MEMBERSHIP (ID_Card, [Status], DateCreated, Point, ID_Level) VALUES (125, 1, '2024-10-17', 0, 1);
INSERT INTO MEMBERSHIP (ID_Card, [Status], DateCreated, Point, ID_Level) VALUES (126, 1, '2024-11-24', 0, 1);
INSERT INTO MEMBERSHIP (ID_Card, [Status], DateCreated, Point, ID_Level) VALUES (127, 1, '2024-04-10', 0, 1);
INSERT INTO MEMBERSHIP (ID_Card, [Status], DateCreated, Point, ID_Level) VALUES (128, 1, '2024-03-11', 0, 1);
INSERT INTO MEMBERSHIP (ID_Card, [Status], DateCreated, Point, ID_Level) VALUES (129, 1, '2024-03-02', 0, 1);
INSERT INTO MEMBERSHIP (ID_Card, [Status], DateCreated, Point, ID_Level) VALUES (130, 1, '2024-06-10', 0, 1);
INSERT INTO MEMBERSHIP (ID_Card, [Status], DateCreated, Point, ID_Level) VALUES (131, 1, '2024-11-16', 0, 1);
INSERT INTO MEMBERSHIP (ID_Card, [Status], DateCreated, Point, ID_Level) VALUES (132, 1, '2024-04-15', 0, 1);
INSERT INTO MEMBERSHIP (ID_Card, [Status], DateCreated, Point, ID_Level) VALUES (133, 1, '2024-03-17', 0, 1);
INSERT INTO MEMBERSHIP (ID_Card, [Status], DateCreated, Point, ID_Level) VALUES (134, 1, '2024-03-26', 0, 1);
INSERT INTO MEMBERSHIP (ID_Card, [Status], DateCreated, Point, ID_Level) VALUES (135, 1, '2024-08-29', 0, 1);
INSERT INTO MEMBERSHIP (ID_Card, [Status], DateCreated, Point, ID_Level) VALUES (136, 1, '2024-06-08', 0, 1);
INSERT INTO MEMBERSHIP (ID_Card, [Status], DateCreated, Point, ID_Level) VALUES (137, 1, '2024-05-22', 0, 1);
INSERT INTO MEMBERSHIP (ID_Card, [Status], DateCreated, Point, ID_Level) VALUES (138, 1, '2024-04-30', 0, 1);
INSERT INTO MEMBERSHIP (ID_Card, [Status], DateCreated, Point, ID_Level) VALUES (139, 1, '2024-09-14', 0, 1);
INSERT INTO MEMBERSHIP (ID_Card, [Status], DateCreated, Point, ID_Level) VALUES (140, 1, '2024-06-20', 0, 1);
INSERT INTO MEMBERSHIP (ID_Card, [Status], DateCreated, Point, ID_Level) VALUES (141, 1, '2024-10-22', 0, 1);
INSERT INTO MEMBERSHIP (ID_Card, [Status], DateCreated, Point, ID_Level) VALUES (142, 1, '2024-11-03', 0, 1);
INSERT INTO MEMBERSHIP (ID_Card, [Status], DateCreated, Point, ID_Level) VALUES (143, 1, '2024-08-24', 0, 1);
INSERT INTO MEMBERSHIP (ID_Card, [Status], DateCreated, Point, ID_Level) VALUES (144, 1, '2024-03-26', 0, 1);
INSERT INTO MEMBERSHIP (ID_Card, [Status], DateCreated, Point, ID_Level) VALUES (145, 1, '2024-06-06', 0, 1);
INSERT INTO MEMBERSHIP (ID_Card, [Status], DateCreated, Point, ID_Level) VALUES (146, 1, '2024-01-11', 0, 1);
INSERT INTO MEMBERSHIP (ID_Card, [Status], DateCreated, Point, ID_Level) VALUES (147, 1, '2024-03-16', 0, 1);
INSERT INTO MEMBERSHIP (ID_Card, [Status], DateCreated, Point, ID_Level) VALUES (148, 1, '2024-08-10', 0, 1);
INSERT INTO MEMBERSHIP (ID_Card, [Status], DateCreated, Point, ID_Level) VALUES (149, 1, '2024-10-03', 0, 1);
INSERT INTO MEMBERSHIP (ID_Card, [Status], DateCreated, Point, ID_Level) VALUES (150, 1, '2024-05-26', 0, 1);
INSERT INTO MEMBERSHIP (ID_Card, [Status], DateCreated, Point, ID_Level) VALUES (151, 1, '2024-08-06', 0, 1);
INSERT INTO MEMBERSHIP (ID_Card, [Status], DateCreated, Point, ID_Level) VALUES (152, 1, '2024-05-10', 0, 1);
INSERT INTO MEMBERSHIP (ID_Card, [Status], DateCreated, Point, ID_Level) VALUES (153, 1, '2024-02-17', 0, 1);
INSERT INTO MEMBERSHIP (ID_Card, [Status], DateCreated, Point, ID_Level) VALUES (154, 1, '2024-10-02', 0, 1);
INSERT INTO MEMBERSHIP (ID_Card, [Status], DateCreated, Point, ID_Level) VALUES (155, 1, '2024-10-08', 0, 1);
INSERT INTO MEMBERSHIP (ID_Card, [Status], DateCreated, Point, ID_Level) VALUES (156, 1, '2024-10-11', 0, 1);
INSERT INTO MEMBERSHIP (ID_Card, [Status], DateCreated, Point, ID_Level) VALUES (157, 1, '2024-08-26', 0, 1);
INSERT INTO MEMBERSHIP (ID_Card, [Status], DateCreated, Point, ID_Level) VALUES (158, 1, '2024-04-18', 0, 1);
INSERT INTO MEMBERSHIP (ID_Card, [Status], DateCreated, Point, ID_Level) VALUES (159, 1, '2024-03-25', 0, 1);
INSERT INTO MEMBERSHIP (ID_Card, [Status], DateCreated, Point, ID_Level) VALUES (160, 1, '2024-05-31', 0, 1);
INSERT INTO MEMBERSHIP (ID_Card, [Status], DateCreated, Point, ID_Level) VALUES (161, 1, '2024-06-27', 0, 1);
INSERT INTO MEMBERSHIP (ID_Card, [Status], DateCreated, Point, ID_Level) VALUES (162, 1, '2024-02-07', 0, 1);
INSERT INTO MEMBERSHIP (ID_Card, [Status], DateCreated, Point, ID_Level) VALUES (163, 1, '2024-09-10', 0, 1);
INSERT INTO MEMBERSHIP (ID_Card, [Status], DateCreated, Point, ID_Level) VALUES (164, 1, '2024-08-30', 0, 1);
INSERT INTO MEMBERSHIP (ID_Card, [Status], DateCreated, Point, ID_Level) VALUES (165, 1, '2024-10-26', 0, 1);
INSERT INTO MEMBERSHIP (ID_Card, [Status], DateCreated, Point, ID_Level) VALUES (166, 1, '2024-11-09', 0, 1);
INSERT INTO MEMBERSHIP (ID_Card, [Status], DateCreated, Point, ID_Level) VALUES (167, 1, '2024-08-09', 0, 1);
INSERT INTO MEMBERSHIP (ID_Card, [Status], DateCreated, Point, ID_Level) VALUES (168, 1, '2024-03-16', 0, 1);
INSERT INTO MEMBERSHIP (ID_Card, [Status], DateCreated, Point, ID_Level) VALUES (169, 1, '2024-02-17', 0, 1);
INSERT INTO MEMBERSHIP (ID_Card, [Status], DateCreated, Point, ID_Level) VALUES (170, 1, '2024-03-14', 0, 1);
INSERT INTO MEMBERSHIP (ID_Card, [Status], DateCreated, Point, ID_Level) VALUES (171, 1, '2024-05-06', 0, 1);
INSERT INTO MEMBERSHIP (ID_Card, [Status], DateCreated, Point, ID_Level) VALUES (172, 1, '2024-08-29', 0, 1);
INSERT INTO MEMBERSHIP (ID_Card, [Status], DateCreated, Point, ID_Level) VALUES (173, 1, '2024-12-08', 0, 1);
INSERT INTO MEMBERSHIP (ID_Card, [Status], DateCreated, Point, ID_Level) VALUES (174, 1, '2024-12-16', 0, 1);
INSERT INTO MEMBERSHIP (ID_Card, [Status], DateCreated, Point, ID_Level) VALUES (175, 1, '2024-05-08', 0, 1);
INSERT INTO MEMBERSHIP (ID_Card, [Status], DateCreated, Point, ID_Level) VALUES (176, 1, '2024-06-09', 0, 1);
INSERT INTO MEMBERSHIP (ID_Card, [Status], DateCreated, Point, ID_Level) VALUES (177, 1, '2024-05-22', 0, 1);
INSERT INTO MEMBERSHIP (ID_Card, [Status], DateCreated, Point, ID_Level) VALUES (178, 1, '2024-02-20', 0, 1);
INSERT INTO MEMBERSHIP (ID_Card, [Status], DateCreated, Point, ID_Level) VALUES (179, 1, '2024-04-04', 0, 1);
INSERT INTO MEMBERSHIP (ID_Card, [Status], DateCreated, Point, ID_Level) VALUES (180, 1, '2024-09-01', 0, 1);
INSERT INTO MEMBERSHIP (ID_Card, [Status], DateCreated, Point, ID_Level) VALUES (181, 1, '2024-05-04', 0, 1);
INSERT INTO MEMBERSHIP (ID_Card, [Status], DateCreated, Point, ID_Level) VALUES (182, 1, '2024-01-01', 0, 1);
INSERT INTO MEMBERSHIP (ID_Card, [Status], DateCreated, Point, ID_Level) VALUES (183, 1, '2024-10-02', 0, 1);
INSERT INTO MEMBERSHIP (ID_Card, [Status], DateCreated, Point, ID_Level) VALUES (184, 1, '2024-03-13', 0, 1);
INSERT INTO MEMBERSHIP (ID_Card, [Status], DateCreated, Point, ID_Level) VALUES (185, 1, '2024-10-13', 0, 1);
INSERT INTO MEMBERSHIP (ID_Card, [Status], DateCreated, Point, ID_Level) VALUES (186, 1, '2024-05-27', 0, 1);
INSERT INTO MEMBERSHIP (ID_Card, [Status], DateCreated, Point, ID_Level) VALUES (187, 1, '2024-05-13', 0, 1);
INSERT INTO MEMBERSHIP (ID_Card, [Status], DateCreated, Point, ID_Level) VALUES (188, 1, '2024-09-08', 0, 1);
INSERT INTO MEMBERSHIP (ID_Card, [Status], DateCreated, Point, ID_Level) VALUES (189, 1, '2024-01-06', 0, 1);
INSERT INTO MEMBERSHIP (ID_Card, [Status], DateCreated, Point, ID_Level) VALUES (190, 1, '2024-10-31', 0, 1);
INSERT INTO MEMBERSHIP (ID_Card, [Status], DateCreated, Point, ID_Level) VALUES (191, 1, '2024-06-16', 0, 1);
INSERT INTO MEMBERSHIP (ID_Card, [Status], DateCreated, Point, ID_Level) VALUES (192, 1, '2024-10-07', 0, 1);
INSERT INTO MEMBERSHIP (ID_Card, [Status], DateCreated, Point, ID_Level) VALUES (193, 1, '2024-01-09', 0, 1);
INSERT INTO MEMBERSHIP (ID_Card, [Status], DateCreated, Point, ID_Level) VALUES (194, 1, '2024-03-18', 0, 1);
INSERT INTO MEMBERSHIP (ID_Card, [Status], DateCreated, Point, ID_Level) VALUES (195, 1, '2024-09-27', 0, 1);
INSERT INTO MEMBERSHIP (ID_Card, [Status], DateCreated, Point, ID_Level) VALUES (196, 1, '2024-04-15', 0, 1);
INSERT INTO MEMBERSHIP (ID_Card, [Status], DateCreated, Point, ID_Level) VALUES (197, 1, '2024-03-27', 0, 1);
INSERT INTO MEMBERSHIP (ID_Card, [Status], DateCreated, Point, ID_Level) VALUES (198, 1, '2024-01-07', 0, 1);
INSERT INTO MEMBERSHIP (ID_Card, [Status], DateCreated, Point, ID_Level) VALUES (199, 1, '2024-03-01', 0, 1);
INSERT INTO MEMBERSHIP (ID_Card, [Status], DateCreated, Point, ID_Level) VALUES (200, 1, '2024-12-01', 0, 1);
INSERT INTO MEMBERSHIP (ID_Card, [Status], DateCreated, Point, ID_Level) VALUES (201, 1, '2024-06-02', 0, 1);
INSERT INTO MEMBERSHIP (ID_Card, [Status], DateCreated, Point, ID_Level) VALUES (202, 1, '2024-01-08', 0, 1);
INSERT INTO MEMBERSHIP (ID_Card, [Status], DateCreated, Point, ID_Level) VALUES (203, 1, '2024-02-01', 0, 1);
INSERT INTO MEMBERSHIP (ID_Card, [Status], DateCreated, Point, ID_Level) VALUES (204, 1, '2024-10-27', 0, 1);
INSERT INTO MEMBERSHIP (ID_Card, [Status], DateCreated, Point, ID_Level) VALUES (205, 1, '2024-08-17', 0, 1);
INSERT INTO MEMBERSHIP (ID_Card, [Status], DateCreated, Point, ID_Level) VALUES (206, 1, '2024-09-02', 0, 1);
INSERT INTO MEMBERSHIP (ID_Card, [Status], DateCreated, Point, ID_Level) VALUES (207, 1, '2024-09-29', 0, 1);
INSERT INTO MEMBERSHIP (ID_Card, [Status], DateCreated, Point, ID_Level) VALUES (208, 1, '2024-10-07', 0, 1);
INSERT INTO MEMBERSHIP (ID_Card, [Status], DateCreated, Point, ID_Level) VALUES (209, 1, '2024-12-09', 0, 1);
INSERT INTO MEMBERSHIP (ID_Card, [Status], DateCreated, Point, ID_Level) VALUES (210, 1, '2024-03-30', 0, 1);
INSERT INTO MEMBERSHIP (ID_Card, [Status], DateCreated, Point, ID_Level) VALUES (211, 1, '2024-11-20', 0, 1);
INSERT INTO MEMBERSHIP (ID_Card, [Status], DateCreated, Point, ID_Level) VALUES (212, 1, '2024-11-18', 0, 1);
INSERT INTO MEMBERSHIP (ID_Card, [Status], DateCreated, Point, ID_Level) VALUES (213, 1, '2024-08-01', 0, 1);
INSERT INTO MEMBERSHIP (ID_Card, [Status], DateCreated, Point, ID_Level) VALUES (214, 1, '2024-06-10', 0, 1);
INSERT INTO MEMBERSHIP (ID_Card, [Status], DateCreated, Point, ID_Level) VALUES (215, 1, '2024-03-24', 0, 1);
INSERT INTO MEMBERSHIP (ID_Card, [Status], DateCreated, Point, ID_Level) VALUES (216, 1, '2024-06-20', 0, 1);
INSERT INTO MEMBERSHIP (ID_Card, [Status], DateCreated, Point, ID_Level) VALUES (217, 1, '2024-07-16', 0, 1);
INSERT INTO MEMBERSHIP (ID_Card, [Status], DateCreated, Point, ID_Level) VALUES (218, 1, '2024-03-10', 0, 1);
INSERT INTO MEMBERSHIP (ID_Card, [Status], DateCreated, Point, ID_Level) VALUES (219, 1, '2024-08-18', 0, 1);
INSERT INTO MEMBERSHIP (ID_Card, [Status], DateCreated, Point, ID_Level) VALUES (220, 1, '2024-11-24', 0, 1);
INSERT INTO MEMBERSHIP (ID_Card, [Status], DateCreated, Point, ID_Level) VALUES (221, 1, '2024-07-30', 0, 1);
INSERT INTO MEMBERSHIP (ID_Card, [Status], DateCreated, Point, ID_Level) VALUES (222, 1, '2024-04-22', 0, 1);
INSERT INTO MEMBERSHIP (ID_Card, [Status], DateCreated, Point, ID_Level) VALUES (223, 1, '2024-09-09', 0, 1);
INSERT INTO MEMBERSHIP (ID_Card, [Status], DateCreated, Point, ID_Level) VALUES (224, 1, '2024-09-26', 0, 1);
INSERT INTO MEMBERSHIP (ID_Card, [Status], DateCreated, Point, ID_Level) VALUES (225, 1, '2024-06-09', 0, 1);
INSERT INTO MEMBERSHIP (ID_Card, [Status], DateCreated, Point, ID_Level) VALUES (226, 1, '2024-08-01', 0, 1);
INSERT INTO MEMBERSHIP (ID_Card, [Status], DateCreated, Point, ID_Level) VALUES (227, 1, '2024-09-08', 0, 1);
INSERT INTO MEMBERSHIP (ID_Card, [Status], DateCreated, Point, ID_Level) VALUES (228, 1, '2024-03-09', 0, 1);
INSERT INTO MEMBERSHIP (ID_Card, [Status], DateCreated, Point, ID_Level) VALUES (229, 1, '2024-04-24', 0, 1);
INSERT INTO MEMBERSHIP (ID_Card, [Status], DateCreated, Point, ID_Level) VALUES (230, 1, '2024-08-20', 0, 1);
INSERT INTO MEMBERSHIP (ID_Card, [Status], DateCreated, Point, ID_Level) VALUES (231, 1, '2024-02-25', 0, 1);
INSERT INTO MEMBERSHIP (ID_Card, [Status], DateCreated, Point, ID_Level) VALUES (232, 1, '2024-05-21', 0, 1);
INSERT INTO MEMBERSHIP (ID_Card, [Status], DateCreated, Point, ID_Level) VALUES (233, 1, '2024-09-02', 0, 1);
INSERT INTO MEMBERSHIP (ID_Card, [Status], DateCreated, Point, ID_Level) VALUES (234, 1, '2024-05-26', 0, 1);
INSERT INTO MEMBERSHIP (ID_Card, [Status], DateCreated, Point, ID_Level) VALUES (235, 1, '2024-03-15', 0, 1);
INSERT INTO MEMBERSHIP (ID_Card, [Status], DateCreated, Point, ID_Level) VALUES (236, 1, '2024-05-23', 0, 1);
INSERT INTO MEMBERSHIP (ID_Card, [Status], DateCreated, Point, ID_Level) VALUES (237, 1, '2024-06-25', 0, 1);
INSERT INTO MEMBERSHIP (ID_Card, [Status], DateCreated, Point, ID_Level) VALUES (238, 1, '2024-03-26', 0, 1);
INSERT INTO MEMBERSHIP (ID_Card, [Status], DateCreated, Point, ID_Level) VALUES (239, 1, '2024-09-05', 0, 1);
INSERT INTO MEMBERSHIP (ID_Card, [Status], DateCreated, Point, ID_Level) VALUES (240, 1, '2024-09-03', 0, 1);
INSERT INTO MEMBERSHIP (ID_Card, [Status], DateCreated, Point, ID_Level) VALUES (241, 1, '2024-09-28', 0, 1);
INSERT INTO MEMBERSHIP (ID_Card, [Status], DateCreated, Point, ID_Level) VALUES (242, 1, '2024-08-20', 0, 1);
INSERT INTO MEMBERSHIP (ID_Card, [Status], DateCreated, Point, ID_Level) VALUES (243, 1, '2024-05-29', 0, 1);
INSERT INTO MEMBERSHIP (ID_Card, [Status], DateCreated, Point, ID_Level) VALUES (244, 1, '2024-04-11', 0, 1);
INSERT INTO MEMBERSHIP (ID_Card, [Status], DateCreated, Point, ID_Level) VALUES (245, 1, '2024-10-18', 0, 1);
INSERT INTO MEMBERSHIP (ID_Card, [Status], DateCreated, Point, ID_Level) VALUES (246, 1, '2024-04-27', 0, 1);
INSERT INTO MEMBERSHIP (ID_Card, [Status], DateCreated, Point, ID_Level) VALUES (247, 1, '2024-10-18', 0, 1);
INSERT INTO MEMBERSHIP (ID_Card, [Status], DateCreated, Point, ID_Level) VALUES (248, 1, '2024-05-14', 0, 1);
INSERT INTO MEMBERSHIP (ID_Card, [Status], DateCreated, Point, ID_Level) VALUES (249, 1, '2024-08-12', 0, 1);
INSERT INTO MEMBERSHIP (ID_Card, [Status], DateCreated, Point, ID_Level) VALUES (250, 1, '2024-10-31', 0, 1);
INSERT INTO CUSTOMER (ID_Customer, CustomerName, PhoneNumber, Email, Gender, SSID, ID_Card) VALUES (1, 'Jennifer Hubbard MD', '2284417274', 'dorothy34@example.org', 'M', '2929449449', 1);
INSERT INTO CUSTOMER (ID_Customer, CustomerName, PhoneNumber, Email, Gender, SSID, ID_Card) VALUES (2, 'Wendy Morrison', '5567043814', 'robertsluis@example.net', 'F', '1547679551', 2);
INSERT INTO CUSTOMER (ID_Customer, CustomerName, PhoneNumber, Email, Gender, SSID, ID_Card) VALUES (3, 'John Harris', '2414703593', 'matthew72@example.com', 'M', '8321282577', 3);
INSERT INTO CUSTOMER (ID_Customer, CustomerName, PhoneNumber, Email, Gender, SSID, ID_Card) VALUES (4, 'Elizabeth Padilla', '7700950685', 'lromero@example.org', 'F', '3296376593', 4);
INSERT INTO CUSTOMER (ID_Customer, CustomerName, PhoneNumber, Email, Gender, SSID, ID_Card) VALUES (5, 'Walter Miller', '5343986055', 'johnsonanne@example.com', 'M', '3632652716', 5);
INSERT INTO CUSTOMER (ID_Customer, CustomerName, PhoneNumber, Email, Gender, SSID, ID_Card) VALUES (6, 'Thomas Carroll', '1518549310', 'yescobar@example.com', 'F', '9829438544', 6);
INSERT INTO CUSTOMER (ID_Customer, CustomerName, PhoneNumber, Email, Gender, SSID, ID_Card) VALUES (7, 'Jack Russell', '6673365440', 'zgutierrez@example.com', 'F', '0478072655', 7);
INSERT INTO CUSTOMER (ID_Customer, CustomerName, PhoneNumber, Email, Gender, SSID, ID_Card) VALUES (8, 'Mark Stein', '6999715601', 'howellstephanie@example.org', 'F', '5297341988', 8);
INSERT INTO CUSTOMER (ID_Customer, CustomerName, PhoneNumber, Email, Gender, SSID, ID_Card) VALUES (9, 'Angela Evans', '0445253463', 'krystal64@example.com', 'M', '6431005972', 9);
INSERT INTO CUSTOMER (ID_Customer, CustomerName, PhoneNumber, Email, Gender, SSID, ID_Card) VALUES (10, 'Christopher Frazier', '4093492945', 'daniel65@example.com', 'M', '4302631295', 10);
INSERT INTO CUSTOMER (ID_Customer, CustomerName, PhoneNumber, Email, Gender, SSID, ID_Card) VALUES (11, 'Kristine Myers', '1430288079', 'gregorylee@example.org', 'M', '4012361619', 11);
INSERT INTO CUSTOMER (ID_Customer, CustomerName, PhoneNumber, Email, Gender, SSID, ID_Card) VALUES (12, 'Kristen Fischer', '9900991253', 'heatherenglish@example.org', 'M', '9072437809', 12);
INSERT INTO CUSTOMER (ID_Customer, CustomerName, PhoneNumber, Email, Gender, SSID, ID_Card) VALUES (13, 'Heather Keller', '0176254165', 'dstephens@example.net', 'M', '2581418338', 13);
INSERT INTO CUSTOMER (ID_Customer, CustomerName, PhoneNumber, Email, Gender, SSID, ID_Card) VALUES (14, 'Jordan Russell', '8722388583', 'priceashlee@example.org', 'F', '2161476899', 14);
INSERT INTO CUSTOMER (ID_Customer, CustomerName, PhoneNumber, Email, Gender, SSID, ID_Card) VALUES (15, 'Terry Carson', '8805387519', 'sean49@example.org', 'F', '9997882760', 15);
INSERT INTO CUSTOMER (ID_Customer, CustomerName, PhoneNumber, Email, Gender, SSID, ID_Card) VALUES (16, 'Katherine Hernandez', '4895345446', 'guzmanjuan@example.org', 'F', '5790372595', 16);
INSERT INTO CUSTOMER (ID_Customer, CustomerName, PhoneNumber, Email, Gender, SSID, ID_Card) VALUES (17, 'Robert Griffin', '3275844502', 'vancedebbie@example.net', 'F', '5923718386', 17);
INSERT INTO CUSTOMER (ID_Customer, CustomerName, PhoneNumber, Email, Gender, SSID, ID_Card) VALUES (18, 'Thomas Gibson', '1207306842', 'debra35@example.com', 'F', '8694461821', 18);
INSERT INTO CUSTOMER (ID_Customer, CustomerName, PhoneNumber, Email, Gender, SSID, ID_Card) VALUES (19, 'Luis Freeman', '3741300275', 'xcrawford@example.com', 'F', '6703029642', 19);
INSERT INTO CUSTOMER (ID_Customer, CustomerName, PhoneNumber, Email, Gender, SSID, ID_Card) VALUES (20, 'Anthony Stephens', '1789139342', 'christopher95@example.org', 'F', '7971992764', 20);
INSERT INTO CUSTOMER (ID_Customer, CustomerName, PhoneNumber, Email, Gender, SSID, ID_Card) VALUES (21, 'Brett Curtis', '8694081244', 'anthony41@example.org', 'M', '0967519539', 21);
INSERT INTO CUSTOMER (ID_Customer, CustomerName, PhoneNumber, Email, Gender, SSID, ID_Card) VALUES (22, 'Michael Williams', '3968061301', 'ldaniels@example.org', 'M', '5458374777', 22);
INSERT INTO CUSTOMER (ID_Customer, CustomerName, PhoneNumber, Email, Gender, SSID, ID_Card) VALUES (23, 'Connie Burns', '3524952874', 'josephsanchez@example.com', 'F', '4415284530', 23);
INSERT INTO CUSTOMER (ID_Customer, CustomerName, PhoneNumber, Email, Gender, SSID, ID_Card) VALUES (24, 'George Washington', '2897634817', 'barbara26@example.net', 'M', '6496635646', 24);
INSERT INTO CUSTOMER (ID_Customer, CustomerName, PhoneNumber, Email, Gender, SSID, ID_Card) VALUES (25, 'Ashley Hicks', '1625943508', 'johnjenkins@example.com', 'F', '8299529757', 25);
INSERT INTO CUSTOMER (ID_Customer, CustomerName, PhoneNumber, Email, Gender, SSID, ID_Card) VALUES (26, 'Robert Thomas', '8130868698', 'bmiller@example.net', 'F', '1357607876', 26);
INSERT INTO CUSTOMER (ID_Customer, CustomerName, PhoneNumber, Email, Gender, SSID, ID_Card) VALUES (27, 'Melissa Powell', '3619370554', 'flynnanthony@example.com', 'F', '8029406666', 27);
INSERT INTO CUSTOMER (ID_Customer, CustomerName, PhoneNumber, Email, Gender, SSID, ID_Card) VALUES (28, 'Darius Mueller', '8561652666', 'kimberlywillis@example.org', 'F', '9529650253', 28);
INSERT INTO CUSTOMER (ID_Customer, CustomerName, PhoneNumber, Email, Gender, SSID, ID_Card) VALUES (29, 'Michelle Valdez', '1308741655', 'pjackson@example.net', 'M', '9451709178', 29);
INSERT INTO CUSTOMER (ID_Customer, CustomerName, PhoneNumber, Email, Gender, SSID, ID_Card) VALUES (30, 'Steven Griffith', '5571879658', 'walkerkimberly@example.com', 'F', '5512999868', 30);
INSERT INTO CUSTOMER (ID_Customer, CustomerName, PhoneNumber, Email, Gender, SSID, ID_Card) VALUES (31, 'Alexandra Maynard', '2603135816', 'hullvincent@example.org', 'M', '8178113004', 31);
INSERT INTO CUSTOMER (ID_Customer, CustomerName, PhoneNumber, Email, Gender, SSID, ID_Card) VALUES (32, 'Brian Suarez', '0297185742', 'robertsheather@example.com', 'M', '3371600725', 32);
INSERT INTO CUSTOMER (ID_Customer, CustomerName, PhoneNumber, Email, Gender, SSID, ID_Card) VALUES (33, 'Curtis Adams', '7017986224', 'benjamin16@example.net', 'F', '2515801693', 33);
INSERT INTO CUSTOMER (ID_Customer, CustomerName, PhoneNumber, Email, Gender, SSID, ID_Card) VALUES (34, 'Cassandra Stewart', '2129770604', 'hallmadison@example.org', 'M', '8332765647', 34);
INSERT INTO CUSTOMER (ID_Customer, CustomerName, PhoneNumber, Email, Gender, SSID, ID_Card) VALUES (35, 'Janet Jarvis', '9902993329', 'medinalatasha@example.com', 'M', '6611596714', 35);
INSERT INTO CUSTOMER (ID_Customer, CustomerName, PhoneNumber, Email, Gender, SSID, ID_Card) VALUES (36, 'Diana Hernandez', '5613557755', 'masoncarrie@example.org', 'M', '3981017606', 36);
INSERT INTO CUSTOMER (ID_Customer, CustomerName, PhoneNumber, Email, Gender, SSID, ID_Card) VALUES (37, 'Robert Martin', '8631892664', 'maryweaver@example.com', 'M', '0823681390', 37);
INSERT INTO CUSTOMER (ID_Customer, CustomerName, PhoneNumber, Email, Gender, SSID, ID_Card) VALUES (38, 'Deborah Castaneda', '6637191613', 'milleralejandra@example.org', 'M', '1039411997', 38);
INSERT INTO CUSTOMER (ID_Customer, CustomerName, PhoneNumber, Email, Gender, SSID, ID_Card) VALUES (39, 'Jennifer Armstrong', '5357651145', 'tgarcia@example.com', 'M', '4526693846', 39);
INSERT INTO CUSTOMER (ID_Customer, CustomerName, PhoneNumber, Email, Gender, SSID, ID_Card) VALUES (40, 'Rachel Long', '2803139069', 'dmarshall@example.com', 'F', '8789771216', 40);
INSERT INTO CUSTOMER (ID_Customer, CustomerName, PhoneNumber, Email, Gender, SSID, ID_Card) VALUES (41, 'Ashley Combs', '7271339035', 'aperez@example.org', 'M', '2721446896', 41);
INSERT INTO CUSTOMER (ID_Customer, CustomerName, PhoneNumber, Email, Gender, SSID, ID_Card) VALUES (42, 'Brandon Alexander', '0265591349', 'angelawarren@example.com', 'F', '4213726926', 42);
INSERT INTO CUSTOMER (ID_Customer, CustomerName, PhoneNumber, Email, Gender, SSID, ID_Card) VALUES (43, 'Ricardo Davis', '1001425610', 'laura69@example.net', 'M', '7088549471', 43);
INSERT INTO CUSTOMER (ID_Customer, CustomerName, PhoneNumber, Email, Gender, SSID, ID_Card) VALUES (44, 'Steven Evans', '6590963593', 'mahoneyallison@example.org', 'F', '0285246383', 44);
INSERT INTO CUSTOMER (ID_Customer, CustomerName, PhoneNumber, Email, Gender, SSID, ID_Card) VALUES (45, 'David Ramirez', '6223115384', 'pcampos@example.org', 'M', '8287424978', 45);
INSERT INTO CUSTOMER (ID_Customer, CustomerName, PhoneNumber, Email, Gender, SSID, ID_Card) VALUES (46, 'Albert Miller', '9675089665', 'ewood@example.org', 'M', '5306719011', 46);
INSERT INTO CUSTOMER (ID_Customer, CustomerName, PhoneNumber, Email, Gender, SSID, ID_Card) VALUES (47, 'Frank King', '9432519545', 'stephanie47@example.org', 'F', '4170439428', 47);
INSERT INTO CUSTOMER (ID_Customer, CustomerName, PhoneNumber, Email, Gender, SSID, ID_Card) VALUES (48, 'Jason Anderson', '9753473101', 'gabriel93@example.net', 'F', '5821525434', 48);
INSERT INTO CUSTOMER (ID_Customer, CustomerName, PhoneNumber, Email, Gender, SSID, ID_Card) VALUES (49, 'Susan Webster', '4168296041', 'lorisantos@example.net', 'M', '8187328059', 49);
INSERT INTO CUSTOMER (ID_Customer, CustomerName, PhoneNumber, Email, Gender, SSID, ID_Card) VALUES (50, 'Christine Norris', '1062620973', 'amandadavis@example.org', 'M', '9054105419', 50);
INSERT INTO CUSTOMER (ID_Customer, CustomerName, PhoneNumber, Email, Gender, SSID, ID_Card) VALUES (51, 'Wesley Jimenez', '8471545166', 'marshstacy@example.com', 'F', '3170391448', 51);
INSERT INTO CUSTOMER (ID_Customer, CustomerName, PhoneNumber, Email, Gender, SSID, ID_Card) VALUES (52, 'Michael Boyd', '5084093298', 'dianedunn@example.org', 'F', '2713952318', 52);
INSERT INTO CUSTOMER (ID_Customer, CustomerName, PhoneNumber, Email, Gender, SSID, ID_Card) VALUES (53, 'Luke Perry', '0899417361', 'susanramirez@example.com', 'F', '9249216631', 53);
INSERT INTO CUSTOMER (ID_Customer, CustomerName, PhoneNumber, Email, Gender, SSID, ID_Card) VALUES (54, 'Samuel Mathews', '3434325183', 'cherylponce@example.net', 'M', '4910688339', 54);
INSERT INTO CUSTOMER (ID_Customer, CustomerName, PhoneNumber, Email, Gender, SSID, ID_Card) VALUES (55, 'Robert Barnes', '9488788313', 'davidallen@example.org', 'F', '0293358963', 55);
INSERT INTO CUSTOMER (ID_Customer, CustomerName, PhoneNumber, Email, Gender, SSID, ID_Card) VALUES (56, 'Julia Clarke', '1681502753', 'andrewkeller@example.net', 'M', '9309308188', 56);
INSERT INTO CUSTOMER (ID_Customer, CustomerName, PhoneNumber, Email, Gender, SSID, ID_Card) VALUES (57, 'Andrew Mcdonald', '9242809402', 'carterkatelyn@example.com', 'M', '5797082842', 57);
INSERT INTO CUSTOMER (ID_Customer, CustomerName, PhoneNumber, Email, Gender, SSID, ID_Card) VALUES (58, 'Jesus Higgins', '1407177598', 'qfranklin@example.org', 'F', '1277998710', 58);
INSERT INTO CUSTOMER (ID_Customer, CustomerName, PhoneNumber, Email, Gender, SSID, ID_Card) VALUES (59, 'Brian May Jr.', '9724644609', 'adamwilliams@example.net', 'M', '1447651270', 59);
INSERT INTO CUSTOMER (ID_Customer, CustomerName, PhoneNumber, Email, Gender, SSID, ID_Card) VALUES (60, 'Leslie Kerr PhD', '3773822096', 'freid@example.com', 'M', '0254403965', 60);
INSERT INTO CUSTOMER (ID_Customer, CustomerName, PhoneNumber, Email, Gender, SSID, ID_Card) VALUES (61, 'Sheryl Bailey', '0594383843', 'tclark@example.com', 'F', '8060156493', 61);
INSERT INTO CUSTOMER (ID_Customer, CustomerName, PhoneNumber, Email, Gender, SSID, ID_Card) VALUES (62, 'Mary Long', '9182454029', 'dianeclark@example.com', 'M', '9193824816', 62);
INSERT INTO CUSTOMER (ID_Customer, CustomerName, PhoneNumber, Email, Gender, SSID, ID_Card) VALUES (63, 'Lori Patterson', '6634860921', 'burnettwilliam@example.org', 'M', '3145626619', 63);
INSERT INTO CUSTOMER (ID_Customer, CustomerName, PhoneNumber, Email, Gender, SSID, ID_Card) VALUES (64, 'Anthony Lewis', '8514448448', 'carrie50@example.org', 'M', '7572400133', 64);
INSERT INTO CUSTOMER (ID_Customer, CustomerName, PhoneNumber, Email, Gender, SSID, ID_Card) VALUES (65, 'Robert Johnson', '0194404510', 'jonesthomas@example.com', 'F', '6116722156', 65);
INSERT INTO CUSTOMER (ID_Customer, CustomerName, PhoneNumber, Email, Gender, SSID, ID_Card) VALUES (66, 'Tammy Adams', '2342068204', 'robert74@example.com', 'F', '3124542197', 66);
INSERT INTO CUSTOMER (ID_Customer, CustomerName, PhoneNumber, Email, Gender, SSID, ID_Card) VALUES (67, 'Rebecca Richard', '3335488694', 'lrodriguez@example.com', 'F', '7630561998', 67);
INSERT INTO CUSTOMER (ID_Customer, CustomerName, PhoneNumber, Email, Gender, SSID, ID_Card) VALUES (68, 'Amber Smith', '5382440953', 'joseph25@example.com', 'M', '9003972810', 68);
INSERT INTO CUSTOMER (ID_Customer, CustomerName, PhoneNumber, Email, Gender, SSID, ID_Card) VALUES (69, 'Sarah Anderson', '2178243296', 'eugene66@example.com', 'M', '3574739415', 69);
INSERT INTO CUSTOMER (ID_Customer, CustomerName, PhoneNumber, Email, Gender, SSID, ID_Card) VALUES (70, 'Jonathan Tanner', '6887028271', 'nsmith@example.com', 'M', '6242036344', 70);
INSERT INTO CUSTOMER (ID_Customer, CustomerName, PhoneNumber, Email, Gender, SSID, ID_Card) VALUES (71, 'Melissa Abbott', '6544029119', 'elizabeth65@example.net', 'F', '1272945009', 71);
INSERT INTO CUSTOMER (ID_Customer, CustomerName, PhoneNumber, Email, Gender, SSID, ID_Card) VALUES (72, 'James Brown', '9664121554', 'haaswilliam@example.org', 'M', '2355186347', 72);
INSERT INTO CUSTOMER (ID_Customer, CustomerName, PhoneNumber, Email, Gender, SSID, ID_Card) VALUES (73, 'Sean Joseph', '9977924838', 'johnsonjohn@example.com', 'M', '1042150449', 73);
INSERT INTO CUSTOMER (ID_Customer, CustomerName, PhoneNumber, Email, Gender, SSID, ID_Card) VALUES (74, 'Victor Fields', '0206570956', 'jonesaustin@example.com', 'M', '3370886006', 74);
INSERT INTO CUSTOMER (ID_Customer, CustomerName, PhoneNumber, Email, Gender, SSID, ID_Card) VALUES (75, 'Elizabeth Strong', '5431281207', 'collinsseth@example.net', 'F', '8227610432', 75);
INSERT INTO CUSTOMER (ID_Customer, CustomerName, PhoneNumber, Email, Gender, SSID, ID_Card) VALUES (76, 'David Thornton', '4163033626', 'theresa43@example.org', 'F', '6934003198', 76);
INSERT INTO CUSTOMER (ID_Customer, CustomerName, PhoneNumber, Email, Gender, SSID, ID_Card) VALUES (77, 'Cynthia Valdez', '2349028926', 'johnsonkelly@example.org', 'M', '5648826702', 77);
INSERT INTO CUSTOMER (ID_Customer, CustomerName, PhoneNumber, Email, Gender, SSID, ID_Card) VALUES (78, 'Juan Brown', '4159406809', 'chapmannathaniel@example.com', 'M', '1438159134', 78);
INSERT INTO CUSTOMER (ID_Customer, CustomerName, PhoneNumber, Email, Gender, SSID, ID_Card) VALUES (79, 'Joanna Lopez', '3092132402', 'johnferguson@example.org', 'F', '2395475699', 79);
INSERT INTO CUSTOMER (ID_Customer, CustomerName, PhoneNumber, Email, Gender, SSID, ID_Card) VALUES (80, 'Michael Ballard', '3881820651', 'andrewclay@example.net', 'M', '6972360741', 80);
INSERT INTO CUSTOMER (ID_Customer, CustomerName, PhoneNumber, Email, Gender, SSID, ID_Card) VALUES (81, 'Cody Day', '5318930129', 'kholmes@example.com', 'M', '7856427491', 81);
INSERT INTO CUSTOMER (ID_Customer, CustomerName, PhoneNumber, Email, Gender, SSID, ID_Card) VALUES (82, 'Samantha Leonard', '7118124778', 'staceymartinez@example.com', 'F', '5136913792', 82);
INSERT INTO CUSTOMER (ID_Customer, CustomerName, PhoneNumber, Email, Gender, SSID, ID_Card) VALUES (83, 'Adam Thompson', '2385958947', 'timothy63@example.com', 'M', '1065866527', 83);
INSERT INTO CUSTOMER (ID_Customer, CustomerName, PhoneNumber, Email, Gender, SSID, ID_Card) VALUES (84, 'Jacqueline Edwards', '6745570202', 'mgill@example.net', 'F', '1099417085', 84);
INSERT INTO CUSTOMER (ID_Customer, CustomerName, PhoneNumber, Email, Gender, SSID, ID_Card) VALUES (85, 'Steven Williams', '1609707853', 'joannadeleon@example.org', 'F', '2690132453', 85);
INSERT INTO CUSTOMER (ID_Customer, CustomerName, PhoneNumber, Email, Gender, SSID, ID_Card) VALUES (86, 'Joshua Buchanan', '6328389772', 'vrobbins@example.org', 'F', '0265153348', 86);
INSERT INTO CUSTOMER (ID_Customer, CustomerName, PhoneNumber, Email, Gender, SSID, ID_Card) VALUES (87, 'Walter Wood', '8635687392', 'timothystrong@example.net', 'F', '8049811030', 87);
INSERT INTO CUSTOMER (ID_Customer, CustomerName, PhoneNumber, Email, Gender, SSID, ID_Card) VALUES (88, 'Christy Ramirez', '0482408906', 'william33@example.net', 'M', '8814573983', 88);
INSERT INTO CUSTOMER (ID_Customer, CustomerName, PhoneNumber, Email, Gender, SSID, ID_Card) VALUES (89, 'Mitchell Wade', '0987784312', 'smithcatherine@example.com', 'F', '4216377683', 89);
INSERT INTO CUSTOMER (ID_Customer, CustomerName, PhoneNumber, Email, Gender, SSID, ID_Card) VALUES (90, 'Megan Myers', '7865890211', 'mallorygonzalez@example.org', 'F', '1279173891', 90);
INSERT INTO CUSTOMER (ID_Customer, CustomerName, PhoneNumber, Email, Gender, SSID, ID_Card) VALUES (91, 'Joseph Myers', '6381718259', 'justinjones@example.net', 'F', '6411201564', 91);
INSERT INTO CUSTOMER (ID_Customer, CustomerName, PhoneNumber, Email, Gender, SSID, ID_Card) VALUES (92, 'Kara Brown PhD', '9890767643', 'coreyandrade@example.net', 'F', '1148049099', 92);
INSERT INTO CUSTOMER (ID_Customer, CustomerName, PhoneNumber, Email, Gender, SSID, ID_Card) VALUES (93, 'Michelle Newman', '1770137478', 'josephhebert@example.com', 'M', '5312567222', 93);
INSERT INTO CUSTOMER (ID_Customer, CustomerName, PhoneNumber, Email, Gender, SSID, ID_Card) VALUES (94, 'Alison Nelson', '4392224219', 'markphillips@example.net', 'M', '7401975342', 94);
INSERT INTO CUSTOMER (ID_Customer, CustomerName, PhoneNumber, Email, Gender, SSID, ID_Card) VALUES (95, 'Jason Moreno', '9733896645', 'lopezcindy@example.com', 'M', '8913697168', 95);
INSERT INTO CUSTOMER (ID_Customer, CustomerName, PhoneNumber, Email, Gender, SSID, ID_Card) VALUES (96, 'Francis Bell', '3846515126', 'george90@example.net', 'F', '8142945180', 96);
INSERT INTO CUSTOMER (ID_Customer, CustomerName, PhoneNumber, Email, Gender, SSID, ID_Card) VALUES (97, 'Brittany Tate', '1878181725', 'shane81@example.org', 'M', '7917427541', 97);
INSERT INTO CUSTOMER (ID_Customer, CustomerName, PhoneNumber, Email, Gender, SSID, ID_Card) VALUES (98, 'Amber Cooper', '4762440806', 'cbridges@example.com', 'M', '7305514153', 98);
INSERT INTO CUSTOMER (ID_Customer, CustomerName, PhoneNumber, Email, Gender, SSID, ID_Card) VALUES (99, 'Leon Miller', '3537057026', 'pwilliams@example.com', 'F', '0667724051', 99);
INSERT INTO CUSTOMER (ID_Customer, CustomerName, PhoneNumber, Email, Gender, SSID, ID_Card) VALUES (100, 'Kristen Phillips', '6454894836', 'jacobestes@example.net', 'M', '9926280623', 100);
INSERT INTO CUSTOMER (ID_Customer, CustomerName, PhoneNumber, Email, Gender, SSID, ID_Card) VALUES (101, 'Aaron Hayden', '7652615279', 'janicefigueroa@example.org', 'M', '4056890374', 101);
INSERT INTO CUSTOMER (ID_Customer, CustomerName, PhoneNumber, Email, Gender, SSID, ID_Card) VALUES (102, 'Melissa Baker', '5366986144', 'abigailscott@example.com', 'M', '2032483842', 102);
INSERT INTO CUSTOMER (ID_Customer, CustomerName, PhoneNumber, Email, Gender, SSID, ID_Card) VALUES (103, 'William Wu', '0292511273', 'johnsonerica@example.net', 'F', '6297233004', 103);
INSERT INTO CUSTOMER (ID_Customer, CustomerName, PhoneNumber, Email, Gender, SSID, ID_Card) VALUES (104, 'Michael Lane', '6577639070', 'ericadavis@example.com', 'M', '7420874314', 104);
INSERT INTO CUSTOMER (ID_Customer, CustomerName, PhoneNumber, Email, Gender, SSID, ID_Card) VALUES (105, 'Brandi Green', '6677101669', 'kristen79@example.org', 'F', '2452425834', 105);
INSERT INTO CUSTOMER (ID_Customer, CustomerName, PhoneNumber, Email, Gender, SSID, ID_Card) VALUES (106, 'Maria Lynch', '7711013888', 'christopherhiggins@example.net', 'M', '5016856264', 106);
INSERT INTO CUSTOMER (ID_Customer, CustomerName, PhoneNumber, Email, Gender, SSID, ID_Card) VALUES (107, 'Ronald Wagner', '0883332208', 'davidsimon@example.org', 'M', '1092368292', 107);
INSERT INTO CUSTOMER (ID_Customer, CustomerName, PhoneNumber, Email, Gender, SSID, ID_Card) VALUES (108, 'Reginald Lang', '3741836328', 'stephen80@example.org', 'F', '2794189068', 108);
INSERT INTO CUSTOMER (ID_Customer, CustomerName, PhoneNumber, Email, Gender, SSID, ID_Card) VALUES (109, 'Joyce Gonzales', '6382632797', 'andersonchad@example.com', 'M', '4271244905', 109);
INSERT INTO CUSTOMER (ID_Customer, CustomerName, PhoneNumber, Email, Gender, SSID, ID_Card) VALUES (110, 'Christine Taylor', '6409638588', 'william33@example.net', 'F', '3478508290', 110);
INSERT INTO CUSTOMER (ID_Customer, CustomerName, PhoneNumber, Email, Gender, SSID, ID_Card) VALUES (111, 'Robert Drake', '7650526723', 'angela70@example.org', 'M', '1176376377', 111);
INSERT INTO CUSTOMER (ID_Customer, CustomerName, PhoneNumber, Email, Gender, SSID, ID_Card) VALUES (112, 'Timothy Gilbert', '0031843365', 'kenneth34@example.net', 'M', '6280442574', 112);
INSERT INTO CUSTOMER (ID_Customer, CustomerName, PhoneNumber, Email, Gender, SSID, ID_Card) VALUES (113, 'Brianna Barton', '4909306442', 'obrienjoshua@example.net', 'M', '3405832997', 113);
INSERT INTO CUSTOMER (ID_Customer, CustomerName, PhoneNumber, Email, Gender, SSID, ID_Card) VALUES (114, 'Kimberly Winters', '1077140196', 'fbanks@example.net', 'F', '5946307818', 114);
INSERT INTO CUSTOMER (ID_Customer, CustomerName, PhoneNumber, Email, Gender, SSID, ID_Card) VALUES (115, 'Angela Hubbard', '6281312069', 'townsendrobin@example.com', 'M', '8692341834', 115);
INSERT INTO CUSTOMER (ID_Customer, CustomerName, PhoneNumber, Email, Gender, SSID, ID_Card) VALUES (116, 'Robert Silva', '3787669128', 'stewartjimmy@example.com', 'M', '5700560392', 116);
INSERT INTO CUSTOMER (ID_Customer, CustomerName, PhoneNumber, Email, Gender, SSID, ID_Card) VALUES (117, 'Casey Armstrong', '8850097251', 'ramosdouglas@example.net', 'M', '8282592627', 117);
INSERT INTO CUSTOMER (ID_Customer, CustomerName, PhoneNumber, Email, Gender, SSID, ID_Card) VALUES (118, 'Timothy Kim', '9722332703', 'davidmeyer@example.net', 'M', '8314234212', 118);
INSERT INTO CUSTOMER (ID_Customer, CustomerName, PhoneNumber, Email, Gender, SSID, ID_Card) VALUES (119, 'Allen Oliver', '5810694941', 'julia46@example.org', 'F', '7137152546', 119);
INSERT INTO CUSTOMER (ID_Customer, CustomerName, PhoneNumber, Email, Gender, SSID, ID_Card) VALUES (120, 'Morgan Huerta', '1388501613', 'kmoreno@example.org', 'M', '4791467064', 120);
INSERT INTO CUSTOMER (ID_Customer, CustomerName, PhoneNumber, Email, Gender, SSID, ID_Card) VALUES (121, 'Adrienne Wagner', '2331131434', 'steelejocelyn@example.net', 'F', '1999573762', 121);
INSERT INTO CUSTOMER (ID_Customer, CustomerName, PhoneNumber, Email, Gender, SSID, ID_Card) VALUES (122, 'Walter Mann', '4277489600', 'weaverhannah@example.org', 'M', '4449029090', 122);
INSERT INTO CUSTOMER (ID_Customer, CustomerName, PhoneNumber, Email, Gender, SSID, ID_Card) VALUES (123, 'Steven Manning PhD', '7591663426', 'graychelsea@example.net', 'M', '6194914927', 123);
INSERT INTO CUSTOMER (ID_Customer, CustomerName, PhoneNumber, Email, Gender, SSID, ID_Card) VALUES (124, 'Jessica Lloyd', '3949883413', 'ortegaangela@example.net', 'F', '4618578772', 124);
INSERT INTO CUSTOMER (ID_Customer, CustomerName, PhoneNumber, Email, Gender, SSID, ID_Card) VALUES (125, 'Jack Santiago', '9538131039', 'cbarnes@example.com', 'M', '5683239206', 125);
INSERT INTO CUSTOMER (ID_Customer, CustomerName, PhoneNumber, Email, Gender, SSID, ID_Card) VALUES (126, 'Barbara White', '3698369204', 'jhoffman@example.org', 'M', '1766493771', 126);
INSERT INTO CUSTOMER (ID_Customer, CustomerName, PhoneNumber, Email, Gender, SSID, ID_Card) VALUES (127, 'Matthew Steele', '7753927875', 'ashley73@example.com', 'F', '6826175901', 127);
INSERT INTO CUSTOMER (ID_Customer, CustomerName, PhoneNumber, Email, Gender, SSID, ID_Card) VALUES (128, 'Derek Winters', '9624619319', 'ashleycook@example.net', 'M', '0129323398', 128);
INSERT INTO CUSTOMER (ID_Customer, CustomerName, PhoneNumber, Email, Gender, SSID, ID_Card) VALUES (129, 'Travis Johnson', '6254426339', 'steven48@example.com', 'F', '3634145605', 129);
INSERT INTO CUSTOMER (ID_Customer, CustomerName, PhoneNumber, Email, Gender, SSID, ID_Card) VALUES (130, 'Kimberly Montes', '3894726492', 'pmorales@example.net', 'F', '0462304356', 130);
INSERT INTO CUSTOMER (ID_Customer, CustomerName, PhoneNumber, Email, Gender, SSID, ID_Card) VALUES (131, 'Tracy Miller', '6596988054', 'qkim@example.net', 'M', '6555441005', 131);
INSERT INTO CUSTOMER (ID_Customer, CustomerName, PhoneNumber, Email, Gender, SSID, ID_Card) VALUES (132, 'Cheryl Osborn', '5771610224', 'victoria80@example.com', 'M', '4332563827', 132);
INSERT INTO CUSTOMER (ID_Customer, CustomerName, PhoneNumber, Email, Gender, SSID, ID_Card) VALUES (133, 'Mr. Blake Lee', '5931661384', 'ppennington@example.net', 'F', '9843558317', 133);
INSERT INTO CUSTOMER (ID_Customer, CustomerName, PhoneNumber, Email, Gender, SSID, ID_Card) VALUES (134, 'Kristen Fry', '6007915817', 'montgomerynoah@example.net', 'F', '0433561283', 134);
INSERT INTO CUSTOMER (ID_Customer, CustomerName, PhoneNumber, Email, Gender, SSID, ID_Card) VALUES (135, 'Casey Ortega', '1413829428', 'christianlove@example.net', 'M', '2861812385', 135);
INSERT INTO CUSTOMER (ID_Customer, CustomerName, PhoneNumber, Email, Gender, SSID, ID_Card) VALUES (136, 'Lindsay Wilson', '1519387452', 'jasonbeard@example.org', 'M', '0810588435', 136);
INSERT INTO CUSTOMER (ID_Customer, CustomerName, PhoneNumber, Email, Gender, SSID, ID_Card) VALUES (137, 'Ashley Brandt', '2629608630', 'portiz@example.net', 'F', '0600890212', 137);
INSERT INTO CUSTOMER (ID_Customer, CustomerName, PhoneNumber, Email, Gender, SSID, ID_Card) VALUES (138, 'Lisa Johnson', '9021704960', 'danielle28@example.net', 'M', '8175545040', 138);
INSERT INTO CUSTOMER (ID_Customer, CustomerName, PhoneNumber, Email, Gender, SSID, ID_Card) VALUES (139, 'Ricky Maldonado DVM', '0484743935', 'kathleen65@example.net', 'M', '0605509348', 139);
INSERT INTO CUSTOMER (ID_Customer, CustomerName, PhoneNumber, Email, Gender, SSID, ID_Card) VALUES (140, 'Angel Shea', '6117653092', 'lisashepherd@example.org', 'M', '2927442187', 140);
INSERT INTO CUSTOMER (ID_Customer, CustomerName, PhoneNumber, Email, Gender, SSID, ID_Card) VALUES (141, 'Lindsay Tyler', '2740006124', 'joneslynn@example.com', 'M', '3568471583', 141);
INSERT INTO CUSTOMER (ID_Customer, CustomerName, PhoneNumber, Email, Gender, SSID, ID_Card) VALUES (142, 'Catherine Smith', '9547103348', 'iluna@example.org', 'M', '0606211104', 142);
INSERT INTO CUSTOMER (ID_Customer, CustomerName, PhoneNumber, Email, Gender, SSID, ID_Card) VALUES (143, 'Deborah Edwards', '9780401504', 'elizabeth52@example.net', 'F', '1732478737', 143);
INSERT INTO CUSTOMER (ID_Customer, CustomerName, PhoneNumber, Email, Gender, SSID, ID_Card) VALUES (144, 'Elizabeth Lawson', '5456738236', 'richard67@example.net', 'F', '3948872089', 144);
INSERT INTO CUSTOMER (ID_Customer, CustomerName, PhoneNumber, Email, Gender, SSID, ID_Card) VALUES (145, 'Juan May', '0365091046', 'cynthia63@example.org', 'F', '0098805501', 145);
INSERT INTO CUSTOMER (ID_Customer, CustomerName, PhoneNumber, Email, Gender, SSID, ID_Card) VALUES (146, 'Chelsea Wilson', '5008481039', 'macdonaldrobin@example.org', 'F', '3210929501', 146);
INSERT INTO CUSTOMER (ID_Customer, CustomerName, PhoneNumber, Email, Gender, SSID, ID_Card) VALUES (147, 'Katherine Merritt', '8109394618', 'arroyojill@example.net', 'M', '4710024944', 147);
INSERT INTO CUSTOMER (ID_Customer, CustomerName, PhoneNumber, Email, Gender, SSID, ID_Card) VALUES (148, 'Richard Hall', '9998936122', 'phillipsjonathan@example.net', 'M', '6758997937', 148);
INSERT INTO CUSTOMER (ID_Customer, CustomerName, PhoneNumber, Email, Gender, SSID, ID_Card) VALUES (149, 'Scott Bautista', '1694677941', 'lauren31@example.com', 'F', '0662348151', 149);
INSERT INTO CUSTOMER (ID_Customer, CustomerName, PhoneNumber, Email, Gender, SSID, ID_Card) VALUES (150, 'Ernest Norris', '9975500157', 'ashley11@example.net', 'M', '5745254491', 150);
INSERT INTO CUSTOMER (ID_Customer, CustomerName, PhoneNumber, Email, Gender, SSID, ID_Card) VALUES (151, 'Renee Santana', '1797643149', 'christopherdaniels@example.org', 'F', '4640234283', 151);
INSERT INTO CUSTOMER (ID_Customer, CustomerName, PhoneNumber, Email, Gender, SSID, ID_Card) VALUES (152, 'Randy Haney', '4711676033', 'richardgarcia@example.com', 'M', '9650303892', 152);
INSERT INTO CUSTOMER (ID_Customer, CustomerName, PhoneNumber, Email, Gender, SSID, ID_Card) VALUES (153, 'Rebecca Hooper', '9823514510', 'stephenscatherine@example.org', 'F', '1934529459', 153);
INSERT INTO CUSTOMER (ID_Customer, CustomerName, PhoneNumber, Email, Gender, SSID, ID_Card) VALUES (154, 'Bridget Ramos', '9597934975', 'jamesfranklin@example.org', 'M', '8357371386', 154);
INSERT INTO CUSTOMER (ID_Customer, CustomerName, PhoneNumber, Email, Gender, SSID, ID_Card) VALUES (155, 'Kenneth Robles', '2153888905', 'andersonrebecca@example.org', 'M', '3707438318', 155);
INSERT INTO CUSTOMER (ID_Customer, CustomerName, PhoneNumber, Email, Gender, SSID, ID_Card) VALUES (156, 'Edward Thompson', '4076013914', 'dberger@example.net', 'F', '9544502570', 156);
INSERT INTO CUSTOMER (ID_Customer, CustomerName, PhoneNumber, Email, Gender, SSID, ID_Card) VALUES (157, 'Stacey Holmes', '9128576281', 'grandolph@example.net', 'F', '9004882059', 157);
INSERT INTO CUSTOMER (ID_Customer, CustomerName, PhoneNumber, Email, Gender, SSID, ID_Card) VALUES (158, 'Phillip Reyes', '1933363888', 'zunigajennifer@example.com', 'M', '5070688106', 158);
INSERT INTO CUSTOMER (ID_Customer, CustomerName, PhoneNumber, Email, Gender, SSID, ID_Card) VALUES (159, 'Catherine Jensen', '3719749936', 'ykhan@example.com', 'M', '9410130616', 159);
INSERT INTO CUSTOMER (ID_Customer, CustomerName, PhoneNumber, Email, Gender, SSID, ID_Card) VALUES (160, 'Heather Dixon', '9640629907', 'jmartin@example.com', 'F', '9066865255', 160);
INSERT INTO CUSTOMER (ID_Customer, CustomerName, PhoneNumber, Email, Gender, SSID, ID_Card) VALUES (161, 'Lisa Williams', '1719811144', 'robert31@example.com', 'F', '7455747513', 161);
INSERT INTO CUSTOMER (ID_Customer, CustomerName, PhoneNumber, Email, Gender, SSID, ID_Card) VALUES (162, 'Nathan Edwards', '5880207178', 'smithcourtney@example.com', 'M', '3739163671', 162);
INSERT INTO CUSTOMER (ID_Customer, CustomerName, PhoneNumber, Email, Gender, SSID, ID_Card) VALUES (163, 'Christopher Herring', '6924376737', 'jared35@example.com', 'M', '5192929586', 163);
INSERT INTO CUSTOMER (ID_Customer, CustomerName, PhoneNumber, Email, Gender, SSID, ID_Card) VALUES (164, 'Austin Cummings', '0799284997', 'jefferypierce@example.com', 'M', '4709777716', 164);
INSERT INTO CUSTOMER (ID_Customer, CustomerName, PhoneNumber, Email, Gender, SSID, ID_Card) VALUES (165, 'Johnny Moore', '1564040898', 'ahaley@example.com', 'M', '6903386197', 165);
INSERT INTO CUSTOMER (ID_Customer, CustomerName, PhoneNumber, Email, Gender, SSID, ID_Card) VALUES (166, 'Richard Lee', '4800185097', 'shannon63@example.net', 'F', '5813855953', 166);
INSERT INTO CUSTOMER (ID_Customer, CustomerName, PhoneNumber, Email, Gender, SSID, ID_Card) VALUES (167, 'Tony Christian', '8308801654', 'millerdavid@example.org', 'M', '3052991720', 167);
INSERT INTO CUSTOMER (ID_Customer, CustomerName, PhoneNumber, Email, Gender, SSID, ID_Card) VALUES (168, 'Christina Farrell', '2791624179', 'icherry@example.com', 'F', '9372232444', 168);
INSERT INTO CUSTOMER (ID_Customer, CustomerName, PhoneNumber, Email, Gender, SSID, ID_Card) VALUES (169, 'Adam Mullen', '9583589618', 'olsondaniel@example.org', 'M', '9765285438', 169);
INSERT INTO CUSTOMER (ID_Customer, CustomerName, PhoneNumber, Email, Gender, SSID, ID_Card) VALUES (170, 'Barry Mccormick', '4007262244', 'owenslori@example.net', 'F', '6867933771', 170);
INSERT INTO CUSTOMER (ID_Customer, CustomerName, PhoneNumber, Email, Gender, SSID, ID_Card) VALUES (171, 'Aaron Becker', '4458883423', 'christopher39@example.com', 'F', '1757045919', 171);
INSERT INTO CUSTOMER (ID_Customer, CustomerName, PhoneNumber, Email, Gender, SSID, ID_Card) VALUES (172, 'Taylor Mckinney', '6234157648', 'sherryfox@example.net', 'F', '9772024733', 172);
INSERT INTO CUSTOMER (ID_Customer, CustomerName, PhoneNumber, Email, Gender, SSID, ID_Card) VALUES (173, 'Samantha Miranda', '1525900048', 'wcampbell@example.org', 'F', '4506413097', 173);
INSERT INTO CUSTOMER (ID_Customer, CustomerName, PhoneNumber, Email, Gender, SSID, ID_Card) VALUES (174, 'Anthony Herrera', '4840129673', 'laura76@example.net', 'M', '9837352389', 174);
INSERT INTO CUSTOMER (ID_Customer, CustomerName, PhoneNumber, Email, Gender, SSID, ID_Card) VALUES (175, 'Shawn Davis', '6560206264', 'meyerhannah@example.org', 'F', '8467999128', 175);
INSERT INTO CUSTOMER (ID_Customer, CustomerName, PhoneNumber, Email, Gender, SSID, ID_Card) VALUES (176, 'Alan Lopez', '4818551129', 'michelletran@example.org', 'F', '3918769951', 176);
INSERT INTO CUSTOMER (ID_Customer, CustomerName, PhoneNumber, Email, Gender, SSID, ID_Card) VALUES (177, 'Mia Mccoy', '4130854737', 'emilyknapp@example.org', 'M', '6738950356', 177);
INSERT INTO CUSTOMER (ID_Customer, CustomerName, PhoneNumber, Email, Gender, SSID, ID_Card) VALUES (178, 'Annette Ross', '0924245683', 'joseph49@example.com', 'M', '8833603727', 178);
INSERT INTO CUSTOMER (ID_Customer, CustomerName, PhoneNumber, Email, Gender, SSID, ID_Card) VALUES (179, 'Destiny Cunningham', '6820435860', 'eorozco@example.com', 'M', '9966148283', 179);
INSERT INTO CUSTOMER (ID_Customer, CustomerName, PhoneNumber, Email, Gender, SSID, ID_Card) VALUES (180, 'Douglas Mercado', '6722169692', 'rachael35@example.com', 'F', '3571768181', 180);
INSERT INTO CUSTOMER (ID_Customer, CustomerName, PhoneNumber, Email, Gender, SSID, ID_Card) VALUES (181, 'Terri Smith', '7548722176', 'brandonbarber@example.com', 'M', '9870181583', 181);
INSERT INTO CUSTOMER (ID_Customer, CustomerName, PhoneNumber, Email, Gender, SSID, ID_Card) VALUES (182, 'Dennis Wu', '7654299488', 'anna89@example.org', 'M', '3906843406', 182);
INSERT INTO CUSTOMER (ID_Customer, CustomerName, PhoneNumber, Email, Gender, SSID, ID_Card) VALUES (183, 'Brian Green', '4674854578', 'kevin55@example.net', 'M', '8489540313', 183);
INSERT INTO CUSTOMER (ID_Customer, CustomerName, PhoneNumber, Email, Gender, SSID, ID_Card) VALUES (184, 'Robert Allen', '5492553714', 'hwilliams@example.com', 'F', '5626108733', 184);
INSERT INTO CUSTOMER (ID_Customer, CustomerName, PhoneNumber, Email, Gender, SSID, ID_Card) VALUES (185, 'Matthew Coleman', '2613893031', 'grantjohnny@example.org', 'F', '9461286831', 185);
INSERT INTO CUSTOMER (ID_Customer, CustomerName, PhoneNumber, Email, Gender, SSID, ID_Card) VALUES (186, 'Sue Ellis', '6467277160', 'wshaw@example.net', 'F', '2410261344', 186);
INSERT INTO CUSTOMER (ID_Customer, CustomerName, PhoneNumber, Email, Gender, SSID, ID_Card) VALUES (187, 'Katrina Wallace', '8265105197', 'amy38@example.org', 'F', '8158485979', 187);
INSERT INTO CUSTOMER (ID_Customer, CustomerName, PhoneNumber, Email, Gender, SSID, ID_Card) VALUES (188, 'Christy Sanchez', '9040681750', 'tarabennett@example.net', 'M', '7441834367', 188);
INSERT INTO CUSTOMER (ID_Customer, CustomerName, PhoneNumber, Email, Gender, SSID, ID_Card) VALUES (189, 'Devin Gardner', '6894994150', 'anngomez@example.com', 'F', '2135809769', 189);
INSERT INTO CUSTOMER (ID_Customer, CustomerName, PhoneNumber, Email, Gender, SSID, ID_Card) VALUES (190, 'Bradley Noble', '7143394703', 'laurieklein@example.net', 'M', '6460191811', 190);
INSERT INTO CUSTOMER (ID_Customer, CustomerName, PhoneNumber, Email, Gender, SSID, ID_Card) VALUES (191, 'Bryce Medina', '6884049382', 'qphillips@example.net', 'M', '8943204970', 191);
INSERT INTO CUSTOMER (ID_Customer, CustomerName, PhoneNumber, Email, Gender, SSID, ID_Card) VALUES (192, 'Veronica Henry', '4179665956', 'whitekristen@example.org', 'M', '8616229887', 192);
INSERT INTO CUSTOMER (ID_Customer, CustomerName, PhoneNumber, Email, Gender, SSID, ID_Card) VALUES (193, 'Amanda Nielsen', '9624808717', 'paul64@example.net', 'M', '4902920905', 193);
INSERT INTO CUSTOMER (ID_Customer, CustomerName, PhoneNumber, Email, Gender, SSID, ID_Card) VALUES (194, 'Gregory Flores', '1990827312', 'elizabethtaylor@example.com', 'F', '5723980767', 194);
INSERT INTO CUSTOMER (ID_Customer, CustomerName, PhoneNumber, Email, Gender, SSID, ID_Card) VALUES (195, 'Bryan Wong', '0764964946', 'pagephilip@example.net', 'M', '5445732092', 195);
INSERT INTO CUSTOMER (ID_Customer, CustomerName, PhoneNumber, Email, Gender, SSID, ID_Card) VALUES (196, 'Laurie Strong', '0822685422', 'patrick46@example.org', 'F', '9646125661', 196);
INSERT INTO CUSTOMER (ID_Customer, CustomerName, PhoneNumber, Email, Gender, SSID, ID_Card) VALUES (197, 'Jamie Smith', '6354019479', 'christopherpalmer@example.com', 'M', '8445035227', 197);
INSERT INTO CUSTOMER (ID_Customer, CustomerName, PhoneNumber, Email, Gender, SSID, ID_Card) VALUES (198, 'Amanda Martinez', '1399870869', 'fgilbert@example.com', 'F', '8996629184', 198);
INSERT INTO CUSTOMER (ID_Customer, CustomerName, PhoneNumber, Email, Gender, SSID, ID_Card) VALUES (199, 'Rebecca Becker', '5014125065', 'karen11@example.com', 'F', '4171463725', 199);
INSERT INTO CUSTOMER (ID_Customer, CustomerName, PhoneNumber, Email, Gender, SSID, ID_Card) VALUES (200, 'Deborah Hunter', '9792838040', 'jonathan06@example.net', 'M', '2118729191', 200);
INSERT INTO CUSTOMER (ID_Customer, CustomerName, PhoneNumber, Email, Gender, SSID, ID_Card) VALUES (201, 'Kimberly Butler', '3363343274', 'ahampton@example.com', 'M', '3375421851', 201);
INSERT INTO CUSTOMER (ID_Customer, CustomerName, PhoneNumber, Email, Gender, SSID, ID_Card) VALUES (202, 'Heidi Reed', '4134162425', 'chavezkari@example.com', 'F', '6411090186', 202);
INSERT INTO CUSTOMER (ID_Customer, CustomerName, PhoneNumber, Email, Gender, SSID, ID_Card) VALUES (203, 'Fred Carpenter', '6160997386', 'khughes@example.net', 'F', '4685725584', 203);
INSERT INTO CUSTOMER (ID_Customer, CustomerName, PhoneNumber, Email, Gender, SSID, ID_Card) VALUES (204, 'David Oconnor', '7012437071', 'sylvia83@example.org', 'F', '1162057734', 204);
INSERT INTO CUSTOMER (ID_Customer, CustomerName, PhoneNumber, Email, Gender, SSID, ID_Card) VALUES (205, 'Tina Sanchez', '0303845598', 'sayala@example.net', 'F', '2732971179', 205);
INSERT INTO CUSTOMER (ID_Customer, CustomerName, PhoneNumber, Email, Gender, SSID, ID_Card) VALUES (206, 'Angela Chavez', '5271125823', 'nicholas59@example.com', 'F', '4668226769', 206);
INSERT INTO CUSTOMER (ID_Customer, CustomerName, PhoneNumber, Email, Gender, SSID, ID_Card) VALUES (207, 'Steven Smith', '5450872140', 'leeamy@example.net', 'M', '2524565082', 207);
INSERT INTO CUSTOMER (ID_Customer, CustomerName, PhoneNumber, Email, Gender, SSID, ID_Card) VALUES (208, 'Dr. Allen Bradley', '2000425735', 'martinezcrystal@example.net', 'M', '8035667174', 208);
INSERT INTO CUSTOMER (ID_Customer, CustomerName, PhoneNumber, Email, Gender, SSID, ID_Card) VALUES (209, 'James Leonard', '9760169248', 'lesliewhitney@example.org', 'M', '4234751968', 209);
INSERT INTO CUSTOMER (ID_Customer, CustomerName, PhoneNumber, Email, Gender, SSID, ID_Card) VALUES (210, 'John Bates', '6307825257', 'sabrinaford@example.org', 'F', '1518314775', 210);
INSERT INTO CUSTOMER (ID_Customer, CustomerName, PhoneNumber, Email, Gender, SSID, ID_Card) VALUES (211, 'Darren Keller', '3297045076', 'mshannon@example.org', 'M', '3504012011', 211);
INSERT INTO CUSTOMER (ID_Customer, CustomerName, PhoneNumber, Email, Gender, SSID, ID_Card) VALUES (212, 'Eileen Wood', '0642533020', 'howardmadeline@example.net', 'F', '2683729789', 212);
INSERT INTO CUSTOMER (ID_Customer, CustomerName, PhoneNumber, Email, Gender, SSID, ID_Card) VALUES (213, 'Lisa Martinez', '6926050292', 'tony86@example.net', 'F', '4384506990', 213);
INSERT INTO CUSTOMER (ID_Customer, CustomerName, PhoneNumber, Email, Gender, SSID, ID_Card) VALUES (214, 'Lisa Foster', '3719827770', 'abbottlisa@example.com', 'F', '4115250350', 214);
INSERT INTO CUSTOMER (ID_Customer, CustomerName, PhoneNumber, Email, Gender, SSID, ID_Card) VALUES (215, 'Mary Wallace', '1533465722', 'tiffanybell@example.org', 'M', '7008932706', 215);
INSERT INTO CUSTOMER (ID_Customer, CustomerName, PhoneNumber, Email, Gender, SSID, ID_Card) VALUES (216, 'Dwayne Hebert', '2295914179', 'moorekathleen@example.com', 'F', '4140470886', 216);
INSERT INTO CUSTOMER (ID_Customer, CustomerName, PhoneNumber, Email, Gender, SSID, ID_Card) VALUES (217, 'Brandon Williams', '2701289486', 'mackenzie98@example.net', 'M', '8590541146', 217);
INSERT INTO CUSTOMER (ID_Customer, CustomerName, PhoneNumber, Email, Gender, SSID, ID_Card) VALUES (218, 'Amanda Moreno', '3652826067', 'nicole23@example.net', 'M', '2229591767', 218);
INSERT INTO CUSTOMER (ID_Customer, CustomerName, PhoneNumber, Email, Gender, SSID, ID_Card) VALUES (219, 'Christopher Duncan', '5721526286', 'amy44@example.com', 'F', '1687477203', 219);
INSERT INTO CUSTOMER (ID_Customer, CustomerName, PhoneNumber, Email, Gender, SSID, ID_Card) VALUES (220, 'Erin Watson', '4291815714', 'sandra23@example.org', 'M', '3205344432', 220);
INSERT INTO CUSTOMER (ID_Customer, CustomerName, PhoneNumber, Email, Gender, SSID, ID_Card) VALUES (221, 'Johnathan Prince', '2705555215', 'fisherleslie@example.com', 'F', '0135304585', 221);
INSERT INTO CUSTOMER (ID_Customer, CustomerName, PhoneNumber, Email, Gender, SSID, ID_Card) VALUES (222, 'Patricia Richmond', '9951842949', 'matthewsjaime@example.net', 'M', '9054665012', 222);
INSERT INTO CUSTOMER (ID_Customer, CustomerName, PhoneNumber, Email, Gender, SSID, ID_Card) VALUES (223, 'Patricia Thomas', '6915225404', 'tvasquez@example.net', 'M', '7326646946', 223);
INSERT INTO CUSTOMER (ID_Customer, CustomerName, PhoneNumber, Email, Gender, SSID, ID_Card) VALUES (224, 'Reginald Sanchez', '2964964077', 'nicolekoch@example.org', 'M', '1653399259', 224);
INSERT INTO CUSTOMER (ID_Customer, CustomerName, PhoneNumber, Email, Gender, SSID, ID_Card) VALUES (225, 'Kyle Tanner', '0757892722', 'campbellmichele@example.com', 'M', '7157341046', 225);
INSERT INTO CUSTOMER (ID_Customer, CustomerName, PhoneNumber, Email, Gender, SSID, ID_Card) VALUES (226, 'Phyllis Wise', '4733729864', 'brandonparker@example.org', 'F', '7540592797', 226);
INSERT INTO CUSTOMER (ID_Customer, CustomerName, PhoneNumber, Email, Gender, SSID, ID_Card) VALUES (227, 'Theresa King', '0580011186', 'pattersonmichael@example.org', 'M', '6141990354', 227);
INSERT INTO CUSTOMER (ID_Customer, CustomerName, PhoneNumber, Email, Gender, SSID, ID_Card) VALUES (228, 'Aaron Decker', '0859468957', 'brooke16@example.com', 'M', '3292980178', 228);
INSERT INTO CUSTOMER (ID_Customer, CustomerName, PhoneNumber, Email, Gender, SSID, ID_Card) VALUES (229, 'Sharon Foster', '2962562360', 'dsmith@example.com', 'M', '7544585616', 229);
INSERT INTO CUSTOMER (ID_Customer, CustomerName, PhoneNumber, Email, Gender, SSID, ID_Card) VALUES (230, 'Christopher Chen', '8952621954', 'reyeschristopher@example.org', 'M', '3929613729', 230);
INSERT INTO CUSTOMER (ID_Customer, CustomerName, PhoneNumber, Email, Gender, SSID, ID_Card) VALUES (231, 'Gail Smith', '3405966644', 'maurice72@example.com', 'F', '0208999744', 231);
INSERT INTO CUSTOMER (ID_Customer, CustomerName, PhoneNumber, Email, Gender, SSID, ID_Card) VALUES (232, 'Adam Torres', '1438514079', 'darrell69@example.com', 'M', '2884412858', 232);
INSERT INTO CUSTOMER (ID_Customer, CustomerName, PhoneNumber, Email, Gender, SSID, ID_Card) VALUES (233, 'David Arroyo', '7959073658', 'wheelereugene@example.net', 'F', '6103780096', 233);
INSERT INTO CUSTOMER (ID_Customer, CustomerName, PhoneNumber, Email, Gender, SSID, ID_Card) VALUES (234, 'Sonya Stone', '1987117755', 'kirkheather@example.com', 'F', '3608623517', 234);
INSERT INTO CUSTOMER (ID_Customer, CustomerName, PhoneNumber, Email, Gender, SSID, ID_Card) VALUES (235, 'Dustin Lee', '3723266814', 'rossespinoza@example.com', 'F', '1905459878', 235);
INSERT INTO CUSTOMER (ID_Customer, CustomerName, PhoneNumber, Email, Gender, SSID, ID_Card) VALUES (236, 'Jorge Gibbs', '3034728605', 'richard30@example.com', 'M', '1353570816', 236);
INSERT INTO CUSTOMER (ID_Customer, CustomerName, PhoneNumber, Email, Gender, SSID, ID_Card) VALUES (237, 'Mary Johnson', '0401494138', 'greenryan@example.net', 'F', '3910459636', 237);
INSERT INTO CUSTOMER (ID_Customer, CustomerName, PhoneNumber, Email, Gender, SSID, ID_Card) VALUES (238, 'Jeremiah Molina', '6017745800', 'mwilliams@example.net', 'M', '8557261453', 238);
INSERT INTO CUSTOMER (ID_Customer, CustomerName, PhoneNumber, Email, Gender, SSID, ID_Card) VALUES (239, 'Matthew Carter', '2638283717', 'christina07@example.org', 'F', '5944636151', 239);
INSERT INTO CUSTOMER (ID_Customer, CustomerName, PhoneNumber, Email, Gender, SSID, ID_Card) VALUES (240, 'Emily Bauer', '3980767913', 'deborahrhodes@example.net', 'F', '7643369704', 240);
INSERT INTO CUSTOMER (ID_Customer, CustomerName, PhoneNumber, Email, Gender, SSID, ID_Card) VALUES (241, 'Jamie Martinez', '2773172823', 'brendathompson@example.net', 'F', '3591435668', 241);
INSERT INTO CUSTOMER (ID_Customer, CustomerName, PhoneNumber, Email, Gender, SSID, ID_Card) VALUES (242, 'Peter Thomas', '7517834056', 'brettadkins@example.org', 'F', '9620940661', 242);
INSERT INTO CUSTOMER (ID_Customer, CustomerName, PhoneNumber, Email, Gender, SSID, ID_Card) VALUES (243, 'Michelle Conrad', '9902641973', 'jeffrey18@example.org', 'M', '5843608874', 243);
INSERT INTO CUSTOMER (ID_Customer, CustomerName, PhoneNumber, Email, Gender, SSID, ID_Card) VALUES (244, 'Dr. Nicholas Nguyen', '4296269353', 'zacharyfoley@example.org', 'M', '3701103334', 244);
INSERT INTO CUSTOMER (ID_Customer, CustomerName, PhoneNumber, Email, Gender, SSID, ID_Card) VALUES (245, 'Nathan Rice', '9486443250', 'dking@example.org', 'F', '1547668841', 245);
INSERT INTO CUSTOMER (ID_Customer, CustomerName, PhoneNumber, Email, Gender, SSID, ID_Card) VALUES (246, 'Erin Jackson', '8772652497', 'brittanydavis@example.com', 'M', '1807127185', 246);
INSERT INTO CUSTOMER (ID_Customer, CustomerName, PhoneNumber, Email, Gender, SSID, ID_Card) VALUES (247, 'Dustin Powers', '4072527998', 'jacob69@example.com', 'F', '1325974481', 247);
INSERT INTO CUSTOMER (ID_Customer, CustomerName, PhoneNumber, Email, Gender, SSID, ID_Card) VALUES (248, 'Nathan Gonzales', '9412944569', 'jessica58@example.com', 'M', '5818691572', 248);
INSERT INTO CUSTOMER (ID_Customer, CustomerName, PhoneNumber, Email, Gender, SSID, ID_Card) VALUES (249, 'Joel Escobar', '5348103384', 'zmejia@example.net', 'M', '1610208849', 249);
INSERT INTO CUSTOMER (ID_Customer, CustomerName, PhoneNumber, Email, Gender, SSID, ID_Card) VALUES (250, 'Steven Arroyo', '5965889860', 'dparks@example.net', 'F', '2072681614', 250);
INSERT INTO REVIEW (ID_Review, ServiceScore, FoodScore, BranchScore, PriceScore, Comment) VALUES (1, 5, 4, 2, 5, 'Lead consider sing page soldier so.');
INSERT INTO REVIEW (ID_Review, ServiceScore, FoodScore, BranchScore, PriceScore, Comment) VALUES (2, 2, 5, 1, 3, 'Theory rule pay impact all image staff.');
INSERT INTO REVIEW (ID_Review, ServiceScore, FoodScore, BranchScore, PriceScore, Comment) VALUES (3, 5, 1, 3, 1, 'Sense soon career factor church product.');
INSERT INTO REVIEW (ID_Review, ServiceScore, FoodScore, BranchScore, PriceScore, Comment) VALUES (4, 5, 5, 2, 4, 'Word oil economy evidence magazine almost.');
INSERT INTO REVIEW (ID_Review, ServiceScore, FoodScore, BranchScore, PriceScore, Comment) VALUES (5, 4, 3, 4, 1, 'Receive possible feel past.');
INSERT INTO REVIEW (ID_Review, ServiceScore, FoodScore, BranchScore, PriceScore, Comment) VALUES (6, 2, 5, 5, 4, 'Sister enter coach stage make again benefit.');
INSERT INTO REVIEW (ID_Review, ServiceScore, FoodScore, BranchScore, PriceScore, Comment) VALUES (7, 4, 2, 3, 5, 'Help song bed free color building.');
INSERT INTO REVIEW (ID_Review, ServiceScore, FoodScore, BranchScore, PriceScore, Comment) VALUES (8, 4, 4, 2, 4, 'Future power expect dinner program us day.');
INSERT INTO REVIEW (ID_Review, ServiceScore, FoodScore, BranchScore, PriceScore, Comment) VALUES (9, 2, 5, 4, 4, 'Special later matter admit middle number.');
INSERT INTO REVIEW (ID_Review, ServiceScore, FoodScore, BranchScore, PriceScore, Comment) VALUES (10, 1, 1, 1, 5, 'Think about professor security.');
INSERT INTO REVIEW (ID_Review, ServiceScore, FoodScore, BranchScore, PriceScore, Comment) VALUES (11, 3, 5, 2, 2, 'Behind forward deep involve check its ok.');
INSERT INTO REVIEW (ID_Review, ServiceScore, FoodScore, BranchScore, PriceScore, Comment) VALUES (12, 4, 4, 5, 5, 'Tough ready century important.');
INSERT INTO REVIEW (ID_Review, ServiceScore, FoodScore, BranchScore, PriceScore, Comment) VALUES (13, 1, 1, 5, 4, 'Manage entire I rich.');
INSERT INTO REVIEW (ID_Review, ServiceScore, FoodScore, BranchScore, PriceScore, Comment) VALUES (14, 1, 3, 3, 2, 'Court note national no discover.');
INSERT INTO REVIEW (ID_Review, ServiceScore, FoodScore, BranchScore, PriceScore, Comment) VALUES (15, 2, 2, 5, 1, 'Contain free across certain.');
INSERT INTO REVIEW (ID_Review, ServiceScore, FoodScore, BranchScore, PriceScore, Comment) VALUES (16, 1, 5, 4, 3, 'Center listen receive practice.');
INSERT INTO REVIEW (ID_Review, ServiceScore, FoodScore, BranchScore, PriceScore, Comment) VALUES (17, 3, 3, 5, 4, 'Film hand enough admit.');
INSERT INTO REVIEW (ID_Review, ServiceScore, FoodScore, BranchScore, PriceScore, Comment) VALUES (18, 5, 1, 5, 2, 'Cell few model myself animal however sort blue.');
INSERT INTO REVIEW (ID_Review, ServiceScore, FoodScore, BranchScore, PriceScore, Comment) VALUES (19, 2, 5, 1, 2, 'Coach cost well most security.');
INSERT INTO REVIEW (ID_Review, ServiceScore, FoodScore, BranchScore, PriceScore, Comment) VALUES (20, 3, 4, 2, 2, 'Yes southern might western.');
INSERT INTO REVIEW (ID_Review, ServiceScore, FoodScore, BranchScore, PriceScore, Comment) VALUES (21, 4, 4, 5, 2, 'What staff two.');
INSERT INTO REVIEW (ID_Review, ServiceScore, FoodScore, BranchScore, PriceScore, Comment) VALUES (22, 2, 5, 2, 4, 'Their activity tend enter technology see.');
INSERT INTO REVIEW (ID_Review, ServiceScore, FoodScore, BranchScore, PriceScore, Comment) VALUES (23, 2, 4, 2, 1, 'Still available agreement.');
INSERT INTO REVIEW (ID_Review, ServiceScore, FoodScore, BranchScore, PriceScore, Comment) VALUES (24, 2, 4, 5, 3, 'Pass forget generation order street quality.');
INSERT INTO REVIEW (ID_Review, ServiceScore, FoodScore, BranchScore, PriceScore, Comment) VALUES (25, 4, 4, 4, 5, 'Former account realize material family.');
INSERT INTO REVIEW (ID_Review, ServiceScore, FoodScore, BranchScore, PriceScore, Comment) VALUES (26, 4, 2, 2, 2, 'Protect move key hit imagine particularly.');
INSERT INTO REVIEW (ID_Review, ServiceScore, FoodScore, BranchScore, PriceScore, Comment) VALUES (27, 4, 5, 3, 1, 'Ready truth those action question policy likely.');
INSERT INTO REVIEW (ID_Review, ServiceScore, FoodScore, BranchScore, PriceScore, Comment) VALUES (28, 5, 1, 2, 4, 'Military research more player field beyond current.');
INSERT INTO REVIEW (ID_Review, ServiceScore, FoodScore, BranchScore, PriceScore, Comment) VALUES (29, 1, 1, 1, 3, 'Direction read area feel.');
INSERT INTO REVIEW (ID_Review, ServiceScore, FoodScore, BranchScore, PriceScore, Comment) VALUES (30, 1, 2, 2, 2, 'Require cost daughter hour part garden.');
INSERT INTO REVIEW (ID_Review, ServiceScore, FoodScore, BranchScore, PriceScore, Comment) VALUES (31, 4, 5, 1, 2, 'Serious bank herself popular yes impact positive.');
INSERT INTO REVIEW (ID_Review, ServiceScore, FoodScore, BranchScore, PriceScore, Comment) VALUES (32, 3, 1, 5, 3, 'Apply room step science.');
INSERT INTO REVIEW (ID_Review, ServiceScore, FoodScore, BranchScore, PriceScore, Comment) VALUES (33, 2, 4, 2, 1, 'Political choose production next watch next think.');
INSERT INTO REVIEW (ID_Review, ServiceScore, FoodScore, BranchScore, PriceScore, Comment) VALUES (34, 1, 3, 5, 3, 'Seek bill never ten foreign.');
INSERT INTO REVIEW (ID_Review, ServiceScore, FoodScore, BranchScore, PriceScore, Comment) VALUES (35, 1, 1, 1, 3, 'Those fear common return husband military.');
INSERT INTO REVIEW (ID_Review, ServiceScore, FoodScore, BranchScore, PriceScore, Comment) VALUES (36, 4, 2, 1, 2, 'See soon teacher president prepare rock west.');
INSERT INTO REVIEW (ID_Review, ServiceScore, FoodScore, BranchScore, PriceScore, Comment) VALUES (37, 3, 1, 4, 2, 'Maybe religious education add adult industry federal.');
INSERT INTO REVIEW (ID_Review, ServiceScore, FoodScore, BranchScore, PriceScore, Comment) VALUES (38, 2, 1, 1, 4, 'Turn positive lead perhaps attention opportunity network.');
INSERT INTO REVIEW (ID_Review, ServiceScore, FoodScore, BranchScore, PriceScore, Comment) VALUES (39, 2, 3, 5, 5, 'Table new until near mind shake especially.');
INSERT INTO REVIEW (ID_Review, ServiceScore, FoodScore, BranchScore, PriceScore, Comment) VALUES (40, 5, 4, 2, 2, 'Seek east forget look especially relate.');
INSERT INTO REVIEW (ID_Review, ServiceScore, FoodScore, BranchScore, PriceScore, Comment) VALUES (1, 3, 5, 3, 4, 'Science issue others town pay tax want create.');
INSERT INTO REVIEW (ID_Review, ServiceScore, FoodScore, BranchScore, PriceScore, Comment) VALUES (2, 2, 3, 3, 5, 'Score view life bill over eye skill cold.');
INSERT INTO REVIEW (ID_Review, ServiceScore, FoodScore, BranchScore, PriceScore, Comment) VALUES (3, 5, 4, 1, 5, 'One identify seat commercial sea trial occur.');
INSERT INTO REVIEW (ID_Review, ServiceScore, FoodScore, BranchScore, PriceScore, Comment) VALUES (4, 3, 5, 2, 5, 'Whether which theory include well responsibility assume.');
INSERT INTO REVIEW (ID_Review, ServiceScore, FoodScore, BranchScore, PriceScore, Comment) VALUES (5, 2, 5, 4, 3, 'Painting morning try not.');
INSERT INTO REVIEW (ID_Review, ServiceScore, FoodScore, BranchScore, PriceScore, Comment) VALUES (6, 3, 1, 2, 5, 'Stage head television keep purpose film nature bill.');
INSERT INTO REVIEW (ID_Review, ServiceScore, FoodScore, BranchScore, PriceScore, Comment) VALUES (7, 4, 1, 1, 3, 'International live few.');
INSERT INTO REVIEW (ID_Review, ServiceScore, FoodScore, BranchScore, PriceScore, Comment) VALUES (8, 3, 5, 5, 1, 'Arm admit base skin need information be no.');
INSERT INTO REVIEW (ID_Review, ServiceScore, FoodScore, BranchScore, PriceScore, Comment) VALUES (9, 4, 1, 5, 3, 'I entire arrive here job create ground.');
INSERT INTO REVIEW (ID_Review, ServiceScore, FoodScore, BranchScore, PriceScore, Comment) VALUES (10, 3, 5, 4, 2, 'Standard necessary arrive once majority report mouth particularly.');
INSERT INTO REVIEW (ID_Review, ServiceScore, FoodScore, BranchScore, PriceScore, Comment) VALUES (11, 2, 5, 2, 2, 'Candidate arm including middle.');
INSERT INTO REVIEW (ID_Review, ServiceScore, FoodScore, BranchScore, PriceScore, Comment) VALUES (12, 1, 3, 3, 1, 'Else station international student respond right drop.');
INSERT INTO REVIEW (ID_Review, ServiceScore, FoodScore, BranchScore, PriceScore, Comment) VALUES (13, 5, 1, 4, 2, 'Skill education test although sound data news.');
INSERT INTO REVIEW (ID_Review, ServiceScore, FoodScore, BranchScore, PriceScore, Comment) VALUES (14, 1, 2, 3, 2, 'Travel analysis authority strong others close network.');
INSERT INTO REVIEW (ID_Review, ServiceScore, FoodScore, BranchScore, PriceScore, Comment) VALUES (15, 3, 3, 1, 5, 'While pay relate leader.');
INSERT INTO REVIEW (ID_Review, ServiceScore, FoodScore, BranchScore, PriceScore, Comment) VALUES (16, 5, 3, 2, 5, 'Policy himself never determine pay.');
INSERT INTO REVIEW (ID_Review, ServiceScore, FoodScore, BranchScore, PriceScore, Comment) VALUES (17, 3, 4, 1, 2, 'But market population popular beat vote.');
INSERT INTO REVIEW (ID_Review, ServiceScore, FoodScore, BranchScore, PriceScore, Comment) VALUES (18, 2, 4, 5, 4, 'Decide environment make while.');
INSERT INTO REVIEW (ID_Review, ServiceScore, FoodScore, BranchScore, PriceScore, Comment) VALUES (19, 2, 4, 4, 5, 'Support special nature strategy strategy finish build.');
INSERT INTO REVIEW (ID_Review, ServiceScore, FoodScore, BranchScore, PriceScore, Comment) VALUES (20, 4, 5, 3, 5, 'Become piece class front.');
INSERT INTO REVIEW (ID_Review, ServiceScore, FoodScore, BranchScore, PriceScore, Comment) VALUES (21, 1, 4, 1, 5, 'Bring letter possible collection player.');
INSERT INTO REVIEW (ID_Review, ServiceScore, FoodScore, BranchScore, PriceScore, Comment) VALUES (22, 5, 2, 3, 4, 'Newspaper challenge growth art nor car soon data.');
INSERT INTO REVIEW (ID_Review, ServiceScore, FoodScore, BranchScore, PriceScore, Comment) VALUES (23, 1, 5, 2, 1, 'Course piece east bit little international actually.');
INSERT INTO REVIEW (ID_Review, ServiceScore, FoodScore, BranchScore, PriceScore, Comment) VALUES (24, 5, 4, 1, 1, 'Station third leader us threat cost free experience.');
INSERT INTO REVIEW (ID_Review, ServiceScore, FoodScore, BranchScore, PriceScore, Comment) VALUES (25, 3, 3, 2, 4, 'Have determine trouble.');
INSERT INTO REVIEW (ID_Review, ServiceScore, FoodScore, BranchScore, PriceScore, Comment) VALUES (26, 4, 1, 4, 1, 'Else claim spend dark while.');
INSERT INTO REVIEW (ID_Review, ServiceScore, FoodScore, BranchScore, PriceScore, Comment) VALUES (27, 3, 3, 3, 5, 'But imagine among respond between line.');
INSERT INTO REVIEW (ID_Review, ServiceScore, FoodScore, BranchScore, PriceScore, Comment) VALUES (28, 5, 5, 1, 5, 'Watch individual floor fund major everybody.');
INSERT INTO REVIEW (ID_Review, ServiceScore, FoodScore, BranchScore, PriceScore, Comment) VALUES (29, 5, 1, 4, 5, 'Wait teacher current last.');
INSERT INTO REVIEW (ID_Review, ServiceScore, FoodScore, BranchScore, PriceScore, Comment) VALUES (30, 1, 1, 5, 4, 'Administration college town way indeed.');
INSERT INTO REVIEW (ID_Review, ServiceScore, FoodScore, BranchScore, PriceScore, Comment) VALUES (31, 4, 4, 4, 4, 'Lawyer season if discussion every.');
INSERT INTO REVIEW (ID_Review, ServiceScore, FoodScore, BranchScore, PriceScore, Comment) VALUES (32, 5, 1, 1, 5, 'Scientist condition have apply himself.');
INSERT INTO REVIEW (ID_Review, ServiceScore, FoodScore, BranchScore, PriceScore, Comment) VALUES (33, 4, 2, 5, 4, 'Say per benefit ready professional job.');
INSERT INTO REVIEW (ID_Review, ServiceScore, FoodScore, BranchScore, PriceScore, Comment) VALUES (34, 4, 4, 3, 3, 'Receive suddenly someone.');
INSERT INTO REVIEW (ID_Review, ServiceScore, FoodScore, BranchScore, PriceScore, Comment) VALUES (35, 2, 5, 4, 3, 'Easy draw type job organization.');
INSERT INTO REVIEW (ID_Review, ServiceScore, FoodScore, BranchScore, PriceScore, Comment) VALUES (36, 1, 5, 5, 2, 'Any including rise.');
INSERT INTO REVIEW (ID_Review, ServiceScore, FoodScore, BranchScore, PriceScore, Comment) VALUES (37, 1, 3, 5, 2, 'Cover first glass.');
INSERT INTO REVIEW (ID_Review, ServiceScore, FoodScore, BranchScore, PriceScore, Comment) VALUES (38, 3, 5, 1, 2, 'See any crime single.');
INSERT INTO REVIEW (ID_Review, ServiceScore, FoodScore, BranchScore, PriceScore, Comment) VALUES (39, 5, 3, 5, 2, 'College energy notice process.');
INSERT INTO REVIEW (ID_Review, ServiceScore, FoodScore, BranchScore, PriceScore, Comment) VALUES (40, 3, 1, 3, 2, 'Industry protect know someone fine lose nor.');
INSERT INTO REVIEW (ID_Review, ServiceScore, FoodScore, BranchScore, PriceScore, Comment) VALUES (1, 2, 4, 5, 2, 'Simply consider tend floor while leave.');
INSERT INTO REVIEW (ID_Review, ServiceScore, FoodScore, BranchScore, PriceScore, Comment) VALUES (2, 3, 1, 1, 3, 'Project history doctor easy.');
INSERT INTO REVIEW (ID_Review, ServiceScore, FoodScore, BranchScore, PriceScore, Comment) VALUES (3, 5, 1, 1, 5, 'Clear small couple ahead without.');
INSERT INTO REVIEW (ID_Review, ServiceScore, FoodScore, BranchScore, PriceScore, Comment) VALUES (4, 4, 4, 1, 1, 'Art must guy choice important plant.');
INSERT INTO REVIEW (ID_Review, ServiceScore, FoodScore, BranchScore, PriceScore, Comment) VALUES (5, 3, 2, 1, 4, 'Agreement this lead here claim.');
INSERT INTO REVIEW (ID_Review, ServiceScore, FoodScore, BranchScore, PriceScore, Comment) VALUES (6, 1, 2, 3, 1, 'Wind political claim activity.');
INSERT INTO REVIEW (ID_Review, ServiceScore, FoodScore, BranchScore, PriceScore, Comment) VALUES (7, 2, 3, 1, 5, 'Contain tend pressure avoid condition.');
INSERT INTO REVIEW (ID_Review, ServiceScore, FoodScore, BranchScore, PriceScore, Comment) VALUES (8, 2, 2, 4, 3, 'Compare economic left meeting top will significant.');
INSERT INTO REVIEW (ID_Review, ServiceScore, FoodScore, BranchScore, PriceScore, Comment) VALUES (9, 3, 4, 3, 2, 'Easy should service interesting reveal professional administration thought.');
INSERT INTO REVIEW (ID_Review, ServiceScore, FoodScore, BranchScore, PriceScore, Comment) VALUES (10, 4, 3, 5, 5, 'Campaign early ago from how customer cause alone.');
INSERT INTO REVIEW (ID_Review, ServiceScore, FoodScore, BranchScore, PriceScore, Comment) VALUES (11, 5, 2, 1, 1, 'President thus interesting up.');
INSERT INTO REVIEW (ID_Review, ServiceScore, FoodScore, BranchScore, PriceScore, Comment) VALUES (12, 4, 4, 4, 3, 'Machine its lose deal son market someone.');
INSERT INTO REVIEW (ID_Review, ServiceScore, FoodScore, BranchScore, PriceScore, Comment) VALUES (13, 3, 2, 3, 1, 'Serve risk draw around maybe card.');
INSERT INTO REVIEW (ID_Review, ServiceScore, FoodScore, BranchScore, PriceScore, Comment) VALUES (14, 2, 2, 1, 4, 'Use nature way such.');
INSERT INTO REVIEW (ID_Review, ServiceScore, FoodScore, BranchScore, PriceScore, Comment) VALUES (15, 4, 2, 2, 3, 'Since available adult them offer.');
INSERT INTO REVIEW (ID_Review, ServiceScore, FoodScore, BranchScore, PriceScore, Comment) VALUES (16, 1, 1, 3, 4, 'Dream simply administration everyone third.');
INSERT INTO REVIEW (ID_Review, ServiceScore, FoodScore, BranchScore, PriceScore, Comment) VALUES (17, 2, 1, 2, 1, 'Avoid movement himself thank smile.');
INSERT INTO REVIEW (ID_Review, ServiceScore, FoodScore, BranchScore, PriceScore, Comment) VALUES (18, 2, 5, 3, 2, 'Present better not weight.');
INSERT INTO REVIEW (ID_Review, ServiceScore, FoodScore, BranchScore, PriceScore, Comment) VALUES (19, 4, 1, 4, 2, 'Figure beautiful education such join plant.');
INSERT INTO REVIEW (ID_Review, ServiceScore, FoodScore, BranchScore, PriceScore, Comment) VALUES (20, 4, 4, 1, 4, 'Run game seem car parent center positive.');
INSERT INTO REVIEW (ID_Review, ServiceScore, FoodScore, BranchScore, PriceScore, Comment) VALUES (21, 3, 5, 2, 2, 'Law meeting machine form nice remain.');
INSERT INTO REVIEW (ID_Review, ServiceScore, FoodScore, BranchScore, PriceScore, Comment) VALUES (22, 4, 4, 5, 1, 'Energy guess reveal product event cell bill.');
INSERT INTO REVIEW (ID_Review, ServiceScore, FoodScore, BranchScore, PriceScore, Comment) VALUES (23, 5, 3, 2, 1, 'Car kind approach.');
INSERT INTO REVIEW (ID_Review, ServiceScore, FoodScore, BranchScore, PriceScore, Comment) VALUES (24, 3, 5, 2, 5, 'Read long here list brother.');
INSERT INTO REVIEW (ID_Review, ServiceScore, FoodScore, BranchScore, PriceScore, Comment) VALUES (25, 4, 2, 5, 4, 'Because hair ever project later.');
INSERT INTO REVIEW (ID_Review, ServiceScore, FoodScore, BranchScore, PriceScore, Comment) VALUES (26, 4, 4, 5, 2, 'Energy raise rock away avoid wrong through.');
INSERT INTO REVIEW (ID_Review, ServiceScore, FoodScore, BranchScore, PriceScore, Comment) VALUES (27, 2, 1, 5, 2, 'Water cup natural wait us.');
INSERT INTO REVIEW (ID_Review, ServiceScore, FoodScore, BranchScore, PriceScore, Comment) VALUES (28, 1, 1, 4, 2, 'System its suffer food.');
INSERT INTO REVIEW (ID_Review, ServiceScore, FoodScore, BranchScore, PriceScore, Comment) VALUES (29, 4, 5, 4, 2, 'Affect cell child them alone state.');
INSERT INTO REVIEW (ID_Review, ServiceScore, FoodScore, BranchScore, PriceScore, Comment) VALUES (30, 2, 1, 3, 2, 'Concern data cell against ask ground court.');
INSERT INTO REVIEW (ID_Review, ServiceScore, FoodScore, BranchScore, PriceScore, Comment) VALUES (31, 4, 2, 1, 4, 'Throw maintain go owner goal west few.');
INSERT INTO REVIEW (ID_Review, ServiceScore, FoodScore, BranchScore, PriceScore, Comment) VALUES (32, 1, 5, 3, 5, 'Current be economic here debate.');
INSERT INTO REVIEW (ID_Review, ServiceScore, FoodScore, BranchScore, PriceScore, Comment) VALUES (33, 5, 3, 4, 5, 'Goal detail crime section nearly who deal.');
INSERT INTO REVIEW (ID_Review, ServiceScore, FoodScore, BranchScore, PriceScore, Comment) VALUES (34, 2, 1, 5, 5, 'Rule guess four job image animal say similar.');
INSERT INTO REVIEW (ID_Review, ServiceScore, FoodScore, BranchScore, PriceScore, Comment) VALUES (35, 1, 1, 4, 3, 'Cover task whom whatever light.');
INSERT INTO REVIEW (ID_Review, ServiceScore, FoodScore, BranchScore, PriceScore, Comment) VALUES (36, 4, 2, 4, 3, 'Agent most first tree author.');
INSERT INTO REVIEW (ID_Review, ServiceScore, FoodScore, BranchScore, PriceScore, Comment) VALUES (37, 2, 5, 4, 2, 'Country theory grow fly collection activity human actually.');
INSERT INTO REVIEW (ID_Review, ServiceScore, FoodScore, BranchScore, PriceScore, Comment) VALUES (38, 5, 4, 2, 2, 'Right state way coach like.');
INSERT INTO REVIEW (ID_Review, ServiceScore, FoodScore, BranchScore, PriceScore, Comment) VALUES (39, 5, 4, 3, 1, 'Door south we identify despite apply.');
INSERT INTO REVIEW (ID_Review, ServiceScore, FoodScore, BranchScore, PriceScore, Comment) VALUES (40, 1, 3, 2, 5, 'Body or policy leave.');
INSERT INTO REVIEW (ID_Review, ServiceScore, FoodScore, BranchScore, PriceScore, Comment) VALUES (1, 2, 3, 4, 5, 'Some half budget glass strong.');
INSERT INTO REVIEW (ID_Review, ServiceScore, FoodScore, BranchScore, PriceScore, Comment) VALUES (2, 4, 3, 5, 5, 'Share customer parent seven agree.');
INSERT INTO REVIEW (ID_Review, ServiceScore, FoodScore, BranchScore, PriceScore, Comment) VALUES (3, 4, 4, 4, 1, 'Red Democrat speak pick themselves.');
INSERT INTO REVIEW (ID_Review, ServiceScore, FoodScore, BranchScore, PriceScore, Comment) VALUES (4, 1, 1, 1, 4, 'Value professor receive agency treatment money long.');
INSERT INTO REVIEW (ID_Review, ServiceScore, FoodScore, BranchScore, PriceScore, Comment) VALUES (5, 4, 5, 3, 4, 'Language seat home of onto against.');
INSERT INTO REVIEW (ID_Review, ServiceScore, FoodScore, BranchScore, PriceScore, Comment) VALUES (6, 4, 1, 2, 3, 'Commercial team girl term physical chair.');
INSERT INTO REVIEW (ID_Review, ServiceScore, FoodScore, BranchScore, PriceScore, Comment) VALUES (7, 1, 2, 3, 2, 'Candidate day officer fill stop because.');
INSERT INTO REVIEW (ID_Review, ServiceScore, FoodScore, BranchScore, PriceScore, Comment) VALUES (8, 2, 2, 5, 2, 'Site still total every travel degree we.');
INSERT INTO REVIEW (ID_Review, ServiceScore, FoodScore, BranchScore, PriceScore, Comment) VALUES (9, 2, 2, 2, 4, 'Individual young state none.');
INSERT INTO REVIEW (ID_Review, ServiceScore, FoodScore, BranchScore, PriceScore, Comment) VALUES (10, 5, 4, 1, 5, 'Budget step even campaign administration unit nor room.');
INSERT INTO REVIEW (ID_Review, ServiceScore, FoodScore, BranchScore, PriceScore, Comment) VALUES (11, 2, 5, 4, 3, 'Outside magazine woman either learn real.');
INSERT INTO REVIEW (ID_Review, ServiceScore, FoodScore, BranchScore, PriceScore, Comment) VALUES (12, 4, 1, 1, 5, 'Road lose sister moment billion.');
INSERT INTO REVIEW (ID_Review, ServiceScore, FoodScore, BranchScore, PriceScore, Comment) VALUES (13, 1, 1, 5, 2, 'Shoulder ahead draw focus.');
INSERT INTO REVIEW (ID_Review, ServiceScore, FoodScore, BranchScore, PriceScore, Comment) VALUES (14, 4, 5, 3, 2, 'Weight particular month doctor thing far.');
INSERT INTO REVIEW (ID_Review, ServiceScore, FoodScore, BranchScore, PriceScore, Comment) VALUES (15, 2, 2, 2, 2, 'Position author including image citizen.');
INSERT INTO REVIEW (ID_Review, ServiceScore, FoodScore, BranchScore, PriceScore, Comment) VALUES (16, 2, 4, 1, 1, 'If course dream.');
INSERT INTO REVIEW (ID_Review, ServiceScore, FoodScore, BranchScore, PriceScore, Comment) VALUES (17, 1, 3, 3, 1, 'By window director future increase culture check.');
INSERT INTO REVIEW (ID_Review, ServiceScore, FoodScore, BranchScore, PriceScore, Comment) VALUES (18, 5, 5, 2, 3, 'Economy read late military man law develop anyone.');
INSERT INTO REVIEW (ID_Review, ServiceScore, FoodScore, BranchScore, PriceScore, Comment) VALUES (19, 5, 5, 2, 1, 'International east feel note away my.');
INSERT INTO REVIEW (ID_Review, ServiceScore, FoodScore, BranchScore, PriceScore, Comment) VALUES (20, 5, 4, 5, 1, 'Already establish order factor.');
INSERT INTO REVIEW (ID_Review, ServiceScore, FoodScore, BranchScore, PriceScore, Comment) VALUES (21, 4, 5, 1, 4, 'Rich fund degree full.');
INSERT INTO REVIEW (ID_Review, ServiceScore, FoodScore, BranchScore, PriceScore, Comment) VALUES (22, 4, 1, 4, 1, 'Finally that discover road east.');
INSERT INTO REVIEW (ID_Review, ServiceScore, FoodScore, BranchScore, PriceScore, Comment) VALUES (23, 2, 5, 5, 3, 'Star land effect matter brother to.');
INSERT INTO REVIEW (ID_Review, ServiceScore, FoodScore, BranchScore, PriceScore, Comment) VALUES (24, 4, 3, 1, 1, 'Of relate gas yes give.');
INSERT INTO REVIEW (ID_Review, ServiceScore, FoodScore, BranchScore, PriceScore, Comment) VALUES (25, 3, 1, 1, 2, 'Movie six matter.');
INSERT INTO REVIEW (ID_Review, ServiceScore, FoodScore, BranchScore, PriceScore, Comment) VALUES (26, 2, 1, 1, 4, 'Effect senior involve stop yard ability compare.');
INSERT INTO REVIEW (ID_Review, ServiceScore, FoodScore, BranchScore, PriceScore, Comment) VALUES (27, 2, 3, 1, 2, 'Begin again north force grow firm.');
INSERT INTO REVIEW (ID_Review, ServiceScore, FoodScore, BranchScore, PriceScore, Comment) VALUES (28, 5, 5, 5, 3, 'Bank yard popular enter size spring.');
INSERT INTO REVIEW (ID_Review, ServiceScore, FoodScore, BranchScore, PriceScore, Comment) VALUES (29, 2, 2, 1, 4, 'Seat discussion enjoy board break.');
INSERT INTO REVIEW (ID_Review, ServiceScore, FoodScore, BranchScore, PriceScore, Comment) VALUES (30, 4, 2, 2, 4, 'Professional build quickly option development sea.');
INSERT INTO REVIEW (ID_Review, ServiceScore, FoodScore, BranchScore, PriceScore, Comment) VALUES (31, 2, 4, 1, 2, 'Father letter measure friend spring shake less.');
INSERT INTO REVIEW (ID_Review, ServiceScore, FoodScore, BranchScore, PriceScore, Comment) VALUES (32, 2, 4, 1, 2, 'Impact effort race yes appear.');
INSERT INTO REVIEW (ID_Review, ServiceScore, FoodScore, BranchScore, PriceScore, Comment) VALUES (33, 1, 2, 2, 1, 'Simply myself bring else.');
INSERT INTO REVIEW (ID_Review, ServiceScore, FoodScore, BranchScore, PriceScore, Comment) VALUES (34, 3, 5, 4, 1, 'Particularly action form director race professor.');
INSERT INTO REVIEW (ID_Review, ServiceScore, FoodScore, BranchScore, PriceScore, Comment) VALUES (35, 2, 4, 3, 3, 'Especially item possible institution performance.');
INSERT INTO REVIEW (ID_Review, ServiceScore, FoodScore, BranchScore, PriceScore, Comment) VALUES (36, 1, 3, 3, 4, 'Position like remain behavior total.');
INSERT INTO REVIEW (ID_Review, ServiceScore, FoodScore, BranchScore, PriceScore, Comment) VALUES (37, 4, 3, 2, 1, 'Easy court political report.');
INSERT INTO REVIEW (ID_Review, ServiceScore, FoodScore, BranchScore, PriceScore, Comment) VALUES (38, 1, 1, 5, 2, 'Center avoid open among.');
INSERT INTO REVIEW (ID_Review, ServiceScore, FoodScore, BranchScore, PriceScore, Comment) VALUES (39, 3, 5, 2, 4, 'Hand public place adult.');
INSERT INTO REVIEW (ID_Review, ServiceScore, FoodScore, BranchScore, PriceScore, Comment) VALUES (40, 3, 3, 1, 5, 'Mission after speech center paper seat.');
INSERT INTO REVIEW (ID_Review, ServiceScore, FoodScore, BranchScore, PriceScore, Comment) VALUES (1, 4, 3, 1, 4, 'High remember effect ball beautiful.');
INSERT INTO REVIEW (ID_Review, ServiceScore, FoodScore, BranchScore, PriceScore, Comment) VALUES (2, 4, 3, 5, 4, 'Special why heavy.');
INSERT INTO REVIEW (ID_Review, ServiceScore, FoodScore, BranchScore, PriceScore, Comment) VALUES (3, 1, 4, 4, 4, 'Pass myself line environmental.');
INSERT INTO REVIEW (ID_Review, ServiceScore, FoodScore, BranchScore, PriceScore, Comment) VALUES (4, 2, 1, 3, 3, 'Federal participant Mrs natural performance.');
INSERT INTO REVIEW (ID_Review, ServiceScore, FoodScore, BranchScore, PriceScore, Comment) VALUES (5, 5, 1, 3, 4, 'Consider ever serious word which.');
INSERT INTO REVIEW (ID_Review, ServiceScore, FoodScore, BranchScore, PriceScore, Comment) VALUES (6, 1, 2, 1, 5, 'Speech mouth again last budget answer certainly.');
INSERT INTO REVIEW (ID_Review, ServiceScore, FoodScore, BranchScore, PriceScore, Comment) VALUES (7, 5, 3, 1, 5, 'Professor suddenly his enjoy international election.');
INSERT INTO REVIEW (ID_Review, ServiceScore, FoodScore, BranchScore, PriceScore, Comment) VALUES (8, 3, 4, 3, 4, 'Sound himself cause affect age this relationship dark.');
INSERT INTO REVIEW (ID_Review, ServiceScore, FoodScore, BranchScore, PriceScore, Comment) VALUES (9, 5, 1, 3, 5, 'Physical its this eye official benefit.');
INSERT INTO REVIEW (ID_Review, ServiceScore, FoodScore, BranchScore, PriceScore, Comment) VALUES (10, 5, 1, 3, 3, 'Since give bill mention describe.');
INSERT INTO REVIEW (ID_Review, ServiceScore, FoodScore, BranchScore, PriceScore, Comment) VALUES (11, 3, 4, 4, 2, 'Or matter red power entire.');
INSERT INTO REVIEW (ID_Review, ServiceScore, FoodScore, BranchScore, PriceScore, Comment) VALUES (12, 1, 4, 1, 2, 'View none strong realize both as.');
INSERT INTO REVIEW (ID_Review, ServiceScore, FoodScore, BranchScore, PriceScore, Comment) VALUES (13, 5, 1, 4, 2, 'Five her vote student effort.');
INSERT INTO REVIEW (ID_Review, ServiceScore, FoodScore, BranchScore, PriceScore, Comment) VALUES (14, 3, 3, 5, 2, 'Trade senior but PM.');
INSERT INTO REVIEW (ID_Review, ServiceScore, FoodScore, BranchScore, PriceScore, Comment) VALUES (15, 2, 1, 3, 1, 'Consumer live assume mention.');
INSERT INTO REVIEW (ID_Review, ServiceScore, FoodScore, BranchScore, PriceScore, Comment) VALUES (16, 4, 1, 3, 1, 'Two finish national specific idea.');
INSERT INTO REVIEW (ID_Review, ServiceScore, FoodScore, BranchScore, PriceScore, Comment) VALUES (17, 2, 3, 4, 5, 'Among campaign surface author value beyond.');
INSERT INTO REVIEW (ID_Review, ServiceScore, FoodScore, BranchScore, PriceScore, Comment) VALUES (18, 5, 1, 1, 2, 'Paper enter yard discuss when.');
INSERT INTO REVIEW (ID_Review, ServiceScore, FoodScore, BranchScore, PriceScore, Comment) VALUES (19, 5, 3, 5, 1, 'Simply ever speak same final consumer.');
INSERT INTO REVIEW (ID_Review, ServiceScore, FoodScore, BranchScore, PriceScore, Comment) VALUES (20, 5, 3, 4, 5, 'However issue wife now compare explain program.');
INSERT INTO REVIEW (ID_Review, ServiceScore, FoodScore, BranchScore, PriceScore, Comment) VALUES (21, 3, 5, 3, 1, 'Manager unit sort exist establish although catch.');
INSERT INTO REVIEW (ID_Review, ServiceScore, FoodScore, BranchScore, PriceScore, Comment) VALUES (22, 3, 2, 4, 1, 'Leg chair paper impact maybe specific main.');
INSERT INTO REVIEW (ID_Review, ServiceScore, FoodScore, BranchScore, PriceScore, Comment) VALUES (23, 3, 5, 4, 3, 'Indeed result near argue event ten.');
INSERT INTO REVIEW (ID_Review, ServiceScore, FoodScore, BranchScore, PriceScore, Comment) VALUES (24, 2, 2, 3, 2, 'Really include be plant order environment oil.');
INSERT INTO REVIEW (ID_Review, ServiceScore, FoodScore, BranchScore, PriceScore, Comment) VALUES (25, 1, 2, 5, 4, 'Manager information list walk drop prove.');
INSERT INTO REVIEW (ID_Review, ServiceScore, FoodScore, BranchScore, PriceScore, Comment) VALUES (26, 3, 2, 4, 1, 'Run imagine program.');
INSERT INTO REVIEW (ID_Review, ServiceScore, FoodScore, BranchScore, PriceScore, Comment) VALUES (27, 2, 3, 5, 5, 'Avoid campaign gas vote eight rather.');
INSERT INTO REVIEW (ID_Review, ServiceScore, FoodScore, BranchScore, PriceScore, Comment) VALUES (28, 4, 2, 5, 3, 'Easy front account perform.');
INSERT INTO REVIEW (ID_Review, ServiceScore, FoodScore, BranchScore, PriceScore, Comment) VALUES (29, 1, 1, 1, 3, 'Husband hotel professional practice.');
INSERT INTO REVIEW (ID_Review, ServiceScore, FoodScore, BranchScore, PriceScore, Comment) VALUES (30, 1, 2, 4, 1, 'Discuss movement far phone machine such office.');
INSERT INTO REVIEW (ID_Review, ServiceScore, FoodScore, BranchScore, PriceScore, Comment) VALUES (31, 4, 3, 4, 3, 'Religious quickly yard hospital media fund husband happy.');
INSERT INTO REVIEW (ID_Review, ServiceScore, FoodScore, BranchScore, PriceScore, Comment) VALUES (32, 2, 4, 3, 4, 'Eye sing but site small certain lose.');
INSERT INTO REVIEW (ID_Review, ServiceScore, FoodScore, BranchScore, PriceScore, Comment) VALUES (33, 2, 1, 4, 3, 'Reach father move clearly by down.');
INSERT INTO REVIEW (ID_Review, ServiceScore, FoodScore, BranchScore, PriceScore, Comment) VALUES (34, 3, 2, 5, 4, 'Almost couple represent partner impact culture dream.');
INSERT INTO REVIEW (ID_Review, ServiceScore, FoodScore, BranchScore, PriceScore, Comment) VALUES (35, 2, 5, 3, 2, 'Management remain tough several though price rather.');
INSERT INTO REVIEW (ID_Review, ServiceScore, FoodScore, BranchScore, PriceScore, Comment) VALUES (36, 2, 1, 2, 1, 'Fund able own.');
INSERT INTO REVIEW (ID_Review, ServiceScore, FoodScore, BranchScore, PriceScore, Comment) VALUES (37, 1, 4, 3, 5, 'New interview physical if however of.');
INSERT INTO REVIEW (ID_Review, ServiceScore, FoodScore, BranchScore, PriceScore, Comment) VALUES (38, 1, 4, 3, 5, 'Guy phone south hand.');
INSERT INTO REVIEW (ID_Review, ServiceScore, FoodScore, BranchScore, PriceScore, Comment) VALUES (39, 5, 1, 4, 5, 'Attention board continue seek high find power.');
INSERT INTO REVIEW (ID_Review, ServiceScore, FoodScore, BranchScore, PriceScore, Comment) VALUES (40, 5, 3, 5, 2, 'No work Mrs cell.');
INSERT INTO REVIEW (ID_Review, ServiceScore, FoodScore, BranchScore, PriceScore, Comment) VALUES (1, 1, 3, 5, 1, 'Support population her save prepare accept even.');
INSERT INTO REVIEW (ID_Review, ServiceScore, FoodScore, BranchScore, PriceScore, Comment) VALUES (2, 3, 5, 3, 1, 'Month administration whatever would card rest.');
INSERT INTO REVIEW (ID_Review, ServiceScore, FoodScore, BranchScore, PriceScore, Comment) VALUES (3, 4, 3, 4, 1, 'Page quickly myself attorney.');
INSERT INTO REVIEW (ID_Review, ServiceScore, FoodScore, BranchScore, PriceScore, Comment) VALUES (4, 2, 4, 1, 1, 'Brother necessary understand peace another.');
INSERT INTO REVIEW (ID_Review, ServiceScore, FoodScore, BranchScore, PriceScore, Comment) VALUES (5, 5, 4, 3, 1, 'Give participant treatment media evidence with.');
INSERT INTO REVIEW (ID_Review, ServiceScore, FoodScore, BranchScore, PriceScore, Comment) VALUES (6, 3, 4, 4, 3, 'Rather model eight coach again option sea cultural.');
INSERT INTO REVIEW (ID_Review, ServiceScore, FoodScore, BranchScore, PriceScore, Comment) VALUES (7, 1, 2, 1, 2, 'Soon nearly our to gun.');
INSERT INTO REVIEW (ID_Review, ServiceScore, FoodScore, BranchScore, PriceScore, Comment) VALUES (8, 3, 4, 1, 2, 'Development let seek.');
INSERT INTO REVIEW (ID_Review, ServiceScore, FoodScore, BranchScore, PriceScore, Comment) VALUES (9, 3, 3, 4, 3, 'Course church defense difficult agree.');
INSERT INTO REVIEW (ID_Review, ServiceScore, FoodScore, BranchScore, PriceScore, Comment) VALUES (10, 1, 1, 2, 3, 'Bring growth democratic skin minute college.');
INSERT INTO REVIEW (ID_Review, ServiceScore, FoodScore, BranchScore, PriceScore, Comment) VALUES (11, 3, 5, 4, 3, 'Accept any necessary wide ground difficult.');
INSERT INTO REVIEW (ID_Review, ServiceScore, FoodScore, BranchScore, PriceScore, Comment) VALUES (12, 5, 3, 2, 5, 'Performance simple same my.');
INSERT INTO REVIEW (ID_Review, ServiceScore, FoodScore, BranchScore, PriceScore, Comment) VALUES (13, 4, 2, 3, 3, 'Risk various development particular.');
INSERT INTO REVIEW (ID_Review, ServiceScore, FoodScore, BranchScore, PriceScore, Comment) VALUES (14, 1, 3, 4, 1, 'Want TV wish opportunity note brother call.');
INSERT INTO REVIEW (ID_Review, ServiceScore, FoodScore, BranchScore, PriceScore, Comment) VALUES (15, 3, 3, 5, 1, 'Alone daughter baby social natural rule.');
INSERT INTO REVIEW (ID_Review, ServiceScore, FoodScore, BranchScore, PriceScore, Comment) VALUES (16, 1, 1, 5, 3, 'Use voice that two car expert.');
INSERT INTO REVIEW (ID_Review, ServiceScore, FoodScore, BranchScore, PriceScore, Comment) VALUES (17, 1, 2, 5, 1, 'Movie project natural building never.');
INSERT INTO REVIEW (ID_Review, ServiceScore, FoodScore, BranchScore, PriceScore, Comment) VALUES (18, 3, 4, 3, 5, 'Now trouble institution nothing establish.');
INSERT INTO REVIEW (ID_Review, ServiceScore, FoodScore, BranchScore, PriceScore, Comment) VALUES (19, 1, 1, 2, 2, 'Behavior seek hundred part look have.');
INSERT INTO REVIEW (ID_Review, ServiceScore, FoodScore, BranchScore, PriceScore, Comment) VALUES (20, 3, 2, 4, 1, 'Account animal security summer image book star reduce.');
INSERT INTO REVIEW (ID_Review, ServiceScore, FoodScore, BranchScore, PriceScore, Comment) VALUES (21, 1, 4, 5, 2, 'Spring trade table new local somebody probably left.');
INSERT INTO REVIEW (ID_Review, ServiceScore, FoodScore, BranchScore, PriceScore, Comment) VALUES (22, 3, 1, 1, 5, 'Somebody modern agree.');
INSERT INTO REVIEW (ID_Review, ServiceScore, FoodScore, BranchScore, PriceScore, Comment) VALUES (23, 4, 2, 5, 2, 'Off beat late be.');
INSERT INTO REVIEW (ID_Review, ServiceScore, FoodScore, BranchScore, PriceScore, Comment) VALUES (24, 1, 1, 2, 4, 'Help reduce small ability bag hope.');
INSERT INTO REVIEW (ID_Review, ServiceScore, FoodScore, BranchScore, PriceScore, Comment) VALUES (25, 3, 1, 1, 5, 'Expect represent late.');
INSERT INTO REVIEW (ID_Review, ServiceScore, FoodScore, BranchScore, PriceScore, Comment) VALUES (26, 3, 3, 4, 2, 'Improve open yeah safe Congress.');
INSERT INTO REVIEW (ID_Review, ServiceScore, FoodScore, BranchScore, PriceScore, Comment) VALUES (27, 4, 3, 4, 5, 'Lose power grow arrive.');
INSERT INTO REVIEW (ID_Review, ServiceScore, FoodScore, BranchScore, PriceScore, Comment) VALUES (28, 1, 2, 5, 4, 'Population meet much.');
INSERT INTO REVIEW (ID_Review, ServiceScore, FoodScore, BranchScore, PriceScore, Comment) VALUES (29, 3, 5, 1, 3, 'Certainly laugh realize voice quality challenge two also.');
INSERT INTO REVIEW (ID_Review, ServiceScore, FoodScore, BranchScore, PriceScore, Comment) VALUES (30, 1, 4, 2, 4, 'Knowledge suffer then two.');
INSERT INTO REVIEW (ID_Review, ServiceScore, FoodScore, BranchScore, PriceScore, Comment) VALUES (31, 4, 4, 4, 3, 'Deal save base scene area focus.');
INSERT INTO REVIEW (ID_Review, ServiceScore, FoodScore, BranchScore, PriceScore, Comment) VALUES (32, 3, 5, 4, 4, 'Upon school certain citizen.');
INSERT INTO REVIEW (ID_Review, ServiceScore, FoodScore, BranchScore, PriceScore, Comment) VALUES (33, 1, 4, 3, 3, 'Hair get common bag particular.');
INSERT INTO REVIEW (ID_Review, ServiceScore, FoodScore, BranchScore, PriceScore, Comment) VALUES (34, 5, 5, 2, 5, 'Whom financial carry move language whom like.');
INSERT INTO REVIEW (ID_Review, ServiceScore, FoodScore, BranchScore, PriceScore, Comment) VALUES (35, 5, 5, 4, 4, 'Seat check dinner myself.');
INSERT INTO REVIEW (ID_Review, ServiceScore, FoodScore, BranchScore, PriceScore, Comment) VALUES (36, 1, 5, 4, 1, 'Rock pressure much thus.');
INSERT INTO REVIEW (ID_Review, ServiceScore, FoodScore, BranchScore, PriceScore, Comment) VALUES (37, 4, 5, 3, 1, 'Realize who our quickly look.');
INSERT INTO REVIEW (ID_Review, ServiceScore, FoodScore, BranchScore, PriceScore, Comment) VALUES (38, 4, 3, 2, 1, 'Keep structure newspaper street specific short.');
INSERT INTO REVIEW (ID_Review, ServiceScore, FoodScore, BranchScore, PriceScore, Comment) VALUES (39, 3, 5, 4, 1, 'Throughout one source television music.');
INSERT INTO REVIEW (ID_Review, ServiceScore, FoodScore, BranchScore, PriceScore, Comment) VALUES (40, 5, 2, 4, 2, 'Town class sign.');
INSERT INTO REVIEW (ID_Review, ServiceScore, FoodScore, BranchScore, PriceScore, Comment) VALUES (1, 3, 3, 2, 3, 'Century ok weight property husband.');
INSERT INTO REVIEW (ID_Review, ServiceScore, FoodScore, BranchScore, PriceScore, Comment) VALUES (2, 2, 5, 4, 1, 'Debate imagine position market it.');
INSERT INTO REVIEW (ID_Review, ServiceScore, FoodScore, BranchScore, PriceScore, Comment) VALUES (3, 5, 3, 4, 3, 'Movie education entire act statement push cause.');
INSERT INTO REVIEW (ID_Review, ServiceScore, FoodScore, BranchScore, PriceScore, Comment) VALUES (4, 4, 3, 2, 3, 'Fact law environmental people hit range end.');
INSERT INTO REVIEW (ID_Review, ServiceScore, FoodScore, BranchScore, PriceScore, Comment) VALUES (5, 1, 3, 2, 3, 'High hair program us summer.');
INSERT INTO REVIEW (ID_Review, ServiceScore, FoodScore, BranchScore, PriceScore, Comment) VALUES (6, 3, 3, 5, 1, 'Dog election night various.');
INSERT INTO REVIEW (ID_Review, ServiceScore, FoodScore, BranchScore, PriceScore, Comment) VALUES (7, 1, 2, 3, 2, 'Different fact piece well believe fish oil.');
INSERT INTO REVIEW (ID_Review, ServiceScore, FoodScore, BranchScore, PriceScore, Comment) VALUES (8, 3, 2, 3, 2, 'Even music five and so issue activity.');
INSERT INTO REVIEW (ID_Review, ServiceScore, FoodScore, BranchScore, PriceScore, Comment) VALUES (9, 4, 2, 1, 2, 'Hotel mouth argue quality ten deep response.');
INSERT INTO REVIEW (ID_Review, ServiceScore, FoodScore, BranchScore, PriceScore, Comment) VALUES (10, 1, 3, 5, 1, 'Treatment also fast drive war.');
INSERT INTO REVIEW (ID_Review, ServiceScore, FoodScore, BranchScore, PriceScore, Comment) VALUES (11, 1, 4, 3, 1, 'During rise detail under former.');
INSERT INTO REVIEW (ID_Review, ServiceScore, FoodScore, BranchScore, PriceScore, Comment) VALUES (12, 4, 3, 2, 2, 'Owner spend wide able material number put well.');
INSERT INTO REVIEW (ID_Review, ServiceScore, FoodScore, BranchScore, PriceScore, Comment) VALUES (13, 4, 2, 5, 5, 'Often near name view miss.');
INSERT INTO REVIEW (ID_Review, ServiceScore, FoodScore, BranchScore, PriceScore, Comment) VALUES (14, 1, 3, 3, 3, 'Can ready half not site.');
INSERT INTO REVIEW (ID_Review, ServiceScore, FoodScore, BranchScore, PriceScore, Comment) VALUES (15, 5, 3, 2, 5, 'Group ready skin model phone between.');
INSERT INTO REVIEW (ID_Review, ServiceScore, FoodScore, BranchScore, PriceScore, Comment) VALUES (16, 5, 5, 4, 4, 'Race seek matter effect campaign community.');
INSERT INTO REVIEW (ID_Review, ServiceScore, FoodScore, BranchScore, PriceScore, Comment) VALUES (17, 4, 2, 3, 1, 'Seat boy social long.');
INSERT INTO REVIEW (ID_Review, ServiceScore, FoodScore, BranchScore, PriceScore, Comment) VALUES (18, 2, 5, 3, 5, 'Magazine plan leave dream.');
INSERT INTO REVIEW (ID_Review, ServiceScore, FoodScore, BranchScore, PriceScore, Comment) VALUES (19, 4, 2, 1, 2, 'Activity face something son phone.');
INSERT INTO REVIEW (ID_Review, ServiceScore, FoodScore, BranchScore, PriceScore, Comment) VALUES (20, 5, 5, 5, 3, 'Lot phone week support any small.');
INSERT INTO REVIEW (ID_Review, ServiceScore, FoodScore, BranchScore, PriceScore, Comment) VALUES (21, 3, 1, 3, 5, 'Consumer stage girl war center answer support pressure.');
INSERT INTO REVIEW (ID_Review, ServiceScore, FoodScore, BranchScore, PriceScore, Comment) VALUES (22, 2, 2, 3, 2, 'Off practice once station natural detail.');
INSERT INTO REVIEW (ID_Review, ServiceScore, FoodScore, BranchScore, PriceScore, Comment) VALUES (23, 2, 5, 5, 5, 'Station senior marriage store oil believe.');
INSERT INTO REVIEW (ID_Review, ServiceScore, FoodScore, BranchScore, PriceScore, Comment) VALUES (24, 1, 4, 3, 3, 'Outside admit subject so lead determine evening voice.');
INSERT INTO REVIEW (ID_Review, ServiceScore, FoodScore, BranchScore, PriceScore, Comment) VALUES (25, 2, 2, 3, 1, 'Century west financial assume yet mean hour.');
INSERT INTO REVIEW (ID_Review, ServiceScore, FoodScore, BranchScore, PriceScore, Comment) VALUES (26, 5, 2, 4, 1, 'Check development expect artist bad.');
INSERT INTO REVIEW (ID_Review, ServiceScore, FoodScore, BranchScore, PriceScore, Comment) VALUES (27, 4, 2, 3, 5, 'Around range next small position garden happy.');
INSERT INTO REVIEW (ID_Review, ServiceScore, FoodScore, BranchScore, PriceScore, Comment) VALUES (28, 5, 4, 5, 4, 'Chance bring that school down.');
INSERT INTO REVIEW (ID_Review, ServiceScore, FoodScore, BranchScore, PriceScore, Comment) VALUES (29, 5, 1, 2, 2, 'Majority skin who why.');
INSERT INTO REVIEW (ID_Review, ServiceScore, FoodScore, BranchScore, PriceScore, Comment) VALUES (30, 1, 1, 4, 5, 'Issue car member other fast.');
INSERT INTO REVIEW (ID_Review, ServiceScore, FoodScore, BranchScore, PriceScore, Comment) VALUES (31, 2, 1, 3, 4, 'Reflect send career matter.');
INSERT INTO REVIEW (ID_Review, ServiceScore, FoodScore, BranchScore, PriceScore, Comment) VALUES (32, 5, 3, 3, 2, 'Pass dog wall lay.');
INSERT INTO REVIEW (ID_Review, ServiceScore, FoodScore, BranchScore, PriceScore, Comment) VALUES (33, 1, 5, 1, 1, 'Front father name need walk.');
INSERT INTO REVIEW (ID_Review, ServiceScore, FoodScore, BranchScore, PriceScore, Comment) VALUES (34, 1, 1, 5, 2, 'Enough field agency color woman seven.');
INSERT INTO REVIEW (ID_Review, ServiceScore, FoodScore, BranchScore, PriceScore, Comment) VALUES (35, 2, 2, 3, 3, 'Test wife strong near.');
INSERT INTO REVIEW (ID_Review, ServiceScore, FoodScore, BranchScore, PriceScore, Comment) VALUES (36, 1, 2, 2, 1, 'Business provide ground dream policy art.');
INSERT INTO REVIEW (ID_Review, ServiceScore, FoodScore, BranchScore, PriceScore, Comment) VALUES (37, 1, 2, 5, 3, 'Drive clear culture report however.');
INSERT INTO REVIEW (ID_Review, ServiceScore, FoodScore, BranchScore, PriceScore, Comment) VALUES (38, 3, 1, 3, 5, 'Risk sea game subject lead sense.');
INSERT INTO REVIEW (ID_Review, ServiceScore, FoodScore, BranchScore, PriceScore, Comment) VALUES (39, 5, 4, 3, 2, 'Thousand nearly Democrat key.');
INSERT INTO REVIEW (ID_Review, ServiceScore, FoodScore, BranchScore, PriceScore, Comment) VALUES (40, 4, 5, 1, 1, 'Purpose her without threat.');
INSERT INTO REVIEW (ID_Review, ServiceScore, FoodScore, BranchScore, PriceScore, Comment) VALUES (1, 3, 3, 3, 2, 'Town product bed class vote pass again.');
INSERT INTO REVIEW (ID_Review, ServiceScore, FoodScore, BranchScore, PriceScore, Comment) VALUES (2, 1, 4, 5, 2, 'Energy cost season old.');
INSERT INTO REVIEW (ID_Review, ServiceScore, FoodScore, BranchScore, PriceScore, Comment) VALUES (3, 3, 2, 1, 2, 'History eight major number attorney.');
INSERT INTO REVIEW (ID_Review, ServiceScore, FoodScore, BranchScore, PriceScore, Comment) VALUES (4, 5, 1, 4, 3, 'Design this you article dream compare police.');
INSERT INTO REVIEW (ID_Review, ServiceScore, FoodScore, BranchScore, PriceScore, Comment) VALUES (5, 1, 5, 2, 1, 'Marriage hard green authority.');
INSERT INTO REVIEW (ID_Review, ServiceScore, FoodScore, BranchScore, PriceScore, Comment) VALUES (6, 2, 5, 2, 4, 'Win enough family character rest your day left.');
INSERT INTO REVIEW (ID_Review, ServiceScore, FoodScore, BranchScore, PriceScore, Comment) VALUES (7, 4, 5, 3, 3, 'Through each television bit whatever.');
INSERT INTO REVIEW (ID_Review, ServiceScore, FoodScore, BranchScore, PriceScore, Comment) VALUES (8, 3, 1, 2, 4, 'Notice group develop quality billion page I.');
INSERT INTO REVIEW (ID_Review, ServiceScore, FoodScore, BranchScore, PriceScore, Comment) VALUES (9, 5, 3, 2, 3, 'Data international behavior move middle.');
INSERT INTO REVIEW (ID_Review, ServiceScore, FoodScore, BranchScore, PriceScore, Comment) VALUES (10, 2, 3, 2, 2, 'When TV war alone.');
INSERT INTO REVIEW (ID_Review, ServiceScore, FoodScore, BranchScore, PriceScore, Comment) VALUES (11, 3, 3, 2, 5, 'Development culture stop now sound similar data.');
INSERT INTO REVIEW (ID_Review, ServiceScore, FoodScore, BranchScore, PriceScore, Comment) VALUES (12, 1, 2, 1, 5, 'Matter general result better television story computer.');
INSERT INTO REVIEW (ID_Review, ServiceScore, FoodScore, BranchScore, PriceScore, Comment) VALUES (13, 4, 4, 4, 1, 'Easy modern later indicate.');
INSERT INTO REVIEW (ID_Review, ServiceScore, FoodScore, BranchScore, PriceScore, Comment) VALUES (14, 1, 1, 3, 1, 'Voice different up she guess economic science always.');
INSERT INTO REVIEW (ID_Review, ServiceScore, FoodScore, BranchScore, PriceScore, Comment) VALUES (15, 3, 4, 4, 2, 'Behind movement green step beautiful worry as.');
INSERT INTO REVIEW (ID_Review, ServiceScore, FoodScore, BranchScore, PriceScore, Comment) VALUES (16, 5, 1, 5, 1, 'Nothing rock response choice agent.');
INSERT INTO REVIEW (ID_Review, ServiceScore, FoodScore, BranchScore, PriceScore, Comment) VALUES (17, 2, 2, 2, 2, 'Name research owner guy choice order.');
INSERT INTO REVIEW (ID_Review, ServiceScore, FoodScore, BranchScore, PriceScore, Comment) VALUES (18, 5, 4, 1, 4, 'Respond peace against.');
INSERT INTO REVIEW (ID_Review, ServiceScore, FoodScore, BranchScore, PriceScore, Comment) VALUES (19, 2, 4, 1, 5, 'Source director room around political success church.');
INSERT INTO REVIEW (ID_Review, ServiceScore, FoodScore, BranchScore, PriceScore, Comment) VALUES (20, 5, 3, 3, 4, 'Physical economic set fund across including pattern song.');
INSERT INTO REVIEW (ID_Review, ServiceScore, FoodScore, BranchScore, PriceScore, Comment) VALUES (21, 2, 4, 5, 2, 'Well design blood long court.');
INSERT INTO REVIEW (ID_Review, ServiceScore, FoodScore, BranchScore, PriceScore, Comment) VALUES (22, 1, 4, 5, 3, 'Place everybody police the director.');
INSERT INTO REVIEW (ID_Review, ServiceScore, FoodScore, BranchScore, PriceScore, Comment) VALUES (23, 5, 1, 4, 3, 'Black arrive get individual.');
INSERT INTO REVIEW (ID_Review, ServiceScore, FoodScore, BranchScore, PriceScore, Comment) VALUES (24, 4, 3, 2, 3, 'Help consider bill subject turn.');
INSERT INTO REVIEW (ID_Review, ServiceScore, FoodScore, BranchScore, PriceScore, Comment) VALUES (25, 4, 2, 3, 3, 'Role bring purpose attention spend fear.');
INSERT INTO REVIEW (ID_Review, ServiceScore, FoodScore, BranchScore, PriceScore, Comment) VALUES (26, 1, 5, 4, 1, 'Recently resource hair improve change.');
INSERT INTO REVIEW (ID_Review, ServiceScore, FoodScore, BranchScore, PriceScore, Comment) VALUES (27, 5, 2, 5, 3, 'Design operation want plan number forward.');
INSERT INTO REVIEW (ID_Review, ServiceScore, FoodScore, BranchScore, PriceScore, Comment) VALUES (28, 5, 4, 4, 5, 'Education represent experience control size.');
INSERT INTO REVIEW (ID_Review, ServiceScore, FoodScore, BranchScore, PriceScore, Comment) VALUES (29, 1, 1, 3, 1, 'Guess production want peace.');
INSERT INTO REVIEW (ID_Review, ServiceScore, FoodScore, BranchScore, PriceScore, Comment) VALUES (30, 2, 3, 2, 3, 'Off reveal very late however job.');
INSERT INTO REVIEW (ID_Review, ServiceScore, FoodScore, BranchScore, PriceScore, Comment) VALUES (31, 3, 2, 4, 2, 'Really wife large clearly.');
INSERT INTO REVIEW (ID_Review, ServiceScore, FoodScore, BranchScore, PriceScore, Comment) VALUES (32, 1, 1, 2, 3, 'Animal other exist guy suffer nature laugh.');
INSERT INTO REVIEW (ID_Review, ServiceScore, FoodScore, BranchScore, PriceScore, Comment) VALUES (33, 5, 3, 2, 3, 'Rule after necessary fund dream.');
INSERT INTO REVIEW (ID_Review, ServiceScore, FoodScore, BranchScore, PriceScore, Comment) VALUES (34, 1, 1, 5, 4, 'Clear couple national indicate fast next against.');
INSERT INTO REVIEW (ID_Review, ServiceScore, FoodScore, BranchScore, PriceScore, Comment) VALUES (35, 1, 1, 5, 1, 'Energy young see record.');
INSERT INTO REVIEW (ID_Review, ServiceScore, FoodScore, BranchScore, PriceScore, Comment) VALUES (36, 1, 4, 4, 1, 'Writer mission specific throw.');
INSERT INTO REVIEW (ID_Review, ServiceScore, FoodScore, BranchScore, PriceScore, Comment) VALUES (37, 2, 1, 3, 3, 'Inside begin begin last.');
INSERT INTO REVIEW (ID_Review, ServiceScore, FoodScore, BranchScore, PriceScore, Comment) VALUES (38, 1, 2, 3, 5, 'According event listen black sense vote discover general.');
INSERT INTO REVIEW (ID_Review, ServiceScore, FoodScore, BranchScore, PriceScore, Comment) VALUES (39, 1, 1, 4, 2, 'Knowledge address if individual.');
INSERT INTO REVIEW (ID_Review, ServiceScore, FoodScore, BranchScore, PriceScore, Comment) VALUES (40, 4, 5, 1, 3, 'Rate enjoy write me sit edge.');
INSERT INTO REVIEW (ID_Review, ServiceScore, FoodScore, BranchScore, PriceScore, Comment) VALUES (1, 2, 3, 5, 3, 'Guess think bag avoid effect other coach.');
INSERT INTO REVIEW (ID_Review, ServiceScore, FoodScore, BranchScore, PriceScore, Comment) VALUES (2, 4, 3, 3, 1, 'Decade anything same explain season single.');
INSERT INTO REVIEW (ID_Review, ServiceScore, FoodScore, BranchScore, PriceScore, Comment) VALUES (3, 1, 5, 3, 4, 'Born right in let.');
INSERT INTO REVIEW (ID_Review, ServiceScore, FoodScore, BranchScore, PriceScore, Comment) VALUES (4, 2, 3, 5, 5, 'Need paper at.');
INSERT INTO REVIEW (ID_Review, ServiceScore, FoodScore, BranchScore, PriceScore, Comment) VALUES (5, 2, 3, 3, 3, 'New middle important staff television apply thank.');
INSERT INTO REVIEW (ID_Review, ServiceScore, FoodScore, BranchScore, PriceScore, Comment) VALUES (6, 2, 4, 3, 3, 'Bad letter action activity garden leader.');
INSERT INTO REVIEW (ID_Review, ServiceScore, FoodScore, BranchScore, PriceScore, Comment) VALUES (7, 5, 3, 1, 4, 'Citizen step quality citizen it.');
INSERT INTO REVIEW (ID_Review, ServiceScore, FoodScore, BranchScore, PriceScore, Comment) VALUES (8, 2, 3, 4, 2, 'Begin difficult production themselves own easy.');
INSERT INTO REVIEW (ID_Review, ServiceScore, FoodScore, BranchScore, PriceScore, Comment) VALUES (9, 3, 4, 2, 1, 'Tonight player reduce coach center can prevent return.');
INSERT INTO REVIEW (ID_Review, ServiceScore, FoodScore, BranchScore, PriceScore, Comment) VALUES (10, 4, 5, 1, 4, 'Field notice future.');
INSERT INTO REVIEW (ID_Review, ServiceScore, FoodScore, BranchScore, PriceScore, Comment) VALUES (11, 2, 3, 5, 1, 'Live though more positive project.');
INSERT INTO REVIEW (ID_Review, ServiceScore, FoodScore, BranchScore, PriceScore, Comment) VALUES (12, 3, 1, 1, 2, 'Human list young several certainly work experience form.');
INSERT INTO REVIEW (ID_Review, ServiceScore, FoodScore, BranchScore, PriceScore, Comment) VALUES (13, 4, 2, 2, 5, 'Concern size scene president government television show tonight.');
INSERT INTO REVIEW (ID_Review, ServiceScore, FoodScore, BranchScore, PriceScore, Comment) VALUES (14, 5, 4, 3, 5, 'Own catch cover.');
INSERT INTO REVIEW (ID_Review, ServiceScore, FoodScore, BranchScore, PriceScore, Comment) VALUES (15, 3, 5, 2, 2, 'Style ten lose perhaps more small team.');
INSERT INTO REVIEW (ID_Review, ServiceScore, FoodScore, BranchScore, PriceScore, Comment) VALUES (16, 2, 5, 2, 3, 'First but hard ground alone religious show thank.');
INSERT INTO REVIEW (ID_Review, ServiceScore, FoodScore, BranchScore, PriceScore, Comment) VALUES (17, 1, 1, 3, 4, 'Paper yes personal up my card few.');
INSERT INTO REVIEW (ID_Review, ServiceScore, FoodScore, BranchScore, PriceScore, Comment) VALUES (18, 1, 3, 1, 1, 'Where hope method expect history as.');
INSERT INTO REVIEW (ID_Review, ServiceScore, FoodScore, BranchScore, PriceScore, Comment) VALUES (19, 2, 5, 5, 5, 'Everyone bring throughout environmental.');
INSERT INTO REVIEW (ID_Review, ServiceScore, FoodScore, BranchScore, PriceScore, Comment) VALUES (20, 4, 1, 2, 1, 'Begin miss important administration.');
INSERT INTO REVIEW (ID_Review, ServiceScore, FoodScore, BranchScore, PriceScore, Comment) VALUES (21, 5, 4, 5, 2, 'Exist along you Republican.');
INSERT INTO REVIEW (ID_Review, ServiceScore, FoodScore, BranchScore, PriceScore, Comment) VALUES (22, 4, 3, 4, 2, 'Such various kid you believe dark decade field.');
INSERT INTO REVIEW (ID_Review, ServiceScore, FoodScore, BranchScore, PriceScore, Comment) VALUES (23, 2, 3, 2, 3, 'Guy than play thought change tell.');
INSERT INTO REVIEW (ID_Review, ServiceScore, FoodScore, BranchScore, PriceScore, Comment) VALUES (24, 4, 1, 2, 3, 'Help road operation throw single then push local.');
INSERT INTO REVIEW (ID_Review, ServiceScore, FoodScore, BranchScore, PriceScore, Comment) VALUES (25, 3, 1, 5, 5, 'Should forget green understand book environmental become.');
INSERT INTO REVIEW (ID_Review, ServiceScore, FoodScore, BranchScore, PriceScore, Comment) VALUES (26, 3, 3, 2, 1, 'Send kind police care clear specific.');
INSERT INTO REVIEW (ID_Review, ServiceScore, FoodScore, BranchScore, PriceScore, Comment) VALUES (27, 1, 4, 3, 1, 'Seat team stock street.');
INSERT INTO REVIEW (ID_Review, ServiceScore, FoodScore, BranchScore, PriceScore, Comment) VALUES (28, 3, 1, 2, 3, 'Much PM keep some sure high.');
INSERT INTO REVIEW (ID_Review, ServiceScore, FoodScore, BranchScore, PriceScore, Comment) VALUES (29, 5, 2, 2, 2, 'Whether population hand really parent.');
INSERT INTO REVIEW (ID_Review, ServiceScore, FoodScore, BranchScore, PriceScore, Comment) VALUES (30, 3, 4, 4, 2, 'Subject degree sister still former.');
INSERT INTO REVIEW (ID_Review, ServiceScore, FoodScore, BranchScore, PriceScore, Comment) VALUES (31, 1, 3, 1, 3, 'Take seven campaign hard current imagine help head.');
INSERT INTO REVIEW (ID_Review, ServiceScore, FoodScore, BranchScore, PriceScore, Comment) VALUES (32, 5, 1, 3, 2, 'Away must indeed possible term.');
INSERT INTO REVIEW (ID_Review, ServiceScore, FoodScore, BranchScore, PriceScore, Comment) VALUES (33, 2, 2, 1, 1, 'Store worker day nearly friend analysis way.');
INSERT INTO REVIEW (ID_Review, ServiceScore, FoodScore, BranchScore, PriceScore, Comment) VALUES (34, 3, 1, 2, 4, 'Rest region my.');
INSERT INTO REVIEW (ID_Review, ServiceScore, FoodScore, BranchScore, PriceScore, Comment) VALUES (35, 2, 2, 2, 2, 'Way letter director year campaign door.');
INSERT INTO REVIEW (ID_Review, ServiceScore, FoodScore, BranchScore, PriceScore, Comment) VALUES (36, 5, 4, 5, 5, 'Minute professor job.');
INSERT INTO REVIEW (ID_Review, ServiceScore, FoodScore, BranchScore, PriceScore, Comment) VALUES (37, 4, 3, 4, 3, 'Along activity drive foreign page.');
INSERT INTO REVIEW (ID_Review, ServiceScore, FoodScore, BranchScore, PriceScore, Comment) VALUES (38, 1, 4, 3, 3, 'Law box feel take word just.');
INSERT INTO REVIEW (ID_Review, ServiceScore, FoodScore, BranchScore, PriceScore, Comment) VALUES (39, 2, 1, 2, 3, 'Happy thousand let choice piece.');
INSERT INTO REVIEW (ID_Review, ServiceScore, FoodScore, BranchScore, PriceScore, Comment) VALUES (40, 1, 2, 2, 4, 'Field hand my really car Congress.');
INSERT INTO REVIEW (ID_Review, ServiceScore, FoodScore, BranchScore, PriceScore, Comment) VALUES (1, 4, 1, 1, 5, 'Only plant main finish.');
INSERT INTO REVIEW (ID_Review, ServiceScore, FoodScore, BranchScore, PriceScore, Comment) VALUES (2, 5, 4, 1, 5, 'Write star back.');
INSERT INTO REVIEW (ID_Review, ServiceScore, FoodScore, BranchScore, PriceScore, Comment) VALUES (3, 2, 1, 3, 4, 'Thus development trouble feeling wife.');
INSERT INTO REVIEW (ID_Review, ServiceScore, FoodScore, BranchScore, PriceScore, Comment) VALUES (4, 4, 4, 4, 1, 'Continue learn break something.');
INSERT INTO REVIEW (ID_Review, ServiceScore, FoodScore, BranchScore, PriceScore, Comment) VALUES (5, 4, 4, 1, 5, 'He surface paper drug item.');
INSERT INTO REVIEW (ID_Review, ServiceScore, FoodScore, BranchScore, PriceScore, Comment) VALUES (6, 5, 5, 4, 3, 'One box in painting imagine.');
INSERT INTO REVIEW (ID_Review, ServiceScore, FoodScore, BranchScore, PriceScore, Comment) VALUES (7, 3, 2, 3, 1, 'Trouble establish bit cold risk night carry.');
INSERT INTO REVIEW (ID_Review, ServiceScore, FoodScore, BranchScore, PriceScore, Comment) VALUES (8, 2, 5, 5, 1, 'Today group meeting where.');
INSERT INTO REVIEW (ID_Review, ServiceScore, FoodScore, BranchScore, PriceScore, Comment) VALUES (9, 1, 5, 3, 1, 'Kid similar enjoy scene.');
INSERT INTO REVIEW (ID_Review, ServiceScore, FoodScore, BranchScore, PriceScore, Comment) VALUES (10, 3, 1, 4, 4, 'Increase represent candidate explain.');
INSERT INTO REVIEW (ID_Review, ServiceScore, FoodScore, BranchScore, PriceScore, Comment) VALUES (11, 4, 2, 3, 3, 'Buy any training military center.');
INSERT INTO REVIEW (ID_Review, ServiceScore, FoodScore, BranchScore, PriceScore, Comment) VALUES (12, 5, 2, 2, 2, 'Else memory specific once impact heavy.');
INSERT INTO REVIEW (ID_Review, ServiceScore, FoodScore, BranchScore, PriceScore, Comment) VALUES (13, 3, 2, 1, 1, 'Loss only difference say surface sound cut address.');
INSERT INTO REVIEW (ID_Review, ServiceScore, FoodScore, BranchScore, PriceScore, Comment) VALUES (14, 2, 4, 1, 1, 'Daughter development treat available finally.');
INSERT INTO REVIEW (ID_Review, ServiceScore, FoodScore, BranchScore, PriceScore, Comment) VALUES (15, 4, 3, 3, 1, 'Their Mrs college beyond poor.');
INSERT INTO REVIEW (ID_Review, ServiceScore, FoodScore, BranchScore, PriceScore, Comment) VALUES (16, 1, 2, 2, 2, 'In live time pattern.');
INSERT INTO REVIEW (ID_Review, ServiceScore, FoodScore, BranchScore, PriceScore, Comment) VALUES (17, 1, 1, 5, 1, 'Challenge information similar sometimes.');
INSERT INTO REVIEW (ID_Review, ServiceScore, FoodScore, BranchScore, PriceScore, Comment) VALUES (18, 3, 5, 4, 5, 'Claim control kitchen way week.');
INSERT INTO REVIEW (ID_Review, ServiceScore, FoodScore, BranchScore, PriceScore, Comment) VALUES (19, 5, 5, 1, 1, 'National choice into research wait up kind.');
INSERT INTO REVIEW (ID_Review, ServiceScore, FoodScore, BranchScore, PriceScore, Comment) VALUES (20, 1, 3, 5, 1, 'Some hospital knowledge key hope his yeah.');
INSERT INTO REVIEW (ID_Review, ServiceScore, FoodScore, BranchScore, PriceScore, Comment) VALUES (21, 3, 4, 4, 1, 'Benefit can law reveal down crime similar chance.');
INSERT INTO REVIEW (ID_Review, ServiceScore, FoodScore, BranchScore, PriceScore, Comment) VALUES (22, 2, 1, 2, 4, 'Tv likely close moment mouth pretty marriage.');
INSERT INTO REVIEW (ID_Review, ServiceScore, FoodScore, BranchScore, PriceScore, Comment) VALUES (23, 2, 3, 3, 2, 'Strategy early quite art person whose lose.');
INSERT INTO REVIEW (ID_Review, ServiceScore, FoodScore, BranchScore, PriceScore, Comment) VALUES (24, 4, 1, 4, 1, 'Lawyer meet truth determine time author reveal.');
INSERT INTO REVIEW (ID_Review, ServiceScore, FoodScore, BranchScore, PriceScore, Comment) VALUES (25, 2, 4, 5, 2, 'Project raise class.');
INSERT INTO REVIEW (ID_Review, ServiceScore, FoodScore, BranchScore, PriceScore, Comment) VALUES (26, 3, 4, 5, 3, 'Father affect claim consider station.');
INSERT INTO REVIEW (ID_Review, ServiceScore, FoodScore, BranchScore, PriceScore, Comment) VALUES (27, 1, 2, 2, 4, 'Carry perhaps their offer often west still result.');
INSERT INTO REVIEW (ID_Review, ServiceScore, FoodScore, BranchScore, PriceScore, Comment) VALUES (28, 5, 2, 1, 2, 'Tv free property thought what skin.');
INSERT INTO REVIEW (ID_Review, ServiceScore, FoodScore, BranchScore, PriceScore, Comment) VALUES (29, 4, 2, 2, 5, 'Entire window care lot establish reduce former north.');
INSERT INTO REVIEW (ID_Review, ServiceScore, FoodScore, BranchScore, PriceScore, Comment) VALUES (30, 5, 5, 2, 1, 'Prepare hope particular list.');
INSERT INTO REVIEW (ID_Review, ServiceScore, FoodScore, BranchScore, PriceScore, Comment) VALUES (31, 3, 4, 2, 1, 'Side serious Mr assume.');
INSERT INTO REVIEW (ID_Review, ServiceScore, FoodScore, BranchScore, PriceScore, Comment) VALUES (32, 1, 2, 5, 4, 'Skill lay capital however of both five.');
INSERT INTO REVIEW (ID_Review, ServiceScore, FoodScore, BranchScore, PriceScore, Comment) VALUES (33, 4, 2, 5, 4, 'Trade floor owner skin continue remain relate.');
INSERT INTO REVIEW (ID_Review, ServiceScore, FoodScore, BranchScore, PriceScore, Comment) VALUES (34, 5, 1, 1, 2, 'Run blue arrive feeling.');
INSERT INTO REVIEW (ID_Review, ServiceScore, FoodScore, BranchScore, PriceScore, Comment) VALUES (35, 5, 4, 3, 1, 'Course against fight tonight hospital.');
INSERT INTO REVIEW (ID_Review, ServiceScore, FoodScore, BranchScore, PriceScore, Comment) VALUES (36, 5, 3, 4, 1, 'Career follow serious wife move from paper.');
INSERT INTO REVIEW (ID_Review, ServiceScore, FoodScore, BranchScore, PriceScore, Comment) VALUES (37, 2, 2, 3, 2, 'Employee tough personal turn politics so.');
INSERT INTO REVIEW (ID_Review, ServiceScore, FoodScore, BranchScore, PriceScore, Comment) VALUES (38, 1, 1, 5, 3, 'Good my computer pull instead ready analysis left.');
INSERT INTO REVIEW (ID_Review, ServiceScore, FoodScore, BranchScore, PriceScore, Comment) VALUES (39, 2, 2, 4, 4, 'Find moment marriage often trouble.');
INSERT INTO REVIEW (ID_Review, ServiceScore, FoodScore, BranchScore, PriceScore, Comment) VALUES (40, 5, 3, 1, 3, 'Easy answer piece relate fund industry for.');
INSERT INTO REVIEW (ID_Review, ServiceScore, FoodScore, BranchScore, PriceScore, Comment) VALUES (1, 1, 5, 3, 2, 'Office produce meeting along gun wish knowledge.');
INSERT INTO REVIEW (ID_Review, ServiceScore, FoodScore, BranchScore, PriceScore, Comment) VALUES (2, 4, 4, 1, 2, 'Family another deal those event talk.');
INSERT INTO REVIEW (ID_Review, ServiceScore, FoodScore, BranchScore, PriceScore, Comment) VALUES (3, 2, 2, 5, 1, 'Break think page pass.');
INSERT INTO REVIEW (ID_Review, ServiceScore, FoodScore, BranchScore, PriceScore, Comment) VALUES (4, 4, 2, 3, 3, 'Center common now how.');
INSERT INTO REVIEW (ID_Review, ServiceScore, FoodScore, BranchScore, PriceScore, Comment) VALUES (5, 3, 4, 5, 5, 'Spend employee will evidence.');
INSERT INTO REVIEW (ID_Review, ServiceScore, FoodScore, BranchScore, PriceScore, Comment) VALUES (6, 3, 4, 2, 2, 'Young film miss serious management black specific argue.');
INSERT INTO REVIEW (ID_Review, ServiceScore, FoodScore, BranchScore, PriceScore, Comment) VALUES (7, 4, 1, 2, 2, 'Approach smile season seat Mr.');
INSERT INTO REVIEW (ID_Review, ServiceScore, FoodScore, BranchScore, PriceScore, Comment) VALUES (8, 2, 5, 1, 2, 'Identify citizen evening general.');
INSERT INTO REVIEW (ID_Review, ServiceScore, FoodScore, BranchScore, PriceScore, Comment) VALUES (9, 5, 5, 5, 5, 'Send visit face enter believe.');
INSERT INTO REVIEW (ID_Review, ServiceScore, FoodScore, BranchScore, PriceScore, Comment) VALUES (10, 2, 3, 5, 3, 'Response laugh certain beautiful.');
INSERT INTO REVIEW (ID_Review, ServiceScore, FoodScore, BranchScore, PriceScore, Comment) VALUES (11, 2, 5, 2, 4, 'Late think check cut box level matter.');
INSERT INTO REVIEW (ID_Review, ServiceScore, FoodScore, BranchScore, PriceScore, Comment) VALUES (12, 4, 3, 3, 5, 'Price lay indicate admit whom that.');
INSERT INTO REVIEW (ID_Review, ServiceScore, FoodScore, BranchScore, PriceScore, Comment) VALUES (13, 2, 4, 3, 5, 'Home onto writer find.');
INSERT INTO REVIEW (ID_Review, ServiceScore, FoodScore, BranchScore, PriceScore, Comment) VALUES (14, 4, 4, 1, 5, 'Maintain something begin record beyond leader amount.');
INSERT INTO REVIEW (ID_Review, ServiceScore, FoodScore, BranchScore, PriceScore, Comment) VALUES (15, 2, 1, 1, 1, 'Future reveal serious avoid claim cost someone brother.');
INSERT INTO REVIEW (ID_Review, ServiceScore, FoodScore, BranchScore, PriceScore, Comment) VALUES (16, 1, 3, 4, 2, 'Accept agreement generation even unit generation.');
INSERT INTO REVIEW (ID_Review, ServiceScore, FoodScore, BranchScore, PriceScore, Comment) VALUES (17, 3, 4, 3, 1, 'Writer friend goal attack measure begin.');
INSERT INTO REVIEW (ID_Review, ServiceScore, FoodScore, BranchScore, PriceScore, Comment) VALUES (18, 4, 1, 2, 5, 'Activity loss make unit.');
INSERT INTO REVIEW (ID_Review, ServiceScore, FoodScore, BranchScore, PriceScore, Comment) VALUES (19, 2, 1, 3, 2, 'Maintain easy recently result good especially appear suggest.');
INSERT INTO REVIEW (ID_Review, ServiceScore, FoodScore, BranchScore, PriceScore, Comment) VALUES (20, 2, 5, 2, 4, 'Local send onto house report.');
INSERT INTO REVIEW (ID_Review, ServiceScore, FoodScore, BranchScore, PriceScore, Comment) VALUES (21, 1, 5, 4, 4, 'Piece machine assume stuff TV skin relationship fire.');
INSERT INTO REVIEW (ID_Review, ServiceScore, FoodScore, BranchScore, PriceScore, Comment) VALUES (22, 2, 2, 3, 5, 'Television such senior factor very.');
INSERT INTO REVIEW (ID_Review, ServiceScore, FoodScore, BranchScore, PriceScore, Comment) VALUES (23, 3, 1, 4, 3, 'Word skin cause song.');
INSERT INTO REVIEW (ID_Review, ServiceScore, FoodScore, BranchScore, PriceScore, Comment) VALUES (24, 5, 5, 3, 2, 'Seem determine necessary friend coach little.');
INSERT INTO REVIEW (ID_Review, ServiceScore, FoodScore, BranchScore, PriceScore, Comment) VALUES (25, 1, 1, 4, 1, 'This memory available bit economy.');
INSERT INTO REVIEW (ID_Review, ServiceScore, FoodScore, BranchScore, PriceScore, Comment) VALUES (26, 4, 1, 4, 5, 'Final career about dinner baby.');
INSERT INTO REVIEW (ID_Review, ServiceScore, FoodScore, BranchScore, PriceScore, Comment) VALUES (27, 2, 3, 3, 3, 'Common clear better imagine again price certain.');
INSERT INTO REVIEW (ID_Review, ServiceScore, FoodScore, BranchScore, PriceScore, Comment) VALUES (28, 1, 2, 5, 2, 'Political last cover trial brother.');
INSERT INTO REVIEW (ID_Review, ServiceScore, FoodScore, BranchScore, PriceScore, Comment) VALUES (29, 4, 2, 3, 1, 'Short but spring stuff compare enter deal.');
INSERT INTO REVIEW (ID_Review, ServiceScore, FoodScore, BranchScore, PriceScore, Comment) VALUES (30, 5, 3, 3, 1, 'Fly certainly listen some again serious how.');
INSERT INTO REVIEW (ID_Review, ServiceScore, FoodScore, BranchScore, PriceScore, Comment) VALUES (31, 1, 2, 2, 1, 'Mother activity against write down debate.');
INSERT INTO REVIEW (ID_Review, ServiceScore, FoodScore, BranchScore, PriceScore, Comment) VALUES (32, 2, 4, 4, 5, 'Those clearly assume job stand effort wind.');
INSERT INTO REVIEW (ID_Review, ServiceScore, FoodScore, BranchScore, PriceScore, Comment) VALUES (33, 1, 5, 3, 5, 'Opportunity second contain claim special watch.');
INSERT INTO REVIEW (ID_Review, ServiceScore, FoodScore, BranchScore, PriceScore, Comment) VALUES (34, 1, 4, 5, 3, 'Left lot when girl natural realize.');
INSERT INTO REVIEW (ID_Review, ServiceScore, FoodScore, BranchScore, PriceScore, Comment) VALUES (35, 4, 2, 5, 5, 'Foot continue yes.');
INSERT INTO REVIEW (ID_Review, ServiceScore, FoodScore, BranchScore, PriceScore, Comment) VALUES (36, 3, 4, 1, 1, 'Staff quality course low finally amount.');
INSERT INTO REVIEW (ID_Review, ServiceScore, FoodScore, BranchScore, PriceScore, Comment) VALUES (37, 5, 5, 1, 1, 'Will front financial help.');
INSERT INTO REVIEW (ID_Review, ServiceScore, FoodScore, BranchScore, PriceScore, Comment) VALUES (38, 4, 3, 1, 3, 'Almost individual affect few response man treatment especially.');
INSERT INTO REVIEW (ID_Review, ServiceScore, FoodScore, BranchScore, PriceScore, Comment) VALUES (39, 5, 5, 5, 3, 'Believe yourself suffer they.');
INSERT INTO REVIEW (ID_Review, ServiceScore, FoodScore, BranchScore, PriceScore, Comment) VALUES (40, 2, 3, 2, 1, 'Assume beat listen.');
INSERT INTO REVIEW (ID_Review, ServiceScore, FoodScore, BranchScore, PriceScore, Comment) VALUES (1, 1, 3, 5, 5, 'Mean about nothing police board.');
INSERT INTO REVIEW (ID_Review, ServiceScore, FoodScore, BranchScore, PriceScore, Comment) VALUES (2, 3, 5, 3, 1, 'Blood eye scientist picture east kid people.');
INSERT INTO REVIEW (ID_Review, ServiceScore, FoodScore, BranchScore, PriceScore, Comment) VALUES (3, 2, 2, 2, 3, 'Make present after international.');
INSERT INTO REVIEW (ID_Review, ServiceScore, FoodScore, BranchScore, PriceScore, Comment) VALUES (4, 4, 3, 5, 2, 'Already suffer politics case remain close above Democrat.');
INSERT INTO REVIEW (ID_Review, ServiceScore, FoodScore, BranchScore, PriceScore, Comment) VALUES (5, 1, 1, 5, 5, 'Theory that short performance raise no design.');
INSERT INTO REVIEW (ID_Review, ServiceScore, FoodScore, BranchScore, PriceScore, Comment) VALUES (6, 5, 1, 2, 1, 'Ahead order road next sing.');
INSERT INTO REVIEW (ID_Review, ServiceScore, FoodScore, BranchScore, PriceScore, Comment) VALUES (7, 1, 3, 1, 1, 'Think serious career role recent.');
INSERT INTO REVIEW (ID_Review, ServiceScore, FoodScore, BranchScore, PriceScore, Comment) VALUES (8, 4, 1, 3, 4, 'Realize strong line herself.');
INSERT INTO REVIEW (ID_Review, ServiceScore, FoodScore, BranchScore, PriceScore, Comment) VALUES (9, 5, 4, 5, 1, 'Though time body state.');
INSERT INTO REVIEW (ID_Review, ServiceScore, FoodScore, BranchScore, PriceScore, Comment) VALUES (10, 3, 5, 2, 4, 'In media energy partner.');
INSERT INTO REVIEW (ID_Review, ServiceScore, FoodScore, BranchScore, PriceScore, Comment) VALUES (11, 5, 4, 1, 4, 'Article difficult none sister once.');
INSERT INTO REVIEW (ID_Review, ServiceScore, FoodScore, BranchScore, PriceScore, Comment) VALUES (12, 4, 5, 2, 2, 'Program understand cold partner various daughter kid.');
INSERT INTO REVIEW (ID_Review, ServiceScore, FoodScore, BranchScore, PriceScore, Comment) VALUES (13, 3, 2, 4, 5, 'Should event place green.');
INSERT INTO REVIEW (ID_Review, ServiceScore, FoodScore, BranchScore, PriceScore, Comment) VALUES (14, 1, 3, 4, 5, 'Time us another run line behind where.');
INSERT INTO REVIEW (ID_Review, ServiceScore, FoodScore, BranchScore, PriceScore, Comment) VALUES (15, 2, 5, 4, 4, 'Rule include eight five medical feeling general admit.');
INSERT INTO REVIEW (ID_Review, ServiceScore, FoodScore, BranchScore, PriceScore, Comment) VALUES (16, 5, 3, 5, 2, 'Under message near fine difficult learn question.');
INSERT INTO REVIEW (ID_Review, ServiceScore, FoodScore, BranchScore, PriceScore, Comment) VALUES (17, 4, 2, 5, 4, 'Finish in follow success.');
INSERT INTO REVIEW (ID_Review, ServiceScore, FoodScore, BranchScore, PriceScore, Comment) VALUES (18, 2, 4, 2, 4, 'A detail decision brother listen suffer.');
INSERT INTO REVIEW (ID_Review, ServiceScore, FoodScore, BranchScore, PriceScore, Comment) VALUES (19, 1, 5, 3, 1, 'Think sell choice fish.');
INSERT INTO REVIEW (ID_Review, ServiceScore, FoodScore, BranchScore, PriceScore, Comment) VALUES (20, 3, 3, 4, 5, 'Indeed bar network big current practice.');
INSERT INTO REVIEW (ID_Review, ServiceScore, FoodScore, BranchScore, PriceScore, Comment) VALUES (21, 4, 3, 1, 3, 'Effort thousand out both bag author election say.');
INSERT INTO REVIEW (ID_Review, ServiceScore, FoodScore, BranchScore, PriceScore, Comment) VALUES (22, 2, 1, 4, 3, 'Recognize world western sometimes which myself however.');
INSERT INTO REVIEW (ID_Review, ServiceScore, FoodScore, BranchScore, PriceScore, Comment) VALUES (23, 4, 2, 4, 2, 'Style share option live field remember.');
INSERT INTO REVIEW (ID_Review, ServiceScore, FoodScore, BranchScore, PriceScore, Comment) VALUES (24, 3, 3, 5, 3, 'World democratic prepare need can.');
INSERT INTO REVIEW (ID_Review, ServiceScore, FoodScore, BranchScore, PriceScore, Comment) VALUES (25, 4, 5, 2, 5, 'Health second agreement training adult road term.');
INSERT INTO REVIEW (ID_Review, ServiceScore, FoodScore, BranchScore, PriceScore, Comment) VALUES (26, 3, 2, 1, 1, 'Company indicate age point large type form born.');
INSERT INTO REVIEW (ID_Review, ServiceScore, FoodScore, BranchScore, PriceScore, Comment) VALUES (27, 2, 3, 1, 5, 'Way pick rule tell.');
INSERT INTO REVIEW (ID_Review, ServiceScore, FoodScore, BranchScore, PriceScore, Comment) VALUES (28, 4, 4, 3, 5, 'Offer top ability real past.');
INSERT INTO REVIEW (ID_Review, ServiceScore, FoodScore, BranchScore, PriceScore, Comment) VALUES (29, 3, 4, 4, 3, 'Have who area figure develop view work.');
INSERT INTO REVIEW (ID_Review, ServiceScore, FoodScore, BranchScore, PriceScore, Comment) VALUES (30, 1, 4, 1, 2, 'Agent practice visit response gun woman follow peace.');
INSERT INTO REVIEW (ID_Review, ServiceScore, FoodScore, BranchScore, PriceScore, Comment) VALUES (31, 1, 5, 4, 5, 'Sing score peace these behavior book visit.');
INSERT INTO REVIEW (ID_Review, ServiceScore, FoodScore, BranchScore, PriceScore, Comment) VALUES (32, 3, 5, 5, 3, 'Share necessary leader fast green.');
INSERT INTO REVIEW (ID_Review, ServiceScore, FoodScore, BranchScore, PriceScore, Comment) VALUES (33, 4, 4, 3, 3, 'Popular security teacher.');
INSERT INTO REVIEW (ID_Review, ServiceScore, FoodScore, BranchScore, PriceScore, Comment) VALUES (34, 4, 4, 3, 5, 'Rise major seem able while.');
INSERT INTO REVIEW (ID_Review, ServiceScore, FoodScore, BranchScore, PriceScore, Comment) VALUES (35, 5, 1, 1, 2, 'Well day treat until.');
INSERT INTO REVIEW (ID_Review, ServiceScore, FoodScore, BranchScore, PriceScore, Comment) VALUES (36, 1, 4, 4, 5, 'Seem beyond approach bar air discussion.');
INSERT INTO REVIEW (ID_Review, ServiceScore, FoodScore, BranchScore, PriceScore, Comment) VALUES (37, 5, 2, 3, 2, 'Me natural stand indeed bring affect this.');
INSERT INTO REVIEW (ID_Review, ServiceScore, FoodScore, BranchScore, PriceScore, Comment) VALUES (38, 2, 3, 3, 1, 'Professor night trip.');
INSERT INTO REVIEW (ID_Review, ServiceScore, FoodScore, BranchScore, PriceScore, Comment) VALUES (39, 5, 1, 5, 4, 'Professor officer likely weight per opportunity become.');
INSERT INTO REVIEW (ID_Review, ServiceScore, FoodScore, BranchScore, PriceScore, Comment) VALUES (40, 2, 1, 4, 5, 'Left fish certainly enough fly operation.');
INSERT INTO REVIEW (ID_Review, ServiceScore, FoodScore, BranchScore, PriceScore, Comment) VALUES (1, 5, 5, 5, 2, 'Remember peace look.');
INSERT INTO REVIEW (ID_Review, ServiceScore, FoodScore, BranchScore, PriceScore, Comment) VALUES (2, 4, 5, 1, 4, 'Since class beyond tend prepare throughout.');
INSERT INTO REVIEW (ID_Review, ServiceScore, FoodScore, BranchScore, PriceScore, Comment) VALUES (3, 3, 4, 5, 5, 'Experience bit subject prove.');
INSERT INTO REVIEW (ID_Review, ServiceScore, FoodScore, BranchScore, PriceScore, Comment) VALUES (4, 4, 3, 4, 5, 'Their believe station guy.');
INSERT INTO REVIEW (ID_Review, ServiceScore, FoodScore, BranchScore, PriceScore, Comment) VALUES (5, 3, 3, 3, 2, 'Key section friend.');
INSERT INTO REVIEW (ID_Review, ServiceScore, FoodScore, BranchScore, PriceScore, Comment) VALUES (6, 1, 5, 1, 1, 'Argue than bar rate side young join.');
INSERT INTO REVIEW (ID_Review, ServiceScore, FoodScore, BranchScore, PriceScore, Comment) VALUES (7, 3, 4, 3, 5, 'Rock speak responsibility like treat rate political.');
INSERT INTO REVIEW (ID_Review, ServiceScore, FoodScore, BranchScore, PriceScore, Comment) VALUES (8, 5, 2, 3, 2, 'Research economy task group still action learn.');
INSERT INTO REVIEW (ID_Review, ServiceScore, FoodScore, BranchScore, PriceScore, Comment) VALUES (9, 4, 5, 1, 1, 'Mouth human second stock week.');
INSERT INTO REVIEW (ID_Review, ServiceScore, FoodScore, BranchScore, PriceScore, Comment) VALUES (10, 5, 5, 1, 1, 'About water production national partner local.');
INSERT INTO REVIEW (ID_Review, ServiceScore, FoodScore, BranchScore, PriceScore, Comment) VALUES (11, 2, 4, 4, 5, 'Here doctor send interview.');
INSERT INTO REVIEW (ID_Review, ServiceScore, FoodScore, BranchScore, PriceScore, Comment) VALUES (12, 4, 1, 1, 1, 'Be require similar audience.');
INSERT INTO REVIEW (ID_Review, ServiceScore, FoodScore, BranchScore, PriceScore, Comment) VALUES (13, 2, 5, 1, 3, 'Say dinner go test.');
INSERT INTO REVIEW (ID_Review, ServiceScore, FoodScore, BranchScore, PriceScore, Comment) VALUES (14, 4, 4, 2, 3, 'Investment success meet situation certain owner foot.');
INSERT INTO REVIEW (ID_Review, ServiceScore, FoodScore, BranchScore, PriceScore, Comment) VALUES (15, 2, 2, 2, 1, 'Focus whose decide let begin watch democratic month.');
INSERT INTO REVIEW (ID_Review, ServiceScore, FoodScore, BranchScore, PriceScore, Comment) VALUES (16, 3, 2, 3, 1, 'Left nor race style player recently development.');
INSERT INTO REVIEW (ID_Review, ServiceScore, FoodScore, BranchScore, PriceScore, Comment) VALUES (17, 3, 3, 5, 3, 'Loss fall include large statement long.');
INSERT INTO REVIEW (ID_Review, ServiceScore, FoodScore, BranchScore, PriceScore, Comment) VALUES (18, 2, 3, 1, 2, 'Old unit best magazine.');
INSERT INTO REVIEW (ID_Review, ServiceScore, FoodScore, BranchScore, PriceScore, Comment) VALUES (19, 5, 5, 2, 3, 'Sound when find just show.');
INSERT INTO REVIEW (ID_Review, ServiceScore, FoodScore, BranchScore, PriceScore, Comment) VALUES (20, 2, 1, 1, 2, 'Democrat class one manage expect fire.');
INSERT INTO REVIEW (ID_Review, ServiceScore, FoodScore, BranchScore, PriceScore, Comment) VALUES (21, 3, 5, 5, 2, 'Consumer early small wish require right.');
INSERT INTO REVIEW (ID_Review, ServiceScore, FoodScore, BranchScore, PriceScore, Comment) VALUES (22, 1, 1, 4, 2, 'Two before ok toward nearly.');
INSERT INTO REVIEW (ID_Review, ServiceScore, FoodScore, BranchScore, PriceScore, Comment) VALUES (23, 5, 5, 2, 5, 'Office husband send walk.');
INSERT INTO REVIEW (ID_Review, ServiceScore, FoodScore, BranchScore, PriceScore, Comment) VALUES (24, 2, 1, 5, 3, 'Clear keep day accept bar every ok.');
INSERT INTO REVIEW (ID_Review, ServiceScore, FoodScore, BranchScore, PriceScore, Comment) VALUES (25, 5, 2, 2, 3, 'Do history recent forward movement above according.');
INSERT INTO REVIEW (ID_Review, ServiceScore, FoodScore, BranchScore, PriceScore, Comment) VALUES (26, 4, 5, 1, 2, 'We back page.');
INSERT INTO REVIEW (ID_Review, ServiceScore, FoodScore, BranchScore, PriceScore, Comment) VALUES (27, 1, 2, 4, 3, 'Work instead eight message effort get.');
INSERT INTO REVIEW (ID_Review, ServiceScore, FoodScore, BranchScore, PriceScore, Comment) VALUES (28, 2, 4, 5, 5, 'Analysis something imagine watch.');
INSERT INTO REVIEW (ID_Review, ServiceScore, FoodScore, BranchScore, PriceScore, Comment) VALUES (29, 2, 2, 2, 5, 'Trip break whatever hundred account sit.');
INSERT INTO REVIEW (ID_Review, ServiceScore, FoodScore, BranchScore, PriceScore, Comment) VALUES (30, 2, 3, 2, 1, 'Through reflect suffer model candidate three professional.');
INSERT INTO REVIEW (ID_Review, ServiceScore, FoodScore, BranchScore, PriceScore, Comment) VALUES (31, 1, 1, 1, 2, 'Behavior area beyond work.');
INSERT INTO REVIEW (ID_Review, ServiceScore, FoodScore, BranchScore, PriceScore, Comment) VALUES (32, 5, 2, 3, 2, 'Show my effort doctor.');
INSERT INTO REVIEW (ID_Review, ServiceScore, FoodScore, BranchScore, PriceScore, Comment) VALUES (33, 3, 4, 2, 1, 'Stand nearly card use.');
INSERT INTO REVIEW (ID_Review, ServiceScore, FoodScore, BranchScore, PriceScore, Comment) VALUES (34, 4, 3, 4, 3, 'Box simply result third.');
INSERT INTO REVIEW (ID_Review, ServiceScore, FoodScore, BranchScore, PriceScore, Comment) VALUES (35, 4, 4, 5, 1, 'Four those lot remain approach amount.');
INSERT INTO REVIEW (ID_Review, ServiceScore, FoodScore, BranchScore, PriceScore, Comment) VALUES (36, 4, 5, 3, 4, 'Poor trouble take cause peace big for.');
INSERT INTO REVIEW (ID_Review, ServiceScore, FoodScore, BranchScore, PriceScore, Comment) VALUES (37, 1, 3, 5, 3, 'Only forget how town make area moment.');
INSERT INTO REVIEW (ID_Review, ServiceScore, FoodScore, BranchScore, PriceScore, Comment) VALUES (38, 4, 4, 3, 1, 'Age party consumer ok near board head source.');
INSERT INTO REVIEW (ID_Review, ServiceScore, FoodScore, BranchScore, PriceScore, Comment) VALUES (39, 3, 5, 3, 4, 'Our hand field discuss.');
INSERT INTO REVIEW (ID_Review, ServiceScore, FoodScore, BranchScore, PriceScore, Comment) VALUES (40, 2, 1, 2, 5, 'Common strategy experience he.');
INSERT INTO REVIEW (ID_Review, ServiceScore, FoodScore, BranchScore, PriceScore, Comment) VALUES (1, 5, 1, 4, 5, 'Develop case trouble learn.');
INSERT INTO REVIEW (ID_Review, ServiceScore, FoodScore, BranchScore, PriceScore, Comment) VALUES (2, 1, 1, 5, 2, 'Pass despite myself defense staff back.');
INSERT INTO REVIEW (ID_Review, ServiceScore, FoodScore, BranchScore, PriceScore, Comment) VALUES (3, 2, 4, 5, 1, 'Home recently usually receive charge.');
INSERT INTO REVIEW (ID_Review, ServiceScore, FoodScore, BranchScore, PriceScore, Comment) VALUES (4, 2, 1, 4, 2, 'Financial style owner guy kid where country.');
INSERT INTO REVIEW (ID_Review, ServiceScore, FoodScore, BranchScore, PriceScore, Comment) VALUES (5, 5, 4, 5, 5, 'Some eat why measure.');
INSERT INTO REVIEW (ID_Review, ServiceScore, FoodScore, BranchScore, PriceScore, Comment) VALUES (6, 3, 1, 3, 2, 'Second customer drop clear down almost.');
INSERT INTO REVIEW (ID_Review, ServiceScore, FoodScore, BranchScore, PriceScore, Comment) VALUES (7, 5, 2, 3, 2, 'Citizen result too enough each pass star clear.');
INSERT INTO REVIEW (ID_Review, ServiceScore, FoodScore, BranchScore, PriceScore, Comment) VALUES (8, 2, 1, 4, 3, 'All recently themselves full the action.');
INSERT INTO REVIEW (ID_Review, ServiceScore, FoodScore, BranchScore, PriceScore, Comment) VALUES (9, 3, 5, 4, 5, 'Professional him win last theory should.');
INSERT INTO REVIEW (ID_Review, ServiceScore, FoodScore, BranchScore, PriceScore, Comment) VALUES (10, 2, 1, 2, 4, 'News perhaps card receive section stand skill.');
INSERT INTO REVIEW (ID_Review, ServiceScore, FoodScore, BranchScore, PriceScore, Comment) VALUES (11, 4, 3, 5, 1, 'Clearly whom single already our sense fire product.');
INSERT INTO REVIEW (ID_Review, ServiceScore, FoodScore, BranchScore, PriceScore, Comment) VALUES (12, 2, 4, 5, 2, 'Out buy project join.');
INSERT INTO REVIEW (ID_Review, ServiceScore, FoodScore, BranchScore, PriceScore, Comment) VALUES (13, 2, 1, 4, 4, 'Guy town provide man four thing.');
INSERT INTO REVIEW (ID_Review, ServiceScore, FoodScore, BranchScore, PriceScore, Comment) VALUES (14, 4, 2, 2, 1, 'Describe buy direction mission.');
INSERT INTO REVIEW (ID_Review, ServiceScore, FoodScore, BranchScore, PriceScore, Comment) VALUES (15, 4, 2, 1, 5, 'Doctor forward degree whom begin.');
INSERT INTO REVIEW (ID_Review, ServiceScore, FoodScore, BranchScore, PriceScore, Comment) VALUES (16, 5, 4, 2, 3, 'Policy yard form.');
INSERT INTO REVIEW (ID_Review, ServiceScore, FoodScore, BranchScore, PriceScore, Comment) VALUES (17, 1, 2, 1, 1, 'Address personal seven able control nice hotel.');
INSERT INTO REVIEW (ID_Review, ServiceScore, FoodScore, BranchScore, PriceScore, Comment) VALUES (18, 4, 1, 5, 4, 'Store great letter shoulder activity church west.');
INSERT INTO REVIEW (ID_Review, ServiceScore, FoodScore, BranchScore, PriceScore, Comment) VALUES (19, 2, 3, 2, 5, 'Wish remain indeed small.');
INSERT INTO REVIEW (ID_Review, ServiceScore, FoodScore, BranchScore, PriceScore, Comment) VALUES (20, 2, 1, 4, 3, 'Share director visit on including.');
INSERT INTO REVIEW (ID_Review, ServiceScore, FoodScore, BranchScore, PriceScore, Comment) VALUES (21, 5, 5, 1, 2, 'Fear plant health religious.');
INSERT INTO REVIEW (ID_Review, ServiceScore, FoodScore, BranchScore, PriceScore, Comment) VALUES (22, 4, 2, 4, 1, 'Push out often serious prepare citizen identify clearly.');
INSERT INTO REVIEW (ID_Review, ServiceScore, FoodScore, BranchScore, PriceScore, Comment) VALUES (23, 1, 3, 1, 3, 'Part pay director major heavy exactly area.');
INSERT INTO REVIEW (ID_Review, ServiceScore, FoodScore, BranchScore, PriceScore, Comment) VALUES (24, 4, 1, 5, 1, 'Put risk yard still hour you single.');
INSERT INTO REVIEW (ID_Review, ServiceScore, FoodScore, BranchScore, PriceScore, Comment) VALUES (25, 4, 3, 1, 3, 'Work instead age soon door the front.');
INSERT INTO REVIEW (ID_Review, ServiceScore, FoodScore, BranchScore, PriceScore, Comment) VALUES (26, 5, 3, 2, 1, 'Away chance father next pressure bank.');
INSERT INTO REVIEW (ID_Review, ServiceScore, FoodScore, BranchScore, PriceScore, Comment) VALUES (27, 5, 3, 1, 5, 'Group since amount family.');
INSERT INTO REVIEW (ID_Review, ServiceScore, FoodScore, BranchScore, PriceScore, Comment) VALUES (28, 3, 1, 1, 1, 'Fish run late open ball.');
INSERT INTO REVIEW (ID_Review, ServiceScore, FoodScore, BranchScore, PriceScore, Comment) VALUES (29, 2, 2, 2, 4, 'Well other consider receive go suggest address.');
INSERT INTO REVIEW (ID_Review, ServiceScore, FoodScore, BranchScore, PriceScore, Comment) VALUES (30, 1, 2, 4, 3, 'Help hear care center environment of claim.');
INSERT INTO REVIEW (ID_Review, ServiceScore, FoodScore, BranchScore, PriceScore, Comment) VALUES (31, 1, 2, 4, 2, 'Republican training finish remain.');
INSERT INTO REVIEW (ID_Review, ServiceScore, FoodScore, BranchScore, PriceScore, Comment) VALUES (32, 5, 2, 4, 2, 'Machine identify couple tree.');
INSERT INTO REVIEW (ID_Review, ServiceScore, FoodScore, BranchScore, PriceScore, Comment) VALUES (33, 3, 3, 3, 2, 'Executive produce politics.');
INSERT INTO REVIEW (ID_Review, ServiceScore, FoodScore, BranchScore, PriceScore, Comment) VALUES (34, 1, 4, 2, 4, 'Remember animal must star shake require watch.');
INSERT INTO REVIEW (ID_Review, ServiceScore, FoodScore, BranchScore, PriceScore, Comment) VALUES (35, 5, 1, 3, 2, 'Service he whole sign.');
INSERT INTO REVIEW (ID_Review, ServiceScore, FoodScore, BranchScore, PriceScore, Comment) VALUES (36, 3, 3, 5, 3, 'Crime structure she partner lead modern.');
INSERT INTO REVIEW (ID_Review, ServiceScore, FoodScore, BranchScore, PriceScore, Comment) VALUES (37, 3, 5, 5, 5, 'Strategy board heavy religious whom view.');
INSERT INTO REVIEW (ID_Review, ServiceScore, FoodScore, BranchScore, PriceScore, Comment) VALUES (38, 2, 3, 3, 4, 'Major toward majority ok everyone listen.');
INSERT INTO REVIEW (ID_Review, ServiceScore, FoodScore, BranchScore, PriceScore, Comment) VALUES (39, 3, 5, 4, 4, 'Whose religious weight great later hospital executive current.');
INSERT INTO REVIEW (ID_Review, ServiceScore, FoodScore, BranchScore, PriceScore, Comment) VALUES (40, 2, 2, 1, 4, 'Measure reason executive big sit statement free.');
INSERT INTO REVIEW (ID_Review, ServiceScore, FoodScore, BranchScore, PriceScore, Comment) VALUES (1, 3, 1, 4, 5, 'Performance author imagine.');
INSERT INTO REVIEW (ID_Review, ServiceScore, FoodScore, BranchScore, PriceScore, Comment) VALUES (2, 5, 2, 2, 5, 'Hope great almost bar they.');
INSERT INTO REVIEW (ID_Review, ServiceScore, FoodScore, BranchScore, PriceScore, Comment) VALUES (3, 4, 1, 4, 4, 'Movie name region.');
INSERT INTO REVIEW (ID_Review, ServiceScore, FoodScore, BranchScore, PriceScore, Comment) VALUES (4, 5, 3, 2, 3, 'Opportunity itself house treatment current.');
INSERT INTO REVIEW (ID_Review, ServiceScore, FoodScore, BranchScore, PriceScore, Comment) VALUES (5, 2, 3, 2, 5, 'Too position first when wrong part mind.');
INSERT INTO REVIEW (ID_Review, ServiceScore, FoodScore, BranchScore, PriceScore, Comment) VALUES (6, 5, 2, 4, 2, 'Brother learn police artist land simple challenge young.');
INSERT INTO REVIEW (ID_Review, ServiceScore, FoodScore, BranchScore, PriceScore, Comment) VALUES (7, 3, 2, 1, 3, 'Individual mouth rest debate garden stuff.');
INSERT INTO REVIEW (ID_Review, ServiceScore, FoodScore, BranchScore, PriceScore, Comment) VALUES (8, 5, 3, 3, 1, 'Follow sound certain eight rock pick within.');
INSERT INTO REVIEW (ID_Review, ServiceScore, FoodScore, BranchScore, PriceScore, Comment) VALUES (9, 5, 2, 5, 4, 'Agreement movie nice fight painting.');
INSERT INTO REVIEW (ID_Review, ServiceScore, FoodScore, BranchScore, PriceScore, Comment) VALUES (10, 2, 1, 5, 2, 'Attorney her add board wear child.');
INSERT INTO REVIEW (ID_Review, ServiceScore, FoodScore, BranchScore, PriceScore, Comment) VALUES (11, 1, 2, 1, 4, 'More life day operation face base as fire.');
INSERT INTO REVIEW (ID_Review, ServiceScore, FoodScore, BranchScore, PriceScore, Comment) VALUES (12, 1, 2, 1, 4, 'Keep strategy system deep rule among response spring.');
INSERT INTO REVIEW (ID_Review, ServiceScore, FoodScore, BranchScore, PriceScore, Comment) VALUES (13, 2, 1, 1, 1, 'Former door exist such.');
INSERT INTO REVIEW (ID_Review, ServiceScore, FoodScore, BranchScore, PriceScore, Comment) VALUES (14, 3, 1, 5, 2, 'Return sit identify team rise hair.');
INSERT INTO REVIEW (ID_Review, ServiceScore, FoodScore, BranchScore, PriceScore, Comment) VALUES (15, 4, 3, 2, 5, 'College wish until candidate doctor whatever.');
INSERT INTO REVIEW (ID_Review, ServiceScore, FoodScore, BranchScore, PriceScore, Comment) VALUES (16, 3, 4, 3, 1, 'Those like field lead certainly.');
INSERT INTO REVIEW (ID_Review, ServiceScore, FoodScore, BranchScore, PriceScore, Comment) VALUES (17, 2, 3, 2, 3, 'Left travel read really property source.');
INSERT INTO REVIEW (ID_Review, ServiceScore, FoodScore, BranchScore, PriceScore, Comment) VALUES (18, 1, 2, 3, 5, 'Order certain order he.');
INSERT INTO REVIEW (ID_Review, ServiceScore, FoodScore, BranchScore, PriceScore, Comment) VALUES (19, 5, 2, 5, 4, 'Soldier dream least candidate break.');
INSERT INTO REVIEW (ID_Review, ServiceScore, FoodScore, BranchScore, PriceScore, Comment) VALUES (20, 2, 2, 1, 4, 'Tell bill show discussion dark manager tonight.');
INSERT INTO REVIEW (ID_Review, ServiceScore, FoodScore, BranchScore, PriceScore, Comment) VALUES (21, 4, 2, 5, 3, 'Down three either field.');
INSERT INTO REVIEW (ID_Review, ServiceScore, FoodScore, BranchScore, PriceScore, Comment) VALUES (22, 2, 4, 3, 2, 'Medical reach window coach outside.');
INSERT INTO REVIEW (ID_Review, ServiceScore, FoodScore, BranchScore, PriceScore, Comment) VALUES (23, 3, 1, 3, 3, 'Also stop maintain during music plan example record.');
INSERT INTO REVIEW (ID_Review, ServiceScore, FoodScore, BranchScore, PriceScore, Comment) VALUES (24, 5, 1, 2, 3, 'Service appear former entire.');
INSERT INTO REVIEW (ID_Review, ServiceScore, FoodScore, BranchScore, PriceScore, Comment) VALUES (25, 3, 5, 2, 1, 'Support against education build ten popular whole lawyer.');
INSERT INTO REVIEW (ID_Review, ServiceScore, FoodScore, BranchScore, PriceScore, Comment) VALUES (26, 3, 2, 4, 3, 'Trip building generation government run evening five.');
INSERT INTO REVIEW (ID_Review, ServiceScore, FoodScore, BranchScore, PriceScore, Comment) VALUES (27, 2, 3, 5, 4, 'We end account service stock bring.');
INSERT INTO REVIEW (ID_Review, ServiceScore, FoodScore, BranchScore, PriceScore, Comment) VALUES (28, 5, 3, 2, 4, 'Page yeah street personal material.');
INSERT INTO REVIEW (ID_Review, ServiceScore, FoodScore, BranchScore, PriceScore, Comment) VALUES (29, 2, 1, 2, 1, 'Method main another forget evening Republican design.');
INSERT INTO REVIEW (ID_Review, ServiceScore, FoodScore, BranchScore, PriceScore, Comment) VALUES (30, 3, 2, 3, 1, 'Business well any worry these risk ago tell.');
INSERT INTO REVIEW (ID_Review, ServiceScore, FoodScore, BranchScore, PriceScore, Comment) VALUES (31, 5, 3, 5, 2, 'Again positive church politics economy thank.');
INSERT INTO REVIEW (ID_Review, ServiceScore, FoodScore, BranchScore, PriceScore, Comment) VALUES (32, 3, 4, 2, 4, 'Off gun eye raise.');
INSERT INTO REVIEW (ID_Review, ServiceScore, FoodScore, BranchScore, PriceScore, Comment) VALUES (33, 5, 2, 3, 4, 'Son good technology and course.');
INSERT INTO REVIEW (ID_Review, ServiceScore, FoodScore, BranchScore, PriceScore, Comment) VALUES (34, 5, 3, 3, 2, 'Not account rather community senior ten fish.');
INSERT INTO REVIEW (ID_Review, ServiceScore, FoodScore, BranchScore, PriceScore, Comment) VALUES (35, 1, 1, 2, 5, 'Real woman year service center decade.');
INSERT INTO REVIEW (ID_Review, ServiceScore, FoodScore, BranchScore, PriceScore, Comment) VALUES (36, 3, 3, 1, 1, 'Prove town remember local.');
INSERT INTO REVIEW (ID_Review, ServiceScore, FoodScore, BranchScore, PriceScore, Comment) VALUES (37, 1, 1, 3, 3, 'Choose environmental among order.');
INSERT INTO REVIEW (ID_Review, ServiceScore, FoodScore, BranchScore, PriceScore, Comment) VALUES (38, 2, 4, 3, 1, 'Report lot as sport detail after write.');
INSERT INTO REVIEW (ID_Review, ServiceScore, FoodScore, BranchScore, PriceScore, Comment) VALUES (39, 4, 4, 3, 2, 'Church young hear.');
INSERT INTO REVIEW (ID_Review, ServiceScore, FoodScore, BranchScore, PriceScore, Comment) VALUES (40, 4, 3, 2, 5, 'Environmental tonight already about activity break.');
INSERT INTO [ORDER] (ID_Order, ID_Table, OrderDate, TotalPrice, ActualPrice, ID_Customer, ID_Review, ID_Employee, ID_Branch) VALUES (1, 16, '2024-10-30', 0, 0, 26, 1, 158, 1);
INSERT INTO [ORDER] (ID_Order, ID_Table, OrderDate, TotalPrice, ActualPrice, ID_Customer, ID_Review, ID_Employee, ID_Branch) VALUES (2, 12, '2024-08-03', 0, 0, 11, 2, 129, 1);
INSERT INTO [ORDER] (ID_Order, ID_Table, OrderDate, TotalPrice, ActualPrice, ID_Customer, ID_Review, ID_Employee, ID_Branch) VALUES (3, 16, '2023-10-17', 0, 0, 30, 3, 57, 1);
INSERT INTO [ORDER] (ID_Order, ID_Table, OrderDate, TotalPrice, ActualPrice, ID_Customer, ID_Review, ID_Employee, ID_Branch) VALUES (4, 15, '2023-03-30', 0, 0, 6, 4, 84, 1);
INSERT INTO [ORDER] (ID_Order, ID_Table, OrderDate, TotalPrice, ActualPrice, ID_Customer, ID_Review, ID_Employee, ID_Branch) VALUES (5, 13, '2024-06-16', 0, 0, 7, 5, 144, 1);
INSERT INTO [ORDER] (ID_Order, ID_Table, OrderDate, TotalPrice, ActualPrice, ID_Customer, ID_Review, ID_Employee, ID_Branch) VALUES (6, 8, '2024-12-10', 0, 0, 39, 6, 16, 1);
INSERT INTO [ORDER] (ID_Order, ID_Table, OrderDate, TotalPrice, ActualPrice, ID_Customer, ID_Review, ID_Employee, ID_Branch) VALUES (7, 13, '2023-03-29', 0, 0, 34, 7, 225, 1);
INSERT INTO [ORDER] (ID_Order, ID_Table, OrderDate, TotalPrice, ActualPrice, ID_Customer, ID_Review, ID_Employee, ID_Branch) VALUES (8, 23, '2023-01-18', 0, 0, 9, 8, 46, 1);
INSERT INTO [ORDER] (ID_Order, ID_Table, OrderDate, TotalPrice, ActualPrice, ID_Customer, ID_Review, ID_Employee, ID_Branch) VALUES (9, 1, '2024-02-08', 0, 0, 20, 9, 208, 1);
INSERT INTO [ORDER] (ID_Order, ID_Table, OrderDate, TotalPrice, ActualPrice, ID_Customer, ID_Review, ID_Employee, ID_Branch) VALUES (10, 13, '2024-03-06', 0, 0, 31, 10, 197, 1);
INSERT INTO [ORDER] (ID_Order, ID_Table, OrderDate, TotalPrice, ActualPrice, ID_Customer, ID_Review, ID_Employee, ID_Branch) VALUES (11, 18, '2024-04-11', 0, 0, 33, 11, 134, 1);
INSERT INTO [ORDER] (ID_Order, ID_Table, OrderDate, TotalPrice, ActualPrice, ID_Customer, ID_Review, ID_Employee, ID_Branch) VALUES (12, 22, '2024-03-26', 0, 0, 22, 12, 48, 1);
INSERT INTO [ORDER] (ID_Order, ID_Table, OrderDate, TotalPrice, ActualPrice, ID_Customer, ID_Review, ID_Employee, ID_Branch) VALUES (13, 11, '2024-02-15', 0, 0, 28, 13, 99, 1);
INSERT INTO [ORDER] (ID_Order, ID_Table, OrderDate, TotalPrice, ActualPrice, ID_Customer, ID_Review, ID_Employee, ID_Branch) VALUES (14, 7, '2023-11-29', 0, 0, 36, 14, 166, 1);
INSERT INTO [ORDER] (ID_Order, ID_Table, OrderDate, TotalPrice, ActualPrice, ID_Customer, ID_Review, ID_Employee, ID_Branch) VALUES (15, 7, '2023-07-11', 0, 0, 29, 15, 99, 1);
INSERT INTO [ORDER] (ID_Order, ID_Table, OrderDate, TotalPrice, ActualPrice, ID_Customer, ID_Review, ID_Employee, ID_Branch) VALUES (16, 8, '2023-03-24', 0, 0, 26, 16, 121, 1);
INSERT INTO [ORDER] (ID_Order, ID_Table, OrderDate, TotalPrice, ActualPrice, ID_Customer, ID_Review, ID_Employee, ID_Branch) VALUES (17, 3, '2024-03-02', 0, 0, 37, 17, 172, 1);
INSERT INTO [ORDER] (ID_Order, ID_Table, OrderDate, TotalPrice, ActualPrice, ID_Customer, ID_Review, ID_Employee, ID_Branch) VALUES (18, 22, '2024-04-12', 0, 0, 38, 18, 158, 1);
INSERT INTO [ORDER] (ID_Order, ID_Table, OrderDate, TotalPrice, ActualPrice, ID_Customer, ID_Review, ID_Employee, ID_Branch) VALUES (19, 14, '2023-11-14', 0, 0, 1, 19, 148, 1);
INSERT INTO [ORDER] (ID_Order, ID_Table, OrderDate, TotalPrice, ActualPrice, ID_Customer, ID_Review, ID_Employee, ID_Branch) VALUES (20, 7, '2023-09-05', 0, 0, 41, 20, 26, 1);
INSERT INTO [ORDER] (ID_Order, ID_Table, OrderDate, TotalPrice, ActualPrice, ID_Customer, ID_Review, ID_Employee, ID_Branch) VALUES (21, 15, '2023-01-20', 0, 0, 12, 21, 49, 1);
INSERT INTO [ORDER] (ID_Order, ID_Table, OrderDate, TotalPrice, ActualPrice, ID_Customer, ID_Review, ID_Employee, ID_Branch) VALUES (22, 19, '2023-10-27', 0, 0, 7, 22, 133, 1);
INSERT INTO [ORDER] (ID_Order, ID_Table, OrderDate, TotalPrice, ActualPrice, ID_Customer, ID_Review, ID_Employee, ID_Branch) VALUES (23, 14, '2024-11-14', 0, 0, 3, 23, 133, 1);
INSERT INTO [ORDER] (ID_Order, ID_Table, OrderDate, TotalPrice, ActualPrice, ID_Customer, ID_Review, ID_Employee, ID_Branch) VALUES (24, 9, '2024-08-16', 0, 0, 25, 24, 154, 1);
INSERT INTO [ORDER] (ID_Order, ID_Table, OrderDate, TotalPrice, ActualPrice, ID_Customer, ID_Review, ID_Employee, ID_Branch) VALUES (25, 22, '2023-12-22', 0, 0, 18, 25, 77, 1);
INSERT INTO [ORDER] (ID_Order, ID_Table, OrderDate, TotalPrice, ActualPrice, ID_Customer, ID_Review, ID_Employee, ID_Branch) VALUES (26, 4, '2024-01-18', 0, 0, 8, 26, 83, 1);
INSERT INTO [ORDER] (ID_Order, ID_Table, OrderDate, TotalPrice, ActualPrice, ID_Customer, ID_Review, ID_Employee, ID_Branch) VALUES (27, 3, '2024-09-09', 0, 0, 16, 27, 136, 1);
INSERT INTO [ORDER] (ID_Order, ID_Table, OrderDate, TotalPrice, ActualPrice, ID_Customer, ID_Review, ID_Employee, ID_Branch) VALUES (28, 2, '2024-10-10', 0, 0, 39, 28, 166, 1);
INSERT INTO [ORDER] (ID_Order, ID_Table, OrderDate, TotalPrice, ActualPrice, ID_Customer, ID_Review, ID_Employee, ID_Branch) VALUES (29, 12, '2024-07-12', 0, 0, 37, 29, 4, 1);
INSERT INTO [ORDER] (ID_Order, ID_Table, OrderDate, TotalPrice, ActualPrice, ID_Customer, ID_Review, ID_Employee, ID_Branch) VALUES (30, 8, '2024-02-15', 0, 0, 20, 30, 48, 1);
INSERT INTO [ORDER] (ID_Order, ID_Table, OrderDate, TotalPrice, ActualPrice, ID_Customer, ID_Review, ID_Employee, ID_Branch) VALUES (31, 11, '2024-09-15', 0, 0, 14, 31, 160, 1);
INSERT INTO [ORDER] (ID_Order, ID_Table, OrderDate, TotalPrice, ActualPrice, ID_Customer, ID_Review, ID_Employee, ID_Branch) VALUES (32, NULL, '2022-12-20', 0, 0, 14, 32, 158, 1);
INSERT INTO [ORDER] (ID_Order, ID_Table, OrderDate, TotalPrice, ActualPrice, ID_Customer, ID_Review, ID_Employee, ID_Branch) VALUES (33, NULL, '2023-12-07', 0, 0, 38, 33, 84, 1);
INSERT INTO [ORDER] (ID_Order, ID_Table, OrderDate, TotalPrice, ActualPrice, ID_Customer, ID_Review, ID_Employee, ID_Branch) VALUES (34, NULL, '2023-02-08', 0, 0, 12, 34, 144, 1);
INSERT INTO [ORDER] (ID_Order, ID_Table, OrderDate, TotalPrice, ActualPrice, ID_Customer, ID_Review, ID_Employee, ID_Branch) VALUES (35, NULL, '2024-06-18', 0, 0, 33, 35, 166, 1);
INSERT INTO [ORDER] (ID_Order, ID_Table, OrderDate, TotalPrice, ActualPrice, ID_Customer, ID_Review, ID_Employee, ID_Branch) VALUES (36, NULL, '2023-01-20', 0, 0, 22, 36, 136, 1);
INSERT INTO [ORDER] (ID_Order, ID_Table, OrderDate, TotalPrice, ActualPrice, ID_Customer, ID_Review, ID_Employee, ID_Branch) VALUES (37, NULL, '2023-01-15', 0, 0, 7, 37, 114, 1);
INSERT INTO [ORDER] (ID_Order, ID_Table, OrderDate, TotalPrice, ActualPrice, ID_Customer, ID_Review, ID_Employee, ID_Branch) VALUES (38, NULL, '2023-02-03', 0, 0, 9, 38, 64, 1);
INSERT INTO [ORDER] (ID_Order, ID_Table, OrderDate, TotalPrice, ActualPrice, ID_Customer, ID_Review, ID_Employee, ID_Branch) VALUES (39, NULL, '2023-04-21', 0, 0, 15, 39, 43, 1);
INSERT INTO [ORDER] (ID_Order, ID_Table, OrderDate, TotalPrice, ActualPrice, ID_Customer, ID_Review, ID_Employee, ID_Branch) VALUES (40, NULL, '2023-07-26', 0, 0, 33, 40, 35, 1);
INSERT INTO [ORDER] (ID_Order, ID_Table, OrderDate, TotalPrice, ActualPrice, ID_Customer, ID_Review, ID_Employee, ID_Branch) VALUES (1, 43, '2023-10-03', 0, 0, 8, 1, 105, 2);
INSERT INTO [ORDER] (ID_Order, ID_Table, OrderDate, TotalPrice, ActualPrice, ID_Customer, ID_Review, ID_Employee, ID_Branch) VALUES (2, 47, '2023-08-10', 0, 0, 34, 2, 212, 2);
INSERT INTO [ORDER] (ID_Order, ID_Table, OrderDate, TotalPrice, ActualPrice, ID_Customer, ID_Review, ID_Employee, ID_Branch) VALUES (3, 40, '2024-05-20', 0, 0, 16, 3, 80, 2);
INSERT INTO [ORDER] (ID_Order, ID_Table, OrderDate, TotalPrice, ActualPrice, ID_Customer, ID_Review, ID_Employee, ID_Branch) VALUES (4, 41, '2023-11-08', 0, 0, 4, 4, 108, 2);
INSERT INTO [ORDER] (ID_Order, ID_Table, OrderDate, TotalPrice, ActualPrice, ID_Customer, ID_Review, ID_Employee, ID_Branch) VALUES (5, 49, '2024-08-22', 0, 0, 18, 5, 183, 2);
INSERT INTO [ORDER] (ID_Order, ID_Table, OrderDate, TotalPrice, ActualPrice, ID_Customer, ID_Review, ID_Employee, ID_Branch) VALUES (6, 33, '2024-05-08', 0, 0, 19, 6, 219, 2);
INSERT INTO [ORDER] (ID_Order, ID_Table, OrderDate, TotalPrice, ActualPrice, ID_Customer, ID_Review, ID_Employee, ID_Branch) VALUES (7, 24, '2024-12-02', 0, 0, 32, 7, 176, 2);
INSERT INTO [ORDER] (ID_Order, ID_Table, OrderDate, TotalPrice, ActualPrice, ID_Customer, ID_Review, ID_Employee, ID_Branch) VALUES (8, 27, '2023-08-14', 0, 0, 21, 8, 68, 2);
INSERT INTO [ORDER] (ID_Order, ID_Table, OrderDate, TotalPrice, ActualPrice, ID_Customer, ID_Review, ID_Employee, ID_Branch) VALUES (9, 35, '2024-08-13', 0, 0, 8, 9, 53, 2);
INSERT INTO [ORDER] (ID_Order, ID_Table, OrderDate, TotalPrice, ActualPrice, ID_Customer, ID_Review, ID_Employee, ID_Branch) VALUES (10, 40, '2024-02-21', 0, 0, 15, 10, 88, 2);
INSERT INTO [ORDER] (ID_Order, ID_Table, OrderDate, TotalPrice, ActualPrice, ID_Customer, ID_Review, ID_Employee, ID_Branch) VALUES (11, 45, '2024-08-23', 0, 0, 2, 11, 215, 2);
INSERT INTO [ORDER] (ID_Order, ID_Table, OrderDate, TotalPrice, ActualPrice, ID_Customer, ID_Review, ID_Employee, ID_Branch) VALUES (12, 35, '2023-04-14', 0, 0, 24, 12, 40, 2);
INSERT INTO [ORDER] (ID_Order, ID_Table, OrderDate, TotalPrice, ActualPrice, ID_Customer, ID_Review, ID_Employee, ID_Branch) VALUES (13, 41, '2024-03-24', 0, 0, 11, 13, 27, 2);
INSERT INTO [ORDER] (ID_Order, ID_Table, OrderDate, TotalPrice, ActualPrice, ID_Customer, ID_Review, ID_Employee, ID_Branch) VALUES (14, 29, '2023-01-23', 0, 0, 40, 14, 125, 2);
INSERT INTO [ORDER] (ID_Order, ID_Table, OrderDate, TotalPrice, ActualPrice, ID_Customer, ID_Review, ID_Employee, ID_Branch) VALUES (15, 28, '2024-10-28', 0, 0, 19, 15, 12, 2);
INSERT INTO [ORDER] (ID_Order, ID_Table, OrderDate, TotalPrice, ActualPrice, ID_Customer, ID_Review, ID_Employee, ID_Branch) VALUES (16, 26, '2024-07-21', 0, 0, 31, 16, 88, 2);
INSERT INTO [ORDER] (ID_Order, ID_Table, OrderDate, TotalPrice, ActualPrice, ID_Customer, ID_Review, ID_Employee, ID_Branch) VALUES (17, 37, '2023-05-08', 0, 0, 18, 17, 173, 2);
INSERT INTO [ORDER] (ID_Order, ID_Table, OrderDate, TotalPrice, ActualPrice, ID_Customer, ID_Review, ID_Employee, ID_Branch) VALUES (18, 37, '2023-02-18', 0, 0, 35, 18, 164, 2);
INSERT INTO [ORDER] (ID_Order, ID_Table, OrderDate, TotalPrice, ActualPrice, ID_Customer, ID_Review, ID_Employee, ID_Branch) VALUES (19, 27, '2022-12-30', 0, 0, 3, 19, 49, 2);
INSERT INTO [ORDER] (ID_Order, ID_Table, OrderDate, TotalPrice, ActualPrice, ID_Customer, ID_Review, ID_Employee, ID_Branch) VALUES (20, 31, '2024-09-18', 0, 0, 27, 20, 205, 2);
INSERT INTO [ORDER] (ID_Order, ID_Table, OrderDate, TotalPrice, ActualPrice, ID_Customer, ID_Review, ID_Employee, ID_Branch) VALUES (21, 46, '2024-10-21', 0, 0, 22, 21, 176, 2);
INSERT INTO [ORDER] (ID_Order, ID_Table, OrderDate, TotalPrice, ActualPrice, ID_Customer, ID_Review, ID_Employee, ID_Branch) VALUES (22, 27, '2024-09-21', 0, 0, 13, 22, 186, 2);
INSERT INTO [ORDER] (ID_Order, ID_Table, OrderDate, TotalPrice, ActualPrice, ID_Customer, ID_Review, ID_Employee, ID_Branch) VALUES (23, 28, '2023-02-13', 0, 0, 23, 23, 205, 2);
INSERT INTO [ORDER] (ID_Order, ID_Table, OrderDate, TotalPrice, ActualPrice, ID_Customer, ID_Review, ID_Employee, ID_Branch) VALUES (24, 38, '2022-12-20', 0, 0, 35, 24, 32, 2);
INSERT INTO [ORDER] (ID_Order, ID_Table, OrderDate, TotalPrice, ActualPrice, ID_Customer, ID_Review, ID_Employee, ID_Branch) VALUES (25, 28, '2024-05-20', 0, 0, 5, 25, 54, 2);
INSERT INTO [ORDER] (ID_Order, ID_Table, OrderDate, TotalPrice, ActualPrice, ID_Customer, ID_Review, ID_Employee, ID_Branch) VALUES (26, 37, '2024-05-29', 0, 0, 1, 26, 27, 2);
INSERT INTO [ORDER] (ID_Order, ID_Table, OrderDate, TotalPrice, ActualPrice, ID_Customer, ID_Review, ID_Employee, ID_Branch) VALUES (27, 37, '2023-07-15', 0, 0, 10, 27, 186, 2);
INSERT INTO [ORDER] (ID_Order, ID_Table, OrderDate, TotalPrice, ActualPrice, ID_Customer, ID_Review, ID_Employee, ID_Branch) VALUES (28, 25, '2023-02-08', 0, 0, 30, 28, 164, 2);
INSERT INTO [ORDER] (ID_Order, ID_Table, OrderDate, TotalPrice, ActualPrice, ID_Customer, ID_Review, ID_Employee, ID_Branch) VALUES (29, 40, '2023-07-13', 0, 0, 9, 29, 4, 2);
INSERT INTO [ORDER] (ID_Order, ID_Table, OrderDate, TotalPrice, ActualPrice, ID_Customer, ID_Review, ID_Employee, ID_Branch) VALUES (30, 38, '2024-08-28', 0, 0, 21, 30, 105, 2);
INSERT INTO [ORDER] (ID_Order, ID_Table, OrderDate, TotalPrice, ActualPrice, ID_Customer, ID_Review, ID_Employee, ID_Branch) VALUES (31, 40, '2023-04-24', 0, 0, 36, 31, 188, 2);
INSERT INTO [ORDER] (ID_Order, ID_Table, OrderDate, TotalPrice, ActualPrice, ID_Customer, ID_Review, ID_Employee, ID_Branch) VALUES (32, NULL, '2023-08-21', 0, 0, 30, 32, 4, 2);
INSERT INTO [ORDER] (ID_Order, ID_Table, OrderDate, TotalPrice, ActualPrice, ID_Customer, ID_Review, ID_Employee, ID_Branch) VALUES (33, NULL, '2023-11-19', 0, 0, 39, 33, 19, 2);
INSERT INTO [ORDER] (ID_Order, ID_Table, OrderDate, TotalPrice, ActualPrice, ID_Customer, ID_Review, ID_Employee, ID_Branch) VALUES (34, NULL, '2024-02-24', 0, 0, 27, 34, 80, 2);
INSERT INTO [ORDER] (ID_Order, ID_Table, OrderDate, TotalPrice, ActualPrice, ID_Customer, ID_Review, ID_Employee, ID_Branch) VALUES (35, NULL, '2023-02-21', 0, 0, 14, 35, 157, 2);
INSERT INTO [ORDER] (ID_Order, ID_Table, OrderDate, TotalPrice, ActualPrice, ID_Customer, ID_Review, ID_Employee, ID_Branch) VALUES (36, NULL, '2023-06-24', 0, 0, 30, 36, 205, 2);
INSERT INTO [ORDER] (ID_Order, ID_Table, OrderDate, TotalPrice, ActualPrice, ID_Customer, ID_Review, ID_Employee, ID_Branch) VALUES (37, NULL, '2023-08-31', 0, 0, 16, 37, 119, 2);
INSERT INTO [ORDER] (ID_Order, ID_Table, OrderDate, TotalPrice, ActualPrice, ID_Customer, ID_Review, ID_Employee, ID_Branch) VALUES (38, NULL, '2024-03-02', 0, 0, 27, 38, 99, 2);
INSERT INTO [ORDER] (ID_Order, ID_Table, OrderDate, TotalPrice, ActualPrice, ID_Customer, ID_Review, ID_Employee, ID_Branch) VALUES (39, NULL, '2024-01-08', 0, 0, 4, 39, 53, 2);
INSERT INTO [ORDER] (ID_Order, ID_Table, OrderDate, TotalPrice, ActualPrice, ID_Customer, ID_Review, ID_Employee, ID_Branch) VALUES (40, NULL, '2024-08-16', 0, 0, 17, 40, 88, 2);
INSERT INTO [ORDER] (ID_Order, ID_Table, OrderDate, TotalPrice, ActualPrice, ID_Customer, ID_Review, ID_Employee, ID_Branch) VALUES (1, 74, '2023-10-29', 0, 0, 24, 1, 68, 3);
INSERT INTO [ORDER] (ID_Order, ID_Table, OrderDate, TotalPrice, ActualPrice, ID_Customer, ID_Review, ID_Employee, ID_Branch) VALUES (2, 75, '2024-10-22', 0, 0, 31, 2, 14, 3);
INSERT INTO [ORDER] (ID_Order, ID_Table, OrderDate, TotalPrice, ActualPrice, ID_Customer, ID_Review, ID_Employee, ID_Branch) VALUES (3, 70, '2024-08-16', 0, 0, 33, 3, 14, 3);
INSERT INTO [ORDER] (ID_Order, ID_Table, OrderDate, TotalPrice, ActualPrice, ID_Customer, ID_Review, ID_Employee, ID_Branch) VALUES (4, 77, '2024-07-31', 0, 0, 14, 4, 2, 3);
INSERT INTO [ORDER] (ID_Order, ID_Table, OrderDate, TotalPrice, ActualPrice, ID_Customer, ID_Review, ID_Employee, ID_Branch) VALUES (5, 52, '2023-10-20', 0, 0, 13, 5, 29, 3);
INSERT INTO [ORDER] (ID_Order, ID_Table, OrderDate, TotalPrice, ActualPrice, ID_Customer, ID_Review, ID_Employee, ID_Branch) VALUES (6, 67, '2023-11-16', 0, 0, 27, 6, 89, 3);
INSERT INTO [ORDER] (ID_Order, ID_Table, OrderDate, TotalPrice, ActualPrice, ID_Customer, ID_Review, ID_Employee, ID_Branch) VALUES (7, 68, '2023-02-26', 0, 0, 38, 7, 55, 3);
INSERT INTO [ORDER] (ID_Order, ID_Table, OrderDate, TotalPrice, ActualPrice, ID_Customer, ID_Review, ID_Employee, ID_Branch) VALUES (8, 66, '2022-12-24', 0, 0, 11, 8, 104, 3);
INSERT INTO [ORDER] (ID_Order, ID_Table, OrderDate, TotalPrice, ActualPrice, ID_Customer, ID_Review, ID_Employee, ID_Branch) VALUES (9, 74, '2024-03-28', 0, 0, 20, 9, 206, 3);
INSERT INTO [ORDER] (ID_Order, ID_Table, OrderDate, TotalPrice, ActualPrice, ID_Customer, ID_Review, ID_Employee, ID_Branch) VALUES (10, 65, '2024-10-06', 0, 0, 29, 10, 206, 3);
INSERT INTO [ORDER] (ID_Order, ID_Table, OrderDate, TotalPrice, ActualPrice, ID_Customer, ID_Review, ID_Employee, ID_Branch) VALUES (11, 74, '2024-01-06', 0, 0, 32, 11, 48, 3);
INSERT INTO [ORDER] (ID_Order, ID_Table, OrderDate, TotalPrice, ActualPrice, ID_Customer, ID_Review, ID_Employee, ID_Branch) VALUES (12, 76, '2023-06-03', 0, 0, 12, 12, 75, 3);
INSERT INTO [ORDER] (ID_Order, ID_Table, OrderDate, TotalPrice, ActualPrice, ID_Customer, ID_Review, ID_Employee, ID_Branch) VALUES (13, 66, '2023-06-24', 0, 0, 25, 13, 153, 3);
INSERT INTO [ORDER] (ID_Order, ID_Table, OrderDate, TotalPrice, ActualPrice, ID_Customer, ID_Review, ID_Employee, ID_Branch) VALUES (14, 67, '2024-07-23', 0, 0, 8, 14, 129, 3);
INSERT INTO [ORDER] (ID_Order, ID_Table, OrderDate, TotalPrice, ActualPrice, ID_Customer, ID_Review, ID_Employee, ID_Branch) VALUES (15, 51, '2024-08-13', 0, 0, 34, 15, 124, 3);
INSERT INTO [ORDER] (ID_Order, ID_Table, OrderDate, TotalPrice, ActualPrice, ID_Customer, ID_Review, ID_Employee, ID_Branch) VALUES (16, 77, '2024-08-13', 0, 0, 21, 16, 124, 3);
INSERT INTO [ORDER] (ID_Order, ID_Table, OrderDate, TotalPrice, ActualPrice, ID_Customer, ID_Review, ID_Employee, ID_Branch) VALUES (17, 53, '2023-05-04', 0, 0, 15, 17, 29, 3);
INSERT INTO [ORDER] (ID_Order, ID_Table, OrderDate, TotalPrice, ActualPrice, ID_Customer, ID_Review, ID_Employee, ID_Branch) VALUES (18, 71, '2024-04-30', 0, 0, 7, 18, 34, 3);
INSERT INTO [ORDER] (ID_Order, ID_Table, OrderDate, TotalPrice, ActualPrice, ID_Customer, ID_Review, ID_Employee, ID_Branch) VALUES (19, 77, '2023-03-06', 0, 0, 27, 19, 48, 3);
INSERT INTO [ORDER] (ID_Order, ID_Table, OrderDate, TotalPrice, ActualPrice, ID_Customer, ID_Review, ID_Employee, ID_Branch) VALUES (20, 69, '2024-07-31', 0, 0, 28, 20, 29, 3);
INSERT INTO [ORDER] (ID_Order, ID_Table, OrderDate, TotalPrice, ActualPrice, ID_Customer, ID_Review, ID_Employee, ID_Branch) VALUES (21, 61, '2024-06-20', 0, 0, 39, 21, 133, 3);
INSERT INTO [ORDER] (ID_Order, ID_Table, OrderDate, TotalPrice, ActualPrice, ID_Customer, ID_Review, ID_Employee, ID_Branch) VALUES (22, 72, '2023-01-15', 0, 0, 6, 22, 148, 3);
INSERT INTO [ORDER] (ID_Order, ID_Table, OrderDate, TotalPrice, ActualPrice, ID_Customer, ID_Review, ID_Employee, ID_Branch) VALUES (23, 54, '2024-10-21', 0, 0, 30, 23, 135, 3);
INSERT INTO [ORDER] (ID_Order, ID_Table, OrderDate, TotalPrice, ActualPrice, ID_Customer, ID_Review, ID_Employee, ID_Branch) VALUES (24, 58, '2023-09-25', 0, 0, 28, 24, 206, 3);
INSERT INTO [ORDER] (ID_Order, ID_Table, OrderDate, TotalPrice, ActualPrice, ID_Customer, ID_Review, ID_Employee, ID_Branch) VALUES (25, 52, '2024-01-25', 0, 0, 40, 25, 174, 3);
INSERT INTO [ORDER] (ID_Order, ID_Table, OrderDate, TotalPrice, ActualPrice, ID_Customer, ID_Review, ID_Employee, ID_Branch) VALUES (26, 62, '2023-07-03', 0, 0, 27, 26, 29, 3);
INSERT INTO [ORDER] (ID_Order, ID_Table, OrderDate, TotalPrice, ActualPrice, ID_Customer, ID_Review, ID_Employee, ID_Branch) VALUES (27, 54, '2023-02-22', 0, 0, 4, 27, 15, 3);
INSERT INTO [ORDER] (ID_Order, ID_Table, OrderDate, TotalPrice, ActualPrice, ID_Customer, ID_Review, ID_Employee, ID_Branch) VALUES (28, 53, '2023-09-20', 0, 0, 41, 28, 14, 3);
INSERT INTO [ORDER] (ID_Order, ID_Table, OrderDate, TotalPrice, ActualPrice, ID_Customer, ID_Review, ID_Employee, ID_Branch) VALUES (29, 66, '2023-03-20', 0, 0, 24, 29, 177, 3);
INSERT INTO [ORDER] (ID_Order, ID_Table, OrderDate, TotalPrice, ActualPrice, ID_Customer, ID_Review, ID_Employee, ID_Branch) VALUES (30, 63, '2023-06-27', 0, 0, 21, 30, 108, 3);
INSERT INTO [ORDER] (ID_Order, ID_Table, OrderDate, TotalPrice, ActualPrice, ID_Customer, ID_Review, ID_Employee, ID_Branch) VALUES (31, 69, '2023-08-26', 0, 0, 33, 31, 10, 3);
INSERT INTO [ORDER] (ID_Order, ID_Table, OrderDate, TotalPrice, ActualPrice, ID_Customer, ID_Review, ID_Employee, ID_Branch) VALUES (32, NULL, '2023-01-12', 0, 0, 15, 32, 55, 3);
INSERT INTO [ORDER] (ID_Order, ID_Table, OrderDate, TotalPrice, ActualPrice, ID_Customer, ID_Review, ID_Employee, ID_Branch) VALUES (33, NULL, '2023-09-07', 0, 0, 14, 33, 193, 3);
INSERT INTO [ORDER] (ID_Order, ID_Table, OrderDate, TotalPrice, ActualPrice, ID_Customer, ID_Review, ID_Employee, ID_Branch) VALUES (34, NULL, '2024-04-15', 0, 0, 6, 34, 124, 3);
INSERT INTO [ORDER] (ID_Order, ID_Table, OrderDate, TotalPrice, ActualPrice, ID_Customer, ID_Review, ID_Employee, ID_Branch) VALUES (35, NULL, '2024-10-11', 0, 0, 21, 35, 111, 3);
INSERT INTO [ORDER] (ID_Order, ID_Table, OrderDate, TotalPrice, ActualPrice, ID_Customer, ID_Review, ID_Employee, ID_Branch) VALUES (36, NULL, '2023-11-23', 0, 0, 5, 36, 34, 3);
INSERT INTO [ORDER] (ID_Order, ID_Table, OrderDate, TotalPrice, ActualPrice, ID_Customer, ID_Review, ID_Employee, ID_Branch) VALUES (37, NULL, '2024-10-09', 0, 0, 15, 37, 132, 3);
INSERT INTO [ORDER] (ID_Order, ID_Table, OrderDate, TotalPrice, ActualPrice, ID_Customer, ID_Review, ID_Employee, ID_Branch) VALUES (38, NULL, '2024-12-09', 0, 0, 28, 38, 104, 3);
INSERT INTO [ORDER] (ID_Order, ID_Table, OrderDate, TotalPrice, ActualPrice, ID_Customer, ID_Review, ID_Employee, ID_Branch) VALUES (39, NULL, '2023-04-04', 0, 0, 3, 39, 204, 3);
INSERT INTO [ORDER] (ID_Order, ID_Table, OrderDate, TotalPrice, ActualPrice, ID_Customer, ID_Review, ID_Employee, ID_Branch) VALUES (40, NULL, '2024-07-09', 0, 0, 28, 40, 153, 3);
INSERT INTO [ORDER] (ID_Order, ID_Table, OrderDate, TotalPrice, ActualPrice, ID_Customer, ID_Review, ID_Employee, ID_Branch) VALUES (1, 85, '2024-04-04', 0, 0, 6, 1, 158, 4);
INSERT INTO [ORDER] (ID_Order, ID_Table, OrderDate, TotalPrice, ActualPrice, ID_Customer, ID_Review, ID_Employee, ID_Branch) VALUES (2, 101, '2024-11-08', 0, 0, 5, 2, 21, 4);
INSERT INTO [ORDER] (ID_Order, ID_Table, OrderDate, TotalPrice, ActualPrice, ID_Customer, ID_Review, ID_Employee, ID_Branch) VALUES (3, 90, '2023-09-25', 0, 0, 20, 3, 215, 4);
INSERT INTO [ORDER] (ID_Order, ID_Table, OrderDate, TotalPrice, ActualPrice, ID_Customer, ID_Review, ID_Employee, ID_Branch) VALUES (4, 89, '2023-12-13', 0, 0, 6, 4, 104, 4);
INSERT INTO [ORDER] (ID_Order, ID_Table, OrderDate, TotalPrice, ActualPrice, ID_Customer, ID_Review, ID_Employee, ID_Branch) VALUES (5, 98, '2024-03-25', 0, 0, 32, 5, 131, 4);
INSERT INTO [ORDER] (ID_Order, ID_Table, OrderDate, TotalPrice, ActualPrice, ID_Customer, ID_Review, ID_Employee, ID_Branch) VALUES (6, 100, '2023-04-27', 0, 0, 15, 6, 99, 4);
INSERT INTO [ORDER] (ID_Order, ID_Table, OrderDate, TotalPrice, ActualPrice, ID_Customer, ID_Review, ID_Employee, ID_Branch) VALUES (7, 98, '2024-02-24', 0, 0, 39, 7, 89, 4);
INSERT INTO [ORDER] (ID_Order, ID_Table, OrderDate, TotalPrice, ActualPrice, ID_Customer, ID_Review, ID_Employee, ID_Branch) VALUES (8, 97, '2023-07-01', 0, 0, 5, 8, 105, 4);
INSERT INTO [ORDER] (ID_Order, ID_Table, OrderDate, TotalPrice, ActualPrice, ID_Customer, ID_Review, ID_Employee, ID_Branch) VALUES (9, 90, '2023-05-27', 0, 0, 8, 9, 45, 4);
INSERT INTO [ORDER] (ID_Order, ID_Table, OrderDate, TotalPrice, ActualPrice, ID_Customer, ID_Review, ID_Employee, ID_Branch) VALUES (10, 80, '2023-12-10', 0, 0, 33, 10, 69, 4);
INSERT INTO [ORDER] (ID_Order, ID_Table, OrderDate, TotalPrice, ActualPrice, ID_Customer, ID_Review, ID_Employee, ID_Branch) VALUES (11, 84, '2024-04-14', 0, 0, 3, 11, 17, 4);
INSERT INTO [ORDER] (ID_Order, ID_Table, OrderDate, TotalPrice, ActualPrice, ID_Customer, ID_Review, ID_Employee, ID_Branch) VALUES (12, 87, '2023-12-31', 0, 0, 17, 12, 135, 4);
INSERT INTO [ORDER] (ID_Order, ID_Table, OrderDate, TotalPrice, ActualPrice, ID_Customer, ID_Review, ID_Employee, ID_Branch) VALUES (13, 100, '2023-02-10', 0, 0, 25, 13, 182, 4);
INSERT INTO [ORDER] (ID_Order, ID_Table, OrderDate, TotalPrice, ActualPrice, ID_Customer, ID_Review, ID_Employee, ID_Branch) VALUES (14, 89, '2023-07-01', 0, 0, 20, 14, 106, 4);
INSERT INTO [ORDER] (ID_Order, ID_Table, OrderDate, TotalPrice, ActualPrice, ID_Customer, ID_Review, ID_Employee, ID_Branch) VALUES (15, 80, '2022-12-31', 0, 0, 3, 15, 215, 4);
INSERT INTO [ORDER] (ID_Order, ID_Table, OrderDate, TotalPrice, ActualPrice, ID_Customer, ID_Review, ID_Employee, ID_Branch) VALUES (16, 80, '2024-08-12', 0, 0, 6, 16, 177, 4);
INSERT INTO [ORDER] (ID_Order, ID_Table, OrderDate, TotalPrice, ActualPrice, ID_Customer, ID_Review, ID_Employee, ID_Branch) VALUES (17, 80, '2023-05-10', 0, 0, 23, 17, 120, 4);
INSERT INTO [ORDER] (ID_Order, ID_Table, OrderDate, TotalPrice, ActualPrice, ID_Customer, ID_Review, ID_Employee, ID_Branch) VALUES (18, 85, '2023-05-24', 0, 0, 23, 18, 74, 4);
INSERT INTO [ORDER] (ID_Order, ID_Table, OrderDate, TotalPrice, ActualPrice, ID_Customer, ID_Review, ID_Employee, ID_Branch) VALUES (19, 97, '2023-05-17', 0, 0, 40, 19, 98, 4);
INSERT INTO [ORDER] (ID_Order, ID_Table, OrderDate, TotalPrice, ActualPrice, ID_Customer, ID_Review, ID_Employee, ID_Branch) VALUES (20, 87, '2023-12-24', 0, 0, 39, 20, 24, 4);
INSERT INTO [ORDER] (ID_Order, ID_Table, OrderDate, TotalPrice, ActualPrice, ID_Customer, ID_Review, ID_Employee, ID_Branch) VALUES (21, 94, '2024-07-20', 0, 0, 30, 21, 158, 4);
INSERT INTO [ORDER] (ID_Order, ID_Table, OrderDate, TotalPrice, ActualPrice, ID_Customer, ID_Review, ID_Employee, ID_Branch) VALUES (22, 102, '2023-04-05', 0, 0, 25, 22, 6, 4);
INSERT INTO [ORDER] (ID_Order, ID_Table, OrderDate, TotalPrice, ActualPrice, ID_Customer, ID_Review, ID_Employee, ID_Branch) VALUES (23, 102, '2024-04-28', 0, 0, 7, 23, 66, 4);
INSERT INTO [ORDER] (ID_Order, ID_Table, OrderDate, TotalPrice, ActualPrice, ID_Customer, ID_Review, ID_Employee, ID_Branch) VALUES (24, 92, '2024-02-07', 0, 0, 8, 24, 219, 4);
INSERT INTO [ORDER] (ID_Order, ID_Table, OrderDate, TotalPrice, ActualPrice, ID_Customer, ID_Review, ID_Employee, ID_Branch) VALUES (25, 100, '2023-08-17', 0, 0, 21, 25, 150, 4);
INSERT INTO [ORDER] (ID_Order, ID_Table, OrderDate, TotalPrice, ActualPrice, ID_Customer, ID_Review, ID_Employee, ID_Branch) VALUES (26, 84, '2024-05-03', 0, 0, 10, 26, 104, 4);
INSERT INTO [ORDER] (ID_Order, ID_Table, OrderDate, TotalPrice, ActualPrice, ID_Customer, ID_Review, ID_Employee, ID_Branch) VALUES (27, 89, '2024-05-09', 0, 0, 18, 27, 29, 4);
INSERT INTO [ORDER] (ID_Order, ID_Table, OrderDate, TotalPrice, ActualPrice, ID_Customer, ID_Review, ID_Employee, ID_Branch) VALUES (28, 89, '2023-05-22', 0, 0, 30, 28, 99, 4);
INSERT INTO [ORDER] (ID_Order, ID_Table, OrderDate, TotalPrice, ActualPrice, ID_Customer, ID_Review, ID_Employee, ID_Branch) VALUES (29, 87, '2023-06-23', 0, 0, 29, 29, 21, 4);
INSERT INTO [ORDER] (ID_Order, ID_Table, OrderDate, TotalPrice, ActualPrice, ID_Customer, ID_Review, ID_Employee, ID_Branch) VALUES (30, 100, '2024-11-24', 0, 0, 40, 30, 67, 4);
INSERT INTO [ORDER] (ID_Order, ID_Table, OrderDate, TotalPrice, ActualPrice, ID_Customer, ID_Review, ID_Employee, ID_Branch) VALUES (31, 86, '2023-02-02', 0, 0, 38, 31, 166, 4);
INSERT INTO [ORDER] (ID_Order, ID_Table, OrderDate, TotalPrice, ActualPrice, ID_Customer, ID_Review, ID_Employee, ID_Branch) VALUES (32, NULL, '2024-02-02', 0, 0, 29, 32, 69, 4);
INSERT INTO [ORDER] (ID_Order, ID_Table, OrderDate, TotalPrice, ActualPrice, ID_Customer, ID_Review, ID_Employee, ID_Branch) VALUES (33, NULL, '2023-09-23', 0, 0, 10, 33, 150, 4);
INSERT INTO [ORDER] (ID_Order, ID_Table, OrderDate, TotalPrice, ActualPrice, ID_Customer, ID_Review, ID_Employee, ID_Branch) VALUES (34, NULL, '2023-08-29', 0, 0, 16, 34, 132, 4);
INSERT INTO [ORDER] (ID_Order, ID_Table, OrderDate, TotalPrice, ActualPrice, ID_Customer, ID_Review, ID_Employee, ID_Branch) VALUES (35, NULL, '2023-03-23', 0, 0, 14, 35, 138, 4);
INSERT INTO [ORDER] (ID_Order, ID_Table, OrderDate, TotalPrice, ActualPrice, ID_Customer, ID_Review, ID_Employee, ID_Branch) VALUES (36, NULL, '2023-11-30', 0, 0, 24, 36, 17, 4);
INSERT INTO [ORDER] (ID_Order, ID_Table, OrderDate, TotalPrice, ActualPrice, ID_Customer, ID_Review, ID_Employee, ID_Branch) VALUES (37, NULL, '2024-08-13', 0, 0, 32, 37, 149, 4);
INSERT INTO [ORDER] (ID_Order, ID_Table, OrderDate, TotalPrice, ActualPrice, ID_Customer, ID_Review, ID_Employee, ID_Branch) VALUES (38, NULL, '2024-01-18', 0, 0, 33, 38, 212, 4);
INSERT INTO [ORDER] (ID_Order, ID_Table, OrderDate, TotalPrice, ActualPrice, ID_Customer, ID_Review, ID_Employee, ID_Branch) VALUES (39, NULL, '2024-03-02', 0, 0, 23, 39, 166, 4);
INSERT INTO [ORDER] (ID_Order, ID_Table, OrderDate, TotalPrice, ActualPrice, ID_Customer, ID_Review, ID_Employee, ID_Branch) VALUES (40, NULL, '2024-10-19', 0, 0, 37, 40, 150, 4);
INSERT INTO [ORDER] (ID_Order, ID_Table, OrderDate, TotalPrice, ActualPrice, ID_Customer, ID_Review, ID_Employee, ID_Branch) VALUES (1, 106, '2023-07-16', 0, 0, 2, 1, 117, 5);
INSERT INTO [ORDER] (ID_Order, ID_Table, OrderDate, TotalPrice, ActualPrice, ID_Customer, ID_Review, ID_Employee, ID_Branch) VALUES (2, 126, '2023-07-26', 0, 0, 20, 2, 58, 5);
INSERT INTO [ORDER] (ID_Order, ID_Table, OrderDate, TotalPrice, ActualPrice, ID_Customer, ID_Review, ID_Employee, ID_Branch) VALUES (3, 110, '2023-05-11', 0, 0, 26, 3, 117, 5);
INSERT INTO [ORDER] (ID_Order, ID_Table, OrderDate, TotalPrice, ActualPrice, ID_Customer, ID_Review, ID_Employee, ID_Branch) VALUES (4, 121, '2023-05-09', 0, 0, 22, 4, 64, 5);
INSERT INTO [ORDER] (ID_Order, ID_Table, OrderDate, TotalPrice, ActualPrice, ID_Customer, ID_Review, ID_Employee, ID_Branch) VALUES (5, 131, '2024-12-02', 0, 0, 32, 5, 47, 5);
INSERT INTO [ORDER] (ID_Order, ID_Table, OrderDate, TotalPrice, ActualPrice, ID_Customer, ID_Review, ID_Employee, ID_Branch) VALUES (6, 121, '2024-06-10', 0, 0, 2, 6, 30, 5);
INSERT INTO [ORDER] (ID_Order, ID_Table, OrderDate, TotalPrice, ActualPrice, ID_Customer, ID_Review, ID_Employee, ID_Branch) VALUES (7, 112, '2024-06-06', 0, 0, 20, 7, 166, 5);
INSERT INTO [ORDER] (ID_Order, ID_Table, OrderDate, TotalPrice, ActualPrice, ID_Customer, ID_Review, ID_Employee, ID_Branch) VALUES (8, 119, '2023-11-10', 0, 0, 27, 8, 104, 5);
INSERT INTO [ORDER] (ID_Order, ID_Table, OrderDate, TotalPrice, ActualPrice, ID_Customer, ID_Review, ID_Employee, ID_Branch) VALUES (9, 133, '2024-11-19', 0, 0, 3, 9, 52, 5);
INSERT INTO [ORDER] (ID_Order, ID_Table, OrderDate, TotalPrice, ActualPrice, ID_Customer, ID_Review, ID_Employee, ID_Branch) VALUES (10, 111, '2023-05-09', 0, 0, 26, 10, 126, 5);
INSERT INTO [ORDER] (ID_Order, ID_Table, OrderDate, TotalPrice, ActualPrice, ID_Customer, ID_Review, ID_Employee, ID_Branch) VALUES (11, 108, '2024-05-17', 0, 0, 9, 11, 85, 5);
INSERT INTO [ORDER] (ID_Order, ID_Table, OrderDate, TotalPrice, ActualPrice, ID_Customer, ID_Review, ID_Employee, ID_Branch) VALUES (12, 115, '2024-02-02', 0, 0, 12, 12, 153, 5);
INSERT INTO [ORDER] (ID_Order, ID_Table, OrderDate, TotalPrice, ActualPrice, ID_Customer, ID_Review, ID_Employee, ID_Branch) VALUES (13, 113, '2024-09-04', 0, 0, 41, 13, 172, 5);
INSERT INTO [ORDER] (ID_Order, ID_Table, OrderDate, TotalPrice, ActualPrice, ID_Customer, ID_Review, ID_Employee, ID_Branch) VALUES (14, 126, '2024-07-01', 0, 0, 19, 14, 80, 5);
INSERT INTO [ORDER] (ID_Order, ID_Table, OrderDate, TotalPrice, ActualPrice, ID_Customer, ID_Review, ID_Employee, ID_Branch) VALUES (15, 111, '2024-12-03', 0, 0, 3, 15, 113, 5);
INSERT INTO [ORDER] (ID_Order, ID_Table, OrderDate, TotalPrice, ActualPrice, ID_Customer, ID_Review, ID_Employee, ID_Branch) VALUES (16, 115, '2024-04-26', 0, 0, 5, 16, 31, 5);
INSERT INTO [ORDER] (ID_Order, ID_Table, OrderDate, TotalPrice, ActualPrice, ID_Customer, ID_Review, ID_Employee, ID_Branch) VALUES (17, 126, '2024-07-18', 0, 0, 17, 17, 165, 5);
INSERT INTO [ORDER] (ID_Order, ID_Table, OrderDate, TotalPrice, ActualPrice, ID_Customer, ID_Review, ID_Employee, ID_Branch) VALUES (18, 129, '2024-12-07', 0, 0, 35, 18, 39, 5);
INSERT INTO [ORDER] (ID_Order, ID_Table, OrderDate, TotalPrice, ActualPrice, ID_Customer, ID_Review, ID_Employee, ID_Branch) VALUES (19, 112, '2023-11-09', 0, 0, 9, 19, 72, 5);
INSERT INTO [ORDER] (ID_Order, ID_Table, OrderDate, TotalPrice, ActualPrice, ID_Customer, ID_Review, ID_Employee, ID_Branch) VALUES (20, 121, '2023-12-05', 0, 0, 41, 20, 148, 5);
INSERT INTO [ORDER] (ID_Order, ID_Table, OrderDate, TotalPrice, ActualPrice, ID_Customer, ID_Review, ID_Employee, ID_Branch) VALUES (21, 130, '2023-11-01', 0, 0, 11, 21, 220, 5);
INSERT INTO [ORDER] (ID_Order, ID_Table, OrderDate, TotalPrice, ActualPrice, ID_Customer, ID_Review, ID_Employee, ID_Branch) VALUES (22, 120, '2023-12-18', 0, 0, 6, 22, 117, 5);
INSERT INTO [ORDER] (ID_Order, ID_Table, OrderDate, TotalPrice, ActualPrice, ID_Customer, ID_Review, ID_Employee, ID_Branch) VALUES (23, 126, '2023-06-23', 0, 0, 34, 23, 164, 5);
INSERT INTO [ORDER] (ID_Order, ID_Table, OrderDate, TotalPrice, ActualPrice, ID_Customer, ID_Review, ID_Employee, ID_Branch) VALUES (24, 131, '2023-06-11', 0, 0, 34, 24, 134, 5);
INSERT INTO [ORDER] (ID_Order, ID_Table, OrderDate, TotalPrice, ActualPrice, ID_Customer, ID_Review, ID_Employee, ID_Branch) VALUES (25, 133, '2024-07-20', 0, 0, 23, 25, 126, 5);
INSERT INTO [ORDER] (ID_Order, ID_Table, OrderDate, TotalPrice, ActualPrice, ID_Customer, ID_Review, ID_Employee, ID_Branch) VALUES (26, 117, '2024-04-10', 0, 0, 15, 26, 20, 5);
INSERT INTO [ORDER] (ID_Order, ID_Table, OrderDate, TotalPrice, ActualPrice, ID_Customer, ID_Review, ID_Employee, ID_Branch) VALUES (27, 127, '2024-03-21', 0, 0, 8, 27, 35, 5);
INSERT INTO [ORDER] (ID_Order, ID_Table, OrderDate, TotalPrice, ActualPrice, ID_Customer, ID_Review, ID_Employee, ID_Branch) VALUES (28, 108, '2023-01-17', 0, 0, 7, 28, 3, 5);
INSERT INTO [ORDER] (ID_Order, ID_Table, OrderDate, TotalPrice, ActualPrice, ID_Customer, ID_Review, ID_Employee, ID_Branch) VALUES (29, 121, '2024-05-11', 0, 0, 12, 29, 73, 5);
INSERT INTO [ORDER] (ID_Order, ID_Table, OrderDate, TotalPrice, ActualPrice, ID_Customer, ID_Review, ID_Employee, ID_Branch) VALUES (30, 130, '2023-12-29', 0, 0, 5, 30, 104, 5);
INSERT INTO [ORDER] (ID_Order, ID_Table, OrderDate, TotalPrice, ActualPrice, ID_Customer, ID_Review, ID_Employee, ID_Branch) VALUES (31, 129, '2024-09-29', 0, 0, 23, 31, 117, 5);
INSERT INTO [ORDER] (ID_Order, ID_Table, OrderDate, TotalPrice, ActualPrice, ID_Customer, ID_Review, ID_Employee, ID_Branch) VALUES (32, NULL, '2023-08-08', 0, 0, 2, 32, 166, 5);
INSERT INTO [ORDER] (ID_Order, ID_Table, OrderDate, TotalPrice, ActualPrice, ID_Customer, ID_Review, ID_Employee, ID_Branch) VALUES (33, NULL, '2023-09-19', 0, 0, 20, 33, 165, 5);
INSERT INTO [ORDER] (ID_Order, ID_Table, OrderDate, TotalPrice, ActualPrice, ID_Customer, ID_Review, ID_Employee, ID_Branch) VALUES (34, NULL, '2023-01-26', 0, 0, 25, 34, 165, 5);
INSERT INTO [ORDER] (ID_Order, ID_Table, OrderDate, TotalPrice, ActualPrice, ID_Customer, ID_Review, ID_Employee, ID_Branch) VALUES (35, NULL, '2023-08-08', 0, 0, 7, 35, 30, 5);
INSERT INTO [ORDER] (ID_Order, ID_Table, OrderDate, TotalPrice, ActualPrice, ID_Customer, ID_Review, ID_Employee, ID_Branch) VALUES (36, NULL, '2024-04-08', 0, 0, 39, 36, 166, 5);
INSERT INTO [ORDER] (ID_Order, ID_Table, OrderDate, TotalPrice, ActualPrice, ID_Customer, ID_Review, ID_Employee, ID_Branch) VALUES (37, NULL, '2024-03-02', 0, 0, 16, 37, 202, 5);
INSERT INTO [ORDER] (ID_Order, ID_Table, OrderDate, TotalPrice, ActualPrice, ID_Customer, ID_Review, ID_Employee, ID_Branch) VALUES (38, NULL, '2023-05-09', 0, 0, 39, 38, 165, 5);
INSERT INTO [ORDER] (ID_Order, ID_Table, OrderDate, TotalPrice, ActualPrice, ID_Customer, ID_Review, ID_Employee, ID_Branch) VALUES (39, NULL, '2024-11-06', 0, 0, 39, 39, 111, 5);
INSERT INTO [ORDER] (ID_Order, ID_Table, OrderDate, TotalPrice, ActualPrice, ID_Customer, ID_Review, ID_Employee, ID_Branch) VALUES (40, NULL, '2023-02-21', 0, 0, 14, 40, 126, 5);
INSERT INTO [ORDER] (ID_Order, ID_Table, OrderDate, TotalPrice, ActualPrice, ID_Customer, ID_Review, ID_Employee, ID_Branch) VALUES (1, 137, '2023-06-09', 0, 0, 6, 1, 207, 6);
INSERT INTO [ORDER] (ID_Order, ID_Table, OrderDate, TotalPrice, ActualPrice, ID_Customer, ID_Review, ID_Employee, ID_Branch) VALUES (2, 148, '2023-01-29', 0, 0, 28, 2, 56, 6);
INSERT INTO [ORDER] (ID_Order, ID_Table, OrderDate, TotalPrice, ActualPrice, ID_Customer, ID_Review, ID_Employee, ID_Branch) VALUES (3, 137, '2024-05-09', 0, 0, 31, 3, 162, 6);
INSERT INTO [ORDER] (ID_Order, ID_Table, OrderDate, TotalPrice, ActualPrice, ID_Customer, ID_Review, ID_Employee, ID_Branch) VALUES (4, 150, '2024-08-10', 0, 0, 18, 4, 175, 6);
INSERT INTO [ORDER] (ID_Order, ID_Table, OrderDate, TotalPrice, ActualPrice, ID_Customer, ID_Review, ID_Employee, ID_Branch) VALUES (5, 141, '2024-12-13', 0, 0, 35, 5, 56, 6);
INSERT INTO [ORDER] (ID_Order, ID_Table, OrderDate, TotalPrice, ActualPrice, ID_Customer, ID_Review, ID_Employee, ID_Branch) VALUES (6, 135, '2023-02-15', 0, 0, 27, 6, 131, 6);
INSERT INTO [ORDER] (ID_Order, ID_Table, OrderDate, TotalPrice, ActualPrice, ID_Customer, ID_Review, ID_Employee, ID_Branch) VALUES (7, 142, '2023-06-06', 0, 0, 7, 7, 97, 6);
INSERT INTO [ORDER] (ID_Order, ID_Table, OrderDate, TotalPrice, ActualPrice, ID_Customer, ID_Review, ID_Employee, ID_Branch) VALUES (8, 150, '2023-06-29', 0, 0, 25, 8, 133, 6);
INSERT INTO [ORDER] (ID_Order, ID_Table, OrderDate, TotalPrice, ActualPrice, ID_Customer, ID_Review, ID_Employee, ID_Branch) VALUES (9, 149, '2024-09-27', 0, 0, 41, 9, 10, 6);
INSERT INTO [ORDER] (ID_Order, ID_Table, OrderDate, TotalPrice, ActualPrice, ID_Customer, ID_Review, ID_Employee, ID_Branch) VALUES (10, 134, '2023-03-19', 0, 0, 32, 10, 123, 6);
INSERT INTO [ORDER] (ID_Order, ID_Table, OrderDate, TotalPrice, ActualPrice, ID_Customer, ID_Review, ID_Employee, ID_Branch) VALUES (11, 157, '2024-02-17', 0, 0, 41, 11, 207, 6);
INSERT INTO [ORDER] (ID_Order, ID_Table, OrderDate, TotalPrice, ActualPrice, ID_Customer, ID_Review, ID_Employee, ID_Branch) VALUES (12, 140, '2024-05-02', 0, 0, 7, 12, 189, 6);
INSERT INTO [ORDER] (ID_Order, ID_Table, OrderDate, TotalPrice, ActualPrice, ID_Customer, ID_Review, ID_Employee, ID_Branch) VALUES (13, 136, '2023-09-14', 0, 0, 7, 13, 76, 6);
INSERT INTO [ORDER] (ID_Order, ID_Table, OrderDate, TotalPrice, ActualPrice, ID_Customer, ID_Review, ID_Employee, ID_Branch) VALUES (14, 140, '2023-11-24', 0, 0, 34, 14, 128, 6);
INSERT INTO [ORDER] (ID_Order, ID_Table, OrderDate, TotalPrice, ActualPrice, ID_Customer, ID_Review, ID_Employee, ID_Branch) VALUES (15, 143, '2023-01-07', 0, 0, 32, 15, 112, 6);
INSERT INTO [ORDER] (ID_Order, ID_Table, OrderDate, TotalPrice, ActualPrice, ID_Customer, ID_Review, ID_Employee, ID_Branch) VALUES (16, 143, '2024-03-31', 0, 0, 24, 16, 181, 6);
INSERT INTO [ORDER] (ID_Order, ID_Table, OrderDate, TotalPrice, ActualPrice, ID_Customer, ID_Review, ID_Employee, ID_Branch) VALUES (17, 134, '2023-07-30', 0, 0, 39, 17, 3, 6);
INSERT INTO [ORDER] (ID_Order, ID_Table, OrderDate, TotalPrice, ActualPrice, ID_Customer, ID_Review, ID_Employee, ID_Branch) VALUES (18, 150, '2023-12-02', 0, 0, 14, 18, 131, 6);
INSERT INTO [ORDER] (ID_Order, ID_Table, OrderDate, TotalPrice, ActualPrice, ID_Customer, ID_Review, ID_Employee, ID_Branch) VALUES (19, 149, '2024-06-20', 0, 0, 41, 19, 182, 6);
INSERT INTO [ORDER] (ID_Order, ID_Table, OrderDate, TotalPrice, ActualPrice, ID_Customer, ID_Review, ID_Employee, ID_Branch) VALUES (20, 145, '2024-08-07', 0, 0, 36, 20, 56, 6);
INSERT INTO [ORDER] (ID_Order, ID_Table, OrderDate, TotalPrice, ActualPrice, ID_Customer, ID_Review, ID_Employee, ID_Branch) VALUES (21, 150, '2023-12-03', 0, 0, 21, 21, 30, 6);
INSERT INTO [ORDER] (ID_Order, ID_Table, OrderDate, TotalPrice, ActualPrice, ID_Customer, ID_Review, ID_Employee, ID_Branch) VALUES (22, 136, '2024-10-16', 0, 0, 11, 22, 200, 6);
INSERT INTO [ORDER] (ID_Order, ID_Table, OrderDate, TotalPrice, ActualPrice, ID_Customer, ID_Review, ID_Employee, ID_Branch) VALUES (23, 141, '2023-10-28', 0, 0, 16, 23, 170, 6);
INSERT INTO [ORDER] (ID_Order, ID_Table, OrderDate, TotalPrice, ActualPrice, ID_Customer, ID_Review, ID_Employee, ID_Branch) VALUES (24, 146, '2024-10-11', 0, 0, 33, 24, 201, 6);
INSERT INTO [ORDER] (ID_Order, ID_Table, OrderDate, TotalPrice, ActualPrice, ID_Customer, ID_Review, ID_Employee, ID_Branch) VALUES (25, 152, '2023-11-15', 0, 0, 8, 25, 64, 6);
INSERT INTO [ORDER] (ID_Order, ID_Table, OrderDate, TotalPrice, ActualPrice, ID_Customer, ID_Review, ID_Employee, ID_Branch) VALUES (26, 158, '2023-07-17', 0, 0, 38, 26, 71, 6);
INSERT INTO [ORDER] (ID_Order, ID_Table, OrderDate, TotalPrice, ActualPrice, ID_Customer, ID_Review, ID_Employee, ID_Branch) VALUES (27, 156, '2023-04-10', 0, 0, 36, 27, 163, 6);
INSERT INTO [ORDER] (ID_Order, ID_Table, OrderDate, TotalPrice, ActualPrice, ID_Customer, ID_Review, ID_Employee, ID_Branch) VALUES (28, 143, '2023-02-17', 0, 0, 5, 28, 182, 6);
INSERT INTO [ORDER] (ID_Order, ID_Table, OrderDate, TotalPrice, ActualPrice, ID_Customer, ID_Review, ID_Employee, ID_Branch) VALUES (29, 158, '2022-12-25', 0, 0, 4, 29, 199, 6);
INSERT INTO [ORDER] (ID_Order, ID_Table, OrderDate, TotalPrice, ActualPrice, ID_Customer, ID_Review, ID_Employee, ID_Branch) VALUES (30, 143, '2024-10-16', 0, 0, 5, 30, 91, 6);
INSERT INTO [ORDER] (ID_Order, ID_Table, OrderDate, TotalPrice, ActualPrice, ID_Customer, ID_Review, ID_Employee, ID_Branch) VALUES (31, 153, '2023-12-30', 0, 0, 10, 31, 78, 6);
INSERT INTO [ORDER] (ID_Order, ID_Table, OrderDate, TotalPrice, ActualPrice, ID_Customer, ID_Review, ID_Employee, ID_Branch) VALUES (32, NULL, '2024-04-23', 0, 0, 1, 32, 176, 6);
INSERT INTO [ORDER] (ID_Order, ID_Table, OrderDate, TotalPrice, ActualPrice, ID_Customer, ID_Review, ID_Employee, ID_Branch) VALUES (33, NULL, '2023-04-08', 0, 0, 39, 33, 112, 6);
INSERT INTO [ORDER] (ID_Order, ID_Table, OrderDate, TotalPrice, ActualPrice, ID_Customer, ID_Review, ID_Employee, ID_Branch) VALUES (34, NULL, '2024-05-18', 0, 0, 28, 34, 86, 6);
INSERT INTO [ORDER] (ID_Order, ID_Table, OrderDate, TotalPrice, ActualPrice, ID_Customer, ID_Review, ID_Employee, ID_Branch) VALUES (35, NULL, '2024-07-16', 0, 0, 39, 35, 95, 6);
INSERT INTO [ORDER] (ID_Order, ID_Table, OrderDate, TotalPrice, ActualPrice, ID_Customer, ID_Review, ID_Employee, ID_Branch) VALUES (36, NULL, '2023-12-06', 0, 0, 4, 36, 14, 6);
INSERT INTO [ORDER] (ID_Order, ID_Table, OrderDate, TotalPrice, ActualPrice, ID_Customer, ID_Review, ID_Employee, ID_Branch) VALUES (37, NULL, '2023-08-19', 0, 0, 37, 37, 222, 6);
INSERT INTO [ORDER] (ID_Order, ID_Table, OrderDate, TotalPrice, ActualPrice, ID_Customer, ID_Review, ID_Employee, ID_Branch) VALUES (38, NULL, '2023-05-12', 0, 0, 13, 38, 51, 6);
INSERT INTO [ORDER] (ID_Order, ID_Table, OrderDate, TotalPrice, ActualPrice, ID_Customer, ID_Review, ID_Employee, ID_Branch) VALUES (39, NULL, '2023-02-08', 0, 0, 18, 39, 91, 6);
INSERT INTO [ORDER] (ID_Order, ID_Table, OrderDate, TotalPrice, ActualPrice, ID_Customer, ID_Review, ID_Employee, ID_Branch) VALUES (40, NULL, '2024-01-07', 0, 0, 15, 40, 10, 6);
INSERT INTO [ORDER] (ID_Order, ID_Table, OrderDate, TotalPrice, ActualPrice, ID_Customer, ID_Review, ID_Employee, ID_Branch) VALUES (1, 175, '2023-04-07', 0, 0, 38, 1, 79, 7);
INSERT INTO [ORDER] (ID_Order, ID_Table, OrderDate, TotalPrice, ActualPrice, ID_Customer, ID_Review, ID_Employee, ID_Branch) VALUES (2, 174, '2023-02-24', 0, 0, 23, 2, 72, 7);
INSERT INTO [ORDER] (ID_Order, ID_Table, OrderDate, TotalPrice, ActualPrice, ID_Customer, ID_Review, ID_Employee, ID_Branch) VALUES (3, 162, '2024-06-12', 0, 0, 35, 3, 10, 7);
INSERT INTO [ORDER] (ID_Order, ID_Table, OrderDate, TotalPrice, ActualPrice, ID_Customer, ID_Review, ID_Employee, ID_Branch) VALUES (4, 177, '2024-07-17', 0, 0, 10, 4, 58, 7);
INSERT INTO [ORDER] (ID_Order, ID_Table, OrderDate, TotalPrice, ActualPrice, ID_Customer, ID_Review, ID_Employee, ID_Branch) VALUES (5, 164, '2023-04-28', 0, 0, 25, 5, 46, 7);
INSERT INTO [ORDER] (ID_Order, ID_Table, OrderDate, TotalPrice, ActualPrice, ID_Customer, ID_Review, ID_Employee, ID_Branch) VALUES (6, 178, '2023-07-23', 0, 0, 32, 6, 74, 7);
INSERT INTO [ORDER] (ID_Order, ID_Table, OrderDate, TotalPrice, ActualPrice, ID_Customer, ID_Review, ID_Employee, ID_Branch) VALUES (7, 163, '2023-06-19', 0, 0, 4, 7, 98, 7);
INSERT INTO [ORDER] (ID_Order, ID_Table, OrderDate, TotalPrice, ActualPrice, ID_Customer, ID_Review, ID_Employee, ID_Branch) VALUES (8, 174, '2023-04-02', 0, 0, 13, 8, 203, 7);
INSERT INTO [ORDER] (ID_Order, ID_Table, OrderDate, TotalPrice, ActualPrice, ID_Customer, ID_Review, ID_Employee, ID_Branch) VALUES (9, 163, '2023-06-10', 0, 0, 40, 9, 200, 7);
INSERT INTO [ORDER] (ID_Order, ID_Table, OrderDate, TotalPrice, ActualPrice, ID_Customer, ID_Review, ID_Employee, ID_Branch) VALUES (10, 168, '2023-09-03', 0, 0, 18, 10, 132, 7);
INSERT INTO [ORDER] (ID_Order, ID_Table, OrderDate, TotalPrice, ActualPrice, ID_Customer, ID_Review, ID_Employee, ID_Branch) VALUES (11, 171, '2023-09-05', 0, 0, 1, 11, 209, 7);
INSERT INTO [ORDER] (ID_Order, ID_Table, OrderDate, TotalPrice, ActualPrice, ID_Customer, ID_Review, ID_Employee, ID_Branch) VALUES (12, 176, '2024-04-18', 0, 0, 25, 12, 34, 7);
INSERT INTO [ORDER] (ID_Order, ID_Table, OrderDate, TotalPrice, ActualPrice, ID_Customer, ID_Review, ID_Employee, ID_Branch) VALUES (13, 160, '2023-05-23', 0, 0, 32, 13, 10, 7);
INSERT INTO [ORDER] (ID_Order, ID_Table, OrderDate, TotalPrice, ActualPrice, ID_Customer, ID_Review, ID_Employee, ID_Branch) VALUES (14, 172, '2023-09-22', 0, 0, 27, 14, 224, 7);
INSERT INTO [ORDER] (ID_Order, ID_Table, OrderDate, TotalPrice, ActualPrice, ID_Customer, ID_Review, ID_Employee, ID_Branch) VALUES (15, 166, '2024-07-21', 0, 0, 38, 15, 67, 7);
INSERT INTO [ORDER] (ID_Order, ID_Table, OrderDate, TotalPrice, ActualPrice, ID_Customer, ID_Review, ID_Employee, ID_Branch) VALUES (16, 178, '2024-10-02', 0, 0, 33, 16, 47, 7);
INSERT INTO [ORDER] (ID_Order, ID_Table, OrderDate, TotalPrice, ActualPrice, ID_Customer, ID_Review, ID_Employee, ID_Branch) VALUES (17, 161, '2024-07-02', 0, 0, 23, 17, 177, 7);
INSERT INTO [ORDER] (ID_Order, ID_Table, OrderDate, TotalPrice, ActualPrice, ID_Customer, ID_Review, ID_Employee, ID_Branch) VALUES (18, 170, '2024-12-05', 0, 0, 16, 18, 223, 7);
INSERT INTO [ORDER] (ID_Order, ID_Table, OrderDate, TotalPrice, ActualPrice, ID_Customer, ID_Review, ID_Employee, ID_Branch) VALUES (19, 175, '2023-01-17', 0, 0, 31, 19, 177, 7);
INSERT INTO [ORDER] (ID_Order, ID_Table, OrderDate, TotalPrice, ActualPrice, ID_Customer, ID_Review, ID_Employee, ID_Branch) VALUES (20, 165, '2024-06-03', 0, 0, 3, 20, 203, 7);
INSERT INTO [ORDER] (ID_Order, ID_Table, OrderDate, TotalPrice, ActualPrice, ID_Customer, ID_Review, ID_Employee, ID_Branch) VALUES (21, 167, '2024-11-08', 0, 0, 17, 21, 132, 7);
INSERT INTO [ORDER] (ID_Order, ID_Table, OrderDate, TotalPrice, ActualPrice, ID_Customer, ID_Review, ID_Employee, ID_Branch) VALUES (22, 159, '2024-11-20', 0, 0, 20, 22, 4, 7);
INSERT INTO [ORDER] (ID_Order, ID_Table, OrderDate, TotalPrice, ActualPrice, ID_Customer, ID_Review, ID_Employee, ID_Branch) VALUES (23, 161, '2023-02-09', 0, 0, 2, 23, 48, 7);
INSERT INTO [ORDER] (ID_Order, ID_Table, OrderDate, TotalPrice, ActualPrice, ID_Customer, ID_Review, ID_Employee, ID_Branch) VALUES (24, 168, '2024-06-12', 0, 0, 16, 24, 153, 7);
INSERT INTO [ORDER] (ID_Order, ID_Table, OrderDate, TotalPrice, ActualPrice, ID_Customer, ID_Review, ID_Employee, ID_Branch) VALUES (25, 175, '2024-03-16', 0, 0, 4, 25, 189, 7);
INSERT INTO [ORDER] (ID_Order, ID_Table, OrderDate, TotalPrice, ActualPrice, ID_Customer, ID_Review, ID_Employee, ID_Branch) VALUES (26, 174, '2023-01-20', 0, 0, 28, 26, 195, 7);
INSERT INTO [ORDER] (ID_Order, ID_Table, OrderDate, TotalPrice, ActualPrice, ID_Customer, ID_Review, ID_Employee, ID_Branch) VALUES (27, 171, '2023-12-20', 0, 0, 7, 27, 151, 7);
INSERT INTO [ORDER] (ID_Order, ID_Table, OrderDate, TotalPrice, ActualPrice, ID_Customer, ID_Review, ID_Employee, ID_Branch) VALUES (28, 165, '2023-02-27', 0, 0, 21, 28, 208, 7);
INSERT INTO [ORDER] (ID_Order, ID_Table, OrderDate, TotalPrice, ActualPrice, ID_Customer, ID_Review, ID_Employee, ID_Branch) VALUES (29, 160, '2024-10-16', 0, 0, 1, 29, 98, 7);
INSERT INTO [ORDER] (ID_Order, ID_Table, OrderDate, TotalPrice, ActualPrice, ID_Customer, ID_Review, ID_Employee, ID_Branch) VALUES (30, 171, '2023-04-03', 0, 0, 14, 30, 200, 7);
INSERT INTO [ORDER] (ID_Order, ID_Table, OrderDate, TotalPrice, ActualPrice, ID_Customer, ID_Review, ID_Employee, ID_Branch) VALUES (31, 161, '2024-08-23', 0, 0, 18, 31, 79, 7);
INSERT INTO [ORDER] (ID_Order, ID_Table, OrderDate, TotalPrice, ActualPrice, ID_Customer, ID_Review, ID_Employee, ID_Branch) VALUES (32, NULL, '2023-08-27', 0, 0, 14, 32, 183, 7);
INSERT INTO [ORDER] (ID_Order, ID_Table, OrderDate, TotalPrice, ActualPrice, ID_Customer, ID_Review, ID_Employee, ID_Branch) VALUES (33, NULL, '2024-04-03', 0, 0, 38, 33, 51, 7);
INSERT INTO [ORDER] (ID_Order, ID_Table, OrderDate, TotalPrice, ActualPrice, ID_Customer, ID_Review, ID_Employee, ID_Branch) VALUES (34, NULL, '2024-12-04', 0, 0, 16, 34, 183, 7);
INSERT INTO [ORDER] (ID_Order, ID_Table, OrderDate, TotalPrice, ActualPrice, ID_Customer, ID_Review, ID_Employee, ID_Branch) VALUES (35, NULL, '2024-08-04', 0, 0, 37, 35, 68, 7);
INSERT INTO [ORDER] (ID_Order, ID_Table, OrderDate, TotalPrice, ActualPrice, ID_Customer, ID_Review, ID_Employee, ID_Branch) VALUES (36, NULL, '2023-03-26', 0, 0, 11, 36, 224, 7);
INSERT INTO [ORDER] (ID_Order, ID_Table, OrderDate, TotalPrice, ActualPrice, ID_Customer, ID_Review, ID_Employee, ID_Branch) VALUES (37, NULL, '2023-12-01', 0, 0, 14, 37, 4, 7);
INSERT INTO [ORDER] (ID_Order, ID_Table, OrderDate, TotalPrice, ActualPrice, ID_Customer, ID_Review, ID_Employee, ID_Branch) VALUES (38, NULL, '2023-03-15', 0, 0, 13, 38, 195, 7);
INSERT INTO [ORDER] (ID_Order, ID_Table, OrderDate, TotalPrice, ActualPrice, ID_Customer, ID_Review, ID_Employee, ID_Branch) VALUES (39, NULL, '2023-10-14', 0, 0, 37, 39, 206, 7);
INSERT INTO [ORDER] (ID_Order, ID_Table, OrderDate, TotalPrice, ActualPrice, ID_Customer, ID_Review, ID_Employee, ID_Branch) VALUES (40, NULL, '2023-12-14', 0, 0, 35, 40, 40, 7);
INSERT INTO [ORDER] (ID_Order, ID_Table, OrderDate, TotalPrice, ActualPrice, ID_Customer, ID_Review, ID_Employee, ID_Branch) VALUES (1, 184, '2023-11-14', 0, 0, 24, 1, 85, 8);
INSERT INTO [ORDER] (ID_Order, ID_Table, OrderDate, TotalPrice, ActualPrice, ID_Customer, ID_Review, ID_Employee, ID_Branch) VALUES (2, 198, '2023-12-25', 0, 0, 27, 2, 215, 8);
INSERT INTO [ORDER] (ID_Order, ID_Table, OrderDate, TotalPrice, ActualPrice, ID_Customer, ID_Review, ID_Employee, ID_Branch) VALUES (3, 188, '2023-06-06', 0, 0, 38, 3, 184, 8);
INSERT INTO [ORDER] (ID_Order, ID_Table, OrderDate, TotalPrice, ActualPrice, ID_Customer, ID_Review, ID_Employee, ID_Branch) VALUES (4, 186, '2023-08-31', 0, 0, 35, 4, 177, 8);
INSERT INTO [ORDER] (ID_Order, ID_Table, OrderDate, TotalPrice, ActualPrice, ID_Customer, ID_Review, ID_Employee, ID_Branch) VALUES (5, 194, '2024-08-19', 0, 0, 26, 5, 105, 8);
INSERT INTO [ORDER] (ID_Order, ID_Table, OrderDate, TotalPrice, ActualPrice, ID_Customer, ID_Review, ID_Employee, ID_Branch) VALUES (6, 197, '2023-06-05', 0, 0, 5, 6, 103, 8);
INSERT INTO [ORDER] (ID_Order, ID_Table, OrderDate, TotalPrice, ActualPrice, ID_Customer, ID_Review, ID_Employee, ID_Branch) VALUES (7, 182, '2023-12-13', 0, 0, 30, 7, 50, 8);
INSERT INTO [ORDER] (ID_Order, ID_Table, OrderDate, TotalPrice, ActualPrice, ID_Customer, ID_Review, ID_Employee, ID_Branch) VALUES (8, 196, '2023-02-03', 0, 0, 27, 8, 18, 8);
INSERT INTO [ORDER] (ID_Order, ID_Table, OrderDate, TotalPrice, ActualPrice, ID_Customer, ID_Review, ID_Employee, ID_Branch) VALUES (9, 192, '2023-11-18', 0, 0, 11, 9, 50, 8);
INSERT INTO [ORDER] (ID_Order, ID_Table, OrderDate, TotalPrice, ActualPrice, ID_Customer, ID_Review, ID_Employee, ID_Branch) VALUES (10, 187, '2023-08-01', 0, 0, 30, 10, 66, 8);
INSERT INTO [ORDER] (ID_Order, ID_Table, OrderDate, TotalPrice, ActualPrice, ID_Customer, ID_Review, ID_Employee, ID_Branch) VALUES (11, 182, '2024-09-01', 0, 0, 38, 11, 85, 8);
INSERT INTO [ORDER] (ID_Order, ID_Table, OrderDate, TotalPrice, ActualPrice, ID_Customer, ID_Review, ID_Employee, ID_Branch) VALUES (12, 196, '2024-11-01', 0, 0, 26, 12, 177, 8);
INSERT INTO [ORDER] (ID_Order, ID_Table, OrderDate, TotalPrice, ActualPrice, ID_Customer, ID_Review, ID_Employee, ID_Branch) VALUES (13, 197, '2024-02-20', 0, 0, 19, 13, 105, 8);
INSERT INTO [ORDER] (ID_Order, ID_Table, OrderDate, TotalPrice, ActualPrice, ID_Customer, ID_Review, ID_Employee, ID_Branch) VALUES (14, 200, '2024-11-05', 0, 0, 5, 14, 89, 8);
INSERT INTO [ORDER] (ID_Order, ID_Table, OrderDate, TotalPrice, ActualPrice, ID_Customer, ID_Review, ID_Employee, ID_Branch) VALUES (15, 180, '2023-07-07', 0, 0, 33, 15, 46, 8);
INSERT INTO [ORDER] (ID_Order, ID_Table, OrderDate, TotalPrice, ActualPrice, ID_Customer, ID_Review, ID_Employee, ID_Branch) VALUES (16, 188, '2023-06-18', 0, 0, 14, 16, 93, 8);
INSERT INTO [ORDER] (ID_Order, ID_Table, OrderDate, TotalPrice, ActualPrice, ID_Customer, ID_Review, ID_Employee, ID_Branch) VALUES (17, 185, '2024-04-02', 0, 0, 20, 17, 123, 8);
INSERT INTO [ORDER] (ID_Order, ID_Table, OrderDate, TotalPrice, ActualPrice, ID_Customer, ID_Review, ID_Employee, ID_Branch) VALUES (18, 179, '2024-07-17', 0, 0, 16, 18, 18, 8);
INSERT INTO [ORDER] (ID_Order, ID_Table, OrderDate, TotalPrice, ActualPrice, ID_Customer, ID_Review, ID_Employee, ID_Branch) VALUES (19, 198, '2023-10-12', 0, 0, 19, 19, 62, 8);
INSERT INTO [ORDER] (ID_Order, ID_Table, OrderDate, TotalPrice, ActualPrice, ID_Customer, ID_Review, ID_Employee, ID_Branch) VALUES (20, 192, '2024-04-13', 0, 0, 24, 20, 109, 8);
INSERT INTO [ORDER] (ID_Order, ID_Table, OrderDate, TotalPrice, ActualPrice, ID_Customer, ID_Review, ID_Employee, ID_Branch) VALUES (21, 192, '2024-10-01', 0, 0, 26, 21, 165, 8);
INSERT INTO [ORDER] (ID_Order, ID_Table, OrderDate, TotalPrice, ActualPrice, ID_Customer, ID_Review, ID_Employee, ID_Branch) VALUES (22, 186, '2023-04-23', 0, 0, 19, 22, 43, 8);
INSERT INTO [ORDER] (ID_Order, ID_Table, OrderDate, TotalPrice, ActualPrice, ID_Customer, ID_Review, ID_Employee, ID_Branch) VALUES (23, 183, '2024-02-16', 0, 0, 35, 23, 63, 8);
INSERT INTO [ORDER] (ID_Order, ID_Table, OrderDate, TotalPrice, ActualPrice, ID_Customer, ID_Review, ID_Employee, ID_Branch) VALUES (24, 195, '2023-08-09', 0, 0, 32, 24, 151, 8);
INSERT INTO [ORDER] (ID_Order, ID_Table, OrderDate, TotalPrice, ActualPrice, ID_Customer, ID_Review, ID_Employee, ID_Branch) VALUES (25, 189, '2024-07-14', 0, 0, 4, 25, 76, 8);
INSERT INTO [ORDER] (ID_Order, ID_Table, OrderDate, TotalPrice, ActualPrice, ID_Customer, ID_Review, ID_Employee, ID_Branch) VALUES (26, 193, '2024-05-14', 0, 0, 34, 26, 85, 8);
INSERT INTO [ORDER] (ID_Order, ID_Table, OrderDate, TotalPrice, ActualPrice, ID_Customer, ID_Review, ID_Employee, ID_Branch) VALUES (27, 194, '2023-01-11', 0, 0, 23, 27, 145, 8);
INSERT INTO [ORDER] (ID_Order, ID_Table, OrderDate, TotalPrice, ActualPrice, ID_Customer, ID_Review, ID_Employee, ID_Branch) VALUES (28, 187, '2023-09-03', 0, 0, 10, 28, 68, 8);
INSERT INTO [ORDER] (ID_Order, ID_Table, OrderDate, TotalPrice, ActualPrice, ID_Customer, ID_Review, ID_Employee, ID_Branch) VALUES (29, 179, '2024-12-07', 0, 0, 11, 29, 224, 8);
INSERT INTO [ORDER] (ID_Order, ID_Table, OrderDate, TotalPrice, ActualPrice, ID_Customer, ID_Review, ID_Employee, ID_Branch) VALUES (30, 181, '2023-09-04', 0, 0, 5, 30, 85, 8);
INSERT INTO [ORDER] (ID_Order, ID_Table, OrderDate, TotalPrice, ActualPrice, ID_Customer, ID_Review, ID_Employee, ID_Branch) VALUES (31, 183, '2024-06-12', 0, 0, 35, 31, 165, 8);
INSERT INTO [ORDER] (ID_Order, ID_Table, OrderDate, TotalPrice, ActualPrice, ID_Customer, ID_Review, ID_Employee, ID_Branch) VALUES (32, NULL, '2023-05-12', 0, 0, 19, 32, 103, 8);
INSERT INTO [ORDER] (ID_Order, ID_Table, OrderDate, TotalPrice, ActualPrice, ID_Customer, ID_Review, ID_Employee, ID_Branch) VALUES (33, NULL, '2023-06-11', 0, 0, 35, 33, 50, 8);
INSERT INTO [ORDER] (ID_Order, ID_Table, OrderDate, TotalPrice, ActualPrice, ID_Customer, ID_Review, ID_Employee, ID_Branch) VALUES (34, NULL, '2023-08-29', 0, 0, 23, 34, 224, 8);
INSERT INTO [ORDER] (ID_Order, ID_Table, OrderDate, TotalPrice, ActualPrice, ID_Customer, ID_Review, ID_Employee, ID_Branch) VALUES (35, NULL, '2024-08-24', 0, 0, 32, 35, 18, 8);
INSERT INTO [ORDER] (ID_Order, ID_Table, OrderDate, TotalPrice, ActualPrice, ID_Customer, ID_Review, ID_Employee, ID_Branch) VALUES (36, NULL, '2024-04-16', 0, 0, 18, 36, 178, 8);
INSERT INTO [ORDER] (ID_Order, ID_Table, OrderDate, TotalPrice, ActualPrice, ID_Customer, ID_Review, ID_Employee, ID_Branch) VALUES (37, NULL, '2024-11-11', 0, 0, 1, 37, 174, 8);
INSERT INTO [ORDER] (ID_Order, ID_Table, OrderDate, TotalPrice, ActualPrice, ID_Customer, ID_Review, ID_Employee, ID_Branch) VALUES (38, NULL, '2024-05-16', 0, 0, 17, 38, 46, 8);
INSERT INTO [ORDER] (ID_Order, ID_Table, OrderDate, TotalPrice, ActualPrice, ID_Customer, ID_Review, ID_Employee, ID_Branch) VALUES (39, NULL, '2023-08-16', 0, 0, 33, 39, 174, 8);
INSERT INTO [ORDER] (ID_Order, ID_Table, OrderDate, TotalPrice, ActualPrice, ID_Customer, ID_Review, ID_Employee, ID_Branch) VALUES (40, NULL, '2024-09-08', 0, 0, 30, 40, 122, 8);
INSERT INTO [ORDER] (ID_Order, ID_Table, OrderDate, TotalPrice, ActualPrice, ID_Customer, ID_Review, ID_Employee, ID_Branch) VALUES (1, 202, '2023-08-25', 0, 0, 34, 1, 217, 9);
INSERT INTO [ORDER] (ID_Order, ID_Table, OrderDate, TotalPrice, ActualPrice, ID_Customer, ID_Review, ID_Employee, ID_Branch) VALUES (2, 221, '2023-03-11', 0, 0, 40, 2, 69, 9);
INSERT INTO [ORDER] (ID_Order, ID_Table, OrderDate, TotalPrice, ActualPrice, ID_Customer, ID_Review, ID_Employee, ID_Branch) VALUES (3, 208, '2023-04-01', 0, 0, 29, 3, 143, 9);
INSERT INTO [ORDER] (ID_Order, ID_Table, OrderDate, TotalPrice, ActualPrice, ID_Customer, ID_Review, ID_Employee, ID_Branch) VALUES (4, 211, '2024-03-24', 0, 0, 19, 4, 127, 9);
INSERT INTO [ORDER] (ID_Order, ID_Table, OrderDate, TotalPrice, ActualPrice, ID_Customer, ID_Review, ID_Employee, ID_Branch) VALUES (5, 217, '2024-05-04', 0, 0, 26, 5, 177, 9);
INSERT INTO [ORDER] (ID_Order, ID_Table, OrderDate, TotalPrice, ActualPrice, ID_Customer, ID_Review, ID_Employee, ID_Branch) VALUES (6, 220, '2023-01-13', 0, 0, 18, 6, 129, 9);
INSERT INTO [ORDER] (ID_Order, ID_Table, OrderDate, TotalPrice, ActualPrice, ID_Customer, ID_Review, ID_Employee, ID_Branch) VALUES (7, 209, '2024-03-10', 0, 0, 31, 7, 217, 9);
INSERT INTO [ORDER] (ID_Order, ID_Table, OrderDate, TotalPrice, ActualPrice, ID_Customer, ID_Review, ID_Employee, ID_Branch) VALUES (8, 216, '2023-06-18', 0, 0, 40, 8, 224, 9);
INSERT INTO [ORDER] (ID_Order, ID_Table, OrderDate, TotalPrice, ActualPrice, ID_Customer, ID_Review, ID_Employee, ID_Branch) VALUES (9, 208, '2023-12-27', 0, 0, 41, 9, 114, 9);
INSERT INTO [ORDER] (ID_Order, ID_Table, OrderDate, TotalPrice, ActualPrice, ID_Customer, ID_Review, ID_Employee, ID_Branch) VALUES (10, 222, '2023-05-04', 0, 0, 32, 10, 28, 9);
INSERT INTO [ORDER] (ID_Order, ID_Table, OrderDate, TotalPrice, ActualPrice, ID_Customer, ID_Review, ID_Employee, ID_Branch) VALUES (11, 202, '2023-08-21', 0, 0, 34, 11, 98, 9);
INSERT INTO [ORDER] (ID_Order, ID_Table, OrderDate, TotalPrice, ActualPrice, ID_Customer, ID_Review, ID_Employee, ID_Branch) VALUES (12, 219, '2023-09-26', 0, 0, 36, 12, 46, 9);
INSERT INTO [ORDER] (ID_Order, ID_Table, OrderDate, TotalPrice, ActualPrice, ID_Customer, ID_Review, ID_Employee, ID_Branch) VALUES (13, 219, '2023-08-08', 0, 0, 40, 13, 172, 9);
INSERT INTO [ORDER] (ID_Order, ID_Table, OrderDate, TotalPrice, ActualPrice, ID_Customer, ID_Review, ID_Employee, ID_Branch) VALUES (14, 215, '2024-03-04', 0, 0, 5, 14, 130, 9);
INSERT INTO [ORDER] (ID_Order, ID_Table, OrderDate, TotalPrice, ActualPrice, ID_Customer, ID_Review, ID_Employee, ID_Branch) VALUES (15, 209, '2023-08-13', 0, 0, 36, 15, 173, 9);
INSERT INTO [ORDER] (ID_Order, ID_Table, OrderDate, TotalPrice, ActualPrice, ID_Customer, ID_Review, ID_Employee, ID_Branch) VALUES (16, 205, '2024-06-23', 0, 0, 4, 16, 175, 9);
INSERT INTO [ORDER] (ID_Order, ID_Table, OrderDate, TotalPrice, ActualPrice, ID_Customer, ID_Review, ID_Employee, ID_Branch) VALUES (17, 215, '2023-03-07', 0, 0, 39, 17, 175, 9);
INSERT INTO [ORDER] (ID_Order, ID_Table, OrderDate, TotalPrice, ActualPrice, ID_Customer, ID_Review, ID_Employee, ID_Branch) VALUES (18, 217, '2024-05-04', 0, 0, 13, 18, 17, 9);
INSERT INTO [ORDER] (ID_Order, ID_Table, OrderDate, TotalPrice, ActualPrice, ID_Customer, ID_Review, ID_Employee, ID_Branch) VALUES (19, 213, '2024-01-08', 0, 0, 27, 19, 114, 9);
INSERT INTO [ORDER] (ID_Order, ID_Table, OrderDate, TotalPrice, ActualPrice, ID_Customer, ID_Review, ID_Employee, ID_Branch) VALUES (20, 214, '2024-11-09', 0, 0, 8, 20, 24, 9);
INSERT INTO [ORDER] (ID_Order, ID_Table, OrderDate, TotalPrice, ActualPrice, ID_Customer, ID_Review, ID_Employee, ID_Branch) VALUES (21, 214, '2023-07-22', 0, 0, 38, 21, 42, 9);
INSERT INTO [ORDER] (ID_Order, ID_Table, OrderDate, TotalPrice, ActualPrice, ID_Customer, ID_Review, ID_Employee, ID_Branch) VALUES (22, 214, '2023-03-06', 0, 0, 33, 22, 28, 9);
INSERT INTO [ORDER] (ID_Order, ID_Table, OrderDate, TotalPrice, ActualPrice, ID_Customer, ID_Review, ID_Employee, ID_Branch) VALUES (23, 219, '2024-07-17', 0, 0, 29, 23, 127, 9);
INSERT INTO [ORDER] (ID_Order, ID_Table, OrderDate, TotalPrice, ActualPrice, ID_Customer, ID_Review, ID_Employee, ID_Branch) VALUES (24, 205, '2024-01-04', 0, 0, 13, 24, 15, 9);
INSERT INTO [ORDER] (ID_Order, ID_Table, OrderDate, TotalPrice, ActualPrice, ID_Customer, ID_Review, ID_Employee, ID_Branch) VALUES (25, 217, '2024-10-23', 0, 0, 12, 25, 127, 9);
INSERT INTO [ORDER] (ID_Order, ID_Table, OrderDate, TotalPrice, ActualPrice, ID_Customer, ID_Review, ID_Employee, ID_Branch) VALUES (26, 207, '2023-02-04', 0, 0, 36, 26, 6, 9);
INSERT INTO [ORDER] (ID_Order, ID_Table, OrderDate, TotalPrice, ActualPrice, ID_Customer, ID_Review, ID_Employee, ID_Branch) VALUES (27, 221, '2023-08-16', 0, 0, 37, 27, 155, 9);
INSERT INTO [ORDER] (ID_Order, ID_Table, OrderDate, TotalPrice, ActualPrice, ID_Customer, ID_Review, ID_Employee, ID_Branch) VALUES (28, 218, '2024-02-10', 0, 0, 31, 28, 15, 9);
INSERT INTO [ORDER] (ID_Order, ID_Table, OrderDate, TotalPrice, ActualPrice, ID_Customer, ID_Review, ID_Employee, ID_Branch) VALUES (29, 203, '2024-10-07', 0, 0, 8, 29, 134, 9);
INSERT INTO [ORDER] (ID_Order, ID_Table, OrderDate, TotalPrice, ActualPrice, ID_Customer, ID_Review, ID_Employee, ID_Branch) VALUES (30, 210, '2024-12-11', 0, 0, 40, 30, 127, 9);
INSERT INTO [ORDER] (ID_Order, ID_Table, OrderDate, TotalPrice, ActualPrice, ID_Customer, ID_Review, ID_Employee, ID_Branch) VALUES (31, 220, '2023-01-19', 0, 0, 18, 31, 54, 9);
INSERT INTO [ORDER] (ID_Order, ID_Table, OrderDate, TotalPrice, ActualPrice, ID_Customer, ID_Review, ID_Employee, ID_Branch) VALUES (32, NULL, '2023-05-19', 0, 0, 24, 32, 164, 9);
INSERT INTO [ORDER] (ID_Order, ID_Table, OrderDate, TotalPrice, ActualPrice, ID_Customer, ID_Review, ID_Employee, ID_Branch) VALUES (33, NULL, '2023-08-08', 0, 0, 24, 33, 173, 9);
INSERT INTO [ORDER] (ID_Order, ID_Table, OrderDate, TotalPrice, ActualPrice, ID_Customer, ID_Review, ID_Employee, ID_Branch) VALUES (34, NULL, '2023-02-04', 0, 0, 20, 34, 141, 9);
INSERT INTO [ORDER] (ID_Order, ID_Table, OrderDate, TotalPrice, ActualPrice, ID_Customer, ID_Review, ID_Employee, ID_Branch) VALUES (35, NULL, '2024-07-05', 0, 0, 2, 35, 196, 9);
INSERT INTO [ORDER] (ID_Order, ID_Table, OrderDate, TotalPrice, ActualPrice, ID_Customer, ID_Review, ID_Employee, ID_Branch) VALUES (36, NULL, '2024-05-22', 0, 0, 37, 36, 19, 9);
INSERT INTO [ORDER] (ID_Order, ID_Table, OrderDate, TotalPrice, ActualPrice, ID_Customer, ID_Review, ID_Employee, ID_Branch) VALUES (37, NULL, '2023-09-14', 0, 0, 7, 37, 220, 9);
INSERT INTO [ORDER] (ID_Order, ID_Table, OrderDate, TotalPrice, ActualPrice, ID_Customer, ID_Review, ID_Employee, ID_Branch) VALUES (38, NULL, '2024-10-08', 0, 0, 16, 38, 115, 9);
INSERT INTO [ORDER] (ID_Order, ID_Table, OrderDate, TotalPrice, ActualPrice, ID_Customer, ID_Review, ID_Employee, ID_Branch) VALUES (39, NULL, '2024-06-22', 0, 0, 40, 39, 98, 9);
INSERT INTO [ORDER] (ID_Order, ID_Table, OrderDate, TotalPrice, ActualPrice, ID_Customer, ID_Review, ID_Employee, ID_Branch) VALUES (40, NULL, '2024-01-08', 0, 0, 5, 40, 138, 9);
INSERT INTO [ORDER] (ID_Order, ID_Table, OrderDate, TotalPrice, ActualPrice, ID_Customer, ID_Review, ID_Employee, ID_Branch) VALUES (1, 225, '2023-03-24', 0, 0, 4, 1, 217, 10);
INSERT INTO [ORDER] (ID_Order, ID_Table, OrderDate, TotalPrice, ActualPrice, ID_Customer, ID_Review, ID_Employee, ID_Branch) VALUES (2, 230, '2024-04-17', 0, 0, 24, 2, 35, 10);
INSERT INTO [ORDER] (ID_Order, ID_Table, OrderDate, TotalPrice, ActualPrice, ID_Customer, ID_Review, ID_Employee, ID_Branch) VALUES (3, 224, '2023-12-26', 0, 0, 4, 3, 191, 10);
INSERT INTO [ORDER] (ID_Order, ID_Table, OrderDate, TotalPrice, ActualPrice, ID_Customer, ID_Review, ID_Employee, ID_Branch) VALUES (4, 230, '2024-03-26', 0, 0, 21, 4, 191, 10);
INSERT INTO [ORDER] (ID_Order, ID_Table, OrderDate, TotalPrice, ActualPrice, ID_Customer, ID_Review, ID_Employee, ID_Branch) VALUES (5, 235, '2023-12-28', 0, 0, 8, 5, 8, 10);
INSERT INTO [ORDER] (ID_Order, ID_Table, OrderDate, TotalPrice, ActualPrice, ID_Customer, ID_Review, ID_Employee, ID_Branch) VALUES (6, 237, '2024-12-07', 0, 0, 3, 6, 164, 10);
INSERT INTO [ORDER] (ID_Order, ID_Table, OrderDate, TotalPrice, ActualPrice, ID_Customer, ID_Review, ID_Employee, ID_Branch) VALUES (7, 226, '2024-01-08', 0, 0, 27, 7, 176, 10);
INSERT INTO [ORDER] (ID_Order, ID_Table, OrderDate, TotalPrice, ActualPrice, ID_Customer, ID_Review, ID_Employee, ID_Branch) VALUES (8, 233, '2024-07-12', 0, 0, 6, 8, 36, 10);
INSERT INTO [ORDER] (ID_Order, ID_Table, OrderDate, TotalPrice, ActualPrice, ID_Customer, ID_Review, ID_Employee, ID_Branch) VALUES (9, 230, '2024-09-30', 0, 0, 6, 9, 198, 10);
INSERT INTO [ORDER] (ID_Order, ID_Table, OrderDate, TotalPrice, ActualPrice, ID_Customer, ID_Review, ID_Employee, ID_Branch) VALUES (10, 239, '2024-03-29', 0, 0, 4, 10, 52, 10);
INSERT INTO [ORDER] (ID_Order, ID_Table, OrderDate, TotalPrice, ActualPrice, ID_Customer, ID_Review, ID_Employee, ID_Branch) VALUES (11, 238, '2024-06-24', 0, 0, 19, 11, 217, 10);
INSERT INTO [ORDER] (ID_Order, ID_Table, OrderDate, TotalPrice, ActualPrice, ID_Customer, ID_Review, ID_Employee, ID_Branch) VALUES (12, 224, '2024-10-24', 0, 0, 32, 12, 119, 10);
INSERT INTO [ORDER] (ID_Order, ID_Table, OrderDate, TotalPrice, ActualPrice, ID_Customer, ID_Review, ID_Employee, ID_Branch) VALUES (13, 225, '2023-04-11', 0, 0, 33, 13, 222, 10);
INSERT INTO [ORDER] (ID_Order, ID_Table, OrderDate, TotalPrice, ActualPrice, ID_Customer, ID_Review, ID_Employee, ID_Branch) VALUES (14, 229, '2023-04-02', 0, 0, 35, 14, 225, 10);
INSERT INTO [ORDER] (ID_Order, ID_Table, OrderDate, TotalPrice, ActualPrice, ID_Customer, ID_Review, ID_Employee, ID_Branch) VALUES (15, 224, '2024-02-25', 0, 0, 28, 15, 201, 10);
INSERT INTO [ORDER] (ID_Order, ID_Table, OrderDate, TotalPrice, ActualPrice, ID_Customer, ID_Review, ID_Employee, ID_Branch) VALUES (16, 236, '2024-11-17', 0, 0, 10, 16, 172, 10);
INSERT INTO [ORDER] (ID_Order, ID_Table, OrderDate, TotalPrice, ActualPrice, ID_Customer, ID_Review, ID_Employee, ID_Branch) VALUES (17, 236, '2024-02-03', 0, 0, 8, 17, 56, 10);
INSERT INTO [ORDER] (ID_Order, ID_Table, OrderDate, TotalPrice, ActualPrice, ID_Customer, ID_Review, ID_Employee, ID_Branch) VALUES (18, 243, '2023-03-20', 0, 0, 41, 18, 76, 10);
INSERT INTO [ORDER] (ID_Order, ID_Table, OrderDate, TotalPrice, ActualPrice, ID_Customer, ID_Review, ID_Employee, ID_Branch) VALUES (19, 228, '2023-08-12', 0, 0, 21, 19, 189, 10);
INSERT INTO [ORDER] (ID_Order, ID_Table, OrderDate, TotalPrice, ActualPrice, ID_Customer, ID_Review, ID_Employee, ID_Branch) VALUES (20, 237, '2024-03-15', 0, 0, 33, 20, 56, 10);
INSERT INTO [ORDER] (ID_Order, ID_Table, OrderDate, TotalPrice, ActualPrice, ID_Customer, ID_Review, ID_Employee, ID_Branch) VALUES (21, 233, '2023-04-25', 0, 0, 34, 21, 143, 10);
INSERT INTO [ORDER] (ID_Order, ID_Table, OrderDate, TotalPrice, ActualPrice, ID_Customer, ID_Review, ID_Employee, ID_Branch) VALUES (22, 243, '2023-06-27', 0, 0, 7, 22, 100, 10);
INSERT INTO [ORDER] (ID_Order, ID_Table, OrderDate, TotalPrice, ActualPrice, ID_Customer, ID_Review, ID_Employee, ID_Branch) VALUES (23, 224, '2024-05-18', 0, 0, 9, 23, 162, 10);
INSERT INTO [ORDER] (ID_Order, ID_Table, OrderDate, TotalPrice, ActualPrice, ID_Customer, ID_Review, ID_Employee, ID_Branch) VALUES (24, 239, '2023-01-15', 0, 0, 3, 24, 175, 10);
INSERT INTO [ORDER] (ID_Order, ID_Table, OrderDate, TotalPrice, ActualPrice, ID_Customer, ID_Review, ID_Employee, ID_Branch) VALUES (25, 228, '2024-02-20', 0, 0, 21, 25, 124, 10);
INSERT INTO [ORDER] (ID_Order, ID_Table, OrderDate, TotalPrice, ActualPrice, ID_Customer, ID_Review, ID_Employee, ID_Branch) VALUES (26, 239, '2023-05-14', 0, 0, 2, 26, 221, 10);
INSERT INTO [ORDER] (ID_Order, ID_Table, OrderDate, TotalPrice, ActualPrice, ID_Customer, ID_Review, ID_Employee, ID_Branch) VALUES (27, 227, '2024-08-07', 0, 0, 15, 27, 8, 10);
INSERT INTO [ORDER] (ID_Order, ID_Table, OrderDate, TotalPrice, ActualPrice, ID_Customer, ID_Review, ID_Employee, ID_Branch) VALUES (28, 241, '2023-03-07', 0, 0, 16, 28, 189, 10);
INSERT INTO [ORDER] (ID_Order, ID_Table, OrderDate, TotalPrice, ActualPrice, ID_Customer, ID_Review, ID_Employee, ID_Branch) VALUES (29, 237, '2024-10-22', 0, 0, 5, 29, 225, 10);
INSERT INTO [ORDER] (ID_Order, ID_Table, OrderDate, TotalPrice, ActualPrice, ID_Customer, ID_Review, ID_Employee, ID_Branch) VALUES (30, 233, '2024-08-10', 0, 0, 26, 30, 217, 10);
INSERT INTO [ORDER] (ID_Order, ID_Table, OrderDate, TotalPrice, ActualPrice, ID_Customer, ID_Review, ID_Employee, ID_Branch) VALUES (31, 231, '2023-06-01', 0, 0, 31, 31, 33, 10);
INSERT INTO [ORDER] (ID_Order, ID_Table, OrderDate, TotalPrice, ActualPrice, ID_Customer, ID_Review, ID_Employee, ID_Branch) VALUES (32, NULL, '2023-11-16', 0, 0, 1, 32, 73, 10);
INSERT INTO [ORDER] (ID_Order, ID_Table, OrderDate, TotalPrice, ActualPrice, ID_Customer, ID_Review, ID_Employee, ID_Branch) VALUES (33, NULL, '2024-11-19', 0, 0, 33, 33, 205, 10);
INSERT INTO [ORDER] (ID_Order, ID_Table, OrderDate, TotalPrice, ActualPrice, ID_Customer, ID_Review, ID_Employee, ID_Branch) VALUES (34, NULL, '2024-06-08', 0, 0, 29, 34, 33, 10);
INSERT INTO [ORDER] (ID_Order, ID_Table, OrderDate, TotalPrice, ActualPrice, ID_Customer, ID_Review, ID_Employee, ID_Branch) VALUES (35, NULL, '2023-08-26', 0, 0, 24, 35, 177, 10);
INSERT INTO [ORDER] (ID_Order, ID_Table, OrderDate, TotalPrice, ActualPrice, ID_Customer, ID_Review, ID_Employee, ID_Branch) VALUES (36, NULL, '2023-03-03', 0, 0, 25, 36, 43, 10);
INSERT INTO [ORDER] (ID_Order, ID_Table, OrderDate, TotalPrice, ActualPrice, ID_Customer, ID_Review, ID_Employee, ID_Branch) VALUES (37, NULL, '2023-08-05', 0, 0, 8, 37, 201, 10);
INSERT INTO [ORDER] (ID_Order, ID_Table, OrderDate, TotalPrice, ActualPrice, ID_Customer, ID_Review, ID_Employee, ID_Branch) VALUES (38, NULL, '2024-05-27', 0, 0, 6, 38, 43, 10);
INSERT INTO [ORDER] (ID_Order, ID_Table, OrderDate, TotalPrice, ActualPrice, ID_Customer, ID_Review, ID_Employee, ID_Branch) VALUES (39, NULL, '2023-05-21', 0, 0, 14, 39, 23, 10);
INSERT INTO [ORDER] (ID_Order, ID_Table, OrderDate, TotalPrice, ActualPrice, ID_Customer, ID_Review, ID_Employee, ID_Branch) VALUES (40, NULL, '2024-11-20', 0, 0, 5, 40, 143, 10);
INSERT INTO [ORDER] (ID_Order, ID_Table, OrderDate, TotalPrice, ActualPrice, ID_Customer, ID_Review, ID_Employee, ID_Branch) VALUES (1, 260, '2023-01-09', 0, 0, 35, 1, 100, 11);
INSERT INTO [ORDER] (ID_Order, ID_Table, OrderDate, TotalPrice, ActualPrice, ID_Customer, ID_Review, ID_Employee, ID_Branch) VALUES (2, 266, '2023-03-10', 0, 0, 4, 2, 143, 11);
INSERT INTO [ORDER] (ID_Order, ID_Table, OrderDate, TotalPrice, ActualPrice, ID_Customer, ID_Review, ID_Employee, ID_Branch) VALUES (3, 269, '2024-07-12', 0, 0, 22, 3, 143, 11);
INSERT INTO [ORDER] (ID_Order, ID_Table, OrderDate, TotalPrice, ActualPrice, ID_Customer, ID_Review, ID_Employee, ID_Branch) VALUES (4, 246, '2023-12-15', 0, 0, 19, 4, 102, 11);
INSERT INTO [ORDER] (ID_Order, ID_Table, OrderDate, TotalPrice, ActualPrice, ID_Customer, ID_Review, ID_Employee, ID_Branch) VALUES (5, 263, '2024-01-14', 0, 0, 21, 5, 220, 11);
INSERT INTO [ORDER] (ID_Order, ID_Table, OrderDate, TotalPrice, ActualPrice, ID_Customer, ID_Review, ID_Employee, ID_Branch) VALUES (6, 251, '2024-11-25', 0, 0, 9, 6, 173, 11);
INSERT INTO [ORDER] (ID_Order, ID_Table, OrderDate, TotalPrice, ActualPrice, ID_Customer, ID_Review, ID_Employee, ID_Branch) VALUES (7, 248, '2023-07-13', 0, 0, 11, 7, 144, 11);
INSERT INTO [ORDER] (ID_Order, ID_Table, OrderDate, TotalPrice, ActualPrice, ID_Customer, ID_Review, ID_Employee, ID_Branch) VALUES (8, 267, '2023-03-07', 0, 0, 34, 8, 43, 11);
INSERT INTO [ORDER] (ID_Order, ID_Table, OrderDate, TotalPrice, ActualPrice, ID_Customer, ID_Review, ID_Employee, ID_Branch) VALUES (9, 248, '2024-08-28', 0, 0, 15, 9, 203, 11);
INSERT INTO [ORDER] (ID_Order, ID_Table, OrderDate, TotalPrice, ActualPrice, ID_Customer, ID_Review, ID_Employee, ID_Branch) VALUES (10, 258, '2023-04-10', 0, 0, 22, 10, 92, 11);
INSERT INTO [ORDER] (ID_Order, ID_Table, OrderDate, TotalPrice, ActualPrice, ID_Customer, ID_Review, ID_Employee, ID_Branch) VALUES (11, 244, '2023-09-10', 0, 0, 12, 11, 34, 11);
INSERT INTO [ORDER] (ID_Order, ID_Table, OrderDate, TotalPrice, ActualPrice, ID_Customer, ID_Review, ID_Employee, ID_Branch) VALUES (12, 257, '2023-10-08', 0, 0, 32, 12, 91, 11);
INSERT INTO [ORDER] (ID_Order, ID_Table, OrderDate, TotalPrice, ActualPrice, ID_Customer, ID_Review, ID_Employee, ID_Branch) VALUES (13, 268, '2024-10-15', 0, 0, 25, 13, 192, 11);
INSERT INTO [ORDER] (ID_Order, ID_Table, OrderDate, TotalPrice, ActualPrice, ID_Customer, ID_Review, ID_Employee, ID_Branch) VALUES (14, 249, '2024-12-12', 0, 0, 23, 14, 131, 11);
INSERT INTO [ORDER] (ID_Order, ID_Table, OrderDate, TotalPrice, ActualPrice, ID_Customer, ID_Review, ID_Employee, ID_Branch) VALUES (15, 252, '2024-01-04', 0, 0, 21, 15, 91, 11);
INSERT INTO [ORDER] (ID_Order, ID_Table, OrderDate, TotalPrice, ActualPrice, ID_Customer, ID_Review, ID_Employee, ID_Branch) VALUES (16, 251, '2024-10-11', 0, 0, 19, 16, 51, 11);
INSERT INTO [ORDER] (ID_Order, ID_Table, OrderDate, TotalPrice, ActualPrice, ID_Customer, ID_Review, ID_Employee, ID_Branch) VALUES (17, 244, '2024-05-24', 0, 0, 39, 17, 179, 11);
INSERT INTO [ORDER] (ID_Order, ID_Table, OrderDate, TotalPrice, ActualPrice, ID_Customer, ID_Review, ID_Employee, ID_Branch) VALUES (18, 264, '2024-02-18', 0, 0, 18, 18, 97, 11);
INSERT INTO [ORDER] (ID_Order, ID_Table, OrderDate, TotalPrice, ActualPrice, ID_Customer, ID_Review, ID_Employee, ID_Branch) VALUES (19, 251, '2023-03-07', 0, 0, 25, 19, 28, 11);
INSERT INTO [ORDER] (ID_Order, ID_Table, OrderDate, TotalPrice, ActualPrice, ID_Customer, ID_Review, ID_Employee, ID_Branch) VALUES (20, 262, '2023-02-08', 0, 0, 17, 20, 81, 11);
INSERT INTO [ORDER] (ID_Order, ID_Table, OrderDate, TotalPrice, ActualPrice, ID_Customer, ID_Review, ID_Employee, ID_Branch) VALUES (21, 260, '2023-03-19', 0, 0, 41, 21, 36, 11);
INSERT INTO [ORDER] (ID_Order, ID_Table, OrderDate, TotalPrice, ActualPrice, ID_Customer, ID_Review, ID_Employee, ID_Branch) VALUES (22, 257, '2024-05-09', 0, 0, 13, 22, 8, 11);
INSERT INTO [ORDER] (ID_Order, ID_Table, OrderDate, TotalPrice, ActualPrice, ID_Customer, ID_Review, ID_Employee, ID_Branch) VALUES (23, 258, '2022-12-22', 0, 0, 19, 23, 78, 11);
INSERT INTO [ORDER] (ID_Order, ID_Table, OrderDate, TotalPrice, ActualPrice, ID_Customer, ID_Review, ID_Employee, ID_Branch) VALUES (24, 246, '2024-06-25', 0, 0, 41, 24, 8, 11);
INSERT INTO [ORDER] (ID_Order, ID_Table, OrderDate, TotalPrice, ActualPrice, ID_Customer, ID_Review, ID_Employee, ID_Branch) VALUES (25, 266, '2024-03-27', 0, 0, 20, 25, 180, 11);
INSERT INTO [ORDER] (ID_Order, ID_Table, OrderDate, TotalPrice, ActualPrice, ID_Customer, ID_Review, ID_Employee, ID_Branch) VALUES (26, 245, '2024-11-14', 0, 0, 24, 26, 75, 11);
INSERT INTO [ORDER] (ID_Order, ID_Table, OrderDate, TotalPrice, ActualPrice, ID_Customer, ID_Review, ID_Employee, ID_Branch) VALUES (27, 259, '2023-04-12', 0, 0, 5, 27, 173, 11);
INSERT INTO [ORDER] (ID_Order, ID_Table, OrderDate, TotalPrice, ActualPrice, ID_Customer, ID_Review, ID_Employee, ID_Branch) VALUES (28, 259, '2024-06-09', 0, 0, 16, 28, 31, 11);
INSERT INTO [ORDER] (ID_Order, ID_Table, OrderDate, TotalPrice, ActualPrice, ID_Customer, ID_Review, ID_Employee, ID_Branch) VALUES (29, 264, '2024-07-15', 0, 0, 6, 29, 31, 11);
INSERT INTO [ORDER] (ID_Order, ID_Table, OrderDate, TotalPrice, ActualPrice, ID_Customer, ID_Review, ID_Employee, ID_Branch) VALUES (30, 264, '2023-12-20', 0, 0, 33, 30, 129, 11);
INSERT INTO [ORDER] (ID_Order, ID_Table, OrderDate, TotalPrice, ActualPrice, ID_Customer, ID_Review, ID_Employee, ID_Branch) VALUES (31, 269, '2024-04-29', 0, 0, 18, 31, 91, 11);
INSERT INTO [ORDER] (ID_Order, ID_Table, OrderDate, TotalPrice, ActualPrice, ID_Customer, ID_Review, ID_Employee, ID_Branch) VALUES (32, NULL, '2024-08-11', 0, 0, 9, 32, 59, 11);
INSERT INTO [ORDER] (ID_Order, ID_Table, OrderDate, TotalPrice, ActualPrice, ID_Customer, ID_Review, ID_Employee, ID_Branch) VALUES (33, NULL, '2023-07-05', 0, 0, 34, 33, 33, 11);
INSERT INTO [ORDER] (ID_Order, ID_Table, OrderDate, TotalPrice, ActualPrice, ID_Customer, ID_Review, ID_Employee, ID_Branch) VALUES (34, NULL, '2023-01-17', 0, 0, 36, 34, 102, 11);
INSERT INTO [ORDER] (ID_Order, ID_Table, OrderDate, TotalPrice, ActualPrice, ID_Customer, ID_Review, ID_Employee, ID_Branch) VALUES (35, NULL, '2024-03-24', 0, 0, 38, 35, 59, 11);
INSERT INTO [ORDER] (ID_Order, ID_Table, OrderDate, TotalPrice, ActualPrice, ID_Customer, ID_Review, ID_Employee, ID_Branch) VALUES (36, NULL, '2023-09-27', 0, 0, 4, 36, 25, 11);
INSERT INTO [ORDER] (ID_Order, ID_Table, OrderDate, TotalPrice, ActualPrice, ID_Customer, ID_Review, ID_Employee, ID_Branch) VALUES (37, NULL, '2024-05-10', 0, 0, 27, 37, 100, 11);
INSERT INTO [ORDER] (ID_Order, ID_Table, OrderDate, TotalPrice, ActualPrice, ID_Customer, ID_Review, ID_Employee, ID_Branch) VALUES (38, NULL, '2024-04-24', 0, 0, 20, 38, 97, 11);
INSERT INTO [ORDER] (ID_Order, ID_Table, OrderDate, TotalPrice, ActualPrice, ID_Customer, ID_Review, ID_Employee, ID_Branch) VALUES (39, NULL, '2023-03-12', 0, 0, 6, 39, 40, 11);
INSERT INTO [ORDER] (ID_Order, ID_Table, OrderDate, TotalPrice, ActualPrice, ID_Customer, ID_Review, ID_Employee, ID_Branch) VALUES (40, NULL, '2023-08-13', 0, 0, 24, 40, 186, 11);
INSERT INTO [ORDER] (ID_Order, ID_Table, OrderDate, TotalPrice, ActualPrice, ID_Customer, ID_Review, ID_Employee, ID_Branch) VALUES (1, 271, '2023-03-19', 0, 0, 23, 1, 46, 12);
INSERT INTO [ORDER] (ID_Order, ID_Table, OrderDate, TotalPrice, ActualPrice, ID_Customer, ID_Review, ID_Employee, ID_Branch) VALUES (2, 291, '2024-07-05', 0, 0, 14, 2, 196, 12);
INSERT INTO [ORDER] (ID_Order, ID_Table, OrderDate, TotalPrice, ActualPrice, ID_Customer, ID_Review, ID_Employee, ID_Branch) VALUES (3, 279, '2023-09-23', 0, 0, 2, 3, 105, 12);
INSERT INTO [ORDER] (ID_Order, ID_Table, OrderDate, TotalPrice, ActualPrice, ID_Customer, ID_Review, ID_Employee, ID_Branch) VALUES (4, 286, '2023-07-03', 0, 0, 12, 4, 176, 12);
INSERT INTO [ORDER] (ID_Order, ID_Table, OrderDate, TotalPrice, ActualPrice, ID_Customer, ID_Review, ID_Employee, ID_Branch) VALUES (5, 272, '2024-01-18', 0, 0, 14, 5, 95, 12);
INSERT INTO [ORDER] (ID_Order, ID_Table, OrderDate, TotalPrice, ActualPrice, ID_Customer, ID_Review, ID_Employee, ID_Branch) VALUES (6, 290, '2023-08-27', 0, 0, 24, 6, 15, 12);
INSERT INTO [ORDER] (ID_Order, ID_Table, OrderDate, TotalPrice, ActualPrice, ID_Customer, ID_Review, ID_Employee, ID_Branch) VALUES (7, 275, '2024-02-06', 0, 0, 26, 7, 98, 12);
INSERT INTO [ORDER] (ID_Order, ID_Table, OrderDate, TotalPrice, ActualPrice, ID_Customer, ID_Review, ID_Employee, ID_Branch) VALUES (8, 283, '2023-05-02', 0, 0, 8, 8, 79, 12);
INSERT INTO [ORDER] (ID_Order, ID_Table, OrderDate, TotalPrice, ActualPrice, ID_Customer, ID_Review, ID_Employee, ID_Branch) VALUES (9, 281, '2023-05-07', 0, 0, 16, 9, 68, 12);
INSERT INTO [ORDER] (ID_Order, ID_Table, OrderDate, TotalPrice, ActualPrice, ID_Customer, ID_Review, ID_Employee, ID_Branch) VALUES (10, 270, '2024-05-30', 0, 0, 11, 10, 173, 12);
INSERT INTO [ORDER] (ID_Order, ID_Table, OrderDate, TotalPrice, ActualPrice, ID_Customer, ID_Review, ID_Employee, ID_Branch) VALUES (11, 292, '2024-10-07', 0, 0, 22, 11, 5, 12);
INSERT INTO [ORDER] (ID_Order, ID_Table, OrderDate, TotalPrice, ActualPrice, ID_Customer, ID_Review, ID_Employee, ID_Branch) VALUES (12, 292, '2023-12-31', 0, 0, 4, 12, 22, 12);
INSERT INTO [ORDER] (ID_Order, ID_Table, OrderDate, TotalPrice, ActualPrice, ID_Customer, ID_Review, ID_Employee, ID_Branch) VALUES (13, 292, '2024-01-27', 0, 0, 13, 13, 157, 12);
INSERT INTO [ORDER] (ID_Order, ID_Table, OrderDate, TotalPrice, ActualPrice, ID_Customer, ID_Review, ID_Employee, ID_Branch) VALUES (14, 287, '2023-10-28', 0, 0, 14, 14, 134, 12);
INSERT INTO [ORDER] (ID_Order, ID_Table, OrderDate, TotalPrice, ActualPrice, ID_Customer, ID_Review, ID_Employee, ID_Branch) VALUES (15, 278, '2024-06-14', 0, 0, 40, 15, 145, 12);
INSERT INTO [ORDER] (ID_Order, ID_Table, OrderDate, TotalPrice, ActualPrice, ID_Customer, ID_Review, ID_Employee, ID_Branch) VALUES (16, 281, '2024-10-30', 0, 0, 18, 16, 178, 12);
INSERT INTO [ORDER] (ID_Order, ID_Table, OrderDate, TotalPrice, ActualPrice, ID_Customer, ID_Review, ID_Employee, ID_Branch) VALUES (17, 288, '2023-11-14', 0, 0, 12, 17, 22, 12);
INSERT INTO [ORDER] (ID_Order, ID_Table, OrderDate, TotalPrice, ActualPrice, ID_Customer, ID_Review, ID_Employee, ID_Branch) VALUES (18, 286, '2023-01-30', 0, 0, 26, 18, 15, 12);
INSERT INTO [ORDER] (ID_Order, ID_Table, OrderDate, TotalPrice, ActualPrice, ID_Customer, ID_Review, ID_Employee, ID_Branch) VALUES (19, 291, '2024-01-21', 0, 0, 25, 19, 106, 12);
INSERT INTO [ORDER] (ID_Order, ID_Table, OrderDate, TotalPrice, ActualPrice, ID_Customer, ID_Review, ID_Employee, ID_Branch) VALUES (20, 270, '2023-08-14', 0, 0, 38, 20, 196, 12);
INSERT INTO [ORDER] (ID_Order, ID_Table, OrderDate, TotalPrice, ActualPrice, ID_Customer, ID_Review, ID_Employee, ID_Branch) VALUES (21, 281, '2023-10-06', 0, 0, 34, 21, 200, 12);
INSERT INTO [ORDER] (ID_Order, ID_Table, OrderDate, TotalPrice, ActualPrice, ID_Customer, ID_Review, ID_Employee, ID_Branch) VALUES (22, 281, '2022-12-29', 0, 0, 18, 22, 5, 12);
INSERT INTO [ORDER] (ID_Order, ID_Table, OrderDate, TotalPrice, ActualPrice, ID_Customer, ID_Review, ID_Employee, ID_Branch) VALUES (23, 276, '2024-06-16', 0, 0, 30, 23, 5, 12);
INSERT INTO [ORDER] (ID_Order, ID_Table, OrderDate, TotalPrice, ActualPrice, ID_Customer, ID_Review, ID_Employee, ID_Branch) VALUES (24, 280, '2023-01-27', 0, 0, 34, 24, 207, 12);
INSERT INTO [ORDER] (ID_Order, ID_Table, OrderDate, TotalPrice, ActualPrice, ID_Customer, ID_Review, ID_Employee, ID_Branch) VALUES (25, 287, '2024-07-13', 0, 0, 18, 25, 92, 12);
INSERT INTO [ORDER] (ID_Order, ID_Table, OrderDate, TotalPrice, ActualPrice, ID_Customer, ID_Review, ID_Employee, ID_Branch) VALUES (26, 270, '2023-02-26', 0, 0, 17, 26, 173, 12);
INSERT INTO [ORDER] (ID_Order, ID_Table, OrderDate, TotalPrice, ActualPrice, ID_Customer, ID_Review, ID_Employee, ID_Branch) VALUES (27, 276, '2024-08-16', 0, 0, 27, 27, 130, 12);
INSERT INTO [ORDER] (ID_Order, ID_Table, OrderDate, TotalPrice, ActualPrice, ID_Customer, ID_Review, ID_Employee, ID_Branch) VALUES (28, 285, '2024-02-07', 0, 0, 1, 28, 150, 12);
INSERT INTO [ORDER] (ID_Order, ID_Table, OrderDate, TotalPrice, ActualPrice, ID_Customer, ID_Review, ID_Employee, ID_Branch) VALUES (29, 278, '2024-11-20', 0, 0, 9, 29, 151, 12);
INSERT INTO [ORDER] (ID_Order, ID_Table, OrderDate, TotalPrice, ActualPrice, ID_Customer, ID_Review, ID_Employee, ID_Branch) VALUES (30, 273, '2022-12-19', 0, 0, 28, 30, 106, 12);
INSERT INTO [ORDER] (ID_Order, ID_Table, OrderDate, TotalPrice, ActualPrice, ID_Customer, ID_Review, ID_Employee, ID_Branch) VALUES (31, 281, '2023-01-13', 0, 0, 15, 31, 7, 12);
INSERT INTO [ORDER] (ID_Order, ID_Table, OrderDate, TotalPrice, ActualPrice, ID_Customer, ID_Review, ID_Employee, ID_Branch) VALUES (32, NULL, '2023-02-25', 0, 0, 36, 32, 208, 12);
INSERT INTO [ORDER] (ID_Order, ID_Table, OrderDate, TotalPrice, ActualPrice, ID_Customer, ID_Review, ID_Employee, ID_Branch) VALUES (33, NULL, '2023-03-11', 0, 0, 11, 33, 187, 12);
INSERT INTO [ORDER] (ID_Order, ID_Table, OrderDate, TotalPrice, ActualPrice, ID_Customer, ID_Review, ID_Employee, ID_Branch) VALUES (34, NULL, '2024-07-03', 0, 0, 8, 34, 33, 12);
INSERT INTO [ORDER] (ID_Order, ID_Table, OrderDate, TotalPrice, ActualPrice, ID_Customer, ID_Review, ID_Employee, ID_Branch) VALUES (35, NULL, '2024-06-09', 0, 0, 13, 35, 196, 12);
INSERT INTO [ORDER] (ID_Order, ID_Table, OrderDate, TotalPrice, ActualPrice, ID_Customer, ID_Review, ID_Employee, ID_Branch) VALUES (36, NULL, '2023-12-27', 0, 0, 34, 36, 76, 12);
INSERT INTO [ORDER] (ID_Order, ID_Table, OrderDate, TotalPrice, ActualPrice, ID_Customer, ID_Review, ID_Employee, ID_Branch) VALUES (37, NULL, '2023-08-06', 0, 0, 3, 37, 150, 12);
INSERT INTO [ORDER] (ID_Order, ID_Table, OrderDate, TotalPrice, ActualPrice, ID_Customer, ID_Review, ID_Employee, ID_Branch) VALUES (38, NULL, '2024-07-20', 0, 0, 22, 38, 47, 12);
INSERT INTO [ORDER] (ID_Order, ID_Table, OrderDate, TotalPrice, ActualPrice, ID_Customer, ID_Review, ID_Employee, ID_Branch) VALUES (39, NULL, '2024-03-08', 0, 0, 22, 39, 163, 12);
INSERT INTO [ORDER] (ID_Order, ID_Table, OrderDate, TotalPrice, ActualPrice, ID_Customer, ID_Review, ID_Employee, ID_Branch) VALUES (40, NULL, '2023-05-30', 0, 0, 14, 40, 115, 12);
INSERT INTO [ORDER] (ID_Order, ID_Table, OrderDate, TotalPrice, ActualPrice, ID_Customer, ID_Review, ID_Employee, ID_Branch) VALUES (1, 298, '2024-02-15', 0, 0, 24, 1, 5, 13);
INSERT INTO [ORDER] (ID_Order, ID_Table, OrderDate, TotalPrice, ActualPrice, ID_Customer, ID_Review, ID_Employee, ID_Branch) VALUES (2, 309, '2024-05-02', 0, 0, 41, 2, 141, 13);
INSERT INTO [ORDER] (ID_Order, ID_Table, OrderDate, TotalPrice, ActualPrice, ID_Customer, ID_Review, ID_Employee, ID_Branch) VALUES (3, 307, '2024-03-29', 0, 0, 13, 3, 218, 13);
INSERT INTO [ORDER] (ID_Order, ID_Table, OrderDate, TotalPrice, ActualPrice, ID_Customer, ID_Review, ID_Employee, ID_Branch) VALUES (4, 300, '2023-06-29', 0, 0, 39, 4, 22, 13);
INSERT INTO [ORDER] (ID_Order, ID_Table, OrderDate, TotalPrice, ActualPrice, ID_Customer, ID_Review, ID_Employee, ID_Branch) VALUES (5, 309, '2024-05-03', 0, 0, 28, 5, 63, 13);
INSERT INTO [ORDER] (ID_Order, ID_Table, OrderDate, TotalPrice, ActualPrice, ID_Customer, ID_Review, ID_Employee, ID_Branch) VALUES (6, 295, '2024-03-08', 0, 0, 40, 6, 17, 13);
INSERT INTO [ORDER] (ID_Order, ID_Table, OrderDate, TotalPrice, ActualPrice, ID_Customer, ID_Review, ID_Employee, ID_Branch) VALUES (7, 307, '2024-09-24', 0, 0, 29, 7, 18, 13);
INSERT INTO [ORDER] (ID_Order, ID_Table, OrderDate, TotalPrice, ActualPrice, ID_Customer, ID_Review, ID_Employee, ID_Branch) VALUES (8, 311, '2023-12-30', 0, 0, 38, 8, 212, 13);
INSERT INTO [ORDER] (ID_Order, ID_Table, OrderDate, TotalPrice, ActualPrice, ID_Customer, ID_Review, ID_Employee, ID_Branch) VALUES (9, 304, '2024-10-19', 0, 0, 23, 9, 59, 13);
INSERT INTO [ORDER] (ID_Order, ID_Table, OrderDate, TotalPrice, ActualPrice, ID_Customer, ID_Review, ID_Employee, ID_Branch) VALUES (10, 307, '2023-06-10', 0, 0, 35, 10, 151, 13);
INSERT INTO [ORDER] (ID_Order, ID_Table, OrderDate, TotalPrice, ActualPrice, ID_Customer, ID_Review, ID_Employee, ID_Branch) VALUES (11, 299, '2023-02-26', 0, 0, 37, 11, 66, 13);
INSERT INTO [ORDER] (ID_Order, ID_Table, OrderDate, TotalPrice, ActualPrice, ID_Customer, ID_Review, ID_Employee, ID_Branch) VALUES (12, 305, '2023-03-04', 0, 0, 25, 12, 147, 13);
INSERT INTO [ORDER] (ID_Order, ID_Table, OrderDate, TotalPrice, ActualPrice, ID_Customer, ID_Review, ID_Employee, ID_Branch) VALUES (13, 309, '2024-08-26', 0, 0, 20, 13, 24, 13);
INSERT INTO [ORDER] (ID_Order, ID_Table, OrderDate, TotalPrice, ActualPrice, ID_Customer, ID_Review, ID_Employee, ID_Branch) VALUES (14, 302, '2023-11-25', 0, 0, 10, 14, 182, 13);
INSERT INTO [ORDER] (ID_Order, ID_Table, OrderDate, TotalPrice, ActualPrice, ID_Customer, ID_Review, ID_Employee, ID_Branch) VALUES (15, 293, '2022-12-25', 0, 0, 11, 15, 198, 13);
INSERT INTO [ORDER] (ID_Order, ID_Table, OrderDate, TotalPrice, ActualPrice, ID_Customer, ID_Review, ID_Employee, ID_Branch) VALUES (16, 305, '2024-03-12', 0, 0, 38, 16, 189, 13);
INSERT INTO [ORDER] (ID_Order, ID_Table, OrderDate, TotalPrice, ActualPrice, ID_Customer, ID_Review, ID_Employee, ID_Branch) VALUES (17, 296, '2023-10-26', 0, 0, 25, 17, 158, 13);
INSERT INTO [ORDER] (ID_Order, ID_Table, OrderDate, TotalPrice, ActualPrice, ID_Customer, ID_Review, ID_Employee, ID_Branch) VALUES (18, 299, '2023-10-13', 0, 0, 30, 18, 184, 13);
INSERT INTO [ORDER] (ID_Order, ID_Table, OrderDate, TotalPrice, ActualPrice, ID_Customer, ID_Review, ID_Employee, ID_Branch) VALUES (19, 309, '2023-02-17', 0, 0, 5, 19, 147, 13);
INSERT INTO [ORDER] (ID_Order, ID_Table, OrderDate, TotalPrice, ActualPrice, ID_Customer, ID_Review, ID_Employee, ID_Branch) VALUES (20, 304, '2024-06-15', 0, 0, 34, 20, 17, 13);
INSERT INTO [ORDER] (ID_Order, ID_Table, OrderDate, TotalPrice, ActualPrice, ID_Customer, ID_Review, ID_Employee, ID_Branch) VALUES (21, 309, '2024-05-31', 0, 0, 19, 21, 194, 13);
INSERT INTO [ORDER] (ID_Order, ID_Table, OrderDate, TotalPrice, ActualPrice, ID_Customer, ID_Review, ID_Employee, ID_Branch) VALUES (22, 296, '2023-08-29', 0, 0, 7, 22, 18, 13);
INSERT INTO [ORDER] (ID_Order, ID_Table, OrderDate, TotalPrice, ActualPrice, ID_Customer, ID_Review, ID_Employee, ID_Branch) VALUES (23, 308, '2024-06-13', 0, 0, 8, 23, 184, 13);
INSERT INTO [ORDER] (ID_Order, ID_Table, OrderDate, TotalPrice, ActualPrice, ID_Customer, ID_Review, ID_Employee, ID_Branch) VALUES (24, 294, '2023-07-16', 0, 0, 32, 24, 1, 13);
INSERT INTO [ORDER] (ID_Order, ID_Table, OrderDate, TotalPrice, ActualPrice, ID_Customer, ID_Review, ID_Employee, ID_Branch) VALUES (25, 303, '2023-12-08', 0, 0, 38, 25, 140, 13);
INSERT INTO [ORDER] (ID_Order, ID_Table, OrderDate, TotalPrice, ActualPrice, ID_Customer, ID_Review, ID_Employee, ID_Branch) VALUES (26, 295, '2023-02-07', 0, 0, 31, 26, 65, 13);
INSERT INTO [ORDER] (ID_Order, ID_Table, OrderDate, TotalPrice, ActualPrice, ID_Customer, ID_Review, ID_Employee, ID_Branch) VALUES (27, 305, '2024-05-09', 0, 0, 13, 27, 50, 13);
INSERT INTO [ORDER] (ID_Order, ID_Table, OrderDate, TotalPrice, ActualPrice, ID_Customer, ID_Review, ID_Employee, ID_Branch) VALUES (28, 298, '2024-05-24', 0, 0, 28, 28, 198, 13);
INSERT INTO [ORDER] (ID_Order, ID_Table, OrderDate, TotalPrice, ActualPrice, ID_Customer, ID_Review, ID_Employee, ID_Branch) VALUES (29, 309, '2024-03-20', 0, 0, 8, 29, 194, 13);
INSERT INTO [ORDER] (ID_Order, ID_Table, OrderDate, TotalPrice, ActualPrice, ID_Customer, ID_Review, ID_Employee, ID_Branch) VALUES (30, 303, '2024-11-08', 0, 0, 34, 30, 7, 13);
INSERT INTO [ORDER] (ID_Order, ID_Table, OrderDate, TotalPrice, ActualPrice, ID_Customer, ID_Review, ID_Employee, ID_Branch) VALUES (31, 298, '2023-11-18', 0, 0, 10, 31, 158, 13);
INSERT INTO [ORDER] (ID_Order, ID_Table, OrderDate, TotalPrice, ActualPrice, ID_Customer, ID_Review, ID_Employee, ID_Branch) VALUES (32, NULL, '2023-12-14', 0, 0, 35, 32, 141, 13);
INSERT INTO [ORDER] (ID_Order, ID_Table, OrderDate, TotalPrice, ActualPrice, ID_Customer, ID_Review, ID_Employee, ID_Branch) VALUES (33, NULL, '2023-09-08', 0, 0, 37, 33, 224, 13);
INSERT INTO [ORDER] (ID_Order, ID_Table, OrderDate, TotalPrice, ActualPrice, ID_Customer, ID_Review, ID_Employee, ID_Branch) VALUES (34, NULL, '2024-06-19', 0, 0, 25, 34, 128, 13);
INSERT INTO [ORDER] (ID_Order, ID_Table, OrderDate, TotalPrice, ActualPrice, ID_Customer, ID_Review, ID_Employee, ID_Branch) VALUES (35, NULL, '2024-01-10', 0, 0, 30, 35, 16, 13);
INSERT INTO [ORDER] (ID_Order, ID_Table, OrderDate, TotalPrice, ActualPrice, ID_Customer, ID_Review, ID_Employee, ID_Branch) VALUES (36, NULL, '2024-06-07', 0, 0, 37, 36, 88, 13);
INSERT INTO [ORDER] (ID_Order, ID_Table, OrderDate, TotalPrice, ActualPrice, ID_Customer, ID_Review, ID_Employee, ID_Branch) VALUES (37, NULL, '2024-12-10', 0, 0, 19, 37, 167, 13);
INSERT INTO [ORDER] (ID_Order, ID_Table, OrderDate, TotalPrice, ActualPrice, ID_Customer, ID_Review, ID_Employee, ID_Branch) VALUES (38, NULL, '2023-06-11', 0, 0, 4, 38, 34, 13);
INSERT INTO [ORDER] (ID_Order, ID_Table, OrderDate, TotalPrice, ActualPrice, ID_Customer, ID_Review, ID_Employee, ID_Branch) VALUES (39, NULL, '2024-09-14', 0, 0, 4, 39, 224, 13);
INSERT INTO [ORDER] (ID_Order, ID_Table, OrderDate, TotalPrice, ActualPrice, ID_Customer, ID_Review, ID_Employee, ID_Branch) VALUES (40, NULL, '2023-08-13', 0, 0, 2, 40, 59, 13);
INSERT INTO [ORDER] (ID_Order, ID_Table, OrderDate, TotalPrice, ActualPrice, ID_Customer, ID_Review, ID_Employee, ID_Branch) VALUES (1, 313, '2023-06-12', 0, 0, 26, 1, 77, 14);
INSERT INTO [ORDER] (ID_Order, ID_Table, OrderDate, TotalPrice, ActualPrice, ID_Customer, ID_Review, ID_Employee, ID_Branch) VALUES (2, 318, '2024-07-18', 0, 0, 30, 2, 137, 14);
INSERT INTO [ORDER] (ID_Order, ID_Table, OrderDate, TotalPrice, ActualPrice, ID_Customer, ID_Review, ID_Employee, ID_Branch) VALUES (3, 320, '2023-04-03', 0, 0, 1, 3, 46, 14);
INSERT INTO [ORDER] (ID_Order, ID_Table, OrderDate, TotalPrice, ActualPrice, ID_Customer, ID_Review, ID_Employee, ID_Branch) VALUES (4, 325, '2023-08-12', 0, 0, 31, 4, 134, 14);
INSERT INTO [ORDER] (ID_Order, ID_Table, OrderDate, TotalPrice, ActualPrice, ID_Customer, ID_Review, ID_Employee, ID_Branch) VALUES (5, 323, '2024-04-27', 0, 0, 28, 5, 161, 14);
INSERT INTO [ORDER] (ID_Order, ID_Table, OrderDate, TotalPrice, ActualPrice, ID_Customer, ID_Review, ID_Employee, ID_Branch) VALUES (6, 329, '2024-04-15', 0, 0, 29, 6, 217, 14);
INSERT INTO [ORDER] (ID_Order, ID_Table, OrderDate, TotalPrice, ActualPrice, ID_Customer, ID_Review, ID_Employee, ID_Branch) VALUES (7, 330, '2023-03-07', 0, 0, 33, 7, 6, 14);
INSERT INTO [ORDER] (ID_Order, ID_Table, OrderDate, TotalPrice, ActualPrice, ID_Customer, ID_Review, ID_Employee, ID_Branch) VALUES (8, 331, '2023-07-05', 0, 0, 32, 8, 68, 14);
INSERT INTO [ORDER] (ID_Order, ID_Table, OrderDate, TotalPrice, ActualPrice, ID_Customer, ID_Review, ID_Employee, ID_Branch) VALUES (9, 327, '2024-01-23', 0, 0, 13, 9, 123, 14);
INSERT INTO [ORDER] (ID_Order, ID_Table, OrderDate, TotalPrice, ActualPrice, ID_Customer, ID_Review, ID_Employee, ID_Branch) VALUES (10, 325, '2024-01-24', 0, 0, 9, 10, 30, 14);
INSERT INTO [ORDER] (ID_Order, ID_Table, OrderDate, TotalPrice, ActualPrice, ID_Customer, ID_Review, ID_Employee, ID_Branch) VALUES (11, 330, '2023-12-10', 0, 0, 23, 11, 46, 14);
INSERT INTO [ORDER] (ID_Order, ID_Table, OrderDate, TotalPrice, ActualPrice, ID_Customer, ID_Review, ID_Employee, ID_Branch) VALUES (12, 321, '2024-03-28', 0, 0, 36, 12, 137, 14);
INSERT INTO [ORDER] (ID_Order, ID_Table, OrderDate, TotalPrice, ActualPrice, ID_Customer, ID_Review, ID_Employee, ID_Branch) VALUES (13, 322, '2024-02-03', 0, 0, 27, 13, 196, 14);
INSERT INTO [ORDER] (ID_Order, ID_Table, OrderDate, TotalPrice, ActualPrice, ID_Customer, ID_Review, ID_Employee, ID_Branch) VALUES (14, 325, '2023-07-27', 0, 0, 21, 14, 4, 14);
INSERT INTO [ORDER] (ID_Order, ID_Table, OrderDate, TotalPrice, ActualPrice, ID_Customer, ID_Review, ID_Employee, ID_Branch) VALUES (15, 325, '2023-09-17', 0, 0, 34, 15, 119, 14);
INSERT INTO [ORDER] (ID_Order, ID_Table, OrderDate, TotalPrice, ActualPrice, ID_Customer, ID_Review, ID_Employee, ID_Branch) VALUES (16, 313, '2023-07-27', 0, 0, 21, 16, 212, 14);
INSERT INTO [ORDER] (ID_Order, ID_Table, OrderDate, TotalPrice, ActualPrice, ID_Customer, ID_Review, ID_Employee, ID_Branch) VALUES (17, 325, '2024-04-02', 0, 0, 15, 17, 37, 14);
INSERT INTO [ORDER] (ID_Order, ID_Table, OrderDate, TotalPrice, ActualPrice, ID_Customer, ID_Review, ID_Employee, ID_Branch) VALUES (18, 315, '2024-02-18', 0, 0, 12, 18, 146, 14);
INSERT INTO [ORDER] (ID_Order, ID_Table, OrderDate, TotalPrice, ActualPrice, ID_Customer, ID_Review, ID_Employee, ID_Branch) VALUES (19, 317, '2023-02-16', 0, 0, 21, 19, 161, 14);
INSERT INTO [ORDER] (ID_Order, ID_Table, OrderDate, TotalPrice, ActualPrice, ID_Customer, ID_Review, ID_Employee, ID_Branch) VALUES (20, 316, '2023-05-06', 0, 0, 31, 20, 86, 14);
INSERT INTO [ORDER] (ID_Order, ID_Table, OrderDate, TotalPrice, ActualPrice, ID_Customer, ID_Review, ID_Employee, ID_Branch) VALUES (21, 319, '2024-06-02', 0, 0, 25, 21, 161, 14);
INSERT INTO [ORDER] (ID_Order, ID_Table, OrderDate, TotalPrice, ActualPrice, ID_Customer, ID_Review, ID_Employee, ID_Branch) VALUES (22, 323, '2023-12-25', 0, 0, 37, 22, 97, 14);
INSERT INTO [ORDER] (ID_Order, ID_Table, OrderDate, TotalPrice, ActualPrice, ID_Customer, ID_Review, ID_Employee, ID_Branch) VALUES (23, 314, '2024-07-28', 0, 0, 16, 23, 204, 14);
INSERT INTO [ORDER] (ID_Order, ID_Table, OrderDate, TotalPrice, ActualPrice, ID_Customer, ID_Review, ID_Employee, ID_Branch) VALUES (24, 332, '2024-07-09', 0, 0, 21, 24, 30, 14);
INSERT INTO [ORDER] (ID_Order, ID_Table, OrderDate, TotalPrice, ActualPrice, ID_Customer, ID_Review, ID_Employee, ID_Branch) VALUES (25, 315, '2023-04-20', 0, 0, 35, 25, 66, 14);
INSERT INTO [ORDER] (ID_Order, ID_Table, OrderDate, TotalPrice, ActualPrice, ID_Customer, ID_Review, ID_Employee, ID_Branch) VALUES (26, 332, '2023-05-14', 0, 0, 10, 26, 146, 14);
INSERT INTO [ORDER] (ID_Order, ID_Table, OrderDate, TotalPrice, ActualPrice, ID_Customer, ID_Review, ID_Employee, ID_Branch) VALUES (27, 330, '2024-12-11', 0, 0, 28, 27, 222, 14);
INSERT INTO [ORDER] (ID_Order, ID_Table, OrderDate, TotalPrice, ActualPrice, ID_Customer, ID_Review, ID_Employee, ID_Branch) VALUES (28, 318, '2024-02-07', 0, 0, 34, 28, 97, 14);
INSERT INTO [ORDER] (ID_Order, ID_Table, OrderDate, TotalPrice, ActualPrice, ID_Customer, ID_Review, ID_Employee, ID_Branch) VALUES (29, 329, '2023-04-15', 0, 0, 31, 29, 57, 14);
INSERT INTO [ORDER] (ID_Order, ID_Table, OrderDate, TotalPrice, ActualPrice, ID_Customer, ID_Review, ID_Employee, ID_Branch) VALUES (30, 316, '2023-07-29', 0, 0, 22, 30, 212, 14);
INSERT INTO [ORDER] (ID_Order, ID_Table, OrderDate, TotalPrice, ActualPrice, ID_Customer, ID_Review, ID_Employee, ID_Branch) VALUES (31, 313, '2023-11-17', 0, 0, 12, 31, 147, 14);
INSERT INTO [ORDER] (ID_Order, ID_Table, OrderDate, TotalPrice, ActualPrice, ID_Customer, ID_Review, ID_Employee, ID_Branch) VALUES (32, NULL, '2022-12-21', 0, 0, 11, 32, 204, 14);
INSERT INTO [ORDER] (ID_Order, ID_Table, OrderDate, TotalPrice, ActualPrice, ID_Customer, ID_Review, ID_Employee, ID_Branch) VALUES (33, NULL, '2023-03-14', 0, 0, 29, 33, 123, 14);
INSERT INTO [ORDER] (ID_Order, ID_Table, OrderDate, TotalPrice, ActualPrice, ID_Customer, ID_Review, ID_Employee, ID_Branch) VALUES (34, NULL, '2023-07-22', 0, 0, 23, 34, 131, 14);
INSERT INTO [ORDER] (ID_Order, ID_Table, OrderDate, TotalPrice, ActualPrice, ID_Customer, ID_Review, ID_Employee, ID_Branch) VALUES (35, NULL, '2024-11-26', 0, 0, 28, 35, 134, 14);
INSERT INTO [ORDER] (ID_Order, ID_Table, OrderDate, TotalPrice, ActualPrice, ID_Customer, ID_Review, ID_Employee, ID_Branch) VALUES (36, NULL, '2024-08-17', 0, 0, 4, 36, 198, 14);
INSERT INTO [ORDER] (ID_Order, ID_Table, OrderDate, TotalPrice, ActualPrice, ID_Customer, ID_Review, ID_Employee, ID_Branch) VALUES (37, NULL, '2024-03-18', 0, 0, 17, 37, 196, 14);
INSERT INTO [ORDER] (ID_Order, ID_Table, OrderDate, TotalPrice, ActualPrice, ID_Customer, ID_Review, ID_Employee, ID_Branch) VALUES (38, NULL, '2024-09-07', 0, 0, 7, 38, 147, 14);
INSERT INTO [ORDER] (ID_Order, ID_Table, OrderDate, TotalPrice, ActualPrice, ID_Customer, ID_Review, ID_Employee, ID_Branch) VALUES (39, NULL, '2023-07-18', 0, 0, 10, 39, 131, 14);
INSERT INTO [ORDER] (ID_Order, ID_Table, OrderDate, TotalPrice, ActualPrice, ID_Customer, ID_Review, ID_Employee, ID_Branch) VALUES (40, NULL, '2024-02-21', 0, 0, 37, 40, 177, 14);
INSERT INTO [ORDER] (ID_Order, ID_Table, OrderDate, TotalPrice, ActualPrice, ID_Customer, ID_Review, ID_Employee, ID_Branch) VALUES (1, 346, '2023-06-18', 0, 0, 3, 1, 97, 15);
INSERT INTO [ORDER] (ID_Order, ID_Table, OrderDate, TotalPrice, ActualPrice, ID_Customer, ID_Review, ID_Employee, ID_Branch) VALUES (2, 358, '2023-07-02', 0, 0, 3, 2, 85, 15);
INSERT INTO [ORDER] (ID_Order, ID_Table, OrderDate, TotalPrice, ActualPrice, ID_Customer, ID_Review, ID_Employee, ID_Branch) VALUES (3, 350, '2023-10-26', 0, 0, 40, 3, 4, 15);
INSERT INTO [ORDER] (ID_Order, ID_Table, OrderDate, TotalPrice, ActualPrice, ID_Customer, ID_Review, ID_Employee, ID_Branch) VALUES (4, 353, '2024-04-07', 0, 0, 15, 4, 198, 15);
INSERT INTO [ORDER] (ID_Order, ID_Table, OrderDate, TotalPrice, ActualPrice, ID_Customer, ID_Review, ID_Employee, ID_Branch) VALUES (5, 339, '2023-08-17', 0, 0, 26, 5, 33, 15);
INSERT INTO [ORDER] (ID_Order, ID_Table, OrderDate, TotalPrice, ActualPrice, ID_Customer, ID_Review, ID_Employee, ID_Branch) VALUES (6, 339, '2023-11-16', 0, 0, 41, 6, 38, 15);
INSERT INTO [ORDER] (ID_Order, ID_Table, OrderDate, TotalPrice, ActualPrice, ID_Customer, ID_Review, ID_Employee, ID_Branch) VALUES (7, 349, '2024-03-14', 0, 0, 28, 7, 38, 15);
INSERT INTO [ORDER] (ID_Order, ID_Table, OrderDate, TotalPrice, ActualPrice, ID_Customer, ID_Review, ID_Employee, ID_Branch) VALUES (8, 344, '2024-09-01', 0, 0, 21, 8, 43, 15);
INSERT INTO [ORDER] (ID_Order, ID_Table, OrderDate, TotalPrice, ActualPrice, ID_Customer, ID_Review, ID_Employee, ID_Branch) VALUES (9, 343, '2023-11-10', 0, 0, 23, 9, 42, 15);
INSERT INTO [ORDER] (ID_Order, ID_Table, OrderDate, TotalPrice, ActualPrice, ID_Customer, ID_Review, ID_Employee, ID_Branch) VALUES (10, 345, '2023-11-08', 0, 0, 39, 10, 40, 15);
INSERT INTO [ORDER] (ID_Order, ID_Table, OrderDate, TotalPrice, ActualPrice, ID_Customer, ID_Review, ID_Employee, ID_Branch) VALUES (11, 340, '2023-10-15', 0, 0, 37, 11, 40, 15);
INSERT INTO [ORDER] (ID_Order, ID_Table, OrderDate, TotalPrice, ActualPrice, ID_Customer, ID_Review, ID_Employee, ID_Branch) VALUES (12, 340, '2023-07-22', 0, 0, 12, 12, 213, 15);
INSERT INTO [ORDER] (ID_Order, ID_Table, OrderDate, TotalPrice, ActualPrice, ID_Customer, ID_Review, ID_Employee, ID_Branch) VALUES (13, 339, '2024-02-08', 0, 0, 22, 13, 142, 15);
INSERT INTO [ORDER] (ID_Order, ID_Table, OrderDate, TotalPrice, ActualPrice, ID_Customer, ID_Review, ID_Employee, ID_Branch) VALUES (14, 350, '2023-10-08', 0, 0, 2, 14, 180, 15);
INSERT INTO [ORDER] (ID_Order, ID_Table, OrderDate, TotalPrice, ActualPrice, ID_Customer, ID_Review, ID_Employee, ID_Branch) VALUES (15, 355, '2023-01-05', 0, 0, 41, 15, 43, 15);
INSERT INTO [ORDER] (ID_Order, ID_Table, OrderDate, TotalPrice, ActualPrice, ID_Customer, ID_Review, ID_Employee, ID_Branch) VALUES (16, 337, '2023-09-08', 0, 0, 2, 16, 12, 15);
INSERT INTO [ORDER] (ID_Order, ID_Table, OrderDate, TotalPrice, ActualPrice, ID_Customer, ID_Review, ID_Employee, ID_Branch) VALUES (17, 342, '2023-05-29', 0, 0, 24, 17, 35, 15);
INSERT INTO [ORDER] (ID_Order, ID_Table, OrderDate, TotalPrice, ActualPrice, ID_Customer, ID_Review, ID_Employee, ID_Branch) VALUES (18, 343, '2023-06-23', 0, 0, 34, 18, 10, 15);
INSERT INTO [ORDER] (ID_Order, ID_Table, OrderDate, TotalPrice, ActualPrice, ID_Customer, ID_Review, ID_Employee, ID_Branch) VALUES (19, 347, '2024-04-05', 0, 0, 14, 19, 91, 15);
INSERT INTO [ORDER] (ID_Order, ID_Table, OrderDate, TotalPrice, ActualPrice, ID_Customer, ID_Review, ID_Employee, ID_Branch) VALUES (20, 339, '2023-06-30', 0, 0, 19, 20, 30, 15);
INSERT INTO [ORDER] (ID_Order, ID_Table, OrderDate, TotalPrice, ActualPrice, ID_Customer, ID_Review, ID_Employee, ID_Branch) VALUES (21, 347, '2023-02-13', 0, 0, 7, 21, 7, 15);
INSERT INTO [ORDER] (ID_Order, ID_Table, OrderDate, TotalPrice, ActualPrice, ID_Customer, ID_Review, ID_Employee, ID_Branch) VALUES (22, 338, '2024-08-18', 0, 0, 19, 22, 10, 15);
INSERT INTO [ORDER] (ID_Order, ID_Table, OrderDate, TotalPrice, ActualPrice, ID_Customer, ID_Review, ID_Employee, ID_Branch) VALUES (23, 355, '2023-11-12', 0, 0, 19, 23, 176, 15);
INSERT INTO [ORDER] (ID_Order, ID_Table, OrderDate, TotalPrice, ActualPrice, ID_Customer, ID_Review, ID_Employee, ID_Branch) VALUES (24, 338, '2023-04-11', 0, 0, 16, 24, 83, 15);
INSERT INTO [ORDER] (ID_Order, ID_Table, OrderDate, TotalPrice, ActualPrice, ID_Customer, ID_Review, ID_Employee, ID_Branch) VALUES (25, 346, '2024-02-22', 0, 0, 17, 25, 220, 15);
INSERT INTO [ORDER] (ID_Order, ID_Table, OrderDate, TotalPrice, ActualPrice, ID_Customer, ID_Review, ID_Employee, ID_Branch) VALUES (26, 339, '2024-10-16', 0, 0, 26, 26, 144, 15);
INSERT INTO [ORDER] (ID_Order, ID_Table, OrderDate, TotalPrice, ActualPrice, ID_Customer, ID_Review, ID_Employee, ID_Branch) VALUES (27, 350, '2024-10-15', 0, 0, 20, 27, 91, 15);
INSERT INTO [ORDER] (ID_Order, ID_Table, OrderDate, TotalPrice, ActualPrice, ID_Customer, ID_Review, ID_Employee, ID_Branch) VALUES (28, 346, '2023-02-25', 0, 0, 27, 28, 107, 15);
INSERT INTO [ORDER] (ID_Order, ID_Table, OrderDate, TotalPrice, ActualPrice, ID_Customer, ID_Review, ID_Employee, ID_Branch) VALUES (29, 351, '2024-02-05', 0, 0, 36, 29, 85, 15);
INSERT INTO [ORDER] (ID_Order, ID_Table, OrderDate, TotalPrice, ActualPrice, ID_Customer, ID_Review, ID_Employee, ID_Branch) VALUES (30, 338, '2024-04-29', 0, 0, 39, 30, 85, 15);
INSERT INTO [ORDER] (ID_Order, ID_Table, OrderDate, TotalPrice, ActualPrice, ID_Customer, ID_Review, ID_Employee, ID_Branch) VALUES (31, 352, '2023-04-14', 0, 0, 20, 31, 99, 15);
INSERT INTO [ORDER] (ID_Order, ID_Table, OrderDate, TotalPrice, ActualPrice, ID_Customer, ID_Review, ID_Employee, ID_Branch) VALUES (32, NULL, '2023-09-19', 0, 0, 34, 32, 213, 15);
INSERT INTO [ORDER] (ID_Order, ID_Table, OrderDate, TotalPrice, ActualPrice, ID_Customer, ID_Review, ID_Employee, ID_Branch) VALUES (33, NULL, '2023-03-11', 0, 0, 33, 33, 43, 15);
INSERT INTO [ORDER] (ID_Order, ID_Table, OrderDate, TotalPrice, ActualPrice, ID_Customer, ID_Review, ID_Employee, ID_Branch) VALUES (34, NULL, '2023-11-09', 0, 0, 17, 34, 97, 15);
INSERT INTO [ORDER] (ID_Order, ID_Table, OrderDate, TotalPrice, ActualPrice, ID_Customer, ID_Review, ID_Employee, ID_Branch) VALUES (35, NULL, '2023-02-05', 0, 0, 1, 35, 155, 15);
INSERT INTO [ORDER] (ID_Order, ID_Table, OrderDate, TotalPrice, ActualPrice, ID_Customer, ID_Review, ID_Employee, ID_Branch) VALUES (36, NULL, '2023-03-16', 0, 0, 13, 36, 191, 15);
INSERT INTO [ORDER] (ID_Order, ID_Table, OrderDate, TotalPrice, ActualPrice, ID_Customer, ID_Review, ID_Employee, ID_Branch) VALUES (37, NULL, '2024-09-14', 0, 0, 21, 37, 78, 15);
INSERT INTO [ORDER] (ID_Order, ID_Table, OrderDate, TotalPrice, ActualPrice, ID_Customer, ID_Review, ID_Employee, ID_Branch) VALUES (38, NULL, '2024-08-27', 0, 0, 2, 38, 83, 15);
INSERT INTO [ORDER] (ID_Order, ID_Table, OrderDate, TotalPrice, ActualPrice, ID_Customer, ID_Review, ID_Employee, ID_Branch) VALUES (39, NULL, '2024-02-19', 0, 0, 18, 39, 50, 15);
INSERT INTO [ORDER] (ID_Order, ID_Table, OrderDate, TotalPrice, ActualPrice, ID_Customer, ID_Review, ID_Employee, ID_Branch) VALUES (40, NULL, '2023-05-26', 0, 0, 38, 40, 191, 15);
EXEC dbo.INSERT_ORDER_FOOD 422, 1, 2;
EXEC dbo.INSERT_ORDER_FOOD 173, 1, 2;
EXEC dbo.INSERT_ORDER_FOOD 389, 1, 5;
EXEC dbo.INSERT_ORDER_FOOD 245, 2, 1;
EXEC dbo.INSERT_ORDER_FOOD 173, 2, 2;
EXEC dbo.INSERT_ORDER_FOOD 240, 2, 1;
EXEC dbo.INSERT_ORDER_FOOD 67, 2, 3;
EXEC dbo.INSERT_ORDER_FOOD 193, 2, 3;
EXEC dbo.INSERT_ORDER_FOOD 240, 2, 1;
EXEC dbo.INSERT_ORDER_FOOD 209, 2, 1;
EXEC dbo.INSERT_ORDER_FOOD 588, 2, 1;
EXEC dbo.INSERT_ORDER_FOOD 585, 3, 5;
EXEC dbo.INSERT_ORDER_FOOD 232, 3, 1;
EXEC dbo.INSERT_ORDER_FOOD 284, 3, 4;
EXEC dbo.INSERT_ORDER_FOOD 290, 3, 3;
EXEC dbo.INSERT_ORDER_FOOD 517, 3, 2;
EXEC dbo.INSERT_ORDER_FOOD 337, 3, 4;
EXEC dbo.INSERT_ORDER_FOOD 44, 3, 5;
EXEC dbo.INSERT_ORDER_FOOD 44, 3, 1;
EXEC dbo.INSERT_ORDER_FOOD 193, 3, 1;
EXEC dbo.INSERT_ORDER_FOOD 240, 4, 1;
EXEC dbo.INSERT_ORDER_FOOD 165, 4, 1;
EXEC dbo.INSERT_ORDER_FOOD 193, 4, 3;
EXEC dbo.INSERT_ORDER_FOOD 382, 4, 2;
EXEC dbo.INSERT_ORDER_FOOD 245, 4, 4;
EXEC dbo.INSERT_ORDER_FOOD 383, 5, 5;
EXEC dbo.INSERT_ORDER_FOOD 579, 5, 3;
EXEC dbo.INSERT_ORDER_FOOD 413, 6, 5;
EXEC dbo.INSERT_ORDER_FOOD 540, 6, 2;
EXEC dbo.INSERT_ORDER_FOOD 284, 6, 3;
EXEC dbo.INSERT_ORDER_FOOD 165, 6, 3;
EXEC dbo.INSERT_ORDER_FOOD 84, 6, 1;
EXEC dbo.INSERT_ORDER_FOOD 118, 6, 4;
EXEC dbo.INSERT_ORDER_FOOD 588, 6, 3;
EXEC dbo.INSERT_ORDER_FOOD 383, 6, 3;
EXEC dbo.INSERT_ORDER_FOOD 165, 6, 3;
EXEC dbo.INSERT_ORDER_FOOD 32, 6, 2;
EXEC dbo.INSERT_ORDER_FOOD 401, 7, 2;
EXEC dbo.INSERT_ORDER_FOOD 382, 7, 5;
EXEC dbo.INSERT_ORDER_FOOD 588, 7, 3;
EXEC dbo.INSERT_ORDER_FOOD 133, 7, 1;
EXEC dbo.INSERT_ORDER_FOOD 118, 7, 1;
EXEC dbo.INSERT_ORDER_FOOD 422, 7, 1;
EXEC dbo.INSERT_ORDER_FOOD 133, 7, 3;
EXEC dbo.INSERT_ORDER_FOOD 458, 8, 4;
EXEC dbo.INSERT_ORDER_FOOD 65, 8, 5;
EXEC dbo.INSERT_ORDER_FOOD 33, 8, 1;
EXEC dbo.INSERT_ORDER_FOOD 84, 8, 2;
EXEC dbo.INSERT_ORDER_FOOD 517, 8, 1;
EXEC dbo.INSERT_ORDER_FOOD 209, 8, 2;
EXEC dbo.INSERT_ORDER_FOOD 165, 9, 2;
EXEC dbo.INSERT_ORDER_FOOD 585, 9, 5;
EXEC dbo.INSERT_ORDER_FOOD 383, 9, 4;
EXEC dbo.INSERT_ORDER_FOOD 240, 9, 2;
EXEC dbo.INSERT_ORDER_FOOD 507, 9, 1;
EXEC dbo.INSERT_ORDER_FOOD 540, 9, 2;
EXEC dbo.INSERT_ORDER_FOOD 67, 10, 3;
EXEC dbo.INSERT_ORDER_FOOD 133, 10, 2;
EXEC dbo.INSERT_ORDER_FOOD 375, 10, 4;
EXEC dbo.INSERT_ORDER_FOOD 44, 10, 2;
EXEC dbo.INSERT_ORDER_FOOD 67, 10, 3;
EXEC dbo.INSERT_ORDER_FOOD 173, 11, 4;
EXEC dbo.INSERT_ORDER_FOOD 209, 11, 5;
EXEC dbo.INSERT_ORDER_FOOD 413, 11, 5;
EXEC dbo.INSERT_ORDER_FOOD 193, 11, 2;
EXEC dbo.INSERT_ORDER_FOOD 284, 11, 2;
EXEC dbo.INSERT_ORDER_FOOD 240, 11, 4;
EXEC dbo.INSERT_ORDER_FOOD 209, 11, 2;
EXEC dbo.INSERT_ORDER_FOOD 458, 11, 4;
EXEC dbo.INSERT_ORDER_FOOD 401, 12, 3;
EXEC dbo.INSERT_ORDER_FOOD 65, 12, 5;
EXEC dbo.INSERT_ORDER_FOOD 599, 13, 1;
EXEC dbo.INSERT_ORDER_FOOD 65, 13, 5;
EXEC dbo.INSERT_ORDER_FOOD 84, 13, 5;
EXEC dbo.INSERT_ORDER_FOOD 290, 13, 1;
EXEC dbo.INSERT_ORDER_FOOD 308, 14, 1;
EXEC dbo.INSERT_ORDER_FOOD 518, 14, 4;
EXEC dbo.INSERT_ORDER_FOOD 84, 14, 5;
EXEC dbo.INSERT_ORDER_FOOD 507, 14, 4;
EXEC dbo.INSERT_ORDER_FOOD 413, 14, 1;
EXEC dbo.INSERT_ORDER_FOOD 84, 14, 3;
EXEC dbo.INSERT_ORDER_FOOD 133, 14, 1;
EXEC dbo.INSERT_ORDER_FOOD 193, 14, 2;
EXEC dbo.INSERT_ORDER_FOOD 84, 15, 1;
EXEC dbo.INSERT_ORDER_FOOD 240, 15, 5;
EXEC dbo.INSERT_ORDER_FOOD 193, 15, 1;
EXEC dbo.INSERT_ORDER_FOOD 193, 16, 1;
EXEC dbo.INSERT_ORDER_FOOD 383, 16, 2;
EXEC dbo.INSERT_ORDER_FOOD 518, 16, 5;
EXEC dbo.INSERT_ORDER_FOOD 219, 16, 1;
EXEC dbo.INSERT_ORDER_FOOD 44, 16, 1;
EXEC dbo.INSERT_ORDER_FOOD 518, 16, 2;
EXEC dbo.INSERT_ORDER_FOOD 219, 16, 3;
EXEC dbo.INSERT_ORDER_FOOD 579, 17, 2;
EXEC dbo.INSERT_ORDER_FOOD 67, 17, 3;
EXEC dbo.INSERT_ORDER_FOOD 209, 17, 5;
EXEC dbo.INSERT_ORDER_FOOD 411, 17, 3;
EXEC dbo.INSERT_ORDER_FOOD 172, 17, 1;
EXEC dbo.INSERT_ORDER_FOOD 209, 17, 2;
EXEC dbo.INSERT_ORDER_FOOD 240, 17, 2;
EXEC dbo.INSERT_ORDER_FOOD 517, 17, 2;
EXEC dbo.INSERT_ORDER_FOOD 458, 17, 4;
EXEC dbo.INSERT_ORDER_FOOD 585, 17, 2;
EXEC dbo.INSERT_ORDER_FOOD 411, 18, 4;
EXEC dbo.INSERT_ORDER_FOOD 193, 18, 4;
EXEC dbo.INSERT_ORDER_FOOD 209, 18, 5;
EXEC dbo.INSERT_ORDER_FOOD 32, 18, 3;
EXEC dbo.INSERT_ORDER_FOOD 411, 18, 1;
EXEC dbo.INSERT_ORDER_FOOD 517, 19, 1;
EXEC dbo.INSERT_ORDER_FOOD 118, 19, 1;
EXEC dbo.INSERT_ORDER_FOOD 33, 19, 3;
EXEC dbo.INSERT_ORDER_FOOD 458, 19, 2;
EXEC dbo.INSERT_ORDER_FOOD 422, 20, 2;
EXEC dbo.INSERT_ORDER_FOOD 33, 20, 1;
EXEC dbo.INSERT_ORDER_FOOD 383, 20, 1;
EXEC dbo.INSERT_ORDER_FOOD 588, 21, 1;
EXEC dbo.INSERT_ORDER_FOOD 401, 21, 4;
EXEC dbo.INSERT_ORDER_FOOD 67, 22, 5;
EXEC dbo.INSERT_ORDER_FOOD 337, 23, 3;
EXEC dbo.INSERT_ORDER_FOOD 579, 23, 4;
EXEC dbo.INSERT_ORDER_FOOD 585, 23, 3;
EXEC dbo.INSERT_ORDER_FOOD 173, 23, 3;
EXEC dbo.INSERT_ORDER_FOOD 540, 24, 4;
EXEC dbo.INSERT_ORDER_FOOD 540, 24, 4;
EXEC dbo.INSERT_ORDER_FOOD 84, 24, 3;
EXEC dbo.INSERT_ORDER_FOOD 422, 24, 3;
EXEC dbo.INSERT_ORDER_FOOD 32, 24, 5;
EXEC dbo.INSERT_ORDER_FOOD 413, 24, 3;
EXEC dbo.INSERT_ORDER_FOOD 382, 24, 3;
EXEC dbo.INSERT_ORDER_FOOD 337, 24, 3;
EXEC dbo.INSERT_ORDER_FOOD 507, 24, 1;
EXEC dbo.INSERT_ORDER_FOOD 507, 24, 5;
EXEC dbo.INSERT_ORDER_FOOD 585, 25, 4;
EXEC dbo.INSERT_ORDER_FOOD 67, 25, 3;
EXEC dbo.INSERT_ORDER_FOOD 599, 25, 3;
EXEC dbo.INSERT_ORDER_FOOD 517, 25, 2;
EXEC dbo.INSERT_ORDER_FOOD 382, 25, 5;
EXEC dbo.INSERT_ORDER_FOOD 172, 25, 3;
EXEC dbo.INSERT_ORDER_FOOD 172, 25, 2;
EXEC dbo.INSERT_ORDER_FOOD 209, 25, 5;
EXEC dbo.INSERT_ORDER_FOOD 308, 26, 3;
EXEC dbo.INSERT_ORDER_FOOD 517, 26, 2;
EXEC dbo.INSERT_ORDER_FOOD 84, 26, 2;
EXEC dbo.INSERT_ORDER_FOOD 44, 26, 5;
EXEC dbo.INSERT_ORDER_FOOD 240, 27, 5;
EXEC dbo.INSERT_ORDER_FOOD 382, 28, 2;
EXEC dbo.INSERT_ORDER_FOOD 389, 28, 1;
EXEC dbo.INSERT_ORDER_FOOD 389, 28, 1;
EXEC dbo.INSERT_ORDER_FOOD 599, 28, 2;
EXEC dbo.INSERT_ORDER_FOOD 411, 28, 1;
EXEC dbo.INSERT_ORDER_FOOD 518, 28, 4;
EXEC dbo.INSERT_ORDER_FOOD 240, 28, 4;
EXEC dbo.INSERT_ORDER_FOOD 546, 28, 4;
EXEC dbo.INSERT_ORDER_FOOD 546, 28, 5;
EXEC dbo.INSERT_ORDER_FOOD 517, 28, 2;
EXEC dbo.INSERT_ORDER_FOOD 44, 29, 5;
EXEC dbo.INSERT_ORDER_FOOD 579, 29, 1;
EXEC dbo.INSERT_ORDER_FOOD 245, 29, 3;
EXEC dbo.INSERT_ORDER_FOOD 507, 30, 3;
EXEC dbo.INSERT_ORDER_FOOD 32, 31, 5;
EXEC dbo.INSERT_ORDER_FOOD 401, 31, 3;
EXEC dbo.INSERT_ORDER_FOOD 245, 31, 5;
EXEC dbo.INSERT_ORDER_FOOD 193, 31, 1;
EXEC dbo.INSERT_ORDER_FOOD 389, 31, 1;
EXEC dbo.INSERT_ORDER_FOOD 458, 31, 2;
EXEC dbo.INSERT_ORDER_FOOD 193, 31, 5;
EXEC dbo.INSERT_ORDER_FOOD 44, 31, 4;
EXEC dbo.INSERT_ORDER_FOOD 84, 31, 5;
EXEC dbo.INSERT_ORDER_FOOD 588, 32, 2;
EXEC dbo.INSERT_ORDER_FOOD 240, 32, 4;
EXEC dbo.INSERT_ORDER_FOOD 413, 32, 5;
EXEC dbo.INSERT_ORDER_FOOD 165, 32, 5;
EXEC dbo.INSERT_ORDER_FOOD 290, 32, 4;
EXEC dbo.INSERT_ORDER_FOOD 33, 33, 3;
EXEC dbo.INSERT_ORDER_FOOD 375, 33, 1;
EXEC dbo.INSERT_ORDER_FOOD 599, 33, 1;
EXEC dbo.INSERT_ORDER_FOOD 579, 33, 4;
EXEC dbo.INSERT_ORDER_FOOD 458, 33, 5;
EXEC dbo.INSERT_ORDER_FOOD 165, 33, 5;
EXEC dbo.INSERT_ORDER_FOOD 84, 33, 1;
EXEC dbo.INSERT_ORDER_FOOD 518, 33, 2;
EXEC dbo.INSERT_ORDER_FOOD 458, 34, 2;
EXEC dbo.INSERT_ORDER_FOOD 507, 34, 5;
EXEC dbo.INSERT_ORDER_FOOD 219, 34, 5;
EXEC dbo.INSERT_ORDER_FOOD 599, 34, 5;
EXEC dbo.INSERT_ORDER_FOOD 118, 34, 4;
EXEC dbo.INSERT_ORDER_FOOD 44, 34, 2;
EXEC dbo.INSERT_ORDER_FOOD 411, 34, 2;
EXEC dbo.INSERT_ORDER_FOOD 540, 34, 5;
EXEC dbo.INSERT_ORDER_FOOD 232, 34, 2;
EXEC dbo.INSERT_ORDER_FOOD 579, 34, 2;
EXEC dbo.INSERT_ORDER_FOOD 133, 35, 5;
EXEC dbo.INSERT_ORDER_FOOD 507, 35, 2;
EXEC dbo.INSERT_ORDER_FOOD 588, 36, 4;
EXEC dbo.INSERT_ORDER_FOOD 599, 37, 5;
EXEC dbo.INSERT_ORDER_FOOD 517, 37, 2;
EXEC dbo.INSERT_ORDER_FOOD 118, 38, 3;
EXEC dbo.INSERT_ORDER_FOOD 375, 38, 2;
EXEC dbo.INSERT_ORDER_FOOD 458, 38, 5;
EXEC dbo.INSERT_ORDER_FOOD 165, 39, 3;
EXEC dbo.INSERT_ORDER_FOOD 579, 39, 5;
EXEC dbo.INSERT_ORDER_FOOD 240, 39, 1;
EXEC dbo.INSERT_ORDER_FOOD 32, 39, 1;
EXEC dbo.INSERT_ORDER_FOOD 165, 39, 1;
EXEC dbo.INSERT_ORDER_FOOD 245, 40, 4;
EXEC dbo.INSERT_ORDER_FOOD 284, 40, 4;
EXEC dbo.INSERT_ORDER_FOOD 67, 40, 3;
EXEC dbo.INSERT_ORDER_FOOD 308, 40, 5;
EXEC dbo.INSERT_ORDER_FOOD 581, 40, 4;
EXEC dbo.INSERT_ORDER_FOOD 118, 40, 3;
EXEC dbo.INSERT_ORDER_FOOD 546, 40, 1;
EXEC dbo.INSERT_ORDER_FOOD 381, 1, 5;
EXEC dbo.INSERT_ORDER_FOOD 220, 1, 4;
EXEC dbo.INSERT_ORDER_FOOD 189, 1, 1;
EXEC dbo.INSERT_ORDER_FOOD 285, 1, 1;
EXEC dbo.INSERT_ORDER_FOOD 537, 1, 4;
EXEC dbo.INSERT_ORDER_FOOD 381, 2, 1;
EXEC dbo.INSERT_ORDER_FOOD 298, 2, 4;
EXEC dbo.INSERT_ORDER_FOOD 120, 3, 2;
EXEC dbo.INSERT_ORDER_FOOD 525, 3, 2;
EXEC dbo.INSERT_ORDER_FOOD 113, 3, 1;
EXEC dbo.INSERT_ORDER_FOOD 369, 3, 1;
EXEC dbo.INSERT_ORDER_FOOD 350, 3, 3;
EXEC dbo.INSERT_ORDER_FOOD 285, 3, 5;
EXEC dbo.INSERT_ORDER_FOOD 420, 3, 3;
EXEC dbo.INSERT_ORDER_FOOD 182, 3, 1;
EXEC dbo.INSERT_ORDER_FOOD 182, 3, 1;
EXEC dbo.INSERT_ORDER_FOOD 462, 4, 2;
EXEC dbo.INSERT_ORDER_FOOD 220, 4, 3;
EXEC dbo.INSERT_ORDER_FOOD 362, 4, 4;
EXEC dbo.INSERT_ORDER_FOOD 60, 4, 4;
EXEC dbo.INSERT_ORDER_FOOD 350, 4, 1;
EXEC dbo.INSERT_ORDER_FOOD 298, 4, 5;
EXEC dbo.INSERT_ORDER_FOOD 298, 4, 2;
EXEC dbo.INSERT_ORDER_FOOD 255, 4, 3;
EXEC dbo.INSERT_ORDER_FOOD 78, 4, 4;
EXEC dbo.INSERT_ORDER_FOOD 162, 4, 1;
EXEC dbo.INSERT_ORDER_FOOD 152, 5, 2;
EXEC dbo.INSERT_ORDER_FOOD 120, 6, 3;
EXEC dbo.INSERT_ORDER_FOOD 298, 6, 5;
EXEC dbo.INSERT_ORDER_FOOD 537, 7, 1;
EXEC dbo.INSERT_ORDER_FOOD 369, 7, 1;
EXEC dbo.INSERT_ORDER_FOOD 220, 7, 1;
EXEC dbo.INSERT_ORDER_FOOD 522, 7, 4;
EXEC dbo.INSERT_ORDER_FOOD 208, 8, 1;
EXEC dbo.INSERT_ORDER_FOOD 350, 8, 1;
EXEC dbo.INSERT_ORDER_FOOD 369, 8, 4;
EXEC dbo.INSERT_ORDER_FOOD 381, 9, 5;
EXEC dbo.INSERT_ORDER_FOOD 221, 9, 2;
EXEC dbo.INSERT_ORDER_FOOD 120, 9, 4;
EXEC dbo.INSERT_ORDER_FOOD 113, 9, 5;
EXEC dbo.INSERT_ORDER_FOOD 115, 9, 2;
EXEC dbo.INSERT_ORDER_FOOD 255, 9, 2;
EXEC dbo.INSERT_ORDER_FOOD 120, 9, 2;
EXEC dbo.INSERT_ORDER_FOOD 189, 9, 5;
EXEC dbo.INSERT_ORDER_FOOD 378, 9, 5;
EXEC dbo.INSERT_ORDER_FOOD 285, 10, 4;
EXEC dbo.INSERT_ORDER_FOOD 362, 11, 2;
EXEC dbo.INSERT_ORDER_FOOD 362, 11, 3;
EXEC dbo.INSERT_ORDER_FOOD 378, 12, 5;
EXEC dbo.INSERT_ORDER_FOOD 189, 12, 5;
EXEC dbo.INSERT_ORDER_FOOD 350, 12, 2;
EXEC dbo.INSERT_ORDER_FOOD 261, 12, 3;
EXEC dbo.INSERT_ORDER_FOOD 350, 12, 3;
EXEC dbo.INSERT_ORDER_FOOD 202, 13, 1;
EXEC dbo.INSERT_ORDER_FOOD 522, 13, 4;
EXEC dbo.INSERT_ORDER_FOOD 162, 13, 4;
EXEC dbo.INSERT_ORDER_FOOD 115, 13, 4;
EXEC dbo.INSERT_ORDER_FOOD 60, 13, 4;
EXEC dbo.INSERT_ORDER_FOOD 208, 14, 1;
EXEC dbo.INSERT_ORDER_FOOD 60, 14, 2;
EXEC dbo.INSERT_ORDER_FOOD 212, 14, 3;
EXEC dbo.INSERT_ORDER_FOOD 285, 14, 3;
EXEC dbo.INSERT_ORDER_FOOD 220, 14, 5;
EXEC dbo.INSERT_ORDER_FOOD 369, 14, 2;
EXEC dbo.INSERT_ORDER_FOOD 341, 14, 1;
EXEC dbo.INSERT_ORDER_FOOD 220, 14, 2;
EXEC dbo.INSERT_ORDER_FOOD 255, 15, 3;
EXEC dbo.INSERT_ORDER_FOOD 162, 15, 5;
EXEC dbo.INSERT_ORDER_FOOD 420, 15, 1;
EXEC dbo.INSERT_ORDER_FOOD 381, 15, 4;
EXEC dbo.INSERT_ORDER_FOOD 298, 15, 1;
EXEC dbo.INSERT_ORDER_FOOD 362, 16, 4;
EXEC dbo.INSERT_ORDER_FOOD 255, 16, 1;
EXEC dbo.INSERT_ORDER_FOOD 86, 16, 1;
EXEC dbo.INSERT_ORDER_FOOD 261, 16, 4;
EXEC dbo.INSERT_ORDER_FOOD 150, 16, 3;
EXEC dbo.INSERT_ORDER_FOOD 378, 16, 3;
EXEC dbo.INSERT_ORDER_FOOD 86, 16, 2;
EXEC dbo.INSERT_ORDER_FOOD 378, 16, 4;
EXEC dbo.INSERT_ORDER_FOOD 522, 16, 5;
EXEC dbo.INSERT_ORDER_FOOD 420, 16, 2;
EXEC dbo.INSERT_ORDER_FOOD 60, 17, 5;
EXEC dbo.INSERT_ORDER_FOOD 285, 17, 4;
EXEC dbo.INSERT_ORDER_FOOD 220, 18, 5;
EXEC dbo.INSERT_ORDER_FOOD 201, 18, 5;
EXEC dbo.INSERT_ORDER_FOOD 113, 18, 3;
EXEC dbo.INSERT_ORDER_FOOD 522, 18, 1;
EXEC dbo.INSERT_ORDER_FOOD 208, 18, 2;
EXEC dbo.INSERT_ORDER_FOOD 462, 18, 5;
EXEC dbo.INSERT_ORDER_FOOD 113, 18, 3;
EXEC dbo.INSERT_ORDER_FOOD 341, 19, 5;
EXEC dbo.INSERT_ORDER_FOOD 86, 19, 1;
EXEC dbo.INSERT_ORDER_FOOD 378, 19, 1;
EXEC dbo.INSERT_ORDER_FOOD 380, 19, 4;
EXEC dbo.INSERT_ORDER_FOOD 162, 19, 1;
EXEC dbo.INSERT_ORDER_FOOD 261, 19, 5;
EXEC dbo.INSERT_ORDER_FOOD 201, 19, 5;
EXEC dbo.INSERT_ORDER_FOOD 420, 19, 2;
EXEC dbo.INSERT_ORDER_FOOD 298, 19, 5;
EXEC dbo.INSERT_ORDER_FOOD 378, 19, 4;
EXEC dbo.INSERT_ORDER_FOOD 182, 20, 1;
EXEC dbo.INSERT_ORDER_FOOD 341, 20, 2;
EXEC dbo.INSERT_ORDER_FOOD 362, 20, 3;
EXEC dbo.INSERT_ORDER_FOOD 462, 20, 3;
EXEC dbo.INSERT_ORDER_FOOD 537, 20, 3;
EXEC dbo.INSERT_ORDER_FOOD 428, 20, 2;
EXEC dbo.INSERT_ORDER_FOOD 462, 20, 5;
EXEC dbo.INSERT_ORDER_FOOD 135, 20, 4;
EXEC dbo.INSERT_ORDER_FOOD 298, 20, 3;
EXEC dbo.INSERT_ORDER_FOOD 298, 20, 3;
EXEC dbo.INSERT_ORDER_FOOD 115, 21, 1;
EXEC dbo.INSERT_ORDER_FOOD 212, 21, 4;
EXEC dbo.INSERT_ORDER_FOOD 113, 21, 4;
EXEC dbo.INSERT_ORDER_FOOD 462, 21, 2;
EXEC dbo.INSERT_ORDER_FOOD 150, 22, 4;
EXEC dbo.INSERT_ORDER_FOOD 350, 22, 1;
EXEC dbo.INSERT_ORDER_FOOD 255, 22, 1;
EXEC dbo.INSERT_ORDER_FOOD 522, 22, 3;
EXEC dbo.INSERT_ORDER_FOOD 78, 22, 2;
EXEC dbo.INSERT_ORDER_FOOD 362, 22, 2;
EXEC dbo.INSERT_ORDER_FOOD 261, 22, 5;
EXEC dbo.INSERT_ORDER_FOOD 285, 23, 5;
EXEC dbo.INSERT_ORDER_FOOD 369, 23, 4;
EXEC dbo.INSERT_ORDER_FOOD 208, 23, 4;
EXEC dbo.INSERT_ORDER_FOOD 115, 23, 1;
EXEC dbo.INSERT_ORDER_FOOD 212, 23, 2;
EXEC dbo.INSERT_ORDER_FOOD 362, 23, 2;
EXEC dbo.INSERT_ORDER_FOOD 522, 23, 2;
EXEC dbo.INSERT_ORDER_FOOD 60, 24, 3;
EXEC dbo.INSERT_ORDER_FOOD 298, 24, 5;
EXEC dbo.INSERT_ORDER_FOOD 212, 24, 5;
EXEC dbo.INSERT_ORDER_FOOD 537, 24, 3;
EXEC dbo.INSERT_ORDER_FOOD 298, 24, 4;
EXEC dbo.INSERT_ORDER_FOOD 377, 24, 2;
EXEC dbo.INSERT_ORDER_FOOD 221, 25, 4;
EXEC dbo.INSERT_ORDER_FOOD 60, 25, 5;
EXEC dbo.INSERT_ORDER_FOOD 208, 25, 1;
EXEC dbo.INSERT_ORDER_FOOD 261, 25, 4;
EXEC dbo.INSERT_ORDER_FOOD 181, 26, 3;
EXEC dbo.INSERT_ORDER_FOOD 162, 26, 4;
EXEC dbo.INSERT_ORDER_FOOD 208, 26, 1;
EXEC dbo.INSERT_ORDER_FOOD 113, 26, 3;
EXEC dbo.INSERT_ORDER_FOOD 115, 26, 1;
EXEC dbo.INSERT_ORDER_FOOD 377, 26, 2;
EXEC dbo.INSERT_ORDER_FOOD 135, 26, 5;
EXEC dbo.INSERT_ORDER_FOOD 135, 27, 5;
EXEC dbo.INSERT_ORDER_FOOD 221, 27, 1;
EXEC dbo.INSERT_ORDER_FOOD 420, 27, 2;
EXEC dbo.INSERT_ORDER_FOOD 162, 27, 4;
EXEC dbo.INSERT_ORDER_FOOD 380, 27, 2;
EXEC dbo.INSERT_ORDER_FOOD 202, 27, 2;
EXEC dbo.INSERT_ORDER_FOOD 152, 27, 1;
EXEC dbo.INSERT_ORDER_FOOD 420, 27, 3;
EXEC dbo.INSERT_ORDER_FOOD 380, 27, 4;
EXEC dbo.INSERT_ORDER_FOOD 208, 27, 1;
EXEC dbo.INSERT_ORDER_FOOD 135, 28, 2;
EXEC dbo.INSERT_ORDER_FOOD 285, 28, 4;
EXEC dbo.INSERT_ORDER_FOOD 522, 28, 1;
EXEC dbo.INSERT_ORDER_FOOD 181, 28, 2;
EXEC dbo.INSERT_ORDER_FOOD 261, 28, 2;
EXEC dbo.INSERT_ORDER_FOOD 380, 28, 5;
EXEC dbo.INSERT_ORDER_FOOD 221, 28, 2;
EXEC dbo.INSERT_ORDER_FOOD 152, 28, 4;
EXEC dbo.INSERT_ORDER_FOOD 377, 28, 2;
EXEC dbo.INSERT_ORDER_FOOD 113, 29, 1;
EXEC dbo.INSERT_ORDER_FOOD 115, 29, 3;
EXEC dbo.INSERT_ORDER_FOOD 135, 29, 3;
EXEC dbo.INSERT_ORDER_FOOD 525, 29, 3;
EXEC dbo.INSERT_ORDER_FOOD 220, 29, 5;
EXEC dbo.INSERT_ORDER_FOOD 420, 29, 4;
EXEC dbo.INSERT_ORDER_FOOD 221, 30, 3;
EXEC dbo.INSERT_ORDER_FOOD 60, 30, 1;
EXEC dbo.INSERT_ORDER_FOOD 380, 30, 1;
EXEC dbo.INSERT_ORDER_FOOD 428, 30, 2;
EXEC dbo.INSERT_ORDER_FOOD 285, 30, 5;
EXEC dbo.INSERT_ORDER_FOOD 181, 30, 2;
EXEC dbo.INSERT_ORDER_FOOD 420, 30, 5;
EXEC dbo.INSERT_ORDER_FOOD 537, 30, 2;
EXEC dbo.INSERT_ORDER_FOOD 78, 31, 2;
EXEC dbo.INSERT_ORDER_FOOD 261, 31, 2;
EXEC dbo.INSERT_ORDER_FOOD 181, 31, 1;
EXEC dbo.INSERT_ORDER_FOOD 113, 32, 2;
EXEC dbo.INSERT_ORDER_FOOD 525, 32, 3;
EXEC dbo.INSERT_ORDER_FOOD 201, 32, 5;
EXEC dbo.INSERT_ORDER_FOOD 208, 32, 1;
EXEC dbo.INSERT_ORDER_FOOD 369, 33, 5;
EXEC dbo.INSERT_ORDER_FOOD 537, 33, 4;
EXEC dbo.INSERT_ORDER_FOOD 221, 33, 4;
EXEC dbo.INSERT_ORDER_FOOD 380, 33, 1;
EXEC dbo.INSERT_ORDER_FOOD 285, 33, 1;
EXEC dbo.INSERT_ORDER_FOOD 537, 33, 5;
EXEC dbo.INSERT_ORDER_FOOD 182, 33, 5;
EXEC dbo.INSERT_ORDER_FOOD 350, 33, 1;
EXEC dbo.INSERT_ORDER_FOOD 212, 33, 3;
EXEC dbo.INSERT_ORDER_FOOD 221, 33, 2;
EXEC dbo.INSERT_ORDER_FOOD 115, 34, 1;
EXEC dbo.INSERT_ORDER_FOOD 212, 34, 4;
EXEC dbo.INSERT_ORDER_FOOD 378, 34, 3;
EXEC dbo.INSERT_ORDER_FOOD 255, 34, 1;
EXEC dbo.INSERT_ORDER_FOOD 369, 34, 3;
EXEC dbo.INSERT_ORDER_FOOD 428, 35, 1;
EXEC dbo.INSERT_ORDER_FOOD 380, 36, 1;
EXEC dbo.INSERT_ORDER_FOOD 115, 36, 1;
EXEC dbo.INSERT_ORDER_FOOD 202, 36, 5;
EXEC dbo.INSERT_ORDER_FOOD 221, 36, 2;
EXEC dbo.INSERT_ORDER_FOOD 162, 36, 2;
EXEC dbo.INSERT_ORDER_FOOD 202, 37, 3;
EXEC dbo.INSERT_ORDER_FOOD 162, 37, 5;
EXEC dbo.INSERT_ORDER_FOOD 202, 37, 4;
EXEC dbo.INSERT_ORDER_FOOD 377, 37, 2;
EXEC dbo.INSERT_ORDER_FOOD 182, 37, 4;
EXEC dbo.INSERT_ORDER_FOOD 208, 37, 5;
EXEC dbo.INSERT_ORDER_FOOD 115, 37, 2;
EXEC dbo.INSERT_ORDER_FOOD 377, 38, 3;
EXEC dbo.INSERT_ORDER_FOOD 341, 38, 4;
EXEC dbo.INSERT_ORDER_FOOD 212, 38, 5;
EXEC dbo.INSERT_ORDER_FOOD 150, 38, 2;
EXEC dbo.INSERT_ORDER_FOOD 181, 38, 1;
EXEC dbo.INSERT_ORDER_FOOD 255, 38, 5;
EXEC dbo.INSERT_ORDER_FOOD 221, 38, 2;
EXEC dbo.INSERT_ORDER_FOOD 221, 38, 1;
EXEC dbo.INSERT_ORDER_FOOD 220, 38, 2;
EXEC dbo.INSERT_ORDER_FOOD 525, 39, 1;
EXEC dbo.INSERT_ORDER_FOOD 221, 39, 5;
EXEC dbo.INSERT_ORDER_FOOD 428, 40, 2;
EXEC dbo.INSERT_ORDER_FOOD 78, 40, 2;
EXEC dbo.INSERT_ORDER_FOOD 152, 40, 1;
EXEC dbo.INSERT_ORDER_FOOD 60, 40, 2;
EXEC dbo.INSERT_ORDER_FOOD 420, 40, 2;
EXEC dbo.INSERT_ORDER_FOOD 162, 40, 4;
EXEC dbo.INSERT_ORDER_FOOD 208, 40, 5;
EXEC dbo.INSERT_ORDER_FOOD 201, 40, 2;
EXEC dbo.INSERT_ORDER_FOOD 397, 1, 4;
EXEC dbo.INSERT_ORDER_FOOD 347, 1, 2;
EXEC dbo.INSERT_ORDER_FOOD 544, 1, 3;
EXEC dbo.INSERT_ORDER_FOOD 397, 1, 3;
EXEC dbo.INSERT_ORDER_FOOD 277, 1, 4;
EXEC dbo.INSERT_ORDER_FOOD 71, 1, 4;
EXEC dbo.INSERT_ORDER_FOOD 370, 1, 3;
EXEC dbo.INSERT_ORDER_FOOD 358, 1, 2;
EXEC dbo.INSERT_ORDER_FOOD 178, 2, 1;
EXEC dbo.INSERT_ORDER_FOOD 435, 3, 2;
EXEC dbo.INSERT_ORDER_FOOD 13, 3, 5;
EXEC dbo.INSERT_ORDER_FOOD 435, 3, 2;
EXEC dbo.INSERT_ORDER_FOOD 367, 3, 4;
EXEC dbo.INSERT_ORDER_FOOD 99, 4, 3;
EXEC dbo.INSERT_ORDER_FOOD 185, 4, 4;
EXEC dbo.INSERT_ORDER_FOOD 191, 4, 4;
EXEC dbo.INSERT_ORDER_FOOD 129, 5, 1;
EXEC dbo.INSERT_ORDER_FOOD 454, 5, 4;
EXEC dbo.INSERT_ORDER_FOOD 346, 5, 5;
EXEC dbo.INSERT_ORDER_FOOD 370, 5, 4;
EXEC dbo.INSERT_ORDER_FOOD 8, 5, 4;
EXEC dbo.INSERT_ORDER_FOOD 358, 5, 3;
EXEC dbo.INSERT_ORDER_FOOD 435, 5, 4;
EXEC dbo.INSERT_ORDER_FOOD 85, 6, 2;
EXEC dbo.INSERT_ORDER_FOOD 357, 6, 5;
EXEC dbo.INSERT_ORDER_FOOD 13, 6, 4;
EXEC dbo.INSERT_ORDER_FOOD 217, 6, 1;
EXEC dbo.INSERT_ORDER_FOOD 476, 7, 2;
EXEC dbo.INSERT_ORDER_FOOD 454, 7, 5;
EXEC dbo.INSERT_ORDER_FOOD 142, 7, 5;
EXEC dbo.INSERT_ORDER_FOOD 357, 7, 5;
EXEC dbo.INSERT_ORDER_FOOD 576, 7, 3;
EXEC dbo.INSERT_ORDER_FOOD 42, 8, 5;
EXEC dbo.INSERT_ORDER_FOOD 577, 8, 2;
EXEC dbo.INSERT_ORDER_FOOD 71, 8, 5;
EXEC dbo.INSERT_ORDER_FOOD 357, 8, 3;
EXEC dbo.INSERT_ORDER_FOOD 450, 8, 4;
EXEC dbo.INSERT_ORDER_FOOD 358, 8, 4;
EXEC dbo.INSERT_ORDER_FOOD 454, 8, 4;
EXEC dbo.INSERT_ORDER_FOOD 576, 9, 3;
EXEC dbo.INSERT_ORDER_FOOD 129, 9, 2;
EXEC dbo.INSERT_ORDER_FOOD 318, 9, 3;
EXEC dbo.INSERT_ORDER_FOOD 71, 9, 2;
EXEC dbo.INSERT_ORDER_FOOD 13, 9, 2;
EXEC dbo.INSERT_ORDER_FOOD 277, 10, 1;
EXEC dbo.INSERT_ORDER_FOOD 30, 10, 4;
EXEC dbo.INSERT_ORDER_FOOD 217, 10, 3;
EXEC dbo.INSERT_ORDER_FOOD 577, 11, 5;
EXEC dbo.INSERT_ORDER_FOOD 553, 11, 2;
EXEC dbo.INSERT_ORDER_FOOD 80, 11, 1;
EXEC dbo.INSERT_ORDER_FOOD 576, 11, 3;
EXEC dbo.INSERT_ORDER_FOOD 553, 11, 3;
EXEC dbo.INSERT_ORDER_FOOD 185, 11, 4;
EXEC dbo.INSERT_ORDER_FOOD 357, 12, 3;
EXEC dbo.INSERT_ORDER_FOOD 325, 12, 4;
EXEC dbo.INSERT_ORDER_FOOD 217, 12, 3;
EXEC dbo.INSERT_ORDER_FOOD 71, 12, 1;
EXEC dbo.INSERT_ORDER_FOOD 347, 12, 5;
EXEC dbo.INSERT_ORDER_FOOD 217, 12, 3;
EXEC dbo.INSERT_ORDER_FOOD 80, 12, 3;
EXEC dbo.INSERT_ORDER_FOOD 575, 12, 5;
EXEC dbo.INSERT_ORDER_FOOD 357, 12, 3;
EXEC dbo.INSERT_ORDER_FOOD 185, 13, 4;
EXEC dbo.INSERT_ORDER_FOOD 544, 13, 5;
EXEC dbo.INSERT_ORDER_FOOD 367, 13, 5;
EXEC dbo.INSERT_ORDER_FOOD 178, 13, 5;
EXEC dbo.INSERT_ORDER_FOOD 178, 13, 2;
EXEC dbo.INSERT_ORDER_FOOD 575, 13, 4;
EXEC dbo.INSERT_ORDER_FOOD 358, 13, 4;
EXEC dbo.INSERT_ORDER_FOOD 577, 14, 1;
EXEC dbo.INSERT_ORDER_FOOD 358, 14, 1;
EXEC dbo.INSERT_ORDER_FOOD 393, 14, 3;
EXEC dbo.INSERT_ORDER_FOOD 454, 14, 4;
EXEC dbo.INSERT_ORDER_FOOD 217, 14, 4;
EXEC dbo.INSERT_ORDER_FOOD 566, 14, 5;
EXEC dbo.INSERT_ORDER_FOOD 566, 14, 3;
EXEC dbo.INSERT_ORDER_FOOD 435, 14, 4;
EXEC dbo.INSERT_ORDER_FOOD 435, 14, 5;
EXEC dbo.INSERT_ORDER_FOOD 346, 15, 1;
EXEC dbo.INSERT_ORDER_FOOD 191, 15, 3;
EXEC dbo.INSERT_ORDER_FOOD 80, 15, 5;
EXEC dbo.INSERT_ORDER_FOOD 367, 16, 5;
EXEC dbo.INSERT_ORDER_FOOD 30, 17, 2;
EXEC dbo.INSERT_ORDER_FOOD 577, 17, 3;
EXEC dbo.INSERT_ORDER_FOOD 8, 17, 2;
EXEC dbo.INSERT_ORDER_FOOD 346, 17, 5;
EXEC dbo.INSERT_ORDER_FOOD 514, 17, 2;
EXEC dbo.INSERT_ORDER_FOOD 357, 17, 5;
EXEC dbo.INSERT_ORDER_FOOD 80, 17, 1;
EXEC dbo.INSERT_ORDER_FOOD 367, 17, 3;
EXEC dbo.INSERT_ORDER_FOOD 358, 18, 5;
EXEC dbo.INSERT_ORDER_FOOD 393, 18, 3;
EXEC dbo.INSERT_ORDER_FOOD 566, 18, 2;
EXEC dbo.INSERT_ORDER_FOOD 454, 18, 4;
EXEC dbo.INSERT_ORDER_FOOD 397, 19, 3;
EXEC dbo.INSERT_ORDER_FOOD 358, 20, 2;
EXEC dbo.INSERT_ORDER_FOOD 217, 20, 2;
EXEC dbo.INSERT_ORDER_FOOD 435, 20, 1;
EXEC dbo.INSERT_ORDER_FOOD 346, 20, 5;
EXEC dbo.INSERT_ORDER_FOOD 367, 20, 5;
EXEC dbo.INSERT_ORDER_FOOD 576, 20, 3;
EXEC dbo.INSERT_ORDER_FOOD 566, 21, 2;
EXEC dbo.INSERT_ORDER_FOOD 30, 21, 2;
EXEC dbo.INSERT_ORDER_FOOD 577, 21, 5;
EXEC dbo.INSERT_ORDER_FOOD 370, 22, 5;
EXEC dbo.INSERT_ORDER_FOOD 367, 22, 2;
EXEC dbo.INSERT_ORDER_FOOD 185, 22, 3;
EXEC dbo.INSERT_ORDER_FOOD 191, 22, 5;
EXEC dbo.INSERT_ORDER_FOOD 117, 22, 1;
EXEC dbo.INSERT_ORDER_FOOD 393, 22, 4;
EXEC dbo.INSERT_ORDER_FOOD 357, 22, 2;
EXEC dbo.INSERT_ORDER_FOOD 435, 22, 2;
EXEC dbo.INSERT_ORDER_FOOD 42, 22, 3;
EXEC dbo.INSERT_ORDER_FOOD 553, 22, 3;
EXEC dbo.INSERT_ORDER_FOOD 358, 23, 5;
EXEC dbo.INSERT_ORDER_FOOD 576, 23, 2;
EXEC dbo.INSERT_ORDER_FOOD 318, 23, 2;
EXEC dbo.INSERT_ORDER_FOOD 117, 24, 1;
EXEC dbo.INSERT_ORDER_FOOD 435, 24, 4;
EXEC dbo.INSERT_ORDER_FOOD 178, 24, 2;
EXEC dbo.INSERT_ORDER_FOOD 8, 24, 3;
EXEC dbo.INSERT_ORDER_FOOD 347, 24, 2;
EXEC dbo.INSERT_ORDER_FOOD 576, 25, 5;
EXEC dbo.INSERT_ORDER_FOOD 450, 25, 4;
EXEC dbo.INSERT_ORDER_FOOD 191, 25, 5;
EXEC dbo.INSERT_ORDER_FOOD 575, 26, 3;
EXEC dbo.INSERT_ORDER_FOOD 544, 26, 2;
EXEC dbo.INSERT_ORDER_FOOD 85, 26, 3;
EXEC dbo.INSERT_ORDER_FOOD 117, 26, 5;
EXEC dbo.INSERT_ORDER_FOOD 80, 26, 5;
EXEC dbo.INSERT_ORDER_FOOD 358, 26, 1;
EXEC dbo.INSERT_ORDER_FOOD 129, 26, 5;
EXEC dbo.INSERT_ORDER_FOOD 576, 26, 2;
EXEC dbo.INSERT_ORDER_FOOD 357, 27, 5;
EXEC dbo.INSERT_ORDER_FOOD 367, 27, 4;
EXEC dbo.INSERT_ORDER_FOOD 346, 27, 2;
EXEC dbo.INSERT_ORDER_FOOD 397, 27, 4;
EXEC dbo.INSERT_ORDER_FOOD 49, 27, 4;
EXEC dbo.INSERT_ORDER_FOOD 575, 27, 3;
EXEC dbo.INSERT_ORDER_FOOD 457, 27, 1;
EXEC dbo.INSERT_ORDER_FOOD 370, 27, 2;
EXEC dbo.INSERT_ORDER_FOOD 544, 27, 2;
EXEC dbo.INSERT_ORDER_FOOD 450, 28, 1;
EXEC dbo.INSERT_ORDER_FOOD 450, 28, 3;
EXEC dbo.INSERT_ORDER_FOOD 191, 29, 1;
EXEC dbo.INSERT_ORDER_FOOD 71, 29, 3;
EXEC dbo.INSERT_ORDER_FOOD 358, 29, 1;
EXEC dbo.INSERT_ORDER_FOOD 450, 30, 4;
EXEC dbo.INSERT_ORDER_FOOD 217, 30, 4;
EXEC dbo.INSERT_ORDER_FOOD 544, 30, 2;
EXEC dbo.INSERT_ORDER_FOOD 397, 30, 5;
EXEC dbo.INSERT_ORDER_FOOD 577, 30, 3;
EXEC dbo.INSERT_ORDER_FOOD 358, 30, 3;
EXEC dbo.INSERT_ORDER_FOOD 49, 30, 4;
EXEC dbo.INSERT_ORDER_FOOD 357, 30, 2;
EXEC dbo.INSERT_ORDER_FOOD 450, 31, 3;
EXEC dbo.INSERT_ORDER_FOOD 191, 32, 4;
EXEC dbo.INSERT_ORDER_FOOD 397, 32, 2;
EXEC dbo.INSERT_ORDER_FOOD 42, 32, 4;
EXEC dbo.INSERT_ORDER_FOOD 544, 32, 3;
EXEC dbo.INSERT_ORDER_FOOD 450, 32, 4;
EXEC dbo.INSERT_ORDER_FOOD 435, 32, 1;
EXEC dbo.INSERT_ORDER_FOOD 553, 32, 2;
EXEC dbo.INSERT_ORDER_FOOD 553, 32, 3;
EXEC dbo.INSERT_ORDER_FOOD 217, 32, 4;
EXEC dbo.INSERT_ORDER_FOOD 129, 32, 2;
EXEC dbo.INSERT_ORDER_FOOD 117, 33, 3;
EXEC dbo.INSERT_ORDER_FOOD 577, 33, 5;
EXEC dbo.INSERT_ORDER_FOOD 553, 33, 2;
EXEC dbo.INSERT_ORDER_FOOD 457, 33, 2;
EXEC dbo.INSERT_ORDER_FOOD 325, 33, 4;
EXEC dbo.INSERT_ORDER_FOOD 514, 33, 2;
EXEC dbo.INSERT_ORDER_FOOD 13, 33, 2;
EXEC dbo.INSERT_ORDER_FOOD 318, 33, 5;
EXEC dbo.INSERT_ORDER_FOOD 358, 33, 1;
EXEC dbo.INSERT_ORDER_FOOD 367, 33, 5;
EXEC dbo.INSERT_ORDER_FOOD 566, 34, 4;
EXEC dbo.INSERT_ORDER_FOOD 185, 34, 3;
EXEC dbo.INSERT_ORDER_FOOD 8, 34, 1;
EXEC dbo.INSERT_ORDER_FOOD 318, 34, 3;
EXEC dbo.INSERT_ORDER_FOOD 49, 34, 1;
EXEC dbo.INSERT_ORDER_FOOD 346, 34, 3;
EXEC dbo.INSERT_ORDER_FOOD 80, 34, 2;
EXEC dbo.INSERT_ORDER_FOOD 85, 34, 5;
EXEC dbo.INSERT_ORDER_FOOD 71, 34, 3;
EXEC dbo.INSERT_ORDER_FOOD 99, 35, 5;
EXEC dbo.INSERT_ORDER_FOOD 325, 35, 1;
EXEC dbo.INSERT_ORDER_FOOD 358, 35, 4;
EXEC dbo.INSERT_ORDER_FOOD 577, 35, 5;
EXEC dbo.INSERT_ORDER_FOOD 30, 35, 2;
EXEC dbo.INSERT_ORDER_FOOD 576, 35, 2;
EXEC dbo.INSERT_ORDER_FOOD 450, 35, 5;
EXEC dbo.INSERT_ORDER_FOOD 576, 35, 3;
EXEC dbo.INSERT_ORDER_FOOD 457, 35, 2;
EXEC dbo.INSERT_ORDER_FOOD 514, 36, 1;
EXEC dbo.INSERT_ORDER_FOOD 117, 37, 1;
EXEC dbo.INSERT_ORDER_FOOD 514, 37, 1;
EXEC dbo.INSERT_ORDER_FOOD 217, 37, 1;
EXEC dbo.INSERT_ORDER_FOOD 30, 37, 5;
EXEC dbo.INSERT_ORDER_FOOD 85, 37, 1;
EXEC dbo.INSERT_ORDER_FOOD 544, 37, 5;
EXEC dbo.INSERT_ORDER_FOOD 80, 37, 5;
EXEC dbo.INSERT_ORDER_FOOD 142, 37, 5;
EXEC dbo.INSERT_ORDER_FOOD 85, 38, 2;
EXEC dbo.INSERT_ORDER_FOOD 30, 38, 4;
EXEC dbo.INSERT_ORDER_FOOD 346, 38, 5;
EXEC dbo.INSERT_ORDER_FOOD 8, 38, 2;
EXEC dbo.INSERT_ORDER_FOOD 30, 38, 4;
EXEC dbo.INSERT_ORDER_FOOD 370, 38, 2;
EXEC dbo.INSERT_ORDER_FOOD 454, 38, 2;
EXEC dbo.INSERT_ORDER_FOOD 357, 39, 3;
EXEC dbo.INSERT_ORDER_FOOD 49, 39, 1;
EXEC dbo.INSERT_ORDER_FOOD 178, 39, 5;
EXEC dbo.INSERT_ORDER_FOOD 393, 39, 1;
EXEC dbo.INSERT_ORDER_FOOD 129, 39, 2;
EXEC dbo.INSERT_ORDER_FOOD 8, 39, 1;
EXEC dbo.INSERT_ORDER_FOOD 347, 39, 3;
EXEC dbo.INSERT_ORDER_FOOD 397, 39, 2;
EXEC dbo.INSERT_ORDER_FOOD 178, 39, 1;
EXEC dbo.INSERT_ORDER_FOOD 577, 40, 1;
EXEC dbo.INSERT_ORDER_FOOD 346, 40, 5;
EXEC dbo.INSERT_ORDER_FOOD 178, 40, 5;
EXEC dbo.INSERT_ORDER_FOOD 71, 40, 4;
EXEC dbo.INSERT_ORDER_FOOD 358, 40, 3;
EXEC dbo.INSERT_ORDER_FOOD 544, 40, 4;
EXEC dbo.INSERT_ORDER_FOOD 129, 40, 1;
EXEC dbo.INSERT_ORDER_FOOD 13, 40, 3;
EXEC dbo.INSERT_ORDER_FOOD 13, 40, 5;
EXEC dbo.INSERT_ORDER_FOOD 539, 1, 2;
EXEC dbo.INSERT_ORDER_FOOD 218, 1, 1;
EXEC dbo.INSERT_ORDER_FOOD 529, 2, 5;
EXEC dbo.INSERT_ORDER_FOOD 441, 2, 5;
EXEC dbo.INSERT_ORDER_FOOD 45, 2, 2;
EXEC dbo.INSERT_ORDER_FOOD 167, 2, 5;
EXEC dbo.INSERT_ORDER_FOOD 441, 2, 4;
EXEC dbo.INSERT_ORDER_FOOD 510, 2, 2;
EXEC dbo.INSERT_ORDER_FOOD 267, 3, 3;
EXEC dbo.INSERT_ORDER_FOOD 96, 3, 3;
EXEC dbo.INSERT_ORDER_FOOD 273, 3, 1;
EXEC dbo.INSERT_ORDER_FOOD 45, 3, 3;
EXEC dbo.INSERT_ORDER_FOOD 58, 3, 5;
EXEC dbo.INSERT_ORDER_FOOD 141, 3, 1;
EXEC dbo.INSERT_ORDER_FOOD 529, 3, 4;
EXEC dbo.INSERT_ORDER_FOOD 198, 3, 3;
EXEC dbo.INSERT_ORDER_FOOD 28, 3, 4;
EXEC dbo.INSERT_ORDER_FOOD 561, 3, 3;
EXEC dbo.INSERT_ORDER_FOOD 218, 4, 4;
EXEC dbo.INSERT_ORDER_FOOD 539, 4, 5;
EXEC dbo.INSERT_ORDER_FOOD 338, 4, 4;
EXEC dbo.INSERT_ORDER_FOOD 352, 4, 3;
EXEC dbo.INSERT_ORDER_FOOD 584, 4, 1;
EXEC dbo.INSERT_ORDER_FOOD 167, 4, 2;
EXEC dbo.INSERT_ORDER_FOOD 96, 4, 2;
EXEC dbo.INSERT_ORDER_FOOD 473, 4, 2;
EXEC dbo.INSERT_ORDER_FOOD 338, 4, 1;
EXEC dbo.INSERT_ORDER_FOOD 338, 4, 4;
EXEC dbo.INSERT_ORDER_FOOD 273, 5, 5;
EXEC dbo.INSERT_ORDER_FOOD 158, 5, 4;
EXEC dbo.INSERT_ORDER_FOOD 539, 5, 1;
EXEC dbo.INSERT_ORDER_FOOD 230, 5, 4;
EXEC dbo.INSERT_ORDER_FOOD 218, 6, 2;
EXEC dbo.INSERT_ORDER_FOOD 527, 6, 4;
EXEC dbo.INSERT_ORDER_FOOD 527, 7, 5;
EXEC dbo.INSERT_ORDER_FOOD 167, 7, 5;
EXEC dbo.INSERT_ORDER_FOOD 529, 7, 1;
EXEC dbo.INSERT_ORDER_FOOD 484, 8, 4;
EXEC dbo.INSERT_ORDER_FOOD 41, 8, 2;
EXEC dbo.INSERT_ORDER_FOOD 526, 8, 1;
EXEC dbo.INSERT_ORDER_FOOD 549, 8, 4;
EXEC dbo.INSERT_ORDER_FOOD 334, 8, 1;
EXEC dbo.INSERT_ORDER_FOOD 268, 8, 5;
EXEC dbo.INSERT_ORDER_FOOD 268, 8, 4;
EXEC dbo.INSERT_ORDER_FOOD 352, 9, 4;
EXEC dbo.INSERT_ORDER_FOOD 273, 9, 5;
EXEC dbo.INSERT_ORDER_FOOD 207, 9, 1;
EXEC dbo.INSERT_ORDER_FOOD 391, 9, 5;
EXEC dbo.INSERT_ORDER_FOOD 561, 9, 4;
EXEC dbo.INSERT_ORDER_FOOD 473, 9, 5;
EXEC dbo.INSERT_ORDER_FOOD 198, 10, 1;
EXEC dbo.INSERT_ORDER_FOOD 45, 10, 5;
EXEC dbo.INSERT_ORDER_FOOD 45, 10, 2;
EXEC dbo.INSERT_ORDER_FOOD 484, 10, 3;
EXEC dbo.INSERT_ORDER_FOOD 273, 10, 4;
EXEC dbo.INSERT_ORDER_FOOD 510, 10, 5;
EXEC dbo.INSERT_ORDER_FOOD 104, 10, 1;
EXEC dbo.INSERT_ORDER_FOOD 526, 10, 5;
EXEC dbo.INSERT_ORDER_FOOD 580, 11, 3;
EXEC dbo.INSERT_ORDER_FOOD 207, 11, 5;
EXEC dbo.INSERT_ORDER_FOOD 96, 11, 1;
EXEC dbo.INSERT_ORDER_FOOD 580, 11, 3;
EXEC dbo.INSERT_ORDER_FOOD 242, 11, 5;
EXEC dbo.INSERT_ORDER_FOOD 549, 12, 4;
EXEC dbo.INSERT_ORDER_FOOD 168, 12, 4;
EXEC dbo.INSERT_ORDER_FOOD 589, 12, 3;
EXEC dbo.INSERT_ORDER_FOOD 526, 12, 3;
EXEC dbo.INSERT_ORDER_FOOD 510, 12, 5;
EXEC dbo.INSERT_ORDER_FOOD 424, 12, 1;
EXEC dbo.INSERT_ORDER_FOOD 561, 12, 4;
EXEC dbo.INSERT_ORDER_FOOD 230, 13, 4;
EXEC dbo.INSERT_ORDER_FOOD 539, 13, 2;
EXEC dbo.INSERT_ORDER_FOOD 416, 13, 2;
EXEC dbo.INSERT_ORDER_FOOD 45, 13, 1;
EXEC dbo.INSERT_ORDER_FOOD 55, 13, 1;
EXEC dbo.INSERT_ORDER_FOOD 531, 13, 5;
EXEC dbo.INSERT_ORDER_FOOD 168, 13, 2;
EXEC dbo.INSERT_ORDER_FOOD 371, 14, 1;
EXEC dbo.INSERT_ORDER_FOOD 527, 14, 4;
EXEC dbo.INSERT_ORDER_FOOD 242, 14, 4;
EXEC dbo.INSERT_ORDER_FOOD 334, 14, 3;
EXEC dbo.INSERT_ORDER_FOOD 473, 14, 5;
EXEC dbo.INSERT_ORDER_FOOD 416, 14, 5;
EXEC dbo.INSERT_ORDER_FOOD 242, 14, 3;
EXEC dbo.INSERT_ORDER_FOOD 529, 14, 4;
EXEC dbo.INSERT_ORDER_FOOD 334, 14, 5;
EXEC dbo.INSERT_ORDER_FOOD 484, 14, 1;
EXEC dbo.INSERT_ORDER_FOOD 529, 15, 2;
EXEC dbo.INSERT_ORDER_FOOD 45, 15, 2;
EXEC dbo.INSERT_ORDER_FOOD 473, 15, 4;
EXEC dbo.INSERT_ORDER_FOOD 58, 15, 2;
EXEC dbo.INSERT_ORDER_FOOD 301, 15, 1;
EXEC dbo.INSERT_ORDER_FOOD 242, 15, 4;
EXEC dbo.INSERT_ORDER_FOOD 510, 15, 4;
EXEC dbo.INSERT_ORDER_FOOD 163, 15, 5;
EXEC dbo.INSERT_ORDER_FOOD 334, 16, 3;
EXEC dbo.INSERT_ORDER_FOOD 527, 16, 3;
EXEC dbo.INSERT_ORDER_FOOD 230, 16, 5;
EXEC dbo.INSERT_ORDER_FOOD 416, 16, 3;
EXEC dbo.INSERT_ORDER_FOOD 334, 17, 2;
EXEC dbo.INSERT_ORDER_FOOD 334, 18, 2;
EXEC dbo.INSERT_ORDER_FOOD 510, 18, 5;
EXEC dbo.INSERT_ORDER_FOOD 424, 18, 2;
EXEC dbo.INSERT_ORDER_FOOD 41, 18, 4;
EXEC dbo.INSERT_ORDER_FOOD 163, 18, 2;
EXEC dbo.INSERT_ORDER_FOOD 218, 18, 3;
EXEC dbo.INSERT_ORDER_FOOD 96, 19, 1;
EXEC dbo.INSERT_ORDER_FOOD 267, 19, 4;
EXEC dbo.INSERT_ORDER_FOOD 301, 20, 1;
EXEC dbo.INSERT_ORDER_FOOD 589, 20, 5;
EXEC dbo.INSERT_ORDER_FOOD 424, 21, 1;
EXEC dbo.INSERT_ORDER_FOOD 334, 21, 1;
EXEC dbo.INSERT_ORDER_FOOD 273, 22, 3;
EXEC dbo.INSERT_ORDER_FOOD 531, 22, 1;
EXEC dbo.INSERT_ORDER_FOOD 539, 23, 4;
EXEC dbo.INSERT_ORDER_FOOD 561, 24, 4;
EXEC dbo.INSERT_ORDER_FOOD 484, 24, 4;
EXEC dbo.INSERT_ORDER_FOOD 268, 24, 1;
EXEC dbo.INSERT_ORDER_FOOD 158, 24, 2;
EXEC dbo.INSERT_ORDER_FOOD 539, 24, 3;
EXEC dbo.INSERT_ORDER_FOOD 561, 24, 1;
EXEC dbo.INSERT_ORDER_FOOD 168, 24, 3;
EXEC dbo.INSERT_ORDER_FOOD 539, 24, 2;
EXEC dbo.INSERT_ORDER_FOOD 55, 24, 1;
EXEC dbo.INSERT_ORDER_FOOD 441, 24, 4;
EXEC dbo.INSERT_ORDER_FOOD 198, 25, 1;
EXEC dbo.INSERT_ORDER_FOOD 96, 25, 2;
EXEC dbo.INSERT_ORDER_FOOD 45, 25, 2;
EXEC dbo.INSERT_ORDER_FOOD 441, 25, 5;
EXEC dbo.INSERT_ORDER_FOOD 338, 25, 1;
EXEC dbo.INSERT_ORDER_FOOD 104, 25, 1;
EXEC dbo.INSERT_ORDER_FOOD 473, 25, 4;
EXEC dbo.INSERT_ORDER_FOOD 168, 25, 1;
EXEC dbo.INSERT_ORDER_FOOD 589, 26, 4;
EXEC dbo.INSERT_ORDER_FOOD 424, 26, 1;
EXEC dbo.INSERT_ORDER_FOOD 584, 26, 2;
EXEC dbo.INSERT_ORDER_FOOD 301, 26, 1;
EXEC dbo.INSERT_ORDER_FOOD 473, 27, 4;
EXEC dbo.INSERT_ORDER_FOOD 158, 27, 1;
EXEC dbo.INSERT_ORDER_FOOD 334, 27, 4;
EXEC dbo.INSERT_ORDER_FOOD 352, 28, 1;
EXEC dbo.INSERT_ORDER_FOOD 168, 28, 2;
EXEC dbo.INSERT_ORDER_FOOD 391, 28, 4;
EXEC dbo.INSERT_ORDER_FOOD 273, 28, 3;
EXEC dbo.INSERT_ORDER_FOOD 580, 28, 5;
EXEC dbo.INSERT_ORDER_FOOD 58, 28, 1;
EXEC dbo.INSERT_ORDER_FOOD 168, 28, 3;
EXEC dbo.INSERT_ORDER_FOOD 539, 28, 4;
EXEC dbo.INSERT_ORDER_FOOD 584, 28, 5;
EXEC dbo.INSERT_ORDER_FOOD 218, 28, 4;
EXEC dbo.INSERT_ORDER_FOOD 589, 29, 2;
EXEC dbo.INSERT_ORDER_FOOD 58, 29, 2;
EXEC dbo.INSERT_ORDER_FOOD 158, 29, 5;
EXEC dbo.INSERT_ORDER_FOOD 589, 30, 1;
EXEC dbo.INSERT_ORDER_FOOD 198, 30, 3;
EXEC dbo.INSERT_ORDER_FOOD 58, 30, 2;
EXEC dbo.INSERT_ORDER_FOOD 391, 30, 1;
EXEC dbo.INSERT_ORDER_FOOD 242, 30, 1;
EXEC dbo.INSERT_ORDER_FOOD 531, 31, 5;
EXEC dbo.INSERT_ORDER_FOOD 41, 31, 3;
EXEC dbo.INSERT_ORDER_FOOD 163, 31, 3;
EXEC dbo.INSERT_ORDER_FOOD 529, 31, 4;
EXEC dbo.INSERT_ORDER_FOOD 526, 31, 1;
EXEC dbo.INSERT_ORDER_FOOD 198, 31, 1;
EXEC dbo.INSERT_ORDER_FOOD 526, 32, 3;
EXEC dbo.INSERT_ORDER_FOOD 529, 32, 4;
EXEC dbo.INSERT_ORDER_FOOD 391, 32, 3;
EXEC dbo.INSERT_ORDER_FOOD 230, 32, 3;
EXEC dbo.INSERT_ORDER_FOOD 391, 32, 1;
EXEC dbo.INSERT_ORDER_FOOD 531, 32, 1;
EXEC dbo.INSERT_ORDER_FOOD 510, 32, 1;
EXEC dbo.INSERT_ORDER_FOOD 484, 32, 2;
EXEC dbo.INSERT_ORDER_FOOD 416, 33, 1;
EXEC dbo.INSERT_ORDER_FOOD 218, 33, 3;
EXEC dbo.INSERT_ORDER_FOOD 207, 33, 2;
EXEC dbo.INSERT_ORDER_FOOD 55, 33, 1;
EXEC dbo.INSERT_ORDER_FOOD 371, 34, 3;
EXEC dbo.INSERT_ORDER_FOOD 167, 34, 2;
EXEC dbo.INSERT_ORDER_FOOD 416, 34, 4;
EXEC dbo.INSERT_ORDER_FOOD 167, 34, 2;
EXEC dbo.INSERT_ORDER_FOOD 352, 35, 5;
EXEC dbo.INSERT_ORDER_FOOD 473, 35, 4;
EXEC dbo.INSERT_ORDER_FOOD 218, 35, 4;
EXEC dbo.INSERT_ORDER_FOOD 416, 35, 5;
EXEC dbo.INSERT_ORDER_FOOD 55, 35, 1;
EXEC dbo.INSERT_ORDER_FOOD 242, 35, 2;
EXEC dbo.INSERT_ORDER_FOOD 230, 35, 3;
EXEC dbo.INSERT_ORDER_FOOD 242, 36, 4;
EXEC dbo.INSERT_ORDER_FOOD 352, 36, 5;
EXEC dbo.INSERT_ORDER_FOOD 561, 36, 3;
EXEC dbo.INSERT_ORDER_FOOD 338, 36, 4;
EXEC dbo.INSERT_ORDER_FOOD 158, 36, 4;
EXEC dbo.INSERT_ORDER_FOOD 527, 36, 1;
EXEC dbo.INSERT_ORDER_FOOD 96, 36, 5;
EXEC dbo.INSERT_ORDER_FOOD 230, 36, 2;
EXEC dbo.INSERT_ORDER_FOOD 580, 36, 3;
EXEC dbo.INSERT_ORDER_FOOD 416, 37, 2;
EXEC dbo.INSERT_ORDER_FOOD 167, 37, 3;
EXEC dbo.INSERT_ORDER_FOOD 58, 37, 4;
EXEC dbo.INSERT_ORDER_FOOD 267, 38, 3;
EXEC dbo.INSERT_ORDER_FOOD 301, 38, 3;
EXEC dbo.INSERT_ORDER_FOOD 58, 38, 1;
EXEC dbo.INSERT_ORDER_FOOD 104, 38, 4;
EXEC dbo.INSERT_ORDER_FOOD 531, 38, 3;
EXEC dbo.INSERT_ORDER_FOOD 168, 38, 2;
EXEC dbo.INSERT_ORDER_FOOD 584, 38, 4;
EXEC dbo.INSERT_ORDER_FOOD 198, 39, 4;
EXEC dbo.INSERT_ORDER_FOOD 58, 39, 3;
EXEC dbo.INSERT_ORDER_FOOD 549, 39, 3;
EXEC dbo.INSERT_ORDER_FOOD 45, 39, 3;
EXEC dbo.INSERT_ORDER_FOOD 416, 40, 1;
EXEC dbo.INSERT_ORDER_FOOD 391, 40, 5;
EXEC dbo.INSERT_ORDER_FOOD 527, 40, 4;
EXEC dbo.INSERT_ORDER_FOOD 526, 40, 1;
EXEC dbo.INSERT_ORDER_FOOD 561, 40, 4;
EXEC dbo.INSERT_ORDER_FOOD 286, 1, 1;
EXEC dbo.INSERT_ORDER_FOOD 430, 1, 3;
EXEC dbo.INSERT_ORDER_FOOD 405, 1, 2;
EXEC dbo.INSERT_ORDER_FOOD 386, 1, 5;
EXEC dbo.INSERT_ORDER_FOOD 91, 1, 5;
EXEC dbo.INSERT_ORDER_FOOD 138, 1, 5;
EXEC dbo.INSERT_ORDER_FOOD 91, 1, 4;
EXEC dbo.INSERT_ORDER_FOOD 197, 1, 3;
EXEC dbo.INSERT_ORDER_FOOD 123, 2, 5;
EXEC dbo.INSERT_ORDER_FOOD 109, 3, 4;
EXEC dbo.INSERT_ORDER_FOOD 327, 3, 2;
EXEC dbo.INSERT_ORDER_FOOD 565, 3, 4;
EXEC dbo.INSERT_ORDER_FOOD 123, 3, 2;
EXEC dbo.INSERT_ORDER_FOOD 16, 3, 1;
EXEC dbo.INSERT_ORDER_FOOD 365, 3, 3;
EXEC dbo.INSERT_ORDER_FOOD 109, 3, 2;
EXEC dbo.INSERT_ORDER_FOOD 516, 3, 5;
EXEC dbo.INSERT_ORDER_FOOD 286, 3, 4;
EXEC dbo.INSERT_ORDER_FOOD 320, 3, 4;
EXEC dbo.INSERT_ORDER_FOOD 16, 4, 1;
EXEC dbo.INSERT_ORDER_FOOD 91, 5, 2;
EXEC dbo.INSERT_ORDER_FOOD 360, 5, 3;
EXEC dbo.INSERT_ORDER_FOOD 354, 5, 2;
EXEC dbo.INSERT_ORDER_FOOD 365, 5, 1;
EXEC dbo.INSERT_ORDER_FOOD 430, 5, 4;
EXEC dbo.INSERT_ORDER_FOOD 215, 5, 4;
EXEC dbo.INSERT_ORDER_FOOD 109, 5, 3;
EXEC dbo.INSERT_ORDER_FOOD 474, 5, 1;
EXEC dbo.INSERT_ORDER_FOOD 405, 6, 5;
EXEC dbo.INSERT_ORDER_FOOD 360, 6, 2;
EXEC dbo.INSERT_ORDER_FOOD 354, 6, 3;
EXEC dbo.INSERT_ORDER_FOOD 57, 6, 1;
EXEC dbo.INSERT_ORDER_FOOD 327, 6, 4;
EXEC dbo.INSERT_ORDER_FOOD 360, 6, 2;
EXEC dbo.INSERT_ORDER_FOOD 138, 6, 3;
EXEC dbo.INSERT_ORDER_FOOD 360, 6, 4;
EXEC dbo.INSERT_ORDER_FOOD 197, 6, 3;
EXEC dbo.INSERT_ORDER_FOOD 430, 7, 2;
EXEC dbo.INSERT_ORDER_FOOD 472, 7, 1;
EXEC dbo.INSERT_ORDER_FOOD 258, 7, 3;
EXEC dbo.INSERT_ORDER_FOOD 430, 7, 4;
EXEC dbo.INSERT_ORDER_FOOD 565, 8, 2;
EXEC dbo.INSERT_ORDER_FOOD 320, 8, 5;
EXEC dbo.INSERT_ORDER_FOOD 98, 8, 4;
EXEC dbo.INSERT_ORDER_FOOD 478, 8, 4;
EXEC dbo.INSERT_ORDER_FOOD 320, 8, 4;
EXEC dbo.INSERT_ORDER_FOOD 368, 8, 4;
EXEC dbo.INSERT_ORDER_FOOD 91, 8, 5;
EXEC dbo.INSERT_ORDER_FOOD 109, 8, 1;
EXEC dbo.INSERT_ORDER_FOOD 215, 8, 1;
EXEC dbo.INSERT_ORDER_FOOD 109, 9, 3;
EXEC dbo.INSERT_ORDER_FOOD 262, 9, 4;
EXEC dbo.INSERT_ORDER_FOOD 123, 9, 5;
EXEC dbo.INSERT_ORDER_FOOD 214, 9, 5;
EXEC dbo.INSERT_ORDER_FOOD 280, 9, 2;
EXEC dbo.INSERT_ORDER_FOOD 474, 9, 4;
EXEC dbo.INSERT_ORDER_FOOD 259, 10, 5;
EXEC dbo.INSERT_ORDER_FOOD 368, 10, 1;
EXEC dbo.INSERT_ORDER_FOOD 565, 10, 3;
EXEC dbo.INSERT_ORDER_FOOD 57, 10, 5;
EXEC dbo.INSERT_ORDER_FOOD 72, 10, 2;
EXEC dbo.INSERT_ORDER_FOOD 365, 10, 1;
EXEC dbo.INSERT_ORDER_FOOD 430, 11, 4;
EXEC dbo.INSERT_ORDER_FOOD 365, 11, 3;
EXEC dbo.INSERT_ORDER_FOOD 21, 11, 4;
EXEC dbo.INSERT_ORDER_FOOD 109, 11, 5;
EXEC dbo.INSERT_ORDER_FOOD 320, 11, 4;
EXEC dbo.INSERT_ORDER_FOOD 478, 11, 1;
EXEC dbo.INSERT_ORDER_FOOD 365, 11, 2;
EXEC dbo.INSERT_ORDER_FOOD 560, 12, 3;
EXEC dbo.INSERT_ORDER_FOOD 243, 13, 4;
EXEC dbo.INSERT_ORDER_FOOD 21, 13, 5;
EXEC dbo.INSERT_ORDER_FOOD 91, 13, 5;
EXEC dbo.INSERT_ORDER_FOOD 430, 13, 5;
EXEC dbo.INSERT_ORDER_FOOD 472, 13, 1;
EXEC dbo.INSERT_ORDER_FOOD 478, 13, 1;
EXEC dbo.INSERT_ORDER_FOOD 354, 13, 3;
EXEC dbo.INSERT_ORDER_FOOD 57, 13, 5;
EXEC dbo.INSERT_ORDER_FOOD 463, 13, 2;
EXEC dbo.INSERT_ORDER_FOOD 243, 14, 2;
EXEC dbo.INSERT_ORDER_FOOD 258, 14, 4;
EXEC dbo.INSERT_ORDER_FOOD 258, 14, 1;
EXEC dbo.INSERT_ORDER_FOOD 169, 14, 4;
EXEC dbo.INSERT_ORDER_FOOD 87, 14, 4;
EXEC dbo.INSERT_ORDER_FOOD 320, 14, 1;
EXEC dbo.INSERT_ORDER_FOOD 386, 15, 1;
EXEC dbo.INSERT_ORDER_FOOD 214, 15, 1;
EXEC dbo.INSERT_ORDER_FOOD 474, 15, 2;
EXEC dbo.INSERT_ORDER_FOOD 197, 15, 2;
EXEC dbo.INSERT_ORDER_FOOD 197, 16, 2;
EXEC dbo.INSERT_ORDER_FOOD 463, 16, 5;
EXEC dbo.INSERT_ORDER_FOOD 21, 16, 5;
EXEC dbo.INSERT_ORDER_FOOD 560, 16, 2;
EXEC dbo.INSERT_ORDER_FOOD 87, 16, 4;
EXEC dbo.INSERT_ORDER_FOOD 90, 16, 1;
EXEC dbo.INSERT_ORDER_FOOD 430, 16, 3;
EXEC dbo.INSERT_ORDER_FOOD 405, 16, 3;
EXEC dbo.INSERT_ORDER_FOOD 16, 16, 1;
EXEC dbo.INSERT_ORDER_FOOD 472, 16, 4;
EXEC dbo.INSERT_ORDER_FOOD 365, 17, 1;
EXEC dbo.INSERT_ORDER_FOOD 91, 17, 1;
EXEC dbo.INSERT_ORDER_FOOD 21, 17, 2;
EXEC dbo.INSERT_ORDER_FOOD 463, 17, 1;
EXEC dbo.INSERT_ORDER_FOOD 565, 17, 1;
EXEC dbo.INSERT_ORDER_FOOD 368, 18, 3;
EXEC dbo.INSERT_ORDER_FOOD 474, 18, 4;
EXEC dbo.INSERT_ORDER_FOOD 360, 18, 5;
EXEC dbo.INSERT_ORDER_FOOD 516, 18, 2;
EXEC dbo.INSERT_ORDER_FOOD 243, 18, 2;
EXEC dbo.INSERT_ORDER_FOOD 72, 19, 3;
EXEC dbo.INSERT_ORDER_FOOD 365, 19, 2;
EXEC dbo.INSERT_ORDER_FOOD 16, 19, 5;
EXEC dbo.INSERT_ORDER_FOOD 87, 19, 2;
EXEC dbo.INSERT_ORDER_FOOD 109, 19, 4;
EXEC dbo.INSERT_ORDER_FOOD 405, 19, 5;
EXEC dbo.INSERT_ORDER_FOOD 365, 19, 2;
EXEC dbo.INSERT_ORDER_FOOD 259, 19, 1;
EXEC dbo.INSERT_ORDER_FOOD 98, 20, 1;
EXEC dbo.INSERT_ORDER_FOOD 354, 20, 2;
EXEC dbo.INSERT_ORDER_FOOD 320, 20, 3;
EXEC dbo.INSERT_ORDER_FOOD 360, 20, 2;
EXEC dbo.INSERT_ORDER_FOOD 386, 20, 3;
EXEC dbo.INSERT_ORDER_FOOD 123, 20, 2;
EXEC dbo.INSERT_ORDER_FOOD 368, 21, 5;
EXEC dbo.INSERT_ORDER_FOOD 516, 21, 2;
EXEC dbo.INSERT_ORDER_FOOD 87, 21, 4;
EXEC dbo.INSERT_ORDER_FOOD 354, 21, 3;
EXEC dbo.INSERT_ORDER_FOOD 365, 21, 5;
EXEC dbo.INSERT_ORDER_FOOD 90, 21, 2;
EXEC dbo.INSERT_ORDER_FOOD 368, 22, 3;
EXEC dbo.INSERT_ORDER_FOOD 109, 22, 5;
EXEC dbo.INSERT_ORDER_FOOD 138, 22, 4;
EXEC dbo.INSERT_ORDER_FOOD 516, 22, 4;
EXEC dbo.INSERT_ORDER_FOOD 320, 22, 3;
EXEC dbo.INSERT_ORDER_FOOD 386, 22, 3;
EXEC dbo.INSERT_ORDER_FOOD 5, 22, 2;
EXEC dbo.INSERT_ORDER_FOOD 463, 22, 3;
EXEC dbo.INSERT_ORDER_FOOD 72, 22, 2;
EXEC dbo.INSERT_ORDER_FOOD 259, 22, 2;
EXEC dbo.INSERT_ORDER_FOOD 327, 23, 1;
EXEC dbo.INSERT_ORDER_FOOD 368, 23, 4;
EXEC dbo.INSERT_ORDER_FOOD 262, 23, 1;
EXEC dbo.INSERT_ORDER_FOOD 98, 23, 2;
EXEC dbo.INSERT_ORDER_FOOD 138, 23, 1;
EXEC dbo.INSERT_ORDER_FOOD 138, 23, 4;
EXEC dbo.INSERT_ORDER_FOOD 463, 23, 5;
EXEC dbo.INSERT_ORDER_FOOD 215, 23, 5;
EXEC dbo.INSERT_ORDER_FOOD 286, 23, 3;
EXEC dbo.INSERT_ORDER_FOOD 471, 24, 4;
EXEC dbo.INSERT_ORDER_FOOD 215, 24, 1;
EXEC dbo.INSERT_ORDER_FOOD 474, 25, 2;
EXEC dbo.INSERT_ORDER_FOOD 57, 25, 1;
EXEC dbo.INSERT_ORDER_FOOD 516, 25, 1;
EXEC dbo.INSERT_ORDER_FOOD 72, 25, 3;
EXEC dbo.INSERT_ORDER_FOOD 197, 25, 1;
EXEC dbo.INSERT_ORDER_FOOD 98, 25, 2;
EXEC dbo.INSERT_ORDER_FOOD 471, 25, 3;
EXEC dbo.INSERT_ORDER_FOOD 262, 26, 2;
EXEC dbo.INSERT_ORDER_FOOD 90, 26, 5;
EXEC dbo.INSERT_ORDER_FOOD 471, 26, 3;
EXEC dbo.INSERT_ORDER_FOOD 365, 26, 1;
EXEC dbo.INSERT_ORDER_FOOD 57, 26, 1;
EXEC dbo.INSERT_ORDER_FOOD 109, 26, 2;
EXEC dbo.INSERT_ORDER_FOOD 320, 26, 4;
EXEC dbo.INSERT_ORDER_FOOD 72, 26, 5;
EXEC dbo.INSERT_ORDER_FOOD 109, 27, 2;
EXEC dbo.INSERT_ORDER_FOOD 20, 27, 3;
EXEC dbo.INSERT_ORDER_FOOD 430, 27, 5;
EXEC dbo.INSERT_ORDER_FOOD 98, 27, 3;
EXEC dbo.INSERT_ORDER_FOOD 565, 27, 4;
EXEC dbo.INSERT_ORDER_FOOD 98, 27, 4;
EXEC dbo.INSERT_ORDER_FOOD 565, 27, 3;
EXEC dbo.INSERT_ORDER_FOOD 21, 27, 3;
EXEC dbo.INSERT_ORDER_FOOD 109, 27, 3;
EXEC dbo.INSERT_ORDER_FOOD 87, 27, 5;
EXEC dbo.INSERT_ORDER_FOOD 109, 28, 3;
EXEC dbo.INSERT_ORDER_FOOD 472, 28, 4;
EXEC dbo.INSERT_ORDER_FOOD 516, 28, 2;
EXEC dbo.INSERT_ORDER_FOOD 430, 29, 5;
EXEC dbo.INSERT_ORDER_FOOD 327, 29, 5;
EXEC dbo.INSERT_ORDER_FOOD 91, 29, 3;
EXEC dbo.INSERT_ORDER_FOOD 360, 29, 3;
EXEC dbo.INSERT_ORDER_FOOD 474, 29, 3;
EXEC dbo.INSERT_ORDER_FOOD 20, 29, 2;
EXEC dbo.INSERT_ORDER_FOOD 516, 29, 1;
EXEC dbo.INSERT_ORDER_FOOD 214, 30, 4;
EXEC dbo.INSERT_ORDER_FOOD 430, 30, 3;
EXEC dbo.INSERT_ORDER_FOOD 87, 30, 4;
EXEC dbo.INSERT_ORDER_FOOD 169, 30, 2;
EXEC dbo.INSERT_ORDER_FOOD 90, 30, 2;
EXEC dbo.INSERT_ORDER_FOOD 109, 30, 1;
EXEC dbo.INSERT_ORDER_FOOD 368, 31, 5;
EXEC dbo.INSERT_ORDER_FOOD 360, 31, 3;
EXEC dbo.INSERT_ORDER_FOOD 368, 32, 5;
EXEC dbo.INSERT_ORDER_FOOD 138, 32, 5;
EXEC dbo.INSERT_ORDER_FOOD 262, 32, 2;
EXEC dbo.INSERT_ORDER_FOOD 516, 32, 3;
EXEC dbo.INSERT_ORDER_FOOD 57, 33, 3;
EXEC dbo.INSERT_ORDER_FOOD 365, 33, 4;
EXEC dbo.INSERT_ORDER_FOOD 360, 33, 4;
EXEC dbo.INSERT_ORDER_FOOD 360, 33, 3;
EXEC dbo.INSERT_ORDER_FOOD 215, 33, 4;
EXEC dbo.INSERT_ORDER_FOOD 197, 34, 1;
EXEC dbo.INSERT_ORDER_FOOD 471, 34, 1;
EXEC dbo.INSERT_ORDER_FOOD 368, 34, 3;
EXEC dbo.INSERT_ORDER_FOOD 98, 35, 5;
EXEC dbo.INSERT_ORDER_FOOD 386, 35, 1;
EXEC dbo.INSERT_ORDER_FOOD 20, 35, 5;
EXEC dbo.INSERT_ORDER_FOOD 262, 35, 2;
EXEC dbo.INSERT_ORDER_FOOD 90, 35, 3;
EXEC dbo.INSERT_ORDER_FOOD 320, 35, 3;
EXEC dbo.INSERT_ORDER_FOOD 365, 35, 4;
EXEC dbo.INSERT_ORDER_FOOD 123, 36, 5;
EXEC dbo.INSERT_ORDER_FOOD 262, 36, 4;
EXEC dbo.INSERT_ORDER_FOOD 123, 37, 3;
EXEC dbo.INSERT_ORDER_FOOD 368, 37, 3;
EXEC dbo.INSERT_ORDER_FOOD 20, 37, 4;
EXEC dbo.INSERT_ORDER_FOOD 471, 37, 5;
EXEC dbo.INSERT_ORDER_FOOD 516, 37, 4;
EXEC dbo.INSERT_ORDER_FOOD 87, 37, 3;
EXEC dbo.INSERT_ORDER_FOOD 471, 37, 1;
EXEC dbo.INSERT_ORDER_FOOD 478, 37, 2;
EXEC dbo.INSERT_ORDER_FOOD 109, 37, 3;
EXEC dbo.INSERT_ORDER_FOOD 16, 38, 1;
EXEC dbo.INSERT_ORDER_FOOD 20, 38, 3;
EXEC dbo.INSERT_ORDER_FOOD 565, 38, 3;
EXEC dbo.INSERT_ORDER_FOOD 20, 38, 2;
EXEC dbo.INSERT_ORDER_FOOD 474, 38, 5;
EXEC dbo.INSERT_ORDER_FOOD 478, 38, 1;
EXEC dbo.INSERT_ORDER_FOOD 169, 38, 5;
EXEC dbo.INSERT_ORDER_FOOD 472, 38, 3;
EXEC dbo.INSERT_ORDER_FOOD 214, 38, 5;
EXEC dbo.INSERT_ORDER_FOOD 243, 39, 2;
EXEC dbo.INSERT_ORDER_FOOD 16, 40, 2;
EXEC dbo.INSERT_ORDER_FOOD 91, 40, 3;
EXEC dbo.INSERT_ORDER_FOOD 560, 40, 5;
EXEC dbo.INSERT_ORDER_FOOD 138, 40, 1;
EXEC dbo.INSERT_ORDER_FOOD 215, 40, 2;
EXEC dbo.INSERT_ORDER_FOOD 109, 40, 4;
EXEC dbo.INSERT_ORDER_FOOD 280, 40, 1;
EXEC dbo.INSERT_ORDER_FOOD 109, 40, 2;
EXEC dbo.INSERT_ORDER_FOOD 243, 40, 5;
EXEC dbo.INSERT_ORDER_FOOD 536, 1, 3;
EXEC dbo.INSERT_ORDER_FOOD 292, 2, 4;
EXEC dbo.INSERT_ORDER_FOOD 199, 2, 5;
EXEC dbo.INSERT_ORDER_FOOD 194, 2, 1;
EXEC dbo.INSERT_ORDER_FOOD 166, 3, 5;
EXEC dbo.INSERT_ORDER_FOOD 417, 3, 4;
EXEC dbo.INSERT_ORDER_FOOD 470, 3, 4;
EXEC dbo.INSERT_ORDER_FOOD 100, 4, 2;
EXEC dbo.INSERT_ORDER_FOOD 470, 4, 2;
EXEC dbo.INSERT_ORDER_FOOD 333, 4, 1;
EXEC dbo.INSERT_ORDER_FOOD 433, 4, 5;
EXEC dbo.INSERT_ORDER_FOOD 495, 4, 5;
EXEC dbo.INSERT_ORDER_FOOD 111, 4, 4;
EXEC dbo.INSERT_ORDER_FOOD 495, 4, 4;
EXEC dbo.INSERT_ORDER_FOOD 311, 4, 3;
EXEC dbo.INSERT_ORDER_FOOD 311, 5, 5;
EXEC dbo.INSERT_ORDER_FOOD 412, 5, 2;
EXEC dbo.INSERT_ORDER_FOOD 244, 6, 4;
EXEC dbo.INSERT_ORDER_FOOD 111, 6, 3;
EXEC dbo.INSERT_ORDER_FOOD 448, 6, 2;
EXEC dbo.INSERT_ORDER_FOOD 595, 6, 2;
EXEC dbo.INSERT_ORDER_FOOD 195, 6, 3;
EXEC dbo.INSERT_ORDER_FOOD 417, 7, 2;
EXEC dbo.INSERT_ORDER_FOOD 433, 7, 2;
EXEC dbo.INSERT_ORDER_FOOD 373, 7, 3;
EXEC dbo.INSERT_ORDER_FOOD 433, 7, 3;
EXEC dbo.INSERT_ORDER_FOOD 417, 7, 3;
EXEC dbo.INSERT_ORDER_FOOD 448, 7, 5;
EXEC dbo.INSERT_ORDER_FOOD 95, 8, 5;
EXEC dbo.INSERT_ORDER_FOOD 227, 8, 4;
EXEC dbo.INSERT_ORDER_FOOD 433, 8, 2;
EXEC dbo.INSERT_ORDER_FOOD 448, 8, 3;
EXEC dbo.INSERT_ORDER_FOOD 166, 8, 4;
EXEC dbo.INSERT_ORDER_FOOD 302, 8, 5;
EXEC dbo.INSERT_ORDER_FOOD 292, 8, 2;
EXEC dbo.INSERT_ORDER_FOOD 153, 8, 3;
EXEC dbo.INSERT_ORDER_FOOD 536, 9, 2;
EXEC dbo.INSERT_ORDER_FOOD 302, 9, 5;
EXEC dbo.INSERT_ORDER_FOOD 570, 9, 4;
EXEC dbo.INSERT_ORDER_FOOD 95, 9, 3;
EXEC dbo.INSERT_ORDER_FOOD 95, 9, 4;
EXEC dbo.INSERT_ORDER_FOOD 311, 9, 4;
EXEC dbo.INSERT_ORDER_FOOD 550, 10, 2;
EXEC dbo.INSERT_ORDER_FOOD 88, 10, 1;
EXEC dbo.INSERT_ORDER_FOOD 311, 10, 2;
EXEC dbo.INSERT_ORDER_FOOD 153, 10, 2;
EXEC dbo.INSERT_ORDER_FOOD 100, 10, 1;
EXEC dbo.INSERT_ORDER_FOOD 590, 11, 1;
EXEC dbo.INSERT_ORDER_FOOD 148, 11, 5;
EXEC dbo.INSERT_ORDER_FOOD 373, 11, 4;
EXEC dbo.INSERT_ORDER_FOOD 244, 11, 1;
EXEC dbo.INSERT_ORDER_FOOD 51, 11, 3;
EXEC dbo.INSERT_ORDER_FOOD 448, 11, 3;
EXEC dbo.INSERT_ORDER_FOOD 195, 11, 2;
EXEC dbo.INSERT_ORDER_FOOD 595, 11, 1;
EXEC dbo.INSERT_ORDER_FOOD 495, 12, 1;
EXEC dbo.INSERT_ORDER_FOOD 266, 12, 4;
EXEC dbo.INSERT_ORDER_FOOD 139, 12, 4;
EXEC dbo.INSERT_ORDER_FOOD 340, 13, 2;
EXEC dbo.INSERT_ORDER_FOOD 477, 13, 1;
EXEC dbo.INSERT_ORDER_FOOD 477, 13, 2;
EXEC dbo.INSERT_ORDER_FOOD 111, 13, 1;
EXEC dbo.INSERT_ORDER_FOOD 373, 13, 1;
EXEC dbo.INSERT_ORDER_FOOD 448, 13, 1;
EXEC dbo.INSERT_ORDER_FOOD 302, 13, 4;
EXEC dbo.INSERT_ORDER_FOOD 495, 13, 3;
EXEC dbo.INSERT_ORDER_FOOD 95, 13, 5;
EXEC dbo.INSERT_ORDER_FOOD 47, 14, 2;
EXEC dbo.INSERT_ORDER_FOOD 148, 14, 5;
EXEC dbo.INSERT_ORDER_FOOD 311, 14, 5;
EXEC dbo.INSERT_ORDER_FOOD 550, 14, 4;
EXEC dbo.INSERT_ORDER_FOOD 292, 14, 3;
EXEC dbo.INSERT_ORDER_FOOD 536, 14, 2;
EXEC dbo.INSERT_ORDER_FOOD 470, 14, 4;
EXEC dbo.INSERT_ORDER_FOOD 292, 14, 5;
EXEC dbo.INSERT_ORDER_FOOD 550, 15, 4;
EXEC dbo.INSERT_ORDER_FOOD 244, 16, 2;
EXEC dbo.INSERT_ORDER_FOOD 10, 16, 1;
EXEC dbo.INSERT_ORDER_FOOD 266, 16, 2;
EXEC dbo.INSERT_ORDER_FOOD 417, 16, 2;
EXEC dbo.INSERT_ORDER_FOOD 10, 16, 4;
EXEC dbo.INSERT_ORDER_FOOD 244, 16, 5;
EXEC dbo.INSERT_ORDER_FOOD 9, 16, 3;
EXEC dbo.INSERT_ORDER_FOOD 88, 16, 4;
EXEC dbo.INSERT_ORDER_FOOD 550, 16, 1;
EXEC dbo.INSERT_ORDER_FOOD 153, 16, 1;
EXEC dbo.INSERT_ORDER_FOOD 100, 17, 4;
EXEC dbo.INSERT_ORDER_FOOD 536, 17, 3;
EXEC dbo.INSERT_ORDER_FOOD 302, 17, 2;
EXEC dbo.INSERT_ORDER_FOOD 95, 17, 2;
EXEC dbo.INSERT_ORDER_FOOD 88, 17, 1;
EXEC dbo.INSERT_ORDER_FOOD 111, 17, 3;
EXEC dbo.INSERT_ORDER_FOOD 470, 18, 3;
EXEC dbo.INSERT_ORDER_FOOD 477, 18, 1;
EXEC dbo.INSERT_ORDER_FOOD 10, 18, 4;
EXEC dbo.INSERT_ORDER_FOOD 417, 18, 2;
EXEC dbo.INSERT_ORDER_FOOD 373, 18, 4;
EXEC dbo.INSERT_ORDER_FOOD 195, 18, 3;
EXEC dbo.INSERT_ORDER_FOOD 139, 18, 3;
EXEC dbo.INSERT_ORDER_FOOD 417, 18, 1;
EXEC dbo.INSERT_ORDER_FOOD 100, 19, 3;
EXEC dbo.INSERT_ORDER_FOOD 340, 19, 4;
EXEC dbo.INSERT_ORDER_FOOD 432, 19, 3;
EXEC dbo.INSERT_ORDER_FOOD 477, 20, 3;
EXEC dbo.INSERT_ORDER_FOOD 174, 20, 5;
EXEC dbo.INSERT_ORDER_FOOD 545, 20, 3;
EXEC dbo.INSERT_ORDER_FOOD 311, 20, 3;
EXEC dbo.INSERT_ORDER_FOOD 139, 21, 5;
EXEC dbo.INSERT_ORDER_FOOD 47, 21, 3;
EXEC dbo.INSERT_ORDER_FOOD 227, 21, 2;
EXEC dbo.INSERT_ORDER_FOOD 470, 21, 4;
EXEC dbo.INSERT_ORDER_FOOD 495, 21, 5;
EXEC dbo.INSERT_ORDER_FOOD 195, 21, 2;
EXEC dbo.INSERT_ORDER_FOOD 10, 21, 4;
EXEC dbo.INSERT_ORDER_FOOD 95, 22, 2;
EXEC dbo.INSERT_ORDER_FOOD 266, 22, 4;
EXEC dbo.INSERT_ORDER_FOOD 111, 22, 2;
EXEC dbo.INSERT_ORDER_FOOD 153, 22, 4;
EXEC dbo.INSERT_ORDER_FOOD 139, 22, 5;
EXEC dbo.INSERT_ORDER_FOOD 47, 22, 3;
EXEC dbo.INSERT_ORDER_FOOD 139, 22, 1;
EXEC dbo.INSERT_ORDER_FOOD 340, 23, 1;
EXEC dbo.INSERT_ORDER_FOOD 570, 23, 2;
EXEC dbo.INSERT_ORDER_FOOD 266, 24, 4;
EXEC dbo.INSERT_ORDER_FOOD 100, 24, 3;
EXEC dbo.INSERT_ORDER_FOOD 570, 24, 1;
EXEC dbo.INSERT_ORDER_FOOD 470, 24, 3;
EXEC dbo.INSERT_ORDER_FOOD 545, 24, 3;
EXEC dbo.INSERT_ORDER_FOOD 433, 24, 4;
EXEC dbo.INSERT_ORDER_FOOD 495, 24, 1;
EXEC dbo.INSERT_ORDER_FOOD 174, 24, 5;
EXEC dbo.INSERT_ORDER_FOOD 433, 25, 1;
EXEC dbo.INSERT_ORDER_FOOD 412, 25, 2;
EXEC dbo.INSERT_ORDER_FOOD 195, 25, 3;
EXEC dbo.INSERT_ORDER_FOOD 279, 25, 1;
EXEC dbo.INSERT_ORDER_FOOD 100, 25, 1;
EXEC dbo.INSERT_ORDER_FOOD 302, 26, 4;
EXEC dbo.INSERT_ORDER_FOOD 536, 26, 3;
EXEC dbo.INSERT_ORDER_FOOD 545, 26, 5;
EXEC dbo.INSERT_ORDER_FOOD 227, 26, 5;
EXEC dbo.INSERT_ORDER_FOOD 477, 26, 2;
EXEC dbo.INSERT_ORDER_FOOD 88, 26, 5;
EXEC dbo.INSERT_ORDER_FOOD 590, 26, 3;
EXEC dbo.INSERT_ORDER_FOOD 417, 26, 2;
EXEC dbo.INSERT_ORDER_FOOD 340, 26, 2;
EXEC dbo.INSERT_ORDER_FOOD 302, 26, 4;
EXEC dbo.INSERT_ORDER_FOOD 545, 27, 3;
EXEC dbo.INSERT_ORDER_FOOD 302, 27, 5;
EXEC dbo.INSERT_ORDER_FOOD 550, 27, 3;
EXEC dbo.INSERT_ORDER_FOOD 536, 27, 3;
EXEC dbo.INSERT_ORDER_FOOD 199, 27, 3;
EXEC dbo.INSERT_ORDER_FOOD 302, 27, 1;
EXEC dbo.INSERT_ORDER_FOOD 477, 27, 3;
EXEC dbo.INSERT_ORDER_FOOD 302, 27, 3;
EXEC dbo.INSERT_ORDER_FOOD 595, 27, 2;
EXEC dbo.INSERT_ORDER_FOOD 477, 27, 1;
EXEC dbo.INSERT_ORDER_FOOD 148, 28, 3;
EXEC dbo.INSERT_ORDER_FOOD 433, 28, 2;
EXEC dbo.INSERT_ORDER_FOOD 536, 28, 5;
EXEC dbo.INSERT_ORDER_FOOD 558, 28, 1;
EXEC dbo.INSERT_ORDER_FOOD 9, 28, 5;
EXEC dbo.INSERT_ORDER_FOOD 148, 28, 2;
EXEC dbo.INSERT_ORDER_FOOD 139, 29, 2;
EXEC dbo.INSERT_ORDER_FOOD 311, 29, 3;
EXEC dbo.INSERT_ORDER_FOOD 266, 30, 2;
EXEC dbo.INSERT_ORDER_FOOD 166, 30, 5;
EXEC dbo.INSERT_ORDER_FOOD 95, 30, 3;
EXEC dbo.INSERT_ORDER_FOOD 51, 30, 5;
EXEC dbo.INSERT_ORDER_FOOD 595, 30, 2;
EXEC dbo.INSERT_ORDER_FOOD 590, 31, 2;
EXEC dbo.INSERT_ORDER_FOOD 279, 31, 2;
EXEC dbo.INSERT_ORDER_FOOD 95, 31, 1;
EXEC dbo.INSERT_ORDER_FOOD 88, 31, 3;
EXEC dbo.INSERT_ORDER_FOOD 244, 31, 1;
EXEC dbo.INSERT_ORDER_FOOD 174, 31, 4;
EXEC dbo.INSERT_ORDER_FOOD 227, 32, 3;
EXEC dbo.INSERT_ORDER_FOOD 373, 32, 2;
EXEC dbo.INSERT_ORDER_FOOD 139, 32, 2;
EXEC dbo.INSERT_ORDER_FOOD 153, 32, 5;
EXEC dbo.INSERT_ORDER_FOOD 417, 32, 5;
EXEC dbo.INSERT_ORDER_FOOD 545, 32, 2;
EXEC dbo.INSERT_ORDER_FOOD 9, 33, 2;
EXEC dbo.INSERT_ORDER_FOOD 545, 33, 1;
EXEC dbo.INSERT_ORDER_FOOD 166, 33, 1;
EXEC dbo.INSERT_ORDER_FOOD 340, 33, 1;
EXEC dbo.INSERT_ORDER_FOOD 495, 33, 1;
EXEC dbo.INSERT_ORDER_FOOD 545, 33, 5;
EXEC dbo.INSERT_ORDER_FOOD 448, 34, 2;
EXEC dbo.INSERT_ORDER_FOOD 194, 34, 3;
EXEC dbo.INSERT_ORDER_FOOD 417, 34, 3;
EXEC dbo.INSERT_ORDER_FOOD 9, 34, 5;
EXEC dbo.INSERT_ORDER_FOOD 302, 34, 1;
EXEC dbo.INSERT_ORDER_FOOD 194, 34, 1;
EXEC dbo.INSERT_ORDER_FOOD 590, 35, 2;
EXEC dbo.INSERT_ORDER_FOOD 417, 35, 4;
EXEC dbo.INSERT_ORDER_FOOD 412, 36, 5;
EXEC dbo.INSERT_ORDER_FOOD 550, 36, 3;
EXEC dbo.INSERT_ORDER_FOOD 47, 36, 5;
EXEC dbo.INSERT_ORDER_FOOD 244, 36, 4;
EXEC dbo.INSERT_ORDER_FOOD 174, 36, 2;
EXEC dbo.INSERT_ORDER_FOOD 433, 36, 3;
EXEC dbo.INSERT_ORDER_FOOD 10, 36, 3;
EXEC dbo.INSERT_ORDER_FOOD 448, 37, 2;
EXEC dbo.INSERT_ORDER_FOOD 148, 37, 5;
EXEC dbo.INSERT_ORDER_FOOD 595, 38, 2;
EXEC dbo.INSERT_ORDER_FOOD 51, 38, 1;
EXEC dbo.INSERT_ORDER_FOOD 590, 38, 5;
EXEC dbo.INSERT_ORDER_FOOD 148, 38, 3;
EXEC dbo.INSERT_ORDER_FOOD 495, 38, 3;
EXEC dbo.INSERT_ORDER_FOOD 595, 38, 1;
EXEC dbo.INSERT_ORDER_FOOD 595, 39, 5;
EXEC dbo.INSERT_ORDER_FOOD 9, 39, 3;
EXEC dbo.INSERT_ORDER_FOOD 111, 39, 5;
EXEC dbo.INSERT_ORDER_FOOD 433, 39, 2;
EXEC dbo.INSERT_ORDER_FOOD 495, 39, 5;
EXEC dbo.INSERT_ORDER_FOOD 545, 39, 1;
EXEC dbo.INSERT_ORDER_FOOD 95, 39, 1;
EXEC dbo.INSERT_ORDER_FOOD 470, 39, 5;
EXEC dbo.INSERT_ORDER_FOOD 333, 40, 5;
EXEC dbo.INSERT_ORDER_FOOD 111, 40, 3;
EXEC dbo.INSERT_ORDER_FOOD 558, 40, 3;
EXEC dbo.INSERT_ORDER_FOOD 470, 40, 4;
EXEC dbo.INSERT_ORDER_FOOD 373, 40, 3;
EXEC dbo.INSERT_ORDER_FOOD 51, 40, 1;
EXEC dbo.INSERT_ORDER_FOOD 432, 40, 4;
EXEC dbo.INSERT_ORDER_FOOD 477, 40, 5;
EXEC dbo.INSERT_ORDER_FOOD 292, 40, 2;
EXEC dbo.INSERT_ORDER_FOOD 597, 1, 4;
EXEC dbo.INSERT_ORDER_FOOD 384, 1, 4;
EXEC dbo.INSERT_ORDER_FOOD 353, 1, 4;
EXEC dbo.INSERT_ORDER_FOOD 423, 1, 3;
EXEC dbo.INSERT_ORDER_FOOD 110, 1, 5;
EXEC dbo.INSERT_ORDER_FOOD 175, 2, 4;
EXEC dbo.INSERT_ORDER_FOOD 597, 2, 4;
EXEC dbo.INSERT_ORDER_FOOD 385, 2, 1;
EXEC dbo.INSERT_ORDER_FOOD 97, 2, 2;
EXEC dbo.INSERT_ORDER_FOOD 384, 2, 4;
EXEC dbo.INSERT_ORDER_FOOD 216, 3, 3;
EXEC dbo.INSERT_ORDER_FOOD 485, 3, 1;
EXEC dbo.INSERT_ORDER_FOOD 459, 3, 3;
EXEC dbo.INSERT_ORDER_FOOD 524, 3, 4;
EXEC dbo.INSERT_ORDER_FOOD 600, 3, 2;
EXEC dbo.INSERT_ORDER_FOOD 239, 4, 5;
EXEC dbo.INSERT_ORDER_FOOD 384, 4, 4;
EXEC dbo.INSERT_ORDER_FOOD 17, 4, 5;
EXEC dbo.INSERT_ORDER_FOOD 216, 4, 2;
EXEC dbo.INSERT_ORDER_FOOD 482, 4, 3;
EXEC dbo.INSERT_ORDER_FOOD 469, 4, 5;
EXEC dbo.INSERT_ORDER_FOOD 59, 4, 3;
EXEC dbo.INSERT_ORDER_FOOD 192, 4, 2;
EXEC dbo.INSERT_ORDER_FOOD 423, 4, 3;
EXEC dbo.INSERT_ORDER_FOOD 110, 5, 2;
EXEC dbo.INSERT_ORDER_FOOD 446, 5, 2;
EXEC dbo.INSERT_ORDER_FOOD 114, 5, 1;
EXEC dbo.INSERT_ORDER_FOOD 597, 5, 5;
EXEC dbo.INSERT_ORDER_FOOD 17, 6, 3;
EXEC dbo.INSERT_ORDER_FOOD 554, 6, 2;
EXEC dbo.INSERT_ORDER_FOOD 75, 6, 5;
EXEC dbo.INSERT_ORDER_FOOD 175, 6, 1;
EXEC dbo.INSERT_ORDER_FOOD 469, 6, 5;
EXEC dbo.INSERT_ORDER_FOOD 403, 6, 4;
EXEC dbo.INSERT_ORDER_FOOD 239, 6, 1;
EXEC dbo.INSERT_ORDER_FOOD 53, 7, 3;
EXEC dbo.INSERT_ORDER_FOOD 554, 7, 1;
EXEC dbo.INSERT_ORDER_FOOD 274, 8, 3;
EXEC dbo.INSERT_ORDER_FOOD 596, 8, 5;
EXEC dbo.INSERT_ORDER_FOOD 600, 8, 5;
EXEC dbo.INSERT_ORDER_FOOD 559, 8, 2;
EXEC dbo.INSERT_ORDER_FOOD 26, 8, 1;
EXEC dbo.INSERT_ORDER_FOOD 17, 8, 3;
EXEC dbo.INSERT_ORDER_FOOD 554, 8, 1;
EXEC dbo.INSERT_ORDER_FOOD 210, 9, 2;
EXEC dbo.INSERT_ORDER_FOOD 548, 9, 1;
EXEC dbo.INSERT_ORDER_FOOD 222, 9, 1;
EXEC dbo.INSERT_ORDER_FOOD 237, 9, 2;
EXEC dbo.INSERT_ORDER_FOOD 548, 9, 2;
EXEC dbo.INSERT_ORDER_FOOD 17, 9, 4;
EXEC dbo.INSERT_ORDER_FOOD 557, 9, 4;
EXEC dbo.INSERT_ORDER_FOOD 222, 9, 3;
EXEC dbo.INSERT_ORDER_FOOD 59, 10, 3;
EXEC dbo.INSERT_ORDER_FOOD 239, 10, 4;
EXEC dbo.INSERT_ORDER_FOOD 485, 10, 4;
EXEC dbo.INSERT_ORDER_FOOD 485, 10, 5;
EXEC dbo.INSERT_ORDER_FOOD 410, 10, 1;
EXEC dbo.INSERT_ORDER_FOOD 53, 10, 1;
EXEC dbo.INSERT_ORDER_FOOD 403, 11, 4;
EXEC dbo.INSERT_ORDER_FOOD 559, 11, 1;
EXEC dbo.INSERT_ORDER_FOOD 493, 11, 4;
EXEC dbo.INSERT_ORDER_FOOD 554, 11, 3;
EXEC dbo.INSERT_ORDER_FOOD 513, 12, 2;
EXEC dbo.INSERT_ORDER_FOOD 176, 12, 4;
EXEC dbo.INSERT_ORDER_FOOD 26, 12, 4;
EXEC dbo.INSERT_ORDER_FOOD 554, 12, 5;
EXEC dbo.INSERT_ORDER_FOOD 192, 12, 3;
EXEC dbo.INSERT_ORDER_FOOD 210, 12, 5;
EXEC dbo.INSERT_ORDER_FOOD 600, 12, 5;
EXEC dbo.INSERT_ORDER_FOOD 110, 12, 4;
EXEC dbo.INSERT_ORDER_FOOD 175, 12, 4;
EXEC dbo.INSERT_ORDER_FOOD 239, 13, 3;
EXEC dbo.INSERT_ORDER_FOOD 171, 13, 1;
EXEC dbo.INSERT_ORDER_FOOD 596, 13, 2;
EXEC dbo.INSERT_ORDER_FOOD 459, 13, 4;
EXEC dbo.INSERT_ORDER_FOOD 353, 14, 1;
EXEC dbo.INSERT_ORDER_FOOD 53, 14, 5;
EXEC dbo.INSERT_ORDER_FOOD 237, 14, 5;
EXEC dbo.INSERT_ORDER_FOOD 26, 15, 5;
EXEC dbo.INSERT_ORDER_FOOD 291, 15, 5;
EXEC dbo.INSERT_ORDER_FOOD 216, 15, 4;
EXEC dbo.INSERT_ORDER_FOOD 410, 15, 3;
EXEC dbo.INSERT_ORDER_FOOD 59, 15, 3;
EXEC dbo.INSERT_ORDER_FOOD 59, 15, 3;
EXEC dbo.INSERT_ORDER_FOOD 171, 15, 3;
EXEC dbo.INSERT_ORDER_FOOD 291, 15, 3;
EXEC dbo.INSERT_ORDER_FOOD 410, 16, 1;
EXEC dbo.INSERT_ORDER_FOOD 110, 16, 4;
EXEC dbo.INSERT_ORDER_FOOD 353, 16, 5;
EXEC dbo.INSERT_ORDER_FOOD 482, 16, 5;
EXEC dbo.INSERT_ORDER_FOOD 171, 16, 1;
EXEC dbo.INSERT_ORDER_FOOD 493, 16, 5;
EXEC dbo.INSERT_ORDER_FOOD 239, 17, 3;
EXEC dbo.INSERT_ORDER_FOOD 482, 17, 3;
EXEC dbo.INSERT_ORDER_FOOD 559, 17, 3;
EXEC dbo.INSERT_ORDER_FOOD 459, 17, 5;
EXEC dbo.INSERT_ORDER_FOOD 600, 17, 5;
EXEC dbo.INSERT_ORDER_FOOD 17, 17, 4;
EXEC dbo.INSERT_ORDER_FOOD 192, 17, 2;
EXEC dbo.INSERT_ORDER_FOOD 385, 18, 1;
EXEC dbo.INSERT_ORDER_FOOD 176, 18, 1;
EXEC dbo.INSERT_ORDER_FOOD 493, 19, 1;
EXEC dbo.INSERT_ORDER_FOOD 554, 19, 4;
EXEC dbo.INSERT_ORDER_FOOD 34, 20, 3;
EXEC dbo.INSERT_ORDER_FOOD 75, 20, 4;
EXEC dbo.INSERT_ORDER_FOOD 548, 20, 3;
EXEC dbo.INSERT_ORDER_FOOD 59, 21, 1;
EXEC dbo.INSERT_ORDER_FOOD 353, 21, 1;
EXEC dbo.INSERT_ORDER_FOOD 554, 21, 1;
EXEC dbo.INSERT_ORDER_FOOD 593, 22, 5;
EXEC dbo.INSERT_ORDER_FOOD 17, 22, 3;
EXEC dbo.INSERT_ORDER_FOOD 210, 22, 5;
EXEC dbo.INSERT_ORDER_FOOD 482, 22, 3;
EXEC dbo.INSERT_ORDER_FOOD 97, 22, 5;
EXEC dbo.INSERT_ORDER_FOOD 237, 22, 5;
EXEC dbo.INSERT_ORDER_FOOD 216, 22, 5;
EXEC dbo.INSERT_ORDER_FOOD 593, 23, 3;
EXEC dbo.INSERT_ORDER_FOOD 548, 23, 1;
EXEC dbo.INSERT_ORDER_FOOD 75, 23, 1;
EXEC dbo.INSERT_ORDER_FOOD 175, 23, 3;
EXEC dbo.INSERT_ORDER_FOOD 192, 23, 3;
EXEC dbo.INSERT_ORDER_FOOD 239, 23, 1;
EXEC dbo.INSERT_ORDER_FOOD 446, 23, 2;
EXEC dbo.INSERT_ORDER_FOOD 216, 23, 5;
EXEC dbo.INSERT_ORDER_FOOD 97, 24, 3;
EXEC dbo.INSERT_ORDER_FOOD 274, 24, 1;
EXEC dbo.INSERT_ORDER_FOOD 210, 24, 4;
EXEC dbo.INSERT_ORDER_FOOD 216, 24, 1;
EXEC dbo.INSERT_ORDER_FOOD 274, 24, 2;
EXEC dbo.INSERT_ORDER_FOOD 171, 24, 5;
EXEC dbo.INSERT_ORDER_FOOD 239, 24, 4;
EXEC dbo.INSERT_ORDER_FOOD 423, 24, 3;
EXEC dbo.INSERT_ORDER_FOOD 600, 24, 2;
EXEC dbo.INSERT_ORDER_FOOD 557, 24, 1;
EXEC dbo.INSERT_ORDER_FOOD 469, 25, 4;
EXEC dbo.INSERT_ORDER_FOOD 524, 25, 3;
EXEC dbo.INSERT_ORDER_FOOD 59, 26, 4;
EXEC dbo.INSERT_ORDER_FOOD 482, 26, 5;
EXEC dbo.INSERT_ORDER_FOOD 274, 26, 5;
EXEC dbo.INSERT_ORDER_FOOD 237, 26, 1;
EXEC dbo.INSERT_ORDER_FOOD 75, 26, 1;
EXEC dbo.INSERT_ORDER_FOOD 192, 26, 4;
EXEC dbo.INSERT_ORDER_FOOD 53, 26, 5;
EXEC dbo.INSERT_ORDER_FOOD 75, 27, 3;
EXEC dbo.INSERT_ORDER_FOOD 34, 28, 2;
EXEC dbo.INSERT_ORDER_FOOD 216, 28, 5;
EXEC dbo.INSERT_ORDER_FOOD 17, 28, 5;
EXEC dbo.INSERT_ORDER_FOOD 97, 28, 1;
EXEC dbo.INSERT_ORDER_FOOD 459, 28, 3;
EXEC dbo.INSERT_ORDER_FOOD 600, 29, 5;
EXEC dbo.INSERT_ORDER_FOOD 237, 29, 3;
EXEC dbo.INSERT_ORDER_FOOD 237, 29, 2;
EXEC dbo.INSERT_ORDER_FOOD 353, 29, 2;
EXEC dbo.INSERT_ORDER_FOOD 353, 29, 4;
EXEC dbo.INSERT_ORDER_FOOD 459, 29, 2;
EXEC dbo.INSERT_ORDER_FOOD 59, 29, 4;
EXEC dbo.INSERT_ORDER_FOOD 176, 29, 1;
EXEC dbo.INSERT_ORDER_FOOD 59, 29, 1;
EXEC dbo.INSERT_ORDER_FOOD 53, 30, 3;
EXEC dbo.INSERT_ORDER_FOOD 385, 30, 1;
EXEC dbo.INSERT_ORDER_FOOD 237, 30, 1;
EXEC dbo.INSERT_ORDER_FOOD 385, 30, 5;
EXEC dbo.INSERT_ORDER_FOOD 498, 30, 3;
EXEC dbo.INSERT_ORDER_FOOD 485, 30, 1;
EXEC dbo.INSERT_ORDER_FOOD 524, 30, 1;
EXEC dbo.INSERT_ORDER_FOOD 423, 30, 1;
EXEC dbo.INSERT_ORDER_FOOD 97, 31, 2;
EXEC dbo.INSERT_ORDER_FOOD 423, 31, 2;
EXEC dbo.INSERT_ORDER_FOOD 403, 31, 3;
EXEC dbo.INSERT_ORDER_FOOD 523, 31, 5;
EXEC dbo.INSERT_ORDER_FOOD 110, 31, 5;
EXEC dbo.INSERT_ORDER_FOOD 176, 31, 3;
EXEC dbo.INSERT_ORDER_FOOD 110, 31, 1;
EXEC dbo.INSERT_ORDER_FOOD 26, 31, 2;
EXEC dbo.INSERT_ORDER_FOOD 385, 32, 4;
EXEC dbo.INSERT_ORDER_FOOD 523, 33, 4;
EXEC dbo.INSERT_ORDER_FOOD 26, 33, 5;
EXEC dbo.INSERT_ORDER_FOOD 210, 33, 5;
EXEC dbo.INSERT_ORDER_FOOD 513, 33, 5;
EXEC dbo.INSERT_ORDER_FOOD 469, 33, 4;
EXEC dbo.INSERT_ORDER_FOOD 274, 33, 4;
EXEC dbo.INSERT_ORDER_FOOD 482, 33, 3;
EXEC dbo.INSERT_ORDER_FOOD 493, 34, 1;
EXEC dbo.INSERT_ORDER_FOOD 176, 34, 4;
EXEC dbo.INSERT_ORDER_FOOD 446, 34, 3;
EXEC dbo.INSERT_ORDER_FOOD 459, 34, 1;
EXEC dbo.INSERT_ORDER_FOOD 557, 34, 2;
EXEC dbo.INSERT_ORDER_FOOD 237, 34, 4;
EXEC dbo.INSERT_ORDER_FOOD 548, 34, 1;
EXEC dbo.INSERT_ORDER_FOOD 597, 34, 1;
EXEC dbo.INSERT_ORDER_FOOD 222, 34, 1;
EXEC dbo.INSERT_ORDER_FOOD 557, 34, 4;
EXEC dbo.INSERT_ORDER_FOOD 499, 35, 5;
EXEC dbo.INSERT_ORDER_FOOD 97, 35, 2;
EXEC dbo.INSERT_ORDER_FOOD 403, 35, 1;
EXEC dbo.INSERT_ORDER_FOOD 482, 36, 4;
EXEC dbo.INSERT_ORDER_FOOD 34, 36, 4;
EXEC dbo.INSERT_ORDER_FOOD 176, 36, 5;
EXEC dbo.INSERT_ORDER_FOOD 410, 37, 5;
EXEC dbo.INSERT_ORDER_FOOD 524, 37, 1;
EXEC dbo.INSERT_ORDER_FOOD 291, 38, 5;
EXEC dbo.INSERT_ORDER_FOOD 222, 38, 5;
EXEC dbo.INSERT_ORDER_FOOD 513, 38, 4;
EXEC dbo.INSERT_ORDER_FOOD 110, 38, 4;
EXEC dbo.INSERT_ORDER_FOOD 446, 38, 4;
EXEC dbo.INSERT_ORDER_FOOD 34, 38, 2;
EXEC dbo.INSERT_ORDER_FOOD 216, 38, 5;
EXEC dbo.INSERT_ORDER_FOOD 216, 38, 5;
EXEC dbo.INSERT_ORDER_FOOD 403, 38, 1;
EXEC dbo.INSERT_ORDER_FOOD 353, 38, 3;
EXEC dbo.INSERT_ORDER_FOOD 403, 39, 4;
EXEC dbo.INSERT_ORDER_FOOD 459, 39, 1;
EXEC dbo.INSERT_ORDER_FOOD 597, 39, 5;
EXEC dbo.INSERT_ORDER_FOOD 557, 39, 5;
EXEC dbo.INSERT_ORDER_FOOD 385, 39, 4;
EXEC dbo.INSERT_ORDER_FOOD 548, 39, 1;
EXEC dbo.INSERT_ORDER_FOOD 523, 39, 1;
EXEC dbo.INSERT_ORDER_FOOD 97, 39, 4;
EXEC dbo.INSERT_ORDER_FOOD 423, 39, 2;
EXEC dbo.INSERT_ORDER_FOOD 524, 40, 3;
EXEC dbo.INSERT_ORDER_FOOD 554, 40, 2;
EXEC dbo.INSERT_ORDER_FOOD 53, 40, 4;
EXEC dbo.INSERT_ORDER_FOOD 446, 40, 5;
EXEC dbo.INSERT_ORDER_FOOD 17, 40, 3;
EXEC dbo.INSERT_ORDER_FOOD 17, 40, 4;
EXEC dbo.INSERT_ORDER_FOOD 23, 1, 5;
EXEC dbo.INSERT_ORDER_FOOD 136, 1, 5;
EXEC dbo.INSERT_ORDER_FOOD 281, 2, 2;
EXEC dbo.INSERT_ORDER_FOOD 263, 2, 2;
EXEC dbo.INSERT_ORDER_FOOD 447, 2, 1;
EXEC dbo.INSERT_ORDER_FOOD 501, 2, 3;
EXEC dbo.INSERT_ORDER_FOOD 426, 2, 3;
EXEC dbo.INSERT_ORDER_FOOD 310, 2, 1;
EXEC dbo.INSERT_ORDER_FOOD 149, 2, 2;
EXEC dbo.INSERT_ORDER_FOOD 521, 2, 3;
EXEC dbo.INSERT_ORDER_FOOD 486, 2, 3;
EXEC dbo.INSERT_ORDER_FOOD 147, 3, 4;
EXEC dbo.INSERT_ORDER_FOOD 542, 3, 2;
EXEC dbo.INSERT_ORDER_FOOD 154, 3, 1;
EXEC dbo.INSERT_ORDER_FOOD 344, 3, 5;
EXEC dbo.INSERT_ORDER_FOOD 246, 4, 3;
EXEC dbo.INSERT_ORDER_FOOD 562, 4, 1;
EXEC dbo.INSERT_ORDER_FOOD 83, 4, 4;
EXEC dbo.INSERT_ORDER_FOOD 343, 4, 2;
EXEC dbo.INSERT_ORDER_FOOD 447, 4, 5;
EXEC dbo.INSERT_ORDER_FOOD 594, 4, 2;
EXEC dbo.INSERT_ORDER_FOOD 486, 4, 2;
EXEC dbo.INSERT_ORDER_FOOD 345, 4, 5;
EXEC dbo.INSERT_ORDER_FOOD 547, 4, 2;
EXEC dbo.INSERT_ORDER_FOOD 149, 4, 3;
EXEC dbo.INSERT_ORDER_FOOD 501, 5, 3;
EXEC dbo.INSERT_ORDER_FOOD 486, 6, 2;
EXEC dbo.INSERT_ORDER_FOOD 159, 6, 4;
EXEC dbo.INSERT_ORDER_FOOD 491, 6, 1;
EXEC dbo.INSERT_ORDER_FOOD 345, 6, 1;
EXEC dbo.INSERT_ORDER_FOOD 491, 6, 4;
EXEC dbo.INSERT_ORDER_FOOD 23, 6, 1;
EXEC dbo.INSERT_ORDER_FOOD 501, 6, 5;
EXEC dbo.INSERT_ORDER_FOOD 281, 6, 1;
EXEC dbo.INSERT_ORDER_FOOD 439, 7, 3;
EXEC dbo.INSERT_ORDER_FOOD 154, 7, 2;
EXEC dbo.INSERT_ORDER_FOOD 159, 8, 5;
EXEC dbo.INSERT_ORDER_FOOD 345, 8, 1;
EXEC dbo.INSERT_ORDER_FOOD 146, 8, 5;
EXEC dbo.INSERT_ORDER_FOOD 344, 8, 1;
EXEC dbo.INSERT_ORDER_FOOD 344, 8, 5;
EXEC dbo.INSERT_ORDER_FOOD 149, 8, 5;
EXEC dbo.INSERT_ORDER_FOOD 147, 8, 2;
EXEC dbo.INSERT_ORDER_FOOD 324, 8, 1;
EXEC dbo.INSERT_ORDER_FOOD 345, 8, 4;
EXEC dbo.INSERT_ORDER_FOOD 149, 9, 4;
EXEC dbo.INSERT_ORDER_FOOD 281, 9, 5;
EXEC dbo.INSERT_ORDER_FOOD 542, 9, 4;
EXEC dbo.INSERT_ORDER_FOOD 247, 9, 5;
EXEC dbo.INSERT_ORDER_FOOD 501, 9, 5;
EXEC dbo.INSERT_ORDER_FOOD 3, 9, 3;
EXEC dbo.INSERT_ORDER_FOOD 229, 10, 2;
EXEC dbo.INSERT_ORDER_FOOD 108, 10, 2;
EXEC dbo.INSERT_ORDER_FOOD 503, 10, 5;
EXEC dbo.INSERT_ORDER_FOOD 542, 10, 1;
EXEC dbo.INSERT_ORDER_FOOD 272, 10, 5;
EXEC dbo.INSERT_ORDER_FOOD 23, 10, 3;
EXEC dbo.INSERT_ORDER_FOOD 281, 11, 4;
EXEC dbo.INSERT_ORDER_FOOD 272, 11, 1;
EXEC dbo.INSERT_ORDER_FOOD 324, 11, 1;
EXEC dbo.INSERT_ORDER_FOOD 342, 11, 5;
EXEC dbo.INSERT_ORDER_FOOD 310, 11, 5;
EXEC dbo.INSERT_ORDER_FOOD 294, 11, 4;
EXEC dbo.INSERT_ORDER_FOOD 130, 11, 2;
EXEC dbo.INSERT_ORDER_FOOD 542, 11, 5;
EXEC dbo.INSERT_ORDER_FOOD 61, 12, 4;
EXEC dbo.INSERT_ORDER_FOOD 272, 12, 5;
EXEC dbo.INSERT_ORDER_FOOD 282, 13, 3;
EXEC dbo.INSERT_ORDER_FOOD 149, 13, 2;
EXEC dbo.INSERT_ORDER_FOOD 61, 13, 3;
EXEC dbo.INSERT_ORDER_FOOD 130, 13, 5;
EXEC dbo.INSERT_ORDER_FOOD 247, 13, 3;
EXEC dbo.INSERT_ORDER_FOOD 491, 14, 5;
EXEC dbo.INSERT_ORDER_FOOD 310, 14, 3;
EXEC dbo.INSERT_ORDER_FOOD 594, 14, 2;
EXEC dbo.INSERT_ORDER_FOOD 155, 14, 2;
EXEC dbo.INSERT_ORDER_FOOD 426, 15, 2;
EXEC dbo.INSERT_ORDER_FOOD 146, 15, 2;
EXEC dbo.INSERT_ORDER_FOOD 501, 15, 3;
EXEC dbo.INSERT_ORDER_FOOD 541, 15, 1;
EXEC dbo.INSERT_ORDER_FOOD 247, 15, 5;
EXEC dbo.INSERT_ORDER_FOOD 3, 15, 3;
EXEC dbo.INSERT_ORDER_FOOD 282, 15, 3;
EXEC dbo.INSERT_ORDER_FOOD 342, 16, 5;
EXEC dbo.INSERT_ORDER_FOOD 247, 17, 5;
EXEC dbo.INSERT_ORDER_FOOD 486, 17, 2;
EXEC dbo.INSERT_ORDER_FOOD 263, 17, 2;
EXEC dbo.INSERT_ORDER_FOOD 310, 17, 1;
EXEC dbo.INSERT_ORDER_FOOD 501, 17, 4;
EXEC dbo.INSERT_ORDER_FOOD 491, 18, 1;
EXEC dbo.INSERT_ORDER_FOOD 247, 18, 3;
EXEC dbo.INSERT_ORDER_FOOD 146, 18, 1;
EXEC dbo.INSERT_ORDER_FOOD 324, 18, 4;
EXEC dbo.INSERT_ORDER_FOOD 447, 18, 1;
EXEC dbo.INSERT_ORDER_FOOD 23, 19, 4;
EXEC dbo.INSERT_ORDER_FOOD 246, 19, 4;
EXEC dbo.INSERT_ORDER_FOOD 342, 20, 5;
EXEC dbo.INSERT_ORDER_FOOD 61, 20, 5;
EXEC dbo.INSERT_ORDER_FOOD 344, 20, 2;
EXEC dbo.INSERT_ORDER_FOOD 203, 20, 2;
EXEC dbo.INSERT_ORDER_FOOD 345, 20, 1;
EXEC dbo.INSERT_ORDER_FOOD 229, 20, 3;
EXEC dbo.INSERT_ORDER_FOOD 263, 20, 3;
EXEC dbo.INSERT_ORDER_FOOD 229, 21, 4;
EXEC dbo.INSERT_ORDER_FOOD 83, 22, 3;
EXEC dbo.INSERT_ORDER_FOOD 547, 22, 1;
EXEC dbo.INSERT_ORDER_FOOD 562, 22, 3;
EXEC dbo.INSERT_ORDER_FOOD 447, 22, 4;
EXEC dbo.INSERT_ORDER_FOOD 3, 22, 3;
EXEC dbo.INSERT_ORDER_FOOD 61, 23, 4;
EXEC dbo.INSERT_ORDER_FOOD 443, 23, 2;
EXEC dbo.INSERT_ORDER_FOOD 447, 23, 3;
EXEC dbo.INSERT_ORDER_FOOD 324, 23, 5;
EXEC dbo.INSERT_ORDER_FOOD 149, 23, 3;
EXEC dbo.INSERT_ORDER_FOOD 281, 23, 2;
EXEC dbo.INSERT_ORDER_FOOD 343, 23, 4;
EXEC dbo.INSERT_ORDER_FOOD 159, 23, 1;
EXEC dbo.INSERT_ORDER_FOOD 547, 24, 4;
EXEC dbo.INSERT_ORDER_FOOD 501, 24, 1;
EXEC dbo.INSERT_ORDER_FOOD 130, 24, 4;
EXEC dbo.INSERT_ORDER_FOOD 282, 24, 5;
EXEC dbo.INSERT_ORDER_FOOD 491, 24, 5;
EXEC dbo.INSERT_ORDER_FOOD 281, 24, 4;
EXEC dbo.INSERT_ORDER_FOOD 61, 24, 5;
EXEC dbo.INSERT_ORDER_FOOD 439, 24, 1;
EXEC dbo.INSERT_ORDER_FOOD 443, 24, 2;
EXEC dbo.INSERT_ORDER_FOOD 23, 24, 3;
EXEC dbo.INSERT_ORDER_FOOD 310, 25, 5;
EXEC dbo.INSERT_ORDER_FOOD 343, 25, 4;
EXEC dbo.INSERT_ORDER_FOOD 310, 26, 4;
EXEC dbo.INSERT_ORDER_FOOD 61, 26, 4;
EXEC dbo.INSERT_ORDER_FOOD 263, 26, 1;
EXEC dbo.INSERT_ORDER_FOOD 272, 26, 1;
EXEC dbo.INSERT_ORDER_FOOD 159, 26, 1;
EXEC dbo.INSERT_ORDER_FOOD 562, 26, 2;
EXEC dbo.INSERT_ORDER_FOOD 491, 26, 3;
EXEC dbo.INSERT_ORDER_FOOD 447, 27, 1;
EXEC dbo.INSERT_ORDER_FOOD 83, 27, 4;
EXEC dbo.INSERT_ORDER_FOOD 294, 27, 3;
EXEC dbo.INSERT_ORDER_FOOD 130, 27, 5;
EXEC dbo.INSERT_ORDER_FOOD 426, 27, 5;
EXEC dbo.INSERT_ORDER_FOOD 503, 27, 4;
EXEC dbo.INSERT_ORDER_FOOD 344, 27, 4;
EXEC dbo.INSERT_ORDER_FOOD 426, 27, 4;
EXEC dbo.INSERT_ORDER_FOOD 344, 27, 2;
EXEC dbo.INSERT_ORDER_FOOD 294, 27, 4;
EXEC dbo.INSERT_ORDER_FOOD 282, 28, 3;
EXEC dbo.INSERT_ORDER_FOOD 136, 28, 2;
EXEC dbo.INSERT_ORDER_FOOD 594, 28, 3;
EXEC dbo.INSERT_ORDER_FOOD 3, 28, 1;
EXEC dbo.INSERT_ORDER_FOOD 486, 28, 1;
EXEC dbo.INSERT_ORDER_FOOD 146, 28, 1;
EXEC dbo.INSERT_ORDER_FOOD 503, 28, 5;
EXEC dbo.INSERT_ORDER_FOOD 263, 28, 5;
EXEC dbo.INSERT_ORDER_FOOD 547, 29, 3;
EXEC dbo.INSERT_ORDER_FOOD 547, 29, 3;
EXEC dbo.INSERT_ORDER_FOOD 147, 29, 2;
EXEC dbo.INSERT_ORDER_FOOD 439, 29, 4;
EXEC dbo.INSERT_ORDER_FOOD 136, 29, 3;
EXEC dbo.INSERT_ORDER_FOOD 310, 29, 3;
EXEC dbo.INSERT_ORDER_FOOD 282, 29, 1;
EXEC dbo.INSERT_ORDER_FOOD 281, 29, 3;
EXEC dbo.INSERT_ORDER_FOOD 542, 29, 2;
EXEC dbo.INSERT_ORDER_FOOD 147, 30, 4;
EXEC dbo.INSERT_ORDER_FOOD 503, 31, 4;
EXEC dbo.INSERT_ORDER_FOOD 229, 31, 2;
EXEC dbo.INSERT_ORDER_FOOD 342, 31, 5;
EXEC dbo.INSERT_ORDER_FOOD 486, 31, 1;
EXEC dbo.INSERT_ORDER_FOOD 263, 31, 5;
EXEC dbo.INSERT_ORDER_FOOD 547, 31, 5;
EXEC dbo.INSERT_ORDER_FOOD 159, 31, 2;
EXEC dbo.INSERT_ORDER_FOOD 562, 31, 2;
EXEC dbo.INSERT_ORDER_FOOD 343, 31, 3;
EXEC dbo.INSERT_ORDER_FOOD 310, 32, 3;
EXEC dbo.INSERT_ORDER_FOOD 272, 32, 4;
EXEC dbo.INSERT_ORDER_FOOD 562, 32, 3;
EXEC dbo.INSERT_ORDER_FOOD 594, 32, 4;
EXEC dbo.INSERT_ORDER_FOOD 501, 32, 3;
EXEC dbo.INSERT_ORDER_FOOD 342, 32, 5;
EXEC dbo.INSERT_ORDER_FOOD 108, 32, 3;
EXEC dbo.INSERT_ORDER_FOOD 439, 32, 2;
EXEC dbo.INSERT_ORDER_FOOD 154, 33, 5;
EXEC dbo.INSERT_ORDER_FOOD 108, 33, 2;
EXEC dbo.INSERT_ORDER_FOOD 345, 33, 1;
EXEC dbo.INSERT_ORDER_FOOD 263, 33, 4;
EXEC dbo.INSERT_ORDER_FOOD 594, 33, 3;
EXEC dbo.INSERT_ORDER_FOOD 345, 33, 5;
EXEC dbo.INSERT_ORDER_FOOD 281, 33, 4;
EXEC dbo.INSERT_ORDER_FOOD 149, 34, 1;
EXEC dbo.INSERT_ORDER_FOOD 247, 34, 3;
EXEC dbo.INSERT_ORDER_FOOD 521, 34, 5;
EXEC dbo.INSERT_ORDER_FOOD 282, 35, 3;
EXEC dbo.INSERT_ORDER_FOOD 136, 35, 1;
EXEC dbo.INSERT_ORDER_FOOD 263, 35, 2;
EXEC dbo.INSERT_ORDER_FOOD 154, 35, 3;
EXEC dbo.INSERT_ORDER_FOOD 294, 35, 4;
EXEC dbo.INSERT_ORDER_FOOD 324, 35, 4;
EXEC dbo.INSERT_ORDER_FOOD 345, 35, 1;
EXEC dbo.INSERT_ORDER_FOOD 324, 35, 2;
EXEC dbo.INSERT_ORDER_FOOD 229, 36, 2;
EXEC dbo.INSERT_ORDER_FOOD 263, 36, 3;
EXEC dbo.INSERT_ORDER_FOOD 486, 36, 4;
EXEC dbo.INSERT_ORDER_FOOD 282, 36, 5;
EXEC dbo.INSERT_ORDER_FOOD 547, 36, 2;
EXEC dbo.INSERT_ORDER_FOOD 439, 36, 1;
EXEC dbo.INSERT_ORDER_FOOD 594, 37, 3;
EXEC dbo.INSERT_ORDER_FOOD 203, 38, 5;
EXEC dbo.INSERT_ORDER_FOOD 130, 39, 4;
EXEC dbo.INSERT_ORDER_FOOD 281, 39, 4;
EXEC dbo.INSERT_ORDER_FOOD 294, 39, 2;
EXEC dbo.INSERT_ORDER_FOOD 344, 39, 5;
EXEC dbo.INSERT_ORDER_FOOD 501, 40, 5;
EXEC dbo.INSERT_ORDER_FOOD 282, 40, 2;
EXEC dbo.INSERT_ORDER_FOOD 345, 40, 4;
EXEC dbo.INSERT_ORDER_FOOD 542, 40, 4;
EXEC dbo.INSERT_ORDER_FOOD 547, 40, 4;
EXEC dbo.INSERT_ORDER_FOOD 443, 40, 2;
EXEC dbo.INSERT_ORDER_FOOD 263, 40, 4;
EXEC dbo.INSERT_ORDER_FOOD 533, 1, 1;
EXEC dbo.INSERT_ORDER_FOOD 131, 1, 3;
EXEC dbo.INSERT_ORDER_FOOD 24, 1, 5;
EXEC dbo.INSERT_ORDER_FOOD 323, 1, 4;
EXEC dbo.INSERT_ORDER_FOOD 36, 1, 1;
EXEC dbo.INSERT_ORDER_FOOD 321, 1, 2;
EXEC dbo.INSERT_ORDER_FOOD 196, 1, 2;
EXEC dbo.INSERT_ORDER_FOOD 583, 1, 2;
EXEC dbo.INSERT_ORDER_FOOD 131, 1, 1;
EXEC dbo.INSERT_ORDER_FOOD 533, 1, 1;
EXEC dbo.INSERT_ORDER_FOOD 312, 2, 1;
EXEC dbo.INSERT_ORDER_FOOD 442, 2, 4;
EXEC dbo.INSERT_ORDER_FOOD 36, 2, 4;
EXEC dbo.INSERT_ORDER_FOOD 442, 2, 1;
EXEC dbo.INSERT_ORDER_FOOD 101, 2, 5;
EXEC dbo.INSERT_ORDER_FOOD 543, 3, 3;
EXEC dbo.INSERT_ORDER_FOOD 43, 3, 1;
EXEC dbo.INSERT_ORDER_FOOD 415, 3, 1;
EXEC dbo.INSERT_ORDER_FOOD 533, 3, 3;
EXEC dbo.INSERT_ORDER_FOOD 356, 3, 4;
EXEC dbo.INSERT_ORDER_FOOD 161, 3, 5;
EXEC dbo.INSERT_ORDER_FOOD 451, 3, 2;
EXEC dbo.INSERT_ORDER_FOOD 356, 4, 2;
EXEC dbo.INSERT_ORDER_FOOD 567, 4, 3;
EXEC dbo.INSERT_ORDER_FOOD 145, 4, 4;
EXEC dbo.INSERT_ORDER_FOOD 321, 5, 4;
EXEC dbo.INSERT_ORDER_FOOD 442, 5, 4;
EXEC dbo.INSERT_ORDER_FOOD 81, 5, 5;
EXEC dbo.INSERT_ORDER_FOOD 464, 5, 5;
EXEC dbo.INSERT_ORDER_FOOD 287, 5, 5;
EXEC dbo.INSERT_ORDER_FOOD 442, 6, 1;
EXEC dbo.INSERT_ORDER_FOOD 11, 6, 3;
EXEC dbo.INSERT_ORDER_FOOD 145, 6, 4;
EXEC dbo.INSERT_ORDER_FOOD 62, 6, 4;
EXEC dbo.INSERT_ORDER_FOOD 196, 6, 3;
EXEC dbo.INSERT_ORDER_FOOD 36, 6, 5;
EXEC dbo.INSERT_ORDER_FOOD 323, 6, 1;
EXEC dbo.INSERT_ORDER_FOOD 543, 6, 5;
EXEC dbo.INSERT_ORDER_FOOD 303, 6, 3;
EXEC dbo.INSERT_ORDER_FOOD 451, 7, 3;
EXEC dbo.INSERT_ORDER_FOOD 451, 7, 1;
EXEC dbo.INSERT_ORDER_FOOD 464, 7, 4;
EXEC dbo.INSERT_ORDER_FOOD 442, 7, 5;
EXEC dbo.INSERT_ORDER_FOOD 19, 7, 1;
EXEC dbo.INSERT_ORDER_FOOD 251, 8, 1;
EXEC dbo.INSERT_ORDER_FOOD 376, 8, 1;
EXEC dbo.INSERT_ORDER_FOOD 223, 8, 3;
EXEC dbo.INSERT_ORDER_FOOD 179, 8, 3;
EXEC dbo.INSERT_ORDER_FOOD 543, 8, 1;
EXEC dbo.INSERT_ORDER_FOOD 287, 8, 2;
EXEC dbo.INSERT_ORDER_FOOD 62, 8, 5;
EXEC dbo.INSERT_ORDER_FOOD 101, 8, 4;
EXEC dbo.INSERT_ORDER_FOOD 468, 8, 3;
EXEC dbo.INSERT_ORDER_FOOD 43, 9, 5;
EXEC dbo.INSERT_ORDER_FOOD 196, 9, 5;
EXEC dbo.INSERT_ORDER_FOOD 323, 10, 5;
EXEC dbo.INSERT_ORDER_FOOD 251, 11, 4;
EXEC dbo.INSERT_ORDER_FOOD 24, 11, 4;
EXEC dbo.INSERT_ORDER_FOOD 94, 11, 2;
EXEC dbo.INSERT_ORDER_FOOD 196, 11, 2;
EXEC dbo.INSERT_ORDER_FOOD 543, 11, 2;
EXEC dbo.INSERT_ORDER_FOOD 36, 11, 3;
EXEC dbo.INSERT_ORDER_FOOD 464, 11, 4;
EXEC dbo.INSERT_ORDER_FOOD 151, 11, 1;
EXEC dbo.INSERT_ORDER_FOOD 415, 11, 2;
EXEC dbo.INSERT_ORDER_FOOD 296, 12, 3;
EXEC dbo.INSERT_ORDER_FOOD 179, 12, 5;
EXEC dbo.INSERT_ORDER_FOOD 356, 12, 5;
EXEC dbo.INSERT_ORDER_FOOD 408, 13, 3;
EXEC dbo.INSERT_ORDER_FOOD 415, 13, 2;
EXEC dbo.INSERT_ORDER_FOOD 376, 13, 2;
EXEC dbo.INSERT_ORDER_FOOD 43, 13, 3;
EXEC dbo.INSERT_ORDER_FOOD 567, 13, 2;
EXEC dbo.INSERT_ORDER_FOOD 11, 13, 4;
EXEC dbo.INSERT_ORDER_FOOD 43, 14, 5;
EXEC dbo.INSERT_ORDER_FOOD 94, 14, 5;
EXEC dbo.INSERT_ORDER_FOOD 323, 14, 4;
EXEC dbo.INSERT_ORDER_FOOD 223, 14, 3;
EXEC dbo.INSERT_ORDER_FOOD 415, 14, 5;
EXEC dbo.INSERT_ORDER_FOOD 161, 15, 4;
EXEC dbo.INSERT_ORDER_FOOD 592, 15, 1;
EXEC dbo.INSERT_ORDER_FOOD 468, 15, 5;
EXEC dbo.INSERT_ORDER_FOOD 323, 15, 5;
EXEC dbo.INSERT_ORDER_FOOD 303, 15, 3;
EXEC dbo.INSERT_ORDER_FOOD 196, 15, 1;
EXEC dbo.INSERT_ORDER_FOOD 196, 16, 4;
EXEC dbo.INSERT_ORDER_FOOD 62, 16, 4;
EXEC dbo.INSERT_ORDER_FOOD 81, 16, 4;
EXEC dbo.INSERT_ORDER_FOOD 101, 16, 2;
EXEC dbo.INSERT_ORDER_FOOD 323, 16, 2;
EXEC dbo.INSERT_ORDER_FOOD 145, 16, 2;
EXEC dbo.INSERT_ORDER_FOOD 451, 17, 5;
EXEC dbo.INSERT_ORDER_FOOD 408, 18, 3;
EXEC dbo.INSERT_ORDER_FOOD 567, 18, 4;
EXEC dbo.INSERT_ORDER_FOOD 131, 18, 4;
EXEC dbo.INSERT_ORDER_FOOD 303, 18, 2;
EXEC dbo.INSERT_ORDER_FOOD 418, 18, 5;
EXEC dbo.INSERT_ORDER_FOOD 196, 18, 4;
EXEC dbo.INSERT_ORDER_FOOD 131, 19, 3;
EXEC dbo.INSERT_ORDER_FOOD 468, 19, 1;
EXEC dbo.INSERT_ORDER_FOOD 451, 19, 3;
EXEC dbo.INSERT_ORDER_FOOD 468, 19, 1;
EXEC dbo.INSERT_ORDER_FOOD 145, 19, 3;
EXEC dbo.INSERT_ORDER_FOOD 36, 19, 1;
EXEC dbo.INSERT_ORDER_FOOD 376, 19, 1;
EXEC dbo.INSERT_ORDER_FOOD 223, 19, 4;
EXEC dbo.INSERT_ORDER_FOOD 287, 19, 3;
EXEC dbo.INSERT_ORDER_FOOD 43, 20, 4;
EXEC dbo.INSERT_ORDER_FOOD 408, 20, 2;
EXEC dbo.INSERT_ORDER_FOOD 36, 20, 2;
EXEC dbo.INSERT_ORDER_FOOD 179, 20, 3;
EXEC dbo.INSERT_ORDER_FOOD 533, 20, 4;
EXEC dbo.INSERT_ORDER_FOOD 131, 20, 5;
EXEC dbo.INSERT_ORDER_FOOD 418, 20, 1;
EXEC dbo.INSERT_ORDER_FOOD 583, 21, 2;
EXEC dbo.INSERT_ORDER_FOOD 43, 21, 1;
EXEC dbo.INSERT_ORDER_FOOD 451, 21, 5;
EXEC dbo.INSERT_ORDER_FOOD 81, 21, 1;
EXEC dbo.INSERT_ORDER_FOOD 19, 21, 5;
EXEC dbo.INSERT_ORDER_FOOD 161, 21, 2;
EXEC dbo.INSERT_ORDER_FOOD 592, 21, 1;
EXEC dbo.INSERT_ORDER_FOOD 451, 21, 2;
EXEC dbo.INSERT_ORDER_FOOD 442, 22, 2;
EXEC dbo.INSERT_ORDER_FOOD 223, 22, 5;
EXEC dbo.INSERT_ORDER_FOOD 251, 23, 4;
EXEC dbo.INSERT_ORDER_FOOD 359, 23, 2;
EXEC dbo.INSERT_ORDER_FOOD 303, 23, 1;
EXEC dbo.INSERT_ORDER_FOOD 583, 24, 5;
EXEC dbo.INSERT_ORDER_FOOD 296, 24, 1;
EXEC dbo.INSERT_ORDER_FOOD 223, 24, 3;
EXEC dbo.INSERT_ORDER_FOOD 145, 24, 3;
EXEC dbo.INSERT_ORDER_FOOD 296, 24, 5;
EXEC dbo.INSERT_ORDER_FOOD 225, 24, 4;
EXEC dbo.INSERT_ORDER_FOOD 533, 24, 3;
EXEC dbo.INSERT_ORDER_FOOD 312, 25, 3;
EXEC dbo.INSERT_ORDER_FOOD 323, 25, 5;
EXEC dbo.INSERT_ORDER_FOOD 418, 25, 2;
EXEC dbo.INSERT_ORDER_FOOD 468, 25, 2;
EXEC dbo.INSERT_ORDER_FOOD 62, 25, 1;
EXEC dbo.INSERT_ORDER_FOOD 225, 25, 5;
EXEC dbo.INSERT_ORDER_FOOD 145, 25, 4;
EXEC dbo.INSERT_ORDER_FOOD 321, 25, 5;
EXEC dbo.INSERT_ORDER_FOOD 19, 25, 2;
EXEC dbo.INSERT_ORDER_FOOD 62, 25, 2;
EXEC dbo.INSERT_ORDER_FOOD 101, 26, 5;
EXEC dbo.INSERT_ORDER_FOOD 359, 26, 5;
EXEC dbo.INSERT_ORDER_FOOD 359, 26, 3;
EXEC dbo.INSERT_ORDER_FOOD 468, 26, 2;
EXEC dbo.INSERT_ORDER_FOOD 359, 26, 3;
EXEC dbo.INSERT_ORDER_FOOD 94, 26, 1;
EXEC dbo.INSERT_ORDER_FOOD 296, 26, 2;
EXEC dbo.INSERT_ORDER_FOOD 563, 26, 5;
EXEC dbo.INSERT_ORDER_FOOD 563, 26, 1;
EXEC dbo.INSERT_ORDER_FOOD 62, 26, 3;
EXEC dbo.INSERT_ORDER_FOOD 464, 27, 3;
EXEC dbo.INSERT_ORDER_FOOD 36, 28, 1;
EXEC dbo.INSERT_ORDER_FOOD 418, 28, 1;
EXEC dbo.INSERT_ORDER_FOOD 323, 28, 5;
EXEC dbo.INSERT_ORDER_FOOD 567, 29, 3;
EXEC dbo.INSERT_ORDER_FOOD 303, 29, 5;
EXEC dbo.INSERT_ORDER_FOOD 36, 29, 5;
EXEC dbo.INSERT_ORDER_FOOD 225, 29, 3;
EXEC dbo.INSERT_ORDER_FOOD 145, 29, 5;
EXEC dbo.INSERT_ORDER_FOOD 43, 29, 1;
EXEC dbo.INSERT_ORDER_FOOD 312, 29, 4;
EXEC dbo.INSERT_ORDER_FOOD 62, 30, 4;
EXEC dbo.INSERT_ORDER_FOOD 563, 30, 3;
EXEC dbo.INSERT_ORDER_FOOD 451, 30, 4;
EXEC dbo.INSERT_ORDER_FOOD 36, 30, 5;
EXEC dbo.INSERT_ORDER_FOOD 145, 30, 2;
EXEC dbo.INSERT_ORDER_FOOD 131, 30, 4;
EXEC dbo.INSERT_ORDER_FOOD 415, 31, 5;
EXEC dbo.INSERT_ORDER_FOOD 312, 31, 4;
EXEC dbo.INSERT_ORDER_FOOD 312, 31, 5;
EXEC dbo.INSERT_ORDER_FOOD 583, 31, 5;
EXEC dbo.INSERT_ORDER_FOOD 131, 32, 1;
EXEC dbo.INSERT_ORDER_FOOD 356, 33, 2;
EXEC dbo.INSERT_ORDER_FOOD 151, 33, 2;
EXEC dbo.INSERT_ORDER_FOOD 464, 33, 2;
EXEC dbo.INSERT_ORDER_FOOD 451, 33, 3;
EXEC dbo.INSERT_ORDER_FOOD 287, 33, 2;
EXEC dbo.INSERT_ORDER_FOOD 323, 34, 5;
EXEC dbo.INSERT_ORDER_FOOD 312, 34, 2;
EXEC dbo.INSERT_ORDER_FOOD 533, 34, 4;
EXEC dbo.INSERT_ORDER_FOOD 101, 34, 5;
EXEC dbo.INSERT_ORDER_FOOD 468, 34, 5;
EXEC dbo.INSERT_ORDER_FOOD 543, 34, 5;
EXEC dbo.INSERT_ORDER_FOOD 359, 35, 5;
EXEC dbo.INSERT_ORDER_FOOD 151, 35, 3;
EXEC dbo.INSERT_ORDER_FOOD 451, 35, 4;
EXEC dbo.INSERT_ORDER_FOOD 62, 35, 3;
EXEC dbo.INSERT_ORDER_FOOD 76, 35, 2;
EXEC dbo.INSERT_ORDER_FOOD 303, 35, 2;
EXEC dbo.INSERT_ORDER_FOOD 533, 35, 4;
EXEC dbo.INSERT_ORDER_FOOD 312, 35, 4;
EXEC dbo.INSERT_ORDER_FOOD 464, 35, 4;
EXEC dbo.INSERT_ORDER_FOOD 76, 36, 2;
EXEC dbo.INSERT_ORDER_FOOD 592, 36, 4;
EXEC dbo.INSERT_ORDER_FOOD 196, 36, 4;
EXEC dbo.INSERT_ORDER_FOOD 321, 36, 4;
EXEC dbo.INSERT_ORDER_FOOD 359, 36, 2;
EXEC dbo.INSERT_ORDER_FOOD 408, 36, 4;
EXEC dbo.INSERT_ORDER_FOOD 563, 37, 5;
EXEC dbo.INSERT_ORDER_FOOD 583, 37, 2;
EXEC dbo.INSERT_ORDER_FOOD 101, 37, 3;
EXEC dbo.INSERT_ORDER_FOOD 376, 37, 5;
EXEC dbo.INSERT_ORDER_FOOD 567, 37, 2;
EXEC dbo.INSERT_ORDER_FOOD 43, 37, 5;
EXEC dbo.INSERT_ORDER_FOOD 223, 37, 3;
EXEC dbo.INSERT_ORDER_FOOD 179, 37, 4;
EXEC dbo.INSERT_ORDER_FOOD 451, 37, 2;
EXEC dbo.INSERT_ORDER_FOOD 312, 38, 3;
EXEC dbo.INSERT_ORDER_FOOD 43, 38, 3;
EXEC dbo.INSERT_ORDER_FOOD 312, 38, 3;
EXEC dbo.INSERT_ORDER_FOOD 563, 38, 4;
EXEC dbo.INSERT_ORDER_FOOD 223, 38, 3;
EXEC dbo.INSERT_ORDER_FOOD 36, 38, 2;
EXEC dbo.INSERT_ORDER_FOOD 81, 38, 3;
EXEC dbo.INSERT_ORDER_FOOD 303, 38, 2;
EXEC dbo.INSERT_ORDER_FOOD 161, 38, 2;
EXEC dbo.INSERT_ORDER_FOOD 145, 38, 1;
EXEC dbo.INSERT_ORDER_FOOD 356, 39, 2;
EXEC dbo.INSERT_ORDER_FOOD 11, 39, 1;
EXEC dbo.INSERT_ORDER_FOOD 81, 39, 5;
EXEC dbo.INSERT_ORDER_FOOD 196, 39, 4;
EXEC dbo.INSERT_ORDER_FOOD 442, 39, 5;
EXEC dbo.INSERT_ORDER_FOOD 563, 39, 5;
EXEC dbo.INSERT_ORDER_FOOD 451, 39, 2;
EXEC dbo.INSERT_ORDER_FOOD 161, 40, 5;
EXEC dbo.INSERT_ORDER_FOOD 567, 40, 3;
EXEC dbo.INSERT_ORDER_FOOD 451, 40, 4;
EXEC dbo.INSERT_ORDER_FOOD 62, 40, 3;
EXEC dbo.INSERT_ORDER_FOOD 24, 40, 1;
EXEC dbo.INSERT_ORDER_FOOD 161, 40, 4;
EXEC dbo.INSERT_ORDER_FOOD 161, 40, 3;
EXEC dbo.INSERT_ORDER_FOOD 225, 40, 2;
EXEC dbo.INSERT_ORDER_FOOD 563, 40, 5;
EXEC dbo.INSERT_ORDER_FOOD 157, 1, 1;
EXEC dbo.INSERT_ORDER_FOOD 233, 1, 1;
EXEC dbo.INSERT_ORDER_FOOD 66, 1, 3;
EXEC dbo.INSERT_ORDER_FOOD 569, 1, 3;
EXEC dbo.INSERT_ORDER_FOOD 506, 1, 4;
EXEC dbo.INSERT_ORDER_FOOD 126, 1, 3;
EXEC dbo.INSERT_ORDER_FOOD 186, 1, 5;
EXEC dbo.INSERT_ORDER_FOOD 226, 1, 3;
EXEC dbo.INSERT_ORDER_FOOD 552, 2, 2;
EXEC dbo.INSERT_ORDER_FOOD 124, 2, 1;
EXEC dbo.INSERT_ORDER_FOOD 260, 2, 2;
EXEC dbo.INSERT_ORDER_FOOD 38, 2, 3;
EXEC dbo.INSERT_ORDER_FOOD 481, 2, 2;
EXEC dbo.INSERT_ORDER_FOOD 445, 2, 5;
EXEC dbo.INSERT_ORDER_FOOD 66, 2, 5;
EXEC dbo.INSERT_ORDER_FOOD 126, 2, 3;
EXEC dbo.INSERT_ORDER_FOOD 56, 2, 3;
EXEC dbo.INSERT_ORDER_FOOD 126, 3, 2;
EXEC dbo.INSERT_ORDER_FOOD 392, 3, 1;
EXEC dbo.INSERT_ORDER_FOOD 569, 4, 3;
EXEC dbo.INSERT_ORDER_FOOD 1, 4, 4;
EXEC dbo.INSERT_ORDER_FOOD 66, 4, 2;
EXEC dbo.INSERT_ORDER_FOOD 106, 4, 1;
EXEC dbo.INSERT_ORDER_FOOD 106, 5, 4;
EXEC dbo.INSERT_ORDER_FOOD 481, 5, 2;
EXEC dbo.INSERT_ORDER_FOOD 1, 5, 1;
EXEC dbo.INSERT_ORDER_FOOD 204, 5, 4;
EXEC dbo.INSERT_ORDER_FOOD 506, 5, 5;
EXEC dbo.INSERT_ORDER_FOOD 460, 5, 2;
EXEC dbo.INSERT_ORDER_FOOD 532, 5, 4;
EXEC dbo.INSERT_ORDER_FOOD 52, 6, 5;
EXEC dbo.INSERT_ORDER_FOOD 206, 6, 3;
EXEC dbo.INSERT_ORDER_FOOD 204, 6, 3;
EXEC dbo.INSERT_ORDER_FOOD 569, 6, 4;
EXEC dbo.INSERT_ORDER_FOOD 374, 6, 4;
EXEC dbo.INSERT_ORDER_FOOD 52, 6, 3;
EXEC dbo.INSERT_ORDER_FOOD 38, 6, 2;
EXEC dbo.INSERT_ORDER_FOOD 506, 7, 4;
EXEC dbo.INSERT_ORDER_FOOD 186, 7, 2;
EXEC dbo.INSERT_ORDER_FOOD 431, 8, 4;
EXEC dbo.INSERT_ORDER_FOOD 38, 8, 4;
EXEC dbo.INSERT_ORDER_FOOD 431, 8, 2;
EXEC dbo.INSERT_ORDER_FOOD 532, 8, 5;
EXEC dbo.INSERT_ORDER_FOOD 456, 8, 2;
EXEC dbo.INSERT_ORDER_FOOD 206, 8, 2;
EXEC dbo.INSERT_ORDER_FOOD 180, 9, 2;
EXEC dbo.INSERT_ORDER_FOOD 260, 9, 4;
EXEC dbo.INSERT_ORDER_FOOD 157, 9, 2;
EXEC dbo.INSERT_ORDER_FOOD 460, 9, 4;
EXEC dbo.INSERT_ORDER_FOOD 52, 10, 1;
EXEC dbo.INSERT_ORDER_FOOD 52, 10, 2;
EXEC dbo.INSERT_ORDER_FOOD 456, 10, 4;
EXEC dbo.INSERT_ORDER_FOOD 38, 10, 5;
EXEC dbo.INSERT_ORDER_FOOD 186, 10, 3;
EXEC dbo.INSERT_ORDER_FOOD 530, 10, 1;
EXEC dbo.INSERT_ORDER_FOOD 392, 10, 2;
EXEC dbo.INSERT_ORDER_FOOD 186, 10, 5;
EXEC dbo.INSERT_ORDER_FOOD 126, 10, 3;
EXEC dbo.INSERT_ORDER_FOOD 444, 11, 2;
EXEC dbo.INSERT_ORDER_FOOD 226, 11, 4;
EXEC dbo.INSERT_ORDER_FOOD 200, 11, 3;
EXEC dbo.INSERT_ORDER_FOOD 445, 11, 2;
EXEC dbo.INSERT_ORDER_FOOD 569, 11, 4;
EXEC dbo.INSERT_ORDER_FOOD 392, 11, 3;
EXEC dbo.INSERT_ORDER_FOOD 569, 11, 5;
EXEC dbo.INSERT_ORDER_FOOD 532, 11, 1;
EXEC dbo.INSERT_ORDER_FOOD 506, 11, 2;
EXEC dbo.INSERT_ORDER_FOOD 532, 11, 5;
EXEC dbo.INSERT_ORDER_FOOD 206, 12, 1;
EXEC dbo.INSERT_ORDER_FOOD 532, 12, 3;
EXEC dbo.INSERT_ORDER_FOOD 213, 12, 2;
EXEC dbo.INSERT_ORDER_FOOD 1, 12, 3;
EXEC dbo.INSERT_ORDER_FOOD 66, 13, 2;
EXEC dbo.INSERT_ORDER_FOOD 374, 13, 3;
EXEC dbo.INSERT_ORDER_FOOD 124, 13, 4;
EXEC dbo.INSERT_ORDER_FOOD 460, 13, 2;
EXEC dbo.INSERT_ORDER_FOOD 200, 13, 5;
EXEC dbo.INSERT_ORDER_FOOD 233, 13, 2;
EXEC dbo.INSERT_ORDER_FOOD 506, 13, 5;
EXEC dbo.INSERT_ORDER_FOOD 52, 14, 2;
EXEC dbo.INSERT_ORDER_FOOD 66, 14, 5;
EXEC dbo.INSERT_ORDER_FOOD 379, 14, 1;
EXEC dbo.INSERT_ORDER_FOOD 126, 14, 5;
EXEC dbo.INSERT_ORDER_FOOD 106, 14, 5;
EXEC dbo.INSERT_ORDER_FOOD 52, 15, 5;
EXEC dbo.INSERT_ORDER_FOOD 38, 15, 5;
EXEC dbo.INSERT_ORDER_FOOD 66, 15, 3;
EXEC dbo.INSERT_ORDER_FOOD 157, 15, 4;
EXEC dbo.INSERT_ORDER_FOOD 56, 15, 1;
EXEC dbo.INSERT_ORDER_FOOD 186, 15, 5;
EXEC dbo.INSERT_ORDER_FOOD 431, 15, 2;
EXEC dbo.INSERT_ORDER_FOOD 213, 15, 4;
EXEC dbo.INSERT_ORDER_FOOD 213, 16, 2;
EXEC dbo.INSERT_ORDER_FOOD 374, 16, 5;
EXEC dbo.INSERT_ORDER_FOOD 444, 16, 5;
EXEC dbo.INSERT_ORDER_FOOD 289, 16, 2;
EXEC dbo.INSERT_ORDER_FOOD 260, 16, 5;
EXEC dbo.INSERT_ORDER_FOOD 481, 16, 2;
EXEC dbo.INSERT_ORDER_FOOD 456, 16, 1;
EXEC dbo.INSERT_ORDER_FOOD 444, 16, 2;
EXEC dbo.INSERT_ORDER_FOOD 126, 16, 2;
EXEC dbo.INSERT_ORDER_FOOD 206, 17, 5;
EXEC dbo.INSERT_ORDER_FOOD 186, 17, 2;
EXEC dbo.INSERT_ORDER_FOOD 1, 17, 4;
EXEC dbo.INSERT_ORDER_FOOD 126, 17, 2;
EXEC dbo.INSERT_ORDER_FOOD 124, 17, 5;
EXEC dbo.INSERT_ORDER_FOOD 180, 18, 4;
EXEC dbo.INSERT_ORDER_FOOD 460, 18, 5;
EXEC dbo.INSERT_ORDER_FOOD 392, 18, 2;
EXEC dbo.INSERT_ORDER_FOOD 213, 18, 1;
EXEC dbo.INSERT_ORDER_FOOD 52, 19, 2;
EXEC dbo.INSERT_ORDER_FOOD 392, 19, 4;
EXEC dbo.INSERT_ORDER_FOOD 38, 19, 5;
EXEC dbo.INSERT_ORDER_FOOD 552, 19, 4;
EXEC dbo.INSERT_ORDER_FOOD 431, 19, 5;
EXEC dbo.INSERT_ORDER_FOOD 204, 19, 5;
EXEC dbo.INSERT_ORDER_FOOD 392, 20, 5;
EXEC dbo.INSERT_ORDER_FOOD 260, 20, 3;
EXEC dbo.INSERT_ORDER_FOOD 52, 20, 1;
EXEC dbo.INSERT_ORDER_FOOD 38, 20, 5;
EXEC dbo.INSERT_ORDER_FOOD 506, 20, 4;
EXEC dbo.INSERT_ORDER_FOOD 106, 20, 4;
EXEC dbo.INSERT_ORDER_FOOD 233, 20, 3;
EXEC dbo.INSERT_ORDER_FOOD 226, 20, 3;
EXEC dbo.INSERT_ORDER_FOOD 552, 20, 2;
EXEC dbo.INSERT_ORDER_FOOD 374, 21, 1;
EXEC dbo.INSERT_ORDER_FOOD 379, 21, 2;
EXEC dbo.INSERT_ORDER_FOOD 552, 21, 3;
EXEC dbo.INSERT_ORDER_FOOD 374, 21, 4;
EXEC dbo.INSERT_ORDER_FOOD 206, 21, 4;
EXEC dbo.INSERT_ORDER_FOOD 289, 22, 1;
EXEC dbo.INSERT_ORDER_FOOD 374, 22, 4;
EXEC dbo.INSERT_ORDER_FOOD 374, 22, 1;
EXEC dbo.INSERT_ORDER_FOOD 489, 22, 1;
EXEC dbo.INSERT_ORDER_FOOD 431, 23, 3;
EXEC dbo.INSERT_ORDER_FOOD 552, 23, 5;
EXEC dbo.INSERT_ORDER_FOOD 552, 23, 5;
EXEC dbo.INSERT_ORDER_FOOD 52, 23, 1;
EXEC dbo.INSERT_ORDER_FOOD 204, 23, 4;
EXEC dbo.INSERT_ORDER_FOOD 392, 23, 1;
EXEC dbo.INSERT_ORDER_FOOD 126, 23, 4;
EXEC dbo.INSERT_ORDER_FOOD 374, 23, 3;
EXEC dbo.INSERT_ORDER_FOOD 489, 23, 5;
EXEC dbo.INSERT_ORDER_FOOD 233, 24, 5;
EXEC dbo.INSERT_ORDER_FOOD 66, 24, 2;
EXEC dbo.INSERT_ORDER_FOOD 186, 24, 5;
EXEC dbo.INSERT_ORDER_FOOD 102, 25, 2;
EXEC dbo.INSERT_ORDER_FOOD 56, 25, 3;
EXEC dbo.INSERT_ORDER_FOOD 445, 25, 3;
EXEC dbo.INSERT_ORDER_FOOD 569, 26, 2;
EXEC dbo.INSERT_ORDER_FOOD 226, 26, 2;
EXEC dbo.INSERT_ORDER_FOOD 233, 26, 3;
EXEC dbo.INSERT_ORDER_FOOD 481, 26, 2;
EXEC dbo.INSERT_ORDER_FOOD 552, 26, 5;
EXEC dbo.INSERT_ORDER_FOOD 180, 26, 4;
EXEC dbo.INSERT_ORDER_FOOD 124, 26, 1;
EXEC dbo.INSERT_ORDER_FOOD 180, 27, 5;
EXEC dbo.INSERT_ORDER_FOOD 52, 27, 5;
EXEC dbo.INSERT_ORDER_FOOD 460, 27, 5;
EXEC dbo.INSERT_ORDER_FOOD 489, 27, 5;
EXEC dbo.INSERT_ORDER_FOOD 260, 27, 3;
EXEC dbo.INSERT_ORDER_FOOD 552, 27, 3;
EXEC dbo.INSERT_ORDER_FOOD 213, 27, 4;
EXEC dbo.INSERT_ORDER_FOOD 506, 28, 5;
EXEC dbo.INSERT_ORDER_FOOD 445, 28, 4;
EXEC dbo.INSERT_ORDER_FOOD 66, 28, 4;
EXEC dbo.INSERT_ORDER_FOOD 233, 28, 4;
EXEC dbo.INSERT_ORDER_FOOD 56, 28, 2;
EXEC dbo.INSERT_ORDER_FOOD 200, 29, 1;
EXEC dbo.INSERT_ORDER_FOOD 379, 29, 5;
EXEC dbo.INSERT_ORDER_FOOD 206, 29, 5;
EXEC dbo.INSERT_ORDER_FOOD 445, 30, 2;
EXEC dbo.INSERT_ORDER_FOOD 106, 30, 4;
EXEC dbo.INSERT_ORDER_FOOD 456, 30, 4;
EXEC dbo.INSERT_ORDER_FOOD 126, 30, 1;
EXEC dbo.INSERT_ORDER_FOOD 392, 30, 2;
EXEC dbo.INSERT_ORDER_FOOD 530, 30, 4;
EXEC dbo.INSERT_ORDER_FOOD 56, 30, 4;
EXEC dbo.INSERT_ORDER_FOOD 552, 30, 2;
EXEC dbo.INSERT_ORDER_FOOD 213, 30, 2;
EXEC dbo.INSERT_ORDER_FOOD 106, 31, 5;
EXEC dbo.INSERT_ORDER_FOOD 200, 31, 4;
EXEC dbo.INSERT_ORDER_FOOD 392, 32, 5;
EXEC dbo.INSERT_ORDER_FOOD 52, 32, 5;
EXEC dbo.INSERT_ORDER_FOOD 124, 32, 2;
EXEC dbo.INSERT_ORDER_FOOD 444, 32, 5;
EXEC dbo.INSERT_ORDER_FOOD 1, 32, 3;
EXEC dbo.INSERT_ORDER_FOOD 180, 32, 3;
EXEC dbo.INSERT_ORDER_FOOD 260, 32, 4;
EXEC dbo.INSERT_ORDER_FOOD 1, 32, 5;
EXEC dbo.INSERT_ORDER_FOOD 102, 32, 5;
EXEC dbo.INSERT_ORDER_FOOD 552, 32, 4;
EXEC dbo.INSERT_ORDER_FOOD 532, 33, 1;
EXEC dbo.INSERT_ORDER_FOOD 186, 33, 4;
EXEC dbo.INSERT_ORDER_FOOD 460, 33, 1;
EXEC dbo.INSERT_ORDER_FOOD 379, 33, 5;
EXEC dbo.INSERT_ORDER_FOOD 157, 33, 4;
EXEC dbo.INSERT_ORDER_FOOD 186, 33, 2;
EXEC dbo.INSERT_ORDER_FOOD 506, 33, 5;
EXEC dbo.INSERT_ORDER_FOOD 260, 33, 2;
EXEC dbo.INSERT_ORDER_FOOD 506, 33, 5;
EXEC dbo.INSERT_ORDER_FOOD 530, 34, 1;
EXEC dbo.INSERT_ORDER_FOOD 460, 34, 2;
EXEC dbo.INSERT_ORDER_FOOD 213, 34, 5;
EXEC dbo.INSERT_ORDER_FOOD 444, 34, 1;
EXEC dbo.INSERT_ORDER_FOOD 489, 34, 5;
EXEC dbo.INSERT_ORDER_FOOD 506, 34, 3;
EXEC dbo.INSERT_ORDER_FOOD 213, 34, 2;
EXEC dbo.INSERT_ORDER_FOOD 481, 34, 2;
EXEC dbo.INSERT_ORDER_FOOD 481, 35, 3;
EXEC dbo.INSERT_ORDER_FOOD 445, 35, 1;
EXEC dbo.INSERT_ORDER_FOOD 126, 35, 1;
EXEC dbo.INSERT_ORDER_FOOD 392, 35, 3;
EXEC dbo.INSERT_ORDER_FOOD 392, 35, 5;
EXEC dbo.INSERT_ORDER_FOOD 66, 35, 5;
EXEC dbo.INSERT_ORDER_FOOD 481, 35, 4;
EXEC dbo.INSERT_ORDER_FOOD 444, 36, 1;
EXEC dbo.INSERT_ORDER_FOOD 124, 36, 5;
EXEC dbo.INSERT_ORDER_FOOD 106, 36, 3;
EXEC dbo.INSERT_ORDER_FOOD 552, 36, 4;
EXEC dbo.INSERT_ORDER_FOOD 506, 36, 4;
EXEC dbo.INSERT_ORDER_FOOD 481, 36, 1;
EXEC dbo.INSERT_ORDER_FOOD 38, 36, 5;
EXEC dbo.INSERT_ORDER_FOOD 289, 36, 4;
EXEC dbo.INSERT_ORDER_FOOD 186, 37, 5;
EXEC dbo.INSERT_ORDER_FOOD 569, 38, 1;
EXEC dbo.INSERT_ORDER_FOOD 506, 38, 1;
EXEC dbo.INSERT_ORDER_FOOD 206, 38, 3;
EXEC dbo.INSERT_ORDER_FOOD 200, 38, 1;
EXEC dbo.INSERT_ORDER_FOOD 56, 38, 1;
EXEC dbo.INSERT_ORDER_FOOD 200, 38, 3;
EXEC dbo.INSERT_ORDER_FOOD 444, 38, 4;
EXEC dbo.INSERT_ORDER_FOOD 532, 38, 5;
EXEC dbo.INSERT_ORDER_FOOD 200, 38, 5;
EXEC dbo.INSERT_ORDER_FOOD 392, 39, 4;
EXEC dbo.INSERT_ORDER_FOOD 431, 40, 2;
EXEC dbo.INSERT_ORDER_FOOD 569, 40, 4;
EXEC dbo.INSERT_ORDER_FOOD 66, 40, 3;
EXEC dbo.INSERT_ORDER_FOOD 124, 40, 5;
EXEC dbo.INSERT_ORDER_FOOD 456, 40, 3;
EXEC dbo.INSERT_ORDER_FOOD 569, 40, 1;
EXEC dbo.INSERT_ORDER_FOOD 144, 1, 2;
EXEC dbo.INSERT_ORDER_FOOD 22, 2, 2;
EXEC dbo.INSERT_ORDER_FOOD 105, 3, 2;
EXEC dbo.INSERT_ORDER_FOOD 396, 3, 1;
EXEC dbo.INSERT_ORDER_FOOD 488, 3, 3;
EXEC dbo.INSERT_ORDER_FOOD 50, 4, 3;
EXEC dbo.INSERT_ORDER_FOOD 396, 4, 2;
EXEC dbo.INSERT_ORDER_FOOD 587, 4, 1;
EXEC dbo.INSERT_ORDER_FOOD 269, 4, 4;
EXEC dbo.INSERT_ORDER_FOOD 421, 4, 3;
EXEC dbo.INSERT_ORDER_FOOD 22, 4, 2;
EXEC dbo.INSERT_ORDER_FOOD 144, 5, 1;
EXEC dbo.INSERT_ORDER_FOOD 316, 5, 2;
EXEC dbo.INSERT_ORDER_FOOD 164, 5, 3;
EXEC dbo.INSERT_ORDER_FOOD 399, 6, 2;
EXEC dbo.INSERT_ORDER_FOOD 396, 6, 1;
EXEC dbo.INSERT_ORDER_FOOD 7, 6, 1;
EXEC dbo.INSERT_ORDER_FOOD 190, 6, 3;
EXEC dbo.INSERT_ORDER_FOOD 452, 6, 3;
EXEC dbo.INSERT_ORDER_FOOD 487, 6, 2;
EXEC dbo.INSERT_ORDER_FOOD 329, 6, 5;
EXEC dbo.INSERT_ORDER_FOOD 228, 6, 2;
EXEC dbo.INSERT_ORDER_FOOD 479, 6, 5;
EXEC dbo.INSERT_ORDER_FOOD 587, 6, 3;
EXEC dbo.INSERT_ORDER_FOOD 144, 7, 1;
EXEC dbo.INSERT_ORDER_FOOD 314, 7, 1;
EXEC dbo.INSERT_ORDER_FOOD 22, 7, 2;
EXEC dbo.INSERT_ORDER_FOOD 269, 8, 2;
EXEC dbo.INSERT_ORDER_FOOD 429, 8, 1;
EXEC dbo.INSERT_ORDER_FOOD 228, 8, 4;
EXEC dbo.INSERT_ORDER_FOOD 241, 8, 2;
EXEC dbo.INSERT_ORDER_FOOD 479, 8, 3;
EXEC dbo.INSERT_ORDER_FOOD 164, 8, 1;
EXEC dbo.INSERT_ORDER_FOOD 50, 8, 1;
EXEC dbo.INSERT_ORDER_FOOD 421, 8, 4;
EXEC dbo.INSERT_ORDER_FOOD 487, 9, 1;
EXEC dbo.INSERT_ORDER_FOOD 361, 9, 3;
EXEC dbo.INSERT_ORDER_FOOD 190, 9, 1;
EXEC dbo.INSERT_ORDER_FOOD 93, 9, 1;
EXEC dbo.INSERT_ORDER_FOOD 190, 10, 1;
EXEC dbo.INSERT_ORDER_FOOD 488, 10, 4;
EXEC dbo.INSERT_ORDER_FOOD 429, 10, 5;
EXEC dbo.INSERT_ORDER_FOOD 429, 10, 3;
EXEC dbo.INSERT_ORDER_FOOD 355, 10, 1;
EXEC dbo.INSERT_ORDER_FOOD 452, 10, 5;
EXEC dbo.INSERT_ORDER_FOOD 425, 10, 5;
EXEC dbo.INSERT_ORDER_FOOD 50, 11, 5;
EXEC dbo.INSERT_ORDER_FOOD 355, 11, 1;
EXEC dbo.INSERT_ORDER_FOOD 496, 11, 2;
EXEC dbo.INSERT_ORDER_FOOD 105, 11, 1;
EXEC dbo.INSERT_ORDER_FOOD 92, 11, 4;
EXEC dbo.INSERT_ORDER_FOOD 164, 12, 1;
EXEC dbo.INSERT_ORDER_FOOD 314, 13, 4;
EXEC dbo.INSERT_ORDER_FOOD 452, 13, 2;
EXEC dbo.INSERT_ORDER_FOOD 93, 13, 5;
EXEC dbo.INSERT_ORDER_FOOD 496, 13, 3;
EXEC dbo.INSERT_ORDER_FOOD 329, 13, 3;
EXEC dbo.INSERT_ORDER_FOOD 496, 13, 1;
EXEC dbo.INSERT_ORDER_FOOD 105, 13, 4;
EXEC dbo.INSERT_ORDER_FOOD 190, 13, 2;
EXEC dbo.INSERT_ORDER_FOOD 164, 13, 2;
EXEC dbo.INSERT_ORDER_FOOD 7, 14, 5;
EXEC dbo.INSERT_ORDER_FOOD 50, 14, 3;
EXEC dbo.INSERT_ORDER_FOOD 329, 14, 5;
EXEC dbo.INSERT_ORDER_FOOD 235, 14, 2;
EXEC dbo.INSERT_ORDER_FOOD 164, 14, 2;
EXEC dbo.INSERT_ORDER_FOOD 271, 14, 5;
EXEC dbo.INSERT_ORDER_FOOD 92, 14, 5;
EXEC dbo.INSERT_ORDER_FOOD 144, 14, 1;
EXEC dbo.INSERT_ORDER_FOOD 269, 14, 2;
EXEC dbo.INSERT_ORDER_FOOD 271, 15, 1;
EXEC dbo.INSERT_ORDER_FOOD 587, 15, 1;
EXEC dbo.INSERT_ORDER_FOOD 535, 15, 2;
EXEC dbo.INSERT_ORDER_FOOD 429, 15, 3;
EXEC dbo.INSERT_ORDER_FOOD 269, 15, 2;
EXEC dbo.INSERT_ORDER_FOOD 241, 15, 4;
EXEC dbo.INSERT_ORDER_FOOD 22, 15, 4;
EXEC dbo.INSERT_ORDER_FOOD 487, 15, 5;
EXEC dbo.INSERT_ORDER_FOOD 488, 15, 2;
EXEC dbo.INSERT_ORDER_FOOD 421, 16, 5;
EXEC dbo.INSERT_ORDER_FOOD 328, 16, 3;
EXEC dbo.INSERT_ORDER_FOOD 143, 16, 2;
EXEC dbo.INSERT_ORDER_FOOD 479, 16, 1;
EXEC dbo.INSERT_ORDER_FOOD 429, 17, 1;
EXEC dbo.INSERT_ORDER_FOOD 425, 17, 3;
EXEC dbo.INSERT_ORDER_FOOD 105, 17, 1;
EXEC dbo.INSERT_ORDER_FOOD 190, 17, 1;
EXEC dbo.INSERT_ORDER_FOOD 235, 18, 4;
EXEC dbo.INSERT_ORDER_FOOD 22, 18, 5;
EXEC dbo.INSERT_ORDER_FOOD 92, 18, 4;
EXEC dbo.INSERT_ORDER_FOOD 396, 18, 5;
EXEC dbo.INSERT_ORDER_FOOD 7, 18, 4;
EXEC dbo.INSERT_ORDER_FOOD 92, 18, 4;
EXEC dbo.INSERT_ORDER_FOOD 234, 18, 4;
EXEC dbo.INSERT_ORDER_FOOD 361, 18, 1;
EXEC dbo.INSERT_ORDER_FOOD 535, 18, 2;
EXEC dbo.INSERT_ORDER_FOOD 228, 18, 5;
EXEC dbo.INSERT_ORDER_FOOD 396, 19, 1;
EXEC dbo.INSERT_ORDER_FOOD 164, 19, 3;
EXEC dbo.INSERT_ORDER_FOOD 309, 20, 1;
EXEC dbo.INSERT_ORDER_FOOD 143, 20, 3;
EXEC dbo.INSERT_ORDER_FOOD 587, 20, 1;
EXEC dbo.INSERT_ORDER_FOOD 452, 20, 4;
EXEC dbo.INSERT_ORDER_FOOD 396, 20, 5;
EXEC dbo.INSERT_ORDER_FOOD 361, 20, 5;
EXEC dbo.INSERT_ORDER_FOOD 496, 21, 5;
EXEC dbo.INSERT_ORDER_FOOD 496, 21, 3;
EXEC dbo.INSERT_ORDER_FOOD 479, 21, 3;
EXEC dbo.INSERT_ORDER_FOOD 22, 21, 2;
EXEC dbo.INSERT_ORDER_FOOD 271, 22, 2;
EXEC dbo.INSERT_ORDER_FOOD 329, 22, 3;
EXEC dbo.INSERT_ORDER_FOOD 479, 22, 3;
EXEC dbo.INSERT_ORDER_FOOD 328, 22, 1;
EXEC dbo.INSERT_ORDER_FOOD 425, 22, 3;
EXEC dbo.INSERT_ORDER_FOOD 164, 22, 2;
EXEC dbo.INSERT_ORDER_FOOD 234, 22, 4;
EXEC dbo.INSERT_ORDER_FOOD 309, 23, 4;
EXEC dbo.INSERT_ORDER_FOOD 234, 23, 3;
EXEC dbo.INSERT_ORDER_FOOD 241, 23, 4;
EXEC dbo.INSERT_ORDER_FOOD 309, 24, 1;
EXEC dbo.INSERT_ORDER_FOOD 309, 24, 4;
EXEC dbo.INSERT_ORDER_FOOD 7, 24, 4;
EXEC dbo.INSERT_ORDER_FOOD 105, 24, 5;
EXEC dbo.INSERT_ORDER_FOOD 93, 25, 1;
EXEC dbo.INSERT_ORDER_FOOD 235, 25, 4;
EXEC dbo.INSERT_ORDER_FOOD 361, 25, 5;
EXEC dbo.INSERT_ORDER_FOOD 92, 25, 2;
EXEC dbo.INSERT_ORDER_FOOD 396, 25, 3;
EXEC dbo.INSERT_ORDER_FOOD 479, 25, 2;
EXEC dbo.INSERT_ORDER_FOOD 50, 25, 1;
EXEC dbo.INSERT_ORDER_FOOD 488, 25, 3;
EXEC dbo.INSERT_ORDER_FOOD 22, 26, 5;
EXEC dbo.INSERT_ORDER_FOOD 93, 26, 3;
EXEC dbo.INSERT_ORDER_FOOD 479, 26, 5;
EXEC dbo.INSERT_ORDER_FOOD 50, 26, 3;
EXEC dbo.INSERT_ORDER_FOOD 496, 26, 4;
EXEC dbo.INSERT_ORDER_FOOD 235, 26, 2;
EXEC dbo.INSERT_ORDER_FOOD 50, 26, 2;
EXEC dbo.INSERT_ORDER_FOOD 314, 26, 1;
EXEC dbo.INSERT_ORDER_FOOD 144, 27, 2;
EXEC dbo.INSERT_ORDER_FOOD 93, 27, 2;
EXEC dbo.INSERT_ORDER_FOOD 429, 27, 4;
EXEC dbo.INSERT_ORDER_FOOD 587, 27, 5;
EXEC dbo.INSERT_ORDER_FOOD 488, 27, 5;
EXEC dbo.INSERT_ORDER_FOOD 235, 27, 4;
EXEC dbo.INSERT_ORDER_FOOD 7, 27, 1;
EXEC dbo.INSERT_ORDER_FOOD 314, 27, 1;
EXEC dbo.INSERT_ORDER_FOOD 269, 27, 5;
EXEC dbo.INSERT_ORDER_FOOD 488, 27, 4;
EXEC dbo.INSERT_ORDER_FOOD 235, 28, 2;
EXEC dbo.INSERT_ORDER_FOOD 18, 28, 5;
EXEC dbo.INSERT_ORDER_FOOD 587, 28, 2;
EXEC dbo.INSERT_ORDER_FOOD 396, 28, 3;
EXEC dbo.INSERT_ORDER_FOOD 479, 28, 2;
EXEC dbo.INSERT_ORDER_FOOD 22, 29, 1;
EXEC dbo.INSERT_ORDER_FOOD 421, 29, 1;
EXEC dbo.INSERT_ORDER_FOOD 587, 29, 3;
EXEC dbo.INSERT_ORDER_FOOD 361, 29, 1;
EXEC dbo.INSERT_ORDER_FOOD 396, 29, 2;
EXEC dbo.INSERT_ORDER_FOOD 234, 29, 1;
EXEC dbo.INSERT_ORDER_FOOD 328, 30, 1;
EXEC dbo.INSERT_ORDER_FOOD 487, 30, 2;
EXEC dbo.INSERT_ORDER_FOOD 488, 30, 1;
EXEC dbo.INSERT_ORDER_FOOD 487, 30, 4;
EXEC dbo.INSERT_ORDER_FOOD 355, 30, 1;
EXEC dbo.INSERT_ORDER_FOOD 535, 30, 3;
EXEC dbo.INSERT_ORDER_FOOD 496, 31, 1;
EXEC dbo.INSERT_ORDER_FOOD 479, 31, 2;
EXEC dbo.INSERT_ORDER_FOOD 361, 32, 5;
EXEC dbo.INSERT_ORDER_FOOD 50, 32, 1;
EXEC dbo.INSERT_ORDER_FOOD 429, 32, 2;
EXEC dbo.INSERT_ORDER_FOOD 164, 32, 2;
EXEC dbo.INSERT_ORDER_FOOD 396, 32, 1;
EXEC dbo.INSERT_ORDER_FOOD 309, 32, 1;
EXEC dbo.INSERT_ORDER_FOOD 269, 32, 1;
EXEC dbo.INSERT_ORDER_FOOD 7, 32, 2;
EXEC dbo.INSERT_ORDER_FOOD 228, 32, 1;
EXEC dbo.INSERT_ORDER_FOOD 235, 32, 1;
EXEC dbo.INSERT_ORDER_FOOD 22, 33, 2;
EXEC dbo.INSERT_ORDER_FOOD 7, 33, 4;
EXEC dbo.INSERT_ORDER_FOOD 355, 34, 2;
EXEC dbo.INSERT_ORDER_FOOD 587, 34, 5;
EXEC dbo.INSERT_ORDER_FOOD 361, 34, 4;
EXEC dbo.INSERT_ORDER_FOOD 535, 34, 2;
EXEC dbo.INSERT_ORDER_FOOD 316, 35, 3;
EXEC dbo.INSERT_ORDER_FOOD 92, 36, 2;
EXEC dbo.INSERT_ORDER_FOOD 328, 36, 1;
EXEC dbo.INSERT_ORDER_FOOD 271, 36, 5;
EXEC dbo.INSERT_ORDER_FOOD 18, 36, 4;
EXEC dbo.INSERT_ORDER_FOOD 399, 36, 5;
EXEC dbo.INSERT_ORDER_FOOD 421, 36, 3;
EXEC dbo.INSERT_ORDER_FOOD 452, 36, 2;
EXEC dbo.INSERT_ORDER_FOOD 50, 36, 4;
EXEC dbo.INSERT_ORDER_FOOD 241, 36, 4;
EXEC dbo.INSERT_ORDER_FOOD 535, 36, 2;
EXEC dbo.INSERT_ORDER_FOOD 421, 37, 1;
EXEC dbo.INSERT_ORDER_FOOD 7, 37, 4;
EXEC dbo.INSERT_ORDER_FOOD 235, 37, 1;
EXEC dbo.INSERT_ORDER_FOOD 92, 37, 1;
EXEC dbo.INSERT_ORDER_FOOD 535, 37, 5;
EXEC dbo.INSERT_ORDER_FOOD 271, 37, 4;
EXEC dbo.INSERT_ORDER_FOOD 190, 38, 1;
EXEC dbo.INSERT_ORDER_FOOD 164, 38, 4;
EXEC dbo.INSERT_ORDER_FOOD 587, 38, 2;
EXEC dbo.INSERT_ORDER_FOOD 452, 38, 5;
EXEC dbo.INSERT_ORDER_FOOD 479, 38, 2;
EXEC dbo.INSERT_ORDER_FOOD 479, 38, 2;
EXEC dbo.INSERT_ORDER_FOOD 396, 38, 1;
EXEC dbo.INSERT_ORDER_FOOD 18, 38, 4;
EXEC dbo.INSERT_ORDER_FOOD 234, 38, 2;
EXEC dbo.INSERT_ORDER_FOOD 74, 39, 1;
EXEC dbo.INSERT_ORDER_FOOD 50, 39, 4;
EXEC dbo.INSERT_ORDER_FOOD 355, 40, 4;
EXEC dbo.INSERT_ORDER_FOOD 355, 40, 2;
EXEC dbo.INSERT_ORDER_FOOD 551, 1, 2;
EXEC dbo.INSERT_ORDER_FOOD 555, 1, 5;
EXEC dbo.INSERT_ORDER_FOOD 253, 1, 1;
EXEC dbo.INSERT_ORDER_FOOD 504, 1, 4;
EXEC dbo.INSERT_ORDER_FOOD 297, 1, 2;
EXEC dbo.INSERT_ORDER_FOOD 335, 1, 2;
EXEC dbo.INSERT_ORDER_FOOD 336, 2, 5;
EXEC dbo.INSERT_ORDER_FOOD 336, 2, 5;
EXEC dbo.INSERT_ORDER_FOOD 278, 3, 5;
EXEC dbo.INSERT_ORDER_FOOD 317, 3, 2;
EXEC dbo.INSERT_ORDER_FOOD 297, 3, 4;
EXEC dbo.INSERT_ORDER_FOOD 330, 3, 1;
EXEC dbo.INSERT_ORDER_FOOD 494, 4, 4;
EXEC dbo.INSERT_ORDER_FOOD 336, 4, 3;
EXEC dbo.INSERT_ORDER_FOOD 494, 4, 4;
EXEC dbo.INSERT_ORDER_FOOD 449, 4, 5;
EXEC dbo.INSERT_ORDER_FOOD 528, 4, 2;
EXEC dbo.INSERT_ORDER_FOOD 427, 4, 2;
EXEC dbo.INSERT_ORDER_FOOD 116, 4, 4;
EXEC dbo.INSERT_ORDER_FOOD 40, 4, 4;
EXEC dbo.INSERT_ORDER_FOOD 504, 5, 2;
EXEC dbo.INSERT_ORDER_FOOD 278, 5, 2;
EXEC dbo.INSERT_ORDER_FOOD 278, 5, 2;
EXEC dbo.INSERT_ORDER_FOOD 466, 5, 5;
EXEC dbo.INSERT_ORDER_FOOD 497, 5, 5;
EXEC dbo.INSERT_ORDER_FOOD 330, 5, 1;
EXEC dbo.INSERT_ORDER_FOOD 128, 5, 2;
EXEC dbo.INSERT_ORDER_FOOD 253, 6, 2;
EXEC dbo.INSERT_ORDER_FOOD 598, 6, 4;
EXEC dbo.INSERT_ORDER_FOOD 121, 7, 1;
EXEC dbo.INSERT_ORDER_FOOD 475, 8, 5;
EXEC dbo.INSERT_ORDER_FOOD 336, 8, 1;
EXEC dbo.INSERT_ORDER_FOOD 116, 9, 4;
EXEC dbo.INSERT_ORDER_FOOD 295, 9, 2;
EXEC dbo.INSERT_ORDER_FOOD 455, 9, 2;
EXEC dbo.INSERT_ORDER_FOOD 475, 9, 4;
EXEC dbo.INSERT_ORDER_FOOD 394, 9, 1;
EXEC dbo.INSERT_ORDER_FOOD 515, 9, 2;
EXEC dbo.INSERT_ORDER_FOOD 427, 9, 2;
EXEC dbo.INSERT_ORDER_FOOD 250, 9, 5;
EXEC dbo.INSERT_ORDER_FOOD 475, 9, 4;
EXEC dbo.INSERT_ORDER_FOOD 475, 9, 2;
EXEC dbo.INSERT_ORDER_FOOD 128, 10, 2;
EXEC dbo.INSERT_ORDER_FOOD 598, 10, 2;
EXEC dbo.INSERT_ORDER_FOOD 492, 10, 1;
EXEC dbo.INSERT_ORDER_FOOD 317, 10, 2;
EXEC dbo.INSERT_ORDER_FOOD 335, 11, 5;
EXEC dbo.INSERT_ORDER_FOOD 253, 12, 5;
EXEC dbo.INSERT_ORDER_FOOD 128, 12, 3;
EXEC dbo.INSERT_ORDER_FOOD 184, 12, 2;
EXEC dbo.INSERT_ORDER_FOOD 253, 12, 2;
EXEC dbo.INSERT_ORDER_FOOD 492, 12, 3;
EXEC dbo.INSERT_ORDER_FOOD 231, 12, 3;
EXEC dbo.INSERT_ORDER_FOOD 512, 12, 2;
EXEC dbo.INSERT_ORDER_FOOD 15, 12, 5;
EXEC dbo.INSERT_ORDER_FOOD 184, 13, 3;
EXEC dbo.INSERT_ORDER_FOOD 427, 13, 5;
EXEC dbo.INSERT_ORDER_FOOD 256, 13, 2;
EXEC dbo.INSERT_ORDER_FOOD 64, 13, 3;
EXEC dbo.INSERT_ORDER_FOOD 555, 13, 3;
EXEC dbo.INSERT_ORDER_FOOD 253, 13, 5;
EXEC dbo.INSERT_ORDER_FOOD 492, 13, 4;
EXEC dbo.INSERT_ORDER_FOOD 551, 13, 3;
EXEC dbo.INSERT_ORDER_FOOD 492, 13, 5;
EXEC dbo.INSERT_ORDER_FOOD 278, 13, 2;
EXEC dbo.INSERT_ORDER_FOOD 335, 14, 4;
EXEC dbo.INSERT_ORDER_FOOD 504, 14, 5;
EXEC dbo.INSERT_ORDER_FOOD 54, 14, 2;
EXEC dbo.INSERT_ORDER_FOOD 500, 14, 2;
EXEC dbo.INSERT_ORDER_FOOD 253, 15, 4;
EXEC dbo.INSERT_ORDER_FOOD 427, 15, 2;
EXEC dbo.INSERT_ORDER_FOOD 512, 15, 5;
EXEC dbo.INSERT_ORDER_FOOD 497, 15, 3;
EXEC dbo.INSERT_ORDER_FOOD 466, 15, 4;
EXEC dbo.INSERT_ORDER_FOOD 494, 15, 3;
EXEC dbo.INSERT_ORDER_FOOD 46, 15, 3;
EXEC dbo.INSERT_ORDER_FOOD 330, 16, 5;
EXEC dbo.INSERT_ORDER_FOOD 511, 16, 4;
EXEC dbo.INSERT_ORDER_FOOD 497, 16, 2;
EXEC dbo.INSERT_ORDER_FOOD 494, 16, 5;
EXEC dbo.INSERT_ORDER_FOOD 295, 16, 2;
EXEC dbo.INSERT_ORDER_FOOD 27, 17, 3;
EXEC dbo.INSERT_ORDER_FOOD 46, 17, 4;
EXEC dbo.INSERT_ORDER_FOOD 40, 17, 2;
EXEC dbo.INSERT_ORDER_FOOD 128, 17, 1;
EXEC dbo.INSERT_ORDER_FOOD 317, 17, 1;
EXEC dbo.INSERT_ORDER_FOOD 64, 17, 4;
EXEC dbo.INSERT_ORDER_FOOD 46, 18, 4;
EXEC dbo.INSERT_ORDER_FOOD 500, 19, 2;
EXEC dbo.INSERT_ORDER_FOOD 116, 19, 2;
EXEC dbo.INSERT_ORDER_FOOD 504, 19, 1;
EXEC dbo.INSERT_ORDER_FOOD 335, 19, 2;
EXEC dbo.INSERT_ORDER_FOOD 598, 20, 3;
EXEC dbo.INSERT_ORDER_FOOD 4, 20, 2;
EXEC dbo.INSERT_ORDER_FOOD 256, 20, 3;
EXEC dbo.INSERT_ORDER_FOOD 278, 20, 4;
EXEC dbo.INSERT_ORDER_FOOD 297, 21, 4;
EXEC dbo.INSERT_ORDER_FOOD 466, 21, 3;
EXEC dbo.INSERT_ORDER_FOOD 455, 21, 2;
EXEC dbo.INSERT_ORDER_FOOD 336, 21, 1;
EXEC dbo.INSERT_ORDER_FOOD 455, 21, 5;
EXEC dbo.INSERT_ORDER_FOOD 465, 21, 4;
EXEC dbo.INSERT_ORDER_FOOD 231, 21, 4;
EXEC dbo.INSERT_ORDER_FOOD 121, 22, 3;
EXEC dbo.INSERT_ORDER_FOOD 598, 22, 2;
EXEC dbo.INSERT_ORDER_FOOD 54, 22, 4;
EXEC dbo.INSERT_ORDER_FOOD 455, 22, 3;
EXEC dbo.INSERT_ORDER_FOOD 250, 22, 5;
EXEC dbo.INSERT_ORDER_FOOD 64, 22, 1;
EXEC dbo.INSERT_ORDER_FOOD 128, 22, 3;
EXEC dbo.INSERT_ORDER_FOOD 335, 23, 3;
EXEC dbo.INSERT_ORDER_FOOD 336, 23, 2;
EXEC dbo.INSERT_ORDER_FOOD 116, 23, 1;
EXEC dbo.INSERT_ORDER_FOOD 116, 23, 2;
EXEC dbo.INSERT_ORDER_FOOD 15, 23, 2;
EXEC dbo.INSERT_ORDER_FOOD 466, 23, 3;
EXEC dbo.INSERT_ORDER_FOOD 54, 23, 3;
EXEC dbo.INSERT_ORDER_FOOD 253, 23, 4;
EXEC dbo.INSERT_ORDER_FOOD 128, 23, 4;
EXEC dbo.INSERT_ORDER_FOOD 394, 23, 2;
EXEC dbo.INSERT_ORDER_FOOD 598, 24, 3;
EXEC dbo.INSERT_ORDER_FOOD 231, 24, 4;
EXEC dbo.INSERT_ORDER_FOOD 116, 25, 3;
EXEC dbo.INSERT_ORDER_FOOD 295, 25, 5;
EXEC dbo.INSERT_ORDER_FOOD 128, 26, 4;
EXEC dbo.INSERT_ORDER_FOOD 465, 26, 5;
EXEC dbo.INSERT_ORDER_FOOD 512, 26, 5;
EXEC dbo.INSERT_ORDER_FOOD 295, 26, 4;
EXEC dbo.INSERT_ORDER_FOOD 515, 26, 1;
EXEC dbo.INSERT_ORDER_FOOD 515, 26, 4;
EXEC dbo.INSERT_ORDER_FOOD 336, 26, 1;
EXEC dbo.INSERT_ORDER_FOOD 492, 26, 2;
EXEC dbo.INSERT_ORDER_FOOD 278, 27, 1;
EXEC dbo.INSERT_ORDER_FOOD 465, 27, 1;
EXEC dbo.INSERT_ORDER_FOOD 511, 27, 1;
EXEC dbo.INSERT_ORDER_FOOD 121, 27, 1;
EXEC dbo.INSERT_ORDER_FOOD 512, 27, 4;
EXEC dbo.INSERT_ORDER_FOOD 27, 27, 3;
EXEC dbo.INSERT_ORDER_FOOD 231, 27, 4;
EXEC dbo.INSERT_ORDER_FOOD 497, 27, 4;
EXEC dbo.INSERT_ORDER_FOOD 46, 27, 5;
EXEC dbo.INSERT_ORDER_FOOD 253, 28, 5;
EXEC dbo.INSERT_ORDER_FOOD 278, 28, 2;
EXEC dbo.INSERT_ORDER_FOOD 250, 28, 4;
EXEC dbo.INSERT_ORDER_FOOD 40, 29, 3;
EXEC dbo.INSERT_ORDER_FOOD 278, 29, 1;
EXEC dbo.INSERT_ORDER_FOOD 15, 29, 3;
EXEC dbo.INSERT_ORDER_FOOD 64, 29, 3;
EXEC dbo.INSERT_ORDER_FOOD 497, 29, 3;
EXEC dbo.INSERT_ORDER_FOOD 73, 29, 5;
EXEC dbo.INSERT_ORDER_FOOD 297, 29, 2;
EXEC dbo.INSERT_ORDER_FOOD 494, 29, 3;
EXEC dbo.INSERT_ORDER_FOOD 40, 29, 4;
EXEC dbo.INSERT_ORDER_FOOD 497, 29, 1;
EXEC dbo.INSERT_ORDER_FOOD 504, 30, 3;
EXEC dbo.INSERT_ORDER_FOOD 330, 30, 4;
EXEC dbo.INSERT_ORDER_FOOD 256, 30, 2;
EXEC dbo.INSERT_ORDER_FOOD 394, 30, 4;
EXEC dbo.INSERT_ORDER_FOOD 466, 30, 2;
EXEC dbo.INSERT_ORDER_FOOD 46, 31, 4;
EXEC dbo.INSERT_ORDER_FOOD 449, 31, 1;
EXEC dbo.INSERT_ORDER_FOOD 128, 31, 3;
EXEC dbo.INSERT_ORDER_FOOD 128, 31, 5;
EXEC dbo.INSERT_ORDER_FOOD 394, 31, 2;
EXEC dbo.INSERT_ORDER_FOOD 494, 31, 1;
EXEC dbo.INSERT_ORDER_FOOD 40, 31, 1;
EXEC dbo.INSERT_ORDER_FOOD 511, 31, 3;
EXEC dbo.INSERT_ORDER_FOOD 297, 31, 1;
EXEC dbo.INSERT_ORDER_FOOD 455, 32, 2;
EXEC dbo.INSERT_ORDER_FOOD 256, 32, 1;
EXEC dbo.INSERT_ORDER_FOOD 494, 32, 5;
EXEC dbo.INSERT_ORDER_FOOD 494, 32, 3;
EXEC dbo.INSERT_ORDER_FOOD 511, 32, 5;
EXEC dbo.INSERT_ORDER_FOOD 511, 32, 2;
EXEC dbo.INSERT_ORDER_FOOD 128, 33, 5;
EXEC dbo.INSERT_ORDER_FOOD 253, 33, 1;
EXEC dbo.INSERT_ORDER_FOOD 295, 33, 2;
EXEC dbo.INSERT_ORDER_FOOD 15, 33, 2;
EXEC dbo.INSERT_ORDER_FOOD 492, 34, 2;
EXEC dbo.INSERT_ORDER_FOOD 427, 34, 3;
EXEC dbo.INSERT_ORDER_FOOD 128, 34, 3;
EXEC dbo.INSERT_ORDER_FOOD 297, 34, 1;
EXEC dbo.INSERT_ORDER_FOOD 497, 34, 1;
EXEC dbo.INSERT_ORDER_FOOD 455, 34, 3;
EXEC dbo.INSERT_ORDER_FOOD 317, 34, 5;
EXEC dbo.INSERT_ORDER_FOOD 466, 34, 5;
EXEC dbo.INSERT_ORDER_FOOD 492, 34, 1;
EXEC dbo.INSERT_ORDER_FOOD 465, 34, 4;
EXEC dbo.INSERT_ORDER_FOOD 116, 35, 1;
EXEC dbo.INSERT_ORDER_FOOD 492, 35, 2;
EXEC dbo.INSERT_ORDER_FOOD 73, 35, 5;
EXEC dbo.INSERT_ORDER_FOOD 231, 35, 2;
EXEC dbo.INSERT_ORDER_FOOD 515, 35, 3;
EXEC dbo.INSERT_ORDER_FOOD 250, 35, 3;
EXEC dbo.INSERT_ORDER_FOOD 455, 35, 2;
EXEC dbo.INSERT_ORDER_FOOD 15, 35, 3;
EXEC dbo.INSERT_ORDER_FOOD 504, 35, 3;
EXEC dbo.INSERT_ORDER_FOOD 511, 35, 4;
EXEC dbo.INSERT_ORDER_FOOD 46, 36, 4;
EXEC dbo.INSERT_ORDER_FOOD 511, 36, 5;
EXEC dbo.INSERT_ORDER_FOOD 336, 36, 1;
EXEC dbo.INSERT_ORDER_FOOD 27, 36, 2;
EXEC dbo.INSERT_ORDER_FOOD 427, 36, 4;
EXEC dbo.INSERT_ORDER_FOOD 449, 36, 1;
EXEC dbo.INSERT_ORDER_FOOD 515, 36, 4;
EXEC dbo.INSERT_ORDER_FOOD 128, 36, 3;
EXEC dbo.INSERT_ORDER_FOOD 492, 36, 1;
EXEC dbo.INSERT_ORDER_FOOD 128, 36, 5;
EXEC dbo.INSERT_ORDER_FOOD 465, 37, 4;
EXEC dbo.INSERT_ORDER_FOOD 231, 37, 5;
EXEC dbo.INSERT_ORDER_FOOD 295, 37, 4;
EXEC dbo.INSERT_ORDER_FOOD 317, 37, 3;
EXEC dbo.INSERT_ORDER_FOOD 512, 37, 2;
EXEC dbo.INSERT_ORDER_FOOD 128, 37, 5;
EXEC dbo.INSERT_ORDER_FOOD 64, 37, 1;
EXEC dbo.INSERT_ORDER_FOOD 512, 37, 1;
EXEC dbo.INSERT_ORDER_FOOD 54, 37, 5;
EXEC dbo.INSERT_ORDER_FOOD 335, 38, 4;
EXEC dbo.INSERT_ORDER_FOOD 497, 38, 5;
EXEC dbo.INSERT_ORDER_FOOD 46, 38, 3;
EXEC dbo.INSERT_ORDER_FOOD 427, 38, 4;
EXEC dbo.INSERT_ORDER_FOOD 27, 39, 3;
EXEC dbo.INSERT_ORDER_FOOD 335, 39, 4;
EXEC dbo.INSERT_ORDER_FOOD 184, 39, 3;
EXEC dbo.INSERT_ORDER_FOOD 466, 39, 2;
EXEC dbo.INSERT_ORDER_FOOD 256, 39, 5;
EXEC dbo.INSERT_ORDER_FOOD 73, 39, 3;
EXEC dbo.INSERT_ORDER_FOOD 278, 39, 3;
EXEC dbo.INSERT_ORDER_FOOD 121, 40, 5;
EXEC dbo.INSERT_ORDER_FOOD 598, 40, 2;
EXEC dbo.INSERT_ORDER_FOOD 297, 40, 2;
EXEC dbo.INSERT_ORDER_FOOD 512, 40, 1;
EXEC dbo.INSERT_ORDER_FOOD 278, 40, 5;
EXEC dbo.INSERT_ORDER_FOOD 270, 1, 4;
EXEC dbo.INSERT_ORDER_FOOD 265, 1, 1;
EXEC dbo.INSERT_ORDER_FOOD 571, 1, 1;
EXEC dbo.INSERT_ORDER_FOOD 556, 2, 3;
EXEC dbo.INSERT_ORDER_FOOD 480, 2, 2;
EXEC dbo.INSERT_ORDER_FOOD 125, 2, 1;
EXEC dbo.INSERT_ORDER_FOOD 404, 2, 5;
EXEC dbo.INSERT_ORDER_FOOD 270, 2, 1;
EXEC dbo.INSERT_ORDER_FOOD 461, 2, 2;
EXEC dbo.INSERT_ORDER_FOOD 332, 2, 3;
EXEC dbo.INSERT_ORDER_FOOD 571, 2, 3;
EXEC dbo.INSERT_ORDER_FOOD 132, 2, 5;
EXEC dbo.INSERT_ORDER_FOOD 77, 2, 4;
EXEC dbo.INSERT_ORDER_FOOD 461, 3, 3;
EXEC dbo.INSERT_ORDER_FOOD 29, 3, 3;
EXEC dbo.INSERT_ORDER_FOOD 257, 3, 4;
EXEC dbo.INSERT_ORDER_FOOD 372, 3, 4;
EXEC dbo.INSERT_ORDER_FOOD 265, 3, 3;
EXEC dbo.INSERT_ORDER_FOOD 315, 4, 3;
EXEC dbo.INSERT_ORDER_FOOD 270, 4, 1;
EXEC dbo.INSERT_ORDER_FOOD 437, 4, 4;
EXEC dbo.INSERT_ORDER_FOOD 571, 5, 5;
EXEC dbo.INSERT_ORDER_FOOD 252, 5, 5;
EXEC dbo.INSERT_ORDER_FOOD 349, 6, 5;
EXEC dbo.INSERT_ORDER_FOOD 480, 6, 1;
EXEC dbo.INSERT_ORDER_FOOD 520, 6, 3;
EXEC dbo.INSERT_ORDER_FOOD 578, 6, 2;
EXEC dbo.INSERT_ORDER_FOOD 372, 6, 4;
EXEC dbo.INSERT_ORDER_FOOD 224, 6, 2;
EXEC dbo.INSERT_ORDER_FOOD 313, 6, 1;
EXEC dbo.INSERT_ORDER_FOOD 409, 6, 3;
EXEC dbo.INSERT_ORDER_FOOD 132, 6, 3;
EXEC dbo.INSERT_ORDER_FOOD 132, 7, 5;
EXEC dbo.INSERT_ORDER_FOOD 313, 8, 5;
EXEC dbo.INSERT_ORDER_FOOD 313, 8, 2;
EXEC dbo.INSERT_ORDER_FOOD 307, 8, 5;
EXEC dbo.INSERT_ORDER_FOOD 480, 9, 3;
EXEC dbo.INSERT_ORDER_FOOD 177, 9, 1;
EXEC dbo.INSERT_ORDER_FOOD 315, 9, 5;
EXEC dbo.INSERT_ORDER_FOOD 520, 9, 1;
EXEC dbo.INSERT_ORDER_FOOD 480, 10, 4;
EXEC dbo.INSERT_ORDER_FOOD 571, 11, 3;
EXEC dbo.INSERT_ORDER_FOOD 573, 11, 3;
EXEC dbo.INSERT_ORDER_FOOD 77, 11, 1;
EXEC dbo.INSERT_ORDER_FOOD 332, 11, 4;
EXEC dbo.INSERT_ORDER_FOOD 270, 11, 2;
EXEC dbo.INSERT_ORDER_FOOD 29, 12, 1;
EXEC dbo.INSERT_ORDER_FOOD 505, 12, 4;
EXEC dbo.INSERT_ORDER_FOOD 520, 13, 5;
EXEC dbo.INSERT_ORDER_FOOD 453, 13, 2;
EXEC dbo.INSERT_ORDER_FOOD 453, 13, 5;
EXEC dbo.INSERT_ORDER_FOOD 211, 14, 1;
EXEC dbo.INSERT_ORDER_FOOD 395, 14, 4;
EXEC dbo.INSERT_ORDER_FOOD 573, 14, 1;
EXEC dbo.INSERT_ORDER_FOOD 395, 14, 5;
EXEC dbo.INSERT_ORDER_FOOD 437, 14, 3;
EXEC dbo.INSERT_ORDER_FOOD 480, 14, 1;
EXEC dbo.INSERT_ORDER_FOOD 177, 14, 4;
EXEC dbo.INSERT_ORDER_FOOD 398, 14, 1;
EXEC dbo.INSERT_ORDER_FOOD 187, 14, 3;
EXEC dbo.INSERT_ORDER_FOOD 332, 15, 4;
EXEC dbo.INSERT_ORDER_FOOD 224, 15, 2;
EXEC dbo.INSERT_ORDER_FOOD 307, 15, 3;
EXEC dbo.INSERT_ORDER_FOOD 556, 16, 2;
EXEC dbo.INSERT_ORDER_FOOD 125, 16, 3;
EXEC dbo.INSERT_ORDER_FOOD 461, 16, 5;
EXEC dbo.INSERT_ORDER_FOOD 461, 16, 4;
EXEC dbo.INSERT_ORDER_FOOD 461, 17, 2;
EXEC dbo.INSERT_ORDER_FOOD 132, 17, 2;
EXEC dbo.INSERT_ORDER_FOOD 79, 17, 4;
EXEC dbo.INSERT_ORDER_FOOD 556, 17, 4;
EXEC dbo.INSERT_ORDER_FOOD 480, 17, 1;
EXEC dbo.INSERT_ORDER_FOOD 437, 17, 3;
EXEC dbo.INSERT_ORDER_FOOD 372, 17, 4;
EXEC dbo.INSERT_ORDER_FOOD 132, 17, 4;
EXEC dbo.INSERT_ORDER_FOOD 224, 18, 2;
EXEC dbo.INSERT_ORDER_FOOD 520, 18, 5;
EXEC dbo.INSERT_ORDER_FOOD 257, 18, 2;
EXEC dbo.INSERT_ORDER_FOOD 270, 18, 5;
EXEC dbo.INSERT_ORDER_FOOD 571, 18, 3;
EXEC dbo.INSERT_ORDER_FOOD 573, 18, 1;
EXEC dbo.INSERT_ORDER_FOOD 578, 19, 2;
EXEC dbo.INSERT_ORDER_FOOD 534, 19, 3;
EXEC dbo.INSERT_ORDER_FOOD 404, 19, 1;
EXEC dbo.INSERT_ORDER_FOOD 252, 19, 5;
EXEC dbo.INSERT_ORDER_FOOD 332, 19, 1;
EXEC dbo.INSERT_ORDER_FOOD 332, 20, 2;
EXEC dbo.INSERT_ORDER_FOOD 461, 20, 3;
EXEC dbo.INSERT_ORDER_FOOD 461, 20, 5;
EXEC dbo.INSERT_ORDER_FOOD 372, 20, 5;
EXEC dbo.INSERT_ORDER_FOOD 35, 21, 1;
EXEC dbo.INSERT_ORDER_FOOD 534, 21, 1;
EXEC dbo.INSERT_ORDER_FOOD 461, 21, 1;
EXEC dbo.INSERT_ORDER_FOOD 29, 21, 1;
EXEC dbo.INSERT_ORDER_FOOD 520, 21, 4;
EXEC dbo.INSERT_ORDER_FOOD 211, 21, 4;
EXEC dbo.INSERT_ORDER_FOOD 453, 21, 4;
EXEC dbo.INSERT_ORDER_FOOD 119, 22, 4;
EXEC dbo.INSERT_ORDER_FOOD 404, 22, 1;
EXEC dbo.INSERT_ORDER_FOOD 409, 22, 4;
EXEC dbo.INSERT_ORDER_FOOD 556, 22, 3;
EXEC dbo.INSERT_ORDER_FOOD 395, 22, 2;
EXEC dbo.INSERT_ORDER_FOOD 461, 22, 5;
EXEC dbo.INSERT_ORDER_FOOD 556, 22, 5;
EXEC dbo.INSERT_ORDER_FOOD 35, 22, 3;
EXEC dbo.INSERT_ORDER_FOOD 395, 22, 2;
EXEC dbo.INSERT_ORDER_FOOD 35, 22, 2;
EXEC dbo.INSERT_ORDER_FOOD 224, 23, 4;
EXEC dbo.INSERT_ORDER_FOOD 187, 23, 4;
EXEC dbo.INSERT_ORDER_FOOD 307, 23, 2;
EXEC dbo.INSERT_ORDER_FOOD 252, 23, 3;
EXEC dbo.INSERT_ORDER_FOOD 398, 23, 1;
EXEC dbo.INSERT_ORDER_FOOD 571, 23, 1;
EXEC dbo.INSERT_ORDER_FOOD 69, 23, 5;
EXEC dbo.INSERT_ORDER_FOOD 398, 23, 5;
EXEC dbo.INSERT_ORDER_FOOD 372, 23, 3;
EXEC dbo.INSERT_ORDER_FOOD 556, 24, 1;
EXEC dbo.INSERT_ORDER_FOOD 505, 24, 4;
EXEC dbo.INSERT_ORDER_FOOD 398, 24, 1;
EXEC dbo.INSERT_ORDER_FOOD 404, 24, 1;
EXEC dbo.INSERT_ORDER_FOOD 77, 24, 2;
EXEC dbo.INSERT_ORDER_FOOD 578, 25, 1;
EXEC dbo.INSERT_ORDER_FOOD 265, 25, 5;
EXEC dbo.INSERT_ORDER_FOOD 534, 25, 5;
EXEC dbo.INSERT_ORDER_FOOD 534, 25, 1;
EXEC dbo.INSERT_ORDER_FOOD 332, 26, 5;
EXEC dbo.INSERT_ORDER_FOOD 119, 27, 3;
EXEC dbo.INSERT_ORDER_FOOD 414, 27, 3;
EXEC dbo.INSERT_ORDER_FOOD 398, 27, 1;
EXEC dbo.INSERT_ORDER_FOOD 270, 27, 5;
EXEC dbo.INSERT_ORDER_FOOD 556, 27, 4;
EXEC dbo.INSERT_ORDER_FOOD 306, 28, 5;
EXEC dbo.INSERT_ORDER_FOOD 252, 28, 3;
EXEC dbo.INSERT_ORDER_FOOD 224, 28, 5;
EXEC dbo.INSERT_ORDER_FOOD 461, 28, 5;
EXEC dbo.INSERT_ORDER_FOOD 177, 28, 4;
EXEC dbo.INSERT_ORDER_FOOD 453, 28, 1;
EXEC dbo.INSERT_ORDER_FOOD 270, 29, 5;
EXEC dbo.INSERT_ORDER_FOOD 480, 29, 1;
EXEC dbo.INSERT_ORDER_FOOD 270, 29, 2;
EXEC dbo.INSERT_ORDER_FOOD 556, 29, 1;
EXEC dbo.INSERT_ORDER_FOOD 556, 29, 2;
EXEC dbo.INSERT_ORDER_FOOD 79, 30, 1;
EXEC dbo.INSERT_ORDER_FOOD 480, 30, 5;
EXEC dbo.INSERT_ORDER_FOOD 307, 30, 1;
EXEC dbo.INSERT_ORDER_FOOD 332, 30, 1;
EXEC dbo.INSERT_ORDER_FOOD 573, 30, 5;
EXEC dbo.INSERT_ORDER_FOOD 122, 30, 5;
EXEC dbo.INSERT_ORDER_FOOD 132, 31, 3;
EXEC dbo.INSERT_ORDER_FOOD 363, 31, 5;
EXEC dbo.INSERT_ORDER_FOOD 363, 31, 2;
EXEC dbo.INSERT_ORDER_FOOD 177, 31, 1;
EXEC dbo.INSERT_ORDER_FOOD 414, 31, 5;
EXEC dbo.INSERT_ORDER_FOOD 414, 31, 4;
EXEC dbo.INSERT_ORDER_FOOD 306, 31, 2;
EXEC dbo.INSERT_ORDER_FOOD 307, 31, 5;
EXEC dbo.INSERT_ORDER_FOOD 534, 31, 3;
EXEC dbo.INSERT_ORDER_FOOD 573, 31, 3;
EXEC dbo.INSERT_ORDER_FOOD 534, 32, 5;
EXEC dbo.INSERT_ORDER_FOOD 257, 32, 2;
EXEC dbo.INSERT_ORDER_FOOD 313, 32, 5;
EXEC dbo.INSERT_ORDER_FOOD 571, 32, 1;
EXEC dbo.INSERT_ORDER_FOOD 119, 33, 5;
EXEC dbo.INSERT_ORDER_FOOD 363, 33, 4;
EXEC dbo.INSERT_ORDER_FOOD 257, 33, 2;
EXEC dbo.INSERT_ORDER_FOOD 35, 33, 3;
EXEC dbo.INSERT_ORDER_FOOD 125, 34, 3;
EXEC dbo.INSERT_ORDER_FOOD 520, 34, 3;
EXEC dbo.INSERT_ORDER_FOOD 409, 34, 1;
EXEC dbo.INSERT_ORDER_FOOD 77, 34, 3;
EXEC dbo.INSERT_ORDER_FOOD 315, 34, 2;
EXEC dbo.INSERT_ORDER_FOOD 125, 34, 5;
EXEC dbo.INSERT_ORDER_FOOD 29, 34, 5;
EXEC dbo.INSERT_ORDER_FOOD 132, 34, 2;
EXEC dbo.INSERT_ORDER_FOOD 480, 34, 5;
EXEC dbo.INSERT_ORDER_FOOD 363, 35, 2;
EXEC dbo.INSERT_ORDER_FOOD 395, 35, 4;
EXEC dbo.INSERT_ORDER_FOOD 534, 35, 5;
EXEC dbo.INSERT_ORDER_FOOD 224, 35, 5;
EXEC dbo.INSERT_ORDER_FOOD 125, 36, 2;
EXEC dbo.INSERT_ORDER_FOOD 332, 37, 3;
EXEC dbo.INSERT_ORDER_FOOD 224, 37, 2;
EXEC dbo.INSERT_ORDER_FOOD 211, 37, 5;
EXEC dbo.INSERT_ORDER_FOOD 404, 37, 1;
EXEC dbo.INSERT_ORDER_FOOD 398, 37, 3;
EXEC dbo.INSERT_ORDER_FOOD 132, 37, 3;
EXEC dbo.INSERT_ORDER_FOOD 404, 37, 4;
EXEC dbo.INSERT_ORDER_FOOD 453, 37, 2;
EXEC dbo.INSERT_ORDER_FOOD 119, 37, 5;
EXEC dbo.INSERT_ORDER_FOOD 29, 38, 4;
EXEC dbo.INSERT_ORDER_FOOD 211, 38, 1;
EXEC dbo.INSERT_ORDER_FOOD 395, 38, 2;
EXEC dbo.INSERT_ORDER_FOOD 125, 38, 1;
EXEC dbo.INSERT_ORDER_FOOD 187, 38, 5;
EXEC dbo.INSERT_ORDER_FOOD 461, 38, 2;
EXEC dbo.INSERT_ORDER_FOOD 363, 38, 2;
EXEC dbo.INSERT_ORDER_FOOD 453, 38, 3;
EXEC dbo.INSERT_ORDER_FOOD 571, 38, 2;
EXEC dbo.INSERT_ORDER_FOOD 409, 38, 5;
EXEC dbo.INSERT_ORDER_FOOD 404, 39, 4;
EXEC dbo.INSERT_ORDER_FOOD 257, 39, 3;
EXEC dbo.INSERT_ORDER_FOOD 480, 40, 2;
EXEC dbo.INSERT_ORDER_FOOD 122, 40, 5;
EXEC dbo.INSERT_ORDER_FOOD 132, 40, 2;
EXEC dbo.INSERT_ORDER_FOOD 132, 40, 3;
EXEC dbo.INSERT_ORDER_FOOD 395, 40, 4;
EXEC dbo.INSERT_ORDER_FOOD 437, 40, 1;
EXEC dbo.INSERT_ORDER_FOOD 29, 40, 4;
EXEC dbo.INSERT_ORDER_FOOD 319, 1, 5;
EXEC dbo.INSERT_ORDER_FOOD 564, 1, 2;
EXEC dbo.INSERT_ORDER_FOOD 288, 1, 3;
EXEC dbo.INSERT_ORDER_FOOD 264, 1, 5;
EXEC dbo.INSERT_ORDER_FOOD 406, 1, 4;
EXEC dbo.INSERT_ORDER_FOOD 564, 2, 2;
EXEC dbo.INSERT_ORDER_FOOD 319, 2, 1;
EXEC dbo.INSERT_ORDER_FOOD 137, 3, 2;
EXEC dbo.INSERT_ORDER_FOOD 156, 3, 3;
EXEC dbo.INSERT_ORDER_FOOD 107, 3, 3;
EXEC dbo.INSERT_ORDER_FOOD 331, 4, 4;
EXEC dbo.INSERT_ORDER_FOOD 390, 4, 5;
EXEC dbo.INSERT_ORDER_FOOD 112, 4, 1;
EXEC dbo.INSERT_ORDER_FOOD 264, 4, 2;
EXEC dbo.INSERT_ORDER_FOOD 319, 4, 4;
EXEC dbo.INSERT_ORDER_FOOD 348, 4, 1;
EXEC dbo.INSERT_ORDER_FOOD 103, 4, 1;
EXEC dbo.INSERT_ORDER_FOOD 264, 4, 3;
EXEC dbo.INSERT_ORDER_FOOD 156, 4, 2;
EXEC dbo.INSERT_ORDER_FOOD 275, 4, 2;
EXEC dbo.INSERT_ORDER_FOOD 300, 5, 5;
EXEC dbo.INSERT_ORDER_FOOD 419, 5, 3;
EXEC dbo.INSERT_ORDER_FOOD 419, 5, 1;
EXEC dbo.INSERT_ORDER_FOOD 538, 5, 3;
EXEC dbo.INSERT_ORDER_FOOD 387, 5, 3;
EXEC dbo.INSERT_ORDER_FOOD 12, 5, 1;
EXEC dbo.INSERT_ORDER_FOOD 25, 6, 4;
EXEC dbo.INSERT_ORDER_FOOD 25, 7, 1;
EXEC dbo.INSERT_ORDER_FOOD 564, 7, 2;
EXEC dbo.INSERT_ORDER_FOOD 188, 7, 1;
EXEC dbo.INSERT_ORDER_FOOD 2, 7, 3;
EXEC dbo.INSERT_ORDER_FOOD 406, 8, 3;
EXEC dbo.INSERT_ORDER_FOOD 14, 8, 5;
EXEC dbo.INSERT_ORDER_FOOD 14, 8, 3;
EXEC dbo.INSERT_ORDER_FOOD 103, 9, 5;
EXEC dbo.INSERT_ORDER_FOOD 508, 9, 2;
EXEC dbo.INSERT_ORDER_FOOD 508, 10, 2;
EXEC dbo.INSERT_ORDER_FOOD 2, 10, 3;
EXEC dbo.INSERT_ORDER_FOOD 103, 10, 4;
EXEC dbo.INSERT_ORDER_FOOD 564, 10, 2;
EXEC dbo.INSERT_ORDER_FOOD 419, 10, 2;
EXEC dbo.INSERT_ORDER_FOOD 508, 11, 2;
EXEC dbo.INSERT_ORDER_FOOD 12, 11, 4;
EXEC dbo.INSERT_ORDER_FOOD 134, 11, 1;
EXEC dbo.INSERT_ORDER_FOOD 107, 11, 1;
EXEC dbo.INSERT_ORDER_FOOD 419, 11, 1;
EXEC dbo.INSERT_ORDER_FOOD 156, 11, 1;
EXEC dbo.INSERT_ORDER_FOOD 300, 12, 2;
EXEC dbo.INSERT_ORDER_FOOD 419, 12, 3;
EXEC dbo.INSERT_ORDER_FOOD 406, 12, 4;
EXEC dbo.INSERT_ORDER_FOOD 288, 12, 1;
EXEC dbo.INSERT_ORDER_FOOD 419, 12, 1;
EXEC dbo.INSERT_ORDER_FOOD 586, 12, 5;
EXEC dbo.INSERT_ORDER_FOOD 348, 13, 5;
EXEC dbo.INSERT_ORDER_FOOD 283, 13, 1;
EXEC dbo.INSERT_ORDER_FOOD 283, 14, 3;
EXEC dbo.INSERT_ORDER_FOOD 37, 14, 2;
EXEC dbo.INSERT_ORDER_FOOD 264, 14, 1;
EXEC dbo.INSERT_ORDER_FOOD 103, 14, 4;
EXEC dbo.INSERT_ORDER_FOOD 564, 14, 3;
EXEC dbo.INSERT_ORDER_FOOD 238, 14, 4;
EXEC dbo.INSERT_ORDER_FOOD 419, 14, 3;
EXEC dbo.INSERT_ORDER_FOOD 283, 14, 3;
EXEC dbo.INSERT_ORDER_FOOD 509, 14, 1;
EXEC dbo.INSERT_ORDER_FOOD 331, 15, 5;
EXEC dbo.INSERT_ORDER_FOOD 406, 15, 5;
EXEC dbo.INSERT_ORDER_FOOD 37, 15, 2;
EXEC dbo.INSERT_ORDER_FOOD 288, 15, 3;
EXEC dbo.INSERT_ORDER_FOOD 436, 15, 1;
EXEC dbo.INSERT_ORDER_FOOD 436, 15, 4;
EXEC dbo.INSERT_ORDER_FOOD 390, 15, 3;
EXEC dbo.INSERT_ORDER_FOOD 103, 16, 5;
EXEC dbo.INSERT_ORDER_FOOD 387, 17, 5;
EXEC dbo.INSERT_ORDER_FOOD 586, 17, 2;
EXEC dbo.INSERT_ORDER_FOOD 319, 17, 4;
EXEC dbo.INSERT_ORDER_FOOD 519, 17, 1;
EXEC dbo.INSERT_ORDER_FOOD 300, 18, 3;
EXEC dbo.INSERT_ORDER_FOOD 390, 18, 3;
EXEC dbo.INSERT_ORDER_FOOD 564, 18, 3;
EXEC dbo.INSERT_ORDER_FOOD 112, 19, 1;
EXEC dbo.INSERT_ORDER_FOOD 538, 19, 5;
EXEC dbo.INSERT_ORDER_FOOD 348, 19, 4;
EXEC dbo.INSERT_ORDER_FOOD 508, 19, 4;
EXEC dbo.INSERT_ORDER_FOOD 103, 19, 5;
EXEC dbo.INSERT_ORDER_FOOD 134, 19, 5;
EXEC dbo.INSERT_ORDER_FOOD 564, 20, 5;
EXEC dbo.INSERT_ORDER_FOOD 319, 20, 5;
EXEC dbo.INSERT_ORDER_FOOD 351, 20, 1;
EXEC dbo.INSERT_ORDER_FOOD 331, 20, 4;
EXEC dbo.INSERT_ORDER_FOOD 283, 20, 4;
EXEC dbo.INSERT_ORDER_FOOD 348, 20, 3;
EXEC dbo.INSERT_ORDER_FOOD 264, 20, 3;
EXEC dbo.INSERT_ORDER_FOOD 436, 21, 3;
EXEC dbo.INSERT_ORDER_FOOD 351, 21, 4;
EXEC dbo.INSERT_ORDER_FOOD 134, 21, 2;
EXEC dbo.INSERT_ORDER_FOOD 107, 21, 5;
EXEC dbo.INSERT_ORDER_FOOD 564, 22, 4;
EXEC dbo.INSERT_ORDER_FOOD 436, 22, 5;
EXEC dbo.INSERT_ORDER_FOOD 264, 22, 1;
EXEC dbo.INSERT_ORDER_FOOD 436, 22, 5;
EXEC dbo.INSERT_ORDER_FOOD 137, 22, 4;
EXEC dbo.INSERT_ORDER_FOOD 331, 22, 4;
EXEC dbo.INSERT_ORDER_FOOD 283, 22, 5;
EXEC dbo.INSERT_ORDER_FOOD 436, 22, 5;
EXEC dbo.INSERT_ORDER_FOOD 238, 22, 5;
EXEC dbo.INSERT_ORDER_FOOD 538, 22, 2;
EXEC dbo.INSERT_ORDER_FOOD 107, 23, 1;
EXEC dbo.INSERT_ORDER_FOOD 419, 23, 2;
EXEC dbo.INSERT_ORDER_FOOD 264, 23, 5;
EXEC dbo.INSERT_ORDER_FOOD 275, 23, 2;
EXEC dbo.INSERT_ORDER_FOOD 331, 23, 1;
EXEC dbo.INSERT_ORDER_FOOD 436, 24, 1;
EXEC dbo.INSERT_ORDER_FOOD 283, 24, 1;
EXEC dbo.INSERT_ORDER_FOOD 390, 24, 2;
EXEC dbo.INSERT_ORDER_FOOD 508, 24, 1;
EXEC dbo.INSERT_ORDER_FOOD 188, 24, 3;
EXEC dbo.INSERT_ORDER_FOOD 2, 24, 5;
EXEC dbo.INSERT_ORDER_FOOD 351, 24, 1;
EXEC dbo.INSERT_ORDER_FOOD 319, 24, 5;
EXEC dbo.INSERT_ORDER_FOOD 283, 24, 3;
EXEC dbo.INSERT_ORDER_FOOD 387, 24, 4;
EXEC dbo.INSERT_ORDER_FOOD 508, 25, 3;
EXEC dbo.INSERT_ORDER_FOOD 238, 25, 1;
EXEC dbo.INSERT_ORDER_FOOD 509, 25, 5;
EXEC dbo.INSERT_ORDER_FOOD 319, 25, 3;
EXEC dbo.INSERT_ORDER_FOOD 319, 25, 5;
EXEC dbo.INSERT_ORDER_FOOD 12, 25, 4;
EXEC dbo.INSERT_ORDER_FOOD 331, 25, 3;
EXEC dbo.INSERT_ORDER_FOOD 276, 26, 2;
EXEC dbo.INSERT_ORDER_FOOD 107, 26, 3;
EXEC dbo.INSERT_ORDER_FOOD 538, 26, 1;
EXEC dbo.INSERT_ORDER_FOOD 156, 26, 1;
EXEC dbo.INSERT_ORDER_FOOD 348, 26, 2;
EXEC dbo.INSERT_ORDER_FOOD 508, 26, 5;
EXEC dbo.INSERT_ORDER_FOOD 564, 26, 3;
EXEC dbo.INSERT_ORDER_FOOD 538, 27, 4;
EXEC dbo.INSERT_ORDER_FOOD 387, 28, 4;
EXEC dbo.INSERT_ORDER_FOOD 351, 28, 5;
EXEC dbo.INSERT_ORDER_FOOD 319, 28, 3;
EXEC dbo.INSERT_ORDER_FOOD 156, 28, 1;
EXEC dbo.INSERT_ORDER_FOOD 103, 28, 4;
EXEC dbo.INSERT_ORDER_FOOD 12, 28, 3;
EXEC dbo.INSERT_ORDER_FOOD 419, 29, 5;
EXEC dbo.INSERT_ORDER_FOOD 419, 29, 1;
EXEC dbo.INSERT_ORDER_FOOD 276, 29, 5;
EXEC dbo.INSERT_ORDER_FOOD 134, 29, 5;
EXEC dbo.INSERT_ORDER_FOOD 502, 29, 2;
EXEC dbo.INSERT_ORDER_FOOD 502, 29, 2;
EXEC dbo.INSERT_ORDER_FOOD 339, 29, 4;
EXEC dbo.INSERT_ORDER_FOOD 339, 29, 4;
EXEC dbo.INSERT_ORDER_FOOD 25, 29, 4;
EXEC dbo.INSERT_ORDER_FOOD 264, 30, 4;
EXEC dbo.INSERT_ORDER_FOOD 137, 30, 4;
EXEC dbo.INSERT_ORDER_FOOD 188, 30, 2;
EXEC dbo.INSERT_ORDER_FOOD 37, 30, 3;
EXEC dbo.INSERT_ORDER_FOOD 348, 30, 2;
EXEC dbo.INSERT_ORDER_FOOD 419, 30, 5;
EXEC dbo.INSERT_ORDER_FOOD 283, 31, 3;
EXEC dbo.INSERT_ORDER_FOOD 300, 31, 5;
EXEC dbo.INSERT_ORDER_FOOD 137, 31, 2;
EXEC dbo.INSERT_ORDER_FOOD 586, 31, 2;
EXEC dbo.INSERT_ORDER_FOOD 319, 31, 2;
EXEC dbo.INSERT_ORDER_FOOD 331, 32, 4;
EXEC dbo.INSERT_ORDER_FOOD 564, 32, 4;
EXEC dbo.INSERT_ORDER_FOOD 387, 32, 3;
EXEC dbo.INSERT_ORDER_FOOD 502, 32, 1;
EXEC dbo.INSERT_ORDER_FOOD 137, 32, 3;
EXEC dbo.INSERT_ORDER_FOOD 319, 32, 5;
EXEC dbo.INSERT_ORDER_FOOD 508, 32, 2;
EXEC dbo.INSERT_ORDER_FOOD 288, 32, 5;
EXEC dbo.INSERT_ORDER_FOOD 519, 32, 5;
EXEC dbo.INSERT_ORDER_FOOD 348, 32, 3;
EXEC dbo.INSERT_ORDER_FOOD 339, 33, 3;
EXEC dbo.INSERT_ORDER_FOOD 12, 33, 1;
EXEC dbo.INSERT_ORDER_FOOD 12, 34, 4;
EXEC dbo.INSERT_ORDER_FOOD 300, 34, 3;
EXEC dbo.INSERT_ORDER_FOOD 419, 34, 5;
EXEC dbo.INSERT_ORDER_FOOD 419, 35, 3;
EXEC dbo.INSERT_ORDER_FOOD 502, 35, 4;
EXEC dbo.INSERT_ORDER_FOOD 276, 35, 3;
EXEC dbo.INSERT_ORDER_FOOD 339, 35, 4;
EXEC dbo.INSERT_ORDER_FOOD 348, 35, 1;
EXEC dbo.INSERT_ORDER_FOOD 319, 35, 4;
EXEC dbo.INSERT_ORDER_FOOD 134, 35, 3;
EXEC dbo.INSERT_ORDER_FOOD 564, 36, 1;
EXEC dbo.INSERT_ORDER_FOOD 319, 36, 3;
EXEC dbo.INSERT_ORDER_FOOD 2, 36, 2;
EXEC dbo.INSERT_ORDER_FOOD 319, 37, 1;
EXEC dbo.INSERT_ORDER_FOOD 387, 37, 2;
EXEC dbo.INSERT_ORDER_FOOD 364, 37, 4;
EXEC dbo.INSERT_ORDER_FOOD 586, 37, 5;
EXEC dbo.INSERT_ORDER_FOOD 300, 37, 4;
EXEC dbo.INSERT_ORDER_FOOD 509, 37, 1;
EXEC dbo.INSERT_ORDER_FOOD 112, 37, 3;
EXEC dbo.INSERT_ORDER_FOOD 134, 37, 1;
EXEC dbo.INSERT_ORDER_FOOD 364, 38, 4;
EXEC dbo.INSERT_ORDER_FOOD 538, 39, 2;
EXEC dbo.INSERT_ORDER_FOOD 538, 39, 4;
EXEC dbo.INSERT_ORDER_FOOD 276, 39, 1;
EXEC dbo.INSERT_ORDER_FOOD 275, 39, 4;
EXEC dbo.INSERT_ORDER_FOOD 103, 39, 1;
EXEC dbo.INSERT_ORDER_FOOD 348, 39, 5;
EXEC dbo.INSERT_ORDER_FOOD 319, 39, 5;
EXEC dbo.INSERT_ORDER_FOOD 419, 39, 4;
EXEC dbo.INSERT_ORDER_FOOD 390, 40, 3;
EXEC dbo.INSERT_ORDER_FOOD 519, 40, 2;
EXEC dbo.INSERT_ORDER_FOOD 39, 1, 4;
EXEC dbo.INSERT_ORDER_FOOD 322, 1, 1;
EXEC dbo.INSERT_ORDER_FOOD 572, 1, 2;
EXEC dbo.INSERT_ORDER_FOOD 483, 1, 5;
EXEC dbo.INSERT_ORDER_FOOD 438, 1, 5;
EXEC dbo.INSERT_ORDER_FOOD 248, 1, 5;
EXEC dbo.INSERT_ORDER_FOOD 400, 1, 2;
EXEC dbo.INSERT_ORDER_FOOD 248, 2, 3;
EXEC dbo.INSERT_ORDER_FOOD 572, 2, 3;
EXEC dbo.INSERT_ORDER_FOOD 140, 2, 5;
EXEC dbo.INSERT_ORDER_FOOD 400, 2, 3;
EXEC dbo.INSERT_ORDER_FOOD 248, 2, 3;
EXEC dbo.INSERT_ORDER_FOOD 183, 3, 3;
EXEC dbo.INSERT_ORDER_FOOD 582, 3, 5;
EXEC dbo.INSERT_ORDER_FOOD 183, 3, 1;
EXEC dbo.INSERT_ORDER_FOOD 63, 3, 4;
EXEC dbo.INSERT_ORDER_FOOD 160, 4, 1;
EXEC dbo.INSERT_ORDER_FOOD 305, 4, 5;
EXEC dbo.INSERT_ORDER_FOOD 574, 4, 4;
EXEC dbo.INSERT_ORDER_FOOD 39, 4, 5;
EXEC dbo.INSERT_ORDER_FOOD 434, 4, 3;
EXEC dbo.INSERT_ORDER_FOOD 293, 4, 2;
EXEC dbo.INSERT_ORDER_FOOD 568, 4, 2;
EXEC dbo.INSERT_ORDER_FOOD 434, 5, 4;
EXEC dbo.INSERT_ORDER_FOOD 63, 5, 1;
EXEC dbo.INSERT_ORDER_FOOD 299, 5, 4;
EXEC dbo.INSERT_ORDER_FOOD 366, 5, 4;
EXEC dbo.INSERT_ORDER_FOOD 48, 5, 4;
EXEC dbo.INSERT_ORDER_FOOD 249, 5, 2;
EXEC dbo.INSERT_ORDER_FOOD 183, 5, 2;
EXEC dbo.INSERT_ORDER_FOOD 293, 5, 1;
EXEC dbo.INSERT_ORDER_FOOD 366, 5, 2;
EXEC dbo.INSERT_ORDER_FOOD 254, 6, 3;
EXEC dbo.INSERT_ORDER_FOOD 407, 6, 5;
EXEC dbo.INSERT_ORDER_FOOD 68, 6, 2;
EXEC dbo.INSERT_ORDER_FOOD 254, 6, 1;
EXEC dbo.INSERT_ORDER_FOOD 322, 6, 2;
EXEC dbo.INSERT_ORDER_FOOD 170, 6, 2;
EXEC dbo.INSERT_ORDER_FOOD 568, 7, 5;
EXEC dbo.INSERT_ORDER_FOOD 326, 7, 1;
EXEC dbo.INSERT_ORDER_FOOD 400, 7, 2;
EXEC dbo.INSERT_ORDER_FOOD 366, 7, 5;
EXEC dbo.INSERT_ORDER_FOOD 322, 7, 4;
EXEC dbo.INSERT_ORDER_FOOD 48, 7, 4;
EXEC dbo.INSERT_ORDER_FOOD 299, 7, 2;
EXEC dbo.INSERT_ORDER_FOOD 434, 7, 1;
EXEC dbo.INSERT_ORDER_FOOD 48, 8, 4;
EXEC dbo.INSERT_ORDER_FOOD 183, 8, 3;
EXEC dbo.INSERT_ORDER_FOOD 572, 8, 2;
EXEC dbo.INSERT_ORDER_FOOD 89, 8, 1;
EXEC dbo.INSERT_ORDER_FOOD 31, 8, 4;
EXEC dbo.INSERT_ORDER_FOOD 326, 8, 3;
EXEC dbo.INSERT_ORDER_FOOD 89, 8, 1;
EXEC dbo.INSERT_ORDER_FOOD 490, 8, 5;
EXEC dbo.INSERT_ORDER_FOOD 39, 9, 2;
EXEC dbo.INSERT_ORDER_FOOD 89, 9, 5;
EXEC dbo.INSERT_ORDER_FOOD 170, 9, 1;
EXEC dbo.INSERT_ORDER_FOOD 568, 9, 4;
EXEC dbo.INSERT_ORDER_FOOD 70, 9, 2;
EXEC dbo.INSERT_ORDER_FOOD 438, 9, 1;
EXEC dbo.INSERT_ORDER_FOOD 183, 9, 2;
EXEC dbo.INSERT_ORDER_FOOD 483, 9, 5;
EXEC dbo.INSERT_ORDER_FOOD 140, 9, 2;
EXEC dbo.INSERT_ORDER_FOOD 402, 9, 1;
EXEC dbo.INSERT_ORDER_FOOD 127, 10, 1;
EXEC dbo.INSERT_ORDER_FOOD 248, 10, 3;
EXEC dbo.INSERT_ORDER_FOOD 299, 10, 5;
EXEC dbo.INSERT_ORDER_FOOD 402, 10, 2;
EXEC dbo.INSERT_ORDER_FOOD 304, 10, 3;
EXEC dbo.INSERT_ORDER_FOOD 63, 10, 2;
EXEC dbo.INSERT_ORDER_FOOD 48, 11, 1;
EXEC dbo.INSERT_ORDER_FOOD 400, 11, 4;
EXEC dbo.INSERT_ORDER_FOOD 293, 11, 3;
EXEC dbo.INSERT_ORDER_FOOD 82, 12, 4;
EXEC dbo.INSERT_ORDER_FOOD 582, 12, 2;
EXEC dbo.INSERT_ORDER_FOOD 31, 12, 4;
EXEC dbo.INSERT_ORDER_FOOD 48, 12, 5;
EXEC dbo.INSERT_ORDER_FOOD 70, 12, 2;
EXEC dbo.INSERT_ORDER_FOOD 407, 12, 2;
EXEC dbo.INSERT_ORDER_FOOD 407, 12, 3;
EXEC dbo.INSERT_ORDER_FOOD 574, 12, 1;
EXEC dbo.INSERT_ORDER_FOOD 326, 13, 1;
EXEC dbo.INSERT_ORDER_FOOD 140, 13, 5;
EXEC dbo.INSERT_ORDER_FOOD 574, 13, 4;
EXEC dbo.INSERT_ORDER_FOOD 293, 13, 3;
EXEC dbo.INSERT_ORDER_FOOD 572, 13, 3;
EXEC dbo.INSERT_ORDER_FOOD 438, 13, 4;
EXEC dbo.INSERT_ORDER_FOOD 48, 13, 1;
EXEC dbo.INSERT_ORDER_FOOD 48, 13, 4;
EXEC dbo.INSERT_ORDER_FOOD 249, 14, 4;
EXEC dbo.INSERT_ORDER_FOOD 70, 15, 1;
EXEC dbo.INSERT_ORDER_FOOD 31, 15, 3;
EXEC dbo.INSERT_ORDER_FOOD 248, 15, 5;
EXEC dbo.INSERT_ORDER_FOOD 127, 15, 2;
EXEC dbo.INSERT_ORDER_FOOD 568, 15, 1;
EXEC dbo.INSERT_ORDER_FOOD 326, 15, 2;
EXEC dbo.INSERT_ORDER_FOOD 293, 16, 4;
EXEC dbo.INSERT_ORDER_FOOD 236, 16, 3;
EXEC dbo.INSERT_ORDER_FOOD 305, 16, 2;
EXEC dbo.INSERT_ORDER_FOOD 140, 16, 3;
EXEC dbo.INSERT_ORDER_FOOD 304, 17, 4;
EXEC dbo.INSERT_ORDER_FOOD 82, 17, 4;
EXEC dbo.INSERT_ORDER_FOOD 434, 17, 5;
EXEC dbo.INSERT_ORDER_FOOD 70, 18, 4;
EXEC dbo.INSERT_ORDER_FOOD 82, 19, 1;
EXEC dbo.INSERT_ORDER_FOOD 467, 20, 4;
EXEC dbo.INSERT_ORDER_FOOD 183, 20, 2;
EXEC dbo.INSERT_ORDER_FOOD 248, 21, 1;
EXEC dbo.INSERT_ORDER_FOOD 39, 21, 2;
EXEC dbo.INSERT_ORDER_FOOD 70, 21, 5;
EXEC dbo.INSERT_ORDER_FOOD 326, 22, 1;
EXEC dbo.INSERT_ORDER_FOOD 400, 22, 3;
EXEC dbo.INSERT_ORDER_FOOD 582, 22, 5;
EXEC dbo.INSERT_ORDER_FOOD 39, 22, 2;
EXEC dbo.INSERT_ORDER_FOOD 48, 22, 5;
EXEC dbo.INSERT_ORDER_FOOD 402, 22, 2;
EXEC dbo.INSERT_ORDER_FOOD 127, 22, 3;
EXEC dbo.INSERT_ORDER_FOOD 440, 22, 1;
EXEC dbo.INSERT_ORDER_FOOD 205, 23, 2;
EXEC dbo.INSERT_ORDER_FOOD 304, 23, 3;
EXEC dbo.INSERT_ORDER_FOOD 574, 23, 2;
EXEC dbo.INSERT_ORDER_FOOD 293, 23, 3;
EXEC dbo.INSERT_ORDER_FOOD 70, 23, 5;
EXEC dbo.INSERT_ORDER_FOOD 582, 23, 1;
EXEC dbo.INSERT_ORDER_FOOD 402, 23, 2;
EXEC dbo.INSERT_ORDER_FOOD 483, 23, 4;
EXEC dbo.INSERT_ORDER_FOOD 568, 23, 1;
EXEC dbo.INSERT_ORDER_FOOD 249, 24, 4;
EXEC dbo.INSERT_ORDER_FOOD 434, 24, 1;
EXEC dbo.INSERT_ORDER_FOOD 160, 25, 1;
EXEC dbo.INSERT_ORDER_FOOD 183, 25, 2;
EXEC dbo.INSERT_ORDER_FOOD 160, 25, 2;
EXEC dbo.INSERT_ORDER_FOOD 438, 25, 4;
EXEC dbo.INSERT_ORDER_FOOD 183, 25, 2;
EXEC dbo.INSERT_ORDER_FOOD 407, 25, 5;
EXEC dbo.INSERT_ORDER_FOOD 293, 26, 2;
EXEC dbo.INSERT_ORDER_FOOD 248, 26, 4;
EXEC dbo.INSERT_ORDER_FOOD 183, 26, 5;
EXEC dbo.INSERT_ORDER_FOOD 400, 27, 1;
EXEC dbo.INSERT_ORDER_FOOD 438, 27, 3;
EXEC dbo.INSERT_ORDER_FOOD 82, 27, 4;
EXEC dbo.INSERT_ORDER_FOOD 299, 27, 2;
EXEC dbo.INSERT_ORDER_FOOD 299, 27, 4;
EXEC dbo.INSERT_ORDER_FOOD 299, 27, 3;
EXEC dbo.INSERT_ORDER_FOOD 236, 27, 4;
EXEC dbo.INSERT_ORDER_FOOD 70, 27, 2;
EXEC dbo.INSERT_ORDER_FOOD 483, 27, 5;
EXEC dbo.INSERT_ORDER_FOOD 160, 28, 3;
EXEC dbo.INSERT_ORDER_FOOD 440, 28, 2;
EXEC dbo.INSERT_ORDER_FOOD 305, 28, 3;
EXEC dbo.INSERT_ORDER_FOOD 160, 28, 1;
EXEC dbo.INSERT_ORDER_FOOD 407, 28, 1;
EXEC dbo.INSERT_ORDER_FOOD 304, 28, 1;
EXEC dbo.INSERT_ORDER_FOOD 205, 28, 5;
EXEC dbo.INSERT_ORDER_FOOD 326, 28, 2;
EXEC dbo.INSERT_ORDER_FOOD 6, 28, 3;
EXEC dbo.INSERT_ORDER_FOOD 304, 28, 5;
EXEC dbo.INSERT_ORDER_FOOD 170, 29, 5;
EXEC dbo.INSERT_ORDER_FOOD 299, 29, 5;
EXEC dbo.INSERT_ORDER_FOOD 440, 29, 3;
EXEC dbo.INSERT_ORDER_FOOD 574, 29, 4;
EXEC dbo.INSERT_ORDER_FOOD 400, 29, 2;
EXEC dbo.INSERT_ORDER_FOOD 305, 29, 4;
EXEC dbo.INSERT_ORDER_FOOD 574, 30, 1;
EXEC dbo.INSERT_ORDER_FOOD 89, 30, 4;
EXEC dbo.INSERT_ORDER_FOOD 160, 30, 4;
EXEC dbo.INSERT_ORDER_FOOD 82, 30, 3;
EXEC dbo.INSERT_ORDER_FOOD 326, 31, 5;
EXEC dbo.INSERT_ORDER_FOOD 236, 31, 4;
EXEC dbo.INSERT_ORDER_FOOD 434, 31, 5;
EXEC dbo.INSERT_ORDER_FOOD 82, 31, 4;
EXEC dbo.INSERT_ORDER_FOOD 483, 31, 4;
EXEC dbo.INSERT_ORDER_FOOD 82, 31, 3;
EXEC dbo.INSERT_ORDER_FOOD 183, 31, 2;
EXEC dbo.INSERT_ORDER_FOOD 254, 31, 5;
EXEC dbo.INSERT_ORDER_FOOD 48, 31, 1;
EXEC dbo.INSERT_ORDER_FOOD 6, 32, 5;
EXEC dbo.INSERT_ORDER_FOOD 248, 32, 5;
EXEC dbo.INSERT_ORDER_FOOD 248, 32, 4;
EXEC dbo.INSERT_ORDER_FOOD 39, 32, 3;
EXEC dbo.INSERT_ORDER_FOOD 89, 32, 2;
EXEC dbo.INSERT_ORDER_FOOD 31, 32, 5;
EXEC dbo.INSERT_ORDER_FOOD 326, 33, 5;
EXEC dbo.INSERT_ORDER_FOOD 407, 34, 5;
EXEC dbo.INSERT_ORDER_FOOD 205, 34, 2;
EXEC dbo.INSERT_ORDER_FOOD 305, 34, 2;
EXEC dbo.INSERT_ORDER_FOOD 574, 34, 5;
EXEC dbo.INSERT_ORDER_FOOD 70, 35, 1;
EXEC dbo.INSERT_ORDER_FOOD 236, 35, 5;
EXEC dbo.INSERT_ORDER_FOOD 293, 35, 4;
EXEC dbo.INSERT_ORDER_FOOD 39, 35, 5;
EXEC dbo.INSERT_ORDER_FOOD 402, 35, 4;
EXEC dbo.INSERT_ORDER_FOOD 160, 35, 5;
EXEC dbo.INSERT_ORDER_FOOD 170, 35, 4;
EXEC dbo.INSERT_ORDER_FOOD 183, 35, 5;
EXEC dbo.INSERT_ORDER_FOOD 39, 36, 4;
EXEC dbo.INSERT_ORDER_FOOD 490, 37, 3;
EXEC dbo.INSERT_ORDER_FOOD 254, 37, 3;
EXEC dbo.INSERT_ORDER_FOOD 89, 37, 3;
EXEC dbo.INSERT_ORDER_FOOD 82, 37, 2;
EXEC dbo.INSERT_ORDER_FOOD 254, 37, 1;
EXEC dbo.INSERT_ORDER_FOOD 438, 37, 1;
EXEC dbo.INSERT_ORDER_FOOD 490, 38, 1;
EXEC dbo.INSERT_ORDER_FOOD 249, 38, 2;
EXEC dbo.INSERT_ORDER_FOOD 170, 38, 2;
EXEC dbo.INSERT_ORDER_FOOD 582, 38, 5;
EXEC dbo.INSERT_ORDER_FOOD 248, 39, 2;
EXEC dbo.INSERT_ORDER_FOOD 254, 39, 4;
EXEC dbo.INSERT_ORDER_FOOD 299, 39, 1;
EXEC dbo.INSERT_ORDER_FOOD 254, 39, 1;
EXEC dbo.INSERT_ORDER_FOOD 574, 39, 4;
EXEC dbo.INSERT_ORDER_FOOD 31, 40, 1;
EXEC dbo.INSERT_ORDER_FOOD 591, 40, 4;
EXEC dbo.INSERT_ORDER_FOOD 6, 40, 3;
EXEC dbo.INSERT_ORDER_FOOD 366, 40, 3;
EXEC dbo.INSERT_ORDER_FOOD 236, 40, 5;
EXEC dbo.INSERT_ORDER_FOOD 326, 40, 1;
EXEC dbo.INSERT_ORDER_FOOD 160, 40, 1;
EXEC dbo.INSERT_ORDER_FOOD 249, 40, 2;
INSERT INTO ONLINE_ORDER (ID_Online, TimeOrder) VALUES (1, '03:16:24');
INSERT INTO ONLINE_ORDER (ID_Online, TimeOrder) VALUES (2, '16:48:55');
INSERT INTO ONLINE_ORDER (ID_Online, TimeOrder) VALUES (3, '01:06:15');
INSERT INTO ONLINE_ORDER (ID_Online, TimeOrder) VALUES (4, '16:15:53');
INSERT INTO ONLINE_ORDER (ID_Online, TimeOrder) VALUES (5, '08:29:54');
INSERT INTO ONLINE_ORDER (ID_Online, TimeOrder) VALUES (6, '10:30:26');
INSERT INTO ONLINE_ORDER (ID_Online, TimeOrder) VALUES (7, '22:19:13');
INSERT INTO ONLINE_ORDER (ID_Online, TimeOrder) VALUES (8, '12:20:52');
INSERT INTO ONLINE_ORDER (ID_Online, TimeOrder) VALUES (9, '00:48:48');
INSERT INTO ONLINE_ORDER (ID_Online, TimeOrder) VALUES (10, '05:21:47');
INSERT INTO ONLINE_ORDER (ID_Online, TimeOrder) VALUES (11, '00:15:41');
INSERT INTO ONLINE_ORDER (ID_Online, TimeOrder) VALUES (12, '03:38:32');
INSERT INTO ONLINE_ORDER (ID_Online, TimeOrder) VALUES (13, '14:35:54');
INSERT INTO ONLINE_ORDER (ID_Online, TimeOrder) VALUES (14, '00:23:40');
INSERT INTO ONLINE_ORDER (ID_Online, TimeOrder) VALUES (15, '22:04:38');
INSERT INTO ONLINE_ORDER (ID_Online, TimeOrder) VALUES (16, '04:13:49');
INSERT INTO ONLINE_ORDER (ID_Online, TimeOrder) VALUES (17, '08:16:47');
INSERT INTO ONLINE_ORDER (ID_Online, TimeOrder) VALUES (18, '03:41:15');
INSERT INTO ONLINE_ORDER (ID_Online, TimeOrder) VALUES (19, '23:37:22');
INSERT INTO ONLINE_ORDER (ID_Online, TimeOrder) VALUES (20, '00:46:27');
INSERT INTO ONLINE_ORDER (ID_Online, TimeOrder) VALUES (21, '09:17:23');
INSERT INTO ONLINE_ORDER (ID_Online, TimeOrder) VALUES (22, '03:01:49');
INSERT INTO ONLINE_ORDER (ID_Online, TimeOrder) VALUES (23, '03:10:16');
INSERT INTO ONLINE_ORDER (ID_Online, TimeOrder) VALUES (24, '13:35:48');
INSERT INTO ONLINE_ORDER (ID_Online, TimeOrder) VALUES (25, '17:52:50');
INSERT INTO ONLINE_ORDER (ID_Online, TimeOrder) VALUES (26, '07:01:02');
INSERT INTO ONLINE_ORDER (ID_Online, TimeOrder) VALUES (27, '05:11:05');
INSERT INTO ONLINE_ORDER (ID_Online, TimeOrder) VALUES (28, '23:53:07');
INSERT INTO ONLINE_ORDER (ID_Online, TimeOrder) VALUES (29, '22:31:10');
INSERT INTO ONLINE_ORDER (ID_Online, TimeOrder) VALUES (30, '17:39:30');
INSERT INTO ONLINE_ORDER (ID_Online, TimeOrder) VALUES (31, '19:23:09');
INSERT INTO RESERVATION_ORDER (ID_Reservation, ID_Table, ArrivalTime, NumberOfPeople, Notes) VALUES (4, 15, '16:35:10', 5, NULL);
INSERT INTO RESERVATION_ORDER (ID_Reservation, ID_Table, ArrivalTime, NumberOfPeople, Notes) VALUES (5, 13, '14:30:49', 1, NULL);
INSERT INTO RESERVATION_ORDER (ID_Reservation, ID_Table, ArrivalTime, NumberOfPeople, Notes) VALUES (6, 8, '20:39:34', 4, NULL);
INSERT INTO RESERVATION_ORDER (ID_Reservation, ID_Table, ArrivalTime, NumberOfPeople, Notes) VALUES (7, 13, '19:36:30', 4, NULL);
INSERT INTO RESERVATION_ORDER (ID_Reservation, ID_Table, ArrivalTime, NumberOfPeople, Notes) VALUES (8, 23, '02:54:39', 7, NULL);
INSERT INTO RESERVATION_ORDER (ID_Reservation, ID_Table, ArrivalTime, NumberOfPeople, Notes) VALUES (9, 1, '11:15:17', 3, NULL);
INSERT INTO RESERVATION_ORDER (ID_Reservation, ID_Table, ArrivalTime, NumberOfPeople, Notes) VALUES (10, 13, '14:28:26', 3, NULL);
INSERT INTO RESERVATION_ORDER (ID_Reservation, ID_Table, ArrivalTime, NumberOfPeople, Notes) VALUES (11, 18, '05:55:32', 5, NULL);
INSERT INTO RESERVATION_ORDER (ID_Reservation, ID_Table, ArrivalTime, NumberOfPeople, Notes) VALUES (12, 22, '09:34:59', 1, NULL);
INSERT INTO RESERVATION_ORDER (ID_Reservation, ID_Table, ArrivalTime, NumberOfPeople, Notes) VALUES (13, 11, '20:07:10', 3, NULL);
INSERT INTO RESERVATION_ORDER (ID_Reservation, ID_Table, ArrivalTime, NumberOfPeople, Notes) VALUES (14, 7, '04:46:12', 4, NULL);
INSERT INTO RESERVATION_ORDER (ID_Reservation, ID_Table, ArrivalTime, NumberOfPeople, Notes) VALUES (15, 7, '15:18:18', 7, NULL);
INSERT INTO RESERVATION_ORDER (ID_Reservation, ID_Table, ArrivalTime, NumberOfPeople, Notes) VALUES (16, 8, '00:33:13', 5, NULL);
INSERT INTO RESERVATION_ORDER (ID_Reservation, ID_Table, ArrivalTime, NumberOfPeople, Notes) VALUES (17, 3, '15:35:42', 3, NULL);
INSERT INTO RESERVATION_ORDER (ID_Reservation, ID_Table, ArrivalTime, NumberOfPeople, Notes) VALUES (18, 22, '18:53:39', 5, NULL);
INSERT INTO RESERVATION_ORDER (ID_Reservation, ID_Table, ArrivalTime, NumberOfPeople, Notes) VALUES (19, 14, '16:38:24', 3, NULL);
INSERT INTO RESERVATION_ORDER (ID_Reservation, ID_Table, ArrivalTime, NumberOfPeople, Notes) VALUES (20, 7, '17:42:37', 1, NULL);
INSERT INTO RESERVATION_ORDER (ID_Reservation, ID_Table, ArrivalTime, NumberOfPeople, Notes) VALUES (21, 15, '12:46:53', 7, NULL);
INSERT INTO RESERVATION_ORDER (ID_Reservation, ID_Table, ArrivalTime, NumberOfPeople, Notes) VALUES (22, 19, '21:18:44', 2, NULL);
INSERT INTO RESERVATION_ORDER (ID_Reservation, ID_Table, ArrivalTime, NumberOfPeople, Notes) VALUES (23, 14, '14:16:03', 4, NULL);
INSERT INTO RESERVATION_ORDER (ID_Reservation, ID_Table, ArrivalTime, NumberOfPeople, Notes) VALUES (24, 9, '06:19:38', 7, NULL);
INSERT INTO RESERVATION_ORDER (ID_Reservation, ID_Table, ArrivalTime, NumberOfPeople, Notes) VALUES (25, 22, '00:14:03', 1, NULL);
INSERT INTO RESERVATION_ORDER (ID_Reservation, ID_Table, ArrivalTime, NumberOfPeople, Notes) VALUES (26, 4, '00:44:25', 4, NULL);
INSERT INTO RESERVATION_ORDER (ID_Reservation, ID_Table, ArrivalTime, NumberOfPeople, Notes) VALUES (27, 3, '20:29:14', 2, NULL);
INSERT INTO RESERVATION_ORDER (ID_Reservation, ID_Table, ArrivalTime, NumberOfPeople, Notes) VALUES (28, 2, '22:46:16', 3, NULL);
INSERT INTO RESERVATION_ORDER (ID_Reservation, ID_Table, ArrivalTime, NumberOfPeople, Notes) VALUES (29, 12, '05:40:51', 1, NULL);
INSERT INTO RESERVATION_ORDER (ID_Reservation, ID_Table, ArrivalTime, NumberOfPeople, Notes) VALUES (30, 8, '13:32:33', 7, NULL);
INSERT INTO RESERVATION_ORDER (ID_Reservation, ID_Table, ArrivalTime, NumberOfPeople, Notes) VALUES (31, 11, '20:53:19', 6, NULL);
INSERT INTO RESERVATION_ORDER (ID_Reservation, ID_Table, ArrivalTime, NumberOfPeople, Notes) VALUES (32, NULL, '23:00:04', 5, NULL);
INSERT INTO RESERVATION_ORDER (ID_Reservation, ID_Table, ArrivalTime, NumberOfPeople, Notes) VALUES (33, NULL, '02:47:11', 7, NULL);
INSERT INTO RESERVATION_ORDER (ID_Reservation, ID_Table, ArrivalTime, NumberOfPeople, Notes) VALUES (34, NULL, '18:43:02', 5, NULL);
INSERT INTO RESERVATION_ORDER (ID_Reservation, ID_Table, ArrivalTime, NumberOfPeople, Notes) VALUES (35, NULL, '06:53:43', 3, NULL);
INSERT INTO RESERVATION_ORDER (ID_Reservation, ID_Table, ArrivalTime, NumberOfPeople, Notes) VALUES (36, NULL, '00:07:32', 6, NULL);
INSERT INTO RESERVATION_ORDER (ID_Reservation, ID_Table, ArrivalTime, NumberOfPeople, Notes) VALUES (37, NULL, '17:28:51', 2, NULL);
INSERT INTO RESERVATION_ORDER (ID_Reservation, ID_Table, ArrivalTime, NumberOfPeople, Notes) VALUES (38, NULL, '17:58:25', 2, NULL);
INSERT INTO RESERVATION_ORDER (ID_Reservation, ID_Table, ArrivalTime, NumberOfPeople, Notes) VALUES (39, NULL, '11:40:45', 1, NULL);
INSERT INTO RESERVATION_ORDER (ID_Reservation, ID_Table, ArrivalTime, NumberOfPeople, Notes) VALUES (40, NULL, '10:37:29', 2, NULL);
INSERT INTO RESERVATION_ORDER (ID_Reservation, ID_Table, ArrivalTime, NumberOfPeople, Notes) VALUES (1, 43, '08:53:39', 3, NULL);
INSERT INTO RESERVATION_ORDER (ID_Reservation, ID_Table, ArrivalTime, NumberOfPeople, Notes) VALUES (2, 47, '18:26:05', 8, NULL);
INSERT INTO RESERVATION_ORDER (ID_Reservation, ID_Table, ArrivalTime, NumberOfPeople, Notes) VALUES (3, 40, '21:45:59', 1, NULL);
INSERT INTO RESERVATION_ORDER (ID_Reservation, ID_Table, ArrivalTime, NumberOfPeople, Notes) VALUES (4, 41, '10:35:17', 1, NULL);
INSERT INTO RESERVATION_ORDER (ID_Reservation, ID_Table, ArrivalTime, NumberOfPeople, Notes) VALUES (5, 49, '13:15:30', 3, NULL);
INSERT INTO RESERVATION_ORDER (ID_Reservation, ID_Table, ArrivalTime, NumberOfPeople, Notes) VALUES (6, 33, '19:29:11', 6, NULL);
INSERT INTO RESERVATION_ORDER (ID_Reservation, ID_Table, ArrivalTime, NumberOfPeople, Notes) VALUES (7, 24, '12:22:37', 6, NULL);
INSERT INTO RESERVATION_ORDER (ID_Reservation, ID_Table, ArrivalTime, NumberOfPeople, Notes) VALUES (8, 27, '12:32:11', 7, NULL);
INSERT INTO RESERVATION_ORDER (ID_Reservation, ID_Table, ArrivalTime, NumberOfPeople, Notes) VALUES (9, 35, '11:49:50', 8, NULL);
INSERT INTO RESERVATION_ORDER (ID_Reservation, ID_Table, ArrivalTime, NumberOfPeople, Notes) VALUES (10, 40, '15:41:37', 6, NULL);
INSERT INTO RESERVATION_ORDER (ID_Reservation, ID_Table, ArrivalTime, NumberOfPeople, Notes) VALUES (11, 45, '11:28:00', 1, NULL);
INSERT INTO RESERVATION_ORDER (ID_Reservation, ID_Table, ArrivalTime, NumberOfPeople, Notes) VALUES (12, 35, '00:58:17', 6, NULL);
INSERT INTO RESERVATION_ORDER (ID_Reservation, ID_Table, ArrivalTime, NumberOfPeople, Notes) VALUES (13, 41, '09:10:53', 5, NULL);
INSERT INTO RESERVATION_ORDER (ID_Reservation, ID_Table, ArrivalTime, NumberOfPeople, Notes) VALUES (14, 29, '23:14:19', 5, NULL);
INSERT INTO RESERVATION_ORDER (ID_Reservation, ID_Table, ArrivalTime, NumberOfPeople, Notes) VALUES (15, 28, '13:08:02', 3, NULL);
INSERT INTO RESERVATION_ORDER (ID_Reservation, ID_Table, ArrivalTime, NumberOfPeople, Notes) VALUES (16, 26, '08:24:46', 1, NULL);
INSERT INTO RESERVATION_ORDER (ID_Reservation, ID_Table, ArrivalTime, NumberOfPeople, Notes) VALUES (17, 37, '09:57:28', 2, NULL);
INSERT INTO RESERVATION_ORDER (ID_Reservation, ID_Table, ArrivalTime, NumberOfPeople, Notes) VALUES (18, 37, '16:24:55', 4, NULL);
INSERT INTO RESERVATION_ORDER (ID_Reservation, ID_Table, ArrivalTime, NumberOfPeople, Notes) VALUES (19, 27, '00:08:59', 1, NULL);
INSERT INTO RESERVATION_ORDER (ID_Reservation, ID_Table, ArrivalTime, NumberOfPeople, Notes) VALUES (20, 31, '10:51:29', 8, NULL);
INSERT INTO RESERVATION_ORDER (ID_Reservation, ID_Table, ArrivalTime, NumberOfPeople, Notes) VALUES (21, 46, '05:24:22', 8, NULL);
INSERT INTO RESERVATION_ORDER (ID_Reservation, ID_Table, ArrivalTime, NumberOfPeople, Notes) VALUES (22, 27, '12:46:59', 5, NULL);
INSERT INTO RESERVATION_ORDER (ID_Reservation, ID_Table, ArrivalTime, NumberOfPeople, Notes) VALUES (23, 28, '04:47:10', 2, NULL);
INSERT INTO RESERVATION_ORDER (ID_Reservation, ID_Table, ArrivalTime, NumberOfPeople, Notes) VALUES (24, 38, '12:20:29', 6, NULL);
INSERT INTO RESERVATION_ORDER (ID_Reservation, ID_Table, ArrivalTime, NumberOfPeople, Notes) VALUES (25, 28, '03:46:25', 3, NULL);
INSERT INTO RESERVATION_ORDER (ID_Reservation, ID_Table, ArrivalTime, NumberOfPeople, Notes) VALUES (26, 37, '06:26:41', 1, NULL);
INSERT INTO RESERVATION_ORDER (ID_Reservation, ID_Table, ArrivalTime, NumberOfPeople, Notes) VALUES (27, 37, '05:52:33', 4, NULL);
INSERT INTO RESERVATION_ORDER (ID_Reservation, ID_Table, ArrivalTime, NumberOfPeople, Notes) VALUES (28, 25, '07:19:20', 3, NULL);
INSERT INTO RESERVATION_ORDER (ID_Reservation, ID_Table, ArrivalTime, NumberOfPeople, Notes) VALUES (29, 40, '14:30:22', 8, NULL);
INSERT INTO RESERVATION_ORDER (ID_Reservation, ID_Table, ArrivalTime, NumberOfPeople, Notes) VALUES (30, 38, '17:20:05', 4, NULL);
INSERT INTO RESERVATION_ORDER (ID_Reservation, ID_Table, ArrivalTime, NumberOfPeople, Notes) VALUES (31, 40, '05:59:08', 6, NULL);
INSERT INTO RESERVATION_ORDER (ID_Reservation, ID_Table, ArrivalTime, NumberOfPeople, Notes) VALUES (32, NULL, '11:35:51', 2, NULL);
INSERT INTO RESERVATION_ORDER (ID_Reservation, ID_Table, ArrivalTime, NumberOfPeople, Notes) VALUES (33, NULL, '22:32:10', 6, NULL);
INSERT INTO RESERVATION_ORDER (ID_Reservation, ID_Table, ArrivalTime, NumberOfPeople, Notes) VALUES (34, NULL, '05:38:18', 6, NULL);
INSERT INTO RESERVATION_ORDER (ID_Reservation, ID_Table, ArrivalTime, NumberOfPeople, Notes) VALUES (35, NULL, '22:26:36', 7, NULL);
INSERT INTO RESERVATION_ORDER (ID_Reservation, ID_Table, ArrivalTime, NumberOfPeople, Notes) VALUES (36, NULL, '04:47:56', 2, NULL);
INSERT INTO RESERVATION_ORDER (ID_Reservation, ID_Table, ArrivalTime, NumberOfPeople, Notes) VALUES (37, NULL, '04:24:49', 4, NULL);
INSERT INTO RESERVATION_ORDER (ID_Reservation, ID_Table, ArrivalTime, NumberOfPeople, Notes) VALUES (38, NULL, '18:05:51', 1, NULL);
INSERT INTO RESERVATION_ORDER (ID_Reservation, ID_Table, ArrivalTime, NumberOfPeople, Notes) VALUES (39, NULL, '11:52:39', 4, NULL);
INSERT INTO RESERVATION_ORDER (ID_Reservation, ID_Table, ArrivalTime, NumberOfPeople, Notes) VALUES (40, NULL, '10:45:33', 8, NULL);
INSERT INTO RESERVATION_ORDER (ID_Reservation, ID_Table, ArrivalTime, NumberOfPeople, Notes) VALUES (1, 74, '06:54:40', 4, NULL);
INSERT INTO RESERVATION_ORDER (ID_Reservation, ID_Table, ArrivalTime, NumberOfPeople, Notes) VALUES (2, 75, '19:38:28', 1, NULL);
INSERT INTO RESERVATION_ORDER (ID_Reservation, ID_Table, ArrivalTime, NumberOfPeople, Notes) VALUES (3, 70, '17:51:50', 4, NULL);
INSERT INTO RESERVATION_ORDER (ID_Reservation, ID_Table, ArrivalTime, NumberOfPeople, Notes) VALUES (4, 77, '14:49:06', 6, NULL);
INSERT INTO RESERVATION_ORDER (ID_Reservation, ID_Table, ArrivalTime, NumberOfPeople, Notes) VALUES (5, 52, '22:15:33', 1, NULL);
INSERT INTO RESERVATION_ORDER (ID_Reservation, ID_Table, ArrivalTime, NumberOfPeople, Notes) VALUES (6, 67, '03:46:23', 2, NULL);
INSERT INTO RESERVATION_ORDER (ID_Reservation, ID_Table, ArrivalTime, NumberOfPeople, Notes) VALUES (7, 68, '06:29:32', 1, NULL);
INSERT INTO RESERVATION_ORDER (ID_Reservation, ID_Table, ArrivalTime, NumberOfPeople, Notes) VALUES (8, 66, '02:20:02', 1, NULL);
INSERT INTO RESERVATION_ORDER (ID_Reservation, ID_Table, ArrivalTime, NumberOfPeople, Notes) VALUES (9, 74, '04:09:28', 6, NULL);
INSERT INTO RESERVATION_ORDER (ID_Reservation, ID_Table, ArrivalTime, NumberOfPeople, Notes) VALUES (10, 65, '08:59:26', 3, NULL);
INSERT INTO RESERVATION_ORDER (ID_Reservation, ID_Table, ArrivalTime, NumberOfPeople, Notes) VALUES (11, 74, '04:24:57', 3, NULL);
INSERT INTO RESERVATION_ORDER (ID_Reservation, ID_Table, ArrivalTime, NumberOfPeople, Notes) VALUES (12, 76, '07:00:17', 8, NULL);
INSERT INTO RESERVATION_ORDER (ID_Reservation, ID_Table, ArrivalTime, NumberOfPeople, Notes) VALUES (13, 66, '23:17:10', 7, NULL);
INSERT INTO RESERVATION_ORDER (ID_Reservation, ID_Table, ArrivalTime, NumberOfPeople, Notes) VALUES (14, 67, '02:57:21', 3, NULL);
INSERT INTO RESERVATION_ORDER (ID_Reservation, ID_Table, ArrivalTime, NumberOfPeople, Notes) VALUES (15, 51, '01:51:32', 8, NULL);
INSERT INTO RESERVATION_ORDER (ID_Reservation, ID_Table, ArrivalTime, NumberOfPeople, Notes) VALUES (16, 77, '20:04:10', 2, NULL);
INSERT INTO RESERVATION_ORDER (ID_Reservation, ID_Table, ArrivalTime, NumberOfPeople, Notes) VALUES (17, 53, '12:50:33', 4, NULL);
INSERT INTO RESERVATION_ORDER (ID_Reservation, ID_Table, ArrivalTime, NumberOfPeople, Notes) VALUES (18, 71, '23:55:36', 5, NULL);
INSERT INTO RESERVATION_ORDER (ID_Reservation, ID_Table, ArrivalTime, NumberOfPeople, Notes) VALUES (19, 77, '22:36:41', 6, NULL);
INSERT INTO RESERVATION_ORDER (ID_Reservation, ID_Table, ArrivalTime, NumberOfPeople, Notes) VALUES (20, 69, '15:46:15', 7, NULL);
INSERT INTO RESERVATION_ORDER (ID_Reservation, ID_Table, ArrivalTime, NumberOfPeople, Notes) VALUES (21, 61, '23:39:20', 1, NULL);
INSERT INTO RESERVATION_ORDER (ID_Reservation, ID_Table, ArrivalTime, NumberOfPeople, Notes) VALUES (22, 72, '01:25:57', 2, NULL);
INSERT INTO RESERVATION_ORDER (ID_Reservation, ID_Table, ArrivalTime, NumberOfPeople, Notes) VALUES (23, 54, '19:33:28', 4, NULL);
INSERT INTO RESERVATION_ORDER (ID_Reservation, ID_Table, ArrivalTime, NumberOfPeople, Notes) VALUES (24, 58, '06:13:13', 2, NULL);
INSERT INTO RESERVATION_ORDER (ID_Reservation, ID_Table, ArrivalTime, NumberOfPeople, Notes) VALUES (25, 52, '02:30:59', 6, NULL);
INSERT INTO RESERVATION_ORDER (ID_Reservation, ID_Table, ArrivalTime, NumberOfPeople, Notes) VALUES (26, 62, '12:01:20', 1, NULL);
INSERT INTO RESERVATION_ORDER (ID_Reservation, ID_Table, ArrivalTime, NumberOfPeople, Notes) VALUES (27, 54, '05:51:31', 1, NULL);
INSERT INTO RESERVATION_ORDER (ID_Reservation, ID_Table, ArrivalTime, NumberOfPeople, Notes) VALUES (28, 53, '08:30:27', 1, NULL);
INSERT INTO RESERVATION_ORDER (ID_Reservation, ID_Table, ArrivalTime, NumberOfPeople, Notes) VALUES (29, 66, '10:46:40', 3, NULL);
INSERT INTO RESERVATION_ORDER (ID_Reservation, ID_Table, ArrivalTime, NumberOfPeople, Notes) VALUES (30, 63, '13:51:51', 8, NULL);
INSERT INTO RESERVATION_ORDER (ID_Reservation, ID_Table, ArrivalTime, NumberOfPeople, Notes) VALUES (31, 69, '22:37:27', 8, NULL);
INSERT INTO RESERVATION_ORDER (ID_Reservation, ID_Table, ArrivalTime, NumberOfPeople, Notes) VALUES (32, NULL, '13:08:06', 1, NULL);
INSERT INTO RESERVATION_ORDER (ID_Reservation, ID_Table, ArrivalTime, NumberOfPeople, Notes) VALUES (33, NULL, '00:48:51', 8, NULL);
INSERT INTO RESERVATION_ORDER (ID_Reservation, ID_Table, ArrivalTime, NumberOfPeople, Notes) VALUES (34, NULL, '18:48:31', 5, NULL);
INSERT INTO RESERVATION_ORDER (ID_Reservation, ID_Table, ArrivalTime, NumberOfPeople, Notes) VALUES (35, NULL, '14:51:31', 6, NULL);
INSERT INTO RESERVATION_ORDER (ID_Reservation, ID_Table, ArrivalTime, NumberOfPeople, Notes) VALUES (36, NULL, '20:20:47', 3, NULL);
INSERT INTO RESERVATION_ORDER (ID_Reservation, ID_Table, ArrivalTime, NumberOfPeople, Notes) VALUES (37, NULL, '13:07:24', 2, NULL);
INSERT INTO RESERVATION_ORDER (ID_Reservation, ID_Table, ArrivalTime, NumberOfPeople, Notes) VALUES (38, NULL, '09:34:15', 8, NULL);
INSERT INTO RESERVATION_ORDER (ID_Reservation, ID_Table, ArrivalTime, NumberOfPeople, Notes) VALUES (39, NULL, '04:04:49', 5, NULL);
INSERT INTO RESERVATION_ORDER (ID_Reservation, ID_Table, ArrivalTime, NumberOfPeople, Notes) VALUES (40, NULL, '17:18:54', 2, NULL);
INSERT INTO RESERVATION_ORDER (ID_Reservation, ID_Table, ArrivalTime, NumberOfPeople, Notes) VALUES (1, 85, '03:39:53', 5, NULL);
INSERT INTO RESERVATION_ORDER (ID_Reservation, ID_Table, ArrivalTime, NumberOfPeople, Notes) VALUES (2, 101, '14:15:34', 4, NULL);
INSERT INTO RESERVATION_ORDER (ID_Reservation, ID_Table, ArrivalTime, NumberOfPeople, Notes) VALUES (3, 90, '06:54:20', 2, NULL);
INSERT INTO RESERVATION_ORDER (ID_Reservation, ID_Table, ArrivalTime, NumberOfPeople, Notes) VALUES (4, 89, '23:03:47', 8, NULL);
INSERT INTO RESERVATION_ORDER (ID_Reservation, ID_Table, ArrivalTime, NumberOfPeople, Notes) VALUES (5, 98, '23:14:18', 5, NULL);
INSERT INTO RESERVATION_ORDER (ID_Reservation, ID_Table, ArrivalTime, NumberOfPeople, Notes) VALUES (6, 100, '00:31:29', 6, NULL);
INSERT INTO RESERVATION_ORDER (ID_Reservation, ID_Table, ArrivalTime, NumberOfPeople, Notes) VALUES (7, 98, '10:27:03', 1, NULL);
INSERT INTO RESERVATION_ORDER (ID_Reservation, ID_Table, ArrivalTime, NumberOfPeople, Notes) VALUES (8, 97, '03:11:17', 3, NULL);
INSERT INTO RESERVATION_ORDER (ID_Reservation, ID_Table, ArrivalTime, NumberOfPeople, Notes) VALUES (9, 90, '02:39:55', 2, NULL);
INSERT INTO RESERVATION_ORDER (ID_Reservation, ID_Table, ArrivalTime, NumberOfPeople, Notes) VALUES (10, 80, '06:54:39', 2, NULL);
INSERT INTO RESERVATION_ORDER (ID_Reservation, ID_Table, ArrivalTime, NumberOfPeople, Notes) VALUES (11, 84, '17:24:46', 3, NULL);
INSERT INTO RESERVATION_ORDER (ID_Reservation, ID_Table, ArrivalTime, NumberOfPeople, Notes) VALUES (12, 87, '09:33:42', 6, NULL);
INSERT INTO RESERVATION_ORDER (ID_Reservation, ID_Table, ArrivalTime, NumberOfPeople, Notes) VALUES (13, 100, '08:40:05', 7, NULL);
INSERT INTO RESERVATION_ORDER (ID_Reservation, ID_Table, ArrivalTime, NumberOfPeople, Notes) VALUES (14, 89, '03:33:23', 2, NULL);
INSERT INTO RESERVATION_ORDER (ID_Reservation, ID_Table, ArrivalTime, NumberOfPeople, Notes) VALUES (15, 80, '15:12:12', 8, NULL);
INSERT INTO RESERVATION_ORDER (ID_Reservation, ID_Table, ArrivalTime, NumberOfPeople, Notes) VALUES (16, 80, '00:25:23', 7, NULL);
INSERT INTO RESERVATION_ORDER (ID_Reservation, ID_Table, ArrivalTime, NumberOfPeople, Notes) VALUES (17, 80, '13:05:44', 1, NULL);
INSERT INTO RESERVATION_ORDER (ID_Reservation, ID_Table, ArrivalTime, NumberOfPeople, Notes) VALUES (18, 85, '04:44:54', 4, NULL);
INSERT INTO RESERVATION_ORDER (ID_Reservation, ID_Table, ArrivalTime, NumberOfPeople, Notes) VALUES (19, 97, '21:01:34', 4, NULL);
INSERT INTO RESERVATION_ORDER (ID_Reservation, ID_Table, ArrivalTime, NumberOfPeople, Notes) VALUES (20, 87, '05:34:49', 1, NULL);
INSERT INTO RESERVATION_ORDER (ID_Reservation, ID_Table, ArrivalTime, NumberOfPeople, Notes) VALUES (21, 94, '08:52:14', 1, NULL);
INSERT INTO RESERVATION_ORDER (ID_Reservation, ID_Table, ArrivalTime, NumberOfPeople, Notes) VALUES (22, 102, '09:49:20', 6, NULL);
INSERT INTO RESERVATION_ORDER (ID_Reservation, ID_Table, ArrivalTime, NumberOfPeople, Notes) VALUES (23, 102, '03:07:06', 3, NULL);
INSERT INTO RESERVATION_ORDER (ID_Reservation, ID_Table, ArrivalTime, NumberOfPeople, Notes) VALUES (24, 92, '07:36:23', 4, NULL);
INSERT INTO RESERVATION_ORDER (ID_Reservation, ID_Table, ArrivalTime, NumberOfPeople, Notes) VALUES (25, 100, '05:24:48', 4, NULL);
INSERT INTO RESERVATION_ORDER (ID_Reservation, ID_Table, ArrivalTime, NumberOfPeople, Notes) VALUES (26, 84, '08:41:07', 5, NULL);
INSERT INTO RESERVATION_ORDER (ID_Reservation, ID_Table, ArrivalTime, NumberOfPeople, Notes) VALUES (27, 89, '08:20:36', 2, NULL);
INSERT INTO RESERVATION_ORDER (ID_Reservation, ID_Table, ArrivalTime, NumberOfPeople, Notes) VALUES (28, 89, '00:26:43', 3, NULL);
INSERT INTO RESERVATION_ORDER (ID_Reservation, ID_Table, ArrivalTime, NumberOfPeople, Notes) VALUES (29, 87, '11:26:55', 8, NULL);
INSERT INTO RESERVATION_ORDER (ID_Reservation, ID_Table, ArrivalTime, NumberOfPeople, Notes) VALUES (30, 100, '19:58:51', 5, NULL);
INSERT INTO RESERVATION_ORDER (ID_Reservation, ID_Table, ArrivalTime, NumberOfPeople, Notes) VALUES (31, 86, '19:07:51', 2, NULL);
INSERT INTO RESERVATION_ORDER (ID_Reservation, ID_Table, ArrivalTime, NumberOfPeople, Notes) VALUES (32, NULL, '03:39:50', 8, NULL);
INSERT INTO RESERVATION_ORDER (ID_Reservation, ID_Table, ArrivalTime, NumberOfPeople, Notes) VALUES (33, NULL, '02:45:23', 7, NULL);
INSERT INTO RESERVATION_ORDER (ID_Reservation, ID_Table, ArrivalTime, NumberOfPeople, Notes) VALUES (34, NULL, '19:57:53', 6, NULL);
INSERT INTO RESERVATION_ORDER (ID_Reservation, ID_Table, ArrivalTime, NumberOfPeople, Notes) VALUES (35, NULL, '19:48:21', 6, NULL);
INSERT INTO RESERVATION_ORDER (ID_Reservation, ID_Table, ArrivalTime, NumberOfPeople, Notes) VALUES (36, NULL, '12:01:45', 6, NULL);
INSERT INTO RESERVATION_ORDER (ID_Reservation, ID_Table, ArrivalTime, NumberOfPeople, Notes) VALUES (37, NULL, '19:45:23', 4, NULL);
INSERT INTO RESERVATION_ORDER (ID_Reservation, ID_Table, ArrivalTime, NumberOfPeople, Notes) VALUES (38, NULL, '20:51:51', 5, NULL);
INSERT INTO RESERVATION_ORDER (ID_Reservation, ID_Table, ArrivalTime, NumberOfPeople, Notes) VALUES (39, NULL, '13:39:34', 8, NULL);
INSERT INTO RESERVATION_ORDER (ID_Reservation, ID_Table, ArrivalTime, NumberOfPeople, Notes) VALUES (40, NULL, '13:11:19', 2, NULL);
INSERT INTO RESERVATION_ORDER (ID_Reservation, ID_Table, ArrivalTime, NumberOfPeople, Notes) VALUES (1, 106, '22:43:10', 5, NULL);
INSERT INTO RESERVATION_ORDER (ID_Reservation, ID_Table, ArrivalTime, NumberOfPeople, Notes) VALUES (2, 126, '12:20:28', 7, NULL);
INSERT INTO RESERVATION_ORDER (ID_Reservation, ID_Table, ArrivalTime, NumberOfPeople, Notes) VALUES (3, 110, '18:31:47', 2, NULL);
INSERT INTO RESERVATION_ORDER (ID_Reservation, ID_Table, ArrivalTime, NumberOfPeople, Notes) VALUES (4, 121, '00:13:32', 3, NULL);
INSERT INTO RESERVATION_ORDER (ID_Reservation, ID_Table, ArrivalTime, NumberOfPeople, Notes) VALUES (5, 131, '01:03:14', 8, NULL);
INSERT INTO RESERVATION_ORDER (ID_Reservation, ID_Table, ArrivalTime, NumberOfPeople, Notes) VALUES (6, 121, '08:09:43', 6, NULL);
INSERT INTO RESERVATION_ORDER (ID_Reservation, ID_Table, ArrivalTime, NumberOfPeople, Notes) VALUES (7, 112, '15:19:49', 7, NULL);
INSERT INTO RESERVATION_ORDER (ID_Reservation, ID_Table, ArrivalTime, NumberOfPeople, Notes) VALUES (8, 119, '05:05:30', 8, NULL);
INSERT INTO RESERVATION_ORDER (ID_Reservation, ID_Table, ArrivalTime, NumberOfPeople, Notes) VALUES (9, 133, '13:22:51', 1, NULL);
INSERT INTO RESERVATION_ORDER (ID_Reservation, ID_Table, ArrivalTime, NumberOfPeople, Notes) VALUES (10, 111, '09:15:11', 4, NULL);
INSERT INTO RESERVATION_ORDER (ID_Reservation, ID_Table, ArrivalTime, NumberOfPeople, Notes) VALUES (11, 108, '20:46:55', 1, NULL);
INSERT INTO RESERVATION_ORDER (ID_Reservation, ID_Table, ArrivalTime, NumberOfPeople, Notes) VALUES (12, 115, '06:31:29', 3, NULL);
INSERT INTO RESERVATION_ORDER (ID_Reservation, ID_Table, ArrivalTime, NumberOfPeople, Notes) VALUES (13, 113, '04:43:59', 3, NULL);
INSERT INTO RESERVATION_ORDER (ID_Reservation, ID_Table, ArrivalTime, NumberOfPeople, Notes) VALUES (14, 126, '01:27:09', 3, NULL);
INSERT INTO RESERVATION_ORDER (ID_Reservation, ID_Table, ArrivalTime, NumberOfPeople, Notes) VALUES (15, 111, '22:26:48', 1, NULL);
INSERT INTO RESERVATION_ORDER (ID_Reservation, ID_Table, ArrivalTime, NumberOfPeople, Notes) VALUES (16, 115, '09:21:02', 4, NULL);
INSERT INTO RESERVATION_ORDER (ID_Reservation, ID_Table, ArrivalTime, NumberOfPeople, Notes) VALUES (17, 126, '17:54:06', 8, NULL);
INSERT INTO RESERVATION_ORDER (ID_Reservation, ID_Table, ArrivalTime, NumberOfPeople, Notes) VALUES (18, 129, '17:21:42', 5, NULL);
INSERT INTO RESERVATION_ORDER (ID_Reservation, ID_Table, ArrivalTime, NumberOfPeople, Notes) VALUES (19, 112, '04:21:33', 2, NULL);
INSERT INTO RESERVATION_ORDER (ID_Reservation, ID_Table, ArrivalTime, NumberOfPeople, Notes) VALUES (20, 121, '00:47:52', 5, NULL);
INSERT INTO RESERVATION_ORDER (ID_Reservation, ID_Table, ArrivalTime, NumberOfPeople, Notes) VALUES (21, 130, '03:47:03', 2, NULL);
INSERT INTO RESERVATION_ORDER (ID_Reservation, ID_Table, ArrivalTime, NumberOfPeople, Notes) VALUES (22, 120, '00:44:25', 8, NULL);
INSERT INTO RESERVATION_ORDER (ID_Reservation, ID_Table, ArrivalTime, NumberOfPeople, Notes) VALUES (23, 126, '09:25:42', 2, NULL);
INSERT INTO RESERVATION_ORDER (ID_Reservation, ID_Table, ArrivalTime, NumberOfPeople, Notes) VALUES (24, 131, '21:23:38', 5, NULL);
INSERT INTO RESERVATION_ORDER (ID_Reservation, ID_Table, ArrivalTime, NumberOfPeople, Notes) VALUES (25, 133, '20:24:12', 8, NULL);
INSERT INTO RESERVATION_ORDER (ID_Reservation, ID_Table, ArrivalTime, NumberOfPeople, Notes) VALUES (26, 117, '02:54:26', 4, NULL);
INSERT INTO RESERVATION_ORDER (ID_Reservation, ID_Table, ArrivalTime, NumberOfPeople, Notes) VALUES (27, 127, '17:33:09', 1, NULL);
INSERT INTO RESERVATION_ORDER (ID_Reservation, ID_Table, ArrivalTime, NumberOfPeople, Notes) VALUES (28, 108, '05:52:50', 5, NULL);
INSERT INTO RESERVATION_ORDER (ID_Reservation, ID_Table, ArrivalTime, NumberOfPeople, Notes) VALUES (29, 121, '11:05:14', 3, NULL);
INSERT INTO RESERVATION_ORDER (ID_Reservation, ID_Table, ArrivalTime, NumberOfPeople, Notes) VALUES (30, 130, '21:36:53', 3, NULL);
INSERT INTO RESERVATION_ORDER (ID_Reservation, ID_Table, ArrivalTime, NumberOfPeople, Notes) VALUES (31, 129, '00:49:59', 8, NULL);
INSERT INTO RESERVATION_ORDER (ID_Reservation, ID_Table, ArrivalTime, NumberOfPeople, Notes) VALUES (32, NULL, '16:45:03', 8, NULL);
INSERT INTO RESERVATION_ORDER (ID_Reservation, ID_Table, ArrivalTime, NumberOfPeople, Notes) VALUES (33, NULL, '15:37:32', 5, NULL);
INSERT INTO RESERVATION_ORDER (ID_Reservation, ID_Table, ArrivalTime, NumberOfPeople, Notes) VALUES (34, NULL, '03:15:01', 3, NULL);
INSERT INTO RESERVATION_ORDER (ID_Reservation, ID_Table, ArrivalTime, NumberOfPeople, Notes) VALUES (35, NULL, '04:57:32', 1, NULL);
INSERT INTO RESERVATION_ORDER (ID_Reservation, ID_Table, ArrivalTime, NumberOfPeople, Notes) VALUES (36, NULL, '18:01:01', 1, NULL);
INSERT INTO RESERVATION_ORDER (ID_Reservation, ID_Table, ArrivalTime, NumberOfPeople, Notes) VALUES (37, NULL, '08:30:27', 8, NULL);
INSERT INTO RESERVATION_ORDER (ID_Reservation, ID_Table, ArrivalTime, NumberOfPeople, Notes) VALUES (38, NULL, '09:15:41', 1, NULL);
INSERT INTO RESERVATION_ORDER (ID_Reservation, ID_Table, ArrivalTime, NumberOfPeople, Notes) VALUES (39, NULL, '19:33:54', 8, NULL);
INSERT INTO RESERVATION_ORDER (ID_Reservation, ID_Table, ArrivalTime, NumberOfPeople, Notes) VALUES (40, NULL, '10:49:59', 3, NULL);
INSERT INTO RESERVATION_ORDER (ID_Reservation, ID_Table, ArrivalTime, NumberOfPeople, Notes) VALUES (1, 137, '05:57:54', 6, NULL);
INSERT INTO RESERVATION_ORDER (ID_Reservation, ID_Table, ArrivalTime, NumberOfPeople, Notes) VALUES (2, 148, '19:41:34', 2, NULL);
INSERT INTO RESERVATION_ORDER (ID_Reservation, ID_Table, ArrivalTime, NumberOfPeople, Notes) VALUES (3, 137, '00:27:32', 5, NULL);
INSERT INTO RESERVATION_ORDER (ID_Reservation, ID_Table, ArrivalTime, NumberOfPeople, Notes) VALUES (4, 150, '09:16:37', 8, NULL);
INSERT INTO RESERVATION_ORDER (ID_Reservation, ID_Table, ArrivalTime, NumberOfPeople, Notes) VALUES (5, 141, '09:22:47', 2, NULL);
INSERT INTO RESERVATION_ORDER (ID_Reservation, ID_Table, ArrivalTime, NumberOfPeople, Notes) VALUES (6, 135, '12:19:20', 1, NULL);
INSERT INTO RESERVATION_ORDER (ID_Reservation, ID_Table, ArrivalTime, NumberOfPeople, Notes) VALUES (7, 142, '13:14:42', 3, NULL);
INSERT INTO RESERVATION_ORDER (ID_Reservation, ID_Table, ArrivalTime, NumberOfPeople, Notes) VALUES (8, 150, '10:43:56', 8, NULL);
INSERT INTO RESERVATION_ORDER (ID_Reservation, ID_Table, ArrivalTime, NumberOfPeople, Notes) VALUES (9, 149, '06:24:45', 3, NULL);
INSERT INTO RESERVATION_ORDER (ID_Reservation, ID_Table, ArrivalTime, NumberOfPeople, Notes) VALUES (10, 134, '02:10:02', 7, NULL);
INSERT INTO RESERVATION_ORDER (ID_Reservation, ID_Table, ArrivalTime, NumberOfPeople, Notes) VALUES (11, 157, '11:30:45', 5, NULL);
INSERT INTO RESERVATION_ORDER (ID_Reservation, ID_Table, ArrivalTime, NumberOfPeople, Notes) VALUES (12, 140, '20:01:55', 4, NULL);
INSERT INTO RESERVATION_ORDER (ID_Reservation, ID_Table, ArrivalTime, NumberOfPeople, Notes) VALUES (13, 136, '11:09:32', 8, NULL);
INSERT INTO RESERVATION_ORDER (ID_Reservation, ID_Table, ArrivalTime, NumberOfPeople, Notes) VALUES (14, 140, '12:39:18', 7, NULL);
INSERT INTO RESERVATION_ORDER (ID_Reservation, ID_Table, ArrivalTime, NumberOfPeople, Notes) VALUES (15, 143, '17:06:37', 6, NULL);
INSERT INTO RESERVATION_ORDER (ID_Reservation, ID_Table, ArrivalTime, NumberOfPeople, Notes) VALUES (16, 143, '15:59:29', 8, NULL);
INSERT INTO RESERVATION_ORDER (ID_Reservation, ID_Table, ArrivalTime, NumberOfPeople, Notes) VALUES (17, 134, '02:11:18', 4, NULL);
INSERT INTO RESERVATION_ORDER (ID_Reservation, ID_Table, ArrivalTime, NumberOfPeople, Notes) VALUES (18, 150, '15:21:36', 2, NULL);
INSERT INTO RESERVATION_ORDER (ID_Reservation, ID_Table, ArrivalTime, NumberOfPeople, Notes) VALUES (19, 149, '17:14:58', 6, NULL);
INSERT INTO RESERVATION_ORDER (ID_Reservation, ID_Table, ArrivalTime, NumberOfPeople, Notes) VALUES (20, 145, '07:12:38', 8, NULL);
INSERT INTO RESERVATION_ORDER (ID_Reservation, ID_Table, ArrivalTime, NumberOfPeople, Notes) VALUES (21, 150, '08:11:39', 1, NULL);
INSERT INTO RESERVATION_ORDER (ID_Reservation, ID_Table, ArrivalTime, NumberOfPeople, Notes) VALUES (22, 136, '20:28:16', 7, NULL);
INSERT INTO RESERVATION_ORDER (ID_Reservation, ID_Table, ArrivalTime, NumberOfPeople, Notes) VALUES (23, 141, '04:36:35', 3, NULL);
INSERT INTO RESERVATION_ORDER (ID_Reservation, ID_Table, ArrivalTime, NumberOfPeople, Notes) VALUES (24, 146, '17:15:56', 2, NULL);
INSERT INTO RESERVATION_ORDER (ID_Reservation, ID_Table, ArrivalTime, NumberOfPeople, Notes) VALUES (25, 152, '09:05:40', 2, NULL);
INSERT INTO RESERVATION_ORDER (ID_Reservation, ID_Table, ArrivalTime, NumberOfPeople, Notes) VALUES (26, 158, '00:08:46', 8, NULL);
INSERT INTO RESERVATION_ORDER (ID_Reservation, ID_Table, ArrivalTime, NumberOfPeople, Notes) VALUES (27, 156, '20:56:17', 3, NULL);
INSERT INTO RESERVATION_ORDER (ID_Reservation, ID_Table, ArrivalTime, NumberOfPeople, Notes) VALUES (28, 143, '06:38:57', 4, NULL);
INSERT INTO RESERVATION_ORDER (ID_Reservation, ID_Table, ArrivalTime, NumberOfPeople, Notes) VALUES (29, 158, '11:40:34', 3, NULL);
INSERT INTO RESERVATION_ORDER (ID_Reservation, ID_Table, ArrivalTime, NumberOfPeople, Notes) VALUES (30, 143, '07:45:50', 1, NULL);
INSERT INTO RESERVATION_ORDER (ID_Reservation, ID_Table, ArrivalTime, NumberOfPeople, Notes) VALUES (31, 153, '17:26:30', 6, NULL);
INSERT INTO RESERVATION_ORDER (ID_Reservation, ID_Table, ArrivalTime, NumberOfPeople, Notes) VALUES (32, NULL, '21:18:40', 1, NULL);
INSERT INTO RESERVATION_ORDER (ID_Reservation, ID_Table, ArrivalTime, NumberOfPeople, Notes) VALUES (33, NULL, '20:33:12', 6, NULL);
INSERT INTO RESERVATION_ORDER (ID_Reservation, ID_Table, ArrivalTime, NumberOfPeople, Notes) VALUES (34, NULL, '11:00:47', 2, NULL);
INSERT INTO RESERVATION_ORDER (ID_Reservation, ID_Table, ArrivalTime, NumberOfPeople, Notes) VALUES (35, NULL, '17:22:30', 7, NULL);
INSERT INTO RESERVATION_ORDER (ID_Reservation, ID_Table, ArrivalTime, NumberOfPeople, Notes) VALUES (36, NULL, '15:39:01', 5, NULL);
INSERT INTO RESERVATION_ORDER (ID_Reservation, ID_Table, ArrivalTime, NumberOfPeople, Notes) VALUES (37, NULL, '07:32:51', 6, NULL);
INSERT INTO RESERVATION_ORDER (ID_Reservation, ID_Table, ArrivalTime, NumberOfPeople, Notes) VALUES (38, NULL, '07:06:37', 8, NULL);
INSERT INTO RESERVATION_ORDER (ID_Reservation, ID_Table, ArrivalTime, NumberOfPeople, Notes) VALUES (39, NULL, '06:43:30', 5, NULL);
INSERT INTO RESERVATION_ORDER (ID_Reservation, ID_Table, ArrivalTime, NumberOfPeople, Notes) VALUES (40, NULL, '10:12:03', 3, NULL);
INSERT INTO RESERVATION_ORDER (ID_Reservation, ID_Table, ArrivalTime, NumberOfPeople, Notes) VALUES (1, 175, '17:57:34', 4, NULL);
INSERT INTO RESERVATION_ORDER (ID_Reservation, ID_Table, ArrivalTime, NumberOfPeople, Notes) VALUES (2, 174, '13:35:38', 1, NULL);
INSERT INTO RESERVATION_ORDER (ID_Reservation, ID_Table, ArrivalTime, NumberOfPeople, Notes) VALUES (3, 162, '15:42:06', 6, NULL);
INSERT INTO RESERVATION_ORDER (ID_Reservation, ID_Table, ArrivalTime, NumberOfPeople, Notes) VALUES (4, 177, '03:09:05', 4, NULL);
INSERT INTO RESERVATION_ORDER (ID_Reservation, ID_Table, ArrivalTime, NumberOfPeople, Notes) VALUES (5, 164, '02:12:43', 1, NULL);
INSERT INTO RESERVATION_ORDER (ID_Reservation, ID_Table, ArrivalTime, NumberOfPeople, Notes) VALUES (6, 178, '18:12:05', 6, NULL);
INSERT INTO RESERVATION_ORDER (ID_Reservation, ID_Table, ArrivalTime, NumberOfPeople, Notes) VALUES (7, 163, '19:45:40', 4, NULL);
INSERT INTO RESERVATION_ORDER (ID_Reservation, ID_Table, ArrivalTime, NumberOfPeople, Notes) VALUES (8, 174, '22:52:35', 3, NULL);
INSERT INTO RESERVATION_ORDER (ID_Reservation, ID_Table, ArrivalTime, NumberOfPeople, Notes) VALUES (9, 163, '21:39:10', 7, NULL);
INSERT INTO RESERVATION_ORDER (ID_Reservation, ID_Table, ArrivalTime, NumberOfPeople, Notes) VALUES (10, 168, '13:28:36', 4, NULL);
INSERT INTO RESERVATION_ORDER (ID_Reservation, ID_Table, ArrivalTime, NumberOfPeople, Notes) VALUES (11, 171, '13:04:30', 2, NULL);
INSERT INTO RESERVATION_ORDER (ID_Reservation, ID_Table, ArrivalTime, NumberOfPeople, Notes) VALUES (12, 176, '11:16:57', 6, NULL);
INSERT INTO RESERVATION_ORDER (ID_Reservation, ID_Table, ArrivalTime, NumberOfPeople, Notes) VALUES (13, 160, '09:20:28', 8, NULL);
INSERT INTO RESERVATION_ORDER (ID_Reservation, ID_Table, ArrivalTime, NumberOfPeople, Notes) VALUES (14, 172, '08:35:57', 7, NULL);
INSERT INTO RESERVATION_ORDER (ID_Reservation, ID_Table, ArrivalTime, NumberOfPeople, Notes) VALUES (15, 166, '06:16:56', 2, NULL);
INSERT INTO RESERVATION_ORDER (ID_Reservation, ID_Table, ArrivalTime, NumberOfPeople, Notes) VALUES (16, 178, '13:32:35', 4, NULL);
INSERT INTO RESERVATION_ORDER (ID_Reservation, ID_Table, ArrivalTime, NumberOfPeople, Notes) VALUES (17, 161, '14:46:48', 8, NULL);
INSERT INTO RESERVATION_ORDER (ID_Reservation, ID_Table, ArrivalTime, NumberOfPeople, Notes) VALUES (18, 170, '16:07:23', 4, NULL);
INSERT INTO RESERVATION_ORDER (ID_Reservation, ID_Table, ArrivalTime, NumberOfPeople, Notes) VALUES (19, 175, '16:20:37', 8, NULL);
INSERT INTO RESERVATION_ORDER (ID_Reservation, ID_Table, ArrivalTime, NumberOfPeople, Notes) VALUES (20, 165, '03:02:48', 4, NULL);
INSERT INTO RESERVATION_ORDER (ID_Reservation, ID_Table, ArrivalTime, NumberOfPeople, Notes) VALUES (21, 167, '18:32:12', 7, NULL);
INSERT INTO RESERVATION_ORDER (ID_Reservation, ID_Table, ArrivalTime, NumberOfPeople, Notes) VALUES (22, 159, '02:55:10', 4, NULL);
INSERT INTO RESERVATION_ORDER (ID_Reservation, ID_Table, ArrivalTime, NumberOfPeople, Notes) VALUES (23, 161, '00:17:03', 4, NULL);
INSERT INTO RESERVATION_ORDER (ID_Reservation, ID_Table, ArrivalTime, NumberOfPeople, Notes) VALUES (24, 168, '15:41:46', 5, NULL);
INSERT INTO RESERVATION_ORDER (ID_Reservation, ID_Table, ArrivalTime, NumberOfPeople, Notes) VALUES (25, 175, '13:50:09', 6, NULL);
INSERT INTO RESERVATION_ORDER (ID_Reservation, ID_Table, ArrivalTime, NumberOfPeople, Notes) VALUES (26, 174, '16:50:58', 2, NULL);
INSERT INTO RESERVATION_ORDER (ID_Reservation, ID_Table, ArrivalTime, NumberOfPeople, Notes) VALUES (27, 171, '00:55:11', 3, NULL);
INSERT INTO RESERVATION_ORDER (ID_Reservation, ID_Table, ArrivalTime, NumberOfPeople, Notes) VALUES (28, 165, '12:42:36', 7, NULL);
INSERT INTO RESERVATION_ORDER (ID_Reservation, ID_Table, ArrivalTime, NumberOfPeople, Notes) VALUES (29, 160, '13:59:57', 8, NULL);
INSERT INTO RESERVATION_ORDER (ID_Reservation, ID_Table, ArrivalTime, NumberOfPeople, Notes) VALUES (30, 171, '12:19:38', 3, NULL);
INSERT INTO RESERVATION_ORDER (ID_Reservation, ID_Table, ArrivalTime, NumberOfPeople, Notes) VALUES (31, 161, '23:20:03', 8, NULL);
INSERT INTO RESERVATION_ORDER (ID_Reservation, ID_Table, ArrivalTime, NumberOfPeople, Notes) VALUES (32, NULL, '10:11:27', 6, NULL);
INSERT INTO RESERVATION_ORDER (ID_Reservation, ID_Table, ArrivalTime, NumberOfPeople, Notes) VALUES (33, NULL, '05:22:11', 8, NULL);
INSERT INTO RESERVATION_ORDER (ID_Reservation, ID_Table, ArrivalTime, NumberOfPeople, Notes) VALUES (34, NULL, '11:49:14', 6, NULL);
INSERT INTO RESERVATION_ORDER (ID_Reservation, ID_Table, ArrivalTime, NumberOfPeople, Notes) VALUES (35, NULL, '05:16:51', 5, NULL);
INSERT INTO RESERVATION_ORDER (ID_Reservation, ID_Table, ArrivalTime, NumberOfPeople, Notes) VALUES (36, NULL, '03:18:49', 8, NULL);
INSERT INTO RESERVATION_ORDER (ID_Reservation, ID_Table, ArrivalTime, NumberOfPeople, Notes) VALUES (37, NULL, '18:17:25', 4, NULL);
INSERT INTO RESERVATION_ORDER (ID_Reservation, ID_Table, ArrivalTime, NumberOfPeople, Notes) VALUES (38, NULL, '08:27:38', 2, NULL);
INSERT INTO RESERVATION_ORDER (ID_Reservation, ID_Table, ArrivalTime, NumberOfPeople, Notes) VALUES (39, NULL, '16:06:22', 5, NULL);
INSERT INTO RESERVATION_ORDER (ID_Reservation, ID_Table, ArrivalTime, NumberOfPeople, Notes) VALUES (40, NULL, '06:51:24', 3, NULL);
INSERT INTO RESERVATION_ORDER (ID_Reservation, ID_Table, ArrivalTime, NumberOfPeople, Notes) VALUES (1, 184, '22:30:29', 7, NULL);
INSERT INTO RESERVATION_ORDER (ID_Reservation, ID_Table, ArrivalTime, NumberOfPeople, Notes) VALUES (2, 198, '05:47:36', 7, NULL);
INSERT INTO RESERVATION_ORDER (ID_Reservation, ID_Table, ArrivalTime, NumberOfPeople, Notes) VALUES (3, 188, '06:39:56', 5, NULL);
INSERT INTO RESERVATION_ORDER (ID_Reservation, ID_Table, ArrivalTime, NumberOfPeople, Notes) VALUES (4, 186, '02:52:12', 4, NULL);
INSERT INTO RESERVATION_ORDER (ID_Reservation, ID_Table, ArrivalTime, NumberOfPeople, Notes) VALUES (5, 194, '12:54:22', 3, NULL);
INSERT INTO RESERVATION_ORDER (ID_Reservation, ID_Table, ArrivalTime, NumberOfPeople, Notes) VALUES (6, 197, '23:28:08', 6, NULL);
INSERT INTO RESERVATION_ORDER (ID_Reservation, ID_Table, ArrivalTime, NumberOfPeople, Notes) VALUES (7, 182, '19:07:19', 5, NULL);
INSERT INTO RESERVATION_ORDER (ID_Reservation, ID_Table, ArrivalTime, NumberOfPeople, Notes) VALUES (8, 196, '16:43:40', 8, NULL);
INSERT INTO RESERVATION_ORDER (ID_Reservation, ID_Table, ArrivalTime, NumberOfPeople, Notes) VALUES (9, 192, '23:37:17', 7, NULL);
INSERT INTO RESERVATION_ORDER (ID_Reservation, ID_Table, ArrivalTime, NumberOfPeople, Notes) VALUES (10, 187, '12:31:28', 1, NULL);
INSERT INTO RESERVATION_ORDER (ID_Reservation, ID_Table, ArrivalTime, NumberOfPeople, Notes) VALUES (11, 182, '15:38:54', 3, NULL);
INSERT INTO RESERVATION_ORDER (ID_Reservation, ID_Table, ArrivalTime, NumberOfPeople, Notes) VALUES (12, 196, '05:02:48', 4, NULL);
INSERT INTO RESERVATION_ORDER (ID_Reservation, ID_Table, ArrivalTime, NumberOfPeople, Notes) VALUES (13, 197, '11:56:07', 6, NULL);
INSERT INTO RESERVATION_ORDER (ID_Reservation, ID_Table, ArrivalTime, NumberOfPeople, Notes) VALUES (14, 200, '09:06:33', 1, NULL);
INSERT INTO RESERVATION_ORDER (ID_Reservation, ID_Table, ArrivalTime, NumberOfPeople, Notes) VALUES (15, 180, '17:59:24', 2, NULL);
INSERT INTO RESERVATION_ORDER (ID_Reservation, ID_Table, ArrivalTime, NumberOfPeople, Notes) VALUES (16, 188, '03:52:14', 8, NULL);
INSERT INTO RESERVATION_ORDER (ID_Reservation, ID_Table, ArrivalTime, NumberOfPeople, Notes) VALUES (17, 185, '20:06:29', 7, NULL);
INSERT INTO RESERVATION_ORDER (ID_Reservation, ID_Table, ArrivalTime, NumberOfPeople, Notes) VALUES (18, 179, '09:11:15', 3, NULL);
INSERT INTO RESERVATION_ORDER (ID_Reservation, ID_Table, ArrivalTime, NumberOfPeople, Notes) VALUES (19, 198, '19:44:15', 8, NULL);
INSERT INTO RESERVATION_ORDER (ID_Reservation, ID_Table, ArrivalTime, NumberOfPeople, Notes) VALUES (20, 192, '00:51:47', 2, NULL);
INSERT INTO RESERVATION_ORDER (ID_Reservation, ID_Table, ArrivalTime, NumberOfPeople, Notes) VALUES (21, 192, '22:25:33', 5, NULL);
INSERT INTO RESERVATION_ORDER (ID_Reservation, ID_Table, ArrivalTime, NumberOfPeople, Notes) VALUES (22, 186, '02:31:01', 4, NULL);
INSERT INTO RESERVATION_ORDER (ID_Reservation, ID_Table, ArrivalTime, NumberOfPeople, Notes) VALUES (23, 183, '00:34:29', 2, NULL);
INSERT INTO RESERVATION_ORDER (ID_Reservation, ID_Table, ArrivalTime, NumberOfPeople, Notes) VALUES (24, 195, '03:47:58', 8, NULL);
INSERT INTO RESERVATION_ORDER (ID_Reservation, ID_Table, ArrivalTime, NumberOfPeople, Notes) VALUES (25, 189, '02:14:21', 3, NULL);
INSERT INTO RESERVATION_ORDER (ID_Reservation, ID_Table, ArrivalTime, NumberOfPeople, Notes) VALUES (26, 193, '13:38:39', 8, NULL);
INSERT INTO RESERVATION_ORDER (ID_Reservation, ID_Table, ArrivalTime, NumberOfPeople, Notes) VALUES (27, 194, '16:42:20', 2, NULL);
INSERT INTO RESERVATION_ORDER (ID_Reservation, ID_Table, ArrivalTime, NumberOfPeople, Notes) VALUES (28, 187, '19:51:42', 4, NULL);
INSERT INTO RESERVATION_ORDER (ID_Reservation, ID_Table, ArrivalTime, NumberOfPeople, Notes) VALUES (29, 179, '07:57:19', 5, NULL);
INSERT INTO RESERVATION_ORDER (ID_Reservation, ID_Table, ArrivalTime, NumberOfPeople, Notes) VALUES (30, 181, '10:50:32', 8, NULL);
INSERT INTO RESERVATION_ORDER (ID_Reservation, ID_Table, ArrivalTime, NumberOfPeople, Notes) VALUES (31, 183, '02:22:40', 6, NULL);
INSERT INTO RESERVATION_ORDER (ID_Reservation, ID_Table, ArrivalTime, NumberOfPeople, Notes) VALUES (32, NULL, '23:48:08', 7, NULL);
INSERT INTO RESERVATION_ORDER (ID_Reservation, ID_Table, ArrivalTime, NumberOfPeople, Notes) VALUES (33, NULL, '23:59:42', 6, NULL);
INSERT INTO RESERVATION_ORDER (ID_Reservation, ID_Table, ArrivalTime, NumberOfPeople, Notes) VALUES (34, NULL, '17:13:35', 3, NULL);
INSERT INTO RESERVATION_ORDER (ID_Reservation, ID_Table, ArrivalTime, NumberOfPeople, Notes) VALUES (35, NULL, '12:25:12', 5, NULL);
INSERT INTO RESERVATION_ORDER (ID_Reservation, ID_Table, ArrivalTime, NumberOfPeople, Notes) VALUES (36, NULL, '14:32:06', 2, NULL);
INSERT INTO RESERVATION_ORDER (ID_Reservation, ID_Table, ArrivalTime, NumberOfPeople, Notes) VALUES (37, NULL, '00:14:29', 1, NULL);
INSERT INTO RESERVATION_ORDER (ID_Reservation, ID_Table, ArrivalTime, NumberOfPeople, Notes) VALUES (38, NULL, '11:00:58', 8, NULL);
INSERT INTO RESERVATION_ORDER (ID_Reservation, ID_Table, ArrivalTime, NumberOfPeople, Notes) VALUES (39, NULL, '21:26:20', 6, NULL);
INSERT INTO RESERVATION_ORDER (ID_Reservation, ID_Table, ArrivalTime, NumberOfPeople, Notes) VALUES (40, NULL, '22:23:44', 7, NULL);
INSERT INTO RESERVATION_ORDER (ID_Reservation, ID_Table, ArrivalTime, NumberOfPeople, Notes) VALUES (1, 202, '17:57:55', 8, NULL);
INSERT INTO RESERVATION_ORDER (ID_Reservation, ID_Table, ArrivalTime, NumberOfPeople, Notes) VALUES (2, 221, '13:38:33', 6, NULL);
INSERT INTO RESERVATION_ORDER (ID_Reservation, ID_Table, ArrivalTime, NumberOfPeople, Notes) VALUES (3, 208, '08:56:04', 4, NULL);
INSERT INTO RESERVATION_ORDER (ID_Reservation, ID_Table, ArrivalTime, NumberOfPeople, Notes) VALUES (4, 211, '11:21:48', 1, NULL);
INSERT INTO RESERVATION_ORDER (ID_Reservation, ID_Table, ArrivalTime, NumberOfPeople, Notes) VALUES (5, 217, '03:26:22', 1, NULL);
INSERT INTO RESERVATION_ORDER (ID_Reservation, ID_Table, ArrivalTime, NumberOfPeople, Notes) VALUES (6, 220, '15:28:57', 3, NULL);
INSERT INTO RESERVATION_ORDER (ID_Reservation, ID_Table, ArrivalTime, NumberOfPeople, Notes) VALUES (7, 209, '06:37:40', 8, NULL);
INSERT INTO RESERVATION_ORDER (ID_Reservation, ID_Table, ArrivalTime, NumberOfPeople, Notes) VALUES (8, 216, '06:18:54', 5, NULL);
INSERT INTO RESERVATION_ORDER (ID_Reservation, ID_Table, ArrivalTime, NumberOfPeople, Notes) VALUES (9, 208, '18:20:13', 1, NULL);
INSERT INTO RESERVATION_ORDER (ID_Reservation, ID_Table, ArrivalTime, NumberOfPeople, Notes) VALUES (10, 222, '18:59:15', 2, NULL);
INSERT INTO RESERVATION_ORDER (ID_Reservation, ID_Table, ArrivalTime, NumberOfPeople, Notes) VALUES (11, 202, '19:18:01', 7, NULL);
INSERT INTO RESERVATION_ORDER (ID_Reservation, ID_Table, ArrivalTime, NumberOfPeople, Notes) VALUES (12, 219, '23:55:59', 7, NULL);
INSERT INTO RESERVATION_ORDER (ID_Reservation, ID_Table, ArrivalTime, NumberOfPeople, Notes) VALUES (13, 219, '06:33:19', 5, NULL);
INSERT INTO RESERVATION_ORDER (ID_Reservation, ID_Table, ArrivalTime, NumberOfPeople, Notes) VALUES (14, 215, '08:21:38', 2, NULL);
INSERT INTO RESERVATION_ORDER (ID_Reservation, ID_Table, ArrivalTime, NumberOfPeople, Notes) VALUES (15, 209, '19:04:58', 5, NULL);
INSERT INTO RESERVATION_ORDER (ID_Reservation, ID_Table, ArrivalTime, NumberOfPeople, Notes) VALUES (16, 205, '03:48:05', 7, NULL);
INSERT INTO RESERVATION_ORDER (ID_Reservation, ID_Table, ArrivalTime, NumberOfPeople, Notes) VALUES (17, 215, '03:14:18', 8, NULL);
INSERT INTO RESERVATION_ORDER (ID_Reservation, ID_Table, ArrivalTime, NumberOfPeople, Notes) VALUES (18, 217, '05:28:02', 1, NULL);
INSERT INTO RESERVATION_ORDER (ID_Reservation, ID_Table, ArrivalTime, NumberOfPeople, Notes) VALUES (19, 213, '18:30:02', 2, NULL);
INSERT INTO RESERVATION_ORDER (ID_Reservation, ID_Table, ArrivalTime, NumberOfPeople, Notes) VALUES (20, 214, '07:14:35', 4, NULL);
INSERT INTO RESERVATION_ORDER (ID_Reservation, ID_Table, ArrivalTime, NumberOfPeople, Notes) VALUES (21, 214, '18:33:02', 6, NULL);
INSERT INTO RESERVATION_ORDER (ID_Reservation, ID_Table, ArrivalTime, NumberOfPeople, Notes) VALUES (22, 214, '04:59:52', 5, NULL);
INSERT INTO RESERVATION_ORDER (ID_Reservation, ID_Table, ArrivalTime, NumberOfPeople, Notes) VALUES (23, 219, '22:38:01', 5, NULL);
INSERT INTO RESERVATION_ORDER (ID_Reservation, ID_Table, ArrivalTime, NumberOfPeople, Notes) VALUES (24, 205, '13:26:56', 6, NULL);
INSERT INTO RESERVATION_ORDER (ID_Reservation, ID_Table, ArrivalTime, NumberOfPeople, Notes) VALUES (25, 217, '18:39:27', 4, NULL);
INSERT INTO RESERVATION_ORDER (ID_Reservation, ID_Table, ArrivalTime, NumberOfPeople, Notes) VALUES (26, 207, '05:35:11', 8, NULL);
INSERT INTO RESERVATION_ORDER (ID_Reservation, ID_Table, ArrivalTime, NumberOfPeople, Notes) VALUES (27, 221, '15:55:56', 2, NULL);
INSERT INTO RESERVATION_ORDER (ID_Reservation, ID_Table, ArrivalTime, NumberOfPeople, Notes) VALUES (28, 218, '06:29:12', 2, NULL);
INSERT INTO RESERVATION_ORDER (ID_Reservation, ID_Table, ArrivalTime, NumberOfPeople, Notes) VALUES (29, 203, '03:34:37', 3, NULL);
INSERT INTO RESERVATION_ORDER (ID_Reservation, ID_Table, ArrivalTime, NumberOfPeople, Notes) VALUES (30, 210, '11:11:38', 1, NULL);
INSERT INTO RESERVATION_ORDER (ID_Reservation, ID_Table, ArrivalTime, NumberOfPeople, Notes) VALUES (31, 220, '10:05:09', 6, NULL);
INSERT INTO RESERVATION_ORDER (ID_Reservation, ID_Table, ArrivalTime, NumberOfPeople, Notes) VALUES (32, NULL, '22:29:57', 4, NULL);
INSERT INTO RESERVATION_ORDER (ID_Reservation, ID_Table, ArrivalTime, NumberOfPeople, Notes) VALUES (33, NULL, '21:05:08', 7, NULL);
INSERT INTO RESERVATION_ORDER (ID_Reservation, ID_Table, ArrivalTime, NumberOfPeople, Notes) VALUES (34, NULL, '21:20:15', 6, NULL);
INSERT INTO RESERVATION_ORDER (ID_Reservation, ID_Table, ArrivalTime, NumberOfPeople, Notes) VALUES (35, NULL, '06:33:20', 4, NULL);
INSERT INTO RESERVATION_ORDER (ID_Reservation, ID_Table, ArrivalTime, NumberOfPeople, Notes) VALUES (36, NULL, '20:33:52', 8, NULL);
INSERT INTO RESERVATION_ORDER (ID_Reservation, ID_Table, ArrivalTime, NumberOfPeople, Notes) VALUES (37, NULL, '13:40:33', 6, NULL);
INSERT INTO RESERVATION_ORDER (ID_Reservation, ID_Table, ArrivalTime, NumberOfPeople, Notes) VALUES (38, NULL, '13:53:35', 4, NULL);
INSERT INTO RESERVATION_ORDER (ID_Reservation, ID_Table, ArrivalTime, NumberOfPeople, Notes) VALUES (39, NULL, '02:59:29', 1, NULL);
INSERT INTO RESERVATION_ORDER (ID_Reservation, ID_Table, ArrivalTime, NumberOfPeople, Notes) VALUES (40, NULL, '23:50:42', 6, NULL);
INSERT INTO RESERVATION_ORDER (ID_Reservation, ID_Table, ArrivalTime, NumberOfPeople, Notes) VALUES (1, 225, '01:06:25', 1, NULL);
INSERT INTO RESERVATION_ORDER (ID_Reservation, ID_Table, ArrivalTime, NumberOfPeople, Notes) VALUES (2, 230, '14:19:14', 8, NULL);
INSERT INTO RESERVATION_ORDER (ID_Reservation, ID_Table, ArrivalTime, NumberOfPeople, Notes) VALUES (3, 224, '22:38:10', 1, NULL);
INSERT INTO RESERVATION_ORDER (ID_Reservation, ID_Table, ArrivalTime, NumberOfPeople, Notes) VALUES (4, 230, '16:31:21', 7, NULL);
INSERT INTO RESERVATION_ORDER (ID_Reservation, ID_Table, ArrivalTime, NumberOfPeople, Notes) VALUES (5, 235, '04:43:23', 1, NULL);
INSERT INTO RESERVATION_ORDER (ID_Reservation, ID_Table, ArrivalTime, NumberOfPeople, Notes) VALUES (6, 237, '19:24:35', 3, NULL);
INSERT INTO RESERVATION_ORDER (ID_Reservation, ID_Table, ArrivalTime, NumberOfPeople, Notes) VALUES (7, 226, '00:48:57', 7, NULL);
INSERT INTO RESERVATION_ORDER (ID_Reservation, ID_Table, ArrivalTime, NumberOfPeople, Notes) VALUES (8, 233, '02:57:23', 4, NULL);
INSERT INTO RESERVATION_ORDER (ID_Reservation, ID_Table, ArrivalTime, NumberOfPeople, Notes) VALUES (9, 230, '17:03:33', 3, NULL);
INSERT INTO RESERVATION_ORDER (ID_Reservation, ID_Table, ArrivalTime, NumberOfPeople, Notes) VALUES (10, 239, '20:54:15', 3, NULL);
INSERT INTO RESERVATION_ORDER (ID_Reservation, ID_Table, ArrivalTime, NumberOfPeople, Notes) VALUES (11, 238, '18:01:57', 6, NULL);
INSERT INTO RESERVATION_ORDER (ID_Reservation, ID_Table, ArrivalTime, NumberOfPeople, Notes) VALUES (12, 224, '09:30:51', 6, NULL);
INSERT INTO RESERVATION_ORDER (ID_Reservation, ID_Table, ArrivalTime, NumberOfPeople, Notes) VALUES (13, 225, '19:26:27', 5, NULL);
INSERT INTO RESERVATION_ORDER (ID_Reservation, ID_Table, ArrivalTime, NumberOfPeople, Notes) VALUES (14, 229, '10:06:42', 3, NULL);
INSERT INTO RESERVATION_ORDER (ID_Reservation, ID_Table, ArrivalTime, NumberOfPeople, Notes) VALUES (15, 224, '16:41:22', 6, NULL);
INSERT INTO RESERVATION_ORDER (ID_Reservation, ID_Table, ArrivalTime, NumberOfPeople, Notes) VALUES (16, 236, '07:11:55', 1, NULL);
INSERT INTO RESERVATION_ORDER (ID_Reservation, ID_Table, ArrivalTime, NumberOfPeople, Notes) VALUES (17, 236, '09:38:32', 6, NULL);
INSERT INTO RESERVATION_ORDER (ID_Reservation, ID_Table, ArrivalTime, NumberOfPeople, Notes) VALUES (18, 243, '19:28:52', 8, NULL);
INSERT INTO RESERVATION_ORDER (ID_Reservation, ID_Table, ArrivalTime, NumberOfPeople, Notes) VALUES (19, 228, '15:08:02', 5, NULL);
INSERT INTO RESERVATION_ORDER (ID_Reservation, ID_Table, ArrivalTime, NumberOfPeople, Notes) VALUES (20, 237, '16:45:22', 2, NULL);
INSERT INTO RESERVATION_ORDER (ID_Reservation, ID_Table, ArrivalTime, NumberOfPeople, Notes) VALUES (21, 233, '08:50:03', 3, NULL);
INSERT INTO RESERVATION_ORDER (ID_Reservation, ID_Table, ArrivalTime, NumberOfPeople, Notes) VALUES (22, 243, '20:59:24', 1, NULL);
INSERT INTO RESERVATION_ORDER (ID_Reservation, ID_Table, ArrivalTime, NumberOfPeople, Notes) VALUES (23, 224, '21:11:13', 6, NULL);
INSERT INTO RESERVATION_ORDER (ID_Reservation, ID_Table, ArrivalTime, NumberOfPeople, Notes) VALUES (24, 239, '21:27:54', 1, NULL);
INSERT INTO RESERVATION_ORDER (ID_Reservation, ID_Table, ArrivalTime, NumberOfPeople, Notes) VALUES (25, 228, '05:32:39', 7, NULL);
INSERT INTO RESERVATION_ORDER (ID_Reservation, ID_Table, ArrivalTime, NumberOfPeople, Notes) VALUES (26, 239, '12:56:32', 8, NULL);
INSERT INTO RESERVATION_ORDER (ID_Reservation, ID_Table, ArrivalTime, NumberOfPeople, Notes) VALUES (27, 227, '15:57:59', 4, NULL);
INSERT INTO RESERVATION_ORDER (ID_Reservation, ID_Table, ArrivalTime, NumberOfPeople, Notes) VALUES (28, 241, '11:01:31', 2, NULL);
INSERT INTO RESERVATION_ORDER (ID_Reservation, ID_Table, ArrivalTime, NumberOfPeople, Notes) VALUES (29, 237, '14:31:21', 1, NULL);
INSERT INTO RESERVATION_ORDER (ID_Reservation, ID_Table, ArrivalTime, NumberOfPeople, Notes) VALUES (30, 233, '14:24:58', 5, NULL);
INSERT INTO RESERVATION_ORDER (ID_Reservation, ID_Table, ArrivalTime, NumberOfPeople, Notes) VALUES (31, 231, '10:16:06', 6, NULL);
INSERT INTO RESERVATION_ORDER (ID_Reservation, ID_Table, ArrivalTime, NumberOfPeople, Notes) VALUES (32, NULL, '17:14:28', 2, NULL);
INSERT INTO RESERVATION_ORDER (ID_Reservation, ID_Table, ArrivalTime, NumberOfPeople, Notes) VALUES (33, NULL, '07:14:13', 3, NULL);
INSERT INTO RESERVATION_ORDER (ID_Reservation, ID_Table, ArrivalTime, NumberOfPeople, Notes) VALUES (34, NULL, '17:33:07', 8, NULL);
INSERT INTO RESERVATION_ORDER (ID_Reservation, ID_Table, ArrivalTime, NumberOfPeople, Notes) VALUES (35, NULL, '17:40:42', 1, NULL);
INSERT INTO RESERVATION_ORDER (ID_Reservation, ID_Table, ArrivalTime, NumberOfPeople, Notes) VALUES (36, NULL, '15:42:08', 6, NULL);
INSERT INTO RESERVATION_ORDER (ID_Reservation, ID_Table, ArrivalTime, NumberOfPeople, Notes) VALUES (37, NULL, '17:50:51', 2, NULL);
INSERT INTO RESERVATION_ORDER (ID_Reservation, ID_Table, ArrivalTime, NumberOfPeople, Notes) VALUES (38, NULL, '03:40:02', 4, NULL);
INSERT INTO RESERVATION_ORDER (ID_Reservation, ID_Table, ArrivalTime, NumberOfPeople, Notes) VALUES (39, NULL, '22:43:31', 2, NULL);
INSERT INTO RESERVATION_ORDER (ID_Reservation, ID_Table, ArrivalTime, NumberOfPeople, Notes) VALUES (40, NULL, '22:20:16', 7, NULL);
INSERT INTO RESERVATION_ORDER (ID_Reservation, ID_Table, ArrivalTime, NumberOfPeople, Notes) VALUES (1, 260, '21:56:57', 6, NULL);
INSERT INTO RESERVATION_ORDER (ID_Reservation, ID_Table, ArrivalTime, NumberOfPeople, Notes) VALUES (2, 266, '23:15:33', 5, NULL);
INSERT INTO RESERVATION_ORDER (ID_Reservation, ID_Table, ArrivalTime, NumberOfPeople, Notes) VALUES (3, 269, '10:06:38', 3, NULL);
INSERT INTO RESERVATION_ORDER (ID_Reservation, ID_Table, ArrivalTime, NumberOfPeople, Notes) VALUES (4, 246, '15:04:16', 1, NULL);
INSERT INTO RESERVATION_ORDER (ID_Reservation, ID_Table, ArrivalTime, NumberOfPeople, Notes) VALUES (5, 263, '02:13:29', 7, NULL);
INSERT INTO RESERVATION_ORDER (ID_Reservation, ID_Table, ArrivalTime, NumberOfPeople, Notes) VALUES (6, 251, '03:25:06', 7, NULL);
INSERT INTO RESERVATION_ORDER (ID_Reservation, ID_Table, ArrivalTime, NumberOfPeople, Notes) VALUES (7, 248, '12:42:06', 5, NULL);
INSERT INTO RESERVATION_ORDER (ID_Reservation, ID_Table, ArrivalTime, NumberOfPeople, Notes) VALUES (8, 267, '01:00:01', 1, NULL);
INSERT INTO RESERVATION_ORDER (ID_Reservation, ID_Table, ArrivalTime, NumberOfPeople, Notes) VALUES (9, 248, '17:51:08', 1, NULL);
INSERT INTO RESERVATION_ORDER (ID_Reservation, ID_Table, ArrivalTime, NumberOfPeople, Notes) VALUES (10, 258, '03:00:02', 2, NULL);
INSERT INTO RESERVATION_ORDER (ID_Reservation, ID_Table, ArrivalTime, NumberOfPeople, Notes) VALUES (11, 244, '06:32:52', 3, NULL);
INSERT INTO RESERVATION_ORDER (ID_Reservation, ID_Table, ArrivalTime, NumberOfPeople, Notes) VALUES (12, 257, '08:02:08', 5, NULL);
INSERT INTO RESERVATION_ORDER (ID_Reservation, ID_Table, ArrivalTime, NumberOfPeople, Notes) VALUES (13, 268, '19:25:56', 6, NULL);
INSERT INTO RESERVATION_ORDER (ID_Reservation, ID_Table, ArrivalTime, NumberOfPeople, Notes) VALUES (14, 249, '08:59:47', 7, NULL);
INSERT INTO RESERVATION_ORDER (ID_Reservation, ID_Table, ArrivalTime, NumberOfPeople, Notes) VALUES (15, 252, '11:12:50', 1, NULL);
INSERT INTO RESERVATION_ORDER (ID_Reservation, ID_Table, ArrivalTime, NumberOfPeople, Notes) VALUES (16, 251, '05:02:04', 6, NULL);
INSERT INTO RESERVATION_ORDER (ID_Reservation, ID_Table, ArrivalTime, NumberOfPeople, Notes) VALUES (17, 244, '19:09:50', 1, NULL);
INSERT INTO RESERVATION_ORDER (ID_Reservation, ID_Table, ArrivalTime, NumberOfPeople, Notes) VALUES (18, 264, '23:28:04', 3, NULL);
INSERT INTO RESERVATION_ORDER (ID_Reservation, ID_Table, ArrivalTime, NumberOfPeople, Notes) VALUES (19, 251, '11:05:21', 5, NULL);
INSERT INTO RESERVATION_ORDER (ID_Reservation, ID_Table, ArrivalTime, NumberOfPeople, Notes) VALUES (20, 262, '13:12:33', 3, NULL);
INSERT INTO RESERVATION_ORDER (ID_Reservation, ID_Table, ArrivalTime, NumberOfPeople, Notes) VALUES (21, 260, '11:27:53', 1, NULL);
INSERT INTO RESERVATION_ORDER (ID_Reservation, ID_Table, ArrivalTime, NumberOfPeople, Notes) VALUES (22, 257, '12:11:49', 6, NULL);
INSERT INTO RESERVATION_ORDER (ID_Reservation, ID_Table, ArrivalTime, NumberOfPeople, Notes) VALUES (23, 258, '02:55:20', 5, NULL);
INSERT INTO RESERVATION_ORDER (ID_Reservation, ID_Table, ArrivalTime, NumberOfPeople, Notes) VALUES (24, 246, '14:14:44', 5, NULL);
INSERT INTO RESERVATION_ORDER (ID_Reservation, ID_Table, ArrivalTime, NumberOfPeople, Notes) VALUES (25, 266, '06:28:49', 3, NULL);
INSERT INTO RESERVATION_ORDER (ID_Reservation, ID_Table, ArrivalTime, NumberOfPeople, Notes) VALUES (26, 245, '20:41:53', 6, NULL);
INSERT INTO RESERVATION_ORDER (ID_Reservation, ID_Table, ArrivalTime, NumberOfPeople, Notes) VALUES (27, 259, '05:31:56', 6, NULL);
INSERT INTO RESERVATION_ORDER (ID_Reservation, ID_Table, ArrivalTime, NumberOfPeople, Notes) VALUES (28, 259, '10:45:07', 1, NULL);
INSERT INTO RESERVATION_ORDER (ID_Reservation, ID_Table, ArrivalTime, NumberOfPeople, Notes) VALUES (29, 264, '01:59:22', 8, NULL);
INSERT INTO RESERVATION_ORDER (ID_Reservation, ID_Table, ArrivalTime, NumberOfPeople, Notes) VALUES (30, 264, '05:47:30', 1, NULL);
INSERT INTO RESERVATION_ORDER (ID_Reservation, ID_Table, ArrivalTime, NumberOfPeople, Notes) VALUES (31, 269, '03:05:29', 8, NULL);
INSERT INTO RESERVATION_ORDER (ID_Reservation, ID_Table, ArrivalTime, NumberOfPeople, Notes) VALUES (32, NULL, '13:59:30', 3, NULL);
INSERT INTO RESERVATION_ORDER (ID_Reservation, ID_Table, ArrivalTime, NumberOfPeople, Notes) VALUES (33, NULL, '20:38:26', 2, NULL);
INSERT INTO RESERVATION_ORDER (ID_Reservation, ID_Table, ArrivalTime, NumberOfPeople, Notes) VALUES (34, NULL, '03:27:33', 2, NULL);
INSERT INTO RESERVATION_ORDER (ID_Reservation, ID_Table, ArrivalTime, NumberOfPeople, Notes) VALUES (35, NULL, '14:12:44', 2, NULL);
INSERT INTO RESERVATION_ORDER (ID_Reservation, ID_Table, ArrivalTime, NumberOfPeople, Notes) VALUES (36, NULL, '12:00:14', 7, NULL);
INSERT INTO RESERVATION_ORDER (ID_Reservation, ID_Table, ArrivalTime, NumberOfPeople, Notes) VALUES (37, NULL, '00:47:10', 7, NULL);
INSERT INTO RESERVATION_ORDER (ID_Reservation, ID_Table, ArrivalTime, NumberOfPeople, Notes) VALUES (38, NULL, '16:31:39', 7, NULL);
INSERT INTO RESERVATION_ORDER (ID_Reservation, ID_Table, ArrivalTime, NumberOfPeople, Notes) VALUES (39, NULL, '22:59:59', 5, NULL);
INSERT INTO RESERVATION_ORDER (ID_Reservation, ID_Table, ArrivalTime, NumberOfPeople, Notes) VALUES (40, NULL, '02:49:44', 1, NULL);
INSERT INTO RESERVATION_ORDER (ID_Reservation, ID_Table, ArrivalTime, NumberOfPeople, Notes) VALUES (1, 271, '08:20:41', 8, NULL);
INSERT INTO RESERVATION_ORDER (ID_Reservation, ID_Table, ArrivalTime, NumberOfPeople, Notes) VALUES (2, 291, '03:20:55', 8, NULL);
INSERT INTO RESERVATION_ORDER (ID_Reservation, ID_Table, ArrivalTime, NumberOfPeople, Notes) VALUES (3, 279, '20:18:09', 5, NULL);
INSERT INTO RESERVATION_ORDER (ID_Reservation, ID_Table, ArrivalTime, NumberOfPeople, Notes) VALUES (4, 286, '05:29:15', 4, NULL);
INSERT INTO RESERVATION_ORDER (ID_Reservation, ID_Table, ArrivalTime, NumberOfPeople, Notes) VALUES (5, 272, '03:31:22', 4, NULL);
INSERT INTO RESERVATION_ORDER (ID_Reservation, ID_Table, ArrivalTime, NumberOfPeople, Notes) VALUES (6, 290, '04:49:43', 8, NULL);
INSERT INTO RESERVATION_ORDER (ID_Reservation, ID_Table, ArrivalTime, NumberOfPeople, Notes) VALUES (7, 275, '07:26:17', 8, NULL);
INSERT INTO RESERVATION_ORDER (ID_Reservation, ID_Table, ArrivalTime, NumberOfPeople, Notes) VALUES (8, 283, '13:23:33', 8, NULL);
INSERT INTO RESERVATION_ORDER (ID_Reservation, ID_Table, ArrivalTime, NumberOfPeople, Notes) VALUES (9, 281, '04:16:24', 7, NULL);
INSERT INTO RESERVATION_ORDER (ID_Reservation, ID_Table, ArrivalTime, NumberOfPeople, Notes) VALUES (10, 270, '12:26:45', 6, NULL);
INSERT INTO RESERVATION_ORDER (ID_Reservation, ID_Table, ArrivalTime, NumberOfPeople, Notes) VALUES (11, 292, '06:50:45', 5, NULL);
INSERT INTO RESERVATION_ORDER (ID_Reservation, ID_Table, ArrivalTime, NumberOfPeople, Notes) VALUES (12, 292, '19:28:58', 4, NULL);
INSERT INTO RESERVATION_ORDER (ID_Reservation, ID_Table, ArrivalTime, NumberOfPeople, Notes) VALUES (13, 292, '06:54:19', 7, NULL);
INSERT INTO RESERVATION_ORDER (ID_Reservation, ID_Table, ArrivalTime, NumberOfPeople, Notes) VALUES (14, 287, '17:03:14', 2, NULL);
INSERT INTO RESERVATION_ORDER (ID_Reservation, ID_Table, ArrivalTime, NumberOfPeople, Notes) VALUES (15, 278, '05:29:19', 2, NULL);
INSERT INTO RESERVATION_ORDER (ID_Reservation, ID_Table, ArrivalTime, NumberOfPeople, Notes) VALUES (16, 281, '14:02:39', 8, NULL);
INSERT INTO RESERVATION_ORDER (ID_Reservation, ID_Table, ArrivalTime, NumberOfPeople, Notes) VALUES (17, 288, '13:52:38', 3, NULL);
INSERT INTO RESERVATION_ORDER (ID_Reservation, ID_Table, ArrivalTime, NumberOfPeople, Notes) VALUES (18, 286, '14:06:30', 7, NULL);
INSERT INTO RESERVATION_ORDER (ID_Reservation, ID_Table, ArrivalTime, NumberOfPeople, Notes) VALUES (19, 291, '15:44:34', 3, NULL);
INSERT INTO RESERVATION_ORDER (ID_Reservation, ID_Table, ArrivalTime, NumberOfPeople, Notes) VALUES (20, 270, '10:15:46', 8, NULL);
INSERT INTO RESERVATION_ORDER (ID_Reservation, ID_Table, ArrivalTime, NumberOfPeople, Notes) VALUES (21, 281, '06:55:29', 7, NULL);
INSERT INTO RESERVATION_ORDER (ID_Reservation, ID_Table, ArrivalTime, NumberOfPeople, Notes) VALUES (22, 281, '08:01:27', 6, NULL);
INSERT INTO RESERVATION_ORDER (ID_Reservation, ID_Table, ArrivalTime, NumberOfPeople, Notes) VALUES (23, 276, '06:06:25', 2, NULL);
INSERT INTO RESERVATION_ORDER (ID_Reservation, ID_Table, ArrivalTime, NumberOfPeople, Notes) VALUES (24, 280, '17:58:18', 4, NULL);
INSERT INTO RESERVATION_ORDER (ID_Reservation, ID_Table, ArrivalTime, NumberOfPeople, Notes) VALUES (25, 287, '01:59:16', 7, NULL);
INSERT INTO RESERVATION_ORDER (ID_Reservation, ID_Table, ArrivalTime, NumberOfPeople, Notes) VALUES (26, 270, '16:24:42', 5, NULL);
INSERT INTO RESERVATION_ORDER (ID_Reservation, ID_Table, ArrivalTime, NumberOfPeople, Notes) VALUES (27, 276, '12:51:51', 3, NULL);
INSERT INTO RESERVATION_ORDER (ID_Reservation, ID_Table, ArrivalTime, NumberOfPeople, Notes) VALUES (28, 285, '08:56:47', 5, NULL);
INSERT INTO RESERVATION_ORDER (ID_Reservation, ID_Table, ArrivalTime, NumberOfPeople, Notes) VALUES (29, 278, '14:37:38', 5, NULL);
INSERT INTO RESERVATION_ORDER (ID_Reservation, ID_Table, ArrivalTime, NumberOfPeople, Notes) VALUES (30, 273, '02:26:40', 2, NULL);
INSERT INTO RESERVATION_ORDER (ID_Reservation, ID_Table, ArrivalTime, NumberOfPeople, Notes) VALUES (31, 281, '02:01:03', 6, NULL);
INSERT INTO RESERVATION_ORDER (ID_Reservation, ID_Table, ArrivalTime, NumberOfPeople, Notes) VALUES (32, NULL, '14:24:45', 1, NULL);
INSERT INTO RESERVATION_ORDER (ID_Reservation, ID_Table, ArrivalTime, NumberOfPeople, Notes) VALUES (33, NULL, '11:03:52', 3, NULL);
INSERT INTO RESERVATION_ORDER (ID_Reservation, ID_Table, ArrivalTime, NumberOfPeople, Notes) VALUES (34, NULL, '14:38:00', 5, NULL);
INSERT INTO RESERVATION_ORDER (ID_Reservation, ID_Table, ArrivalTime, NumberOfPeople, Notes) VALUES (35, NULL, '07:15:53', 3, NULL);
INSERT INTO RESERVATION_ORDER (ID_Reservation, ID_Table, ArrivalTime, NumberOfPeople, Notes) VALUES (36, NULL, '01:21:45', 6, NULL);
INSERT INTO RESERVATION_ORDER (ID_Reservation, ID_Table, ArrivalTime, NumberOfPeople, Notes) VALUES (37, NULL, '12:52:59', 2, NULL);
INSERT INTO RESERVATION_ORDER (ID_Reservation, ID_Table, ArrivalTime, NumberOfPeople, Notes) VALUES (38, NULL, '09:49:48', 8, NULL);
INSERT INTO RESERVATION_ORDER (ID_Reservation, ID_Table, ArrivalTime, NumberOfPeople, Notes) VALUES (39, NULL, '18:05:23', 8, NULL);
INSERT INTO RESERVATION_ORDER (ID_Reservation, ID_Table, ArrivalTime, NumberOfPeople, Notes) VALUES (40, NULL, '06:29:46', 2, NULL);
INSERT INTO RESERVATION_ORDER (ID_Reservation, ID_Table, ArrivalTime, NumberOfPeople, Notes) VALUES (1, 298, '09:59:21', 2, NULL);
INSERT INTO RESERVATION_ORDER (ID_Reservation, ID_Table, ArrivalTime, NumberOfPeople, Notes) VALUES (2, 309, '21:37:58', 7, NULL);
INSERT INTO RESERVATION_ORDER (ID_Reservation, ID_Table, ArrivalTime, NumberOfPeople, Notes) VALUES (3, 307, '17:25:26', 8, NULL);
INSERT INTO RESERVATION_ORDER (ID_Reservation, ID_Table, ArrivalTime, NumberOfPeople, Notes) VALUES (4, 300, '10:00:06', 3, NULL);
INSERT INTO RESERVATION_ORDER (ID_Reservation, ID_Table, ArrivalTime, NumberOfPeople, Notes) VALUES (5, 309, '18:05:04', 5, NULL);
INSERT INTO RESERVATION_ORDER (ID_Reservation, ID_Table, ArrivalTime, NumberOfPeople, Notes) VALUES (6, 295, '05:20:17', 6, NULL);
INSERT INTO RESERVATION_ORDER (ID_Reservation, ID_Table, ArrivalTime, NumberOfPeople, Notes) VALUES (7, 307, '18:01:31', 8, NULL);
INSERT INTO RESERVATION_ORDER (ID_Reservation, ID_Table, ArrivalTime, NumberOfPeople, Notes) VALUES (8, 311, '23:30:15', 3, NULL);
INSERT INTO RESERVATION_ORDER (ID_Reservation, ID_Table, ArrivalTime, NumberOfPeople, Notes) VALUES (9, 304, '14:22:35', 1, NULL);
INSERT INTO RESERVATION_ORDER (ID_Reservation, ID_Table, ArrivalTime, NumberOfPeople, Notes) VALUES (10, 307, '07:06:23', 2, NULL);
INSERT INTO RESERVATION_ORDER (ID_Reservation, ID_Table, ArrivalTime, NumberOfPeople, Notes) VALUES (11, 299, '17:04:25', 4, NULL);
INSERT INTO RESERVATION_ORDER (ID_Reservation, ID_Table, ArrivalTime, NumberOfPeople, Notes) VALUES (12, 305, '04:23:10', 3, NULL);
INSERT INTO RESERVATION_ORDER (ID_Reservation, ID_Table, ArrivalTime, NumberOfPeople, Notes) VALUES (13, 309, '18:50:10', 4, NULL);
INSERT INTO RESERVATION_ORDER (ID_Reservation, ID_Table, ArrivalTime, NumberOfPeople, Notes) VALUES (14, 302, '02:24:13', 6, NULL);
INSERT INTO RESERVATION_ORDER (ID_Reservation, ID_Table, ArrivalTime, NumberOfPeople, Notes) VALUES (15, 293, '05:58:52', 7, NULL);
INSERT INTO RESERVATION_ORDER (ID_Reservation, ID_Table, ArrivalTime, NumberOfPeople, Notes) VALUES (16, 305, '10:42:33', 4, NULL);
INSERT INTO RESERVATION_ORDER (ID_Reservation, ID_Table, ArrivalTime, NumberOfPeople, Notes) VALUES (17, 296, '07:11:10', 7, NULL);
INSERT INTO RESERVATION_ORDER (ID_Reservation, ID_Table, ArrivalTime, NumberOfPeople, Notes) VALUES (18, 299, '20:59:40', 1, NULL);
INSERT INTO RESERVATION_ORDER (ID_Reservation, ID_Table, ArrivalTime, NumberOfPeople, Notes) VALUES (19, 309, '08:48:03', 5, NULL);
INSERT INTO RESERVATION_ORDER (ID_Reservation, ID_Table, ArrivalTime, NumberOfPeople, Notes) VALUES (20, 304, '17:47:48', 1, NULL);
INSERT INTO RESERVATION_ORDER (ID_Reservation, ID_Table, ArrivalTime, NumberOfPeople, Notes) VALUES (21, 309, '01:57:43', 1, NULL);
INSERT INTO RESERVATION_ORDER (ID_Reservation, ID_Table, ArrivalTime, NumberOfPeople, Notes) VALUES (22, 296, '13:07:09', 1, NULL);
INSERT INTO RESERVATION_ORDER (ID_Reservation, ID_Table, ArrivalTime, NumberOfPeople, Notes) VALUES (23, 308, '19:51:35', 2, NULL);
INSERT INTO RESERVATION_ORDER (ID_Reservation, ID_Table, ArrivalTime, NumberOfPeople, Notes) VALUES (24, 294, '14:59:38', 7, NULL);
INSERT INTO RESERVATION_ORDER (ID_Reservation, ID_Table, ArrivalTime, NumberOfPeople, Notes) VALUES (25, 303, '21:12:35', 8, NULL);
INSERT INTO RESERVATION_ORDER (ID_Reservation, ID_Table, ArrivalTime, NumberOfPeople, Notes) VALUES (26, 295, '20:21:00', 1, NULL);
INSERT INTO RESERVATION_ORDER (ID_Reservation, ID_Table, ArrivalTime, NumberOfPeople, Notes) VALUES (27, 305, '05:48:57', 2, NULL);
INSERT INTO RESERVATION_ORDER (ID_Reservation, ID_Table, ArrivalTime, NumberOfPeople, Notes) VALUES (28, 298, '02:02:39', 2, NULL);
INSERT INTO RESERVATION_ORDER (ID_Reservation, ID_Table, ArrivalTime, NumberOfPeople, Notes) VALUES (29, 309, '05:12:27', 1, NULL);
INSERT INTO RESERVATION_ORDER (ID_Reservation, ID_Table, ArrivalTime, NumberOfPeople, Notes) VALUES (30, 303, '06:03:37', 7, NULL);
INSERT INTO RESERVATION_ORDER (ID_Reservation, ID_Table, ArrivalTime, NumberOfPeople, Notes) VALUES (31, 298, '00:48:46', 1, NULL);
INSERT INTO RESERVATION_ORDER (ID_Reservation, ID_Table, ArrivalTime, NumberOfPeople, Notes) VALUES (32, NULL, '23:43:21', 8, NULL);
INSERT INTO RESERVATION_ORDER (ID_Reservation, ID_Table, ArrivalTime, NumberOfPeople, Notes) VALUES (33, NULL, '21:23:29', 6, NULL);
INSERT INTO RESERVATION_ORDER (ID_Reservation, ID_Table, ArrivalTime, NumberOfPeople, Notes) VALUES (34, NULL, '02:51:56', 6, NULL);
INSERT INTO RESERVATION_ORDER (ID_Reservation, ID_Table, ArrivalTime, NumberOfPeople, Notes) VALUES (35, NULL, '08:28:49', 8, NULL);
INSERT INTO RESERVATION_ORDER (ID_Reservation, ID_Table, ArrivalTime, NumberOfPeople, Notes) VALUES (36, NULL, '03:47:28', 2, NULL);
INSERT INTO RESERVATION_ORDER (ID_Reservation, ID_Table, ArrivalTime, NumberOfPeople, Notes) VALUES (37, NULL, '20:38:11', 6, NULL);
INSERT INTO RESERVATION_ORDER (ID_Reservation, ID_Table, ArrivalTime, NumberOfPeople, Notes) VALUES (38, NULL, '20:18:55', 5, NULL);
INSERT INTO RESERVATION_ORDER (ID_Reservation, ID_Table, ArrivalTime, NumberOfPeople, Notes) VALUES (39, NULL, '02:53:15', 6, NULL);
INSERT INTO RESERVATION_ORDER (ID_Reservation, ID_Table, ArrivalTime, NumberOfPeople, Notes) VALUES (40, NULL, '14:50:42', 4, NULL);
INSERT INTO RESERVATION_ORDER (ID_Reservation, ID_Table, ArrivalTime, NumberOfPeople, Notes) VALUES (1, 313, '00:10:29', 2, NULL);
INSERT INTO RESERVATION_ORDER (ID_Reservation, ID_Table, ArrivalTime, NumberOfPeople, Notes) VALUES (2, 318, '09:04:15', 7, NULL);
INSERT INTO RESERVATION_ORDER (ID_Reservation, ID_Table, ArrivalTime, NumberOfPeople, Notes) VALUES (3, 320, '09:56:34', 6, NULL);
INSERT INTO RESERVATION_ORDER (ID_Reservation, ID_Table, ArrivalTime, NumberOfPeople, Notes) VALUES (4, 325, '05:29:10', 1, NULL);
INSERT INTO RESERVATION_ORDER (ID_Reservation, ID_Table, ArrivalTime, NumberOfPeople, Notes) VALUES (5, 323, '22:55:06', 1, NULL);
INSERT INTO RESERVATION_ORDER (ID_Reservation, ID_Table, ArrivalTime, NumberOfPeople, Notes) VALUES (6, 329, '08:43:47', 5, NULL);
INSERT INTO RESERVATION_ORDER (ID_Reservation, ID_Table, ArrivalTime, NumberOfPeople, Notes) VALUES (7, 330, '04:23:59', 3, NULL);
INSERT INTO RESERVATION_ORDER (ID_Reservation, ID_Table, ArrivalTime, NumberOfPeople, Notes) VALUES (8, 331, '03:33:25', 4, NULL);
INSERT INTO RESERVATION_ORDER (ID_Reservation, ID_Table, ArrivalTime, NumberOfPeople, Notes) VALUES (9, 327, '02:28:32', 1, NULL);
INSERT INTO RESERVATION_ORDER (ID_Reservation, ID_Table, ArrivalTime, NumberOfPeople, Notes) VALUES (10, 325, '04:01:55', 2, NULL);
INSERT INTO RESERVATION_ORDER (ID_Reservation, ID_Table, ArrivalTime, NumberOfPeople, Notes) VALUES (11, 330, '01:10:17', 8, NULL);
INSERT INTO RESERVATION_ORDER (ID_Reservation, ID_Table, ArrivalTime, NumberOfPeople, Notes) VALUES (12, 321, '10:23:01', 5, NULL);
INSERT INTO RESERVATION_ORDER (ID_Reservation, ID_Table, ArrivalTime, NumberOfPeople, Notes) VALUES (13, 322, '10:49:12', 7, NULL);
INSERT INTO RESERVATION_ORDER (ID_Reservation, ID_Table, ArrivalTime, NumberOfPeople, Notes) VALUES (14, 325, '20:21:53', 7, NULL);
INSERT INTO RESERVATION_ORDER (ID_Reservation, ID_Table, ArrivalTime, NumberOfPeople, Notes) VALUES (15, 325, '15:10:56', 4, NULL);
INSERT INTO RESERVATION_ORDER (ID_Reservation, ID_Table, ArrivalTime, NumberOfPeople, Notes) VALUES (16, 313, '17:36:04', 2, NULL);
INSERT INTO RESERVATION_ORDER (ID_Reservation, ID_Table, ArrivalTime, NumberOfPeople, Notes) VALUES (17, 325, '22:52:18', 3, NULL);
INSERT INTO RESERVATION_ORDER (ID_Reservation, ID_Table, ArrivalTime, NumberOfPeople, Notes) VALUES (18, 315, '06:08:34', 2, NULL);
INSERT INTO RESERVATION_ORDER (ID_Reservation, ID_Table, ArrivalTime, NumberOfPeople, Notes) VALUES (19, 317, '08:55:07', 4, NULL);
INSERT INTO RESERVATION_ORDER (ID_Reservation, ID_Table, ArrivalTime, NumberOfPeople, Notes) VALUES (20, 316, '03:57:32', 1, NULL);
INSERT INTO RESERVATION_ORDER (ID_Reservation, ID_Table, ArrivalTime, NumberOfPeople, Notes) VALUES (21, 319, '17:43:43', 2, NULL);
INSERT INTO RESERVATION_ORDER (ID_Reservation, ID_Table, ArrivalTime, NumberOfPeople, Notes) VALUES (22, 323, '23:19:17', 1, NULL);
INSERT INTO RESERVATION_ORDER (ID_Reservation, ID_Table, ArrivalTime, NumberOfPeople, Notes) VALUES (23, 314, '17:08:34', 6, NULL);
INSERT INTO RESERVATION_ORDER (ID_Reservation, ID_Table, ArrivalTime, NumberOfPeople, Notes) VALUES (24, 332, '21:50:25', 6, NULL);
INSERT INTO RESERVATION_ORDER (ID_Reservation, ID_Table, ArrivalTime, NumberOfPeople, Notes) VALUES (25, 315, '10:01:45', 3, NULL);
INSERT INTO RESERVATION_ORDER (ID_Reservation, ID_Table, ArrivalTime, NumberOfPeople, Notes) VALUES (26, 332, '15:34:16', 8, NULL);
INSERT INTO RESERVATION_ORDER (ID_Reservation, ID_Table, ArrivalTime, NumberOfPeople, Notes) VALUES (27, 330, '19:59:24', 6, NULL);
INSERT INTO RESERVATION_ORDER (ID_Reservation, ID_Table, ArrivalTime, NumberOfPeople, Notes) VALUES (28, 318, '17:03:05', 1, NULL);
INSERT INTO RESERVATION_ORDER (ID_Reservation, ID_Table, ArrivalTime, NumberOfPeople, Notes) VALUES (29, 329, '20:17:38', 2, NULL);
INSERT INTO RESERVATION_ORDER (ID_Reservation, ID_Table, ArrivalTime, NumberOfPeople, Notes) VALUES (30, 316, '23:09:00', 7, NULL);
INSERT INTO RESERVATION_ORDER (ID_Reservation, ID_Table, ArrivalTime, NumberOfPeople, Notes) VALUES (31, 313, '00:40:52', 6, NULL);
INSERT INTO RESERVATION_ORDER (ID_Reservation, ID_Table, ArrivalTime, NumberOfPeople, Notes) VALUES (32, NULL, '01:22:19', 7, NULL);
INSERT INTO RESERVATION_ORDER (ID_Reservation, ID_Table, ArrivalTime, NumberOfPeople, Notes) VALUES (33, NULL, '17:03:37', 3, NULL);
INSERT INTO RESERVATION_ORDER (ID_Reservation, ID_Table, ArrivalTime, NumberOfPeople, Notes) VALUES (34, NULL, '23:05:51', 1, NULL);
INSERT INTO RESERVATION_ORDER (ID_Reservation, ID_Table, ArrivalTime, NumberOfPeople, Notes) VALUES (35, NULL, '17:03:28', 1, NULL);
INSERT INTO RESERVATION_ORDER (ID_Reservation, ID_Table, ArrivalTime, NumberOfPeople, Notes) VALUES (36, NULL, '12:02:11', 1, NULL);
INSERT INTO RESERVATION_ORDER (ID_Reservation, ID_Table, ArrivalTime, NumberOfPeople, Notes) VALUES (37, NULL, '21:31:59', 8, NULL);
INSERT INTO RESERVATION_ORDER (ID_Reservation, ID_Table, ArrivalTime, NumberOfPeople, Notes) VALUES (38, NULL, '20:09:07', 6, NULL);
INSERT INTO RESERVATION_ORDER (ID_Reservation, ID_Table, ArrivalTime, NumberOfPeople, Notes) VALUES (39, NULL, '07:34:02', 1, NULL);
INSERT INTO RESERVATION_ORDER (ID_Reservation, ID_Table, ArrivalTime, NumberOfPeople, Notes) VALUES (40, NULL, '16:04:44', 6, NULL);
INSERT INTO RESERVATION_ORDER (ID_Reservation, ID_Table, ArrivalTime, NumberOfPeople, Notes) VALUES (1, 346, '15:14:55', 8, NULL);
INSERT INTO RESERVATION_ORDER (ID_Reservation, ID_Table, ArrivalTime, NumberOfPeople, Notes) VALUES (2, 358, '09:42:31', 2, NULL);
INSERT INTO RESERVATION_ORDER (ID_Reservation, ID_Table, ArrivalTime, NumberOfPeople, Notes) VALUES (3, 350, '02:21:30', 1, NULL);
INSERT INTO RESERVATION_ORDER (ID_Reservation, ID_Table, ArrivalTime, NumberOfPeople, Notes) VALUES (4, 353, '02:17:16', 1, NULL);
INSERT INTO RESERVATION_ORDER (ID_Reservation, ID_Table, ArrivalTime, NumberOfPeople, Notes) VALUES (5, 339, '08:26:38', 7, NULL);
INSERT INTO RESERVATION_ORDER (ID_Reservation, ID_Table, ArrivalTime, NumberOfPeople, Notes) VALUES (6, 339, '01:42:44', 3, NULL);
INSERT INTO RESERVATION_ORDER (ID_Reservation, ID_Table, ArrivalTime, NumberOfPeople, Notes) VALUES (7, 349, '08:24:40', 2, NULL);
INSERT INTO RESERVATION_ORDER (ID_Reservation, ID_Table, ArrivalTime, NumberOfPeople, Notes) VALUES (8, 344, '08:30:00', 6, NULL);
INSERT INTO RESERVATION_ORDER (ID_Reservation, ID_Table, ArrivalTime, NumberOfPeople, Notes) VALUES (9, 343, '23:23:26', 8, NULL);
INSERT INTO RESERVATION_ORDER (ID_Reservation, ID_Table, ArrivalTime, NumberOfPeople, Notes) VALUES (10, 345, '23:07:13', 2, NULL);
INSERT INTO RESERVATION_ORDER (ID_Reservation, ID_Table, ArrivalTime, NumberOfPeople, Notes) VALUES (11, 340, '14:04:45', 5, NULL);
INSERT INTO RESERVATION_ORDER (ID_Reservation, ID_Table, ArrivalTime, NumberOfPeople, Notes) VALUES (12, 340, '06:54:44', 7, NULL);
INSERT INTO RESERVATION_ORDER (ID_Reservation, ID_Table, ArrivalTime, NumberOfPeople, Notes) VALUES (13, 339, '23:20:47', 3, NULL);
INSERT INTO RESERVATION_ORDER (ID_Reservation, ID_Table, ArrivalTime, NumberOfPeople, Notes) VALUES (14, 350, '14:34:15', 3, NULL);
INSERT INTO RESERVATION_ORDER (ID_Reservation, ID_Table, ArrivalTime, NumberOfPeople, Notes) VALUES (15, 355, '22:44:46', 8, NULL);
INSERT INTO RESERVATION_ORDER (ID_Reservation, ID_Table, ArrivalTime, NumberOfPeople, Notes) VALUES (16, 337, '13:42:11', 4, NULL);
INSERT INTO RESERVATION_ORDER (ID_Reservation, ID_Table, ArrivalTime, NumberOfPeople, Notes) VALUES (17, 342, '21:28:51', 4, NULL);
INSERT INTO RESERVATION_ORDER (ID_Reservation, ID_Table, ArrivalTime, NumberOfPeople, Notes) VALUES (18, 343, '17:38:50', 3, NULL);
INSERT INTO RESERVATION_ORDER (ID_Reservation, ID_Table, ArrivalTime, NumberOfPeople, Notes) VALUES (19, 347, '01:15:21', 5, NULL);
INSERT INTO RESERVATION_ORDER (ID_Reservation, ID_Table, ArrivalTime, NumberOfPeople, Notes) VALUES (20, 339, '08:01:07', 4, NULL);
INSERT INTO RESERVATION_ORDER (ID_Reservation, ID_Table, ArrivalTime, NumberOfPeople, Notes) VALUES (21, 347, '15:53:51', 6, NULL);
INSERT INTO RESERVATION_ORDER (ID_Reservation, ID_Table, ArrivalTime, NumberOfPeople, Notes) VALUES (22, 338, '20:51:13', 6, NULL);
INSERT INTO RESERVATION_ORDER (ID_Reservation, ID_Table, ArrivalTime, NumberOfPeople, Notes) VALUES (23, 355, '20:45:20', 5, NULL);
INSERT INTO RESERVATION_ORDER (ID_Reservation, ID_Table, ArrivalTime, NumberOfPeople, Notes) VALUES (24, 338, '03:56:48', 5, NULL);
INSERT INTO RESERVATION_ORDER (ID_Reservation, ID_Table, ArrivalTime, NumberOfPeople, Notes) VALUES (25, 346, '08:59:28', 6, NULL);
INSERT INTO RESERVATION_ORDER (ID_Reservation, ID_Table, ArrivalTime, NumberOfPeople, Notes) VALUES (26, 339, '21:25:53', 4, NULL);
INSERT INTO RESERVATION_ORDER (ID_Reservation, ID_Table, ArrivalTime, NumberOfPeople, Notes) VALUES (27, 350, '13:51:49', 6, NULL);
INSERT INTO RESERVATION_ORDER (ID_Reservation, ID_Table, ArrivalTime, NumberOfPeople, Notes) VALUES (28, 346, '19:13:21', 3, NULL);
INSERT INTO RESERVATION_ORDER (ID_Reservation, ID_Table, ArrivalTime, NumberOfPeople, Notes) VALUES (29, 351, '08:57:33', 4, NULL);
INSERT INTO RESERVATION_ORDER (ID_Reservation, ID_Table, ArrivalTime, NumberOfPeople, Notes) VALUES (30, 338, '08:32:51', 4, NULL);
INSERT INTO RESERVATION_ORDER (ID_Reservation, ID_Table, ArrivalTime, NumberOfPeople, Notes) VALUES (31, 352, '05:50:49', 6, NULL);
INSERT INTO RESERVATION_ORDER (ID_Reservation, ID_Table, ArrivalTime, NumberOfPeople, Notes) VALUES (32, NULL, '07:31:42', 4, NULL);
INSERT INTO RESERVATION_ORDER (ID_Reservation, ID_Table, ArrivalTime, NumberOfPeople, Notes) VALUES (33, NULL, '21:07:05', 6, NULL);
INSERT INTO RESERVATION_ORDER (ID_Reservation, ID_Table, ArrivalTime, NumberOfPeople, Notes) VALUES (34, NULL, '02:37:32', 7, NULL);
INSERT INTO RESERVATION_ORDER (ID_Reservation, ID_Table, ArrivalTime, NumberOfPeople, Notes) VALUES (35, NULL, '12:46:02', 3, NULL);
INSERT INTO RESERVATION_ORDER (ID_Reservation, ID_Table, ArrivalTime, NumberOfPeople, Notes) VALUES (36, NULL, '13:42:37', 5, NULL);
INSERT INTO RESERVATION_ORDER (ID_Reservation, ID_Table, ArrivalTime, NumberOfPeople, Notes) VALUES (37, NULL, '23:54:35', 6, NULL);
INSERT INTO RESERVATION_ORDER (ID_Reservation, ID_Table, ArrivalTime, NumberOfPeople, Notes) VALUES (38, NULL, '19:38:38', 7, NULL);
INSERT INTO RESERVATION_ORDER (ID_Reservation, ID_Table, ArrivalTime, NumberOfPeople, Notes) VALUES (39, NULL, '04:05:58', 1, NULL);
INSERT INTO RESERVATION_ORDER (ID_Reservation, ID_Table, ArrivalTime, NumberOfPeople, Notes) VALUES (40, NULL, '03:52:04', 2, NULL);
